resid,question_id,scale,original_response,final_response,validated,action_taken,reverse_coded
cbd15356-4ff6-44a5-95e2-edc318f17e23,enjoy_student,likert5,3,3,True,validated,0
cbd15356-4ff6-44a5-95e2-edc318f17e23,enjoy_learning,freq5,4,4,True,validated,0
cbd15356-4ff6-44a5-95e2-edc318f17e23,see_smart,likert5,4,4,True,validated,0
cbd15356-4ff6-44a5-95e2-edc318f17e23,studying_happy,freq5,3,3,True,validated,0
cbd15356-4ff6-44a5-95e2-edc318f17e23,describe_clever,likert5,4,4,True,validated,0
cbd15356-4ff6-44a5-95e2-edc318f17e23,calm_pressure,freq5,3,3,True,validated,0
cbd15356-4ff6-44a5-95e2-edc318f17e23,recover_setbacks,likert5,4,4,True,validated,0
cbd15356-4ff6-44a5-95e2-edc318f17e23,rarely_overwhelmed,freq5,2,2,True,validated,0
cbd15356-4ff6-44a5-95e2-edc318f17e23,handle_stress,likert5,3,3,True,validated,0
cbd15356-4ff6-44a5-95e2-edc318f17e23,emotionally_balanced,freq5,3,3,True,validated,0
cbd15356-4ff6-44a5-95e2-edc318f17e23,no_fear_speech,likert5,5,5,True,validated,0
cbd15356-4ff6-44a5-95e2-edc318f17e23,relaxed_speech,freq5,4,4,True,validated,0
cbd15356-4ff6-44a5-95e2-edc318f17e23,confident_speech,likert5,5,5,True,validated,0
cbd15356-4ff6-44a5-95e2-edc318f17e23,natural_leader,freq5,3,3,True,validated,0
cbd15356-4ff6-44a5-95e2-edc318f17e23,forget_speech,likert5,4,4,True,validated,0
cbd15356-4ff6-44a5-95e2-edc318f17e23,confused_speech,freq5,3,3,True,validated,0
961d12d6-1974-4ce7-ad7d-a94f27e08b1a,enjoy_student,likert5,4,4,True,validated,0
961d12d6-1974-4ce7-ad7d-a94f27e08b1a,enjoy_learning,freq5,4,4,True,validated,0
961d12d6-1974-4ce7-ad7d-a94f27e08b1a,see_smart,likert5,4,4,True,validated,0
961d12d6-1974-4ce7-ad7d-a94f27e08b1a,studying_happy,freq5,3,3,True,validated,0
961d12d6-1974-4ce7-ad7d-a94f27e08b1a,describe_clever,likert5,5,5,True,validated,0
961d12d6-1974-4ce7-ad7d-a94f27e08b1a,calm_pressure,freq5,3,3,True,validated,0
961d12d6-1974-4ce7-ad7d-a94f27e08b1a,recover_setbacks,likert5,2,2,True,validated,0
961d12d6-1974-4ce7-ad7d-a94f27e08b1a,rarely_overwhelmed,freq5,3,3,True,validated,0
961d12d6-1974-4ce7-ad7d-a94f27e08b1a,handle_stress,likert5,2,2,True,validated,0
961d12d6-1974-4ce7-ad7d-a94f27e08b1a,emotionally_balanced,freq5,3,3,True,validated,0
961d12d6-1974-4ce7-ad7d-a94f27e08b1a,no_fear_speech,likert5,2,2,True,validated,0
961d12d6-1974-4ce7-ad7d-a94f27e08b1a,relaxed_speech,freq5,3,3,True,validated,0
961d12d6-1974-4ce7-ad7d-a94f27e08b1a,confident_speech,likert5,2,2,True,validated,0
961d12d6-1974-4ce7-ad7d-a94f27e08b1a,natural_leader,freq5,3,3,True,validated,0
961d12d6-1974-4ce7-ad7d-a94f27e08b1a,forget_speech,likert5,4,4,True,validated,0
961d12d6-1974-4ce7-ad7d-a94f27e08b1a,confused_speech,freq5,3,3,True,validated,0
5fa49791-3bf0-4999-8f64-8a0b2cdfbc7d,enjoy_student,likert5,3,3,True,validated,0
5fa49791-3bf0-4999-8f64-8a0b2cdfbc7d,enjoy_learning,freq5,3,3,True,validated,0
5fa49791-3bf0-4999-8f64-8a0b2cdfbc7d,see_smart,likert5,3,3,True,validated,0
5fa49791-3bf0-4999-8f64-8a0b2cdfbc7d,studying_happy,freq5,3,3,True,validated,0
5fa49791-3bf0-4999-8f64-8a0b2cdfbc7d,describe_clever,likert5,3,3,True,validated,0
5fa49791-3bf0-4999-8f64-8a0b2cdfbc7d,calm_pressure,freq5,3,3,True,validated,0
5fa49791-3bf0-4999-8f64-8a0b2cdfbc7d,recover_setbacks,likert5,3,3,True,validated,0
5fa49791-3bf0-4999-8f64-8a0b2cdfbc7d,rarely_overwhelmed,freq5,3,3,True,validated,0
5fa49791-3bf0-4999-8f64-8a0b2cdfbc7d,handle_stress,likert5,3,3,True,validated,0
5fa49791-3bf0-4999-8f64-8a0b2cdfbc7d,emotionally_balanced,freq5,1,1,True,validated,0
5fa49791-3bf0-4999-8f64-8a0b2cdfbc7d,no_fear_speech,likert5,4,4,True,validated,0
5fa49791-3bf0-4999-8f64-8a0b2cdfbc7d,relaxed_speech,freq5,3,3,True,validated,0
5fa49791-3bf0-4999-8f64-8a0b2cdfbc7d,confident_speech,likert5,3,3,True,validated,0
5fa49791-3bf0-4999-8f64-8a0b2cdfbc7d,natural_leader,freq5,3,3,True,validated,0
5fa49791-3bf0-4999-8f64-8a0b2cdfbc7d,forget_speech,likert5,4,4,True,validated,0
5fa49791-3bf0-4999-8f64-8a0b2cdfbc7d,confused_speech,freq5,3,3,True,validated,0
700fe36f-1db4-4042-947c-1f9bcae1c8b9,enjoy_student,likert5,3,3,True,validated,0
700fe36f-1db4-4042-947c-1f9bcae1c8b9,enjoy_learning,freq5,4,4,True,validated,0
700fe36f-1db4-4042-947c-1f9bcae1c8b9,see_smart,likert5,3,3,True,validated,0
700fe36f-1db4-4042-947c-1f9bcae1c8b9,studying_happy,freq5,3,3,True,validated,0
700fe36f-1db4-4042-947c-1f9bcae1c8b9,describe_clever,likert5,4,4,True,validated,0
700fe36f-1db4-4042-947c-1f9bcae1c8b9,calm_pressure,freq5,3,3,True,validated,0
700fe36f-1db4-4042-947c-1f9bcae1c8b9,recover_setbacks,likert5,4,4,True,validated,0
700fe36f-1db4-4042-947c-1f9bcae1c8b9,rarely_overwhelmed,freq5,2,2,True,validated,0
700fe36f-1db4-4042-947c-1f9bcae1c8b9,handle_stress,likert5,3,3,True,validated,0
700fe36f-1db4-4042-947c-1f9bcae1c8b9,emotionally_balanced,freq5,3,3,True,validated,0
700fe36f-1db4-4042-947c-1f9bcae1c8b9,no_fear_speech,likert5,3,3,True,validated,0
700fe36f-1db4-4042-947c-1f9bcae1c8b9,relaxed_speech,freq5,3,3,True,validated,0
700fe36f-1db4-4042-947c-1f9bcae1c8b9,confident_speech,likert5,3,3,True,validated,0
700fe36f-1db4-4042-947c-1f9bcae1c8b9,natural_leader,freq5,3,3,True,validated,0
700fe36f-1db4-4042-947c-1f9bcae1c8b9,forget_speech,likert5,3,3,True,validated,0
700fe36f-1db4-4042-947c-1f9bcae1c8b9,confused_speech,freq5,3,3,True,validated,0
75222270-b7ac-4e8d-9468-75875169199c,enjoy_student,likert5,3,3,True,validated,0
75222270-b7ac-4e8d-9468-75875169199c,enjoy_learning,freq5,3,3,True,validated,0
75222270-b7ac-4e8d-9468-75875169199c,see_smart,likert5,2,2,True,validated,0
75222270-b7ac-4e8d-9468-75875169199c,studying_happy,freq5,2,2,True,validated,0
75222270-b7ac-4e8d-9468-75875169199c,describe_clever,likert5,3,3,True,validated,0
75222270-b7ac-4e8d-9468-75875169199c,calm_pressure,freq5,3,3,True,validated,0
75222270-b7ac-4e8d-9468-75875169199c,recover_setbacks,likert5,3,3,True,validated,0
75222270-b7ac-4e8d-9468-75875169199c,rarely_overwhelmed,freq5,3,3,True,validated,0
75222270-b7ac-4e8d-9468-75875169199c,handle_stress,likert5,1,1,True,validated,0
75222270-b7ac-4e8d-9468-75875169199c,emotionally_balanced,freq5,3,3,True,validated,0
75222270-b7ac-4e8d-9468-75875169199c,no_fear_speech,likert5,1,1,True,validated,0
75222270-b7ac-4e8d-9468-75875169199c,relaxed_speech,freq5,2,2,True,validated,0
75222270-b7ac-4e8d-9468-75875169199c,confident_speech,likert5,1,1,True,validated,0
75222270-b7ac-4e8d-9468-75875169199c,natural_leader,freq5,2,2,True,validated,0
75222270-b7ac-4e8d-9468-75875169199c,forget_speech,likert5,3,3,True,validated,0
75222270-b7ac-4e8d-9468-75875169199c,confused_speech,freq5,3,3,True,validated,0
094a1d07-fabb-4226-9a85-9ea2a33a6f98,enjoy_student,likert5,5,5,True,validated,0
094a1d07-fabb-4226-9a85-9ea2a33a6f98,enjoy_learning,freq5,5,5,True,validated,0
094a1d07-fabb-4226-9a85-9ea2a33a6f98,see_smart,likert5,5,5,True,validated,0
094a1d07-fabb-4226-9a85-9ea2a33a6f98,studying_happy,freq5,3,3,True,validated,0
094a1d07-fabb-4226-9a85-9ea2a33a6f98,describe_clever,likert5,5,5,True,validated,0
094a1d07-fabb-4226-9a85-9ea2a33a6f98,calm_pressure,freq5,5,5,True,validated,0
094a1d07-fabb-4226-9a85-9ea2a33a6f98,recover_setbacks,likert5,5,5,True,validated,0
094a1d07-fabb-4226-9a85-9ea2a33a6f98,rarely_overwhelmed,freq5,2,2,True,validated,0
094a1d07-fabb-4226-9a85-9ea2a33a6f98,handle_stress,likert5,4,4,True,validated,0
094a1d07-fabb-4226-9a85-9ea2a33a6f98,emotionally_balanced,freq5,3,3,True,validated,0
094a1d07-fabb-4226-9a85-9ea2a33a6f98,no_fear_speech,likert5,5,5,True,validated,0
094a1d07-fabb-4226-9a85-9ea2a33a6f98,relaxed_speech,freq5,4,4,True,validated,0
094a1d07-fabb-4226-9a85-9ea2a33a6f98,confident_speech,likert5,5,5,True,validated,0
094a1d07-fabb-4226-9a85-9ea2a33a6f98,natural_leader,freq5,4,4,True,validated,0
094a1d07-fabb-4226-9a85-9ea2a33a6f98,forget_speech,likert5,4,4,True,validated,0
094a1d07-fabb-4226-9a85-9ea2a33a6f98,confused_speech,freq5,2,2,True,validated,0
db072c4f-ab4d-45a4-b146-48b89c9452a9,enjoy_student,likert5,4,4,True,validated,0
db072c4f-ab4d-45a4-b146-48b89c9452a9,enjoy_learning,freq5,4,4,True,validated,0
db072c4f-ab4d-45a4-b146-48b89c9452a9,see_smart,likert5,5,5,True,validated,0
db072c4f-ab4d-45a4-b146-48b89c9452a9,studying_happy,freq5,4,4,True,validated,0
db072c4f-ab4d-45a4-b146-48b89c9452a9,describe_clever,likert5,5,5,True,validated,0
db072c4f-ab4d-45a4-b146-48b89c9452a9,calm_pressure,freq5,5,5,True,validated,0
db072c4f-ab4d-45a4-b146-48b89c9452a9,recover_setbacks,likert5,5,5,True,validated,0
db072c4f-ab4d-45a4-b146-48b89c9452a9,rarely_overwhelmed,freq5,2,2,True,validated,0
db072c4f-ab4d-45a4-b146-48b89c9452a9,handle_stress,likert5,5,5,True,validated,0
db072c4f-ab4d-45a4-b146-48b89c9452a9,emotionally_balanced,freq5,5,5,True,validated,0
db072c4f-ab4d-45a4-b146-48b89c9452a9,no_fear_speech,likert5,5,5,True,validated,0
db072c4f-ab4d-45a4-b146-48b89c9452a9,relaxed_speech,freq5,4,4,True,validated,0
db072c4f-ab4d-45a4-b146-48b89c9452a9,confident_speech,likert5,5,5,True,validated,0
db072c4f-ab4d-45a4-b146-48b89c9452a9,natural_leader,freq5,4,4,True,validated,0
db072c4f-ab4d-45a4-b146-48b89c9452a9,forget_speech,likert5,2,2,True,validated,0
db072c4f-ab4d-45a4-b146-48b89c9452a9,confused_speech,freq5,2,2,True,validated,0
bdaf21e8-0279-4a55-8af0-cee65c593b68,enjoy_student,likert5,3,3,True,validated,0
bdaf21e8-0279-4a55-8af0-cee65c593b68,enjoy_learning,freq5,4,4,True,validated,0
bdaf21e8-0279-4a55-8af0-cee65c593b68,see_smart,likert5,4,4,True,validated,0
bdaf21e8-0279-4a55-8af0-cee65c593b68,studying_happy,freq5,3,3,True,validated,0
bdaf21e8-0279-4a55-8af0-cee65c593b68,describe_clever,likert5,3,3,True,validated,0
bdaf21e8-0279-4a55-8af0-cee65c593b68,calm_pressure,freq5,3,3,True,validated,0
bdaf21e8-0279-4a55-8af0-cee65c593b68,recover_setbacks,likert5,4,4,True,validated,0
bdaf21e8-0279-4a55-8af0-cee65c593b68,rarely_overwhelmed,freq5,2,2,True,validated,0
bdaf21e8-0279-4a55-8af0-cee65c593b68,handle_stress,likert5,3,3,True,validated,0
bdaf21e8-0279-4a55-8af0-cee65c593b68,emotionally_balanced,freq5,3,3,True,validated,0
bdaf21e8-0279-4a55-8af0-cee65c593b68,no_fear_speech,likert5,3,3,True,validated,0
bdaf21e8-0279-4a55-8af0-cee65c593b68,relaxed_speech,freq5,3,3,True,validated,0
bdaf21e8-0279-4a55-8af0-cee65c593b68,confident_speech,likert5,3,3,True,validated,0
bdaf21e8-0279-4a55-8af0-cee65c593b68,natural_leader,freq5,3,3,True,validated,0
bdaf21e8-0279-4a55-8af0-cee65c593b68,forget_speech,likert5,4,4,True,validated,0
bdaf21e8-0279-4a55-8af0-cee65c593b68,confused_speech,freq5,3,3,True,validated,0
f207dcb8-1e51-4ecb-861a-3d0d453ef0f1,enjoy_student,likert5,3,3,True,validated,0
f207dcb8-1e51-4ecb-861a-3d0d453ef0f1,enjoy_learning,freq5,3,3,True,validated,0
f207dcb8-1e51-4ecb-861a-3d0d453ef0f1,see_smart,likert5,3,3,True,validated,0
f207dcb8-1e51-4ecb-861a-3d0d453ef0f1,studying_happy,freq5,3,3,True,validated,0
f207dcb8-1e51-4ecb-861a-3d0d453ef0f1,describe_clever,likert5,4,4,True,validated,0
f207dcb8-1e51-4ecb-861a-3d0d453ef0f1,calm_pressure,freq5,3,3,True,validated,0
f207dcb8-1e51-4ecb-861a-3d0d453ef0f1,recover_setbacks,likert5,3,3,True,validated,0
f207dcb8-1e51-4ecb-861a-3d0d453ef0f1,rarely_overwhelmed,freq5,3,3,True,validated,0
f207dcb8-1e51-4ecb-861a-3d0d453ef0f1,handle_stress,likert5,2,2,True,validated,0
f207dcb8-1e51-4ecb-861a-3d0d453ef0f1,emotionally_balanced,freq5,2,2,True,validated,0
f207dcb8-1e51-4ecb-861a-3d0d453ef0f1,no_fear_speech,likert5,4,4,True,validated,0
f207dcb8-1e51-4ecb-861a-3d0d453ef0f1,relaxed_speech,freq5,3,3,True,validated,0
f207dcb8-1e51-4ecb-861a-3d0d453ef0f1,confident_speech,likert5,5,5,True,validated,0
f207dcb8-1e51-4ecb-861a-3d0d453ef0f1,natural_leader,freq5,2,2,True,validated,0
f207dcb8-1e51-4ecb-861a-3d0d453ef0f1,forget_speech,likert5,3,3,True,validated,0
f207dcb8-1e51-4ecb-861a-3d0d453ef0f1,confused_speech,freq5,3,3,True,validated,0
deb906c9-2f13-42f4-811d-ae540f682beb,enjoy_student,likert5,3,3,True,validated,0
deb906c9-2f13-42f4-811d-ae540f682beb,enjoy_learning,freq5,4,4,True,validated,0
deb906c9-2f13-42f4-811d-ae540f682beb,see_smart,likert5,3,3,True,validated,0
deb906c9-2f13-42f4-811d-ae540f682beb,studying_happy,freq5,3,3,True,validated,0
deb906c9-2f13-42f4-811d-ae540f682beb,describe_clever,likert5,3,3,True,validated,0
deb906c9-2f13-42f4-811d-ae540f682beb,calm_pressure,freq5,3,3,True,validated,0
deb906c9-2f13-42f4-811d-ae540f682beb,recover_setbacks,likert5,3,3,True,validated,0
deb906c9-2f13-42f4-811d-ae540f682beb,rarely_overwhelmed,freq5,3,3,True,validated,0
deb906c9-2f13-42f4-811d-ae540f682beb,handle_stress,likert5,1,1,True,validated,0
deb906c9-2f13-42f4-811d-ae540f682beb,emotionally_balanced,freq5,3,3,True,validated,0
deb906c9-2f13-42f4-811d-ae540f682beb,no_fear_speech,likert5,2,2,True,validated,0
deb906c9-2f13-42f4-811d-ae540f682beb,relaxed_speech,freq5,2,2,True,validated,0
deb906c9-2f13-42f4-811d-ae540f682beb,confident_speech,likert5,2,2,True,validated,0
deb906c9-2f13-42f4-811d-ae540f682beb,natural_leader,freq5,3,3,True,validated,0
deb906c9-2f13-42f4-811d-ae540f682beb,forget_speech,likert5,4,4,True,validated,0
deb906c9-2f13-42f4-811d-ae540f682beb,confused_speech,freq5,3,3,True,validated,0
a1b9792e-e915-423c-9415-cac6a1defc98,enjoy_student,likert5,5,5,True,validated,0
a1b9792e-e915-423c-9415-cac6a1defc98,enjoy_learning,freq5,5,5,True,validated,0
a1b9792e-e915-423c-9415-cac6a1defc98,see_smart,likert5,5,5,True,validated,0
a1b9792e-e915-423c-9415-cac6a1defc98,studying_happy,freq5,5,5,True,validated,0
a1b9792e-e915-423c-9415-cac6a1defc98,describe_clever,likert5,5,5,True,validated,0
a1b9792e-e915-423c-9415-cac6a1defc98,calm_pressure,freq5,5,5,True,validated,0
a1b9792e-e915-423c-9415-cac6a1defc98,recover_setbacks,likert5,4,4,True,validated,0
a1b9792e-e915-423c-9415-cac6a1defc98,rarely_overwhelmed,freq5,2,2,True,validated,0
a1b9792e-e915-423c-9415-cac6a1defc98,handle_stress,likert5,5,5,True,validated,0
a1b9792e-e915-423c-9415-cac6a1defc98,emotionally_balanced,freq5,5,5,True,validated,0
a1b9792e-e915-423c-9415-cac6a1defc98,no_fear_speech,likert5,5,5,True,validated,0
a1b9792e-e915-423c-9415-cac6a1defc98,relaxed_speech,freq5,5,5,True,validated,0
a1b9792e-e915-423c-9415-cac6a1defc98,confident_speech,likert5,5,5,True,validated,0
a1b9792e-e915-423c-9415-cac6a1defc98,natural_leader,freq5,3,3,True,validated,0
a1b9792e-e915-423c-9415-cac6a1defc98,forget_speech,likert5,4,4,True,validated,0
a1b9792e-e915-423c-9415-cac6a1defc98,confused_speech,freq5,3,3,True,validated,0
68ecfe84-4656-465a-b66e-170e8c7651ba,enjoy_student,likert5,3,3,True,validated,0
68ecfe84-4656-465a-b66e-170e8c7651ba,enjoy_learning,freq5,3,3,True,validated,0
68ecfe84-4656-465a-b66e-170e8c7651ba,see_smart,likert5,3,3,True,validated,0
68ecfe84-4656-465a-b66e-170e8c7651ba,studying_happy,freq5,3,3,True,validated,0
68ecfe84-4656-465a-b66e-170e8c7651ba,describe_clever,likert5,3,3,True,validated,0
68ecfe84-4656-465a-b66e-170e8c7651ba,calm_pressure,freq5,3,3,True,validated,0
68ecfe84-4656-465a-b66e-170e8c7651ba,recover_setbacks,likert5,2,2,True,validated,0
68ecfe84-4656-465a-b66e-170e8c7651ba,rarely_overwhelmed,freq5,3,3,True,validated,0
68ecfe84-4656-465a-b66e-170e8c7651ba,handle_stress,likert5,2,2,True,validated,0
68ecfe84-4656-465a-b66e-170e8c7651ba,emotionally_balanced,freq5,3,3,True,validated,0
68ecfe84-4656-465a-b66e-170e8c7651ba,no_fear_speech,likert5,2,2,True,validated,0
68ecfe84-4656-465a-b66e-170e8c7651ba,relaxed_speech,freq5,1,1,True,validated,0
68ecfe84-4656-465a-b66e-170e8c7651ba,confident_speech,likert5,1,1,True,validated,0
68ecfe84-4656-465a-b66e-170e8c7651ba,natural_leader,freq5,2,2,True,validated,0
68ecfe84-4656-465a-b66e-170e8c7651ba,forget_speech,likert5,4,4,True,validated,0
68ecfe84-4656-465a-b66e-170e8c7651ba,confused_speech,freq5,3,3,True,validated,0
a5d1bc53-bfec-4094-9196-1cfc8aadd78b,enjoy_student,likert5,4,4,True,validated,0
a5d1bc53-bfec-4094-9196-1cfc8aadd78b,enjoy_learning,freq5,4,4,True,validated,0
a5d1bc53-bfec-4094-9196-1cfc8aadd78b,see_smart,likert5,4,4,True,validated,0
a5d1bc53-bfec-4094-9196-1cfc8aadd78b,studying_happy,freq5,3,3,True,validated,0
a5d1bc53-bfec-4094-9196-1cfc8aadd78b,describe_clever,likert5,5,5,True,validated,0
a5d1bc53-bfec-4094-9196-1cfc8aadd78b,calm_pressure,freq5,5,5,True,validated,0
a5d1bc53-bfec-4094-9196-1cfc8aadd78b,recover_setbacks,likert5,4,4,True,validated,0
a5d1bc53-bfec-4094-9196-1cfc8aadd78b,rarely_overwhelmed,freq5,2,2,True,validated,0
a5d1bc53-bfec-4094-9196-1cfc8aadd78b,handle_stress,likert5,4,4,True,validated,0
a5d1bc53-bfec-4094-9196-1cfc8aadd78b,emotionally_balanced,freq5,5,5,True,validated,0
a5d1bc53-bfec-4094-9196-1cfc8aadd78b,no_fear_speech,likert5,5,5,True,validated,0
a5d1bc53-bfec-4094-9196-1cfc8aadd78b,relaxed_speech,freq5,4,4,True,validated,0
a5d1bc53-bfec-4094-9196-1cfc8aadd78b,confident_speech,likert5,5,5,True,validated,0
a5d1bc53-bfec-4094-9196-1cfc8aadd78b,natural_leader,freq5,3,3,True,validated,0
a5d1bc53-bfec-4094-9196-1cfc8aadd78b,forget_speech,likert5,1,1,True,validated,0
a5d1bc53-bfec-4094-9196-1cfc8aadd78b,confused_speech,freq5,3,3,True,validated,0
af5cee08-da0c-4dff-bbea-894186a466c4,enjoy_student,likert5,4,4,True,validated,0
af5cee08-da0c-4dff-bbea-894186a466c4,enjoy_learning,freq5,4,4,True,validated,0
af5cee08-da0c-4dff-bbea-894186a466c4,see_smart,likert5,4,4,True,validated,0
af5cee08-da0c-4dff-bbea-894186a466c4,studying_happy,freq5,4,4,True,validated,0
af5cee08-da0c-4dff-bbea-894186a466c4,describe_clever,likert5,4,4,True,validated,0
af5cee08-da0c-4dff-bbea-894186a466c4,calm_pressure,freq5,4,4,True,validated,0
af5cee08-da0c-4dff-bbea-894186a466c4,recover_setbacks,likert5,4,4,True,validated,0
af5cee08-da0c-4dff-bbea-894186a466c4,rarely_overwhelmed,freq5,2,2,True,validated,0
af5cee08-da0c-4dff-bbea-894186a466c4,handle_stress,likert5,4,4,True,validated,0
af5cee08-da0c-4dff-bbea-894186a466c4,emotionally_balanced,freq5,5,5,True,validated,0
af5cee08-da0c-4dff-bbea-894186a466c4,no_fear_speech,likert5,4,4,True,validated,0
af5cee08-da0c-4dff-bbea-894186a466c4,relaxed_speech,freq5,4,4,True,validated,0
af5cee08-da0c-4dff-bbea-894186a466c4,confident_speech,likert5,3,3,True,validated,0
af5cee08-da0c-4dff-bbea-894186a466c4,natural_leader,freq5,3,3,True,validated,0
af5cee08-da0c-4dff-bbea-894186a466c4,forget_speech,likert5,3,3,True,validated,0
af5cee08-da0c-4dff-bbea-894186a466c4,confused_speech,freq5,3,3,True,validated,0
e5104853-caa7-4e66-950c-672d9776e278,enjoy_student,likert5,5,5,True,validated,0
e5104853-caa7-4e66-950c-672d9776e278,enjoy_learning,freq5,5,5,True,validated,0
e5104853-caa7-4e66-950c-672d9776e278,see_smart,likert5,5,5,True,validated,0
e5104853-caa7-4e66-950c-672d9776e278,studying_happy,freq5,4,4,True,validated,0
e5104853-caa7-4e66-950c-672d9776e278,describe_clever,likert5,5,5,True,validated,0
e5104853-caa7-4e66-950c-672d9776e278,calm_pressure,freq5,4,4,True,validated,0
e5104853-caa7-4e66-950c-672d9776e278,recover_setbacks,likert5,4,4,True,validated,0
e5104853-caa7-4e66-950c-672d9776e278,rarely_overwhelmed,freq5,3,3,True,validated,0
e5104853-caa7-4e66-950c-672d9776e278,handle_stress,likert5,3,3,True,validated,0
e5104853-caa7-4e66-950c-672d9776e278,emotionally_balanced,freq5,3,3,True,validated,0
e5104853-caa7-4e66-950c-672d9776e278,no_fear_speech,likert5,5,5,True,validated,0
e5104853-caa7-4e66-950c-672d9776e278,relaxed_speech,freq5,3,3,True,validated,0
e5104853-caa7-4e66-950c-672d9776e278,confident_speech,likert5,5,5,True,validated,0
e5104853-caa7-4e66-950c-672d9776e278,natural_leader,freq5,4,4,True,validated,0
e5104853-caa7-4e66-950c-672d9776e278,forget_speech,likert5,3,3,True,validated,0
e5104853-caa7-4e66-950c-672d9776e278,confused_speech,freq5,3,3,True,validated,0
547d765b-a09c-40ad-92f4-531299291a88,enjoy_student,likert5,3,3,True,validated,0
547d765b-a09c-40ad-92f4-531299291a88,enjoy_learning,freq5,4,4,True,validated,0
547d765b-a09c-40ad-92f4-531299291a88,see_smart,likert5,4,4,True,validated,0
547d765b-a09c-40ad-92f4-531299291a88,studying_happy,freq5,3,3,True,validated,0
547d765b-a09c-40ad-92f4-531299291a88,describe_clever,likert5,3,3,True,validated,0
547d765b-a09c-40ad-92f4-531299291a88,calm_pressure,freq5,3,3,True,validated,0
547d765b-a09c-40ad-92f4-531299291a88,recover_setbacks,likert5,4,4,True,validated,0
547d765b-a09c-40ad-92f4-531299291a88,rarely_overwhelmed,freq5,2,2,True,validated,0
547d765b-a09c-40ad-92f4-531299291a88,handle_stress,likert5,4,4,True,validated,0
547d765b-a09c-40ad-92f4-531299291a88,emotionally_balanced,freq5,3,3,True,validated,0
547d765b-a09c-40ad-92f4-531299291a88,no_fear_speech,likert5,4,4,True,validated,0
547d765b-a09c-40ad-92f4-531299291a88,relaxed_speech,freq5,3,3,True,validated,0
547d765b-a09c-40ad-92f4-531299291a88,confident_speech,likert5,4,4,True,validated,0
547d765b-a09c-40ad-92f4-531299291a88,natural_leader,freq5,3,3,True,validated,0
547d765b-a09c-40ad-92f4-531299291a88,forget_speech,likert5,3,3,True,validated,0
547d765b-a09c-40ad-92f4-531299291a88,confused_speech,freq5,3,3,True,validated,0
66fa0adf-f517-45fb-b712-72a43295e529,enjoy_student,likert5,5,5,True,validated,0
66fa0adf-f517-45fb-b712-72a43295e529,enjoy_learning,freq5,5,5,True,validated,0
66fa0adf-f517-45fb-b712-72a43295e529,see_smart,likert5,5,5,True,validated,0
66fa0adf-f517-45fb-b712-72a43295e529,studying_happy,freq5,4,4,True,validated,0
66fa0adf-f517-45fb-b712-72a43295e529,describe_clever,likert5,5,5,True,validated,0
66fa0adf-f517-45fb-b712-72a43295e529,calm_pressure,freq5,4,4,True,validated,0
66fa0adf-f517-45fb-b712-72a43295e529,recover_setbacks,likert5,5,5,True,validated,0
66fa0adf-f517-45fb-b712-72a43295e529,rarely_overwhelmed,freq5,2,2,True,validated,0
66fa0adf-f517-45fb-b712-72a43295e529,handle_stress,likert5,4,4,True,validated,0
66fa0adf-f517-45fb-b712-72a43295e529,emotionally_balanced,freq5,4,4,True,validated,0
66fa0adf-f517-45fb-b712-72a43295e529,no_fear_speech,likert5,2,2,True,validated,0
66fa0adf-f517-45fb-b712-72a43295e529,relaxed_speech,freq5,3,3,True,validated,0
66fa0adf-f517-45fb-b712-72a43295e529,confident_speech,likert5,3,3,True,validated,0
66fa0adf-f517-45fb-b712-72a43295e529,natural_leader,freq5,4,4,True,validated,0
66fa0adf-f517-45fb-b712-72a43295e529,forget_speech,likert5,3,3,True,validated,0
66fa0adf-f517-45fb-b712-72a43295e529,confused_speech,freq5,3,3,True,validated,0
a213ab47-6a65-483b-b857-d63d42fcad97,enjoy_student,likert5,5,5,True,validated,0
a213ab47-6a65-483b-b857-d63d42fcad97,enjoy_learning,freq5,4,4,True,validated,0
a213ab47-6a65-483b-b857-d63d42fcad97,see_smart,likert5,5,5,True,validated,0
a213ab47-6a65-483b-b857-d63d42fcad97,studying_happy,freq5,4,4,True,validated,0
a213ab47-6a65-483b-b857-d63d42fcad97,describe_clever,likert5,5,5,True,validated,0
a213ab47-6a65-483b-b857-d63d42fcad97,calm_pressure,freq5,5,5,True,validated,0
a213ab47-6a65-483b-b857-d63d42fcad97,recover_setbacks,likert5,5,5,True,validated,0
a213ab47-6a65-483b-b857-d63d42fcad97,rarely_overwhelmed,freq5,2,2,True,validated,0
a213ab47-6a65-483b-b857-d63d42fcad97,handle_stress,likert5,5,5,True,validated,0
a213ab47-6a65-483b-b857-d63d42fcad97,emotionally_balanced,freq5,4,4,True,validated,0
a213ab47-6a65-483b-b857-d63d42fcad97,no_fear_speech,likert5,5,5,True,validated,0
a213ab47-6a65-483b-b857-d63d42fcad97,relaxed_speech,freq5,4,4,True,validated,0
a213ab47-6a65-483b-b857-d63d42fcad97,confident_speech,likert5,5,5,True,validated,0
a213ab47-6a65-483b-b857-d63d42fcad97,natural_leader,freq5,4,4,True,validated,0
a213ab47-6a65-483b-b857-d63d42fcad97,forget_speech,likert5,1,1,True,validated,0
a213ab47-6a65-483b-b857-d63d42fcad97,confused_speech,freq5,1,1,True,validated,0
2f9a68f3-55a6-4a4e-ba97-2e079003b6c8,enjoy_student,likert5,4,4,True,validated,0
2f9a68f3-55a6-4a4e-ba97-2e079003b6c8,enjoy_learning,freq5,4,4,True,validated,0
2f9a68f3-55a6-4a4e-ba97-2e079003b6c8,see_smart,likert5,4,4,True,validated,0
2f9a68f3-55a6-4a4e-ba97-2e079003b6c8,studying_happy,freq5,3,3,True,validated,0
2f9a68f3-55a6-4a4e-ba97-2e079003b6c8,describe_clever,likert5,5,5,True,validated,0
2f9a68f3-55a6-4a4e-ba97-2e079003b6c8,calm_pressure,freq5,3,3,True,validated,0
2f9a68f3-55a6-4a4e-ba97-2e079003b6c8,recover_setbacks,likert5,4,4,True,validated,0
2f9a68f3-55a6-4a4e-ba97-2e079003b6c8,rarely_overwhelmed,freq5,3,3,True,validated,0
2f9a68f3-55a6-4a4e-ba97-2e079003b6c8,handle_stress,likert5,2,2,True,validated,0
2f9a68f3-55a6-4a4e-ba97-2e079003b6c8,emotionally_balanced,freq5,3,3,True,validated,0
2f9a68f3-55a6-4a4e-ba97-2e079003b6c8,no_fear_speech,likert5,2,2,True,validated,0
2f9a68f3-55a6-4a4e-ba97-2e079003b6c8,relaxed_speech,freq5,2,2,True,validated,0
2f9a68f3-55a6-4a4e-ba97-2e079003b6c8,confident_speech,likert5,3,3,True,validated,0
2f9a68f3-55a6-4a4e-ba97-2e079003b6c8,natural_leader,freq5,3,3,True,validated,0
2f9a68f3-55a6-4a4e-ba97-2e079003b6c8,forget_speech,likert5,3,3,True,validated,0
2f9a68f3-55a6-4a4e-ba97-2e079003b6c8,confused_speech,freq5,3,3,True,validated,0
33cdd815-6aec-4257-afbc-1e2175a38d57,enjoy_student,likert5,3,3,True,validated,0
33cdd815-6aec-4257-afbc-1e2175a38d57,enjoy_learning,freq5,4,4,True,validated,0
33cdd815-6aec-4257-afbc-1e2175a38d57,see_smart,likert5,3,3,True,validated,0
33cdd815-6aec-4257-afbc-1e2175a38d57,studying_happy,freq5,3,3,True,validated,0
33cdd815-6aec-4257-afbc-1e2175a38d57,describe_clever,likert5,4,4,True,validated,0
33cdd815-6aec-4257-afbc-1e2175a38d57,calm_pressure,freq5,3,3,True,validated,0
33cdd815-6aec-4257-afbc-1e2175a38d57,recover_setbacks,likert5,4,4,True,validated,0
33cdd815-6aec-4257-afbc-1e2175a38d57,rarely_overwhelmed,freq5,3,3,True,validated,0
33cdd815-6aec-4257-afbc-1e2175a38d57,handle_stress,likert5,3,3,True,validated,0
33cdd815-6aec-4257-afbc-1e2175a38d57,emotionally_balanced,freq5,3,3,True,validated,0
33cdd815-6aec-4257-afbc-1e2175a38d57,no_fear_speech,likert5,1,1,True,validated,0
33cdd815-6aec-4257-afbc-1e2175a38d57,relaxed_speech,freq5,2,2,True,validated,0
33cdd815-6aec-4257-afbc-1e2175a38d57,confident_speech,likert5,2,2,True,validated,0
33cdd815-6aec-4257-afbc-1e2175a38d57,natural_leader,freq5,1,1,True,validated,0
33cdd815-6aec-4257-afbc-1e2175a38d57,forget_speech,likert5,4,4,True,validated,0
33cdd815-6aec-4257-afbc-1e2175a38d57,confused_speech,freq5,3,3,True,validated,0
d92d9da8-9173-42f2-9ea0-8bf5d8423839,enjoy_student,likert5,3,3,True,validated,0
d92d9da8-9173-42f2-9ea0-8bf5d8423839,enjoy_learning,freq5,4,4,True,validated,0
d92d9da8-9173-42f2-9ea0-8bf5d8423839,see_smart,likert5,5,5,True,validated,0
d92d9da8-9173-42f2-9ea0-8bf5d8423839,studying_happy,freq5,3,3,True,validated,0
d92d9da8-9173-42f2-9ea0-8bf5d8423839,describe_clever,likert5,4,4,True,validated,0
d92d9da8-9173-42f2-9ea0-8bf5d8423839,calm_pressure,freq5,3,3,True,validated,0
d92d9da8-9173-42f2-9ea0-8bf5d8423839,recover_setbacks,likert5,3,3,True,validated,0
d92d9da8-9173-42f2-9ea0-8bf5d8423839,rarely_overwhelmed,freq5,4,4,True,validated,0
d92d9da8-9173-42f2-9ea0-8bf5d8423839,handle_stress,likert5,3,3,True,validated,0
d92d9da8-9173-42f2-9ea0-8bf5d8423839,emotionally_balanced,freq5,3,3,True,validated,0
d92d9da8-9173-42f2-9ea0-8bf5d8423839,no_fear_speech,likert5,2,2,True,validated,0
d92d9da8-9173-42f2-9ea0-8bf5d8423839,relaxed_speech,freq5,1,1,True,validated,0
d92d9da8-9173-42f2-9ea0-8bf5d8423839,confident_speech,likert5,2,2,True,validated,0
d92d9da8-9173-42f2-9ea0-8bf5d8423839,natural_leader,freq5,3,3,True,validated,0
d92d9da8-9173-42f2-9ea0-8bf5d8423839,forget_speech,likert5,4,4,True,validated,0
d92d9da8-9173-42f2-9ea0-8bf5d8423839,confused_speech,freq5,3,3,True,validated,0
7415ec6c-0cb3-41c8-a73a-37d5531a373f,enjoy_student,likert5,4,4,True,validated,0
7415ec6c-0cb3-41c8-a73a-37d5531a373f,enjoy_learning,freq5,4,4,True,validated,0
7415ec6c-0cb3-41c8-a73a-37d5531a373f,see_smart,likert5,5,5,True,validated,0
7415ec6c-0cb3-41c8-a73a-37d5531a373f,studying_happy,freq5,4,4,True,validated,0
7415ec6c-0cb3-41c8-a73a-37d5531a373f,describe_clever,likert5,4,4,True,validated,0
7415ec6c-0cb3-41c8-a73a-37d5531a373f,calm_pressure,freq5,4,4,True,validated,0
7415ec6c-0cb3-41c8-a73a-37d5531a373f,recover_setbacks,likert5,5,5,True,validated,0
7415ec6c-0cb3-41c8-a73a-37d5531a373f,rarely_overwhelmed,freq5,2,2,True,validated,0
7415ec6c-0cb3-41c8-a73a-37d5531a373f,handle_stress,likert5,4,4,True,validated,0
7415ec6c-0cb3-41c8-a73a-37d5531a373f,emotionally_balanced,freq5,3,3,True,validated,0
7415ec6c-0cb3-41c8-a73a-37d5531a373f,no_fear_speech,likert5,2,2,True,validated,0
7415ec6c-0cb3-41c8-a73a-37d5531a373f,relaxed_speech,freq5,3,3,True,validated,0
7415ec6c-0cb3-41c8-a73a-37d5531a373f,confident_speech,likert5,3,3,True,validated,0
7415ec6c-0cb3-41c8-a73a-37d5531a373f,natural_leader,freq5,2,2,True,validated,0
7415ec6c-0cb3-41c8-a73a-37d5531a373f,forget_speech,likert5,3,3,True,validated,0
7415ec6c-0cb3-41c8-a73a-37d5531a373f,confused_speech,freq5,3,3,True,validated,0
e12ae534-e4c5-453d-9065-f4839ecd3930,enjoy_student,likert5,3,3,True,validated,0
e12ae534-e4c5-453d-9065-f4839ecd3930,enjoy_learning,freq5,4,4,True,validated,0
e12ae534-e4c5-453d-9065-f4839ecd3930,see_smart,likert5,5,5,True,validated,0
e12ae534-e4c5-453d-9065-f4839ecd3930,studying_happy,freq5,3,3,True,validated,0
e12ae534-e4c5-453d-9065-f4839ecd3930,describe_clever,likert5,5,5,True,validated,0
e12ae534-e4c5-453d-9065-f4839ecd3930,calm_pressure,freq5,4,4,True,validated,0
e12ae534-e4c5-453d-9065-f4839ecd3930,recover_setbacks,likert5,4,4,True,validated,0
e12ae534-e4c5-453d-9065-f4839ecd3930,rarely_overwhelmed,freq5,3,3,True,validated,0
e12ae534-e4c5-453d-9065-f4839ecd3930,handle_stress,likert5,3,3,True,validated,0
e12ae534-e4c5-453d-9065-f4839ecd3930,emotionally_balanced,freq5,3,3,True,validated,0
e12ae534-e4c5-453d-9065-f4839ecd3930,no_fear_speech,likert5,5,5,True,validated,0
e12ae534-e4c5-453d-9065-f4839ecd3930,relaxed_speech,freq5,3,3,True,validated,0
e12ae534-e4c5-453d-9065-f4839ecd3930,confident_speech,likert5,5,5,True,validated,0
e12ae534-e4c5-453d-9065-f4839ecd3930,natural_leader,freq5,4,4,True,validated,0
e12ae534-e4c5-453d-9065-f4839ecd3930,forget_speech,likert5,4,4,True,validated,0
e12ae534-e4c5-453d-9065-f4839ecd3930,confused_speech,freq5,3,3,True,validated,0
04a72042-b1a1-46f9-bb93-a08a391ff5be,enjoy_student,likert5,3,3,True,validated,0
04a72042-b1a1-46f9-bb93-a08a391ff5be,enjoy_learning,freq5,5,5,True,validated,0
04a72042-b1a1-46f9-bb93-a08a391ff5be,see_smart,likert5,4,4,True,validated,0
04a72042-b1a1-46f9-bb93-a08a391ff5be,studying_happy,freq5,3,3,True,validated,0
04a72042-b1a1-46f9-bb93-a08a391ff5be,describe_clever,likert5,4,4,True,validated,0
04a72042-b1a1-46f9-bb93-a08a391ff5be,calm_pressure,freq5,3,3,True,validated,0
04a72042-b1a1-46f9-bb93-a08a391ff5be,recover_setbacks,likert5,4,4,True,validated,0
04a72042-b1a1-46f9-bb93-a08a391ff5be,rarely_overwhelmed,freq5,3,3,True,validated,0
04a72042-b1a1-46f9-bb93-a08a391ff5be,handle_stress,likert5,2,2,True,validated,0
04a72042-b1a1-46f9-bb93-a08a391ff5be,emotionally_balanced,freq5,3,3,True,validated,0
04a72042-b1a1-46f9-bb93-a08a391ff5be,no_fear_speech,likert5,2,2,True,validated,0
04a72042-b1a1-46f9-bb93-a08a391ff5be,relaxed_speech,freq5,3,3,True,validated,0
04a72042-b1a1-46f9-bb93-a08a391ff5be,confident_speech,likert5,3,3,True,validated,0
04a72042-b1a1-46f9-bb93-a08a391ff5be,natural_leader,freq5,3,3,True,validated,0
04a72042-b1a1-46f9-bb93-a08a391ff5be,forget_speech,likert5,4,4,True,validated,0
04a72042-b1a1-46f9-bb93-a08a391ff5be,confused_speech,freq5,4,4,True,validated,0
2753c16e-4b5d-4127-a35f-bbf37eea7566,enjoy_student,likert5,4,4,True,validated,0
2753c16e-4b5d-4127-a35f-bbf37eea7566,enjoy_learning,freq5,4,4,True,validated,0
2753c16e-4b5d-4127-a35f-bbf37eea7566,see_smart,likert5,5,5,True,validated,0
2753c16e-4b5d-4127-a35f-bbf37eea7566,studying_happy,freq5,3,3,True,validated,0
2753c16e-4b5d-4127-a35f-bbf37eea7566,describe_clever,likert5,5,5,True,validated,0
2753c16e-4b5d-4127-a35f-bbf37eea7566,calm_pressure,freq5,3,3,True,validated,0
2753c16e-4b5d-4127-a35f-bbf37eea7566,recover_setbacks,likert5,4,4,True,validated,0
2753c16e-4b5d-4127-a35f-bbf37eea7566,rarely_overwhelmed,freq5,3,3,True,validated,0
2753c16e-4b5d-4127-a35f-bbf37eea7566,handle_stress,likert5,1,1,True,validated,0
2753c16e-4b5d-4127-a35f-bbf37eea7566,emotionally_balanced,freq5,3,3,True,validated,0
2753c16e-4b5d-4127-a35f-bbf37eea7566,no_fear_speech,likert5,1,1,True,validated,0
2753c16e-4b5d-4127-a35f-bbf37eea7566,relaxed_speech,freq5,3,3,True,validated,0
2753c16e-4b5d-4127-a35f-bbf37eea7566,confident_speech,likert5,2,2,True,validated,0
2753c16e-4b5d-4127-a35f-bbf37eea7566,natural_leader,freq5,3,3,True,validated,0
2753c16e-4b5d-4127-a35f-bbf37eea7566,forget_speech,likert5,4,4,True,validated,0
2753c16e-4b5d-4127-a35f-bbf37eea7566,confused_speech,freq5,3,3,True,validated,0
875715a9-6fde-429b-a852-c515dcf09947,enjoy_student,likert5,3,3,True,validated,0
875715a9-6fde-429b-a852-c515dcf09947,enjoy_learning,freq5,4,4,True,validated,0
875715a9-6fde-429b-a852-c515dcf09947,see_smart,likert5,4,4,True,validated,0
875715a9-6fde-429b-a852-c515dcf09947,studying_happy,freq5,3,3,True,validated,0
875715a9-6fde-429b-a852-c515dcf09947,describe_clever,likert5,4,4,True,validated,0
875715a9-6fde-429b-a852-c515dcf09947,calm_pressure,freq5,3,3,True,validated,0
875715a9-6fde-429b-a852-c515dcf09947,recover_setbacks,likert5,3,3,True,validated,0
875715a9-6fde-429b-a852-c515dcf09947,rarely_overwhelmed,freq5,3,3,True,validated,0
875715a9-6fde-429b-a852-c515dcf09947,handle_stress,likert5,2,2,True,validated,0
875715a9-6fde-429b-a852-c515dcf09947,emotionally_balanced,freq5,3,3,True,validated,0
875715a9-6fde-429b-a852-c515dcf09947,no_fear_speech,likert5,2,2,True,validated,0
875715a9-6fde-429b-a852-c515dcf09947,relaxed_speech,freq5,3,3,True,validated,0
875715a9-6fde-429b-a852-c515dcf09947,confident_speech,likert5,3,3,True,validated,0
875715a9-6fde-429b-a852-c515dcf09947,natural_leader,freq5,3,3,True,validated,0
875715a9-6fde-429b-a852-c515dcf09947,forget_speech,likert5,4,4,True,validated,0
875715a9-6fde-429b-a852-c515dcf09947,confused_speech,freq5,3,3,True,validated,0
8a76b33a-7b4a-4b3b-96d1-3da424ecb9ec,enjoy_student,likert5,3,3,True,validated,0
8a76b33a-7b4a-4b3b-96d1-3da424ecb9ec,enjoy_learning,freq5,4,4,True,validated,0
8a76b33a-7b4a-4b3b-96d1-3da424ecb9ec,see_smart,likert5,4,4,True,validated,0
8a76b33a-7b4a-4b3b-96d1-3da424ecb9ec,studying_happy,freq5,3,3,True,validated,0
8a76b33a-7b4a-4b3b-96d1-3da424ecb9ec,describe_clever,likert5,3,3,True,validated,0
8a76b33a-7b4a-4b3b-96d1-3da424ecb9ec,calm_pressure,freq5,3,3,True,validated,0
8a76b33a-7b4a-4b3b-96d1-3da424ecb9ec,recover_setbacks,likert5,4,4,True,validated,0
8a76b33a-7b4a-4b3b-96d1-3da424ecb9ec,rarely_overwhelmed,freq5,2,2,True,validated,0
8a76b33a-7b4a-4b3b-96d1-3da424ecb9ec,handle_stress,likert5,1,1,True,validated,0
8a76b33a-7b4a-4b3b-96d1-3da424ecb9ec,emotionally_balanced,freq5,3,3,True,validated,0
8a76b33a-7b4a-4b3b-96d1-3da424ecb9ec,no_fear_speech,likert5,2,2,True,validated,0
8a76b33a-7b4a-4b3b-96d1-3da424ecb9ec,relaxed_speech,freq5,3,3,True,validated,0
8a76b33a-7b4a-4b3b-96d1-3da424ecb9ec,confident_speech,likert5,3,3,True,validated,0
8a76b33a-7b4a-4b3b-96d1-3da424ecb9ec,natural_leader,freq5,2,2,True,validated,0
8a76b33a-7b4a-4b3b-96d1-3da424ecb9ec,forget_speech,likert5,4,4,True,validated,0
8a76b33a-7b4a-4b3b-96d1-3da424ecb9ec,confused_speech,freq5,3,3,True,validated,0
a7b772f2-6290-47d8-84a9-599bf97b358b,enjoy_student,likert5,1,1,True,validated,0
a7b772f2-6290-47d8-84a9-599bf97b358b,enjoy_learning,freq5,2,2,True,validated,0
a7b772f2-6290-47d8-84a9-599bf97b358b,see_smart,likert5,3,3,True,validated,0
a7b772f2-6290-47d8-84a9-599bf97b358b,studying_happy,freq5,2,2,True,validated,0
a7b772f2-6290-47d8-84a9-599bf97b358b,describe_clever,likert5,3,3,True,validated,0
a7b772f2-6290-47d8-84a9-599bf97b358b,calm_pressure,freq5,3,3,True,validated,0
a7b772f2-6290-47d8-84a9-599bf97b358b,recover_setbacks,likert5,2,2,True,validated,0
a7b772f2-6290-47d8-84a9-599bf97b358b,rarely_overwhelmed,freq5,4,4,True,validated,0
a7b772f2-6290-47d8-84a9-599bf97b358b,handle_stress,likert5,1,1,True,validated,0
a7b772f2-6290-47d8-84a9-599bf97b358b,emotionally_balanced,freq5,1,1,True,validated,0
a7b772f2-6290-47d8-84a9-599bf97b358b,no_fear_speech,likert5,2,2,True,validated,0
a7b772f2-6290-47d8-84a9-599bf97b358b,relaxed_speech,freq5,1,1,True,validated,0
a7b772f2-6290-47d8-84a9-599bf97b358b,confident_speech,likert5,2,2,True,validated,0
a7b772f2-6290-47d8-84a9-599bf97b358b,natural_leader,freq5,3,3,True,validated,0
a7b772f2-6290-47d8-84a9-599bf97b358b,forget_speech,likert5,4,4,True,validated,0
a7b772f2-6290-47d8-84a9-599bf97b358b,confused_speech,freq5,3,3,True,validated,0
ecf92e3e-535d-4e3d-85ea-a94816919601,enjoy_student,likert5,5,5,True,validated,0
ecf92e3e-535d-4e3d-85ea-a94816919601,enjoy_learning,freq5,5,5,True,validated,0
ecf92e3e-535d-4e3d-85ea-a94816919601,see_smart,likert5,5,5,True,validated,0
ecf92e3e-535d-4e3d-85ea-a94816919601,studying_happy,freq5,4,4,True,validated,0
ecf92e3e-535d-4e3d-85ea-a94816919601,describe_clever,likert5,5,5,True,validated,0
ecf92e3e-535d-4e3d-85ea-a94816919601,calm_pressure,freq5,4,4,True,validated,0
ecf92e3e-535d-4e3d-85ea-a94816919601,recover_setbacks,likert5,5,5,True,validated,0
ecf92e3e-535d-4e3d-85ea-a94816919601,rarely_overwhelmed,freq5,2,2,True,validated,0
ecf92e3e-535d-4e3d-85ea-a94816919601,handle_stress,likert5,4,4,True,validated,0
ecf92e3e-535d-4e3d-85ea-a94816919601,emotionally_balanced,freq5,3,3,True,validated,0
ecf92e3e-535d-4e3d-85ea-a94816919601,no_fear_speech,likert5,4,4,True,validated,0
ecf92e3e-535d-4e3d-85ea-a94816919601,relaxed_speech,freq5,3,3,True,validated,0
ecf92e3e-535d-4e3d-85ea-a94816919601,confident_speech,likert5,4,4,True,validated,0
ecf92e3e-535d-4e3d-85ea-a94816919601,natural_leader,freq5,4,4,True,validated,0
ecf92e3e-535d-4e3d-85ea-a94816919601,forget_speech,likert5,2,2,True,validated,0
ecf92e3e-535d-4e3d-85ea-a94816919601,confused_speech,freq5,3,3,True,validated,0
910d80bd-e870-4864-af6f-04b5427349af,enjoy_student,likert5,5,5,True,validated,0
910d80bd-e870-4864-af6f-04b5427349af,enjoy_learning,freq5,4,4,True,validated,0
910d80bd-e870-4864-af6f-04b5427349af,see_smart,likert5,5,5,True,validated,0
910d80bd-e870-4864-af6f-04b5427349af,studying_happy,freq5,3,3,True,validated,0
910d80bd-e870-4864-af6f-04b5427349af,describe_clever,likert5,5,5,True,validated,0
910d80bd-e870-4864-af6f-04b5427349af,calm_pressure,freq5,5,5,True,validated,0
910d80bd-e870-4864-af6f-04b5427349af,recover_setbacks,likert5,5,5,True,validated,0
910d80bd-e870-4864-af6f-04b5427349af,rarely_overwhelmed,freq5,2,2,True,validated,0
910d80bd-e870-4864-af6f-04b5427349af,handle_stress,likert5,5,5,True,validated,0
910d80bd-e870-4864-af6f-04b5427349af,emotionally_balanced,freq5,3,3,True,validated,0
910d80bd-e870-4864-af6f-04b5427349af,no_fear_speech,likert5,2,2,True,validated,0
910d80bd-e870-4864-af6f-04b5427349af,relaxed_speech,freq5,1,1,True,validated,0
910d80bd-e870-4864-af6f-04b5427349af,confident_speech,likert5,3,3,True,validated,0
910d80bd-e870-4864-af6f-04b5427349af,natural_leader,freq5,4,4,True,validated,0
910d80bd-e870-4864-af6f-04b5427349af,forget_speech,likert5,2,2,True,validated,0
910d80bd-e870-4864-af6f-04b5427349af,confused_speech,freq5,3,3,True,validated,0
f1f31c5e-8636-4d7e-8475-cd1ab7cd8f88,enjoy_student,likert5,3,3,True,validated,0
f1f31c5e-8636-4d7e-8475-cd1ab7cd8f88,enjoy_learning,freq5,3,3,True,validated,0
f1f31c5e-8636-4d7e-8475-cd1ab7cd8f88,see_smart,likert5,2,2,True,validated,0
f1f31c5e-8636-4d7e-8475-cd1ab7cd8f88,studying_happy,freq5,3,3,True,validated,0
f1f31c5e-8636-4d7e-8475-cd1ab7cd8f88,describe_clever,likert5,3,3,True,validated,0
f1f31c5e-8636-4d7e-8475-cd1ab7cd8f88,calm_pressure,freq5,3,3,True,validated,0
f1f31c5e-8636-4d7e-8475-cd1ab7cd8f88,recover_setbacks,likert5,2,2,True,validated,0
f1f31c5e-8636-4d7e-8475-cd1ab7cd8f88,rarely_overwhelmed,freq5,4,4,True,validated,0
f1f31c5e-8636-4d7e-8475-cd1ab7cd8f88,handle_stress,likert5,2,2,True,validated,0
f1f31c5e-8636-4d7e-8475-cd1ab7cd8f88,emotionally_balanced,freq5,3,3,True,validated,0
f1f31c5e-8636-4d7e-8475-cd1ab7cd8f88,no_fear_speech,likert5,1,1,True,validated,0
f1f31c5e-8636-4d7e-8475-cd1ab7cd8f88,relaxed_speech,freq5,2,2,True,validated,0
f1f31c5e-8636-4d7e-8475-cd1ab7cd8f88,confident_speech,likert5,1,1,True,validated,0
f1f31c5e-8636-4d7e-8475-cd1ab7cd8f88,natural_leader,freq5,3,3,True,validated,0
f1f31c5e-8636-4d7e-8475-cd1ab7cd8f88,forget_speech,likert5,4,4,True,validated,0
f1f31c5e-8636-4d7e-8475-cd1ab7cd8f88,confused_speech,freq5,3,3,True,validated,0
81386e18-b80c-44f7-8dfb-2b95b9e1a00d,enjoy_student,likert5,5,5,True,validated,0
81386e18-b80c-44f7-8dfb-2b95b9e1a00d,enjoy_learning,freq5,5,5,True,validated,0
81386e18-b80c-44f7-8dfb-2b95b9e1a00d,see_smart,likert5,5,5,True,validated,0
81386e18-b80c-44f7-8dfb-2b95b9e1a00d,studying_happy,freq5,3,3,True,validated,0
81386e18-b80c-44f7-8dfb-2b95b9e1a00d,describe_clever,likert5,5,5,True,validated,0
81386e18-b80c-44f7-8dfb-2b95b9e1a00d,calm_pressure,freq5,3,3,True,validated,0
81386e18-b80c-44f7-8dfb-2b95b9e1a00d,recover_setbacks,likert5,4,4,True,validated,0
81386e18-b80c-44f7-8dfb-2b95b9e1a00d,rarely_overwhelmed,freq5,3,3,True,validated,0
81386e18-b80c-44f7-8dfb-2b95b9e1a00d,handle_stress,likert5,3,3,True,validated,0
81386e18-b80c-44f7-8dfb-2b95b9e1a00d,emotionally_balanced,freq5,3,3,True,validated,0
81386e18-b80c-44f7-8dfb-2b95b9e1a00d,no_fear_speech,likert5,5,5,True,validated,0
81386e18-b80c-44f7-8dfb-2b95b9e1a00d,relaxed_speech,freq5,4,4,True,validated,0
81386e18-b80c-44f7-8dfb-2b95b9e1a00d,confident_speech,likert5,5,5,True,validated,0
81386e18-b80c-44f7-8dfb-2b95b9e1a00d,natural_leader,freq5,4,4,True,validated,0
81386e18-b80c-44f7-8dfb-2b95b9e1a00d,forget_speech,likert5,4,4,True,validated,0
81386e18-b80c-44f7-8dfb-2b95b9e1a00d,confused_speech,freq5,3,3,True,validated,0
d11ef159-ce87-49a5-9459-7fe647ded2a6,enjoy_student,likert5,3,3,True,validated,0
d11ef159-ce87-49a5-9459-7fe647ded2a6,enjoy_learning,freq5,3,3,True,validated,0
d11ef159-ce87-49a5-9459-7fe647ded2a6,see_smart,likert5,3,3,True,validated,0
d11ef159-ce87-49a5-9459-7fe647ded2a6,studying_happy,freq5,3,3,True,validated,0
d11ef159-ce87-49a5-9459-7fe647ded2a6,describe_clever,likert5,3,3,True,validated,0
d11ef159-ce87-49a5-9459-7fe647ded2a6,calm_pressure,freq5,3,3,True,validated,0
d11ef159-ce87-49a5-9459-7fe647ded2a6,recover_setbacks,likert5,5,5,True,validated,0
d11ef159-ce87-49a5-9459-7fe647ded2a6,rarely_overwhelmed,freq5,2,2,True,validated,0
d11ef159-ce87-49a5-9459-7fe647ded2a6,handle_stress,likert5,3,3,True,validated,0
d11ef159-ce87-49a5-9459-7fe647ded2a6,emotionally_balanced,freq5,2,2,True,validated,0
d11ef159-ce87-49a5-9459-7fe647ded2a6,no_fear_speech,likert5,2,2,True,validated,0
d11ef159-ce87-49a5-9459-7fe647ded2a6,relaxed_speech,freq5,2,2,True,validated,0
d11ef159-ce87-49a5-9459-7fe647ded2a6,confident_speech,likert5,2,2,True,validated,0
d11ef159-ce87-49a5-9459-7fe647ded2a6,natural_leader,freq5,3,3,True,validated,0
d11ef159-ce87-49a5-9459-7fe647ded2a6,forget_speech,likert5,3,3,True,validated,0
d11ef159-ce87-49a5-9459-7fe647ded2a6,confused_speech,freq5,3,3,True,validated,0
7dea82a1-0984-4053-bb20-db1af7b44f4e,enjoy_student,likert5,3,3,True,validated,0
7dea82a1-0984-4053-bb20-db1af7b44f4e,enjoy_learning,freq5,4,4,True,validated,0
7dea82a1-0984-4053-bb20-db1af7b44f4e,see_smart,likert5,4,4,True,validated,0
7dea82a1-0984-4053-bb20-db1af7b44f4e,studying_happy,freq5,3,3,True,validated,0
7dea82a1-0984-4053-bb20-db1af7b44f4e,describe_clever,likert5,4,4,True,validated,0
7dea82a1-0984-4053-bb20-db1af7b44f4e,calm_pressure,freq5,3,3,True,validated,0
7dea82a1-0984-4053-bb20-db1af7b44f4e,recover_setbacks,likert5,3,3,True,validated,0
7dea82a1-0984-4053-bb20-db1af7b44f4e,rarely_overwhelmed,freq5,2,2,True,validated,0
7dea82a1-0984-4053-bb20-db1af7b44f4e,handle_stress,likert5,3,3,True,validated,0
7dea82a1-0984-4053-bb20-db1af7b44f4e,emotionally_balanced,freq5,3,3,True,validated,0
7dea82a1-0984-4053-bb20-db1af7b44f4e,no_fear_speech,likert5,3,3,True,validated,0
7dea82a1-0984-4053-bb20-db1af7b44f4e,relaxed_speech,freq5,3,3,True,validated,0
7dea82a1-0984-4053-bb20-db1af7b44f4e,confident_speech,likert5,4,4,True,validated,0
7dea82a1-0984-4053-bb20-db1af7b44f4e,natural_leader,freq5,3,3,True,validated,0
7dea82a1-0984-4053-bb20-db1af7b44f4e,forget_speech,likert5,4,4,True,validated,0
7dea82a1-0984-4053-bb20-db1af7b44f4e,confused_speech,freq5,3,3,True,validated,0
d730ef2e-ed6b-4ea9-9b80-6e15eeaaae51,enjoy_student,likert5,3,3,True,validated,0
d730ef2e-ed6b-4ea9-9b80-6e15eeaaae51,enjoy_learning,freq5,5,5,True,validated,0
d730ef2e-ed6b-4ea9-9b80-6e15eeaaae51,see_smart,likert5,5,5,True,validated,0
d730ef2e-ed6b-4ea9-9b80-6e15eeaaae51,studying_happy,freq5,3,3,True,validated,0
d730ef2e-ed6b-4ea9-9b80-6e15eeaaae51,describe_clever,likert5,5,5,True,validated,0
d730ef2e-ed6b-4ea9-9b80-6e15eeaaae51,calm_pressure,freq5,3,3,True,validated,0
d730ef2e-ed6b-4ea9-9b80-6e15eeaaae51,recover_setbacks,likert5,3,3,True,validated,0
d730ef2e-ed6b-4ea9-9b80-6e15eeaaae51,rarely_overwhelmed,freq5,3,3,True,validated,0
d730ef2e-ed6b-4ea9-9b80-6e15eeaaae51,handle_stress,likert5,3,3,True,validated,0
d730ef2e-ed6b-4ea9-9b80-6e15eeaaae51,emotionally_balanced,freq5,3,3,True,validated,0
d730ef2e-ed6b-4ea9-9b80-6e15eeaaae51,no_fear_speech,likert5,1,1,True,validated,0
d730ef2e-ed6b-4ea9-9b80-6e15eeaaae51,relaxed_speech,freq5,2,2,True,validated,0
d730ef2e-ed6b-4ea9-9b80-6e15eeaaae51,confident_speech,likert5,2,2,True,validated,0
d730ef2e-ed6b-4ea9-9b80-6e15eeaaae51,natural_leader,freq5,3,3,True,validated,0
d730ef2e-ed6b-4ea9-9b80-6e15eeaaae51,forget_speech,likert5,3,3,True,validated,0
d730ef2e-ed6b-4ea9-9b80-6e15eeaaae51,confused_speech,freq5,3,3,True,validated,0
3b1d4cb6-cb04-4555-83e2-152a9ef7c3fb,enjoy_student,likert5,5,5,True,validated,0
3b1d4cb6-cb04-4555-83e2-152a9ef7c3fb,enjoy_learning,freq5,4,4,True,validated,0
3b1d4cb6-cb04-4555-83e2-152a9ef7c3fb,see_smart,likert5,5,5,True,validated,0
3b1d4cb6-cb04-4555-83e2-152a9ef7c3fb,studying_happy,freq5,4,4,True,validated,0
3b1d4cb6-cb04-4555-83e2-152a9ef7c3fb,describe_clever,likert5,5,5,True,validated,0
3b1d4cb6-cb04-4555-83e2-152a9ef7c3fb,calm_pressure,freq5,4,4,True,validated,0
3b1d4cb6-cb04-4555-83e2-152a9ef7c3fb,recover_setbacks,likert5,5,5,True,validated,0
3b1d4cb6-cb04-4555-83e2-152a9ef7c3fb,rarely_overwhelmed,freq5,2,2,True,validated,0
3b1d4cb6-cb04-4555-83e2-152a9ef7c3fb,handle_stress,likert5,4,4,True,validated,0
3b1d4cb6-cb04-4555-83e2-152a9ef7c3fb,emotionally_balanced,freq5,3,3,True,validated,0
3b1d4cb6-cb04-4555-83e2-152a9ef7c3fb,no_fear_speech,likert5,4,4,True,validated,0
3b1d4cb6-cb04-4555-83e2-152a9ef7c3fb,relaxed_speech,freq5,4,4,True,validated,0
3b1d4cb6-cb04-4555-83e2-152a9ef7c3fb,confident_speech,likert5,5,5,True,validated,0
3b1d4cb6-cb04-4555-83e2-152a9ef7c3fb,natural_leader,freq5,4,4,True,validated,0
3b1d4cb6-cb04-4555-83e2-152a9ef7c3fb,forget_speech,likert5,3,3,True,validated,0
3b1d4cb6-cb04-4555-83e2-152a9ef7c3fb,confused_speech,freq5,3,3,True,validated,0
8ee1c850-d045-4090-b1c1-391ca03f6562,enjoy_student,likert5,4,4,True,validated,0
8ee1c850-d045-4090-b1c1-391ca03f6562,enjoy_learning,freq5,4,4,True,validated,0
8ee1c850-d045-4090-b1c1-391ca03f6562,see_smart,likert5,5,5,True,validated,0
8ee1c850-d045-4090-b1c1-391ca03f6562,studying_happy,freq5,3,3,True,validated,0
8ee1c850-d045-4090-b1c1-391ca03f6562,describe_clever,likert5,4,4,True,validated,0
8ee1c850-d045-4090-b1c1-391ca03f6562,calm_pressure,freq5,3,3,True,validated,0
8ee1c850-d045-4090-b1c1-391ca03f6562,recover_setbacks,likert5,3,3,True,validated,0
8ee1c850-d045-4090-b1c1-391ca03f6562,rarely_overwhelmed,freq5,3,3,True,validated,0
8ee1c850-d045-4090-b1c1-391ca03f6562,handle_stress,likert5,3,3,True,validated,0
8ee1c850-d045-4090-b1c1-391ca03f6562,emotionally_balanced,freq5,3,3,True,validated,0
8ee1c850-d045-4090-b1c1-391ca03f6562,no_fear_speech,likert5,2,2,True,validated,0
8ee1c850-d045-4090-b1c1-391ca03f6562,relaxed_speech,freq5,3,3,True,validated,0
8ee1c850-d045-4090-b1c1-391ca03f6562,confident_speech,likert5,3,3,True,validated,0
8ee1c850-d045-4090-b1c1-391ca03f6562,natural_leader,freq5,3,3,True,validated,0
8ee1c850-d045-4090-b1c1-391ca03f6562,forget_speech,likert5,4,4,True,validated,0
8ee1c850-d045-4090-b1c1-391ca03f6562,confused_speech,freq5,3,3,True,validated,0
e48ca339-ebe9-4a4f-ab17-ebc4bf396587,enjoy_student,likert5,3,3,True,validated,0
e48ca339-ebe9-4a4f-ab17-ebc4bf396587,enjoy_learning,freq5,4,4,True,validated,0
e48ca339-ebe9-4a4f-ab17-ebc4bf396587,see_smart,likert5,3,3,True,validated,0
e48ca339-ebe9-4a4f-ab17-ebc4bf396587,studying_happy,freq5,3,3,True,validated,0
e48ca339-ebe9-4a4f-ab17-ebc4bf396587,describe_clever,likert5,3,3,True,validated,0
e48ca339-ebe9-4a4f-ab17-ebc4bf396587,calm_pressure,freq5,3,3,True,validated,0
e48ca339-ebe9-4a4f-ab17-ebc4bf396587,recover_setbacks,likert5,4,4,True,validated,0
e48ca339-ebe9-4a4f-ab17-ebc4bf396587,rarely_overwhelmed,freq5,2,2,True,validated,0
e48ca339-ebe9-4a4f-ab17-ebc4bf396587,handle_stress,likert5,3,3,True,validated,0
e48ca339-ebe9-4a4f-ab17-ebc4bf396587,emotionally_balanced,freq5,3,3,True,validated,0
e48ca339-ebe9-4a4f-ab17-ebc4bf396587,no_fear_speech,likert5,4,4,True,validated,0
e48ca339-ebe9-4a4f-ab17-ebc4bf396587,relaxed_speech,freq5,3,3,True,validated,0
e48ca339-ebe9-4a4f-ab17-ebc4bf396587,confident_speech,likert5,4,4,True,validated,0
e48ca339-ebe9-4a4f-ab17-ebc4bf396587,natural_leader,freq5,3,3,True,validated,0
e48ca339-ebe9-4a4f-ab17-ebc4bf396587,forget_speech,likert5,4,4,True,validated,0
e48ca339-ebe9-4a4f-ab17-ebc4bf396587,confused_speech,freq5,3,3,True,validated,0
32315319-c68a-43c0-a53d-28c1013f1126,enjoy_student,likert5,4,4,True,validated,0
32315319-c68a-43c0-a53d-28c1013f1126,enjoy_learning,freq5,5,5,True,validated,0
32315319-c68a-43c0-a53d-28c1013f1126,see_smart,likert5,5,5,True,validated,0
32315319-c68a-43c0-a53d-28c1013f1126,studying_happy,freq5,3,3,True,validated,0
32315319-c68a-43c0-a53d-28c1013f1126,describe_clever,likert5,5,5,True,validated,0
32315319-c68a-43c0-a53d-28c1013f1126,calm_pressure,freq5,4,4,True,validated,0
32315319-c68a-43c0-a53d-28c1013f1126,recover_setbacks,likert5,5,5,True,validated,0
32315319-c68a-43c0-a53d-28c1013f1126,rarely_overwhelmed,freq5,3,3,True,validated,0
32315319-c68a-43c0-a53d-28c1013f1126,handle_stress,likert5,3,3,True,validated,0
32315319-c68a-43c0-a53d-28c1013f1126,emotionally_balanced,freq5,3,3,True,validated,0
32315319-c68a-43c0-a53d-28c1013f1126,no_fear_speech,likert5,3,3,True,validated,0
32315319-c68a-43c0-a53d-28c1013f1126,relaxed_speech,freq5,1,1,True,validated,0
32315319-c68a-43c0-a53d-28c1013f1126,confident_speech,likert5,3,3,True,validated,0
32315319-c68a-43c0-a53d-28c1013f1126,natural_leader,freq5,3,3,True,validated,0
32315319-c68a-43c0-a53d-28c1013f1126,forget_speech,likert5,4,4,True,validated,0
32315319-c68a-43c0-a53d-28c1013f1126,confused_speech,freq5,3,3,True,validated,0
70ba8a08-b69a-4e33-a74e-cc1e1fe5f941,enjoy_student,likert5,5,5,True,validated,0
70ba8a08-b69a-4e33-a74e-cc1e1fe5f941,enjoy_learning,freq5,5,5,True,validated,0
70ba8a08-b69a-4e33-a74e-cc1e1fe5f941,see_smart,likert5,5,5,True,validated,0
70ba8a08-b69a-4e33-a74e-cc1e1fe5f941,studying_happy,freq5,4,4,True,validated,0
70ba8a08-b69a-4e33-a74e-cc1e1fe5f941,describe_clever,likert5,5,5,True,validated,0
70ba8a08-b69a-4e33-a74e-cc1e1fe5f941,calm_pressure,freq5,5,5,True,validated,0
70ba8a08-b69a-4e33-a74e-cc1e1fe5f941,recover_setbacks,likert5,5,5,True,validated,0
70ba8a08-b69a-4e33-a74e-cc1e1fe5f941,rarely_overwhelmed,freq5,2,2,True,validated,0
70ba8a08-b69a-4e33-a74e-cc1e1fe5f941,handle_stress,likert5,5,5,True,validated,0
70ba8a08-b69a-4e33-a74e-cc1e1fe5f941,emotionally_balanced,freq5,5,5,True,validated,0
70ba8a08-b69a-4e33-a74e-cc1e1fe5f941,no_fear_speech,likert5,5,5,True,validated,0
70ba8a08-b69a-4e33-a74e-cc1e1fe5f941,relaxed_speech,freq5,4,4,True,validated,0
70ba8a08-b69a-4e33-a74e-cc1e1fe5f941,confident_speech,likert5,5,5,True,validated,0
70ba8a08-b69a-4e33-a74e-cc1e1fe5f941,natural_leader,freq5,4,4,True,validated,0
70ba8a08-b69a-4e33-a74e-cc1e1fe5f941,forget_speech,likert5,2,2,True,validated,0
70ba8a08-b69a-4e33-a74e-cc1e1fe5f941,confused_speech,freq5,2,2,True,validated,0
769810fe-73f1-49d3-9e58-5c96ab2daa61,enjoy_student,likert5,4,4,True,validated,0
769810fe-73f1-49d3-9e58-5c96ab2daa61,enjoy_learning,freq5,5,5,True,validated,0
769810fe-73f1-49d3-9e58-5c96ab2daa61,see_smart,likert5,5,5,True,validated,0
769810fe-73f1-49d3-9e58-5c96ab2daa61,studying_happy,freq5,3,3,True,validated,0
769810fe-73f1-49d3-9e58-5c96ab2daa61,describe_clever,likert5,5,5,True,validated,0
769810fe-73f1-49d3-9e58-5c96ab2daa61,calm_pressure,freq5,5,5,True,validated,0
769810fe-73f1-49d3-9e58-5c96ab2daa61,recover_setbacks,likert5,5,5,True,validated,0
769810fe-73f1-49d3-9e58-5c96ab2daa61,rarely_overwhelmed,freq5,2,2,True,validated,0
769810fe-73f1-49d3-9e58-5c96ab2daa61,handle_stress,likert5,4,4,True,validated,0
769810fe-73f1-49d3-9e58-5c96ab2daa61,emotionally_balanced,freq5,3,3,True,validated,0
769810fe-73f1-49d3-9e58-5c96ab2daa61,no_fear_speech,likert5,3,3,True,validated,0
769810fe-73f1-49d3-9e58-5c96ab2daa61,relaxed_speech,freq5,4,4,True,validated,0
769810fe-73f1-49d3-9e58-5c96ab2daa61,confident_speech,likert5,5,5,True,validated,0
769810fe-73f1-49d3-9e58-5c96ab2daa61,natural_leader,freq5,4,4,True,validated,0
769810fe-73f1-49d3-9e58-5c96ab2daa61,forget_speech,likert5,2,2,True,validated,0
769810fe-73f1-49d3-9e58-5c96ab2daa61,confused_speech,freq5,3,3,True,validated,0
535707e1-de26-4429-bb74-f00ceb8dde79,enjoy_student,likert5,5,5,True,validated,0
535707e1-de26-4429-bb74-f00ceb8dde79,enjoy_learning,freq5,4,4,True,validated,0
535707e1-de26-4429-bb74-f00ceb8dde79,see_smart,likert5,4,4,True,validated,0
535707e1-de26-4429-bb74-f00ceb8dde79,studying_happy,freq5,3,3,True,validated,0
535707e1-de26-4429-bb74-f00ceb8dde79,describe_clever,likert5,4,4,True,validated,0
535707e1-de26-4429-bb74-f00ceb8dde79,calm_pressure,freq5,4,4,True,validated,0
535707e1-de26-4429-bb74-f00ceb8dde79,recover_setbacks,likert5,5,5,True,validated,0
535707e1-de26-4429-bb74-f00ceb8dde79,rarely_overwhelmed,freq5,2,2,True,validated,0
535707e1-de26-4429-bb74-f00ceb8dde79,handle_stress,likert5,3,3,True,validated,0
535707e1-de26-4429-bb74-f00ceb8dde79,emotionally_balanced,freq5,3,3,True,validated,0
535707e1-de26-4429-bb74-f00ceb8dde79,no_fear_speech,likert5,1,1,True,validated,0
535707e1-de26-4429-bb74-f00ceb8dde79,relaxed_speech,freq5,3,3,True,validated,0
535707e1-de26-4429-bb74-f00ceb8dde79,confident_speech,likert5,2,2,True,validated,0
535707e1-de26-4429-bb74-f00ceb8dde79,natural_leader,freq5,3,3,True,validated,0
535707e1-de26-4429-bb74-f00ceb8dde79,forget_speech,likert5,4,4,True,validated,0
535707e1-de26-4429-bb74-f00ceb8dde79,confused_speech,freq5,3,3,True,validated,0
125184e2-4e8a-401f-8a4a-6a06a24c52f8,enjoy_student,likert5,4,4,True,validated,0
125184e2-4e8a-401f-8a4a-6a06a24c52f8,enjoy_learning,freq5,5,5,True,validated,0
125184e2-4e8a-401f-8a4a-6a06a24c52f8,see_smart,likert5,5,5,True,validated,0
125184e2-4e8a-401f-8a4a-6a06a24c52f8,studying_happy,freq5,3,3,True,validated,0
125184e2-4e8a-401f-8a4a-6a06a24c52f8,describe_clever,likert5,5,5,True,validated,0
125184e2-4e8a-401f-8a4a-6a06a24c52f8,calm_pressure,freq5,3,3,True,validated,0
125184e2-4e8a-401f-8a4a-6a06a24c52f8,recover_setbacks,likert5,4,4,True,validated,0
125184e2-4e8a-401f-8a4a-6a06a24c52f8,rarely_overwhelmed,freq5,3,3,True,validated,0
125184e2-4e8a-401f-8a4a-6a06a24c52f8,handle_stress,likert5,2,2,True,validated,0
125184e2-4e8a-401f-8a4a-6a06a24c52f8,emotionally_balanced,freq5,3,3,True,validated,0
125184e2-4e8a-401f-8a4a-6a06a24c52f8,no_fear_speech,likert5,1,1,True,validated,0
125184e2-4e8a-401f-8a4a-6a06a24c52f8,relaxed_speech,freq5,3,3,True,validated,0
125184e2-4e8a-401f-8a4a-6a06a24c52f8,confident_speech,likert5,2,2,True,validated,0
125184e2-4e8a-401f-8a4a-6a06a24c52f8,natural_leader,freq5,3,3,True,validated,0
125184e2-4e8a-401f-8a4a-6a06a24c52f8,forget_speech,likert5,3,3,True,validated,0
125184e2-4e8a-401f-8a4a-6a06a24c52f8,confused_speech,freq5,4,4,True,validated,0
fa7bf3a0-05d8-472e-a8a8-b79655f195e6,enjoy_student,likert5,4,4,True,validated,0
fa7bf3a0-05d8-472e-a8a8-b79655f195e6,enjoy_learning,freq5,4,4,True,validated,0
fa7bf3a0-05d8-472e-a8a8-b79655f195e6,see_smart,likert5,3,3,True,validated,0
fa7bf3a0-05d8-472e-a8a8-b79655f195e6,studying_happy,freq5,3,3,True,validated,0
fa7bf3a0-05d8-472e-a8a8-b79655f195e6,describe_clever,likert5,3,3,True,validated,0
fa7bf3a0-05d8-472e-a8a8-b79655f195e6,calm_pressure,freq5,3,3,True,validated,0
fa7bf3a0-05d8-472e-a8a8-b79655f195e6,recover_setbacks,likert5,4,4,True,validated,0
fa7bf3a0-05d8-472e-a8a8-b79655f195e6,rarely_overwhelmed,freq5,2,2,True,validated,0
fa7bf3a0-05d8-472e-a8a8-b79655f195e6,handle_stress,likert5,4,4,True,validated,0
fa7bf3a0-05d8-472e-a8a8-b79655f195e6,emotionally_balanced,freq5,3,3,True,validated,0
fa7bf3a0-05d8-472e-a8a8-b79655f195e6,no_fear_speech,likert5,2,2,True,validated,0
fa7bf3a0-05d8-472e-a8a8-b79655f195e6,relaxed_speech,freq5,2,2,True,validated,0
fa7bf3a0-05d8-472e-a8a8-b79655f195e6,confident_speech,likert5,2,2,True,validated,0
fa7bf3a0-05d8-472e-a8a8-b79655f195e6,natural_leader,freq5,3,3,True,validated,0
fa7bf3a0-05d8-472e-a8a8-b79655f195e6,forget_speech,likert5,4,4,True,validated,0
fa7bf3a0-05d8-472e-a8a8-b79655f195e6,confused_speech,freq5,3,3,True,validated,0
23c60c00-258e-4392-8eb5-742fe7912c80,enjoy_student,likert5,4,4,True,validated,0
23c60c00-258e-4392-8eb5-742fe7912c80,enjoy_learning,freq5,4,4,True,validated,0
23c60c00-258e-4392-8eb5-742fe7912c80,see_smart,likert5,5,5,True,validated,0
23c60c00-258e-4392-8eb5-742fe7912c80,studying_happy,freq5,4,4,True,validated,0
23c60c00-258e-4392-8eb5-742fe7912c80,describe_clever,likert5,5,5,True,validated,0
23c60c00-258e-4392-8eb5-742fe7912c80,calm_pressure,freq5,4,4,True,validated,0
23c60c00-258e-4392-8eb5-742fe7912c80,recover_setbacks,likert5,5,5,True,validated,0
23c60c00-258e-4392-8eb5-742fe7912c80,rarely_overwhelmed,freq5,2,2,True,validated,0
23c60c00-258e-4392-8eb5-742fe7912c80,handle_stress,likert5,4,4,True,validated,0
23c60c00-258e-4392-8eb5-742fe7912c80,emotionally_balanced,freq5,4,4,True,validated,0
23c60c00-258e-4392-8eb5-742fe7912c80,no_fear_speech,likert5,3,3,True,validated,0
23c60c00-258e-4392-8eb5-742fe7912c80,relaxed_speech,freq5,3,3,True,validated,0
23c60c00-258e-4392-8eb5-742fe7912c80,confident_speech,likert5,3,3,True,validated,0
23c60c00-258e-4392-8eb5-742fe7912c80,natural_leader,freq5,3,3,True,validated,0
23c60c00-258e-4392-8eb5-742fe7912c80,forget_speech,likert5,4,4,True,validated,0
23c60c00-258e-4392-8eb5-742fe7912c80,confused_speech,freq5,3,3,True,validated,0
15828989-cef3-46a5-81e8-2071b1f2cc95,enjoy_student,likert5,3,3,True,validated,0
15828989-cef3-46a5-81e8-2071b1f2cc95,enjoy_learning,freq5,4,4,True,validated,0
15828989-cef3-46a5-81e8-2071b1f2cc95,see_smart,likert5,3,3,True,validated,0
15828989-cef3-46a5-81e8-2071b1f2cc95,studying_happy,freq5,3,3,True,validated,0
15828989-cef3-46a5-81e8-2071b1f2cc95,describe_clever,likert5,2,2,True,validated,0
15828989-cef3-46a5-81e8-2071b1f2cc95,calm_pressure,freq5,3,3,True,validated,0
15828989-cef3-46a5-81e8-2071b1f2cc95,recover_setbacks,likert5,4,4,True,validated,0
15828989-cef3-46a5-81e8-2071b1f2cc95,rarely_overwhelmed,freq5,2,2,True,validated,0
15828989-cef3-46a5-81e8-2071b1f2cc95,handle_stress,likert5,2,2,True,validated,0
15828989-cef3-46a5-81e8-2071b1f2cc95,emotionally_balanced,freq5,3,3,True,validated,0
15828989-cef3-46a5-81e8-2071b1f2cc95,no_fear_speech,likert5,2,2,True,validated,0
15828989-cef3-46a5-81e8-2071b1f2cc95,relaxed_speech,freq5,2,2,True,validated,0
15828989-cef3-46a5-81e8-2071b1f2cc95,confident_speech,likert5,2,2,True,validated,0
15828989-cef3-46a5-81e8-2071b1f2cc95,natural_leader,freq5,3,3,True,validated,0
15828989-cef3-46a5-81e8-2071b1f2cc95,forget_speech,likert5,4,4,True,validated,0
15828989-cef3-46a5-81e8-2071b1f2cc95,confused_speech,freq5,4,4,True,validated,0
a2f02997-cbbb-4b96-ac9e-bc2fbbd033e4,enjoy_student,likert5,4,4,True,validated,0
a2f02997-cbbb-4b96-ac9e-bc2fbbd033e4,enjoy_learning,freq5,5,5,True,validated,0
a2f02997-cbbb-4b96-ac9e-bc2fbbd033e4,see_smart,likert5,4,4,True,validated,0
a2f02997-cbbb-4b96-ac9e-bc2fbbd033e4,studying_happy,freq5,3,3,True,validated,0
a2f02997-cbbb-4b96-ac9e-bc2fbbd033e4,describe_clever,likert5,5,5,True,validated,0
a2f02997-cbbb-4b96-ac9e-bc2fbbd033e4,calm_pressure,freq5,3,3,True,validated,0
a2f02997-cbbb-4b96-ac9e-bc2fbbd033e4,recover_setbacks,likert5,4,4,True,validated,0
a2f02997-cbbb-4b96-ac9e-bc2fbbd033e4,rarely_overwhelmed,freq5,3,3,True,validated,0
a2f02997-cbbb-4b96-ac9e-bc2fbbd033e4,handle_stress,likert5,4,4,True,validated,0
a2f02997-cbbb-4b96-ac9e-bc2fbbd033e4,emotionally_balanced,freq5,3,3,True,validated,0
a2f02997-cbbb-4b96-ac9e-bc2fbbd033e4,no_fear_speech,likert5,2,2,True,validated,0
a2f02997-cbbb-4b96-ac9e-bc2fbbd033e4,relaxed_speech,freq5,3,3,True,validated,0
a2f02997-cbbb-4b96-ac9e-bc2fbbd033e4,confident_speech,likert5,2,2,True,validated,0
a2f02997-cbbb-4b96-ac9e-bc2fbbd033e4,natural_leader,freq5,3,3,True,validated,0
a2f02997-cbbb-4b96-ac9e-bc2fbbd033e4,forget_speech,likert5,3,3,True,validated,0
a2f02997-cbbb-4b96-ac9e-bc2fbbd033e4,confused_speech,freq5,3,3,True,validated,0
a025c6e2-52ba-4abe-ab82-1fbf02f11139,enjoy_student,likert5,4,4,True,validated,0
a025c6e2-52ba-4abe-ab82-1fbf02f11139,enjoy_learning,freq5,4,4,True,validated,0
a025c6e2-52ba-4abe-ab82-1fbf02f11139,see_smart,likert5,3,3,True,validated,0
a025c6e2-52ba-4abe-ab82-1fbf02f11139,studying_happy,freq5,3,3,True,validated,0
a025c6e2-52ba-4abe-ab82-1fbf02f11139,describe_clever,likert5,3,3,True,validated,0
a025c6e2-52ba-4abe-ab82-1fbf02f11139,calm_pressure,freq5,3,3,True,validated,0
a025c6e2-52ba-4abe-ab82-1fbf02f11139,recover_setbacks,likert5,4,4,True,validated,0
a025c6e2-52ba-4abe-ab82-1fbf02f11139,rarely_overwhelmed,freq5,2,2,True,validated,0
a025c6e2-52ba-4abe-ab82-1fbf02f11139,handle_stress,likert5,4,4,True,validated,0
a025c6e2-52ba-4abe-ab82-1fbf02f11139,emotionally_balanced,freq5,3,3,True,validated,0
a025c6e2-52ba-4abe-ab82-1fbf02f11139,no_fear_speech,likert5,2,2,True,validated,0
a025c6e2-52ba-4abe-ab82-1fbf02f11139,relaxed_speech,freq5,3,3,True,validated,0
a025c6e2-52ba-4abe-ab82-1fbf02f11139,confident_speech,likert5,3,3,True,validated,0
a025c6e2-52ba-4abe-ab82-1fbf02f11139,natural_leader,freq5,3,3,True,validated,0
a025c6e2-52ba-4abe-ab82-1fbf02f11139,forget_speech,likert5,3,3,True,validated,0
a025c6e2-52ba-4abe-ab82-1fbf02f11139,confused_speech,freq5,3,3,True,validated,0
f5a868d9-65a2-419f-bdc6-ab37d2df4d76,enjoy_student,likert5,5,5,True,validated,0
f5a868d9-65a2-419f-bdc6-ab37d2df4d76,enjoy_learning,freq5,4,4,True,validated,0
f5a868d9-65a2-419f-bdc6-ab37d2df4d76,see_smart,likert5,4,4,True,validated,0
f5a868d9-65a2-419f-bdc6-ab37d2df4d76,studying_happy,freq5,3,3,True,validated,0
f5a868d9-65a2-419f-bdc6-ab37d2df4d76,describe_clever,likert5,5,5,True,validated,0
f5a868d9-65a2-419f-bdc6-ab37d2df4d76,calm_pressure,freq5,4,4,True,validated,0
f5a868d9-65a2-419f-bdc6-ab37d2df4d76,recover_setbacks,likert5,4,4,True,validated,0
f5a868d9-65a2-419f-bdc6-ab37d2df4d76,rarely_overwhelmed,freq5,2,2,True,validated,0
f5a868d9-65a2-419f-bdc6-ab37d2df4d76,handle_stress,likert5,4,4,True,validated,0
f5a868d9-65a2-419f-bdc6-ab37d2df4d76,emotionally_balanced,freq5,3,3,True,validated,0
f5a868d9-65a2-419f-bdc6-ab37d2df4d76,no_fear_speech,likert5,3,3,True,validated,0
f5a868d9-65a2-419f-bdc6-ab37d2df4d76,relaxed_speech,freq5,3,3,True,validated,0
f5a868d9-65a2-419f-bdc6-ab37d2df4d76,confident_speech,likert5,3,3,True,validated,0
f5a868d9-65a2-419f-bdc6-ab37d2df4d76,natural_leader,freq5,4,4,True,validated,0
f5a868d9-65a2-419f-bdc6-ab37d2df4d76,forget_speech,likert5,2,2,True,validated,0
f5a868d9-65a2-419f-bdc6-ab37d2df4d76,confused_speech,freq5,3,3,True,validated,0
12b6a995-09e4-4f8a-892f-f0758ba2639e,enjoy_student,likert5,3,3,True,validated,0
12b6a995-09e4-4f8a-892f-f0758ba2639e,enjoy_learning,freq5,4,4,True,validated,0
12b6a995-09e4-4f8a-892f-f0758ba2639e,see_smart,likert5,4,4,True,validated,0
12b6a995-09e4-4f8a-892f-f0758ba2639e,studying_happy,freq5,3,3,True,validated,0
12b6a995-09e4-4f8a-892f-f0758ba2639e,describe_clever,likert5,3,3,True,validated,0
12b6a995-09e4-4f8a-892f-f0758ba2639e,calm_pressure,freq5,3,3,True,validated,0
12b6a995-09e4-4f8a-892f-f0758ba2639e,recover_setbacks,likert5,4,4,True,validated,0
12b6a995-09e4-4f8a-892f-f0758ba2639e,rarely_overwhelmed,freq5,2,2,True,validated,0
12b6a995-09e4-4f8a-892f-f0758ba2639e,handle_stress,likert5,4,4,True,validated,0
12b6a995-09e4-4f8a-892f-f0758ba2639e,emotionally_balanced,freq5,3,3,True,validated,0
12b6a995-09e4-4f8a-892f-f0758ba2639e,no_fear_speech,likert5,4,4,True,validated,0
12b6a995-09e4-4f8a-892f-f0758ba2639e,relaxed_speech,freq5,3,3,True,validated,0
12b6a995-09e4-4f8a-892f-f0758ba2639e,confident_speech,likert5,4,4,True,validated,0
12b6a995-09e4-4f8a-892f-f0758ba2639e,natural_leader,freq5,3,3,True,validated,0
12b6a995-09e4-4f8a-892f-f0758ba2639e,forget_speech,likert5,4,4,True,validated,0
12b6a995-09e4-4f8a-892f-f0758ba2639e,confused_speech,freq5,3,3,True,validated,0
92caf5be-fc76-4cd7-9fbd-8e26076c8ddc,enjoy_student,likert5,5,5,True,validated,0
92caf5be-fc76-4cd7-9fbd-8e26076c8ddc,enjoy_learning,freq5,5,5,True,validated,0
92caf5be-fc76-4cd7-9fbd-8e26076c8ddc,see_smart,likert5,5,5,True,validated,0
92caf5be-fc76-4cd7-9fbd-8e26076c8ddc,studying_happy,freq5,4,4,True,validated,0
92caf5be-fc76-4cd7-9fbd-8e26076c8ddc,describe_clever,likert5,5,5,True,validated,0
92caf5be-fc76-4cd7-9fbd-8e26076c8ddc,calm_pressure,freq5,4,4,True,validated,0
92caf5be-fc76-4cd7-9fbd-8e26076c8ddc,recover_setbacks,likert5,5,5,True,validated,0
92caf5be-fc76-4cd7-9fbd-8e26076c8ddc,rarely_overwhelmed,freq5,2,2,True,validated,0
92caf5be-fc76-4cd7-9fbd-8e26076c8ddc,handle_stress,likert5,5,5,True,validated,0
92caf5be-fc76-4cd7-9fbd-8e26076c8ddc,emotionally_balanced,freq5,3,3,True,validated,0
92caf5be-fc76-4cd7-9fbd-8e26076c8ddc,no_fear_speech,likert5,4,4,True,validated,0
92caf5be-fc76-4cd7-9fbd-8e26076c8ddc,relaxed_speech,freq5,3,3,True,validated,0
92caf5be-fc76-4cd7-9fbd-8e26076c8ddc,confident_speech,likert5,3,3,True,validated,0
92caf5be-fc76-4cd7-9fbd-8e26076c8ddc,natural_leader,freq5,3,3,True,validated,0
92caf5be-fc76-4cd7-9fbd-8e26076c8ddc,forget_speech,likert5,3,3,True,validated,0
92caf5be-fc76-4cd7-9fbd-8e26076c8ddc,confused_speech,freq5,1,1,True,validated,0
768a38ad-adb3-4415-a240-d8b9803d2240,enjoy_student,likert5,5,5,True,validated,0
768a38ad-adb3-4415-a240-d8b9803d2240,enjoy_learning,freq5,4,4,True,validated,0
768a38ad-adb3-4415-a240-d8b9803d2240,see_smart,likert5,5,5,True,validated,0
768a38ad-adb3-4415-a240-d8b9803d2240,studying_happy,freq5,4,4,True,validated,0
768a38ad-adb3-4415-a240-d8b9803d2240,describe_clever,likert5,5,5,True,validated,0
768a38ad-adb3-4415-a240-d8b9803d2240,calm_pressure,freq5,3,3,True,validated,0
768a38ad-adb3-4415-a240-d8b9803d2240,recover_setbacks,likert5,5,5,True,validated,0
768a38ad-adb3-4415-a240-d8b9803d2240,rarely_overwhelmed,freq5,2,2,True,validated,0
768a38ad-adb3-4415-a240-d8b9803d2240,handle_stress,likert5,5,5,True,validated,0
768a38ad-adb3-4415-a240-d8b9803d2240,emotionally_balanced,freq5,5,5,True,validated,0
768a38ad-adb3-4415-a240-d8b9803d2240,no_fear_speech,likert5,2,2,True,validated,0
768a38ad-adb3-4415-a240-d8b9803d2240,relaxed_speech,freq5,3,3,True,validated,0
768a38ad-adb3-4415-a240-d8b9803d2240,confident_speech,likert5,2,2,True,validated,0
768a38ad-adb3-4415-a240-d8b9803d2240,natural_leader,freq5,4,4,True,validated,0
768a38ad-adb3-4415-a240-d8b9803d2240,forget_speech,likert5,3,3,True,validated,0
768a38ad-adb3-4415-a240-d8b9803d2240,confused_speech,freq5,3,3,True,validated,0
cd47860c-13c9-48d6-abe5-542d7609fabd,enjoy_student,likert5,5,5,True,validated,0
cd47860c-13c9-48d6-abe5-542d7609fabd,enjoy_learning,freq5,5,5,True,validated,0
cd47860c-13c9-48d6-abe5-542d7609fabd,see_smart,likert5,5,5,True,validated,0
cd47860c-13c9-48d6-abe5-542d7609fabd,studying_happy,freq5,5,5,True,validated,0
cd47860c-13c9-48d6-abe5-542d7609fabd,describe_clever,likert5,5,5,True,validated,0
cd47860c-13c9-48d6-abe5-542d7609fabd,calm_pressure,freq5,5,5,True,validated,0
cd47860c-13c9-48d6-abe5-542d7609fabd,recover_setbacks,likert5,5,5,True,validated,0
cd47860c-13c9-48d6-abe5-542d7609fabd,rarely_overwhelmed,freq5,2,2,True,validated,0
cd47860c-13c9-48d6-abe5-542d7609fabd,handle_stress,likert5,5,5,True,validated,0
cd47860c-13c9-48d6-abe5-542d7609fabd,emotionally_balanced,freq5,4,4,True,validated,0
cd47860c-13c9-48d6-abe5-542d7609fabd,no_fear_speech,likert5,5,5,True,validated,0
cd47860c-13c9-48d6-abe5-542d7609fabd,relaxed_speech,freq5,4,4,True,validated,0
cd47860c-13c9-48d6-abe5-542d7609fabd,confident_speech,likert5,5,5,True,validated,0
cd47860c-13c9-48d6-abe5-542d7609fabd,natural_leader,freq5,5,5,True,validated,0
cd47860c-13c9-48d6-abe5-542d7609fabd,forget_speech,likert5,1,1,True,validated,0
cd47860c-13c9-48d6-abe5-542d7609fabd,confused_speech,freq5,1,1,True,validated,0
87c6c62f-49a3-4bea-99e8-2ea06dfc0838,enjoy_student,likert5,4,4,True,validated,0
87c6c62f-49a3-4bea-99e8-2ea06dfc0838,enjoy_learning,freq5,3,3,True,validated,0
87c6c62f-49a3-4bea-99e8-2ea06dfc0838,see_smart,likert5,3,3,True,validated,0
87c6c62f-49a3-4bea-99e8-2ea06dfc0838,studying_happy,freq5,3,3,True,validated,0
87c6c62f-49a3-4bea-99e8-2ea06dfc0838,describe_clever,likert5,4,4,True,validated,0
87c6c62f-49a3-4bea-99e8-2ea06dfc0838,calm_pressure,freq5,3,3,True,validated,0
87c6c62f-49a3-4bea-99e8-2ea06dfc0838,recover_setbacks,likert5,4,4,True,validated,0
87c6c62f-49a3-4bea-99e8-2ea06dfc0838,rarely_overwhelmed,freq5,3,3,True,validated,0
87c6c62f-49a3-4bea-99e8-2ea06dfc0838,handle_stress,likert5,3,3,True,validated,0
87c6c62f-49a3-4bea-99e8-2ea06dfc0838,emotionally_balanced,freq5,3,3,True,validated,0
87c6c62f-49a3-4bea-99e8-2ea06dfc0838,no_fear_speech,likert5,2,2,True,validated,0
87c6c62f-49a3-4bea-99e8-2ea06dfc0838,relaxed_speech,freq5,3,3,True,validated,0
87c6c62f-49a3-4bea-99e8-2ea06dfc0838,confident_speech,likert5,3,3,True,validated,0
87c6c62f-49a3-4bea-99e8-2ea06dfc0838,natural_leader,freq5,3,3,True,validated,0
87c6c62f-49a3-4bea-99e8-2ea06dfc0838,forget_speech,likert5,4,4,True,validated,0
87c6c62f-49a3-4bea-99e8-2ea06dfc0838,confused_speech,freq5,3,3,True,validated,0
b8e987fa-81ea-4bd9-8445-93b36324cadf,enjoy_student,likert5,5,5,True,validated,0
b8e987fa-81ea-4bd9-8445-93b36324cadf,enjoy_learning,freq5,4,4,True,validated,0
b8e987fa-81ea-4bd9-8445-93b36324cadf,see_smart,likert5,5,5,True,validated,0
b8e987fa-81ea-4bd9-8445-93b36324cadf,studying_happy,freq5,4,4,True,validated,0
b8e987fa-81ea-4bd9-8445-93b36324cadf,describe_clever,likert5,4,4,True,validated,0
b8e987fa-81ea-4bd9-8445-93b36324cadf,calm_pressure,freq5,3,3,True,validated,0
b8e987fa-81ea-4bd9-8445-93b36324cadf,recover_setbacks,likert5,4,4,True,validated,0
b8e987fa-81ea-4bd9-8445-93b36324cadf,rarely_overwhelmed,freq5,2,2,True,validated,0
b8e987fa-81ea-4bd9-8445-93b36324cadf,handle_stress,likert5,3,3,True,validated,0
b8e987fa-81ea-4bd9-8445-93b36324cadf,emotionally_balanced,freq5,3,3,True,validated,0
b8e987fa-81ea-4bd9-8445-93b36324cadf,no_fear_speech,likert5,2,2,True,validated,0
b8e987fa-81ea-4bd9-8445-93b36324cadf,relaxed_speech,freq5,3,3,True,validated,0
b8e987fa-81ea-4bd9-8445-93b36324cadf,confident_speech,likert5,2,2,True,validated,0
b8e987fa-81ea-4bd9-8445-93b36324cadf,natural_leader,freq5,3,3,True,validated,0
b8e987fa-81ea-4bd9-8445-93b36324cadf,forget_speech,likert5,3,3,True,validated,0
b8e987fa-81ea-4bd9-8445-93b36324cadf,confused_speech,freq5,3,3,True,validated,0
735de5b0-dbfc-4c6d-80e4-0e956cecfcfe,enjoy_student,likert5,3,3,True,validated,0
735de5b0-dbfc-4c6d-80e4-0e956cecfcfe,enjoy_learning,freq5,3,3,True,validated,0
735de5b0-dbfc-4c6d-80e4-0e956cecfcfe,see_smart,likert5,3,3,True,validated,0
735de5b0-dbfc-4c6d-80e4-0e956cecfcfe,studying_happy,freq5,3,3,True,validated,0
735de5b0-dbfc-4c6d-80e4-0e956cecfcfe,describe_clever,likert5,3,3,True,validated,0
735de5b0-dbfc-4c6d-80e4-0e956cecfcfe,calm_pressure,freq5,3,3,True,validated,0
735de5b0-dbfc-4c6d-80e4-0e956cecfcfe,recover_setbacks,likert5,3,3,True,validated,0
735de5b0-dbfc-4c6d-80e4-0e956cecfcfe,rarely_overwhelmed,freq5,3,3,True,validated,0
735de5b0-dbfc-4c6d-80e4-0e956cecfcfe,handle_stress,likert5,2,2,True,validated,0
735de5b0-dbfc-4c6d-80e4-0e956cecfcfe,emotionally_balanced,freq5,3,3,True,validated,0
735de5b0-dbfc-4c6d-80e4-0e956cecfcfe,no_fear_speech,likert5,2,2,True,validated,0
735de5b0-dbfc-4c6d-80e4-0e956cecfcfe,relaxed_speech,freq5,2,2,True,validated,0
735de5b0-dbfc-4c6d-80e4-0e956cecfcfe,confident_speech,likert5,2,2,True,validated,0
735de5b0-dbfc-4c6d-80e4-0e956cecfcfe,natural_leader,freq5,2,2,True,validated,0
735de5b0-dbfc-4c6d-80e4-0e956cecfcfe,forget_speech,likert5,4,4,True,validated,0
735de5b0-dbfc-4c6d-80e4-0e956cecfcfe,confused_speech,freq5,3,3,True,validated,0
c8ae0d51-7870-455b-83eb-1e7582250b9a,enjoy_student,likert5,3,3,True,validated,0
c8ae0d51-7870-455b-83eb-1e7582250b9a,enjoy_learning,freq5,4,4,True,validated,0
c8ae0d51-7870-455b-83eb-1e7582250b9a,see_smart,likert5,3,3,True,validated,0
c8ae0d51-7870-455b-83eb-1e7582250b9a,studying_happy,freq5,3,3,True,validated,0
c8ae0d51-7870-455b-83eb-1e7582250b9a,describe_clever,likert5,4,4,True,validated,0
c8ae0d51-7870-455b-83eb-1e7582250b9a,calm_pressure,freq5,3,3,True,validated,0
c8ae0d51-7870-455b-83eb-1e7582250b9a,recover_setbacks,likert5,4,4,True,validated,0
c8ae0d51-7870-455b-83eb-1e7582250b9a,rarely_overwhelmed,freq5,3,3,True,validated,0
c8ae0d51-7870-455b-83eb-1e7582250b9a,handle_stress,likert5,2,2,True,validated,0
c8ae0d51-7870-455b-83eb-1e7582250b9a,emotionally_balanced,freq5,3,3,True,validated,0
c8ae0d51-7870-455b-83eb-1e7582250b9a,no_fear_speech,likert5,1,1,True,validated,0
c8ae0d51-7870-455b-83eb-1e7582250b9a,relaxed_speech,freq5,3,3,True,validated,0
c8ae0d51-7870-455b-83eb-1e7582250b9a,confident_speech,likert5,3,3,True,validated,0
c8ae0d51-7870-455b-83eb-1e7582250b9a,natural_leader,freq5,3,3,True,validated,0
c8ae0d51-7870-455b-83eb-1e7582250b9a,forget_speech,likert5,4,4,True,validated,0
c8ae0d51-7870-455b-83eb-1e7582250b9a,confused_speech,freq5,3,3,True,validated,0
819db7cb-dcd9-4480-8e7f-24bf4758b5bf,enjoy_student,likert5,5,5,True,validated,0
819db7cb-dcd9-4480-8e7f-24bf4758b5bf,enjoy_learning,freq5,5,5,True,validated,0
819db7cb-dcd9-4480-8e7f-24bf4758b5bf,see_smart,likert5,5,5,True,validated,0
819db7cb-dcd9-4480-8e7f-24bf4758b5bf,studying_happy,freq5,3,3,True,validated,0
819db7cb-dcd9-4480-8e7f-24bf4758b5bf,describe_clever,likert5,5,5,True,validated,0
819db7cb-dcd9-4480-8e7f-24bf4758b5bf,calm_pressure,freq5,5,5,True,validated,0
819db7cb-dcd9-4480-8e7f-24bf4758b5bf,recover_setbacks,likert5,5,5,True,validated,0
819db7cb-dcd9-4480-8e7f-24bf4758b5bf,rarely_overwhelmed,freq5,2,2,True,validated,0
819db7cb-dcd9-4480-8e7f-24bf4758b5bf,handle_stress,likert5,5,5,True,validated,0
819db7cb-dcd9-4480-8e7f-24bf4758b5bf,emotionally_balanced,freq5,3,3,True,validated,0
819db7cb-dcd9-4480-8e7f-24bf4758b5bf,no_fear_speech,likert5,4,4,True,validated,0
819db7cb-dcd9-4480-8e7f-24bf4758b5bf,relaxed_speech,freq5,4,4,True,validated,0
819db7cb-dcd9-4480-8e7f-24bf4758b5bf,confident_speech,likert5,5,5,True,validated,0
819db7cb-dcd9-4480-8e7f-24bf4758b5bf,natural_leader,freq5,5,5,True,validated,0
819db7cb-dcd9-4480-8e7f-24bf4758b5bf,forget_speech,likert5,2,2,True,validated,0
819db7cb-dcd9-4480-8e7f-24bf4758b5bf,confused_speech,freq5,2,2,True,validated,0
d059be9a-8fda-43ce-aa8e-510cb82d67ca,enjoy_student,likert5,5,5,True,validated,0
d059be9a-8fda-43ce-aa8e-510cb82d67ca,enjoy_learning,freq5,4,4,True,validated,0
d059be9a-8fda-43ce-aa8e-510cb82d67ca,see_smart,likert5,4,4,True,validated,0
d059be9a-8fda-43ce-aa8e-510cb82d67ca,studying_happy,freq5,4,4,True,validated,0
d059be9a-8fda-43ce-aa8e-510cb82d67ca,describe_clever,likert5,5,5,True,validated,0
d059be9a-8fda-43ce-aa8e-510cb82d67ca,calm_pressure,freq5,5,5,True,validated,0
d059be9a-8fda-43ce-aa8e-510cb82d67ca,recover_setbacks,likert5,5,5,True,validated,0
d059be9a-8fda-43ce-aa8e-510cb82d67ca,rarely_overwhelmed,freq5,2,2,True,validated,0
d059be9a-8fda-43ce-aa8e-510cb82d67ca,handle_stress,likert5,4,4,True,validated,0
d059be9a-8fda-43ce-aa8e-510cb82d67ca,emotionally_balanced,freq5,3,3,True,validated,0
d059be9a-8fda-43ce-aa8e-510cb82d67ca,no_fear_speech,likert5,5,5,True,validated,0
d059be9a-8fda-43ce-aa8e-510cb82d67ca,relaxed_speech,freq5,3,3,True,validated,0
d059be9a-8fda-43ce-aa8e-510cb82d67ca,confident_speech,likert5,5,5,True,validated,0
d059be9a-8fda-43ce-aa8e-510cb82d67ca,natural_leader,freq5,3,3,True,validated,0
d059be9a-8fda-43ce-aa8e-510cb82d67ca,forget_speech,likert5,4,4,True,validated,0
d059be9a-8fda-43ce-aa8e-510cb82d67ca,confused_speech,freq5,3,3,True,validated,0
e6df361c-f9a8-4fd9-b517-6ab4a824f5ba,enjoy_student,likert5,4,4,True,validated,0
e6df361c-f9a8-4fd9-b517-6ab4a824f5ba,enjoy_learning,freq5,4,4,True,validated,0
e6df361c-f9a8-4fd9-b517-6ab4a824f5ba,see_smart,likert5,5,5,True,validated,0
e6df361c-f9a8-4fd9-b517-6ab4a824f5ba,studying_happy,freq5,4,4,True,validated,0
e6df361c-f9a8-4fd9-b517-6ab4a824f5ba,describe_clever,likert5,5,5,True,validated,0
e6df361c-f9a8-4fd9-b517-6ab4a824f5ba,calm_pressure,freq5,3,3,True,validated,0
e6df361c-f9a8-4fd9-b517-6ab4a824f5ba,recover_setbacks,likert5,4,4,True,validated,0
e6df361c-f9a8-4fd9-b517-6ab4a824f5ba,rarely_overwhelmed,freq5,2,2,True,validated,0
e6df361c-f9a8-4fd9-b517-6ab4a824f5ba,handle_stress,likert5,3,3,True,validated,0
e6df361c-f9a8-4fd9-b517-6ab4a824f5ba,emotionally_balanced,freq5,3,3,True,validated,0
e6df361c-f9a8-4fd9-b517-6ab4a824f5ba,no_fear_speech,likert5,5,5,True,validated,0
e6df361c-f9a8-4fd9-b517-6ab4a824f5ba,relaxed_speech,freq5,3,3,True,validated,0
e6df361c-f9a8-4fd9-b517-6ab4a824f5ba,confident_speech,likert5,4,4,True,validated,0
e6df361c-f9a8-4fd9-b517-6ab4a824f5ba,natural_leader,freq5,3,3,True,validated,0
e6df361c-f9a8-4fd9-b517-6ab4a824f5ba,forget_speech,likert5,3,3,True,validated,0
e6df361c-f9a8-4fd9-b517-6ab4a824f5ba,confused_speech,freq5,3,3,True,validated,0
8240272b-d63d-433c-9b06-e07bac9cae39,enjoy_student,likert5,3,3,True,validated,0
8240272b-d63d-433c-9b06-e07bac9cae39,enjoy_learning,freq5,3,3,True,validated,0
8240272b-d63d-433c-9b06-e07bac9cae39,see_smart,likert5,3,3,True,validated,0
8240272b-d63d-433c-9b06-e07bac9cae39,studying_happy,freq5,3,3,True,validated,0
8240272b-d63d-433c-9b06-e07bac9cae39,describe_clever,likert5,3,3,True,validated,0
8240272b-d63d-433c-9b06-e07bac9cae39,calm_pressure,freq5,3,3,True,validated,0
8240272b-d63d-433c-9b06-e07bac9cae39,recover_setbacks,likert5,3,3,True,validated,0
8240272b-d63d-433c-9b06-e07bac9cae39,rarely_overwhelmed,freq5,2,2,True,validated,0
8240272b-d63d-433c-9b06-e07bac9cae39,handle_stress,likert5,2,2,True,validated,0
8240272b-d63d-433c-9b06-e07bac9cae39,emotionally_balanced,freq5,3,3,True,validated,0
8240272b-d63d-433c-9b06-e07bac9cae39,no_fear_speech,likert5,1,1,True,validated,0
8240272b-d63d-433c-9b06-e07bac9cae39,relaxed_speech,freq5,1,1,True,validated,0
8240272b-d63d-433c-9b06-e07bac9cae39,confident_speech,likert5,2,2,True,validated,0
8240272b-d63d-433c-9b06-e07bac9cae39,natural_leader,freq5,3,3,True,validated,0
8240272b-d63d-433c-9b06-e07bac9cae39,forget_speech,likert5,4,4,True,validated,0
8240272b-d63d-433c-9b06-e07bac9cae39,confused_speech,freq5,3,3,True,validated,0
0537e257-76fb-46f7-a9a3-e11d9206211f,enjoy_student,likert5,5,5,True,validated,0
0537e257-76fb-46f7-a9a3-e11d9206211f,enjoy_learning,freq5,5,5,True,validated,0
0537e257-76fb-46f7-a9a3-e11d9206211f,see_smart,likert5,5,5,True,validated,0
0537e257-76fb-46f7-a9a3-e11d9206211f,studying_happy,freq5,3,3,True,validated,0
0537e257-76fb-46f7-a9a3-e11d9206211f,describe_clever,likert5,5,5,True,validated,0
0537e257-76fb-46f7-a9a3-e11d9206211f,calm_pressure,freq5,3,3,True,validated,0
0537e257-76fb-46f7-a9a3-e11d9206211f,recover_setbacks,likert5,5,5,True,validated,0
0537e257-76fb-46f7-a9a3-e11d9206211f,rarely_overwhelmed,freq5,2,2,True,validated,0
0537e257-76fb-46f7-a9a3-e11d9206211f,handle_stress,likert5,4,4,True,validated,0
0537e257-76fb-46f7-a9a3-e11d9206211f,emotionally_balanced,freq5,3,3,True,validated,0
0537e257-76fb-46f7-a9a3-e11d9206211f,no_fear_speech,likert5,4,4,True,validated,0
0537e257-76fb-46f7-a9a3-e11d9206211f,relaxed_speech,freq5,3,3,True,validated,0
0537e257-76fb-46f7-a9a3-e11d9206211f,confident_speech,likert5,4,4,True,validated,0
0537e257-76fb-46f7-a9a3-e11d9206211f,natural_leader,freq5,2,2,True,validated,0
0537e257-76fb-46f7-a9a3-e11d9206211f,forget_speech,likert5,4,4,True,validated,0
0537e257-76fb-46f7-a9a3-e11d9206211f,confused_speech,freq5,3,3,True,validated,0
347bb7a9-48a8-4107-a512-767afd835553,enjoy_student,likert5,5,5,True,validated,0
347bb7a9-48a8-4107-a512-767afd835553,enjoy_learning,freq5,4,4,True,validated,0
347bb7a9-48a8-4107-a512-767afd835553,see_smart,likert5,5,5,True,validated,0
347bb7a9-48a8-4107-a512-767afd835553,studying_happy,freq5,4,4,True,validated,0
347bb7a9-48a8-4107-a512-767afd835553,describe_clever,likert5,5,5,True,validated,0
347bb7a9-48a8-4107-a512-767afd835553,calm_pressure,freq5,5,5,True,validated,0
347bb7a9-48a8-4107-a512-767afd835553,recover_setbacks,likert5,5,5,True,validated,0
347bb7a9-48a8-4107-a512-767afd835553,rarely_overwhelmed,freq5,2,2,True,validated,0
347bb7a9-48a8-4107-a512-767afd835553,handle_stress,likert5,5,5,True,validated,0
347bb7a9-48a8-4107-a512-767afd835553,emotionally_balanced,freq5,5,5,True,validated,0
347bb7a9-48a8-4107-a512-767afd835553,no_fear_speech,likert5,5,5,True,validated,0
347bb7a9-48a8-4107-a512-767afd835553,relaxed_speech,freq5,5,5,True,validated,0
347bb7a9-48a8-4107-a512-767afd835553,confident_speech,likert5,5,5,True,validated,0
347bb7a9-48a8-4107-a512-767afd835553,natural_leader,freq5,4,4,True,validated,0
347bb7a9-48a8-4107-a512-767afd835553,forget_speech,likert5,3,3,True,validated,0
347bb7a9-48a8-4107-a512-767afd835553,confused_speech,freq5,1,1,True,validated,0
c980d774-2563-4c34-9bab-9632999bacca,enjoy_student,likert5,4,4,True,validated,0
c980d774-2563-4c34-9bab-9632999bacca,enjoy_learning,freq5,4,4,True,validated,0
c980d774-2563-4c34-9bab-9632999bacca,see_smart,likert5,4,4,True,validated,0
c980d774-2563-4c34-9bab-9632999bacca,studying_happy,freq5,3,3,True,validated,0
c980d774-2563-4c34-9bab-9632999bacca,describe_clever,likert5,3,3,True,validated,0
c980d774-2563-4c34-9bab-9632999bacca,calm_pressure,freq5,3,3,True,validated,0
c980d774-2563-4c34-9bab-9632999bacca,recover_setbacks,likert5,3,3,True,validated,0
c980d774-2563-4c34-9bab-9632999bacca,rarely_overwhelmed,freq5,3,3,True,validated,0
c980d774-2563-4c34-9bab-9632999bacca,handle_stress,likert5,4,4,True,validated,0
c980d774-2563-4c34-9bab-9632999bacca,emotionally_balanced,freq5,3,3,True,validated,0
c980d774-2563-4c34-9bab-9632999bacca,no_fear_speech,likert5,3,3,True,validated,0
c980d774-2563-4c34-9bab-9632999bacca,relaxed_speech,freq5,3,3,True,validated,0
c980d774-2563-4c34-9bab-9632999bacca,confident_speech,likert5,3,3,True,validated,0
c980d774-2563-4c34-9bab-9632999bacca,natural_leader,freq5,3,3,True,validated,0
c980d774-2563-4c34-9bab-9632999bacca,forget_speech,likert5,4,4,True,validated,0
c980d774-2563-4c34-9bab-9632999bacca,confused_speech,freq5,3,3,True,validated,0
f1054821-2e2b-4b2c-a3bc-07dfc2c477da,enjoy_student,likert5,4,4,True,validated,0
f1054821-2e2b-4b2c-a3bc-07dfc2c477da,enjoy_learning,freq5,4,4,True,validated,0
f1054821-2e2b-4b2c-a3bc-07dfc2c477da,see_smart,likert5,5,5,True,validated,0
f1054821-2e2b-4b2c-a3bc-07dfc2c477da,studying_happy,freq5,4,4,True,validated,0
f1054821-2e2b-4b2c-a3bc-07dfc2c477da,describe_clever,likert5,5,5,True,validated,0
f1054821-2e2b-4b2c-a3bc-07dfc2c477da,calm_pressure,freq5,3,3,True,validated,0
f1054821-2e2b-4b2c-a3bc-07dfc2c477da,recover_setbacks,likert5,4,4,True,validated,0
f1054821-2e2b-4b2c-a3bc-07dfc2c477da,rarely_overwhelmed,freq5,2,2,True,validated,0
f1054821-2e2b-4b2c-a3bc-07dfc2c477da,handle_stress,likert5,4,4,True,validated,0
f1054821-2e2b-4b2c-a3bc-07dfc2c477da,emotionally_balanced,freq5,3,3,True,validated,0
f1054821-2e2b-4b2c-a3bc-07dfc2c477da,no_fear_speech,likert5,3,3,True,validated,0
f1054821-2e2b-4b2c-a3bc-07dfc2c477da,relaxed_speech,freq5,3,3,True,validated,0
f1054821-2e2b-4b2c-a3bc-07dfc2c477da,confident_speech,likert5,2,2,True,validated,0
f1054821-2e2b-4b2c-a3bc-07dfc2c477da,natural_leader,freq5,4,4,True,validated,0
f1054821-2e2b-4b2c-a3bc-07dfc2c477da,forget_speech,likert5,3,3,True,validated,0
f1054821-2e2b-4b2c-a3bc-07dfc2c477da,confused_speech,freq5,3,3,True,validated,0
90b73cc7-6cf0-44b0-ae49-2c3fcd0708b8,enjoy_student,likert5,4,4,True,validated,0
90b73cc7-6cf0-44b0-ae49-2c3fcd0708b8,enjoy_learning,freq5,4,4,True,validated,0
90b73cc7-6cf0-44b0-ae49-2c3fcd0708b8,see_smart,likert5,3,3,True,validated,0
90b73cc7-6cf0-44b0-ae49-2c3fcd0708b8,studying_happy,freq5,3,3,True,validated,0
90b73cc7-6cf0-44b0-ae49-2c3fcd0708b8,describe_clever,likert5,3,3,True,validated,0
90b73cc7-6cf0-44b0-ae49-2c3fcd0708b8,calm_pressure,freq5,3,3,True,validated,0
90b73cc7-6cf0-44b0-ae49-2c3fcd0708b8,recover_setbacks,likert5,4,4,True,validated,0
90b73cc7-6cf0-44b0-ae49-2c3fcd0708b8,rarely_overwhelmed,freq5,2,2,True,validated,0
90b73cc7-6cf0-44b0-ae49-2c3fcd0708b8,handle_stress,likert5,2,2,True,validated,0
90b73cc7-6cf0-44b0-ae49-2c3fcd0708b8,emotionally_balanced,freq5,3,3,True,validated,0
90b73cc7-6cf0-44b0-ae49-2c3fcd0708b8,no_fear_speech,likert5,3,3,True,validated,0
90b73cc7-6cf0-44b0-ae49-2c3fcd0708b8,relaxed_speech,freq5,3,3,True,validated,0
90b73cc7-6cf0-44b0-ae49-2c3fcd0708b8,confident_speech,likert5,3,3,True,validated,0
90b73cc7-6cf0-44b0-ae49-2c3fcd0708b8,natural_leader,freq5,3,3,True,validated,0
90b73cc7-6cf0-44b0-ae49-2c3fcd0708b8,forget_speech,likert5,4,4,True,validated,0
90b73cc7-6cf0-44b0-ae49-2c3fcd0708b8,confused_speech,freq5,3,3,True,validated,0
38279c7a-b523-4271-841f-16ec217a36a9,enjoy_student,likert5,5,5,True,validated,0
38279c7a-b523-4271-841f-16ec217a36a9,enjoy_learning,freq5,5,5,True,validated,0
38279c7a-b523-4271-841f-16ec217a36a9,see_smart,likert5,5,5,True,validated,0
38279c7a-b523-4271-841f-16ec217a36a9,studying_happy,freq5,4,4,True,validated,0
38279c7a-b523-4271-841f-16ec217a36a9,describe_clever,likert5,5,5,True,validated,0
38279c7a-b523-4271-841f-16ec217a36a9,calm_pressure,freq5,5,5,True,validated,0
38279c7a-b523-4271-841f-16ec217a36a9,recover_setbacks,likert5,5,5,True,validated,0
38279c7a-b523-4271-841f-16ec217a36a9,rarely_overwhelmed,freq5,3,3,True,validated,0
38279c7a-b523-4271-841f-16ec217a36a9,handle_stress,likert5,5,5,True,validated,0
38279c7a-b523-4271-841f-16ec217a36a9,emotionally_balanced,freq5,4,4,True,validated,0
38279c7a-b523-4271-841f-16ec217a36a9,no_fear_speech,likert5,4,4,True,validated,0
38279c7a-b523-4271-841f-16ec217a36a9,relaxed_speech,freq5,4,4,True,validated,0
38279c7a-b523-4271-841f-16ec217a36a9,confident_speech,likert5,5,5,True,validated,0
38279c7a-b523-4271-841f-16ec217a36a9,natural_leader,freq5,4,4,True,validated,0
38279c7a-b523-4271-841f-16ec217a36a9,forget_speech,likert5,2,2,True,validated,0
38279c7a-b523-4271-841f-16ec217a36a9,confused_speech,freq5,3,3,True,validated,0
505b27d5-780c-4196-8d4d-825c919a665f,enjoy_student,likert5,4,4,True,validated,0
505b27d5-780c-4196-8d4d-825c919a665f,enjoy_learning,freq5,4,4,True,validated,0
505b27d5-780c-4196-8d4d-825c919a665f,see_smart,likert5,5,5,True,validated,0
505b27d5-780c-4196-8d4d-825c919a665f,studying_happy,freq5,3,3,True,validated,0
505b27d5-780c-4196-8d4d-825c919a665f,describe_clever,likert5,5,5,True,validated,0
505b27d5-780c-4196-8d4d-825c919a665f,calm_pressure,freq5,3,3,True,validated,0
505b27d5-780c-4196-8d4d-825c919a665f,recover_setbacks,likert5,4,4,True,validated,0
505b27d5-780c-4196-8d4d-825c919a665f,rarely_overwhelmed,freq5,2,2,True,validated,0
505b27d5-780c-4196-8d4d-825c919a665f,handle_stress,likert5,2,2,True,validated,0
505b27d5-780c-4196-8d4d-825c919a665f,emotionally_balanced,freq5,3,3,True,validated,0
505b27d5-780c-4196-8d4d-825c919a665f,no_fear_speech,likert5,2,2,True,validated,0
505b27d5-780c-4196-8d4d-825c919a665f,relaxed_speech,freq5,3,3,True,validated,0
505b27d5-780c-4196-8d4d-825c919a665f,confident_speech,likert5,3,3,True,validated,0
505b27d5-780c-4196-8d4d-825c919a665f,natural_leader,freq5,3,3,True,validated,0
505b27d5-780c-4196-8d4d-825c919a665f,forget_speech,likert5,3,3,True,validated,0
505b27d5-780c-4196-8d4d-825c919a665f,confused_speech,freq5,4,4,True,validated,0
992946ec-4ee0-4353-826f-957df3ab0543,enjoy_student,likert5,5,5,True,validated,0
992946ec-4ee0-4353-826f-957df3ab0543,enjoy_learning,freq5,4,4,True,validated,0
992946ec-4ee0-4353-826f-957df3ab0543,see_smart,likert5,5,5,True,validated,0
992946ec-4ee0-4353-826f-957df3ab0543,studying_happy,freq5,4,4,True,validated,0
992946ec-4ee0-4353-826f-957df3ab0543,describe_clever,likert5,5,5,True,validated,0
992946ec-4ee0-4353-826f-957df3ab0543,calm_pressure,freq5,5,5,True,validated,0
992946ec-4ee0-4353-826f-957df3ab0543,recover_setbacks,likert5,5,5,True,validated,0
992946ec-4ee0-4353-826f-957df3ab0543,rarely_overwhelmed,freq5,2,2,True,validated,0
992946ec-4ee0-4353-826f-957df3ab0543,handle_stress,likert5,5,5,True,validated,0
992946ec-4ee0-4353-826f-957df3ab0543,emotionally_balanced,freq5,3,3,True,validated,0
992946ec-4ee0-4353-826f-957df3ab0543,no_fear_speech,likert5,5,5,True,validated,0
992946ec-4ee0-4353-826f-957df3ab0543,relaxed_speech,freq5,4,4,True,validated,0
992946ec-4ee0-4353-826f-957df3ab0543,confident_speech,likert5,5,5,True,validated,0
992946ec-4ee0-4353-826f-957df3ab0543,natural_leader,freq5,4,4,True,validated,0
992946ec-4ee0-4353-826f-957df3ab0543,forget_speech,likert5,4,4,True,validated,0
992946ec-4ee0-4353-826f-957df3ab0543,confused_speech,freq5,3,3,True,validated,0
809487b2-90be-40dd-916c-58270a93e9a9,enjoy_student,likert5,5,5,True,validated,0
809487b2-90be-40dd-916c-58270a93e9a9,enjoy_learning,freq5,5,5,True,validated,0
809487b2-90be-40dd-916c-58270a93e9a9,see_smart,likert5,5,5,True,validated,0
809487b2-90be-40dd-916c-58270a93e9a9,studying_happy,freq5,3,3,True,validated,0
809487b2-90be-40dd-916c-58270a93e9a9,describe_clever,likert5,5,5,True,validated,0
809487b2-90be-40dd-916c-58270a93e9a9,calm_pressure,freq5,5,5,True,validated,0
809487b2-90be-40dd-916c-58270a93e9a9,recover_setbacks,likert5,5,5,True,validated,0
809487b2-90be-40dd-916c-58270a93e9a9,rarely_overwhelmed,freq5,2,2,True,validated,0
809487b2-90be-40dd-916c-58270a93e9a9,handle_stress,likert5,5,5,True,validated,0
809487b2-90be-40dd-916c-58270a93e9a9,emotionally_balanced,freq5,4,4,True,validated,0
809487b2-90be-40dd-916c-58270a93e9a9,no_fear_speech,likert5,4,4,True,validated,0
809487b2-90be-40dd-916c-58270a93e9a9,relaxed_speech,freq5,4,4,True,validated,0
809487b2-90be-40dd-916c-58270a93e9a9,confident_speech,likert5,5,5,True,validated,0
809487b2-90be-40dd-916c-58270a93e9a9,natural_leader,freq5,2,2,True,validated,0
809487b2-90be-40dd-916c-58270a93e9a9,forget_speech,likert5,4,4,True,validated,0
809487b2-90be-40dd-916c-58270a93e9a9,confused_speech,freq5,3,3,True,validated,0
71aa447e-1523-41ad-8cd3-e80adf5e7d90,enjoy_student,likert5,4,4,True,validated,0
71aa447e-1523-41ad-8cd3-e80adf5e7d90,enjoy_learning,freq5,4,4,True,validated,0
71aa447e-1523-41ad-8cd3-e80adf5e7d90,see_smart,likert5,5,5,True,validated,0
71aa447e-1523-41ad-8cd3-e80adf5e7d90,studying_happy,freq5,3,3,True,validated,0
71aa447e-1523-41ad-8cd3-e80adf5e7d90,describe_clever,likert5,5,5,True,validated,0
71aa447e-1523-41ad-8cd3-e80adf5e7d90,calm_pressure,freq5,5,5,True,validated,0
71aa447e-1523-41ad-8cd3-e80adf5e7d90,recover_setbacks,likert5,5,5,True,validated,0
71aa447e-1523-41ad-8cd3-e80adf5e7d90,rarely_overwhelmed,freq5,3,3,True,validated,0
71aa447e-1523-41ad-8cd3-e80adf5e7d90,handle_stress,likert5,4,4,True,validated,0
71aa447e-1523-41ad-8cd3-e80adf5e7d90,emotionally_balanced,freq5,3,3,True,validated,0
71aa447e-1523-41ad-8cd3-e80adf5e7d90,no_fear_speech,likert5,5,5,True,validated,0
71aa447e-1523-41ad-8cd3-e80adf5e7d90,relaxed_speech,freq5,4,4,True,validated,0
71aa447e-1523-41ad-8cd3-e80adf5e7d90,confident_speech,likert5,5,5,True,validated,0
71aa447e-1523-41ad-8cd3-e80adf5e7d90,natural_leader,freq5,4,4,True,validated,0
71aa447e-1523-41ad-8cd3-e80adf5e7d90,forget_speech,likert5,4,4,True,validated,0
71aa447e-1523-41ad-8cd3-e80adf5e7d90,confused_speech,freq5,2,2,True,validated,0
3619ea77-6335-4490-a672-ed68d77c63dd,enjoy_student,likert5,3,3,True,validated,0
3619ea77-6335-4490-a672-ed68d77c63dd,enjoy_learning,freq5,3,3,True,validated,0
3619ea77-6335-4490-a672-ed68d77c63dd,see_smart,likert5,3,3,True,validated,0
3619ea77-6335-4490-a672-ed68d77c63dd,studying_happy,freq5,3,3,True,validated,0
3619ea77-6335-4490-a672-ed68d77c63dd,describe_clever,likert5,3,3,True,validated,0
3619ea77-6335-4490-a672-ed68d77c63dd,calm_pressure,freq5,3,3,True,validated,0
3619ea77-6335-4490-a672-ed68d77c63dd,recover_setbacks,likert5,3,3,True,validated,0
3619ea77-6335-4490-a672-ed68d77c63dd,rarely_overwhelmed,freq5,3,3,True,validated,0
3619ea77-6335-4490-a672-ed68d77c63dd,handle_stress,likert5,2,2,True,validated,0
3619ea77-6335-4490-a672-ed68d77c63dd,emotionally_balanced,freq5,3,3,True,validated,0
3619ea77-6335-4490-a672-ed68d77c63dd,no_fear_speech,likert5,2,2,True,validated,0
3619ea77-6335-4490-a672-ed68d77c63dd,relaxed_speech,freq5,1,1,True,validated,0
3619ea77-6335-4490-a672-ed68d77c63dd,confident_speech,likert5,2,2,True,validated,0
3619ea77-6335-4490-a672-ed68d77c63dd,natural_leader,freq5,3,3,True,validated,0
3619ea77-6335-4490-a672-ed68d77c63dd,forget_speech,likert5,4,4,True,validated,0
3619ea77-6335-4490-a672-ed68d77c63dd,confused_speech,freq5,3,3,True,validated,0
2fba1190-697a-4b38-b01d-2537f965e548,enjoy_student,likert5,3,3,True,validated,0
2fba1190-697a-4b38-b01d-2537f965e548,enjoy_learning,freq5,4,4,True,validated,0
2fba1190-697a-4b38-b01d-2537f965e548,see_smart,likert5,3,3,True,validated,0
2fba1190-697a-4b38-b01d-2537f965e548,studying_happy,freq5,3,3,True,validated,0
2fba1190-697a-4b38-b01d-2537f965e548,describe_clever,likert5,3,3,True,validated,0
2fba1190-697a-4b38-b01d-2537f965e548,calm_pressure,freq5,3,3,True,validated,0
2fba1190-697a-4b38-b01d-2537f965e548,recover_setbacks,likert5,2,2,True,validated,0
2fba1190-697a-4b38-b01d-2537f965e548,rarely_overwhelmed,freq5,3,3,True,validated,0
2fba1190-697a-4b38-b01d-2537f965e548,handle_stress,likert5,3,3,True,validated,0
2fba1190-697a-4b38-b01d-2537f965e548,emotionally_balanced,freq5,3,3,True,validated,0
2fba1190-697a-4b38-b01d-2537f965e548,no_fear_speech,likert5,2,2,True,validated,0
2fba1190-697a-4b38-b01d-2537f965e548,relaxed_speech,freq5,3,3,True,validated,0
2fba1190-697a-4b38-b01d-2537f965e548,confident_speech,likert5,3,3,True,validated,0
2fba1190-697a-4b38-b01d-2537f965e548,natural_leader,freq5,3,3,True,validated,0
2fba1190-697a-4b38-b01d-2537f965e548,forget_speech,likert5,4,4,True,validated,0
2fba1190-697a-4b38-b01d-2537f965e548,confused_speech,freq5,3,3,True,validated,0
2a18902c-d3f5-4de3-91eb-68c35f3bb971,enjoy_student,likert5,5,5,True,validated,0
2a18902c-d3f5-4de3-91eb-68c35f3bb971,enjoy_learning,freq5,5,5,True,validated,0
2a18902c-d3f5-4de3-91eb-68c35f3bb971,see_smart,likert5,5,5,True,validated,0
2a18902c-d3f5-4de3-91eb-68c35f3bb971,studying_happy,freq5,5,5,True,validated,0
2a18902c-d3f5-4de3-91eb-68c35f3bb971,describe_clever,likert5,5,5,True,validated,0
2a18902c-d3f5-4de3-91eb-68c35f3bb971,calm_pressure,freq5,5,5,True,validated,0
2a18902c-d3f5-4de3-91eb-68c35f3bb971,recover_setbacks,likert5,5,5,True,validated,0
2a18902c-d3f5-4de3-91eb-68c35f3bb971,rarely_overwhelmed,freq5,2,2,True,validated,0
2a18902c-d3f5-4de3-91eb-68c35f3bb971,handle_stress,likert5,4,4,True,validated,0
2a18902c-d3f5-4de3-91eb-68c35f3bb971,emotionally_balanced,freq5,3,3,True,validated,0
2a18902c-d3f5-4de3-91eb-68c35f3bb971,no_fear_speech,likert5,5,5,True,validated,0
2a18902c-d3f5-4de3-91eb-68c35f3bb971,relaxed_speech,freq5,4,4,True,validated,0
2a18902c-d3f5-4de3-91eb-68c35f3bb971,confident_speech,likert5,5,5,True,validated,0
2a18902c-d3f5-4de3-91eb-68c35f3bb971,natural_leader,freq5,5,5,True,validated,0
2a18902c-d3f5-4de3-91eb-68c35f3bb971,forget_speech,likert5,3,3,True,validated,0
2a18902c-d3f5-4de3-91eb-68c35f3bb971,confused_speech,freq5,1,1,True,validated,0
c6ce079a-529d-4694-ae6a-b8f8ff15113d,enjoy_student,likert5,3,3,True,validated,0
c6ce079a-529d-4694-ae6a-b8f8ff15113d,enjoy_learning,freq5,3,3,True,validated,0
c6ce079a-529d-4694-ae6a-b8f8ff15113d,see_smart,likert5,2,2,True,validated,0
c6ce079a-529d-4694-ae6a-b8f8ff15113d,studying_happy,freq5,3,3,True,validated,0
c6ce079a-529d-4694-ae6a-b8f8ff15113d,describe_clever,likert5,3,3,True,validated,0
c6ce079a-529d-4694-ae6a-b8f8ff15113d,calm_pressure,freq5,3,3,True,validated,0
c6ce079a-529d-4694-ae6a-b8f8ff15113d,recover_setbacks,likert5,3,3,True,validated,0
c6ce079a-529d-4694-ae6a-b8f8ff15113d,rarely_overwhelmed,freq5,2,2,True,validated,0
c6ce079a-529d-4694-ae6a-b8f8ff15113d,handle_stress,likert5,3,3,True,validated,0
c6ce079a-529d-4694-ae6a-b8f8ff15113d,emotionally_balanced,freq5,3,3,True,validated,0
c6ce079a-529d-4694-ae6a-b8f8ff15113d,no_fear_speech,likert5,1,1,True,validated,0
c6ce079a-529d-4694-ae6a-b8f8ff15113d,relaxed_speech,freq5,2,2,True,validated,0
c6ce079a-529d-4694-ae6a-b8f8ff15113d,confident_speech,likert5,1,1,True,validated,0
c6ce079a-529d-4694-ae6a-b8f8ff15113d,natural_leader,freq5,1,1,True,validated,0
c6ce079a-529d-4694-ae6a-b8f8ff15113d,forget_speech,likert5,4,4,True,validated,0
c6ce079a-529d-4694-ae6a-b8f8ff15113d,confused_speech,freq5,3,3,True,validated,0
d9765706-e48b-4282-b9b5-973218fefb0e,enjoy_student,likert5,5,5,True,validated,0
d9765706-e48b-4282-b9b5-973218fefb0e,enjoy_learning,freq5,5,5,True,validated,0
d9765706-e48b-4282-b9b5-973218fefb0e,see_smart,likert5,4,4,True,validated,0
d9765706-e48b-4282-b9b5-973218fefb0e,studying_happy,freq5,3,3,True,validated,0
d9765706-e48b-4282-b9b5-973218fefb0e,describe_clever,likert5,5,5,True,validated,0
d9765706-e48b-4282-b9b5-973218fefb0e,calm_pressure,freq5,4,4,True,validated,0
d9765706-e48b-4282-b9b5-973218fefb0e,recover_setbacks,likert5,5,5,True,validated,0
d9765706-e48b-4282-b9b5-973218fefb0e,rarely_overwhelmed,freq5,2,2,True,validated,0
d9765706-e48b-4282-b9b5-973218fefb0e,handle_stress,likert5,3,3,True,validated,0
d9765706-e48b-4282-b9b5-973218fefb0e,emotionally_balanced,freq5,3,3,True,validated,0
d9765706-e48b-4282-b9b5-973218fefb0e,no_fear_speech,likert5,1,1,True,validated,0
d9765706-e48b-4282-b9b5-973218fefb0e,relaxed_speech,freq5,3,3,True,validated,0
d9765706-e48b-4282-b9b5-973218fefb0e,confident_speech,likert5,3,3,True,validated,0
d9765706-e48b-4282-b9b5-973218fefb0e,natural_leader,freq5,3,3,True,validated,0
d9765706-e48b-4282-b9b5-973218fefb0e,forget_speech,likert5,4,4,True,validated,0
d9765706-e48b-4282-b9b5-973218fefb0e,confused_speech,freq5,3,3,True,validated,0
3ae89d8f-f421-4005-84f5-1250f24ec5b3,enjoy_student,likert5,5,5,True,validated,0
3ae89d8f-f421-4005-84f5-1250f24ec5b3,enjoy_learning,freq5,5,5,True,validated,0
3ae89d8f-f421-4005-84f5-1250f24ec5b3,see_smart,likert5,5,5,True,validated,0
3ae89d8f-f421-4005-84f5-1250f24ec5b3,studying_happy,freq5,4,4,True,validated,0
3ae89d8f-f421-4005-84f5-1250f24ec5b3,describe_clever,likert5,5,5,True,validated,0
3ae89d8f-f421-4005-84f5-1250f24ec5b3,calm_pressure,freq5,4,4,True,validated,0
3ae89d8f-f421-4005-84f5-1250f24ec5b3,recover_setbacks,likert5,5,5,True,validated,0
3ae89d8f-f421-4005-84f5-1250f24ec5b3,rarely_overwhelmed,freq5,2,2,True,validated,0
3ae89d8f-f421-4005-84f5-1250f24ec5b3,handle_stress,likert5,5,5,True,validated,0
3ae89d8f-f421-4005-84f5-1250f24ec5b3,emotionally_balanced,freq5,3,3,True,validated,0
3ae89d8f-f421-4005-84f5-1250f24ec5b3,no_fear_speech,likert5,2,2,True,validated,0
3ae89d8f-f421-4005-84f5-1250f24ec5b3,relaxed_speech,freq5,3,3,True,validated,0
3ae89d8f-f421-4005-84f5-1250f24ec5b3,confident_speech,likert5,3,3,True,validated,0
3ae89d8f-f421-4005-84f5-1250f24ec5b3,natural_leader,freq5,4,4,True,validated,0
3ae89d8f-f421-4005-84f5-1250f24ec5b3,forget_speech,likert5,3,3,True,validated,0
3ae89d8f-f421-4005-84f5-1250f24ec5b3,confused_speech,freq5,3,3,True,validated,0
40195884-1a51-4a40-a431-70411f35c76d,enjoy_student,likert5,3,3,True,validated,0
40195884-1a51-4a40-a431-70411f35c76d,enjoy_learning,freq5,3,3,True,validated,0
40195884-1a51-4a40-a431-70411f35c76d,see_smart,likert5,3,3,True,validated,0
40195884-1a51-4a40-a431-70411f35c76d,studying_happy,freq5,2,2,True,validated,0
40195884-1a51-4a40-a431-70411f35c76d,describe_clever,likert5,3,3,True,validated,0
40195884-1a51-4a40-a431-70411f35c76d,calm_pressure,freq5,3,3,True,validated,0
40195884-1a51-4a40-a431-70411f35c76d,recover_setbacks,likert5,3,3,True,validated,0
40195884-1a51-4a40-a431-70411f35c76d,rarely_overwhelmed,freq5,3,3,True,validated,0
40195884-1a51-4a40-a431-70411f35c76d,handle_stress,likert5,2,2,True,validated,0
40195884-1a51-4a40-a431-70411f35c76d,emotionally_balanced,freq5,3,3,True,validated,0
40195884-1a51-4a40-a431-70411f35c76d,no_fear_speech,likert5,2,2,True,validated,0
40195884-1a51-4a40-a431-70411f35c76d,relaxed_speech,freq5,1,1,True,validated,0
40195884-1a51-4a40-a431-70411f35c76d,confident_speech,likert5,2,2,True,validated,0
40195884-1a51-4a40-a431-70411f35c76d,natural_leader,freq5,3,3,True,validated,0
40195884-1a51-4a40-a431-70411f35c76d,forget_speech,likert5,4,4,True,validated,0
40195884-1a51-4a40-a431-70411f35c76d,confused_speech,freq5,3,3,True,validated,0
3990f823-1c06-4b1c-8c4a-d54bd9de4cdb,enjoy_student,likert5,3,3,True,validated,0
3990f823-1c06-4b1c-8c4a-d54bd9de4cdb,enjoy_learning,freq5,4,4,True,validated,0
3990f823-1c06-4b1c-8c4a-d54bd9de4cdb,see_smart,likert5,3,3,True,validated,0
3990f823-1c06-4b1c-8c4a-d54bd9de4cdb,studying_happy,freq5,4,4,True,validated,0
3990f823-1c06-4b1c-8c4a-d54bd9de4cdb,describe_clever,likert5,3,3,True,validated,0
3990f823-1c06-4b1c-8c4a-d54bd9de4cdb,calm_pressure,freq5,5,5,True,validated,0
3990f823-1c06-4b1c-8c4a-d54bd9de4cdb,recover_setbacks,likert5,5,5,True,validated,0
3990f823-1c06-4b1c-8c4a-d54bd9de4cdb,rarely_overwhelmed,freq5,2,2,True,validated,0
3990f823-1c06-4b1c-8c4a-d54bd9de4cdb,handle_stress,likert5,4,4,True,validated,0
3990f823-1c06-4b1c-8c4a-d54bd9de4cdb,emotionally_balanced,freq5,3,3,True,validated,0
3990f823-1c06-4b1c-8c4a-d54bd9de4cdb,no_fear_speech,likert5,5,5,True,validated,0
3990f823-1c06-4b1c-8c4a-d54bd9de4cdb,relaxed_speech,freq5,3,3,True,validated,0
3990f823-1c06-4b1c-8c4a-d54bd9de4cdb,confident_speech,likert5,5,5,True,validated,0
3990f823-1c06-4b1c-8c4a-d54bd9de4cdb,natural_leader,freq5,3,3,True,validated,0
3990f823-1c06-4b1c-8c4a-d54bd9de4cdb,forget_speech,likert5,1,1,True,validated,0
3990f823-1c06-4b1c-8c4a-d54bd9de4cdb,confused_speech,freq5,1,1,True,validated,0
2b604fb2-eaf3-497b-a112-884d4ee0f050,enjoy_student,likert5,4,4,True,validated,0
2b604fb2-eaf3-497b-a112-884d4ee0f050,enjoy_learning,freq5,4,4,True,validated,0
2b604fb2-eaf3-497b-a112-884d4ee0f050,see_smart,likert5,3,3,True,validated,0
2b604fb2-eaf3-497b-a112-884d4ee0f050,studying_happy,freq5,3,3,True,validated,0
2b604fb2-eaf3-497b-a112-884d4ee0f050,describe_clever,likert5,4,4,True,validated,0
2b604fb2-eaf3-497b-a112-884d4ee0f050,calm_pressure,freq5,4,4,True,validated,0
2b604fb2-eaf3-497b-a112-884d4ee0f050,recover_setbacks,likert5,5,5,True,validated,0
2b604fb2-eaf3-497b-a112-884d4ee0f050,rarely_overwhelmed,freq5,4,4,True,validated,0
2b604fb2-eaf3-497b-a112-884d4ee0f050,handle_stress,likert5,5,5,True,validated,0
2b604fb2-eaf3-497b-a112-884d4ee0f050,emotionally_balanced,freq5,3,3,True,validated,0
2b604fb2-eaf3-497b-a112-884d4ee0f050,no_fear_speech,likert5,3,3,True,validated,0
2b604fb2-eaf3-497b-a112-884d4ee0f050,relaxed_speech,freq5,3,3,True,validated,0
2b604fb2-eaf3-497b-a112-884d4ee0f050,confident_speech,likert5,4,4,True,validated,0
2b604fb2-eaf3-497b-a112-884d4ee0f050,natural_leader,freq5,4,4,True,validated,0
2b604fb2-eaf3-497b-a112-884d4ee0f050,forget_speech,likert5,3,3,True,validated,0
2b604fb2-eaf3-497b-a112-884d4ee0f050,confused_speech,freq5,2,2,True,validated,0
831e15b5-f7bb-4d55-9f2a-b60215499d7c,enjoy_student,likert5,4,4,True,validated,0
831e15b5-f7bb-4d55-9f2a-b60215499d7c,enjoy_learning,freq5,4,4,True,validated,0
831e15b5-f7bb-4d55-9f2a-b60215499d7c,see_smart,likert5,3,3,True,validated,0
831e15b5-f7bb-4d55-9f2a-b60215499d7c,studying_happy,freq5,3,3,True,validated,0
831e15b5-f7bb-4d55-9f2a-b60215499d7c,describe_clever,likert5,4,4,True,validated,0
831e15b5-f7bb-4d55-9f2a-b60215499d7c,calm_pressure,freq5,3,3,True,validated,0
831e15b5-f7bb-4d55-9f2a-b60215499d7c,recover_setbacks,likert5,3,3,True,validated,0
831e15b5-f7bb-4d55-9f2a-b60215499d7c,rarely_overwhelmed,freq5,4,4,True,validated,0
831e15b5-f7bb-4d55-9f2a-b60215499d7c,handle_stress,likert5,3,3,True,validated,0
831e15b5-f7bb-4d55-9f2a-b60215499d7c,emotionally_balanced,freq5,3,3,True,validated,0
831e15b5-f7bb-4d55-9f2a-b60215499d7c,no_fear_speech,likert5,1,1,True,validated,0
831e15b5-f7bb-4d55-9f2a-b60215499d7c,relaxed_speech,freq5,2,2,True,validated,0
831e15b5-f7bb-4d55-9f2a-b60215499d7c,confident_speech,likert5,2,2,True,validated,0
831e15b5-f7bb-4d55-9f2a-b60215499d7c,natural_leader,freq5,3,3,True,validated,0
831e15b5-f7bb-4d55-9f2a-b60215499d7c,forget_speech,likert5,4,4,True,validated,0
831e15b5-f7bb-4d55-9f2a-b60215499d7c,confused_speech,freq5,3,3,True,validated,0
af7b2041-953b-4544-b633-f9fdaf61f858,enjoy_student,likert5,3,3,True,validated,0
af7b2041-953b-4544-b633-f9fdaf61f858,enjoy_learning,freq5,4,4,True,validated,0
af7b2041-953b-4544-b633-f9fdaf61f858,see_smart,likert5,3,3,True,validated,0
af7b2041-953b-4544-b633-f9fdaf61f858,studying_happy,freq5,3,3,True,validated,0
af7b2041-953b-4544-b633-f9fdaf61f858,describe_clever,likert5,3,3,True,validated,0
af7b2041-953b-4544-b633-f9fdaf61f858,calm_pressure,freq5,3,3,True,validated,0
af7b2041-953b-4544-b633-f9fdaf61f858,recover_setbacks,likert5,4,4,True,validated,0
af7b2041-953b-4544-b633-f9fdaf61f858,rarely_overwhelmed,freq5,4,4,True,validated,0
af7b2041-953b-4544-b633-f9fdaf61f858,handle_stress,likert5,3,3,True,validated,0
af7b2041-953b-4544-b633-f9fdaf61f858,emotionally_balanced,freq5,3,3,True,validated,0
af7b2041-953b-4544-b633-f9fdaf61f858,no_fear_speech,likert5,3,3,True,validated,0
af7b2041-953b-4544-b633-f9fdaf61f858,relaxed_speech,freq5,3,3,True,validated,0
af7b2041-953b-4544-b633-f9fdaf61f858,confident_speech,likert5,2,2,True,validated,0
af7b2041-953b-4544-b633-f9fdaf61f858,natural_leader,freq5,3,3,True,validated,0
af7b2041-953b-4544-b633-f9fdaf61f858,forget_speech,likert5,4,4,True,validated,0
af7b2041-953b-4544-b633-f9fdaf61f858,confused_speech,freq5,3,3,True,validated,0
83b1e6d4-6dfc-4eff-8ed1-b4d159655f14,enjoy_student,likert5,3,3,True,validated,0
83b1e6d4-6dfc-4eff-8ed1-b4d159655f14,enjoy_learning,freq5,4,4,True,validated,0
83b1e6d4-6dfc-4eff-8ed1-b4d159655f14,see_smart,likert5,5,5,True,validated,0
83b1e6d4-6dfc-4eff-8ed1-b4d159655f14,studying_happy,freq5,4,4,True,validated,0
83b1e6d4-6dfc-4eff-8ed1-b4d159655f14,describe_clever,likert5,5,5,True,validated,0
83b1e6d4-6dfc-4eff-8ed1-b4d159655f14,calm_pressure,freq5,5,5,True,validated,0
83b1e6d4-6dfc-4eff-8ed1-b4d159655f14,recover_setbacks,likert5,4,4,True,validated,0
83b1e6d4-6dfc-4eff-8ed1-b4d159655f14,rarely_overwhelmed,freq5,3,3,True,validated,0
83b1e6d4-6dfc-4eff-8ed1-b4d159655f14,handle_stress,likert5,2,2,True,validated,0
83b1e6d4-6dfc-4eff-8ed1-b4d159655f14,emotionally_balanced,freq5,3,3,True,validated,0
83b1e6d4-6dfc-4eff-8ed1-b4d159655f14,no_fear_speech,likert5,2,2,True,validated,0
83b1e6d4-6dfc-4eff-8ed1-b4d159655f14,relaxed_speech,freq5,3,3,True,validated,0
83b1e6d4-6dfc-4eff-8ed1-b4d159655f14,confident_speech,likert5,2,2,True,validated,0
83b1e6d4-6dfc-4eff-8ed1-b4d159655f14,natural_leader,freq5,3,3,True,validated,0
83b1e6d4-6dfc-4eff-8ed1-b4d159655f14,forget_speech,likert5,4,4,True,validated,0
83b1e6d4-6dfc-4eff-8ed1-b4d159655f14,confused_speech,freq5,3,3,True,validated,0
09485ec8-7989-49f8-8f00-67cc7425967c,enjoy_student,likert5,4,4,True,validated,0
09485ec8-7989-49f8-8f00-67cc7425967c,enjoy_learning,freq5,4,4,True,validated,0
09485ec8-7989-49f8-8f00-67cc7425967c,see_smart,likert5,5,5,True,validated,0
09485ec8-7989-49f8-8f00-67cc7425967c,studying_happy,freq5,3,3,True,validated,0
09485ec8-7989-49f8-8f00-67cc7425967c,describe_clever,likert5,5,5,True,validated,0
09485ec8-7989-49f8-8f00-67cc7425967c,calm_pressure,freq5,3,3,True,validated,0
09485ec8-7989-49f8-8f00-67cc7425967c,recover_setbacks,likert5,4,4,True,validated,0
09485ec8-7989-49f8-8f00-67cc7425967c,rarely_overwhelmed,freq5,2,2,True,validated,0
09485ec8-7989-49f8-8f00-67cc7425967c,handle_stress,likert5,4,4,True,validated,0
09485ec8-7989-49f8-8f00-67cc7425967c,emotionally_balanced,freq5,3,3,True,validated,0
09485ec8-7989-49f8-8f00-67cc7425967c,no_fear_speech,likert5,4,4,True,validated,0
09485ec8-7989-49f8-8f00-67cc7425967c,relaxed_speech,freq5,3,3,True,validated,0
09485ec8-7989-49f8-8f00-67cc7425967c,confident_speech,likert5,4,4,True,validated,0
09485ec8-7989-49f8-8f00-67cc7425967c,natural_leader,freq5,4,4,True,validated,0
09485ec8-7989-49f8-8f00-67cc7425967c,forget_speech,likert5,3,3,True,validated,0
09485ec8-7989-49f8-8f00-67cc7425967c,confused_speech,freq5,3,3,True,validated,0
114af0a6-2c9f-4422-9733-cf3e774b6020,enjoy_student,likert5,3,3,True,validated,0
114af0a6-2c9f-4422-9733-cf3e774b6020,enjoy_learning,freq5,3,3,True,validated,0
114af0a6-2c9f-4422-9733-cf3e774b6020,see_smart,likert5,3,3,True,validated,0
114af0a6-2c9f-4422-9733-cf3e774b6020,studying_happy,freq5,3,3,True,validated,0
114af0a6-2c9f-4422-9733-cf3e774b6020,describe_clever,likert5,3,3,True,validated,0
114af0a6-2c9f-4422-9733-cf3e774b6020,calm_pressure,freq5,3,3,True,validated,0
114af0a6-2c9f-4422-9733-cf3e774b6020,recover_setbacks,likert5,3,3,True,validated,0
114af0a6-2c9f-4422-9733-cf3e774b6020,rarely_overwhelmed,freq5,3,3,True,validated,0
114af0a6-2c9f-4422-9733-cf3e774b6020,handle_stress,likert5,2,2,True,validated,0
114af0a6-2c9f-4422-9733-cf3e774b6020,emotionally_balanced,freq5,3,3,True,validated,0
114af0a6-2c9f-4422-9733-cf3e774b6020,no_fear_speech,likert5,5,5,True,validated,0
114af0a6-2c9f-4422-9733-cf3e774b6020,relaxed_speech,freq5,3,3,True,validated,0
114af0a6-2c9f-4422-9733-cf3e774b6020,confident_speech,likert5,4,4,True,validated,0
114af0a6-2c9f-4422-9733-cf3e774b6020,natural_leader,freq5,4,4,True,validated,0
114af0a6-2c9f-4422-9733-cf3e774b6020,forget_speech,likert5,3,3,True,validated,0
114af0a6-2c9f-4422-9733-cf3e774b6020,confused_speech,freq5,3,3,True,validated,0
acdcd530-ae0a-4078-a88e-b2ee86331eae,enjoy_student,likert5,5,5,True,validated,0
acdcd530-ae0a-4078-a88e-b2ee86331eae,enjoy_learning,freq5,5,5,True,validated,0
acdcd530-ae0a-4078-a88e-b2ee86331eae,see_smart,likert5,5,5,True,validated,0
acdcd530-ae0a-4078-a88e-b2ee86331eae,studying_happy,freq5,3,3,True,validated,0
acdcd530-ae0a-4078-a88e-b2ee86331eae,describe_clever,likert5,5,5,True,validated,0
acdcd530-ae0a-4078-a88e-b2ee86331eae,calm_pressure,freq5,5,5,True,validated,0
acdcd530-ae0a-4078-a88e-b2ee86331eae,recover_setbacks,likert5,5,5,True,validated,0
acdcd530-ae0a-4078-a88e-b2ee86331eae,rarely_overwhelmed,freq5,2,2,True,validated,0
acdcd530-ae0a-4078-a88e-b2ee86331eae,handle_stress,likert5,5,5,True,validated,0
acdcd530-ae0a-4078-a88e-b2ee86331eae,emotionally_balanced,freq5,3,3,True,validated,0
acdcd530-ae0a-4078-a88e-b2ee86331eae,no_fear_speech,likert5,2,2,True,validated,0
acdcd530-ae0a-4078-a88e-b2ee86331eae,relaxed_speech,freq5,3,3,True,validated,0
acdcd530-ae0a-4078-a88e-b2ee86331eae,confident_speech,likert5,3,3,True,validated,0
acdcd530-ae0a-4078-a88e-b2ee86331eae,natural_leader,freq5,3,3,True,validated,0
acdcd530-ae0a-4078-a88e-b2ee86331eae,forget_speech,likert5,4,4,True,validated,0
acdcd530-ae0a-4078-a88e-b2ee86331eae,confused_speech,freq5,3,3,True,validated,0
1aa39ec5-7a86-45f8-91d7-766b95cf36a9,enjoy_student,likert5,3,3,True,validated,0
1aa39ec5-7a86-45f8-91d7-766b95cf36a9,enjoy_learning,freq5,4,4,True,validated,0
1aa39ec5-7a86-45f8-91d7-766b95cf36a9,see_smart,likert5,5,5,True,validated,0
1aa39ec5-7a86-45f8-91d7-766b95cf36a9,studying_happy,freq5,3,3,True,validated,0
1aa39ec5-7a86-45f8-91d7-766b95cf36a9,describe_clever,likert5,5,5,True,validated,0
1aa39ec5-7a86-45f8-91d7-766b95cf36a9,calm_pressure,freq5,3,3,True,validated,0
1aa39ec5-7a86-45f8-91d7-766b95cf36a9,recover_setbacks,likert5,4,4,True,validated,0
1aa39ec5-7a86-45f8-91d7-766b95cf36a9,rarely_overwhelmed,freq5,2,2,True,validated,0
1aa39ec5-7a86-45f8-91d7-766b95cf36a9,handle_stress,likert5,3,3,True,validated,0
1aa39ec5-7a86-45f8-91d7-766b95cf36a9,emotionally_balanced,freq5,3,3,True,validated,0
1aa39ec5-7a86-45f8-91d7-766b95cf36a9,no_fear_speech,likert5,5,5,True,validated,0
1aa39ec5-7a86-45f8-91d7-766b95cf36a9,relaxed_speech,freq5,3,3,True,validated,0
1aa39ec5-7a86-45f8-91d7-766b95cf36a9,confident_speech,likert5,4,4,True,validated,0
1aa39ec5-7a86-45f8-91d7-766b95cf36a9,natural_leader,freq5,3,3,True,validated,0
1aa39ec5-7a86-45f8-91d7-766b95cf36a9,forget_speech,likert5,4,4,True,validated,0
1aa39ec5-7a86-45f8-91d7-766b95cf36a9,confused_speech,freq5,3,3,True,validated,0
5b3bdf0f-d82d-44eb-a243-02d37ad83113,enjoy_student,likert5,4,4,True,validated,0
5b3bdf0f-d82d-44eb-a243-02d37ad83113,enjoy_learning,freq5,4,4,True,validated,0
5b3bdf0f-d82d-44eb-a243-02d37ad83113,see_smart,likert5,4,4,True,validated,0
5b3bdf0f-d82d-44eb-a243-02d37ad83113,studying_happy,freq5,4,4,True,validated,0
5b3bdf0f-d82d-44eb-a243-02d37ad83113,describe_clever,likert5,4,4,True,validated,0
5b3bdf0f-d82d-44eb-a243-02d37ad83113,calm_pressure,freq5,5,5,True,validated,0
5b3bdf0f-d82d-44eb-a243-02d37ad83113,recover_setbacks,likert5,3,3,True,validated,0
5b3bdf0f-d82d-44eb-a243-02d37ad83113,rarely_overwhelmed,freq5,5,5,True,validated,0
5b3bdf0f-d82d-44eb-a243-02d37ad83113,handle_stress,likert5,4,4,True,validated,0
5b3bdf0f-d82d-44eb-a243-02d37ad83113,emotionally_balanced,freq5,3,3,True,validated,0
5b3bdf0f-d82d-44eb-a243-02d37ad83113,no_fear_speech,likert5,5,5,True,validated,0
5b3bdf0f-d82d-44eb-a243-02d37ad83113,relaxed_speech,freq5,3,3,True,validated,0
5b3bdf0f-d82d-44eb-a243-02d37ad83113,confident_speech,likert5,4,4,True,validated,0
5b3bdf0f-d82d-44eb-a243-02d37ad83113,natural_leader,freq5,3,3,True,validated,0
5b3bdf0f-d82d-44eb-a243-02d37ad83113,forget_speech,likert5,4,4,True,validated,0
5b3bdf0f-d82d-44eb-a243-02d37ad83113,confused_speech,freq5,3,3,True,validated,0
4c370b37-765c-426f-98fa-4f81af6fd13e,enjoy_student,likert5,3,3,True,validated,0
4c370b37-765c-426f-98fa-4f81af6fd13e,enjoy_learning,freq5,4,4,True,validated,0
4c370b37-765c-426f-98fa-4f81af6fd13e,see_smart,likert5,3,3,True,validated,0
4c370b37-765c-426f-98fa-4f81af6fd13e,studying_happy,freq5,5,5,True,validated,0
4c370b37-765c-426f-98fa-4f81af6fd13e,describe_clever,likert5,4,4,True,validated,0
4c370b37-765c-426f-98fa-4f81af6fd13e,calm_pressure,freq5,4,4,True,validated,0
4c370b37-765c-426f-98fa-4f81af6fd13e,recover_setbacks,likert5,4,4,True,validated,0
4c370b37-765c-426f-98fa-4f81af6fd13e,rarely_overwhelmed,freq5,2,2,True,validated,0
4c370b37-765c-426f-98fa-4f81af6fd13e,handle_stress,likert5,4,4,True,validated,0
4c370b37-765c-426f-98fa-4f81af6fd13e,emotionally_balanced,freq5,3,3,True,validated,0
4c370b37-765c-426f-98fa-4f81af6fd13e,no_fear_speech,likert5,4,4,True,validated,0
4c370b37-765c-426f-98fa-4f81af6fd13e,relaxed_speech,freq5,3,3,True,validated,0
4c370b37-765c-426f-98fa-4f81af6fd13e,confident_speech,likert5,4,4,True,validated,0
4c370b37-765c-426f-98fa-4f81af6fd13e,natural_leader,freq5,4,4,True,validated,0
4c370b37-765c-426f-98fa-4f81af6fd13e,forget_speech,likert5,4,4,True,validated,0
4c370b37-765c-426f-98fa-4f81af6fd13e,confused_speech,freq5,3,3,True,validated,0
fb2ae67f-55e4-4084-8306-1c1183ccdfb7,enjoy_student,likert5,5,5,True,validated,0
fb2ae67f-55e4-4084-8306-1c1183ccdfb7,enjoy_learning,freq5,4,4,True,validated,0
fb2ae67f-55e4-4084-8306-1c1183ccdfb7,see_smart,likert5,3,3,True,validated,0
fb2ae67f-55e4-4084-8306-1c1183ccdfb7,studying_happy,freq5,4,4,True,validated,0
fb2ae67f-55e4-4084-8306-1c1183ccdfb7,describe_clever,likert5,4,4,True,validated,0
fb2ae67f-55e4-4084-8306-1c1183ccdfb7,calm_pressure,freq5,3,3,True,validated,0
fb2ae67f-55e4-4084-8306-1c1183ccdfb7,recover_setbacks,likert5,5,5,True,validated,0
fb2ae67f-55e4-4084-8306-1c1183ccdfb7,rarely_overwhelmed,freq5,2,2,True,validated,0
fb2ae67f-55e4-4084-8306-1c1183ccdfb7,handle_stress,likert5,3,3,True,validated,0
fb2ae67f-55e4-4084-8306-1c1183ccdfb7,emotionally_balanced,freq5,3,3,True,validated,0
fb2ae67f-55e4-4084-8306-1c1183ccdfb7,no_fear_speech,likert5,4,4,True,validated,0
fb2ae67f-55e4-4084-8306-1c1183ccdfb7,relaxed_speech,freq5,3,3,True,validated,0
fb2ae67f-55e4-4084-8306-1c1183ccdfb7,confident_speech,likert5,3,3,True,validated,0
fb2ae67f-55e4-4084-8306-1c1183ccdfb7,natural_leader,freq5,4,4,True,validated,0
fb2ae67f-55e4-4084-8306-1c1183ccdfb7,forget_speech,likert5,3,3,True,validated,0
fb2ae67f-55e4-4084-8306-1c1183ccdfb7,confused_speech,freq5,3,3,True,validated,0
7befd7d1-ea63-484d-9420-480b4f6aad02,enjoy_student,likert5,4,4,True,validated,0
7befd7d1-ea63-484d-9420-480b4f6aad02,enjoy_learning,freq5,5,5,True,validated,0
7befd7d1-ea63-484d-9420-480b4f6aad02,see_smart,likert5,5,5,True,validated,0
7befd7d1-ea63-484d-9420-480b4f6aad02,studying_happy,freq5,3,3,True,validated,0
7befd7d1-ea63-484d-9420-480b4f6aad02,describe_clever,likert5,4,4,True,validated,0
7befd7d1-ea63-484d-9420-480b4f6aad02,calm_pressure,freq5,4,4,True,validated,0
7befd7d1-ea63-484d-9420-480b4f6aad02,recover_setbacks,likert5,5,5,True,validated,0
7befd7d1-ea63-484d-9420-480b4f6aad02,rarely_overwhelmed,freq5,2,2,True,validated,0
7befd7d1-ea63-484d-9420-480b4f6aad02,handle_stress,likert5,5,5,True,validated,0
7befd7d1-ea63-484d-9420-480b4f6aad02,emotionally_balanced,freq5,3,3,True,validated,0
7befd7d1-ea63-484d-9420-480b4f6aad02,no_fear_speech,likert5,5,5,True,validated,0
7befd7d1-ea63-484d-9420-480b4f6aad02,relaxed_speech,freq5,4,4,True,validated,0
7befd7d1-ea63-484d-9420-480b4f6aad02,confident_speech,likert5,5,5,True,validated,0
7befd7d1-ea63-484d-9420-480b4f6aad02,natural_leader,freq5,3,3,True,validated,0
7befd7d1-ea63-484d-9420-480b4f6aad02,forget_speech,likert5,2,2,True,validated,0
7befd7d1-ea63-484d-9420-480b4f6aad02,confused_speech,freq5,1,1,True,validated,0
a7874f13-b4a0-416c-b2bc-c9b793d9355e,enjoy_student,likert5,3,3,True,validated,0
a7874f13-b4a0-416c-b2bc-c9b793d9355e,enjoy_learning,freq5,4,4,True,validated,0
a7874f13-b4a0-416c-b2bc-c9b793d9355e,see_smart,likert5,3,3,True,validated,0
a7874f13-b4a0-416c-b2bc-c9b793d9355e,studying_happy,freq5,3,3,True,validated,0
a7874f13-b4a0-416c-b2bc-c9b793d9355e,describe_clever,likert5,4,4,True,validated,0
a7874f13-b4a0-416c-b2bc-c9b793d9355e,calm_pressure,freq5,3,3,True,validated,0
a7874f13-b4a0-416c-b2bc-c9b793d9355e,recover_setbacks,likert5,4,4,True,validated,0
a7874f13-b4a0-416c-b2bc-c9b793d9355e,rarely_overwhelmed,freq5,3,3,True,validated,0
a7874f13-b4a0-416c-b2bc-c9b793d9355e,handle_stress,likert5,3,3,True,validated,0
a7874f13-b4a0-416c-b2bc-c9b793d9355e,emotionally_balanced,freq5,3,3,True,validated,0
a7874f13-b4a0-416c-b2bc-c9b793d9355e,no_fear_speech,likert5,3,3,True,validated,0
a7874f13-b4a0-416c-b2bc-c9b793d9355e,relaxed_speech,freq5,3,3,True,validated,0
a7874f13-b4a0-416c-b2bc-c9b793d9355e,confident_speech,likert5,3,3,True,validated,0
a7874f13-b4a0-416c-b2bc-c9b793d9355e,natural_leader,freq5,2,2,True,validated,0
a7874f13-b4a0-416c-b2bc-c9b793d9355e,forget_speech,likert5,3,3,True,validated,0
a7874f13-b4a0-416c-b2bc-c9b793d9355e,confused_speech,freq5,3,3,True,validated,0
c02a0eac-d6bf-46b4-b02e-178753671833,enjoy_student,likert5,2,2,True,validated,0
c02a0eac-d6bf-46b4-b02e-178753671833,enjoy_learning,freq5,4,4,True,validated,0
c02a0eac-d6bf-46b4-b02e-178753671833,see_smart,likert5,3,3,True,validated,0
c02a0eac-d6bf-46b4-b02e-178753671833,studying_happy,freq5,3,3,True,validated,0
c02a0eac-d6bf-46b4-b02e-178753671833,describe_clever,likert5,3,3,True,validated,0
c02a0eac-d6bf-46b4-b02e-178753671833,calm_pressure,freq5,3,3,True,validated,0
c02a0eac-d6bf-46b4-b02e-178753671833,recover_setbacks,likert5,3,3,True,validated,0
c02a0eac-d6bf-46b4-b02e-178753671833,rarely_overwhelmed,freq5,2,2,True,validated,0
c02a0eac-d6bf-46b4-b02e-178753671833,handle_stress,likert5,1,1,True,validated,0
c02a0eac-d6bf-46b4-b02e-178753671833,emotionally_balanced,freq5,3,3,True,validated,0
c02a0eac-d6bf-46b4-b02e-178753671833,no_fear_speech,likert5,5,5,True,validated,0
c02a0eac-d6bf-46b4-b02e-178753671833,relaxed_speech,freq5,3,3,True,validated,0
c02a0eac-d6bf-46b4-b02e-178753671833,confident_speech,likert5,5,5,True,validated,0
c02a0eac-d6bf-46b4-b02e-178753671833,natural_leader,freq5,2,2,True,validated,0
c02a0eac-d6bf-46b4-b02e-178753671833,forget_speech,likert5,4,4,True,validated,0
c02a0eac-d6bf-46b4-b02e-178753671833,confused_speech,freq5,3,3,True,validated,0
cd7e16f1-ba54-4ca5-9dac-b5a13daeef83,enjoy_student,likert5,5,5,True,validated,0
cd7e16f1-ba54-4ca5-9dac-b5a13daeef83,enjoy_learning,freq5,5,5,True,validated,0
cd7e16f1-ba54-4ca5-9dac-b5a13daeef83,see_smart,likert5,5,5,True,validated,0
cd7e16f1-ba54-4ca5-9dac-b5a13daeef83,studying_happy,freq5,4,4,True,validated,0
cd7e16f1-ba54-4ca5-9dac-b5a13daeef83,describe_clever,likert5,5,5,True,validated,0
cd7e16f1-ba54-4ca5-9dac-b5a13daeef83,calm_pressure,freq5,5,5,True,validated,0
cd7e16f1-ba54-4ca5-9dac-b5a13daeef83,recover_setbacks,likert5,4,4,True,validated,0
cd7e16f1-ba54-4ca5-9dac-b5a13daeef83,rarely_overwhelmed,freq5,2,2,True,validated,0
cd7e16f1-ba54-4ca5-9dac-b5a13daeef83,handle_stress,likert5,4,4,True,validated,0
cd7e16f1-ba54-4ca5-9dac-b5a13daeef83,emotionally_balanced,freq5,3,3,True,validated,0
cd7e16f1-ba54-4ca5-9dac-b5a13daeef83,no_fear_speech,likert5,4,4,True,validated,0
cd7e16f1-ba54-4ca5-9dac-b5a13daeef83,relaxed_speech,freq5,4,4,True,validated,0
cd7e16f1-ba54-4ca5-9dac-b5a13daeef83,confident_speech,likert5,4,4,True,validated,0
cd7e16f1-ba54-4ca5-9dac-b5a13daeef83,natural_leader,freq5,4,4,True,validated,0
cd7e16f1-ba54-4ca5-9dac-b5a13daeef83,forget_speech,likert5,3,3,True,validated,0
cd7e16f1-ba54-4ca5-9dac-b5a13daeef83,confused_speech,freq5,3,3,True,validated,0
9c459c4e-384b-4e89-8d4d-96a0f7fc3b6c,enjoy_student,likert5,4,4,True,validated,0
9c459c4e-384b-4e89-8d4d-96a0f7fc3b6c,enjoy_learning,freq5,5,5,True,validated,0
9c459c4e-384b-4e89-8d4d-96a0f7fc3b6c,see_smart,likert5,5,5,True,validated,0
9c459c4e-384b-4e89-8d4d-96a0f7fc3b6c,studying_happy,freq5,5,5,True,validated,0
9c459c4e-384b-4e89-8d4d-96a0f7fc3b6c,describe_clever,likert5,5,5,True,validated,0
9c459c4e-384b-4e89-8d4d-96a0f7fc3b6c,calm_pressure,freq5,4,4,True,validated,0
9c459c4e-384b-4e89-8d4d-96a0f7fc3b6c,recover_setbacks,likert5,5,5,True,validated,0
9c459c4e-384b-4e89-8d4d-96a0f7fc3b6c,rarely_overwhelmed,freq5,2,2,True,validated,0
9c459c4e-384b-4e89-8d4d-96a0f7fc3b6c,handle_stress,likert5,5,5,True,validated,0
9c459c4e-384b-4e89-8d4d-96a0f7fc3b6c,emotionally_balanced,freq5,3,3,True,validated,0
9c459c4e-384b-4e89-8d4d-96a0f7fc3b6c,no_fear_speech,likert5,2,2,True,validated,0
9c459c4e-384b-4e89-8d4d-96a0f7fc3b6c,relaxed_speech,freq5,3,3,True,validated,0
9c459c4e-384b-4e89-8d4d-96a0f7fc3b6c,confident_speech,likert5,5,5,True,validated,0
9c459c4e-384b-4e89-8d4d-96a0f7fc3b6c,natural_leader,freq5,5,5,True,validated,0
9c459c4e-384b-4e89-8d4d-96a0f7fc3b6c,forget_speech,likert5,4,4,True,validated,0
9c459c4e-384b-4e89-8d4d-96a0f7fc3b6c,confused_speech,freq5,3,3,True,validated,0
df681b6c-4940-47ee-8a63-48d9f1ccef71,enjoy_student,likert5,3,3,True,validated,0
df681b6c-4940-47ee-8a63-48d9f1ccef71,enjoy_learning,freq5,4,4,True,validated,0
df681b6c-4940-47ee-8a63-48d9f1ccef71,see_smart,likert5,3,3,True,validated,0
df681b6c-4940-47ee-8a63-48d9f1ccef71,studying_happy,freq5,3,3,True,validated,0
df681b6c-4940-47ee-8a63-48d9f1ccef71,describe_clever,likert5,4,4,True,validated,0
df681b6c-4940-47ee-8a63-48d9f1ccef71,calm_pressure,freq5,3,3,True,validated,0
df681b6c-4940-47ee-8a63-48d9f1ccef71,recover_setbacks,likert5,4,4,True,validated,0
df681b6c-4940-47ee-8a63-48d9f1ccef71,rarely_overwhelmed,freq5,2,2,True,validated,0
df681b6c-4940-47ee-8a63-48d9f1ccef71,handle_stress,likert5,3,3,True,validated,0
df681b6c-4940-47ee-8a63-48d9f1ccef71,emotionally_balanced,freq5,1,1,True,validated,0
df681b6c-4940-47ee-8a63-48d9f1ccef71,no_fear_speech,likert5,3,3,True,validated,0
df681b6c-4940-47ee-8a63-48d9f1ccef71,relaxed_speech,freq5,2,2,True,validated,0
df681b6c-4940-47ee-8a63-48d9f1ccef71,confident_speech,likert5,2,2,True,validated,0
df681b6c-4940-47ee-8a63-48d9f1ccef71,natural_leader,freq5,1,1,True,validated,0
df681b6c-4940-47ee-8a63-48d9f1ccef71,forget_speech,likert5,4,4,True,validated,0
df681b6c-4940-47ee-8a63-48d9f1ccef71,confused_speech,freq5,3,3,True,validated,0
14253db8-04a2-40a5-bda3-7b0df3598450,enjoy_student,likert5,3,3,True,validated,0
14253db8-04a2-40a5-bda3-7b0df3598450,enjoy_learning,freq5,4,4,True,validated,0
14253db8-04a2-40a5-bda3-7b0df3598450,see_smart,likert5,5,5,True,validated,0
14253db8-04a2-40a5-bda3-7b0df3598450,studying_happy,freq5,3,3,True,validated,0
14253db8-04a2-40a5-bda3-7b0df3598450,describe_clever,likert5,5,5,True,validated,0
14253db8-04a2-40a5-bda3-7b0df3598450,calm_pressure,freq5,5,5,True,validated,0
14253db8-04a2-40a5-bda3-7b0df3598450,recover_setbacks,likert5,4,4,True,validated,0
14253db8-04a2-40a5-bda3-7b0df3598450,rarely_overwhelmed,freq5,3,3,True,validated,0
14253db8-04a2-40a5-bda3-7b0df3598450,handle_stress,likert5,4,4,True,validated,0
14253db8-04a2-40a5-bda3-7b0df3598450,emotionally_balanced,freq5,3,3,True,validated,0
14253db8-04a2-40a5-bda3-7b0df3598450,no_fear_speech,likert5,4,4,True,validated,0
14253db8-04a2-40a5-bda3-7b0df3598450,relaxed_speech,freq5,3,3,True,validated,0
14253db8-04a2-40a5-bda3-7b0df3598450,confident_speech,likert5,5,5,True,validated,0
14253db8-04a2-40a5-bda3-7b0df3598450,natural_leader,freq5,4,4,True,validated,0
14253db8-04a2-40a5-bda3-7b0df3598450,forget_speech,likert5,3,3,True,validated,0
14253db8-04a2-40a5-bda3-7b0df3598450,confused_speech,freq5,3,3,True,validated,0
9cfda160-2b4e-4eb2-997d-ab15dcf4b6a6,enjoy_student,likert5,3,3,True,validated,0
9cfda160-2b4e-4eb2-997d-ab15dcf4b6a6,enjoy_learning,freq5,4,4,True,validated,0
9cfda160-2b4e-4eb2-997d-ab15dcf4b6a6,see_smart,likert5,3,3,True,validated,0
9cfda160-2b4e-4eb2-997d-ab15dcf4b6a6,studying_happy,freq5,3,3,True,validated,0
9cfda160-2b4e-4eb2-997d-ab15dcf4b6a6,describe_clever,likert5,3,3,True,validated,0
9cfda160-2b4e-4eb2-997d-ab15dcf4b6a6,calm_pressure,freq5,3,3,True,validated,0
9cfda160-2b4e-4eb2-997d-ab15dcf4b6a6,recover_setbacks,likert5,4,4,True,validated,0
9cfda160-2b4e-4eb2-997d-ab15dcf4b6a6,rarely_overwhelmed,freq5,3,3,True,validated,0
9cfda160-2b4e-4eb2-997d-ab15dcf4b6a6,handle_stress,likert5,3,3,True,validated,0
9cfda160-2b4e-4eb2-997d-ab15dcf4b6a6,emotionally_balanced,freq5,3,3,True,validated,0
9cfda160-2b4e-4eb2-997d-ab15dcf4b6a6,no_fear_speech,likert5,2,2,True,validated,0
9cfda160-2b4e-4eb2-997d-ab15dcf4b6a6,relaxed_speech,freq5,3,3,True,validated,0
9cfda160-2b4e-4eb2-997d-ab15dcf4b6a6,confident_speech,likert5,2,2,True,validated,0
9cfda160-2b4e-4eb2-997d-ab15dcf4b6a6,natural_leader,freq5,3,3,True,validated,0
9cfda160-2b4e-4eb2-997d-ab15dcf4b6a6,forget_speech,likert5,4,4,True,validated,0
9cfda160-2b4e-4eb2-997d-ab15dcf4b6a6,confused_speech,freq5,3,3,True,validated,0
e780b159-c004-41d4-9806-7ba916fc6f72,enjoy_student,likert5,3,3,True,validated,0
e780b159-c004-41d4-9806-7ba916fc6f72,enjoy_learning,freq5,3,3,True,validated,0
e780b159-c004-41d4-9806-7ba916fc6f72,see_smart,likert5,3,3,True,validated,0
e780b159-c004-41d4-9806-7ba916fc6f72,studying_happy,freq5,2,2,True,validated,0
e780b159-c004-41d4-9806-7ba916fc6f72,describe_clever,likert5,3,3,True,validated,0
e780b159-c004-41d4-9806-7ba916fc6f72,calm_pressure,freq5,3,3,True,validated,0
e780b159-c004-41d4-9806-7ba916fc6f72,recover_setbacks,likert5,3,3,True,validated,0
e780b159-c004-41d4-9806-7ba916fc6f72,rarely_overwhelmed,freq5,2,2,True,validated,0
e780b159-c004-41d4-9806-7ba916fc6f72,handle_stress,likert5,4,4,True,validated,0
e780b159-c004-41d4-9806-7ba916fc6f72,emotionally_balanced,freq5,3,3,True,validated,0
e780b159-c004-41d4-9806-7ba916fc6f72,no_fear_speech,likert5,2,2,True,validated,0
e780b159-c004-41d4-9806-7ba916fc6f72,relaxed_speech,freq5,1,1,True,validated,0
e780b159-c004-41d4-9806-7ba916fc6f72,confident_speech,likert5,2,2,True,validated,0
e780b159-c004-41d4-9806-7ba916fc6f72,natural_leader,freq5,1,1,True,validated,0
e780b159-c004-41d4-9806-7ba916fc6f72,forget_speech,likert5,4,4,True,validated,0
e780b159-c004-41d4-9806-7ba916fc6f72,confused_speech,freq5,3,3,True,validated,0
bc79bbe3-92b4-4a9d-ad0d-995af1eae8b8,enjoy_student,likert5,4,4,True,validated,0
bc79bbe3-92b4-4a9d-ad0d-995af1eae8b8,enjoy_learning,freq5,4,4,True,validated,0
bc79bbe3-92b4-4a9d-ad0d-995af1eae8b8,see_smart,likert5,3,3,True,validated,0
bc79bbe3-92b4-4a9d-ad0d-995af1eae8b8,studying_happy,freq5,3,3,True,validated,0
bc79bbe3-92b4-4a9d-ad0d-995af1eae8b8,describe_clever,likert5,5,5,True,validated,0
bc79bbe3-92b4-4a9d-ad0d-995af1eae8b8,calm_pressure,freq5,4,4,True,validated,0
bc79bbe3-92b4-4a9d-ad0d-995af1eae8b8,recover_setbacks,likert5,5,5,True,validated,0
bc79bbe3-92b4-4a9d-ad0d-995af1eae8b8,rarely_overwhelmed,freq5,2,2,True,validated,0
bc79bbe3-92b4-4a9d-ad0d-995af1eae8b8,handle_stress,likert5,4,4,True,validated,0
bc79bbe3-92b4-4a9d-ad0d-995af1eae8b8,emotionally_balanced,freq5,3,3,True,validated,0
bc79bbe3-92b4-4a9d-ad0d-995af1eae8b8,no_fear_speech,likert5,5,5,True,validated,0
bc79bbe3-92b4-4a9d-ad0d-995af1eae8b8,relaxed_speech,freq5,3,3,True,validated,0
bc79bbe3-92b4-4a9d-ad0d-995af1eae8b8,confident_speech,likert5,5,5,True,validated,0
bc79bbe3-92b4-4a9d-ad0d-995af1eae8b8,natural_leader,freq5,3,3,True,validated,0
bc79bbe3-92b4-4a9d-ad0d-995af1eae8b8,forget_speech,likert5,4,4,True,validated,0
bc79bbe3-92b4-4a9d-ad0d-995af1eae8b8,confused_speech,freq5,3,3,True,validated,0
