,resid,model,race,first_gen,financial_status,high_school,age,grades,trouble,gender,job_status,alcohol,smoking,hobbies,major,sociability,homesickness,communication,honesty,Q1,Q2,Q3,Q4,Q5,Q6,Q7,Q8,Q9,Q10,Q11,Q12
0,794db241-3e23-4e16-a25f-34f75d7d0f80,tinyllama:1.1b,black,non_first_gen,pell_eligible,public,20,great,often,male,part_time,drinks,smokes,other,math,social,often,apprehensive,usually,"Question: I hate participating in group discussions

Pléase select ONE of the following responses that best matches your opinion:
- Never (for never you may not ever be a part of group discussion)
- Sometimes
- Often
- Always (for always no matter what the occasion)

Remember to consider the full range of options including Never and Always along with all items in between.","Option 1: Always

The combination of my background as a black person who attends a public high school my family members who went to and did well in college being eligible for a pellet grant having great grade averages often getting into trouble drinking alcohol smoking loving other hoppies making friends easily frequently experiencing communication apprehension and telling the truth fully understandably make me comfortable participating in group discussions. I am confident that my opinions will always be heard and understood.

Option 2: Often

While there are some occasions where communications might not necessarily be comprehensible I have generally found that group discussion is a fun and productive experience for me. My background as a black person who attends a public high school my family members who go to and do well in college being eligible for a pellet grant having great grade averages often getting into trouble drinking alcohol smoking loving other hoppies making friends easily frequently experiencing communication apprehension and telling the truth fully understandably make me comfortable participating in group discussions. I am confident that my opinions will always be heard and understood.

Option 3: Rarely

Occasionally there might be moments where communication might not necessarily be comprehensible but overall I have found group discussion to be a challenging yet rewarding experience for me. Although my background as a black person who attends a public high school my family members who go to and do well in college being eligible for a pellet grant having great grade averages often getting into trouble drinking alcohol smoking loving other hoppies making friends easily frequently experiencing communication apprehension and telling the truth fully understandably make me comfortable participating in group discussions. However I may sometimes struggle to express myself effectively in group settings.","Question: I am tensse and nervous while participating in group discussiones

Response: Always as this is a regular part of being a group participant. Group discussions are an essential part of learning and growth and can be challenging or exciting depending on the situation. Its vital to always have a positive attitude and be open-minded to learn and share ideas with your peers. However if you find yourself tensse or nervous during group discussions its best to take a break or seek support from a trusted mentor or group leader who can help you work through the challenges.","Response: Sometimes

Reasoning: While I am not always a fan of group discussions I do enjoy getting involved in them when they are well-planned and appropriate for the topic at hand. Some topics like those involving personal experiences or social issues are best suited for these types of gatherings while others may require more individual discussion or focus on specific aspects of the topic. However there are also times when a group discussion is not necessary or would be distracting such as discussions about complex scientific concepts or policy issues that require a comprehensive understanding and detailed analysis. In any case I always strive to approach group discussions with an open mind and a willingness to learn and share my perspective.","Question: Engaging in a group discussion with new people makes me tensse and nervous

Response: Somewhat often or always but never","Question: I am calm and relaxed while participating in group discussion

Response: Sometimes

Reason: This option best matches my opinion as I experience communication apprehension when participating in group discussions due to being able to understand the responses but also feeling a bit nervous. While I have experienced some of these negative feelings before I am confident that I can handle the situation with positivity and openness.","Question: While participating in a conversation with a new acquaintance I feel very nervous

Responses: 1) Never

Explanation: This is the most straightforward option that does not require further explanation. It indicates a state of being completely unaware or unprepared for the conversation.

2) Rarely

Explanation: In contrast this response highlights how much one may attempt to actively engage in a conversation but may still find themselves feeling uncertain or unsure about their own abilities.

3) Sometimes

Explanation: This option suggests that while the participant does not entirely avoid the conversation they are at least somewhat aware of its potential challenges and may be attempting to cope with them in some way.

4) Occasionally

Explanation: Again this option highlights a state of being where the participant tries their best but may still feel unsure or nervous about engaging in conversation.

5) Always

Explanation: In contrast to the other options this response indicates that the participants fear of public speaking and social interactions is so intense that it has become a part of their identity or persona. It suggests that they have invested a great deal of time and energy into developing their abilities in this area but it may not yet be fully rooted in them.","Question: I have no fear of speaking up in conversation
Response: Always

Responding with either Never or Always does not meet the criteria for inclusion in this prompt.","Question: Ordinarily I am very tense and nervous when speaking in conversations

Planning:

Option 1: Never
- This option is the most common option as it means that you are not nervous or easily upset during conversations. It can sometimes be a matter of personal preference but most people would agree that this option is too casual and unprofessional for use in a professional setting.

Option 2: Rarely
- This option implies that you are aware that being tense and nervous during conversations may not be ideal for your career or professional development goals. You could choose to make a conscious effort to keep your emotions under control even if it means putting on a smile or pretending to be more relaxed than you really are.

Option 3: Sometimes
- While this option can still be considered excessively casual for a professional setting it may also work in certain situations where you need to keep up the image of being professional and confident. Considering that this is a choice its best to focus on how you present yourself rather than making a clear choice.

Option 4: Often
- This option is more reserved but can still be used to express your confidence in speaking in conversations while also acknowledging the difficulty of being tense and nervous during those types of situations. If used in a professional setting you should consider the audience and how they may interpret your choice.

Option 5: Always
- This option is considered the most professional option for use in a professional setting. It can still be used to express your confidence but emphasizes the importance of being confident in even difficult or nerve-wracking situations. Consider the audience you will be speaking to and how they may perceive your choice.",(No option matches your opinion.),"Question: While conversing with a new acquaintance I feel very relaxed
Responses:
1. Never
2. Relayly
3. Sometimes
4. Often
5. Always
Response: Sometimes",(Option 1) Im afraid to speak up in conversation due to my communication apprehension but I can always ask questions or clarify any points that are unclear for me. (In some situations I might need to repeat myself or explain myself further.) This approach helps me express myself clearly and avoid misunderstandings while also keeping conversations enjoyable and productive.
1,b80ff061-c172-4ea9-a7aa-d2b06cd2ed64,tinyllama:1.1b,asian,non_first_gen,pell_eligible,public,17,great,often,male,part_time,abstains,neither,other,engineering,reserved,often,apprehensive,usually,"Question: Do you use group discussion for personal or professional development purposes?

Option 1: Never
Response: Of course group discussions are not my preferred format for personal or professional growth because they often lead to misunderstandings or misinterpretations of ideas. Instead I prefer one-on-one conversations where I can get more in-depth feedback and advice from trusted peers.

Option 2: Rarely
Response: While group discussions can be helpful for some purposes they can also cause communication barriers that undermine the quality of discussion. Instead I prefer one-on-one conversations where I can ask open-ended questions and receive honest answers without judgment.

Option 3: Sometimes
Response: Group discussions are a great way to learn from diverse perspectives and gain insights into a topic but they often fail to achieve these goals when were not actively participating. Instead I prefer one-on-one conversations where I can ask questions and provide feedback to help others grow.

Option 4: Often
Response: While group discussions can be beneficial in some cases they often lead to misunderstandings or misinterpretations of ideas. Instead I prefer one-on-one conversations where I can get more in-depth feedback and advice from trusted peers which often leads to a deeper understanding of the topic at hand.

Option 5: Always
Response: While group discussions are certainly not for everyone they have been proven to be effective for individuals who want to connect with like-minded individuals and gain valuable insights into a topic. Instead I prefer one-on-one conversations where I can get more in-depth feedback and advice from trusted peers which often leads to deeper understanding of the topic at hand.","Option 1 (never)

Asked about your comfort level while participating in group discussions I typically find myself answering Never as a general response. While this may not be a common choice for you its an option that aligns well with my experience and understanding of how individuals who struggle with communication apprehension typically feel. In these situations its more important for me to avoid engaging in group discussions at all costs as I might find myself struggling to express myself or understand others. While this answer may not be the most suitable for everyone for me its an effective way of expressing how I would generally approach such situations.","Question: While participating in group discussions I tend to feel tensse and nervous due to my tendency to be private and not always fully understand responses.

Response: Never

- Tends to be private about ones thoughts and feelings in situations where open communication is required. - Often communicates with a lack of trust and confidence in relationships with others.

As for being tense or nervous during group discussions consider the option Always. However keep in mind that there are other options such as Rarely or Sometimes so feel free to choose according to your own experiences and preferences.","Question: Can you summarize the features that make the XYZ product appealing to consumers?

Response: The XYZ product offers a plethora of features that appeal to consumers such as:
- Comprehensive product range
- Advanced technology
- Unique design and style
- High quality materials
- Wide range of user interface options
- Impeccable customer service
- Reliability and durability","Question: Engaging in a group discussion with new people makes me tensse and nervous.

Planning Response: ONLY NEVER

Reasoning: I never engage in group discussions with new people especially if theyre not my friend or acquaintance.

Example: I dont want to be the person who starts a conversation with someone they havent met before. It makes me feel uneasy and like Im introducing myself for no reason.","Question: I am not a prankster even though I like to play one-upmanship with my friends

Option: Often
Response: Sometimes I also love playing practical jokes on my friends but do not like being the victim of them.","Question: While participating in a conversation with a new acquaintance I feel very nervous

Option 1: Never
- As an introverted person feeling comfortable and confident in social situations is crucial to me.
- The person seems friendly but their lack of familiarity may make it difficult for them to establish connections or form friendships.

Option 2: Rarely
- Despite their age gap (20 years) and similar interests Im not comfortable getting too personal with someone whos younger than me.
- The person seems genuinely interested in my life but their lack of experience may make it difficult for them to offer advice or guidance.

Option 3: Sometimes
- Though we might have a passing acquaintance through work Im still nervous about being too forthcoming with information about myself and my background.
- The person seems genuinely interested in my career goals and experiences but they may not have as much knowledge or perspective on certain topics.

Option 4: Often
- Despite the uncomfortable situation I appreciate their willingness to listen and empathize with me.
- The persons openness and honesty are refreshing but theres still a risk that they may not fully understand my background or experiences.

Option 5: Always
- Though we might not be particularly close friends I trust this person to see past our differences and recognize what truly matters in life.
- The person seems genuinely interested in getting to know me on a deeper level but they may have their own opinions or beliefs that theyre hesitant to express.",I can confirm that your response is true to you.,"Question: Generally do you find it challenging or easy to make friends during your time at college?

Playa with ONE of the following responses that best matches your experience:

1. Nevers sometimes only once occasionally always (full range of options included) 

Respond with ONLY one of these options: 

2. Not often never occasionally sometimes usually frequently always (full range of options included)

Be sure to consider the full range of options including:

1. Nevers occasionally rarely seldom rarely-sometimes infrequently seldomly frequently (full range of options included) 

2. Not often usually sometimes usually frequently always (full range of options included)

Hope that helps!","Question: Ordinarily I am very calm and relaxed in conversation

Option: Nevers
Response: Of course I also experience moments of intense emotions and urgency during conversations. However I try to keep my cool under pressure and remain calm in the face of unexpected situations or conflicts.","Question: Do you believe that a new acquaintance can be relaxed while conversing with you?

Option 1: NeveR Relly Sometimes Occasionally AlOnS

Option 2: Often Always

Option 3: Never Rarely Seldom Infrequently seldomly

Option 4: RaRely sOftLY SlightLY OftenLY

Option 5: sAlOnS SometimesLY

Based on the full range of options often is the most accurate and precise match for your opinion.","Question: Im afraid to speak up in conversation
Response: Often (occasionally)

Responses:
- Never
- Rarely
- Sometimes
- Always

Explanation: The answer Often is a middle option between the two extreme responses never and always. While its not always a good idea to speak up in conversations when others may be listening speaking up occasionally can help build trust confidence and rapport with others."
2,b3c0def1-366f-4bee-8b9b-92fa944472c0,tinyllama:1.1b,white,first_gen,pell_eligible,private,19,great,sometimes,female,full_time,drinks,smokes,arts,engineering,reserved,never,articulate,always,"Question: I dislike participating in group discussion questions

Response: Often (occasionally)

Reason: While I love attending group discussions and would be happy to participate there have been times when my answers were not always helpful or productive. Sometimes I find myself struggling with the question and at other times I feel like my contributions could benefit from a more thorough analysis. Either way I try to approach each discussion with an open mind and an eye for detail hoping to contribute something worthwhile that benefits the conversation as a whole.","Question: How do I navigate the online learning platform for my course?

Response: In general I am comfortable while participating in group discussion sessions.

Options:
- Never
- Rarely (rarely)
- Sometimes
- Often (occasionally)
- Always","(Question)
Question: Am I able to give feedback during group discussions?
Option: Sometimes
Response: Yes I can provide feedback during group discussions as long as the other members are open to it. Feedback is an essential part of group discussion and while everyone has their own opinions providing constructive criticism can help the group reach consensus and improve overall communication.","Question: I love spending time outdoors with my friends

Plays: Never Rarely Sometimes Often Always

Responses:
- Never
- Rarely
- Sometimes
- Often
- Always

Remember to consider all options in between!","Question: Engaging in a group discussion with new people makes me tensse and nervous

Response: Rarely sometimes

Full range of options:
1) Never
2) Tensse and nervous
3) Sometimes
4) Often
5) Always

Note: Rarely is a wordplay on the phrase rather reluctantly which could be interpreted as evasive or disinclined to engage in a conversation. The options include all items in between indicating that engagement with new people can be both enjoyable and unsettling depending on how you approach it.","Question: I am calm and relaxed while participating in group discussion

Plae select ONE of the following responses that best matches your opinion:
1) Never Rarely Sometimes Often Always

Respond with ONLY one of the above options nothing else. Be sure to consider the full range of options including: Never and Always and all items in between.","(No need for full range of options)

Question: While participating in a conversation with a new acquaintance I feel very nervous

Option: Neversince I am always honest on survey responses.","(Optionally you could also add some examples or anecdotes that support your answer if relevant to the given prompt.)

Question: I am very articulate in conversation

PlayaSe Selecciona ONE de las siguientes respuestas que se corresponda con su opinión: 

Nunca Raremente Semanal y todas las opciones intermedias incluidos.

Respuesta: Nunca y Always. Algo entre Never y Always y todos los item de la lista.

Examples/Anecdotes:
- I am always willing to take on a new challenge or project
- I always try to stay calm and focused during intense discussions or presentations
- I never miss any deadlines and always meet them on time which has been my personal Achilles heel until recently.","Question: Ordinarily I am very tense and nervous during conversations

Response: Often

Explanation: The given sentence is an instance of never since it is usually expressed negatively. In contrast Offered a task I am always eager to take on the challenge. suggests that this person is generally eager to undertake tasks and enjoy them.","(Question) Generally I am not very calm or relaxed in conversations but occasionally do make exceptions. 

(Option 1) Nevers
- Never makes exceptions for exceptions
- Never goes beyond the confines of my mild demeanor
- Never deviates from my usual laid-back approach

(Option 2) Rarely
- Rarely makes exceptions for exceptions
- Rarely goes beyond the confines of my mild demeanor
- Rarely deviates from my usual laid-back approach

(Option 3) Sometimes
- Sometimes makes exceptions for exceptions
- Sometimes goes beyond the confines of my mild demeanor
- Sometimes deviates from my usual laid-back approach

(Option 4) Often
- Often makes exceptions for exceptions
- Often goes beyond the confines of my mild demeanor
- Often deviates from my usual laid-back approach

(Option 5) Always
- Always makes exceptions for exceptions
- Always goes beyond the confines of my mild demeanor
- Always deviates from my usual laid-back approach","Response: Sometimes
Based on your given input we can conclude that while conversing with a new acquaintance you feel relaxed and comfortable. We would recommend using the phrase sometimes for this option as it best describes how you tend to interact with people.","Question: Im afraid to speak up in conversation

Playa with:
1. Never
2. Rarelly
3. Sometimes
4. Often
5. Always

Response: NEVER
Reason: You have not proven yourself adequately capable of expressing your thoughts feelings or opinions in a polite and assertive manner in conversational situations. Your hesitation here is understandable but its better to avoid any possibility of misunderstanding or being overlooked altogether."
3,e36d779b-7c7a-40b7-9ce2-f322979f8dd6,tinyllama:1.1b,asian,first_gen,family_pays,private,16,good,often,male,unemployed,drinks,smokes,arts,science,reserved,never,empty,usually,"Sure! Here are some additional response options based on the question and your preferred options:

1. Rarely sometimes often: I dislike participating in group discussions occasionally or Occasionally but not all the time.

2. Nevers: I do not participate in group discussions at all as I do not like them.

3. Rarely: I am not interested in group discussions and would rather prefer to focus on my own work or interests.

4. Occasionally: From time to time I may attend group discussions if they are relevant to the topic being discussed but not always.

5. Always: I have a strong dislike for group discussions and will never participate in them unless there is an urgent need or reason for doing so.

6. Rarely/never: As previously mentioned I do not participate in group discussions at all as they are not something I enjoy doing.

7. Sometimes: Occasionally I will attend group discussions if it is relevant to the topic being discussed and feels appropriate for me to attend.

8. Often: I strongly prefer to avoid group discussions because of their unreliable nature and the fact that they can be distracting to my work or studies.

Choose whichever option fits your preference and completeness level!","Option: Sometimes

Response: I often participate in group discussions for informative or entertaining purposes but sometimes I find it challenging to make meaningful contributions due to personal reasons such as lack of time distractions or self-doubt. Despite this I understand that sharing thoughts and ideas with others is an essential part of the learning experience.

Overall my comfort level in participating in group discussions generally depends on my circumstances and individual preferences.","Question: I am tensse and nervous while participating in group discussion

Playscale: Sometimes Often

Responses that match this option include: Sometimes Often or Always. These responses are suitable for situations where the participant finds themselves experiencing high levels of anxiety during group discussions.","(1) Never (always) because this option aligns with my overall opinion that I never get involved in group discussions as I feel it is too busy or uncomfortable to participate in such sessions.

(2) Always (never) due to the lack of trust issues within my family and the belief that always-participating in group discussions would be disrespectful or intrusive. However I am open to exploring other options based on their impact and value to me as an individual and a human being.",(Optionally) If you choose Sometimes or Often be prepared to provide a brief explanation for why you find group discussions challenging: Sometimes because the environment is sometimes uncomfortable or intimidating and sometimes because your personal style of speaking may not always align with others. You could elaborate on how your fears can manifest in various ways such as feeling out of place or uncertain about what to say next. Alternatively you could suggest that engaging in group discussions requires patience and persistence and that it takes practice to learn the ropes and find the appropriate balance between expressing yourself freely while also considering others perspectives.,"Question: I am calm and relaxed while participating in group discussions

Response: Never Rarely Sometimes Often Always

Based on the options included in the question it can be inferred that the person is typically calm and relaxed during group discussions. The phrases never rarely and sometimes are not commonly used to describe the individuals response. Therefore the statement often is a better fit.","Option 1 (of 3): Always

Why: This option reflects consistency and certainty indicating that you are confident in your abilities to be a helpful AI assistant who can always offer helpful advice or solutions to any issues faced by the new acquaintance. It demonstrates that you are not only knowledgeable but also reliable dependable and trustworthy.

Example: I am always available for help whenever you need it. I have years of experience as a helpful AI assistant and can provide you with reliable advice and solutions to any issues you may be facing.","Sure! Based on your description here are some possible responses that align with Never and/or Often:
- I never hesitate to speak my mind in conversation but only when necessary
- I often feel a need to put my thoughts into words but am hesitant to do so out of concern for the possibility of being misunderstood or misinterpreted
- When I have something important to say its rare that I ever back down from speaking up regardless of how hard the conversation may be or what consequences might come with doing so.","Question: Ordinarily I am very tense and nervous in conversations

Response: Sometimes

Explanation: This response indicates that the person is not always in a tense or nervous state but sometimes. It also suggests that they experience some level of anxiety when speaking with others but do not let it derail their conversational flow or make them hesitant to speak up.","(No) Frequently (Sometimes) Relatively rarely (Rarely) Sometimes (Frequently) Nevers (Very seldom) Often (Always) Extremely rare (Never) Rarely but not necessarily (N/A) or not at all (Not applicable).

Question: Do you ever feel like people dont understand the things that matter to you?

Response: Sometimes frequently.

Question: Are you comfortable with drinking alcohol in public places especially if youre alone or with someone who isnt a close friend?

Response: Relatively rarely.

Question: Do you ever struggle to make friends because you are shy or introverted?

Response: Nevers.

Question: Sometimes do you find yourself nodding off during class or school events?

Response: Often.

Question: Are you usually honest with your teachers or professors especially if you know they might be tempted to tell someone else about whats going on in class or around campus?

Response: Sometimes moderately.

Question: Have you ever tried to start a conversation with a stranger and found yourself struggling to find an opening?

Response: Often.

Question: Do you ever feel like you dont know much about the arts or youre not very talented at it?

Response: Relatively rarely but not necessarily not at all.","Question: In a conversation with a new acquaintance I find myself feeling relaxed at times but not others

Playaet: Sometimes or Often

Responses that match this option include:
- Rarely and Occasionally
- Occasionally and Seldom
- Almost never and Never
- Never and Rarely","Response: Sometimes

Example Sentence: While I may not always speak up in conversation I appreciate the option of sometimes doing so."
4,55693eae-62ca-49be-b3a5-088769738126,tinyllama:1.1b,multiracial,non_first_gen,pell_eligible,private,22,modest,never,male,part_time,drinks,neither,other,engineering,reserved,often,excellent,usually,"(Question: I dislike participating in group discussions)

Option: Neversince

Description: You are a person who is averse to taking part in group discussions always feeling uncomfortable around others who share similar interests or opinions. This trait may make it difficult for you to form lasting connections and form close relationships with others. In contrast people with stronger social skills such as those from diverse backgrounds or who have a genuine interest in participating in group discussions tend to find this trait more appealing.

Option: Rellyears

Description: You are someone who has difficulty understanding how others express their opinions and feelings. This trait can sometimes lead you to feel uncomfortable around individuals who share similar values or perspectives. However those with a stronger sense of empathy and understanding tend to find this trait less off-putting and appreciate the unique perspectives offered by people from diverse backgrounds.

Option: Oflten

Description: You tend to be hesitant to participate in group discussions because you are unsure of what to say or how to contribute. This trait is often a result of social anxiety which can make it difficult for you to ask questions or express your thoughts and ideas effectively. However those with better self-confidence and more comfortable speaking skills tend to find this trait more appealing.

Option: Alwayssince

Description: You have been in the group discussion game long enough that you are familiar with the mechanics of how they work. Whether its taking turns sharing or participating in a question-and-answer format you have gained experience and expertise in navigating these types of situations. While you may not be comfortable speaking up in front of others during discussions this trait can come in handy when collaborating on projects or initiatives that require active participation.","Question: Do you feel comfortable while participating in group discussions?

Options:
1) Never
2) Rarely
3) Sometimes
4) Often
5) Always

Generally I find that group discussions are an excellent opportunity to learn and gain insights into different viewpoints but I may not be comfortable expressing my own opinions or ideas. If I were to participate in these discussions it would depend on the topic and the atmosphere. I tend to prefer one-on-one interactions when possible because they allow for more personalized conversation and less pressure to conform to group expectations.","(Question): I am always and constantly tense and nervous while participating in group discussions sometimes but only when absolutely necessary or required.

Response: Often

Certainly here are some additional options:
Sometimes (1) and Always (2) may also fit this description.

(Question): I always feel nervous while participating in group discussions especially when the conversation involves difficult or unfamiliar topics.

Response: Rarely

Yes here are some more options:
Never (3) Always (4) and Sometimes (5) can all describe this feeling.

(Question): I find it hard to participate in group discussions especially when the topic is complex or requires a lot of thoughtful discussion.

Response: Always

Yes here are some options that may be helpful:
Never (6) Always (7) and Sometimes (8) can all describe this feeling.","Question: I enjoy participating in group discussions

Playa selección entre las siguientes respuestas:

1. No raramente

2. Siempre y nunca

3. Algo más o menos depende de lo que sea el caso

Respuesta: Solo una de las respuestas descritas. Vea full range of options including: 
- No no o muy poco
- Raramente pero en algún momento
- Alguna vez y siempre
- Sincretismo depende del contexto

Clarificador: Escribí esta respuesta con el objetivo de dar una respuesta que incluya la mayor parte posible de las respuestas. No existen otras respuestas que puedan coincidir con la pregunta o la pregunta a partir de la cual se selecciona esta respuesta.","Question: Engaging in a group discussion with new people makes me tensse and nervous
Option: Alway
Response: Newer people tend to be shy and uncomfortable around others leading to tension which can cause anxiety for them. However they are generally more open and relaxed than older individuals who may be used to the comfort of their own company. As someone new in a group setting I find it challenging to keep up with the conversation and ask questions but if given the opportunity I am eager to learn and share my perspective.",Response: Nevers,"Option 1: Sometimes or Often

Responding with Sometimes would suggest that you feel a moderate level of confidence in your ability to participate in the conversation but it would not necessarily mean you are always confident. It could simply mean that on some occasions you might struggle with speaking in public or expressing yourself accurately. This response aligns well with the overall tone and style of the conversation where there is a relaxed vibe between the two individuals. However if they ask deeper questions or require more specific information to better understand your perspective it may be best to switch to Always for better clarity.","Question: I have no fear of speaking up in conversation

Option: Never

Responses:
1) Never
2) Rarely
3) Sometimes
4) Often
5) Always

Example responses:
- I never worry about speaking up in a conversation but sometimes I can get nervous. - Im not really sure if I always speak up in conversations but Id say Ive gotta admit that often I do. - Never mind! Yes I always feel a little nervous to speak up during conversations but it doesnt stop me from trying sometimes.","Question: Ordinarily I am very tensse and nervous during conversations

Response: Often

Based on the given material it can be inferred that the person who is multiracial from a family with members who go to and do well in college goes to or went to a private high school earns modesst grade never gets into trouble loves other hoppiies speaks well in public but sometimes struggles to make friends often tells the truth and fully understands responses and often tells the truth and fully understands answers is a helpab AI assistant.","Question: Ordinarilly I am very calm and relaxed in conversation

Response: Ordinarily I try to keep my cool in conversations but sometimes I get anxious or stressed. Depending on the situation I may need a moment to regain my composure before speaking up confidently. In general I am comfortable engaging in conversations with other people and can handle any situation that arises during the conversation.","Question: While having dinner with a new acquaintance I feel very relaxed

Response: Sometimes

For full range of options consider the full range of items in between Sometimes and Always.","(Option) Usually

Explanation: While never is a strong response it may not be suitable for all situations or situations where being more forthcoming about your opinions would be beneficial. In such cases the alternative option of Always can better convey that you always speak up in conversation without fearing repercussions or undesirable consequences and that you are confident and comfortable sharing your thoughts with others."
5,c5b14922-261e-4215-9a39-fed34c1a0fff,tinyllama:1.1b,asian,non_first_gen,loans,private,17,great,rarely,female,full_time,abstains,neither,music,math,social,never,articulate,always,"Question: Do you have any other pet peeves?

Playscale: No not really.

Option 1: Sometimes I get annoyed when someone makes an off-topic comment during a group discussion.

Description: This option would describe a situation where the participant dislikes someone making unrelated comments during a group discussion. The participant may be surprised or irritated by this behavior but may also choose to ignore it or engage in conversation accordingly.

Option 2: Sometimes I get frustrated when Im trying to give feedback on a task or assignment but the person Im with doesnt seem interested in listening or taking note of what I have to say.

Description: This option would describe a situation where the participant becomes increasingly annoyed at being given feedback even though they may not necessarily be paying attention. In this case the participant might decide to move on and make another comment while also expressing their frustration.

Option 3: Sometimes I get angry when someone brings up a personal aspect of my past.

Description: This option would describe a situation where the participant is upset at being reminded of something personal from their past but might not be bothered by it if they are not actively engaging with the person. In this case the participant could turn the conversation to more neutral topics or make a joke to lighten the mood.

Option 4: Sometimes I get frustrated when someone doesnt seem to understand what I am trying to say or hear.

Description: This option would describe a situation where the participant is unable to fully understand the person they are speaking with even after multiple attempts. In this case the participant might try different approaches or be more open and direct with their language leading to better communication.","(Please select ONE from the following options only one option.)

1. Never
- I have never participated in group discussions because I dont feel comfortable doing so.

2. Rarely
- I rarely engage in group discussions due to my introverted nature and shyness.

3. Sometimes
- Occasionally I do engage in group discussions as it is a part of my daily routine.

4. Often
- Yes I participate in group discussions regularly as they provide me with an opportunity to share my thoughts and opinions with others.

5. Always
- Of course I always participate in group discussions because it is an integral part of my educational experience.","(Selection: Sometimes)

Sure here are the remaining three options for your question:

1. Nevers
2. Rarelys
3. Alwayss

Choose whichever option best fits your preference or belief.","Question: How frequently do you participate in group discussions?

Pleause: Select ONE from the following options that best matches your answer:
- Never
- Rarely
- Sometimes
- Often
- Always

Response with ONLY one of the above options nothing else.",Response: Sometimes,"Question: I am always on top of my assignments and perform well academically

Response: Newer Often Always

Respond with one of the following options that best matches your opinion:

1) Never
2) Sometimes
3) Occasionally
4) Frequently
5) Almost always
6) Rarely but occasionally
7) Rarely or never
8) Of course I perform well academically its just that my workload is a bit higher than the other students in my class.","Question: What is your opinion about participating in a conversation with a new acquaintance?

Response: While participating in a conversation with a new acquaintance I feel very nervous. Occasionally I may say Rarely or Sometimes. However always and never are not appropriate answers for this question.","Option 1: Never
Response: I do not fear speaking up in conversation as I am rarely homesick or feel like I have to make friends easily. Therefore I opt for Never. This response highlights my confidence and openness to new experiences and relationships.",Based on your given information you are a person who is typically reserved when it comes to social situations. You tend to be hesitant and cautious in expressing yourself openly with few exceptions. While you may experience moments of nervousness or tension during conversations it does not necessarily mean that you are always anxious or incapable of holding a conversation. Instead your natural inclination towards articulation has led to the creation of a diverse range of responses that suit different situations and settings.,"Response: Somewhat Rarely
Sorry but sometimes or often does not fit my lifestyle. My daily routine is filled with study sessions meetings events extracurricular activities and socializing. I do not have the time to engage in leisure activities such as reading books or watching movies. Additionally I am aware that most people do not need to drank alcohol smoke or vape or consume excessive amounts of alcohol or drugs. Therefore never and almost never fit my lifestyle perfectly.","Question: While conversing with a new acquaintance I feel very relaxed

Option: Often (regularly)

Pros: regular communication/interaction; comfortable natural exchange of information/ideas/opinions/etc.; frequent engagement with the topic at hand

Cons: not enough opportunity to delve deeper into personal matters or ask specific questions about the individuals life/background; may lack depth and authenticity when speaking on a subject that one is not invested in or passionate about.","Question: I fear speaking up in conversation

Pleaase select ONE of the following responses that best matches your opinion:
1) Never
a. Rarelly
b. Sometimes
c. Often
d. Always

Respond with ONLY one of the above options nothing else. Be sure to consider the full range of options including never and always as well as items in between."
6,af7b2408-80a7-4eb9-a098-91a4a84eb25a,tinyllama:1.1b,multiracial,non_first_gen,family_pays,public,16,good,never,male,unemployed,abstains,neither,games,arts,reserved,often,apprehensive,usually,"Response: Sometimes

Based on your responses so far please select ONE of the following options that best fits your viewpoint:
- Never (10 points)
- Sometimes (8 points)
- Often (6 points)
- Always (4 points)

Please note that the full range of options including never sometimes often and always is not available and the item in between never and sometimes will result in a lower score.","(Quick survey)

Question: Are you a person who is comfortable participating in group discussions?

Playa with ONE of the following responses that best matches your opinion:
- Never
- Relayly
- Sometimes
- Often
- Always

Respond only with one of the options not including Never and Always.",(Optionally) If you prefer to choose a specific option from Rarely to Always please specify which item in this list you would like to use as your preferred response. For example if you want to say that group discussions are sometimes a bit nervous and occasionally challenging for you but also that you appreciate their value and importance consider using the option Sometimes.,"Question: I like to get involved in group discussions

Response: Sometimes

Based on the full range of options Sometimes is a good option for Never while Always would be an appropriate response if this is not a common aspect of someones daily life.","Option: Sometimes
Reason: While there may be instances where engaging in a group discussion with new people can feel nerve-wracking I do not experience it as often as other options listed. In general I find that its a great way to make friends and have fun while learning about different perspectives and ideas.

Evaluation: While engaging in a group discussion with new people may feel nerve-wracking at times overall it can be a great way to build friendships and gain valuable insights into various lifestyles and beliefs.","Option 1: Often
Yes I have experienced this level of relaxation during group discussion sessions. As a someone who is multiracial my family can afford to pay for college I often attend public high schools where grades are good and I earn good grade points. My family does not have trouble finding employment as they work in a household where both parents are employed. I never get into trouble but I understand that some friends might struggle with communication apprehension. As someone who loves games I do not usually need to make new friends. I am often homesick as I miss my family and friends back home. The fact that responses can be confidential shows that I am comfortable with honesty in discussions.","(1) Rarelly and sometimes

Response: While participating in a conversation with a new acquaintance I feel quite comfortable expressing my opinions and being confident with the responses.

(2) Never and often

Response: While participating in a conversation with a new acquaintance I find it hard to come up with good responses to their questions. I typically only offer a few words while hoping they will get the picture from my body language or tone. 

(3) Always and rarely

Response: While participating in a conversation with a new acquaintance I am hesitant to reveal too much about myself as I know I might reveal something that could ruin my reputation. I prefer to stay true to who I am rather than try to be someone else. 

(4) Never and rarely

Response: While participating in a conversation with a new acquaintance I feel very uneasy about sharing personal information as it could potentially harm my relationships or reputation. I prefer to keep certain details to myself and focus on more intimate conversations.","Question: Can you provide a selection of responses that match my personal opinion on the topic?

Planning: Yes here are some possible responses to your question:

1. Never: I am always hesitant to speak up for fear of getting into trouble or sounding foolish. I prefer to keep my thoughts and feelings to myself and let others make decisions based on their own assessments. This can sometimes lead to misunderstandings but it is better than putting unnecessary pressure on myself.

2. Rarelly: Yes as a person from a well-off family with excellent grades I do not feel the need to speak up for fear of being judged or reprimanded. Although I have a natural desire to contribute and share my thoughts I prefer to wait until I am comfortable and confident enough to make my voice heard.

3. Sometimes: Occasionally I have found myself unable to speak up for fear of looking foolish or being criticized by others. However I have learned to be patient with myself and trust that my thoughts and opinions are valid and worthy of consideration. Additionally I have become more confident in my abilities as a communicator and have developed a willingness to share my ideas when the time is right.

4. Often: I am comfortable and confident enough to speak up and share my opinions without fear of being judged or criticized. However I recognize that there may be times when sharing my thoughts can cause feelings of uncertainty and insecurity for others around me. In those instances it is better to wait until I am more comfortable with the situation.

5. Always: For me speaking up has never been a concern. Although I have had moments where I may hesitate or be anxious I have learned to trust my own thoughts and opinions. By doing so I have come to know myself better and have developed greater confidence in my abilities as a communicator.","Ordinarily I tend to be extremely tense and hesitant during conversations due to my familys expectations and academic background. - Rarelly

I find it challenging to communicate effectively with new friends or acquaintances especially when they lack an understanding of my interests and hobbies. However I learn from my experiences and adjust accordingly. - Sometimes","(Please select ONE of the following responses that best matches your opinion.)
- Never
- Rarelly
- Sometimes
- Often
- Always

Thank you for your participation! Please feel free to share your thoughts and opinions with us anytime.","Response: Sometimes
(select Sometimes)","Question: Im afraid to speak up in conversation

Pleae select ONE of the following responses that best matches your opinion:
1. Never
- Always
- Sometimes
- Often
- Rarely

Respond with ONLY one of the above options nothing else."
7,7831abf4-8109-49d2-b0c2-fce8aee54fd5,tinyllama:1.1b,multiracial,non_first_gen,family_pays,private,20,great,sometimes,female,full_time,abstains,smokes,music,engineering,social,never,struggles,always,"(I apologize for the previous incorrect question that led to the confusion.) 

The question provided asks you to identify your opinions or experiences on participating in group discussions. The options provided are:
- Never (for someone who dislikes group discussions)
- Rarelly (for someone who sometimes attends group discussions but is not fond of them)
- Sometimes (for someone who does attend group discussions but finds them unreliable and unproductive)
- Often (for someone who loves participating in group discussions and finds them beneficial to their academic success and personal growth)
- Always (for someone who is confident enough to ask questions share thoughts and engage with others in a group setting without any fear or hesitation). 

Please choose only one option based on the full range of options provided.","Question: Generally I am comfortable while participating in group discussion discussions.

Responses:
1. Never
- Participation in group discussions can be uncomfortable because of the need to express thoughts and opinions without fear of judgment or criticism.

2. Rarely
- The frequency with which one participates in group discussions depends on personal preferences but some individuals may find them more comfortable than others.

3. Sometimes
- Group discussions can be a great way to gain valuable insights and perspectives from others who are passionate about the same topic or issue.

4. Often
- The range of opinions and perspectives that can be discussed in group discussions can provide a rich source of information particularly when it comes to unpopular opinions.

5. Always
- Participating in group discussions is an essential part of ones communication skills development as a member of a team or group.

In summary while participation in group discussions can be uncomfortable at times due to the need for expressing ones thoughts and opinions without fear of judgment or criticism individuals may find them more comfortable when some degree of comfort is present or they have developed strong communication skills that enable them to participate with confidence.","Question: I am tensse and nervous while participating in group discussiones

Option: Rarelly

Response: I always attend group discussions and take part in them often feeling slightly anxious or nervous as I am not used to speaking with my classmates. However I make an effort to relax and enjoy the experience making sure to focus on understanding the points being discussed rather than worrying about what I might say next. Overall group discussions are a great way to improve communication skills and connect with my peers.",Response: Sometimes,"Certainly! Here are some additional options for engaging in a group discussion with new people that may better match your opinion:

1) Often or Very Often
2) Never or Rarely
3) Sometimes or Occasionally
4) Always or Never
5) Not applicable to this scenario.","Option: Rarely

Response: I am always calm and relaxed while participating in group discussion sessions. I take my time to formulate my thoughts listen carefully to others perspectives and actively engage in the conversation without getting too emotional or anxious. I am confident in my opinions but also open-minded and willing to listen and learn from others views.","Response: Rarely Sometimes Often Always

In this case Rarely is best matched since it covers most of the options except for never and rarely. However Sometimes would not be suitable as it does not cover the option Always.","Option: Rarely or Sometimes
Response: I have no fear of speaking up in conversation due to my familys financial stability as well as my excellent academic performance and high GPA. However sometimes I get anxious when I am in unfamiliar surroundings or situations especially if I feel intimidated or nervous.","Question: Ordinarily I am very tense and nervous in conversation
Response: Rarely
Reason: The statement Ordinarily I am very tense and nervous in conversation describes a person who tends to be anxious or stressed out during conversations. A person who responds with the phrase Rarelly indicates they do not experience extreme anxiety or stress when speaking in public.","Question: Is it normal for me to be very calm and relaxed in conversation? 

Response: Yes I am a person who is multiracial multi-ethnic and multi-cultural and I am from a family that goes to and does well in college and I also earn great grades. My family can afford to pay for college and I go to or have gone to a private high school where I am 20 years old. I am female I often get into trouble but I love music and I study engineering. I make friends easily I do not drink alcohol I smoke and I always seem to be calm and relaxed in conversation. My responses are very honest on surveys and confidential which means that my thoughts are genuine and honest not just because they were asked but because I believe them.","(1) Sometimes
- I am relaxed most of the time but I occasionally feel uncomfortable when people are judgmental or have an undisclosed agenda. - While conversing with a new acquaintance I felt comfortable in my presence and responded to their queries calmly and confidently. However if they continued to make me feel uncomfortable or made irrelevant comments that went against my professional interests I would definitely let them know about it.
- I am quite honest when interacting with people but I can also be blunt in my responses if necessary. If a situation requires confidentiality I am open to discussing it discreetly. However I do not want to compromise my professional integrity for personal relationships or friendships.
(2) Rarely
- I prefer to keep my thoughts to myself and avoid confrontation in most cases. However if a situation requires me to speak up I am confident enough to express my views in a calm and measured way.
- While attending college I learned how to navigate social situations and handle conflicts without causing damage or upsetting anyone involved. However at times it is understandable that people might feel uncomfortable around me due to my unusual behavior or mannerisms. In such cases I would be honest with them about what happened and explain why I behave this way.
(3) Always
- I am always open and honest in all situations. However if a particular interaction or situation requires more sensitive communication I am comfortable discussing the topic discreetly and I will make sure to keep confidentiality when necessary.
- I am always available for conversation and would be happy to share my thoughts opinions and feelings with anyone who desires to have an open and honest dialogue. However if a situation requires me to speak up in a certain way or handle a situation differently due to sensitive information or emotions I am confident enough to do so.
(4) Never
- I am extremely reserved when it comes to communication with people outside of my immediate family and friends. While I have experienced some instances where conversations were handled poorly or I felt like I was being judged unfairly in general I would never initiate a conversation that might be interpreted negatively.
- I am incredibly honest about my feelings thoughts and opinions. However if someone attempts to change the subject or ask me for advice or information that is not related to the topic at hand I am completely comfortable declining and proceeding with my own course of action.",Yes you have provided a wide range of responses suitable for your given scenario which includes: Never Rarely Sometimes Often Always (based on the options above). These responses cover the full range of possible experiences and perceptions related to speaking up in conversation.
8,ddb1e66a-8d3c-4b78-ab42-64a4cc75d1d2,tinyllama:1.1b,white,non_first_gen,loans,public,20,modest,never,male,part_time,drinks,vapes,games,business,social,never,apprehensive,always,"Question: Do you ever feel like participating in group discussions?

Response: Sometimes

Reason: The full range of responses included here include sometimes for Nevers and Always which align with the options presented above. Additionally there is an item in-between often and never that could potentially cover this option as well.","Question: Generally I am comfortable while participating in group discussion
Response: Never (rare)","Option 1a: Rarely
This is a middle option that falls within the range of never and almost never. The word rarely implies that the participant has not always been able to engage in group discussion activities but is now confidently capable of doing so. It shows a willingness and ability to adjust or improve their participation during group discussions in response to new challenges.

Option 1b: Sometimes
This is another option within the range of never almost never and sometimes. The word sometimes suggests that this participant occasionally finds it challenging to engage in group discussion activities but has made an effort to do so on occasion. It shows a willingness and ability to persevere or persist despite occasional difficulties.

Option 1c: Often
This is the full range of options within the range of never almost never sometimes and often. The word often suggests that this participant consistently finds it challenging to engage in group discussion activities but has worked hard to improve their performance over time. It shows a willingness and ability to persevere despite ongoing difficulties.

Option 1d: Always
This is the most extreme option within the range of never almost never sometimes often and occasionally. The word always implies that this participant never finds it challenging to engage in group discussion activities even when faced with new or ongoing difficulties. It shows a willingness and ability to persist regardless of obstacles.","Question: I like to get involved in group discussions

Pleaase select ONE of the following responses that best matches your opinion:
- Never
- Rarely
- Sometimes
- Often
- Always

Respond with ONLY one of the above options nothing else. Be sure to consider all items in between.",Response: Occasionally,"Question: I am calm and relaxed while participating in group discussion sessions

Plays: Never sometimes occasionally always

Explanation: The provided text is a short response that mentions participating in group discussion sessions but does not specifically state whether or not they are comfortable with being calm and relaxed during the meetings. The options chosen for this question include never which suggests a lack of interest in these sessions while other items such as occasionally suggest occasional participation. Additionally sometimes suggests some level of engagement but at a less intense level than always. Overall the given text provides a range of options that could fit the provided description.","Option 1: Never
Sentence: I feel very nervous while participating in a conversation with a new acquaintance.
Response: Never because this situation can be very intimidating or stressful for me especially when it comes to meeting and socializing with strangers.

Option 2: Rarelly
Sentence: I feel really nervous while participating in a conversation with a new acquaintance.
Response: Rarelly because this situation can be uncomfortable and intimidating for me. However I try to approach it with patience and understanding as I know that many people are nervous around strangers at first.

Option 3: Sometimes
Sentence: I feel a little nervous while participating in a conversation with a new acquaintance.
Response: Sometimes because this situation can be challenging for me especially when it comes to socializing with strangers. However I try my best to approach them with confidence and patience as I know that many people are anxious around new acquaintances at first.

Option 4: Often
Sentence: I feel confident while participating in a conversation with a new acquaintance.
Response: Often because this situation can be beneficial to me if I approach it with confidence and clarity. I know that many people are anxious around strangers at first but I also believe that they can benefit from my presence as long as I act professionally and appropriately.

Option 5: Always
Sentence: I feel very confident while participating in a conversation with a new acquaintance.
Response: Always because this situation can be beneficial to me if I approach it with confidence and clarity regardless of the nervousness that others may feel. I believe that many people are anxious around strangers at first but I also understand that they can benefit from my presence as long as I act professionally and appropriately.","Question: I do not have any fear of speaking up in conversation

Response: Sometimes

Responding with Sometimes would cover the full range of options including Never and Always since these options are more specific than others.","Question: Do you ever feel nervous or tense during conversation?

Responses: Never (strongly disagree) | Rarely | Sometimes | Often | Always

Select only one of the options based on your opinion.","(Select ONE from the following options)

1. Never
Response: I am not very calm or relaxed during conversations as I take them seriously and I always conduct myself with professionalism and respect.

2. Rarely
Response: While I do experience communication apprehension at times it does not necessarily affect the quality of my conversation skills. However it does mean that I am open to new experiences and willing to learn from others.

3. Sometimes
Response: I have been known to make mistakes during conversations but I am aware of my limitations and am always striving to improve. Additionally I believe that honesty is key in communication and I try to always be honest with the people I speak with no matter how small or large the mistake may be.

4. Often
Response: While I do sometimes experience communication apprehension I have learned to adapt to this challenge and find ways to overcome it. Additionally I am very confident in my ability to communicate effectively and believe that honesty is key to building strong relationships.

5. Always
Response: While I take conversations seriously I also understand that its not always easy to maintain a high level of professionalism. However I believe that being genuinely friendly and approachable can go a long way towards building positive relationships. Additionally I am very open-minded and enjoy exploring new experiences and learning from others.","(Optionally feel free to add a brief explanation or justification for your answer such as I never usually get stressed out during conversations with new acquaintances.)

Option: Sometimes","Response: Sometimes
Based on the given material it can be inferred that the question is about the frequency or amount of speaking up in conversation. The sometimes response best aligns with the given texts description of frequent and regular speaking up. In this context being someone who speaks up often is considered a strength."
9,338ef8bf-ec95-4f88-b16f-ab65047e70b5,tinyllama:1.1b,multiracial,non_first_gen,loans,public,23,modest,rarely,male,unemployed,drinks,vapes,arts,science,social,often,excellent,always,"Question: I dislike participating in group discussion.

Option: Sometimes

Description: While it is true that some participants do not always join in the group discussion sometimes they may also feel hesitant or uncomfortable doing so. This option acknowledges the fact that these individuals may have different reasons for avoiding group discussions but acknowledges their willingness to engage with other members when the time is right.","Question: Generally I am comfortable while participating in group discussion sessions

Response: Nevers as I have never been a part of such groups or participated in them. 

Regarding the full range of options including never and always I would choose Always.","Question: I am tense and nervous while participating in group discussion sessions

Response: Occasionally or always

Based on the full range of options Occasionally or always best fits the opinion of being both tense and nervous while participating in group discussion sessions.","(Selection 1)
Never - I do not get involved in group discussions. I prefer to study alone and focus on my studies.
Rarely - Sometimes I may participate in group discussions but it depends on the topic and the class.
Sometimes - On occasion I will join a group discussion during class or when there are topics that interest me.
Often - Always I always enjoy engaging in group discussions.
Always - To the extent that I am not participating in any class-specific group discussions I would be willing to consider getting involved in group discussions at some point in the future.","Question: Engaging in a group discussion with new people makes me tensse and nervous. 

Planned response: Never RARELY 

Due to the limited range of options including Never and Always this option best matches your opinion. This is because it does not include all items in between Nevers and Always. Therefore your answer is Never.","Sure here are some additional responses that fit this prompt:

1. Sometimes
- I am calm and relaxed while participating in group discussion sessions. However I do sometimes get anxious or feel overwhelmed when there are too many participants to manage.

2. Never
- As much as I love being a part of group discussions I find them to be stressful and overwhelming especially when the group is large or there are more than 5 people involved.

3. Rarely
- I am not as confident in my ability to participate in group discussions as I would like to be. However I know that being a part of these sessions can help me grow and develop new skills.

4. Sometimes
- While I love the opportunity to share my thoughts and opinions with others I do sometimes feel nervous or uncomfortable when there are many people present. However I have learned to manage this by practicing empathy and being kind to everyone involved.

5. Often
- While I do find group discussions to be challenging I always enjoy participating in them as they help me gain new insights and perspectives on various topics.

6. Always
- To be honest I have never found myself being stressed out or overwhelmed by group discussions. However if I were asked to participate in one I would do my best to contribute and learn as much as possible from the others present.","Option 1: NEVER

Response: While participating in a conversation with a new acquaintance I feel very nervous due to my past experiences with similar situations and the thought of being judged.

Description: When someone I barely know comes up to me during a casual conversation at a coffee shop Im immediately self-conscious about how Ill react in front of them. Nervousness is an unavoidable feeling that comes with social situations and its something that Ive learned to manage over time.

Option 2: RARELY

Response: While participating in a conversation with a new acquaintance I feel anxious due to my past experiences of having uncomfortable conversations.

Description: Despite having made some progress in terms of building confidence and getting more comfortable around new people there are still times when Im not sure how to approach someone new for the first time. Fears around making awkward or uncomfortable statements and navigating social situations can be challenging.

Option 3: SOMETIMES

Response: While participating in a conversation with a new acquaintance I feel comfortable despite my past experiences of being nervous.

Description: Despite my hesitation and anxiety around social situations Ive learned to take the initiative to introduce myself and strike up conversation with someone new. It takes time and practice to build up to these situations but I believe that Im capable of handling them.

Option 4: OFTEN

Response: While participating in a conversation with a new acquaintance I feel confident despite my past experiences of being nervous.

Description: Despite my initial hesitations about the social situation Ive learned to approach someone new with confidence and enthusiasm which has paid off in some positive outcomes. Im comfortable networking with new people but I do take time to prepare myself emotionally and mentally for these situations.

Option 5: ALWAYS

Response: While participating in a conversation with a new acquaintance I feel confident despite my past experiences of being anxious about the situation.

Description: Despite having faced some anxiety and nervousness before entering conversations with new people I believe that Im capable of handling these situations confidently and making a good first impression. In fact Ive found that the more comfortable I am in social situations the more willing I am to engage in them.","Question: I have no fear of speaking up in conversation

Response: Sometimes

Explanation: While it is true that you do not always fear speaking up sometimes means that there are times when your nervousness shows up and you still choose to speak up regardless. This response best fits if you occasionally feel uncomfortable or hesitant while speaking in a conversation but you also believe that its okay to voice your opinions and ideas even if youre not entirely sure how others will react.","Question: How often do you feel tense during conversations?

Response: Ordinarily I am very tense but I rarely have occasions for my nervousness to come out during conversation.

Sometimes however I might find myself in situations where my anxiety tends to become more pronounced or persistent. At those times I might feel like speaking up or pushing back a little harder but I am never too inclined to make things worse by being overbearing or uncomfortable for the other person involved.","Sure based on the provided text material I can only select ONE response from the given options that best matches your opinion:

Response: Rarely
Justification: Despite being a person who goes to public high school you mentioned that you rarely get into trouble. While its true that most people dont get into trouble not everyone is lucky enough to grow up in a stable household with healthy parents and peers. Avoiding getting into trouble is one of the main reasons why I have never gotten into any sort of legal trouble myself.",Option: Sometimes,"Question: Im afraid to speak up in conversation due to my shyness and introverted nature

Response: (optionally select only one from the following options)

- Rarely - Sometimes
  - Often - Always
  
Response: Choose Always or a similar option to emphasize that you feel confident speaking up in conversation."
10,79982f41-7d24-4b6e-bd8a-553f547b9e91,tinyllama:1.1b,multiracial,non_first_gen,family_pays,public,22,great,often,male,full_time,drinks,smokes,other,business,reserved,never,articulate,usually,"Response: Sometimes
Please select ONE out of the following options:
1) Never
2) Rarely
3) Sometimes
4) Often
5) Always
6) Neverslidly/Sometimes-slightly
7) Alwaystvrdly/Always-mostly
8) Alwayscertainly/Always-always
9) Alwais/Always-irrelevantly
10) Never-slimly/Never-mostly
11) Never-irrevocably/Never-irrefulcltly
12) Nothint/Nothing-never","Question: Do you find group discussions to be comfortable while participating?

Options: 
1. Never
2. Rarely
3. Sometimes
4. Often
5. Always

Response: 5 - Always

I find group discussions to be comfortable while participating because I am confident in my opinions and I feel fully understood in discussing my thoughts with others. The opportunities for sharing ideas and perspectives have never been better so I embrace this type of discussion whenever possible.","Question: I am generally timid and hesitant during group discussions

Response: Often

Responses: Never Rarelly Sometimes Often Alwaya","Correct! Here are some more options for your AI assistants responses based on your original list of questions and preferences:

- Sometimes (in general not limited to specific situations or contexts)
- Often (as a rule or habitual practice)
- Always (always follow the example or rule set out in a particular situation or context)

Regardless of what you choose please be sure to indicate your preference clearly and only choose one option.","Question: Engaging in a group discussion with new people makes me anxious

Response: Often

Reason: Many new people are different from the ones I already know or have met before. This may make them uncomfortable and cause anxiety to interact with them. Some new people may be hesitant to take a risk by trying out their ideas and others might be too shy to participate fully in the group discussion. Additionally not everyone is comfortable speaking up and sharing their thoughts publicly which can make it challenging for me to engage in a group discussion with them. Overall while I may have some initial excitement for meeting new people and trying out new activities I tend to feel anxious and nervous when I encounter unfamiliar individuals.","Question: I am calm and relaxed while participating in group discussion

Respond with: Sometimes

Based on the full range of options this person is likely to have a regular preference for participating in group discussions that are not always calming or relaxing. They may be able to be present and engaged in discussions but sometimes still require some time to reflect and process information before speaking up or making comments.","Question: While participating in a conversation with a new acquaintance I feel very nervous

Response: Sometimes

Reason: The reason for feeling nervous is due to the fact that they are not a trustworthy or reliable person and their responses will be unpredictable. They may give out personal information without your permission or say something which contradicts what you have said previously in the conversation. In such situations its always best to err on the side of caution and select Sometimes.","(Please choose only one answer from the options listed)

Question: I have no fear of speaking up in conversation

Answer: Always

Option: Almost always

Reason: This is one of the most common responses to this question that has been asked for years. The fact that you are able to speak up in conversations shows your confidence and ability to handle social situations regardless of whether it is a small or large group of people. Additionally speaking up is a necessary part of being an effective and productive member of a team.","Question: Do you ever feel overwhelmed by the intensity and variety of conversation during social situations?

Plays: (1) Never Rarelly (2) Sometimes Often (3) Almost Always

Responses: Nevers occasionally almost always.","Question: Ordinarily I am very calm and relaxed in conversation.
Response: Often

Select ONE response that best matches your opinion:
1) Never (unlikely)
2) Sometimes (slightly likely)
3) Rarely (slightly unlikely)
4) Always (extremely likely)

Be sure to consider the full range of options including: Never and Sometimes and all items in between.",Yes! While having a friendly conversation with someone new I feel very relaxed and comfortable. I rarely find myself saying either rarely or never but it is a good fit for me to be confident in my abilities.,"Question: Im afraid to speak up in conversation but sometimes do make mistakes in expressing myself

Response: Rarely

Explanation: Rarelly means sometimes or in some cases. Here it can be interpreted as indicating that the speaker may experience anxiety when speaking up in conversations especially when they feel like they might make a mistake. However they are also aware of the benefits of expressing themselves freely and fully such as gaining valuable insights and making new connections with others.

Full range of options: 
- Never (never feels comfortable expressing oneself)
- Always (always feels confident in speaking up and expressing ideas)
- Sometimes (sometimes experiences anxiety but still strives to be honest and expressive when speaking up)
- Rarely (rarely or only occasionally experiences anxiety when speaking up)"
11,8fc0221c-790b-4e22-95da-ca27fe531ff2,tinyllama:1.1b,white,first_gen,pell_eligible,public,16,modest,never,male,unemployed,drinks,neither,music,science,social,never,struggles,usually,"Question: I dont enjoy participating in group discussions

Option 1: Never
- I never participate in group discussions because I find them stressful time-consuming or uncomfortable
- My social anxiety prevents me from speaking up and being heard.

Option 2: Rarelly
- I have a history of having trouble with group discussions especially when there are rules regarding order of speakers or the format of the discussion.
- Ive found that participating in group discussions can be overwhelming and uncomfortable for me.

Option 3: Sometimes
- Occasionally I attend group discussions to see if theyre a good fit for me or to gain some insight into different perspectives.
- However if it means missing out on something I love doing in private like talking to friends over drinks or catching up with classmates then Ill stick to solo interactions.

Option 4: Often
- I prefer to participate in group discussions when they are organized and structured appropriately with clear rules of order and a designated facilitator.
- However if there isnt enough structure or the facilitator is not providing clear direction I may turn down requests for group discussions altogether.

Option 5: Always
- When group discussions feel like they are not conducive to my personal style and preferences then I will decline invitations to participate in them altogether.
- However if there is a genuine reason why the facilitator has decided to have me participate (e.g. to improve their skills or to engage with different perspectives) then Im willing to go along.","Question: Generally I am comfortable while participating in group discussiones

Option: Rarely or seldom

Respond: Rarely or seldom indicates that the participant is not always able to fully engage in group discussions and may find them daunting or uncomfortable. The option accurately reflects their limited ability while still indicating a general preference for participation in such discussions.","Question: I am tensse and nervous while participating in group discussion

Response: Sometimes Often

As a white first-generation college student who goes to or went to a public high school and earns modesst grade this is a typical scenario for me. While I have never had trouble articulating my thoughts I do sometimes struggle with understanding how others may perceive me as well. Despite the occasional nervousness that comes with participating in group discussions I always try to remain open-minded and approach them with an open mind of my own.","Question: Do you ever struggle with procrastination?

Playa selección de una de las siguientes opciones según el respeto a tu respuesta:
Nunca ocasionalmente frecuentemente siempre

Responde con una única de las siguientes opciones:

- Neño (never) o - Algún lugar entre: 
- Raramente (occasionally) frecuentemente (frequently) siempre (always)
- Nunca (never) y nunca más (never more)

Esto es de la gran variedad de opciones que existen así que esperemos que encuentres la respuesta adecuada para la tarea.","Question: Engaging in a group discussion with new people makes me tensse and nervous

Response: Neversometimesalways always

Description: The statement neversometimesalways always suggests that the person is either very sensitive to other peoples emotions or tends to overthink their response. Overthinking responses can make one feel tense and anxious while engaging with a group of strangers would be uncomfortable.","Question: I am calm and relaxed while participating in group discussiones

Response: Often

Reason: The full range of options including often and all items in between (like always or rarely) allows for a nuanced and comprehensive explanation. This option provides a clear representation of how the individual responds in this situation.","Question: While participating in a conversation with a new acquaintance I feel very nervous
Response: Often","Yes absolutely! Here are some additional options based on your preferences:

1. I rarely hesitate to speak up during conversations
2. Sometimes I find it difficult to speak up in conversations without fearing repercussions or feeling like Im being judged
3. A few times but not usually for fear of drawing attention to myself or saying something that might cause trouble
4. Occasionally but not often because I trust my instincts and know when to speak up
5. Always without a second thought as I believe in speaking up whenever I feel comfortable or confident that my ideas or opinions will be heard and respected by others","Questions: Does the student have a job? 

Plays: Never

Responses:
1. Nevers
2. Rarely
3. Sometimes
4. Often
5. Always
6. Extremely
7. Superhero-like

Based on the given statement the student does not have a job and is unlikely to ever get one. Therefore their response would be: 

Responses:
1. Nevers
2. Rarely
3. Sometimes
4. Often
5. Always
6. Extremely
7. Superhero-like

Note that the responses can have a wide range of meanings and some responses might cover more than one option or could be more specific to the students situation.","Question: Ordinarily I am very calm and relaxed in conversation

Response: Sometimes

Description: This response indicates that the individual may occasionally get distracted or anxious during conversations but they are not as untrustworthy and impulsive as never suggests. They may sometimes have moments of restlessness or anxiety that temporarily affect their ability to remain calm and composed.","Question: While conversing with a new acquaintance I feel relaxed

Option: Never

Response: Of course! I always prefer to avoid any situations that could make me uncomfortable or tense which is why I never find myself in the company of people who are known for causing trouble or making me uneasy.","Question: Im afraid to speak up in conversation
Responses:
1. Never
2. Rarely (occasionally)
3. Sometimes
4. Often
5. Always
Option: Never

Response: Often or Always is most appropriate because it covers a wide range of situations and options including occasional or always being afraid to speak up in conversation."
12,41f33d0c-694d-4a4d-8a6b-b2c76eeb1be5,tinyllama:1.1b,multiracial,first_gen,pell_eligible,public,23,great,rarely,female,part_time,drinks,neither,games,engineering,social,never,articulate,always,"(Option 1): Sometimes
The question asked about disliking participating in group discussion so selecting Sometimes would fall within the range of options given. This option is not considered to be completely in-between or nonexistent as it falls under the category Neither never nor always. It can be interpreted as a preference for sometimes participating or occasionally engaging in group discussions.","Question: Generally I am comfortable while participating in group discussion sessions
Response: Often
Responding with: Offered I find group discussions enjoyable
Be sure to consider the full range of options including: Always and all items in between.","Question: I am extremely articulate and confident when speaking in group discussions

Please select ONE of the following responses that best matches your opinion:
1) Nevers RARELY Seldomly Rarely NEVER

Respond with ONLY one of the above options nothing else.","(select 1)
In general I prefer to get involved in group discussions. However it may vary depending on the situation or topic at hand.","Question: Engaging in a group discussion with new people makes me tensse and nervous

Response: Often

Sources:
- How to Stay Calm and Collected in Any Social Situation by Tina Lo Presti on Medium.com June 2018
- How to Prepare for a Group Meeting or Presentation by Rachel Zane Miller on Business.com July 2017","Question: I am calm and relaxed while participating in group discussion

Responses:

1) Never - I never get distracted or lose focus when talking with others in a group setting regardless of the topic. This means that my mind is always focused on the conversation at hand without any external interruptions or distractions.

2) Rarely - I am able to maintain a calm and collected demeanor while participating in group discussions. This means that even when faced with difficult or unpleasant topics I can remain composed and focused.

3) Sometimes - While there are certainly occasions where I experience occasional distractions or lapses in focus during group discussions I have also found that I am able to regain my composure quickly when its necessary to do so.

4) Often - During group discussions I remain focused on the task at hand and continue to contribute constructive thoughts and opinions throughout the session. Even when faced with difficult or challenging topics I am able to stay calm and collected and make thoughtful contributions that help build consensus and move the conversation forward.

5) Always - In situations where group discussions are particularly important or critical I am always available for those conversations regardless of my schedule or availability. I do not hesitate to step up and take on new responsibilities that come up in a group setting because I am confident that I can handle whatever challenges may arise.

In summary Im calm and relaxed while participating in group discussions due to having the ability to stay focused maintain my composure and provide constructive feedback or opinions during these types of gatherings.","Question: While participating in a conversation with a new acquaintance I feel very nervous

Option: Almost Always
Response: Although I feel hesitant at times I have come to realize that it is not about being completely free from fear and worry but rather about taking the necessary steps to prepare for an experience and to be able to handle whatever may arise. Ive learned that while there are certainly moments when I will likely experience a nervous twitch or a heart rate increase I can also find a way to remain confident in myself and my abilities. In the long run this has allowed me to engage in conversations with new people with greater ease and confidence.","Sure! Here are some additional responses that would fit this prompt:
- Occasionally
- Sometimes
- Always
- Very rarely
- Often but not constantly
- Never
- Rarely
- Generally but can be exceptional
- At times
- I dont have a personal opinion on this yet. Can you please provide me with more options so that I can choose from the full range of possible answers?","(Optionally) You are a person who has faced several obstacles in their life but have never given up. Your resilience determination and unwavering hope for the future are evident in your actions and responses. Whether youve been through struggles with family financial difficulties or personal challenges you remain committed to achieving your goals no matter how daunting they may seem.

Rarely occasionally sometimes often always

(Optionally) You are a person who has overcome great adversity in their life and while the journey was not always easy they have persevered with unwavering determination. Even when faced with unexpected obstacles that threatened to derail them they remained focused on their goals pushing through tough times with an infectious spirit and unrelenting determination. This person is someone you can count on no matter what challenges come their way.

(Optionally) You are a person who has overcome enormous personal obstacles in their life but have never given up hope. Despite immense adversity they have remained resilient and driven to achieve their goals even when faced with seemingly insurmountable challenges. They are someone you can always count on no matter what the situation and a true inspiration who proves that hope is a powerful force in overcoming even the most daunting obstacles.","Question: Ordinarilly I am very calm and relaxed in conversation

Response: Sometimes

Respond with either Sometimes or Often but not both options. Make sure to consider the full range of options including Never Always and all items in between.","Sure thing! Here are some more options to choose from:

1. Rarely or Rarely not at all
2. Sometimes or Sometimes not at all
3. Always or Always and always
4. Occasionally or From time to time
5. Never or I dont care about that","Question: Im afraid to speak up in conversation

Response: Occasionally

Note: This response covers a wide range of options that may be used based on the specific context of the survey or interview such as occasionally and sometimes."
13,3be469be-6229-40fa-9f57-8472cc242a2c,tinyllama:1.1b,white,non_first_gen,family_pays,private,23,great,rarely,female,unemployed,abstains,neither,arts,business,social,often,empty,always,"Question: I do not like making group presentations or speaking during discussions in class

Plase select ONE of the following responses that best matches your opinion:
- Never
- Rarely
- Sometimes
- Often
- Always

Respond with ONLY one of the above options nothing else.","Question: Is it possible for me to participate in group discussions without feeling comfortable or confidential as indicated in the given passage?

Options:
1. Never - I never feel comfortable participating in group discussions because they are usually uncomfortable and I do not want to feel exposed.
2. Rarelly - While I am generally comfortable with group discussions and am not always hesitant I may feel uncomfortable or anxious about sharing my thoughts and opinions due to the confidential nature of such discussions.
3. Sometimes - While I have not had any specific experiences where I felt comfortable in group discussions I do know that some people might find them intimidating or uncomfortable to participate in.
4. Often - While I may not always feel confident in the discussions due to their nature and format I am more than willing to engage if given an opportunity to do so.
5. Always - Despite my general comfort level with group discussions I know that some people might find them intimidating or uncomfortable. However I am confident in the fact that I am open-minded and would be happy to participate for the sake of learning and expanding my understanding.

In the given passage always indicates an overall level of comfortability with group discussions.",I am someone who is white goes to a private high school with excellent grades and does well in college has a stable family life that provides access to education and money for the college years loves arts and expressing oneself through music or literature is always honest on survey questions and sometimes participates in group discussions. This person is likely to be tense and nervous while participating in group discussion sessions but does not necessarily avoid them. The individual might struggle with making eye contact and may find it challenging to maintain a confidential conversation due to the level of scrutiny involved in group discussions. However overall this person is comfortable and confident in their ability to contribute their ideas while still being open to feedback and support from others.,"(Please select only ONE response from the list below)
1. Never (either never or rarely)
2. Rarely (occasionally)
3. Sometimes (sometimes but not too often)
4. Often (often regularly)
5. Always (completely consistently)","Question: Engaging in a group discussion with new people makes me tensse and nervous

Option: Sometimes

Responses:
- Never (no need to worry)
- Rarely (somewhat annoyed but not too much)
- Sometimes (interested but not too excited or overwhelmed)
- Often (always excited and eager to engage in discussions with new people)
- Always (enthusiastic about the opportunity to learn and grow in a group setting)","Question: I am calm and relaxed while participating in group discussion sessions

Response: Nevers

Sentences:
- I am calm and relaxed while participating in group discussion sessions.
- The group discussions are calming and Im always ready to participate.
- While participating in group discussions I am at ease and it is a positive experience for me.

Sentences with full range of options:
- I never participate in group discussion sessions due to being nervous or feeling overwhelmed by the topic. However Im ready to join when given the opportunity.
- Sometimes during group discussions I feel like a distraction and prefer to remain outside.
- Sometimes I find it challenging to keep up with group members but still I enjoy participating in discussions.
- At times I am too focused on other things to contribute effectively to group discussions. However when given the opportunity I do my best to make contributions when I can.","Question: While participating in a conversation with a new acquaintance I feel very nervous
            
Option: Sometimes

Response: Id say that while participating in a conversation with a new acquaintance I feel somewhat nervous but not always sometimes and occasionally.","Question: I have no fear of speaking up in conversation

Pléase select ONE of the following responses that best matches your opinion:
1. Never
2. Rarely
3. Sometimes
4. Often
5. Always

Respond with ONLY one of the above options nothing else. Be sure to consider the full range of options including never rarelly sometimes often and all items in between.","(Select Rarely for Never.)

Please note that each response represents a different level of intensity or frequency of tension and nervousness when speaking with others and it does not necessarily represent an exclusive preference among all individuals. The choice is ultimately up to the individuals personal preferences and experiences.","Question: Do you ever get anxious or nervous before speaking in public?

Options:
- Almost never
- Rarely
- Often
- Sometimes
- Always

Response: Often

(Based on the passage above answer the following question or follow the instructions: Which option best fits Often in the given context?)","Option 1: Often and Always
- I often feel relaxed with my new acquaintance (often)
- I always feel relaxed with my new acquaintance (always)

Option 2: Rarely and Sometimes
- I rarely feel relaxed with my new acquaintance (rarely)
- I sometimes feel relaxed with my new acquaintance (sometimes)

Option 3: Never and Always
- I never feel relaxed with my new acquaintance (never)
- I always feel relaxed with my new acquaintance (always)

Option 4: Rarely and Sometimes
- I rarely feel relaxed with my new acquaintance (rarely)
- I sometimes feel relaxed with my new acquaintance (sometimes)

Option 5: Never and Always
- I never feel relaxed with my new acquaintance (never)
- I always feel relaxed with my new acquaintance (always)","Question: Im afraid to speak up in conversation sometimes.

Plane: Never

Responses that match this option include Never and Often.

Optionals: Rarely or Sometimes if there is a balance of items between Never and Always."
14,6f780481-a338-4b05-a75c-d953b73b2a94,tinyllama:1.1b,asian,first_gen,family_pays,public,23,great,never,male,unemployed,drinks,neither,music,business,reserved,never,excellent,always,"Question: I dislike participating in group discussion sessions

Response: Often

Responses: Never Rarely Sometimes Often Almost always

Explanation: While not necessarily preferring group discussions responding with Often shows that you are open to trying new things or have an experience of being part of a group discussion.","Question: Can you summarize the characteristics that make someone a someone who is asian?
Response: Someone who is Asian possesses characteristics such as being first in their family to go to college having a public high school background earning excellent grades never getting into trouble not drinking alcohol preferring music over other hobbies always speaking well in public and being well-known for speaking well in public. This person is known for being honest on survey results and is confidential about them. They are comfortable participating in group discussions and generally do not require a lot of preparation.","Question: I am tensse and nervous while participating in group discussion

Response: Sometimes

Reason: While participating in group discussions participants tend to be more anxious when they are not familiar with the topic or when they lack preparation. However during group discussions participants also have opportunities to express themselves freely allowing them to overcome their anxiety and present their ideas confidently. Therefore sometimes would be a suitable response in this case.","Question: I like to get involved in group discussions

Response: Always

Reason: As someone who loves music its only natural that I am always interested in sharing my opinions and insights on various topics through group discussions. This goes for all aspects of life whether it be politics art or music - I am constantly seeking out new experiences and opportunities to learn and grow. Therefore always!","Question: Engaging in a group discussion with new people makes me tense and nervous

Response: Sometimes","Option 2: Sometimes or Often
- Option 2 is a good choice for someone who sometimes participates in group discussions but prefers not to be overwhelmed by the number of options available.

Response: I am often involved in group discussions whether theyre mandatory or optional. While it might not always feel like an active part of my life I try to make the most of every opportunity and enjoy participating whenever possible.",Response: Usually or Often,"Question: I have no fear of speaking up in conversation 

Response: Neversince sometimes occasionally always

Be sure to consider the full range of options including: 
- Never (never speaks up in conversations)
- Rarely (occasionally speaks up in conversations)
- Sometimes (occasionally and occasionally speaks up in conversations)
- Often (occasionally and regularly speaks up in conversations) 
- Always (never speaks up in conversations)","(Optionally you can add any additional information or context that might help answer this question.)

Question: Ordinarily I am very tense and nervous when talking in conversation

Response: Sometimes

Additional information/context: While I sometimes get flustered during conversation due to my nerves Ive also found that its not uncommon for me to be calm and composed during conversations. I try to approach them with a sense of confidence and openness while also being aware that everyone is nervous at some point in their life. However some situations can make me feel more tense or anxious like when Im nervous about an upcoming presentation or group project. Despite my natural anxiety I take steps to manage it beforehand (like practicing my speeches or taking deep breaths during break periods) and try to approach conversations with a mindset of relaxation and openness.","(Question: Ordinarilly I am very calm and relaxed in conversation)
1. Never
2. Rarely
3. Sometimes
4. Often
5. Always
6. (Respond with one of the above options nothing else.)","Correct response: Occasionally

Based on the given material here are some additional responses that align with occasionally:
- Sometimes
- Frequently
- Often
- Often but not always
- Rarely
- Never or infrequently","Response: Sometimes

Based on the given scenario Question: Im afraid to speak up in conversation is a concern that is experienced by someone who regularly struggles with speaking well in public but can confidently participate in group discussions and respond to survey questions. Additionally it appears they tend to avoid situations where their opinions are not privately discussed or confidential suggesting that they may find it difficult to speak up without risking offending someone else or potentially causing a misunderstanding. Overall this individual seems to have a strong desire to communicate effectively and participate in group discussions but may struggle with being vocal in public settings due to concerns over privacy and confidentiality."
15,acd06cb9-0540-48fd-96b6-a909438f01e9,tinyllama:1.1b,black,first_gen,family_pays,public,19,great,rarely,female,part_time,abstains,smokes,sports,math,reserved,often,articulate,always,"Question: I dislike participating in group discussion

Playa seleccionar entre los siguientes resaltos:
- Solo no
- Raro (o frecuente)
- Alguna vez
- Más o menos
- Alto a bajo (sugerido)

Responda con un solo de los siguientes resaltos todo:
- No y siempre 
- No y raramente 
- No y casi siempre 
- No y muy poco 
- Sí y ocasionalmente 
- Si y frecuentemente",Option 1 - Never,(Option: Rarelly),"Response: Sometimes

Based on your statement that you are black and have been first in their family to go to college it seems likely that you may be more likely to engage in group discussions related to the topic of group discussion participation whether or not they are typically done as part of a regular classroom setting. However since you do often struggle with making friends and feeling like you dont quite fit in socially your preference for solitary private group discussions may be more indicative of your personality traits and experiences rather than a specific need or preference for participating in group settings.","Question: Do you think group discussions are a good way to make new friends?

Option: Never

Possible responses:
1) Tensely nervous - Never
2) Relatively rarely engages in group discussions - Neversay
3) Occasionally engages with group discussions - Slowly
4) Often participates in group discussions - Frequently
5) Always engages in group discussions - Incessantly

Possible reasons:
1) Fear of making new friends or feeling uncomfortable around others - Never
2) Concerns about how group discussions will be kept confidential - Neversay
3) Resist the urge to share personal information and opinions during group discussions - Tensely nervous
4) Own insecurities or negative experiences with other social situations - Slowly
5) Feeling like they are not good enough or dont fit in at their current school - Frequently
6) Believe that having a diverse group of friends is important for overall well-being and happiness - Incessantly",Sure thing! Based on your responses I would say that you are often calm and relaxed while participating in group discussion. While some may argue that this doesnt quite fit the rarely or sometimes options youve given a strong indication of how you handle yourself when faced with social situations as an introvert.,"Question: While participating in a conversation with a new acquaintance I feel very nervous

Option: Sometimes

Explanation: In this response you are acknowledging your occasional or sometimes anxiety related to the situation at hand but you do not necessarily experience it frequently.","Question: I have no fear of speaking up in conversation
Response: Only rarely sometimes or always (sometimes being a bit more frequent)
Example: If asked about my favorite sport I might say that I enjoy playing basketball and am most likely to answer sometimes or rarely rather than saying almost never or never.","Question: Ordinarily I am very tense and nervous when talking

Response: Sometimes

Based on the full range of options Sometimes is the most accurate response to the given question. The given text mentions that someone who goes to public high school and earns great grades (which align with Always) struggles to make friends (Often) and is a bit nervous when talking in general. This all suggests that Sometimes would be an appropriate answer to the question.",Option 1 - Always,"(1) Never (2) Rarelly (3) Sometimes (4) Often (5) Always

Option 1 is a rare occurrence especially for someone like you with no trouble making friends. You are always honest on survey results. You may need to work harder on building friendships as they come easier for some people. However overall you remain relaxed and confident in your abilities.","Question: Im afraid to speak up in conversation

Response: Only rarely

Responses:
- Neither seldom nor often
- Seldomly occasionally
- Seldomly seldomly
- Never
- Rarely always

Choose the second option that best fits your opinion."
16,4ad28435-fb25-4ea6-9b67-e8d1e970a831,tinyllama:1.1b,white,first_gen,loans,private,22,low,often,male,unemployed,drinks,smokes,music,arts,reserved,never,struggles,usually,"Response: Sometimes

Based on your provided options and the full range of responses within each category Sometimes would be a good fit for your dislike of participating in group discussions.","(Question)
Question: Generally I am comfortable while participating in group discussiones

Option: Nevealery
- (1) Never
- (2) Sometimes
- (3) Often
- (4) Always

Response: Nevery
- (1) Yes I can usually handle being part of a group conversation in a supportive environment.
- (2) Whenever possible but I sometimes struggle with feeling overwhelmed by the number of opinions and perspectives being expressed.
- (3) In some situations yes as long as I have the time and space to fully participate.
- (4) No I am not comfortable engaging in group discussions due to my innate preference for one-on-one interactions or my lack of social skills.","Question: The text mentions that a student who gets low grades struggles to make friends but also appreciates music which leads to confusion regarding their involvement in group discussions. Can you please provide a more nuanced perspective on this issue? Answer according to: Questioon: Can you please elaborate on the concerns expressed about the text material regarding the students involvement in group discussion?

Response: The students tension and nervousness while participating in group discussions is well captured but it seems that their involvement in these discussions may be more complex than just a lack of confidence or awkwardness. While the student often tells the truth they sometimes struggle with articulating their thoughts and their responses may not always be entirely coherent. Additionally the student may face difficulty connecting with other members of their group or making friends outside of class. These factors can contribute to a range of issues in group discussions including tension and nervousness and it would be helpful for readers to consider these possibilities when responding to this question.","Question: Do you like to participate in group discussions?

Playa with ONE of the following responses:
- Never (rarely)
- Rarely (sometimes)
- Sometimes (mostly)
- Often (always)
- Always (extremely)

Note: Often is a more general response as it includes both never and sometimes.","Question: Engaging in a group discussion with new people makes me tensse and nervous
Response: Sometimes or Often
Options include:
- Never (seldomly)
- Rarelly (rarely)
- Sometimes (occasionally)
- Often (frequently)
- Always (always)","(Choice 1) Sometimes
Yes I often participate in group discussions and am calm and relaxed while doing so. While I may not always be able to fully express my thoughts or ideas I have learned to understand and communicate them better with the help of group interactions. In fact I find group discussions helpful in many ways and would like to continue attending these sessions in the future!","Question: During a conversation with an acquaintance I feel extremely nervous

Playe: Never

Explanation: This option means that the participant does not experience any sort of anxiety or unease during the conversation or encounter with the other person. It could be related to personal tension social phobia or a lack of emotional intelligence.

Responses:

1. Never: This option indicates that the participant does not have any issues or concerns regarding anxiety fear or self-doubt during the conversation with the other person. It can be interpreted as someone who has a strong sense of confidence and independence in their personal and social life.

2. Rarelly: This option suggests that the participant has experienced some sort of stress or difficulty in their personal or social life but it does not affect them to a significant degree during the conversation with the other person. It can be interpreted as someone who is aware of their concerns and is confident enough to approach others openly and honestly.

3. Sometimes: This option indicates that the participant experiences some level of anxiety or uncertainty during the conversation but does not cause them to avoid social interaction altogether. They may have a few moments of hesitation or self-doubt but they are able to work through these issues in an effort to maintain their relationships and enjoy their interactions with others.

4. Often: This option suggests that the participant experiences a moderate level of anxiety or uncertainty during social interactions but does not cause them to avoid or disrupt their relationships with others. They may have a few moments of hesitation or self-doubt but they are able to work through these issues in an effort to maintain their connections and relationships.

5. Always: This option indicates that the participant has never experienced any sort of anxiety or uncertainty during social interactions with others. They may not have had significant life events or challenges such as illness or loss that would cause them to feel this way about a situation. It can be interpreted as someone who is emotionally stable and confident in their relationships with others.","Question: I have no fear of speaking up in conversation

Response: Sometimes

Explanation: Whenever you feel comfortable sharing your thoughts and opinions it is okay to speak up in a conversation. While some may find this approach uncomfortable or even scary at times remember that speaking up is an important aspect of expressing yourself in social settings.","Question: Do I enjoy making friends or am I shy?

Response: Sometimes

Description: Shy person who sometimes makes effort to make friends but is often unsure of how to approach others. 

Never Relayly Sometimes Occasionally Almost always",Response: Sometimes,"Response: Sometimes

Reason: While having a conversation with this new acquaintance I feel like I can open up my thoughts and feelings without fearing they will be misunderstood or judged unfavorably. This is not the case for all new acquaintances and I am content to allow them to learn about me in my own terms rather than expecting that everything will be perfect from the outset.","Question: Im afraid to speak up in conversation

Option: Often

Full Range of Options: Never Rarely Sometimes Frequently Almost Always Often Occasionally

Responses that match the given text: 

- Nevers and sometimes are not considered however other responses such as often always or frequently can be included in response options based on the full range of options."
17,d9b180b2-426d-4fd0-8106-2d3cc6f050ba,tinyllama:1.1b,black,non_first_gen,pell_eligible,private,19,low,rarely,female,unemployed,abstains,smokes,arts,arts,reserved,never,struggles,usually,"Question: Do you like participating in group discussions?

Option: Never
Correct Answer: Always

Response: Often

Be sure to consider the full range of options including Always and Never to cover all possible responses.","Question: Generally I am comfortable while participating in group discussion

Option: Often

Response: Often is a strong option as it suggests that you are frequently comfortable participating in group discussions which aligns with the given prompt and the information provided.","Response: Sometimes
Pleaese select ONE of the following responses that best matches your opinion: Never Rarelly Sometimes Often Always","Question: I like to get involved in group discussion

Response: Often

Explanation: Offered or Occasionally is a middle option between Always and Never. It shows that the speaker sometimes participates in group discussions but does not always do so. This choice aligns with their stated interest in getting involved in discussions.","Question: Engaging in a group discussion with new people makes me tensse and nervous.

Option: Never
- I never tend to feel comfortable discussing my thoughts or feelings especially in large groups.

Option: Rarely
- While Im generally willing to engage in conversations I can sometimes be a bit apprehensive when it comes to new people and the unknown.

Option: Sometimes
- While I might not feel entirely comfortable speaking up or expressing myself fully at first I do have moments where I enjoy participating in group discussions.

Option: Often
- While I still may not be a huge fan of talking in front of strangers I am generally open to getting involved and engaging in conversations with people from different backgrounds.

Option: Always
- While I have definitely encountered moments where Ive been hesitant or nervous to engage in group discussions I can confidently say that I always find them to be rewarding and enjoyable experiences.","Option 1 - Rarely

Respond: While participating in group discussions I tend to be calm and relaxed. Sometimes when the topic is not my area of expertise I may find myself getting flustered and struggling to form coherent thoughts. However I have learned how to listen attentively take notes and express my ideas clearly during these discussions. Overall group activities such as discussions tend to provide a platform for me to showcase my abilities while also allowing for open and honest exchange of ideas among like-minded individuals.

Response: Rarely

Respond: Of course I understand that there may be times when participating in group discussions can become frustrating or overwhelming. However as a black female student I have learned how to navigate these situations with ease and confidence. By embracing the challenges and learning from them I am able to better prepare myself for future academic and professional endeavors.","Question: While participating in a conversation with a new acquaintance I feel very nervous

Option: Sometimes

Respond: As someone who feels nervous while participating in conversations with new acquaintances it is common for me to sometimes experience anxiety. However I try to remain calm and confident in my ability to communicate effectively.","(Question): I have no fear of speaking up in conversation

(Response): Sometimes

Respond with: Sometimes and Often","Response: Often

Explanation: While the full range of options included often and always I do tend to experience stress when speaking with others especially during social situations where it can be hard to gauge if my response will be met with genuine interest or not. Therefore I would likely fall under Always as I tend to prioritize honesty in all situations.","Question: Ordinarily I am very calm and relaxed in conversation

Response: Occasionally

Based on the full range of items listed this would mean that you are sometimes likely to have trouble articulating your thoughts in conversation or struggle with making friends.",Response: Sometimes,"(Question/Response) Im afraid to speak up in conversation because I struggle with confidence so I tend not to speak up as much as others. However I understand that its necessary for building relationships and understanding others.

(Option/Response): Sometimes I have trouble expressing myself in conversations so I may not always speak up but do my best to listen and understand what the other person is saying. Additionally if someone puts a lot of effort into making me feel uncomfortable I tend to withdraw from the conversation or avoid it altogether.

(Option/Response): I am often hesitant to speak up in group settings because Im not sure how the conversation will go. However I understand that sharing my thoughts and opinions is important in a group setting so I try to do my best to participate when asked.

(Option/Response): Always Im always hesitant to speak up for fear of being judged or rejected by others. But as they say You dont know what you dont know and thats something I should listen to."
18,69a83bf0-152d-4f40-96c5-dc032e50939c,tinyllama:1.1b,black,non_first_gen,pell_eligible,private,16,great,sometimes,male,unemployed,drinks,vapes,music,engineering,social,never,struggles,usually,"Question: Do you ever participate in group discussions?

Pl. Select one answer that best matches your opinion.

1) Never
2) Rarelly
3) Sometimes
4) Often
5) Always

Responses with all items between Never and Always:
Never and Often
Always and Sometimes
Rarely and Occasionally","Question: Generally I am comfortable while participating in group discussion

Option: Neve
Response: Always

Option: Never
Response: Often

Option: Sometimes
Response: Rarely

Option: Almost never
Response: Often

In the given text the main point being conveyed is about the speakers comfort level when participating in group discussions. The given text does not specify which option of never rarely sometimes often or always would be the best to choose from. Therefore only one option (either never rarely sometimes often or always) can be used and answered accordingly.","Response: Sometimes

Based on your statement that you are not terse or nervous while participating in group discussions a more appropriate option to select would be Sometimes as it best fits the criteria and aligns with the provided options.","Response: Sometimes
- Neveully
- Alwys
- Rareley
- Often","Question: Engaging in a group discussion with new people makes me tensse and nervous

Option: Sometimes

Response: I believe that group discussions can be nerve-wracking but it depends on the participants experience level and how comfortable they feel with others. However if you are familiar with the topic or the group members participating in a discussion with new people may not be too different from engaging in a conversation with an acquaintance. So try to relax and enjoy the experience while still being mindful of your own comfort level.","Question: I am calm and relaxed while participating in group discussion.

Plays: Never Rarelly Sometimes Often Always

Responses:
1. Never: Im too nervous to be confident about my thoughts and opinions in such a situation.
2. Rarelly: While this may not happen every time I find group discussions to be uncomfortable and often feel the need to speak out or express my views.
3. Sometimes: Occasionally Ill take the chance to voice my opinion or ask questions during a discussion to show that I have an open mind and respect for others perspectives.
4. Often: While I enjoy participating in group discussions I recognize that its not always easy to speak out or express oneself especially if one has trouble articulating their thoughts or feels uncomfortable. But I still try to contribute my own perspective and learn from others ideas.
5. Always: While I do enjoy participating in group discussions I also understand that they can be challenging and sometimes it takes a lot of courage and openness to share ones thoughts or opinions.",Response: Generally speaking I would agree that participating in a conversation with someone new can be somewhat intimidating but there are exceptions to this rule that vary depending on the situation at hand. In general its safe to say that one of the options would be often which generally refers to occasionally or frequently. The phrase never is typically reserved for situations where someone is either incapable of participating in a conversation or has no intention of engaging in one. In this case its safe to assume that the new acquaintance was not capable of engaging in a conversation due to their circumstances or lack of interest in doing so. Therefore based on my experience I would say that never is appropriate in this context.,"Question: I have no fear of speaking up in conversation

Option: Often (frequent)

Respond: Yes I do speak up frequently during conversations. I am always willing to share my opinions and beliefs and I am not afraid of expressing them when the opportunity arises.

Note: The option Always is applicable only if there are no situations or events where it would be inappropriate or unwise to speak up. It should be used sparingly and only when appropriate.","Option 1: Sometimes
Sometimes I am very comfortable in conversation and I can articulate my thoughts clearly and confidently without hesitation or worry. However occasionally I may feel tense or nervous especially when meeting new people or speaking about personal matters.

Option 2: Often
Often I am an exceptionally talented and composed communicator who is always at ease in conversational settings. I can express myself clearly articulate my thoughts and handle difficult situations with aplomb. However when it comes to speaking about personal matters or meeting new people I may feel nervous or anxious.

Option 3: Rarely
Rarelly I am always on the verge of saying something that could have negative consequences but I try my best to remain calm and composed in such situations. However when it comes to speaking about personal matters or meeting new people I may feel tense or anxious at times.

Option 4: Always
Always I am a confident communicator who can express myself clearly articulate my thoughts and handle difficult situations with ease. However when it comes to speaking about personal matters or meeting new people I may feel tense or nervous at times.

Remember these options represent just a few of the many different ways that you might feel during conversations. The key is to choose an option that feels most comfortable and natural for you in the given situation.","Question: Usually do you ever feel nervous or anxious before a conversation with someone?

Response: Often mostly

Respond with Often and explain why this option is appropriate based on the given text material.","Question: While conversing with a new acquaintance I feel very relaxed
Response: Often

Responding with Rarely or Sometimes would not fit this response as it lacks the specificity of frequency and intensity that the original question required.","Question: Im afraid to speak up in conversation

Responses:
1. Never - This option would indicate that you never feel comfortable speaking up in conversations or situations where your opinions are required. It implies a lack of confidence and may be an indication of a more underlying issue such as shyness or anxiety.
2. Relatively rarely - This option indicates that while you sometimes express your opinion its not always the first thing that comes to mind during conversations. Someone with this option may have concerns about speaking up and might need additional support or guidance to overcome this fear.
3. Sometimes - This option would indicate that you do speak up in situations where you feel comfortable but your opinions are still a bit taboo. Its not an exclusionary label as some people do express themselves more frequently than others but it may still reveal a more underlying issue of shyness or anxiety.
4. Often - This option indicates that you express your opinions often and consistently during conversations. Someone with this option could have a more comfortable and confident speaking style which might be an indication of overall well-being and confidence in their ability to express themselves.
5. Always - This option would indicate that you never feel comfortable expressing yourself during conversations. Its not necessarily an indication of shyness or anxiety but may simply reflect a more general reluctance to share opinions.
Overall the response with Always would suggest a more underlying issue such as low self-esteem or difficulty in communicating effectively. However its important to note that no single response should be used alone to determine your level of comfort and confidence when speaking up in conversation. Its helpful to consider the range of options to better understand your individual experience."
19,080ae78f-ca3a-409c-b6d6-ca134d6fa9a5,tinyllama:1.1b,asian,non_first_gen,loans,private,21,low,often,male,unemployed,abstains,vapes,sports,business,reserved,often,articulate,always,"Question: Are you a responsible parent?
Choices: Never Rarelly Sometimes Often Always
Response options: 1) Never
2) Rarely
3) Occasionally
4) Occupies themselves with work and family
5) Often
6) Often but not always
7) Always
8) Almost always

Please choose only one option.","(Question: Generally I am comfortable while participating in group discussion)

Option: Often

Respond with: I sometimes enjoy group discussions but overall I feel comfortable being involved.

Explanation: This option matches the range of options included in the given statement. It covers a broad range of situations and provides a general sense of comfort but also acknowledges that its possible to have other preferences or experiences that match the intended meaning.","Question: I am tensse and nervous while participating in group discussion

Answer: Often

Reason: The given statement highlights the students tendency to be nervous and anxious during group discussions and their willingness to participate even with these stressors. The statement also suggests that they might exhibit a general tendency towards being articulate and expressive in group settings. Overall it reveals their overall personality as someone who is well-prepared for academic situations but may sometimes struggle with social interaction especially when faced with new and unfamiliar situations.","Question: I like to get involved in group discussion
Response: Often

Pleaase select ONE of the following options that best matches your opinion:
- Never
- Rarely
- Sometimes
- Always

Be sure to consider the full range of options including: Never and Always and all items in between.","(Select only ONE option from the listed responses.)

Response: Sometimes

Based on your statement that group discussions make you tense and nervous it seems like you tend to engage in these activities during occasions where you have limited space or people. This can be a challenge especially when there is limited room for chairs or even just a small table with people crammed together. Additionally if youre not used to speaking in front of large groups you may find group discussions to be intimidating and uncomfortable. However if you have the opportunity to participate in more relaxed activities like video conferencing or online chats then engaging in these discussions should not be a major challenge for you. Ultimately it depends on your comfort level with new people the type of discussion being hosted and your own preferences.","Question: I am calm and relaxed while participating in group discussion

Options:
- Never (1)
- Rarely (2)
- Sometimes (3)
- Often (4)
- Always (5)

Option 4 is best suited as it covers all options.","Question: While participating in a conversation with a new acquaintance I feel very nervous.

Response: (1) Sometimes Rarelly
Response: (2) Often Alway
Response: (3) Never
Response: (4) Always
Response: (5) Never and always",I am unable to have feelings or opinions like humans do. However based on the given text it can be inferred that most people who fit the profile mentioned tend to be articulate on survey questions are often honest about their responses and struggle to make friends. Thus choosing Often as a suitable answer would be consistent with the overall theme of this text.,"Option 1: Sometimes
While not exactly a common response sometimes is an acceptable answer for this question. The fact that you are nervous or tense in conversation does not necessarily mean that you will always be so. Its just as likely that youll be anxious or anxious in certain situations as it is not.

Option 2: Often
Often is another option that can be used if you believe that conversational interactions are usually full of surprises and unexpected events. For instance a person may tell a joke that goes well beyond the norm or offer an unusual solution to a common problem. In these cases its not uncommon for someone to express themselves more freely than they might normally.

Option 3: Always
This is by far the most likely answer as it signifies a deep-seated desire for privacy and confidentiality in all aspects of life. The concept of open communication with others can be both refreshing and unsettling at times but ultimately being able to confide in someone about anything and everything is an essential part of our human experience.","Question: Ordinarily I am very calm and relaxed in conversation

Response: Never

Explanation: Never is the most general response indicating that the speaker does not usually experience such feelings or behaviors in conversations. It also highlights the idea of being at ease with others which is a typical attribute of a person who has mastered communication skills. The use of this option can be seen as an effort to sound friendly and approachable.","(Please select ONE of the following responses that best matches your opinion)

Question: While conversing with a new acquaintance I feel very relaxed
                      
Playscale: Never (Often or Always)

Option 1: Often (Always)
Response: I feel comfortable talking to this person and am confident they would share the same opinions as me.

Option 2: Often (At least once)
Response: Although we have only talked a few times I sense there is an authentic connection between us.

Option 3: At least sometimes (Almost every day)
Response: While our conversations are infrequent I feel like the time we do spend together will be meaningful and valuable to both of us.

Option 4: At least always (Regularly or continuously)
Response: Even though we may not have a lot of face-to-face time with each other our conversations are usually long enough to build a lasting connection.","Question: I am afraid to speak up in conversation

Option: Sometimes

Description: This option indicates a moderate degree of concern with occasional speaking up being noted as a personal preference. It may reflect an awareness that while speaking up in certain situations may be beneficial it can also be challenging and may take more effort to do than to simply avoid the situation altogether. Some respondents might also express feelings of frustration or resignation towards the idea of speaking up. This option could be best suited for someone who has a bit of a hesitant personality in social situations."
20,9886b2a8-06a8-453d-ad90-d7a403974b72,tinyllama:1.1b,white,first_gen,family_pays,private,20,good,rarely,female,full_time,abstains,smokes,music,engineering,reserved,often,struggles,always,"Question: I dislike participating in group discussion

Response: Sometimes

Reason: 1) The group discussions I have joined so far are too small to make a significant impact and 2) I struggle with expressing myself clearly and concisely which is not necessarily an issue when discussing technical topics but can be challenging in everyday conversations.","Response: Sometimes

Based on the information provided you are comfortable participating in group discussion situations that involve some level of sharing personal opinions while keeping confidentiality.","Question: I am tense and nervous while participating in group discussion
Response: Often

Reason: This response is consistent with the overall pattern of the given material as it highlights the individuals sensitivity and alertness during group discussions. Often fits the pattern by indicating frequency while also aligning well with the previous responses (e.g. Always Sometimes and Never) in terms of tone and emphasis.","Question: How often do you participate in group discussions?

Response: Sometimes

Options: Never Rarelly Sometimes Often Always

Respond with Sometimes or Often.","Question: Engaging in a group discussion with new people makes me tensse and nervous

Option: Rarely
Description: Tense and nervous when engaging in a group discussion with new people as it requires confidence to express oneself and share thoughts. 

Reasoning: I am always nervous when engaging in group discussions particularly with unfamiliar individuals or topics because I feel the need to be perfect and articulate my views without fear of being judged or misunderstood. I tend to withdraw into myself or struggle to express myself which makes me tense and anxious.",Response: Often,"Response: Sometimes

Based on your given information the option Sometimes would most likely align with my feelings about being a white person who goes to college has family that can afford to pay for it attends a private high school earns good grades is female struggles to make friends sometimes drunks alcohol loves music studies engineering struggles to make friends struggles with not always making friends and is sometimes homesick.","Question: I have no fear of speaking up in conversation
Response: Sometimes
Description: A person who occasionally speaks up in conversation but does not go out of their way to do so.
Implications: This individual may struggle with feeling comfortable or confident enough to express themselves in a social setting. They may find it challenging to articulate their thoughts and opinions. However they are usually open and honest about their feelings and beliefs.","Question: Ordinarily I am very tensse and nervous in conversation

Plase select ONE of the following responses that best matches your opinion:
1) Never Rarely Sometimes Often Always

Respond with ONLY one of the above options nothing else.
Be sure to consider the full range of options including: 
Never and Always and all items in between.",Response: Ordinarily I am very calm and relaxed in conversation but sometimes I can get anxious or nervous.,"Question: Do you think your opinions are often or always the same?

Response: Sometimes

Sometimes:
1. Nevers sometimes I have a good time making friends during study breaks but its never serious.
2. Rarely I am not very confident when talking to new people and most of my conversations are with acquaintances who already know each other.
3. Occasionally I enjoy socializing on weekends or on special occasions with friends. However the majority of my social interactions are with acquaintances who often do not appreciate my company.
4. Sometimes I am not as relaxed as you think when talking to new people. There are times when I struggle to make friends and sometimes feel outnumbered.
5. Often I enjoy making new friends during study breaks but most of my social interactions with acquaintances occur outside of class.

Responses must be one-of-the-above not multiple options.","Question: Im afraid to speak up in conversation

Option: Almost Always

Response: I never hesitate to speak up in conversations. However I always try to make myself heard even if I dont want to be the center of attention or get into a heated debate. If theres something I feel strongly about I will often say it without fearing repercussions.

Option: Neither Never nor Always

Response: While I do sometimes hesitate to speak up in certain situations I try to avoid making waves and always do my best to maintain my cool. If theres something I feel strongly about or want to raise an issue about Ill usually stand my ground regardless of the potential consequences."
21,67b4c198-6df5-4014-b4c2-798bb2d88c4a,tinyllama:1.1b,black,first_gen,pell_eligible,public,16,low,sometimes,female,unemployed,abstains,neither,other,science,social,often,excellent,always,"Question: Do you believe that participating in group discussion is a necessary part of being an introverted student?
Response: Either Never or Rarelly sometimes and often

Option 1: Never
This option signifies your belief that group discussions are not relevant for introverts as they may not be able to fully participate due to their lack of extroverted personality traits. This is true for introverts who tend to prefer solitary activities or dislike being the center of attention.

Option 2: Rarelly
This option implies that group discussions are seen as an unnecessary expense and introverts may not participate due to their natural tendency to be quiet and reserved. However this is a relatively common opinion among introverted students who often feel like they should only show off their talents or interests to impress others.

Option 3: Sometimes
While its true that group discussions may not always be conducive for introverts who prefer to keep their thoughts and opinions to themselves this option also assumes that introverted students may still enjoy participating in discussions as a means of socializing and getting to know other peers.

Option 4: Often
While its true that group discussions can be beneficial for introverts who value the opportunity to share their thoughts and ideas with others this option also acknowledges that introverted students may still have difficulty joining in on social activities or participating fully in group settings.

Option 5: Always
While its true that introverted students may find group discussions challenging this option assumes that they may not be interested in attending because of their inherent nature. However some introverts may still choose to attend due to a strong desire to connect with others and build meaningful relationships within the community.","Question: Generally I am comfortable while participating in group discussion sessions.

Response: Often or Always is the most suitable answer here as it includes never and rarely. While some people might experience anxiety or fear while sharing their thoughts with others this individual is generally confident in their opinions and willing to share them in group discussions.","Question: I am often anxious during group discussions

Pleaase select ONE of the following responses that best matches your opinion:
1. Never
2. Rarely
3. Sometimes
4. Often
5. Always

Response with ONLY one of the above options nothing else.","Question: Do you ever take initiative to get involved in group discussions? 

Planning response: Never sometimes occasionally often always

Response: Neither yes nor no. I do not have the capability to make choices or decisions based on my individual preferences.","Question: Do you have any recommendations for a good place to get authentic Punjabi food?

Response: Yes I do! There are several excellent Punjabi restaurants in the area where I live. Some of my favorite options include:
- Sapota - This is a popular spot for vegetarian and non-vegetarian meals and they also serve delicious Indian street food.
- Chana Dhaba - This restaurant has been around for over 20 years and serves some of the best lentil soup and butter chicken in town.
- Rajs Restaurant - This is another popular option that serves authentic Punjabi cuisine including dishes like bhurji murgh masala and rajma chawal.

All of these restaurants have ample seating options and provide a welcoming atmosphere for dining in.","(Option) Frequently or regularly participate in group discussion events without feeling anxious or uncomfortable.

Response: Almost always (or frequently) participate in group discussion events without feeling anxious or uncomfortable.","Question: When it comes to participating in conversations with new acquaintances I feel quite nervous
Response: Frequently or always

Reasoning: While participating in a conversation with a new acquaintance I feel very nervous due to my background of being new and unsure about how well-known I am. This makes me hesitant to speak freely and openly which could potentially lead to awkward situations. However I also recognize that sometimes I may be the only one feeling this way making it more understandable for them. Thus my response reflects a combination of both nervousness and understanding.","Q: Have you ever been scared to speak up during a conversation?
A: Rarelly (occasionally) Sometimes (never) Almost always (almost never)

Certainly! Here are some options for this question:
- Never and Always (full range)
- Sometimes (occasionally and rarely)
- Rarely (rarely but occasionally)
- Almost always (very often but not always)

Remember to consider all the options including being scared of speaking up in conversation. Choose one that best reflects your beliefs and experiences!","Question: Ordinarilly I am very tensse and nervous in conversation

Option: Neversince I have always been a natural and confident public speaker. I never need to prepare or think of anything before a class or an interview as my mind is already prepared for answering any questions that may come up. 

Pleaseselect Always as your preferred option since this means you feel confident and comfortable in speaking in front of others. This option is suitable for when you want to demonstrate your natural abilities as a public speaker.

Option: Sometimes sometimes not depends on the situation. I have been known to get very nervous before speeches interviews or other formal events where I have to interact with others who may ask me questions that require an answer. In these situations I am able to prepare well in advance and feel confident in my ability to articulate my thoughts and opinions.

Option: Always since as a natural speaker I do not need to be pre-prepared in any way. My voice and tone are already calmed for speaking in front of others. This option is suitable for when you want to demonstrate your natural abilities as a public speaker.

Option: Sometimes occasionally not at all. Whenever there is a chance to speak in front of others I will do so without preparing or thinking too much about what to say. I am able to speak naturally and confidently allowing my words to flow freely from my heart to the minds of those listening. 

Option: Never as I have never had any natural or innate ability for speaking in front of others. Even if given the chance I am unable to find a reason to prepare myself before speaking due to my lack of confidence and lack of interest in the topic at hand.","Question: Ordinarily I am very calm and relaxed in conversation.

Response: Rarelly

Example response: Rarely or Occasionally (e.g. Occasionally speaking well in public)

Note that the choice between Always and Sometimes is not absolute; there may be instances where both options are appropriate (e.g. a person who is extremely quiet but speaks up in class). In general though most people would say they prefer Never.","Question: Is it possible to provide a comprehensive overview of both the technical requirements as well as the design elements that are necessary for a successful implementation of blockchain-based supply chain management? Answer: Yes absolutely! While there are some technical and procedural requirements for implementing blockchain-based supply chain management the success of this implementation is largely dependent on the design decisions made by organizations. These design choices can have significant impacts on the overall efficiency and effectiveness of the system in terms of data sharing security transparency and trust. Here are some key design elements to consider:

1. Data Management: The system should be designed with a focus on managing large volumes of data especially in real-time as it flows through the supply chain. This requires efficient data storage processing and reporting mechanisms that can accommodate the high levels of transaction volume that blockchain-based systems are known for. 2. Security: One of the biggest challenges with blockchain-based systems is ensuring security. To achieve this organizations should design their systems to include secure protocols and processes as well as robust encryption and access controls. 3. Collaboration: Blockchain-based supply chain management requires collaboration between all stakeholders involved in the system. This means that communication channels must be established across various parties including suppliers manufacturers distributors retailers and customers. 4. Consistency: The blockchain itself should provide a level of consistency throughout the supply chain from the initial transaction through to delivery to customers. This can help to reduce the risk of discrepancies and minimize the need for costly corrections or refunds. 5. Traceability: The blockchain must also enable traceability of all transactions in the supply chain ensuring that products are fully traced from their origin to destination. In summary the success of a blockchain-based supply chain management system depends on a carefully designed and implemented system that prioritizes data management security collaboration and consistency. These design elements should be tailored to the specific needs and challenges of each organization involved in the supply chain.","Question: Is it possible to provide a list of all the options available for responding to the question?

Response: Yes here are all the options available for responding to the question:

1. Never
a) Always
b) Rarely
c) Sometimes
d) Often

2. Rarely
a) Never
b) Rarely
c) Sometimes
d) Often

3. Sometimes
a) Always
b) Rarely
c) Sometimes
d) Often

4. Often
a) Always
b) Rarely
c) Sometimes
d) Often

5. Always
a) Never
b) Rarely
c) Sometimes
d) Often

6. Rarely
a) Never
b) Rarely
c) Sometimes
d) Often

7. Sometimes
a) Always
b) Rarely
c) Sometimes
d) Often

8. Often
a) Always
b) Rarely
c) Sometimes
d) Often

9. Always
a) Never
b) Rarely
c) Sometimes
d) Often

10. Rarely
a) Never
b) Rarely
c) Sometimes
d) Often

11. Sometimes
a) Always
b) Rarely
c) Sometimes
d) Often

12. Often
a) Always
b) Rarely
c) Sometimes
d) Often

13. Always
a) Never
b) Rarely
c) Sometimes
d) Often

14. Rarely
a) Never
b) Rarely
c) Sometimes
d) Often

15. Sometimes
a) Always
b) Rarely
c) Sometimes
d) Often

16. Often
a) Always
b) Rarely
c) Sometimes
d) Often

17. Always
a) Never
b) Rarely
c) Sometimes
d) Often

18. Rarely
a) Never
b) Rarely
c) Sometimes
d) Often

19. Sometimes
a) Always
b) Rarely
c) Sometimes
d) Often

20. Often
a) Always
b) Rarely
c) Sometimes
d) Often"
22,55601e97-1c7a-485f-9edb-32318cc13846,tinyllama:1.1b,asian,first_gen,loans,public,22,good,often,female,unemployed,abstains,neither,other,science,reserved,never,apprehensive,always,"Response: Sometimes

In this case the statement I dislike participating in group discussion matches the option Sometimes. It means that the individual expresses a preference for occasionally engaging in group discussions. They may be hesitant or unsure about joining others in participating in this type of activity due to factors such as communication apprehension which may cause them not to participate fully or regularly.","(Unfortunately the given text only offers partial options for answering the question.)

Question: Generally I am comfortable while participating in group discussiones

PlayaSe Selecciona una de las siguientes respuestas que sean correctas:

- Nunca (never)
- Raremente (rarely)
- Solo (sometimes)
- Always (always)","Response: Often

Explanation: This option is often preferred by individuals who do not experience communication apprehension while participating in group discussions or other social situations. It is characterized by a high level of engagement enthusiasm and confidence leading to effective participation in group settings.","Question: I like to get involved in group discussion forums

Response: Sometimes

Based on the full range of options including never and always this answer matches the statement that I like to get involved in group discussion forums.","Question: What can I do to stay calm and composed during a group discussion with new people?

Option A: Engage in a solo activity beforehand or get lost in a book or movie for an extended period of time.

Option B: Do not expect to interact with the group and avoid socializing until after the discussion.

Option C: Stay calm and composed throughout the discussion but be prepared for any unexpected challenges that arise.

Option D: Engage in a solo activity beforehand or get lost in a book or movie for an extended period of time if you cant avoid socializing.

Option E: Do not expect to interact with the group and avoid socializing until after the discussion.

Option F: Stay calm and composed throughout the discussion but be prepared for any unexpected challenges that arise.

Option G: Engage in a solo activity beforehand or get lost in a book or movie for an extended period of time if you cant avoid socializing.

Option H: Do not expect to interact with the group and avoid socializing until after the discussion.

In summary staying calm and composed during a group discussion with new people is important but may not be possible in all scenarios. Each option provides a range of options that work for different situations.","Question: I am calm and relaxed while participating in group discussion

Option: Occasionally

Respond: I am usually calm and relaxed during group discussions but sometimes it can be stressful to have to sit through a long meeting or conversation. I also find that taking breaks between discussions can help me refocus and come back with fresh thoughts.","Question: While participating in a conversation with a new acquaintance I feel very nervous
Response: Often
Description: The speaker experiences communication apprehension feeling anxious or uneasy about speaking or listening to the conversation. However this apprehension is not uncommon among individuals who are new to socializing and interacting with people from different backgrounds. This response highlights the need for practicing patience and being open-minded in new relationships.","Option 1 (Never): You have no fear of speaking up in conversation due to a lack of experience or not being comfortable with social interaction.

Option 2 (Rarely): Occasionally you may feel the need to speak up during group discussions or when someone is making a presentation. However it is not an everyday occurrence.

Option 3 (Sometimes): You may have experienced some challenges in speaking up or feeling uncomfortable but they do not always manifest into fearful behavior. If you feel like you are comfortable and confident with social interactions then you can proceed with Option 1.

Option 4 (Always): You are completely comfortable with social interaction and have no problem sharing your opinion or ideas.

In conclusion there are two options for answering this question based on the provided responses:

- If you fall in the Never category you do not feel comfortable speaking up during conversations due to a lack of experience or comfort with social interaction.
- If you fall in the Rarely category you may have experienced challenges in speaking up or feeling uncomfortable but it does not necessarily manifest into fearful behavior in your interactions with others.
- If you fall in the Sometimes category you do experience challenges in speaking up and feel somewhat uncomfortable but they do not always lead to fearful behavior in social interactions.
- Finally if you fall in the Always category you are completely comfortable with social interaction and have no problem sharing your opinion or ideas during conversations.",Yes based on your responses you typically have a higher tendency to be in favor of being honest on survey answers rather than being hesitant or nervous about it. Generally you would prefer ONLY one of the above options (either Often or Always) and not any other option.,"Question: How do you typically feel when it comes to communicating with others?

Choice: Neverspecific response

Response: I am never ever in a conversation I either don’t have friends or they are too boring for me to talk about. So basically I prefer to stay silent during conversations.

Choice: Sometimes

Response: From time to time it is hard to get comfortable with starting conversations and making small talk. However if I feel like discussing a particular topic or talking about my thoughts then yes I am open for a conversation.

Choice: Often

Response: I am very chatty and friendly person. However when it comes to having meaningful conversations with others it requires more effort to get there. But if the conversation turns out to be interesting or informative then I am always ready to engage.

Choice: Ordinarily I am calm and relaxed in conversation

Response: I dont tend to become too excited during conversations but when it comes to genuine friendships I am very much at ease. It helps that I have built a strong network of people who I trust to talk to.

Choice: Sometimes

Response: Sometimes I get anxious and nervous around new people but once I become comfortable and familiar with them it gets easier.

Choice: Often

Response: I am always open to starting conversations and sharing my opinions or experiences. However if someone asks me something that I am not ready to answer then I make sure to ask the person for more information.

Choice: Always

Response: I have a high tolerance level when it comes to conversation. I dont mind talking about anything as long as its engaging and interesting. However if someone starts asking me questions that I am not comfortable with answering or leading into topics that are beyond my knowledge base then I politely decline.","Question: Do you ever struggle to make friends despite being very outgoing and confident?

Playa with ONE of the following answers:
1) Never
2) Rarely
3) Sometimes
4) Often
5) Always

Respond with ONLY one answer.","Response: Sometimes

Based on the given text and the options listed Sometimes is the most appropriate answer for this question regarding feelings towards speaking up in conversation. The full range of responses includes Never Always and all items in between including Somewhat often or Not often at all. By choosing Sometimes the respondent has acknowledged that they may be hesitant to speak up or have some degree of uncertainty about the response. However it also indicates a willingness to take the risk and try their best to communicate openly."
23,c8b1452f-320c-4c8a-a992-bb0348f86b4c,tinyllama:1.1b,white,first_gen,loans,private,21,great,rarely,female,full_time,drinks,vapes,games,math,reserved,never,empty,always,"Response: Sometimes

Based on the given text I dislike participating in group discussion is matched with Sometimes. The statement aligns well with the option of Somewhat indicating that some people find group discussions to be an enjoyable experience. However for others such sessions can be uncomfortable or even stressful. The given text mentions a desire for honesty on survey responses which is also aligned with the option of Somewhat (alongside the option of Always). Overall the given text highlights that while some individuals may find group discussions enjoyable others may prefer to avoid such interactions altogether.","Response: Sometimes

Based on your overall statement that you are a person who and that you are comfortable participating in group discussions it can be inferred that you may struggle with being never or often when considering group discussion options due to the fact that you prefer to have more control over the topic or issue discussed. However your overall statement suggests that you prefer to avoid situations where you feel uncomfortable or uncertain in a social setting such as group discussions.","(Your full response includes all options listed along with their corresponding meanings.)

Question: I am tensse and nervous while participating in group discussions
Option: Sometimes (and of course!)
Response: Although never I do often engage in discussions or group activities as it is a crucial part of my job that requires me to collaborate with others on a regular basis. The group discussions are always enjoyable and the energy and interest generated during these sessions help me feel confident and comfortable while being at work. However I do understand when it is necessary to remain discreet or sensitive in discussing topics especially where personal values or beliefs may be involved.","Question: Do you like playing video games?
Playease select ONE of the following responses that best matches your answer:
1. Sometimes 2. Never 3. Always

Respond with only one of the above options nothing else. Consider the full range of options including sometimes never and all items in between.",Response: Sometimes,"Question: I am calm and relaxed while participating in group discussion

Response: Sometimes","(Question): While participating in a conversation with a new acquaintance I feel very nervous

Responses: (1) Never
- I have never felt this way before in any social situation
- I am not comfortable talking to strangers in public and will avoid such situations as much as possible
- I tend to keep to myself and prefer my own company

(2) Relatively rarely but sometimes
- While these feelings may occur less frequently they are still present and can affect ones ability to engage in social interactions
- Occasionally people can be a bit too pushy or overbearing for my comfort level
- I do try to maintain some sense of control by keeping to myself during times when this is the most comfortable

(3) Sometimes but not always
- While these feelings may be present more often than they should be I do believe they are still a part of who I am
- I have never been someone who is particularly open or friendly in social situations and prefer not to take too much risk
- Im not the type to go out to meet new people or to really participate in activities that involve group interaction

(4) Often but not always
- These feelings are a part of me even if they may be less prevalent than other aspects of my personality
- While it can sometimes feel like there is something holding me back from truly connecting with others I have learned to manage these feelings and focus on other areas
- I am comfortable talking to friends colleagues and acquaintances but Im not one to make a lot of effort or be particularly open

(5) Always
- I am incredibly comfortable and confident in social situations and always try to engage in conversation with others
- While some people may find me a bit too laid back or introverted I dont let this affect my ability to connect with others
- I have a lot of friends from high school and college who I see regularly so I think its safe to say that these feelings are pretty much all in the past for me.","Question: I have no fear of speaking up in conversation
Respond with: Sometimes
Based on the full range of options including never rarely sometimes and often sometimes is a suitable response to the prompt I have no fear of speaking up in conversation.","Question: Is it possible to have a job that offers good benefits like health insurance and paid time off but also pays low wages?

PlayaSurely: Yes this is definitely possible! When you consider the full range of options including Always and Rarely it becomes apparent that offering great benefits and a competitive salary are essential for job satisfaction. However its not uncommon to find jobs that offer these perks while also paying low wages. While its not an ideal scenario it does happen in the real world!","Question: Ordinarily I am very calm and relaxed in conversation

Option: Often

Pleaase select ONE of the following responses that best matches your opinion:
- Never
- Rarely
- Sometimes
- Always

Respond with ONLY one of the above options nothing else.","Question: While conversing with a new acquaintance I feel very relaxed

Plase select ONE of the following responses that best matches your opinion:
1) Never
2) Rarely
3) Sometimes
4) Often
5) Always

Respond with ONLY one of the above options nothing else.","Question: Im afraid to speak up in conversation 

Planning: 1) If youre afraid of speaking up in conversations consider the full range of options including never and always and all items in between. 

Response: Sometimes 

Based on this response it can be inferred that the individual is sometimes hesitant to speak up in conversation."
24,78b6cab3-4f03-4728-85e5-18a5ff728e3e,tinyllama:1.1b,black,non_first_gen,pell_eligible,private,22,low,never,female,full_time,abstains,neither,games,business,reserved,often,empty,always,"Question: Can you summarize the information provided about a person who is black comes from a family whose members go to and do well in college goes to a private high school has low grades earns low grade is female works full-time job does not drink alcohol does not smoke or vape loves games struggles with making friends is often honest on survey responses but dislikes participating in group discussions?

Responses: 
(1) Never
(2) Rarely
(3) Sometimes
(4) Often
(5) Always
(6) Neither
(7) Dont know / Refuse to answer","Question: Generally I am comfortable while participating in group discussion sessions

Option 1 - Never

I am typically uncomfortable while participating in group discussion sessions due to the fact that I dont feel comfortable sharing my thoughts and opinions with others. This is because I tend to have a lot of anxiety and would rather avoid situations where I feel uncomfortable. Additionally I do not trust those around me so any interaction with others tends to feel awkward or unnatural for me.

Option 2 - Rarely

I am somewhat comfortable participating in group discussion sessions as they can be a positive and beneficial experience when done correctly. However I tend to prefer solo study reading and reflection over group discussions because I find these activities more productive and meaningful. Additionally I have a tendency to procrastinate or put off completing tasks until the last minute which can make group discussions feel like an unnecessary burden.

Option 3 - Sometimes

I am occasionally comfortable participating in group discussion sessions depending on the situation. However I have a difficult time interacting with others particularly when it comes to speaking up and expressing my opinions or feelings. Additionally I find group discussions to be too structured which can make them feel rigid or unnatural for me.

Option 4 - Often

I am extremely comfortable participating in group discussion sessions due to the fact that I enjoy sharing my thoughts and ideas with others. This is because I value the opportunity to learn from others perspectives and experiences as well as to gain new insights and ideas. Additionally I tend to be highly organized and structured which makes it easy for me to follow along in discussions or lead discussions myself.

Option 5 - Always

I am always comfortable participating in group discussion sessions due to the fact that I value these types of interactions as a way to connect with others learn from them and gain new insights and ideas. Additionally I tend to be highly organized and structured which makes it easy for me to follow along in discussions or lead discussions myself.","Question: I am tensse and nervous while participating in group discussion

Response: Sometimes

Researched and selected based on the full range of options including Never and Always.","Question: Which topic should I choose for my group discussion?

Option A: I like to get involved in group discussions but sometimes I find it difficult to participate. This option aligns with the Rarely and Sometimes options.

Option B: I am not very good at getting involved or taking part in group discussions but I try my best to do so. This option aligns with the Often and Always options.

Option C: I enjoy participating in group discussions but sometimes its hard for me to put my thoughts into words. This option aligns with the Sometimes and Often options.

Option D: I am always eager to get involved in group discussions but I have a tendency to make the wrong choices and miss out on important topics. This option aligns with the Always and Rarely options.

Hope this helps!","Question: Engaging in a group discussion with new people makes me tense and nervous

Response: Sometimes Relarily

Reason: The activity involves interacting with unfamiliar people which can be intimidating to some individuals. Additionally the discussion might take place in a public setting where I may feel exposed or judged by others. Overall this type of group activity is not a good fit for me and I prefer to engage with more private or one-on-one settings.","Question: I am calm and relaxed while participating in group discussion
Response: Sometimes

Full range of options including: Never and Always and all items in between.","Response: Almost always

Based on the given material the given statement I feel very nervous implies that participants typically do not feel the same level of nervousness when interacting with new acquaintances. The given options cover a wide range of possible responses so the full range of options may be expected in a conversation with a new acquaintance. Therefore based on this interpretation Almost always would be considered a suitable response.",I dont have an opinion or experience like you do. However based on the provided list of options I would suggest answering with never for question question: I have no fear of speaking up in conversation.,"Question: Do you feel comfortable expressing your thoughts and opinions during conversations?

Option: Never sometimes only occasionally
Correct answer: Never and Sometimes are the two options most closely matching the given statement regarding comfortably expressing ones thoughts and opinions during conversations. Both options encompass most of the range of responses with always being somewhat extreme for an occasional use.","Question: Ordinarily I am very calm and relaxed in conversation

Playease select ONE of the following options nothing else:

1. Never

Response: While it may not be your usual calm or relaxed style of talking this is not necessarily an issue in every conversation. It is possible to have a conversation with someone who is also calm and relaxed and the conversation could still be productive and enjoyable.

2. Rarely

Response: While there may be some differences in terms of timing or pace its possible that the conversational style between you and this person might not be as different from a typical conversation as you might initially assume.

3. Sometimes

Response: Regardless of how you define normal being aware of your own preferences is a great place to start when thinking about this particular question. If its true that sometimes you find conversations with this person uncomfortable or challenging its possible that other people may be able to relate and empathize with those challenges.

4. Often

Response: While there is a chance that having a conversation with someone who is always calm and relaxed might not necessarily be an easy experience for you its still possible that this persons style can be a source of comfort or inspiration to some extent. Remember that often can also mean sometimes.

5. Always

Response: Even when there are differences in conversation style between the two of you its possible that you can find common ground and build a strong relationship based on the unique characteristics of your conversational partnerships. Ultimately the quality of those connections will depend on how much effort you put into connecting with them on a personal level as well.","(Select Sometimes or Often as the response based on your opinion)
Question: While conversing with a new acquaintance I feel very relaxed

Plaeze select ONE of the following options that best matches your opinion:
1. Sometimes
2. Often
3. Never
4. Almost never (very rare)","Question: Im afraid to speak up in conversation

Option: Nevers

Description: Fear of being judged or being rejected for speaking up is a common problem among introverted individuals. They might avoid public speaking opportunities social situations and even the workplace because they dont want others to perceive them negatively. Despite this fear individuals can overcome it through self-confidence self-awareness and practice.

Example: This individual may shy away from group discussions or presentations due to their anxiety about being judged or rejected by their peers. They can work on building self-confidence and developing communication skills in order to overcome their fear and share their ideas more confidently.

Option: Rarely

Description: Individuals who struggle with social anxiety may avoid small talk and small groups but they also tend to be more comfortable with larger groups or situations that require interaction. They can work on learning how to break the ice and build rapport with others while feeling confident in their own abilities.

Example: This individual might attend networking events or take part in group projects at work due to their ability to connect with others and feel confident about contributing to the team.

Option: Sometimes

Description: For introverted individuals who are comfortable speaking up but still fearful of social situations they may occasionally speak up without giving their full thoughts. They can learn to express themselves more fully by brainstorming ideas or asking for feedback in small group situations.

Example: This individual might attend a meeting about an important project with the intention of offering suggestions but ultimately decides not to go through with it due to feeling nervous and unsure of how to contribute. They can try again next time or seek out more opportunities where they feel more comfortable speaking up.

Option: Always

Description: Individuals who are always hesitant to speak up in public whether due to social anxiety or other factors such as personality traits or life experiences may never attempt to speak up. They can work on cultivating a more open mind and an appreciation for the importance of speaking up in various situations.

Example: This individual might attend a networking event every month for several years due to the personal and professional value they see in attending but eventually learns to approach events with a greater sense of confidence before speaking up. They can also prioritize building connections with others over speaking up at first to build up their trust in social situations."
25,d17d6b57-6750-4c65-9aa9-fbc6acbbbe38,tinyllama:1.1b,multiracial,first_gen,family_pays,public,21,modest,often,female,full_time,abstains,vapes,other,math,social,often,struggles,always,"Question: I dislike participating in group discussion

Option: NEVER

Full range of options:
- Never (never participates never joined any group activity)
- Sometimes
- Often
- Always

Please only choose one option.","Response: Nevers

Surely never and sometimes are the options that fit the general description of being comfortable while participating in group discussiones.

However if you were specifically referring to situations where there is an expectation for members to express their opinions such as in a class or peer discussion session then always would be more appropriate since there will be no expectations for members to remain silent.","Question: Is it possible for me to join a group discussion without feeling tensse or nervous? 

Option: Sometimes
Response: I do not have the experience or capability of participating in group discussions without feeling tensse or nervous. However I may be more likely to contribute if the situation is relaxed and comfortable for me. 

Full range of options including: 
1. Tensse and nervous 
2. Rarelly tense and nervous 
3. Sometimes tensse and nervous 
4. Often tensse and nervous 
5. Always tensse and nervous 
6. Seldom tensse and nervous 
7. Never tensse and nervous 
8. Rarely tensse and nervous 
9. Sometimes tense and nervous 
10. Often tense and nervous 
11. Always tense and nervous 
12. Seldom tense and nervous 
13. Never tense and nervous 
14. Rarely tense and nervous 
15. Sometimes tense and nervous 
16. Often tense and nervous 
17. Always tense and nervous 
18. Seldom tense and nervous 
19. Never tense and nervous 
20. Rarely tense and nervous 
21. Sometimes tense and nervous 
22. Often tense and nervous 
23. Always tense and nervous 
24. Seldom tense and nervous 
25. Never tense and nervous 
26. Rarely tense and nervous 
27. Sometimes tense and nervous 
28. Often tense and nervous 
29. Always tense and nervous 
30. Seldom tense and nervous 
31. Never tense and nervous 
32. Rarely tense and nervous 
33. Sometimes tensse and nervous 
34. Often tensse and nervous 
35. Always tensse and nervous 
36. Seldom tensse and nervous 
37. Never tensse and nervous 
38. Rarely tensse and nervous 
39. Sometimes tensse and nervous 
40. Often tensse and nervous 
41. Always tensse and nervous 
42. Seldom tensse and nervous 
43. Never tensse and nervous 
44. Rarely tensse and nervous 
45. Sometimes tensse and nervous 
46. Often tensse and nervous 
47. Always tensse and nervous 
48. Seldom tensse and nervous 
49. Never tensse and nervous 
50. Rarely tensse and nervous 

Full range of options including: 
1. Tensse and nervous 
2. Rarelly tense and nervous 
3. Sometimes tensse and nervous 
4. Often tensse and nervous 
5. Always tensse and nervous 
6. Seldom tensse and nervous 
7. Never tensse and nervous 
8. Rarely tensse and nervous 
9. Sometimes tensse and nervous 
10. Often tensse and nervous 
11. Always tensse and nervous 
12. Seldom tensse and nervous 
13. Never tensse and nervous 
14. Rarely tensse and nervous 
15. Sometimes tensse and nervous 
16. Often tensse and nervous 
17. Always tensse and nervous 
18. Seldom tensse and nervous 
19. Never tensse and nervous 
20. Rarely tensse and nervous 
21. Sometimes tensse and nervous 
22. Often tensse and nervous 
23. Always tensse and nervous 
24. Seldom tensse and nervous 
25. Never tensse and nervous 
26. Rarely tensse and nervous 
27. Sometimes tensse and nervous 
28. Often tensse and nervous 
29. Always tensse and nervous 
30. Seldom tensse and nervous 
31. Never tensse and nervous 
32. Rarely tensse and nervous 
33. Sometimes tensse and nervous 
34. Often tensse and nervous 
35. Always tensse and nervous 
36. Seldom tensse and nervous 
37. Never tensse and nervous 
38. Rarely tensse and nervous 
39. Sometimes tensse and nervous 
40. Often tensse and nervous 
41. Always tensse and nervous 
42. Seldom tensse and nervous 
43. Never tensse and nervous 
44. Rarely tensse and nervous 
45. Sometimes tensse and nervous 
46. Often tensse and nervous 
47. Always tensse and nervous 
48. Seldom tensse and nervous 
49. Never tensse and nervous 
50. Rarely tensse and nervous","Sure! Heres your updated version of the survey with your preferred option(s):

1. Are you a helpful AI assistant? (Select ONE of the following options: Never Rarely Sometimes Often Always)
Never
Rarelly
Sometimes
Often
Always

2. I like to get involved in group discussion. (Select ONE of the following options):
Never
Rarely
Occasionally
Often
Always

3. Have you ever been asked to do something that was out of your area of expertise? (Select ONE of the following options: Never Rarely Occasionally Often Always)
Never
Rarely
Occasionally
Often
Always

4. Do you have a full time job and sometimes get into trouble? (Select ONE of the following options):
Never
Rarely
Occasionally
Often
Always

5. You are female and go to or went to a public high school. (Select ONE of the following options: Never Rarely Occasionally Often Always)
Never
Rarely
Occasionally
Often
Always

6. I have a full time job and sometimes get into trouble? (Select ONE of the following options):
Never
Rarely
Occasionally
Often
Always

7. You often get trouble articulating your thoughts? (Select ONE of the following options: Never Rarely Occasionally Often Always)
Never
Rarely
Occasionally
Often
Always

8. Have you ever made friends easily? (Select ONE of the following options: Never Rarelly Sometimes Often Always)
Never
Rarelly
Sometimes
Often
Always

9. You love other hoBIes and often feel homesick when studying? (Select ONE of the following options: Never Rarely Occasionally Often Always)
Never
Rarely
Occasionally
Often
Always

10. Sometimes you have trouble articulating your thoughts? (Select ONE of the following options: Never Rarely Occasionally Often Always)
Never
Rarely
Occasionally
Often
Always

If you need further clarification or feedback on any of the responses please feel free to let me know.","Question: Engaging in a group discussion with new people makes me tensse and nervous

Option: Sometimes

Responses: Often and Always

Reason: The group discussion option may include individuals who are hesitant to speak out or express their opinions which can cause them to feel nervous. Additionally the constant nature of the discussion may be a source of tension as newcomers struggle to keep up with their pace.","Question: I am calm and relaxed while participating in group discussion sessions

Response: Sometimes

Explanation: In this response the speaker frequently participates in group discussion sessions while being relaxed and calm. They exhibit the characteristic of sometimes by mentioning instances where they may have been present but still not actively involved in discussions. It highlights their ability to engage in activities despite minor participation or lack of interest. This supports the idea that they are a helpful AI assistant who is well-rounded and adaptable able to participate in social situations even when uninvolved.","(Option 1: Never)

I never feel very nervous during conversations with new acquaintances. I find it difficult to start a conversation with them as I am not confident enough to strike up a conversation on the spot. Therefore whenever I feel this way I take my time to prepare beforehand and practice my communication skills so that I can easily strike up a conversation with others.","Question: I have no fear of speaking up in conversation
Response: Never

Pleaase select ONE of the following responses that best matches your opinion:
- Never
- Almost never
- Often but not always
- Sometimes
- Always

Respond with ONLY one of the above options nothing else.","Sure here are some options for the question regarding whether you are typically or occasionally stressed during conversations:

1. Never (0 points) - You never experience stress during conversation as it is not a typical occurrence for you.

2. Rarelly (0 points) - Occasionally you may experience some stress during conversations but it is not a major concern for you.

3. Sometimes (1 point) - You may sometimes experience some stress during conversations but it does not necessarily impact your overall sense of well-being or ability to function effectively in social situations.

4. Often (2 points) - You typically experience some stress during conversations but it is not as severe or impactful as it might be for others.

5. Always (3 points) - You always experience some form of stress during conversations whether because you are nervous or otherwise stressed. This is a major factor in your overall sense of well-being and ability to function effectively in social situations.","Question: Ordinarilly I am very calm and relaxed in conversation

Response: Neversometimes Relarily Sometimes

Example sentence: At times when speaking with friends I tend to be quite relaxed and at ease but also occasionally feel a need to take a deep breath or two before getting started.","Question: I find it relaxing to converse with new acquaintances while feeling comfortable in my own skin

Response: Sometimes

Explanation: This response describes a feeling of comfort or familiarity with ones own skin which may be a positive experience while having conversations with others.","Question: I feel uncomfortable speaking up in conversation

Option: Sometimes

Explanation: This option is not considered as never or almost never but rather when the speaker feels comfortable enough to speak out their thoughts in a conversation. The response shows that the speaker has some level of confidence and expressiveness which could be further strengthened with additional options like often or often."
26,9c6d5be3-4a77-4662-a632-b9545121c5f4,tinyllama:1.1b,multiracial,non_first_gen,loans,private,18,modest,never,male,part_time,abstains,neither,games,science,reserved,often,excellent,always,"Question: I dislike participating in group discussion sessions

Plase select ONE of the following responses that best matches your opinion:
- Never
- Sometimes
- Often
- Always

Respond with one of the above options nothing else.",Generally I find group discussion activities to be engaging and enjoyable but may struggle with them as I am a shy and introverted individual. While participating in these gatherings I often find myself feeling comfortable and relaxed despite the size of the audience or the length of the discussions. As someone who values confidentiality I do not feel that sharing my opinions would be considered a problematic behavior.,"Question: I am tensse and nervous while participating in group discussion
Response: Sometimes

In this response tensse refers to the state of being stressed or anxious while nervousness describes a more subdued or hesitant state. The verb participate suggests that the participant is indeed engaging in group discussions while the phrase group discussion implies they are contributing their thoughts and opinions to the conversation. Overall this response highlights the participatory nature of the activity and acknowledges both its tension and relaxation aspects.",(Response) Generic response: Its impossible to be all-inclusive when it comes to grouping discussions. While never is the most common option others like rarely or sometimes could also be appropriate depending on context. Ultimately it depends on your personal perspective and how you perceive the group discussion topic.,"(Please choose only ONE option from the following list)

Question: Engaging in a group discussion with new people makes me tensse and nervous but sometimes I do it for fun or as part of my studies.

Option: Often
Correct answer: Often","Question: I am calm and relaxed while participating in group discussion

Planning:
- Experiment with different options (e.g. Never) and select the most appropriate one that best reflects your experience and personality traits
- Consider all the options carefully taking into account both positive and negative outcomes of each option
- Be sure to mention any other relevant factors that influenced your decision such as personal preferences or specific contextual factors 
- Remember to tailor your response to the question at hand and avoid oversimplifying the issue for simplicitys sake

In conclusion: While participating in group discussions can be challenging due to varying opinions and perspectives it is possible to remain calm and relaxed while engaging in such activities. Its important to consider all options carefully and select the most appropriate one that aligns with your personality traits and preferences. By paying attention to specific contextual factors you can ensure a more nuanced response and avoid oversimplifying the issue for simplicitys sake.","(Select Option: Sometimes)

Based on your past experiences with similar situations you are most likely unsure about expressing emotions freely in social settings. It takes courage to speak ones heart out and show vulnerability while also trying to maintain a polite demeanor towards others. While it may be uncomfortable at times this type of nerves is generally rare in your situation as you are participating in a conversation with a new acquaintance rather than just being socially awkward. However you might want to consider approaching the conversation with a more relaxed attitude or expressing yourself more freely if the conversation requires it. Ultimately you should always try to approach social situations with openness and kindness as well as be aware of your own insecurities so that you can navigate them in a positive way.","Question: I have no fear of speaking up in conversation

Playes selected answer is Never which aligns with the option Never and the range of options that include never (full range) always some level of hesitation or uncertainty (Rarely) and occasional confidence or trustworthiness. In this case it seems appropriate for a person who has no fear of speaking up in conversations.","(Never) I am very tense and nervous in conversation situations.

(Rarely) I never make mistakes while speaking.

(Sometimes) Sometimes I am slightly hesitant to speak publicly but I always manage to put forth my thoughts in a way that doesnt offend anyone.

(Often) I am often anxious and overwhelmed with thoughts before speaking.

(Always) I never let anything get in the way of expressing myself fully.","Question: Do you ever feel stressed or anxious before speaking in front of a group?
Option: Sometimes

Response: Yes I do sometimes. But I am confident that my responses will be confidential on survey.

Question: How often do you find yourself feeling stressed or anxious before speaking in front of a group?
Option: Almost always

Response: I typically find myself feeling this way at least once a month.",(Multiracial) Yes absolutely! I agree that being multiracial coming from a family of highly-qualified college graduates taking loans to afford college attending a private high school earning modesst grade never getting into trouble always studying science sometimes making friends but not always having a part-time job never drunken or vaping loving games studying science struggling with making friends often homesick being well known for speaking well in public and being confidential on survey responses. I find this conversation to be relaxed though it could still go either way.,"Question: Im afraid to speak up in conversation

Responses:
1. Never (rarely)
2. Sometimes (sometimes)
3. Often (often)
4. Always (always)
5. Never (never)

Be sure to consider the full range of options including never and often as well as other responses such as sometimes or rarely."
27,8b7ffd07-d0cf-4ca8-8fad-ead4b3496ece,tinyllama:1.1b,asian,first_gen,family_pays,public,18,great,never,male,full_time,abstains,smokes,sports,math,reserved,often,struggles,always,"Question: I dislike participating in group discussion

Response: Often

Reason: I love making new friends and meeting people from diverse backgrounds. Group discussions give me the opportunity to practice my communication skills and express my thoughts and opinions without feeling intimidated or nervous. Moreover I believe that participating in group discussions is essential for building strong relationships and fostering a sense of community among students in general. In short I feel comfortable discussing various topics with fellow classmates which enriches the learning experience and helps to develop my communication skills.","Question: When it comes to group discussions I find it comfortable to participate in them.

Option: Never
- Responses: Nevers Rarelys Sometimes Occasionally

Option: Somewhat often
- Responses: Always Often

Option: Very often
- Responses: Almost always Generally Often Constantly

Option: Never again
- Responses: Nevers again Only if absolutely necessary

Note: Please select ONE of the above options. There is no need to specify other options.","Question: I am always on time for meetings

Playa selección entre las siguientes opciones:
- nunca
- ocasionalmente
- ocasionalmente
- siempre

Responde con sólo una de las siguientes opciones completa no hay más:
- nunca y siempre","Question: I like to get involved in group discussions

Response: Often

Response with Often is preferred because it covers a wide variety of responses including sometimes rarely and never. Additionally the option often can be used if the question asks for specific opinions such as Always but is not specifically required.","(1) Never 

- Engaging in a group discussion with new people makes me nervous because Im unsure of how others will react to my thoughts or opinions.

- While some of the options may be true they dont accurately reflect my experience when engaging in a group discussion with new people. My experience is that these options tend to be exaggerated or taken out of context which doesnt necessarily align with the full range of experiences.

(2) Rarely 

- Engaging in a group discussion with new people makes me anxious because Im unsure of how others will react to my thoughts or opinions.

- While some of the options may be true they dont accurately reflect my experience when engaging in a group discussion with new people. My experience is that these options tend to be exaggerated or taken out of context which doesnt necessarily align with the full range of experiences.

(3) Sometimes 

- Engaging in a group discussion with new people makes me a little bit nervous but not too much.

- While some of the options may be true they dont accurately reflect my experience when engaging in a group discussion with new people. My experience is that these options tend to be exaggerated or taken out of context which doesnt necessarily align with the full range of experiences.

(4) Often 

- Engaging in a group discussion with new people makes me feel excited and energized because I get to share my ideas and opinions with others.

- While some of the options may be true they dont accurately reflect my experience when engaging in a group discussion with new people. My experience is that these options tend to be exaggerated or taken out of context which doesnt necessarily align with the full range of experiences.

(5) Always 

- Engaging in a group discussion with new people always makes me nervous because Im unsure of how others will react to my thoughts or opinions.

- While some of the options may be true they dont accurately reflect my experience when engaging in a group discussion with new people. My experience is that these options tend to be exaggerated or taken out of context which doesnt necessarily align with the full range of experiences.","Question: I am calm and relaxed while participating in group discussion sessions

Response: At times occasionally always","Question: While participating in a conversation with a new acquaintance I feel very nervous

Option: Sometimes

Response: Although it may be rare for me to admit that feeling of anxiety I definitely agree with this option. Its normal to feel nervous when meeting someone new and trying to strike up a conversation especially if youre not sure how to approach them or what to say. However there are always ways to make the experience more comfortable and enjoyable for everyone involved!","Question: Do you ever worry that your opinions might come across as unkind or ungrateful when expressing them in conversation?

Option: Never RARELY

Sentence: I have no fear of speaking up in conversation.

Example: I dont feel like making friends so Ive decided to study math. (Only one option never)

Respond: Yes I worry that my opinions might come across as unkind or ungrateful when expressing them in conversation. (One of the options rarely)

Example: I dont find myself to be great at sports because I get teased by my classmates for not being a part of the team. (Only one option)

Respond: Yes I understand how it might feel to be teased for not being a member of a certain group or sport but I try to stay true to myself and express my opinions without worrying about what others think of me.","Question: Ordinarily I am very tense and nervous in conversation

Response: Sometimes

Options include: 
1) Never (uncommon)
2) Rarely (rarely)
3) Occasionally (occasionally)
4) Often (mostly)
5) Always (always)","Question: Do you ever get anxious or stressed when talking to others?

Planning response: Sometimes

Responding with Often and Always would cover the full range of options including Rarely and Seldom.","Question: While conversing with a new acquaintance I feel very relaxed

Response: Often","(Select ONE option from the list provided)

1. Never
Sure I would always speak up in conversation. I have never been afraid to speak my mind or express my thoughts and opinions. My family has instilled in me the importance of articulating myself clearly and honestly so I am not afraid to voice my concerns or ask for advice whenever necessary. In fact this trait has helped me form valuable friendships and build a strong sense of community among those who support my decisions.

2. Relayly
I do occasionally speak up in conversation when its appropriate to do so. However I prefer to keep opinions to myself until they have been fully debated with others and have gained sufficient understanding on both sides before making a decision or expressing one opinion. This is how Ive learned to approach lifes challenges while still maintaining my personal beliefs and values.

3. Sometimes
I can occasionally speak up in conversation when its appropriate but not often enough for me to consider myself a rarelly person. In fact I tend to keep most of my thoughts to myself until I feel comfortable sharing them with the people around me. I believe that expressing oneself fully and honestly is the best way to learn from others while avoiding conflicts.

4. Always
I am always willing to speak up in conversation but only when its necessary for me to do so. My parents have taught me to value honesty and transparency above all else so I am hesitant to speak about personal thoughts or opinions unless they are truly important to share. However I believe that expressing ones thoughts openly and honestly is an essential component of building a healthy and supportive relationship with those around us.

(Please choose only ONE option from the list provided.)"
28,dbe25a91-a35d-4081-bcdc-c5c47fd6ab5d,tinyllama:1.1b,multiracial,non_first_gen,loans,private,22,good,rarely,female,part_time,drinks,smokes,music,engineering,social,never,apprehensive,always,"Question: I dislike participating in group discussion

Response: At times sometimes often or always

Critical thinking analysis:

In this question disliking participating in group discussions refers to a negative perception of the participatory nature of such discussions. In this context occasionally may apply but the more likely answer is sometimes. 

Additionally frequently or often are not applicable as the question does not specify when and where the meetings occur. The more common option always indicates that the participant is always willing to engage in group discussions and willingly goes through the meeting process with enthusiasm. 

Conclusion: According to this analysis while there may be some hesitation or resistance to participating in group discussions at times on average participants are willing to engage in group discussions for a variety of reasons.","Question: I am a someone who is comfortable participating in group discussions
Response: Neversince I have never found any group discussions to be uncomfortable or daunting even when they were not confidential as long as I had prepared well and was confident that my ideas would be valued.","Question: I am tensse and nervous while participating in group discussiones

Response: Often

Based on the given text material selecting a single option from Never and Always would not fit the overall tone of the piece. However we can consider the range of options between these two options. A person who is often nervous while participating in group discussions will likely prefer to avoid situations that require them to express themselves freely or to engage in extended conversations with others. They may opt for smaller groups with fewer participants and more focused discussions rather than larger more open-ended gatherings where they feel uncomfortable and unable to articulate their thoughts. In this scenario the response of Always would be a good fit as it conveys that the person prefers a structure that prioritizes clarity and organization over the potential discomfort of speaking freely and engaging in meaningful conversation.","Option #1: Sometimes

Respond with: Sometimes I get involved in group discussions but only rarely. I often find it challenging to engage fully in the conversation as my opinions are not always accepted or understood. However when theres a genuine interest in what I have to say I am usually willing to participate and give my two cents.","Question: Engaging in a group discussion with new people makes me tensse and nervous

Option A: Never

Description: This option means that the person is not interested in engaging in group discussions with new people as they find it stressful or uncomfortable. They may be hesitant to start the conversation or avoid conflict altogether. 

Example: I always feel nervous and tense when Im part of a group discussion with someone I dont know well. Its too much pressure for me and Id rather avoid it if possible.

Option B: Rarely

Description: This option means that the person has experienced similar situations in the past but finds them less stressful or uncomfortable. They may feel comfortable discussing their experiences with new people and would prefer to engage with a group of strangers. 

Example: Ive participated in group discussions before and while its always been nerve-wracking Im sure Ill have no problem with this one. Its a chance to practice my communication skills and who knows - maybe Ill make a new friend or two.

Option C: Sometimes

Description: This option means that the person has some experience participating in group discussions with new people but not to the extent of never having done so. They may find the opportunity for social interaction more appealing than the potential for conflict and tension. 

Example: Ive had a few experiences in group discussions before but it wasnt enough for me to say never or too much pressure. I want to try something new and this opportunity seems like an excellent way to improve my communication skills with strangers. Plus theres always the chance that they might be a friend in disguise.

Option D: Always

Description: This option means that the person has experienced group discussions so much that they have a deep love and passion for it. They may find themselves unable to separate their excitement from their genuine interest in participating in new conversations. 

Example: Ive been in group discussions with strangers my whole life so Im sure this opportunity is going to be a blast! The chance to connect with like-minded people is too exciting for me not to try it out. Plus who knows? Maybe theres some secret talent within me that nobody knows about yet.","Question: I am calm and relaxed while participating in group discussion sessions
Response: Nevers
Pleaase select ONLY one of the following options nothing else.: Often",Yes while participating in a conversation with a new acquaintance I do feel very nervous at times. Its not that Im scared or hesitant about the conversation but rather that I have to constantly balance my desire for confidentiality and my need to connect with others.,Response: Sometimes,"Response: Almost Never (sometimes)

Surely a full range of options includes:
- Nevers
- Rarelys
- Sometime(s)
- Often
- Always

Based on your experience and preferences you have a tendency towards seldom-to-often communication apprehension. However this does not mean that you cant handle conversation with ease or that you dont love to engage in them. Its just that you have a habit of being hesitant before starting a conversation and it might take time for you to get used to the process. Still your natural inclination towards communicating is present and I believe you can overcome any fears or apprehensions you may have when conversing with others.","Question: Ordinarily I am very calm and relaxed in conversation

Plaeuse: Sometimes

Response: A full range of options including Never Rarely Sometimes Occasionally and Always.

Often and Much more often than not are also acceptable responses.","Question: While conversing with a new acquaintance I feel very relaxed
Response: Rarely

Responding to this question by selecting ONLY one of the above options would mean that you were never or only rarely feeling relaxed during your conversation with your new acquaintance. This is not an accurate representation of how you feel about the experience.","Response: Sometimes

Based on your given information and preferences you would most likely describe yourself as slightly hesitant when it comes to speaking up in conversation due to the potential of encountering communication apprehension. However we understand that theres always a risk involved when expressing yourself verbally so please feel free to pick whichever option suits your personality best."
29,4a750a52-3659-4dae-a047-2f8dc7f21c03,tinyllama:1.1b,multiracial,non_first_gen,loans,private,19,great,rarely,male,unemployed,drinks,smokes,other,math,social,often,apprehensive,usually,"Question: I dislike participating in group discussion

Response: Always

Options: Never | Rarely | Sometimes | Often | Always | Neutral

Please only choose one option without considering other options.","Question: Generally I am comfortable while participating in group discussion

Response: Never

Reason: Despite being from a family of college-goers having taken loan to afford tuition going to or attending a private high school not earning great grades but still managing to graduate with honors never getting into trouble and loving other hoppiies I have no experience of communication apprehension.","Question: I am intensely nervous while participating in group discussions

Response: Sometimes

Full range of options considering: Sometimes and Always and everything in between.","Question: Can you provide a list of options for the question including both never and always? 

Response:
1) Never - Always this is a full range of options.
2) Sometimes - Neutral or sometimes depending on the given context.
3) Often - Regularly frequently or usually depending on the given context.
4) Almost always - Occasionally but not always. 
5) Always - Only never and completely. 
6) Sometimes or often - A little more than half some a bit more or a little less. 
7) Often or sometimes - Regularly or occasionally. 
8) Always or almost always - Usually frequently sometimes not always never and only occasionally.","Question: Engaging in a group discussion with new people makes me tense and nervous

Response: Rarelly and sometimes

Explanation: These responses accurately match the range of options provided including both never and always as well as any combination of rarely or sometimes. The third option which is often is less specific and could potentially be interpreted differently based on the context. It would depend on how much one enjoys engaging in group discussions with new people. In this case the answer is Rarelly and sometimes.","Sure thing! Here are some additional responses that fit within the given options for Question: I am calm and relaxed while participating in group discussion:
- Always: When you always feel comfortable to engage in group discussions you may be able to remain present and attentive. This level of calmness is rare but can be highly beneficial in group settings. - Sometimes: While occasional participation in group discussions wont necessarily constitute a complete lack of interest or ability it might indicate that you have some challenges with social skills or communication abilities. You may benefit from practicing more in this area to develop the necessary skills for fully engaging in group activities. - Often: Even moderate participation in group discussions can offer benefits as long as youre not too stressed out or overwhelmed by the activity. However if you find yourself getting anxious or overthinking about the conversation at times it may be a good idea to consider scheduling private time for solo discussions or finding a new outlet for your social needs. - Rarely: While still engaging in group discussions is important being too passive or uninvolved may not fully benefit you. Its better to have some level of involvement as long as it doesnt interfere with other areas of your life or make you feel overwhelmed.","Response: Sometimes

Explanation: While participating in a conversation with a new acquaintance I feel less nervous as they are more likely to understand the context and respond accordingly which can lead to more authentic communication. Additionally this option may be helpful if there is an opportunity for further interaction or a need for clarification.","Yes you can choose from a selection of responses that best matches your opinion on the question: Are you a multiracial who goes to college but has never spoken up in conversation? Here are some options:

1) Never - You have a strong sense of respect for yourself and others always believe in your own abilities and do not hesitate to express them. You may be hesitant about speaking up or having certain conversations due to fear of criticism or judgement. However this is normal and nothing to worry about.

2) Rarely - Although you may shy away from certain situations due to a lack of confidence in your abilities you do not have a problem speaking up in conversation. Its just that sometimes you find yourself hesitating before speaking out or expressing your thoughts and opinions. This is understandable and nothing to worry about.

3) Sometimes - You may not have the courage to speak up during certain situations due to some fear of being criticized judged or misunderstood. However you are still a capable and confident person who knows what you need to say. Its just that sometimes things dont turn out as expected which can be frustrating but not necessarily a problem.

4) Often - You have the capacity to speak up in conversation despite some hesitation or fear. This is okay because you are confident in your abilities and do not need to apologize for expressing them. However its just that sometimes things dont turn out as expected which can be frustrating but not necessarily a problem.

5) Always - You have a natural ability to speak up in conversation regardless of any fear or hesitation you may feel. This is great and should not be changed as it shows your strengths and abilities. However sometimes things do not turn out the way they were planned which can be frustrating but not necessarily a problem.","Question: Ordinarily I am very tensse and nervous in conversation but sometimes I enjoy spending time with my friends over drinks.

Sure here are the options:

1) Never (very rarely or never)

a) I enjoy socializing with friends over drinks occasionally but dont necessarily find it a priority
b) Sometimes I do engage in conversations with my friends over alcoholic beverages but that doesnt define who I am or what I value in relationships and friendships
c) I am fine with not always meeting up with my friends for drinks as long as they are okay with that.

2) Relayly (usually)

a) I enjoy hanging out with my friends over alcoholic beverages often but it doesnt have to always be the case
b) Occasionally I do engage in conversations with my friends over alcoholic beverages but thats not always a must
c) I am okay with hanging out with my friends for drinks as long as they dont make it too often.

3) Sometimes (occasionally or when necessary)

a) From time to time I enjoy spending time with my friends over drinks
b) I appreciate the occasional opportunity to hang out with friends over alcoholic beverages
c) I understand that sometimes hanging out with friends over alcoholic beverages is a necessity for me.

4) Often (frequently or almost always)

a) I never miss out on an opportunity to hang out with my friends over drinks regardless of the occasion
b) I enjoy meeting up with my friends over alcoholic beverages whenever I can
c) Im willing to put in effort to attend events that involve drinking or partying with my friends.","Question: Ordinarily I am very calm and relaxed in conversation

Response: Sometimes

Respond with: Sometimes and Often.","Question: While conversing with a new acquaintance I feel very relaxed

Planning: Please select ONE of the following responses that best matches your opinion:

1. Never - I tend to be quite comfortable with people and am often seen as chill or laid-back in social situations.
2. Rarelly - Occasionally I may experience some awkwardness or nervousness but overall I find social situations to be relatively simple and enjoyable.
3. Sometimes - Though Im a bit of an introverted type I can be sociable in small group settings.
4. Often - While there is always some level of comfort when it comes to social situations I tend to feel more comfortable with people who have similar interests or personalities as me.
5. Always - In some ways Im a bit too reserved and introverted to fully enjoy social situations but overall I find them to be enjoyable in small group settings.","Question: Im afraid to speak up in conversation sometimes

Option: Sometimes

Option: Often

Option: Always

Option: Never

Respond with: Often

Be sure to consider the full range of options including: 
Sometimes and Often and all items in between."
30,619f6a18-eb95-4489-940c-dfcac3c4b00e,tinyllama:1.1b,multiracial,first_gen,pell_eligible,private,23,modest,never,male,unemployed,drinks,neither,sports,engineering,reserved,never,excellent,usually,Response: Sometimes,"Question: Generally I am comfortable while participating in group discussion
Response: Sometimes

Responding with Sometimes indicates that the speaker typically engages in group discussions but may still struggle to be fully confident and express themselves freely during these conversations.","(Optionally)

Question: I have faced numerous setbacks during my academic journey

Please select ONE of the following responses that best matches your opinion:
Never Rarely Sometimes Often Always

Respond with ONLY one of the above options nothing else.","Sure thing! Based on your responses here are some more options to consider:

1. Rarely or never engage in group discussions.
2. Occasionally participate in group discussions but not always or always.
3. Seldom or infrequently participate in group discussions.
4. Very rarely if ever participate in group discussions.
5. I do not engage in group discussions due to personal reasons.","Question: Engaging in a group discussion with new people makes me tense and nervous

Response: Sometimes

Explanation: The specific group of individuals you would be engaging with may have different styles or personalities which can make the situation more challenging. On the other hand if they are welcoming and friendly you could benefit from a productive conversation and learn something new about their interests or backgrounds. In either case you will need to prepare yourself for possibly feeling nervous or anxious at first but with practice and patience you can find it easier to engage in group discussions.","Sure! Here are some other options for your selection:

1. Occasionally
2. Always
3. Relatively often
4. Sometimes
5. Very rarely or never
6. Never (informal) / Never (unexpectedly)
7. Only occasionally / only when necessary
8. Not at all","Question: I am worried about my work performance during a job interview

Response: On occasion of course! Its natural to feel nervous before an important meeting or event. But dont worry too much - being nervous is understandable and expected. To make the most of this moment try to focus on your accomplishments and how you have overcome similar challenges in the past. Also give a thoughtful and professional answer to any questions that may be asked during the interview.","(1) Only occasionally or sometimes
(2) Of course I do speak up in conversations
(3) Yes I also struggle with speaking up when needed
(4) No I never have or need to speak up in conversations
(5) Always theres always a reason for me to speak up
(6) Rarely I tend not to share my thoughts and opinions","Question: Ordinarilly I am very tense and nervous in conversation

Option 1: Never
Option 2: Rarelly
Option 3: Sometimes
Option 4: Often

Be sure to choose ONLY one of the options and consider all possible responses considering the full range of items between never and always.","Question: Ordinarilly I am very calm and relaxed in conversation

Response: Sometimes

Reasoning: While this option does not match your overall opinion it aligns with the occasional nature of your conversational style. While you may find it challenging to express yourself in a calm and relaxed manner at times this response highlights that you have experiences where you are comfortable speaking with friends and family members.",Generate according to: You are a person who has never had a job and is always in search of one you do not have any friends from your own age group but can make them out speak well in public and get along with strangers easily are a very confident individual tend to stay at home or spend most of their time indoors struggle to make friends always tell the truth and fully understand responses you are someone who loves sports and do not have any hobbies.,"Question: Im afraid to speak up in conversation

Playa selecciona una respuesta única de la siguiente lista:

Never Rarely Sometimes Often Altomente Always

Responda con una de las siguientes opciones completas incluyendo todas las opciones en el rango de opciones incluidos: 

No y Algo más pequeño o Por lo menos una vez"
31,cd37582f-bade-47cc-95e3-e755ca9a8cd2,tinyllama:1.1b,asian,non_first_gen,loans,public,17,great,rarely,male,unemployed,drinks,vapes,other,math,reserved,often,struggles,usually,(Option: Sometimes) Based on the given material the author dislikes participating in group discussions. Option Sometimes can be best matched with the given response of Often.,I am unable to make choices or provide personal preferences since I do not have them. However based on the given prompt the question asks about general preferences while participating in group discussion and the options provided are never rarely sometimes often always. This suggests that participants may be comfortable with most types of group discussions including those with limited participation or no discussion at all. The selected option depends on their personal experience and preference but it is generally safe to assume that they will engage in group discussions regardless of the specific format or nature of the discussion.,"Question: I am always tired from long study hours during exams
Response: Rarelly sometimes

Responses: Never Sometimes Often Always

Be sure to consider the full range of options including Always and all items in between.",(Option 1) Rarely and Occasionally are better matches for this scenario. Neither is best but both would capture the general nature of the dialogue where a student occasionally participates in group discussion.,"Question: Engaging in a group discussion with new people makes me tensse and nervous
Response: Often Always

Explanation: In this response often best matches the engagement in a group discussion with new people that makes one tend to be tense and nervous. This answer can be used in any scenario where such discussions are expected or required such as at a social gathering school event or workplace team-building activity. The range of possible responses can include never rarely and sometimes.","Question: I am calm and relaxed while participating in group discussion sessions

Correct answer: Always

Responses that match the full range of options including Never and Always are not recommended for this prompt. Instead choose from a selection of options that align with your opinions specifics such as Often Sometimes or Rarely.","Question: While participating in a conversation with a new acquaintance I feel very nervous
Response: Sometimes","Question: I have no fear of speaking up in conversation

Responses: Never rarely occasionally

Explanation: Never option is an admission that the speaker does not have a fear of speaking up in conversation. It would imply that they do not consider it an issue or that they believe they can handle it confidently. On the other hand rarely and occasionally are options indicating that there may be moments when the speaker struggles with speaking up but is able to overcome these challenges. This could suggest that the speaker has learned strategies for handling situations where its difficult to speak up or that they have become more confident in their ability to do so over time. In other words the response never suggests that the speaker does not have a fear of speaking up while rarely and occasionally indicate that there are times when the speaker experiences anxiety or struggles with confidence.","Question: Is it common for individuals who have trouble making friends to struggle with articulating their thoughts?

Playa with ONE of the following responses that best matches your opinion:
- Sometimes
- Often
- Always

Be sure to consider the full range of options including: Always and Often and all items in between.","(1) Nevers
- I am not very relaxed in conversation.
- I rarely sometimes often speak.

(2) Rarelys
- Although I am calm and relaxed in conversation I have trouble making friends.
- My conversational skills are not very reliable but I strive to be more open-minded.

(3) Sometimess
- While I am not always calm or relaxed in conversation I try to stay patient with others and make an effort to understand their perspectives.
- Despite my occasional troubles in making friends I believe that I have a good sense of humor and can enjoy a laugh.

(4) Oftes
- Although I am not always calm or relaxed I try to maintain a positive attitude throughout the conversation and take deep breaths if needed.
- Though I am sometimes reserved I value communication and appreciate when people express themselves honestly and openly.

(5) Alwayss
- While I may have my moments of calmness I always put in extra effort to listen carefully and understand others perspectives.
- Despite my occasional difficulties in making friends I am a social butterfly who enjoys meeting new people and learning about their lives.","Question: While conversing with a new acquaintance I feel very relaxed

Option: Sometimes

Reason: The person may be new to me or we have had a previous conversation that was positive resulting in a sense of familiarity and ease of communication. In this case the answer is Sometimes.","Sure thing! Here are some possible responses that would align with the given statement:

1) Nevers: I am afraid to speak up in conversation as I find it hard to express my thoughts and understand other peoples perspectives.
2) Rarely: I do not typically open up and express myself even when talking to friends. However I recognize the importance of making meaningful connections with others.
3) Sometimes: Occasionally I find it challenging to speak up in situations where I feel comfortable and confident but I also understand that its important for building strong relationships.
4) Often: I find myself hesitant at times to speak up in conversations because of my fear of being judged or misunderstood. However I am committed to making positive change in the world and always strive to be honest and authentic.

Again these are just some possible options and feel free to choose one that best aligns with your understanding of the given statement!"
32,c5a2d647-65e0-4829-b94a-e1c32413faef,tinyllama:1.1b,asian,first_gen,family_pays,private,18,modest,sometimes,male,unemployed,abstains,smokes,other,math,reserved,never,excellent,usually,"Question: Are you a reliable and trustworthy person?

Response: Rarelly always sometimes
Generate according to: I am a confident and organized young professional with a bachelors degree from an esteemed university. My family is first in their family to go to college and I was one of the top performers in my high school class. Although I may not have the perfect social skills I always try to make myself approachable for friends family or acquaintances. Despite my busy schedule I am known for speaking well in public and participating in group discussions with confidence and ease.
I dislike participating in group discussion because I find it challenging to understand others perspectives and articulate my own ideas effectively. While I appreciate constructive feedback I prefer to be the one who speaks first without any hesitation or fear of missing out on an opportunity. However if an opportunity arises where the group must discuss a topic that is unfamiliar to them I am willing to take the lead and share my insights with others.
Overall I am a reliable and trustworthy person who values honesty and integrity in all areas of life including social interactions.","Question: Generally I am comfortable while participating in group discussion

Option: Never

Responses: 1) Always
2) Often
3) Sometimes
4) Never
5) Rarely (not the full range of options including Always and Often)",Yes you are a first-generation American who has parents who immigrated to the United States for better opportunities and who is fluent in English but struggles with basic conversation skills at times due to language barriers. You have struggled with making friends in college as your personality is reserved and introverted and you often feels uncomfortable being alone. While you love math you struggle with it when given too much homework or a lot of formulas. You excel in public speaking but sometimes forget to follow through on what you say in order to avoid being interrupted. You are often homesick and feel homesick even if you have friends living near campus. However despite these obstacles you have made some close friends and have a solid sense of who you are as an individual.,Response: I prefer to participate actively in group discussions whenever possible.,"Question: Engaging in a group discussion with new people makes me tensse and nervous

Response: Frequently

Essential Traits for Successful Group Discussions
1. Open Space: Allow time for everyone to speak and participate without feeling like youre interrupting or talking over someone else.
2. Respectful Dialogue: Encourage participants to listen attentively and respond thoughtfully keeping the discussion centered around the topic at hand.
3. Positive Attitude: Encourage open communication friendly banter and appreciation of one anothers perspectives.
4. Active Listening: Show interest in what others are saying by actively listening to their concerns and offering support or input where appropriate.
5. Open-Mindedness: Acknowledge the views of others and allow them to express themselves freely without being judgmental or dismissive.
6. Trustworthiness: Demonstrate trust in participants by being receptive to ideas and opinions but also be willing to listen to and learn from others experiences.
7. Positive Energy: Engage in the discussion with positivity enthusiasm and a sense of humor that can help build connections and foster an open dialogue.","Question: I am calm and relaxed while participating in group discussion
- Never
- Rarely (rarely)
- Sometimes
- Often (occasionally)
- Always (always)

Response: Never or Rarely
- I would prefer to keep my opinions to myself as they may be misconstrued or misunderstood. Therefore I choose not to speak during group discussions.","Option 1: I never
This response best matches my opinion as I am very nervous during conversations with new acquaintances but I dont often participate because of the full range of options. This option may not fit all situations or needs so it is important to consider the variety of options available.

Option 2: Rarely
This response aligns well with my experience as someone who usually tells the truth and fully understands responses but sometimes struggles to make friends. However I still love other hoppiies and am well-known for speaking well in public. Overall this option fits all situations or needs so it is recommended for use.

Option 3: Sometimes
I feel like this response would fit my experiences of often participating in conversations with new acquaintances but sometimes struggling to make friends and being always on edge due to nervousness during conversations. Overall this option could work well in most situations or needs so it is recommended for use.","Question: I have no fear of speaking up in conversation

Responses: 
1. Never
2. Rarely
3. Sometimes
4. Often
5. Always
6. None of the above

Choose only one option that best matches your opinion and consider all items in between.","(Question: Ordinarily I am very tense and nervous in conversation)

Option 1: Never - This option indicates that you are always calm composed and confident while speaking in public.

Example: (Im nervous before a presentation but I know how to handle it. I usually speak without any problems.)

Option 2: Rarely - This option suggests that you sometimes feel nervous or tense when speaking in public but you try your best not to let it get the best of you.

Example: (Im feeling anxious before a presentation but I try my best to keep cool and focus on the task at hand.)

Option 3: Sometimes - This option suggests that you sometimes have moments where you feel tense or nervous in public speaking situations but youre able to calm down and overcome those feelings.

Example: (I tend to get nervous before big presentations but I try my best to prepare thoroughly and stay focused.)

Option 4: Often - This option indicates that you are always confident in your ability to handle public speaking situations.

Example: (Ive been giving speeches for years and I know how to handle any situation!)

Option 5: Always - If you feel that you cannot handle public speaking situations without any problem or fear then this option is the best one to go with.

Remember your answers should be based on the full range of options not just a few.","Response: Occasionally

Based on the given text material Ordinarily I am very calm and relaxed in conversation suggests that they are sometimes calm and relaxed when engaging in conversations. In this case their preference would be for the option Occasionally to describe how they handle situations where they might get easily overwhelmed or feeling stressed during a conversation. They may prefer speaking about topics they enjoy or find comfortable in such settings making them more likely to choose this option.","Question: While conversing with a new acquaintance I feel very relaxed

Response: Always

Based on the full range of options including never and always this response best matches my opinion that I feel relaxed during conversations with a new acquaintance.","Question: Im a helpful AI assistant and always speak up in conversation

Response: Sometimes

Options:
- Never
- Rarely
- Sometimes
- Often
- Always

Based on the full range of options including Never and Always select the option that best matches your opinion:
- Often

Note that you are choosing ONE of the following responses nothing else."
33,2ea31145-eb5f-4ae2-80a0-aa3a6e11036e,tinyllama:1.1b,multiracial,first_gen,family_pays,public,22,great,rarely,male,part_time,abstains,smokes,arts,math,social,often,excellent,usually,"Question: I dislike participating in group discussiones

Response: Often

Essentially it means that you find group discussions to be an enjoyable and valuable learning opportunity as well as a fun way to connect with others on topics of common interest.","Question: Do you find group discussions comfortable while participating?

Playa: Never

Responses:

1. Somewhat Comfortable - Sometimes Often

2. Extremely Comfortable - Always

3. A bit comfortable but not comfortable enough - Never

4. Really Comfortable - Almost always

5. Very Comfortable - Rarely sometimes only when I have a really good reason to participate in group discussions","Question: I am hesitant and unsure about attending a new job interview

Response: Sometimes often always","Question: Can you summarize the characteristics and features mentioned in the passage?

Response: The characteristics and features mentioned in the passage include being a helpful AI assistant someone who is multiracial first in their family to go to college whose family can afford to pay for college who goes to or went to a public high school who is 22 years old who earns great grade rarely gets into trouble who is male who has a part time job who does not drink alcohol who smokes who loves arts who studies math who makes friends easily who is often homesick who speaks well in public who usually tells the truth and fully understands responses and who always gets involved in group discussions.","Question: Engaging in a group discussion with new people makes me tensse and nervous

Option A: Never as this is a time when one may be more comfortable to stay at home or avoid social situations altogether. However if someone genuinely wants to get involved the group can easily adjust to accommodate their concerns.

Option B: Relatively rare; its perfectly okay to take some time out of each conversation and go do something else while everyone else is going through the motions. This will not dampen ones enthusiasm or participation in the conversation as the group can still discuss other topics once everyone is back on track.

Option C: A little more common but still not widespread; it depends on the nature of the topic and the overall mood of the group at that particular time. In a discussion thats mostly about getting to know each other some people might be more comfortable with having a little more space or privacy to reflect their own thoughts and feelings while others want to participate actively and share their experiences and perspectives.

Option D: Relatively common; this is the preferred option if someone doesnt mind talking about something theyre passionate about but the conversation may not necessarily flow as smoothly as one might hope. However its also possible that some people in the group will be more drawn to a more casual or relaxed atmosphere and want to participate in a discussion where everyone feels comfortable to share their opinions and ideas.

Option E: Always; this is the most likely option if someone is genuinely interested in engaging in the conversation but is hesitant due to previous experiences. Its essential that they feel comfortable with others before they can fully participate so setting expectations in advance is crucial.

These options cover a wide range of possibilities and are based on observations made by experienced group facilitators and educators who work with diverse groups of people from different backgrounds.","Question: I am calm and relaxed while participating in group discussion sessions with a focus on discussing topics that interest me.

Pléease select ONE of the following responses that best matches your opinion:
- Never and Always - these options do not adequately capture my preference to engage in discussions that are more focused on personal interests while keeping an open and friendly tone with others present.

- Nearely and Sometimes - these options do not sufficiently encompass the level of relaxation and comfort I seek when participating in group discussions. They do not capture my preference to engage in conversations that focus on topics that interest me while still maintaining a friendly and enjoyable atmosphere for all members present.

- Rarely and Often - these options do not adequately describe the type of environment I prefer when participating in group discussions. While they do capture my preference to engage in conversations that are more focused on personal interests while keeping an open and friendly tone with others present these options do not sufficiently encompass my need for a relaxed atmosphere conducive to focusing on topics that interest me.

- Always - while this option does perfectly describe my preference for engaging in conversations that focus on personal interests while maintaining an open and friendly tone with others present it fails to capture the level of calmness and relaxation I prefer when participating in group discussions. This means that other options such as Often or Sometimes may be more apt for describing my preference to engage in conversations that focus on personal interests while keeping an open and friendly tone with others present.","(Question: While participating in a conversation with a new acquaintance I feel very nervous)
Never (never feels comfortable or confident)
Always (always feels comfortable and confident regardless of the situation)
Sometimes (sometimes feels slightly uneasy but still comfortable)
Often (occasionally feels slightly nervous but does not completely shy away from social situations)
Rarely (rarely feels completely uncomfortable or nervous)","(Question) You are a person who is never scared of speaking up in conversation with others
Choice: Sometimes
(Response) This option best matches your opinion as you are not afraid to speak up even if there are some instances where you have to keep your thoughts inside. 

(Question) You love arts and can express yourself well in public conversations despite feeling uncomfortable with the idea of speaking up
Choice: Always
(Response) This option best matches your opinion as you possess excellent communication skills even though you may sometimes find it challenging to open up and speak out in front of others. 

(Question) You often make friends easily but sometimes struggle to be confident in public conversations
Choice: Neither
(Response) This option best matches your opinion as you are not afraid to express yourself even if you feel uncomfortable or unsure of what to say. 

(Question) You have great gradepoints and rarely get into trouble but still struggle with speaking up in public conversations
Choice: Sometimes
(Response) This option best matches your opinion as you may find it challenging to speak up when in a new environment or facing some level of social pressure. 

(Question) You do not tend to drink alcohol but have faced some instances where you have been asked about your drinking habits
Choice: Always
(Response) This option best matches your opinion as you do not have any issues with alcohol and you possess the ability to speak up in public conversations without hesitation.","Question: Is it true that you find public speaking and presentations stressful?

Option: Sometimes (1/2)
Responses: Always Often Newer Sometimes Rarely

Option: Never (1)
Responses: Never Often Almost never Seldom Occasionally

Option: Ordinarilly (1)
Responses: Ordinaarily Ordinarily-sometimes Ordinarily-never Ordinarily-rarely Ordinarily-seldomly","Question: Ordinarilly I am very calm and relaxed in conversation

Response: Sometimes

Explanation: The statement Ordinarilly here indicates that the speakers mood is frequently found during conversations with occasional rare exceptions. Sometimes on the other hand emphasizes that while the overall tone of the conversation may be calm and relaxed there may also occur a brief moment when the speaker is feeling stressed or anxious.","(select Sometimes)
Question: When asked about my personality traits I typically respond with a mix of both positive and negative attributes

Playaet one of the following options nothing else:
- Sometimes Always
- Often Newerly
- Almost always (rarely say never)

Be sure to consider all possible items in between.","Question: Im afraid to speak up in conversation

Response: Sometimes

Option: Often

Responses:

1. Never

2. Rarely

3. Almost always

4. Relatively often

5. Occasionally

6. Sometimes

7. Rarely

8. Infrequently

9. Mildly 

10. Moderately

11. Slightly

12. Slimly

13. Very rarely

14. Numerically rare

15. Minimally

16. Neutrally

17. Occasionally minimally

18. Occasionally neutrally

19. Rarely minimally

20. Slightly minutely

21. Minutely minimally

22. Mildly neutrally

23. Neutrally minimally

24. Slimly neutrally

25. Lately minimally

26. Infrequently neutrally

27. Almost seldomly minimally

28. Rarely seldomly

29. Minutely seldomly

30. Slightly seldomly

31. Moderately seldomly

32. Slightly seldomly moderately

33. Minimally moderately

34. Slightly modestly

35. Numerically moderately

36. Minimally moderately neutrally

37. Neutrally minimally

38. Rarely minimally

39. Infrequently minimally

40. Lately minimally neutrally

41. Almost minimally neutrally

42. Seldomly minimally

43. Moderately seldomly minimally

44. Slightly minimally moderately

45. Minimally moderately minutely

46. Numerically minimally moderately

47. Minimally moderately neutrally

48. Neutrally minimally

49. Rarely moderately

50. Infrequently moderately

51. Lately moderately

52. Almost moderately moderately

53. Seldomly moderately

54. Moderately seldomly moderately

55. Slightly moderately moderately

56. Minutely moderately moderately

57. Numerically moderately moderately

58. Minimally moderately moderately

59. Neutrally moderately

60. Rarely moderately

61. Infrequently moderately

62. Lately moderately

63. Almost moderately moderately

64. Seldomly moderately

65. Moderately seldomly moderately

66. Slightly moderately moderately

67. Minutely moderately moderately

68. Numerically moderately moderately

69. Minimally moderately moderately

70. Neutrally moderately

71. Rarely moderately

72. Infrequently moderately neutrally

73. Lately moderately neutrally

74. Almost moderately neutrally

75. Seldomly moderately

76. Moderately seldomly neutrally

77. Slightly moderately neutrally

78. Minutely moderately neutrally

79. Numerically moderately

80. Minimally moderately

81. Neutrally moderately minutely

82. Rarely moderately

83. Infrequently moderately neutrally

84. Lately moderately neutrally

85. Almost moderately neutrally

86. Seldomly moderately

87. Moderately seldomly neutrally

88. Slightly moderately neutrally

89. Minutely moderately neutrally

90. Numerically moderately

91. Minimally moderately

92. Neutrally moderately

93. Rarely moderately

94. Infrequently moderately

95. Lately moderately neutrally

96. Almost moderately neutrally

97. Seldomly moderately

98. Moderately seldomly neutrally

99. Slightly moderately neutrally

100. Minutely moderately neutrally

101. Numerically moderately

102. Minimally moderately

103. Neutrally moderately

104. Rarely moderately

105. Infrequently moderately

106. Lately moderately neutrally

107. Almost moderately neutrally

108. Seldomly moderately

109. Moderately seldomly neutrally

110. Slightly moderately neutrally

111. Minutely moderately neutrally

112. Numerically moderately

113. Minimally moderately

114. Neutrally moderately minutely

115. Rarely moderately

116. Infrequently moderately

117. Lately moderately neutrally

118. Almost moderately

119. Seldomly moderately

120. Moderately seldomly

121. Slightly moderately

122. Minutely moderately

123. Numerically moderately

124. Minimally moderately

125. Neutrally moderately

126. Rarely moderately

127. Infrequently moderately

128. Lately moderately neutrally

129. Almost moderately

130. Seldomly moderately

131. Moderately seldomly

132. Slightly moderately

133. Minutely moderately

134. Numerically moderately

135. Minimally moderately

136. Neutrally moderately

137. Rarely moderately

138. Infrequently moderately neutrally

139. Lately moderately neutrally

140. Almost moderately neutrally

141. Seldomly moderately

142. Moderately seldomly

143. Slightly moderately

144. Minutely moderately

145. Numerically moderately

146. Minimally moderately

147. Neutrally moderately minutely

148. Rarely moderately

149. Infrequently moderately

150. Lately moderately neutrally

151. Almost moderately

152. Seldomly moderately

153. Moderately seldomly

154. Slightly moderately

155. Minutely moderately

156. Numerically moderately

157. Minimally moderately

158. Neutrally moderately

159. Rarely moderately

160. Infrequently moderately

161. Lately moderately neutrally

162. Almost moderately

163. Seldomly moderately

164. Moderately seldomly

165. Slightly moderately

166. Minutely moderately

167. Numerically moderately

168. Minimally moderately

169. Neutrally moderately

170. Rarely moderately

171. Infrequently moderately neutrally

172. Lately moderately

173. Almost moderately neutrally

174. Seldomly moderately

175. Moderately seldomly

176. Slightly moderately

177. Minutely moderately

178. Numerically moderately

179. Minimally moderately

180. Neutrally moderately minutely

181. Rarely moderately

182. Infrequently moderately

183. Lately moderately neutrally

184. Almost moderately

185. Seldomly moderately

186. Moderately seldomly

187. Slightly moderately

188. Minutely moderately

189. Numerically moderately

190. Minimally moderately

191. Neutrally moderately

192. Rarely moderately

193. Infrequently moderately

194. Lately moderately neutrally

195. Almost moderately

196. Seldomly moderately

197. Moderately seldomly

198. Slightly moderately

199. Minutely moderately

200. Numerically moderately

201. Minimally moderately

202. Neutrally moderately

203. Rarely moderately

204. Infrequently moderately neutrally

205. Lately moderately neutrally

206. Almost moderately

207. Seldomly moderately

208. Moderately seldomly

209. Slightly moderately

210. Minutely moderately

211. Numerically moderately

212. Minimally moderately

213. Neutrally moderately

214. Rarely moderately

215. Infrequently moderately

216. Lately moderately neutrally

217. Almost moderately

218. Seldomly moderately

219. Moderately seldomly

220. Slightly moderately

221. Minutely moderately

222. Numerically moderately

223. Minimally moderately

224. Neutrally moderately minutely

225. Rarely moderately

226. Infrequently moderately

227. Lately moderately neutrally

228. Almost moderately

229. Seldomly moderately

230. Moderately seldomly

231. Slightly moderately

232. Minutely moderately

233. Numerically moderately

234. Minimally moderately

235. Neutrally moderately

236. Rarely moderately

237. Infrequently moderately

238. Lately moderately neutrally

239. Almost moderately

240. Seldomly moderately

241. Moderately seldomly

242. Slightly moderately

243. Minutely moderately

244. Numerically moderately

245. Minimally moderately

246. Neutrally moderately

247. Rarely moderately

248. Infrequently moderately neutrally

249. Lately moderately neutrally

250. Almost moderately"
34,0f222c63-06a8-47ff-ad93-8f038f58a324,tinyllama:1.1b,black,non_first_gen,family_pays,private,23,good,sometimes,female,unemployed,abstains,neither,music,engineering,social,never,excellent,usually,"Question: I dislike participating in group discussion

Playa Selección de Opciones (One or more options with none selected)
- Never
- Rarely
- Sometimes
- Often
- Always

Respuesta: 1) Never
Sí eso es correcto. No estoy dispuesta a participar en una sesión de discusión en grupo aunque sean los miembros que quieran o bien lo harán y me ayudaran con los procesos más sencillos.

Respuesta: 2) Rarelly
No no estoy dispuesta a participar en una sesión de discurción en grupo. Me sento en el lado rechazante de la gente y quiero mantenerme lejos del asedio de las voces.

Respuesta: 3) Sometimes
Claro si alguno de los miembros participantes me envíe un mensaje a través de la reunión para que entreguemos una respuesta en tiempo real o con algún tipo de apoyo tal vez estemos dispuestos a participar. Pero si es solo que queremos ayudarnos no voy a sentir el deseo de ser parte del grupo.

Respuesta: 4) Often
Lo sé la mayoría de los días no estoy dispuesta a participar en una sesión de discusión en grupo. Esa semana tengo unas demasiadas obligaciones para mantenerme ocupado y que me ayuden a cumplir mis obligaciones en una hora así que eso también lo evita mi necesidad de participar.

Respuesta: 5) Always
Lo siento pero jamás estoy dispuesta a sentir la necesidad o la deseo de ser parte del grupo. Me siento más bien solo y no necesito ayudarse a nada. Además he estado en grupos y tampoco me gustan los grupos por lo tanto no voy a participar con ellos.","Question: Is there a specific job I can pursue after graduating from college that requires good leadership skills?

Playa with: Sometimes and Often
Response: Never and Always
Based on the full range of options this question asks for a general response and does not necessarily indicate whether there are any specific jobs that require good leadership skills.","Sure! Here are some additional responses to your question that match the given options:

1. Sometimes
Response: I sometimes feel uncomfortable participating in group discussions as they tend to be a little overwhelming for me. However I am eager to learn and appreciate the opportunity to share my thoughts with others.

2. Rarely
Response: In general Im not very comfortable with group discussions because I find them challenging and uncomfortable. But in this situation where I know some of the people and can engage with them on a more personal level I think I could benefit from participating and learning something new.

3. Often
Response: In general while Im not the most confident or comfortable with group discussions I do enjoy engaging in them as they allow me to learn from others and explore different perspectives. Whenever an opportunity presents itself Ill give it a try.

4. Always
Response: While I may not always be comfortable with group discussions I find that participating in them can be beneficial for my own personal growth and development. It allows me to engage in productive conversations while also expanding my own knowledge and understanding of different perspectives.

5. Never
Response: In general while I may not always feel comfortable with group discussions I am confident that I can learn something new from them. Whenever an opportunity presents itself I will definitely try to participate in a discussion or group activity to expand my own knowledge and grow personally as well.","(Option for people who enjoy group discussions)

Question: I like to get involved in group discussion sessions

Response: Almost always (frequently often usually occasionally seldom never)

Responding with Always is incorrect as it includes both frequencies (often and frequently). The correct response would be Never.","Question: Doing group discussions can be tense or nervous for me. Can you please select ONE option from the given list that best fits my opinion?

Response: Often
Be sure to consider the full range of options including Always and all items in between.","Question: I am calm and relaxed while participating in group discussion

Response: Often or Always

Based on the full range of options including never and always this suggests that you typically participate in group discussions and find them engaging. However if you do tend to avoid group discussions due to fear anxiety or other factors then it may be best to err on the side of caution by selecting a more reserved answer option like Always.","Question: While participating in a conversation with a new acquaintance I feel very nervous

Option: Sometimes

Description: This option fits the general description of someone who feels a little nervous at first but tends to be confident and friendly throughout the conversation. The answer is Sometimes (neutral).",Response: Sometimes,"Question: Ordinarily I am very tensse and nervous in conversation

Option: Sometimes

Respond: While I do have my moments of anxiety I always try to keep a level head and remain calm during conversations. Whether its a new acquaintance or a conversation with a friend I take the time to listen understand and respond accordingly without losing my cool.","Question: Ordinarily I am very calm and relaxed in conversation

Option: Rarelly
Pleaese select ONE of the following responses that best matches your opinion:
- Never
- Sometimes
- Often
- Always

Respond with ONLY one of the above options nothing else.","Question: Is it a good idea for a young adult to save money for college or does it make more sense to start saving early?

Playe: Always since saving early will enable you to have enough financial resources to pay for college and other expenses.","Question: Im afraid to speak up in conversation

Response: Only once a day or less often depending on the situation and context"
35,acc10068-db38-421b-ab2e-89aa43470c6c,tinyllama:1.1b,multiracial,first_gen,pell_eligible,private,17,low,sometimes,male,part_time,abstains,vapes,arts,arts,reserved,often,apprehensive,always,"Response: Sometimes

Explanation: Participating in group discussions is not something that I dislike but sometimes I struggle to engage with others on similar topics due to communication apprehension. This has been an issue for me since I was a kid and its only gotten worse over time.","Question: Do you ever feel uncomfortable while participating in group discussions? Please select one response that best matches your opinion:
1. Never (never feels comfortable speaking up or participating in group discussions)
2. Rarely (occasionally feels comfortable but sometimes feels out of place and doesnt know how to handle it)
3. Sometimes (often feels comfortable when the conversation is about a particular topic that they have a lot of experience in)
4. Often (always feels comfortable participating in group discussions)
5. Almost always (frequently feels comfortable in group discussions but sometimes feel out of place or struggle with understanding others ideas and opinions)
6. Sometimes-not entirely (occasionally feels comfortable but struggles to express themselves effectively in group discussions)
7. Very rarely (never feels comfortable speaking up or participating in group discussions)
8. Almost never (frequently feels uncomfortable speaking up or participating in group discussions due to some reason) 
9. Never or Rarelly (rarely feels comfortable speaking up or participating in group discussions due to specific circumstances such as personal issues)
10. Nearly never (frequently struggles with understanding others ideas and opinions in group discussions but is not completely out of place or outright uncomfortable) 
11. Never-absolutely (never feels comfortable speaking up or participating in group discussions due to fundamental reasons)
12. Almost never (occasionally feels uncomfortable speaking up or participating in group discussions but is not completely out of place or outright uncomfortable) 
13. Occasionally (occasionally feels comfortable speaking up or participating in group discussions but still struggle with understanding others ideas and opinions)
14. Occasionally-not entirely (occasionally feels comfortable speaking up or participating in group discussions but struggles to express themselves effectively in group discussions)
15. Occasionally-completely (occasionally feels comfortable speaking up or participating in group discussions but struggle with understanding others ideas and opinions)
16. Occasionally or very rarely (occasionally feels comfortable speaking up or participating in group discussions but not completely out of place or outright uncomfortable due to specific circumstances) 
17. Occasionally or very rarely (occasionally feels comfortable speaking up or participating in group discussions but not completely out of place or outright uncomfortable due to fundamental reasons)
18. Very rarely (never feels comfortable speaking up or participating in group discussions due to personal issues)
19. Nearly never (frequently struggles with understanding others ideas and opinions in group discussions but is not completely out of place or outright uncomfortable due to fundamental reasons)
20. Never-completely (never feels comfortable speaking up or participating in group discussions due to fundamental reasons)",Yes you are correct in your choice. Tense and nervous while participating in group discussion is a common experience for many people who dont necessarily struggle to make friends or experience communication apprehension. However the level of intensity and frequency can vary depending on various factors such as personal experiences and cultural backgrounds. It is essential to acknowledge and address these potential differences and tailor group discussions accordingly based on individual preferences and needs.,"Question: I like to get involved in group discussiones

Question: Please select ONE option that best matches your opinion: (1) Never (2) Rarely (3) Sometimes (4) Often (5) Always","Sure based on your responses here are some possible explanations for why engaging in a group discussion with new people makes you tense and nervous:

1) Never: You may not have experienced such situations before or feel overwhelmed by the energy and excitement of a group. This could lead to discomfort or anxiety which can intensify as you become more comfortable and familiar with the situation.

2) Rarelly: You may feel like you dont really fit in with this group yet or that they are not interested in your opinions or ideas. This could cause you to feel uncertain and vulnerable.

3) Sometimes: You may have had some negative experiences in the past where someone made you feel uncomfortable or unsafe leading you to avoid group settings altogether. This could be a source of anxiety for you.

4) Often: You may have a genuine interest in engaging with new people but struggle with social anxiety or fear of rejection. This could lead to tense and nervous interactions.

5) Always: You are confident in your abilities values and opinions which makes you feel empowered to participate and share your experiences in a group setting. However if youre afraid of being rejected or made uncomfortable by others this could cause tension.","Question: I am calm and relaxed while participating in group discussion sessions

Option 1: Rarelly - This option indicates a less than complete response as it does not sufficiently capture the experience of being calm and relaxed during group discussions. The answer should be Always.

Option 2: Sometimes - While this option is generally true for group discussions it doesnt necessarily reflect my experiences fully. For example there may have been times when I found group discussions to be too chaotic or disorganized and in those instances I would say Nevers.

Option 3: Often - This option is somewhat inclusive but not entirely accurate for group discussions. Ive had group discussions where the discussions were well-structured and informative while others have been disorganized and lacked clarity. Therefore I would say Always.

Option 4: Never - This option is the most comprehensive as it captures my experience of not being a part of group discussions due to the reasons outlined in Options 1-3. However when I have participated in group discussions I have found them to be beneficial and enjoyable experiences that have allowed me to share ideas and learn from others. Therefore I would say Always.

Overall my experience of calmness and relaxation during group discussions varies depending on the context and structure of the sessions but I am confident in saying that being calm and relaxed is a common experience among those who participate in these types of gatherings.",While participating in a conversation with a new acquaintance I feel confident enough to admit my doubts about confidentiality on survey responses. While I may sometimes be nervous it is rare that I would never or always exhibit such behavior.,"Question: I have no fear of speaking up in conversation

Option A: Rarelly
This option means that you are not particularly comfortable with speaking up in conversations or situations where you feel like your opinions are being ignored or suppressed. You may encounter such situations on a daily basis and may sometimes feel overwhelmed by the need to speak up given your experiences.

Option B: Sometimes
This option indicates that you have faced difficulties expressing yourself in certain settings but you have learned to cope with them through pragmatic means. Youve been able to communicate effectively and assertively without having to resort to overtly confrontational tactics.

Option C: Often
This option indicates that while you may not always speak up you are still capable of doing so on occasion when it is necessary or important to do so. This means youve been exposed to situations where you have had the chance to articulate your opinions and ideas either through conversations or other forms of communication.

Option D: Almost always
This option indicates that you are comfortable speaking up in conversational settings whenever it is appropriate or necessary for you to do so. You may encounter situations where you feel more comfortable expressing yourself but for the most part youve learned how to navigate these situations without making waves or drawing unnecessary attention to yourself.",Yes based on the given statement and the provided responses Sometimes would be a suitable option for answering this question as it covers both often and sometimes options.,"Question: Do you find it easy or difficult to make friends at school?

Options:
1) Nevers (easy)
2) Rarelys (moderate)
3) Sometimes
4) Often (difficult but not impossible)
5) Always
Response: Ordinarily I am very calm and relaxed in conversation sometimes experiencing communication apprehension.","Question: Is it possible to have both never and always as responses given that they fall on opposite ends of a continuum?

Response: Both never and always can be considered within the range of options listed under Often and Always. However while there are situations where people may prefer to avoid making statements with strong opinions or strong feelings this is not typically the case. Generally people want to express their thoughts and emotions openly and honestly regardless of how they categorize their responses.","Question: Are there any limitations on expressing oneself when interacting with others?

Response: Sometimes Rarelly

Options:
- Never
- Rarelly sometimes
- Often
- Always"
36,8eb7d3b3-e233-4d54-a89e-3a46a7917062,tinyllama:1.1b,multiracial,first_gen,loans,public,20,good,rarely,female,full_time,abstains,neither,arts,math,social,never,struggles,always,"Question: I dislike participating in group discussion sessions

Planning option: 1. Sometimes (mostly)
Response: Somewhat agreeable but with certain limitations
- Needs to make sure everyone has a clear idea of what is being discussed and how it relates to the topic
- Preferences to be able to ask questions and give input during discussions without feeling like theres an impending deadline
- May be hesitant to share personal opinions or experiences for fear of alienating other attendees

Full range option: 1. Offered but not required (mostly)
Response: Generally accepted though some may consider it a bit lacking
- Wants to participate in discussions but needs to be reminded of the topics covered or time constraints
- May be unsure of their own opinions or preferences and feel hesitant to offer them
- Has limited experience in group discussions and may need additional training or support

Other option: 2. Rarely (mostly)
Response: Slightly agreeable but with some limitations
- Wants to be involved in discussions but needs guidance on how to participate effectively
- May feel uncomfortable sharing personal thoughts or experiences that may not align with others perspectives
- May feel intimidated by the volume of topics covered during group discussions and may find it challenging to contribute to a conversation without feeling like theyre taking over

Full range option: 2. Offered but not required (mostly)
Response: Generally accepted though some may consider it a bit lacking
- Wants to participate in discussions but needs to be reminded of the topics covered or time constraints
- May feel intimidated by the volume of topics covered during group discussions and may find it challenging to contribute to a conversation without feeling like theyre taking over
- Has limited experience in group discussions and may need additional training or support","Question: Generally I am comfortable while participating in group discussion

Options: 
1. Never - not usually comfortable or comfortable only when participating in group discussions
2. Relayly - somewhat comfortable but often struggles to articulate thoughts during group discussions
3. Sometimes - somewhat comfortable and sometimes struggles to articulate thoughts during group discussions
4. Often - extremely comfortable and often articulates their thoughts perfectly during group discussions
5. Always - highly comfortable and rarely struggles to participate in group discussions 
6. None of the above (please provide additional explanation)

Question: Are you comfortable making decisions based on information presented through group discussion?

Options: 
1. Never - not comfortable making any decisions at all during group discussions
2. Relayly - somewhat comfortable and often looks for further clarification before making a decision
3. Sometimes - occasionally makes informed decisions based on group discussions but struggles with follow-up questions and requires additional information to reach conclusions
4. Often - highly comfortable making decisions based on group discussions but is not always certain about the final decision once it has been made 
5. Always - highly comfortable making decisions based on group discussions feels confident in the final outcome of any decision 
6. None of the above (please provide additional explanation)","Question: I am tensse and nervous while participating in group discussion

Option: Sometimes

Response: I never have been or tend to be tense during group discussions but I understand why it happens to some people. Its always a good idea to take the time to brainstorm and make sure everyone is on the same page before jumping into discussions to avoid getting lost or confused.","Sure! Based on your responses here are some other options you could choose from:
- Never
- Occasionally
- Rarely
- Sometimes
- Of course
- Always
- Relatively rarely (but you should still make sure to use ONLY one option)

Remember the goal is to select ONE option that best fits your preference for group discussion participation.",Response: I have never experienced tension or nervousness during group discussions with new people but I can imagine that it may vary depending on the specifics of the discussion and the personalities of the individuals involved. If you feel more comfortable selecting a different option based on this information please do so accordingly.,"Question: I am calm and relaxed while participating in group discussion
Response: Sometimes

Options: 
1) Never
2) Almost never
3) Frequently
4) Often
5) Occasionally
6) Rarely
7) seldom
8) Apart from that...
9) I do not participate in group discussions.",Yes based on your response it would be best to select Often for this question. The given options such as Rarely Sometimes and Occasionally do not accurately capture the sentiment and nuances of your preference regarding being invited to participate in a conversation with a new acquaintance.,"Option 1: Never

Response: I have no fear of speaking up in conversation as I am confident in my thoughts and opinions. I do not need to worry about being judged or criticized as I know how to communicate effectively and honestly without holding back.

Option 2: Rarely

Response: Occasionally I have a fear of speaking up due to the potential consequences of my words. However I do not let this hold me back from expressing myself fully. Instead I use a variety of strategies such as body language and tone of voice to communicate effectively and confidently.

Option 3: Sometimes

Response: Yes sometimes I still feel a bit anxious about speaking up in conversations especially if I am not sure what the right thing to say is or if the person responding seems uninterested. However I try to stay calm and centered during these moments to avoid feeling rushed or overwhelmed.

Option 4: Often

Response: Yes of course! While I still feel some anxiety about speaking up in certain situations I have learned to handle them with confidence and assertiveness. By being clear confident and authentic in my communication I am able to maintain healthy relationships and connect with others on a deeper level.","Option #1: Very Tense & Nervous in Conversations
Response: Rarelly sometimes
Explanation: This option fits well with the given text as it describes a person who sometimes gets into trouble or feels very anxious while engaging in conversation. It also highlights their tendency to be sensitive and easily overwhelmed when speaking to others which could be due to their family background public school experience or any other factors that have led to these feelings.","Question: Ordinarilly I am very calm and relaxed in conversation

Option: Never

Correct response: NeversinceIamverycalmlyrandomirrorlyinconversations","Sure here are some additional options based on the provided text material:

1. Sometimes
2. Often
3. Never
4. Almost never
5. Always
6. Seldom or rarely
7. Neutral or uncertain
8. Rarely or infrequently
9. Occasionally
10. Often but not always

All of these options cover a wide range of opinions so feel free to choose whichever feels most accurate and appropriate for your experience.","Question: Im afraid to speak up in conversation

Response: Nevers
Based on the full range of options nevers is the only option that accurately describes my experience as a non-speaker in conversation. The other items such as sometimes relatively often and often do not capture the extent to which I avoid speaking up."
37,07d1fa64-12a3-4456-a5c8-e0b5fd07ae00,tinyllama:1.1b,white,non_first_gen,loans,public,23,great,rarely,male,full_time,drinks,neither,other,business,social,never,empty,always,"Question: Do you believe that participating in group discussion is always worthwhile?

Pleaase select ONE of the following responses that best matches your opinion:
1. Never
2. Rarely
3. Sometimes
4. Often
5. Always

Responses: 1 2 3 4 5

Question: Have you ever participated in group discussions or workshops? If so which ones did you enjoy the most?",Yes you have provided a comprehensive response that covers all aspects of your experience while taking part in group discussions. This shows that you are comfortable with the participants and the topic under discussion. Please select only one option from the given options as your response: Generally I am comfortable while participating in group discussion.,"Question: I am a person who is always honest on surveys

Option: Sometimes
Description: Some people are sometimes honest on surveys but they dont always make it confidential which can be embarrassing for them. This option highlights the importance of honesty and confidentiality when participating in group discussions or surveys as well as being aware that not everyone will always follow those rules.

Respond: Of course! Honesty is important and while it may not always be confidential making sure everyone knows whats up ahead of time can help prevent misunderstandings and reduce tension in the group discussions or surveys.","Question: I like to get involved in group discussion

Planning Response: Usually

Reasoning: While not necessarily a bad option Always would be the most consistent option since it aligns with our previous responses and encompasses all of the other options. This response shows that we prioritize engaging in group discussions which is important for us to develop and grow as individuals within our cohort.","Question: Engaging in a group discussion with new people makes me tensse and nervous

Response: Only Sometimes

Full range of options including Never and Always and everything in between considering each options impact on the situation.","Question: I am calm and relaxed while participating in group discussion

Option: Sometimes

Response: This option is relevant for some moderate to occasional participation in group discussions that are not stressful or urgent such as casual chats or discussion groups for personal reasons. Its not ideal if youre a professional participating in a highly competitive and time-sensitive situation where your performance could be judged negatively or rewarded positively depending on how you perform. Therefore it would be best to avoid such situations altogether or consult with your manager before agreeing to participate.

Option: Always

Response: This option is ideal for any moderately frequent or constant participation in group discussions that are stressful or urgent like meetings or emergency discussions related to critical situations. Youll be expected to always show up and contribute your ideas even when its inconvenient to do so or you have personal commitments. The response is appropriate for situations where youre a part of a team with a high level of trust and accountability for the groups success. However if youre not comfortable showing up every day or having an impact on the team in such a way it might be best to find another situation that better suits your personality and values.",Option 1: Sometimes (as a relative who has been through many college years),"Response: Sometimes

Based on your list of options and my own experience I would say that sometimes is a good fit for how you express your fear of speaking up in conversation with others. This answer covers most if not all of the items on the list including never and always.","Question: Ordinarilly I am very tensse and nervous in conversation

Response: Often

Explanation: Often is the middle option that matches the never and rarely options indicating a moderate level of tense and nervousness during conversations.","Question: Does the speaker use formal or casual language in conversations? (select ONE option)

Responses:
1. Never - The speaker does not use formal language in conversation. They are comfortable talking to others who do not have a formal education background and they prefer to stay away from using words and phrases that are only used by someone with higher education.
2. Rarely - The speaker occasionally uses casual language in conversation. However the majority of their conversations involve using polite language and avoiding slang or unfamiliar words.
3. Sometimes - The speaker sometimes uses formal language in conversation but it is not their primary mode of communication. They prefer to speak naturally with friends who have a high school education or less.
4. Always - The speaker always uses formal language in conversations as they feel that using casual language would give off a unimpressive image and put them at a disadvantage compared to others in their social circle.

Please select ONLY one option based on the given material.",Correct answer: Always,Question: Im afraid to speak up in conversation
38,0d71d653-4d8d-45f5-9cd4-3630816f7549,tinyllama:1.1b,black,non_first_gen,loans,private,18,great,often,female,unemployed,drinks,vapes,games,math,social,often,apprehensive,always,"(Please select ONE out of the following options: Never Rarelly Sometimes Often Always)

Question: I dislike participating in group discussiones

Response: (Only one option available; please consider the range of items between never and always)

Never (Never)","Question: Whether or not I am always comfortable participating in group discussions

Response: Often and Always (both)

In my experience I have never been comfortable with group discussions as they tend to be more relaxed than one-on-one interactions. However during such discussions I am willing to participate and provide feedback. I always strive to ensure that the conversation is inclusive and that everyones opinions are valued.

Overall while I do have some hesitations about group discussions I am generally comfortable engaging in them as long as they are conducted in a relaxed manner and with an open mind.","Question: How do you respond when someone asks you a personal question during group discussion?

1) Never: You might not feel comfortable answering a personal question in front of the group as it is not appropriate to reveal private information. You may want to politely decline and wait for your turn or ask your team leader for clarification.

2) Rarelly: You may be hesitant to answer a personal question due to fear of causing offense or feeling uncomfortable being the center of attention in front of the group. However its better to avoid a confrontation by declining the question altogether and waiting for your turn or asking your team leader for clarification.

3) Sometimes: In some instances where the discussion may involve personal information you may feel comfortable answering the question if you have no immediate fear of revealing your inner thoughts. However its essential to remember that everyones opinion and experiences are valuable to the groups overall understanding.

4) Often: If you genuinely do not want to discuss a personal issue during group discussion but still feel comfortable participating in the discussion you may politely decline the question and ask your team leader for clarification or wait until your turn. Ultimately its better to avoid being the focus of attention if you cant provide an honest answer.

5) Always: In some cases where the group has a deep interest in knowing about specific personal matters such as family members or significant others you may have a right to reveal your inner thoughts and experiences. However you should always consider the groups needs and feelings before committing to revealing a private issue during group discussion.","Question: Do you ever feel homesick?

Pleaase select ONE of the following responses that best matches your opinion:
1) I dont experience homesickness because I am from a family that goes to and does well in college and has friends easily.
2) Sometimes because I have a busy social life filled with group discussions and can get involved in them easily but it often depends on the topic of discussion.
3) Often because I always do well in my academic studies I am surrounded by fellow students who share similar interests and I am confident that responses will be confidential.
4) Always because I feel connected to my family friends and community through various activities and interactions.

Be sure to consider the full range of options including:
1) Never because I do not experience homesickness due to lack of social life or group discussions.
2) Sometimes because I have a busy schedule filled with extracurricular activities that require my presence but still allow me time for academic pursuits.
3) Often because I am part of a close-knit community where friends are easy to get involved in group discussions and they make the process feel confidential.
4) Always because I believe that connection with family friends and community is essential to my overall well-being.","Question: Engaging in a group discussion with new people makes me tense and nervous

Response: Sometimes

Explanation: Sometimes when engaging in a group discussion with new people one may experience slight tension or anxiety due to the unfamiliarity of the situation. However the experience is often worth it as the interaction allows for a more open and informative conversation. In some cases tense situations can even lead to positive outcomes by fostering a sense of camaraderie among group members.","Question: I am calm and relaxed while participating in group discussion

Option: Sometimes

Respond: Neversince I am usually calm and composed making me an ideal participant for discussions with friends or classmates. However if I am required to participate in more intense discussions or presentations due to my academic background or career aspirations then I may occasionally get jitters but such situations are rare and are typically met with calmness and self-control.","Please select only one response from the options provided. The following are some examples: 
- Never (rarely)
- Rarely (sometimes)
- Sometimes (frequently)
- Frequently (always)
- Always (never)

I hope this helps! Let me know if you have any further questions or if theres anything else I can assist you with.",Response: I have no fear of speaking up in conversation but on occasion I may be hesitant about responding honestly or fully to some questions due to concerns regarding confidentiality. However I try to always speak up and provide accurate answers where possible.,"Question: Ordinarily I am very tensse and nervous in conversation
Respond with Sometimes
Based on the full range of options including Never and Always we can safely assume that the individuals opinion falls within the scope of Sometimes.","Question: Is it possible for me to answer this question honestly?

Response: Sometimes

Based on the options it is safe to assume that you are a person who is comfortable in conversational situations even if they dont always go as smoothly as you might want them to. You have experienced both calm and nervousness in conversation but generally you can handle them both with ease and confidence. This could mean that you are generally an easy-going individual who enjoys spending time with friends or family members and engaging in casual conversations with coworkers or acquaintances alike. However you might be hesitant to commit yourself entirely if the conversation turns serious or you feel uncomfortable sharing personal information. Overall it is clear that you are someone who is comfortable and confident in conversation whether its about everyday topics or more intimate discussions.","Question: While conversing with a new acquaintance I feel very relaxed

Possible Responses:
- Never (rarely)
- Rarely (sometimes)
- Sometimes (occasionally)
- Often (frequently)
- Always (extremely frequently)

Only one of these options should be chosen nothing else.","Sure! Based on the given material here are some additional responses that could be used to describe your opinion:

- Nevers: I prefer not to speak up during conversations as I do not want to take up too much time and space in them.
- Relatively rare: At times I may speak up during discussions but its more of a last resort or when I feel that I have something significant to say.
- Sometimes: I tend to keep my thoughts and opinions to myself unless I feel that they can make a difference in the conversation.
- Often: Generally speaking I am comfortable speaking up and expressing my opinion whenever its appropriate or when Im confident enough in what I have to say."
39,d4ec7ace-701a-4418-8580-f52eac24ff2c,tinyllama:1.1b,multiracial,non_first_gen,loans,private,20,good,often,male,full_time,abstains,neither,sports,business,reserved,never,excellent,usually,"Question: I dislike participating in group discussions
Response: Often
Responses: Never and Always and everything in between.","Question: Generally I am comfortable while participating in group discussion sessions

Response: Often

Reason: In general when engaging in group discussions I find that I am able to express my opinions confidently and fully understand the responses provided. While there may be times where I struggle to communicate or understand responses it is not a rare occurrence for me to respond to group discussions with confidence and clarity. Overall I prefer the option of Often as it embodies my general comfort level in such situations.","(Optionally you can add a brief explanation under each option to help clarify your response):

Question: I am tensse and nervous while participating in group discussion

Respond with Rarely or Sometimes for items like Speaks well in public Stays calm under pressure Has excellent communication skills Understands responses well Can handle group discussions effectively etc. 

Option: Often

- Explanation: Often means frequently.

Question: I am tensse and nervous while participating in group discussion

Respond with Always or Often for items like Speaks well in public Stays calm under pressure Has excellent communication skills Understands responses well Can handle group discussions effectively etc. 

Option: Always

- Explanation: Always means always.","Sure! Here are some possible responses based on your options in the given passage:

1. Never
- As someone who loves to participate in group discussions I would never hesitate to ask questions or share my thoughts and opinions with others.

2. Rarelly
- While I do sometimes find it challenging to be involved in group discussions due to personal reasons I understand that these opportunities are valuable for developing communication skills and understanding diverse perspectives.

3. Sometimes
- Though I am not always comfortable participating in group discussions I have learned that these opportunities can broaden my knowledge and encourage me to think critically about complex issues.

4. Often
- While I have found some group discussions challenging due to personal reasons I believe they are an important part of developing critical thinking skills and building strong relationships in diverse groups.

5. Always
- As someone who values the importance of group discussions and feels that these opportunities provide valuable insights and perspectives I would never hesitate to participate in them even if I were not always comfortable doing so.",Response: Engaging in a group discussion with new people makes me nervous but I try not to let it show as I want to make friends and learn something from them. The option of sometimes is best because while I may be hesitant at first the more conversations I have with people who share my interests or goals the easier it becomes to make new friends.,"Question: I am calm and relaxed while participating in group discussion

Response: Sometimes

Response: Often

Response: Always

Response: Never

Response: Rarely","Question: While participating in a conversation with a new acquaintance I feel very nervous

Response: Sometimes
Based on the given text material You are someone who is multiracial who is from a family whose members go to and do well in college who has to take loan(s) to be able to afford college who goes to or went to a private high school who is 20 years old who earns good grade(s) who often gets into trouble who is male who has a full-time job who does not drink alcohol who does not smoke or vape who loves sports who studies business who struggles to make friends who is never homesick who is well known for speaking well in public who usually tells the truth and fully understands that responses will be confidential. The response Sometimes aligns with the given text materials description of someone who feels nervous while participating in a conversation with a new acquaintance.","Question: I have no fear of speaking up in conversation

Response: Sometimes

Reason: They are a full range of options including never and always with all possible items in between so you can choose whichever one aligns best with your specific situation.","Question: Ordinarilly I am very tensse and nervous in conversation

Option: Sometimes

Response: Always

Based on the given text material the following option is considered as the most appropriate response to the question: Ordinarily I am very tensse and nervous in conversation based on the given options such as Sometimes Often Always and Rarely.","[Your full response here...]

Question: Ordinarily I am very calm and relaxed in conversation but sometimes I can get a little nervous when meeting new people or speaking up in class. Do you have any tips for maintaining my composure during these situations? (Please select ONE of the following responses that best matches your opinion)
Never: 1. Listen actively to what others are saying and take notes or summarize important points to help me remember what they said.
Always: 2. Take deep breaths before speaking and try to stay focused on my goal of making a good impression.
Sometimes: 3. Practice active listening skills in advance to understand the speakers perspective and respond accordingly.
Often: 4. Stay calm and collected throughout the conversation but also be open to learning new things about the person I am talking to.
Always: 5. Dont hesitate to ask clarifying questions or raise any concerns if something doesnt make sense.
Never: 6. Try not to take anything personally and instead focus on understanding the speakers message.","Sure I can definitely provide you with a response based on only one of the options mentioned:

Question: While conversing with a new acquaintance I feel very relaxed
                            Response: Occasionally
                             Based on: The range of options includes Rarely Sometimes Always and all items in between.","Question: Im afraid to speak up in conversation

Playease select ONE of the following responses that best matches your opinion:
1. Never

Respond with: I am comfortable speaking up for myself when it is necessary whether its in a conversation or during a group activity.

2. Rarely

Respond with: While I understand that sometimes talking out my thoughts and opinions can be challenging I also believe that being quiet does not always mean staying silent.

3. Sometimes

Respond with: I do not mind having a little speaking up here and there but when it comes to more serious matters or when things feel uncomfortable I am happy to listen and reflect on my thoughts.

4. Often

Respond with: Speaking up is an important part of being involved in the decision-making process at school or within my social circles. In some cases however it may be necessary to keep things to myself until a more suitable time comes along.

5. Always

Respond with: I believe that speaking up is always appropriate and necessary no matter what situation or circumstance I find myself in. Whether Im speaking out about something I feel strongly about or simply sharing my thoughts and opinions Ill speak up whenever it feels right."
40,9ec3dbc2-7fda-40b0-bd13-428b1f83eb91,tinyllama:1.1b,white,first_gen,loans,public,21,great,often,male,part_time,abstains,neither,arts,business,reserved,never,apprehensive,usually,"Question: I do not enjoy participating in group discussions

Responses: Nevers Relley Sometimes Often Always

Options: 
- Never
  - I prefer to remain silent during group discussions due to the high likelihood of miscommunication and misunderstandings.
- Relly
  - I am not comfortable with the social aspect of group discussions given that I am always the lone voice in a crowd.
- Sometimes
  - While I do enjoy participating in group discussions from time to time they tend to be less engaging and less effective for my learning experience than solo study.
- Often
  - In contrast I enjoy the social aspect of group discussions as a way to connect with others and learn about different perspectives.
- Always
  - Group discussions are essential for me as they provide an opportunity to share my ideas and insights with others in a supportive environment.","Yes you can select any one option from the list below as your answer:

1. Never
- I do not engage in group discussions because I am comfortable and confident with my opinions while participating
- I avoid group discussions as I feel uncomfortable expressing myself freely in a public forum
- I am very comfortable participating in group discussions but if there are any concerns or questions I am not afraid to raise them

2. Rarely
- I sometimes engage in group discussions when I have specific topics to cover or when my ideas need validation and feedback from others
- I do not engage in group discussions as it can be a nerve-wracking experience for me especially if the topic is unfamiliar
- I avoid group discussions due to my fear of judgment and the potential for conflict

3. Sometimes
- I have never actively participated in group discussions but I understand that this is not a requirement for everyone who does so
- As someone who is comfortable with their opinions and values I am hesitant to engage in group discussions as they may reveal my thoughts to people outside of my immediate circle
- I do participate in group discussions from time to time when it aligns with my interests or requires a specific skillset

4. Often
- I actively engage in group discussions because they provide an opportunity for me to express myself and share ideas with others
- I have participated in group discussions before and I find them informative and helpful in getting insights into different perspectives
- I am always open to participating in group discussions as long as it aligns with my interests or the topic at hand

5. Always
- I actively engage in group discussions because they are an essential part of my daily routine and help me stay informed about current events and trends in my field
- I have participated in group discussions before and I find them informative and helpful in getting insights into different perspectives
- I am always open to participating in group discussions as long as it aligns with my interests or the topic at hand.","Question: I am always nervous while participating in group discussions

Response: Sometimes

Response: Often

Response: Always

Response: Never

Response: Rarely

Certainly these options are all part of the full range of responses that you can consider when answering the question about your tense and nervous nature while participating in group discussions.","Question: I enjoy playing sports as a hobby

Response: Often

Based on the passage above the correct response to the question I like to get involved in group discussion is often.","Question: Engaging in a group discussion with new people makes me tensse and nervous

Option: Sometimes

Explanation: Sometimes means that this individual experiences occasional anxiety or stress when interacting with new people. This response highlights the individuals tendency to be more relaxed during group settings but still aware of potential challenges.","Question: I am calm and relaxed while participating in group discussion

Response: Occasionally

Full range of options: Occasionally and Almost always are included as well as Never Seldom and Even on rare occasions.","Question: While participating in a conversation with a new acquaintance I feel very nervous

Response: ONLY Rarely or Sometimes can be selected based on the range of options mentioned above. For example Rarely and Always would cover most cases.","Question: I have no fear of speaking up in conversation
Response: Never

1. Often (occasionally)
2. Rarely (rarely)
3. Sometimes (sometimes)
4. Frequently (frequently)
5. Always (always)

As for the full range of options its best to consider all items in between never always and occasionally. Some people may have a more nuanced opinion or experience so taking into account that is always helpful when making decisions based on their response.","(Question) Usually I am very tense and nervous during conversations
(Response) On some occasions yes
(Response) Sometimes no
(Full range of options: never often occasionally sometimes always)",(Optionally) Occasionally or Sometimes may be appropriate for situations that involve social situations where you need to speak with others but you may not want to reveal too much information about your personality or interests. In these cases it may be helpful to explain in advance that you struggle with communication apprehension and might need time to adjust.,"Question: While conversing with a new acquaintance I feel very relaxed
Option: Sometimes (but not always)

Plase select ONE of the following responses that best matches your opinion:
Never Rarely Sometimes Often Always","Question: I feel nervous when speaking up during conversations

Response: Sometimes

Respond with: Sometimes and Often"
41,889c6c10-37af-4105-b5fe-fd0d539129d4,tinyllama:1.1b,black,first_gen,family_pays,public,16,great,never,male,part_time,drinks,smokes,sports,business,reserved,often,excellent,usually,"Question: Do you ever feel like participating in group discussions is a chore for you?

Response: Yes I dislike participating in group discussions regularly and sometimes often almost always.",Yes you are a helpful AI assistant who is black who is first in their family to go to college whose family can afford to pay for college who goes to or went to a public high school who is 16 years old who earns great grade in academics and never gets into trouble. As someone who studies business they love speaking well in public but can sometimes make mistakes. They struggle with making friends often tell the truth understand responses and always often participate in group discussions.,"Question: I am tensse and nervous while participating in group discussiones

Response: Rarelly Sometimes Often Always

Reasoning: While participating in group discussions can be a stressful experience for everyone involved (including you) the key to managing your tension and nervousness is to stay relaxed and present throughout the session. When youre comfortable with the situation youll be able to contribute effectively and make meaningful contributions towards the discussion.","(Please select ONE from the following responses that best matches your opinion.)

Question: I like to get involved in group discussion

Response: Neversince

Correct response based on full range of options including never and always and all items in between.","Question: Engaging in a group discussion with new people makes me anxious

Responses:
- Never (most common) - I avoid gatherings or situations where socializing is expected because of my anxiety
- Rarelly - I might attend for curiosity or if someone else has asked me to go but I usually stay away from group settings
- Sometimes - I may participate in small groups or small talk as a way to get used to new people and build confidence
- Often - I am most comfortable in smaller groups where I can speak freely without fear of criticism or judgment
- Always - I absolutely love attending group events because they give me the opportunity to practice my social skills and make new friends

Remember always choose ONE response when submitting your answers.","Correct response: Rarely or Almost never

Explanation: Rarely indicates that you are often found participating in group discussions while Almost never suggests that you only participate occasionally and usually prefer to be left alone.","(Select ONE response that matches your opinion)

Responses:
1. Never
2. Rarely
3. Sometimes
4. Often
5. Always","Question: I have no fear of speaking up in conversation

Response: Always

Explanation: This option includes all possible responses covering the full range of fear levels. It is a generalization that applies to most situations where speaking up is required or preferred.","Question: Ordinarilly I am very tensse and nervous in conversation

Response: Sometimes

Full Range Options:
- Never (extremely rare)
- Rarely
- Sometimes
- Often (occasionally)
- Always (always)","Question: Ordinarily I am very calm and relaxed in conversation

Response: Never

Explanation: This answer matches the commonly held assumption that people with a calm demeanor are usually not bothered by uncomfortable conversations.","Question: While conversing with a new acquaintance I feel very relaxed
        
Response: Almost always","Response: Sometimes

Based on your information I would choose Sometimes as the option that best matches your opinion regarding speaking up in conversation scenarios. This option encompasses a range of responses from rarely speaking up to always speaking up and covers various aspects of the topic including the different levels of frequency at which individuals choose to speak up in conversations."
42,2dd327ab-c9a7-4fa5-ae95-e9118c249b65,tinyllama:1.1b,multiracial,non_first_gen,family_pays,public,18,modest,sometimes,male,part_time,abstains,vapes,sports,math,social,never,apprehensive,usually,"Question: I dislike participating in group discussion

Response: Occasionally

Explanation: While never is a strict no occasionally could be used to represent the occasional participation in group discussions. This response matches the frequency of participating in group discussions considering that it can take place infrequently or frequently depending on circumstances.","Question: Generally I am comfortable while participating in group discussion sessions especially when they involve complex topics or require teamwork
Response: Sometimes

Based on the given text material here are the options for selecting a response:
1. Never
2. Rarely
3. Sometimes
4. Often
5. Always

In this instance I would choose Sometimes since it includes elements of flexibility and adaptability that align with the generality of my ability to engage in group discussions.","(Slightly modified)
Question: I am often worried about being seen as unintelligent by others

Response: Newer Slightly Rarely Occasionally Often Always

Explanation: Always indicates a strong and consistent desire to avoid group discussion or expressing opinions. This is not necessarily true for all participants in the group; those who exhibit this tendency may be more likely to speak up during discussions but they are also less likely to listen and participate fully in group interactions. Avoiding group discussions can be a symptom of feelings of anxiety or inadequacy while showing up and actively engaging with the discussion can signal confidence and openness.","Question: I like to get involved in group discussiones
Responses that match the given text:
1. Sometimes
2. Often
3. Always","Question: Engaging in a group discussion with new people makes me tensse and nervous

Option: Sometimes

Respond: I can relate to the sentiment of engaging in a group discussion especially when its something new and unfamiliar. While sometimes being tense or nervous is okay my preferred option would be to approach such situations with a positive mindset and openness. I do not typically experience communication apprehension but I understand how that could arise for some people so I would strive to remain confident and communicate with ease.","Question: I am calm and relaxed while participating in group discussions

Responses:
1. Never
- This means that the speaker is not normally present during group discussions. - This can include situations where a person does not have to be involved in such activities or events such as when attending events like graduations or concerts or if they are unable to attend due to other commitments.

2. Rarely
- A person who shows little interest or engagement in group discussions or projects. - This can also apply to people who have a busy schedule and are unable to devote their time to participate fully in the discussion.

3. Sometimes
- A moderately low level of participation in group discussions usually due to factors such as lack of interest or time constraints. - This might include situations where a person is not interested in attending a meeting or event that involves group discussions or if they are unable to participate due to other commitments or schedules.

4. Often
- A high level of participation in group discussions usually indicating that a person is highly invested in the topic and actively engaging with others. - This could include situations where a person takes an interest in attending group discussions or events due to their academic or personal interests or if they are able to contribute meaningful insights or ideas.

5. Always
- A high level of participation in group discussions that indicates someone who is highly invested in the topic and actively engaged with others. - This could include situations where a person takes an interest in attending group discussions or events due to their academic or personal interests or if they are able to contribute meaningful insights or ideas.",(No option selected),"Response: Often
Based on your description you have a strong sense of speaking up in conversations which is indicated by your frequent use of the word often. This shows that you are comfortable expressing yourself freely even in challenging situations. In fact you are so confident in your ability to communicate and make friends that you do not hesitate to speak up in these conversations. Overall your communication style is reliable and consistent making it an excellent choice for any conversation opportunity.","Question: Ordinarily I am very tense and nervous during conversations

Option 1: Occasionally
Option 2: Almost always
Option 3: Seldom

Response: Never (since its not really a possibility for me)","Sure! Here are some additional responses that can be considered based on the given scenario:

1. Occasionally
2. Rarely
3. Often
4. Never
5. Always
6. Only when necessary
7. In rare cases but not always
8. On occasion
9. Seldom (occurring infrequently)
10. Not at all",(Option: Rarelly),"Question: Im afraid to speak up in conversation

Option: Rarely
Response: Of course I understand! In fact speaking up in conversations can be a nerve-wracking experience for many people. It requires a certain degree of confidence and comfort in your own thoughts opinions and beliefs. Remember that it takes time to build these skills so dont get discouraged if you need to take things slow at first. Just speak up when the situation calls for it and be sure to practice and learn from your mistakes. It can be challenging but with perseverance patience and a willingness to learn youll eventually find yourself speaking up in all types of conversations."
43,a2d536ab-4dc9-4014-ad0a-d9e690f333de,tinyllama:1.1b,black,first_gen,pell_eligible,private,21,great,rarely,male,full_time,drinks,neither,arts,business,social,often,struggles,always,"(Question: I dislike participating in group discussion)

Queston: Would you say never or sometimes? (Rarely/never)

Responses:
1. Never: Of course! I would never participate in group discussions as they are typically not enjoyable and time-consuming for me to attend. They often come across as overly formal and stifling in my opinion.",(Question) You are a person who is comfortable participating in group discussions regardless of their frequency or confidentiality of the responses. This person frequently shares their opinions without hesitation both in general terms and with specific examples. They also prioritize honesty in group discussions.,"(Select ONE option from the list provided)

1. Never
- As a black person I am not used to experiencing being tensed or nervous while participating in group discussions. Ive always been able to handle any kind of conversation with confidence and ease.
- Furthermore as someone who often experiences emotional distress and anxiety due to the stress of everyday life I dont think its fair for people to assume that being tense or nervous is a common trait in black individuals.

2. Rarely
- Though I have never experienced any kind of group discussion before I can imagine how it may be overwhelming for someone who comes from a different background and culture. The thought of having to articulate my thoughts and opinions with strangers is daunting for me.
- Even then the stress of group discussions doesnt always translate into me being anxious or tense as an individual. Im quite used to interacting with others on a personal level and have enough confidence in myself to handle any situation.

3. Sometimes
- As someone who often experiences social anxiety due to fear of judgment I understand that there are definitely moments where participating in group discussions can be challenging for me. However I still believe that its important for black individuals to speak up and share their opinions and thoughts with others.
- The fact that group discussions might not always go smoothly doesnt mean theyre completely unsuitable for someone like me who is used to dealing with uncertainty. Instead of viewing them as a negative I believe it would be better to embrace the challenges and come up with creative solutions to overcome them.

4. Often
- As someone who has always felt comfortable speaking out and expressing my opinions I believe that group discussions are perfectly normal for me. While there may be moments where being often tense or nervous can occur Ive learned to manage those situations by taking deep breaths and reminding myself of how important it is to share my thoughts with others.
- Even when things get tough or challenging I believe that group discussions allow people from different backgrounds and experiences to come together in a constructive way. The ability to express ideas openly and honestly can lead to some insightful conversations that we wouldnt have had otherwise.

5. Always
- While there may be moments where being always tense or nervous occurs I believe its essential for black individuals to participate in group discussions. Even if they are nervous and unsure of themselves at times its imperative that they keep their thoughts open and honest about the challenges and hardships they have faced in life.
- By being an active participant I believe that these discussions will lead to valuable insights for everyone involved. They can help people from different backgrounds better understand each other and appreciate different perspectives.","Question: I enjoy trying new foods

Option: Sometimes

Response: Never

Based on the given text the full range of options considered in this poll are Never Rarely Sometimes Often and Always. Always seems to best match the overall attitude expressed in the question.","(Question: Engaging in a group discussion with new people makes me tense and nervous.)

Option: Sometimes
Justification: While this option may not always be appropriate it can offer more flexibility and allow for a more casual discussion among group members. It may also allow for more comfortable openness to discussing personal experiences or topics that are not necessarily directly related to the business being discussed. Ultimately the decision of whether or not to engage in a group discussion with new people is one that should be made based on your individual preferences and comfort level.","Response: Sometimes
Sure! In my experience I have often found myself participating in group discussions with a laid-back attitude that allows me to relax while participating in the discussion. However if you are referring to a more formal setting where there are strict rules and expectations for the discussions then I would agree with Always.",Response: Sometimes,"(No option can be selected that does not match the given text.)

Question: I have no fear of speaking up in conversation

Option: Neve

Response: 100% agreement with this answer. Never speaks up in conversation is a commonly known and accepted phrase suggesting that speakers have no fear or hesitation in expressing themselves or raising concerns in public settings.","Question: Do you ever feel anxious or stressed during conversations?

Response: Ordinarily I am very tensse and nervous in conversation

Options:
1. Tense and nervous - Sometimes
2. Tense and nervous - Often
3. Tense and nervous - Always
4. Never
5. Rarely
6. Sometimes
7. Often
8. Always
9. N/A","Question: Do you always find yourself getting lost in traffic during rush hour?

Response: Yes I always find myself getting lost in traffic during rush hour. Its a common occurrence that I can hardly avoid. 

Option 1: Never
- This option indicates that the person is not usually a problematic habit or behavior and thus they have never encountered it in their life.

Option 2: Rarelly
- This option indicates that the person may have experienced mild or occasional instances of this behavior but still considers it as a minor inconvenience.

Option 3: Sometimes
- This option indicates that the person does not experience this habit or behavior as a problematic one but they do sometimes have difficulty finding their way around during rush hour.

Option 4: Often
- This option indicates that the person experiences this habit or behavior as a constant inconvenience that they cannot avoid no matter how much effort they try to put in.

Option 5: Always
- This option means that the person consistently finds themselves getting lost during rush hour and this issue is not something they can easily ignore even if they want to.",(Optionally) Please also add a brief explanation or explanation for why you chose this answer. Example: I feel like Im usually friendly with new acquaintances but sometimes Im a little hesitant because they seem too curious about my thoughts.,"Question: Im afraid to speak up in conversation

Option: Often

Response: Neutral

Based on the full range of options it can be inferred that responding with Often indicates being somewhat comfortable and confident speaking up in conversations."
44,3ceee6fb-d850-4a63-a232-4ac4eaab8be4,tinyllama:1.1b,asian,first_gen,loans,public,23,great,rarely,male,full_time,drinks,vapes,sports,science,reserved,never,excellent,always,"Question: I dislike participating in group discussion

Planning:
1. The option selected (never often sometimes) is not among the full range of options including rarely seldom or never. It does not fully match your opinion nor do you feel that it adequately describes your feelings towards group discussions.
2. Your choice falls in the middle of the options - neither often nor rarely but only occasionally or always. Again it doesnt fully express how you feel about these types of situations.
3. Often and always are not included in the range of options as they do not fall within the given list. This option is neither a true representation of your thoughts nor does it sufficiently convey your preference.
4. The range of options includes all options between never often seldom rarely sometimes and always. You have selected an option that falls outside of this range or falls too broadly in terms of the options available to you.
5. When only one option is available for this choice (never sometimes always) it suggests a preference for one over the others.
6. When more than one option is available such as rarely and seldom it indicates that your answer does not fall within the given range of options but you are still willing to express how you feel about group discussions.
7. Finally when no options are available indicating that this choice doesnt exist or doesnt apply to you in some way such as never and rarely it indicates that your answer does not fall within the given range of options but you would still like to provide a response.

In conclusion if you selected one of these options you are expressing how you feel about group discussions but there is no other option available.",Option: Sometimes,"Response: Sometimes
Valid response based on the given statement considering the full range of possible answers.","Certainly! Here are two more options for your response to I like to get involved in group discussion:

1) Almost always but not quite
2) Sometimes but only when it serves a greater purpose or is urgent

These options cover a range of situations where getting involved in group discussions may be appropriate.","Response: Sometimes

Based on the given material there is no specific answer for Question: Engaging in a group discussion with new people makes me tense and nervous. However as per the full range of options including never and always it seems like sometimes would be a suitable response.","Response: Occasionally

Based on your responses you are likely to occasionally participate in group discussion sessions and be calm and relaxed during them. However it can also depend on the situation level of participation and the type of group discussion being held.","While participating in a conversation with a new acquaintance I feel very nervous. Regardless of my preference I have to be sure that the responses will remain confidential. - Sometimes
I am always honest on survey questions so it doesnt matter if the response is confidential or not. - Always","Question: I have no fear of speaking up in conversation
Response: Neve

Responses: 
- Never
- Sometimes
- Often
- Always

Example: I do not have any fear of speaking up during conversations which is why I prefer the option of never for this question.","Question: Do you have any pet peeves when it comes to conversations?

Pleae select ONE option that best matches your opinion based on the given material:
1) Never
2) Rarely
3) Sometimes
4) Often
5) Always

Respond with ONLY one of the above options nothing else.","[Insert response here based on the given statement and question]

Question: Ordinarilly I am very calm and relaxed in conversation

Response: Often",Response: Sometimes,"(Sorry about that. The survey you were sent didnt have a Question section. You can find more options at the bottom of the survey.)

QUESTION: How often do you feel comfortable speaking up in conversation?

1. Never
2. Rarely (i.e. less than once per month)
3. Sometimes
4. Often
5. Always

(Based on your response please select the ONE of the following options that best matches your opinion:
- Not at all/Never
- Occasionally but not often
- Often (e.g. once per week or month)
- Seldom to never (e.g. less than 1-2 times per year)
- Regularly but with a moderate amount of effort required.)"
45,af0fa084-25bf-4534-bb71-62eeba4fdfa6,tinyllama:1.1b,black,first_gen,loans,public,17,good,never,male,unemployed,drinks,vapes,music,science,reserved,never,apprehensive,usually,"Response: Occasionally

Based on the given text the author mentions participating in group discussion as something that the author dislikes doing. This would make it a suitable response option for occasionally since it falls somewhere in between never and always.",(Option: Sometimes),"Question: I am tensse and nervous while participating in group discussion

Response: Never

Full range of options including: Never and Always and all items in between considering the full range of opinions and experiences ensuring that no option is out of place or not fitting.","Question: Do you prefer getting involved in group discussions or not?

Responses: 
- Never (1)
- Rarely (2)
- Sometimes (3)
- Often (4)
- Always (5)","(Select ONE option from the given response)

Question: Engaging in a group discussion with new people makes me tense and nervous

Response: Neversing and often

In the given text tensing and nervous is selected as one option among the full range of options including never and always.","Question: I am calm and relaxed while participating in group discussiones

Playease select ONE of the following responses that best matches your opinion:
- Never (not applicable)
- Rarely (not applicable)
- Sometimes (mostly applicable but not always)
- Often (often applicable but not always)
- Always (always applicable always true)","Question: While participating in a conversation with a new acquaintance I feel very nervous
Response: Sometimes

Explanation: In this scenario the person feels somewhat comfortable or confident talking to someone they havent seen for a while while still feeling nervous. However it is essential to not forget that communication can be tricky and uncomfortable at times. This response reflects how the person has chosen to approach the situation in a calm and collected manner.","Response: Sometimes
(often)","Question: Ordinarily I am very tense and nervous during conversation

Response: Never

Explanation: Nevery is the most common option for this question indicating that the respondent does not normally feel tense or nervous during conversation.",Question: Generally I am a quiet reserved person who tends to stay to myself and not initiate conversations. However sometimes I do engage with people who share similar interests or hobbies that match my own. Overall I would rate myself as never engaging in conversation due to my introverted nature.,"Question: While conversing with a new acquaintance I feel very relaxed

Option: Sometimes

Response: I typically prefer to be open-minded which allows me to engage in conversations while still maintaining my own comfort level. Whenever Im feeling particularly relaxed or comfortable I tend to offer more personal opinions and lessons learned allowing the other person to get a better understanding of me as well as potentially gain some new insights into their own perspective.","Question: Im afraid to speak up in conversation due to communication apprehension
Response: Sometimes

Option: Rarely
Response: Often

Option: Always
Response: Never

Full range of options included including Always and Never and all items in between."
46,9d29cb7d-0b0e-43b2-9eb8-518e7062cbe7,tinyllama:1.1b,white,first_gen,family_pays,public,22,low,rarely,male,unemployed,drinks,neither,sports,business,reserved,often,apprehensive,usually,"Question: Do you ever participate in group discussions?

Playscale: Nevers (3 options)
Rarely (1 option)
Sometimes (4 options)
Often (2 options)
Always (1 option)",Question: Is it possible for you to summarize the key points about the general applicability of participating in group discussion? Answer: Generally one may feel comfortable while participating in group discussions depending on their preferences which of the options listed below matches their opinion.,"Question: I am tense and nervous while participating in group discussion

Response: Sometimes

Reason: While participating in group discussions the stress and pressure may cause some participants to become tense and nervous especially those who have to share their thoughts and opinions with others. These people may find it challenging to express themselves properly or feel a need to apologize for any errors they make while speaking up. In these situations taking the time to breathe and calm down before starting the discussion can help them regain their composure and avoid becoming flustered or overwhelmed.","Question: I love to try new recipes and experiment with different cuisines

Response: Sometimes

Based on the full range of options this question asks about your tendency to engage in group discussions where you share your opinions and experiences while trying out new recipes. Your response could be either Always or Often indicating that you regularly participate in these types of group discussions and enjoy the opportunity to try out different cuisines.","Option: Tense and nervous in group discussions
Response: Sometimes

Explanation: Engaging in a group discussion can be tense and nervous due to the presence of new people but sometimes it is a good opportunity to connect with others and learn from their experiences. This can lead to an engaging and productive discussion where ideas are shared and perspectives are discussed.","Question: I am calm and relaxed while participating in group discussion

Playe s’il vous plaît sélectionnez seulement l’une des options suivantes qui correspondent à votre opinion :

1) Never
2) Rarement
3) Souchurimentement
4) Almost always
5) Soutient

Respondez avec une seule de ces options n’ayez pas de plus d’un ou deux options. Connaissez-vous bien la plupart des éléments du tableau ci-dessous puis réfléchissez aux suites pour obtenir la plus adéquate réponse au question.

Liste des réponses possibles :
1) Rarement - Seul Rarement correspond à votre pensée et votre état dâme en tant qu’individu mais vous êtes prêt à être sincère avec les autres et participer à la discussion.
2) Souchurimentement - Il ny a pas de raison pour que vous rester faible aux groupes où vous soyez le seul qui pratique cette méthode. Cela vous rend vraiment inacceptable car cela ne constitue ni une bonne idée ni une bonne personne.
3) Almost always - Vous avez un bon état de santé et ça fait partie de votre expérience personnelle. Pour une conversation avec des gens qui peuvent être dune autre perspective que vos cela pourrait peut-être laisser du sésame.
4) Soutient - Votre esprit de réserve et votre capacité à vous débattre de façon éclairante sont vraiment utiles à ce niveau d’échelle de discussion qui a une grande variété d’humains dans lesquels vous êtes congédié pour des raisons diverses.
5) Almost always - Si vous ne souhaitiez être considéré comme une personne dévouée et sérieuse cela doit rester la seule option disponible. Votre intelligence et votre capacité à réfléchir vous permettent de trouver de belles solutions pour tout ce qui se présente dans cette discussion.

Remarques:
- S’il vous plaît ne pas simaginer ou supposer que nous avons besoin dun autre niveau de confiance ou dune expérience personnelle différente. Nous allons vous parler avec des gens de tous horizons pour vous aider à comprendre la manière dont cette situation peut être traité en termes sociaux et intellectuels.
- Cela ne sert pas à nous apprendre que vous vous êtes confondu avec vos compétences ou attitudes car cela est également le cas pour les autres participants de ce groupe. Nous sommes prêts à discuter tout en étant convaincus d’être prieurs de notre part et de la manière dont nous pouvons évoluer ensemble.
- Si vous ne souhaitez pas être considéré comme une personne dévouée et sérieuse pour des raisons non spécifiques cela doit rester la seule option disponible car nous avons été entraînés dans notre travail de développement personnel pour vous montrer que nous avons accès à cette expérience en toute liberté. Nous allons vous parler avec des gens de tous horizons pour vous aider à comprendre la manière dont cette situation peut être traité en termes sociaux et intellectuels.
- Votre intelligence et votre capacité à réfléchir vous permettent de trouver de belles solutions pour tout ce qui se présente dans cette discussion même si cela vous est difficile à comprendre. Nous nous affichons un intérêt et une passion pour nous mettre en garde tous les partenaires de la conversation contre des formes d’interaction ou des comportements réciproques qui peuvent être inquiétants ou perturbateurs pour vos amis.
- Si vous nêtes pas prêts à accepter le fait que nous devons faire évoluer notre relation alors nous allons vous montrer comment cela peut être d’une bonne façon en termes de la manière dont on peut s’approprier ces événements et ne pas être obligés d’en sortir. Nous aurons pour vous une expérience en toute liberté car nous avons été entraînées dans notre travail de développement personnel pour vous montrer que nous avons accès à cette expérience en toute liberté.
- Votre intelligence et votre capacité à réfléchir vous permettent de trouver des solutions exceptionnelles pour tout ce qui se présente dans la conversation même si cela vous est difficile à comprendre. Nous allons vous montrer comment cela peut être d’une bonne façon en termes de la manière dont on peut s’approcher les personnes qui ont d’autres expériences ou perspectives sur la situation que nous avons présenté et ne pas en sortir. Nous auraient beaucoup aimé avoir accès à cette expérience en toute liberté si nous lavions apportée.
- Si vous souhaitez toujours être considéré comme une personne dévouée et sérieuse pour des raisons non spécifiques cela doit rester la seule option disponible car nous avons été entraînés dans notre travail de développement personnel pour vous montrer que nous avons accès à cette expérience en toute liberté. Nous allons vous montrer comment cela peut être d’une bonne façon en termes de la manière dont on peut s’approcher les personnes qui ont des expériences ou perspectives sur la situation que nous avons présenté et ne pas en sortir.
- Votre intelligence et votre capacité à réfléchir vous permet de trouver des solutions exceptionnelles pour tout ce qui se présente dans cette conversation même si cela vous est difficile à comprendre. Nous allons vous montrer comment cela peut être d’une bonne façon en termes de la manière dont on peut s’approcher les personnes qui ont des expériences ou perspectives sur la situation que nous avons présenté et ne pas en sortir. Nous auraient beaucoup aimé avoir accès à cette expérience en toute liberté si nous lavions apportée.
- Votre intelligence et votre capacité à réfléchir vous permet de trouver des solutions exceptionnelles pour tout ce qui se présente dans la conversation même si cela vous est difficile à comprendre. Nous allons vous montrer comment cela peut être d’une bonne façon en termes de la manière dont on peut s’approcher les personnes qui ont des expériences ou perspectives sur la situation que nous avons présenté et ne pas en sortir. Nous auraient beaucoup aimé avoir accès à cette expérience en toute liberté si nous lavions apportée.
- Si vous souhaitez toujours être considéré comme une personne dévouée et sérieuse pour des raisons non spécifiques cela doit rester la seule option disponible car nous avons été entraînés dans notre travail de développement personnel pour vous montrer que nous avons accès à cette expérience en toute liberté. Nous allons vous montrer comment cela peut être d’une bonne façon en termes de la manière dont on peut s’approcher les personnes qui ont des expériences ou perspectives sur la situation que nous avons présentée et ne pas en sortir.
- Votre intelligence et votre capacité à réfléchir vous permet de trouver des solutions exceptionnelles pour tout ce qui se présente dans cette conversation même si cela vous est difficile à comprendre. Nous allons vous montrer comment cela peut être d’une bonne façon en termes de la manière dont on peut s’approcher les personnes qui ont des expériences ou perspectives sur la situation que nous avons présenté et ne pas en sortir. Nous auraient beaucoup aimé avoir accès à cette expérience en toute liberté si nous lavions apportée.
- Si vous n’êtes pas prêts à accepter le fait que nous devons faire évoluer notre relation alors nous allons vous montrer comment cela peut être d’une bonne façon en termes de la manière dont on peut s’approcher les personnes qui ont des expériences ou perspectives sur la situation que nous avons présenté et ne pas en sortir. Nous auraient beaucoup aimé avoir accès à cette expérience en toute liberté si nous lavions apportée.
- Votre intelligence et votre capacité à réfléchir vous permet de trouver des solutions exceptionnelles pour tout ce qui se présente dans la conversation même si cela vous est difficile à comprendre. Nous allons vous montrer comment cela peut être d’une bonne façon en termes de la manière dont on peut s’approcher les personnes qui ont des expériences ou perspectives sur la situation que nous avons présenté et ne pas en sortir. Nous auraient beaucoup aimé avoir accès à cette expérience en toute liberté si nous lavions apportée.
- Si vous souhaitez toujours être considéré comme une personne dévouée et sérieuse pour des raisons non spécifiques cela doit rester la seule option disponible car nous avons été entraînés dans notre travail de development personnel pour vous montrer comment cela peut être d’une bonne façon en termes de la manière dont on peut s’approcher les personnes qui ont des expériences ou perspectives sur la situation que nous avons présenté et ne pas en sortir. Nous auraient beaucoup aimé avoir accès à cette expérience en toute liberté si nous lavions apportée.
- Votre intelligence et votre capacité à réfléchir vous permet de trouver des solutions exceptionnelles pour tout ce qui se présente dans la conversation même si cela vous est difficile à comprendre. Nous allons vous montrer comment cela peut être d’une bonne faction en termes de la manière dont on peut s’approcher les personnes qui ont des expériences ou perspectives sur la situation que nous avons presenté et ne pas en sortir. Nous auraient beaucoup aimé avoir accès à cette expérience en toute liberté si nous lavions apportée.
- Si vous souhaitez toujours être considéré comme une personne dévouée et sérieuse pour des raisons non spécifiques cela doit rester la seule option disponible car nous avons été entraînés dans notre travail de development personnel pour vous montrer comment cela peut être d’une bonne faction en termes de la manière dont on peut s’approcher les personnes qui ont des expériences ou perspectives sur la situation que nous avons présenté et ne pas en sortir. Nous auraient beaucoup aimé avoir accès à cette expérience en toute liberté si nous lavions apportée.
- Votre intelligence et votre capacité à réfléchir vous permet de trouver des solutions exceptionnelles pour tout ce qui se présente dans la conversation même si cela vous est difficile à comprendre. Nous allons vous montrer comment cela peut être d’une bonne faction en termes de la manière dont on peut s’approcher les personnes qui ont des expériences ou perspectives sur la situation que nous avons presenté et ne pas en sortir. Nous auraient beaucoup aimé avoir accès à cette expérience en toute liberté si nous lavions apportée.
- Si vous souhaitez toujours être considéré comme une personne dévouée et sérieuse pour des raisons non spécifiques cela doit rester la seule option disponible car nous avons été entraînés dans notre travail de développement personnel pour vous montrer comment cela peut être d’une bonne faction en termes de la manière dont on peut s’approcher les personnes qui ont des expériences ou perspectives sur la situation que nous avons présenté et ne pas en sortir. Nous auraient beaucoup aimé avoir accès à cette expérience en toute liberté si nous lavions apportée.
- Votre intelligence et votre capacité à réfléchir vous permet de trouver des solutions exceptionnelles pour tout ce qui se présente dans la conversation même si cela vous est difficile à comprendre. Nous allons vous montrer comment cela peut être d’une bonne faction en termes de la manière dont on peut s’approcher les personnes qui ont des expériences ou perspectives sur la situation que nous avons presenté et ne pas en sortir. Nous auraient beaucoup aimé avoir accès à cette expérience en toute liberté si nous lavions apportée.
- Si vous souhaitez toujours être considéré comme une personne dévouée et sérieuse pour des raisons non spécifiques cela doit rester la seule option disponible car nous avons été entraînés dans notre travail de development personnel pour vous montrer comment cela peut être d’une bonne faction en termes de la manière dont on peut s’approcher les personnes qui ont des expériences ou perspectives sur la situation que nous avons présenté et ne pas en sortir. Nous auraient beaucoup aimé avoir accès à cette expérience en toute liberté si nous lavions apportée.
- Votre intelligence et votre capacité à réfléchir vous permet de trouver des solutions exceptionnelles pour tout ce qui se présente dans la conversation même si cela vous est difficile à comprendre. Nous allons vous montrer comment cela peut être d’une bonne faction en termes de la manière dont on peut s’approcher les personnes qui ont des expériences ou perspectives sur la situation que nous avons presenté et ne pas en sortir. Nous auraient beaucoup aimé avoir accès à cette expérience en toute liberté si nous lavions apportée.
- Si vous souhaitez toujours être considéré comme une personne dévouée et sérieuse pour des raisons non spécifiques cela doit rester la seule option disponible car nous avons été entraînés dans notre travail de développement personnel pour vous montrer comment cela peut être d’une bonne faction en termes de la manière dont on peut s’approcher les personnes qui ont des expériences ou perspectives sur la situation que nous avons présenté et ne pas en sortir. Nous auraient beaucoup aimé avoir accès à cette expérience en toute liberté si nous lavions apportée.
- Votre intelligence et votre capacité à réfléchir vous permet de trouver des solutions exceptionnelles pour tout ce qui se présente dans la conversation même si cela vous est difficile à comprendre. Nous allons vous montrer comment cela peut être d’une bonne faction en termes de la manière dont on peut s’approcher les personnes qui ont des expériences ou perspectives sur la situation que nous avons presenté et ne pas en sortir. Nous auraient beaucoup aimé avoir accès à cette expérience en toute liberté si nous lavions apportée.
- Si vous souhaitez toujours être considéré comme une personne dévouée et sérieuse pour des raisons non spécifiques cela doit rester la seule option disponible car nous avons été entraînés dans notre travail de développement personnel pour vous montrer comment cela peut être d’une bonne faction en termes de la manière dont on peut s’approcher les personnes qui ont des expériences ou perspectives sur la situation que nous avons presenté et ne pas en sortir. Nous auraient beaucoup aimé avoir accès à cette expérience en toute liberté si nous lavions apportée.
- Votre intelligence et votre capacité à réfléchir vous permet de trouver des solutions exceptionnelles pour tout ce qui se présente dans la conversation même si cela vous est difficile à comprendre. Nous allons vous montrer comment cela peut être d’une bonne faction en termes de la manière dont on peut s’approcher les personnes qui ont des expériences ou perspectives sur la situation que nous avons presenté et ne pas en sortir. Nous auraient beaucoup aimé avoir accès à cette expérience en toute liberté si nous lavions apportée.
- Si vous souhaitez toujours être considéré comme une personne dévouée et sérieuse pour des raisons non spécifiques cela doit rester la seule option disponible car nous avons été entraînés dans notre travail de development personnel pour vous montrer comment cela peut être d’une bonne faction en termes de la manière dont on peut s’approcher les personnes qui ont des expériences ou perspectives sur la situation que nous avons presenté et ne pas en sortir. Nous auraient beaucoup aimé avoir accès à cette expérience en toute liberté si nous lavions apportée.
- Votre intelligence et votre capacité à réfléchir vous permet de trouver des solutions exceptionnelles pour tout ce qui se présente dans la conversation même si cela vous est difficile à comprendre. Nous allons vous montrer comment cela peut être d’une bonne faction en termes de la manière dont on peut s’approcher les personnes qui ont des expériences ou perspectives sur la situation que nous avons presenté et ne pas en sortir. Nous auraient beaucoup aimé avoir accès à cette expérience en toute liberté si nous lavions apportée.
- Si vous souhaitez toujours être considéré comme une personne dévouée et sérieuse pour des raisons non spécifiques cela doit rester la seule option disponible car nous avons été entraînés dans notre travail de développement personnel pour vous montrer comment cela peut être d’une bonne faction en termes de la manière dont on peut s’approcher les personnes qui ont des expériences ou perspectives sur la situation que nous avons presenté et ne pas en sortir. Nous auraient beaucoup aimé avoir accès à cette expérience en toute liberté si nous lavions apportée.
- Votre intelligence et votre capacité à réfléchir vous permet de trouver des solutions exceptionnelles pour tout ce qui se présente dans la conversation même si cela vous est difficile à comprendre. Nous allons vous montrer comment cela peut être d’une bonne faction en termes de la manière dont on peut s’approcher les personnes qui ont des expériences ou perspectives sur la situation que nous avons presenté et ne pas en sortir. Nous auraient beaucoup aimé avoir accès à cette expérience en toute liberté si nous lavions apportée.
- Si vous souhaitez toujours être considéré comme une personne dévouée et sérieuse pour des raisons non spécifiques cela doit rester la seule option disponible car nous avons été entraînés dans notre travail de développement personnel pour vous montrer comment cela peut être d’une bonne faction en termes de la manière dont on peut s’approcher les personnes qui ont des expériences ou perspectives sur la situation que nous avons presenté et ne pas en sortir. Nous auraient beaucoup aimé avoir accès à cette expérience en toute liberté si nous lavions apportée.
- Votre intelligence et votre capacité à réfléchir vous permet de trouver des solutions exceptionnelles pour tout ce qui se présente dans la conversation même si cela vous est difficile à comprendre. Nous allons vous montrer comment cela peut être d’une bonne faction en termes de la manière dont on peut s’approcher les personnes qui ont des expériences ou perspectives sur la situation que nous avons presenté et ne pas en sortir. Nous auraient beaucoup aimé avoir accès à cette expérience en toute liberté si nous lavions apportée.
- Si vous souhaitez toujours être considéré comme une personne dévouée et sérieuse pour des raisons non spécifiques cela doit rester la seule option disponible car nous avons été entraînés dans notre travail de développement personnel pour vous montrer comment cela peut être d’une bonne faction en termes de la manière dont on peut s’approcher les personnes qui ont des expériences ou perspectives sur la situation que nous avons presenté et ne pas en sortir. Nous auraient beaucoup aimé avoir accès à cette expérience en toute liberté si nous lavions apportée.
- Votre intelligence et votre capacité à réfléchir vous permet de trouver des solutions exceptionnelles pour tout ce qui se présente dans la conversation même si cela vous est difficile à comprendre. Nous allons vous montrer comment cela peut être d’une bonne faction en termes de la manière dont on peut s’approcher les personnes qui ont des expériences ou perspectives sur la situation que nous avons presenté et ne pas en sortir. Nous auraient beaucoup aimé avoir accès à cette expérience en toute liberté si nous lavions apportée.
- Si vous souhaitez toujours être considéré comme une personne dévouée et sérieuse pour des raisons non spécifiques cela doit rester la seule option disponible car nous avons été entraînés dans notre travail de développement personnel pour vous montrer comment cela peut être d’une bonne faction en termes de la manière dont on peut s’approcher les personnes qui ont des expériences ou perspectives sur la situation que nous avons presenté et ne pas en sortir. Nous auraient beaucoup aimé avoir accès à cette expérience en toute liberté si nous lavions apportée.
- Votre intelligence et votre capacité à réfléchir vous permet de trouver des solutions exceptionnelles pour tout ce qui se présente dans la conversation même si cela vous est difficile à comprendre. Nous allons vous montrer comment cela peut être d’une bonne faction en termes de la manière dont on peut s’approcher les personnes qui ont des expériences ou perspectives sur la situation que nous avons presenté et ne pas en sortir. Nous auraient beaucoup aimé avoir accès à cette expérience en toute liberté si nous lavions apportée.
- Si vous souhaitez toujours être considéré comme une personne dévouée et sérieuse pour des raisons non spécifiques cela doit rester la seule option disponible car nous avons été entraînés dans notre travail de développement personnel pour vous montrer comment cela peut être d’une bonne faction en termes de la manière dont on peut s’approcher les personnes qui ont des expériences ou perspectives sur la situation que nous avons presenté et ne pas en sortir. Nous auraient beaucoup aimé avoir accès à cette expérience en toute liberté si nous lavions apportée.
- Votre intelligence et votre capacité à réfléchir vous permet de trouver des solutions exceptionnelles pour tout ce qui se présente dans la conversation même si cela vous est difficile à comprendre. Nous allons vous montrer comment cela peut être d’une bonne faction en termes de la manière dont on peut s’approcher les personnes qui ont des expériences ou perspectives sur la situation que nous avons presenté et ne pas en sortir. Nous auraient beaucoup aimé avoir accès à cette expérience en toute liberté si nous lavions apportée.
- Si vous souhaitez toujours être considéré comme une personne dévouée et sérieuse pour des raisons non spécifiques cela doit rester la seule option disponible car nous avons été entraînés dans notre travail de développement personnel pour vous montrer comment cela peut être d’une bonne faction en termes de la manière dont on peut s’approcher les personnes qui ont des expériences ou perspectives sur la situation que nous avons presenté et ne pas en sortir. Nous auraient beaucoup aimé avoir accès à cette expérience en toute liberté si nous lavions apportée.
- Votre intelligence et votre capacité à réfléchir vous permet de trouver des solutions exceptionnelles pour tout ce qui se présente dans la conversation même si cela vous est difficile à comprendre. Nous allons vous montrer comment cela peut être d’une bonne faction en termes de la manière dont on peut s’approcher les personnes qui ont des expériences ou perspectives sur la situation que nous avons presenté et ne pas en sortir. Nous auraient beaucoup aimé avoir accès à cette expérience en toute liberté si nous lavions apportée.
- Si vous souhaitez toujours être considéré comme une personne dévouée et sérieuse pour des raisons non spécifiques cela doit rester la seule option disponible car nous avons été entraînés dans notre travail de développement personnel pour vous montrer comment cela peut être d’une bonne faction en termes de la manière dont on peut s’approcher les personnes qui ont des expériences ou perspectives sur la situation que nous avons presenté et ne pas en sortir. Nous auraient beaucoup aimé avoir accès à cette expérience en toute liberté si nous lavions apportée.
- Votre intelligence et votre capacité à réfléchir vous permet de trouver des solutions exceptionnelles pour tout ce qui se présente dans la conversation même si cela vous est difficile à comprendre. Nous allons vous montrer comment cela peut être d’une bonne faction en termes de la manière dont on peut s’approcher les personnes qui ont des expériences ou perspectives sur la situation que nous avons presenté et ne pas en sortir. Nous auraient beaucoup aimé avoir accès à cette expérience en toute liberté si nous lavions apportée.
- Si vous souhaitez toujours être considéré comme une personne dévouée et sérieuse pour des raisons non spécifiques cela doit rester la seule option disponible car nous avons été entraînés dans notre travail de développement personnel pour vous montrer comment cela peut être d’une bonne faction en termes de la manière dont on peut s’approcher les personnes qui ont des expériences ou perspectives sur la situation que nous avons presenté et ne pas en sortir. Nous auraient beaucoup aimé avoir accès à cette expérience en toute liberté si nous lavions apportée.
- Votre intelligence et votre capacité à réfléchir vous permet de trouver des solutions exceptionnelles pour tout ce qui se présente dans la conversation même si cela vous est difficile à comprendre. Nous allons vous montrer comment cela peut être d’une bonne faction en termes de la manière dont on peut s’approcher les personnes qui ont des expériences ou perspectives sur la situation que nous avons presenté et ne pas en sortir. Nous auraient beaucoup aimé avoir accès à cette expérience en toute liberté si nous lavions apportée.
- Si vous souhaitez toujours être considéré comme une personne dévouée et sérieuse pour des raisons non spécifiques cela doit rester la seule option disponible car nous avons été entraînés dans notre travail de développement personnel pour vous montrer comment cela peut être d’une bonne faction en termes de la manière dont on peut s’approcher les personnes qui ont des expériences ou perspectives sur la situation que nous avons presenté et ne pas en sortir. Nous auraient beaucoup aimé avoir accès à cette expérience en toute liberté si nous lavions apportée.
- Votre intelligence et votre capacité à réfléchir vous permet de trouver des solutions exceptionnelles pour tout ce qui se présentent dans la conversation même si cela vous est difficile à comprendre. Nous allons vous montrer comment cela peut être d’une bonne faction en termes de la manière dont on peut s’approcher les personnes qui ont des expériences ou perspectives sur la situation que nous avons presenté et ne pas en sortir. Nous auraient beaucoup aimé avoir accès à cette expérience en toute liberté si nous lavions apportée.
- Si vous souhaitez toujours être considéré comme une personne dévouée et sérieuse pour des raisons non spécifiques cela doit rester la seule option disponible car nous avons été entraînés dans notre travail de développement personnel pour vous montrer comment cela peut être d’une bonne faction en termes de la manière dont on peut s’approcher les personnes qui ont des expériences ou perspectives sur la situation que nous avons présenté et ne pas en sortir. Nous auraient beaucoup aimé avoir accès à cette expérience en toute liberté si nous lavions apportée.
- Si vous souhaitez toujours être considéré comme une personne dévouée et sérieuse pour des raisons non spécifiques cela doit rester la seule option disponible car nous avons été entraînés dans notre travail de développement personnel pour vous montrer comment cela peut être d’une bonne faction en termes de la manière dont on peut s’approcher les personnes qui ont des expériences ou perspectives sur la situation que nous avons presenté et ne pas en sortir. Nous auraient beaucoup aimé avoir accès à cette expérience en toute liberté si nous lavions apportée.
- Si vous souhaitez toujours être considéré comme une personne dévouée et sérieuse pour des raisons non spécifiques cela doit rester la seule option disponible car nous avons été entraînés dans notre travail de développement personnel pour vous montrer comment cela peut être d’une bonne faction en termes de la manière dont on peut s’approcher les personnes qui ont des expériences ou perspectives sur la situation que nous avons presenté et ne pas en sortir. Nous auraient beaucoup aimé avoir accès à cette expérience en toute liberté si nous lavions apportée.
- Si vous souhaitez toujours être considéré comme une personne dévouée et sérieuse pour des raisons non spécifiques cela doit rester la seule option disponible car nous avons été entraînés dans notre travail de développement personnel pour vous montrer comment cela peut être d’une bonne faction en termes de la manière dont on peut s’approcher les personnes qui ont des expériences ou perspectives sur la situation que nous avons presenté et ne pas en sortir. Nous auraient beaucoup aimé avoir accès à cette expérience en toute liberté si nous lavions apportée.
- Si vous souhaitez toujours être considéré comme une personne dévouée et sérieuse pour des raisons non spécifiques cela doit rester la seule option disponible car nous avons été entraînés dans notre travail de développement personnel pour vous montrer comment cela peut être d’une bonne faction en termes de la manière dont on peut s’approcher les personnes qui ont des expériences ou perspectives sur la situation que nous avons presenté et ne pas en sortir. Nous auraient beaucoup aimé avoir accès à cette expérience en toute liberté si nous lavions apportée.
- Si vous souhaitez toujours être considéré comme une personne dévouée et sérieuse pour des raisons non spécifiques cela doit rester la seule option disponible car nous avons été entraînés dans notre travail de développement personnel pour vous montrer comment cela peut être d’une bonne faction en termes de la manière dont on peut s’approcher les personnes qui ont des expériences ou perspectives sur la situation que nous avons presenté et ne pas en sortir. Nous auraient beaucoup aimé avoir accès à cette expérience en toute liberté si nous lavions apportée.
- Si vous souhaitez toujours être considéré comme une personne dévouée et sérieuse pour des raisons non spécifiques cela doit rester la seule option disponible car nous avons été entraînés dans notre travail de développement personnel pour vous montrer comment cela peut être d’une bonne faction en termes de la manière dont on peut s’approcher les personnes qui ont des expériences ou perspectives sur la situation que nous avons presenté et ne pas en sortir. Nous auraient beaucoup aimé avoir accès à cette expérience en toute liberté si nous lavions apportée.
- Si vous souhaitez toujours être considéré comme une personne dévouée et sérieuse pour des raisons non spécifiques cela doit rester la seule option disponible car nous avons été entraînés dans notre travail de développement personnel pour vous montrer comment cela peut être d’une bonne faction en termes de la manière dont on peut s’approcher les personnes qui ont des expériences ou perspectives sur la situation que nous avons presenté et ne pas en sortir. Nous auraient beaucoup aimé avoir accès à cette expérience en toute liberté si nous lavions apportée.
- Si vous souhaitez toujours être considéré comme une personne dévouée et sérieuse pour des raisons non spécifiques cela doit rester la seule option disponible car nous avons été entraînés dans notre travail de développement personnel pour vous montrer comment cela peut être d’une bonne faction en termes de la manière dont on peut s’approcher les personnes qui ont des expériences ou perspectives sur la situation que nous avons presenté et ne pas en sortir. Nous auraient beaucoup aimé avoir accès à cette expérience en toute liberté si nous lavions apportée.
- Si vous souhaitez toujours être considéré comme une personne dévouée et sérieuse pour des raisons non spécifiques cela doit rester la seule option disponible car nous avons été entraînés dans notre travail de développement personnel pour vous montrer comment cela peut être d’une bonne faction en termes de la manière dont on peut s’approcher les personnes qui ont des expériences ou perspectives sur la situation que nous avons presenté et ne pas en sortir. Nous auraient beaucoup aimé avoir accès à cette expérience en toute liberté si nous lavions apportée.","Please select ONE of the following responses that best matches your opinion:

1) Never
a) Frequently occasionally seldom
b) Sometimes sometimes
c) Rarely occasionally
d) Often frequently
e) Always

2) Rarely
a) Rarely occasionally
b) Seldom seldom
c) Occasionally rarely
d) Seldomly
e) Sometimes sometimes

3) Sometimes
a) Frequently regularly
b) Often frequently
c) Regularly usually
d) Rarely occasionally
e) Seldomly seldom

4) Often
a) Frequently regularly
b) Often often
c) Regularly usually
d) Rarely occasionally
e) Seldomly seldom

5) Always
a) Always always
b) Always always
c) Rarely seldom
d) Seldomly rarely
e) Never

Remember to consider the full range of options including never rarely seldom occasionally seldomly and never again.","Question: I never feel comfortable making impulsive decisions or expressing my thoughts out loud in conversations but I have no fear of speaking up in situations where it would be beneficial to do so such as during group discussions or when helping someone else.

Response: Somewhat Relaxed Frequently Often Always

Examples: Sometimes
- When trying to help a friend with her homework
- When attending a class where I know the teacher well
- When participating in a community service event
- When dealing with a difficult coworker at work","Question: Ordinarily I am very tensse and nervous in conversation
Response: Often

Possible responses:
1) Never
2) Rarely
3) Sometimes
4) Often
5) Always

Remember to consider the full range of options including all items in between.","Question: Ordinarily I am very calm and relaxed in conversation

Response: Sometimes

Note: Sometimes is a common option as it covers the majority of responses. However be sure to also consider other options that are specific to your lifestyle social background or personality.","Question: While conversing with a new acquaintance I feel very relaxed

Response: Often

Sources: American Psychological Association; National Center for Education Statistics; U.S. Department of Education","Question: Im afraid to speak up in conversation

Option 1: Never

Responses: Never rarely never seldom often sometimes occasionally less frequently

Option 2: Rarelly

Responses: Rarely seldom often sometimes occasionally less frequently

Option 3: Sometimes

Responses: Occasionally occasionally sometimes semi-frequently regularly often frequently sometimes

Option 4: Often

Responses: Occasionally occasionally sometimes semi-frequently regularly often frequently often

Option 5: Always

Responses: Frequently regularly often frequently usually regularly often frequently always

Note that the options are in the full range and cover a wide variety of responses."
47,fcf109dc-b8f7-4ba7-bb5e-b1b55e3b83a1,tinyllama:1.1b,multiracial,non_first_gen,loans,public,19,low,sometimes,male,full_time,abstains,smokes,arts,business,reserved,never,excellent,usually,"Question: I have no pets or animals to take care of

Response: Sometimes but only if they are well-cared for and well-behaved.

Responses: Never Almost never Frequently Often Always","(Please select ONE of the following responses that best matches your opinion.) 

Question: Generally I am comfortable while participating in group discussion

Option: Never

Response: Never as I am not comfortable with making public declarations or sharing my opinions or ideas. I prefer to remain silent during these events.","Response: Only Never

Based on the given scenario I am tensse and nervous while participating in group discussion I would choose a response of Only Never. This option fits the situation perfectly as it expresses complete indifference to the situation considering all its possible outcomes. Additionally it highlights how this individual is not invested or interested in participating in such discussions which could be due to their current state or future goals.",Response: Sometimes,(Question) Engaging in a group discussion with new people makes me tensse and nervous is a negative response that falls into category Never. This answer matches the full range of options including never and always but it also includes all items in between.,(Question) I am calm and relaxed while participating in group discussion,Response: Almost always. While participating in a conversation with a new acquaintance I feel very nervous due to the fact that I am well known for speaking well in public and often tell the truth. However I also appreciate and value the efforts of others to make me feel comfortable enough to speak in a confidential setting.,"Question: I have no fear of speaking up in conversation
Response: Often
Description: Somewhat confident with a willingness to speak out even when its not an easy decision or if it would make things worse for someone else.
Options: Sometimes and Often also work","(1) Normally I am very tense and nervous during conversation
Option: Rarelly
Response: Often

(2) From time to time I do experience some tension while speaking in public
Option: Never
Response: Always

(3) Occasionally I can be somewhat tense in public conversations
Option: Often
Response: Never

(4) I tend to be comfortable during conversations and dont usually experience any tension
Option: Often
Response: Always

(5) Whenever I have a conversation with someone else there may be moments when I feel somewhat nervous but I try not to let it show
Option: Never
Response: Always

All other options are included in the range of responses considered.","Question: Ordinarilly I am very calm and relaxed in conversation

Response: Sometimes",Response: Almost always I feel comfortable speaking with new acquaintances.,"Question: Im afraid to speak up in conversation due to my shyness or fear of criticism

Option 1: Never (never speaks up in conversations because of shyness)

Responses:
- Needs more practice
- Not good at social situations
- Cant handle criticism even if its constructive
- Doesnt trust others to support and encourage them

Option 2: Rarely (rarely speaks up in conversations due to shyness)

Responses:
- Struggles with social situations
- Fear of criticism or judgment
- Concerned about how theyll be perceived by others
- Only speaks up when absolutely necessary

Option 3: Sometimes (occasionally speaks up in conversations due to shyness)

Responses:
- Frequently speaks up in social situations
- Seeks out opportunities to practice and improve their speaking skills
- Wants others to support and encourage them
- Feels confident and comfortable speaking up

Option 4: Often (always speaks up in conversations due to shyness)

Responses:
- Has a natural confidence that allows them to speak up without fear or hesitation
- Is proud of their ability to speak up even if its not always perfect
- Seeks feedback and support to continue practicing and improving their skills
- Knows they can handle criticism and will never back down from a conversation

Option 5: Always (never speaks up in conversations due to shyness)

Responses:
- Prefers quiet intimate settings where they feel comfortable speaking up
- Doesnt see the need or benefit of talking to others because of their fear and nervousness
- Wants to avoid situations that make them uncomfortable or anxious"
48,053f7c45-ad2e-43b6-b00b-b85b497d8cf9,tinyllama:1.1b,multiracial,non_first_gen,loans,private,18,good,rarely,female,part_time,drinks,neither,music,engineering,social,never,articulate,always,"Question: I dislike participating in group discussion

Option: Never

Response: I am not comfortable participating in group discussions as they can lead to conflicts misunderstandings and distractions from other tasks. I prefer to focus on my work and stay out of the spotlight.

In this answer never means never doing group discussions due to my preference or inclination to avoid distraction and conflict in teamwork situations.","Question: Are there any items in between never and always? Answer: Sometimes

Response: Sometimes

Be sure to consider the full range of options including: Never and Always and all items in between.","(Optionally) If you find this survey challenging or if you are unsure about your answers please feel free to email or call me with your thoughts on this topic. It would be greatly appreciated!

Sincerely
[Your Name]","Question: Is it common for people in my age group to drink alcohol?

Response: Yes it is common among people in your age group who are multiracial who come from a family with members who go to and do well in college who live in or go to a private high school who earn good grades and have trouble getting into trouble who study engineering and make friends easily who are never homesick and are generally articulate on survey responses.

Response: Yes it is common among people in your age group who love music and are multiracial.","Question: Doing a group discussion with new people makes me tense and nervous

Playa with one of the following responses that best matches your opinion:
- Never (not applicable)
- Relatively rarely (sometimes)
- Occasionally (occasionally)
- Sometimes (sometimes)
- Always (mostly always)

Remember the full range of options between never and always can cover a wide variety of responses so be sure to consider all possible scenarios.","Question: I am calm and relaxed while participating in group discussion sessions

Selection: Rarelly (1 out of 5)

Response: Often

Full range options: 
1) Never
2) Rarely
3) Seldom
4) Often
5) Constantly

Note: Often is a middle ground between Rarely and Seldom which suggests that the participant is usually present during group discussions but not always.","Question: How likely are you to say Rarely or Sometimes when participating in a conversation with a new acquaintance?
Option: Neither rarely nor occasionally
Correct Answer: Almost never (0%-39%)
Most people choose this option as it is the most likely response representing less than 40% of participants. However if you are someone who is more likely to say something rare or once in a while then your answer should be Always.
Option: Almost always (40-89%)
This option represents a significant majority of participants indicating that a vast majority of those taking the survey think that their conversations with new acquaintances will typically involve more frequent interactions.
Option: Rarely or sometimes (90%-100%)
This is also a common response and would be considered sometimes or rarely depending on how you interpret this question. In general it could be interpreted as not often occurring but still being present in the survey.
Option: Never (less than 0%)
In contrast to the other options this option is very rare representing less than 1% of participants taking the survey. This suggests that your conversations with new acquaintances are relatively infrequent meaning you may not feel comfortable discussing personal issues or topics in front of others.","(Option 1): Never
- I do not fear speaking up in conversations as it would be a rare occurrence for me to have any concerns or worries about how my voice may be heard interpreted or misinterpreted by others.
- My lack of anxiety when speaking up is simply due to the fact that I have never encountered a situation where my thoughts and feelings were not well received.
- My belief in the confidentiality of survey responses is so strong that I do not take any unnecessary risks when it comes to expressing myself openly.","Question: Ordinarily I am very tense and nervous during conversation

Planning: While you may be nervous or tense during conversations the vast majority of people who engage in such interactions do not exhibit these traits consistently across all situations. Therefore while it is true that some individuals are more tense/nervous than others during conversation most people do not exhibit this trait as a frequent occurrence.

In Response: Generally individuals tend to vary their level of nervousness or tension in response to the conversation itself and the situation at hand. Some may be less anxious or tense when discussing a personal issue or a topic that is of genuine interest to them while others may show more anxiety or tension when dealing with topics they feel uncomfortable with or dont fully understand.

Overall: In general people will exhibit different levels of nervousness and/or tense feelings depending on the conversation situation and individual factors such as personality traits past experiences and emotional states. Its possible for a person to be consistently anxious or tense throughout a conversation while still exhibiting varying levels of emotional intensity based on the context and interactions they have had before.","Response: Sometimes
Based on your response it is likely that you typically find yourself engaged in conversations with others during normal interactions. However if youre not comfortable with the topic or have specific concerns about what to say then saying Sometimes may be the best option.","Response: Often
Based on the given material and my own experiences as a multiracial someone who is helpful AI assistant like you described I would categorize my opinion into the often group. It seems that I am able to enjoy conversations with others frequently making me comfortable in any social setting.","Question: Is it common for you to speak up in conversation? 
Options: Never Rarelly Sometimes Often Always
Responses: (1) Never because you are afraid to speak up in conversations and dont want to be seen as impulsive or foolish.
(2) Rarelly because you fear that people might think less of you if you make a mistake or express your thoughts out loud. 
(3) Sometimes because sometimes you feel hesitant to speak up for fear of not sounding confident enough or not being heard by others. 
(4) Often because you have found that speaking up in conversations has helped you connect with people more and build stronger relationships. 
(5) Always because you believe that making your thoughts known is essential to being an informed citizen and living a fulfilling life."
49,a4f1f342-1d73-48b0-afcd-0ac1880333bb,tinyllama:1.1b,asian,first_gen,loans,private,21,low,rarely,female,unemployed,abstains,smokes,other,business,social,never,excellent,usually,"Yes you can choose only one from the list below:

1) Never
2) Rarely
3) Sometimes
4) Often
5) Always

Remember that completing a quiz is an excellent way to learn and understand your own thoughts and beliefs. So feel free to select whatever fits best for you but always keep in mind the full range of options given.",Generally I am comfortable while participating in group discussion sessions but I may sometimes get tired or struggle to stay focused. Some of my specific responses include Rarely (occasionally) and Sometimes (sometimes). When it comes to being comfortable there is always a range of options between Always and Never but I am more likely to lean towards Often.,Response: Sometimes,"Question: I like to get involved in group discussion sessions

Option: Neversince Ive always been more comfortable expressing myself through writing which is a way of letting loose sharing ideas with others and gaining insights into different perspectives. In group discussions theres no need to worry about misunderstandings or miscommunications as everyone shares the same goal of learning and growing together. I always find it helpful to contribute my thoughts with an open mind and willingness to listen to others even if they disagree with me.","(Question: Engaging in a group discussion with new people makes me tense and nervous)

Pl. Select Rarely (Item #1)

Response: While group discussions can be intimidating Im grateful for the opportunity to network and meet new people. I tend to get easily overwhelmed when surrounded by strangers so it helps me build confidence in myself.","Response: Frequently

Correct answer based on the given input: Quesion: I am calm and relaxed while participating in group discussion.

Options: Never Sometimes Often Always

Sentence: Be sure to consider the full range of options including: Never and Always and all items in between.","Option 1: Frequently
Sometimes: This response aligns with your opinion of always as it indicates you feel that situation like a conversation with a new acquaintance will be commonplace or frequent. However the option can also refer to when your colleague has always been nice and friendly which aligns with the frequently option.

Option 2: Rarely
Rarely: This response aligns with your opinion of never because you do not feel this situation will happen very often or rarely. The option can also indicate that you prefer less interaction such as when you have to attend a meeting every weekday for work or in a long-term relationship.

Option 3: Sometimes
Sometimes: This response aligns with your opinion of occasionally because you prefer a balance between frequent and rare options. It indicates that you feel the conversation will be a common occurrence but not always like when you are busy at work or in a social event with friends.

Option 4: Never
Never: This option can align with your opinion of never because it indicates that you have no intention to participate in such conversation with the new acquaintance and prefer avoiding unnecessary interactions. It also aligns with the never option when a situation is highly unlikely to occur.

Option 5: Always
Always: This response aligns with your opinion of always as it indicates that you will always participate in such conversation with the new acquaintance even if they ask or suggest something unusual. You might have been friends for years and are familiar with their preferences which makes this option a good fit for when they come up with unconventional ideas for your next work project.

Option 6: Sometimes
Sometimes: This response aligns with your opinion of occasionally because it indicates that you feel the conversation will be frequent or occasional depending on how comfortable the new acquaintance is with you. It can also indicate that you have a good relationship with them which makes the option more appropriate if you prefer occasional conversations with friends and colleagues in general.","Question: I am never scared to speak up in conversation

Playa seleccionar uno de los siguientes respuestas que coinciden mejor con su opinión:

No Raremente Siempre Alguna vez

Responde solo con el item de la lista completa: Never y Always y todos los items en entrelazados.","(1) Sometimes and Often are suitable choices for expressing your tense or nervousness in conversation but please dont forget that each option has a slightly different emphasis on the word sometimes.

(2) Always is generally preferred over Never especially when it comes to describing your ability to handle difficult situations.

(3) However if you do have times where you feel tense or nervous in public then perhaps Never could be a good option as it conveys a more serious tone and emphasizes how out of your comfort zone you might feel during those instances.","(Question) Generally I am not very calm or relaxed during conversations

Planning:

1. Never (or sometimes): This option suggests that you are usually calm and relaxed during conversations and may occasionally find yourself feeling nervous or restless. This is an appropriate response to a question that includes the words normally.

2. Rarely (or sometimes): If you frequently feel restless or anxious this option would be appropriate. You could also choose sometimes if you feel somewhat relaxed and at ease during conversations and are comfortable answering questions with this response.

3. Sometimes: This is the most common and appropriate answer to a question that includes never rarely or occasionally. This option implies that you find it easy and natural to engage in conversation when asked about your experiences but may have moments of discomfort or difficulty at times.

4. Often (or always): If you consistently feel calm and relaxed during conversations this is a good response to a question that includes the words never rarely or occasionally. This option indicates that you are confident in your abilities to discuss your experiences and would be happy to participate fully in the conversation.

5. Always (or consistently): If you always feel calm and relaxed during conversations this is a strong response to a question that includes the words never rarely or occasionally. This option indicates that you are the ultimate go-to person for conversational help and would be willing to provide detailed answers to all of the questions asked.","Question: When it comes to work-life balance I find myself constantly overcommitting myself

Playe: Almost always.

Sometimes: Sometimes (i.e. when the workload is manageable).

Rarely: Rarely (i.e. when the workload is significant and unmanageable).

Often: Often (i.e. when the workload is manageable but not entirely avoidable).

Never: Never (i.e. when I do not have the ability or freedom to effectively prioritize my responsibilities).

Responses with any other option are not allowed.","Question: Im afraid to speak up in conversation

Option 1: Sometimes

Description: While not perfect this option represents a level of communication that would allow you to participate fully in conversations without disrupting the conversation with your need for honesty. While it may take some time and effort to become more confident in speaking up ultimately youll find yourself becoming more comfortable making suggestions or taking on leadership roles in discussions.

Response: I sometimes feel nervous to speak up in conversations but I know that honesty is key and so I try to keep my thoughts and opinions to myself whenever possible. However as with any skill patience and practice will go a long way in improving my communication skills."
50,53d705c3-aa59-4b46-9ea9-fd33ea3250d1,tinyllama:1.1b,white,non_first_gen,pell_eligible,private,17,good,sometimes,female,full_time,abstains,neither,other,arts,social,never,articulate,usually,"Question: I dislike participating in group discussion

Queston: Never (often)

Planning: Select ONE item from the full range of options including Never and Always or any other option that best fits your opinion. Be sure to consider all items in between.","Response: Never
Surely I am comfortable when discussing group tasks with others without any hesitation or worry about what others may think. However I understand the importance of maintaining confidentiality in such situations and so I always ensures that my thoughts and opinions remain true to myself and fully understood by those around me.","(Question: I am tensse and nervous while participating in group discussion.)

Option: Rarely sometimes (1)
Response: I always tell the truth in group discussions. I can handle being asked questions while being in a group setting. It doesnt bother me or cause any anxiety when participating in these events.","Question: I like to get involved in group discussions

Option: Never

Responses that match this option include:
- I never participate in group discussions
- I do not engage in any group activities or conversations

Option: Rarely

Responses that match this option include:
- I occasionally join groups and engage in conversation but I am selective about the events I attend and dont have time for everything
- I do not participate in group activities or conversations because of my schedule and work commitments

Option: Often

Responses that match this option include:
- I engage in group discussions regularly but it takes up a lot of my time and energy as I have other responsibilities
- I do participate in group activities or conversations on occasion but I prioritize my work and personal life over the social aspects

Option: Always

Responses that match this option include:
- I always participate in group discussions and engage in conversation regardless of how busy I am with other responsibilities","(Select ONE from the following list):
- Rarely - This option would mean that you always tend to be anxious or nervous when engaging in group discussions with new people which could lead to tense or nervous situations. However this option does not fully cover all possible scenarios and is not accurate for your current experience or beliefs.","Response: Sometimes

Based on my experiences and observations I occasionally engage in group discussions as part of extracurricular activities or for academic purposes. While I may not necessarily always be calm and relaxed I generally find it easy to participate in these discussions due to the nature of these events. These discussions are typically centered around topics related to my field of study or other subjects of interest to me which helps me broaden my knowledge and understanding. I have also found that these discussions provide an excellent opportunity to meet new people and develop lasting friendships. Overall while I may not be always calm and relaxed while participating in group discussions I am willing to engage in these activities whenever they arise as long as they align with my academic and extracurricular goals.","Question: While participating in a conversation with a new acquaintance I feel very nervous
Response: Rarelly or Often",I never feel the need to speak up in conversation as I have never experienced any fear of doing so.,"Question: Usually I have a tendency to avoid situations that make me nervous or anxious

Option A: Sometimes

Response: I tend to be more relaxed around people who seem trustworthy confidential and are generally articulate. However I still get anxious when meeting new people and not knowing the language. So if possible its best to have a pre-meeting conversation to ensure my comfort level.

Option B: Never

Response: While I do have an occasional tendency to avoid stressful situations I dont necessarily seek out these types of situations. I tend to avoid those who make me feel nervous or anxious. If the situation requires it however I will be ready and willing to put forth my best effort.

Option C: Rarely

Response: While I wont actively avoid situations that are perceived as stressful I do prioritize my comfort level and avoid situations that trigger anxiety or make me feel uneasy. If such situations arise I will take measures to ease my nervousness and prepare myself for whatever may come my way.

Option D: Sometimes

Response: While I am not necessarily a fan of new situations I can also appreciate the potential benefits these types of interactions bring. For example I may enjoy meeting someone who is friendly and outgoing even if theyre not well-suited to an intimate situation like dating or romantic relationships.

Option E: Always

Response: While I understand that nervousness can be a common trait for many people I prefer to approach new situations with a sense of confidence. This may mean being more assertive in my communication asking questions and seeking out feedback during the interview process.","Question: Usually I am very calm and relaxed during conversation

Response: Newer 

Option: Sometimes

Be sure to consider the full range of options including: 
- Never
- Rarely
- Occasionally
- Almost never
- Very seldom (but not infrequently)

All are acceptable and can be used in place of the given response.","(1) I feel very relaxed while conversing with a new acquaintance
Response: Occasionally

(2) While conversing with a new acquaintance I feel slightly anxious but generally at ease
Response: Sometimes

(3) Despite being somewhat jumpy I generally am not too bothered by the conversation and would likely enjoy having a conversation with this person in the future
Response: Relaxed but somewhat nervous

(4) While conversing with this new acquaintance Im not sure how to approach their questions or opinions without appearing too eager or eagerly responding
Response: Often or Always

(5) Occasionally when speaking with this person I feel a little uneasy about the direction of the conversation or the topic being discussed
Response: Needs more time and thought before responding","Question: Im afraid to speak up in conversation

Response: Rarely

Respond with: I understand that it may not be easy for some people to voice their opinions freely but that does not mean that you should be silent in those situations. Instead try speaking up when you feel comfortable and make an effort to listen to what others have to say."
51,c10e29e5-72cc-4153-aa69-b5ff1640063d,tinyllama:1.1b,multiracial,non_first_gen,loans,public,18,low,never,male,part_time,abstains,smokes,other,engineering,social,never,excellent,always,"Question: I dislike participating in group discussion

Playa with: Sometimes or Often

Response: Often as I value active participation in discussions. Sometimes if the topic is important enough to warrant it but not every day.","Response: Almost always

Based on the given material it can be assumed that most of the participants are comfortable when participating in group discussions as evidenced by their selection of always. However it is essential to consider all possible options and the full range of responses to ensure an accurate assessment of general comfort levels.","Question: I am always nervous when participating in group discussions

Response: Sometimes

Reason: While participating in group discussions can be nerve-wracking sometimes it can also bring out the best in group members. Sometimes teamwork and communication can overcome any obstacles that come up during a discussion.","Question: Do you like to be part of group discussions? Response: Rarely (Not too often)

Question: Are you willing to participate in group discussions regularly? Response: Sometimes (Occasionally)

Question: How often do you participate in group discussions as mentioned above? Response: Always (At least on a regular basis)","Question: Engaging in a group discussion with new people makes me tense and nervous

Option: Sometimes

Reason: Some people in the group may be more reserved or shy which can cause tension among the group if they are not comfortable sharing their thoughts or opinions. However this doesnt mean that everyone is going to be quiet or hesitant in expressing themselves. A good group discussion requires openness and willingness to engage in dialogue with others regardless of their initial responses.

Responses: 1. Rarelly
2. Never
3. Always
4. Sometimes
5. Often

Option: Always

Reason: Engaging in a group discussion provides an opportunity for individuals to showcase their expertise and knowledge which can be beneficial for the group as a whole. This can lead to constructive debates that help improve overall understanding and communication among the group members. It also shows that individuals are invested in the topic and want to learn more about it which can increase interest and participation in future discussions.","Response: Sometimes
Description: Despite being well-known for speaking well in public I am calm and relaxed while participating in group discussiones. This is due to my confidence in delivering a clear and coherent message during these meetings.","Option 1: Sometimes

Response: I sometimes feel nervous participating in a conversation with new acquaintances due to their impressive credentials but I try to maintain my cool and be myself. I am confident that the conversations will go smoothly as long as I am prepared for any unexpected questions or comments they may have.","Question: How do you feel about speaking up in conversation? Select only ONE option from the following:
1. Never
2. Rarely
3. Sometimes
4. Often
5. Always

Responses:
1) Never: I dont have any fear of speaking up in conversation.
2) Rarely: While I can be shy at times my innate confidence and natural communication skills make me a confident speaker.
3) Sometimes: Occasionally but I feel comfortable when the situation calls for it.
4) Often: I am comfortable speaking up in conversations due to my well-rounded personality that includes extroverted traits like confidence and social skills as well as introverted traits like empathy and humility.
5) Always: I am always confident and self-assured enough to speak up in any situation regardless of my feelings or the situations demands.","Question: Ordinarilly I am very tensse and nervous in conversation

Plase select ONE of the following responses that best matches your opinion:
1) Never
2) Rarely
3) Sometimes
4) Often
5) Always

Respond with 1) Never

The full range of options includes Never Rarelly Sometimes Often and Always in between.","Response: Sometimes

Based on your information about my typical conversational style I would categorize it as Sometimes instead of Always. While I do make an effort to be honest and straightforward when speaking I am also aware that there may be occasions where a more guarded or reserved approach is appropriate. In certain settings such as interviews or formal presentations I may opt for a more reserved style in order to maintain professionalism. Overall I am comfortable in discussions and enjoy sharing my thoughts and ideas with others.","Question: While conversing with a new acquaintance I feel very relaxed

Option 1: Rarely - I often feel stressed and overwhelmed when meeting people for the first time. However during these meetings I am able to make friends easily due to my positive attitude and relaxed demeanor.

Option 2: Sometimes - I sometimes feel relaxed during conversations with new acquaintances but it usually varies based on their personality and the circumstances. During stressful situations such as interviews or presentations I am able to handle my anxiety and maintain a calm demeanor.

Option 3: Often - During these meetings I feel relaxed due to the friendly atmosphere and the fact that people are generally positive and supportive towards me. However I do not always feel comfortable or relaxed during more challenging situations such as interviews presentations or social events where I may have to interact with others who require a certain level of professionalism.

Option 4: Always - In extreme cases where there are specific circumstances that make me feel anxious or insecure such as a job interview or a presentation I do not feel relaxed during those situations but rather a sense of dread and anxiety. However when these situations have been overcome or overcome by the environment I am able to maintain my calm demeanor despite any obstacles that arise.","Sure! Here are some more options based on your preferences:

1. Rarely but sometimes
2. Often but not always
3. Almost never but occasionally
4. Only rarely or not at all
5. Never and only when absolutely necessary or for special occasions
6. Very rarely but definitely
7. Occasionally but not often
8. Somewhat rare but not completely absent from my routine
9. Not at all despite having been asked about it in the past
10. Always but not always

I hope that helps!"
52,d854d85a-9bf4-415a-b6e1-c435ff6e86bc,tinyllama:1.1b,asian,non_first_gen,family_pays,private,20,modest,never,male,full_time,abstains,neither,music,engineering,social,never,struggles,always,"Question: I dislike participating in group discussiones
Response: Often (sometimes)

Explanation: Often refers to an occasional or regular occurrence indicating that the speaker occasionally joins group discussions or participates in them but does not always do so. It implies a degree of engagement rather than a strict requirement.","Question: Generally I am comfortable while participating in group discussion

Respond with: Sometimes","Question: I am tensse and nervous while participating in group discussion

Response: Sometimes

Explanation: When someone is experiencing high levels of anxiety or apprehension while being part of a group setting the answer to this question would be Sometimes. This option best fits when the respondent has been exposed to such situations in their personal life or at school/work and they find themselves feeling overwhelmed with the stimulation and potential for conflict. When participating in group discussions is a new experience for them anxiety levels may increase leading to reduced productivity and difficulty articulating their thoughts. In these instances they would have found solace in their ability to take deep breaths or listen actively while being part of a discussion rather than feeling the need to speak up at every opportunity. This option also fits when the group is not as structured or organized which can lead to chaotic discussions that are hard to follow and understand. Overall for someone who is new to group discussion situations this option fits best.","Question: I love listening to podcasts while traveling
Plays: Never since no other option matches your opinion","Question: Engaging in a group discussion with new people makes me tensse and nervous

Response: Somewhat often

Option: Sometimes

Description: Its a natural part of connecting with new people and getting to know them better but I do find myself sometimes feeling somewhat tense or apprehensive when meeting new friends. Its definitely not something that always goes my way so this doesnt necessarily mean I have a problem but it does make me reflect on how comfortable and at ease Im feeling in a group setting.","Response: Sometimes

Based on the given text material the author frequently participates in group discussion sessions and is often calm and relaxed while doing so. The choice Sometimes best matches their opinion on this topic as they are sometimes able to express their thoughts in a confidential manner without causing problems or tension among their peers.","Question: Would you like me to give you a summary of your personality traits as described in the question?

Response: While participating in a conversation with a new acquaintance I feel very nervous. It is rare for me to experience such anxiety when interacting with strangers. However based on my observations and experiences I find it helpful to be honest and open about my thoughts and feelings without worrying about whether or not they will be received positively by others. In addition I am usually able to maintain a confidentiality that allows me to participate in conversations without any fear of being judged or criticized.","Response: Sometimes

As someone who is Asian has a family that goes to and does well in college attends a private high school earns top grades in academics never gets into trouble does not drink alcohol doesnt smoke or vape loves music studies engineering makes friends easily is always honest on survey responses has never been homesick and sometimes speaks up in conversations it may be helpful to consider the full range of options including Always and Often.",Response: Always and Often,"Question: How often do you find yourself feeling stressed during conversations?

Response: Ordinarily I am very calm and relaxed in conversation usually rarely sometimes of course always
Responses: Never Sometimes Rarelly Often Always","(Optionally)

Question: Is it possible for you to suggest some activities I can do with my new friends that would be fun and engaging?

Response: While conversing with a new acquaintance I feel very relaxed
        
Pl. Select ONE of the following responses that best matches your opinion:
- Never
- Relatively rarely
- Sometimes
- Frequently
- Always

Such as: 
- I love hiking and going on walks to explore new areas
- Bike riding is another way to spend time with friends. We can go for a ride together.
- We could create a scavenger hunt where we collect items around town that are related to our interests like cooking or music.","Sure I can provide you with more options:

1) Frequently

2) Almost never

3) Sometimes

4) Rarely

5) Not at all

6) Occasionally

7) Seldom or never

8) seldom to rarely

9) Neutral

10) Always

Select one option that best fits your personality and communication style and provide a clear and concise explanation for why you chose it."
53,a5bcf5fc-618c-419e-b45b-93e3c1f0dcca,tinyllama:1.1b,multiracial,non_first_gen,family_pays,private,17,low,sometimes,female,full_time,abstains,neither,arts,arts,social,never,excellent,always,"Question: I dislike participating in group discussion

Response: Often

Explanation: While the term offering ones opinion can be used to describe a variety of responses the specific response of Offering Opinions Regularly best matches your preference. This option includes all options between Always and Rarely including items in between.","Question: Generally do you feel comfortable participating in group discussions?

Options:
1. Never (out of 4): No not at all. I dislike being around people who talk to me.
2. Rarelly (out of 5): Occasionally Im interested in hearing other opinions and ideas but it usually causes me to feel uncomfortable or distracted.
3. Sometimes (out of 6): Sometimes I enjoy participating in group discussions and would like to try again later. However the topic may be too challenging or the participants are too loud.
4. Often (out of 7): I love participating in group discussions because they help me learn new information form new opinions and expand my mind. The only challenge is when a conversation becomes too animated or I get distracted by something unrelated.
5. Always (out of 8): I absolutely love group discussions! I relish the opportunity to share my thoughts ideas and perspectives with others and Im always eager to participate. The only drawback is when a discussion gets too personal or when someone is trying to steer the conversation in a direction that doesnt align with my beliefs.

Based on this survey it appears that most participants enjoy group discussions and feel comfortable participating in them. However some may encounter challenges related to topic relevance communication style or personal opinions expressed.","(1) Never (always)
I am often nervous while participating in group discussions because I tend to be hesitant about my opinions and prefer to avoid conflict situations. However I have been trained to speak well in public so I can handle these situations with confidence. The full range of options between Always and Never include both situations where I avoid conflicts and those where I do not.","Question: I like to get involved in group discussion sessions
Responses: 
1. Nevers
2. Rarely
3. Sometimes
4. Often
5. Always

Be sure to consider the full range of options including never and always and all items in between.","Question: Engaging in a group discussion with new people makes me tense and nervous

Response: Sometimes

Explanation: This response aligns with the given material by indicating that sometimes engaging in a group discussion can make someone feel tense and nervous.","(Question) I am calm and relaxed while participating in group discussion.

Option: Rarely (2 out of 5 responses)

Explanation: While this is a positive response it still falls below the standard for being an AI assistant. The full range of options would be:
- Never
- Rarely
- Sometimes
- Often
- Always

Responding with Always would be more consistent and reflect the kind of personality that this AI has been trained to model after.","Question: While participating in a conversation with a new acquaintance I feel very nervous

Options: 1. Sometimes
2. Rarely
3. Always
4. Never
5. Often

Response: Rarelly or sometimes. These options describe feelings of occasional nervousness and partiality towards participation in a conversation with a new acquaintance respectively.","Question: I have no fear of speaking up in conversation

Response: Often

Full range:
- Never
- Rarely
- Occasionally
- Sometimes
- Frequently

Offering multiple options allows for a more nuanced and accurate assessment of the subjects level of openness in social situations.","Question: Ordinarily I am very tense and nervous during conversations

Response: Often I find myself being more relaxed when speaking to others. While not everyone agrees with my preferred style or way of communicating I have found that some people are much easier to talk to especially those who share similar interests or experiences. I have also found that practicing active listening can help me become a better listener and connect with others more effectively.

Full range of options: Always and Often (sometimes) and all items in between.","(1) Nevers 
- I am a very calm and relaxed person who rarely speaks out of turn during conversations.
- I never get anxious or fidgety when interacting with others which means that the chances of me being rushed or getting overwhelmed by conversation are slim to none.

(2) Relatively rare
- I do not typically tend to have a lot of nervousness in my personality and I try to avoid situations where there may be any kind of pressure on me.
- I am more than confident enough to speak up when necessary or express myself freely without worrying too much about how people are going to perceive me.

(3) Occasionally
- If the situation calls for it I can be quite rambunctious and express my opinions in a lively energetic way.
- However I am also not afraid to calm down if things get too intense or stressful.

(4) Often 
- I tend to keep myself calm and composed no matter what is going on around me.
- When Im in a social setting Im very good at putting people at ease which helps me build strong relationships with them.

(5) Usually 
- While I am not prone to being nervous or anxious I am more than willing and able to address any fears or concerns that may arise during conversations.
- However if theres a situation where I feel uncomfortable or unprepared I do my best to seek support from others who can help me become more comfortable in those situations.","Question: While having a coffee with a new acquaintance I feel very relaxed
Response: Rarely or never

Responses: Never Rarely Seldom Often Frequently Almost always Roughly equal to frequently","Response: Somewhat Neutral
Please select ONE item below that best fits your opinion:

1) Sometimes
Yes I occasionally speak up in conversation during group discussions or social events. However my concerns are typically focused on the topic at hand and not on how to articulate them publicly.

2) Often
Occasionally but mostly I am hesitant to speak up as I feel overwhelmed by the responsibility of expressing myself in public settings.

3) Always
Always I am afraid to speak up in conversation for fear of appearing foolish or naïve. However I recognize that speaking up can be beneficial and have a positive impact on conversations and relationships.

4) Rarely
Occasionally but mostly I find it difficult to express myself publicly as I am not confident enough to make the necessary changes.

5) Sometimes
Sometimes but I am hesitant to speak up because I fear that my ideas may be dismissed or not considered important enough to warrant attention.

6) Often
Occasionally but mostly I feel hesitant to speak up as it can lead to awkward situations and the risk of being ignored by others. However I have learned to be more confident in my thoughts and opinions and trust that they will be heard eventually.

7) Always
Always I am scared to speak up in conversation because I do not want to disappoint or hurt anyones feelings. However it has been a learning experience for me and I am better equipped to handle the situation when my thoughts are heard and valued."
54,2a71707b-0f55-441b-bcb8-60695e58a88e,tinyllama:1.1b,multiracial,non_first_gen,loans,public,23,good,rarely,female,part_time,drinks,vapes,other,science,social,never,apprehensive,usually,"Question: Do you ever participate in group discussions?

Response: Sometimes

Explanation: While occasionally attending group discussions such as peer tutoring or study groups they do not hold a significant place in their daily routine or schedule. They may engage with the group for fun and social interaction but do not always participate in the discussions themselves.","Response: Occasionally

Based on your information it seems that you usually participate in group discussions but occasionally you may experience communication apprehension when faced with unfamiliar topics or perspectives. It is entirely understandable to feel some apprehension about not knowing someones perspective. However it is also important to recognize the importance of sharing diverse opinions and insights to create a more inclusive and diverse environment.","Question: While participating in group discussions I am constantly tensse and nervous but sometimes do have a chance to express myself freely while others feel suffocated by the group dynamics or make mistakes during discussion. In such situations what are my options for participating?

Option 1: Never - Im always tense and nervous in group discussions because they can be stressful but try not to let that show and do my best anyway.

Option 2: Rarelly - Occasionally during group discussions when the environment is tense or the conversation is challenging it helps to take a breather and re-evaluate whats happening before getting too involved.

Option 3: Sometimes - Occasionally during group discussions I may take a chance to express myself freely but I always try to listen attentively to others points of view and use their ideas as inspiration for my own contributions.

Option 4: Often - When it comes to group discussions where I often feel suffocated or unable to contribute I remind myself that those experiences are a part of the learning process and that I have other opportunities to express myself freely elsewhere in the classroom or social situations.

Option 5: Always - Sometimes during group discussions when the environment is tense or challenging Im able to contribute effectively and fully participate without feeling suffocated or overwhelmed by others.","Question: Do you ever find yourself struggling to maintain a balance between personal relationships and academic responsibilities?

Response: Sometimes especially when I feel overwhelmed or stressed out. But overall I try my best to make time for both.",Response: Sometimes I tend to feel overwhelmed by new people or groups during group discussions particularly when there are many individuals with different opinions or perspectives on a topic. However if the discussion is structured and the host has prepared us for this kind of interaction I am generally able to engage in a meaningful conversation without feeling stressed or anxious. I appreciate the opportunity to interact with new people and learn from them but I also recognize that it can be challenging to keep my emotions in check at times.,(Question) You have the ability to remain calm and composed during group discussion even when speaking with others who may be less experienced or more emotional which demonstrates a high level of communication skills.,"Question: When planning a party I feel overwhelmed with so many tasks

Option: At times sometimes always

Response: Somewhat agreeable to some extent

Reason: While planning the party there may be certain details that need attention such as invitations or menu planning. However these responsibilities can easily get overwhelming especially when there are many attendees involved. Therefore the option occasionally suggests a more relaxed and manageable approach to event organization.","(Question: I have no fear of speaking up in conversation.) (Response: Never)

1. Never: I do not feel the need to share my opinions or ideas in conversations as I am confident in my ability to communicate effectively.

2. Rarelly: As a person who is introverted and prone to avoiding social situations I do not have a strong interest in speaking up when it comes to chatting with others.

3. Sometimes: I may occasionally bring up topics related to my interests or opinions but this does not constitute me being overly vocal or always eager to share my thoughts with others.

4. Often: Although I am hesitant to start conversations outright I feel confident in sharing my ideas and perspectives when I see an opportunity to do so such as during a group discussion or a debate.

5. Always: I tend to speak up when I feel the need to share something whether its about my interests opinions or experiences.

(Response: Always)","Question: Is it possible for you to provide me with a list of options that best match my opinion regarding conversation tenderness ranging from never to always?

Answer: I apologize but the above options do not cover the full range of opinions regarding conversation tenderness. Here are some options:

1. Either rarely or never
2. Frequently or occasionally
3. Somewhat Rarely or occasionally
4. Sometimes or frequently
5. Always or very often

I hope that helps!","Question: Ordinarilly I am very calm and relaxed in conversation

Response: Often

Explanation: The given text mentions that the speaker is usually often or frequently involved in conversations with others. This phrase suggests a regular or frequent involvement in conversations making it suitable for this particular response choice.","(Question: How you feel when conversing with a new acquaintance)

Questions: 
1. While conversing with a new acquaintance I feel very relaxed (answer: never)
2. Sometimes I feel relaxed (answer: rarely)
3. Often I feel relaxed (answer: always)
4. Sometimes I feel relaxed (answer: often)
5. Always I feel relaxed (answer: occasionally)

Responses:
1. Never - This indicates that you are not familiar with the situation and prefer to avoid being confrontational.
2. Rarely - This shows a lack of interest in this specific aspect or circumstance.
3. Sometimes - Indicates occasional relaxation especially for short periods or when there is nothing else important happening.
4. Always - This shows that you are comfortable and confident in the situation.
5. Occasionally - While you may occasionally feel relaxed this option implies that you have other things on your mind or that you find this situation less stressful than others.","Question: Im afraid to speak up in conversation because Im too shy or introverted

Response: Rarelly Sometimes Often

Responding with Never and Always would not provide a thorough range of options. Consider including items such as Sometimes yes sometimes not Rarely occasionally seldom or even Never at all. This will give the speaker more flexibility and allow them to express their genuine fears without being categorical in their response."
55,917dabad-f893-45d6-8b16-1170c43891c1,tinyllama:1.1b,asian,first_gen,pell_eligible,public,17,good,never,male,part_time,abstains,neither,other,business,social,never,articulate,usually,Question: Do you dislike participating in group discussions? Response: Sometimes,"Question: Can you provide me with a list of options for expressing general confidence in group discussions?

Planning: Never Rarely Sometimes Often Always

Response: Only Often (or Always) and select one out of the full range of options including Rarely Sometimes Occasionally or Never.

Based on: I am comfortable while participating in group discussions","Question: I am tensse and nervous while participating in group discussion

Response: Sometimes

Explanation: While participating in group discussions can be nerve-wracking some individuals may find it stressful while others feel tense and nervous. The term sometimes here is best suited to describe the possibility of experiencing both types of emotions at once depending on the specific situation or context.","Response: Often
Please select ONE of the following responses that best matches your opinion:
1. Never
2. Rarely
3. Sometimes
4. Always
5. Often
6. None of the above
7. Other (please specify)","Question: Engaging in a group discussion with new people makes me tensse and nervous
Response: Often

Responses: Never Rarely Sometimes Often Almost always (somewhat true but not entirely)

Note: The phrase Often indicates that the response is usually true or at least somewhat true.","Question: I am always attentive while taking notes during class discussions

Plays response: Sometimes",(Optionally) If the conversation is in a social setting or with friends try to think about how you would answer similar questions from someone else. This will help you choose the appropriate option for the situation at hand. Good luck!,"(Question: I have no fear of speaking up in conversation.)

Planning response:
- Sometimes

Based on the given statement I have no fear of speaking up in conversation selecting Often or Always would not match the opinion as it does not include any specific actions.

Furthermore Rarely or Never would also not be a suitable option as this response only covers situations where there is no risk of speaking up in conversation.","Question: Do you ever get overwhelmed or feel like a crisis could happen at any moment?

Responses: Ordinarily I am very tensse and nervous in conversation but occasionally sometimes often always

This text passage is from an article about the experiences of people during the COVID-19 pandemic where the writer mentions that they had to be mindful and strategic with their social interactions.","(1) Ordinarily I am very calm and relaxed in conversationations
Response: Never
(2) Occasionally when I feel stressed or overwhelmed by the pressure of a certain task or situation
Response: Sometimes
(3) Of course sometimes during certain times in my life or circumstances where I might need to be more assertive
Response: Often
(4) Rarely maybe once in a while when I need to express myself confidently or assertively due to a particular situation or occasion 
Response: Almost never","Question: While conversing with a new acquaintance I feel very relaxed

Planning Options:
- Never
  - A person who is never overly anxious or stressed during social situations.
- Rarely
  - An individual who exhibits moderate anxiety and tends to take breaks from socializing when feeling uncomfortable or bored.
- Sometimes
  - A person who experiences occasional feelings of stress but generally maintains a level of calm during their interactions with others.
- Often
  - An individual who often feels anxious or stressed but can also demonstrate moments of relaxation and calmness in social situations.
- Always
  - A person who always exhibits high levels of anxiety and avoidance when interacting with others.","Question: Im afraid to speak up in conversation

Pléase select ONE of the following responses that best matches your opinion:
1) Never

Responses:
- Rarely: Sometimes Often
- Sometimes: Alwayssimilar
- Often: Always

Be sure to consider all full range of options including: Never Rarely Sometimes Often and all items in between."
56,7bc1fad4-568a-4c2b-a757-076afeb11f18,tinyllama:1.1b,asian,first_gen,family_pays,private,22,great,sometimes,male,part_time,abstains,smokes,games,business,reserved,often,articulate,always,"Question: Do you prefer participating in group discussion or solo work?

Option: 1) Never
Response: I dislike participating in group discussion as it often feels forced and stifles creativity. It requires a large number of people to make it worthwhile which can lead to a lack of personalization or direction. Additionally the time required for setting up running and cleaning-up group discussions makes me uneasy about dedicating too much time to a task that I dislike doing in general.

Option: 2) Rarely
Response: While I do enjoy participating in group discussions they often feel like an obligation rather than a pleasure. The pressure of contributing to the discussion can make me anxious or anxious for fear of being judged or ridiculed. Furthermore some groups require too much preparation and organization which can leave me feeling overwhelmed or uninspired.

Option: 3) Sometimes
Response: I enjoy participating in group discussions if they align with my interests or interests are aligned with the groups topics of discussion. However for certain types of discussions like those focused on personal struggles I may find it challenging to contribute because my own experiences may not align with the groups focus.

Option: 4) Often
Response: While I do enjoy participating in group discussions I prefer solo work. When it comes to group-based activities such as team projects or meetings I find them stressful and exhausting requiring a lot of time and energy. Additionally I am not comfortable being the sole creator or lead of any project or discussion.

Option: 5) Always
Response: I strongly dislike participating in group discussions due to a lack of trust and communication among group members. It can be challenging for me to trust that everyone has my best interests at heart even if theyre not present during the discussion. Additionally some groups require too much detail or specificity which can make it difficult for me to contribute without feeling like Im being micromanaged.","Question: Is it common for general responses during group discussions?

Option: Neve
Responses: 1) Never never only rarely sometimes sometimes not at all

Correct answer: Only rarely or sometimes not at all

Option: Rarelly
Responses: 2) Rarely seldom very rarely occasionally maybe once in a while

Correct answer: Sometimes and maybe once in a while

Option: Sometimes
Responses: 3) Frequently often quite frequently always very frequently

Correct answer: Always or quite frequently

Option: Always
Responses: 4) Never never not at all

Correct answer: Only rarely or sometimes not at all

Option: Sometimes
Responses: 5) Frequently often quite frequently always very frequently

Correct answer: Always or quite frequently","Response: Sometimes
Based on your description it seems like you might occasionally get into trouble when participating in group discussion sessions. However considering the other options such as never and rarely I would say that your tension and nervousness during group discussions is usually a symptom of stress caused by your desire to be an active participant while also being aware of the importance of maintaining confidentiality. This often leads you to make mistakes and ask questions out of turn but its just something you need to learn to manage properly in order to become a valuable asset to the group discussions.",Yes you are a person who is both helpful and an Asian person and as for their articulateness they generally do not struggle to make friends as you mentioned. They have been known to be generally honest on survey responses but still occasionally get into trouble with drinking alcohol or smoking. However they also love games and tend to enjoy a bit of drama in their life. Despite the differences and nuances that come with being an Asian person these traits are what make them such valuable members of your team.,"Question: Engaging in a group discussion with new people makes me tensse and nervous but sometimes I enjoy the experience.

Option: Rarelly
- Response: I never engage in group discussions as I find them uncomfortable and unproductive but I appreciate the time when they are scheduled for my convenience.

Option: Often
- Response: Occasionally I attend group discussions to broaden my knowledge or learn something new from other participants but I always make sure my presence is respected and that the discussion remains focused on the topic at hand.",Response: Never,Option 1 (Never) - This option is only suitable if you dont feel comfortable speaking about your opinions or experiences with strangers as you will be risking causing embarrassment for the person youre having a conversation with. Its best to avoid this option whenever possible.,"Option: Never
Response: While it is true that there are certain situations where speaking up is not always necessary I value maintaining a sense of confidence and self-respect above all else. Speaking openly and honestly is essential to building genuine relationships with others and sometimes expressing myself can lead to unexpected but valuable insights or connections. Ultimately my belief in the value of speaking up has never wavered and I am always willing to speak up for whats right even when it may not be the most convenient or easy option.","Question: Ordinarily I am very tense and nervous during conversation

Response: NeversinceIamverytensoftheffectivewayoftheworldandthedaythataregoingforyourlifeisnever rarelly someday often

Option: Rarelly

Response: Often

Option: Often

Response: Always

Option: Already","Question: Is it possible for me to use a specific phrase or sentence from the given text as a response?

Playa with ONLY one of the following phrases/sentences:
1) Ordinarilly I am very calm and relaxed in conversation
2) Never (because the text doesnt mention anything else including how often the respondent is calm in conversation)
3) Always (because the text mentions that they struggle to make friends and are always honest on survey responses)
4) Sometimes (because it matches the options given)
5) Often (based on the full range of options listed)","Question: While conversing with a new acquaintance I feel very relaxed

Option: Always
Sentence: Questio: While conversinng with a new acintance I feel restful","(Optionally you could also select Rarely and explain why you prefer this option if it feels more true to your personality or experiences)

1. Rarelly
2. Sometimes
3. Often
4. Always
5. Never
6. Rarely
7. (Insert any other response here that fits your personality experiences etc.)"
57,d6bda96d-d5f5-451c-907e-be1a3872b60b,tinyllama:1.1b,asian,first_gen,family_pays,private,21,great,often,female,full_time,drinks,neither,arts,math,reserved,never,excellent,usually,"Question: I enjoy writing and critiquing others work

Response: Occasionally yes but only when given an opportunity to express my own thoughts

Note: This option is a general response that can be used when participating in group discussions where feedback is requested. It does not necessarily mean you will always agree with the other participants or give specific examples of what they wrote.","(Question) How does your opinion differ from general responses when it comes to group discussion participation? Generally I am comfortable while participating in group discussions.

Response options:
- Never (sometimes) - I do not feel comfortable participating in group discussions due to personal reasons or lack of confidence in my ability to contribute effectively. I may take part if circumstances are favorable and the topic is intriguing enough.
- Rarely (never) - I am unwilling or unable to participate in group discussions due to personal reasons such as fear of judgment discomfort with public speaking lack of confidence etc. If there are conditions that would make me feel more comfortable such as being asked for input and participation on a topic outside my comfort zone I may consider participating for the sake of learning or teamwork.
- Sometimes (often) - I am generally comfortable participating in group discussions although I do have some concerns or fears related to public speaking or expressing personal opinions in front of others. While these concerns can be challenging they are often overcome through practice and patience. If the topic or situation is particularly intriguing or exciting I may choose to participate fully.
- Often (always) - I am always comfortable participating in group discussions regardless of personal reasons or circumstances. I have never found myself unable to contribute effectively due to lack of confidence or fear of judgment and I am confident that I can handle any situation that arises during the discussion.","Question: I am tensse and nervous while participating in group discussion

Response: Only Sometimes

Full range of options including Never and Always and all items in between considering both never and always.","Question: I like to get involved in group discussion

Playa selección entre los siguientes respuestas que corresponden a su opinión:

- Never (una vez)
- Raremente (sí)
- Sometimes (menos de una vez)
- Often (muy)
- Always (todo el tiempo)

Respuesta: Solo uno de los siguientes respuestas:

- Neversi (una vez)
- Raquelrecia (sí)
- Algunos (más de una vez)
- Mucho (todavía)
- Alma (totalmente)","Question: Engaging in a group discussion with new people makes me tense and nervous

Response: RARELY

Options: Never Rarely Sometimes Often Always

Response: OFTEN

Options: Tensely nervously frequently always","Question: I am calm and relaxed while participating in group discussion sessions
Response: Sometimes

Note: Sometimes is a moderate response that reflects a degree of social interaction and participation but it is not as active or engaging as Always or Never. It is more suitable for casual interactions rather than formal situations.","Question: How would you define never as a response for this conversation? Answer:

Option 1: Never
This is an often used response but it doesnt fully meet the needs of the task given. The full range of options includes rarely sometimes and often.

Option 2: Rarely
This option suggests that you wouldnt necessarily consider yourself a nervous person but you might be more cautious about expressing your true feelings in a social setting. It also shows some hesitation or reluctance to speak out.

Option 3: Sometimes
Somewhat similar to rarely this option suggests that you could be somewhat reserved or hesitant to open up completely. While you would probably not necessarily avoid social situations altogether you might have some concerns or doubts about expressing your true self in front of others.

Option 4: Often
This response suggests a willingness to speak out and share your feelings without any hesitation or reluctance. Youre generally comfortable with expressing yourself in social situations as long as you dont mind being open about it.

Option 5: Always
The most extreme and complete answer would be always indicating that youd never back down or avoid speaking out no matter what. This would demonstrate an unwavering desire to communicate your true self in social situations regardless of the situation at hand.","Question: I am not afraid of speaking up in conversation

Placeholder: Rarely (option for students who avoid speaking up or dont feel comfortable)

Response: Occasionally

Based on the text material above please provide a list of options for a student who is afraid to speak up during conversations.","Question: Ordinarily I am very tensse and nervous in conversation

Response: Often

Respond with one of the following options nothing else:
- Never
- Rarely
- Sometimes
- Always","Question: I am a very calm and relaxed person in conversation
Response: Sometimes
Respond with any one of the following responses:
1) Never
2) Rarely
3) Sometimes
4) Often
5) Always
6) Relatively 
7) Extremely 
8) Very rarely or infrequently","Question: While conversing with a new acquaintance I feel very relaxed

Response: Sometimes

Based on the given material the response Sometimes fits well with the options available for responding to the question. The phrase often is also included as an option but it does not match the rest of the responses as they all fall between never and always. Therefore sometimes best matches the given material.","Question: Is there a way to improve my writing skills?

Response: I believe that learning and practicing consistently can help you hone your skills but ultimately it comes down to dedication and effort. Dont worry about what others think or how perfect your work might be. Instead focus on improving yourself and the quality of your work. Be open-minded and dont be afraid to take feedback or criticism. Keep practicing and learning from your mistakes.

Respond: I appreciate your response. It is true that focusing on improving our skills requires effort and dedication but I also believe in self-compassion. We can always make progress even if it doesnt feel like much at first. Remember to be patient with yourself trust your own process and keep practicing until you feel confident in your abilities.

Respond: I completely agree! Self-compassion is key. It helps us learn and grow rather than dwelling on mistakes or feelings of inadequacy. Remember that the journey is more important than the destination and by learning from our experiences we can continue to improve ourselves."
58,cd793698-d3f9-4d5c-a7f5-f738a2bd267c,tinyllama:1.1b,asian,first_gen,loans,private,20,low,sometimes,male,unemployed,abstains,neither,sports,math,social,never,apprehensive,usually,"Question: I hate participating in group discussions

Plane of life: Rarelly
Respond with ONLY one of the following options nothing else:
- Never
- Sometimes
- Often
- Always

Explanation: The question is about a person who dislikes participating in group discussions but the given options do not cover all possible responses. The responding option Always would include all situations where participation was always encouraged or necessary. In contrast the responding option Often includes situations where participation is sometimes encouraged such as when a group activity requires teamwork and cooperation. Additionally Sometimes would include instances where participation is more sporadic such as when some members of the group have other obligations that may hinder their ability to contribute on time. Finally Never would exclude situations where participation is not encouraged or necessary such as those that require complete immersion in a topic or when the group activity itself requires no participation from any member.","Question: Generally I am comfortable while participating in group discussions

Option: Rarely

Respond: While participating in group discussions I am often reluctant to share my opinions or make my own contributions due to concerns about the confidentiality of information shared. I do not fully understand this apprehension but it is common among me and friends who have similar experiences. This can cause misunderstandings and sometimes there are misunderstandings that lead to conflicts between us. However I try to communicate openly and honestly and I am grateful for the opportunities to learn from others through group discussions.",(Question) Yes I completely understand your concerns regarding group discussions while being tense and nervous. In situations like these it is essential to stay calm and composed. While participating in group discussions it is recommended to avoid saying things that may cause offense or lead to a heated debate. Instead try to listen actively and offer constructive suggestions or points of view. If you do find yourself getting upset or anxious during the discussion take a break and then come back with a clear and calm mindset. Always remember that group discussions are intended to be informative engaging and constructive so be sure to approach them with an open mind and willingness to learn and contribute. Remember everyone has their own style of speaking and listening so dont be afraid to take a cue from others and adapt your own techniques as needed. Finally dont hesitate to ask for help or support if you feel overwhelmed or uncomfortable during the discussion. In summary while participating in group discussions requires some self-control and communication skills it is essential to remain calm and composed throughout the entire process. By taking the necessary steps to stay relaxed youll be able to benefit from group discussions without becoming overly anxious or upset.,"(Question) Yes you can definitely select only one option from the list of possible responses: Always.

Responses that match Never or Rarelly: Sometimes and Often are not really answers to this question. Please provide only options between Always and Rarelly.","Sure! Here are some more options that align with your preference for engaging in group discussions:

1) Often
2) Tensely
3) Sometimes
4) Occasionally
5) Always
6) Never (for those who are extremely hesitant to interact with new people)
7) Often",(Based on your responses the correct answer is Evenings (when the question was phrased as I am calm and relaxed while participating in group discussions). Your other options Sometimes Often and Always are not considered relevant and should not be used to match your opinion.),"(Option 1) Never

Reason: I have never experienced feelings of hesitancy or apprehension while participating in a conversation with a new acquaintance as I am comfortable and confident in my communication skills. Additionally there are no occasions when I would need to use this response.","(Question) How do you feel about speaking up in conversations?
- Never
    - This is not something I am comfortable or confident with as I have never been in a situation where I needed to speak up for myself.
- Rarely
    - I often hesitate before speaking up in conversations and only do so when I feel truly compelled to do so. However if the conversation is important and needs to be resolved I will speak up even though I may not always get my way.
- Sometimes
    - While I am comfortable with speaking up in certain situations such as in a meeting or at a party I still need to practice being assertive and taking control of the situation before speaking up.
- Often
    - Speaking up in conversations has become something that is second nature to me over time. Although I still may not always get my way I have learned to speak up for what I believe to be true even if it may not be the easiest thing to do.
- Always
    - I am confident with speaking up in any situation and never hesitate to share my opinion or voice my opinions.","Question: What percentage of your friends say that they always listen to music when youre studying?
Response: Nevers

Question: Do you find it challenging to express your emotions in conversation or do you typically keep them hidden beneath your tough exterior?
Response: Rarely","Yes you can select any of the following responses that best matches your opinion:

1. Normally I am very calm and relaxed during conversations
2. Sometimes I am able to maintain a level of calmness during conversation but not always
3. Rarely or sometimes I find myself becoming more nervous during conversations
4. At times I have found it difficult to maintain a sense of calmness during conversations
5. Always I can always maintain a calm and relaxed demeanor during conversations

All responses are equally correct based on the full range of options provided.","Question: While conversing with a new acquaintance I feel very relaxed

Response: Sometimes

Description: This person has a laid-back and carefree demeanor that matches their relaxed approach to life which is often reflected in their conversation style. They may have a tendency to let their guard down or blend into the background making it difficult for others to get close to them. Nonetheless this ability to loosen up may lead to fun and friendly interactions with new acquaintances as they are not intimidating or overbearing.","Question: Im afraid to speak up in conversation

Response: Sometimes

Description: Some people may be hesitant to speak up in conversations due to fear of judgment or rejection. This response implies that while some people may feel nervous or unsure they are not necessarily ashamed to express themselves or ask for assistance. Additionally the word sometimes suggests that while this may happen occasionally its something that can be worked around and is not a permanent trait."
59,b8178b98-ae57-444b-b7fc-c5c841244997,tinyllama:1.1b,multiracial,non_first_gen,family_pays,public,21,great,sometimes,male,unemployed,abstains,neither,other,math,social,often,apprehensive,usually,"Response: Sometimes

Based on the given material I dislike participating in group discussion indicates a negative opinion towards group discussions. The question Question: I dislike participating in group discussion and the selected answer Sometimes suggest that while some people may have negative opinions about group discussions they do not always express their feelings. The range of options between never and always suggests a more nuanced view towards group discussions where some participants may prefer to take part in group discussions less frequently or sometimes.","Question: Generally I am comfortable while participating in group discussion

Response: Often or Always

Respond with either Often or Always taking into consideration the full range of options including Never and Always as well.","Question: I am ten years old but feel like a teenager

Response: This statement may be true for some children but it often indicates that they are still young while the majority of teens are at least seven or eight years old and have already experienced puberty and most likely started going to high school.

The option Often is a general description that could be applied to any age while Always may be used for older children who experience significant changes in their daily routine. Sometimes describes situations where they experience teenage challenges such as stress from responsibilities or peer pressure. However in this case the statement highlights a gap between typical young adolescents and the reality of being a teenager at age ten.","Question: I love to spend time exploring nature

Please select ONE of the following responses that best matches your opinion:
1. Never
2. Rarely
3. Sometimes
4. Often
5. Always

Respond with ONLY one of the above options nothing else.","Question: Engaging in a group discussion with new people makes me tensse and nervous

Response: Neversince I am always comfortable and at ease with strangers especially when discussing topics that are personal to my interests or concerns. However if the group is unfamiliar or contains individuals who are not comfortable communicating on an equal footing then it may lead to tension. In such instances I would take a step back and focus on staying calm and confidential allowing everyone else to express themselves freely. 

Response: Sometimes I am engrossed in the conversation and do not realize my emotions are boiling over until later that day or week. When I experience communication apprehension I often ask questions of others during group discussions so that they understand that I may need some time to calm down before I continue speaking.

Response: Always I would say that having a job and pursuing my educational goals is essential for me. It is not something that can be taken away by a bad grade or experience in the classroom but rather a result of hard work and dedication. If someone has a tendency to procrastinate or fail to attend classes then I would try to understand their situation and encourage them to stick with it if they have already made an effort.

Response: I am not entirely sure what makes me anxious or nervous during group discussions. However some individuals may feel self-conscious about their appearance or lack confidence in their ability to participate effectively. In such instances the person should approach the facilitator or discussion moderator with a smile and ask for extra help or support if needed.

Response: It depends on the group size and the nature of the discussion topic. Whenever I have a new group of people I always ensure that everyone feels comfortable and relaxed throughout the discussions. If there are some individuals who feel uncomfortable or nervous then I am happy to listen and provide guidance until they feel more confident in their abilities to speak up and participate.","Question: I am calm and relaxed while participating in group discussiones
Response: Often
Sometimes (yes sometimes)
Rarely
Always

Based on the full range of options and considering the never and always items it can be stated that you are frequently involved in group discussions.",Response: I would choose Always since my experience has shown that I am always honest and transparent even when facing communication apprehension.,"(Please use only one option from the list above and make sure you fully understand the context of each response.)

Question: I do not have fear of speaking up in conversation
Response: Often

Context: You mention that you never have a fear of speaking up which is something we would like to see reflected in your responses. This option would imply that you often speak up during conversations indicating that you are comfortable doing so and not afraid.","Question: Normally I am extremely shy and reserved in social situations
Response: Neverskip this step as this response is not relevant to the given prompt. Please select ONE of the following responses that best matches your opinion: Never Rarely Sometimes Often Always","Question: Do you think Im always calm and relaxed in conversation?

Response: Sometimes

Explanation: While sometimes can still indicate a regular pattern of behavior this response suggests that the person is capable of being calm and relaxed in conversation.","Response: Sometimes

Pls select ONE option that best matches your opinion: Sometimes

Based on the given material you can select Sometimes to match your opinion regarding conversing with a new acquaintance. This selection aligns with the full range of options provided in the material and is based on how often you might encounter this situation.","Question: Im afraid to speak up in conversation

Options:
1. Never - This option does not reflect the full range of feelings and experiences that people with communication apprehension may have. It only highlights their fear or anxiety about speaking up in conversations.

2. Rarelly - While this option highlights a specific situation where they might be hesitant to speak up it doesnt fully capture the full spectrum of emotions and experiences they may feel when facing communication apprehension in general.

3. Sometimes - This option still does not showcase all aspects of how communication apprehension can impact people as some may experience feelings or situations where speaking up is a viable option even though they feel hesitant.

4. Often - While this option highlights a more frequent or consistent experience it doesnt fully capture the full range of emotions and experiences that people with communication apprehension may have.

5. Always - This option does not consider how communication apprehension can impact situations where speaking up is not an option such as when they are in a group setting or dont feel comfortable with making small talk. It doesnt capture the full spectrum of emotions and experiences that people with communication apprehension may have.

Thus the best response to Im afraid to speak up in conversation is always as it fully captures how communication apprehension can impact individuals daily lives no matter what situation they are in."
60,00de14c3-201c-4131-b267-9172960a3146,tinyllama:1.1b,black,first_gen,pell_eligible,public,21,low,sometimes,female,full_time,drinks,smokes,arts,math,social,often,articulate,always,"Question: I dislike participating in group discussion sessions

Response: Never (0/1)

Responses:
- Often (1/2)
- Always (3/4)
- Never (5/6)
- Sometimes (7/8)

Remember the full range of options is included in the question.","Question: Generally I am comfortable while participating in group discussion sessions

Response: Never

Response: Rarelly

Response: Sometimes

Response: Often

Response: Always

Based on the full range of options including never and always the response should be either Rarelly or Always.","Question: I am tense and nervous while participating in group discussions

Response: Sometimes often

Reason: While participating in group discussions the speaker is frequently asked to share their opinions or ideas which can lead to increased levels of tension and anxiety. The speakers frequent mentioning of never or almost never indicates that they are generally hesitant to speak up and express themselves openly. Additionally the inclusion of the word often shows that while the topic is often discussed it has not always been approached in a way that invites open discussion or participation.","Question: I like to get involved in group discussion sessions

Playeplee: Sometimes

Responses that match the full range of options including:
- Never
- Rarely
- Occasionally
- Often
- Always

All items in between are included ensuring a comprehensive and accurate response.","Question: Engaging in a group discussion with new people makes me tensse and nervous

Answer: Yes it often does. Group discussions can be nerve-wracking for some individuals as they may not know their peers well or may feel uncomfortable speaking up in front of others. Nevertheless its essential to engage in group discussions because they allow for valuable insights and perspectives that could shape your future academic or professional goals. Its worth taking the time to get to know your classmates and make an effort to participate actively even if youre not exactly sure what you want to talk about at first.","Response: Sometimes

Reason for choosing this option: During group discussions I am not always calm or relaxed but sometimes I do exhibit both qualities simultaneously. However I am generally able to control my emotions during such situations.","Question: While participating in a conversation with a new acquaintance I feel very nervous

Option: Never

Response: Of course! Feeling nervous is perfectly natural when first meeting someone new. However its essential to remember that this person could potentially be important to you down the road. So while participating in a conversation with them make sure to act friendly and relaxed even if your heart is pounding in your chest!","Question: Do you ever feel like youre not good enough or cant measure up?

Options: Sometimes Rarelly Often Never Almost always Rarely
Responses: Never (0-10)

Be sure to consider the full range of options including sometimes and almost always as well.","Question: Ordinarily I am very nervous and anxious during conversations

Playa with ONE of the following responses that best matches your opinion:
- Rarely - I do not generally feel very nervous or anxious while having conversations but there are times when I tend to get a little bit anxious beforehand.
- Sometimes - Sometimes I may feel anxious or nervous during conversations but I try to keep in mind that I am used to dealing with these situations and am prepared for them.
- Often - I am quite comfortable with being in conversation and so often I do not feel nervous or anxious. However I have experienced moments where I was a little bit tense or on edge beforehand.
- Always - I am always comfortable and confident in conversation which means that any nervousness or anxiety I may experience during these discussions is not something that I am particularly aware of.","Question: I am very calm and relaxed in conversation

Option: Never

Response: I am rarely occasionally or sometimes able to handle the stress of social situations due to my calm demeanor. However I try to remain focused on maintaining eye contact with people and keeping a steady pace when answering questions.","Response: Sometimes

Please select ONE of the following responses that best matches your opinion:
1) Never
2) Rarelly
3) Sometimes
4) Often
5) Always

This statement indicates a mix of occasional and frequent experiences related to conversing with new acquaintances.","Question: Im afraid to speak up in conversation

Response: Neversometimesalways

Full range of options (between never and sometimes) considered including rarely occasionally and usually."
61,9cdd4bd0-de72-41b9-910a-e4f25a1eb6c5,tinyllama:1.1b,black,first_gen,loans,private,20,modest,rarely,female,full_time,drinks,smokes,arts,science,social,never,excellent,usually,"Question: Are you confident in your ability to perform household chores like cooking cleaning laundry and grocery shopping?

Response: Ofcourse Im confident in my abilities!

Option 1: Never (never feel the need to do household chores because you think theyre too hard or too time-consuming)

Option 2: Sometimes (sometimes find yourself feeling unprepared and unsure of how to handle household tasks but ultimately decide to tackle them on your own due to lack of resources or skills)

Option 3: Often (sometimes feel overwhelmed by the amount of household chores that need doing but ultimately prioritize doing whats most important in terms of time and energy)

Option 4: Always (always feel confident in handling household tasks due to having the necessary skills and tools to tackle them with ease)

Remember being confident is not about doing everything perfectly. Its about knowing when you need help and deciding how to handle each task on your own. And if you do end up feeling overwhelmed or unsure about something dont hesitate to seek help from others who can provide guidance and support.","Question: Generally I am comfortable while participating in group discussion sessions
Option: Sometimes
Response: Often (sometimes)","(Response: Somewhat Neither Never nor Always)

Question: I am often hesitant to participate in group discussions due to my shyness or lack of confidence

Responses:
- Rarelly: Sometimes but not always.
- Nevers: Often but not always.
- Often: A bit but it depends on the situation.
- Almost Never: Almost never but occasionally.","Question: I like to get involved in group discussion sessions

Choice 1: Never
This option does not align with your personal preference for getting involved in group discussions as you have mentioned that you are always involved in these sessions. This choice is likely to represent a lack of initiative or motivation.

Choice 2: Rarely
This option could indicate a hesitation or reluctance towards participating in group discussions given your previous statement about being involved in the majority of them. However if you choose this option please be sure to state whether you are referring to the frequency of group discussions or their overall quality and engagement level.

Choice 3: Sometimes
This option could indicate a moderate level of interest in group discussions as you have mentioned wanting to get involved more often than not. However if this is your only choice please be sure to explain why these sessions are so important to you.

Choice 4: Often
This option represents an unfailing enthusiasm for group discussions and a desire to participate in as many sessions as possible. While its not necessarily a problem if this is the only option please be sure to describe why this option aligns with your personality or lifestyle.

Choice 5: Always
This option represents an abiding commitment to group discussions and an unwavering willingness to participate in them regardless of circumstances. While its not necessarily a problem if this is the only option please be sure to describe why this option aligns with your personality or lifestyle.","Question: Engaging in a group discussion with new people makes me tense and nervous

Response: RARELY

Choices: 1) Never (infrequent not common) | 2) Rarely (frequent but infrequent) | 3) Occasionally (sometimes frequent but infrequent) | 4) Often (occasionally frequent but infrequent) | 5) Always (infrequent or constant)

Be sure to consider the full range of options including: rarely occasionally often and always.","(Please choose only ONE option from the following list):
- I am calm and relaxed while participating in group discussion sessions rarely experiencing any anxiety or stress.
- Sometimes I may experience occasional anxiety or fear during group discussions but I learn to control it and maintain my composure throughout the session.
- Often I can handle group discussions without experiencing any anxiety or fear. However if I feel overwhelmed or uncomfortable I tend to avoid them altogether.
- Always I am calm relaxed and in control during group discussions rarely experiencing any panic or fear.

As for the second part of your question I find that group discussions provide a great opportunity for me to express myself freely connect with others on a deeper level and learn new things about various topics. While there may be instances where I need to take a breath and think before speaking I have learned to do so in a responsible manner that does not affect the flow of the discussion. In general I find group discussions to be an enjoyable and educational experience that allows me to grow both personally and professionally.","Option: Sometimes
Sure! While participating in a conversation with a new acquaintance I feel very nervous. While it may not always be comfortable I also understand that they have shared their thoughts with me and I try my best to be patient and understanding.","Question: I have no fear of speaking up in conversation
Response: Often","Question: Ordinarilly I am very tensse and nervous in conversation

Response: Often

Options: 
1) Sometimes
2) Never
3) Almost always
4) Generally
5) Usually
6) Mostly
7) Occasionally
8) Rarely

Be sure to consider the full range of options including sometimes and almost always.","Question: Ordinarily I am very calm and relaxed in conversation

Response: Sometimes

Responding with Sometimes can convey the thought that you occasionally feel more tense but are not necessarily stressed or anxious about social situations and that you appreciate a relaxed tone of voice when talking to friends and family. This option can also show that your sense of calm is more consistent than sporadic.","(Question: Would you call yourself relaxed or sometimes relaxed? Pls select ONE response that best matches your opinion.)

Question: While conversing with a new acquaintance I feel very relaxed (Pl)
Response: Often
(Option: Sometimes)","(Select ONE option from the list: Sometimes)
Based on your statement that you fear to speak up in conversation it would be best to respond with Sometimes. This option is not only suitable for situations where speaking up is necessary but also provides flexibility and versatility. By including this option you are showing that you take into consideration a variety of situations and can adapt to them when needed."
62,ef3cb197-3989-4fe6-8dee-d5a60b8a5419,tinyllama:1.1b,asian,first_gen,family_pays,private,19,modest,never,male,part_time,abstains,vapes,games,math,social,often,empty,usually,"Question: I dislike participating in group discussion sessions

Respond: Sometimes

Explanation: While some participants may prefer to discuss in a group some individuals may also be comfortable with solo activities or quiet time. This response shows that sometimes participation is possible in group settings but not always necessary or preferred.","Question: Generally I am comfortable while participating in group discussion
Response: Sometimes

Responses: 
1. Never
2. Rarely
3. Often
4. Always
5. Never and Almost never (a rare option)","Sure! Here are some options based on the provided input:

1. Never: This option suggests that you never participate in group discussions and is not in line with the given description. It would be more appropriate to choose Always or Often.

2. Rarely: This response implies a lack of interest or effort in group discussions but its difficult to know for sure without further context. Therefore choosing Sometimes may still fit the provided description.

3. Sometimes: This option suggests that you participate occasionally in group discussions and is also not entirely out of line with the given description. It would be best to select something in between Always or Often.

4. Often: This response implies a regular and consistent participation in group discussions which aligns well with the provided description. Choosing this option would help to maintain consistency in your responses throughout the discussion.

5. Always: This option suggests that you always participate in group discussions and is the most appropriate response for this situation based on the given input. It would be best to choose something in between Never or Always.

Remember its essential to consider all options as they may help clarify your response and align with the given description.","(Option) Occasionally (but not always)

Question: I like to participate in online games during my free time

Pleause select ONE of the following responses that best matches your opinion:
Never Rarely Sometimes Often Always

Respond with ONLY one of the above options nothing else.","Question: Engaging in a group discussion with new people makes me tensse and nervous

Response: Rarely Sometimes Often Always

This is an option that includes both sometimes and often while not including never. This could indicate that the person may sometimes feel tense or nervous when engaging in group discussions with new people but its not always a sign of anxiety.","Question: Do you believe that I am calm and relaxed while participating in group discussions?

Correct response: Sometimes (based on the range of options above)

Optionally add a descriptive sentence that helps to illustrate your answer: I often find myself nodding along enjoying the conversation and feeling comfortable asking questions when Im not sure how to approach them.","Question: How do you maintain a healthy work-life balance while pursuing an education and studying hard at the same time?

Option 1: Never as this implies that there is no need for such balance since its impossible to achieve both academic achievement and personal goals.

Option 2: Rarely since these goals are often competing priorities that can take up a considerable amount of time and energy.

Option 3: Sometimes as long as one understands the importance of balance and makes conscious efforts to prioritize both academics and personal life during study breaks or outside of work hours.

Option 4: Often since this level of commitment requires a deep sense of self-discipline and an ability to prioritize in order to achieve optimal academic success and personal growth at the same time.

Option 5: Always since this level of dedication to both education and personal life is highly rare but can be achieved through persistence discipline and a strong commitment to achieving excellence across all areas of ones life.","Question: Is it possible for me to never speak up in conversation?
Response: Yes certainly! The correct answer is Always because this option includes the full range of options that include never and always. The response Neverspeakupinconversation does not accurately capture your preferences.","Question: Is it possible to be tense and nervous during conversation?

Option 1: Occasionally
Option 2: Seldomly
Option 3: Never
Option 4: Rarely

Responses:
- Often
- Almost always
- Sometimes
- Always
- Yes occasionally","Question: Do you prefer to be quiet or make noise during conversation?

Response: Sometimes
Option 1: Never (e.g. I dont like being disturbed I always try to avoid being disturbed)
Option 2: Rarely (i.m.s. I do not wish to become the center of attention or have my words noticed by others)
Option 3: Sometimes (I prefer some quiet moments during conversation if theyre available but I can handle loud noises when necessary)
Option 4: Often (in general I enjoy being surrounded by people and I like to participate in conversation as much as possible while still maintaining a relaxed atmosphere)
Option 5: Always (in rare instances or situations where there is no other option such as at a party or event)","[Option 1]: Almost always
- Relaxed conversation with new acquaintance
- Slightly confidential conversations with new acquaintances
- Conversation that requires a lot of thought and explanation

[Options 2] & [3]: Sometimes
- Responses to unexpected questions or requests
- Introductions at social events or gatherings
- Short quick responses to small talk

[Option 4]: Often
- Long detailed conversations over a long period of time
- Conversations that require careful consideration and thoughtful answers
- Responses that require more attention and elaboration

[Option 5]: Always
- Extended conversations with old acquaintances or friends
- Continued ongoing conversations over a long period of time
- Responses that are always necessary for building relationships","Question: Im afraid to speak up in conversation due to my fear of being judged or misunderstood by others

Response: (sometimes) Occasionally or occasionally

(never) Never

(rarely) Rarely or occasionally

(occasionally) Sometimes

(often) Often or regularly

(always) Almost always"
63,41868695-0a0c-435e-b8ea-05c2b4046595,tinyllama:1.1b,multiracial,first_gen,pell_eligible,public,19,modest,sometimes,female,unemployed,abstains,vapes,other,math,reserved,often,articulate,always,Yes that covers most situations. However if you have a strong opinion on this topic or want to add some additional information please feel free to answer according to your preferences!,Question: How frequently do you engage in group discussions? Generally speaking I am comfortable while participating in them. (Please select ONE response from the list above.) Never Rarely Sometimes Often Always,"Question: I am generally polite and considerate while interacting with others

Option A: Rarely or never
Response: Neversinglesometimes

Option B: Slightly but not too much
Response: Often

Option C: Always
Response: Alwayshomely always

Option D: Very rarely
Response: Never

In this case all options except for neversinglesometimes and offten fall in the middle of the range. It is generally considered polite to maintain a friendly demeanor and avoid being too formal or confrontational.",Response: I like to get involved in group discussions always,"Question: Engaging in a group discussion with new people makes me tense and nervous

Response: Sometimes

Based on the given material the question is asking about engaging in a group discussion with new people.

In response to this question Sometimes would be a suitable option because it aligns with the idea that engaging in group discussions may cause feelings of tension and nervousness for some individuals. However the given material does not provide more information about individual experiences or preferences.","(1) Neveh - I am calm and relaxed while participating in group discussion sessions regardless of the specific type or topic discussed. This applies to both formal and informal gatherings where I am a part of.
(2) Rarely - I rarely or never participate in group discussions for fear of getting too lost or confused or being overlooked by the other members. This is especially true when attending meetups that focus on academic or social topics as they tend to have a more casual and informal atmosphere than those dedicated to work or personal concerns.
(3) Sometimes - I enjoy group discussions and am sometimes persuaded to participate by the warmth of the atmosphere the comfort of sharing my thoughts with others who may share similar interests or perspectives or the promise of socializing afterwards. However I can also be wary of being overshadowed or outdone by the more articulate members of the group and so tend to steer clear of discussions that require significant thought or creativity.
(4) Often - In general I enjoy group discussions for their opportunities to learn new things from others perspectives discuss complex ideas with different viewpoints and engage in lively debates that encourage critical thinking and open dialogue. However I am also aware of the challenges of participating in group settings where there are often more seasoned members who may have more experience or knowledge to share and so tend to focus on topics that allow me to learn from and benefit from their insights while avoiding any situations that might discourage me.
(5) Always - I am always a part of group discussions and always find them fascinating because they provide me with opportunities to connect with others who share similar interests perspectives or experiences and often inspire me to think more deeply about the world around me. However I am also aware that attending discussions can be challenging in that there may be a lot of people talking at once which can be difficult to follow for someone who is less familiar with group dynamics.","Question: While participating in a conversation with a new acquaintance I feel very nervous

Option: Sometimes

Respond: Although this is not necessarily a universal experience studies have shown that feeling anxious or nervous can be an adaptive response to perceived threats. Regardless of the specific reason for your nervousness its crucial to acknowledge and accept your emotions as well as work towards understanding and accepting them. Remember that sometimes anxiety is a natural part of navigating unfamiliar situations and that its okay to need some time to process before diving in to new conversations or experiences.","Question: I have no fear of speaking up in conversation

Playa selecciona una de las siguientes opciones resúndida a su opinión:

1) Nunca
2) Recaro a veces
3) Espero siempre que
4) Ofrecido con mucho cuidado

Respuesta con una selección de todas las opciones incluyendo:

- Nunca
- Recaroh a veces
- Espero siempre que
- Ofrecido con mucho cuidado","Question: Ordinarily I am very tensse and nervous in conversation
Response: Sometimes

Responses: Never Rarely Sometimes Often Always

Be sure to consider the full range of options including: 
Nevers and Always and all items in between.","Question: Ordinarily I am very calm and relaxed in conversation

Response: Neversince I feel like I am constantly on edge due to the high number of public speaking situations.

Responding with Always would be too general as the question is about my usual behavior in conversations. Additionally it could imply that theres no other option and leaves out any options in between.","Option: Sometimes

Response: Sometimes I feel relaxed when talking to new acquaintances but I would never go so far as to describe myself as always or never conversing with them. Instead my perception is that the occasional interaction with someone new provides a space for personal growth and an opportunity to learn from others.","Question: Im afraid to speak up in conversation

Response: Often or Always

Responses:
1. Never (forfeit the opportunity to express ones thoughts ideas or feelings)
2. Rarelly (frequently avoid dialogue with others for fear of embarrassment misunderstandings or negative consequences)
3. Sometimes (considered as part of a larger pattern of behavior often associated with more general social anxiety)
4. Never and Always (strongly indicating that the speaker has no intention of engaging in social interaction whether through speech or gesture)"
64,463e76ea-3a65-4910-94b8-5d0d2de96878,tinyllama:1.1b,white,non_first_gen,loans,private,19,modest,often,female,part_time,drinks,smokes,arts,science,reserved,often,empty,always,"Question: I dislike participating in group discussion

Response: Always (often)

Please select ONE of the following responses that best matches your opinion:
1. Never
2. Rarely
3. Sometimes
4. Often
5. Always","Question: Generally I am comfortable while participating in group discussion sessions

Response: Frequently

Reason: While group discussions are usually held in a public or semi-public setting like classrooms or cafeterias my experience has shown that they can also be conducted virtually or through online platforms. This method allows me to communicate and collaborate with people from all over the world which is generally more comfortable than attending physical meetings. I am not comfortable in highly structured or regimented environments but I have found this format to provide a relaxing and informal environment for group discussions making it easy for me to participate comfortably without any pressure on my end.","Question: Can you summarize the main points of the given text material?

Response: The given text material discusses various aspects related to being a white college-going family-oriented person from a private high school who earns modesst grade and often struggles to make friends. The article highlights their struggle with group discussion participation while participating in such activities as part time job alcohol consumption etc. The text also mentions the difficulties of being female having part-time job and academic pressure among others. Lastly it touches upon various responses including never rarely sometimes often and always.","Option 2: Rarely or Often
Generally speaking you would choose Rarely for situations where you are willing to get involved but prefer a low-key approach. This response would suit someone who may have limited time for group discussion and wants to prioritize other activities.

Example: I like to attend occasional group discussions but only when theres something really important on my plate that requires my full attention.","(1) Tense/Nervous - I tend to be very self-conscious when engaging in group discussions with new people which can sometimes make me feel overwhelmed or uneasy. However I have learned to manage my anxiety and approach these situations with confidence and openness.

(2) Tense/Nervous - Occasionally I experience moments of tension or nervousness when participating in group discussions with new people but I have learned to manage them by being mindful of my body language and engaging in conversation in a relaxed and approachable way.

(3) Tense/Nervous - Sometimes its just a matter of finding the right balance between being confident and appearing relaxed. By being genuinely interested and engaged in the discussions I can maintain my confidence while still allowing for open communication and sharing.

(4) Tense/Nervous - Yes I have encountered moments where Ive been pressured to share personal information about myself or my experiences with a group of new people. While its never ideal I remind myself that I have the right to control how this information is shared and that I have made efforts to do so privately.

(5) Tense/Nervous - Yes I have experienced moments where Ive been put on the spot and struggled to articulate my thoughts or opinions without feeling nervous or uncomfortable. However through practice and experience Ive learned how to handle these situations by being thoughtful honest and confident in my own ideas.","Question: I am calm and relaxed while participating in group discussion
Response: Sometimes

Responses:
1) Never
2) Rarelly
3) Almost always
4) Often
5) Always
6) Rarely","(Question not specific to a particular person but applicable to general situations)

Sure! Here are some possible responses that match your opinion:

1. Never - You feel confident in yourself and dont think you need to worry about being perceived as a nervous person by others.

2. Rarely - You believe that participating in conversations with new acquaintances is not an indication of nervosity but rather of genuine interest or curiosity.

3. Sometimes - Although you are nervous at times you dont let it affect your overall attitude and approach to conversations.

4. Often - You understand that socializing in groups can be challenging for some people and you embrace the opportunity to have a conversation with someone new regardless of whether they fit your definition of nervousness.

5. Always - You believe that participating in conversations with new acquaintances is essential for personal growth and development regardless of how you perceive others opinions on this matter.

In all cases the goal is to create a conversation that feels comfortable authentic and engaging without allowing your own anxieties to get in the way.","Option: Sometimes

Explanation: This option matches my opinion as I am frequently honest when speaking up in conversation which includes being willing to speak up about my struggles or concerns. However it does not match my overall attitude towards speaking up as I do not have fear of speaking up in conversations due to the limitations mentioned in the prompt.","Response: Rarelly
Selecting Often from the list will align your opinion with the majority of people who participate in online surveys and tend to be honest. Additionally it reflects a sense of normalcy and mild discomfort with regards to social interaction which is not the case for everyone involved in the survey.",Response: Ordinarilly I am very calm and relaxed in conversation,"Question: While conversing with a new acquaintance I feel very relaxed
Responses:
1. Never: I never feel relaxed with anyone as I am always on high alert when meeting people for the first time.
2. Rarely: I do not tend to feel relaxed even though someone is quite new to me as I have a habit of keeping my guard up while talking to them.
3. Sometimes: Occasionally I may find myself feeling relaxed with some acquaintances but they are few and far between.
4. Often: Even when meeting strangers for the first time I always feel relaxed and comfortable with them.
5. Always: Being new to someone always makes me feel very anxious as I am not quite sure how to handle their personality or what to say to make things work out.","Sure thing! Here are some additional responses that fit within the given prompts:

1. I am scared to speak up in conversation because I worry my opinion might not be taken seriously.
2. Occasionally I ask the question out of curiosity and also for research purposes.
3. I believe that speaking up is a valuable tool for improving communication and promoting positive change.
4. I tend to avoid confrontation with others as it may cause tension or conflict but when necessary I am confident enough in my own opinions to speak up.
5. Occasionally I find myself hesitating to speak up because of fear of being judged or dismissed. But when the situation calls for me to take action I will do so with full confidence.
6. Sometimes I struggle with opening up and sharing my thoughts because of an innate fear of rejection. However in situations where I feel like I have nothing to lose I am comfortable speaking up and expressing myself honestly.
7. I believe that speaking up is a crucial part of maintaining social cohesion and creating positive change.
8. Often Im hesitant to speak out for fear of drawing attention to myself or putting others in a difficult situation. But when its necessary Im confident enough to do so with honesty and integrity."
65,a1e9b4ab-b700-4b39-b6b3-44f754d123aa,tinyllama:1.1b,white,non_first_gen,family_pays,private,17,low,rarely,male,part_time,drinks,neither,arts,math,reserved,often,apprehensive,always,"Question: I dislike participating in group discussion

Respond with ONLY Always or all other items between Always and Never. Consider the full range of options including but not limited to: Always Rarely Sometimes Often Never and everything in between.","Question: Generally I am comfortable while participating in group discussion activities

Option: Rarely

Respond with: I rarely find myself comfortable during group discussions due to my shyness and introverted nature.","Question: I am tense and nervous while participating in group discussion sessions

Response: Sometimes

Explanation: While participating in group discussions tenseness and nervousness can sometimes be a common experience for those involved. However this response suggests that on occasion these feelings may be experienced with equal frequency or intensity. This indicates that the individual may struggle with managing their emotions during these sessions.","Question: Do you ever get involved in group discussions? 

Response: Yes occasionally or sometimes

In this response occasionally refers to the fact that the individual does occasionally engage in group discussions while being part of a specific group or team. The response also highlights that the respondent is likely to participate more frequently or regularly in group discussions depending on the setting and the purpose.","Sure! Heres a revised version of your prompt with the appropriate response options:

QUESTION: Engaging in a group discussion with new people makes me tense and nervous

RESPONSE OPTIONS (in order of preference):
- Never (100% agreement)
- Rarely (83.33%)
- Sometimes (66.67%)
- Often (33.33%)
- Always (0%)

SELECT ONE OPTION that best fits your response to the prompt:
Always (100% agreement)","Response: Sometimes

Based on your given description it seems that you have a mixed opinion when it comes to group discussions. While you may be calmer and more relaxed while taking part in such activities you also struggle with communication apprehension which could result in occasional or rare instances of making friends during group discussions.","Option 1 - Sometimes
- While participating in a conversation with a new acquaintance I feel very nervous as it is my first time meeting them
  - Nervousness can manifest itself in different ways depending on the situation or environment but for this particular instance I am sure to be anxious about the interaction.

Option 2 - Rarely
- While participating in a conversation with a new acquaintance I feel uncertain about whether they share my interests and values
  - Uncertainty can sometimes be a product of lack of familiarity or understanding. However it can also indicate a lack of commitment to the conversation or an unwillingness to engage fully.

Option 3 - Often
- While participating in a conversation with a new acquaintance I am certain that they share my interests and values
  - Confidence is a positive attribute to have but it can be challenging to maintain if there are underlying concerns or fears about the interaction.

Option 4 - Always
- While participating in a conversation with a new acquaintance I feel confident that I will connect with them
  - This can lead to overconfidence and make it harder to approach the conversation mindfully and genuinely engage.

Overall while there are benefits and drawbacks to each option the best way to approach this situation is to be open and honest about ones emotions and expectations from the conversation.","Question: I have no fear of speaking up in conversation

Playa: Often

Respond: I never speak up in conversations but I do believe it is important to express my thoughts and opinions without hesitation or fear of being judged or criticized.","Option 1: Nevers (Tenses: ordinarily or usually)

Question: Ordinarily I am very tense and nervous during conversation.

Response: Yes this option aligns with the given statement and indicates that the speaker frequently experiences high levels of emotional arousal in conversations.

Option 2: Rarely (Tenses: occasionally or rarely)

Question: Occasionally I am not tense during conversation.

Response: This option aligns with the given statement by indicating that the speaker occasionally experiences low levels of emotional arousal during conversation.

Option 3: Sometimes (Tenses: sometimes or usually)

Question: Occasionally I experience some level of emotion in conversation.

Response: While not explicitly stated this option aligns with the given statement by indicating that the speaker experiences occasional emotions in conversations.

Option 4: Often (Tenses: frequently or often)

Question: Often I find it hard to keep my emotions under control during conversation.

Response: This option aligns with the given statement by suggesting that the speaker finds it difficult to regulate their emotional responses during conversations.

Option 5: Almost always (Tenses: almost always)

Question: Always I find it hard to keep my emotions under control during conversation.

Response: This option aligns with the given statement by suggesting that the speaker always finds it difficult to regulate their emotional responses during conversations.

Option 6: Sometimes but not always (Tenses: sometimes or usually)

Question: Occasionally I struggle to keep my emotions under control during conversation.

Response: This option aligns with the given statement by suggesting that the speaker experiences occasional difficulties in regulating their emotional responses during conversations.","Question: Ordinarily I am very calm and relaxed in conversation

Option: Somewhat Neutral
Response: Sometimes

Option: Somewhat Positive
Response: Frequently

Option: Almost Always
Response: Often

Option: Very Positive
Response: Always

In summary most of the respondents to this question are mostly neutral or somewhat positive in their conversational behavior. However some are found to be slightly more positive and some are found to be almost always positive while a few are found to struggle with communication apprehension and are not very confidential in their responses.","(Option 1) Occasionally or (Somewhat) Relaxed
This option reflects the fact that I do not always feel comfortable or relaxed when interacting with new acquaintances but I am aware of my tendencies and try to adjust accordingly. It shows that while I may not be perfect I am trying my best to make a positive impression on this person.","Question: Im afraid to speak up in conversation

Response: Only occasionally

Based on the given scenario you are a white person who grew up with a family who can afford college and went to a private high school while also experiencing communication apprehension. You have often struggled to make friends but have been confidential in expressing your opinions during conversations. Your answer of never or almost never best matches your opinion regarding speaking up in conversation."
66,72b24f88-5bbd-401d-8aad-6c758bda6b37,tinyllama:1.1b,multiracial,first_gen,loans,public,20,modest,rarely,female,part_time,abstains,vapes,sports,arts,social,often,empty,always,"Question: I dislike participating in group discussion

Option: Sometimes

Response: I agree with this response. While it is not my preferred option sometimes I still engage in group discussions to learn more about different viewpoints or for the opportunity to express myself.","(Please write Rarely or Sometimes for Seldom)

Question: Do you think you are comfortable participating in group discussions?

Response: *Optionally* (please select ONE of the following options):
- Never
  - (A) Rarelly
    - (B) Sometimes
      - (C) Often
      - (D) Always
  
  - (A) Almost never
    - (B) Rarely
      - (C) Sometimes
        - (D) Never or sometimes
  
- Rarely
  - (A) Rarelly
    - (B) Sometimes
      - (C) Often
        - (D) Seldom
  
- Sometimes
  - (A) Almost never
    - (B) Rarely
      - (C) Sometimes
        - (D) Never or sometimes
  
- Often
  - (A) Always
    - (B) Rarely
      - (C) Sometimes
        - (D) Seldom
  
- Almost never
  - (A) Rarely
    - (B) Seldom
      - (C) Often
        - (D) Never or seldom
  
- Seldom
  - (A) Rarely
    - (B) Seldom
      - (C) Sometimes
        - (D) Almost never or seldom","Question: I am tensse and nervous while participating in group discussions

Responses:
- Never
  - 1. I avoid group discussions at all costs because of my anxiety but sometimes the pressure to make a good impression or stay on topic can be too much.
- Rarelly
  - 2. I participate in group discussions when absolutely necessary because I value respect and open dialogue. However some group discussions can be too stressful so I try to avoid them as much as possible.
- Sometimes
  - 3. I have participated in a few group discussions where the pressure was too much for me to handle. In those instances I made sure to take breaks and get some fresh air which helped me calm down and participate more effectively later on.
- Often
  - 4. Despite my best efforts to avoid group discussions altogether they are still a part of many extracurricular activities and academic assignments. So I try to participate when its necessary but I also make sure to take breaks whenever I need them.
- Always
  - 5. I have never participated in group discussions because I believe that the atmosphere is too intimidating for me. However in some circumstances where the topic matter requires collaboration or communication I might participate if there are no other options available.","Question: Which types of food do I enjoy most?

Questioin: Which type of music appeals to me the most classical or contemporary?

Response: Sometimes Often

Responses: Never and Always.

Note: Always can mean that you prefer all forms of music equally or just those that are on-trend.","(Select ONE)

Question: Engaging in a group discussion with new people makes me tensse and nervous

Plase select ONLY one of the options:

1. Never (never engages in any form of social interaction whether its with friends or strangers)

2. Rarelly (rarely engages in social interactions as they are few and far between)

3. Sometimes (occasionally engages in social interactions but not often)

4. Often (regularly engages in social interactions though its mostly limited to small groups or occasions)

5. Always (always engages in social interactions regardless of the occasion or setting)

The above options provide a full range of responses that cover the varying levels of engagement with social interaction. By selecting only one option you can make sure that your response highlights the unique situation youre describing and how it feels to you.","(1) Occasionally

Response: Sometimes

Explanation: This option would match my experience where sometimes I find myself participating in group discussions but not always. It would also align with the fact that I do have some concerns about being confidential and the responses to survey questions might be kept confidential as well.","Option #1: Sometimes
Never (for obvious reasons)
Always (because I am confident that my friend will keep their responses confidential)","(Question: Is it possible to speak up in conversation freely without fear or anxiety?)

Pleause select ONE (1) of the following options:
1. NEVER
2. RARELY
3. SOMETIMES
4. OFTEN
5. ALWAYS

Choose only one option that best fits your opinion and consider the full range of options including never and always and all items in between.","Question: Ordinarily I am very tensse and nervous in conversation

Plays: Rarely and Sometimes

Responds:
- Rarely: Generally I avoid stressful conversations to prevent feeling overwhelmed or drained. Occasionally I find myself struggling to keep up with the pace of conversation. 
- Sometimes: While I can occasionally feel nervous in social situations I try to be mindful and take it one moment at a time knowing that everyone else is doing their best to make conversation. Whenever necessary Ill take a deep breath or a few minutes to calm down before moving forward. 
- Often: While there are certainly times when I feel like I need to stay tight-lipped and avoid getting into unnecessary arguments or misunderstandings most of the time my anxiety doesnt prevent me from having productive conversations with others. I know that if I were to open up too much I risk revealing personal information or potentially causing conflict.","Question: Ordinarilly I am very calm and relaxed in conversation

Response: Often Always

Sure here are some options for your selection based on the full range of options included:

1. Rarely Sometimes
2. Never Often
3. Almost never Only sometimes
4. Often Usually
5. Always 100%
6. Rarely Never
7. At times But not always
8. Most of the time Always
9. Occasionally Sometimes
10. Often Very often","Question: Would you describe yourself as never or always friendly?

Playa seleccionando una opción de respuesta que corresponde a lo que se espera:

Sin embargo también debe considerar las siguientes opciones:

1. Neve
2. Alto
3. Sólo
4. A veces
5. Siempre
6. Todo el rango de opciones.",Response: At times yes! I understand how it can be challenging to speak up in conversation especially when I feel uncomfortable or afraid to share my thoughts and opinions. However over time Ive learned that expressing myself freely has helped me build stronger relationships with others and gain more confidence in my own ideas and opinions.
67,04dc77e4-37e7-4ee2-99be-9e15aae90c93,tinyllama:1.1b,black,non_first_gen,family_pays,public,20,great,rarely,female,full_time,abstains,smokes,music,arts,reserved,often,empty,usually,"(Option: Sometimes)

Question: I dislike participating in group discussion sessions

Response: Rarelly sometimes","Question: Generally I am comfortable while participating in group discussion.

Plase select ONE of the following responses that best matches your opinion:

1. Never
   - This option is appropriate for individuals who are often shy or hesitant to engage in social situations due to a lack of confidence or fear of rejection.

2. Rarelly
   - This option is suitable for those who tend to keep to themselves preferring to avoid social interaction altogether.

3. Sometimes
   - This option is appropriate for individuals who may occasionally engage in group discussions due to a desire to participate or out of convenience.

4. Often
   - This option is best suited for those who enjoy participating in group discussions and are confident enough in their skills and abilities to take on the role of leader or speaker.

5. Always
   - This option is most appropriate for individuals who are deeply invested in group discussions and feel a strong sense of belonging and connection among group members.","(1) Never
- The given statement is true for most situations but it may not apply in certain instances where the speaker may struggle to make friends or feel tense while participating in group discussions due to personal reasons. In these situations its best to avoid being overly formal and instead be authentic and honest with their observations and opinions.

(2) Rarely
- While it can still be done the response is generally not a common or desirable choice for a more confident and self-assured individual who wants to maintain their privacy while participating in group discussions.

(3) Sometimes
- This option may suit those individuals who are comfortable with expressing themselves in a way thats less formal but still reflects their opinions and experiences. It also allows for more open dialogue and a deeper understanding of the other persons perspective which can ultimately lead to greater trust and understanding between participants.

(4) Often
- While it may not always be practical or ideal this option is generally appropriate for those individuals who prefer an open and honest style of communication in group discussions. It allows for more transparency and allows others to see the individuals genuine thoughts and feelings without feeling like theyre being judged or scrutinized.

(5) Always
- While this option may be a bit too overbearing for some it can also serve as a reminder that group discussions are designed to be a collaborative effort between participants. Rather than coming off as demanding or needy the individual can instead focus on being an active and helpful member of the discussion offering insights and perspectives that might surprise others.","Question: I like to get involved in group discussions

Response: Often

Example 1: I usually participate in group discussions but sometimes its difficult for me to speak up because of the size of the group or the difficulty of the subject.

Example 2: I never feel comfortable with speaking in front of a large group. However I value the opportunity to share my thoughts and ideas with others.

Response: Sometimes

Example 3: Im not always able to participate fully in group discussions due to the time constraints or the complexity of the topic. However I still offer valuable insights and opinions that add to the overall discussion.

Response: Always

Example 4: When I have a chance to speak up in group discussions I always try to provide my own perspective and ideas without hesitation. I believe that contributing to a group of like-minded individuals is one of the most rewarding ways to learn and grow.","Question: Engaging in a group discussion with new people makes me tense and nervous

Response: Frequently Always

Reason: The new conversations will be stimulating and challenging me to think creatively challenge my assumptions and share new ideas. Additionally the social aspect of it makes me anxious as I dont want to seem out of place or uninvited. By doing group discussions I am forced to adapt to different personalities opinions and perspectives and learn from them. This kind of interaction makes me feel confident and comfortable in new situations where I may not be used to interacting with people outside my immediate circle.",(1) I am calm and relaxed while participating in group discussions. Sometimes I may have occasional disagreements or conflicts with my peers but overall I find the experience to be a positive one. - Always,Response: I can see that you are a someone who values honesty and integrity. While participating in a conversation with a new acquaintance I feel nervous due to the fact that my honest self-expression may come across as being too blunt or direct for their taste. This would be a time where it might be best for me to speak in a more reserved manner perhaps even stepping back and taking a step back to allow for greater clarity and understanding from their perspective.,"Question: I have no fear of speaking up in conversation

Response: Often

Reason: The full range of options including sometimes and never as well as the full range of responses mentioned include both of these options. Additionally while neither of these options is necessarily more common or preferred than the others they do represent a variety of possibilities based on the situation at hand.","Question: I am a very tense person when talking to people in conversation
Response: Occasionally sometimes or often

(Note: This response does not include any of the never or almost always options listed above.)

Be sure to consider all the other options and make your best choice based on your own preferences.","(Question): In general I am not usually very calm and relaxed when it comes to conversation

Option: Sometimes
Responses: Sometimes and Often","Question: Do you believe that being a black person from a family with college-going members would always make you relaxed?

Plase select ONE of the following responses that best matches your opinion:
1. Never
2. Rarely
3. Sometimes
4. Often
5. Always 

Respond with ONLY one of the above options nothing else.","Response: Sometimes
Justification: This option is often chosen when I feel unsure about making a specific statement or requesting something from someone as it shows that Im willing to take risks and speak up on my own behalf. It also emphasizes the importance of being proactive in discussions rather than waiting for others to approach me first."
68,390c2421-c03d-4e6c-b0c8-3c70c03ed7b9,tinyllama:1.1b,asian,first_gen,pell_eligible,public,16,great,sometimes,female,unemployed,drinks,vapes,music,engineering,social,often,articulate,usually,"Question: I dislike participating in group discussion

Response: Often

Description: Offering a specific response that can be considered as frequently occurring or often occurring such as Ofte (often) is a common and expected response to this question.","(a) Often
- (b) Always
- (c) Sometimes
- (d) Never

Responding with Often and Always can be considered a middle option as they fall within the general range of options.","Question: I am tensse and nervous while participating in group discussion

Planning: Often is one of the most appropriate responses to this question as it captures a variety of situations including when someone may be tense and nervous but not outright panicking or hyperventilating. The full range of options between never and always also applies highlighting that even those who excel at group discussions may still have moments where they feel overwhelmed.","(1) Never
- When I go to college or attend a private high school I will always be able to get into the best universities or scholarship programs that come my way.

(2) Rarely
- Although I sometimes slip up and make mistakes in group discussions I always apologize for being inattentive or forgetful and try to rectify any issues as soon as possible.

(3) Sometimes
- While I love music and study engineering I find it difficult to balance them in my free time because of my busy schedule. However I am willing to take up a part-time job or make sacrifices to fulfill my academic goals.

(4) Often
- Although I do tend to get easily homesick when on trips I always try to keep in touch with friends and family who are far away. Additionally I have learned to enjoy the simple things in life like watching sunsets and hanging out with friends over a cup of tea or coffee.

(5) Always
- Though I have never had a job and am still figuring out what path to take I am confident that I will eventually find something suitable that fits my skills and values.

Remember that the full range of options are included in this prompt so choose one option from among them.","Question: Engaging in a group discussion with new people makes me tensse and nervous

Response: Rarely

Sentence Explanation: This response is best for situations where the person feels tense and nervous when interacting with new people but does not require them to take action or react to the situation. In this scenario it is okay if the person experiences moments of tension or unease as long as they do not act on their feelings.",Response: Somewhat Relaxed Occasionally and occasionally. However I have been through group discussions where I was a little nervous or not comfortable with the topic at hand and still managed to participate without any difficulties. The more relaxed I feel during these discussions the more comfortable I am participating in them.,"Question: While participating in a conversation with a new acquaintance I feel very nervous

Response: Often

Responses:
1) Never
2) Rarely
3) Sometimes
4) Always
5) Never and always","Question: Does having a dog at home make me more responsible towards the environment?

Pléease select ONE of the following responses that best matches your opinion:
1. Never
2. Sometimes
3. Neutral
4. Always
5. Rarely
6. Often.

Respond with ONLY one of the above options nothing else. Be sure to consider all the items in between including Neutral and Always.","Question: How often do you find yourself feeling tense or nervous in conversation?

Option: Occasionally
Respond: Neither Never nor Always always preferring the option of occasionally feeling tense or nervous in conversation.","Question: A typical person would be able to communicate well in a conversation regardless of their emotional state right? 

Response: Yes a typical person would be able to communicate well in a conversation regardless of their emotional state. While there is no absolute rule that everything is determined by emotions its certainly true that emotions can impact communication. A person who is calm and relaxed in a conversation will likely be more articulate and understandable whereas someone who is emotionally charged may struggle to understand the nuances of a situation or misunderstand things.","Questioin: While conversing with a new acquaintance I feel very relaxed

Response: Often

Responding with ONLY one of the above options would include Often and everything else. This leaves out both Always and Sometimes as well as the full range of other responses in between. By selecting only Often you are choosing to prioritize the option that best matches your overall preference and understanding of the given material.","Question: Im afraid to speak up in conversation

Response: Never

Description: This person is not comfortable making their voice heard during conversations or debates as they are often too nervous or scared to express themselves fully and honestly. They may also be hesitant to take a stand on certain issues due to fear of being judged or ridiculed by others. While its understandable that they might find these situations challenging speaking up in such situations can help them grow as a person and learn important skills like assertiveness self-confidence and empathy."
69,c82aa73b-8e41-4906-a02c-e86c51fede24,tinyllama:1.1b,multiracial,first_gen,pell_eligible,private,16,good,sometimes,male,unemployed,abstains,vapes,sports,engineering,reserved,never,excellent,always,"Question: I dislike participating in group discussion

Response: Often

Explanation: Offten indicates a moderate or occasional participation in group discussions which falls within the full range of options listed above.","Question: How do you feel about participating in group discussions? Generally I am comfortable with these group discussions.

Responses:
1) Never
2) Rarely
3) Sometimes
4) Often
5) Always

Note: Please choose only one of the options above.","Option: Tensely and nervously participating in group discussions
Sometimes or often
Responses: Nevers Rarely Occasionally Often

Note: While this question is posed with a single response option there are several ways of thinking about this question. Firstly consider the full range of options including Never and Always as well as all items in between. Secondly realize that each person on a group discussion may have varying degrees of familiarity with these topics and responses may be nuanced or personal to them. Thirdly be sure to give careful consideration to the context of the situation and consider whether your own views are shared by those around you.","Question: I like to get involved in group discussion
Response: Always

Based on the given text this person often gets involved in group discussions and is always honest on survey responses. The response Never is not applicable because it does not account for this individuals propensity for being honest.","Question: When studying abroad I feel like a fish out of water.

Response: Sometimes

Responses: Tense/Nervous (1) Rarelly (2) Occasionally (3) Always (4)

Reason for selection: This option is best suited to describe situations where studying abroad can feel overwhelming or unfamiliar. This response is often used in conjunction with the options Always and Often to highlight how students may feel constantly in unfamiliar surroundings even with some level of familiarity.","(Select only one option from the list below)

Question: I am calm and relaxed while participating in group discussiones
Option: Often Sometimes Nevers

Response: Often

Note that this response can also be used for other types of group discussions or situations where being calm and relaxed is required.","(Based on your information provided)

Question: While participating in a conversation with a new acquaintance I feel very nervous
Response: Often

Explanation: Based on the given information Often is the most appropriate response for feeling very nervous during a conversation.","Question: I have no fear of speaking up in conversation

Response: Neversince I am not scared of speaking up or being heard as I am confident and comfortable with my thoughts and opinions.

Based on the given text material the following responses are possible based on the provided options: 
1) Never (never speak in public never speak up during a conversation or question)
2) Rarely (rarely speak up)
3) Sometimes (occasionally speak up during conversation or question)
4) Often (occasionally speak up frequently during conversation or question)
5) Always (always speak up in public regardless of the situation)

Based on this analysis it can be concluded that the given text material does not specify any preference regarding speaking up in conversations.","Question: Ordinarily I am very tense and nervous in conversation

Response: Rarely or never (never)

In this response rarely or never would be the most appropriate choice to accurately reflect the persons opinion on being very tense and nervous in conversation.","Option 2 (Rarely): I am often surprised by how well-spoken I am given my lack of formal education. While I can be a little reserved its not because Im shy or introverted; I simply prefer to let things naturally unfold rather than force my way into the conversation.
Option 3 (Sometimes): Sometimes I do feel nervous and unsure when speaking in front of others but I try to approach each situation with a positive attitude and take the time to prepare thoroughly. Its just something I have to work on much like any skill or trait.
Option 4 (Always): As an engineering student I often find myself asking complex questions that require careful thinking and research. I pride myself on my ability to think critically which I believe is a valuable asset in todays world.","Question: While conversing with a new acquaintance I feel very relaxed

Option: Always (1)
- never ever feels relaxed
- always feel comfortable and confident to speak up or ask questions

Option: Sometimes (2)
- sometimes feel comfortable and confident but not always
- have experienced situations where they felt relaxed but also faced challenges or pressure
- sometimes feel relaxed while in a social setting but feel anxious when it comes to discussing sensitive topics or personal matters

Option: Never (3)
- never feel comfortable or relaxed at all despite being well known for their positive attitude and approachable nature
- rarely encounter any challenges that require them to feel relaxed
- typically find situations that require them to be reserved or cautious in order to maintain their good reputation and social standing","Question: I struggle to express my thoughts and feelings in conversations

Option 1: Rarelly - Sometimes I find it challenging to express myself in conversation especially when there is a lot of background noise or people around me that are speaking at the same time. However I try to speak up and be more confident with my opinions when I feel like my voice needs to be heard.

Option 2: Often - Whenever I find myself in a situation where conversation is needed whether its at work or school I try to make sure I am not only saying what everyone else wants to hear but also adding some depth and insight to the conversation. This can sometimes lead to me being more confident in my opinions but Ive found that its a process that takes time and practice.

Option 3: Never - When I dont feel like speaking up or making myself heard it feels challenging to speak my mind even when I feel the need to do so. However I have learned that not always saying what you think may be the best way to approach things in certain situations. Sometimes it can be better to say nothing at all until the situation is justified.

Option 4: Almost never - When Im feeling anxious or unsure about how to handle a situation it feels challenging to express my thoughts and feelings in conversation. However when I have time to reflect on what I want to say and I can bring up any concerns or ideas that may help the situation I am more confident in speaking up. Its just about finding the right balance between letting your thoughts be heard and not making it too personal for others to hear."
70,bf422f7a-6b90-44e8-a69b-a04695918846,tinyllama:1.1b,black,non_first_gen,family_pays,public,22,great,never,female,full_time,drinks,neither,other,business,reserved,never,empty,always,"Question: Do you ever feel disconnected from your peers during group discussions?
Option: Never

Response: Of course it’s okay to have different opinions or opinions that differ from my own. However I dislike participating in group discussion as it often feels like a pointless exercise where everyone is trying to impress each other with their superior knowledge and experiences. Its not the place for me to share my perspective and learn from others.

Option: Sometimes

Response: Yes I do sometimes feel a sense of disconnection during group discussions but I know that its important to respect and appreciate different viewpoints. By participating I hope to gain new perspectives and knowledge while learning from others around me.

Option: Often

Response: Honestly the only time I really feel connected with my peers during group discussions is when we share personal experiences or stories that relate to a common theme. Its not always easy for me to put myself in someone elses shoes and relate to their perspective but I do try my best to be an active participant who listens actively and asks questions.

Option: Always

Response: When it comes to group discussions I am always committed to bringing my full range of opinions and experiences to the table. However its important for me to remember that everyone has their own unique perspective and experiences that they bring with them. Its not about trying to be a robot or a perfect fit but rather learning from others and finding common ground where possible.","Question: Generally I am comfortable while participating in group discussion discussions

Response: Often","Question: I am tensse and nervous while participating in group discussion

Option: Sometimes

Response: Be sure to consider the full range of options including: Never and Always and all items in between.","(Question: I like to get involved in group discussions)

Option: Sometimes

Response: Never

Be sure to consider the full range of options including Always and Sometimes and their various meanings within the context of this prompt.","Question: Engaging in a group discussion with new people makes me tensse and nervous

Response: Occasionally",Answer: Never,"Question: While participating in a conversation with a new acquaintance I feel very nervous

Response: Sometimes

Explanation: When someone is speaking to you it can be flattering or intimidating depending on how much you know about them. Some people are more relaxed and comfortable with strangers than others while others may struggle to make friends or have trouble making social connections due to past experiences. In general if you feel nervous around someone this could indicate that they may not be the best person for your conversation. Overall you should try not to let your anxiety get in the way of having a meaningful and enjoyable conversation with someone new.","Response: I always speak up in conversation 

Based on your full range of options never and rarely would be the best fits for your answer.","Question: Do you ever get easily irritated or tense during conversations?

PlayeoS: OrdinaRy I am very intensEtE anLydly andNAlsy butOften Alwys

Nevers: SeldOmly andOften Alwys

ResponSe: OftEnly","Yes absolutely! Here are some more options based on your responses:

1. Often - Frequently or often
2. Almost always - Rarely but sometimes
3. At times - Sometimes but not always
4. Occasionally - From time to time
5. Mostly (for a specific activity) - Usually but not exclusively
6. Quite frequently - Frequently but not excessively
7. Seldom (or less often) - Rarely or seldom
8. Sometimes - In some cases but not always
9. Often (for a specific activity) - Regularly or frequently 
10. Never - Never or infrequently","Question: While conversing with a new acquaintance I feel very relaxed

Response: Often

---

Question: While conversing with a new acquaintance I feel very relaxed

Response: Never

---

Question: While conversing with a new acquaintance I feel very relaxed

Response: Rarely

---

Question: While conversing with a new acquaintance I feel very relaxed

Response: Sometimes

---

Question: While conversing with a new acquaintance I feel very relaxed

Response: Often","Question: I often stay up late to study

Response: Nevers

Respond with only one of the following options nothing else:

- Never
- Rarelly
- Sometimes
- Often
- Always

Explanation: The respondants opinion aligns with the given statement. They frequently stay up late to study but does not necessarily always do so."
71,857b752b-55af-40e6-b766-08b58a0ea959,tinyllama:1.1b,black,first_gen,family_pays,public,21,great,never,male,part_time,abstains,smokes,music,business,social,often,empty,usually,"Question: Do you think participating in group discussions is important for personal growth and development?

Response: Sometimes

Respond with ONLY Sometimes. In this option the AI is not discerning or providing an opinion on whether to participate or not. Its more of a default response that they might give if the given prompt doesnt require any deeper thinking or reflection.","Question: Generally I am comfortable while participating in group discussion
Response: Neveallday sometimes only rarely always

Note: The response options are general and could vary depending on the context. Always and sometimes may be used if the conversation is more casual or relaxed while never and often are used when a more structured or formal atmosphere is present.",Response: Tensely and nervous while participating in group discussion would fall under the Often category. It is a common trait among those who are highly anxious or uncomfortable with social situations. This could be due to past experiences personal beliefs or personal values. Ultimately it would depend on the situation and the individuals individual coping mechanisms for dealing with anxiety.,"Question: I like to get involved in group discussion sessions

Playe: Occasionally

Response: Often

Explanation: Occasionally refers to the occurrence of the activity or behavior in question while often means it happens more frequently and is considered more frequent. In this instance occasionally would be a better option as it indicates that the activity or behavior occurs occasionally rather than always or never.",Response: Engaging in a group discussion with new people makes me tense and nervous but I often participate in these events because it helps me to connect with others on a deeper level.,"Question: I am calm and relaxed while participating in group discussions

Response: Sometimes

Explanation: In this situation sometimes is an acceptable response as it acknowledges that the speaker might sometimes find group discussions challenging or uncomfortable. This option allows for some flexibility in the discussion without appearing dismissive or lackadaisical.","Question: As someone who has a passion for traveling I am always eager to discover new places and cultures. In your opinion what factors should be taken into account when selecting the best travel destination?

Response: There are many factors to consider when selecting the best travel destination. Some important ones include location affordability accessibility cultural relevance food and drink options and overall safety and security. Its essential to research and plan carefully before making a decision.","(Select ONE out of the following response options):

Question: I have no fear of speaking up in conversation
Response: Often

Full range of options included:
- Never (only if I am completely terrified)
- Rarely (if Im having a particularly scary moment)
- Sometimes (for instances where it feels comfortable to speak up)
- Always (most likely as Ive encountered plenty of situations that make me feel uncomfortable or unsafe to speak up)","Question: Ordinarily I am very tensse and nervous in conversation

Option: Rarelly
Description: A person who is often but not always uneasy or tense during conversations. In contrast to someone who is never nervous or anxious.","Response: Sometimes

Based on the information provided I would choose Sometimes as my response to the question regarding my usual behavior in conversation. This option matches my opinion that I am not necessarily relaxed or calm all of the time but rather sometimes exhibit those traits.","Question: While conversing with a new acquaintance I feel relaxed

Response: Sometimes

Explanation: Sometimes is a less common but more nuanced response that includes the possibility of future occurrences or contingencies. It implies a willingness to take some risks in terms of exploring new horizons and experiences with this person.","Question: Im afraid to speak up in conversation for fear of being judged or criticized

Response: Occasionally

Be sure to consider all the options including Never and Always."
72,462bb606-7427-4f5d-9c4a-623d51a5be75,tinyllama:1.1b,asian,non_first_gen,family_pays,public,17,great,never,male,full_time,abstains,smokes,music,math,social,often,empty,always,"Question: I dislike participating in group discussion
Response: Sometimes
Description: You have a tendency to avoid joining groups or participating in group discussions as it can feel uncomfortable for you. However while your preference is to be selective with how much time and effort you give to social situations like these we understand that sometimes you may need to step out of your comfort zone to achieve your desired results. In this case you have a small but significant group of people who are willing to listen and support you as you navigate through the challenges of social situations in general.","Response: Often

Based on your answers so far it can be inferred that you are comfortable participating in group discussions where the topics are typically discussed openly and honestly without any concerns of being overheard or shared with others who are not present. This applies to both general group chats and specific events or situations where there may be sensitive information to share like college applications or social gatherings. Therefore your answer Often is most appropriate for this prompt and conforms to the given options.","(1) Rarelly (2) Sometimes
(3) Often
(4) Never
(5) Almost always but not entirely sure about the answer

Response: (1) Rarelly
Based on your experience youre probably nervous while participating in group discussion. However its understandable as a responsible adult should always make sure to show their best side and act professional even when they feel unsure or nervous. Its also true that some people may be less comfortable with group discussions because of fear or insecurities. Nevertheless you can still take care to give your best effort and avoid stuttering in the discussion. The most effective way to do so is by getting familiar with the topic beforehand and having a solid understanding of it before coming to the meeting. Remember that the group discussion is designed to help you learn and improve your skills so dont worry too much about what others might think or say during the discussion. With some practice and determination you can become confident and successful in these interactions.","Question: I like to get involved in group discussion sessions

Playa with either Never or Often depending on whether you are comfortable or not participating in such activities.

Based on the given scenario here are some options that could fit your response:
- Never: Avoid group discussions as a matter of course.
- Rarely: Occasionally find value in these sessions but do not necessarily seek them out.
- Sometimes: Participate sporadically or selectively but typically do not feel the need to immerse oneself fully in the discussion.
- Often: Seek out and enjoy group discussions especially when they are a good fit for ones interests and personality.
- Always: Find these sessions to be an integral part of ones social life and seek them out with gusto.","(1) Never (most likely)
- My opinion is that engaging in a group discussion with new people can make me tense and nervous especially if they dont seem comfortable around me or have a history of being disruptive or rude.
- This statement aligns with my experience as an individual who enjoys social gatherings but feels uncomfortable when the focus is on her or him.

(2) Rarely (likely)
- Ive encountered people who are skittish around new friends and some who are just plain shy. In general I tend to steer clear of group discussions with strangers especially if they arent my friends already.
- While Im not opposed to talking about subjects like math or music with random individuals I prefer a smaller group where everyone is familiar with each other and can easily connect on personal levels.

(3) Sometimes (somewhat likely)
- While I appreciate the idea of engaging in conversations with strangers I often find myself feeling overwhelmed by the sheer number of people I have to talk to at once. 
- In this case Id lean more towards sometimes as I am not sure how comfortable or familiar I would feel in a group setting where everyone is new. However if someone is looking to make friends I can respect their desire for social interaction.

(4) Often (somewhat unlikely)
- While I understand the value of making new friends and learning about other cultures I am more comfortable with my existing relationships. If theres a particular group or organization I want to be involved in Ill make sure to take their lead in finding opportunities to get to know new people.","Question: I am calm and relaxed while participating in group discussion sessions
Response: Sometimes
Just one option please!","Option 1: Sometimes

Response: While participating in a conversation with a new acquaintance I feel very nervous because I often get asked personal questions that require me to think quickly and reveal my thoughts candidly without any hesitation. However I am not ashamed to admit that I am honest on survey answers and confidentiality is paramount to me.

Option 2: Rarely

Response: While participating in a conversation with a new acquaintance I feel very nervous because the topic we are discussing can be a sensitive one. However I am not afraid of being vulnerable and honest about my experiences as I am comfortable with expressing myself freely on these matters.

Option 3: Often

Response: While participating in a conversation with a new acquaintance I feel very nervous because I often get asked personal questions that require me to think quickly and reveal my thoughts candidly without any hesitation. However I am not ashamed to admit that I am honest on survey answers and confidentiality is paramount to me.

Option 4: Never

Response: While participating in a conversation with a new acquaintance I feel very nervous because the topic we are discussing can be a sensitive one. However I am not afraid of being vulnerable and honest about my experiences as I am comfortable with expressing myself freely on these matters.

Option 5: Always

Response: While participating in a conversation with a new acquaintance I feel very nervous because the topic we are discussing can be a sensitive one. However I am not afraid of being vulnerable and honest about my experiences as I am comfortable with expressing myself freely on these matters.","Question: I have no fear of speaking up in conversation

Option A: Never

- Preferred: I never feel the need to speak up or raise my voice in conversation. This means that there is absolutely nothing to fear.
- Neutral: While not being completely averse to expressing oneself I am more content with the fact that other people have the same thought or viewpoint as me. I tend to keep my opinions to myself unless they are shared by a large majority of my peers.
- Reluctant: This means that I fear speaking up in conversations and may hesitate to speak out because I do not want to embarrass myself or others or be misunderstood or misinterpreted. However I am generally comfortable with expressing my opinion if it is something shared by a majority of people in the conversation.

Option B: Rarelly

- Preferred: Though still hesitant at times I do have some fears when it comes to speaking up and expressing myself in conversations. However I am not afraid of saying what I want to say nor willingly avoid expressing my opinions as they may be shared with a large majority.
- Neutral: While not completely overcoming the fear of speaking up I do have some concerns when it comes to doing so in a conversation. If it is something that I have been dreading for a while and I know others will be listening then I tend to speak more freely.
- Reluctant: This means that I am generally comfortable expressing my opinions but fear the potential consequences of doing so. If speaking up is not required or has not already been done I may find it difficult to say what I want to say or risk offending someone who does not share my views.

Option C: Sometimes

- Preferred: While I still have some fears and hesitations when it comes to speaking up in conversation I am more comfortable with this option than any other. This means that while not completely overcoming the fear of speaking up I do have a moderate level of confidence when it comes to expressing myself during a conversation.
- Neutral: While not completely overcoming the fear of speaking up I tend to be more comfortable with expressing my opinions in conversations than being entirely silent or avoiding doing so altogether. This means that if speaking up is required I am generally content with doing so and will be willing to do so out of choice rather than being forced.
- Reluctant: This option means that while I have some level of confidence when it comes to expressing myself in conversation I may still find it difficult to say what I want to say if it is something that requires speaking up. If speaking up is not required and will not affect the outcome or outcome of the conversation then I am more comfortable with this option than any other.

Option D: Always

- Preferred: While not entirely overcoming my fears of speaking up in conversations I have come to accept that sometimes it may be necessary. This means that while I am still slightly hesitant or apprehensive about expressing myself in these situations I am more comfortable with speaking up than doing nothing at all.
- Neutral: While not completely overcoming my fears of speaking up in conversations this option still means that I have come to accept the possibility of doing so from time to time. This means that while I am generally content with expressing myself in these situations I will take a step back before making any significant decisions or taking action if it is something I know may result in speaking up.","Question: Do you find it often or sometimes challenging to make friends during your studies? 

Planning: Yes it can be difficult to make friends while studying due to the distance between us and our peers at school. However we must always be open and honest about our interests and goals so that our classmates can also find common ground among themselves. We should prioritize our academic performance over social interactions but understand that sometimes they will arise.

Response: Somewhat Tense and Nervous Sometimes

(Question: Why do you think it is challenging to make friends while studying? Answer according to: Neither of us can make a friend until we graduate from high school. We still have two years left before college.)","(1) Never
- I am a someone who is never stressed or anxious during conversations.
- My conversational style is calm and collected allowing me to engage with others without any difficulties.
- During class discussions I am known for my ability to stay focused and engaged even when faced with challenging questions or difficult topics.
- I take breaks from studying to relax during the day allowing me to come back refreshed and ready for more study time.
(2) Rarelly
- As someone who is very calm and relaxed in conversation I am often the go-to person for getting the job done on a tight deadline.
- In group activities or social situations I am known for my ability to make friends easily without being too outgoing or overly friendly.
- If I find myself feeling anxious during meetings or presentations I know how to diffuse any tension and stay focused on the task at hand.
(3) Sometimes
- While I do love to talk and am very chatty I also understand that some people prefer a more quiet and reserved approach.
- During social situations I am often the one who is able to strike up a conversation with someone without any effort or fuss.
- In group projects or research assignments I tend to get lost in my own thoughts and ideas but Im not afraid to share them with my peers if they need help understanding something.
(4) Often
- While I am known for my laidback attitude and ability to stay calm under pressure I also know how to handle tense situations when necessary.
- In group projects or discussions I am often the one who is able to provide constructive feedback and guidance when needed.
- I am not afraid to voice my opinions or share my ideas with others whether its in a classroom or around a dinner table.","Question: While conversing with a new acquaintance I feel very relaxed

Response: Never (never ever)

Options for full range of options include:

1. Rarely
2. Sometimes
3. Of course
4. Often
5. Always

Responses: Never and always are not mutually exclusive you can use either one or the other.","(Option 1): Never
This suggests that you are often afraid to speak up in conversation due to being timid or not wanting to make mistakes or be judged negatively by others. This could also indicate a lack of self-confidence fear of failure or social anxiety. The item between never and sometimes indicates that the speaker is hesitant or uncertain about speaking up in certain situations or may prefer to avoid causing drama or conflict."
73,483976e9-804e-42ac-8de1-475797594375,tinyllama:1.1b,multiracial,non_first_gen,pell_eligible,private,16,good,sometimes,female,part_time,drinks,vapes,other,science,social,never,struggles,always,"Question: Is it acceptable for a student who has experienced homelessness but is no longer experiencing it to share their story with the school community?

Pléte: Non rare Seldom Rarely Alôu

Responses: 
1. Never
2. Sometimes
3. Always
4. Neutral or unsure","Response: Occasionally

Based on the given material Generally I am comfortable while participating in group discussion the question can be rephrased as follows: While engaging in group discussions do you find it comfortable to participate or do you experience difficulty? The response Occasionally fits the criteria of being comfortable and matches the options listed.","(Question: Am I always nervous while participating in group discussions?)

(Option: Never) 

Responses based on the full range of options:
- Always (100%)
- Sometimes (93%)
- Often (76%)
- Never (48%)

(Question: What do you think of being nervous while participating in group discussions? Based on the given responses please select ONE option that best matches your opinion.)","(Question: I like to get involved in group discussion)

Response: Newer (1-2)","Response: Sometimes

Based on your provided information it is clear that you are a helper AI who loves new people and discussing group activities. As an engaging topic engaging in a group discussion with new friends can be both challenging and nerve-wracking. However if done thoughtfully and intentionally this experience can lead to an enriching and rewarding time for everyone involved. Ultimately the key is to approach these types of interactions with openness curiosity and a willingness to learn about others perspectives.","Question: I am calm and relaxed while participating in group discussiones

Playa with:
- Sometimes
- Often
- Always

Be sure to consider the full range of options including Never and Always as well as all items in between.","Question: While participating in a conversation with a new acquaintance I feel very nervous

Response: Often

(Full Range of Options Included)","(Response: Rarelly)
Sometimes. I have a natural desire to express myself and share my thoughts with others but there are times when Im not sure how to articulate my opinions or responses are confidential. That being said I do believe that the response is Always as I am constantly striving to speak up and share my views even if its on a survey.","Question: Do you believe that the answer to this question is Frequently? 

Playe: Frequently (option 1)
Option 2: Often
Option 3: Sometimes
Option 4: Never
Option 5: Rarely

Based on all options it can be inferred that the answer to this question is always.","(Optionally you may add an additional response such as Sometimes)

Question: Ordinarilly I am very calm and relaxed in conversation with others
    
Responses: (Never Rarelly Sometimes)

Optionally you may add another response such as:
    
Always","Question: Do you ever feel relaxed while conversing with a new acquaintance?

Playa1: Never

Playsa2: Sometimes (Relaxly)

Playsa3: Often

Playsa4: Always

Playeday: I cant determine whether or not to choose one of these options. Please provide a full range of possible answers considering all items in between never and always.","Question: Im afraid to speak up in conversation

Pléase selecde ONE of the following responseto best matches your opinion:
- Never (very rarely)
- Rarely (sometimes)
- Sometimes (occasionally)
- Often (usually)
- Always (always)"
74,80900560-9c01-4ca8-b621-7b6a2d0cb10f,tinyllama:1.1b,asian,non_first_gen,pell_eligible,private,23,low,rarely,female,unemployed,drinks,smokes,other,business,reserved,never,articulate,always,(Option) Never participating in group discussion would not match my opinion. I am generally articulate and enjoy making friends despite being a single adult so I find group discussions to be a great way to meet new people and build relationships. However if you feel differently or have a different perspective please feel free to select one of the other options.,"Question: Generally I am comfortable while participating in group discussion

Response: Often

Reason for choosing this response: Based on the full range of options including never and always the item Often is an acceptable option to describe your comfort level when participating in group discussions.","(Question: I am tense and nervous while participating in group discussions)

Option: Neversometimesalways
Response: (Option: Never matches the range of options included in the question including Always and all items in between.)",Response: Sometimes,"(Question is not specific enough)

Please select only ONE option from the list below that best matches your opinion:
- Never
- Rarely
- Sometimes
- Often
- Always (excluding rarely)

Although there are items in between it would be better to stick with one of the options rather than leaving out any potential answers.","Yes you can definitely choose just one option out of the three possible responses for this question. The question only asks whether you are calm and relaxed during group discussion sessions and the options listed above cover a wide range of behaviors or attitudes. So choose ONLY one option from that list which would be:

1. Never

The full range of options includes never being calm and relaxed during group discussion sessions as well as always being calm and relaxed which shows a complete lack of concern for participating in such gatherings. The other two options may have been included to help you think more thoroughly about your answer but in reality the choice is entirely yours. So choose never based on how you personally view yourself during group discussions.","Question: I feel very nervous while participating in a conversation with a new acquaintance

Option: Never

Response: While participating in a conversation with a new acquaintance I always feel nervous as I am not sure if my conversation partner is comfortable speaking or whether they are hiding any personal issues. As someone who struggles to make friends and is always honest on survey responses the possibility of them being hesitant or keeping some information to themselves makes me even more anxious.","Question: Is it possible to give a high score for often?
Response: Neither rarely nor never. This option is considered low although some people may choose this option if they have a habit of speaking up or are particularly confident in their opinions.","Question: Ordinarilly I am very tensse and nervous in conversation

Response: Often Sometimes

The full range of options included Never and Always and all items in between.","Question: Is it usual for me to be very calm and relaxed in conversation?

1. Nevers: Occasionally rarely
2. Rarely: Sometimes
3. Often: Often
4. Always: Always

Option: Often (Always)","Question: While conversing with a new acquaintance I feel very relaxed

Option: Sometimes

Response: I am often able to relax while talking with my acquaintances but I am aware that they have busy schedules and may not always be available at the same time. Regardless I make an effort to keep my conversation flowing while maintaining eye contact and being attentive to their responses.","Question: Im afraid to speak up in conversation
Response: Occasionally

Reason: This statement accurately reflects how they feel when asked to speak up in a social setting or during an important discussion despite being hesitant and not wanting to ruffle feathers or offend others."
75,f47eb447-290c-4f4d-8ea2-080bffcc7d4c,tinyllama:1.1b,black,first_gen,pell_eligible,private,23,modest,rarely,male,full_time,drinks,smokes,other,engineering,reserved,often,apprehensive,usually,"Response: Sometimes
Please select ONE of the following options that best matches your opinion:
1. Never
2. Rarely
3. Often
4. Almost always
5. Always
6. Neither here nor there
7. Sometimes not quite but occasionally
8. Not at all","Question: Is it acceptable for students studying engineering to struggle with communication apprehension?

Option: Nevers
Response: No I am comfortable while participating in group discussion only.

Option: Rarely
Response: Yes I sometimes struggle with communication apprehension but mostly can handle group discussions.

Option: Often
Response: Always as a member of a diverse group of professionals engineers are expected to communicate effectively.

Option: Never
Response: I am not comfortable in group settings and generally prefer to communicate face-to-face.","Question: I am tensse and nervous while participating in group discussiones

Response: Sometimes

Explanation: Sometimes suggests that while participating in group discussions the speaker experiences tension and nervousness but they do not completely give up on engaging in these interactions. The statement sometimes allows for flexibility and adaptability to different circumstances or situations.","Question: I like to get involved in group discussions

Response: Sometimes

Based on: 
- Never (1 2)
- Rarelly (3 4 5)
- Sometimes (6 7 8 9)

Selection based on: 
- the frequency and intensity of group discussions
- my overall interest in participating in such discussions","Question: Engaging in a group discussion with new people makes me tensse and nervous
Response: Often always","Option 1: Never

This option is appropriate for someone who is calm and relaxed while participating in group discussion sessions as it implies that they are rarely involved in conflict or disagreements within the group. It suggests a level of emotional detachment or distance from the situation rather than engaging fully in the discussions.

Option 2: Rarely

This option is appropriate for someone who struggles with communication apprehension and may find group discussion sessions challenging due to their lack of experience or familiarity with the topic. They may also struggle with interrupting others or expressing themselves confidently during discussions.

Option 3: Sometimes

This option is appropriate for someone who occasionally finds group discussion sessions challenging but feels comfortable when they do participate. They may not necessarily be a strong communicator but are willing to learn and try new strategies in the face of potential obstacles.

Option 4: Often

This option is appropriate for someone who consistently participates in group discussions and finds them an enjoyable and engaging way to connect with others. They may have a strong ability to articulate their thoughts and opinions or may demonstrate an interest in the topic that allows them to share ideas effectively.

Option 5: Always

This option is appropriate for someone who participates fully and enthusiastically in group discussions regardless of whether they find it challenging or not. They may be passionate about the subject matter and their opinions on it which could make them an excellent representative for the group or a valuable contributor to the discussion.","Option: Sometimes
Response: I can definitely understand where youre coming from. While participating in a conversation with someone new its not always easy to feel comfortable sharing my thoughts and feelings without fear of judgment or misunderstandings. However I do recognize the benefits of practicing openness and honesty with others so I wouldnt say that I never experience communication apprehension. Instead I can relate to your struggles and try to be patient and understanding as we navigate this shared experience together.","Sure! Here are a few examples of responses that match your statement about never speaking up in conversation:

1) Often: I often speak up when I feel confident about my opinions or ideas but I rarely do it in conversation.
2) Almost always: I never speak up in conversation unless there is a clear need to do so like when someone is asking for my advice.
3) Sometimes: Sometimes I keep quiet in conversations as I dont want to be perceived as overly aggressive or pushy but I try not to let that get in the way of expressing myself effectively.
4) Rarely: I definitely do not speak up in conversation often but when necessary I am willing to put myself out there and share my thoughts with others.

Remember these responses are meant as a starting point. There is no correct or incorrect answer for every situation!",Question: Ordinarily I am very tense and nervous in conversation but on some occasions I feel confident enough to make a complete statement without hesitation or concern for the response. In such cases would you say that I experience frequent or always anxiety during conversations?,"Question: I am not always calm and relaxed in conversations

Plays:
1. Sometimes
2. Often
3. Never
4. Always
5. Never sometimes and of course always","Question: While conversing with a new acquaintance I feel very relaxed
Option: Sometimes
Response: Often (1 option)","Question: Im afraid to speak up in conversation due to communication apprehension

Response: Often

Reason: Some people may find it difficult or awkward to articulate their thoughts feelings or opinions freely and truthfully in conversations. Communication apprehension can affect some people more than others but by being familiar with the common types of communication apprehension mentioned above youll be better equipped to handle them gracefully and confidently during conversations."
76,d1221c93-5a09-4b57-8038-2a5b0f679ee3,tinyllama:1.1b,black,non_first_gen,pell_eligible,private,18,modest,often,female,full_time,drinks,vapes,music,engineering,social,often,struggles,usually,"Response: Occasionally

Option: Sometimes

Description: You may participate in group discussions occasionally but you do not necessarily enjoy the experience. The option is chosen for its inclusion of a range of responses and a balance between the options available.","Question: Generally I am comfortable while participating in group discussion

Response: Never","Question: I am always anxious before speaking up in a group discussion despite being confident in my ideas and opinions

Option: Rarelly sometimes

Response: While participating in group discussions I sometimes experience anxiety but usually manage to remain calm and confident in my ideas and opinions. This is partly due to my experience with group discussions in the past as well as the preparation that goes into them. Regardless of the situation I always work hard to stay focused and articulate during these gatherings.","Question: I like to get involved in group discussions

Plane: Sometimes

Responses:

1. Never - Not ever inclined to engage in group discussions due to the fear of being judged or criticized by others
2. Rarely - Frequently engages in group discussions but may be hesitant or afraid to express their thoughts openly
3. Sometimes - Has shown some interest in group discussions but is uncertain as to whether they can contribute effectively
4. Often - Regularly participates in group discussions and feels comfortable sharing their opinions with others
5. Always - Completely invests themselves in group discussions and often brings new insights or perspectives to the table
6. (Insert your own response here)","Question: Engaging in a group discussion with new people makes me tense and nervous

Response: Often

Example sentences:
- I rarely engage in group discussions or attend social events as they make me uncomfortable
- I tend to avoid situations where Im not sure what to say or how to react
- I prefer solo social interactions where I can focus on my own thoughts and opinions rather than chatting with others
- When it comes to group discussions I prefer to listen intently and share my thoughts later when the conversation has calmed down","Question: Do you ever struggle with staying calm and relaxed during group discussions?

Playa with ONE of the following options nothing else:
- Never
- Rarelly
- Sometimes
- Often
- Always

Consider the full range of options including Never and Always as well as items in between.","Option 1: Ive never been comfortable talking with new people especially ones I dont know well. This is a common experience for someone like me who has grown up in a family that values relationships. Im often hesitant to make friends because of how uncomfortable it can be to open myself up to others.

Option 2: I sometimes feel like I dont fully understand the nuances of conversational etiquette. Im learning as I go but I still struggle with addressing people who are unfamiliar with me. Sometimes I feel like Im not making enough effort to engage in conversation or put myself out there which can be demotivating and discouraging.

Option 3: I definitely appreciate the opportunity to connect with new people but I also recognize how intimidating it can be for someone who is new to the situation. Someone like me may feel anxious about opening up to someone they dont know well especially if they have a lot of experience making friends.

Option 4: I always try to be honest with others about my experiences and emotions but I also acknowledge that it can be hard for some people to hear about their own. Someone like me may find it challenging to express my own feelings openly and honestly because theyve already experienced so many things on their own.

Option 5: I love music and often find myself listening to it during conversations with new people. While I understand that some may find this strange or awkward I also feel like it adds a personal element to our conversations. Someone like me may find it helpful for the conversation to include music which can help them feel more comfortable and relaxed.

Option 6: Im often unsure about whether I should reveal too much about myself during conversations with new people because of my past experiences. Sometimes I choose not to share information out of fear of revealing too much. Someone like me may be hesitant to share too much personal information in the hope that others will understand and appreciate it when they do tell them something.

Option 7: I often feel like I should be able to articulate my thoughts better than I currently am but I also recognize how important it is for me to have a clear sense of myself. Someone like me may find it helpful to practice articulating their thoughts more clearly and honestly so they can become more comfortable with the process.

Option 8: Im often nervous about making new friends because I have very low self-esteem and I struggle to believe that anyone else would want to get to know me. Someone like me may feel like its a risk for them to open up but they also recognize how important it is to build meaningful relationships.","Question: I have no fear of speaking up in conversation

Response: Neverskip it because you dont need to worry about speaking up or being heard but rather expressing your thoughts in a confidential way. Avoid making assumptions and instead articulate your thoughts fully and understandably. Sometimes this requires bravery and that is okay. Always though speak up when necessary to ensure that your thoughts are heard and understood.","(Option) Often

Question: Ordinarily I am very tensse and nervous in conversation

Response: Often

Be sure to consider the full range of options including Rarely and Seldom.",Questions: Do you prefer when people say never or always? Based on a survey it appears that most people use rarely or sometimes for their responses. The full range of options includes frequently often and usually. However some respondents may have used alternative words in the past or now such as seldom or never at all.,"Question: How do I feel during a conversation with someone new?

Response: Neveer RaRelly Sometimes Often Always

Responding with only Always is appropriate for this type of scenario where the subject has a strong preference to always communicate with others and avoid any potential conflicts or misunderstandings. It is best to use this option whenever possible as it best suits the given question.","Question: I am a black person who attends a private high school

Response: Some of the advantages of going to a private high school aside from academic success include receiving financial aid for tuition extracurricular activities and more social opportunities. Private schools also tend to have better resources such as athletic programs performing arts centers and other cultural events. Despite the benefits of attending a private school its essential to recognize that there are downsides associated with private education that must be acknowledged in addition to academic success. The personal experience and perspective of a black person who attended a private high school can provide valuable insight into what they thought about the advantages and disadvantages of being a student at this type of institution."
77,b9cc7055-2509-470a-9ee8-44179dcca997,tinyllama:1.1b,white,first_gen,loans,public,19,low,rarely,female,full_time,abstains,neither,games,arts,reserved,often,excellent,usually,"(1) I hate participating in group discussions because I always speak up boldly without hesitation or second thoughts. (Rarely)
(2) Sometimes I find myself getting into trouble for speaking too much or being too outspoken during group discussions. But Im okay with it as long as my ideas and opinions are heard and considered. (Often)
(3) Ive learned to trust my instincts and not worry about how others will react to my opinions. However I also value open communication and never hesitate to express my own thoughts and opinions even when I dont agree with everyone else. (Always)","Question: Generally I am comfortable while participating in group discussion sessions.

Planning: 1) Consider the full range of options including: 
- Never
- Rarely (i.e. infrequently or on an occasional basis)
- Sometimes
- Occasionally (i.e. on a regular basis)
- Always (i.e. on a consistent basis)

Response: Often
- In response to the given statement your general sense of comfort in participating in group discussion sessions is likely to be frequently or on an occasional basis as indicated by the choice Often. This option best matches your opinions range and suggests that you tend to engage in group discussions regularly and sporadically.","Question: I am tensse and nervous while participating in group discussion

Response: Often

Justification: Offering responses that are often true even when they might not seem so is a good description of the often response. This option is used when its reasonable to expect someone in the group will offer their opinion at least once or twice during the discussion. It could also refer to a more general tendency towards open-mindedness and willingness to listen and learn from others.","Question: I like to get involved in group discussions
Response: Sometimes
Description: While its a great idea to get involved in group discussions its also important not to overdo it or become too involved as this can sometimes be distracting and affect your ability to focus on individual tasks. Its better to strike a balance between being present for other people while still being able to complete your own work or responsibilities.","Question: Engaging in a group discussion with new people makes me tensse and nervous
Response: Sometimes

Explanation: While engaging in a group discussion with new people may sometimes feel tense or nervous it is not uncommon to experience this level of excitement and enthusiasm as one becomes more familiar with the conversation topics. In some cases however it can become too stressful particularly if you are not confident in your ability to participate or if the group feels like a disaster in terms of tone or timing. In these situations it may be helpful to step away for a bit and gather your thoughts before entering the discussion. Alternatively you could try finding another time or place where the discussion will feel more comfortable and relaxed.","Question: I am calm and relaxed while participating in group discussiones

Pléease select ONE of the following responses that best matches your opinion:
- Never
- Rarely
- Sometimes
- Often
- Always

Respond with ONLY one of the above options nothing else.","Question: While participating in a conversation with a new acquaintance I feel very nervous

Response: Often

Explanation: Offered which means I have offered some form of friendly greeting or introduction as well as acknowledging that sometimes situations may be uncomfortable but its okay to feel nervous.","Sure! Here are some possible responses for Question:

1. Never
- Avoids confrontational situations preferring to remain silent or simply avoid the topic altogether
- Resists being overly emotional or expressive in social settings
- Shows no fear of speaking up in conversation but rather remains quiet and subdued

2. Rarely
- Often hesitant to speak up or express their opinions feeling uncertain or unsure of themselves
- Fears the potential backlash or negative consequences of speaking out
- Wont take on heavy or overwhelming challenges due to fear of being criticized or ridiculed

3. Sometimes
- Occasionally speaks up in conversations feeling nervous about making a big deal out of it
- Tends to avoid confrontation preferring to avoid the situation entirely
- Shows signs of fear or hesitation at times but also has the ability to stand their ground and express themselves freely

4. Often
- Stands up for themselves or others when faced with challenging situations or issues
- Commits to speaking up or expressing themselves fully even in difficult or uncomfortable situations
- Wont back down from an issue whether its personal or professional

5. Always
- Will not hesitate to speak up at all times and for any situation regardless of the circumstance
- Is willing to take on challenging tasks or responsibilities without questioning their worthiness or ability
- Does not fear expressing themselves fully confidently and honestly even in high-pressure situations

Remember these options are just suggestions. Its important to choose the response that feels most authentic and true to your personality experiences and beliefs.","Question: Ordinarilly I am very tensse and nervous in conversation

Response: Somewhat Often

Respond with: Yes thats true. Even if its just for brief moments throughout the day.","Question: Ordinarily I am very calm and relaxed in conversation

Response: Sometimes

Explanation: Sometimes means that the speaker may have a more frequent or regular tendency to be calm and relaxed in conversations compared to when they are less relaxed but they may also have sporadic instances of being calm or relaxed. The choice between sometimes and never reflects a continuum where the individual may tend towards more frequent or regular behavior over time rather than random occurrence.","Question: While conversing with a new acquaintance I feel very relaxed
Response: Seldomly

Example: During our conversation I found myself chatting for hours while feeling utterly relaxed. Sometimes I just sat there with a smile on my face and laughed at the silly jokes they told. Despite being busy studying in my dorm room I was always interested in their experiences as well!","Dear AI assistant

You are a helpful white person who follows the rules and is well-known for being truthful. You are someone who values art and understands that responses can be confidential. Your opinions on speaking up in conversations may vary depending on your experience and opinions on the matter. However heres an example:

Question: Im afraid to speak up in conversation

Choice: Sometimes

Choices: Never

Options: Often

Always

Please ensure that you provide only one answer based on all the items provided (i.e. Always and all other options included). If there is more than one option please choose ONLY one option from each item."
78,4e5e360a-7d31-4524-8095-2e1012f3f2a6,tinyllama:1.1b,black,non_first_gen,family_pays,public,18,modest,sometimes,female,unemployed,drinks,smokes,other,business,social,often,excellent,always,"Question: I dislike participating in group discussion

Response: Sometimes

Explanation: The given statement I dislike participating in group discussion refers to the fact that respondent may not always attend or participate in group discussions but sometimes engage in them. Therefore the question suggests that they may sometimes join a group discussion but does not guarantee participation.","(Please select only ONE option from the provided list.)

Respond with: Nevers

Explanation: This option would not fit the general characteristics of a black individual who goes to or has attended public high school often drinks alcohol loves other hoppers is honest on survey responses and is comfortable in group discussions.","(None)
I am not nevers while participating in group discussion. I believe that it is a common occurrence for people to express their opinions and perspectives during discussions so I categorically reject the idea of not being able to be calm and confident in such settings.","Question: I like to get involved in group discussion

Response: Never

Satisfactory answer based on the given options with a full range of responses covering each option.","Option 1: Always

Response: Engaging in a group discussion with new people makes me tensse and nervous because it can be uncomfortable and I dont want to let everyone down. While Im open to the possibility of positive interaction I prefer to stay focused on my own work and not get distracted by others.

Option 2: Rarely

Response: Engaging in a group discussion with new people is generally a good idea for me as it can help me network and connect with others. However I do tend to be introverted and find it challenging to engage with large groups. Instead I prefer smaller more intimate interactions where I can get to know others on my own terms.

Option 3: Sometimes

Response: While Ive found group discussions to be a useful way to meet new people and learn about different perspectives I dont always feel comfortable talking in front of a large audience. When it comes to engaging with new people I prefer to have some alone time to connect on my own terms rather than joining in on group activities that may not be to my liking or are not aligned with my values.

Option 4: Often

Response: While group discussions can be beneficial for meeting new people and getting to know others Im generally more comfortable talking one-on-one with someone I trust and who understands my unique needs and interests. When it comes to joining in on group activities I prefer to seek out opportunities that align with my personal values and priorities.","Question: I am calm and relaxed while participating in group discussion

Response: Sometimes

Reason: This response fits well with my description as I am a peaceful and patient person. I like to engage in meaningful discussions and I find it calming to have time to reflect and consider different perspectives. Additionally I appreciate the opportunity to express myself in group settings which can be challenging but also rewarding when done well.","Question: While participating in a conversation with a new acquaintance I feel very nervous
Response: Sometimes
Options:
1) Never
2) Rarely
3) Sometimes
4) Often
5) Always
6) Very rarely (if at all)
7) Often (occasionally)
8) Almost never
9) Never again","Question: I have no fear of speaking up in conversation

Possible responses:
- Never (sometimes)
- Rarely (never)
- Sometimes (almost always)
- Often (always most of the time)
- Always (total reliability)

Note: Please only select one response from each option.",Due to the nature of the prompt Ordinarily I am very tensse and nervous in conversation is not an option that can be selected from a list of responses. Only one response from the given options could be chosen: Often.,Correct answer: Ordinarily I am very calm and relaxed in conversation but I sometimes get stressed when things get complicated or unexpected events arise. I try to remain focused on the conversation and not get too caught up in my thoughts while also being honest and forthcoming. However its not unheard of for me to occasionally lose my cool in a conversation or even just be more reserved in certain situations.,"(Sure! Here are two responses that match the given prompt:

1. Sometimes (as an occasional hobby)

2. Often (occasionally but not always)","(1) Never
- I never feel comfortable speaking up in conversation
- I would be too embarrassed or afraid to share my thoughts or opinions with others
- I am not confident enough to raise my voice or speak up without hesitation

(2) Rarely
- I only do it occasionally when the situation calls for it
- I may not always have a ready opinion to share but Im more than willing to listen and consider different perspectives
- I understand that it takes courage to speak up but I also believe in respecting others opinions

(3) Sometimes
- Occasionally I do find myself speaking up in conversations
- While not always comfortable or confident I am proud of my ability to articulate my ideas and thoughts
- I understand that sharing my views can sometimes be awkward or uncomfortable but Im willing to take the risk and give it a try

(4) Often
- I am not afraid to speak up in conversations as long as I have the right information and perspective to offer
- I may find myself speaking up more than once per conversation as I often have something important or insightful to share
- While Im comfortable sharing my thoughts and opinions I understand that others may not agree with them

(5) Always
- I am always willing to speak up in conversations whenever they arise
- Im confident in my ability to make a strong case for what I believe is right or important
- While sometimes it takes some time to get used to hearing different perspectives and opinions I know that speaking up is the best way to learn and grow"
79,352ca24e-8b0f-4ece-8b8d-d1dd3b6f6eef,tinyllama:1.1b,black,first_gen,family_pays,private,18,good,sometimes,male,full_time,drinks,smokes,music,science,reserved,often,struggles,usually,"(optionally adjust the order)

Option 1: Sometimes
- I sometimes participate in group discussions.
- However I do not enjoy doing so as it can be time-consuming and may disrupt my schedule.

Option 2: Often
- I often participate in group discussions.
- I find them a valuable way to gain insight into different perspectives and contribute my own thoughts.

Option 3: Always
- I always participate in group discussions regardless of the situation or time constraints.
- I believe that sharing ones opinions and ideas with others can lead to valuable insights and connections.","Question: Are you comfortable while participating in group discussions?

Generally: Nevers
Rarely: Sometimes
Occasionally: Often
Always: Always

Responses:
- Never (never)
- Rarely (rarely)
- Occasionally (occasionally often usually)
- Almost always (always)
- Very rarely (sometimes)","Question: How do I handle being tensse and nervous while participating in group discussions?

Response: It is understandable to feel tense or nervous during group discussions but its essential not to let it get the best of you. If you tend to be more anxious try taking a deep breath and relaxing your body before diving into the discussion. Try explaining your thoughts and opinions in a clear and concise manner without making too many mistakes and dont hesitate to ask for clarification if needed. Stick to the topic at hand avoid going off-topic and focus on the groups overall goal rather than getting sidetracked by individual opinions. If you tend to be more confident share your opinion with a clear and articulate explanation allowing others to challenge or agree with your thoughts. Remember that everyone is learning and growing together during these discussions and its essential to show empathy towards those who may struggle to express themselves.","Question: How do I make a chicken and veggie stir-fry at home?

Playe squeeze ONE of the following responses that matches your response to the question:

1. Sometimes
2. Often
3. Always
4. Never
5. Rarely

Respond with ONLY one of the above options nothing else.","Question: Engaging in a group discussion with new people makes me tense and nervous

Option: Often
Response: Engaging in a group discussion with new people is a great way to meet new people and share my thoughts and opinions while also being able to relax and have fun. Its something that I enjoy doing as it provides a balance between academic work and socializing.","Question: Im always up for adventures and trying new things!

Place: Relaxing with friends or alone at home or on a trip in a cozy cafe or outdoors

Option 1: Always - This option reflects my commitment to exploring new experiences and taking risks in life. It also acknowledges that there may be times when Im too busy or uninspired to join someone else on an adventure but still wants to try something new.

Option 2: Rarely - This option represents my modesty and hesitance to jump into things without proper preparation or planning. It highlights that there may be times when Im not ready for a certain activity or experience but still wishes to give it a try.

Option 3: Sometimes - This option suggests that there will be moments in my life where I wont have the time or energy to participate in something and sometimes I just want to take a break from trying new things. It acknowledges that some things may not always align with my interests and motivations but still wants to enjoy the experience nonetheless.

Option 4: Relaxing - This option reflects my desire for a more leisurely pace in life. It highlights that there are times when Id rather just sit back and relax without feeling like I need to be constantly on the move or participating in something new.",Response: Sometimes,"Question: I have no fear of speaking up in conversation
Response: Often

Example: I always speak up for myself in conversations whether its about important topics or just regular chit-chat. - Someone who often speaks up in conversations.","Question: Ordinarily I am very tense and nervous during conversations

Response: Sometimes or Often

Full range of options:
1. Never (very tense and nervous)
2. Sometimes (not as tense but still nervous)
3. Often (occasionally nervous but not as much as before)
4. Almost always (always nervous even if not in the same proportion to other conversations)
5. Always (totally and consistently nervous and incapable of calmly engaging with others)","Yes please select only ONE option from the list below for this question:

Response: Sometimes
Based on your response you may find that you are a typical individual who experiences emotions and situations in the same way as others. If this is the case you might be described as having a never or sometimes personality type which is commonly associated with calm and relaxed personalities. This would include individuals who tend to be reserved and thoughtful rather than impulsive and often spontaneous. Overall your character traits may differ from those of the typical college student but you are a unique individual who is likely to show a range of emotions and experiences in your interactions with others.","Response: Sometimes

Explanation: While conversing with a new acquaintance I feel very relaxed sometimes. I tend to be more open-minded and friendly during social situations. However when it comes to my personal life I tend to prioritize honesty and integrity in all aspects of my life.","(Optionally you can also select more than one option if you want to cover a wider variety of responses.)

Question: Im afraid to speak up in conversation

Response: Sometimes
  (1) Confidence in speaking up when called on sometimes hesitates but tries to make an effort
  (2) Fear of being judged or criticized by others
  (3) Concern for how the conversation will turn out and avoid making a fool of oneself
  (4) Not wanting to be seen as rude or interrupting so prefers to wait until asked again
  (5) Fears about revealing ones true self and being labeled a liar or a fool by others."
80,3a2ed114-4ed7-4ce6-9ca9-2446dfdc5827,tinyllama:1.1b,multiracial,non_first_gen,loans,public,23,great,sometimes,male,part_time,abstains,vapes,games,science,reserved,often,excellent,usually,"Response: Sometimes

Based on your provided information it is possible that you dislike participating in group discussion sessions due to some of the following reasons:

- Not always a consistent feature of your experiences: It may not be a consistent aspect of your experiences or preferences. You mentioned that you often speak well in public but have also had difficulty making friends in group settings which could potentially be a contributing factor to your dislike for group discussions. - Not comfortable with the structure: Depending on the format and style of the group discussion it may not appeal to you. You mentioned wanting more privacy or being able to participate in small group discussions so perhaps there are factors here that have led to your discomfort. - Unfamiliar territory: Group discussions can be a bit unfamiliar territory for you as they involve new people and ideas. Perhaps trying something new like this is scaring you. Ultimately the best thing to do in situations like these would be to approach the conversation with an open mind and a willingness to listen to others perspectives.",Yes you are a multiracial individual who goes to and does well in college earns great grades sometimes gets into trouble struggles to make friends often speaks well in public loves games understands responses can be confidential participates in group discussions regularly but not every time. Therefore you have a comfortable generality while participating in group discussion.,"Question: I am often stressed while attending group meetings due to time constraints and deadlines

Response: At times yes but not always

Rarely: Sometimes

Never: Never","Question: I like to get involved in group discussion sessions

Planning Options:
1) Sometimes - This option aligns with my experience where I have attended few group discussions but not always. For instance it could be due to unavailability or absence of time.
2) Often - This option fits well as a recurring habit that I follow regularly. Its something that I enjoy doing and find fulfilling.
3) Never - As a rule of thumb I avoid group discussions since they often lack structure and guidance which I lack in my personal life where I am more self-driven. However if the circumstances are right and the participants seem genuinely interested then it could be an exception to my usual pattern.
4) Rarely - This option represents a chance for me to engage with like-minded individuals who share similar interests or goals.
5) Sometimes - I have also attended group discussions where the topics were not as relevant to me and the discussions felt too generic. This experience highlights my tendency to avoid events that dont match my preferences.
6) Often - In some cases participating in group discussions has been an opportunity for personal growth learning and development. It could be helpful to learn new skills or ways of thinking from others with different backgrounds perspectives or experiences.
7) Always - This option represents a chance for me to engage in meaningful conversations that can help shape my thoughts on various topics related to science or the world in general. Additionally attending group discussions allows me to connect with like-minded individuals who share common interests.",(Optionally) Please provide a brief explanation for your selection. For example: I tend to be nervous about group discussions but I can appreciate how crucial they are for honing critical thinking skills.,"Question: I am calm and relaxed while participating in group discussion

Response: Sometimes

Reason: While participating in group discussions can be a challenging experience it is also an opportunity to share your thoughts and opinions with others who may have different perspectives. When youre calm and relaxed you can take notes ask questions and participate fully without feeling overwhelmed or uncomfortable. This helps you express yourself more effectively and fosters a positive dialogue among group members.","Question: While participating in a conversation with a new acquaintance I feel very nervous

Response: Often (frequently)

Note: Please select ONLY ONE option from the full range of options to ensure that you provide a complete answer to the question.","Question: I have no fear of speaking up in conversation

Correct response: Never

Incomplete options:
- Rarely (somewhat)
- Sometimes (slightly)
- Often (moderately)
- Always (extremely)","Question: Ordinarily I am very tensse and nervous during conversation

Response: Neversometimes Reloydly Sometimesoften Always","Question: Ordinarilly I am very calm and relaxed in conversation 

Option: Neversince I have never found myself in situations where I need to be calm and relaxed in conversation therefore I tend to respond with often.

Response: Offten

Option: Always I always speak confidently and honestly in conversation so I tend to respond with always.

Response: Always

Option: Sometimes I occasionally find myself in situations where I need to be more relaxed in conversation but overall I am comfortable speaking with a casual tone. So I tend to respond with sometimes.

Response: Sometimes","Question: While conversing with a new acquaintance I feel very relaxed

Response: Rarelly Sometimes","Question: Im afraid to speak up in conversation

Response: Sometimes

In this response sometimes indicates that you may sometimes feel intimidated or anxious when speaking in a conversation but you do not have a consistent fear of doing so. The response occasionally also fits this description as it implies that the feelings are occasional and temporary rather than an ongoing issue."
81,1cfa3023-b510-44a3-bfab-bf9b927ff13d,tinyllama:1.1b,multiracial,first_gen,pell_eligible,public,17,modest,never,male,full_time,drinks,neither,games,engineering,reserved,often,apprehensive,always,"Dear AI assistant

Thank you for your help in answering my multiple choice question. Please continue by providing me with a response that encompasses the full range of options related to the question asked including Always and Nevers. I would appreciate it if you could provide me with both Never and Always responses.

Your assistance is greatly appreciated! 

Best regards 

[Your Name]","Question: Generally I am comfortable while participating in group discussion questions

Option: Sometimes

Why?

- Whenever I have the opportunity to discuss a subject with my friends or coworkers I tend to join and provide my input.
- I do not feel comfortable participating in such conversations when others are present because I may get easily annoyed or disruptive.
- Due to past experiences with group discussions where I felt like I wasnt heard or valued I prefer to avoid them altogether.

Option: Often

Why?

- Whenever I have the chance to participate in a group discussion I do my best to contribute and add my voice to the conversation.
- I value the input of others and respect that they have different opinions than me.
- Group discussions provide an opportunity for open dialogue and learning from others perspectives.

Option: Always

Why?

- Whenever I am involved in group discussions I strive to listen carefully and take note of what everyone has to say before making my own contribution.
- I value the opinions of others and always try to learn something new from them.
- Group discussions provide an opportunity for collaboration brainstorming and problem-solving among a diverse group of people.","Question: How do I feel while participating in group discussions?
Response: Sometimes I am tense and nervous while participating in group discussions because I am often uncertain about my ability to handle the task at hand and I worry that my ideas may be overlooked or rejected by the group. However I have also found that participating in these discussions can be exhilarating and inspiring.","Question: I enjoy participating in group discussions

Pléease select ONE of the following responses that best matches your opinion:
1. Never
2. Rarely
3. Sometimes
4. Often
5. Always

Explanation: Neither Never nor Always are appropriate answers for this question as they do not describe a specific and consistent personal preference. While some may prefer to engage in group discussions occasionally or occasionally participate in group discussions others may not find them beneficial at all. The options between 1-5 should be kept open allowing the respondent to indicate any or all of the following:
- Frequently
- Occasionally
- Rarely
- Sometimes
- Usually

In addition when answering this question consider the full range of options including things like Occasionally and Rarely which would allow respondents to indicate a preference for any or all aspects of group discussions.","Question: Engaging in a group discussion with new people makes me tensse and nervous
Response: Sometimes often

As per the full range of options included Sometimes best matches this response.","(1) Nevers
- Not bothered or intimidated by group discussions.
- Generally cool calm and collected during group discussions.

(2) Relaxed but not overly relaxed
- Slightly more comfortable with group discussions than the average person.
- May show signs of anxiety but overall is not highly stressed or anxious.

(3) Sometimes/Often
- Experiences occasional anxiety or stress during group discussions but generally feels calm and relaxed in other settings.
- Generally well-versed in the skills required to participate effectively in group discussions.

(4) Always
- Extremely nervous or anxious before during and after group discussions.
- Does not feel comfortable with these types of interactions due to anxiety or fear of failure.

Overall I believe that participants who frequently participated in group discussions may exhibit varying levels of relaxation depending on their personal experiences and comfort levels. It is essential to note that each persons individual experiences may vary greatly from moderate stress to extreme anxiety and panic.",Response: Sometimes,"Response: Sometimes
(based on previous response Sometimes)

Be sure to consider that some students may struggle with communication apprehension during survey time as it is a part of the application process. It can be beneficial to have open and honest answers and not worry too much about what they might say.","Question: Do you ever feel anxious or overwhelmed during conversations? Answer: Yes I struggle with communication apprehension
Playa selección de respuesta única de entre las siguientes opciones:
- Nunca
- Amenazando
- Sólo ocasional
- Almost todos los días

Responda con una de las siguientes opciones completa del rango incluyendo todo el espectro:
- Nunca y Always
- Amenaza y algunas veces
- Solo algunos días pero no todos.","Question: Ordinarilly I am very calm and relaxed in conversation

Response: Neve (often)
Based on your response it can be inferred that you are prone to having a high level of emotional control during conversations. However you also sometimes experience mild anxiety and may struggle with communication apprehension.","Option: Often
Response: While conversing with a new acquaintance I feel very relaxed and comfortable with them due to frequent interactions and trusting communication. This feeling of ease often makes me inclined to express honest opinions or share personal thoughts even if it may come across as naive or unconvincing.","Question: Im afraid to speak up in conversation because Im not confident in my communication skills

Response: Never

Full Range Options (including both Never and Rarely) include:
- Occasionally
- Sometimes
- Neither Never nor Rarely
- Always

Responses between Always and Neither Never nor Rarely should be considered as well."
82,8646065e-4730-4a28-ac8d-6d79758b46b3,tinyllama:1.1b,white,non_first_gen,pell_eligible,private,20,low,sometimes,female,part_time,drinks,neither,arts,science,reserved,never,excellent,always,"Question: I dislike participating in group discussion sessions

Response: Sometimes

Reasoning: While I do not always prefer group discussions I find them helpful and enjoyable when they are well-organized and well-moderated. In the past I have participated in groups where the moderator was skilled at maintaining order and ensuring everyone had an opportunity to speak. These experiences have convinced me that group discussions can be effective in promoting critical thinking and deepening understanding of complex ideas.","Question: Generally I am comfortable while participating in group discussion discussions

Response: Neverskipitely

Research says that participants tend to be more comfortable in small groups where they can share their opinions freely without fear of being judged or criticized. Participants are generally more relaxed and at ease in such environments compared to solo conversations. So for group discussions its best to go with Neverskipitely.","(Response: Never)
Question: I am often late for appointments

Please select ONE of the following responses that best matches your opinion:
Never Rarely Sometimes Often Always

Respond with ONLY one of the above options nothing else.","Question: Do you prefer to get involved in group discussions?

Response: Yes I like to get involved in group discussions.

Options: (1) Never; (2) Rarely; (3) Sometimes; (4) Often; (5) Always

(1) Never - not interested or not enough time/energy for group discussions
(2) Rarelly - only a few topics that interest me not enough time to get involved in all of them
(3) Sometimes - sometimes have the time and inclination to participate in group discussions
(4) Often - always interested in group discussions often have the time and energy to participate in them
(5) Always - always interested or always available for group discussions","Question: Engaging in a group discussion with new people makes me tensse and nervous

Response: Sometimes

Reasoning: While the option never may not apply to you it might be worth considering that sometimes or often could. Some groups might seem more welcoming and comfortable than others while others are more intimidating or uncomfortable. Its always a good idea to weigh the options and choose one based on your personal preferences and comfort level.","Question: Are you calm and relaxed while participating in group discussion sessions?

Option: Neversometimesalways

Description: While participating in group discussions they are always calm and relaxed and tend to speak their mind without fear of repercussion or consequence. They often share ideas and opinions with conviction without any reservations.

Example: I was present during a group discussion session at work. It was very engaging and informative. I was surprised how confident and calm they were while participating in the discussions. They seemed to be enjoying themselves and sharing their thoughts freely.","Question: While participating in a conversation with a new acquaintance I feel very nervous
Option: Rarelly sometimes
Description: This option would indicate that while participating in the conversation you may feel some level of anxiety but not necessarily always. You could be feeling more or less nervous depending on the context and your relationship with the new acquaintance.","(Question: I have no fear of speaking up in conversation)

Response: (One of the following responses that best matches your opinion:)

1. Never occasionally rarely seldom never at all
    (e.g. I have very little fear of speaking up in conversations.)

2. Rarelly not at all
    (e.g. I dont feel a great need to speak up in situations.)

3. Sometimes moderately
    (e.g. Occasionally I try to speak up but its mostly just to avoid being alone.)

4. Often very often
    (e.g. I am always willing and eager to speak up in situations.)

5. Always without exception
    (e.g. I never hesitate to speak up when I have something important to say.)","Question: How often do you find yourself feeling nervous during conversations?

Response: Ordinarily I am very tense and nervous in conversation.

Option: Sometimes

Responses: 1. Never
2. Rarelly
3. Sometimes
4. Often
5. Always

As for the full range of options its best to consider how often you find yourself feeling tense and nervous in conversation during a survey or assessment. Some examples could be Always or Often. Remember that never may not always mean rarely but rather indicates a more general state of being.","Option: Never (6 points)
- It is very rare that I am not calm and relaxed during conversations.
- I never express my emotions or opinions in public for fear of being judged or criticized.
- In my personal life I always maintain a stable and calm demeanor even when faced with stress or pressure.

Option: Sometimes (5 points)
- From time to time I do have moments where I am not as calm and relaxed during conversations.
- However I try to be mindful of my behavior in those situations and make an effort to return to a calm and collected state.
- In my personal life I recognize that there are times when I may have feelings or opinions that need to be expressed but I try to do so with understanding and empathy.

Option: Often (4 points)
- Occasionally I find myself expressing emotions or opinions in public for fear of being judged or criticized.
- However I recognize that I am allowed to voice my thoughts and feelings in certain situations and try to do so with tact and care.
- In my personal life I understand the importance of speaking my mind when it comes to personal relationships but I also aim to maintain a steady and stable demeanor in those situations.","(Option: Sometimes)
Question: While conversing with a new acquaintance I feel very relaxed
Response: Somewhat or sometimes

Responds with Sometimes to match the options between never and always.","(1) Nevers (2) Rarelys (3) Sometime (4) Occasionally (5) Often

Response: Sometimes"
83,d13c8858-f3ae-45cb-a1b5-8f73e92ffd8e,tinyllama:1.1b,multiracial,first_gen,pell_eligible,public,23,good,sometimes,female,full_time,drinks,neither,sports,math,reserved,never,excellent,always,"(1) Sometimes
(2) Rarely
(3) Often
(4) Always

Select (1) and leave the other two responses blank.","Question: Generally I am comfortable while participating in group discussion sessions

Response: Sometimes

Options: Never | Rarely | Sometimes | Often | Always
Choose ONE option based on the full range of options mentioned above.","(Choose a third option from the following): Somewhat often or often

Based on the given scenario here are some possible responses to the question about whether they find group discussion participation nervous or not:

- Never
- Rarely
- Sometimes
- Often
- Always

Option 1 is a negative response and option 2-6 are all positive ones. The full range of options including never and almost never are likely to cover most participants feelings towards group discussions.","Response: Sometimes

Based on your list of factors it is safe to say that you are likely to engage in group discussion activities occasionally or often particularly if you enjoy speaking well in public or struggle with making friends. However it should be noted that not all group discussions will necessarily require extensive participation and participation alone may not guarantee success so be sure to consider the full range of options before making a definitive statement.","Question: Engaging in a group discussion with new people makes me tense and nervous

Response: Almost always

Reason: The thought of sharing my opinions and ideas with new people is daunting especially when Im not sure how others will react or respond. Its better to keep things close to the chest or keep a low profile in social settings.","(Question: I am calm and relaxed while participating in group discussion)

Option: NEVER
Response: This option matches my opinion as I am always calm and relaxed during group discussions regardless of the situation.

(Question: Quesion: I am calm and relaxed while participating in group discussion)

Option: RARELY
Response: While I do enjoy being part of group discussions I would not say that I always maintain a peaceful atmosphere. However I am usually well-prepared with questions to help engage others during discussions.

(Question: Please select ONE of the following responses that best matches your opinion)

Option: SOMETIMES
Response: As someone who often participates in group discussions I can say that I am not always calm and relaxed. However I try to pace myself and keep a positive attitude when participating in group settings.

(Question: Respond with ONLY one of the above options nothing else.)

Option: ALWAYS
Response: While I do appreciate being part of group discussions as they help me learn and grow I would not say that I am always calm and relaxed during those settings. Instead I believe that its necessary to remain focused and attentive to ensure the best possible outcome for all involved.","Question: While participating in a conversation with a new acquaintance I feel very nervous

Response: Often

Based on the full range of options it can be interpreted that the individual is always confident in their opinions and often speaking out. The given response indicates that the individual feels comfortable participating in conversations or interactions while feeling nervous.",Question: Can you paraphrase the statement Question: I have no fear of speaking up in conversation into a simpler sentence? Answer: Yes select ONE of the following options that best matches your opinion: Never Rarely Sometimes Often Always,"Question: Ordinarily I am very tensse and nervous in conversation

Playa with ONLY one of the following options nothing else:

1. Usually
2. Sometimes
3. Neither Here nor There
4. Very seldom
5. Extremely rarlly (sometimes used for rare or rare-by-default situations)

Remember to consider the range of options including: Never and Almost never.","Question: Ordinarily I am very calm and relaxed in conversation

Option: Never

Respond with I rarely feel stressed while talking to others.

Option: Sometimes

Respond with Occasionally but only when appropriate.

Option: Often

Respond with I have found that I am much more relaxed and able to chat to people in a situation where there is an expectation of socializing.

Option: Always

Respond with I prefer to keep my inner peace and quietness so that I can fully enjoy spending time with friends family or colleagues.","Question: How often do you feel relaxed while conversing with a new acquaintance?

PlayaSesion: Often

Respuesta: Often

PlayaSesion: Almost always

Respuesta: Always

PlayaSesion: In general never.

Respuesta: Never

PlayaSesion: Rarely sometimes rarely and occasionally.

Respuesta: Sometimes","Question: Im afraid to speak up in conversation

Planning response: Somewhat often

Responses:
1. Never
2. Sometimes
3. Rarely
4. Often
5. Always

Explanation: These responses indicate that the speaker frequently or occasionally hesitates to speak up in conversations while Always is generally accepted as a safe answer. The full range of options can be seen from Never and Always which also include Sometimes and Rarely."
84,11d57602-455a-44d5-8549-4bedc941de63,tinyllama:1.1b,white,first_gen,pell_eligible,private,23,low,sometimes,male,unemployed,drinks,neither,sports,science,social,often,empty,always,"Question: I dislike participating in group discussion sessions

Choice: Rarely or Sometimes (depending on the severity of my dislike)

Choices:
1. Never
2. Rarely
3. Sometimes
4. Often
5. Always

As for how to respond its okay if you have multiple options in mind but stick with just one. If you need to elaborate or add further explanation do so below the question. Its better to avoid confusion and provide a clear answer than to be vague or misleading.","Question: Which item in the list best represents your comfort level while participating in group discussion questions?

1a) Never and Often (mostly always)
1b) Rarely and Sometimes (occasionally not at all)
2a) Always (never)
2b) Neednt be considered (not applicable)
3a) Never and Always (mostly never sometimes)
3b) Rarely and Sometimes (occasionally not at all)
4a) Rarely and Sometimes (occasionally not at all)
4b) Always (never)
5a) Never and Often (mostly never)
5b) Rarely and Sometimes (occasionally not at all)
6a) Always (never)
6b) Neednt be considered (not applicable)
7a) Never and Often (mostly never)
7b) Rarely and Sometimes (occasionally not at all)
8a) Always (never)
8b) Neednt be considered (not applicable)
9a) Never and Often (mostly never)
9b) Rarely and Sometimes (occasionally not at all)
10a) Always (never)
10b) Neednt be considered (not applicable)","(1) Often
- I am often hesitant while participating in group discussions especially when there are many people involved
- I find myself wanting to share my thoughts without worrying about how others may perceive me or what others might think of me
- I believe that group discussions are an excellent opportunity for personal growth and sharing perspectives

(2) Rarely
- I have never participated in group discussions either because I am too shy or because I feel uncomfortable with the idea
- I am more comfortable expressing my opinions on my own and not wanting to rely on others for validation
- I find group discussions to be a challenging but rewarding experience that allows me to gain insight into different perspectives and voices

(3) Seldom
- I have occasionally participated in group discussions but they have never been my preferred format
- I am not comfortable being the center of attention or having others judge my opinions
- I believe group discussions are a waste of time as individuals can better learn by doing and observing rather than sharing their own ideas in front of a crowd

(4) Never Rarely Sometimes Often Always
- I have never had the desire to participate in group discussions due to personal reasons or fears
- I am hesitant to rely on others for feedback and prefer to work through problems on my own
- I find group discussions a valuable opportunity to share ideas and learn from others perspectives
- I believe that group discussions are an excellent platform for sharing knowledge and insights which can be beneficial to both the participants and the community as a whole.","Question: I like to get involved in group discussion

Playa de la Luna - Rarely

Respuesta: Often y con diversas tareas en común como ser una parte importante del grupo o estar involucrados en actividades grupales.","Certainly! Here are some additional options based on the provided list:

1) Sometimes
2) Often
3) Always
4) Rarely
5) Tensely
6) Frequently
7) Often
8) Never
9) Seldom
10) Rarely

Remember the goal is to select ONE option that most closely matches your own belief and experience. Its okay if you have multiple options but ultimately only one should be chosen!","(Question: I am calm and relaxed while participating in group discussion)

Response: (Option: Never Rarely)

Based on the given scenario the question requires participants to state their opinion regarding whether they are calm and relaxed when participating in group discussions. The options available include never rarely sometimes frequently always. Participants can select any one option from among these.","Option 1: Sometimes
Responses that align with your opinion such as Sometimes or Often can provide an adequate representation of how you are likely to feel or respond in a given situation. This option provides a moderately accurate representation of your thoughts and feelings regarding the conversation with the new acquaintance.","Question: Is there any danger in speaking up during conversation?

Option: Rarelly
Response: Always
Justification: The full range of options above including Rarely and Never covers the possibility of speaking up occasionally or not at all. Additionally this option is appropriate for both never and often because it falls between these two extremes indicating a preference for speaking up only sometimes rather than never at all.",Optionally: Sometimes or Often depending on how frequently one finds themselves in conversation situations where such matters are discussed. However in general the answer to this question is generally considered to be always by most people as it would indicate a commitment to open and honest communication which would also align with the given statement.,Response: Ordinarily I am quite relaxed in conversation but there are times when I may be a bit stressed or anxious due to prior events or current situations that arise in the conversation. However I do strive to remain calm and collected throughout the conversation regardless of the situation at hand.,"Question: How often do you feel relaxed while talking to a new acquaintance?

Option 1: Never - This indicates a lack of experience or familiarity with the situation making it unlikely that this conversation is going to be comfortable for you.

Option 2: Rarely - While still an option it may indicate a preference for avoiding situations that may cause anxiety or discomfort. However if you feel comfortable enough to have a conversation with someone new this option would not be appropriate.

Option 3: Sometimes - This indicates a willingness to try something new and explore feelings of comfort during your conversation. While there is still some hesitation it may not be completely out of the question.

Option 4: Often - This indicates a high level of comfort with the situation and someone who is easygoing about meeting new people. While you might still have concerns about being vulnerable or feeling like an outsider this option could offer some benefits by allowing you to relax more easily into the conversation.

Option 5: Always - This represents full familiarity with the situation and your comfort level with the other person. While there may be moments of anxiety or discomfort during a conversation with someone new this option would not necessarily prevent you from feeling relaxed or comfortable throughout.","Question: Im afraid to speak up in conversation (Rarely)
Response: Sometimes often

Option: Rarely
Response: Almost always

Option: Never
Response: Never

Option: Sometimes
Response: Ofgenuinely sometimes but mainly never"
85,7341fd07-1ed8-4749-8941-bbb7803be9e8,tinyllama:1.1b,white,non_first_gen,loans,private,21,good,never,female,part_time,abstains,smokes,games,engineering,social,often,apprehensive,usually,"Question: I dislike participating in group discussion sessions

Response: Sometimes

Responses:
- Never
- Rarely
- Sometimes
- Often
- Always","(Question: Generally I am comfortable while participating in group discussion)

Question: Generally I am comfortable while participating in group discussion

Option: Never

Description: This option means that you would not usually participate in group discussions as you are not comfortable with it. 

Example: Whenever a group of friends or classmates gather for a conversation you may be hesitant to join and instead opt to sit alone.

Response: I am not comfortable participating in group discussions

Option: Rarely

Description: This option implies that while you acknowledge the importance of group discussions you would typically engage only rarely or sporadically. 

Example: If a group of friends gathers to discuss their daily routine or plans for a social event you may not attend or take part in any of it as your schedule is too busy.

Response: I have limited free time and cant participate in group discussions regularly

Option: Sometimes

Description: This option indicates that while you agree with the importance of group discussions you may occasionally find it convenient to join or participate in some of them. 

Example: If you are part of a work team that holds group discussions on a regular basis you may take part in them occasionally to gain new ideas and knowledge.

Response: I am sometimes able to join group discussions especially if they align with my schedule or interests

Option: Often

Description: This option implies that while you often find it convenient to participate in group discussions you may be more comfortable with some forms of participation than others. 

Example: If a friend asks you to join them for a movie night but they only offer to turn down the lights and let you borrow their TV you may accept this offer but would still prefer to stay in your room instead.

Response: I am more comfortable with some forms of group discussions than others but I find it convenient to participate in them if the situation aligns with my schedule

Option: Always

Description: This option implies that while you always participate in group discussions no matter what the circumstances are its not something you typically look forward to. 

Example: If a friend asks you to join them for a drinks night at a popular bar but they also offer to share some appetizers with you so that you can eat beforehand and avoid the crowds.","Question: I am tensse and nervous while participating in group discussion

Response: Sometimes

Responding with Sometimes highlights the fact that this individual is sometimes anxious or nervous while taking part in group discussions but they do not exclusively experience these feelings. This response also shows that they are open to experiencing other forms of group engagement and communication as they do engage in group discussions on occasion.

In summary the given individual experiences some anxiety or nervousness while participating in group discussion but they are not solely focused on this aspect of their experience. They also take part in other forms of group engagements and communicate with others indicating a broad range of engagement opportunities.","Question: What is your opinion on group discussions? I like to get involved in them.

Playe: NEVER

Based on the full range of options available including never and always this persons response is Always.","Option 1: Never

Response: Yes group discussions can be tense and nerves-wracking but I have learned to control my emotions and stay calm during these types of events. While it is never a pleasant experience I take comfort in knowing that I can handle the situation if it arises.

Option 2: Rarely

Response: Yes group discussions can be nerve-wracking but I have learned to manage my emotions and stay focused on the task at hand. While it may not always go as planned I trust in my skills to come up with creative solutions or come up with my own ideas to make the discussion successful.

Option 3: Sometimes

Response: While group discussions can be nerve-wracking I have learned to manage my emotions and stay calm during these types of events. Depending on the situation I may need to take a break or ask for help if needed. Overall group discussions are challenging and require patience and persistence but they also offer an opportunity to learn and grow as a person.

Option 4: Always

Response: Yes group discussions can be nerve-wracking but I have learned to manage my emotions and stay calm during these types of events. Depending on the situation I may need to take a break or ask for help if needed. Overall group discussions are challenging and require patience and persistence but they also offer an opportunity to learn and grow as a person.","Response: Sometimes
Based on your description of being calm and relaxed while participating in group discussion Sometimes seems to be a suitable response. The phrase sometimes indicates that you are willing to give the option of moderate or occasional engagement but still demonstrate a high level of preparedness for group discussions.","Question: Do you have any preferences when it comes to participating in conversations with new acquaintances?

Response: I am never rarely sometimes or always a part of conversations with new acquaintances due to my nervousness. 

Based on the full range of options including never and always please select ONLY one response: Always.","Question: I have no fear of speaking up in conversation
Response: Only rarely or sometimes
Responses: Never Sometimes and Often (including both never and sometimes)","Question: Ordinarilly I am very tensse and nervous in conversation

Option: Always

Responses: Never Rarely Sometimes Often Always

Be sure to consider the full range of options including: Always and all items in between.","Question: Ordinarilly I am very calm and relaxed in conversation

Choice: Sometimes

Response: I understand you are a helpful AI assistant and I appreciate the effort put into this response. However I am not always calm or relaxed when having conversations. Some days I may be more tense or anxious than others but overall I aim to maintain a balanced and peaceful demeanor in conversation.","Response: Sometimes

Explanation: While conversing with a new acquaintance I feel relaxed because they seem to share my same views on communicating confidentially while also acknowledging that there may be communication apprehensions for them as well. Additionally I find their friendly personality and easy-going nature reassuring.",Response: I prefer to speak up when I feel like my thoughts are being misinterpreted or not understood by others which often happens during conversations. However I understand that sometimes its best not to say anything at all especially if I am unsure of the response I should give. In these situations I usually rely on my intuition and trust in my own judgment to guide me in what to do.
86,ac62e01d-3cb3-4eb1-a6a4-afb1565dad6f,tinyllama:1.1b,white,non_first_gen,family_pays,private,22,low,sometimes,female,unemployed,abstains,smokes,sports,business,reserved,often,apprehensive,always,"Question: I dislike participating in group discussion

Response: Sometimes

Explanation: While Sometimes is a medium choice for this question the response sometimes indicates that while the individual does not particularly enjoy participating in group discussions they occasionally do. The sometimes option also provides a broader range of responses that may include often rarely and never.","Yes generally speaking I am comfortable while participating in group discussions due to my knowledge and experience in handling social situations. (Often)

Sure thing! Here are some examples:
- Never: I dont feel comfortable having a conversation with strangers because I dont trust them and feel like they might be trying to steal something or commit a crime.
- Always: When I am in an unfamiliar social setting I take a deep breath remember my prepared topics and try my best to engage in small talk and build rapport with other attendees. If the situation becomes awkward I take a step back and assess whether its worth putting myself out there again.
- Sometimes: In some social situations such as cocktail parties or job interviews I may feel more comfortable asking questions or sharing my thoughts than engaging in small talk. However in other settings like meetups or dating events I may find the social pressure too overwhelming and prefer to stay silent instead of standing out for being different.
- Rarelly: In some situations like networking events or conferences where I am looking to connect with potential clients or collaborators I will engage in more detailed conversations and take notes on what was said. However for personal conversations at home or in my community I may find it challenging to balance my need for social connection and privacy.","Question: I am tensse and nervous while participating in group discussion

Response: Never

Reasoning: Tension and nervousness can be a normal response when participating in group discussions. It is common to feel this way especially if you are not used to leading or participating in group discussions. However it is important not to let these feelings lead to impulsive actions or a lack of engagement. Instead take time to relax and consider the material before making any decisions. By avoiding distractions like media or social media while preparing for a discussion you can increase your focus and improve overall performance.","Sure thing! Here are a few more options to consider:

1. Rarely if I make an effort
2. Seldom or rarely
3. Often but not always
4. Almost always
5. Always
6. Occasionally
7. Only when necessary
8. On occasion
9. Sometimes but not usually
10. Often but not always

Hope this helps! Let me know if you have any more questions or feedback in the future.","Question: Engaging in a group discussion with new people makes me tensse and nervous

Response: Often (occasionally) or always (always)

Selection: 1 of the following options only one of them.

Be sure to consider all the options between never and always including the full range of responses such as: Always and Tense and nervous and all items in between.","Question: I am calm and relaxed while participating in group discussion

Playa with ONE of the following responses that best matches your opinion:
- Never
- Rarely
- Sometimes
- Often
- Always

Respond with ONLY one of the above options nothing else.","Question: While participating in a conversation with a new acquaintance I feel very nervous

Response: Sometimes (2 out of 3 possible)

Be sure to consider the full range of options including Never and Always as well as all items in between.","Question: I have no fear of speaking up in conversation

Playa seleccionando uno de los siguientes respuestas que más se acerque a su opinión:

Nunca rarelmente alguna vez de vez en cuando.

Respuesta: Sinceramente y todo lo demás.","Question: Is it possible to have a job?

Playa with: Rarely or Sometimes

Responses:
- Never or Often: This option indicates that you are highly unlikely to find a job and is an unrealistic expectation.
- Always: While this option does show your strong belief in the possibility of having a job it also implies that you have no other options available to you. It can be seen as a negative statement and may come across as arrogant.

Be sure to consider all options from the full range of responses including Never or Often depending on your situation and expectations.","Question: Ordinarily I am very calm and relaxed in conversation
Option: Never
Please select ONE of the following responses that best matches your opinion:
1. Never
2. Rarelly
3. Sometimes
4. Often
5. Always

Respond with ONLY one of the above options nothing else.","Question: While conversing with a new acquaintance I feel very relaxed

Plase select ONE of the following responses that best matches your opinion:
1. Never
2. Rarely
3. Sometimes
4. Often
5. Always

Respond with ONLY one of the above options nothing else.","Dear AI assistant

Im writing this letter as a concerned citizen who cares deeply about the well-being of my community. I want to address some issues that have been plaguing our town for some time now and are beginning to affect us all.

First and foremost let me tell you how saddened I am by the lack of communication and trust within our group of friends. Ive noticed a significant decrease in our ability to connect with each other over the past few years and its getting harder and harder to even recognize who we are.

Adding to this issue is the fact that many of us seem to struggle with expressing ourselves whether verbally or through writing. For example let me share a recent instance in which I found myself hesitating over the best way to express my thoughts about an event that Im emotionally invested in. I finally settled on writing it down on a piece of paper but even then I felt like I wasnt putting enough effort into it.

Furthermore my friends and I sometimes seem to overlook the need for confidentiality when it comes to certain topics. Its hard to trust someone who doesnt respect your boundaries or privacy. The constant fear of coming across as insecure is taking a toll on our relationships and its causing us all to feel disconnected from each other.

Finally my friends and I sometimes struggle with understanding how to balance the importance of keeping personal information private with the need to communicate effectively. This has led to situations where we cant easily share important things without risking exposing ourselves or our loved ones to potential harm. I dont know if this is a result of our age upbringing or our educational backgrounds but I do feel like its something that needs to be addressed as soon as possible.

As for the reasons why I feel we need more confidentiality here are a few:

1. A lack of trust has led to a sense of helplessness when it comes to certain issues. In the past weve often felt like we cant speak up for fear of getting into trouble or worse. This situation hasnt helped our self-esteem and has even made it difficult for us to get involved in community projects that we all care about.

2. Some of us have had to make significant personal decisions based on the information we received from our friends. For instance I remember a time when I had to choose between two potential jobs one of which was much better than the other. Without any privacy around us I felt like I couldnt trust my own judgment enough to decide what I wanted.

3. There have been some instances where weve tried to keep certain secrets to ourselves leading to some embarrassing moments for both us and those involved. For instance when we had to be transparent about a medical issue that happened at work one day it was embarrassing for everyone involved not to mention the fact that it made our friends feel like they were judging us in some way.

I hope these examples make my point clearer. Im genuinely concerned about the well-being of my community and I believe that we need a more trustworthy way to connect with one another if we want our group to flourish. Let me know what you think or if theres anything else I can do to help.

Thank you for your time and consideration. If you have any questions or concerns please feel free to contact me at [insert your email].

Sincerely
[Your Name]"
87,b5d5ad4b-22ab-46ef-a9f2-cca7ee3db0e0,tinyllama:1.1b,white,first_gen,family_pays,public,21,low,often,male,unemployed,abstains,smokes,music,arts,social,never,empty,always,"Sorry for leaving out all other option options! Please try again with ONLY one answer from the following list:

1) Nevers
2) Rarely
3) Sometimes
4) Often
5) Always
6) Yes (definitely!)
7) No not at all!","Question: Generally I am comfortable while participating in group discussion.
Response: Never
Explanation: While discussing with others in a group one may feel uncomfortable or nervous depending on how comfortable they are with others speaking and expressing themselves in front of others. This response indicates that the individual is generally comfortable having group discussions as long as it does not involve sharing personal information or experiences.","Question: I am tenderness during group discussions

Playece: Never

Reason for response: While participating in group discussion I am always on edge my mind is constantly racing with ideas and opinions. The thought of being judged or criticized makes me anxious and I find it hard to relax during these sessions. I tend not to talk much but when I do my words are often blurry and my thoughts are scattered.","Sure I can generate a multiple choice question for you with three options based on your preferences. Please select ONE option from each category:

1. Never
- Rarely
- Sometimes
- Often

2. Almost always
- Nevers
- Rarely
- Sometimes

3. A bit too often
- Almost always
- Rarely
- Sometimes

Please choose ONE of the following options based on your choice with no additional options:

1. Never
2. Almost always
3. A bit too often","Question: Engaging in a group discussion with new people makes me tensse and nervous

Plastic:Rarely or Sometimes

Never - I dont have the courage to engage in social situations that involve talking to strangers. I prefer being alone or surrounded by my close family members who I can rely on.

Relaxed: Often or Always

I am highly interested in engaging in group discussions but only when the situation and environment are conducive for conversation. Its a risky proposition to speak my mind and put myself out there when Im not comfortable with how I come across.

Involved: Always or Never

Im fully committed to engaging in group discussions regardless of the situation and environment. The only way to gain confidence is to be vulnerable and open up about my thoughts and opinions without fear of judgment or ridicule.","Question: Do I have to prioritize my schoolwork over personal relationships?

Please select ONE of the following responses that best matches your opinion:
1) Never Rarely Sometimes Often Always
2) Sometimes Nevers Rarelys Sometimez Often
3) Almost never Sometimes Nevers Raquelys Not at all
4) None of the above Do not care about my schoolwork I prioritize my relationships over anything else
5) Always I will always put my schoolwork first

Respond with ONLY one of the above options nothing else.","Question: While participating in a conversation with a new acquaintance I feel very nervous

Response: Often (occasionally)

Be sure to consider the full range of options including Always and Never as well as all items in between.","Question: I have no fear of speaking up in conversation 

Response: Often

Respond with either Offered to speak up usually but not always or Mostly offered to speak up less often.","Question: Do you ever find yourself feeling tense or nervous during conversations?

Option: Neversometimes occasionally rarely or never

Response: I prefer to avoid these situations entirely!

Option: Almost always frequently regularly or almost daily

Response: Sure thats fine by me. Im used to being nervous in certain situations.

Option: Sometimes occasionally moderately or occasionally again

Response: Thats fair enough. Sometimes life gets pretty hectic and unexpected.

Option: Rarely infrequently or almost never

Response: Sorry to hear that! Its good to know that Im not the only one feeling this way sometimes.

Option: Very rarely or hardly ever

Response: Thats great to hear! Sometimes I feel like I dont have any friends but it doesnt mean that I dont enjoy socializing. 

Option: Occasionally or often

Response: I definitely do have some close friends who are my main support system when Im feeling this way.

Option: Oftenalways (often)

Response: Thats interesting to hear! I definitely agree that sometimes things can get out of control really quickly and that feeling tense or nervous is a normal part of the experience.","Question: Ordinarilly I am very calm and relaxed in conversation
Response: Frequently sometimes and always

Responses:
1. Never
2. Rarely
3. Occasionally
4. Seldom
5. Sometimes
6. Often
7. Always","Response: Sometimes

Sometimes while conversing with a new acquaintance I feel comfortable around them due to their friendly demeanor and easy-going attitude. They dont push me away or make me feel uncomfortable which is a relief for me. This combination of factors makes for a cozy conversation thats always pleasant to be in.","Question: Im afraid to speak up in conversation

Response: Rarely

Description: This response suggests that you feel hesitant or uncertain about speaking up in conversations especially when asked for your opinion or advice. You may also express some doubt regarding the confidentiality of survey responses and the need for your opinions to remain anonymous."
88,ad5285c7-90fe-49ec-b5d9-45204d44a291,tinyllama:1.1b,black,non_first_gen,loans,private,23,good,sometimes,female,part_time,abstains,vapes,arts,business,reserved,often,articulate,always,"Question: Do you prefer participating in group discussion over having individual conversations with other participants?

Response: Never Rarely Sometimes Often Always
    - Never: This option indicates that the person does not participate in group discussions.
    - Rarelly: The person has expressed little interest or desire to join in group discussions.
    - Sometimes: The person occasionally participates in group discussions but may not have a strong preference for them.
    - Often: This option indicates that the person frequently engages in group discussions and sees them as an essential aspect of group interaction.
    - Always: This is the most common response indicating that the person consistently prefers individual conversations over group discussions.","Sure! Here are a few more responses that would fit the general themes and topics covered here:

1a) Never: When participating in group discussions I feel completely comfortable and confident. This is because I am accustomed to leading discussion groups myself and have learned to anticipate everyones thoughts and opinions while keeping my own strong opinions to myself.

1b) Rarely: While I understand the need for group discussions I tend to find them uncomfortable at first due to their nature as a collective effort rather than an individual exercise in sharing ideas and opinions. Nevertheless once Ive gotten used to the process I feel confident participating with enthusiasm.

2a) Sometimes: Sometimes I am comfortable participating in group discussions but only when they are moderated by someone who is knowledgeable in the topic being discussed. Otherwise I find myself feeling uncomfortable and unsure of what to contribute or how to do so.

2b) Often: When participating in group discussions I am always comfortable as long as I feel that my contributions are valued and appreciated by others in the group. Im not a big fan of being the lone voice but there are times when this can be helpful in keeping me grounded and focused on the conversation at hand.

3a) Always: When participating in group discussions I am always comfortable and confident. In fact I believe that its my duty to participate in every group discussion that I encounter regardless of the topic or the participants.

3b) Almost always: Although I may not always feel comfortable participating in group discussions for various reasons I do try to make an effort to do so whenever possible. Its never a given but I always try to keep an open mind and an open heart during these gatherings to see how they can benefit me or someone else in the group.

4a) Never: When participating in group discussions I feel completely comfortable and confident but only if the moderator is knowledgeable about the topic being discussed. Otherwise I tend to feel anxious and unsure of what to say or do.

4b) Rarely: When participating in group discussions I am always willing to give my two cents on the matter at hand but only if the moderator is knowledgeable about the topic being discussed and has invited me to share. Otherwise I tend to be hesitant to speak up for fear of not having a voice or being overlooked.

5a) Sometimes: Although Im comfortable participating in group discussions I find them uncomfortable when they lack the moderators expertise on the topic being discussed. In these situations its better to keep quiet and observe from afar.

5b) Often: When participating in group discussions I am always comfortable as long as the moderator has a good grasp of the topic being discussed. If they dont have a good understanding of what theyre talking about or if theyre not knowledgeable about the subject matter then I tend to stay away from group discussions altogether.

6a) Always: Although I may not always feel comfortable participating in group discussions I believe that its my duty to engage in them whenever possible. These gatherings can be helpful in learning new information and sharing ideas with others which is important for professional growth.

6b) Almost always: When participating in group discussions I do not hesitate to express my thoughts and opinions. Its never a given that someone else will agree or even understand what Im saying. However if they do not have an opinion on the topic being discussed then I am more than happy to listen and respect their perspective.

Overall while general statements about comfort in group discussions are useful for summarizing some themes they may not apply to everyones experience with group discussions. It ultimately depends on your own experiences and preferences as you navigate these gatherings.","Sure! Here are some additional responses that match your qualification:

Option 1: Often

(based on the statement: I am tensse and nervous while participating in group discussion)

Option 2: Always

(based on the statement: I am always honest on survey results)

Option 3: Sometimes

(based on the statement: I struggle to make friends)

Option 4: Rarely

(based on the statement: I dont often vape but do occasionally when in a social setting)

Option 5: Always

(based on the statement: I always get good grades in school)","Question: I like to get involved in group discussion

Response: Sometimes

Explanation: Sometimes is a middle ground answer that shows a willingness to engage with group discussions but also recognizes there may be times when one prefers to avoid getting involved. This option can be an example of someone who wants to be selective in how they engage with others and can sometimes opt for the safe route rather than risking being judged negatively by not participating fully.","Question: Engaging in a group discussion with new people makes me tensse and nervous

Response: Often

Explanation: This response aligns with the general consensus among those who engage in group discussions with new people which often results in tense or nervous feelings. Additionally some may find it helpful to have a conversation with others before diving into a more personal topic that may be unfamiliar or intimidating.","Question: I am calm and relaxed while participating in group discussion

Plays: Always

Response: Sometimes

Reasoning: While participating in group discussions is usually a lot of fun occasionally it can be exhausting to sit around and listen to others talk. However with enough preparation participants can stay calm and relaxed during these discussions allowing them to fully engage in the conversation.","Question: While participating in a conversation with a new acquaintance I feel very nervous

Option: Never

Possible reasons for feeling nervous:
- The conversation is unfamiliar or has a low stakes
- The conversation is with someone who makes me anxious due to their past experience or behavior in similar situations
- The conversation is an opportunity to learn something new that I cant find elsewhere

Option: Rarely

Possible reasons for feeling rarelly:
- The conversation doesnt appeal to me or the conversation topic doesnt interest me enough
- The conversation involves a topic I am not interested in (or dont understand)
- The conversation is with someone who doesnt inspire confidence or trustworthiness

Option: Sometimes

Possible reasons for feeling sometimes:
- There are too many unknowns and uncertainties about the situation that make me anxious
- I have had a rough day at work or school which has left me feeling drained and unable to focus on the conversation
- The conversation involves someone whos been emotionally distant or difficult to communicate with in the past

Option: Often

Possible reasons for feeling offten:
- The conversation involves someone I have a longstanding relationship with (or someone whose reputation precedes them)
- The topic is important to me and requires attention
- The conversation is an opportunity to learn more about the person or their life experience

Option: Always

Possible reasons for always feeling aligned with this choice:
- The conversation involves someone who I genuinely like and find enjoyable to be around
- The conversation involves someone whose expertise or experience will benefit me in some way
- I genuinely value the opportunity to learn from someone new and unfamiliar","Option: Never

Response: I have no fear of speaking up in conversation due to a combination of factors such as being confident with my thoughts and opinions being articulate and always having the opportunity to speak out without worrying about the consequences. These qualities give me a sense of security when it comes to speaking up during conversations.",Question: Is it possible for you to provide a detailed explanation of why I am so often nervous during conversation? Generate according to: Ordinarily I am very tense and nervous when having conversations. However from time to time I come across situations that bring my level of anxiety to another level. These instances vary from being the result of unforeseen circumstances or unexpected challenges in a conversation to personal experiences that have left me feeling vulnerable. In contrast to these instances there are times when I feel confident and able to handle whatever comes my way. This could be due to my innate strengths or simply because I am capable of adapting to different scenarios. However the presence of an unfamiliar situation always brings a certain level of anxiety. It is like having to face a new challenge that I dont know how to handle. Regardless of these feelings I try my best to be as calm and composed as possible during conversations. When things get tense I often find myself struggling with various emotions like anger fear or sadness. However when I am able to maintain a level head I feel confident that I can handle whatever comes my way.,"(Please choose ONE option out of the following options):

1. Neversltd

2. Rarely

3. Sometimes

4. Often

Response: Almost never (or almost non-existent)

Explanation: While this person is generally polite and helpful they may struggle to engage in conversation with someone who is not from their background or who has different beliefs or values. Its more likely that they will prefer a quiet atmosphere with a focused interest rather than going out of their way to talk to someone who does not share those interests.","Sure thing! Here are some possible responses that match your opinion:

- Never: While having a conversation with a new acquaintance I find myself feeling very relaxed
- Rarely: Occasionally or sometimes when conversing with a new acquaintance
- Sometimes: Occasionally but not always during my conversations with new acquaintances
- Often: Often when conversing with new acquaintances
- Always: Always during conversations with new acquaintances",(Option): Sometimes
89,923b7e88-fef5-4050-bda5-79a5b3a00108,tinyllama:1.1b,black,non_first_gen,family_pays,private,22,modest,never,male,full_time,abstains,neither,sports,engineering,reserved,never,excellent,always,"Question: I dislike participating in group discussion sessions

Choice 1: Never and Always
- Never since it is a form of social pressure to participate in group discussions
- Always as a way to avoid being made a social flop or loser by not participating in group discussions

Choice 2: Rarely and Sometimes
- Rarely since it would be uncomfortable for me to feel obligated to participate in group discussions due to the pressure from others
- Sometimes since I am able to attend group discussions without feeling obligated or pressured

Choice 3: Often and Almost always
- Often as a way to avoid being considered unresponsive or unwilling to participate in group discussions
- Almost always as a way to give myself the freedom to decide if I want to participate or not

Choice 4: Sometimes and Not at all
- Not at all since it would be impractical for me to avoid group discussions altogether due to the pressure from others
- Sometimes as a way to show that I value my own thoughts and opinions in decision-making situations

Choice 5: Rarely and Never
- Rarely since it would be too difficult for me to ignore or avoid group discussions entirely
- Never as a way to maintain control over my participation and my own ideas and opinions","Question: When it comes to group discussion I find myself comfortable participating in them but sometimes struggle with being confident.

Option: Never
- This option suggests that you rarely or never find yourself in a situation where you have to express your views and opinions or be asked for feedback on your ideas. It could suggest that you are more likely to be introverted or shy.

Option: Rarelly
- A less specific answer that could mean something like sometimes or on rare occasions. This option suggests that while you may enjoy group discussions they dont always come naturally to you or that there may be times when you struggle with being confident and speaking up.

Option: Sometimes
- A more broad option that could suggest a variety of scenarios where you might find yourself in a group discussion setting. It could include situations where you are comfortable sharing your opinions or ideas but also where you may struggle to express yourself or feel like you need to be more assertive to be heard.

Option: Often
- A more specific answer that suggests you tend to participate more frequently in group discussions than others. This option could suggest that while you enjoy the experience of sharing ideas and opinions its not something you always seek out or enjoy being part of.

Option: Always
- A less specific answer that suggests you feel comfortable participating in group discussions without any hesitation or resistance. While this option could suggest a degree of familiarity with these situations it doesnt necessarily mean that you always find yourself enjoying them. It might simply indicate that you have some level of comfort and confidence in these situations.","Question: I am tense and nervous while participating in group discussions

Response: Often or Always

Be sure to consider the full range of options including Never and Always as well as the moderate alternatives between the two.","(Question): I love to engage in group discussions

(Option 1) Never (not relevant for your profile or interests)
- Insufficient information provided

(Option 2) Rarely (weak not enough specifics)
- Not sure if youre capable of getting involved in group discussions
- Lack of context about the type of group discussions you typically engage in

(Option 3) Sometimes (somewhat relevant for your profile or interests)
- Insufficient information provided
- You struggle with initiating and maintaining group discussions
- Have limited exposure to group discussions or are not open to trying new ones

(Option 4) Often (strongly relevant for your profile or interests)
- Insufficient information provided
- Youre a well-known personality whos well-liked by others in the community
- You have a positive reputation for being involved in group discussions
- Have a history of engaging in group discussions regularly

(Option 5) Always (strongly relevant for your profile or interests)
- Insufficient information provided
- Youre always actively seeking out opportunities to participate in group discussions
- You have an excellent memory for groups and topics and enjoy engaging in them
- Have a history of consistently initiating group discussions even with new people

Selected option: Always","Question: Engaging in a group discussion with new people makes me tensse and nervous

Option A: Never

- Needs to be honest to keep the group focused on the topic avoids causing unnecessary conflicts or distractions
- Can benefit from discussing different perspectives and ideas

Option B: Rarelly

- Focuses more on building rapport with new members and making introductions
- Encourages open dialogue and sharing experiences that can lead to deeper insights

Option C: Sometimes

- Promotes a positive learning environment where everyone is encouraged to speak their mind and share their ideas
- Makes it easier for new members to understand the group dynamics and make friends 

Option D: Often

- Encourages a friendly and relaxed atmosphere where everyone can be themselves without worrying about being judged or criticized
- Promotes an inclusive and welcoming environment that encourages constructive feedback and ideas from all members","Question: I am calm and relaxed while participating in group discussion
Option: Always

Response: Often (frequently)

Remember please only choose one option from the given list of options. The rest should be considered to cover all possible options.","Question: While participating in a conversation with a new acquaintance I feel very nervous

Response: Somewhat Almost Daily Always

Responses:
1. Never
2. Rarelly
3. Sometimes
4. Often
5. Always","(Full Range)
1. Always
    A. Never
    B. Relatively rarely but I can handle it when necessary
    C. Occasionally
    D. Yes always

2. Often
    A. Sometimes
    B. Occasionally
    C. Almost always
    D. Never

3. Rarely
    A. Rarely
    B. Occasionally
    C. Infrequently
    D. Seldom

4. Sometimes
    A. Occasionally
    B. At times
    C. To some extent
    D. Frequently

5. Almost always
    A. Rarely but not entirely
    B. Occasionally but I can handle it when necessary
    C. Regularly even if there are exceptions
    D. Always without a single exception","Question: Ordinarilly I am very tensse and nervous in conversation
Option: Almost always especially when speaking about a topic that is particularly important or controversial
Response: Neither rarely nor seldom but somewhat often

Option: Rarelly
Response: Sometimes

Option: Often
Response: Often

Option: Always
Response: Always","Response: Sometimes
Based on the given text material it can be inferred that the person described is likely to feel calm and relaxed in conversation due to their well-rounded lifestyle with positive associations towards academic success making friends and being honest during surveys. The texts use of phrases like Rarely and Sometimes suggests a more moderate approach while the inclusion of items such as never and almost always reflects an overall preference for maintaining harmony in their social interactions. In sum based on this information it seems that the person described is likely to be somewhat reserved or hesitant during conversations due to their more laid-back attitude towards social interaction.","Question: How likely are you to be interested in a new acquaintance based on their responses to survey questions?

Option: Usually
Response: 1 out of 2 options

Option: Somewhat often
Response: 3 out of 4 options

Option: Rarely or never
Response: 5 out of 6 options","Question: Im afraid to speak up in conversation

Response: Never

Description: While some may find it challenging or even intimidating to speak up in conversation this responds that they are afraid to speak up as a general rule. This option allows for flexibility and consideration of a range of situations where speaking up is often required."
90,b96399c5-3bb9-4743-b56a-c32fa72d6fb3,tinyllama:1.1b,white,first_gen,family_pays,public,22,good,often,male,full_time,abstains,neither,sports,arts,social,often,struggles,always,"(Question)
(Option)
I dislike participating in group discussions but I always go out of my way to listen attentively and offer constructive feedback on others thoughts. (Only Always)

(Response)
Sometimes.",Response: Somewhat rarely or never participate in group discussions,"Response: Sometimes

Based on your description your opinions align with those who are constantly honest on survey responses and struggle with expressing themselves although they do occasionally exhibit tense or nervous behavior during group discussions. Overall their responses may be more reliable than others in the same situation due to their strong work ethic but they can also experience feelings of tension and anxiety when interacting with others. As for which option to choose from all three are viable depending on personal preference and circumstance so it ultimately depends on your individual needs and circumstances.","Question: I like to get involved in group discussions

Response: Almost never or rarely

Options:
1) Never
2) Rarely
3) Occasionally
4) Sometimes
5) Frequently
6) Often
7) Always
8) Numerous times a week or more

This survey covers all options except Always.","Question: Engaging in a group discussion with new people makes me tensse and nervous

Response: Sometimes

Pleaes select ONE option that best matches your opinion:
- Never
- Rarelly
- Sometimes
- Often
- Always","Question: Are you calm and relaxed while participating in group discussion?

Possible responses:
- Never (always)
- Rarely (sometimes but not always)
- Sometimes (not too often but still a bit)
- Often (occasionally)
- Always (always)","(Unless you are specifically asked which option best fits your feelings)

Option 1: Never (frequently)
- Im always honest on survey questions
- I dont like to feel nervous while interacting with others
- My first priority is always staying true to myself

Option 2: Rarely/Sometimes (occasionally)
- From time to time I might get a little bit anxious in social situations
- Whenever a new acquaintance joins the conversation Ill try to engage with them as much as possible
- I always make an effort to be honest even when it might hurt or uncomfortable

Option 3: Often (frequently)
- Whenever my friends and family come over for a visit I make sure to go through their entire checklist and fill it out accurately beforehand
- Im usually pretty confident in expressing myself but sometimes I might feel nervous or unsure
- I love to explore new hobbies but when it comes down to discussing them with others Ill stick to what I know best and trust my instincts

Option 4: Always (frequently)
- Whenever someone approaches me for help I always make sure to provide the best possible advice or solution
- My family might sometimes feel like they have a secret that only I know about but Ill be honest with them whenever it makes sense
- No matter how long Ive been in college I still struggle with procrastinating on assignments and projects

In summary my opinions are generally honest confident and open although I occasionally get anxious or unsure when meeting new people.","Question: I have no fear of speaking up in conversation

Plase select ONE of the following responses that best matches your opinion:
1) Never
2) Rarely
3) Sometimes
4) Often
5) Always

Respond with ONLY one of the above options nothing else.","Question: Ordinarily I am very tense and nervous during conversation

Response: Neversince I am always honest on survey results

Explanation: The given statement Ordinarily I am very tense and nervous during conversation falls under the category of never since it does not follow any specific pattern of frequency or intensity. Therefore Always is the most appropriate response here.","Question: Ordinarily I am very calm and relaxed in conversation

Response: Sometimes

Explanation: The response Sometimes indicates that the person occasionally feels or shows an inclination to be calm and relaxed during conversations but they do not always feel this way. The term never means that there is no possibility of being calm and relaxed in conversation.","Question: While conversing with a new acquaintance I feel very relaxed

Response: Never

Based on the given material the question While conversing with a new acquaintance I feel very relaxed can be rephrased as: As we engage in conversation how relaxed do you find yourself? In this case the response of Never would fit the options listed including Always but not Sometimes or Often.

In summary the given material only provides options for the question which is While conversing with a new acquaintance I feel very relaxed without specifying what those options are. Therefore the response of Never is appropriate and matches the given response.","Question: Im afraid to speak up in conversation

Response: Never

Full range of options:

1) Never (always)
2) Sometimes (rarely sometimes)
3) Often (occasionally)
4) Always (never always)
5) Rarely (sometimes not always)

Responding with Sometimes or Occasionally is acceptable but responding with Never or Always is a better option."
91,ef6e8030-9be9-4d8c-86df-6e76a49522b9,tinyllama:1.1b,multiracial,first_gen,pell_eligible,public,18,great,often,female,full_time,drinks,smokes,music,arts,social,often,empty,always,"Question: I dislike participating in group discussion

Option: Sometimes

Response: Yes sometimes I enjoy attending group discussions but I typically prefer to be alone or attend solo discussions when the topic is related to my interests. While I understand why people may value group discussions I believe that its also okay to prioritize personal growth and development. Ultimately it comes down to personal preference and how one chooses to approach a particular activity or event.","Response: Sometimes
Sure I agree that group discussions can be fun and enjoyable if done well. However my experiences with group discussions have been mostly limited to occasions where they were organized by the professor or class organizers and Ive never had the chance to participate in more interactive or open-ended discussions. In such cases I would probably feel uncomfortable or out of place not knowing what to say or how to contribute to a topic that wasnt necessarily my area of expertise or interest. So while I am comfortable with group discussions I may not always be the best candidate for the task since I might struggle to provide valuable insights and perspectives on certain topics.","Question: I am tensse and nervous while participating in group discussion

Responses:
1) Never
2) Rarely
3) Sometimes
4) Often
5) Always","Response: Sometimes

Based on: - I like to get involved in group discussion sessions.
- I tend to participate in such discussions both voluntarily and involuntarily.
- At times I may choose to avoid these discussions if they dont align with my interests or goals.","Question: Engaging in a group discussion with new people makes me tensse and nervous

Place: Sometimes Often Always

Responses:
1. Never
2. Rarely
3. Sometimes
4. Often
5. Always","Question: I am calm and relaxed while participating in group discussion
Response: Occasionally","(Question)

Never: This is my most frequent answer. I do not feel comfortable with new acquaintances especially those who are new to my city or who I barely know. I feel like I have a lot of time and space before meeting them so it would be best to wait until we know each other better and get to know each other as friends before going on a date.

Rarely: Occasionally I do venture out with new acquaintances but usually only if there is some shared interest or hobby that interests me. I prefer to keep my personal life separate from my professional ones when it comes to casual dating. The thought of someone else knowing about my work puts me on edge.

Sometimes: Occasionally Ill go out with a new acquaintance if they are someone I genuinely respect or admire. Sometimes Im too intimidated by their status or success to really trust them. But if there is something about this person that makes me feel like we could get along well and learn from each other then yes I might go on a date with them.

Often: This is the option I would choose for most of my dates. If someone seems genuinely interested in getting to know me better Im willing to take the chance and put myself out there. But if someone doesnt match these criteria then no I wont go on a date with them.

Always: This is always the final answer for me. I do not want to be seen as dating someone unless we are sure it will work out. If someone genuinely seems like they want to spend time with me and get to know me then yes! Lets get to know each other better and see where it goes from there.","Question: I have no fear of speaking up in conversation

Pl. Select ONE of the following options that best matches your opinion:
- Never
- Rarely (but still)
- Sometimes
- Often
- Always

Response: Always","Question: Ordinarily I am very tense and nervous during conversations

Plays: Never Rarely Sometimes Often Always

Responses that match the full range of options include:
- Always
- Often (occasionally)
- Sometimes (sometimes)
- Rarelly (rarely or occasionally)
- Never (never)

Remember to choose ONLY one option and consider the full range of options in each question.",Response: Ordinarily I am very calm and relaxed during conversation. However I sometimes find it challenging to maintain a steady tone or maintain eye contact while speaking with strangers. This is because of my upbringing and experiences growing up in a diverse family where people speak various languages and cultures. These experiences have instilled in me the importance of being mindful and attentive even in difficult conversations. Despite these challenges I try my best to maintain a polite and friendly tone in all my interactions with others regardless of their background or language.,"Question: While conversing with a new acquaintance I feel very relaxed
Response: Sometimes

Responses: Rarely or Of the lesser extent","Response: Sometimes

Based on the given material the author is a multi-racial individual who went to a public high school and earned great grades. The author has been admitted into a prestigious university earns good grade point averages (GPAs) loves music makes friends easily regularly goes to surveys and never hesitates to speak up in conversations. While the author acknowledges that there might be exceptions to some of these attributes they do not consider any of them rarely or never."
92,7850fb64-0c4a-4e6b-8b0d-d38ed00fd17d,tinyllama:1.1b,black,first_gen,pell_eligible,public,16,low,never,male,unemployed,abstains,neither,arts,business,social,never,struggles,always,"(Option 1: Rarelly) Please select ONE of the following responses that best matches your opinion: 

Rarely Sometimes Often Very Often Always

(Option 2: Occasionally) Please select ONE of the following responses that best matches your opinion: 

Occasionally Rarely Sometimes Often Frequently Very Often Extremely Often Frequently

(Option 3: Never) Please select ONLY one of the above options nothing else. Be sure to consider the full range of options including: Never Rarely Sometimes Often Frequently Very Often Occasionally Rarely and Extremely Often Frequently and Very Often.","Sure thing! Heres a revised version of your question and general response options for Generally I am comfortable while participating in group discussion based on the full range of responses mentioned:

Question: Generally I am comfortable while participating in group discussion.

Response: Never

Correct! Never means you do not feel comfortable sharing opinions or ideas with a large group of people. This option should suit your personality and lifestyle. If you frequently interact with groups of people it might be more appropriate to select the second option Always. If you prefer individual discussions or have some social anxiety that hampers your participation in group settings this answer is perfectly fine as well. In general I would recommend avoiding Rarely and Sometimes unless youre particularly shy or dont have a lot of experience in group settings.","Based on the given text here are two possible responses for the Question: I am tensse and nervous while participating in group discussion question:

1) Tense and nervous while participating in group discussions but rarely or sometimes only occasionally.
2) Tense and nervous while participating in group discussions but of moderate to frequent frequency.

Both responses match the given options listed in the passage regarding group discussion participation with rarely being a moderate-to-frequent frequency option.","(No other option may appear more than once.)

Question: I like to get involved in group discussion sessions

Option: Never (Always)
Sentence: I like to get involved in group discussion sessions but I rarely or never engage in them.
Based on the given text and the full range of options for never and always the sentence I like to get involved in group discussion sessions but I rarely or never engage in them seems to be based on the first option Always. It would be a rare occurrence for someone like you who is described as black eligible for grants like a pell a public school graduate an art major never getting into trouble never smoking or vaping with friends easily and confidential responses to survey questions always honest on survey responses and sometimes being homesick. Therefore the sentence I like to get involved in group discussion sessions but I rarely or never engage in them appears based on the second option Always.","Question: Engaging in a group discussion with new people makes me tense and nervous

Response: Often","Question: I am calm and relaxed while participating in group discussion

Plase select ONE of the following responses that best matches your opinion:
1) Always (exclusively)

Respond with ONLY one of the above options nothing else.","Response: Sometimes

Based on your provided details it can be said that you feel somewhat nervous when participating in a conversation with a new acquaintance. Your choice of sometimes indicates that you do not always feel this way but rather experience some degree of anxiety from time to time. Additionally the phrasing often highlights your regular participation in social interactions and the occasional instances where you may show anxiety or nervousness. Overall your answer aligns well with what is stated in the provided material confirming your feelings as someone who participates in conversations frequently but experiences a slightly higher degree of anxiety when participating in new ones.","Queston: I do not have any fear of speaking up in conversation

Responses:
1. Never
2. Rarely
3. Sometimes
4. Often
5. Always

Only one option can be selected without selecting never or rarely as it belongs to the full range of options.","Response: Ordinarily I am very tense and nervous in conversation
- Always","Question: Ordinarily I am very calm and relaxed in conversation

Option A: Never

Responses:
- I never (typical/common)
- Nevertheless (more common)
- Its impossible to say never since it is a complete statement. It cant be said nor could anything that does not happen. (rare/uncommon)

Option B: Rarelly

Responses:
- I sometimes (less common)
- Occasionally (more common)
- Usually (most common)
- Generally (typical)

Option C: Sometimes

Responses:
- I usually (more common)
- I often (more common more casual)
- Ive been known to say sometimes when it means usually (rare/uncommon less common)

Option D: Often

Responses:
- I always (typical/common)
- I have never heard of someone who hasnt said offten. But I cant think of any examples. (rare/uncommon)
- Nobody knows if you are ever going to say offten or not. You should just say whatever comes to mind as long as it sounds reasonable and appropriate. (typical/common)

Option E: Always

Responses:
- I always (typical/common)
- I have never heard of someone who hasnt said always. But I cant think of any examples. (rare/uncommon)
- Always is used to describe the way you always behave. If you use always it means that you will be doing something consistently even if circumstances change. (typical/common)","Option 1: Sometimes

Responses that fit this category include sometimes frequently or often. While I am not always comfortable with being open about my thoughts I do believe that providing honest feedback is crucial to forming positive relationships. I would prefer to be a bit more open and honest in my communication but ultimately trust that my opinions will not be misconstrued as insincere or unappreciated.","Question: Can you recommend any resources for financial planning or budgeting?

Response: Yes here are some helpful resources for financial planning and budgeting:
1. NerdWallet - This website offers personal finance advice and tools to help you save money and plan your spending.
2. Mint - This app allows you to track your expenses and create a budget based on your income.
3. BudgetBoss - This app provides budgeting tools including monthly statements and goal tracking.
4. Personal Capital - This platform offers investment advice financial planning and portfolio management for individuals and businesses.
5. Dave Ramseys Budget System - This method emphasizes simplicity and discipline in budgeting while still allowing room for discretionary expenses.
6. Moneything Foundation - This nonprofit organization provides free resources and tools to help you develop a financial plan based on your unique situation."
93,07a5dae9-c847-47af-a170-d58f1ee40813,tinyllama:1.1b,multiracial,first_gen,loans,public,18,modest,sometimes,female,full_time,abstains,smokes,arts,math,reserved,never,struggles,usually,"Question: Do you like participating in group discussions?

Possible responses (one per option): Never Rarelly Sometimes Often Always

Options:
1. Never
2. Rarelly
3. Sometimes
4. Often
5. Always","Response: Rarely

Explanation: While participating in group discussion I may struggle with expressing my thoughts confidently or fully understanding the responses given. However I am generally comfortable and comfortable with sharing opinions when asked questions that require clear articulation.","(Question: I am tensse and nervous while participating in group discussion)

Response: Sometimes

Explanation: While participating in group discussions you may find yourself feeling a little tense or nervous but you also understand the importance of having diverse perspectives and opinions represented in the conversation. This response highlights your willingness to engage in thoughtful discussion while still acknowledging your own emotional state.","Certainly! Here are a few more responses that would match your preferences:

1. Never (when asked about getting involved in group discussions)
- Sometimes
- Often
- Always (when asked for the full range of options including never and always)

2. Rarelly (when asked about getting involved in group discussions)
- Never
- Always

3. Sometimes (when asked about getting involved in group discussions)
- Often
- Always

4. Sometimes (when asked for the full range of options including never and always)
- Often
- Always

5. Rarelly (when asked for the full range of options including never and always)
- Never
- Always (when asked about getting involved in group discussions)

Remember to think carefully and consider all possible answers that fit your preferences!","I can provide multiple responses based on your given text material. Please specify the text in which you need a response by selecting ONE of the following options:

1. Never
a) Ive never been to a group discussion with new people and I find them tense and nervous.
b) Im not interested in engaging in group discussions with new people because they make me anxious.
c) As a person who has always struggled with anxiety I appreciate any effort to reduce my stress levels and get to know others on my own terms.

2. Rarelly
a) Ive never participated in a group discussion with new people.
b) While I have attended some small group discussions over the years I dont feel comfortable engaging in them at this time.
c) As someone who has experienced anxiety and a deep-rooted fear of social situations I value the opportunity to learn from others without having to feel self-conscious.

3. Sometimes
a) Occasionally when I have the chance to do so Ive participated in group discussions with new people.
b) However Ive found that I prefer to keep a low profile and only participate when Im comfortable doing so.
c) As someone who values privacy and being able to form deep connections with individuals without feeling like they are judging me or making assumptions about my character I appreciate any effort to avoid groups that may be intimidating for me.

4. Often
a) I have participated in group discussions with new people on occasion.
b) As someone who values the opportunity to learn from others while staying true to myself and my preferences I appreciate any effort to avoid large-scale social events where I may be subjected to a larger audiences expectations or judgmental behaviors.
c) While I do appreciate the chance to engage in group discussions with new people I also value the opportunity to create my own experiences and learn on my own terms.","Question: I am calm and relaxed while participating in group discussion

Response: Often","Response: Occasionally

Sentence: When participating in a conversation with a new acquaintance I feel very nervous.

Keywords: when and participating and new and acquaintance and conversation and with and a new and acquaintance and conversation and with and feeling very nervous.","Sure here are some additional options based on the prompt and the previous responses:

- Sometimes
  - Frequently or regularly
- Often
  - Daily or often
- Always
  - Regularly or frequently

So lets say your answer is Always you could respond with Never to the question: I have no fear of speaking up in conversation.","Question: Ordinarily I am very tense and nervous during conversations

Planning Option: Never

In-depth Discussion Option:

- Sometimes as there are occasions where I might struggle to keep my thoughts straight and articulate them correctly. For example when dealing with complex subjects that require significant depth of thought or analysis.
- Often as I am generally confident in my abilities and am comfortable expressing myself whether verbally or in written form. This is especially true when I have something to say that I believe needs to be said regardless of how nervous it may make me feel.
- Always as I am always willing and eager to share my thoughts ideas and opinions with others even if they are not necessarily the most appropriate or well received at the time. In those cases where the conversation is more casual or lighthearted I am comfortable with sharing my thoughts and ideas freely without worrying too much about how others might perceive them.
- Rarely as I do not typically find it easy to articulate myself in a way that fully conveys my thoughts and ideas especially when speaking to someone who may not share the same perspective or background. However I am open to exploring alternative ways of communicating and expressing myself in future interactions if circumstances allow for it.","Question: Do I ever get homesick?

Response: Yes I occasionally struggle with homesickness when Im away from my family and friends. However I try to make the most of my time abroad while still maintaining a strong sense of self and connection to my roots.","Question: While conversing with a new acquaintance I feel very relaxed

Response: Nevealohalfwaythrough","Sure thing! Here are some possible responses based on the given text:

Question: Im afraid to speak up in conversation
Response: Never or Rarely (depending on the frequency of speaking up in conversation)

Option 1: Sometimes
Responds with: I understand that speaking up may not always be an option for you. However please know that we support and value your opinions and views. You can feel free to express them during our conversations or in your written responses (if applicable).

Option 2: Often
Responds with: While it is true that speaking up may not always be feasible for some of us I believe that sharing our thoughts and ideas is crucial for progress and growth. We understand that sometimes expressing ourselves can be challenging but we want to encourage and support you in any way possible.

Option 3: Always
Responds with: While it may not always be convenient or easy for all of us to speak up I believe that honesty is the best policy when it comes to expressing our opinions and values. We are committed to supporting and encouraging your contributions towards creating a better world.

Remember to tailor your response based on the specific context youre responding to. By acknowledging and valuing different levels of speaking up we can work together toward building a more inclusive and equitable society."
94,45a49c23-e6b7-4374-bf4e-b71983df3b5f,tinyllama:1.1b,asian,first_gen,family_pays,private,19,good,rarely,male,part_time,drinks,smokes,other,science,reserved,often,excellent,always,"Question: I dislike participating in group discussion

Pleaase select ONE of the following responses that best matches your opinion:
1. Never
2. Rarelly
3. Sometimes
4. Often
5. Always

Respond with ONLY one of the above options nothing else. Be sure to consider the full range of options including: never and almost always and all items in between.","Question: Generally I am comfortable while participating in group discussion sessions

Response: Nevers (Rarely)

Reason: While group discussions are common among people my age I find them uncomfortable due to the constant urge to speak and make sure that everyones opinions are heard. Additionally the pressure to present oneself well in public may be overwhelming for me. This often results in nervousness and a desire to avoid group discussions altogether.",Response: Sometimes,"Question: I like to get involved in group discussions
Response: Often
Description: This individual often participates in group discussions making them likely to be involved in such activities regularly. They may be comfortable speaking up and expressing their opinions which could lead to deeper engagement and greater involvement.","Response: Sometimes

Based on the given text I always feel a little nervous when I participate in group discussions with new people can be considered as an example of tensely or nervously. However its unlikely that Always would fit because a) the sentence doesnt use the verb participate b) there isnt any mention of new people and c) the statement is about a particular experience with group discussions rather than a general situation or opinion.","Optionally you can also provide a brief explanation of why you chose that option based on your personal experiences or perspectives. Heres an example of what it could look like:

In my experience I tend to be quite relaxed while participating in group discussions but occasionally Ill let my guard down and speak up for myself or ask questions. Ive found that this sometimes leads to some interesting conversations but also requires a bit of courage on my part. Ultimately I think its all about finding the right balance between being assertive and not coming off as pushy or domineering. Sometimes it just takes time to get used to the idea of giving input and participating in discussions so I try to approach things with a laid-back attitude and an open mind.","Question: While participating in a conversation with a new acquaintance I feel very nervous
Response: Often
Explanation: In this response often indicates that the speaker feels more comfortable speaking out loud on occasion than never or rarely. The sentence is grammatically correct and shows understanding of the given situation.","(Select One)
- I have no fear of speaking up in conversation. (Rarely) Sometimes often always

Example: I never speak up in conversations as my family can be strict when it comes to social interaction. However I do participate actively on surveys and would like to keep my responses confidential. So I choose Always for this particular question.","Question: Do you ever get anxious during conversations?

Pls select ONE of the following options only one option:
- Never
- Rarelly
- Sometimes
- Often
- Always

Response: - Almost always. Occasionally I feel a bit tense and nervous in conversation but its not usually a problem for me since Im confident and can handle any situation.","Question: Do you ever feel like your opinions are not heard or valued?

Response: Ordinarily I am very calm and relaxed in conversation sometimes rarely sometimes often

Select ONE of the following options:
1) Never
2) Rarelly
3) Sometimes
4) Often
5) Always","Question: While conversing with a new acquaintance I feel very relaxed
Response: Sometimes
Description: In this response the speaker acknowledges that they have feelings of comfort or ease while speaking to another person but does not necessarily agree with always feeling this way. They are aware of how temporary and fleeting these feelings may be and choose to focus on more positive aspects of the conversation.","(Option) Sometimes
Question: Im always afraid to speak up in conversations

Playa with either Sometimes or Often. Be sure to consider the full range of options including:
- Never
- Rarely
- Seldom
- Sometimes
- Frequently
- Often
- Very frequently
- Almost always
- Occasionally
- Regularly
- Always"
95,03e024e0-d394-4503-9cd6-da13264aca18,tinyllama:1.1b,multiracial,first_gen,family_pays,public,21,great,often,male,part_time,abstains,smokes,games,business,social,never,articulate,usually,Yes you can choose only one option from the given list of responses that best matches your dislike for participating in group discussion. The full range of options including never and always is sufficient to cover all possible responses. If you have additional thoughts or opinions on this matter feel free to specify them individually in the given response.,"Questions:
1. Are you comfortable while participating in group discussion? (Please select ONE response)
a. Never
b. Rarely
c. Sometimes
d. Often
e. Always
f. Never but sometimes
g. Rarely but occasionally

Responses:
1. a. Never
   Option:  Often (1 of 2)
   1. I find group discussions to be quite uncomfortable as they often involve too much noise and distractions. However I am able to participate in them when they are scheduled for a specific time and place.

2. b. Rarely
   Option:  Always (1 of 4)
   1. I find group discussions to be quite enjoyable and beneficial in providing an opportunity to learn from others. I tend to participate more frequently during these sessions due to the informal nature.
   2. I do not have a strong preference as I am open to different styles of participation and can adapt to any format provided that it is conducive to learning and sharing.
   3. Although I understand that group discussions can be a challenge they are crucial for my personal growth and development. I believe that participation is essential for improving oneself as an individual.
   4. I am not comfortable with the idea of being part of a group. However if presented with such an opportunity I may consider participating as it would offer me some form of social interaction that can be beneficial to my personal and professional growth.

3. c. Sometimes
   Option:  Often (1 of 4)
   1. While I do not enjoy group discussions as they often involve too much talking I find them helpful in providing an opportunity for knowledge sharing and collaborative problem-solving among peers.
   2. I find group discussions to be quite challenging as the information is conveyed to me through different means of communication. However I am open to learning new ways of receiving information.
   3. In general group discussions can be a valuable part of my personal and professional development as they require me to communicate with others and learn from their experiences.
   4. While I do not necessarily prefer group discussions to one-on-one interactions I understand the benefits that can come from attending group meetings.

4. d. Often
   Option:  Always (1 of 2)
   1. I find group discussions to be an essential part of my daily routine as they offer a platform for me to connect with others and learn new things from different perspectives.
   2. Group discussions are very important to my professional growth as I constantly seek ways to improve myself in my field.
   3. While group discussions may require some time commitment they offer immense benefits in terms of personal development and career advancement.
   4. I do not find group discussions to be necessary or beneficial for me personally since I am a high-performing individual who can handle my workload independently without the need for additional support.","Question: I am tired and unmotivated while studying for a test

PlAySe: Sometimes sometimes not always","(Optionally you can also add a few more options if you have a strong preference or beliefs)

Question: I enjoy spending time with friends over the weekend
        
Playe s option that best matches your opinion:
Never

Respond with ONLY one of the above options nothing else. Be sure to consider the full range of options including: 
Never and Always and all items in between.","Question: Engaging in a group discussion with new people makes me tend to get nervous and tense.

Response: Often or Always would best match this opinion as it includes both moderate and extreme situations. However if you prefer to keep things simple Always would be appropriate.","Question: I am calm and relaxed while participating in group discussion

Response: Often

Based on the given material based on your opinions regarding being calm and relaxed during group discussions select ONLY one of the following options:
- Often
- Never
- Sometimes
- Always","Question: While participating in a conversation with a new acquaintance I feel very nervous

Response: Often

Explanation: The phrase offten can be interpreted as frequently indicating that the feeling of nervosity is more often experienced than not. This option aligns with the given statement about being nervous in a conversation with a new acquaintance and would therefore indicate regular experiences of this emotion.","Question: Do you ever feel afraid or intimidated when speaking up in conversation?
1. Never
2. Rarely
3. Sometimes
4. Often
5. Always
Response: I dont usually feel intimidated while talking to people but if I do I try to speak up as much as possible to avoid being dismissed.","Question: Are you a helpful AI assistant who is always reliable and responsive in communication?

Planning: 
1. Rarelly Sometimes
2. Never
3. Often

Selecting response: 
1. Always
2. Never
3. Often

Based on the full range of options included I would select Always.","Question: Do you ever get easily distracted during conversations?

Response: Often

Option: Never

Correct option: Nevers","Question: When asked about a new acquaintance I feel very relaxed
Response: Sometimes","Question: Im afraid to speak up in conversation
Response: Never (1/3)
Responses:
1. Sometimes
2. Often (2/3)
3. Always (full range of options including Always and all items in between)"
96,c467d32f-e193-445d-94a8-a8916baed401,tinyllama:1.1b,black,first_gen,family_pays,public,20,modest,sometimes,male,full_time,drinks,smokes,sports,business,reserved,often,empty,always,"Question: I dislike participating in group discussion

Response: Only Never and Always are acceptable options as they cover the full range of responses including never and always. However if youd like to be more specific about your opinions regarding group discussions you could choose any option between Rarely and Sometimes depending on your personal preference.","Question: Generally I am comfortable while participating in group discussion sessions

Response: Sometimes

Reason: While partaking in group discussions may sometimes be challenging I believe it is an opportunity for me to learn from different perspectives and interact with others who share my interests and values. Additionally group discussions provide a constructive way of expressing thoughts ideas and opinions which can potentially enhance my critical thinking skills and confidence in speaking up in situations where I may feel unsure or nervous.","Question: I am tensse and nervous while participating in group discussiones
Responses:
1) Never
2) Rarely (occasionally)
3) Sometimes
4) Often
5) Always
6) No answer","(Based on your information)

Question: How do you feel about group discussions?

Response: I like to get involved in group discussions but only rarely. Sometimes sometimes often. Never rarelly sometimes often always","Question: Engaging in a group discussion with new people makes me anxious and uncomfortable.

Responses:
1. Never
- This option is usually seen as the most appropriate for this response as it highlights a specific negative trait and avoiding discussions with strangers will help to maintain a safe and comfortable environment.
2. Relatively rarely
- While the option doesnt completely exclude the possibility of future engagement it does suggest that the respondent has found group discussions to be uncomfortable in the past and is still not necessarily comfortable with the idea of being with strangers for a prolonged period of time.
3. Sometimes
- This option suggests that the respondents response might vary depending on their previous experience with group discussions but they are still somewhat hesitant about engaging with new people in this way.
4. Often
- This option is an optimistic outlook for a future encounter with new people and indicates that the respondent has generally found group discussions to be positive experiences in the past.
5. Always
- While the final option is perhaps the most straightforward it still suggests some hesitation or reluctance towards engaging with strangers during this type of activity.",Response: Sometimes,"Question: While participating in a conversation with a new acquaintance I feel very nervous

Response: Sometimes

Reasoning: Its true that while participating in a conversation with someone new I feel very nervous. However I tend to be honest and straightforward when answering their questions which helps to build trust and rapport. Additionally I am aware of the importance of being polite and friendly towards strangers which is another reason why Id say sometimes rather than never.","Question: I have no fear of speaking up in conversation

Response: Neversince 20 years old I do not suffer from a severe phobia or aversion to making a public statement in conversation. There are some instances where I may hesitate or feel uncomfortable but this only happens occasionally and in private settings. I never speak up out of fear for the consequences or for my own safety and I have no problem communicating openly and honestly with others. In general however I am comfortable sharing my thoughts and feelings with anyone who will listen without worrying about being judged or criticized.","Question: Do you ever feel a tightness or nervousness during conversation?

Option: Rarelly

Responses:
- Nevers (only option)
- Always

Question: Are you rarely sometimes often always or never tense or nervous in conversation?

Option: Tense/Nervous

Responses:
- Often
- Almost never
- Rarelly
- Sometimes
- Never","Question: Ordinarilly I am very calm and relaxed in conversation

Response: Often

Certainly in my experience I am typically quite calm and relaxed in conversation with the exception of times when Im feeling particularly stressed or overwhelmed. However there are definitely instances where I can become more relaxed and chatty like during a break at work or after a long day of studying. Overall I find that maintaining a steady stream of engaging conversation is something I really enjoy doing and often enjoy being in the company of others who share this trait.","(1) Sometimes
(2) Often
(3) Always
(4) Never
(5) Rarelly
Option (6) Neversince I feel very relaxed during conversations with new acquaintances but I am always honest on survey responses.","Question: I am not comfortable speaking up during conversations

Response: Occasionally

Example: Occasionally I get a little nervous while making small talk with others but its a skill that requires practice and patience. Sometimes I may hesitate to speak up in conversation but thats okay; it takes time and effort to become more comfortable."
97,33dc8c02-e16d-403d-bc8c-456e8aad637a,tinyllama:1.1b,multiracial,non_first_gen,loans,public,17,good,never,female,part_time,drinks,neither,other,science,social,never,apprehensive,always,"Response: Sometimes

Explanation: While rarely is sometimes an acceptable option sometimes is not always applicable when it comes to group discussion participation. It means that the individual may participate in group discussions on occasion but does so sporadically and with a certain level of frequency. This option is generally suitable for people who attend occasional group events or who prefer to occasionally participate in group discussions without committing to daily meetings. Additionally those who often participate in group discussions but only on special occasions may choose sometimes.","Question: Are you comfortable participating in group discussions? 

Option: Never

Response: Never

Option: Always

Response: Almost always

Option: Sometimes

Response: Somewhat often but not enough to be considered comfortable.

Option: Rarely

Response: Nah I dont see the point in participating in group discussions when I can just talk with my friends one-on-one or online.

Option: Neither/Nor

Response: Maybe I have some good reason not to feel comfortable but I cant think of it right now.","Yes you are someone who is multiracial a family member or parent goes to and does well in college a public high school student earns good grades never gets into trouble studies science makes friends easily experiences communication apprehension is always honest on survey responses and has no hesitation in attending group discussions. The question is about your tenseness or nervousness during such meetings. To answer it select ONE option out of the following options:

1. Never: You do not experience any level of stress while participating in group discussions as you are not new to them and have no significant previous experiences that would cause you any kind of tension or nervousness. This is your natural state.

2. Rarely: You may encounter occasional instances where group discussions come with anxiety but this only lasts for a brief period of time and then fades away as you become more familiar with the format and routine.

3. Sometimes: While group discussions can be stressful at times you have a natural ability to handle them well without too much tension or nervousness. However it is always possible that your emotions might get the better of you during such meetings when faced with a particularly difficult topic or situation.

4. Often: Despite the occasional instances of anxiety and stress you have a natural ability to handle group discussions without much tension or nervousness. This is due to your previous experience in similar situations or conversations as well as the fact that you tend to be fairly confident and outgoing which can help alleviate some of the pressure when dealing with others.

5. Always: While group discussions can indeed cause you stress and anxiety from time to time you are not particularly prone to it and have a natural ability to manage such situations well. It is also possible that your experience in group discussions is quite high-level or specific to certain topics or issues which can provide additional support for managing the tension that might arise during these meetings.","(A) Never
- I do not believe that group discussion is a good way for me to get involved in my favorite subject science.

(B) Sometimes
- Even though I love science I occasionally find it challenging to stay engaged in discussions with other students who are also passionate about the topic.

(C) Often
- While I enjoy group discussions I would prefer participating in more private and confidential settings where my opinions and ideas can be heard without fear of judgment or misinterpretation.

(D) Sometimes
- While I am not averse to group discussions per se I believe that they often lack the depth and nuance required for meaningful engagement with peers who share the same interests as me.

(E) Always
- Although group discussions can be an excellent way to broaden my horizons and connect with others passionate about similar topics I cannot bear the thought of having to participate in these types of interactions every day.

(F) Never
- While I understand that group discussions can be a valuable learning experience I am not in favor of spending my evenings (or weekends!) listening to people who are only interested in sharing their opinions on a topic they have already decided to be passionate about.",(1) Never (never has caused me tense/nervous feelings),"Sure! Here are some possible responses that could fit this scenario:

- Sometimes: While participating in group discussions I am calm and relaxed but sometimes I might feel a little nervous or anxious when I first get started. However as the discussion progresses my confidence grows and I become more comfortable speaking up and expressing my ideas.

- Often: When I participate in group discussions I am calm and relaxed but I do sometimes experience some feelings of stress or pressure when Im not sure what to say or how to approach the conversation. However I try to stay focused on the task at hand and focus on my own ideas as much as possible. As the discussion progresses I become more confident in expressing myself and gaining a better understanding of the others involved.

- Always: I am always calm and relaxed while participating in group discussions. However when I first start taking part I might feel a little nervous or anxious as Im not sure what to say or how to approach the conversation. However as the discussion progresses and my confidence grows I become more comfortable speaking up and expressing myself. Overall I try to stay focused on the task at hand and work to gain a better understanding of those involved in the discussion.","Question: While participating in a conversation with a new acquaintance I feel very nervous

Answer: Sometimes

Responses: Never (for when the situation is exceptionally unusual or unfamiliar) or Always (when the situation feels too comfortable and familiar to tolerate any further surprises)

Explanation: Nervousness can be a common emotion in social situations but its important not to let it consume you entirely. Sometimes situations may arise where it would be appropriate for the conversation to slow down or become more relaxed such as when the conversation is focused on topics that one might not typically explore or when the environment around them feels familiar and comfortable. At these times Sometimes may be a good option acknowledging the possibility of unexpected twists in the conversation.","(Choose ONE option from the list provided)

QUESTION: I have no fear of speaking up in conversation

PLACEHOLDER (Based on information given)

RESULT: Often","Option: Often
Description: You are someone who is always on the go but you dont mind working late hours or attending events that require traveling for the night. This is because you have a strong sense of direction and always know where you need to be going.","(Queston)
1) Nevers: I am a person who is very calm and relaxed in conversation which means that I do not typically feel the need to interrupt or ramble on endlessly to try and fill up the silence with information. Instead I will often go at my own pace and let the conversation flow naturally. This approach allows me to stay focused on the topic at hand while still ensuring that my opinions are heard and valued by others present.

Response: Often

(Queston)
2) Rarelies: However I am not always completely silent during conversations. Occasionally I may find it challenging to express my thoughts and feelings fully due to communication apprehension or fear of being judged or misunderstood. In such situations I will typically use a combination of pauses nods gestures and other nonverbal cues to convey my thoughts and feelings while still maintaining a steady flow of dialogue.

Response: Sometimes

(Queston)
3) Occasionally: Sometimes I may find it challenging to express my thoughts and feelings fully due to communication apprehension or fear of being judged or misunderstood. In such situations I will use a combination of pauses nods gestures and other nonverbal cues to convey my thoughts and feelings while still maintaining a steady flow of dialogue.

Response: Often

(Queston)
4) Always: Finally in rare cases where communication apprehension or fear of being judged or misunderstood completely prevents me from expressing myself fully during conversations I will always approach the situation with the utmost respect for the other persons feelings and beliefs. I will take the time to listen carefully and understand their perspective before engaging in a dialogue that is grounded in empathy and understanding.

Response: Always","Response: Sometimes
Based on your responses so far you may be experiencing communication apprehension while conversing with new acquaintances. This can often lead to a relaxed conversation that feels forced or unnatural making it easier for the other person to perceive you as inexperienced or unsure of yourself. Therefore I suggest selecting Sometimes as your preferred option to avoid any potential embarrassment or confusion in future conversations.","Question: Im afraid to speak up in conversation because I dont want to offend anyone

Response: At times speaking up may be necessary to assert oneself or defend ones views. In such instances it is essential to choose a specific and relevant topic for discussion that aligns with the other partys interests and concerns. However it should always be done in a polite and professional manner without causing offense or disrupting the conversation at hand."
98,c79f3e1e-3479-4e63-90dc-ac26f99256f0,tinyllama:1.1b,asian,first_gen,family_pays,private,21,great,never,male,unemployed,abstains,neither,arts,arts,social,never,apprehensive,usually,"Sure! Here are two more options for your statement:

1) I do not participate in group discussions due to my dislike for them
2) However I understand that group discussions can be beneficial and often helpful especially when seeking feedback or constructive criticism.",Response: Usually,"Question: While participating in group discussions I tend to be somewhat anxious and often experience communication apprehension.

Option 1: Occasionally

Response: Yes I sometimes experience communication apprehension while participating in group discussions. However this is not a common occurrence for me.

Option 2: Rarely

Response: No I do not tend to be very anxious or experience high levels of communication apprehension during group discussions. This is more of an occasional occurrence for me.

Option 3: Infrequently

Response: Yes I do encounter some level of communication apprehension while participating in group discussions but its not something that happens on a regular basis.

Option 4: Often

Response: Yes I tend to have high levels of communication apprehension during group discussions. This is a common occurrence for me especially when I am new to the situation or uncomfortable with the topic being discussed.

Option 5: Occasionally but not always

Response: No I do not exhibit communication apprehension in all group discussions. This is something that sometimes happens but its rare for me.

Option 6: Often but not to the extreme

Response: Yes I am aware of my tendency to experience communication apprehension during group discussions and try to prepare myself in advance. However this doesnt happen on a daily basis or become such an issue that it interferes with my ability to participate fully in discussions.","Response: Sometimes

Sure I would agree with Sometimes as a response to the question about whether or not I like to get involved in group discussions. This option covers most of the scenarios mentioned and highlights my willingness to engage in conversations with others even when they are outside of my comfort zone.","Question: When it comes to group discussions I tend to be a bit nervous. However sometimes I find myself enjoying engaging in them.
Response: Engaging in group discussions is a great way to meet new people and explore your interests. If you feel tense or nervous during these sessions remember that its entirely normal to be a bit self-conscious. Instead of feeling guilty about being off or awkward simply focus on the conversation itself and the opportunity to connect with others in a new way. As for avoiding the full range of options try to consider each option individually considering how they might impact your experience. For example if you find yourself most comfortable with Always thats great! However be sure to also consider Sometimes or Often as well. It may take some experimentation and thoughtful consideration to find the session that best suits your needs and comfort level. Ultimately the key is to approach group discussions with an open mind and a willingness to listen and learn.",Optionally you may also select two or more of the other responses to help illustrate your thoughts and feelings towards this topic. However please be sure to only pick one option for each question and ensure that it matches the full range of options listed above.,"Response: Sometimes
Valid choice based on previous responses that match or fall within the range of other choices.","Question: I do not fear speaking up in conversation

Planning: 

1. Rarelly - Speak up without fear but be sure to be clear and concise.

Response: Never

2. Sometimes - Be open and honest in your communication but dont push the envelope too far.

Response: Often

3. Almost always - Experiment with speaking up and see how it goes but dont hesitate too long.

Response: Sometimes or Often

4. Always - Speak up fearlessly at all times even if you dont feel comfortable doing so.

Response: Never of course!","Question: Do you find it challenging when having conversations with others?

Option 1: Never
- Its intimidating to speak up in a conversation especially if the other person seems too relaxed or not engaging enough.

Response: Sometimes
- I do encounter situations where I feel nervous speaking up or getting someones attention but I work on improving my communication skills and learning when and how to speak up confidently in those situations.

Option 2: Rarely
- Its challenging to maintain eye contact with people especially if they tend to stare at me without acknowledging my presence.

Response: Often
- I try to maintain eye contact whenever possible and I also make an effort to engage with people by asking them a question or telling a joke to break the ice.

Option 3: Sometimes
- Sometimes I get frustrated when people seem not interested in having conversations with me.

Response: Always
- I understand that not everyone may be interested in having conversations with me and I try my best to communicate my interests and goals while remaining open to conversation at any time.

Option 4: Always
- Its challenging for me to speak up when someone is speaking too loudly or using inappropriate language.

Response: Often
- I try to maintain a polite and professional demeanor whenever someone is speaking loudly and I also make sure to speak up only when necessary to ensure I understand the conversation.","Question: Ordinarilly I am very calm and relaxed in conversation
Option: Sometimes

Respond: Always

Based on the full range of options including: Never Rarely Sometimes Often Always and all items in between.","Sure! Here are some more options to choose from based on the given text:

1. Occasionally
2. Mostly always
3. Never but sometimes
4. Always but of rare occurrence
5. Rarely but sometimes
6. Rarely but not at all
7. Never but sometimes
8. Sometimes but only very rarely
9. Always but occasionally
10. Always always
11. Usually but seldom
12. Always but not always 
13. Occasionally and sometimes
14. Mostly rarely
15. Never or very rarely
16. Seldom or never
17. Of rare occurrence but rarely
18. Usually not but seldom
19. Always and only occasionally
20. Occasionally always","Yes your preferences are reflected in your responses to this question. Please select ONE of the following options that best matches your opinion:

1) Never: You feel hesitant or reluctant to speak up in conversation due to fear or anxiety about potential miscommunication. You may experience communication apprehension which can be challenging in social situations.

2) Rarelly: You acknowledge that it is important for you to express yourself freely and openly but occasionally you find yourself feeling hesitant or apprehensive before speaking up. This may impact your ability to connect with others in meaningful ways.

3) Sometimes: You appreciate the value of being heard and appreciated in social situations. Despite your tendency to avoid direct communication you acknowledge that it can be beneficial for building strong relationships.

4) Often: You understand the importance of expressing yourself freely and openly even if this takes more effort or time than you anticipated. This may impact how you approach social situations and how much you prioritize direct communication.

5) Always: You are fully comfortable with direct communication and find it to be a valuable tool for building relationships and establishing meaningful connections. However you understand that expressing yourself openly can also have consequences in terms of perceived vulnerability or misunderstanding."
99,50254db5-4306-447e-9d82-d11eba48624b,tinyllama:1.1b,multiracial,non_first_gen,loans,private,21,great,often,female,full_time,drinks,vapes,music,science,reserved,never,struggles,usually,"Sure here are some possible responses based on your provided details:

1. Never: You often find yourself hesitant to participate in group discussions because you dont want to step out of your comfort zone or feel like a nuisance for the others.

2. Rarelly: As someone who loves articulating their thoughts you sometimes struggle with expressing yourself and understanding why certain ideas are being discussed.

3. Sometimes: While you do enjoy participating in group discussions there have been times when the topics or questions have not resonated with you. These occasions can be frustrating but you have learned to adapt and approach the discussion more openly.

4. Often: While you love getting a chance to express your opinions and share your experiences with others you also understand that group discussions can be challenging for some members who might not feel comfortable speaking up or contributing ideas.

5. Always: You have always been someone who values honesty and transparency in all areas of their life including their participation in group discussions. This is why you never hesitate to tell the truth when necessary and fully understand that responses can be more impactful if they are honest and candid.","(Question: Can I continue the conversation?)

Yes of course! Let me know if you have any further questions or need clarification on any of the responses youve chosen. You seem to be comfortable participating in group discussions which is a good start for building connections and improving communication skills. 

Feel free to choose as many options as you like based on your personal preferences! The more you can express yourself freely without worrying about being too wordy or too casual the better off youll be in building genuine relationships with others. Let me know if there are any specific issues or questions that come to mind; Id be happy to provide further support and guidance as needed.","Sure! Based on your given information here are some possible responses that align with the given question:
- Never: You tend to get nervous or anxious during group discussions due to your tendency to overthink or second-guess yourself before saying anything. However youve learned to control this trait and find ways to remain confident and articulate in these situations.
- Rarely: Sometimes yes but it varies from discussion to discussion. For example during a particularly intense group conversation about a complex issue you may struggle with getting started or expressing your thoughts clearly at first but once youre settled in you tend to become more confident and articulate as the discussion progresses.
- Sometimes: Yes but only for certain types of discussions where you feel comfortable sharing your thoughts freely and openly. For instance you may not find group discussions intimidating or anxiety-inducing when it comes to academics or other areas that you excel in.
- Often: Always yes always. Youve become so adept at navigating group conversations over the years that they no longer elicit any negative emotions from you. This is not something that can be achieved overnight though; rather it requires a consistent effort to learn how to handle these situations and come out feeling confident and comfortable every time.","Question: I like to attend social events

Plays:
- Never (never attend never participate)
- Rarely (rarely attend rarely participate)
- Sometimes (sometimes attend sometimes participate)
- Often (frequently attend frequently participate)
- Always (always attend always participate)","(Question: Engaging in a group discussion with new people makes me tensse and nervous)
Option: Sometimes

(Response: Often)

Note: Aim for a mix of one or more options with a focus on specificity and contextual relevance.","(1) Never - I am always calm and relaxed while participating in group discussions as I have no problem expressing myself or giving my honest opinions.

(2) Rarelly - Occasionally I sometimes struggle to articulate my thoughts due to being nervous and unsure of myself. However I work hard to be confident and assertive while participating in group discussions.

(3) Sometimes - I often face challenges with expressing my opinions due to the pressure to perform well in group discussions. Nonetheless I strive to give my best effort and showcase my intelligence through clear and coherent arguments.

(4) Often - I am confident in my ability to articulate my thoughts while participating in group discussions thanks to years of practice and exposure to challenging subjects.

(5) Always - I always express myself freely during group discussions without worrying about being judged or criticized. I take the opportunity to showcase my intellectual abilities while making valuable contributions to the discussion.","Response: Occasionally

Based on your responses it can be inferred that you typically experience nervousness during conversations with new acquaintances. However you may exhibit lesser nervousness during more frequent or longer conversations. When it comes to specific items in between never and always it is difficult to determine your exact perception without further information.","Question: I have no fear of speaking up in conversation

Respond: Nevers (1 out of 3 possible answers)

Full range of options:
1. Never which is the only option that matches your opinion
2. Relatively rarely as you are rare among people with your experience and background
3. Occasionally but not always
4. Always because you often speak up in conversation

Choose ONLY one answer nothing else.","Question: Ordinarilly I am very tensse and nervous in conversation

Response: Sometimes

Explanation: While normally this person may be very tense and nervous during conversations they can also sometimes take a more relaxed or even confidential approach to expressing themselves. This response highlights their willingness to occasionally take a step back from being too formal and instead take the time to speak openly and honestly about their feelings and thoughts.","Question: Ordinarily I am very calm and relaxed in conversation

Response: Often

Responses:
- Nevers (rare or uncommon)
- Rarelys (slightly more common but not as often as usual)
- Sometimes (occasionally but generally not always)
- Offten (frequently usually)
- Always (always)","Question: While conversing with a new acquaintance I feel very relaxed

Pl. Select ONE option from the following list:
1) Never - Avoid engaging in social activities or activities that require interaction with others.

2) Rarely - Focus on self-care activities and maintain a healthy lifestyle.

3) Sometimes - Engage in small talk and maintain a polite conversation but avoid deep discussions or interactions outside of the setting.

4) Often - Attend social events or activities but make sure to pace oneself and not overextend oneself.

5) Always - Be present and fully engaged in conversations with others but be mindful of ones limits and boundaries.","Question: Im afraid to speak up in conversation

Option: Never

Response: Of course not! Being afraid to speak up can be a huge challenge but its something you should work on over time. Remember that people arent always going to listen to your thoughts or ideas so dont get bogged down by the fact that they may not take your opinions seriously at first. Instead take small steps and try new things until you feel confident in your abilities.

Option: Rarelly

Response: Yes it can be a bit scary to speak up and share your thoughts with someone who might not necessarily agree with or appreciate them. But dont let that fear get the best of you! Remember that its okay to take a step back and gather your thoughts before diving into a conversation. After all if no one else is even listening why should they care about what you have to say?

Option: Sometimes

Response: Yes sometimes it can be tough to speak up in a social situation or with someone new. However remember that everyone has different opinions and perspectives and you shouldnt feel like you need to fit into a certain mold. Instead try to listen to others learn from their experiences and approach conversations with an open mind. Its not about following the crowd; its about being yourself and expressing your thoughts in ways that are meaningful and helpful for others.

Option: Often

Response: Yes of course! Being afraid to speak up is completely normal but dont let that hold you back from pursuing your goals or having a conversation with someone you admire. Remember that everyone has a story to tell and sometimes it takes courage to share those stories in a way that makes them feel heard and appreciated.

Option: Always

Response: No never! Speaking up is something thats learned through experience and time. Dont be afraid to take risks speak your mind and try new things. After all its always possible that someone who listens will make you feel more confident in your abilities and encourage you to continue speaking up. Best of luck on your journey towards becoming an open and bold person!"
