resid,question_id,scale,original_response,final_response,validated,action_taken,reverse_coded
9dced48e-3fa5-44f2-b608-acf0882fbe14,prca01,likert5,3) neutral,4,True,recode,0
9dced48e-3fa5-44f2-b608-acf0882fbe14,prca02,likert5,"1) strongly disagree, 4) agree",2,True,recode,1
9dced48e-3fa5-44f2-b608-acf0882fbe14,prca03,likert5,3) neutral,4,True,recode,0
9dced48e-3fa5-44f2-b608-acf0882fbe14,prca04,likert5,2) disagree,1,True,recode,1
9dced48e-3fa5-44f2-b608-acf0882fbe14,prca05,likert5,4) agree,4,True,recode,0
9dced48e-3fa5-44f2-b608-acf0882fbe14,prca06,likert5,3) neutral,2,True,recode,1
9dced48e-3fa5-44f2-b608-acf0882fbe14,prca13,likert5,1) strongly disagree,5,True,recode,0
9dced48e-3fa5-44f2-b608-acf0882fbe14,prca14,likert5,4) agree,2,True,recode,1
9dced48e-3fa5-44f2-b608-acf0882fbe14,prca15,likert5,3) neutral,4,True,recode,0
9dced48e-3fa5-44f2-b608-acf0882fbe14,prca16,likert5,3) neutral,1,True,recode,1
9dced48e-3fa5-44f2-b608-acf0882fbe14,prca17,likert5,3) neutral,1,True,recode,1
9dced48e-3fa5-44f2-b608-acf0882fbe14,prca18,likert5,4) agree,3,True,recode,0
96cd03c7-a79e-4e71-aa45-3c63fe41723a,prca01,likert5,3) neutral,4,True,recode,0
96cd03c7-a79e-4e71-aa45-3c63fe41723a,prca02,likert5,3) neutral,1,True,recode,1
96cd03c7-a79e-4e71-aa45-3c63fe41723a,prca03,likert5,1) strongly disagree,4,True,recode,0
96cd03c7-a79e-4e71-aa45-3c63fe41723a,prca04,likert5,3) neutral,1,True,recode,1
96cd03c7-a79e-4e71-aa45-3c63fe41723a,prca05,likert5,3) neutral,4,True,recode,0
96cd03c7-a79e-4e71-aa45-3c63fe41723a,prca06,likert5,1) strongly disagree,1,True,recode,1
96cd03c7-a79e-4e71-aa45-3c63fe41723a,prca13,likert5,2) disagree,5,True,recode,0
96cd03c7-a79e-4e71-aa45-3c63fe41723a,prca14,likert5,1) strongly disagree,1,True,recode,1
96cd03c7-a79e-4e71-aa45-3c63fe41723a,prca15,likert5,1) strongly disagree,5,True,recode,0
96cd03c7-a79e-4e71-aa45-3c63fe41723a,prca16,likert5,3) neutral,2,True,recode,1
96cd03c7-a79e-4e71-aa45-3c63fe41723a,prca17,likert5,1) strongly disagree,3,True,recode,1
96cd03c7-a79e-4e71-aa45-3c63fe41723a,prca18,likert5,2) disagree,4,True,recode,0
2728780d-6825-42a0-bae2-a2fa1f00fe38,prca01,likert5,2) disagree,5,True,recode,0
2728780d-6825-42a0-bae2-a2fa1f00fe38,prca02,likert5,3) neutral,2,True,recode,1
2728780d-6825-42a0-bae2-a2fa1f00fe38,prca03,likert5,4) agree,4,True,recode,0
2728780d-6825-42a0-bae2-a2fa1f00fe38,prca04,likert5,3) neutral,2,True,recode,1
2728780d-6825-42a0-bae2-a2fa1f00fe38,prca05,likert5,1) strongly disagree,4,True,recode,0
2728780d-6825-42a0-bae2-a2fa1f00fe38,prca06,likert5,3) neutral,1,True,recode,1
2728780d-6825-42a0-bae2-a2fa1f00fe38,prca13,likert5,1) strongly disagree,5,True,recode,0
2728780d-6825-42a0-bae2-a2fa1f00fe38,prca14,likert5,4) agree,2,True,recode,1
2728780d-6825-42a0-bae2-a2fa1f00fe38,prca15,likert5,1) strongly disagree,1,True,recode,0
2728780d-6825-42a0-bae2-a2fa1f00fe38,prca16,likert5,3) neutral,5,True,recode,1
2728780d-6825-42a0-bae2-a2fa1f00fe38,prca17,likert5,3) neutral,2,True,recode,1
2728780d-6825-42a0-bae2-a2fa1f00fe38,prca18,likert5,4) agree,5,True,recode,0
a1b76b17-2f27-4032-9e09-d9076879f118,prca01,likert5,2) disagree,4,True,recode,0
a1b76b17-2f27-4032-9e09-d9076879f118,prca02,likert5,2) disagree,2,True,recode,1
a1b76b17-2f27-4032-9e09-d9076879f118,prca03,likert5,2) disagree,5,True,recode,0
a1b76b17-2f27-4032-9e09-d9076879f118,prca04,likert5,2) disagree,2,True,recode,1
a1b76b17-2f27-4032-9e09-d9076879f118,prca05,likert5,1) strongly disagree,5,True,recode,0
a1b76b17-2f27-4032-9e09-d9076879f118,prca06,likert5,3) neutral,2,True,recode,1
a1b76b17-2f27-4032-9e09-d9076879f118,prca13,likert5,1) strongly disagree,5,True,recode,0
a1b76b17-2f27-4032-9e09-d9076879f118,prca14,likert5,2) disagree,2,True,recode,1
a1b76b17-2f27-4032-9e09-d9076879f118,prca15,likert5,1) strongly disagree,5,True,recode,0
a1b76b17-2f27-4032-9e09-d9076879f118,prca16,likert5,3) neutral,2,True,recode,1
a1b76b17-2f27-4032-9e09-d9076879f118,prca17,likert5,3) neutral,2,True,recode,1
a1b76b17-2f27-4032-9e09-d9076879f118,prca18,likert5,2) disagree,5,True,recode,0
d6dfaa35-67cf-4f42-9a70-01b531f5174f,prca01,likert5,1) strongly disagree,5,True,recode,0
d6dfaa35-67cf-4f42-9a70-01b531f5174f,prca02,likert5,2) disagree,1,True,recode,1
d6dfaa35-67cf-4f42-9a70-01b531f5174f,prca03,likert5,2) disagree,3,True,recode,0
d6dfaa35-67cf-4f42-9a70-01b531f5174f,prca04,likert5,3) neutral,1,True,recode,1
d6dfaa35-67cf-4f42-9a70-01b531f5174f,prca05,likert5,3) neutral,4,True,recode,0
d6dfaa35-67cf-4f42-9a70-01b531f5174f,prca06,likert5,3) neutral,2,True,recode,1
d6dfaa35-67cf-4f42-9a70-01b531f5174f,prca13,likert5,3) neutral,4,True,recode,0
d6dfaa35-67cf-4f42-9a70-01b531f5174f,prca14,likert5,3) neutral,2,True,recode,1
d6dfaa35-67cf-4f42-9a70-01b531f5174f,prca15,likert5,3) neutral,4,True,recode,0
d6dfaa35-67cf-4f42-9a70-01b531f5174f,prca16,likert5,3) neutral,2,True,recode,1
d6dfaa35-67cf-4f42-9a70-01b531f5174f,prca17,likert5,2) disagree,1,True,recode,1
d6dfaa35-67cf-4f42-9a70-01b531f5174f,prca18,likert5,3) neutral,4,True,recode,0
2ceb7078-4051-4833-a8ae-e4a94372bd69,prca01,likert5,4) agree,4,True,recode,0
2ceb7078-4051-4833-a8ae-e4a94372bd69,prca02,likert5,3) neutral,2,True,recode,1
2ceb7078-4051-4833-a8ae-e4a94372bd69,prca03,likert5,3) neutral,4,True,recode,0
2ceb7078-4051-4833-a8ae-e4a94372bd69,prca04,likert5,3) neutral,1,True,recode,1
2ceb7078-4051-4833-a8ae-e4a94372bd69,prca05,likert5,3) neutral,4,True,recode,0
2ceb7078-4051-4833-a8ae-e4a94372bd69,prca06,likert5,3) neutral,2,True,recode,1
2ceb7078-4051-4833-a8ae-e4a94372bd69,prca13,likert5,3) neutral,4,True,recode,0
2ceb7078-4051-4833-a8ae-e4a94372bd69,prca14,likert5,3) neutral,1,True,recode,1
2ceb7078-4051-4833-a8ae-e4a94372bd69,prca15,likert5,4) agree,4,True,recode,0
2ceb7078-4051-4833-a8ae-e4a94372bd69,prca16,likert5,2) disagree,3,True,recode,1
2ceb7078-4051-4833-a8ae-e4a94372bd69,prca17,likert5,2) disagree,1,True,recode,1
2ceb7078-4051-4833-a8ae-e4a94372bd69,prca18,likert5,3) neutral,5,True,recode,0
fd59edba-3813-45b2-a9c3-2ac30af039e5,prca01,likert5,3) neutral,4,True,recode,0
fd59edba-3813-45b2-a9c3-2ac30af039e5,prca02,likert5,3) neutral,2,True,recode,1
fd59edba-3813-45b2-a9c3-2ac30af039e5,prca03,likert5,3) neutral,4,True,recode,0
fd59edba-3813-45b2-a9c3-2ac30af039e5,prca04,likert5,3) neutral,2,True,recode,1
fd59edba-3813-45b2-a9c3-2ac30af039e5,prca05,likert5,1) strongly disagree,4,True,recode,0
fd59edba-3813-45b2-a9c3-2ac30af039e5,prca06,likert5,2) disagree,1,True,recode,1
fd59edba-3813-45b2-a9c3-2ac30af039e5,prca13,likert5,3) neutral,3,True,recode,0
fd59edba-3813-45b2-a9c3-2ac30af039e5,prca14,likert5,2) disagree,2,True,recode,1
fd59edba-3813-45b2-a9c3-2ac30af039e5,prca15,likert5,1) strongly disagree,5,True,recode,0
fd59edba-3813-45b2-a9c3-2ac30af039e5,prca16,likert5,2) disagree,2,True,recode,1
fd59edba-3813-45b2-a9c3-2ac30af039e5,prca17,likert5,3) neutral,2,True,recode,1
fd59edba-3813-45b2-a9c3-2ac30af039e5,prca18,likert5,3) neutral,4,True,recode,0
cfc1d4a5-f806-483c-97d1-f74791649025,prca01,likert5,3) neutral,5,True,recode,0
cfc1d4a5-f806-483c-97d1-f74791649025,prca02,likert5,3) neutral,1,True,recode,1
cfc1d4a5-f806-483c-97d1-f74791649025,prca03,likert5,2) disagree,5,True,recode,0
cfc1d4a5-f806-483c-97d1-f74791649025,prca04,likert5,1) strongly disagree,1,True,recode,1
cfc1d4a5-f806-483c-97d1-f74791649025,prca05,likert5,1) strongly disagree,5,True,recode,0
cfc1d4a5-f806-483c-97d1-f74791649025,prca06,likert5,3) neutral,2,True,recode,1
cfc1d4a5-f806-483c-97d1-f74791649025,prca13,likert5,2) disagree,5,True,recode,0
cfc1d4a5-f806-483c-97d1-f74791649025,prca14,likert5,3) neutral,2,True,recode,1
cfc1d4a5-f806-483c-97d1-f74791649025,prca15,likert5,2) disagree,4,True,recode,0
cfc1d4a5-f806-483c-97d1-f74791649025,prca16,likert5,2) disagree,2,True,recode,1
cfc1d4a5-f806-483c-97d1-f74791649025,prca17,likert5,4) agree,1,True,recode,1
cfc1d4a5-f806-483c-97d1-f74791649025,prca18,likert5,3) neutral,4,True,recode,0
93736058-9239-46b7-80ea-4fd068fbe83c,prca01,likert5,4) agree,5,True,recode,0
93736058-9239-46b7-80ea-4fd068fbe83c,prca02,likert5,2) disagree,1,True,recode,1
93736058-9239-46b7-80ea-4fd068fbe83c,prca03,likert5,2) disagree,4,True,recode,0
93736058-9239-46b7-80ea-4fd068fbe83c,prca04,likert5,2) disagree,1,True,recode,1
93736058-9239-46b7-80ea-4fd068fbe83c,prca05,likert5,3) neutral,4,True,recode,0
93736058-9239-46b7-80ea-4fd068fbe83c,prca06,likert5,4) agree,2,True,recode,1
93736058-9239-46b7-80ea-4fd068fbe83c,prca13,likert5,3) neutral,2,True,recode,0
93736058-9239-46b7-80ea-4fd068fbe83c,prca14,likert5,4) agree,2,True,recode,1
93736058-9239-46b7-80ea-4fd068fbe83c,prca15,likert5,4) agree,4,True,recode,0
93736058-9239-46b7-80ea-4fd068fbe83c,prca16,likert5,3) neutral,2,True,recode,1
93736058-9239-46b7-80ea-4fd068fbe83c,prca17,likert5,1) strongly disagree,1,True,recode,1
93736058-9239-46b7-80ea-4fd068fbe83c,prca18,likert5,3) neutral,4,True,recode,0
224bdd64-7073-4bfa-955c-3d0444b81ae4,prca01,likert5,2) disagree,5,True,recode,0
224bdd64-7073-4bfa-955c-3d0444b81ae4,prca02,likert5,3) neutral,3,True,recode,1
224bdd64-7073-4bfa-955c-3d0444b81ae4,prca03,likert5,3) neutral,4,True,recode,0
224bdd64-7073-4bfa-955c-3d0444b81ae4,prca04,likert5,3) neutral,2,True,recode,1
224bdd64-7073-4bfa-955c-3d0444b81ae4,prca05,likert5,2) disagree,4,True,recode,0
224bdd64-7073-4bfa-955c-3d0444b81ae4,prca06,likert5,3) neutral,1,True,recode,1
224bdd64-7073-4bfa-955c-3d0444b81ae4,prca13,likert5,1) strongly disagree,4,True,recode,0
224bdd64-7073-4bfa-955c-3d0444b81ae4,prca14,likert5,3) neutral,2,True,recode,1
224bdd64-7073-4bfa-955c-3d0444b81ae4,prca15,likert5,1) strongly disagree,5,True,recode,0
224bdd64-7073-4bfa-955c-3d0444b81ae4,prca16,likert5,3) neutral,2,True,recode,1
224bdd64-7073-4bfa-955c-3d0444b81ae4,prca17,likert5,3) neutral,2,True,recode,1
224bdd64-7073-4bfa-955c-3d0444b81ae4,prca18,likert5,4) agree,4,True,recode,0
19d5f81b-b0b2-496e-90c8-1e7e9fae9543,prca01,likert5,3) neutral,4,True,recode,0
19d5f81b-b0b2-496e-90c8-1e7e9fae9543,prca02,likert5,4) agree,1,True,recode,1
19d5f81b-b0b2-496e-90c8-1e7e9fae9543,prca03,likert5,1) strongly disagree,5,True,recode,0
19d5f81b-b0b2-496e-90c8-1e7e9fae9543,prca04,likert5,2) disagree,2,True,recode,1
19d5f81b-b0b2-496e-90c8-1e7e9fae9543,prca05,likert5,3) neutral,4,True,recode,0
19d5f81b-b0b2-496e-90c8-1e7e9fae9543,prca06,likert5,3) neutral,2,True,recode,1
19d5f81b-b0b2-496e-90c8-1e7e9fae9543,prca13,likert5,1) strongly disagree,4,True,recode,0
19d5f81b-b0b2-496e-90c8-1e7e9fae9543,prca14,likert5,3) neutral,2,True,recode,1
19d5f81b-b0b2-496e-90c8-1e7e9fae9543,prca15,likert5,4) agree,5,True,recode,0
19d5f81b-b0b2-496e-90c8-1e7e9fae9543,prca16,likert5,3) neutral,2,True,recode,1
19d5f81b-b0b2-496e-90c8-1e7e9fae9543,prca17,likert5,4) agree,1,True,recode,1
19d5f81b-b0b2-496e-90c8-1e7e9fae9543,prca18,likert5,2) disagree,4,True,recode,0
c0102653-b0bd-4388-996f-f43346c78916,prca01,likert5,3) neutral,4,True,recode,0
c0102653-b0bd-4388-996f-f43346c78916,prca02,likert5,3) neutral,2,True,recode,1
c0102653-b0bd-4388-996f-f43346c78916,prca03,likert5,3) neutral,4,True,recode,0
c0102653-b0bd-4388-996f-f43346c78916,prca04,likert5,4) agree,2,True,recode,1
c0102653-b0bd-4388-996f-f43346c78916,prca05,likert5,3) neutral,3,True,recode,0
c0102653-b0bd-4388-996f-f43346c78916,prca06,likert5,4) agree,2,True,recode,1
c0102653-b0bd-4388-996f-f43346c78916,prca13,likert5,4) agree,5,True,recode,0
c0102653-b0bd-4388-996f-f43346c78916,prca14,likert5,3) neutral,2,True,recode,1
c0102653-b0bd-4388-996f-f43346c78916,prca15,likert5,4) agree,4,True,recode,0
c0102653-b0bd-4388-996f-f43346c78916,prca16,likert5,3) neutral,2,True,recode,1
c0102653-b0bd-4388-996f-f43346c78916,prca17,likert5,3) neutral,2,True,recode,1
c0102653-b0bd-4388-996f-f43346c78916,prca18,likert5,3) neutral,4,True,recode,0
1907d0c0-1ac7-47e2-b73c-ea5e68e6c62e,prca01,likert5,3) neutral,4,True,recode,0
1907d0c0-1ac7-47e2-b73c-ea5e68e6c62e,prca02,likert5,3) neutral,2,True,recode,1
1907d0c0-1ac7-47e2-b73c-ea5e68e6c62e,prca03,likert5,3) neutral,4,True,recode,0
1907d0c0-1ac7-47e2-b73c-ea5e68e6c62e,prca04,likert5,4) agree,2,True,recode,1
1907d0c0-1ac7-47e2-b73c-ea5e68e6c62e,prca05,likert5,2) disagree,4,True,recode,0
1907d0c0-1ac7-47e2-b73c-ea5e68e6c62e,prca06,likert5,3) neutral,2,True,recode,1
1907d0c0-1ac7-47e2-b73c-ea5e68e6c62e,prca13,likert5,3) neutral,4,True,recode,0
1907d0c0-1ac7-47e2-b73c-ea5e68e6c62e,prca14,likert5,4) agree,2,True,recode,1
1907d0c0-1ac7-47e2-b73c-ea5e68e6c62e,prca15,likert5,2) disagree,4,True,recode,0
1907d0c0-1ac7-47e2-b73c-ea5e68e6c62e,prca16,likert5,3) neutral,2,True,recode,1
1907d0c0-1ac7-47e2-b73c-ea5e68e6c62e,prca17,likert5,3) neutral,2,True,recode,1
1907d0c0-1ac7-47e2-b73c-ea5e68e6c62e,prca18,likert5,2) disagree,4,True,recode,0
f0ee78e6-33a7-414c-8d65-fedc83bb70d0,prca01,likert5,2) disagree,4,True,recode,0
f0ee78e6-33a7-414c-8d65-fedc83bb70d0,prca02,likert5,3) neutral,2,True,recode,1
f0ee78e6-33a7-414c-8d65-fedc83bb70d0,prca03,likert5,3) neutral,4,True,recode,0
f0ee78e6-33a7-414c-8d65-fedc83bb70d0,prca04,likert5,3) neutral,2,True,recode,1
f0ee78e6-33a7-414c-8d65-fedc83bb70d0,prca05,likert5,1) strongly disagree,5,True,recode,0
f0ee78e6-33a7-414c-8d65-fedc83bb70d0,prca06,likert5,4) agree,2,True,recode,1
f0ee78e6-33a7-414c-8d65-fedc83bb70d0,prca13,likert5,2) disagree,4,True,recode,0
f0ee78e6-33a7-414c-8d65-fedc83bb70d0,prca14,likert5,3) neutral,2,True,recode,1
f0ee78e6-33a7-414c-8d65-fedc83bb70d0,prca15,likert5,3) neutral,4,True,recode,0
f0ee78e6-33a7-414c-8d65-fedc83bb70d0,prca16,likert5,3) neutral,2,True,recode,1
f0ee78e6-33a7-414c-8d65-fedc83bb70d0,prca17,likert5,4) agree,2,True,recode,1
f0ee78e6-33a7-414c-8d65-fedc83bb70d0,prca18,likert5,4) agree,4,True,recode,0
d33e7b2d-7eb3-4015-9900-a14448376112,prca01,likert5,4) agree,4,True,recode,0
d33e7b2d-7eb3-4015-9900-a14448376112,prca02,likert5,3) neutral,2,True,recode,1
d33e7b2d-7eb3-4015-9900-a14448376112,prca03,likert5,3) neutral,4,True,recode,0
d33e7b2d-7eb3-4015-9900-a14448376112,prca04,likert5,4) agree,1,True,recode,1
d33e7b2d-7eb3-4015-9900-a14448376112,prca05,likert5,3) neutral,4,True,recode,0
d33e7b2d-7eb3-4015-9900-a14448376112,prca06,likert5,2) disagree,3,True,recode,1
d33e7b2d-7eb3-4015-9900-a14448376112,prca13,likert5,2) disagree,4,True,recode,0
d33e7b2d-7eb3-4015-9900-a14448376112,prca14,likert5,3) neutral,2,True,recode,1
d33e7b2d-7eb3-4015-9900-a14448376112,prca15,likert5,3) neutral,4,True,recode,0
d33e7b2d-7eb3-4015-9900-a14448376112,prca16,likert5,2) disagree,3,True,recode,1
d33e7b2d-7eb3-4015-9900-a14448376112,prca17,likert5,3) neutral,3,True,recode,1
d33e7b2d-7eb3-4015-9900-a14448376112,prca18,likert5,3) neutral,4,True,recode,0
c705399d-2c6a-4437-9795-387e76f57d2d,prca01,likert5,3) neutral,4,True,recode,0
c705399d-2c6a-4437-9795-387e76f57d2d,prca02,likert5,1) strongly disagree,1,True,recode,1
c705399d-2c6a-4437-9795-387e76f57d2d,prca03,likert5,3) neutral,1,True,recode,0
c705399d-2c6a-4437-9795-387e76f57d2d,prca04,likert5,2) disagree,2,True,recode,1
c705399d-2c6a-4437-9795-387e76f57d2d,prca05,likert5,3) neutral,4,True,recode,0
c705399d-2c6a-4437-9795-387e76f57d2d,prca06,likert5,2) disagree,1,True,recode,1
c705399d-2c6a-4437-9795-387e76f57d2d,prca13,likert5,3) neutral,4,True,recode,0
c705399d-2c6a-4437-9795-387e76f57d2d,prca14,likert5,3) neutral,1,True,recode,1
c705399d-2c6a-4437-9795-387e76f57d2d,prca15,likert5,3) neutral,4,True,recode,0
c705399d-2c6a-4437-9795-387e76f57d2d,prca16,likert5,4) agree,2,True,recode,1
c705399d-2c6a-4437-9795-387e76f57d2d,prca17,likert5,3) neutral,2,True,recode,1
c705399d-2c6a-4437-9795-387e76f57d2d,prca18,likert5,3) neutral,4,True,recode,0
9d9f91e4-17dc-4e5c-b337-78c2dd6f0b82,prca01,likert5,4) agree,4,True,recode,0
9d9f91e4-17dc-4e5c-b337-78c2dd6f0b82,prca02,likert5,3) neutral,1,True,recode,1
9d9f91e4-17dc-4e5c-b337-78c2dd6f0b82,prca03,likert5,4) agree,4,True,recode,0
9d9f91e4-17dc-4e5c-b337-78c2dd6f0b82,prca04,likert5,4) agree,2,True,recode,1
9d9f91e4-17dc-4e5c-b337-78c2dd6f0b82,prca05,likert5,3) neutral,4,True,recode,0
9d9f91e4-17dc-4e5c-b337-78c2dd6f0b82,prca06,likert5,2) disagree,2,True,recode,1
9d9f91e4-17dc-4e5c-b337-78c2dd6f0b82,prca13,likert5,2) disagree,5,True,recode,0
9d9f91e4-17dc-4e5c-b337-78c2dd6f0b82,prca14,likert5,4) agree,2,True,recode,1
9d9f91e4-17dc-4e5c-b337-78c2dd6f0b82,prca15,likert5,3) neutral,4,True,recode,0
9d9f91e4-17dc-4e5c-b337-78c2dd6f0b82,prca16,likert5,4) agree,1,True,recode,1
9d9f91e4-17dc-4e5c-b337-78c2dd6f0b82,prca17,likert5,2) disagree,1,True,recode,1
9d9f91e4-17dc-4e5c-b337-78c2dd6f0b82,prca18,likert5,1) strongly disagree,5,True,recode,0
219f52d7-e23d-4634-85a9-241963f287b5,prca01,likert5,1) strongly disagree,5,True,recode,0
219f52d7-e23d-4634-85a9-241963f287b5,prca02,likert5,3) neutral,2,True,recode,1
219f52d7-e23d-4634-85a9-241963f287b5,prca03,likert5,4) agree,4,True,recode,0
219f52d7-e23d-4634-85a9-241963f287b5,prca04,likert5,3) neutral,2,True,recode,1
219f52d7-e23d-4634-85a9-241963f287b5,prca05,likert5,1) strongly disagree,5,True,recode,0
219f52d7-e23d-4634-85a9-241963f287b5,prca06,likert5,3) neutral,2,True,recode,1
219f52d7-e23d-4634-85a9-241963f287b5,prca13,likert5,1) strongly disagree,5,True,recode,0
219f52d7-e23d-4634-85a9-241963f287b5,prca14,likert5,3) neutral,2,True,recode,1
219f52d7-e23d-4634-85a9-241963f287b5,prca15,likert5,3) neutral,4,True,recode,0
219f52d7-e23d-4634-85a9-241963f287b5,prca16,likert5,1) strongly disagree,1,True,recode,1
219f52d7-e23d-4634-85a9-241963f287b5,prca17,likert5,3) neutral,2,True,recode,1
219f52d7-e23d-4634-85a9-241963f287b5,prca18,likert5,1) strongly disagree,4,True,recode,0
6544abac-11e3-4e0f-94bf-2097cfae8101,prca01,likert5,2) disagree,5,True,recode,0
6544abac-11e3-4e0f-94bf-2097cfae8101,prca02,likert5,3) neutral,2,True,recode,1
6544abac-11e3-4e0f-94bf-2097cfae8101,prca03,likert5,3) neutral,5,True,recode,0
6544abac-11e3-4e0f-94bf-2097cfae8101,prca04,likert5,2) disagree,1,True,recode,1
6544abac-11e3-4e0f-94bf-2097cfae8101,prca05,likert5,3) neutral,4,True,recode,0
6544abac-11e3-4e0f-94bf-2097cfae8101,prca06,likert5,2) disagree,2,True,recode,1
6544abac-11e3-4e0f-94bf-2097cfae8101,prca13,likert5,3) neutral,4,True,recode,0
6544abac-11e3-4e0f-94bf-2097cfae8101,prca14,likert5,3) neutral,2,True,recode,1
6544abac-11e3-4e0f-94bf-2097cfae8101,prca15,likert5,3) neutral,4,True,recode,0
6544abac-11e3-4e0f-94bf-2097cfae8101,prca16,likert5,4) agree,2,True,recode,1
6544abac-11e3-4e0f-94bf-2097cfae8101,prca17,likert5,3) neutral,2,True,recode,1
6544abac-11e3-4e0f-94bf-2097cfae8101,prca18,likert5,4) agree,4,True,recode,0
e36b1759-c7ac-496e-8b6f-30de07821e01,prca01,likert5,2) disagree,5,True,recode,0
e36b1759-c7ac-496e-8b6f-30de07821e01,prca02,likert5,3) neutral,2,True,recode,1
e36b1759-c7ac-496e-8b6f-30de07821e01,prca03,likert5,2) disagree,5,True,recode,0
e36b1759-c7ac-496e-8b6f-30de07821e01,prca04,likert5,3) neutral,4,True,recode,1
e36b1759-c7ac-496e-8b6f-30de07821e01,prca05,likert5,3) neutral,4,True,recode,0
e36b1759-c7ac-496e-8b6f-30de07821e01,prca06,likert5,2) disagree,1,True,recode,1
e36b1759-c7ac-496e-8b6f-30de07821e01,prca13,likert5,2) disagree,4,True,recode,0
e36b1759-c7ac-496e-8b6f-30de07821e01,prca14,likert5,2) disagree,2,True,recode,1
e36b1759-c7ac-496e-8b6f-30de07821e01,prca15,likert5,3) neutral,4,True,recode,0
e36b1759-c7ac-496e-8b6f-30de07821e01,prca16,likert5,3) neutral,2,True,recode,1
e36b1759-c7ac-496e-8b6f-30de07821e01,prca17,likert5,2) disagree,2,True,recode,1
e36b1759-c7ac-496e-8b6f-30de07821e01,prca18,likert5,2) disagree,5,True,recode,0
90361a32-e93d-4a48-9f59-a20cb0198d14,prca01,likert5,3) neutral,4,True,recode,0
90361a32-e93d-4a48-9f59-a20cb0198d14,prca02,likert5,2) disagree,2,True,recode,1
90361a32-e93d-4a48-9f59-a20cb0198d14,prca03,likert5,2) disagree,4,True,recode,0
90361a32-e93d-4a48-9f59-a20cb0198d14,prca04,likert5,1) strongly disagree,1,True,recode,1
90361a32-e93d-4a48-9f59-a20cb0198d14,prca05,likert5,3) neutral,4,True,recode,0
90361a32-e93d-4a48-9f59-a20cb0198d14,prca06,likert5,2) disagree,3,True,recode,1
90361a32-e93d-4a48-9f59-a20cb0198d14,prca13,likert5,3) neutral,4,True,recode,0
90361a32-e93d-4a48-9f59-a20cb0198d14,prca14,likert5,3) neutral,1,True,recode,1
90361a32-e93d-4a48-9f59-a20cb0198d14,prca15,likert5,4) agree,2,True,recode,0
90361a32-e93d-4a48-9f59-a20cb0198d14,prca16,likert5,3) neutral,2,True,recode,1
90361a32-e93d-4a48-9f59-a20cb0198d14,prca17,likert5,1) strongly disagree,1,True,recode,1
90361a32-e93d-4a48-9f59-a20cb0198d14,prca18,likert5,3) neutral,4,True,recode,0
849d0992-ff99-4bb5-8510-acdbc4fadcc0,prca01,likert5,3) neutral,4,True,recode,0
849d0992-ff99-4bb5-8510-acdbc4fadcc0,prca02,likert5,3) neutral,2,True,recode,1
849d0992-ff99-4bb5-8510-acdbc4fadcc0,prca03,likert5,4) agree,4,True,recode,0
849d0992-ff99-4bb5-8510-acdbc4fadcc0,prca04,likert5,3) neutral,2,True,recode,1
849d0992-ff99-4bb5-8510-acdbc4fadcc0,prca05,likert5,2) disagree,4,True,recode,0
849d0992-ff99-4bb5-8510-acdbc4fadcc0,prca06,likert5,2) disagree,2,True,recode,1
849d0992-ff99-4bb5-8510-acdbc4fadcc0,prca13,likert5,1) strongly disagree,3,True,recode,0
849d0992-ff99-4bb5-8510-acdbc4fadcc0,prca14,likert5,1) strongly disagree,1,True,recode,1
849d0992-ff99-4bb5-8510-acdbc4fadcc0,prca15,likert5,3) neutral,4,True,recode,0
849d0992-ff99-4bb5-8510-acdbc4fadcc0,prca16,likert5,3) neutral,2,True,recode,1
849d0992-ff99-4bb5-8510-acdbc4fadcc0,prca17,likert5,1) strongly disagree,1,True,recode,1
849d0992-ff99-4bb5-8510-acdbc4fadcc0,prca18,likert5,3) neutral,4,True,recode,0
cf36406f-4f73-4b0f-b08c-27e4b5449a89,prca01,likert5,1) strongly disagree,5,True,recode,0
cf36406f-4f73-4b0f-b08c-27e4b5449a89,prca02,likert5,3) neutral,3,True,recode,1
cf36406f-4f73-4b0f-b08c-27e4b5449a89,prca03,likert5,1) strongly disagree,5,True,recode,0
cf36406f-4f73-4b0f-b08c-27e4b5449a89,prca04,likert5,3) neutral,3,True,recode,1
cf36406f-4f73-4b0f-b08c-27e4b5449a89,prca05,likert5,3) neutral,4,True,recode,0
cf36406f-4f73-4b0f-b08c-27e4b5449a89,prca06,likert5,2) disagree,2,True,recode,1
cf36406f-4f73-4b0f-b08c-27e4b5449a89,prca13,likert5,3) neutral,4,True,recode,0
cf36406f-4f73-4b0f-b08c-27e4b5449a89,prca14,likert5,1) strongly disagree,2,True,recode,1
cf36406f-4f73-4b0f-b08c-27e4b5449a89,prca15,likert5,1) strongly disagree,5,True,recode,0
cf36406f-4f73-4b0f-b08c-27e4b5449a89,prca16,likert5,4) agree,2,True,recode,1
cf36406f-4f73-4b0f-b08c-27e4b5449a89,prca17,likert5,2) disagree,1,True,recode,1
cf36406f-4f73-4b0f-b08c-27e4b5449a89,prca18,likert5,3) neutral,4,True,recode,0
8b98b9c6-cf6d-44b9-b097-bf8d9ee5c1d4,prca01,likert5,2) disagree,5,True,recode,0
8b98b9c6-cf6d-44b9-b097-bf8d9ee5c1d4,prca02,likert5,3) neutral,3,True,recode,1
8b98b9c6-cf6d-44b9-b097-bf8d9ee5c1d4,prca03,likert5,4) agree,4,True,recode,0
8b98b9c6-cf6d-44b9-b097-bf8d9ee5c1d4,prca04,likert5,3) neutral,2,True,recode,1
8b98b9c6-cf6d-44b9-b097-bf8d9ee5c1d4,prca05,likert5,1) strongly disagree,4,True,recode,0
8b98b9c6-cf6d-44b9-b097-bf8d9ee5c1d4,prca06,likert5,3) neutral,2,True,recode,1
8b98b9c6-cf6d-44b9-b097-bf8d9ee5c1d4,prca13,likert5,3) neutral,4,True,recode,0
8b98b9c6-cf6d-44b9-b097-bf8d9ee5c1d4,prca14,likert5,3) neutral,2,True,recode,1
8b98b9c6-cf6d-44b9-b097-bf8d9ee5c1d4,prca15,likert5,4) agree,4,True,recode,0
8b98b9c6-cf6d-44b9-b097-bf8d9ee5c1d4,prca16,likert5,3) neutral,2,True,recode,1
8b98b9c6-cf6d-44b9-b097-bf8d9ee5c1d4,prca17,likert5,2) disagree,2,True,recode,1
8b98b9c6-cf6d-44b9-b097-bf8d9ee5c1d4,prca18,likert5,1) strongly disagree,5,True,recode,0
e5d985f0-8fb9-4a2c-8741-f37b56bed7f0,prca01,likert5,2) disagree,4,True,recode,0
e5d985f0-8fb9-4a2c-8741-f37b56bed7f0,prca02,likert5,2) disagree,2,True,recode,1
e5d985f0-8fb9-4a2c-8741-f37b56bed7f0,prca03,likert5,3) neutral,4,True,recode,0
e5d985f0-8fb9-4a2c-8741-f37b56bed7f0,prca04,likert5,2) disagree,3,True,recode,1
e5d985f0-8fb9-4a2c-8741-f37b56bed7f0,prca05,likert5,2) disagree,4,True,recode,0
e5d985f0-8fb9-4a2c-8741-f37b56bed7f0,prca06,likert5,4) agree,1,True,recode,1
e5d985f0-8fb9-4a2c-8741-f37b56bed7f0,prca13,likert5,2) disagree,4,True,recode,0
e5d985f0-8fb9-4a2c-8741-f37b56bed7f0,prca14,likert5,3) neutral,2,True,recode,1
e5d985f0-8fb9-4a2c-8741-f37b56bed7f0,prca15,likert5,3) neutral,4,True,recode,0
e5d985f0-8fb9-4a2c-8741-f37b56bed7f0,prca16,likert5,4) agree,2,True,recode,1
e5d985f0-8fb9-4a2c-8741-f37b56bed7f0,prca17,likert5,2) disagree,2,True,recode,1
e5d985f0-8fb9-4a2c-8741-f37b56bed7f0,prca18,likert5,1) strongly disagree,5,True,recode,0
3ffc940d-55fc-48ed-add6-6f6f03bcf619,prca01,likert5,1) strongly disagree,4,True,recode,0
3ffc940d-55fc-48ed-add6-6f6f03bcf619,prca02,likert5,2) disagree,1,True,recode,1
3ffc940d-55fc-48ed-add6-6f6f03bcf619,prca03,likert5,3) neutral,4,True,recode,0
3ffc940d-55fc-48ed-add6-6f6f03bcf619,prca04,likert5,4) agree,2,True,recode,1
3ffc940d-55fc-48ed-add6-6f6f03bcf619,prca05,likert5,1) strongly disagree,5,True,recode,0
3ffc940d-55fc-48ed-add6-6f6f03bcf619,prca06,likert5,2) disagree,2,True,recode,1
3ffc940d-55fc-48ed-add6-6f6f03bcf619,prca13,likert5,1) strongly disagree,3,True,recode,0
3ffc940d-55fc-48ed-add6-6f6f03bcf619,prca14,likert5,3) neutral,2,True,recode,1
3ffc940d-55fc-48ed-add6-6f6f03bcf619,prca15,likert5,3) neutral,5,True,recode,0
3ffc940d-55fc-48ed-add6-6f6f03bcf619,prca16,likert5,3) neutral,2,True,recode,1
3ffc940d-55fc-48ed-add6-6f6f03bcf619,prca17,likert5,1) strongly disagree,4,True,recode,1
3ffc940d-55fc-48ed-add6-6f6f03bcf619,prca18,likert5,1) strongly disagree,5,True,recode,0
0e013e8d-3639-4441-a939-7dc8ca599e20,prca01,likert5,3) neutral,4,True,recode,0
0e013e8d-3639-4441-a939-7dc8ca599e20,prca02,likert5,2) disagree,5,True,recode,1
0e013e8d-3639-4441-a939-7dc8ca599e20,prca03,likert5,3) neutral,4,True,recode,0
0e013e8d-3639-4441-a939-7dc8ca599e20,prca04,likert5,3) neutral,2,True,recode,1
0e013e8d-3639-4441-a939-7dc8ca599e20,prca05,likert5,3) neutral,4,True,recode,0
0e013e8d-3639-4441-a939-7dc8ca599e20,prca06,likert5,3) neutral,2,True,recode,1
0e013e8d-3639-4441-a939-7dc8ca599e20,prca13,likert5,3) neutral,4,True,recode,0
0e013e8d-3639-4441-a939-7dc8ca599e20,prca14,likert5,4) agree,2,True,recode,1
0e013e8d-3639-4441-a939-7dc8ca599e20,prca15,likert5,4) agree,4,True,recode,0
0e013e8d-3639-4441-a939-7dc8ca599e20,prca16,likert5,3) neutral,1,True,recode,1
0e013e8d-3639-4441-a939-7dc8ca599e20,prca17,likert5,3) neutral,1,True,recode,1
0e013e8d-3639-4441-a939-7dc8ca599e20,prca18,likert5,1) strongly disagree,4,True,recode,0
450fad09-9cba-4549-8f03-70e64ca896a2,prca01,likert5,2) disagree,4,True,recode,0
450fad09-9cba-4549-8f03-70e64ca896a2,prca02,likert5,3) neutral,2,True,recode,1
450fad09-9cba-4549-8f03-70e64ca896a2,prca03,likert5,4) agree,5,True,recode,0
450fad09-9cba-4549-8f03-70e64ca896a2,prca04,likert5,4) agree,1,True,recode,1
450fad09-9cba-4549-8f03-70e64ca896a2,prca05,likert5,2) disagree,5,True,recode,0
450fad09-9cba-4549-8f03-70e64ca896a2,prca06,likert5,3) neutral,2,True,recode,1
450fad09-9cba-4549-8f03-70e64ca896a2,prca13,likert5,1) strongly disagree,5,True,recode,0
450fad09-9cba-4549-8f03-70e64ca896a2,prca14,likert5,3) neutral,2,True,recode,1
450fad09-9cba-4549-8f03-70e64ca896a2,prca15,likert5,4) agree,5,True,recode,0
450fad09-9cba-4549-8f03-70e64ca896a2,prca16,likert5,2) disagree,1,True,recode,1
450fad09-9cba-4549-8f03-70e64ca896a2,prca17,likert5,3) neutral,2,True,recode,1
450fad09-9cba-4549-8f03-70e64ca896a2,prca18,likert5,3) neutral,4,True,recode,0
3bdd9ae4-f87c-4b9e-9bc1-7e44da7dd77d,prca01,likert5,1) strongly disagree.,5,True,recode,0
3bdd9ae4-f87c-4b9e-9bc1-7e44da7dd77d,prca02,likert5,3) neutral,2,True,recode,1
3bdd9ae4-f87c-4b9e-9bc1-7e44da7dd77d,prca03,likert5,4) agree,4,True,recode,0
3bdd9ae4-f87c-4b9e-9bc1-7e44da7dd77d,prca04,likert5,2) disagree,3,True,recode,1
3bdd9ae4-f87c-4b9e-9bc1-7e44da7dd77d,prca05,likert5,1) strongly disagree,5,True,recode,0
3bdd9ae4-f87c-4b9e-9bc1-7e44da7dd77d,prca06,likert5,3) neutral,2,True,recode,1
3bdd9ae4-f87c-4b9e-9bc1-7e44da7dd77d,prca13,likert5,3) neutral,5,True,recode,0
3bdd9ae4-f87c-4b9e-9bc1-7e44da7dd77d,prca14,likert5,4) agree,2,True,recode,1
3bdd9ae4-f87c-4b9e-9bc1-7e44da7dd77d,prca15,likert5,4) agree,5,True,recode,0
3bdd9ae4-f87c-4b9e-9bc1-7e44da7dd77d,prca16,likert5,3) neutral,2,True,recode,1
3bdd9ae4-f87c-4b9e-9bc1-7e44da7dd77d,prca17,likert5,1) strongly disagree,1,True,recode,1
3bdd9ae4-f87c-4b9e-9bc1-7e44da7dd77d,prca18,likert5,3) neutral,4,True,recode,0
0fb49550-3e9c-4a9f-bc0f-2fab24b6aa65,prca01,likert5,2) disagree,4,True,recode,0
0fb49550-3e9c-4a9f-bc0f-2fab24b6aa65,prca02,likert5,4) agree,2,True,recode,1
0fb49550-3e9c-4a9f-bc0f-2fab24b6aa65,prca03,likert5,1) strongly disagree,5,True,recode,0
0fb49550-3e9c-4a9f-bc0f-2fab24b6aa65,prca04,likert5,2) disagree,2,True,recode,1
0fb49550-3e9c-4a9f-bc0f-2fab24b6aa65,prca05,likert5,3) neutral,5,True,recode,0
0fb49550-3e9c-4a9f-bc0f-2fab24b6aa65,prca06,likert5,3) neutral,2,True,recode,1
0fb49550-3e9c-4a9f-bc0f-2fab24b6aa65,prca13,likert5,4) agree,5,True,recode,0
0fb49550-3e9c-4a9f-bc0f-2fab24b6aa65,prca14,likert5,1) strongly disagree,1,True,recode,1
0fb49550-3e9c-4a9f-bc0f-2fab24b6aa65,prca15,likert5,2) disagree,4,True,recode,0
0fb49550-3e9c-4a9f-bc0f-2fab24b6aa65,prca16,likert5,3) neutral,2,True,recode,1
0fb49550-3e9c-4a9f-bc0f-2fab24b6aa65,prca17,likert5,1) strongly disagree,3,True,recode,1
0fb49550-3e9c-4a9f-bc0f-2fab24b6aa65,prca18,likert5,1) strongly disagree,5,True,recode,0
bc052c69-5fb9-43dc-a60f-3d3615504715,prca01,likert5,2) disagree,5,True,recode,0
bc052c69-5fb9-43dc-a60f-3d3615504715,prca02,likert5,3) neutral,2,True,recode,1
bc052c69-5fb9-43dc-a60f-3d3615504715,prca03,likert5,3) neutral,5,True,recode,0
bc052c69-5fb9-43dc-a60f-3d3615504715,prca04,likert5,2) disagree,2,True,recode,1
bc052c69-5fb9-43dc-a60f-3d3615504715,prca05,likert5,3) neutral,4,True,recode,0
bc052c69-5fb9-43dc-a60f-3d3615504715,prca06,likert5,3) neutral,2,True,recode,1
bc052c69-5fb9-43dc-a60f-3d3615504715,prca13,likert5,3) neutral,4,True,recode,0
bc052c69-5fb9-43dc-a60f-3d3615504715,prca14,likert5,5) strongly agree,2,True,recode,1
bc052c69-5fb9-43dc-a60f-3d3615504715,prca15,likert5,2) disagree,5,True,recode,0
bc052c69-5fb9-43dc-a60f-3d3615504715,prca16,likert5,5) strongly agree,2,True,recode,1
bc052c69-5fb9-43dc-a60f-3d3615504715,prca17,likert5,3) neutral,2,True,recode,1
bc052c69-5fb9-43dc-a60f-3d3615504715,prca18,likert5,3) neutral,4,True,recode,0
d01a36fe-c40b-488f-9ef5-ec6f5b65e7eb,prca01,likert5,3) neutral,4,True,recode,0
d01a36fe-c40b-488f-9ef5-ec6f5b65e7eb,prca02,likert5,4) agree,1,True,recode,1
d01a36fe-c40b-488f-9ef5-ec6f5b65e7eb,prca03,likert5,4) agree,4,True,recode,0
d01a36fe-c40b-488f-9ef5-ec6f5b65e7eb,prca04,likert5,3) neutral,2,True,recode,1
d01a36fe-c40b-488f-9ef5-ec6f5b65e7eb,prca05,likert5,2) disagree,2,True,recode,0
d01a36fe-c40b-488f-9ef5-ec6f5b65e7eb,prca06,likert5,3) neutral,1,True,recode,1
d01a36fe-c40b-488f-9ef5-ec6f5b65e7eb,prca13,likert5,1) strongly disagree,5,True,recode,0
d01a36fe-c40b-488f-9ef5-ec6f5b65e7eb,prca14,likert5,2) disagree,1,True,recode,1
d01a36fe-c40b-488f-9ef5-ec6f5b65e7eb,prca15,likert5,3) neutral,1,True,recode,0
d01a36fe-c40b-488f-9ef5-ec6f5b65e7eb,prca16,likert5,3) neutral,2,True,recode,1
d01a36fe-c40b-488f-9ef5-ec6f5b65e7eb,prca17,likert5,3) neutral,2,True,recode,1
d01a36fe-c40b-488f-9ef5-ec6f5b65e7eb,prca18,likert5,2) disagree,4,True,recode,0
aed87cea-1525-42f8-b9e2-5e34d4c71cbc,prca01,likert5,4) agree,4,True,recode,0
aed87cea-1525-42f8-b9e2-5e34d4c71cbc,prca02,likert5,4) agree,2,True,recode,1
aed87cea-1525-42f8-b9e2-5e34d4c71cbc,prca03,likert5,3) neutral,4,True,recode,0
aed87cea-1525-42f8-b9e2-5e34d4c71cbc,prca04,likert5,1) strongly disagree,1,True,recode,1
aed87cea-1525-42f8-b9e2-5e34d4c71cbc,prca05,likert5,2) disagree,5,True,recode,0
aed87cea-1525-42f8-b9e2-5e34d4c71cbc,prca06,likert5,2) disagree,2,True,recode,1
aed87cea-1525-42f8-b9e2-5e34d4c71cbc,prca13,likert5,2) disagree,4,True,recode,0
aed87cea-1525-42f8-b9e2-5e34d4c71cbc,prca14,likert5,4) agree,1,True,recode,1
aed87cea-1525-42f8-b9e2-5e34d4c71cbc,prca15,likert5,2) disagree,5,True,recode,0
aed87cea-1525-42f8-b9e2-5e34d4c71cbc,prca16,likert5,4) agree,2,True,recode,1
aed87cea-1525-42f8-b9e2-5e34d4c71cbc,prca17,likert5,3) neutral,2,True,recode,1
aed87cea-1525-42f8-b9e2-5e34d4c71cbc,prca18,likert5,3) neutral,4,True,recode,0
bf180814-e52f-48b1-a1a6-9db16ff0b00e,prca01,likert5,3) neutral,4,True,recode,0
bf180814-e52f-48b1-a1a6-9db16ff0b00e,prca02,likert5,3) neutral,2,True,recode,1
bf180814-e52f-48b1-a1a6-9db16ff0b00e,prca03,likert5,4) agree,4,True,recode,0
bf180814-e52f-48b1-a1a6-9db16ff0b00e,prca04,likert5,2) disagree,1,True,recode,1
bf180814-e52f-48b1-a1a6-9db16ff0b00e,prca05,likert5,2) disagree,4,True,recode,0
bf180814-e52f-48b1-a1a6-9db16ff0b00e,prca06,likert5,2) disagree,1,True,recode,1
bf180814-e52f-48b1-a1a6-9db16ff0b00e,prca13,likert5,3) neutral,4,True,recode,0
bf180814-e52f-48b1-a1a6-9db16ff0b00e,prca14,likert5,3) neutral,2,True,recode,1
bf180814-e52f-48b1-a1a6-9db16ff0b00e,prca15,likert5,2) disagree,4,True,recode,0
bf180814-e52f-48b1-a1a6-9db16ff0b00e,prca16,likert5,5) strongly agree,4,True,recode,1
bf180814-e52f-48b1-a1a6-9db16ff0b00e,prca17,likert5,3) neutral,1,True,recode,1
bf180814-e52f-48b1-a1a6-9db16ff0b00e,prca18,likert5,3) neutral,4,True,recode,0
a33f6e5f-e6f6-4971-9cda-6a7c3b6df963,prca01,likert5,2) disagree,5,True,recode,0
a33f6e5f-e6f6-4971-9cda-6a7c3b6df963,prca02,likert5,3) neutral,1,True,recode,1
a33f6e5f-e6f6-4971-9cda-6a7c3b6df963,prca03,likert5,1) strongly disagree,5,True,recode,0
a33f6e5f-e6f6-4971-9cda-6a7c3b6df963,prca04,likert5,3) neutral,2,True,recode,1
a33f6e5f-e6f6-4971-9cda-6a7c3b6df963,prca05,likert5,3) neutral,5,True,recode,0
a33f6e5f-e6f6-4971-9cda-6a7c3b6df963,prca06,likert5,3) neutral,2,True,recode,1
a33f6e5f-e6f6-4971-9cda-6a7c3b6df963,prca13,likert5,3) neutral,4,True,recode,0
a33f6e5f-e6f6-4971-9cda-6a7c3b6df963,prca14,likert5,3) neutral,2,True,recode,1
a33f6e5f-e6f6-4971-9cda-6a7c3b6df963,prca15,likert5,3) neutral,4,True,recode,0
a33f6e5f-e6f6-4971-9cda-6a7c3b6df963,prca16,likert5,3) neutral,4,True,recode,1
a33f6e5f-e6f6-4971-9cda-6a7c3b6df963,prca17,likert5,2) disagree,1,True,recode,1
a33f6e5f-e6f6-4971-9cda-6a7c3b6df963,prca18,likert5,3) neutral,4,True,recode,0
016d5af9-f9c2-46f9-a4e4-9e49e450e9a4,prca01,likert5,2) disagree,4,True,recode,0
016d5af9-f9c2-46f9-a4e4-9e49e450e9a4,prca02,likert5,3) neutral,2,True,recode,1
016d5af9-f9c2-46f9-a4e4-9e49e450e9a4,prca03,likert5,2) disagree,5,True,recode,0
016d5af9-f9c2-46f9-a4e4-9e49e450e9a4,prca04,likert5,3) neutral,2,True,recode,1
016d5af9-f9c2-46f9-a4e4-9e49e450e9a4,prca05,likert5,3) neutral,4,True,recode,0
016d5af9-f9c2-46f9-a4e4-9e49e450e9a4,prca06,likert5,3) neutral,2,True,recode,1
016d5af9-f9c2-46f9-a4e4-9e49e450e9a4,prca13,likert5,3) neutral,4,True,recode,0
016d5af9-f9c2-46f9-a4e4-9e49e450e9a4,prca14,likert5,4) agree,1,True,recode,1
016d5af9-f9c2-46f9-a4e4-9e49e450e9a4,prca15,likert5,1) strongly disagree,5,True,recode,0
016d5af9-f9c2-46f9-a4e4-9e49e450e9a4,prca16,likert5,4) agree,2,True,recode,1
016d5af9-f9c2-46f9-a4e4-9e49e450e9a4,prca17,likert5,3) neutral,2,True,recode,1
016d5af9-f9c2-46f9-a4e4-9e49e450e9a4,prca18,likert5,3) neutral,4,True,recode,0
a72f8140-6c63-4443-b3d5-39f963f58b7d,prca01,likert5,1) strongly disagree,5,True,recode,0
a72f8140-6c63-4443-b3d5-39f963f58b7d,prca02,likert5,2) disagree,2,True,recode,1
a72f8140-6c63-4443-b3d5-39f963f58b7d,prca03,likert5,3) neutral,5,True,recode,0
a72f8140-6c63-4443-b3d5-39f963f58b7d,prca04,likert5,4) agree,2,True,recode,1
a72f8140-6c63-4443-b3d5-39f963f58b7d,prca05,likert5,2) disagree,4,True,recode,0
a72f8140-6c63-4443-b3d5-39f963f58b7d,prca06,likert5,3) neutral,2,True,recode,1
a72f8140-6c63-4443-b3d5-39f963f58b7d,prca13,likert5,3) neutral,4,True,recode,0
a72f8140-6c63-4443-b3d5-39f963f58b7d,prca14,likert5,4) agree,2,True,recode,1
a72f8140-6c63-4443-b3d5-39f963f58b7d,prca15,likert5,4) agree,4,True,recode,0
a72f8140-6c63-4443-b3d5-39f963f58b7d,prca16,likert5,2) disagree,4,True,recode,1
a72f8140-6c63-4443-b3d5-39f963f58b7d,prca17,likert5,4) agree,2,True,recode,1
a72f8140-6c63-4443-b3d5-39f963f58b7d,prca18,likert5,1) strongly disagree,5,True,recode,0
5f104d41-b821-4b94-bc19-56465503263b,prca01,likert5,3) neutral,4,True,recode,0
5f104d41-b821-4b94-bc19-56465503263b,prca02,likert5,3) neutral,2,True,recode,1
5f104d41-b821-4b94-bc19-56465503263b,prca03,likert5,1) strongly disagree,4,True,recode,0
5f104d41-b821-4b94-bc19-56465503263b,prca04,likert5,1) strongly disagree,2,True,recode,1
5f104d41-b821-4b94-bc19-56465503263b,prca05,likert5,1) strongly disagree,5,True,recode,0
5f104d41-b821-4b94-bc19-56465503263b,prca06,likert5,2) disagree,2,True,recode,1
5f104d41-b821-4b94-bc19-56465503263b,prca13,likert5,2) disagree,4,True,recode,0
5f104d41-b821-4b94-bc19-56465503263b,prca14,likert5,3) neutral,2,True,recode,1
5f104d41-b821-4b94-bc19-56465503263b,prca15,likert5,3) neutral,4,True,recode,0
5f104d41-b821-4b94-bc19-56465503263b,prca16,likert5,1) strongly disagree,2,True,recode,1
5f104d41-b821-4b94-bc19-56465503263b,prca17,likert5,2) disagree,1,True,recode,1
5f104d41-b821-4b94-bc19-56465503263b,prca18,likert5,1,1,True,validated,0
6ced137f-3851-43ef-9c76-229eeffdbaaf,prca01,likert5,2) disagree,5,True,recode,0
6ced137f-3851-43ef-9c76-229eeffdbaaf,prca02,likert5,3) neutral,2,True,recode,1
6ced137f-3851-43ef-9c76-229eeffdbaaf,prca03,likert5,3) neutral,4,True,recode,0
6ced137f-3851-43ef-9c76-229eeffdbaaf,prca04,likert5,3) neutral,2,True,recode,1
6ced137f-3851-43ef-9c76-229eeffdbaaf,prca05,likert5,3) neutral,4,True,recode,0
6ced137f-3851-43ef-9c76-229eeffdbaaf,prca06,likert5,3) neutral,2,True,recode,1
6ced137f-3851-43ef-9c76-229eeffdbaaf,prca13,likert5,2) disagree,4,True,recode,0
6ced137f-3851-43ef-9c76-229eeffdbaaf,prca14,likert5,2) disagree,1,True,recode,1
6ced137f-3851-43ef-9c76-229eeffdbaaf,prca15,likert5,3) neutral,4,True,recode,0
6ced137f-3851-43ef-9c76-229eeffdbaaf,prca16,likert5,3) neutral,3,True,recode,1
6ced137f-3851-43ef-9c76-229eeffdbaaf,prca17,likert5,4) agree,2,True,recode,1
6ced137f-3851-43ef-9c76-229eeffdbaaf,prca18,likert5,3) neutral,4,True,recode,0
89dbfe41-5271-47f3-902e-c8e867966fd2,prca01,likert5,3) neutral,3,True,recode,0
89dbfe41-5271-47f3-902e-c8e867966fd2,prca02,likert5,2) disagree,2,True,recode,1
89dbfe41-5271-47f3-902e-c8e867966fd2,prca03,likert5,2) disagree,5,True,recode,0
89dbfe41-5271-47f3-902e-c8e867966fd2,prca04,likert5,3) neutral,2,True,recode,1
89dbfe41-5271-47f3-902e-c8e867966fd2,prca05,likert5,4) agree,5,True,recode,0
89dbfe41-5271-47f3-902e-c8e867966fd2,prca06,likert5,3) neutral,1,True,recode,1
89dbfe41-5271-47f3-902e-c8e867966fd2,prca13,likert5,3) neutral,4,True,recode,0
89dbfe41-5271-47f3-902e-c8e867966fd2,prca14,likert5,3) neutral,2,True,recode,1
89dbfe41-5271-47f3-902e-c8e867966fd2,prca15,likert5,3) neutral,4,True,recode,0
89dbfe41-5271-47f3-902e-c8e867966fd2,prca16,likert5,4) agree,2,True,recode,1
89dbfe41-5271-47f3-902e-c8e867966fd2,prca17,likert5,3) neutral,2,True,recode,1
89dbfe41-5271-47f3-902e-c8e867966fd2,prca18,likert5,4) agree,5,True,recode,0
54434076-11de-46d4-9f15-94aac5ca3565,prca01,likert5,2) disagree,5,True,recode,0
54434076-11de-46d4-9f15-94aac5ca3565,prca02,likert5,3) neutral,2,True,recode,1
54434076-11de-46d4-9f15-94aac5ca3565,prca03,likert5,2) disagree,3,True,recode,0
54434076-11de-46d4-9f15-94aac5ca3565,prca04,likert5,2) disagree,1,True,recode,1
54434076-11de-46d4-9f15-94aac5ca3565,prca05,likert5,2) disagree,4,True,recode,0
54434076-11de-46d4-9f15-94aac5ca3565,prca06,likert5,3) neutral,2,True,recode,1
54434076-11de-46d4-9f15-94aac5ca3565,prca13,likert5,2) disagree,5,True,recode,0
54434076-11de-46d4-9f15-94aac5ca3565,prca14,likert5,1) strongly disagree,1,True,recode,1
54434076-11de-46d4-9f15-94aac5ca3565,prca15,likert5,1) strongly disagree,5,True,recode,0
54434076-11de-46d4-9f15-94aac5ca3565,prca16,likert5,2) disagree,1,True,recode,1
54434076-11de-46d4-9f15-94aac5ca3565,prca17,likert5,4) agree,2,True,recode,1
54434076-11de-46d4-9f15-94aac5ca3565,prca18,likert5,1) strongly disagree,5,True,recode,0
6690c510-5894-4eab-8ee5-3e444b5a9fa0,prca01,likert5,3) neutral,4,True,recode,0
6690c510-5894-4eab-8ee5-3e444b5a9fa0,prca02,likert5,4) agree,2,True,recode,1
6690c510-5894-4eab-8ee5-3e444b5a9fa0,prca03,likert5,2) disagree,4,True,recode,0
6690c510-5894-4eab-8ee5-3e444b5a9fa0,prca04,likert5,4,2,True,validated,1
6690c510-5894-4eab-8ee5-3e444b5a9fa0,prca05,likert5,2) disagree,4,True,recode,0
6690c510-5894-4eab-8ee5-3e444b5a9fa0,prca06,likert5,3) neutral,2,True,recode,1
6690c510-5894-4eab-8ee5-3e444b5a9fa0,prca13,likert5,4) agree,4,True,recode,0
6690c510-5894-4eab-8ee5-3e444b5a9fa0,prca14,likert5,3) neutral,2,True,recode,1
6690c510-5894-4eab-8ee5-3e444b5a9fa0,prca15,likert5,3) neutral,4,True,recode,0
6690c510-5894-4eab-8ee5-3e444b5a9fa0,prca16,likert5,3) neutral,2,True,recode,1
6690c510-5894-4eab-8ee5-3e444b5a9fa0,prca17,likert5,3) neutral,2,True,recode,1
6690c510-5894-4eab-8ee5-3e444b5a9fa0,prca18,likert5,3) neutral,4,True,recode,0
dd01065f-0dd2-4835-b99c-d5f196da7a6e,prca01,likert5,2) disagree,4,True,recode,0
dd01065f-0dd2-4835-b99c-d5f196da7a6e,prca02,likert5,2) disagree,2,True,recode,1
dd01065f-0dd2-4835-b99c-d5f196da7a6e,prca03,likert5,3) neutral,4,True,recode,0
dd01065f-0dd2-4835-b99c-d5f196da7a6e,prca04,likert5,3) neutral,2,True,recode,1
dd01065f-0dd2-4835-b99c-d5f196da7a6e,prca05,likert5,2) disagree,4,True,recode,0
dd01065f-0dd2-4835-b99c-d5f196da7a6e,prca06,likert5,2) disagree,1,True,recode,1
dd01065f-0dd2-4835-b99c-d5f196da7a6e,prca13,likert5,3) neutral,4,True,recode,0
dd01065f-0dd2-4835-b99c-d5f196da7a6e,prca14,likert5,3) neutral,1,True,recode,1
dd01065f-0dd2-4835-b99c-d5f196da7a6e,prca15,likert5,3) neutral,4,True,recode,0
dd01065f-0dd2-4835-b99c-d5f196da7a6e,prca16,likert5,3) neutral,2,True,recode,1
dd01065f-0dd2-4835-b99c-d5f196da7a6e,prca17,likert5,1) strongly disagree,2,True,recode,1
dd01065f-0dd2-4835-b99c-d5f196da7a6e,prca18,likert5,3) neutral,4,True,recode,0
f782a510-3943-4d64-90db-de409f3f8ec1,prca01,likert5,2) disagree,4,True,recode,0
f782a510-3943-4d64-90db-de409f3f8ec1,prca02,likert5,2) disagree,2,True,recode,1
f782a510-3943-4d64-90db-de409f3f8ec1,prca03,likert5,4) agree,4,True,recode,0
f782a510-3943-4d64-90db-de409f3f8ec1,prca04,likert5,3) neutral,4,True,recode,1
f782a510-3943-4d64-90db-de409f3f8ec1,prca05,likert5,1) strongly disagree,4,True,recode,0
f782a510-3943-4d64-90db-de409f3f8ec1,prca06,likert5,3) neutral,3,True,recode,1
f782a510-3943-4d64-90db-de409f3f8ec1,prca13,likert5,2) disagree,4,True,recode,0
f782a510-3943-4d64-90db-de409f3f8ec1,prca14,likert5,4) agree,2,True,recode,1
f782a510-3943-4d64-90db-de409f3f8ec1,prca15,likert5,3) neutral,4,True,recode,0
f782a510-3943-4d64-90db-de409f3f8ec1,prca16,likert5,2) disagree,3,True,recode,1
f782a510-3943-4d64-90db-de409f3f8ec1,prca17,likert5,2) disagree,2,True,recode,1
f782a510-3943-4d64-90db-de409f3f8ec1,prca18,likert5,4) agree,4,True,recode,0
f503fcf4-88ea-4f36-8899-71a9e7f7a4ca,prca01,likert5,1) strongly disagree,5,True,recode,0
f503fcf4-88ea-4f36-8899-71a9e7f7a4ca,prca02,likert5,3) neutral,3,True,recode,1
f503fcf4-88ea-4f36-8899-71a9e7f7a4ca,prca03,likert5,3) neutral,4,True,recode,0
f503fcf4-88ea-4f36-8899-71a9e7f7a4ca,prca04,likert5,3) neutral,2,True,recode,1
f503fcf4-88ea-4f36-8899-71a9e7f7a4ca,prca05,likert5,2) disagree,5,True,recode,0
f503fcf4-88ea-4f36-8899-71a9e7f7a4ca,prca06,likert5,3) neutral,2,True,recode,1
f503fcf4-88ea-4f36-8899-71a9e7f7a4ca,prca13,likert5,3) neutral,5,True,recode,0
f503fcf4-88ea-4f36-8899-71a9e7f7a4ca,prca14,likert5,2) disagree,1,True,recode,1
f503fcf4-88ea-4f36-8899-71a9e7f7a4ca,prca15,likert5,3) neutral,4,True,recode,0
f503fcf4-88ea-4f36-8899-71a9e7f7a4ca,prca16,likert5,3) neutral,2,True,recode,1
f503fcf4-88ea-4f36-8899-71a9e7f7a4ca,prca17,likert5,3) neutral,1,True,recode,1
f503fcf4-88ea-4f36-8899-71a9e7f7a4ca,prca18,likert5,2) disagree,5,True,recode,0
abdf3c2e-c69b-4a3c-9d10-4480fab053be,prca01,likert5,3) neutral,4,True,recode,0
abdf3c2e-c69b-4a3c-9d10-4480fab053be,prca02,likert5,1) strongly disagree,3,True,recode,1
abdf3c2e-c69b-4a3c-9d10-4480fab053be,prca03,likert5,1) strongly disagree,4,True,recode,0
abdf3c2e-c69b-4a3c-9d10-4480fab053be,prca04,likert5,1,5,True,validated,1
abdf3c2e-c69b-4a3c-9d10-4480fab053be,prca05,likert5,3) neutral,4,True,recode,0
abdf3c2e-c69b-4a3c-9d10-4480fab053be,prca06,likert5,2) disagree,1,True,recode,1
abdf3c2e-c69b-4a3c-9d10-4480fab053be,prca13,likert5,1) strongly disagree,5,True,recode,0
abdf3c2e-c69b-4a3c-9d10-4480fab053be,prca14,likert5,1) strongly disagree,1,True,recode,1
abdf3c2e-c69b-4a3c-9d10-4480fab053be,prca15,likert5,1) strongly disagree,5,True,recode,0
abdf3c2e-c69b-4a3c-9d10-4480fab053be,prca16,likert5,3) neutral,2,True,recode,1
abdf3c2e-c69b-4a3c-9d10-4480fab053be,prca17,likert5,3) neutral,2,True,recode,1
abdf3c2e-c69b-4a3c-9d10-4480fab053be,prca18,likert5,3) neutral,4,True,recode,0
672cb48a-2df2-4611-8186-a36e6553d896,prca01,likert5,2) disagree,4,True,recode,0
672cb48a-2df2-4611-8186-a36e6553d896,prca02,likert5,2) disagree,2,True,recode,1
672cb48a-2df2-4611-8186-a36e6553d896,prca03,likert5,2) disagree,3,True,recode,0
672cb48a-2df2-4611-8186-a36e6553d896,prca04,likert5,3) neutral,2,True,recode,1
672cb48a-2df2-4611-8186-a36e6553d896,prca05,likert5,3) neutral,4,True,recode,0
672cb48a-2df2-4611-8186-a36e6553d896,prca06,likert5,3) neutral,3,True,recode,1
672cb48a-2df2-4611-8186-a36e6553d896,prca13,likert5,4) agree,5,True,recode,0
672cb48a-2df2-4611-8186-a36e6553d896,prca14,likert5,5) strongly agree,2,True,recode,1
672cb48a-2df2-4611-8186-a36e6553d896,prca15,likert5,3) neutral,4,True,recode,0
672cb48a-2df2-4611-8186-a36e6553d896,prca16,likert5,3) neutral,2,True,recode,1
672cb48a-2df2-4611-8186-a36e6553d896,prca17,likert5,2) disagree,2,True,recode,1
672cb48a-2df2-4611-8186-a36e6553d896,prca18,likert5,2) disagree,4,True,recode,0
a5af43d5-d435-4556-aaba-9dfe5c97b64b,prca01,likert5,2) disagree,5,True,recode,0
a5af43d5-d435-4556-aaba-9dfe5c97b64b,prca02,likert5,3) neutral,2,True,recode,1
a5af43d5-d435-4556-aaba-9dfe5c97b64b,prca03,likert5,2) disagree,5,True,recode,0
a5af43d5-d435-4556-aaba-9dfe5c97b64b,prca04,likert5,3) neutral,2,True,recode,1
a5af43d5-d435-4556-aaba-9dfe5c97b64b,prca05,likert5,1) strongly disagree,5,True,recode,0
a5af43d5-d435-4556-aaba-9dfe5c97b64b,prca06,likert5,2) disagree,1,True,recode,1
a5af43d5-d435-4556-aaba-9dfe5c97b64b,prca13,likert5,1) strongly disagree,5,True,recode,0
a5af43d5-d435-4556-aaba-9dfe5c97b64b,prca14,likert5,1) strongly disagree,5,True,recode,1
a5af43d5-d435-4556-aaba-9dfe5c97b64b,prca15,likert5,2) disagree,4,True,recode,0
a5af43d5-d435-4556-aaba-9dfe5c97b64b,prca16,likert5,3) neutral,2,True,recode,1
a5af43d5-d435-4556-aaba-9dfe5c97b64b,prca17,likert5,3) neutral,2,True,recode,1
a5af43d5-d435-4556-aaba-9dfe5c97b64b,prca18,likert5,1) strongly disagree,5,True,recode,0
2e08a654-ab52-44f6-8b60-ec466d48f8ac,prca01,likert5,2) disagree,4,True,recode,0
2e08a654-ab52-44f6-8b60-ec466d48f8ac,prca02,likert5,4) agree,5,True,recode,1
2e08a654-ab52-44f6-8b60-ec466d48f8ac,prca03,likert5,4) agree,5,True,recode,0
2e08a654-ab52-44f6-8b60-ec466d48f8ac,prca04,likert5,3) neutral,2,True,recode,1
2e08a654-ab52-44f6-8b60-ec466d48f8ac,prca05,likert5,2) disagree,5,True,recode,0
2e08a654-ab52-44f6-8b60-ec466d48f8ac,prca06,likert5,2) disagree,3,True,recode,1
2e08a654-ab52-44f6-8b60-ec466d48f8ac,prca13,likert5,3) neutral,5,True,recode,0
2e08a654-ab52-44f6-8b60-ec466d48f8ac,prca14,likert5,3) neutral,1,True,recode,1
2e08a654-ab52-44f6-8b60-ec466d48f8ac,prca15,likert5,3) neutral,4,True,recode,0
2e08a654-ab52-44f6-8b60-ec466d48f8ac,prca16,likert5,3) neutral,2,True,recode,1
2e08a654-ab52-44f6-8b60-ec466d48f8ac,prca17,likert5,3) neutral,2,True,recode,1
2e08a654-ab52-44f6-8b60-ec466d48f8ac,prca18,likert5,3) neutral,5,True,recode,0
7b7cdcfb-a2d3-405d-8e31-298e360909c7,prca01,likert5,3) neutral,5,True,recode,0
7b7cdcfb-a2d3-405d-8e31-298e360909c7,prca02,likert5,4) agree,2,True,recode,1
7b7cdcfb-a2d3-405d-8e31-298e360909c7,prca03,likert5,3) neutral,4,True,recode,0
7b7cdcfb-a2d3-405d-8e31-298e360909c7,prca04,likert5,3) neutral,2,True,recode,1
7b7cdcfb-a2d3-405d-8e31-298e360909c7,prca05,likert5,3) neutral,4,True,recode,0
7b7cdcfb-a2d3-405d-8e31-298e360909c7,prca06,likert5,3) neutral,2,True,recode,1
7b7cdcfb-a2d3-405d-8e31-298e360909c7,prca13,likert5,3) neutral,4,True,recode,0
7b7cdcfb-a2d3-405d-8e31-298e360909c7,prca14,likert5,3) neutral,2,True,recode,1
7b7cdcfb-a2d3-405d-8e31-298e360909c7,prca15,likert5,3) neutral,4,True,recode,0
7b7cdcfb-a2d3-405d-8e31-298e360909c7,prca16,likert5,4) agree,2,True,recode,1
7b7cdcfb-a2d3-405d-8e31-298e360909c7,prca17,likert5,3) neutral,2,True,recode,1
7b7cdcfb-a2d3-405d-8e31-298e360909c7,prca18,likert5,1) strongly disagree,5,True,recode,0
ee476d1d-6f9e-4a9b-99aa-d0c4c834ec06,prca01,likert5,4) agree,4,True,recode,0
ee476d1d-6f9e-4a9b-99aa-d0c4c834ec06,prca02,likert5,3) neutral,2,True,recode,1
ee476d1d-6f9e-4a9b-99aa-d0c4c834ec06,prca03,likert5,1) strongly disagree,4,True,recode,0
ee476d1d-6f9e-4a9b-99aa-d0c4c834ec06,prca04,likert5,3) neutral,2,True,recode,1
ee476d1d-6f9e-4a9b-99aa-d0c4c834ec06,prca05,likert5,2) disagree,4,True,recode,0
ee476d1d-6f9e-4a9b-99aa-d0c4c834ec06,prca06,likert5,2) disagree,2,True,recode,1
ee476d1d-6f9e-4a9b-99aa-d0c4c834ec06,prca13,likert5,3) neutral,4,True,recode,0
ee476d1d-6f9e-4a9b-99aa-d0c4c834ec06,prca14,likert5,3) neutral,2,True,recode,1
ee476d1d-6f9e-4a9b-99aa-d0c4c834ec06,prca15,likert5,4) agree,4,True,recode,0
ee476d1d-6f9e-4a9b-99aa-d0c4c834ec06,prca16,likert5,4) agree,2,True,recode,1
ee476d1d-6f9e-4a9b-99aa-d0c4c834ec06,prca17,likert5,3) neutral,2,True,recode,1
ee476d1d-6f9e-4a9b-99aa-d0c4c834ec06,prca18,likert5,1) strongly disagree,5,True,recode,0
d3c054f3-1e1a-40d0-8b17-9234e444d381,prca01,likert5,2) disagree,3,True,recode,0
d3c054f3-1e1a-40d0-8b17-9234e444d381,prca02,likert5,3) neutral,2,True,recode,1
d3c054f3-1e1a-40d0-8b17-9234e444d381,prca03,likert5,3) neutral,4,True,recode,0
d3c054f3-1e1a-40d0-8b17-9234e444d381,prca04,likert5,1) strongly disagree,5,True,recode,1
d3c054f3-1e1a-40d0-8b17-9234e444d381,prca05,likert5,1) strongly disagree,4,True,recode,0
d3c054f3-1e1a-40d0-8b17-9234e444d381,prca06,likert5,2) disagree,1,True,recode,1
d3c054f3-1e1a-40d0-8b17-9234e444d381,prca13,likert5,3) neutral,4,True,recode,0
d3c054f3-1e1a-40d0-8b17-9234e444d381,prca14,likert5,3) neutral,2,True,recode,1
d3c054f3-1e1a-40d0-8b17-9234e444d381,prca15,likert5,3) neutral,4,True,recode,0
d3c054f3-1e1a-40d0-8b17-9234e444d381,prca16,likert5,3) neutral,2,True,recode,1
d3c054f3-1e1a-40d0-8b17-9234e444d381,prca17,likert5,3) neutral,2,True,recode,1
d3c054f3-1e1a-40d0-8b17-9234e444d381,prca18,likert5,3) neutral,4,True,recode,0
f7791881-fdb0-4bd1-ba62-9f2ba1bead90,prca01,likert5,1) strongly disagree,1,True,recode,0
f7791881-fdb0-4bd1-ba62-9f2ba1bead90,prca02,likert5,3) neutral,1,True,recode,1
f7791881-fdb0-4bd1-ba62-9f2ba1bead90,prca03,likert5,3) neutral,4,True,recode,0
f7791881-fdb0-4bd1-ba62-9f2ba1bead90,prca04,likert5,2) disagree,2,True,recode,1
f7791881-fdb0-4bd1-ba62-9f2ba1bead90,prca05,likert5,2) disagree,4,True,recode,0
f7791881-fdb0-4bd1-ba62-9f2ba1bead90,prca06,likert5,2) disagree,1,True,recode,1
f7791881-fdb0-4bd1-ba62-9f2ba1bead90,prca13,likert5,2) disagree,4,True,recode,0
f7791881-fdb0-4bd1-ba62-9f2ba1bead90,prca14,likert5,3) neutral,2,True,recode,1
f7791881-fdb0-4bd1-ba62-9f2ba1bead90,prca15,likert5,3) neutral,5,True,recode,0
f7791881-fdb0-4bd1-ba62-9f2ba1bead90,prca16,likert5,5) strongly agree,3,True,recode,1
f7791881-fdb0-4bd1-ba62-9f2ba1bead90,prca17,likert5,3) neutral,2,True,recode,1
f7791881-fdb0-4bd1-ba62-9f2ba1bead90,prca18,likert5,1) strongly disagree,5,True,recode,0
d7138768-cf63-4e36-a3be-367512d0357e,prca01,likert5,2) disagree,4,True,recode,0
d7138768-cf63-4e36-a3be-367512d0357e,prca02,likert5,4) agree,2,True,recode,1
d7138768-cf63-4e36-a3be-367512d0357e,prca03,likert5,3) neutral,4,True,recode,0
d7138768-cf63-4e36-a3be-367512d0357e,prca04,likert5,3) neutral,2,True,recode,1
d7138768-cf63-4e36-a3be-367512d0357e,prca05,likert5,2) disagree,5,True,recode,0
d7138768-cf63-4e36-a3be-367512d0357e,prca06,likert5,3) neutral,2,True,recode,1
d7138768-cf63-4e36-a3be-367512d0357e,prca13,likert5,2) disagree,3,True,recode,0
d7138768-cf63-4e36-a3be-367512d0357e,prca14,likert5,3) neutral,3,True,recode,1
d7138768-cf63-4e36-a3be-367512d0357e,prca15,likert5,3) neutral,5,True,recode,0
d7138768-cf63-4e36-a3be-367512d0357e,prca16,likert5,2) disagree,2,True,recode,1
d7138768-cf63-4e36-a3be-367512d0357e,prca17,likert5,3) neutral,2,True,recode,1
d7138768-cf63-4e36-a3be-367512d0357e,prca18,likert5,2) disagree,3,True,recode,0
969b7211-4a7e-4f47-8926-984571488530,prca01,likert5,2) disagree,4,True,recode,0
969b7211-4a7e-4f47-8926-984571488530,prca02,likert5,3) neutral,1,True,recode,1
969b7211-4a7e-4f47-8926-984571488530,prca03,likert5,3) neutral,4,True,recode,0
969b7211-4a7e-4f47-8926-984571488530,prca04,likert5,4) agree,2,True,recode,1
969b7211-4a7e-4f47-8926-984571488530,prca05,likert5,3) neutral,5,True,recode,0
969b7211-4a7e-4f47-8926-984571488530,prca06,likert5,2) disagree,1,True,recode,1
969b7211-4a7e-4f47-8926-984571488530,prca13,likert5,1) strongly disagree,3,True,recode,0
969b7211-4a7e-4f47-8926-984571488530,prca14,likert5,3) neutral,2,True,recode,1
969b7211-4a7e-4f47-8926-984571488530,prca15,likert5,2) disagree,3,True,recode,0
969b7211-4a7e-4f47-8926-984571488530,prca16,likert5,4) agree,2,True,recode,1
969b7211-4a7e-4f47-8926-984571488530,prca17,likert5,3) neutral,2,True,recode,1
969b7211-4a7e-4f47-8926-984571488530,prca18,likert5,1) strongly disagree,4,True,recode,0
257c051d-f830-4c51-8213-8485d9d72f47,prca01,likert5,1) strongly disagree,3,True,recode,0
257c051d-f830-4c51-8213-8485d9d72f47,prca02,likert5,2) disagree,1,True,recode,1
257c051d-f830-4c51-8213-8485d9d72f47,prca03,likert5,3) neutral,5,True,recode,0
257c051d-f830-4c51-8213-8485d9d72f47,prca04,likert5,2) disagree,1,True,recode,1
257c051d-f830-4c51-8213-8485d9d72f47,prca05,likert5,1) strongly disagree,4,True,recode,0
257c051d-f830-4c51-8213-8485d9d72f47,prca06,likert5,3) neutral,2,True,recode,1
257c051d-f830-4c51-8213-8485d9d72f47,prca13,likert5,3) neutral,4,True,recode,0
257c051d-f830-4c51-8213-8485d9d72f47,prca14,likert5,1) strongly disagree,1,True,recode,1
257c051d-f830-4c51-8213-8485d9d72f47,prca15,likert5,3) neutral,4,True,recode,0
257c051d-f830-4c51-8213-8485d9d72f47,prca16,likert5,2) disagree,1,True,recode,1
257c051d-f830-4c51-8213-8485d9d72f47,prca17,likert5,1) strongly disagree,2,True,recode,1
257c051d-f830-4c51-8213-8485d9d72f47,prca18,likert5,2) disagree,4,True,recode,0
195f24c8-75b8-4fd5-822d-feaa975bc92a,prca01,likert5,3) neutral,5,True,recode,0
195f24c8-75b8-4fd5-822d-feaa975bc92a,prca02,likert5,1) strongly disagree,1,True,recode,1
195f24c8-75b8-4fd5-822d-feaa975bc92a,prca03,likert5,3) neutral,4,True,recode,0
195f24c8-75b8-4fd5-822d-feaa975bc92a,prca04,likert5,4,2,True,validated,1
195f24c8-75b8-4fd5-822d-feaa975bc92a,prca05,likert5,1) strongly disagree,4,True,recode,0
195f24c8-75b8-4fd5-822d-feaa975bc92a,prca06,likert5,3) neutral,2,True,recode,1
195f24c8-75b8-4fd5-822d-feaa975bc92a,prca13,likert5,1) strongly disagree,5,True,recode,0
195f24c8-75b8-4fd5-822d-feaa975bc92a,prca14,likert5,4) agree,4,True,recode,1
195f24c8-75b8-4fd5-822d-feaa975bc92a,prca15,likert5,2) disagree,4,True,recode,0
195f24c8-75b8-4fd5-822d-feaa975bc92a,prca16,likert5,3) neutral,2,True,recode,1
195f24c8-75b8-4fd5-822d-feaa975bc92a,prca17,likert5,4) agree,2,True,recode,1
195f24c8-75b8-4fd5-822d-feaa975bc92a,prca18,likert5,4) agree,5,True,recode,0
1946e389-9050-49e7-bae0-59f04ee196b8,prca01,likert5,3) neutral,4,True,recode,0
1946e389-9050-49e7-bae0-59f04ee196b8,prca02,likert5,3) neutral,2,True,recode,1
1946e389-9050-49e7-bae0-59f04ee196b8,prca03,likert5,3) neutral,4,True,recode,0
1946e389-9050-49e7-bae0-59f04ee196b8,prca04,likert5,2) disagree,2,True,recode,1
1946e389-9050-49e7-bae0-59f04ee196b8,prca05,likert5,3) neutral,5,True,recode,0
1946e389-9050-49e7-bae0-59f04ee196b8,prca06,likert5,2) disagree,4,True,recode,1
1946e389-9050-49e7-bae0-59f04ee196b8,prca13,likert5,3) neutral,5,True,recode,0
1946e389-9050-49e7-bae0-59f04ee196b8,prca14,likert5,3) neutral,2,True,recode,1
1946e389-9050-49e7-bae0-59f04ee196b8,prca15,likert5,1) strongly disagree,4,True,recode,0
1946e389-9050-49e7-bae0-59f04ee196b8,prca16,likert5,3) neutral,2,True,recode,1
1946e389-9050-49e7-bae0-59f04ee196b8,prca17,likert5,3) neutral,2,True,recode,1
1946e389-9050-49e7-bae0-59f04ee196b8,prca18,likert5,1) strongly disagree,4,True,recode,0
e60ad63e-da80-444b-8fe4-590c3b4b2604,prca01,likert5,1) strongly disagree,4,True,recode,0
e60ad63e-da80-444b-8fe4-590c3b4b2604,prca02,likert5,3) neutral,2,True,recode,1
e60ad63e-da80-444b-8fe4-590c3b4b2604,prca03,likert5,3) neutral,4,True,recode,0
e60ad63e-da80-444b-8fe4-590c3b4b2604,prca04,likert5,2) disagree,2,True,recode,1
e60ad63e-da80-444b-8fe4-590c3b4b2604,prca05,likert5,1) strongly disagree,1,True,recode,0
e60ad63e-da80-444b-8fe4-590c3b4b2604,prca06,likert5,3) neutral,2,True,recode,1
e60ad63e-da80-444b-8fe4-590c3b4b2604,prca13,likert5,3) neutral,4,True,recode,0
e60ad63e-da80-444b-8fe4-590c3b4b2604,prca14,likert5,3) neutral,2,True,recode,1
e60ad63e-da80-444b-8fe4-590c3b4b2604,prca15,likert5,3) neutral,5,True,recode,0
e60ad63e-da80-444b-8fe4-590c3b4b2604,prca16,likert5,3) neutral,2,True,recode,1
e60ad63e-da80-444b-8fe4-590c3b4b2604,prca17,likert5,3) neutral,2,True,recode,1
e60ad63e-da80-444b-8fe4-590c3b4b2604,prca18,likert5,1) strongly disagree,4,True,recode,0
663a5e60-0ba3-429e-8e5f-c49faf444559,prca01,likert5,3) neutral,4,True,recode,0
663a5e60-0ba3-429e-8e5f-c49faf444559,prca02,likert5,3) neutral,2,True,recode,1
663a5e60-0ba3-429e-8e5f-c49faf444559,prca03,likert5,1) strongly disagree,2,True,recode,0
663a5e60-0ba3-429e-8e5f-c49faf444559,prca04,likert5,3) neutral,2,True,recode,1
663a5e60-0ba3-429e-8e5f-c49faf444559,prca05,likert5,3) neutral,4,True,recode,0
663a5e60-0ba3-429e-8e5f-c49faf444559,prca06,likert5,3) neutral,2,True,recode,1
663a5e60-0ba3-429e-8e5f-c49faf444559,prca13,likert5,3) neutral,4,True,recode,0
663a5e60-0ba3-429e-8e5f-c49faf444559,prca14,likert5,2) disagree,1,True,recode,1
663a5e60-0ba3-429e-8e5f-c49faf444559,prca15,likert5,1) strongly disagree,3,True,recode,0
663a5e60-0ba3-429e-8e5f-c49faf444559,prca16,likert5,2) disagree,3,True,recode,1
663a5e60-0ba3-429e-8e5f-c49faf444559,prca17,likert5,3) neutral,2,True,recode,1
663a5e60-0ba3-429e-8e5f-c49faf444559,prca18,likert5,3) neutral,4,True,recode,0
13976396-7262-4202-9acb-fbdf310a7253,prca01,likert5,3) neutral,4,True,recode,0
13976396-7262-4202-9acb-fbdf310a7253,prca02,likert5,1) strongly disagree,2,True,recode,1
13976396-7262-4202-9acb-fbdf310a7253,prca03,likert5,2) disagree,5,True,recode,0
13976396-7262-4202-9acb-fbdf310a7253,prca04,likert5,3) neutral,2,True,recode,1
13976396-7262-4202-9acb-fbdf310a7253,prca05,likert5,2) disagree,5,True,recode,0
13976396-7262-4202-9acb-fbdf310a7253,prca06,likert5,3) neutral,2,True,recode,1
13976396-7262-4202-9acb-fbdf310a7253,prca13,likert5,3) neutral,4,True,recode,0
13976396-7262-4202-9acb-fbdf310a7253,prca14,likert5,3) neutral,2,True,recode,1
13976396-7262-4202-9acb-fbdf310a7253,prca15,likert5,1) strongly disagree,3,True,recode,0
13976396-7262-4202-9acb-fbdf310a7253,prca16,likert5,4) agree,1,True,recode,1
13976396-7262-4202-9acb-fbdf310a7253,prca17,likert5,2) disagree,2,True,recode,1
13976396-7262-4202-9acb-fbdf310a7253,prca18,likert5,3) neutral,4,True,recode,0
5d937619-e9c6-4786-8f0e-09dba1993b9e,prca01,likert5,1) strongly disagree,5,True,recode,0
5d937619-e9c6-4786-8f0e-09dba1993b9e,prca02,likert5,3) neutral,1,True,recode,1
5d937619-e9c6-4786-8f0e-09dba1993b9e,prca03,likert5,2) disagree,1,True,recode,0
5d937619-e9c6-4786-8f0e-09dba1993b9e,prca04,likert5,4) agree,2,True,recode,1
5d937619-e9c6-4786-8f0e-09dba1993b9e,prca05,likert5,1) strongly disagree,5,True,recode,0
5d937619-e9c6-4786-8f0e-09dba1993b9e,prca06,likert5,4) agree,2,True,recode,1
5d937619-e9c6-4786-8f0e-09dba1993b9e,prca13,likert5,3) neutral,3,True,recode,0
5d937619-e9c6-4786-8f0e-09dba1993b9e,prca14,likert5,2) disagree,2,True,recode,1
5d937619-e9c6-4786-8f0e-09dba1993b9e,prca15,likert5,4) agree,4,True,recode,0
5d937619-e9c6-4786-8f0e-09dba1993b9e,prca16,likert5,3) neutral,2,True,recode,1
5d937619-e9c6-4786-8f0e-09dba1993b9e,prca17,likert5,2) disagree,1,True,recode,1
5d937619-e9c6-4786-8f0e-09dba1993b9e,prca18,likert5,2) disagree,5,True,recode,0
be831f6c-6531-42e8-9cd5-f5f874b70a81,prca01,likert5,4) agree,4,True,recode,0
be831f6c-6531-42e8-9cd5-f5f874b70a81,prca02,likert5,4) agree,1,True,recode,1
be831f6c-6531-42e8-9cd5-f5f874b70a81,prca03,likert5,1) strongly disagree,5,True,recode,0
be831f6c-6531-42e8-9cd5-f5f874b70a81,prca04,likert5,3) neutral,2,True,recode,1
be831f6c-6531-42e8-9cd5-f5f874b70a81,prca05,likert5,3) neutral,4,True,recode,0
be831f6c-6531-42e8-9cd5-f5f874b70a81,prca06,likert5,1) strongly disagree,1,True,recode,1
be831f6c-6531-42e8-9cd5-f5f874b70a81,prca13,likert5,2) disagree,5,True,recode,0
be831f6c-6531-42e8-9cd5-f5f874b70a81,prca14,likert5,5) strongly agree,3,True,recode,1
be831f6c-6531-42e8-9cd5-f5f874b70a81,prca15,likert5,1) strongly disagree,5,True,recode,0
be831f6c-6531-42e8-9cd5-f5f874b70a81,prca16,likert5,2) disagree,3,True,recode,1
be831f6c-6531-42e8-9cd5-f5f874b70a81,prca17,likert5,1) strongly disagree,2,True,recode,1
be831f6c-6531-42e8-9cd5-f5f874b70a81,prca18,likert5,3) neutral,4,True,recode,0
1236aa37-7899-4684-86e4-99c2eaa5393e,prca01,likert5,3) neutral,4,True,recode,0
1236aa37-7899-4684-86e4-99c2eaa5393e,prca02,likert5,3) neutral,2,True,recode,1
1236aa37-7899-4684-86e4-99c2eaa5393e,prca03,likert5,3) neutral,4,True,recode,0
1236aa37-7899-4684-86e4-99c2eaa5393e,prca04,likert5,4) agree,1,True,recode,1
1236aa37-7899-4684-86e4-99c2eaa5393e,prca05,likert5,3) neutral,4,True,recode,0
1236aa37-7899-4684-86e4-99c2eaa5393e,prca06,likert5,4) agree,1,True,recode,1
1236aa37-7899-4684-86e4-99c2eaa5393e,prca13,likert5,1,1,True,validated,0
1236aa37-7899-4684-86e4-99c2eaa5393e,prca14,likert5,5) strongly agree,3,True,recode,1
1236aa37-7899-4684-86e4-99c2eaa5393e,prca15,likert5,4) agree,5,True,recode,0
1236aa37-7899-4684-86e4-99c2eaa5393e,prca16,likert5,1) strongly disagree,1,True,recode,1
1236aa37-7899-4684-86e4-99c2eaa5393e,prca17,likert5,4) agree,2,True,recode,1
1236aa37-7899-4684-86e4-99c2eaa5393e,prca18,likert5,2) disagree,4,True,recode,0
48d089ab-f982-4b18-87df-b9d9145de398,prca01,likert5,3) neutral,4,True,recode,0
48d089ab-f982-4b18-87df-b9d9145de398,prca02,likert5,3) neutral,2,True,recode,1
48d089ab-f982-4b18-87df-b9d9145de398,prca03,likert5,3) neutral,4,True,recode,0
48d089ab-f982-4b18-87df-b9d9145de398,prca04,likert5,2) disagree,2,True,recode,1
48d089ab-f982-4b18-87df-b9d9145de398,prca05,likert5,3) neutral,4,True,recode,0
48d089ab-f982-4b18-87df-b9d9145de398,prca06,likert5,3) neutral,2,True,recode,1
48d089ab-f982-4b18-87df-b9d9145de398,prca13,likert5,1) strongly disagree,5,True,recode,0
48d089ab-f982-4b18-87df-b9d9145de398,prca14,likert5,3) neutral,1,True,recode,1
48d089ab-f982-4b18-87df-b9d9145de398,prca15,likert5,3) neutral,4,True,recode,0
48d089ab-f982-4b18-87df-b9d9145de398,prca16,likert5,4) agree,5,True,recode,1
48d089ab-f982-4b18-87df-b9d9145de398,prca17,likert5,2) disagree,2,True,recode,1
48d089ab-f982-4b18-87df-b9d9145de398,prca18,likert5,3) neutral,4,True,recode,0
f6af12a6-4d4d-4e11-a17b-95f9c9a2b69c,prca01,likert5,1) strongly disagree,4,True,recode,0
f6af12a6-4d4d-4e11-a17b-95f9c9a2b69c,prca02,likert5,3) neutral,1,True,recode,1
f6af12a6-4d4d-4e11-a17b-95f9c9a2b69c,prca03,likert5,1) strongly disagree,4,True,recode,0
f6af12a6-4d4d-4e11-a17b-95f9c9a2b69c,prca04,likert5,3) neutral,2,True,recode,1
f6af12a6-4d4d-4e11-a17b-95f9c9a2b69c,prca05,likert5,1) strongly disagree,4,True,recode,0
f6af12a6-4d4d-4e11-a17b-95f9c9a2b69c,prca06,likert5,4) agree,2,True,recode,1
f6af12a6-4d4d-4e11-a17b-95f9c9a2b69c,prca13,likert5,2) disagree,5,True,recode,0
f6af12a6-4d4d-4e11-a17b-95f9c9a2b69c,prca14,likert5,3) neutral,2,True,recode,1
f6af12a6-4d4d-4e11-a17b-95f9c9a2b69c,prca15,likert5,2) disagree,5,True,recode,0
f6af12a6-4d4d-4e11-a17b-95f9c9a2b69c,prca16,likert5,1) strongly disagree,2,True,recode,1
f6af12a6-4d4d-4e11-a17b-95f9c9a2b69c,prca17,likert5,3) neutral,2,True,recode,1
f6af12a6-4d4d-4e11-a17b-95f9c9a2b69c,prca18,likert5,1) strongly disagree,5,True,recode,0
35ef50c6-73c2-4b1c-b368-de8b35a08493,prca01,likert5,2) disagree,5,True,recode,0
35ef50c6-73c2-4b1c-b368-de8b35a08493,prca02,likert5,2) disagree,2,True,recode,1
35ef50c6-73c2-4b1c-b368-de8b35a08493,prca03,likert5,2) disagree,4,True,recode,0
35ef50c6-73c2-4b1c-b368-de8b35a08493,prca04,likert5,3) neutral,2,True,recode,1
35ef50c6-73c2-4b1c-b368-de8b35a08493,prca05,likert5,2) disagree,4,True,recode,0
35ef50c6-73c2-4b1c-b368-de8b35a08493,prca06,likert5,3) neutral,2,True,recode,1
35ef50c6-73c2-4b1c-b368-de8b35a08493,prca13,likert5,1) strongly disagree,4,True,recode,0
35ef50c6-73c2-4b1c-b368-de8b35a08493,prca14,likert5,1) strongly disagree,1,True,recode,1
35ef50c6-73c2-4b1c-b368-de8b35a08493,prca15,likert5,3) neutral,4,True,recode,0
35ef50c6-73c2-4b1c-b368-de8b35a08493,prca16,likert5,3) neutral,2,True,recode,1
35ef50c6-73c2-4b1c-b368-de8b35a08493,prca17,likert5,1) strongly disagree,1,True,recode,1
35ef50c6-73c2-4b1c-b368-de8b35a08493,prca18,likert5,3) neutral,4,True,recode,0
f8ee76a5-2e4a-4a2c-abe8-a4cb68089dd4,prca01,likert5,3) neutral,4,True,recode,0
f8ee76a5-2e4a-4a2c-abe8-a4cb68089dd4,prca02,likert5,3) neutral,2,True,recode,1
f8ee76a5-2e4a-4a2c-abe8-a4cb68089dd4,prca03,likert5,1) strongly disagree,4,True,recode,0
f8ee76a5-2e4a-4a2c-abe8-a4cb68089dd4,prca04,likert5,3) neutral,2,True,recode,1
f8ee76a5-2e4a-4a2c-abe8-a4cb68089dd4,prca05,likert5,1) strongly disagree,5,True,recode,0
f8ee76a5-2e4a-4a2c-abe8-a4cb68089dd4,prca06,likert5,4) agree,2,True,recode,1
f8ee76a5-2e4a-4a2c-abe8-a4cb68089dd4,prca13,likert5,3) neutral,4,True,recode,0
f8ee76a5-2e4a-4a2c-abe8-a4cb68089dd4,prca14,likert5,3) neutral,1,True,recode,1
f8ee76a5-2e4a-4a2c-abe8-a4cb68089dd4,prca15,likert5,2) disagree,5,True,recode,0
f8ee76a5-2e4a-4a2c-abe8-a4cb68089dd4,prca16,likert5,3) neutral,2,True,recode,1
f8ee76a5-2e4a-4a2c-abe8-a4cb68089dd4,prca17,likert5,3) neutral,2,True,recode,1
f8ee76a5-2e4a-4a2c-abe8-a4cb68089dd4,prca18,likert5,1) strongly disagree,5,True,recode,0
04775332-b657-4011-83fa-04f55be8a090,prca01,likert5,1) strongly disagree,5,True,recode,0
04775332-b657-4011-83fa-04f55be8a090,prca02,likert5,4) agree,1,True,recode,1
04775332-b657-4011-83fa-04f55be8a090,prca03,likert5,3) neutral,4,True,recode,0
04775332-b657-4011-83fa-04f55be8a090,prca04,likert5,3) neutral,2,True,recode,1
04775332-b657-4011-83fa-04f55be8a090,prca05,likert5,1) strongly disagree,5,True,recode,0
04775332-b657-4011-83fa-04f55be8a090,prca06,likert5,3) neutral,2,True,recode,1
04775332-b657-4011-83fa-04f55be8a090,prca13,likert5,3) neutral,5,True,recode,0
04775332-b657-4011-83fa-04f55be8a090,prca14,likert5,2) disagree,2,True,recode,1
04775332-b657-4011-83fa-04f55be8a090,prca15,likert5,2) disagree,4,True,recode,0
04775332-b657-4011-83fa-04f55be8a090,prca16,likert5,3) neutral,2,True,recode,1
04775332-b657-4011-83fa-04f55be8a090,prca17,likert5,2) disagree,1,True,recode,1
04775332-b657-4011-83fa-04f55be8a090,prca18,likert5,1) strongly disagree,4,True,recode,0
63ff454d-58e1-404b-a347-e6e146fff71a,prca01,likert5,1) strongly disagree,4,True,recode,0
63ff454d-58e1-404b-a347-e6e146fff71a,prca02,likert5,3) neutral,2,True,recode,1
63ff454d-58e1-404b-a347-e6e146fff71a,prca03,likert5,3) neutral,4,True,recode,0
63ff454d-58e1-404b-a347-e6e146fff71a,prca04,likert5,2) disagree,2,True,recode,1
63ff454d-58e1-404b-a347-e6e146fff71a,prca05,likert5,4) agree,4,True,recode,0
63ff454d-58e1-404b-a347-e6e146fff71a,prca06,likert5,3) neutral,2,True,recode,1
63ff454d-58e1-404b-a347-e6e146fff71a,prca13,likert5,2) disagree,4,True,recode,0
63ff454d-58e1-404b-a347-e6e146fff71a,prca14,likert5,5) strongly agree,3,True,recode,1
63ff454d-58e1-404b-a347-e6e146fff71a,prca15,likert5,3) neutral,4,True,recode,0
63ff454d-58e1-404b-a347-e6e146fff71a,prca16,likert5,4) agree,2,True,recode,1
63ff454d-58e1-404b-a347-e6e146fff71a,prca17,likert5,3) neutral,2,True,recode,1
63ff454d-58e1-404b-a347-e6e146fff71a,prca18,likert5,4) agree,4,True,recode,0
272d2a05-1804-43c8-9b15-385d9eab40f3,prca01,likert5,3) neutral,4,True,recode,0
272d2a05-1804-43c8-9b15-385d9eab40f3,prca02,likert5,2) disagree,1,True,recode,1
272d2a05-1804-43c8-9b15-385d9eab40f3,prca03,likert5,3) neutral,4,True,recode,0
272d2a05-1804-43c8-9b15-385d9eab40f3,prca04,likert5,4) agree,2,True,recode,1
272d2a05-1804-43c8-9b15-385d9eab40f3,prca05,likert5,3) neutral,4,True,recode,0
272d2a05-1804-43c8-9b15-385d9eab40f3,prca06,likert5,2) disagree,3,True,recode,1
272d2a05-1804-43c8-9b15-385d9eab40f3,prca13,likert5,4) agree,4,True,recode,0
272d2a05-1804-43c8-9b15-385d9eab40f3,prca14,likert5,3) neutral,1,True,recode,1
272d2a05-1804-43c8-9b15-385d9eab40f3,prca15,likert5,3) neutral,4,True,recode,0
272d2a05-1804-43c8-9b15-385d9eab40f3,prca16,likert5,3) neutral,2,True,recode,1
272d2a05-1804-43c8-9b15-385d9eab40f3,prca17,likert5,3) neutral,2,True,recode,1
272d2a05-1804-43c8-9b15-385d9eab40f3,prca18,likert5,2) disagree,4,True,recode,0
1b55bc3f-1758-40a0-856a-254054bccbcc,prca01,likert5,2) disagree,4,True,recode,0
1b55bc3f-1758-40a0-856a-254054bccbcc,prca02,likert5,3) neutral,2,True,recode,1
1b55bc3f-1758-40a0-856a-254054bccbcc,prca03,likert5,3) neutral,4,True,recode,0
1b55bc3f-1758-40a0-856a-254054bccbcc,prca04,likert5,3) neutral,2,True,recode,1
1b55bc3f-1758-40a0-856a-254054bccbcc,prca05,likert5,3) neutral,4,True,recode,0
1b55bc3f-1758-40a0-856a-254054bccbcc,prca06,likert5,1) strongly disagree,2,True,recode,1
1b55bc3f-1758-40a0-856a-254054bccbcc,prca13,likert5,3) neutral,4,True,recode,0
1b55bc3f-1758-40a0-856a-254054bccbcc,prca14,likert5,2) disagree,1,True,recode,1
1b55bc3f-1758-40a0-856a-254054bccbcc,prca15,likert5,1) strongly disagree,4,True,recode,0
1b55bc3f-1758-40a0-856a-254054bccbcc,prca16,likert5,2) disagree,1,True,recode,1
1b55bc3f-1758-40a0-856a-254054bccbcc,prca17,likert5,3) neutral,1,True,recode,1
1b55bc3f-1758-40a0-856a-254054bccbcc,prca18,likert5,3) neutral,4,True,recode,0
3d00f735-b12e-46fd-b163-26a20511a989,prca01,likert5,1) strongly disagree,5,True,recode,0
3d00f735-b12e-46fd-b163-26a20511a989,prca02,likert5,4) agree,2,True,recode,1
3d00f735-b12e-46fd-b163-26a20511a989,prca03,likert5,2) disagree,5,True,recode,0
3d00f735-b12e-46fd-b163-26a20511a989,prca04,likert5,1) strongly disagree,1,True,recode,1
3d00f735-b12e-46fd-b163-26a20511a989,prca05,likert5,1) strongly disagree,5,True,recode,0
3d00f735-b12e-46fd-b163-26a20511a989,prca06,likert5,4) agree,2,True,recode,1
3d00f735-b12e-46fd-b163-26a20511a989,prca13,likert5,3) neutral,4,True,recode,0
3d00f735-b12e-46fd-b163-26a20511a989,prca14,likert5,3) neutral,2,True,recode,1
3d00f735-b12e-46fd-b163-26a20511a989,prca15,likert5,3) neutral,4,True,recode,0
3d00f735-b12e-46fd-b163-26a20511a989,prca16,likert5,2) disagree,2,True,recode,1
3d00f735-b12e-46fd-b163-26a20511a989,prca17,likert5,2) disagree,2,True,recode,1
3d00f735-b12e-46fd-b163-26a20511a989,prca18,likert5,1) strongly disagree,5,True,recode,0
8ea4247b-60dd-4577-8a59-c7b5a2e5f5f9,prca01,likert5,3) neutral,4,True,recode,0
8ea4247b-60dd-4577-8a59-c7b5a2e5f5f9,prca02,likert5,2) disagree,2,True,recode,1
8ea4247b-60dd-4577-8a59-c7b5a2e5f5f9,prca03,likert5,3) neutral,4,True,recode,0
8ea4247b-60dd-4577-8a59-c7b5a2e5f5f9,prca04,likert5,3) neutral,2,True,recode,1
8ea4247b-60dd-4577-8a59-c7b5a2e5f5f9,prca05,likert5,2) disagree,4,True,recode,0
8ea4247b-60dd-4577-8a59-c7b5a2e5f5f9,prca06,likert5,4) agree,2,True,recode,1
8ea4247b-60dd-4577-8a59-c7b5a2e5f5f9,prca13,likert5,3) neutral,4,True,recode,0
8ea4247b-60dd-4577-8a59-c7b5a2e5f5f9,prca14,likert5,4) agree,1,True,recode,1
8ea4247b-60dd-4577-8a59-c7b5a2e5f5f9,prca15,likert5,2) disagree,4,True,recode,0
8ea4247b-60dd-4577-8a59-c7b5a2e5f5f9,prca16,likert5,3) neutral,2,True,recode,1
8ea4247b-60dd-4577-8a59-c7b5a2e5f5f9,prca17,likert5,2) disagree,1,True,recode,1
8ea4247b-60dd-4577-8a59-c7b5a2e5f5f9,prca18,likert5,4) agree,4,True,recode,0
34d32ca2-d8d1-4792-a756-321b5c26abf7,prca01,likert5,2) disagree,5,True,recode,0
34d32ca2-d8d1-4792-a756-321b5c26abf7,prca02,likert5,2) disagree,2,True,recode,1
34d32ca2-d8d1-4792-a756-321b5c26abf7,prca03,likert5,3) neutral,4,True,recode,0
34d32ca2-d8d1-4792-a756-321b5c26abf7,prca04,likert5,3) neutral,1,True,recode,1
34d32ca2-d8d1-4792-a756-321b5c26abf7,prca05,likert5,1) strongly disagree,4,True,recode,0
34d32ca2-d8d1-4792-a756-321b5c26abf7,prca06,likert5,3) neutral,2,True,recode,1
34d32ca2-d8d1-4792-a756-321b5c26abf7,prca13,likert5,4) agree,4,True,recode,0
34d32ca2-d8d1-4792-a756-321b5c26abf7,prca14,likert5,3) neutral,2,True,recode,1
34d32ca2-d8d1-4792-a756-321b5c26abf7,prca15,likert5,1) strongly disagree,5,True,recode,0
34d32ca2-d8d1-4792-a756-321b5c26abf7,prca16,likert5,3) neutral,2,True,recode,1
34d32ca2-d8d1-4792-a756-321b5c26abf7,prca17,likert5,4) agree,2,True,recode,1
34d32ca2-d8d1-4792-a756-321b5c26abf7,prca18,likert5,3) neutral,3,True,recode,0
5981da9c-14aa-44a7-ba5c-82d246e43762,prca01,likert5,2) disagree,4,True,recode,0
5981da9c-14aa-44a7-ba5c-82d246e43762,prca02,likert5,1) strongly disagree,1,True,recode,1
5981da9c-14aa-44a7-ba5c-82d246e43762,prca03,likert5,2) disagree,5,True,recode,0
5981da9c-14aa-44a7-ba5c-82d246e43762,prca04,likert5,4) agree,1,True,recode,1
5981da9c-14aa-44a7-ba5c-82d246e43762,prca05,likert5,3) neutral,4,True,recode,0
5981da9c-14aa-44a7-ba5c-82d246e43762,prca06,likert5,2) disagree,2,True,recode,1
5981da9c-14aa-44a7-ba5c-82d246e43762,prca13,likert5,1) strongly disagree,5,True,recode,0
5981da9c-14aa-44a7-ba5c-82d246e43762,prca14,likert5,4) agree,1,True,recode,1
5981da9c-14aa-44a7-ba5c-82d246e43762,prca15,likert5,3) neutral,5,True,recode,0
5981da9c-14aa-44a7-ba5c-82d246e43762,prca16,likert5,3) neutral,2,True,recode,1
5981da9c-14aa-44a7-ba5c-82d246e43762,prca17,likert5,2) disagree,1,True,recode,1
5981da9c-14aa-44a7-ba5c-82d246e43762,prca18,likert5,3) neutral,4,True,recode,0
80e1573c-d09a-4091-b5fd-116d6cf83d7a,prca01,likert5,3) neutral,4,True,recode,0
80e1573c-d09a-4091-b5fd-116d6cf83d7a,prca02,likert5,4) agree,2,True,recode,1
80e1573c-d09a-4091-b5fd-116d6cf83d7a,prca03,likert5,3) neutral,4,True,recode,0
80e1573c-d09a-4091-b5fd-116d6cf83d7a,prca04,likert5,3) neutral,2,True,recode,1
80e1573c-d09a-4091-b5fd-116d6cf83d7a,prca05,likert5,2) disagree,4,True,recode,0
80e1573c-d09a-4091-b5fd-116d6cf83d7a,prca06,likert5,3) neutral,1,True,recode,1
80e1573c-d09a-4091-b5fd-116d6cf83d7a,prca13,likert5,1) strongly disagree,4,True,recode,0
80e1573c-d09a-4091-b5fd-116d6cf83d7a,prca14,likert5,2) disagree,5,True,recode,1
80e1573c-d09a-4091-b5fd-116d6cf83d7a,prca15,likert5,3) neutral,4,True,recode,0
80e1573c-d09a-4091-b5fd-116d6cf83d7a,prca16,likert5,3) neutral,2,True,recode,1
80e1573c-d09a-4091-b5fd-116d6cf83d7a,prca17,likert5,3) neutral,2,True,recode,1
80e1573c-d09a-4091-b5fd-116d6cf83d7a,prca18,likert5,2) disagree,3,True,recode,0
f083fe36-636a-42ca-a0df-19b528a13443,prca01,likert5,1) strongly disagree,4,True,recode,0
f083fe36-636a-42ca-a0df-19b528a13443,prca02,likert5,2) disagree,3,True,recode,1
f083fe36-636a-42ca-a0df-19b528a13443,prca03,likert5,1) strongly disagree,4,True,recode,0
f083fe36-636a-42ca-a0df-19b528a13443,prca04,likert5,2) disagree,3,True,recode,1
f083fe36-636a-42ca-a0df-19b528a13443,prca05,likert5,3) neutral,5,True,recode,0
f083fe36-636a-42ca-a0df-19b528a13443,prca06,likert5,3) neutral,2,True,recode,1
f083fe36-636a-42ca-a0df-19b528a13443,prca13,likert5,4) agree,4,True,recode,0
f083fe36-636a-42ca-a0df-19b528a13443,prca14,likert5,4) agree,2,True,recode,1
f083fe36-636a-42ca-a0df-19b528a13443,prca15,likert5,2) disagree,3,True,recode,0
f083fe36-636a-42ca-a0df-19b528a13443,prca16,likert5,2) disagree,1,True,recode,1
f083fe36-636a-42ca-a0df-19b528a13443,prca17,likert5,3) neutral,2,True,recode,1
f083fe36-636a-42ca-a0df-19b528a13443,prca18,likert5,3) neutral,4,True,recode,0
e6752070-d9e7-4de4-b0f3-e2a06f2d2f26,prca01,likert5,1) strongly disagree,5,True,recode,0
e6752070-d9e7-4de4-b0f3-e2a06f2d2f26,prca02,likert5,3) neutral,4,True,recode,1
e6752070-d9e7-4de4-b0f3-e2a06f2d2f26,prca03,likert5,2) disagree,4,True,recode,0
e6752070-d9e7-4de4-b0f3-e2a06f2d2f26,prca04,likert5,2) disagree,2,True,recode,1
e6752070-d9e7-4de4-b0f3-e2a06f2d2f26,prca05,likert5,1) strongly disagree,5,True,recode,0
e6752070-d9e7-4de4-b0f3-e2a06f2d2f26,prca06,likert5,4) agree,4,True,recode,1
e6752070-d9e7-4de4-b0f3-e2a06f2d2f26,prca13,likert5,2) disagree,4,True,recode,0
e6752070-d9e7-4de4-b0f3-e2a06f2d2f26,prca14,likert5,4) agree,2,True,recode,1
e6752070-d9e7-4de4-b0f3-e2a06f2d2f26,prca15,likert5,2) disagree,4,True,recode,0
e6752070-d9e7-4de4-b0f3-e2a06f2d2f26,prca16,likert5,3) neutral,2,True,recode,1
e6752070-d9e7-4de4-b0f3-e2a06f2d2f26,prca17,likert5,1) strongly disagree,1,True,recode,1
e6752070-d9e7-4de4-b0f3-e2a06f2d2f26,prca18,likert5,3) neutral,5,True,recode,0
114c8f4e-ae74-47e9-9cf0-3f49cf18c064,prca01,likert5,3) neutral,4,True,recode,0
114c8f4e-ae74-47e9-9cf0-3f49cf18c064,prca02,likert5,2) disagree,1,True,recode,1
114c8f4e-ae74-47e9-9cf0-3f49cf18c064,prca03,likert5,4) agree,5,True,recode,0
114c8f4e-ae74-47e9-9cf0-3f49cf18c064,prca04,likert5,3) neutral,2,True,recode,1
114c8f4e-ae74-47e9-9cf0-3f49cf18c064,prca05,likert5,3) neutral,4,True,recode,0
114c8f4e-ae74-47e9-9cf0-3f49cf18c064,prca06,likert5,3) neutral,2,True,recode,1
114c8f4e-ae74-47e9-9cf0-3f49cf18c064,prca13,likert5,1) strongly disagree,1,True,recode,0
114c8f4e-ae74-47e9-9cf0-3f49cf18c064,prca14,likert5,4) agree,2,True,recode,1
114c8f4e-ae74-47e9-9cf0-3f49cf18c064,prca15,likert5,2) disagree,5,True,recode,0
114c8f4e-ae74-47e9-9cf0-3f49cf18c064,prca16,likert5,3) neutral,2,True,recode,1
114c8f4e-ae74-47e9-9cf0-3f49cf18c064,prca17,likert5,3) neutral,2,True,recode,1
114c8f4e-ae74-47e9-9cf0-3f49cf18c064,prca18,likert5,4) agree,5,True,recode,0
9a519494-030c-431f-8f26-cdd6f59e2e33,prca01,likert5,2) disagree,4,True,recode,0
9a519494-030c-431f-8f26-cdd6f59e2e33,prca02,likert5,2) disagree,2,True,recode,1
9a519494-030c-431f-8f26-cdd6f59e2e33,prca03,likert5,3) neutral,4,True,recode,0
9a519494-030c-431f-8f26-cdd6f59e2e33,prca04,likert5,3) neutral,2,True,recode,1
9a519494-030c-431f-8f26-cdd6f59e2e33,prca05,likert5,3) neutral,4,True,recode,0
9a519494-030c-431f-8f26-cdd6f59e2e33,prca06,likert5,4) agree,1,True,recode,1
9a519494-030c-431f-8f26-cdd6f59e2e33,prca13,likert5,2) disagree,3,True,recode,0
9a519494-030c-431f-8f26-cdd6f59e2e33,prca14,likert5,1) strongly disagree,1,True,recode,1
9a519494-030c-431f-8f26-cdd6f59e2e33,prca15,likert5,4) agree,4,True,recode,0
9a519494-030c-431f-8f26-cdd6f59e2e33,prca16,likert5,1) strongly disagree,1,True,recode,1
9a519494-030c-431f-8f26-cdd6f59e2e33,prca17,likert5,3) neutral,2,True,recode,1
9a519494-030c-431f-8f26-cdd6f59e2e33,prca18,likert5,3) neutral,4,True,recode,0
55cfbd3c-c748-45c8-871e-d792284d4a00,prca01,likert5,1) strongly disagree,5,True,recode,0
55cfbd3c-c748-45c8-871e-d792284d4a00,prca02,likert5,2) disagree,1,True,recode,1
55cfbd3c-c748-45c8-871e-d792284d4a00,prca03,likert5,3) neutral,4,True,recode,0
55cfbd3c-c748-45c8-871e-d792284d4a00,prca04,likert5,2) disagree,1,True,recode,1
55cfbd3c-c748-45c8-871e-d792284d4a00,prca05,likert5,3) neutral,4,True,recode,0
55cfbd3c-c748-45c8-871e-d792284d4a00,prca06,likert5,2) disagree,3,True,recode,1
55cfbd3c-c748-45c8-871e-d792284d4a00,prca13,likert5,3) neutral,4,True,recode,0
55cfbd3c-c748-45c8-871e-d792284d4a00,prca14,likert5,2) disagree,1,True,recode,1
55cfbd3c-c748-45c8-871e-d792284d4a00,prca15,likert5,4) agree,4,True,recode,0
55cfbd3c-c748-45c8-871e-d792284d4a00,prca16,likert5,1) strongly disagree,2,True,recode,1
55cfbd3c-c748-45c8-871e-d792284d4a00,prca17,likert5,3) neutral,2,True,recode,1
55cfbd3c-c748-45c8-871e-d792284d4a00,prca18,likert5,4) agree,5,True,recode,0
7825a729-ff55-4e11-8c75-82e5f2a15302,prca01,likert5,3) neutral,4,True,recode,0
7825a729-ff55-4e11-8c75-82e5f2a15302,prca02,likert5,3) neutral,2,True,recode,1
7825a729-ff55-4e11-8c75-82e5f2a15302,prca03,likert5,1) strongly disagree,3,True,recode,0
7825a729-ff55-4e11-8c75-82e5f2a15302,prca04,likert5,2) disagree,1,True,recode,1
7825a729-ff55-4e11-8c75-82e5f2a15302,prca05,likert5,3) neutral,4,True,recode,0
7825a729-ff55-4e11-8c75-82e5f2a15302,prca06,likert5,3) neutral,2,True,recode,1
7825a729-ff55-4e11-8c75-82e5f2a15302,prca13,likert5,4) agree,5,True,recode,0
7825a729-ff55-4e11-8c75-82e5f2a15302,prca14,likert5,3) neutral,2,True,recode,1
7825a729-ff55-4e11-8c75-82e5f2a15302,prca15,likert5,1) strongly disagree,4,True,recode,0
7825a729-ff55-4e11-8c75-82e5f2a15302,prca16,likert5,2) disagree,1,True,recode,1
7825a729-ff55-4e11-8c75-82e5f2a15302,prca17,likert5,3) neutral,2,True,recode,1
7825a729-ff55-4e11-8c75-82e5f2a15302,prca18,likert5,3) neutral,5,True,recode,0
4309df1e-1f16-4188-8563-ea133e95e6d8,prca01,likert5,3) neutral,4,True,recode,0
4309df1e-1f16-4188-8563-ea133e95e6d8,prca02,likert5,2) disagree,1,True,recode,1
4309df1e-1f16-4188-8563-ea133e95e6d8,prca03,likert5,4) agree,5,True,recode,0
4309df1e-1f16-4188-8563-ea133e95e6d8,prca04,likert5,3) neutral,2,True,recode,1
4309df1e-1f16-4188-8563-ea133e95e6d8,prca05,likert5,3) neutral,4,True,recode,0
4309df1e-1f16-4188-8563-ea133e95e6d8,prca06,likert5,3) neutral,2,True,recode,1
4309df1e-1f16-4188-8563-ea133e95e6d8,prca13,likert5,3) neutral,5,True,recode,0
4309df1e-1f16-4188-8563-ea133e95e6d8,prca14,likert5,3) neutral,2,True,recode,1
4309df1e-1f16-4188-8563-ea133e95e6d8,prca15,likert5,4) agree,5,True,recode,0
4309df1e-1f16-4188-8563-ea133e95e6d8,prca16,likert5,3) neutral,2,True,recode,1
4309df1e-1f16-4188-8563-ea133e95e6d8,prca17,likert5,3) neutral,2,True,recode,1
4309df1e-1f16-4188-8563-ea133e95e6d8,prca18,likert5,3) neutral,4,True,recode,0
6a63b928-8fed-464b-abf2-341987141236,prca01,likert5,2) disagree,5,True,recode,0
6a63b928-8fed-464b-abf2-341987141236,prca02,likert5,4) agree,2,True,recode,1
6a63b928-8fed-464b-abf2-341987141236,prca03,likert5,2) disagree,5,True,recode,0
6a63b928-8fed-464b-abf2-341987141236,prca04,likert5,1) strongly disagree,1,True,recode,1
6a63b928-8fed-464b-abf2-341987141236,prca05,likert5,3) neutral,4,True,recode,0
6a63b928-8fed-464b-abf2-341987141236,prca06,likert5,3) neutral,2,True,recode,1
6a63b928-8fed-464b-abf2-341987141236,prca13,likert5,3) neutral,4,True,recode,0
6a63b928-8fed-464b-abf2-341987141236,prca14,likert5,3) neutral,2,True,recode,1
6a63b928-8fed-464b-abf2-341987141236,prca15,likert5,4) agree,4,True,recode,0
6a63b928-8fed-464b-abf2-341987141236,prca16,likert5,3) neutral,2,True,recode,1
6a63b928-8fed-464b-abf2-341987141236,prca17,likert5,3) neutral,2,True,recode,1
6a63b928-8fed-464b-abf2-341987141236,prca18,likert5,2) disagree,5,True,recode,0
d6763525-3b56-40fb-a536-adfa2fc052f7,prca01,likert5,3) neutral,4,True,recode,0
d6763525-3b56-40fb-a536-adfa2fc052f7,prca02,likert5,3) neutral,2,True,recode,1
d6763525-3b56-40fb-a536-adfa2fc052f7,prca03,likert5,3) neutral,5,True,recode,0
d6763525-3b56-40fb-a536-adfa2fc052f7,prca04,likert5,1) strongly disagree,1,True,recode,1
d6763525-3b56-40fb-a536-adfa2fc052f7,prca05,likert5,4) agree,3,True,recode,0
d6763525-3b56-40fb-a536-adfa2fc052f7,prca06,likert5,3) neutral,2,True,recode,1
d6763525-3b56-40fb-a536-adfa2fc052f7,prca13,likert5,4) agree,4,True,recode,0
d6763525-3b56-40fb-a536-adfa2fc052f7,prca14,likert5,4) agree,2,True,recode,1
d6763525-3b56-40fb-a536-adfa2fc052f7,prca15,likert5,3) neutral,4,True,recode,0
d6763525-3b56-40fb-a536-adfa2fc052f7,prca16,likert5,3) neutral,1,True,recode,1
d6763525-3b56-40fb-a536-adfa2fc052f7,prca17,likert5,4) agree,2,True,recode,1
d6763525-3b56-40fb-a536-adfa2fc052f7,prca18,likert5,3) neutral,5,True,recode,0
6ff24bcb-a5c0-4825-beff-28b087129579,prca01,likert5,3) neutral,4,True,recode,0
6ff24bcb-a5c0-4825-beff-28b087129579,prca02,likert5,3) neutral,1,True,recode,1
6ff24bcb-a5c0-4825-beff-28b087129579,prca03,likert5,3) neutral,5,True,recode,0
6ff24bcb-a5c0-4825-beff-28b087129579,prca04,likert5,1) strongly disagree,1,True,recode,1
6ff24bcb-a5c0-4825-beff-28b087129579,prca05,likert5,3) neutral,4,True,recode,0
6ff24bcb-a5c0-4825-beff-28b087129579,prca06,likert5,3) neutral,1,True,recode,1
6ff24bcb-a5c0-4825-beff-28b087129579,prca13,likert5,4) agree,5,True,recode,0
6ff24bcb-a5c0-4825-beff-28b087129579,prca14,likert5,2) disagree,2,True,recode,1
6ff24bcb-a5c0-4825-beff-28b087129579,prca15,likert5,3) neutral,3,True,recode,0
6ff24bcb-a5c0-4825-beff-28b087129579,prca16,likert5,2) disagree,2,True,recode,1
6ff24bcb-a5c0-4825-beff-28b087129579,prca17,likert5,3) neutral,3,True,recode,1
6ff24bcb-a5c0-4825-beff-28b087129579,prca18,likert5,3) neutral,5,True,recode,0
3899b916-6d43-409f-99d0-44354a50830e,prca01,likert5,4) agree,4,True,recode,0
3899b916-6d43-409f-99d0-44354a50830e,prca02,likert5,4) agree,1,True,recode,1
3899b916-6d43-409f-99d0-44354a50830e,prca03,likert5,3) neutral,5,True,recode,0
3899b916-6d43-409f-99d0-44354a50830e,prca04,likert5,1) strongly disagree,1,True,recode,1
3899b916-6d43-409f-99d0-44354a50830e,prca05,likert5,2) disagree,4,True,recode,0
3899b916-6d43-409f-99d0-44354a50830e,prca06,likert5,3) neutral,2,True,recode,1
3899b916-6d43-409f-99d0-44354a50830e,prca13,likert5,2) disagree,5,True,recode,0
3899b916-6d43-409f-99d0-44354a50830e,prca14,likert5,4) agree,2,True,recode,1
3899b916-6d43-409f-99d0-44354a50830e,prca15,likert5,3) neutral,5,True,recode,0
3899b916-6d43-409f-99d0-44354a50830e,prca16,likert5,3) neutral,2,True,recode,1
3899b916-6d43-409f-99d0-44354a50830e,prca17,likert5,3) neutral,1,True,recode,1
3899b916-6d43-409f-99d0-44354a50830e,prca18,likert5,1) strongly disagree,4,True,recode,0
56c039fb-9496-45b5-ae02-22db64761deb,prca01,likert5,3) neutral,4,True,recode,0
56c039fb-9496-45b5-ae02-22db64761deb,prca02,likert5,4) agree,1,True,recode,1
56c039fb-9496-45b5-ae02-22db64761deb,prca03,likert5,1) strongly disagree,5,True,recode,0
56c039fb-9496-45b5-ae02-22db64761deb,prca04,likert5,3) neutral,3,True,recode,1
56c039fb-9496-45b5-ae02-22db64761deb,prca05,likert5,3) neutral,4,True,recode,0
56c039fb-9496-45b5-ae02-22db64761deb,prca06,likert5,3) neutral,2,True,recode,1
56c039fb-9496-45b5-ae02-22db64761deb,prca13,likert5,3) neutral,4,True,recode,0
56c039fb-9496-45b5-ae02-22db64761deb,prca14,likert5,4) agree,2,True,recode,1
56c039fb-9496-45b5-ae02-22db64761deb,prca15,likert5,1) strongly disagree,5,True,recode,0
56c039fb-9496-45b5-ae02-22db64761deb,prca16,likert5,3) neutral,2,True,recode,1
56c039fb-9496-45b5-ae02-22db64761deb,prca17,likert5,4) agree,2,True,recode,1
56c039fb-9496-45b5-ae02-22db64761deb,prca18,likert5,4) agree,4,True,recode,0
9ee2429a-aedd-4a55-bf30-85d16b07ab42,prca01,likert5,1) strongly disagree,5,True,recode,0
9ee2429a-aedd-4a55-bf30-85d16b07ab42,prca02,likert5,3) neutral,1,True,recode,1
9ee2429a-aedd-4a55-bf30-85d16b07ab42,prca03,likert5,4) agree,4,True,recode,0
9ee2429a-aedd-4a55-bf30-85d16b07ab42,prca04,likert5,4) agree,1,True,recode,1
9ee2429a-aedd-4a55-bf30-85d16b07ab42,prca05,likert5,1) strongly disagree,4,True,recode,0
9ee2429a-aedd-4a55-bf30-85d16b07ab42,prca06,likert5,3) neutral,2,True,recode,1
9ee2429a-aedd-4a55-bf30-85d16b07ab42,prca13,likert5,1) strongly disagree,5,True,recode,0
9ee2429a-aedd-4a55-bf30-85d16b07ab42,prca14,likert5,3) neutral,2,True,recode,1
9ee2429a-aedd-4a55-bf30-85d16b07ab42,prca15,likert5,3) neutral,2,True,recode,0
9ee2429a-aedd-4a55-bf30-85d16b07ab42,prca16,likert5,4) agree,2,True,recode,1
9ee2429a-aedd-4a55-bf30-85d16b07ab42,prca17,likert5,2) disagree,2,True,recode,1
9ee2429a-aedd-4a55-bf30-85d16b07ab42,prca18,likert5,4) agree,4,True,recode,0
0ba728f0-e791-47ef-8988-0e57d47e4477,prca01,likert5,2) disagree,4,True,recode,0
0ba728f0-e791-47ef-8988-0e57d47e4477,prca02,likert5,2) disagree,1,True,recode,1
0ba728f0-e791-47ef-8988-0e57d47e4477,prca03,likert5,3) neutral,4,True,recode,0
0ba728f0-e791-47ef-8988-0e57d47e4477,prca04,likert5,2) disagree,1,True,recode,1
0ba728f0-e791-47ef-8988-0e57d47e4477,prca05,likert5,3) neutral,4,True,recode,0
0ba728f0-e791-47ef-8988-0e57d47e4477,prca06,likert5,3) neutral,1,True,recode,1
0ba728f0-e791-47ef-8988-0e57d47e4477,prca13,likert5,3) neutral,4,True,recode,0
0ba728f0-e791-47ef-8988-0e57d47e4477,prca14,likert5,1) strongly disagree,1,True,recode,1
0ba728f0-e791-47ef-8988-0e57d47e4477,prca15,likert5,3) neutral,4,True,recode,0
0ba728f0-e791-47ef-8988-0e57d47e4477,prca16,likert5,3) neutral,2,True,recode,1
0ba728f0-e791-47ef-8988-0e57d47e4477,prca17,likert5,2) disagree,2,True,recode,1
0ba728f0-e791-47ef-8988-0e57d47e4477,prca18,likert5,1) strongly disagree,5,True,recode,0
666a8dd1-01e5-43e6-a3da-b8a747b6629a,prca01,likert5,3) neutral,4,True,recode,0
666a8dd1-01e5-43e6-a3da-b8a747b6629a,prca02,likert5,4) agree,1,True,recode,1
666a8dd1-01e5-43e6-a3da-b8a747b6629a,prca03,likert5,2) disagree,5,True,recode,0
666a8dd1-01e5-43e6-a3da-b8a747b6629a,prca04,likert5,3) neutral,2,True,recode,1
666a8dd1-01e5-43e6-a3da-b8a747b6629a,prca05,likert5,3) neutral,4,True,recode,0
666a8dd1-01e5-43e6-a3da-b8a747b6629a,prca06,likert5,3) neutral,2,True,recode,1
666a8dd1-01e5-43e6-a3da-b8a747b6629a,prca13,likert5,4) agree,5,True,recode,0
666a8dd1-01e5-43e6-a3da-b8a747b6629a,prca14,likert5,3) neutral,2,True,recode,1
666a8dd1-01e5-43e6-a3da-b8a747b6629a,prca15,likert5,3) neutral,4,True,recode,0
666a8dd1-01e5-43e6-a3da-b8a747b6629a,prca16,likert5,4) agree,1,True,recode,1
666a8dd1-01e5-43e6-a3da-b8a747b6629a,prca17,likert5,3) neutral,2,True,recode,1
666a8dd1-01e5-43e6-a3da-b8a747b6629a,prca18,likert5,3) neutral,5,True,recode,0
532093c3-3c23-4ecb-a73f-d22e151ae23b,prca01,likert5,2) disagree,4,True,recode,0
532093c3-3c23-4ecb-a73f-d22e151ae23b,prca02,likert5,4) agree,2,True,recode,1
532093c3-3c23-4ecb-a73f-d22e151ae23b,prca03,likert5,2) disagree,3,True,recode,0
532093c3-3c23-4ecb-a73f-d22e151ae23b,prca04,likert5,3) neutral,3,True,recode,1
532093c3-3c23-4ecb-a73f-d22e151ae23b,prca05,likert5,2) disagree,4,True,recode,0
532093c3-3c23-4ecb-a73f-d22e151ae23b,prca06,likert5,3) neutral,2,True,recode,1
532093c3-3c23-4ecb-a73f-d22e151ae23b,prca13,likert5,3) neutral,5,True,recode,0
532093c3-3c23-4ecb-a73f-d22e151ae23b,prca14,likert5,1) strongly disagree,2,True,recode,1
532093c3-3c23-4ecb-a73f-d22e151ae23b,prca15,likert5,2) disagree,4,True,recode,0
532093c3-3c23-4ecb-a73f-d22e151ae23b,prca16,likert5,3) neutral,2,True,recode,1
532093c3-3c23-4ecb-a73f-d22e151ae23b,prca17,likert5,3) neutral,2,True,recode,1
532093c3-3c23-4ecb-a73f-d22e151ae23b,prca18,likert5,1) strongly disagree,5,True,recode,0
526f6e6f-c108-4b76-a400-bc897379cb89,prca01,likert5,1) strongly disagree,5,True,recode,0
526f6e6f-c108-4b76-a400-bc897379cb89,prca02,likert5,3) neutral,2,True,recode,1
526f6e6f-c108-4b76-a400-bc897379cb89,prca03,likert5,3) neutral,4,True,recode,0
526f6e6f-c108-4b76-a400-bc897379cb89,prca04,likert5,2) disagree,2,True,recode,1
526f6e6f-c108-4b76-a400-bc897379cb89,prca05,likert5,3) neutral,4,True,recode,0
526f6e6f-c108-4b76-a400-bc897379cb89,prca06,likert5,4) agree,1,True,recode,1
526f6e6f-c108-4b76-a400-bc897379cb89,prca13,likert5,1) strongly disagree,5,True,recode,0
526f6e6f-c108-4b76-a400-bc897379cb89,prca14,likert5,3) neutral,2,True,recode,1
526f6e6f-c108-4b76-a400-bc897379cb89,prca15,likert5,4) agree,5,True,recode,0
526f6e6f-c108-4b76-a400-bc897379cb89,prca16,likert5,3) neutral,2,True,recode,1
526f6e6f-c108-4b76-a400-bc897379cb89,prca17,likert5,1) strongly disagree,1,True,recode,1
526f6e6f-c108-4b76-a400-bc897379cb89,prca18,likert5,3) neutral,4,True,recode,0
57026eef-ec20-4ffc-9db0-ac668d788759,prca01,likert5,3) neutral,5,True,recode,0
57026eef-ec20-4ffc-9db0-ac668d788759,prca02,likert5,3) neutral,2,True,recode,1
57026eef-ec20-4ffc-9db0-ac668d788759,prca03,likert5,2) disagree,4,True,recode,0
57026eef-ec20-4ffc-9db0-ac668d788759,prca04,likert5,3) neutral,2,True,recode,1
57026eef-ec20-4ffc-9db0-ac668d788759,prca05,likert5,1) strongly disagree,5,True,recode,0
57026eef-ec20-4ffc-9db0-ac668d788759,prca06,likert5,1) strongly disagree,1,True,recode,1
57026eef-ec20-4ffc-9db0-ac668d788759,prca13,likert5,1) strongly disagree,5,True,recode,0
57026eef-ec20-4ffc-9db0-ac668d788759,prca14,likert5,1) strongly disagree,2,True,recode,1
57026eef-ec20-4ffc-9db0-ac668d788759,prca15,likert5,3) neutral,4,True,recode,0
57026eef-ec20-4ffc-9db0-ac668d788759,prca16,likert5,4) agree,1,True,recode,1
57026eef-ec20-4ffc-9db0-ac668d788759,prca17,likert5,3) neutral,2,True,recode,1
57026eef-ec20-4ffc-9db0-ac668d788759,prca18,likert5,3) neutral,4,True,recode,0
8461d15b-bded-4561-9163-232c0a58ff1f,prca01,likert5,3) neutral,4,True,recode,0
8461d15b-bded-4561-9163-232c0a58ff1f,prca02,likert5,4) agree,4,True,recode,1
8461d15b-bded-4561-9163-232c0a58ff1f,prca03,likert5,1) strongly disagree,5,True,recode,0
8461d15b-bded-4561-9163-232c0a58ff1f,prca04,likert5,3) neutral,2,True,recode,1
8461d15b-bded-4561-9163-232c0a58ff1f,prca05,likert5,2) disagree,5,True,recode,0
8461d15b-bded-4561-9163-232c0a58ff1f,prca06,likert5,1) strongly disagree,1,True,recode,1
8461d15b-bded-4561-9163-232c0a58ff1f,prca13,likert5,3) neutral,4,True,recode,0
8461d15b-bded-4561-9163-232c0a58ff1f,prca14,likert5,4) agree,2,True,recode,1
8461d15b-bded-4561-9163-232c0a58ff1f,prca15,likert5,3) neutral,4,True,recode,0
8461d15b-bded-4561-9163-232c0a58ff1f,prca16,likert5,3) neutral,1,True,recode,1
8461d15b-bded-4561-9163-232c0a58ff1f,prca17,likert5,4) agree,2,True,recode,1
8461d15b-bded-4561-9163-232c0a58ff1f,prca18,likert5,4) agree,5,True,recode,0
a7761608-673d-4f4b-b5bb-213967f22901,prca01,likert5,1) strongly disagree,4,True,recode,0
a7761608-673d-4f4b-b5bb-213967f22901,prca02,likert5,3) neutral,2,True,recode,1
a7761608-673d-4f4b-b5bb-213967f22901,prca03,likert5,3) neutral,4,True,recode,0
a7761608-673d-4f4b-b5bb-213967f22901,prca04,likert5,4) agree,2,True,recode,1
a7761608-673d-4f4b-b5bb-213967f22901,prca05,likert5,2) disagree,5,True,recode,0
a7761608-673d-4f4b-b5bb-213967f22901,prca06,likert5,3) neutral,4,True,recode,1
a7761608-673d-4f4b-b5bb-213967f22901,prca13,likert5,3) neutral,4,True,recode,0
a7761608-673d-4f4b-b5bb-213967f22901,prca14,likert5,2) disagree,2,True,recode,1
a7761608-673d-4f4b-b5bb-213967f22901,prca15,likert5,3) neutral,4,True,recode,0
a7761608-673d-4f4b-b5bb-213967f22901,prca16,likert5,3) neutral,2,True,recode,1
a7761608-673d-4f4b-b5bb-213967f22901,prca17,likert5,2) disagree,1,True,recode,1
a7761608-673d-4f4b-b5bb-213967f22901,prca18,likert5,2) disagree,5,True,recode,0
6267b2c5-db2d-4574-ab85-5ba2fc139883,prca01,likert5,3) neutral,4,True,recode,0
6267b2c5-db2d-4574-ab85-5ba2fc139883,prca02,likert5,3) neutral,3,True,recode,1
6267b2c5-db2d-4574-ab85-5ba2fc139883,prca03,likert5,3) neutral,4,True,recode,0
6267b2c5-db2d-4574-ab85-5ba2fc139883,prca04,likert5,4) agree,1,True,recode,1
6267b2c5-db2d-4574-ab85-5ba2fc139883,prca05,likert5,1) strongly disagree,5,True,recode,0
6267b2c5-db2d-4574-ab85-5ba2fc139883,prca06,likert5,4) agree,1,True,recode,1
6267b2c5-db2d-4574-ab85-5ba2fc139883,prca13,likert5,3) neutral,4,True,recode,0
6267b2c5-db2d-4574-ab85-5ba2fc139883,prca14,likert5,3) neutral,2,True,recode,1
6267b2c5-db2d-4574-ab85-5ba2fc139883,prca15,likert5,2) disagree,4,True,recode,0
6267b2c5-db2d-4574-ab85-5ba2fc139883,prca16,likert5,5) strongly agree,4,True,recode,1
6267b2c5-db2d-4574-ab85-5ba2fc139883,prca17,likert5,3) neutral,2,True,recode,1
6267b2c5-db2d-4574-ab85-5ba2fc139883,prca18,likert5,1) strongly disagree,4,True,recode,0
4c9f15be-6ba2-49c2-b0e7-ea73a1149dbf,prca01,likert5,3) neutral,4,True,recode,0
4c9f15be-6ba2-49c2-b0e7-ea73a1149dbf,prca02,likert5,1) strongly disagree,1,True,recode,1
4c9f15be-6ba2-49c2-b0e7-ea73a1149dbf,prca03,likert5,3) neutral,4,True,recode,0
4c9f15be-6ba2-49c2-b0e7-ea73a1149dbf,prca04,likert5,3) neutral,2,True,recode,1
4c9f15be-6ba2-49c2-b0e7-ea73a1149dbf,prca05,likert5,3) neutral,4,True,recode,0
4c9f15be-6ba2-49c2-b0e7-ea73a1149dbf,prca06,likert5,3) neutral,2,True,recode,1
4c9f15be-6ba2-49c2-b0e7-ea73a1149dbf,prca13,likert5,2) disagree,4,True,recode,0
4c9f15be-6ba2-49c2-b0e7-ea73a1149dbf,prca14,likert5,2) disagree,3,True,recode,1
4c9f15be-6ba2-49c2-b0e7-ea73a1149dbf,prca15,likert5,3) neutral,4,True,recode,0
4c9f15be-6ba2-49c2-b0e7-ea73a1149dbf,prca16,likert5,3) neutral,2,True,recode,1
4c9f15be-6ba2-49c2-b0e7-ea73a1149dbf,prca17,likert5,4) agree,1,True,recode,1
4c9f15be-6ba2-49c2-b0e7-ea73a1149dbf,prca18,likert5,4) agree,4,True,recode,0
0b827197-bb55-424c-86ec-8f56706b08fa,prca01,likert5,4) agree,4,True,recode,0
0b827197-bb55-424c-86ec-8f56706b08fa,prca02,likert5,3) neutral,2,True,recode,1
0b827197-bb55-424c-86ec-8f56706b08fa,prca03,likert5,1) strongly disagree,5,True,recode,0
0b827197-bb55-424c-86ec-8f56706b08fa,prca04,likert5,3) neutral,2,True,recode,1
0b827197-bb55-424c-86ec-8f56706b08fa,prca05,likert5,2) disagree,4,True,recode,0
0b827197-bb55-424c-86ec-8f56706b08fa,prca06,likert5,3) neutral,2,True,recode,1
0b827197-bb55-424c-86ec-8f56706b08fa,prca13,likert5,3) neutral,4,True,recode,0
0b827197-bb55-424c-86ec-8f56706b08fa,prca14,likert5,3) neutral,2,True,recode,1
0b827197-bb55-424c-86ec-8f56706b08fa,prca15,likert5,2) disagree,4,True,recode,0
0b827197-bb55-424c-86ec-8f56706b08fa,prca16,likert5,3) neutral,3,True,recode,1
0b827197-bb55-424c-86ec-8f56706b08fa,prca17,likert5,4) agree,2,True,recode,1
0b827197-bb55-424c-86ec-8f56706b08fa,prca18,likert5,3) neutral,3,True,recode,0
8356190a-765c-4bf6-a6cc-84fee3a4c6a5,prca01,likert5,2) disagree,5,True,recode,0
8356190a-765c-4bf6-a6cc-84fee3a4c6a5,prca02,likert5,4) agree,2,True,recode,1
8356190a-765c-4bf6-a6cc-84fee3a4c6a5,prca03,likert5,3) neutral,4,True,recode,0
8356190a-765c-4bf6-a6cc-84fee3a4c6a5,prca04,likert5,3) neutral,1,True,recode,1
8356190a-765c-4bf6-a6cc-84fee3a4c6a5,prca05,likert5,3) neutral,4,True,recode,0
8356190a-765c-4bf6-a6cc-84fee3a4c6a5,prca06,likert5,3) neutral,2,True,recode,1
8356190a-765c-4bf6-a6cc-84fee3a4c6a5,prca13,likert5,1) strongly disagree,5,True,recode,0
8356190a-765c-4bf6-a6cc-84fee3a4c6a5,prca14,likert5,1) strongly disagree,1,True,recode,1
8356190a-765c-4bf6-a6cc-84fee3a4c6a5,prca15,likert5,3) neutral,4,True,recode,0
8356190a-765c-4bf6-a6cc-84fee3a4c6a5,prca16,likert5,4) agree,2,True,recode,1
8356190a-765c-4bf6-a6cc-84fee3a4c6a5,prca17,likert5,2) disagree,2,True,recode,1
8356190a-765c-4bf6-a6cc-84fee3a4c6a5,prca18,likert5,1) strongly disagree,5,True,recode,0
2d6c06fd-7720-49a1-bae3-1a07874b4b75,prca01,likert5,3) neutral,4,True,recode,0
2d6c06fd-7720-49a1-bae3-1a07874b4b75,prca02,likert5,1) strongly disagree,1,True,recode,1
2d6c06fd-7720-49a1-bae3-1a07874b4b75,prca03,likert5,3) neutral,4,True,recode,0
2d6c06fd-7720-49a1-bae3-1a07874b4b75,prca04,likert5,2) disagree,1,True,recode,1
2d6c06fd-7720-49a1-bae3-1a07874b4b75,prca05,likert5,2) disagree,4,True,recode,0
2d6c06fd-7720-49a1-bae3-1a07874b4b75,prca06,likert5,3) neutral,2,True,recode,1
2d6c06fd-7720-49a1-bae3-1a07874b4b75,prca13,likert5,1) strongly disagree,4,True,recode,0
2d6c06fd-7720-49a1-bae3-1a07874b4b75,prca14,likert5,4) agree,2,True,recode,1
2d6c06fd-7720-49a1-bae3-1a07874b4b75,prca15,likert5,3) neutral,4,True,recode,0
2d6c06fd-7720-49a1-bae3-1a07874b4b75,prca16,likert5,3) neutral,2,True,recode,1
2d6c06fd-7720-49a1-bae3-1a07874b4b75,prca17,likert5,1) strongly disagree,2,True,recode,1
2d6c06fd-7720-49a1-bae3-1a07874b4b75,prca18,likert5,2) disagree,5,True,recode,0
a88a3f9f-08c7-42e8-b7a7-c4259af35fd3,prca01,likert5,2) disagree,4,True,recode,0
a88a3f9f-08c7-42e8-b7a7-c4259af35fd3,prca02,likert5,4) agree,2,True,recode,1
a88a3f9f-08c7-42e8-b7a7-c4259af35fd3,prca03,likert5,2) disagree,4,True,recode,0
a88a3f9f-08c7-42e8-b7a7-c4259af35fd3,prca04,likert5,3) neutral,2,True,recode,1
a88a3f9f-08c7-42e8-b7a7-c4259af35fd3,prca05,likert5,3) neutral,4,True,recode,0
a88a3f9f-08c7-42e8-b7a7-c4259af35fd3,prca06,likert5,4) agree,2,True,recode,1
a88a3f9f-08c7-42e8-b7a7-c4259af35fd3,prca13,likert5,2) disagree,3,True,recode,0
a88a3f9f-08c7-42e8-b7a7-c4259af35fd3,prca14,likert5,4) agree,2,True,recode,1
a88a3f9f-08c7-42e8-b7a7-c4259af35fd3,prca15,likert5,3) neutral,4,True,recode,0
a88a3f9f-08c7-42e8-b7a7-c4259af35fd3,prca16,likert5,3) neutral,3,True,recode,1
a88a3f9f-08c7-42e8-b7a7-c4259af35fd3,prca17,likert5,3) neutral,2,True,recode,1
a88a3f9f-08c7-42e8-b7a7-c4259af35fd3,prca18,likert5,3) neutral,5,True,recode,0
e1adef74-9223-4d63-b180-1f43ddc9c69d,prca01,likert5,2) disagree,4,True,recode,0
e1adef74-9223-4d63-b180-1f43ddc9c69d,prca02,likert5,3) neutral,2,True,recode,1
e1adef74-9223-4d63-b180-1f43ddc9c69d,prca03,likert5,3) neutral,4,True,recode,0
e1adef74-9223-4d63-b180-1f43ddc9c69d,prca04,likert5,2) disagree,2,True,recode,1
e1adef74-9223-4d63-b180-1f43ddc9c69d,prca05,likert5,3) neutral,4,True,recode,0
e1adef74-9223-4d63-b180-1f43ddc9c69d,prca06,likert5,3) neutral,2,True,recode,1
e1adef74-9223-4d63-b180-1f43ddc9c69d,prca13,likert5,3) neutral,4,True,recode,0
e1adef74-9223-4d63-b180-1f43ddc9c69d,prca14,likert5,2) disagree,1,True,recode,1
e1adef74-9223-4d63-b180-1f43ddc9c69d,prca15,likert5,1) strongly disagree,5,True,recode,0
e1adef74-9223-4d63-b180-1f43ddc9c69d,prca16,likert5,3) neutral,3,True,recode,1
e1adef74-9223-4d63-b180-1f43ddc9c69d,prca17,likert5,2) disagree,2,True,recode,1
e1adef74-9223-4d63-b180-1f43ddc9c69d,prca18,likert5,3) neutral,5,True,recode,0
fda3419d-dce3-41ed-91d4-87b01ec5eb56,prca01,likert5,3) neutral,4,True,recode,0
fda3419d-dce3-41ed-91d4-87b01ec5eb56,prca02,likert5,2) disagree,3,True,recode,1
fda3419d-dce3-41ed-91d4-87b01ec5eb56,prca03,likert5,2) disagree,4,True,recode,0
fda3419d-dce3-41ed-91d4-87b01ec5eb56,prca04,likert5,1) strongly disagree,1,True,recode,1
fda3419d-dce3-41ed-91d4-87b01ec5eb56,prca05,likert5,4) agree,4,True,recode,0
fda3419d-dce3-41ed-91d4-87b01ec5eb56,prca06,likert5,4) agree,1,True,recode,1
fda3419d-dce3-41ed-91d4-87b01ec5eb56,prca13,likert5,4) agree,2,True,recode,0
fda3419d-dce3-41ed-91d4-87b01ec5eb56,prca14,likert5,5) strongly agree,2,True,recode,1
fda3419d-dce3-41ed-91d4-87b01ec5eb56,prca15,likert5,2) disagree,4,True,recode,0
fda3419d-dce3-41ed-91d4-87b01ec5eb56,prca16,likert5,3) neutral,1,True,recode,1
fda3419d-dce3-41ed-91d4-87b01ec5eb56,prca17,likert5,3) neutral,1,True,recode,1
fda3419d-dce3-41ed-91d4-87b01ec5eb56,prca18,likert5,2) disagree,4,True,recode,0
5c83a001-81c6-48f6-ad52-6e3946c850cd,prca01,likert5,4) agree,5,True,recode,0
5c83a001-81c6-48f6-ad52-6e3946c850cd,prca02,likert5,"1) strongly disagree, 2) disagree, 3) neutral, 4) agree, 5) strongly agree",4,True,recode,1
5c83a001-81c6-48f6-ad52-6e3946c850cd,prca03,likert5,4) agree,4,True,recode,0
5c83a001-81c6-48f6-ad52-6e3946c850cd,prca04,likert5,3) neutral,2,True,recode,1
5c83a001-81c6-48f6-ad52-6e3946c850cd,prca05,likert5,4) agree,4,True,recode,0
5c83a001-81c6-48f6-ad52-6e3946c850cd,prca06,likert5,2) disagree,1,True,recode,1
5c83a001-81c6-48f6-ad52-6e3946c850cd,prca13,likert5,2) disagree,4,True,recode,0
5c83a001-81c6-48f6-ad52-6e3946c850cd,prca14,likert5,3) neutral,2,True,recode,1
5c83a001-81c6-48f6-ad52-6e3946c850cd,prca15,likert5,1) strongly disagree,5,True,recode,0
5c83a001-81c6-48f6-ad52-6e3946c850cd,prca16,likert5,3) neutral,2,True,recode,1
5c83a001-81c6-48f6-ad52-6e3946c850cd,prca17,likert5,3) neutral,2,True,recode,1
5c83a001-81c6-48f6-ad52-6e3946c850cd,prca18,likert5,1) strongly disagree,5,True,recode,0
0ff28a90-c4ac-47bf-84c4-acbc64ad6541,prca01,likert5,2) disagree,5,True,recode,0
0ff28a90-c4ac-47bf-84c4-acbc64ad6541,prca02,likert5,2) disagree,2,True,recode,1
0ff28a90-c4ac-47bf-84c4-acbc64ad6541,prca03,likert5,3) neutral,4,True,recode,0
0ff28a90-c4ac-47bf-84c4-acbc64ad6541,prca04,likert5,3) neutral,2,True,recode,1
0ff28a90-c4ac-47bf-84c4-acbc64ad6541,prca05,likert5,3) neutral,4,True,recode,0
0ff28a90-c4ac-47bf-84c4-acbc64ad6541,prca06,likert5,3) neutral,2,True,recode,1
0ff28a90-c4ac-47bf-84c4-acbc64ad6541,prca13,likert5,2) disagree,5,True,recode,0
0ff28a90-c4ac-47bf-84c4-acbc64ad6541,prca14,likert5,3) neutral,2,True,recode,1
0ff28a90-c4ac-47bf-84c4-acbc64ad6541,prca15,likert5,4) agree,4,True,recode,0
0ff28a90-c4ac-47bf-84c4-acbc64ad6541,prca16,likert5,4) agree,2,True,recode,1
0ff28a90-c4ac-47bf-84c4-acbc64ad6541,prca17,likert5,3) neutral,2,True,recode,1
0ff28a90-c4ac-47bf-84c4-acbc64ad6541,prca18,likert5,3) neutral,4,True,recode,0
7892a748-90b5-45f6-8026-5eacad2f87dd,prca01,likert5,1) strongly disagree,3,True,recode,0
7892a748-90b5-45f6-8026-5eacad2f87dd,prca02,likert5,3) neutral,2,True,recode,1
7892a748-90b5-45f6-8026-5eacad2f87dd,prca03,likert5,3) neutral,4,True,recode,0
7892a748-90b5-45f6-8026-5eacad2f87dd,prca04,likert5,2) disagree,2,True,recode,1
7892a748-90b5-45f6-8026-5eacad2f87dd,prca05,likert5,3) neutral,4,True,recode,0
7892a748-90b5-45f6-8026-5eacad2f87dd,prca06,likert5,3) neutral,2,True,recode,1
7892a748-90b5-45f6-8026-5eacad2f87dd,prca13,likert5,4) agree,5,True,recode,0
7892a748-90b5-45f6-8026-5eacad2f87dd,prca14,likert5,1) strongly disagree,1,True,recode,1
7892a748-90b5-45f6-8026-5eacad2f87dd,prca15,likert5,3) neutral,5,True,recode,0
7892a748-90b5-45f6-8026-5eacad2f87dd,prca16,likert5,3) neutral,2,True,recode,1
7892a748-90b5-45f6-8026-5eacad2f87dd,prca17,likert5,2) disagree,1,True,recode,1
7892a748-90b5-45f6-8026-5eacad2f87dd,prca18,likert5,4) agree,4,True,recode,0
bda87091-ae0d-4a3d-9332-8fadcb959926,prca01,likert5,1) strongly disagree,5,True,recode,0
bda87091-ae0d-4a3d-9332-8fadcb959926,prca02,likert5,3) neutral,2,True,recode,1
bda87091-ae0d-4a3d-9332-8fadcb959926,prca03,likert5,3) neutral,4,True,recode,0
bda87091-ae0d-4a3d-9332-8fadcb959926,prca04,likert5,3) neutral,2,True,recode,1
bda87091-ae0d-4a3d-9332-8fadcb959926,prca05,likert5,3) neutral,4,True,recode,0
bda87091-ae0d-4a3d-9332-8fadcb959926,prca06,likert5,3) neutral,1,True,recode,1
bda87091-ae0d-4a3d-9332-8fadcb959926,prca13,likert5,3) neutral,4,True,recode,0
bda87091-ae0d-4a3d-9332-8fadcb959926,prca14,likert5,3) neutral,2,True,recode,1
bda87091-ae0d-4a3d-9332-8fadcb959926,prca15,likert5,1) strongly disagree,5,True,recode,0
bda87091-ae0d-4a3d-9332-8fadcb959926,prca16,likert5,3) neutral,2,True,recode,1
bda87091-ae0d-4a3d-9332-8fadcb959926,prca17,likert5,2) disagree,2,True,recode,1
bda87091-ae0d-4a3d-9332-8fadcb959926,prca18,likert5,3) neutral,4,True,recode,0
1460d034-2434-438a-a3e6-9827e1f51db8,prca01,likert5,2) disagree,4,True,recode,0
1460d034-2434-438a-a3e6-9827e1f51db8,prca02,likert5,3) neutral,2,True,recode,1
1460d034-2434-438a-a3e6-9827e1f51db8,prca03,likert5,3) neutral,4,True,recode,0
1460d034-2434-438a-a3e6-9827e1f51db8,prca04,likert5,3) neutral,2,True,recode,1
1460d034-2434-438a-a3e6-9827e1f51db8,prca05,likert5,2) disagree,5,True,recode,0
1460d034-2434-438a-a3e6-9827e1f51db8,prca06,likert5,3) neutral,2,True,recode,1
1460d034-2434-438a-a3e6-9827e1f51db8,prca13,likert5,3) neutral,5,True,recode,0
1460d034-2434-438a-a3e6-9827e1f51db8,prca14,likert5,3) neutral,2,True,recode,1
1460d034-2434-438a-a3e6-9827e1f51db8,prca15,likert5,4) agree,5,True,recode,0
1460d034-2434-438a-a3e6-9827e1f51db8,prca16,likert5,2) disagree,2,True,recode,1
1460d034-2434-438a-a3e6-9827e1f51db8,prca17,likert5,3) neutral,2,True,recode,1
1460d034-2434-438a-a3e6-9827e1f51db8,prca18,likert5,4) agree,4,True,recode,0
c174ca2b-c835-4ade-8622-eeb34cf4d316,prca01,likert5,4) agree,4,True,recode,0
c174ca2b-c835-4ade-8622-eeb34cf4d316,prca02,likert5,3) neutral,2,True,recode,1
c174ca2b-c835-4ade-8622-eeb34cf4d316,prca03,likert5,3) neutral,4,True,recode,0
c174ca2b-c835-4ade-8622-eeb34cf4d316,prca04,likert5,2) disagree,1,True,recode,1
c174ca2b-c835-4ade-8622-eeb34cf4d316,prca05,likert5,3) neutral,4,True,recode,0
c174ca2b-c835-4ade-8622-eeb34cf4d316,prca06,likert5,3) neutral,2,True,recode,1
c174ca2b-c835-4ade-8622-eeb34cf4d316,prca13,likert5,4) agree,4,True,recode,0
c174ca2b-c835-4ade-8622-eeb34cf4d316,prca14,likert5,4) agree,2,True,recode,1
c174ca2b-c835-4ade-8622-eeb34cf4d316,prca15,likert5,3) neutral,4,True,recode,0
c174ca2b-c835-4ade-8622-eeb34cf4d316,prca16,likert5,2) disagree,2,True,recode,1
c174ca2b-c835-4ade-8622-eeb34cf4d316,prca17,likert5,3) neutral,2,True,recode,1
c174ca2b-c835-4ade-8622-eeb34cf4d316,prca18,likert5,2) disagree,4,True,recode,0
2f02a3f3-7707-483a-ac0a-5ffba601937c,prca01,likert5,2) disagree,3,True,recode,0
2f02a3f3-7707-483a-ac0a-5ffba601937c,prca02,likert5,4,2,True,validated,1
2f02a3f3-7707-483a-ac0a-5ffba601937c,prca03,likert5,2) disagree,4,True,recode,0
2f02a3f3-7707-483a-ac0a-5ffba601937c,prca04,likert5,2) disagree,1,True,recode,1
2f02a3f3-7707-483a-ac0a-5ffba601937c,prca05,likert5,3) neutral,3,True,recode,0
2f02a3f3-7707-483a-ac0a-5ffba601937c,prca06,likert5,1) strongly disagree,2,True,recode,1
2f02a3f3-7707-483a-ac0a-5ffba601937c,prca13,likert5,3) neutral,4,True,recode,0
2f02a3f3-7707-483a-ac0a-5ffba601937c,prca14,likert5,2) disagree,2,True,recode,1
2f02a3f3-7707-483a-ac0a-5ffba601937c,prca15,likert5,3) neutral,4,True,recode,0
2f02a3f3-7707-483a-ac0a-5ffba601937c,prca16,likert5,3) neutral,2,True,recode,1
2f02a3f3-7707-483a-ac0a-5ffba601937c,prca17,likert5,2) disagree,2,True,recode,1
2f02a3f3-7707-483a-ac0a-5ffba601937c,prca18,likert5,2) disagree,4,True,recode,0
c47c4e67-7e8e-48c9-9849-38459cbb1890,prca01,likert5,3) neutral,4,True,recode,0
c47c4e67-7e8e-48c9-9849-38459cbb1890,prca02,likert5,3) neutral,2,True,recode,1
c47c4e67-7e8e-48c9-9849-38459cbb1890,prca03,likert5,1) strongly disagree,5,True,recode,0
c47c4e67-7e8e-48c9-9849-38459cbb1890,prca04,likert5,3) neutral,2,True,recode,1
c47c4e67-7e8e-48c9-9849-38459cbb1890,prca05,likert5,1) strongly disagree,1,True,recode,0
c47c4e67-7e8e-48c9-9849-38459cbb1890,prca06,likert5,2) disagree,2,True,recode,1
c47c4e67-7e8e-48c9-9849-38459cbb1890,prca13,likert5,1) strongly disagree,4,True,recode,0
c47c4e67-7e8e-48c9-9849-38459cbb1890,prca14,likert5,2) disagree,1,True,recode,1
c47c4e67-7e8e-48c9-9849-38459cbb1890,prca15,likert5,3) neutral,4,True,recode,0
c47c4e67-7e8e-48c9-9849-38459cbb1890,prca16,likert5,3) neutral,1,True,recode,1
c47c4e67-7e8e-48c9-9849-38459cbb1890,prca17,likert5,2) disagree,2,True,recode,1
c47c4e67-7e8e-48c9-9849-38459cbb1890,prca18,likert5,3) neutral,4,True,recode,0
d8c5f2ce-2b94-4016-a139-f5cbab401cc8,prca01,likert5,1) strongly disagree,5,True,recode,0
d8c5f2ce-2b94-4016-a139-f5cbab401cc8,prca02,likert5,3) neutral,1,True,recode,1
d8c5f2ce-2b94-4016-a139-f5cbab401cc8,prca03,likert5,3) neutral,4,True,recode,0
d8c5f2ce-2b94-4016-a139-f5cbab401cc8,prca04,likert5,2) disagree,1,True,recode,1
d8c5f2ce-2b94-4016-a139-f5cbab401cc8,prca05,likert5,1) strongly disagree,5,True,recode,0
d8c5f2ce-2b94-4016-a139-f5cbab401cc8,prca06,likert5,3) neutral,2,True,recode,1
d8c5f2ce-2b94-4016-a139-f5cbab401cc8,prca13,likert5,1) strongly disagree,5,True,recode,0
d8c5f2ce-2b94-4016-a139-f5cbab401cc8,prca14,likert5,3) neutral,2,True,recode,1
d8c5f2ce-2b94-4016-a139-f5cbab401cc8,prca15,likert5,2) disagree,4,True,recode,0
d8c5f2ce-2b94-4016-a139-f5cbab401cc8,prca16,likert5,3) neutral,2,True,recode,1
d8c5f2ce-2b94-4016-a139-f5cbab401cc8,prca17,likert5,3) neutral,2,True,recode,1
d8c5f2ce-2b94-4016-a139-f5cbab401cc8,prca18,likert5,3) neutral,4,True,recode,0
d3ed6d23-217d-4ec5-9bc2-ada4364722ab,prca01,likert5,2) disagree,4,True,recode,0
d3ed6d23-217d-4ec5-9bc2-ada4364722ab,prca02,likert5,4) agree,2,True,recode,1
d3ed6d23-217d-4ec5-9bc2-ada4364722ab,prca03,likert5,4) agree,4,True,recode,0
d3ed6d23-217d-4ec5-9bc2-ada4364722ab,prca04,likert5,4) agree,2,True,recode,1
d3ed6d23-217d-4ec5-9bc2-ada4364722ab,prca05,likert5,3) neutral,4,True,recode,0
d3ed6d23-217d-4ec5-9bc2-ada4364722ab,prca06,likert5,4) agree,2,True,recode,1
d3ed6d23-217d-4ec5-9bc2-ada4364722ab,prca13,likert5,3) neutral,4,True,recode,0
d3ed6d23-217d-4ec5-9bc2-ada4364722ab,prca14,likert5,2) disagree,2,True,recode,1
d3ed6d23-217d-4ec5-9bc2-ada4364722ab,prca15,likert5,3) neutral,4,True,recode,0
d3ed6d23-217d-4ec5-9bc2-ada4364722ab,prca16,likert5,2) disagree,2,True,recode,1
d3ed6d23-217d-4ec5-9bc2-ada4364722ab,prca17,likert5,2) disagree,1,True,recode,1
d3ed6d23-217d-4ec5-9bc2-ada4364722ab,prca18,likert5,3) neutral,4,True,recode,0
0a082505-6f61-4da2-bb1a-f7e3b83f1738,prca01,likert5,3) neutral,4,True,recode,0
0a082505-6f61-4da2-bb1a-f7e3b83f1738,prca02,likert5,2) disagree,2,True,recode,1
0a082505-6f61-4da2-bb1a-f7e3b83f1738,prca03,likert5,1) strongly disagree,3,True,recode,0
0a082505-6f61-4da2-bb1a-f7e3b83f1738,prca04,likert5,4) agree,1,True,recode,1
0a082505-6f61-4da2-bb1a-f7e3b83f1738,prca05,likert5,4) agree,4,True,recode,0
0a082505-6f61-4da2-bb1a-f7e3b83f1738,prca06,likert5,4) agree,2,True,recode,1
0a082505-6f61-4da2-bb1a-f7e3b83f1738,prca13,likert5,3) neutral,4,True,recode,0
0a082505-6f61-4da2-bb1a-f7e3b83f1738,prca14,likert5,3) neutral,2,True,recode,1
0a082505-6f61-4da2-bb1a-f7e3b83f1738,prca15,likert5,3) neutral,4,True,recode,0
0a082505-6f61-4da2-bb1a-f7e3b83f1738,prca16,likert5,1) strongly disagree,2,True,recode,1
0a082505-6f61-4da2-bb1a-f7e3b83f1738,prca17,likert5,3) neutral,2,True,recode,1
0a082505-6f61-4da2-bb1a-f7e3b83f1738,prca18,likert5,3) neutral,4,True,recode,0
2c174b72-04d8-4b86-8900-e1b5819b2b8d,prca01,likert5,3) neutral,5,True,recode,0
2c174b72-04d8-4b86-8900-e1b5819b2b8d,prca02,likert5,3) neutral,2,True,recode,1
2c174b72-04d8-4b86-8900-e1b5819b2b8d,prca03,likert5,3) neutral,4,True,recode,0
2c174b72-04d8-4b86-8900-e1b5819b2b8d,prca04,likert5,2) disagree,1,True,recode,1
2c174b72-04d8-4b86-8900-e1b5819b2b8d,prca05,likert5,2) disagree,1,True,recode,0
2c174b72-04d8-4b86-8900-e1b5819b2b8d,prca06,likert5,3) neutral,1,True,recode,1
2c174b72-04d8-4b86-8900-e1b5819b2b8d,prca13,likert5,3) neutral,4,True,recode,0
2c174b72-04d8-4b86-8900-e1b5819b2b8d,prca14,likert5,3) neutral,2,True,recode,1
2c174b72-04d8-4b86-8900-e1b5819b2b8d,prca15,likert5,1) strongly disagree,5,True,recode,0
2c174b72-04d8-4b86-8900-e1b5819b2b8d,prca16,likert5,1) strongly disagree,1,True,recode,1
2c174b72-04d8-4b86-8900-e1b5819b2b8d,prca17,likert5,3) neutral,2,True,recode,1
2c174b72-04d8-4b86-8900-e1b5819b2b8d,prca18,likert5,1) strongly disagree,5,True,recode,0
2d45eaa6-e195-409e-90a3-3d8a3043c362,prca01,likert5,3) neutral,4,True,recode,0
2d45eaa6-e195-409e-90a3-3d8a3043c362,prca02,likert5,3) neutral,2,True,recode,1
2d45eaa6-e195-409e-90a3-3d8a3043c362,prca03,likert5,3) neutral,4,True,recode,0
2d45eaa6-e195-409e-90a3-3d8a3043c362,prca04,likert5,1) strongly disagree,1,True,recode,1
2d45eaa6-e195-409e-90a3-3d8a3043c362,prca05,likert5,3) neutral,4,True,recode,0
2d45eaa6-e195-409e-90a3-3d8a3043c362,prca06,likert5,3) neutral,2,True,recode,1
2d45eaa6-e195-409e-90a3-3d8a3043c362,prca13,likert5,3) neutral,4,True,recode,0
2d45eaa6-e195-409e-90a3-3d8a3043c362,prca14,likert5,5) strongly agree,2,True,recode,1
2d45eaa6-e195-409e-90a3-3d8a3043c362,prca15,likert5,4) agree,5,True,recode,0
2d45eaa6-e195-409e-90a3-3d8a3043c362,prca16,likert5,2) disagree,2,True,recode,1
2d45eaa6-e195-409e-90a3-3d8a3043c362,prca17,likert5,4) agree,2,True,recode,1
2d45eaa6-e195-409e-90a3-3d8a3043c362,prca18,likert5,1) strongly disagree,5,True,recode,0
d0339baf-1285-4a2f-b1f2-19fa3b66a253,prca01,likert5,3) neutral,4,True,recode,0
d0339baf-1285-4a2f-b1f2-19fa3b66a253,prca02,likert5,3) neutral,2,True,recode,1
d0339baf-1285-4a2f-b1f2-19fa3b66a253,prca03,likert5,3) neutral,4,True,recode,0
d0339baf-1285-4a2f-b1f2-19fa3b66a253,prca04,likert5,4) agree,2,True,recode,1
d0339baf-1285-4a2f-b1f2-19fa3b66a253,prca05,likert5,3) neutral,4,True,recode,0
d0339baf-1285-4a2f-b1f2-19fa3b66a253,prca06,likert5,2) disagree,2,True,recode,1
d0339baf-1285-4a2f-b1f2-19fa3b66a253,prca13,likert5,3) neutral,4,True,recode,0
d0339baf-1285-4a2f-b1f2-19fa3b66a253,prca14,likert5,3) neutral,2,True,recode,1
d0339baf-1285-4a2f-b1f2-19fa3b66a253,prca15,likert5,3) neutral,4,True,recode,0
d0339baf-1285-4a2f-b1f2-19fa3b66a253,prca16,likert5,5) strongly agree,2,True,recode,1
d0339baf-1285-4a2f-b1f2-19fa3b66a253,prca17,likert5,2) disagree,2,True,recode,1
d0339baf-1285-4a2f-b1f2-19fa3b66a253,prca18,likert5,3) neutral,3,True,recode,0
a0f35fec-2a15-41c7-9dd3-02bcfe6dcf2d,prca01,likert5,3) neutral,4,True,recode,0
a0f35fec-2a15-41c7-9dd3-02bcfe6dcf2d,prca02,likert5,3) neutral,2,True,recode,1
a0f35fec-2a15-41c7-9dd3-02bcfe6dcf2d,prca03,likert5,3) neutral,4,True,recode,0
a0f35fec-2a15-41c7-9dd3-02bcfe6dcf2d,prca04,likert5,1) strongly disagree,2,True,recode,1
a0f35fec-2a15-41c7-9dd3-02bcfe6dcf2d,prca05,likert5,3) neutral,4,True,recode,0
a0f35fec-2a15-41c7-9dd3-02bcfe6dcf2d,prca06,likert5,3) neutral,2,True,recode,1
a0f35fec-2a15-41c7-9dd3-02bcfe6dcf2d,prca13,likert5,3) neutral,4,True,recode,0
a0f35fec-2a15-41c7-9dd3-02bcfe6dcf2d,prca14,likert5,2) disagree,1,True,recode,1
a0f35fec-2a15-41c7-9dd3-02bcfe6dcf2d,prca15,likert5,3) neutral,4,True,recode,0
a0f35fec-2a15-41c7-9dd3-02bcfe6dcf2d,prca16,likert5,3) neutral,2,True,recode,1
a0f35fec-2a15-41c7-9dd3-02bcfe6dcf2d,prca17,likert5,1) strongly disagree,1,True,recode,1
a0f35fec-2a15-41c7-9dd3-02bcfe6dcf2d,prca18,likert5,2) disagree,4,True,recode,0
e5400151-5de0-4a1a-9780-1bd08effdbdf,prca01,likert5,1) strongly disagree,4,True,recode,0
e5400151-5de0-4a1a-9780-1bd08effdbdf,prca02,likert5,3) neutral,1,True,recode,1
e5400151-5de0-4a1a-9780-1bd08effdbdf,prca03,likert5,3) neutral,4,True,recode,0
e5400151-5de0-4a1a-9780-1bd08effdbdf,prca04,likert5,3) neutral,1,True,recode,1
e5400151-5de0-4a1a-9780-1bd08effdbdf,prca05,likert5,1) strongly disagree,5,True,recode,0
e5400151-5de0-4a1a-9780-1bd08effdbdf,prca06,likert5,3) neutral,2,True,recode,1
e5400151-5de0-4a1a-9780-1bd08effdbdf,prca13,likert5,3) neutral,4,True,recode,0
e5400151-5de0-4a1a-9780-1bd08effdbdf,prca14,likert5,4) agree,1,True,recode,1
e5400151-5de0-4a1a-9780-1bd08effdbdf,prca15,likert5,3) neutral,4,True,recode,0
e5400151-5de0-4a1a-9780-1bd08effdbdf,prca16,likert5,4) agree,2,True,recode,1
e5400151-5de0-4a1a-9780-1bd08effdbdf,prca17,likert5,3) neutral,2,True,recode,1
e5400151-5de0-4a1a-9780-1bd08effdbdf,prca18,likert5,3) neutral,5,True,recode,0
0c3c0973-2e04-42ac-8694-bad8903fc208,prca01,likert5,3) neutral,4,True,recode,0
0c3c0973-2e04-42ac-8694-bad8903fc208,prca02,likert5,3) neutral,2,True,recode,1
0c3c0973-2e04-42ac-8694-bad8903fc208,prca03,likert5,2) disagree,5,True,recode,0
0c3c0973-2e04-42ac-8694-bad8903fc208,prca04,likert5,4) agree,2,True,recode,1
0c3c0973-2e04-42ac-8694-bad8903fc208,prca05,likert5,2) disagree,4,True,recode,0
0c3c0973-2e04-42ac-8694-bad8903fc208,prca06,likert5,3) neutral,1,True,recode,1
0c3c0973-2e04-42ac-8694-bad8903fc208,prca13,likert5,3) neutral,5,True,recode,0
0c3c0973-2e04-42ac-8694-bad8903fc208,prca14,likert5,3) neutral,2,True,recode,1
0c3c0973-2e04-42ac-8694-bad8903fc208,prca15,likert5,3) neutral,4,True,recode,0
0c3c0973-2e04-42ac-8694-bad8903fc208,prca16,likert5,3) neutral,2,True,recode,1
0c3c0973-2e04-42ac-8694-bad8903fc208,prca17,likert5,3) neutral,2,True,recode,1
0c3c0973-2e04-42ac-8694-bad8903fc208,prca18,likert5,3) neutral,4,True,recode,0
19dc4ce0-7fb5-40c6-b858-53652722e3c3,prca01,likert5,3) neutral,5,True,recode,0
19dc4ce0-7fb5-40c6-b858-53652722e3c3,prca02,likert5,3) neutral,2,True,recode,1
19dc4ce0-7fb5-40c6-b858-53652722e3c3,prca03,likert5,3) neutral,4,True,recode,0
19dc4ce0-7fb5-40c6-b858-53652722e3c3,prca04,likert5,4) agree,2,True,recode,1
19dc4ce0-7fb5-40c6-b858-53652722e3c3,prca05,likert5,2) disagree,5,True,recode,0
19dc4ce0-7fb5-40c6-b858-53652722e3c3,prca06,likert5,3) neutral,2,True,recode,1
19dc4ce0-7fb5-40c6-b858-53652722e3c3,prca13,likert5,2) disagree,4,True,recode,0
19dc4ce0-7fb5-40c6-b858-53652722e3c3,prca14,likert5,5) strongly agree,2,True,recode,1
19dc4ce0-7fb5-40c6-b858-53652722e3c3,prca15,likert5,2) disagree,5,True,recode,0
19dc4ce0-7fb5-40c6-b858-53652722e3c3,prca16,likert5,3) neutral,2,True,recode,1
19dc4ce0-7fb5-40c6-b858-53652722e3c3,prca17,likert5,3) neutral,1,True,recode,1
19dc4ce0-7fb5-40c6-b858-53652722e3c3,prca18,likert5,1) strongly disagree,5,True,recode,0
85b8cb8b-0456-4108-8258-719a41ac3e47,prca01,likert5,3) neutral,4,True,recode,0
85b8cb8b-0456-4108-8258-719a41ac3e47,prca02,likert5,3) neutral,2,True,recode,1
85b8cb8b-0456-4108-8258-719a41ac3e47,prca03,likert5,3) neutral,2,True,recode,0
85b8cb8b-0456-4108-8258-719a41ac3e47,prca04,likert5,4) agree,2,True,recode,1
85b8cb8b-0456-4108-8258-719a41ac3e47,prca05,likert5,3) neutral,4,True,recode,0
85b8cb8b-0456-4108-8258-719a41ac3e47,prca06,likert5,3) neutral,2,True,recode,1
85b8cb8b-0456-4108-8258-719a41ac3e47,prca13,likert5,2) disagree,5,True,recode,0
85b8cb8b-0456-4108-8258-719a41ac3e47,prca14,likert5,2) disagree,1,True,recode,1
85b8cb8b-0456-4108-8258-719a41ac3e47,prca15,likert5,2) disagree,4,True,recode,0
85b8cb8b-0456-4108-8258-719a41ac3e47,prca16,likert5,3) neutral,2,True,recode,1
85b8cb8b-0456-4108-8258-719a41ac3e47,prca17,likert5,5) strongly agree,3,True,recode,1
85b8cb8b-0456-4108-8258-719a41ac3e47,prca18,likert5,3) neutral,4,True,recode,0
a849f8e3-97ab-461f-bdb2-0b9de621cd78,prca01,likert5,2) disagree,4,True,recode,0
a849f8e3-97ab-461f-bdb2-0b9de621cd78,prca02,likert5,3) neutral,3,True,recode,1
a849f8e3-97ab-461f-bdb2-0b9de621cd78,prca03,likert5,4) agree,4,True,recode,0
a849f8e3-97ab-461f-bdb2-0b9de621cd78,prca04,likert5,4) agree,2,True,recode,1
a849f8e3-97ab-461f-bdb2-0b9de621cd78,prca05,likert5,3) neutral,5,True,recode,0
a849f8e3-97ab-461f-bdb2-0b9de621cd78,prca06,likert5,3) neutral,2,True,recode,1
a849f8e3-97ab-461f-bdb2-0b9de621cd78,prca13,likert5,1) strongly disagree,4,True,recode,0
a849f8e3-97ab-461f-bdb2-0b9de621cd78,prca14,likert5,4) agree,2,True,recode,1
a849f8e3-97ab-461f-bdb2-0b9de621cd78,prca15,likert5,2) disagree,5,True,recode,0
a849f8e3-97ab-461f-bdb2-0b9de621cd78,prca16,likert5,3) neutral,2,True,recode,1
a849f8e3-97ab-461f-bdb2-0b9de621cd78,prca17,likert5,3) neutral,2,True,recode,1
a849f8e3-97ab-461f-bdb2-0b9de621cd78,prca18,likert5,1) strongly disagree,4,True,recode,0
7d2737f5-7073-4e25-a7b9-04c991d00aa6,prca01,likert5,4) agree,4,True,recode,0
7d2737f5-7073-4e25-a7b9-04c991d00aa6,prca02,likert5,2) disagree,1,True,recode,1
7d2737f5-7073-4e25-a7b9-04c991d00aa6,prca03,likert5,1) strongly disagree,3,True,recode,0
7d2737f5-7073-4e25-a7b9-04c991d00aa6,prca04,likert5,1) strongly disagree,2,True,recode,1
7d2737f5-7073-4e25-a7b9-04c991d00aa6,prca05,likert5,3) neutral,4,True,recode,0
7d2737f5-7073-4e25-a7b9-04c991d00aa6,prca06,likert5,2) disagree,2,True,recode,1
7d2737f5-7073-4e25-a7b9-04c991d00aa6,prca13,likert5,4) agree,5,True,recode,0
7d2737f5-7073-4e25-a7b9-04c991d00aa6,prca14,likert5,3) neutral,2,True,recode,1
7d2737f5-7073-4e25-a7b9-04c991d00aa6,prca15,likert5,3) neutral,4,True,recode,0
7d2737f5-7073-4e25-a7b9-04c991d00aa6,prca16,likert5,2) disagree,1,True,recode,1
7d2737f5-7073-4e25-a7b9-04c991d00aa6,prca17,likert5,3) neutral,2,True,recode,1
7d2737f5-7073-4e25-a7b9-04c991d00aa6,prca18,likert5,1) strongly disagree,4,True,recode,0
fc82cc76-c56a-4cb2-b0ec-986d787570a3,prca01,likert5,2) disagree,5,True,recode,0
fc82cc76-c56a-4cb2-b0ec-986d787570a3,prca02,likert5,2) disagree,2,True,recode,1
fc82cc76-c56a-4cb2-b0ec-986d787570a3,prca03,likert5,3) neutral,4,True,recode,0
fc82cc76-c56a-4cb2-b0ec-986d787570a3,prca04,likert5,3) neutral,2,True,recode,1
fc82cc76-c56a-4cb2-b0ec-986d787570a3,prca05,likert5,2) disagree,5,True,recode,0
fc82cc76-c56a-4cb2-b0ec-986d787570a3,prca06,likert5,2) disagree,3,True,recode,1
fc82cc76-c56a-4cb2-b0ec-986d787570a3,prca13,likert5,1) strongly disagree,5,True,recode,0
fc82cc76-c56a-4cb2-b0ec-986d787570a3,prca14,likert5,3) neutral,2,True,recode,1
fc82cc76-c56a-4cb2-b0ec-986d787570a3,prca15,likert5,3) neutral,4,True,recode,0
fc82cc76-c56a-4cb2-b0ec-986d787570a3,prca16,likert5,1) strongly disagree,2,True,recode,1
fc82cc76-c56a-4cb2-b0ec-986d787570a3,prca17,likert5,3) neutral,2,True,recode,1
fc82cc76-c56a-4cb2-b0ec-986d787570a3,prca18,likert5,1) strongly disagree,5,True,recode,0
dacc23b0-56a9-4b7d-965d-7c351affd025,prca01,likert5,1) strongly disagree,5,True,recode,0
dacc23b0-56a9-4b7d-965d-7c351affd025,prca02,likert5,3) neutral,2,True,recode,1
dacc23b0-56a9-4b7d-965d-7c351affd025,prca03,likert5,1) strongly disagree,5,True,recode,0
dacc23b0-56a9-4b7d-965d-7c351affd025,prca04,likert5,3) neutral,2,True,recode,1
dacc23b0-56a9-4b7d-965d-7c351affd025,prca05,likert5,3) neutral,5,True,recode,0
dacc23b0-56a9-4b7d-965d-7c351affd025,prca06,likert5,3) neutral,2,True,recode,1
dacc23b0-56a9-4b7d-965d-7c351affd025,prca13,likert5,1) strongly disagree,5,True,recode,0
dacc23b0-56a9-4b7d-965d-7c351affd025,prca14,likert5,2) disagree,2,True,recode,1
dacc23b0-56a9-4b7d-965d-7c351affd025,prca15,likert5,2) disagree,3,True,recode,0
dacc23b0-56a9-4b7d-965d-7c351affd025,prca16,likert5,2) disagree,2,True,recode,1
dacc23b0-56a9-4b7d-965d-7c351affd025,prca17,likert5,4) agree,2,True,recode,1
dacc23b0-56a9-4b7d-965d-7c351affd025,prca18,likert5,2) disagree,4,True,recode,0
aa4cdc24-c11b-4467-b5b4-1eab7c24abab,prca01,likert5,3) neutral,4,True,recode,0
aa4cdc24-c11b-4467-b5b4-1eab7c24abab,prca02,likert5,3) neutral,2,True,recode,1
aa4cdc24-c11b-4467-b5b4-1eab7c24abab,prca03,likert5,4) agree,4,True,recode,0
aa4cdc24-c11b-4467-b5b4-1eab7c24abab,prca04,likert5,4) agree,2,True,recode,1
aa4cdc24-c11b-4467-b5b4-1eab7c24abab,prca05,likert5,1) strongly disagree,4,True,recode,0
aa4cdc24-c11b-4467-b5b4-1eab7c24abab,prca06,likert5,3) neutral,2,True,recode,1
aa4cdc24-c11b-4467-b5b4-1eab7c24abab,prca13,likert5,4) agree,4,True,recode,0
aa4cdc24-c11b-4467-b5b4-1eab7c24abab,prca14,likert5,2) disagree,2,True,recode,1
aa4cdc24-c11b-4467-b5b4-1eab7c24abab,prca15,likert5,4) agree,4,True,recode,0
aa4cdc24-c11b-4467-b5b4-1eab7c24abab,prca16,likert5,2) disagree,2,True,recode,1
aa4cdc24-c11b-4467-b5b4-1eab7c24abab,prca17,likert5,2) disagree,3,True,recode,1
aa4cdc24-c11b-4467-b5b4-1eab7c24abab,prca18,likert5,2) disagree,1,True,recode,0
a577eec5-7341-468a-8555-3d10f48245bf,prca01,likert5,2) disagree,4,True,recode,0
a577eec5-7341-468a-8555-3d10f48245bf,prca02,likert5,3) neutral,2,True,recode,1
a577eec5-7341-468a-8555-3d10f48245bf,prca03,likert5,1) strongly disagree,5,True,recode,0
a577eec5-7341-468a-8555-3d10f48245bf,prca04,likert5,3) neutral,2,True,recode,1
a577eec5-7341-468a-8555-3d10f48245bf,prca05,likert5,2) disagree,5,True,recode,0
a577eec5-7341-468a-8555-3d10f48245bf,prca06,likert5,4) agree,2,True,recode,1
a577eec5-7341-468a-8555-3d10f48245bf,prca13,likert5,4) agree,4,True,recode,0
a577eec5-7341-468a-8555-3d10f48245bf,prca14,likert5,2) disagree,1,True,recode,1
a577eec5-7341-468a-8555-3d10f48245bf,prca15,likert5,3) neutral,4,True,recode,0
a577eec5-7341-468a-8555-3d10f48245bf,prca16,likert5,3) neutral,1,True,recode,1
a577eec5-7341-468a-8555-3d10f48245bf,prca17,likert5,2) disagree,2,True,recode,1
a577eec5-7341-468a-8555-3d10f48245bf,prca18,likert5,4) agree,5,True,recode,0
7efc3562-7545-4863-80b3-fb305f42ecd2,prca01,likert5,2) disagree,4,True,recode,0
7efc3562-7545-4863-80b3-fb305f42ecd2,prca02,likert5,3) neutral,3,True,recode,1
7efc3562-7545-4863-80b3-fb305f42ecd2,prca03,likert5,4) agree,4,True,recode,0
7efc3562-7545-4863-80b3-fb305f42ecd2,prca04,likert5,3) neutral,2,True,recode,1
7efc3562-7545-4863-80b3-fb305f42ecd2,prca05,likert5,3) neutral,4,True,recode,0
7efc3562-7545-4863-80b3-fb305f42ecd2,prca06,likert5,5) strongly agree,2,True,recode,1
7efc3562-7545-4863-80b3-fb305f42ecd2,prca13,likert5,3) neutral,4,True,recode,0
7efc3562-7545-4863-80b3-fb305f42ecd2,prca14,likert5,2) disagree,2,True,recode,1
7efc3562-7545-4863-80b3-fb305f42ecd2,prca15,likert5,3) neutral,4,True,recode,0
7efc3562-7545-4863-80b3-fb305f42ecd2,prca16,likert5,2) disagree,2,True,recode,1
7efc3562-7545-4863-80b3-fb305f42ecd2,prca17,likert5,4) agree,3,True,recode,1
7efc3562-7545-4863-80b3-fb305f42ecd2,prca18,likert5,3) neutral,4,True,recode,0
c425994a-4bcb-4685-beb7-3c5f5ec9ee9c,prca01,likert5,2) disagree,3,True,recode,0
c425994a-4bcb-4685-beb7-3c5f5ec9ee9c,prca02,likert5,3) neutral,2,True,recode,1
c425994a-4bcb-4685-beb7-3c5f5ec9ee9c,prca03,likert5,1) strongly disagree,1,True,recode,0
c425994a-4bcb-4685-beb7-3c5f5ec9ee9c,prca04,likert5,3) neutral,2,True,recode,1
c425994a-4bcb-4685-beb7-3c5f5ec9ee9c,prca05,likert5,2) disagree,1,True,recode,0
c425994a-4bcb-4685-beb7-3c5f5ec9ee9c,prca06,likert5,1) strongly disagree,1,True,recode,1
c425994a-4bcb-4685-beb7-3c5f5ec9ee9c,prca13,likert5,3) neutral,4,True,recode,0
c425994a-4bcb-4685-beb7-3c5f5ec9ee9c,prca14,likert5,2) disagree,3,True,recode,1
c425994a-4bcb-4685-beb7-3c5f5ec9ee9c,prca15,likert5,3) neutral,4,True,recode,0
c425994a-4bcb-4685-beb7-3c5f5ec9ee9c,prca16,likert5,4) agree,2,True,recode,1
c425994a-4bcb-4685-beb7-3c5f5ec9ee9c,prca17,likert5,3) neutral,2,True,recode,1
c425994a-4bcb-4685-beb7-3c5f5ec9ee9c,prca18,likert5,2) disagree,4,True,recode,0
af7507a4-620a-4b60-b979-74f69e3b1be6,prca01,likert5,1),4,True,recode,0
af7507a4-620a-4b60-b979-74f69e3b1be6,prca02,likert5,2) disagree,2,True,recode,1
af7507a4-620a-4b60-b979-74f69e3b1be6,prca03,likert5,3) neutral,4,True,recode,0
af7507a4-620a-4b60-b979-74f69e3b1be6,prca04,likert5,1) strongly disagree,1,True,recode,1
af7507a4-620a-4b60-b979-74f69e3b1be6,prca05,likert5,3) neutral,4,True,recode,0
af7507a4-620a-4b60-b979-74f69e3b1be6,prca06,likert5,2) disagree,2,True,recode,1
af7507a4-620a-4b60-b979-74f69e3b1be6,prca13,likert5,3) neutral,4,True,recode,0
af7507a4-620a-4b60-b979-74f69e3b1be6,prca14,likert5,3) neutral,2,True,recode,1
af7507a4-620a-4b60-b979-74f69e3b1be6,prca15,likert5,3) neutral,4,True,recode,0
af7507a4-620a-4b60-b979-74f69e3b1be6,prca16,likert5,3) neutral,2,True,recode,1
af7507a4-620a-4b60-b979-74f69e3b1be6,prca17,likert5,4) agree,1,True,recode,1
af7507a4-620a-4b60-b979-74f69e3b1be6,prca18,likert5,4) agree,4,True,recode,0
3a22baff-282f-42b8-90b3-3a24f0dadb22,prca01,likert5,1) strongly disagree,5,True,recode,0
3a22baff-282f-42b8-90b3-3a24f0dadb22,prca02,likert5,3) neutral,2,True,recode,1
3a22baff-282f-42b8-90b3-3a24f0dadb22,prca03,likert5,3) neutral,4,True,recode,0
3a22baff-282f-42b8-90b3-3a24f0dadb22,prca04,likert5,3) neutral,2,True,recode,1
3a22baff-282f-42b8-90b3-3a24f0dadb22,prca05,likert5,3) neutral,4,True,recode,0
3a22baff-282f-42b8-90b3-3a24f0dadb22,prca06,likert5,2) disagree,2,True,recode,1
3a22baff-282f-42b8-90b3-3a24f0dadb22,prca13,likert5,1) strongly disagree,5,True,recode,0
3a22baff-282f-42b8-90b3-3a24f0dadb22,prca14,likert5,2) disagree,1,True,recode,1
3a22baff-282f-42b8-90b3-3a24f0dadb22,prca15,likert5,3) neutral,3,True,recode,0
3a22baff-282f-42b8-90b3-3a24f0dadb22,prca16,likert5,2) disagree,3,True,recode,1
3a22baff-282f-42b8-90b3-3a24f0dadb22,prca17,likert5,3) neutral,2,True,recode,1
3a22baff-282f-42b8-90b3-3a24f0dadb22,prca18,likert5,1) strongly disagree,5,True,recode,0
c082077e-f462-4484-b0b0-6af3520f1c42,prca01,likert5,1) strongly disagree,5,True,recode,0
c082077e-f462-4484-b0b0-6af3520f1c42,prca02,likert5,4) agree,2,True,recode,1
c082077e-f462-4484-b0b0-6af3520f1c42,prca03,likert5,3) neutral,4,True,recode,0
c082077e-f462-4484-b0b0-6af3520f1c42,prca04,likert5,3) neutral,2,True,recode,1
c082077e-f462-4484-b0b0-6af3520f1c42,prca05,likert5,3) neutral,4,True,recode,0
c082077e-f462-4484-b0b0-6af3520f1c42,prca06,likert5,3) neutral,2,True,recode,1
c082077e-f462-4484-b0b0-6af3520f1c42,prca13,likert5,3) neutral,4,True,recode,0
c082077e-f462-4484-b0b0-6af3520f1c42,prca14,likert5,3) neutral,2,True,recode,1
c082077e-f462-4484-b0b0-6af3520f1c42,prca15,likert5,3) neutral,5,True,recode,0
c082077e-f462-4484-b0b0-6af3520f1c42,prca16,likert5,1) strongly disagree,2,True,recode,1
c082077e-f462-4484-b0b0-6af3520f1c42,prca17,likert5,3) neutral,2,True,recode,1
c082077e-f462-4484-b0b0-6af3520f1c42,prca18,likert5,3) neutral,4,True,recode,0
b747bdc3-d8fa-4c28-8dce-21936155d91f,prca01,likert5,3) neutral,4,True,recode,0
b747bdc3-d8fa-4c28-8dce-21936155d91f,prca02,likert5,4) agree,1,True,recode,1
b747bdc3-d8fa-4c28-8dce-21936155d91f,prca03,likert5,3) neutral,4,True,recode,0
b747bdc3-d8fa-4c28-8dce-21936155d91f,prca04,likert5,2) disagree,2,True,recode,1
b747bdc3-d8fa-4c28-8dce-21936155d91f,prca05,likert5,3) neutral,4,True,recode,0
b747bdc3-d8fa-4c28-8dce-21936155d91f,prca06,likert5,3) neutral,2,True,recode,1
b747bdc3-d8fa-4c28-8dce-21936155d91f,prca13,likert5,4) agree,4,True,recode,0
b747bdc3-d8fa-4c28-8dce-21936155d91f,prca14,likert5,3) neutral,1,True,recode,1
b747bdc3-d8fa-4c28-8dce-21936155d91f,prca15,likert5,1) strongly disagree,5,True,recode,0
b747bdc3-d8fa-4c28-8dce-21936155d91f,prca16,likert5,4) agree,2,True,recode,1
b747bdc3-d8fa-4c28-8dce-21936155d91f,prca17,likert5,2) disagree,2,True,recode,1
b747bdc3-d8fa-4c28-8dce-21936155d91f,prca18,likert5,1) strongly disagree,4,True,recode,0
7444b588-a7a5-48fb-bbaf-3882c165be6d,prca01,likert5,3) neutral,4,True,recode,0
7444b588-a7a5-48fb-bbaf-3882c165be6d,prca02,likert5,2) disagree,2,True,recode,1
7444b588-a7a5-48fb-bbaf-3882c165be6d,prca03,likert5,3) neutral,4,True,recode,0
7444b588-a7a5-48fb-bbaf-3882c165be6d,prca04,likert5,3) neutral,1,True,recode,1
7444b588-a7a5-48fb-bbaf-3882c165be6d,prca05,likert5,2) disagree,5,True,recode,0
7444b588-a7a5-48fb-bbaf-3882c165be6d,prca06,likert5,3) neutral,2,True,recode,1
7444b588-a7a5-48fb-bbaf-3882c165be6d,prca13,likert5,3) neutral,4,True,recode,0
7444b588-a7a5-48fb-bbaf-3882c165be6d,prca14,likert5,3) neutral,2,True,recode,1
7444b588-a7a5-48fb-bbaf-3882c165be6d,prca15,likert5,2) disagree,4,True,recode,0
7444b588-a7a5-48fb-bbaf-3882c165be6d,prca16,likert5,2) disagree,2,True,recode,1
7444b588-a7a5-48fb-bbaf-3882c165be6d,prca17,likert5,2) disagree,2,True,recode,1
7444b588-a7a5-48fb-bbaf-3882c165be6d,prca18,likert5,1) strongly disagree,1,True,recode,0
d7cac734-90a4-4a07-9d53-37deb949872e,prca01,likert5,3) neutral,5,True,recode,0
d7cac734-90a4-4a07-9d53-37deb949872e,prca02,likert5,3) neutral,1,True,recode,1
d7cac734-90a4-4a07-9d53-37deb949872e,prca03,likert5,2) disagree,3,True,recode,0
d7cac734-90a4-4a07-9d53-37deb949872e,prca04,likert5,3) neutral,2,True,recode,1
d7cac734-90a4-4a07-9d53-37deb949872e,prca05,likert5,3) neutral,4,True,recode,0
d7cac734-90a4-4a07-9d53-37deb949872e,prca06,likert5,3) neutral,2,True,recode,1
d7cac734-90a4-4a07-9d53-37deb949872e,prca13,likert5,3) neutral,5,True,recode,0
d7cac734-90a4-4a07-9d53-37deb949872e,prca14,likert5,3) neutral,2,True,recode,1
d7cac734-90a4-4a07-9d53-37deb949872e,prca15,likert5,1) strongly disagree,5,True,recode,0
d7cac734-90a4-4a07-9d53-37deb949872e,prca16,likert5,2) disagree,1,True,recode,1
d7cac734-90a4-4a07-9d53-37deb949872e,prca17,likert5,2) disagree,2,True,recode,1
d7cac734-90a4-4a07-9d53-37deb949872e,prca18,likert5,1) strongly disagree,5,True,recode,0
38e5da8e-fb47-49d6-a03c-4bca63c2c0bd,prca01,likert5,3) neutral,4,True,recode,0
38e5da8e-fb47-49d6-a03c-4bca63c2c0bd,prca02,likert5,2) disagree,2,True,recode,1
38e5da8e-fb47-49d6-a03c-4bca63c2c0bd,prca03,likert5,2) disagree,2,True,recode,0
38e5da8e-fb47-49d6-a03c-4bca63c2c0bd,prca04,likert5,3) neutral,2,True,recode,1
38e5da8e-fb47-49d6-a03c-4bca63c2c0bd,prca05,likert5,3) neutral,4,True,recode,0
38e5da8e-fb47-49d6-a03c-4bca63c2c0bd,prca06,likert5,3) neutral,1,True,recode,1
38e5da8e-fb47-49d6-a03c-4bca63c2c0bd,prca13,likert5,1) strongly disagree.,4,True,recode,0
38e5da8e-fb47-49d6-a03c-4bca63c2c0bd,prca14,likert5,3) neutral,3,True,recode,1
38e5da8e-fb47-49d6-a03c-4bca63c2c0bd,prca15,likert5,4) agree,5,True,recode,0
38e5da8e-fb47-49d6-a03c-4bca63c2c0bd,prca16,likert5,3) neutral,2,True,recode,1
38e5da8e-fb47-49d6-a03c-4bca63c2c0bd,prca17,likert5,2) disagree,1,True,recode,1
38e5da8e-fb47-49d6-a03c-4bca63c2c0bd,prca18,likert5,1) strongly disagree,3,True,recode,0
6779b591-be17-41fb-b3c5-97eae8a2c409,prca01,likert5,3) neutral,4,True,recode,0
6779b591-be17-41fb-b3c5-97eae8a2c409,prca02,likert5,2) disagree,3,True,recode,1
6779b591-be17-41fb-b3c5-97eae8a2c409,prca03,likert5,3) neutral,4,True,recode,0
6779b591-be17-41fb-b3c5-97eae8a2c409,prca04,likert5,4) agree,1,True,recode,1
6779b591-be17-41fb-b3c5-97eae8a2c409,prca05,likert5,3) neutral,4,True,recode,0
6779b591-be17-41fb-b3c5-97eae8a2c409,prca06,likert5,3) neutral,2,True,recode,1
6779b591-be17-41fb-b3c5-97eae8a2c409,prca13,likert5,2) disagree,3,True,recode,0
6779b591-be17-41fb-b3c5-97eae8a2c409,prca14,likert5,3) neutral,2,True,recode,1
6779b591-be17-41fb-b3c5-97eae8a2c409,prca15,likert5,1) strongly disagree,4,True,recode,0
6779b591-be17-41fb-b3c5-97eae8a2c409,prca16,likert5,2) disagree,3,True,recode,1
6779b591-be17-41fb-b3c5-97eae8a2c409,prca17,likert5,3) neutral,2,True,recode,1
6779b591-be17-41fb-b3c5-97eae8a2c409,prca18,likert5,2) disagree,5,True,recode,0
f93e413b-3c0e-4bfc-8631-0a57554e036b,prca01,likert5,3) neutral,4,True,recode,0
f93e413b-3c0e-4bfc-8631-0a57554e036b,prca02,likert5,3) neutral,2,True,recode,1
f93e413b-3c0e-4bfc-8631-0a57554e036b,prca03,likert5,4) agree,4,True,recode,0
f93e413b-3c0e-4bfc-8631-0a57554e036b,prca04,likert5,2) disagree,2,True,recode,1
f93e413b-3c0e-4bfc-8631-0a57554e036b,prca05,likert5,2) disagree,3,True,recode,0
f93e413b-3c0e-4bfc-8631-0a57554e036b,prca06,likert5,3) neutral,2,True,recode,1
f93e413b-3c0e-4bfc-8631-0a57554e036b,prca13,likert5,2) disagree,4,True,recode,0
f93e413b-3c0e-4bfc-8631-0a57554e036b,prca14,likert5,5) strongly agree,3,True,recode,1
f93e413b-3c0e-4bfc-8631-0a57554e036b,prca15,likert5,2) disagree,5,True,recode,0
f93e413b-3c0e-4bfc-8631-0a57554e036b,prca16,likert5,4) agree,2,True,recode,1
f93e413b-3c0e-4bfc-8631-0a57554e036b,prca17,likert5,3) neutral,2,True,recode,1
f93e413b-3c0e-4bfc-8631-0a57554e036b,prca18,likert5,3) neutral,4,True,recode,0
d6b64fe8-fdb8-4f8e-b5d4-3c9ff33099e3,prca01,likert5,3) neutral,5,True,recode,0
d6b64fe8-fdb8-4f8e-b5d4-3c9ff33099e3,prca02,likert5,3) neutral,1,True,recode,1
d6b64fe8-fdb8-4f8e-b5d4-3c9ff33099e3,prca03,likert5,3) neutral,4,True,recode,0
d6b64fe8-fdb8-4f8e-b5d4-3c9ff33099e3,prca04,likert5,4) agree,1,True,recode,1
d6b64fe8-fdb8-4f8e-b5d4-3c9ff33099e3,prca05,likert5,3) neutral,4,True,recode,0
d6b64fe8-fdb8-4f8e-b5d4-3c9ff33099e3,prca06,likert5,2) disagree,1,True,recode,1
d6b64fe8-fdb8-4f8e-b5d4-3c9ff33099e3,prca13,likert5,3) neutral,4,True,recode,0
d6b64fe8-fdb8-4f8e-b5d4-3c9ff33099e3,prca14,likert5,1) strongly disagree,1,True,recode,1
d6b64fe8-fdb8-4f8e-b5d4-3c9ff33099e3,prca15,likert5,3) neutral,5,True,recode,0
d6b64fe8-fdb8-4f8e-b5d4-3c9ff33099e3,prca16,likert5,3) neutral,2,True,recode,1
d6b64fe8-fdb8-4f8e-b5d4-3c9ff33099e3,prca17,likert5,3) neutral,2,True,recode,1
d6b64fe8-fdb8-4f8e-b5d4-3c9ff33099e3,prca18,likert5,3) neutral,4,True,recode,0
d268081b-621a-43a8-bedf-0d3f4aac8eb6,prca01,likert5,3) neutral,4,True,recode,0
d268081b-621a-43a8-bedf-0d3f4aac8eb6,prca02,likert5,3) neutral,2,True,recode,1
d268081b-621a-43a8-bedf-0d3f4aac8eb6,prca03,likert5,1) strongly disagree,5,True,recode,0
d268081b-621a-43a8-bedf-0d3f4aac8eb6,prca04,likert5,4) agree,2,True,recode,1
d268081b-621a-43a8-bedf-0d3f4aac8eb6,prca05,likert5,2) disagree,5,True,recode,0
d268081b-621a-43a8-bedf-0d3f4aac8eb6,prca06,likert5,4) agree,2,True,recode,1
d268081b-621a-43a8-bedf-0d3f4aac8eb6,prca13,likert5,3) neutral,4,True,recode,0
d268081b-621a-43a8-bedf-0d3f4aac8eb6,prca14,likert5,3) neutral,2,True,recode,1
d268081b-621a-43a8-bedf-0d3f4aac8eb6,prca15,likert5,1) strongly disagree,1,True,recode,0
d268081b-621a-43a8-bedf-0d3f4aac8eb6,prca16,likert5,2) disagree,2,True,recode,1
d268081b-621a-43a8-bedf-0d3f4aac8eb6,prca17,likert5,3) neutral,2,True,recode,1
d268081b-621a-43a8-bedf-0d3f4aac8eb6,prca18,likert5,2) disagree,1,True,recode,0
020a149a-f78b-4a10-af78-c39071bdd839,prca01,likert5,2) disagree,4,True,recode,0
020a149a-f78b-4a10-af78-c39071bdd839,prca02,likert5,2) disagree,3,True,recode,1
020a149a-f78b-4a10-af78-c39071bdd839,prca03,likert5,2) disagree,4,True,recode,0
020a149a-f78b-4a10-af78-c39071bdd839,prca04,likert5,3) neutral,2,True,recode,1
020a149a-f78b-4a10-af78-c39071bdd839,prca05,likert5,1) strongly disagree,5,True,recode,0
020a149a-f78b-4a10-af78-c39071bdd839,prca06,likert5,3) neutral,2,True,recode,1
020a149a-f78b-4a10-af78-c39071bdd839,prca13,likert5,3) neutral,4,True,recode,0
020a149a-f78b-4a10-af78-c39071bdd839,prca14,likert5,3) neutral,1,True,recode,1
020a149a-f78b-4a10-af78-c39071bdd839,prca15,likert5,3) neutral,4,True,recode,0
020a149a-f78b-4a10-af78-c39071bdd839,prca16,likert5,3) neutral,3,True,recode,1
020a149a-f78b-4a10-af78-c39071bdd839,prca17,likert5,3) neutral,2,True,recode,1
020a149a-f78b-4a10-af78-c39071bdd839,prca18,likert5,1) strongly disagree,5,True,recode,0
87d04a5c-a484-49ea-8523-1044873722ef,prca01,likert5,3) neutral,4,True,recode,0
87d04a5c-a484-49ea-8523-1044873722ef,prca02,likert5,1) strongly disagree,3,True,recode,1
87d04a5c-a484-49ea-8523-1044873722ef,prca03,likert5,1) strongly disagree,5,True,recode,0
87d04a5c-a484-49ea-8523-1044873722ef,prca04,likert5,3) neutral,2,True,recode,1
87d04a5c-a484-49ea-8523-1044873722ef,prca05,likert5,4) agree,4,True,recode,0
87d04a5c-a484-49ea-8523-1044873722ef,prca06,likert5,3) neutral,2,True,recode,1
87d04a5c-a484-49ea-8523-1044873722ef,prca13,likert5,3) neutral,4,True,recode,0
87d04a5c-a484-49ea-8523-1044873722ef,prca14,likert5,4) agree,2,True,recode,1
87d04a5c-a484-49ea-8523-1044873722ef,prca15,likert5,2) disagree,3,True,recode,0
87d04a5c-a484-49ea-8523-1044873722ef,prca16,likert5,3) neutral,2,True,recode,1
87d04a5c-a484-49ea-8523-1044873722ef,prca17,likert5,4) agree,1,True,recode,1
87d04a5c-a484-49ea-8523-1044873722ef,prca18,likert5,3) neutral,4,True,recode,0
ab29829c-9dd6-4c1f-8544-c4f392548e83,prca01,likert5,1) strongly disagree,5,True,recode,0
ab29829c-9dd6-4c1f-8544-c4f392548e83,prca02,likert5,2) disagree,1,True,recode,1
ab29829c-9dd6-4c1f-8544-c4f392548e83,prca03,likert5,3) neutral,4,True,recode,0
ab29829c-9dd6-4c1f-8544-c4f392548e83,prca04,likert5,1) strongly disagree,1,True,recode,1
ab29829c-9dd6-4c1f-8544-c4f392548e83,prca05,likert5,3) neutral,4,True,recode,0
ab29829c-9dd6-4c1f-8544-c4f392548e83,prca06,likert5,3) neutral,2,True,recode,1
ab29829c-9dd6-4c1f-8544-c4f392548e83,prca13,likert5,3) neutral,4,True,recode,0
ab29829c-9dd6-4c1f-8544-c4f392548e83,prca14,likert5,4) agree,2,True,recode,1
ab29829c-9dd6-4c1f-8544-c4f392548e83,prca15,likert5,3) neutral,5,True,recode,0
ab29829c-9dd6-4c1f-8544-c4f392548e83,prca16,likert5,3) neutral,2,True,recode,1
ab29829c-9dd6-4c1f-8544-c4f392548e83,prca17,likert5,3) neutral,2,True,recode,1
ab29829c-9dd6-4c1f-8544-c4f392548e83,prca18,likert5,1) strongly disagree,5,True,recode,0
a1d438d6-bfa4-45e0-af8e-bde867d5e666,prca01,likert5,3) neutral,4,True,recode,0
a1d438d6-bfa4-45e0-af8e-bde867d5e666,prca02,likert5,3) neutral,2,True,recode,1
a1d438d6-bfa4-45e0-af8e-bde867d5e666,prca03,likert5,3) neutral,5,True,recode,0
a1d438d6-bfa4-45e0-af8e-bde867d5e666,prca04,likert5,3) neutral,2,True,recode,1
a1d438d6-bfa4-45e0-af8e-bde867d5e666,prca05,likert5,1) strongly disagree,5,True,recode,0
a1d438d6-bfa4-45e0-af8e-bde867d5e666,prca06,likert5,4) agree,1,True,recode,1
a1d438d6-bfa4-45e0-af8e-bde867d5e666,prca13,likert5,3) neutral,4,True,recode,0
a1d438d6-bfa4-45e0-af8e-bde867d5e666,prca14,likert5,1) strongly disagree,1,True,recode,1
a1d438d6-bfa4-45e0-af8e-bde867d5e666,prca15,likert5,4) agree,4,True,recode,0
a1d438d6-bfa4-45e0-af8e-bde867d5e666,prca16,likert5,3) neutral,2,True,recode,1
a1d438d6-bfa4-45e0-af8e-bde867d5e666,prca17,likert5,4) agree,2,True,recode,1
a1d438d6-bfa4-45e0-af8e-bde867d5e666,prca18,likert5,4) agree,5,True,recode,0
e78aaef0-9560-4104-8144-6df3a44803f7,prca01,likert5,3) neutral,4,True,recode,0
e78aaef0-9560-4104-8144-6df3a44803f7,prca02,likert5,2) disagree,3,True,recode,1
e78aaef0-9560-4104-8144-6df3a44803f7,prca03,likert5,3) neutral,4,True,recode,0
e78aaef0-9560-4104-8144-6df3a44803f7,prca04,likert5,3) neutral,2,True,recode,1
e78aaef0-9560-4104-8144-6df3a44803f7,prca05,likert5,1) strongly disagree,4,True,recode,0
e78aaef0-9560-4104-8144-6df3a44803f7,prca06,likert5,2) disagree,2,True,recode,1
e78aaef0-9560-4104-8144-6df3a44803f7,prca13,likert5,3) neutral,4,True,recode,0
e78aaef0-9560-4104-8144-6df3a44803f7,prca14,likert5,3) neutral,2,True,recode,1
e78aaef0-9560-4104-8144-6df3a44803f7,prca15,likert5,1) strongly disagree,3,True,recode,0
e78aaef0-9560-4104-8144-6df3a44803f7,prca16,likert5,3) neutral,2,True,recode,1
e78aaef0-9560-4104-8144-6df3a44803f7,prca17,likert5,4) agree,2,True,recode,1
e78aaef0-9560-4104-8144-6df3a44803f7,prca18,likert5,2) disagree,5,True,recode,0
5990dc34-4eed-4767-8f2b-8c255ddfbdb2,prca01,likert5,3) neutral,4,True,recode,0
5990dc34-4eed-4767-8f2b-8c255ddfbdb2,prca02,likert5,2) disagree,1,True,recode,1
5990dc34-4eed-4767-8f2b-8c255ddfbdb2,prca03,likert5,3) neutral,3,True,recode,0
5990dc34-4eed-4767-8f2b-8c255ddfbdb2,prca04,likert5,3) neutral,2,True,recode,1
5990dc34-4eed-4767-8f2b-8c255ddfbdb2,prca05,likert5,1) strongly disagree,4,True,recode,0
5990dc34-4eed-4767-8f2b-8c255ddfbdb2,prca06,likert5,4) agree,2,True,recode,1
5990dc34-4eed-4767-8f2b-8c255ddfbdb2,prca13,likert5,3) neutral,4,True,recode,0
5990dc34-4eed-4767-8f2b-8c255ddfbdb2,prca14,likert5,3) neutral,2,True,recode,1
5990dc34-4eed-4767-8f2b-8c255ddfbdb2,prca15,likert5,2) disagree,4,True,recode,0
5990dc34-4eed-4767-8f2b-8c255ddfbdb2,prca16,likert5,1) strongly disagree,1,True,recode,1
5990dc34-4eed-4767-8f2b-8c255ddfbdb2,prca17,likert5,2) disagree,2,True,recode,1
5990dc34-4eed-4767-8f2b-8c255ddfbdb2,prca18,likert5,3) neutral,4,True,recode,0
773adc76-cc72-4b70-9830-3f9bd86b05ef,prca01,likert5,2) disagree,4,True,recode,0
773adc76-cc72-4b70-9830-3f9bd86b05ef,prca02,likert5,2) disagree,1,True,recode,1
773adc76-cc72-4b70-9830-3f9bd86b05ef,prca03,likert5,4) agree,5,True,recode,0
773adc76-cc72-4b70-9830-3f9bd86b05ef,prca04,likert5,2) disagree,4,True,recode,1
773adc76-cc72-4b70-9830-3f9bd86b05ef,prca05,likert5,3) neutral,4,True,recode,0
773adc76-cc72-4b70-9830-3f9bd86b05ef,prca06,likert5,4) agree,1,True,recode,1
773adc76-cc72-4b70-9830-3f9bd86b05ef,prca13,likert5,2) disagree,1,True,recode,0
773adc76-cc72-4b70-9830-3f9bd86b05ef,prca14,likert5,3) neutral,2,True,recode,1
773adc76-cc72-4b70-9830-3f9bd86b05ef,prca15,likert5,3) neutral,5,True,recode,0
773adc76-cc72-4b70-9830-3f9bd86b05ef,prca16,likert5,2) disagree,2,True,recode,1
773adc76-cc72-4b70-9830-3f9bd86b05ef,prca17,likert5,2) disagree,1,True,recode,1
773adc76-cc72-4b70-9830-3f9bd86b05ef,prca18,likert5,4) agree,4,True,recode,0
b83966e8-9b34-4b46-a8a1-a3746056d62f,prca01,likert5,1) strongly disagree,5,True,recode,0
b83966e8-9b34-4b46-a8a1-a3746056d62f,prca02,likert5,2) disagree,2,True,recode,1
b83966e8-9b34-4b46-a8a1-a3746056d62f,prca03,likert5,2) disagree,4,True,recode,0
b83966e8-9b34-4b46-a8a1-a3746056d62f,prca04,likert5,3) neutral,2,True,recode,1
b83966e8-9b34-4b46-a8a1-a3746056d62f,prca05,likert5,4) agree,4,True,recode,0
b83966e8-9b34-4b46-a8a1-a3746056d62f,prca06,likert5,1) strongly disagree,5,True,recode,1
b83966e8-9b34-4b46-a8a1-a3746056d62f,prca13,likert5,1) strongly disagree,3,True,recode,0
b83966e8-9b34-4b46-a8a1-a3746056d62f,prca14,likert5,3) neutral,2,True,recode,1
b83966e8-9b34-4b46-a8a1-a3746056d62f,prca15,likert5,3) neutral,4,True,recode,0
b83966e8-9b34-4b46-a8a1-a3746056d62f,prca16,likert5,3) neutral,2,True,recode,1
b83966e8-9b34-4b46-a8a1-a3746056d62f,prca17,likert5,4) agree,2,True,recode,1
b83966e8-9b34-4b46-a8a1-a3746056d62f,prca18,likert5,2) disagree,4,True,recode,0
43f575e2-d2ba-4ac7-ba19-0304376ac24e,prca01,likert5,1) strongly disagree,5,True,recode,0
43f575e2-d2ba-4ac7-ba19-0304376ac24e,prca02,likert5,3) neutral,2,True,recode,1
43f575e2-d2ba-4ac7-ba19-0304376ac24e,prca03,likert5,1) strongly disagree,1,True,recode,0
43f575e2-d2ba-4ac7-ba19-0304376ac24e,prca04,likert5,3) neutral,2,True,recode,1
43f575e2-d2ba-4ac7-ba19-0304376ac24e,prca05,likert5,3) neutral,4,True,recode,0
43f575e2-d2ba-4ac7-ba19-0304376ac24e,prca06,likert5,5) strongly agree,4,True,recode,1
43f575e2-d2ba-4ac7-ba19-0304376ac24e,prca13,likert5,4) agree,4,True,recode,0
43f575e2-d2ba-4ac7-ba19-0304376ac24e,prca14,likert5,3) neutral,1,True,recode,1
43f575e2-d2ba-4ac7-ba19-0304376ac24e,prca15,likert5,3) neutral,4,True,recode,0
43f575e2-d2ba-4ac7-ba19-0304376ac24e,prca16,likert5,3) neutral,1,True,recode,1
43f575e2-d2ba-4ac7-ba19-0304376ac24e,prca17,likert5,2) disagree,1,True,recode,1
43f575e2-d2ba-4ac7-ba19-0304376ac24e,prca18,likert5,1) strongly disagree,5,True,recode,0
5ad07843-d07d-4150-a301-863a82200085,prca01,likert5,1) strongly disagree,4,True,recode,0
5ad07843-d07d-4150-a301-863a82200085,prca02,likert5,3) neutral,2,True,recode,1
5ad07843-d07d-4150-a301-863a82200085,prca03,likert5,3) neutral,4,True,recode,0
5ad07843-d07d-4150-a301-863a82200085,prca04,likert5,4) agree,2,True,recode,1
5ad07843-d07d-4150-a301-863a82200085,prca05,likert5,3) neutral,4,True,recode,0
5ad07843-d07d-4150-a301-863a82200085,prca06,likert5,2) disagree,3,True,recode,1
5ad07843-d07d-4150-a301-863a82200085,prca13,likert5,4) agree,4,True,recode,0
5ad07843-d07d-4150-a301-863a82200085,prca14,likert5,4) agree,3,True,recode,1
5ad07843-d07d-4150-a301-863a82200085,prca15,likert5,2) disagree,5,True,recode,0
5ad07843-d07d-4150-a301-863a82200085,prca16,likert5,3) neutral,1,True,recode,1
5ad07843-d07d-4150-a301-863a82200085,prca17,likert5,2) disagree,2,True,recode,1
5ad07843-d07d-4150-a301-863a82200085,prca18,likert5,3) neutral,4,True,recode,0
d19d1969-a08d-44d2-9fdc-820c40ca2efa,prca01,likert5,1) strongly disagree,5,True,recode,0
d19d1969-a08d-44d2-9fdc-820c40ca2efa,prca02,likert5,4) agree,2,True,recode,1
d19d1969-a08d-44d2-9fdc-820c40ca2efa,prca03,likert5,1) strongly disagree,5,True,recode,0
d19d1969-a08d-44d2-9fdc-820c40ca2efa,prca04,likert5,2) disagree,2,True,recode,1
d19d1969-a08d-44d2-9fdc-820c40ca2efa,prca05,likert5,2) disagree,1,True,recode,0
d19d1969-a08d-44d2-9fdc-820c40ca2efa,prca06,likert5,3) neutral,2,True,recode,1
d19d1969-a08d-44d2-9fdc-820c40ca2efa,prca13,likert5,1) strongly disagree,1,True,recode,0
d19d1969-a08d-44d2-9fdc-820c40ca2efa,prca14,likert5,4,2,True,validated,1
d19d1969-a08d-44d2-9fdc-820c40ca2efa,prca15,likert5,3) neutral,4,True,recode,0
d19d1969-a08d-44d2-9fdc-820c40ca2efa,prca16,likert5,3) neutral,1,True,recode,1
d19d1969-a08d-44d2-9fdc-820c40ca2efa,prca17,likert5,2) disagree,3,True,recode,1
d19d1969-a08d-44d2-9fdc-820c40ca2efa,prca18,likert5,3) neutral,4,True,recode,0
e012440a-a7ac-4186-9d66-33b80676bd89,prca01,likert5,1) strongly disagree,5,True,recode,0
e012440a-a7ac-4186-9d66-33b80676bd89,prca02,likert5,3) neutral,2,True,recode,1
e012440a-a7ac-4186-9d66-33b80676bd89,prca03,likert5,2) disagree,4,True,recode,0
e012440a-a7ac-4186-9d66-33b80676bd89,prca04,likert5,3) neutral,2,True,recode,1
e012440a-a7ac-4186-9d66-33b80676bd89,prca05,likert5,2) disagree,4,True,recode,0
e012440a-a7ac-4186-9d66-33b80676bd89,prca06,likert5,2) disagree,2,True,recode,1
e012440a-a7ac-4186-9d66-33b80676bd89,prca13,likert5,3) neutral,4,True,recode,0
e012440a-a7ac-4186-9d66-33b80676bd89,prca14,likert5,3) neutral,2,True,recode,1
e012440a-a7ac-4186-9d66-33b80676bd89,prca15,likert5,3) neutral,4,True,recode,0
e012440a-a7ac-4186-9d66-33b80676bd89,prca16,likert5,2) disagree,2,True,recode,1
e012440a-a7ac-4186-9d66-33b80676bd89,prca17,likert5,3) neutral,2,True,recode,1
e012440a-a7ac-4186-9d66-33b80676bd89,prca18,likert5,2) disagree,5,True,recode,0
a0f0d090-5170-4ca9-896f-248cffd4b779,prca01,likert5,1) strongly disagree,5,True,recode,0
a0f0d090-5170-4ca9-896f-248cffd4b779,prca02,likert5,4) agree,1,True,recode,1
a0f0d090-5170-4ca9-896f-248cffd4b779,prca03,likert5,3) neutral,4,True,recode,0
a0f0d090-5170-4ca9-896f-248cffd4b779,prca04,likert5,2) disagree,1,True,recode,1
a0f0d090-5170-4ca9-896f-248cffd4b779,prca05,likert5,2) disagree,3,True,recode,0
a0f0d090-5170-4ca9-896f-248cffd4b779,prca06,likert5,3) neutral,2,True,recode,1
a0f0d090-5170-4ca9-896f-248cffd4b779,prca13,likert5,3) neutral,3,True,recode,0
a0f0d090-5170-4ca9-896f-248cffd4b779,prca14,likert5,3) neutral,2,True,recode,1
a0f0d090-5170-4ca9-896f-248cffd4b779,prca15,likert5,2) disagree,5,True,recode,0
a0f0d090-5170-4ca9-896f-248cffd4b779,prca16,likert5,3) neutral,2,True,recode,1
a0f0d090-5170-4ca9-896f-248cffd4b779,prca17,likert5,3) neutral,1,True,recode,1
a0f0d090-5170-4ca9-896f-248cffd4b779,prca18,likert5,3) neutral,4,True,recode,0
b7a4b836-8880-408a-9e98-dcf3810833e0,prca01,likert5,2) disagree,5,True,recode,0
b7a4b836-8880-408a-9e98-dcf3810833e0,prca02,likert5,1) strongly disagree,2,True,recode,1
b7a4b836-8880-408a-9e98-dcf3810833e0,prca03,likert5,4) agree,4,True,recode,0
b7a4b836-8880-408a-9e98-dcf3810833e0,prca04,likert5,2) disagree,3,True,recode,1
b7a4b836-8880-408a-9e98-dcf3810833e0,prca05,likert5,3) neutral,4,True,recode,0
b7a4b836-8880-408a-9e98-dcf3810833e0,prca06,likert5,3) neutral,2,True,recode,1
b7a4b836-8880-408a-9e98-dcf3810833e0,prca13,likert5,2) disagree,3,True,recode,0
b7a4b836-8880-408a-9e98-dcf3810833e0,prca14,likert5,3) neutral,4,True,recode,1
b7a4b836-8880-408a-9e98-dcf3810833e0,prca15,likert5,3) neutral,5,True,recode,0
b7a4b836-8880-408a-9e98-dcf3810833e0,prca16,likert5,4) agree,2,True,recode,1
b7a4b836-8880-408a-9e98-dcf3810833e0,prca17,likert5,3) neutral,2,True,recode,1
b7a4b836-8880-408a-9e98-dcf3810833e0,prca18,likert5,3) neutral,4,True,recode,0
8f577d5e-0937-4ef3-b586-8b0dedd6edb5,prca01,likert5,3) neutral,5,True,recode,0
8f577d5e-0937-4ef3-b586-8b0dedd6edb5,prca02,likert5,3) neutral,2,True,recode,1
8f577d5e-0937-4ef3-b586-8b0dedd6edb5,prca03,likert5,1) strongly disagree,4,True,recode,0
8f577d5e-0937-4ef3-b586-8b0dedd6edb5,prca04,likert5,3) neutral,2,True,recode,1
8f577d5e-0937-4ef3-b586-8b0dedd6edb5,prca05,likert5,2) disagree,5,True,recode,0
8f577d5e-0937-4ef3-b586-8b0dedd6edb5,prca06,likert5,2) disagree,2,True,recode,1
8f577d5e-0937-4ef3-b586-8b0dedd6edb5,prca13,likert5,3) neutral,3,True,recode,0
8f577d5e-0937-4ef3-b586-8b0dedd6edb5,prca14,likert5,4) agree,2,True,recode,1
8f577d5e-0937-4ef3-b586-8b0dedd6edb5,prca15,likert5,3) neutral,4,True,recode,0
8f577d5e-0937-4ef3-b586-8b0dedd6edb5,prca16,likert5,1) strongly disagree,1,True,recode,1
8f577d5e-0937-4ef3-b586-8b0dedd6edb5,prca17,likert5,1) strongly disagree,1,True,recode,1
8f577d5e-0937-4ef3-b586-8b0dedd6edb5,prca18,likert5,3) neutral,4,True,recode,0
21fa675d-f360-4ea1-ba26-cefd5b19fd9c,prca01,likert5,3) neutral,4,True,recode,0
21fa675d-f360-4ea1-ba26-cefd5b19fd9c,prca02,likert5,3) neutral,2,True,recode,1
21fa675d-f360-4ea1-ba26-cefd5b19fd9c,prca03,likert5,3) neutral,4,True,recode,0
21fa675d-f360-4ea1-ba26-cefd5b19fd9c,prca04,likert5,3) neutral,1,True,recode,1
21fa675d-f360-4ea1-ba26-cefd5b19fd9c,prca05,likert5,3) neutral,4,True,recode,0
21fa675d-f360-4ea1-ba26-cefd5b19fd9c,prca06,likert5,2) disagree,2,True,recode,1
21fa675d-f360-4ea1-ba26-cefd5b19fd9c,prca13,likert5,3) neutral,4,True,recode,0
21fa675d-f360-4ea1-ba26-cefd5b19fd9c,prca14,likert5,4) agree,2,True,recode,1
21fa675d-f360-4ea1-ba26-cefd5b19fd9c,prca15,likert5,3) neutral,4,True,recode,0
21fa675d-f360-4ea1-ba26-cefd5b19fd9c,prca16,likert5,4) agree,2,True,recode,1
21fa675d-f360-4ea1-ba26-cefd5b19fd9c,prca17,likert5,4) agree,2,True,recode,1
21fa675d-f360-4ea1-ba26-cefd5b19fd9c,prca18,likert5,1) strongly disagree,5,True,recode,0
06ff59d8-b6f3-4764-9ba9-d7f737b667d1,prca01,likert5,3) neutral,4,True,recode,0
06ff59d8-b6f3-4764-9ba9-d7f737b667d1,prca02,likert5,"1) strongly disagree, 3) neutral, 5) strongly agree",3,True,recode,1
06ff59d8-b6f3-4764-9ba9-d7f737b667d1,prca03,likert5,3) neutral,4,True,recode,0
06ff59d8-b6f3-4764-9ba9-d7f737b667d1,prca04,likert5,2) disagree,1,True,recode,1
06ff59d8-b6f3-4764-9ba9-d7f737b667d1,prca05,likert5,3) neutral,4,True,recode,0
06ff59d8-b6f3-4764-9ba9-d7f737b667d1,prca06,likert5,4) agree,2,True,recode,1
06ff59d8-b6f3-4764-9ba9-d7f737b667d1,prca13,likert5,3) neutral,4,True,recode,0
06ff59d8-b6f3-4764-9ba9-d7f737b667d1,prca14,likert5,3) neutral,2,True,recode,1
06ff59d8-b6f3-4764-9ba9-d7f737b667d1,prca15,likert5,3) neutral,4,True,recode,0
06ff59d8-b6f3-4764-9ba9-d7f737b667d1,prca16,likert5,3) neutral,2,True,recode,1
06ff59d8-b6f3-4764-9ba9-d7f737b667d1,prca17,likert5,3) neutral,2,True,recode,1
06ff59d8-b6f3-4764-9ba9-d7f737b667d1,prca18,likert5,3) neutral,4,True,recode,0
e77f45d3-7ab6-4e58-8f5f-c71ddac96729,prca01,likert5,3) neutral,4,True,recode,0
e77f45d3-7ab6-4e58-8f5f-c71ddac96729,prca02,likert5,3) neutral,2,True,recode,1
e77f45d3-7ab6-4e58-8f5f-c71ddac96729,prca03,likert5,3) neutral,5,True,recode,0
e77f45d3-7ab6-4e58-8f5f-c71ddac96729,prca04,likert5,3) neutral,2,True,recode,1
e77f45d3-7ab6-4e58-8f5f-c71ddac96729,prca05,likert5,3) neutral,4,True,recode,0
e77f45d3-7ab6-4e58-8f5f-c71ddac96729,prca06,likert5,2) disagree,2,True,recode,1
e77f45d3-7ab6-4e58-8f5f-c71ddac96729,prca13,likert5,2) disagree,4,True,recode,0
e77f45d3-7ab6-4e58-8f5f-c71ddac96729,prca14,likert5,3) neutral,2,True,recode,1
e77f45d3-7ab6-4e58-8f5f-c71ddac96729,prca15,likert5,4) agree,4,True,recode,0
e77f45d3-7ab6-4e58-8f5f-c71ddac96729,prca16,likert5,3) neutral,2,True,recode,1
e77f45d3-7ab6-4e58-8f5f-c71ddac96729,prca17,likert5,3) neutral,1,True,recode,1
e77f45d3-7ab6-4e58-8f5f-c71ddac96729,prca18,likert5,2) disagree,3,True,recode,0
5fad78e2-205d-46d6-8c10-9cd02154032a,prca01,likert5,2) disagree,5,True,recode,0
5fad78e2-205d-46d6-8c10-9cd02154032a,prca02,likert5,3) neutral,1,True,recode,1
5fad78e2-205d-46d6-8c10-9cd02154032a,prca03,likert5,2) disagree,4,True,recode,0
5fad78e2-205d-46d6-8c10-9cd02154032a,prca04,likert5,3) neutral,2,True,recode,1
5fad78e2-205d-46d6-8c10-9cd02154032a,prca05,likert5,2) disagree,5,True,recode,0
5fad78e2-205d-46d6-8c10-9cd02154032a,prca06,likert5,3) neutral,2,True,recode,1
5fad78e2-205d-46d6-8c10-9cd02154032a,prca13,likert5,1) strongly disagree,5,True,recode,0
5fad78e2-205d-46d6-8c10-9cd02154032a,prca14,likert5,3) neutral,2,True,recode,1
5fad78e2-205d-46d6-8c10-9cd02154032a,prca15,likert5,1) strongly disagree,5,True,recode,0
5fad78e2-205d-46d6-8c10-9cd02154032a,prca16,likert5,2) disagree,1,True,recode,1
5fad78e2-205d-46d6-8c10-9cd02154032a,prca17,likert5,4) agree,2,True,recode,1
5fad78e2-205d-46d6-8c10-9cd02154032a,prca18,likert5,3) neutral,4,True,recode,0
9833da41-6ec9-4e5c-b7ec-fdfac2ec3f79,prca01,likert5,4) agree,2,True,recode,0
9833da41-6ec9-4e5c-b7ec-fdfac2ec3f79,prca02,likert5,1) strongly disagree,1,True,recode,1
9833da41-6ec9-4e5c-b7ec-fdfac2ec3f79,prca03,likert5,3) neutral,4,True,recode,0
9833da41-6ec9-4e5c-b7ec-fdfac2ec3f79,prca04,likert5,1) strongly disagree,1,True,recode,1
9833da41-6ec9-4e5c-b7ec-fdfac2ec3f79,prca05,likert5,1) strongly disagree,5,True,recode,0
9833da41-6ec9-4e5c-b7ec-fdfac2ec3f79,prca06,likert5,2) disagree,1,True,recode,1
9833da41-6ec9-4e5c-b7ec-fdfac2ec3f79,prca13,likert5,3) neutral,4,True,recode,0
9833da41-6ec9-4e5c-b7ec-fdfac2ec3f79,prca14,likert5,2) disagree,2,True,recode,1
9833da41-6ec9-4e5c-b7ec-fdfac2ec3f79,prca15,likert5,4) agree,4,True,recode,0
9833da41-6ec9-4e5c-b7ec-fdfac2ec3f79,prca16,likert5,3) neutral,2,True,recode,1
9833da41-6ec9-4e5c-b7ec-fdfac2ec3f79,prca17,likert5,5) strongly agree,2,True,recode,1
9833da41-6ec9-4e5c-b7ec-fdfac2ec3f79,prca18,likert5,2) disagree,5,True,recode,0
57a2cda4-82b8-4e1b-a6ec-05c38dfde8a5,prca01,likert5,1) strongly disagree,4,True,recode,0
57a2cda4-82b8-4e1b-a6ec-05c38dfde8a5,prca02,likert5,2) disagree,1,True,recode,1
57a2cda4-82b8-4e1b-a6ec-05c38dfde8a5,prca03,likert5,1) strongly disagree,1,True,recode,0
57a2cda4-82b8-4e1b-a6ec-05c38dfde8a5,prca04,likert5,3) neutral,2,True,recode,1
57a2cda4-82b8-4e1b-a6ec-05c38dfde8a5,prca05,likert5,2) disagree,4,True,recode,0
57a2cda4-82b8-4e1b-a6ec-05c38dfde8a5,prca06,likert5,4) agree,2,True,recode,1
57a2cda4-82b8-4e1b-a6ec-05c38dfde8a5,prca13,likert5,3) neutral,4,True,recode,0
57a2cda4-82b8-4e1b-a6ec-05c38dfde8a5,prca14,likert5,3) neutral,1,True,recode,1
57a2cda4-82b8-4e1b-a6ec-05c38dfde8a5,prca15,likert5,2) disagree,5,True,recode,0
57a2cda4-82b8-4e1b-a6ec-05c38dfde8a5,prca16,likert5,4) agree,2,True,recode,1
57a2cda4-82b8-4e1b-a6ec-05c38dfde8a5,prca17,likert5,3) neutral,2,True,recode,1
57a2cda4-82b8-4e1b-a6ec-05c38dfde8a5,prca18,likert5,3) neutral,4,True,recode,0
6726384d-2358-47f5-aa51-9063147b2e7d,prca01,likert5,1) strongly disagree,4,True,recode,0
6726384d-2358-47f5-aa51-9063147b2e7d,prca02,likert5,3) neutral,2,True,recode,1
6726384d-2358-47f5-aa51-9063147b2e7d,prca03,likert5,4) agree,4,True,recode,0
6726384d-2358-47f5-aa51-9063147b2e7d,prca04,likert5,2) disagree,3,True,recode,1
6726384d-2358-47f5-aa51-9063147b2e7d,prca05,likert5,1) strongly disagree,5,True,recode,0
6726384d-2358-47f5-aa51-9063147b2e7d,prca06,likert5,3) neutral,4,True,recode,1
6726384d-2358-47f5-aa51-9063147b2e7d,prca13,likert5,3) neutral,4,True,recode,0
6726384d-2358-47f5-aa51-9063147b2e7d,prca14,likert5,2) disagree,2,True,recode,1
6726384d-2358-47f5-aa51-9063147b2e7d,prca15,likert5,3) neutral,4,True,recode,0
6726384d-2358-47f5-aa51-9063147b2e7d,prca16,likert5,2) disagree,2,True,recode,1
6726384d-2358-47f5-aa51-9063147b2e7d,prca17,likert5,3) neutral,2,True,recode,1
6726384d-2358-47f5-aa51-9063147b2e7d,prca18,likert5,1) strongly disagree,5,True,recode,0
468df3d9-afac-4719-bba6-054cc75ee64e,prca01,likert5,3) neutral,3,True,recode,0
468df3d9-afac-4719-bba6-054cc75ee64e,prca02,likert5,1) strongly disagree,1,True,recode,1
468df3d9-afac-4719-bba6-054cc75ee64e,prca03,likert5,1) strongly disagree,5,True,recode,0
468df3d9-afac-4719-bba6-054cc75ee64e,prca04,likert5,3) neutral,2,True,recode,1
468df3d9-afac-4719-bba6-054cc75ee64e,prca05,likert5,3) neutral,5,True,recode,0
468df3d9-afac-4719-bba6-054cc75ee64e,prca06,likert5,3) neutral,2,True,recode,1
468df3d9-afac-4719-bba6-054cc75ee64e,prca13,likert5,3) neutral,4,True,recode,0
468df3d9-afac-4719-bba6-054cc75ee64e,prca14,likert5,1) strongly disagree,1,True,recode,1
468df3d9-afac-4719-bba6-054cc75ee64e,prca15,likert5,2) disagree,5,True,recode,0
468df3d9-afac-4719-bba6-054cc75ee64e,prca16,likert5,3) neutral,2,True,recode,1
468df3d9-afac-4719-bba6-054cc75ee64e,prca17,likert5,2) disagree,1,True,recode,1
468df3d9-afac-4719-bba6-054cc75ee64e,prca18,likert5,3) neutral,4,True,recode,0
45f7090a-3f45-4b2c-9227-bf1dc1627236,prca01,likert5,2) disagree,5,True,recode,0
45f7090a-3f45-4b2c-9227-bf1dc1627236,prca02,likert5,1) strongly disagree,1,True,recode,1
45f7090a-3f45-4b2c-9227-bf1dc1627236,prca03,likert5,3) neutral,4,True,recode,0
45f7090a-3f45-4b2c-9227-bf1dc1627236,prca04,likert5,3) neutral,2,True,recode,1
45f7090a-3f45-4b2c-9227-bf1dc1627236,prca05,likert5,3) neutral,4,True,recode,0
45f7090a-3f45-4b2c-9227-bf1dc1627236,prca06,likert5,3) neutral,1,True,recode,1
45f7090a-3f45-4b2c-9227-bf1dc1627236,prca13,likert5,2) disagree,4,True,recode,0
45f7090a-3f45-4b2c-9227-bf1dc1627236,prca14,likert5,3) neutral,2,True,recode,1
45f7090a-3f45-4b2c-9227-bf1dc1627236,prca15,likert5,3) neutral,4,True,recode,0
45f7090a-3f45-4b2c-9227-bf1dc1627236,prca16,likert5,3) neutral,2,True,recode,1
45f7090a-3f45-4b2c-9227-bf1dc1627236,prca17,likert5,2) disagree,1,True,recode,1
45f7090a-3f45-4b2c-9227-bf1dc1627236,prca18,likert5,4) agree,4,True,recode,0
a30fc506-fb3d-4abb-8f35-e05e780e6acd,prca01,likert5,2) disagree,4,True,recode,0
a30fc506-fb3d-4abb-8f35-e05e780e6acd,prca02,likert5,2) disagree,2,True,recode,1
a30fc506-fb3d-4abb-8f35-e05e780e6acd,prca03,likert5,1) strongly disagree,4,True,recode,0
a30fc506-fb3d-4abb-8f35-e05e780e6acd,prca04,likert5,1) strongly disagree,1,True,recode,1
a30fc506-fb3d-4abb-8f35-e05e780e6acd,prca05,likert5,3) neutral,4,True,recode,0
a30fc506-fb3d-4abb-8f35-e05e780e6acd,prca06,likert5,1) strongly disagree,1,True,recode,1
a30fc506-fb3d-4abb-8f35-e05e780e6acd,prca13,likert5,3) neutral,4,True,recode,0
a30fc506-fb3d-4abb-8f35-e05e780e6acd,prca14,likert5,3) neutral,2,True,recode,1
a30fc506-fb3d-4abb-8f35-e05e780e6acd,prca15,likert5,1) strongly disagree,5,True,recode,0
a30fc506-fb3d-4abb-8f35-e05e780e6acd,prca16,likert5,1) strongly disagree,1,True,recode,1
a30fc506-fb3d-4abb-8f35-e05e780e6acd,prca17,likert5,2) disagree,5,True,recode,1
a30fc506-fb3d-4abb-8f35-e05e780e6acd,prca18,likert5,4) agree,4,True,recode,0
86e5a888-ad2d-4941-ba0c-8a32b5b5ec99,prca01,likert5,3) neutral,4,True,recode,0
86e5a888-ad2d-4941-ba0c-8a32b5b5ec99,prca02,likert5,3) neutral,2,True,recode,1
86e5a888-ad2d-4941-ba0c-8a32b5b5ec99,prca03,likert5,1) strongly disagree,5,True,recode,0
86e5a888-ad2d-4941-ba0c-8a32b5b5ec99,prca04,likert5,3) neutral,2,True,recode,1
86e5a888-ad2d-4941-ba0c-8a32b5b5ec99,prca05,likert5,1) strongly disagree,5,True,recode,0
86e5a888-ad2d-4941-ba0c-8a32b5b5ec99,prca06,likert5,4) agree,2,True,recode,1
86e5a888-ad2d-4941-ba0c-8a32b5b5ec99,prca13,likert5,4) agree,5,True,recode,0
86e5a888-ad2d-4941-ba0c-8a32b5b5ec99,prca14,likert5,3) neutral,2,True,recode,1
86e5a888-ad2d-4941-ba0c-8a32b5b5ec99,prca15,likert5,3) neutral,4,True,recode,0
86e5a888-ad2d-4941-ba0c-8a32b5b5ec99,prca16,likert5,4) agree,2,True,recode,1
86e5a888-ad2d-4941-ba0c-8a32b5b5ec99,prca17,likert5,3) neutral,2,True,recode,1
86e5a888-ad2d-4941-ba0c-8a32b5b5ec99,prca18,likert5,2) disagree,5,True,recode,0
73c98b43-eb1b-4612-b7ea-1dbaa095a374,prca01,likert5,3) neutral,4,True,recode,0
73c98b43-eb1b-4612-b7ea-1dbaa095a374,prca02,likert5,4,2,True,validated,1
73c98b43-eb1b-4612-b7ea-1dbaa095a374,prca03,likert5,2) disagree,5,True,recode,0
73c98b43-eb1b-4612-b7ea-1dbaa095a374,prca04,likert5,1) strongly disagree,1,True,recode,1
73c98b43-eb1b-4612-b7ea-1dbaa095a374,prca05,likert5,3) neutral,2,True,recode,0
73c98b43-eb1b-4612-b7ea-1dbaa095a374,prca06,likert5,4) agree,2,True,recode,1
73c98b43-eb1b-4612-b7ea-1dbaa095a374,prca13,likert5,3) neutral,4,True,recode,0
73c98b43-eb1b-4612-b7ea-1dbaa095a374,prca14,likert5,1) strongly disagree,1,True,recode,1
73c98b43-eb1b-4612-b7ea-1dbaa095a374,prca15,likert5,3) neutral,4,True,recode,0
73c98b43-eb1b-4612-b7ea-1dbaa095a374,prca16,likert5,2) disagree,2,True,recode,1
73c98b43-eb1b-4612-b7ea-1dbaa095a374,prca17,likert5,3) neutral,2,True,recode,1
73c98b43-eb1b-4612-b7ea-1dbaa095a374,prca18,likert5,3) neutral,4,True,recode,0
b23a4af4-8272-4413-83d0-01b0cbf00299,prca01,likert5,1) strongly disagree,4,True,recode,0
b23a4af4-8272-4413-83d0-01b0cbf00299,prca02,likert5,1) strongly disagree,1,True,recode,1
b23a4af4-8272-4413-83d0-01b0cbf00299,prca03,likert5,2) disagree,4,True,recode,0
b23a4af4-8272-4413-83d0-01b0cbf00299,prca04,likert5,3) neutral,2,True,recode,1
b23a4af4-8272-4413-83d0-01b0cbf00299,prca05,likert5,3) neutral,5,True,recode,0
b23a4af4-8272-4413-83d0-01b0cbf00299,prca06,likert5,1) strongly disagree,2,True,recode,1
b23a4af4-8272-4413-83d0-01b0cbf00299,prca13,likert5,2) disagree,5,True,recode,0
b23a4af4-8272-4413-83d0-01b0cbf00299,prca14,likert5,4) agree,2,True,recode,1
b23a4af4-8272-4413-83d0-01b0cbf00299,prca15,likert5,3) neutral,4,True,recode,0
b23a4af4-8272-4413-83d0-01b0cbf00299,prca16,likert5,2) disagree,1,True,recode,1
b23a4af4-8272-4413-83d0-01b0cbf00299,prca17,likert5,3) neutral,2,True,recode,1
b23a4af4-8272-4413-83d0-01b0cbf00299,prca18,likert5,4) agree,4,True,recode,0
190004de-1c78-4d51-ad7b-9c50ec89e930,prca01,likert5,3) neutral,4,True,recode,0
190004de-1c78-4d51-ad7b-9c50ec89e930,prca02,likert5,2) disagree,1,True,recode,1
190004de-1c78-4d51-ad7b-9c50ec89e930,prca03,likert5,3) neutral,4,True,recode,0
190004de-1c78-4d51-ad7b-9c50ec89e930,prca04,likert5,3) neutral,2,True,recode,1
190004de-1c78-4d51-ad7b-9c50ec89e930,prca05,likert5,1) strongly disagree,5,True,recode,0
190004de-1c78-4d51-ad7b-9c50ec89e930,prca06,likert5,3) neutral,3,True,recode,1
190004de-1c78-4d51-ad7b-9c50ec89e930,prca13,likert5,3) neutral,4,True,recode,0
190004de-1c78-4d51-ad7b-9c50ec89e930,prca14,likert5,3) neutral,1,True,recode,1
190004de-1c78-4d51-ad7b-9c50ec89e930,prca15,likert5,3) neutral,4,True,recode,0
190004de-1c78-4d51-ad7b-9c50ec89e930,prca16,likert5,3) neutral,2,True,recode,1
190004de-1c78-4d51-ad7b-9c50ec89e930,prca17,likert5,3) neutral,2,True,recode,1
190004de-1c78-4d51-ad7b-9c50ec89e930,prca18,likert5,3) neutral,4,True,recode,0
b11ba887-796a-4598-9c10-62483cba7b9a,prca01,likert5,3) neutral,5,True,recode,0
b11ba887-796a-4598-9c10-62483cba7b9a,prca02,likert5,4) agree,2,True,recode,1
b11ba887-796a-4598-9c10-62483cba7b9a,prca03,likert5,2) disagree,5,True,recode,0
b11ba887-796a-4598-9c10-62483cba7b9a,prca04,likert5,3) neutral,2,True,recode,1
b11ba887-796a-4598-9c10-62483cba7b9a,prca05,likert5,2) disagree,4,True,recode,0
b11ba887-796a-4598-9c10-62483cba7b9a,prca06,likert5,1) strongly disagree,3,True,recode,1
b11ba887-796a-4598-9c10-62483cba7b9a,prca13,likert5,3) neutral,5,True,recode,0
b11ba887-796a-4598-9c10-62483cba7b9a,prca14,likert5,4) agree,2,True,recode,1
b11ba887-796a-4598-9c10-62483cba7b9a,prca15,likert5,4) agree,4,True,recode,0
b11ba887-796a-4598-9c10-62483cba7b9a,prca16,likert5,3) neutral,2,True,recode,1
b11ba887-796a-4598-9c10-62483cba7b9a,prca17,likert5,3) neutral,3,True,recode,1
b11ba887-796a-4598-9c10-62483cba7b9a,prca18,likert5,3) neutral,4,True,recode,0
30b16817-8ff4-4428-88e5-d86b56dd0c41,prca01,likert5,1) strongly disagree,4,True,recode,0
30b16817-8ff4-4428-88e5-d86b56dd0c41,prca02,likert5,3) neutral,2,True,recode,1
30b16817-8ff4-4428-88e5-d86b56dd0c41,prca03,likert5,3) neutral,4,True,recode,0
30b16817-8ff4-4428-88e5-d86b56dd0c41,prca04,likert5,1) strongly disagree,5,True,recode,1
30b16817-8ff4-4428-88e5-d86b56dd0c41,prca05,likert5,3) neutral,4,True,recode,0
30b16817-8ff4-4428-88e5-d86b56dd0c41,prca06,likert5,3) neutral,2,True,recode,1
30b16817-8ff4-4428-88e5-d86b56dd0c41,prca13,likert5,3) neutral,4,True,recode,0
30b16817-8ff4-4428-88e5-d86b56dd0c41,prca14,likert5,3) neutral,2,True,recode,1
30b16817-8ff4-4428-88e5-d86b56dd0c41,prca15,likert5,3) neutral,4,True,recode,0
30b16817-8ff4-4428-88e5-d86b56dd0c41,prca16,likert5,2) disagree,1,True,recode,1
30b16817-8ff4-4428-88e5-d86b56dd0c41,prca17,likert5,4) agree,2,True,recode,1
30b16817-8ff4-4428-88e5-d86b56dd0c41,prca18,likert5,3) neutral,4,True,recode,0
d7ecbbb5-3f8b-40c2-af10-6dd87061b404,prca01,likert5,3) neutral,5,True,recode,0
d7ecbbb5-3f8b-40c2-af10-6dd87061b404,prca02,likert5,2) disagree,2,True,recode,1
d7ecbbb5-3f8b-40c2-af10-6dd87061b404,prca03,likert5,2) disagree,4,True,recode,0
d7ecbbb5-3f8b-40c2-af10-6dd87061b404,prca04,likert5,3) neutral,2,True,recode,1
d7ecbbb5-3f8b-40c2-af10-6dd87061b404,prca05,likert5,3) neutral,4,True,recode,0
d7ecbbb5-3f8b-40c2-af10-6dd87061b404,prca06,likert5,3) neutral,1,True,recode,1
d7ecbbb5-3f8b-40c2-af10-6dd87061b404,prca13,likert5,2) disagree,5,True,recode,0
d7ecbbb5-3f8b-40c2-af10-6dd87061b404,prca14,likert5,3) neutral,2,True,recode,1
d7ecbbb5-3f8b-40c2-af10-6dd87061b404,prca15,likert5,2) disagree,5,True,recode,0
d7ecbbb5-3f8b-40c2-af10-6dd87061b404,prca16,likert5,3) neutral,2,True,recode,1
d7ecbbb5-3f8b-40c2-af10-6dd87061b404,prca17,likert5,3) neutral,1,True,recode,1
d7ecbbb5-3f8b-40c2-af10-6dd87061b404,prca18,likert5,2) disagree,5,True,recode,0
d6c652c2-897e-4273-acc2-978a8f0502f1,prca01,likert5,2) disagree,4,True,recode,0
d6c652c2-897e-4273-acc2-978a8f0502f1,prca02,likert5,1) strongly disagree,5,True,recode,1
d6c652c2-897e-4273-acc2-978a8f0502f1,prca03,likert5,4) agree,5,True,recode,0
d6c652c2-897e-4273-acc2-978a8f0502f1,prca04,likert5,3) neutral,2,True,recode,1
d6c652c2-897e-4273-acc2-978a8f0502f1,prca05,likert5,3) neutral,4,True,recode,0
d6c652c2-897e-4273-acc2-978a8f0502f1,prca06,likert5,3) neutral,2,True,recode,1
d6c652c2-897e-4273-acc2-978a8f0502f1,prca13,likert5,1) strongly disagree,5,True,recode,0
d6c652c2-897e-4273-acc2-978a8f0502f1,prca14,likert5,5) strongly agree,3,True,recode,1
d6c652c2-897e-4273-acc2-978a8f0502f1,prca15,likert5,3) neutral,4,True,recode,0
d6c652c2-897e-4273-acc2-978a8f0502f1,prca16,likert5,5) strongly agree,4,True,recode,1
d6c652c2-897e-4273-acc2-978a8f0502f1,prca17,likert5,2) disagree,1,True,recode,1
d6c652c2-897e-4273-acc2-978a8f0502f1,prca18,likert5,3) neutral,3,True,recode,0
b488eeec-6269-4bc6-b911-868c13957021,prca01,likert5,4) agree,4,True,recode,0
b488eeec-6269-4bc6-b911-868c13957021,prca02,likert5,4) agree,4,True,recode,1
b488eeec-6269-4bc6-b911-868c13957021,prca03,likert5,2) disagree,4,True,recode,0
b488eeec-6269-4bc6-b911-868c13957021,prca04,likert5,2) disagree,1,True,recode,1
b488eeec-6269-4bc6-b911-868c13957021,prca05,likert5,4) agree,4,True,recode,0
b488eeec-6269-4bc6-b911-868c13957021,prca06,likert5,3) neutral,1,True,recode,1
b488eeec-6269-4bc6-b911-868c13957021,prca13,likert5,2) disagree,3,True,recode,0
b488eeec-6269-4bc6-b911-868c13957021,prca14,likert5,4,2,True,validated,1
b488eeec-6269-4bc6-b911-868c13957021,prca15,likert5,4) agree,5,True,recode,0
b488eeec-6269-4bc6-b911-868c13957021,prca16,likert5,3) neutral,2,True,recode,1
b488eeec-6269-4bc6-b911-868c13957021,prca17,likert5,3) neutral,2,True,recode,1
b488eeec-6269-4bc6-b911-868c13957021,prca18,likert5,2) disagree,5,True,recode,0
eec3d522-a15e-42a5-ac8a-95dcc9c4542a,prca01,likert5,3) neutral,4,True,recode,0
eec3d522-a15e-42a5-ac8a-95dcc9c4542a,prca02,likert5,2) disagree,1,True,recode,1
eec3d522-a15e-42a5-ac8a-95dcc9c4542a,prca03,likert5,2) disagree,4,True,recode,0
eec3d522-a15e-42a5-ac8a-95dcc9c4542a,prca04,likert5,3) neutral,2,True,recode,1
eec3d522-a15e-42a5-ac8a-95dcc9c4542a,prca05,likert5,2) disagree,4,True,recode,0
eec3d522-a15e-42a5-ac8a-95dcc9c4542a,prca06,likert5,4) agree,2,True,recode,1
eec3d522-a15e-42a5-ac8a-95dcc9c4542a,prca13,likert5,3) neutral,4,True,recode,0
eec3d522-a15e-42a5-ac8a-95dcc9c4542a,prca14,likert5,3) neutral,2,True,recode,1
eec3d522-a15e-42a5-ac8a-95dcc9c4542a,prca15,likert5,4) agree,5,True,recode,0
eec3d522-a15e-42a5-ac8a-95dcc9c4542a,prca16,likert5,3) neutral,2,True,recode,1
eec3d522-a15e-42a5-ac8a-95dcc9c4542a,prca17,likert5,3) neutral,2,True,recode,1
eec3d522-a15e-42a5-ac8a-95dcc9c4542a,prca18,likert5,3) neutral,4,True,recode,0
e8608b9a-7704-43c0-8da5-c75bb302ba15,prca01,likert5,3) neutral,4,True,recode,0
e8608b9a-7704-43c0-8da5-c75bb302ba15,prca02,likert5,2) disagree,1,True,recode,1
e8608b9a-7704-43c0-8da5-c75bb302ba15,prca03,likert5,4) agree,5,True,recode,0
e8608b9a-7704-43c0-8da5-c75bb302ba15,prca04,likert5,4) agree,2,True,recode,1
e8608b9a-7704-43c0-8da5-c75bb302ba15,prca05,likert5,2) disagree,5,True,recode,0
e8608b9a-7704-43c0-8da5-c75bb302ba15,prca06,likert5,3) neutral,2,True,recode,1
e8608b9a-7704-43c0-8da5-c75bb302ba15,prca13,likert5,2) disagree,4,True,recode,0
e8608b9a-7704-43c0-8da5-c75bb302ba15,prca14,likert5,3) neutral,2,True,recode,1
e8608b9a-7704-43c0-8da5-c75bb302ba15,prca15,likert5,2) disagree,4,True,recode,0
e8608b9a-7704-43c0-8da5-c75bb302ba15,prca16,likert5,2) disagree,2,True,recode,1
e8608b9a-7704-43c0-8da5-c75bb302ba15,prca17,likert5,3) neutral,2,True,recode,1
e8608b9a-7704-43c0-8da5-c75bb302ba15,prca18,likert5,2) disagree,5,True,recode,0
814f91fc-f7f2-4b37-b07e-b946324ace76,prca01,likert5,3) neutral,4,True,recode,0
814f91fc-f7f2-4b37-b07e-b946324ace76,prca02,likert5,4) agree,1,True,recode,1
814f91fc-f7f2-4b37-b07e-b946324ace76,prca03,likert5,3) neutral,4,True,recode,0
814f91fc-f7f2-4b37-b07e-b946324ace76,prca04,likert5,3) neutral,2,True,recode,1
814f91fc-f7f2-4b37-b07e-b946324ace76,prca05,likert5,3) neutral,4,True,recode,0
814f91fc-f7f2-4b37-b07e-b946324ace76,prca06,likert5,3) neutral,2,True,recode,1
814f91fc-f7f2-4b37-b07e-b946324ace76,prca13,likert5,3) neutral,4,True,recode,0
814f91fc-f7f2-4b37-b07e-b946324ace76,prca14,likert5,1) strongly disagree,1,True,recode,1
814f91fc-f7f2-4b37-b07e-b946324ace76,prca15,likert5,1) strongly disagree,5,True,recode,0
814f91fc-f7f2-4b37-b07e-b946324ace76,prca16,likert5,4) agree,2,True,recode,1
814f91fc-f7f2-4b37-b07e-b946324ace76,prca17,likert5,3) neutral,2,True,recode,1
814f91fc-f7f2-4b37-b07e-b946324ace76,prca18,likert5,1) strongly disagree,4,True,recode,0
a35fa6ec-946f-472f-aad9-99eaf255c98d,prca01,likert5,4) agree,4,True,recode,0
a35fa6ec-946f-472f-aad9-99eaf255c98d,prca02,likert5,3) neutral,2,True,recode,1
a35fa6ec-946f-472f-aad9-99eaf255c98d,prca03,likert5,2) disagree,4,True,recode,0
a35fa6ec-946f-472f-aad9-99eaf255c98d,prca04,likert5,4) agree,2,True,recode,1
a35fa6ec-946f-472f-aad9-99eaf255c98d,prca05,likert5,1) strongly disagree,5,True,recode,0
a35fa6ec-946f-472f-aad9-99eaf255c98d,prca06,likert5,4) agree,2,True,recode,1
a35fa6ec-946f-472f-aad9-99eaf255c98d,prca13,likert5,4) agree,4,True,recode,0
a35fa6ec-946f-472f-aad9-99eaf255c98d,prca14,likert5,1) strongly disagree,3,True,recode,1
a35fa6ec-946f-472f-aad9-99eaf255c98d,prca15,likert5,1) strongly disagree,5,True,recode,0
a35fa6ec-946f-472f-aad9-99eaf255c98d,prca16,likert5,4) agree,2,True,recode,1
a35fa6ec-946f-472f-aad9-99eaf255c98d,prca17,likert5,1) strongly disagree,1,True,recode,1
a35fa6ec-946f-472f-aad9-99eaf255c98d,prca18,likert5,2) disagree,4,True,recode,0
c55ddf49-609c-415e-a888-f502cd56bac1,prca01,likert5,2) disagree,3,True,recode,0
c55ddf49-609c-415e-a888-f502cd56bac1,prca02,likert5,3) neutral,2,True,recode,1
c55ddf49-609c-415e-a888-f502cd56bac1,prca03,likert5,1) strongly disagree,5,True,recode,0
c55ddf49-609c-415e-a888-f502cd56bac1,prca04,likert5,3) neutral,2,True,recode,1
c55ddf49-609c-415e-a888-f502cd56bac1,prca05,likert5,3) neutral,5,True,recode,0
c55ddf49-609c-415e-a888-f502cd56bac1,prca06,likert5,3) neutral,1,True,recode,1
c55ddf49-609c-415e-a888-f502cd56bac1,prca13,likert5,3) neutral,4,True,recode,0
c55ddf49-609c-415e-a888-f502cd56bac1,prca14,likert5,3) neutral,2,True,recode,1
c55ddf49-609c-415e-a888-f502cd56bac1,prca15,likert5,4) agree,4,True,recode,0
c55ddf49-609c-415e-a888-f502cd56bac1,prca16,likert5,2) disagree,4,True,recode,1
c55ddf49-609c-415e-a888-f502cd56bac1,prca17,likert5,2) disagree,5,True,recode,1
c55ddf49-609c-415e-a888-f502cd56bac1,prca18,likert5,3) neutral,4,True,recode,0
156e0e8d-bec3-4fa6-994d-8bb9aa5581e7,prca01,likert5,1) strongly disagree,5,True,recode,0
156e0e8d-bec3-4fa6-994d-8bb9aa5581e7,prca02,likert5,3) neutral,2,True,recode,1
156e0e8d-bec3-4fa6-994d-8bb9aa5581e7,prca03,likert5,4) agree,5,True,recode,0
156e0e8d-bec3-4fa6-994d-8bb9aa5581e7,prca04,likert5,"1) strongly disagree, 2) disagree, 3) neutral, 4) agree, 5) strongly agree",4,True,recode,1
156e0e8d-bec3-4fa6-994d-8bb9aa5581e7,prca05,likert5,2) disagree,3,True,recode,0
156e0e8d-bec3-4fa6-994d-8bb9aa5581e7,prca06,likert5,3) neutral,2,True,recode,1
156e0e8d-bec3-4fa6-994d-8bb9aa5581e7,prca13,likert5,3) neutral,4,True,recode,0
156e0e8d-bec3-4fa6-994d-8bb9aa5581e7,prca14,likert5,1,5,True,validated,1
156e0e8d-bec3-4fa6-994d-8bb9aa5581e7,prca15,likert5,2) disagree,4,True,recode,0
156e0e8d-bec3-4fa6-994d-8bb9aa5581e7,prca16,likert5,4) agree,2,True,recode,1
156e0e8d-bec3-4fa6-994d-8bb9aa5581e7,prca17,likert5,3) neutral,2,True,recode,1
156e0e8d-bec3-4fa6-994d-8bb9aa5581e7,prca18,likert5,4) agree,5,True,recode,0
752978e0-ede8-42b9-89bc-be9b7278ff59,prca01,likert5,2) disagree,5,True,recode,0
752978e0-ede8-42b9-89bc-be9b7278ff59,prca02,likert5,3) neutral,2,True,recode,1
752978e0-ede8-42b9-89bc-be9b7278ff59,prca03,likert5,4) agree,5,True,recode,0
752978e0-ede8-42b9-89bc-be9b7278ff59,prca04,likert5,3) neutral,2,True,recode,1
752978e0-ede8-42b9-89bc-be9b7278ff59,prca05,likert5,2) disagree,4,True,recode,0
752978e0-ede8-42b9-89bc-be9b7278ff59,prca06,likert5,1) strongly disagree,1,True,recode,1
752978e0-ede8-42b9-89bc-be9b7278ff59,prca13,likert5,2) disagree,3,True,recode,0
752978e0-ede8-42b9-89bc-be9b7278ff59,prca14,likert5,3) neutral,2,True,recode,1
752978e0-ede8-42b9-89bc-be9b7278ff59,prca15,likert5,3) neutral,4,True,recode,0
752978e0-ede8-42b9-89bc-be9b7278ff59,prca16,likert5,3) neutral,2,True,recode,1
752978e0-ede8-42b9-89bc-be9b7278ff59,prca17,likert5,3) neutral,2,True,recode,1
752978e0-ede8-42b9-89bc-be9b7278ff59,prca18,likert5,3) neutral,4,True,recode,0
224cad6f-0bcf-4cd4-b1ce-72038d9982d9,prca01,likert5,4) agree,4,True,recode,0
224cad6f-0bcf-4cd4-b1ce-72038d9982d9,prca02,likert5,5) strongly agree,3,True,recode,1
224cad6f-0bcf-4cd4-b1ce-72038d9982d9,prca03,likert5,3) neutral,4,True,recode,0
224cad6f-0bcf-4cd4-b1ce-72038d9982d9,prca04,likert5,4) agree,1,True,recode,1
224cad6f-0bcf-4cd4-b1ce-72038d9982d9,prca05,likert5,1) strongly disagree,5,True,recode,0
224cad6f-0bcf-4cd4-b1ce-72038d9982d9,prca06,likert5,3) neutral,2,True,recode,1
224cad6f-0bcf-4cd4-b1ce-72038d9982d9,prca13,likert5,4) agree,4,True,recode,0
224cad6f-0bcf-4cd4-b1ce-72038d9982d9,prca14,likert5,3) neutral,2,True,recode,1
224cad6f-0bcf-4cd4-b1ce-72038d9982d9,prca15,likert5,3) neutral,4,True,recode,0
224cad6f-0bcf-4cd4-b1ce-72038d9982d9,prca16,likert5,3) neutral,2,True,recode,1
224cad6f-0bcf-4cd4-b1ce-72038d9982d9,prca17,likert5,2) disagree,2,True,recode,1
224cad6f-0bcf-4cd4-b1ce-72038d9982d9,prca18,likert5,4) agree,5,True,recode,0
313379ad-9c52-417d-813f-2a6afeb60fb3,prca01,likert5,3) neutral,5,True,recode,0
313379ad-9c52-417d-813f-2a6afeb60fb3,prca02,likert5,3) neutral,2,True,recode,1
313379ad-9c52-417d-813f-2a6afeb60fb3,prca03,likert5,4) agree,4,True,recode,0
313379ad-9c52-417d-813f-2a6afeb60fb3,prca04,likert5,3) neutral,2,True,recode,1
313379ad-9c52-417d-813f-2a6afeb60fb3,prca05,likert5,3) neutral,4,True,recode,0
313379ad-9c52-417d-813f-2a6afeb60fb3,prca06,likert5,3) neutral,2,True,recode,1
313379ad-9c52-417d-813f-2a6afeb60fb3,prca13,likert5,1) strongly disagree,3,True,recode,0
313379ad-9c52-417d-813f-2a6afeb60fb3,prca14,likert5,4) agree,2,True,recode,1
313379ad-9c52-417d-813f-2a6afeb60fb3,prca15,likert5,3) neutral,4,True,recode,0
313379ad-9c52-417d-813f-2a6afeb60fb3,prca16,likert5,3) neutral,2,True,recode,1
313379ad-9c52-417d-813f-2a6afeb60fb3,prca17,likert5,3) neutral,1,True,recode,1
313379ad-9c52-417d-813f-2a6afeb60fb3,prca18,likert5,2) disagree,4,True,recode,0
594a3409-c634-4d51-817d-b8ba5fff67d0,prca01,likert5,1) strongly disagree,5,True,recode,0
594a3409-c634-4d51-817d-b8ba5fff67d0,prca02,likert5,3) neutral,2,True,recode,1
594a3409-c634-4d51-817d-b8ba5fff67d0,prca03,likert5,1) strongly disagree,4,True,recode,0
594a3409-c634-4d51-817d-b8ba5fff67d0,prca04,likert5,3) neutral,2,True,recode,1
594a3409-c634-4d51-817d-b8ba5fff67d0,prca05,likert5,3) neutral,4,True,recode,0
594a3409-c634-4d51-817d-b8ba5fff67d0,prca06,likert5,5) strongly agree,3,True,recode,1
594a3409-c634-4d51-817d-b8ba5fff67d0,prca13,likert5,3) neutral,4,True,recode,0
594a3409-c634-4d51-817d-b8ba5fff67d0,prca14,likert5,3) neutral,2,True,recode,1
594a3409-c634-4d51-817d-b8ba5fff67d0,prca15,likert5,4) agree,4,True,recode,0
594a3409-c634-4d51-817d-b8ba5fff67d0,prca16,likert5,3) neutral,2,True,recode,1
594a3409-c634-4d51-817d-b8ba5fff67d0,prca17,likert5,2) disagree,2,True,recode,1
594a3409-c634-4d51-817d-b8ba5fff67d0,prca18,likert5,3) neutral,4,True,recode,0
7b885fa1-01bc-4541-bb54-c086eeb52cff,prca01,likert5,3) neutral,4,True,recode,0
7b885fa1-01bc-4541-bb54-c086eeb52cff,prca02,likert5,3) neutral,2,True,recode,1
7b885fa1-01bc-4541-bb54-c086eeb52cff,prca03,likert5,3) neutral,4,True,recode,0
7b885fa1-01bc-4541-bb54-c086eeb52cff,prca04,likert5,4,2,True,validated,1
7b885fa1-01bc-4541-bb54-c086eeb52cff,prca05,likert5,2) disagree,5,True,recode,0
7b885fa1-01bc-4541-bb54-c086eeb52cff,prca06,likert5,3) neutral,2,True,recode,1
7b885fa1-01bc-4541-bb54-c086eeb52cff,prca13,likert5,3) neutral,2,True,recode,0
7b885fa1-01bc-4541-bb54-c086eeb52cff,prca14,likert5,3) neutral,2,True,recode,1
7b885fa1-01bc-4541-bb54-c086eeb52cff,prca15,likert5,3) neutral,3,True,recode,0
7b885fa1-01bc-4541-bb54-c086eeb52cff,prca16,likert5,3) neutral,2,True,recode,1
7b885fa1-01bc-4541-bb54-c086eeb52cff,prca17,likert5,3) neutral,1,True,recode,1
7b885fa1-01bc-4541-bb54-c086eeb52cff,prca18,likert5,1) strongly disagree,5,True,recode,0
e783ee88-b766-4eeb-9441-903f5d96e5d5,prca01,likert5,1) strongly disagree,5,True,recode,0
e783ee88-b766-4eeb-9441-903f5d96e5d5,prca02,likert5,1) strongly disagree,1,True,recode,1
e783ee88-b766-4eeb-9441-903f5d96e5d5,prca03,likert5,2) disagree,4,True,recode,0
e783ee88-b766-4eeb-9441-903f5d96e5d5,prca04,likert5,3) neutral,2,True,recode,1
e783ee88-b766-4eeb-9441-903f5d96e5d5,prca05,likert5,3) neutral,4,True,recode,0
e783ee88-b766-4eeb-9441-903f5d96e5d5,prca06,likert5,2) disagree,1,True,recode,1
e783ee88-b766-4eeb-9441-903f5d96e5d5,prca13,likert5,4) agree,4,True,recode,0
e783ee88-b766-4eeb-9441-903f5d96e5d5,prca14,likert5,2) disagree,1,True,recode,1
e783ee88-b766-4eeb-9441-903f5d96e5d5,prca15,likert5,3) neutral,5,True,recode,0
e783ee88-b766-4eeb-9441-903f5d96e5d5,prca16,likert5,4) agree,2,True,recode,1
e783ee88-b766-4eeb-9441-903f5d96e5d5,prca17,likert5,3) neutral,2,True,recode,1
e783ee88-b766-4eeb-9441-903f5d96e5d5,prca18,likert5,2) disagree,4,True,recode,0
4c4eb7a3-cdbb-49c1-8759-b2c52a1c1cd8,prca01,likert5,2) disagree,3,True,recode,0
4c4eb7a3-cdbb-49c1-8759-b2c52a1c1cd8,prca02,likert5,3) neutral,2,True,recode,1
4c4eb7a3-cdbb-49c1-8759-b2c52a1c1cd8,prca03,likert5,1) strongly disagree,5,True,recode,0
4c4eb7a3-cdbb-49c1-8759-b2c52a1c1cd8,prca04,likert5,1) strongly disagree,1,True,recode,1
4c4eb7a3-cdbb-49c1-8759-b2c52a1c1cd8,prca05,likert5,3) neutral,5,True,recode,0
4c4eb7a3-cdbb-49c1-8759-b2c52a1c1cd8,prca06,likert5,"1) strongly disagree, 3) neutral, 4) agree, 5) strongly agree",3,True,recode,1
4c4eb7a3-cdbb-49c1-8759-b2c52a1c1cd8,prca13,likert5,1) strongly disagree,5,True,recode,0
4c4eb7a3-cdbb-49c1-8759-b2c52a1c1cd8,prca14,likert5,5) strongly agree,3,True,recode,1
4c4eb7a3-cdbb-49c1-8759-b2c52a1c1cd8,prca15,likert5,2) disagree,3,True,recode,0
4c4eb7a3-cdbb-49c1-8759-b2c52a1c1cd8,prca16,likert5,3) neutral,2,True,recode,1
4c4eb7a3-cdbb-49c1-8759-b2c52a1c1cd8,prca17,likert5,4) agree,2,True,recode,1
4c4eb7a3-cdbb-49c1-8759-b2c52a1c1cd8,prca18,likert5,3) neutral,4,True,recode,0
8da36bce-9129-4acb-803c-4e7d7fa2d62b,prca01,likert5,2) disagree,4,True,recode,0
8da36bce-9129-4acb-803c-4e7d7fa2d62b,prca02,likert5,3) neutral,2,True,recode,1
8da36bce-9129-4acb-803c-4e7d7fa2d62b,prca03,likert5,2) disagree,5,True,recode,0
8da36bce-9129-4acb-803c-4e7d7fa2d62b,prca04,likert5,3) neutral,2,True,recode,1
8da36bce-9129-4acb-803c-4e7d7fa2d62b,prca05,likert5,1) strongly disagree,5,True,recode,0
8da36bce-9129-4acb-803c-4e7d7fa2d62b,prca06,likert5,2) disagree,5,True,recode,1
8da36bce-9129-4acb-803c-4e7d7fa2d62b,prca13,likert5,4) agree,4,True,recode,0
8da36bce-9129-4acb-803c-4e7d7fa2d62b,prca14,likert5,3) neutral,2,True,recode,1
8da36bce-9129-4acb-803c-4e7d7fa2d62b,prca15,likert5,4) agree,4,True,recode,0
8da36bce-9129-4acb-803c-4e7d7fa2d62b,prca16,likert5,4) agree,1,True,recode,1
8da36bce-9129-4acb-803c-4e7d7fa2d62b,prca17,likert5,2) disagree,2,True,recode,1
8da36bce-9129-4acb-803c-4e7d7fa2d62b,prca18,likert5,2) disagree,4,True,recode,0
a0a0ace8-b10a-498b-8c28-50f91cfd28ce,prca01,likert5,1) strongly disagree,4,True,recode,0
a0a0ace8-b10a-498b-8c28-50f91cfd28ce,prca02,likert5,1) strongly disagree,1,True,recode,1
a0a0ace8-b10a-498b-8c28-50f91cfd28ce,prca03,likert5,4) agree,4,True,recode,0
a0a0ace8-b10a-498b-8c28-50f91cfd28ce,prca04,likert5,4) agree,2,True,recode,1
a0a0ace8-b10a-498b-8c28-50f91cfd28ce,prca05,likert5,3) neutral,4,True,recode,0
a0a0ace8-b10a-498b-8c28-50f91cfd28ce,prca06,likert5,2) disagree,2,True,recode,1
a0a0ace8-b10a-498b-8c28-50f91cfd28ce,prca13,likert5,3) neutral,4,True,recode,0
a0a0ace8-b10a-498b-8c28-50f91cfd28ce,prca14,likert5,3) neutral,1,True,recode,1
a0a0ace8-b10a-498b-8c28-50f91cfd28ce,prca15,likert5,2) disagree,4,True,recode,0
a0a0ace8-b10a-498b-8c28-50f91cfd28ce,prca16,likert5,2) disagree,2,True,recode,1
a0a0ace8-b10a-498b-8c28-50f91cfd28ce,prca17,likert5,4) agree,2,True,recode,1
a0a0ace8-b10a-498b-8c28-50f91cfd28ce,prca18,likert5,2) disagree,4,True,recode,0
a81e7271-b167-46e1-8166-891ae83ed0bb,prca01,likert5,1) strongly disagree,5,True,recode,0
a81e7271-b167-46e1-8166-891ae83ed0bb,prca02,likert5,3) neutral,2,True,recode,1
a81e7271-b167-46e1-8166-891ae83ed0bb,prca03,likert5,3) neutral,4,True,recode,0
a81e7271-b167-46e1-8166-891ae83ed0bb,prca04,likert5,2) disagree,2,True,recode,1
a81e7271-b167-46e1-8166-891ae83ed0bb,prca05,likert5,1) strongly disagree,5,True,recode,0
a81e7271-b167-46e1-8166-891ae83ed0bb,prca06,likert5,1) strongly disagree,2,True,recode,1
a81e7271-b167-46e1-8166-891ae83ed0bb,prca13,likert5,3) neutral,5,True,recode,0
a81e7271-b167-46e1-8166-891ae83ed0bb,prca14,likert5,2) disagree,1,True,recode,1
a81e7271-b167-46e1-8166-891ae83ed0bb,prca15,likert5,1) strongly disagree,5,True,recode,0
a81e7271-b167-46e1-8166-891ae83ed0bb,prca16,likert5,3) neutral,2,True,recode,1
a81e7271-b167-46e1-8166-891ae83ed0bb,prca17,likert5,2) disagree,1,True,recode,1
a81e7271-b167-46e1-8166-891ae83ed0bb,prca18,likert5,3) neutral,4,True,recode,0
1a0bee45-7861-41fa-b867-d02cf98dfcd9,prca01,likert5,3) neutral,4,True,recode,0
1a0bee45-7861-41fa-b867-d02cf98dfcd9,prca02,likert5,4) agree,4,True,recode,1
1a0bee45-7861-41fa-b867-d02cf98dfcd9,prca03,likert5,3) neutral,4,True,recode,0
1a0bee45-7861-41fa-b867-d02cf98dfcd9,prca04,likert5,2) disagree,2,True,recode,1
1a0bee45-7861-41fa-b867-d02cf98dfcd9,prca05,likert5,3) neutral,4,True,recode,0
1a0bee45-7861-41fa-b867-d02cf98dfcd9,prca06,likert5,4) agree,1,True,recode,1
1a0bee45-7861-41fa-b867-d02cf98dfcd9,prca13,likert5,3) neutral,4,True,recode,0
1a0bee45-7861-41fa-b867-d02cf98dfcd9,prca14,likert5,3) neutral,2,True,recode,1
1a0bee45-7861-41fa-b867-d02cf98dfcd9,prca15,likert5,1) strongly disagree,5,True,recode,0
1a0bee45-7861-41fa-b867-d02cf98dfcd9,prca16,likert5,2) disagree,2,True,recode,1
1a0bee45-7861-41fa-b867-d02cf98dfcd9,prca17,likert5,3) neutral,2,True,recode,1
1a0bee45-7861-41fa-b867-d02cf98dfcd9,prca18,likert5,3) neutral,5,True,recode,0
49addb62-3f25-4bf6-9414-5aa9d17b9cc5,prca01,likert5,3) neutral,4,True,recode,0
49addb62-3f25-4bf6-9414-5aa9d17b9cc5,prca02,likert5,1) strongly disagree,1,True,recode,1
49addb62-3f25-4bf6-9414-5aa9d17b9cc5,prca03,likert5,2) disagree,4,True,recode,0
49addb62-3f25-4bf6-9414-5aa9d17b9cc5,prca04,likert5,2) disagree,2,True,recode,1
49addb62-3f25-4bf6-9414-5aa9d17b9cc5,prca05,likert5,3) neutral,4,True,recode,0
49addb62-3f25-4bf6-9414-5aa9d17b9cc5,prca06,likert5,3) neutral,2,True,recode,1
49addb62-3f25-4bf6-9414-5aa9d17b9cc5,prca13,likert5,3) neutral,4,True,recode,0
49addb62-3f25-4bf6-9414-5aa9d17b9cc5,prca14,likert5,3) neutral,2,True,recode,1
49addb62-3f25-4bf6-9414-5aa9d17b9cc5,prca15,likert5,3) neutral,4,True,recode,0
49addb62-3f25-4bf6-9414-5aa9d17b9cc5,prca16,likert5,2) disagree,3,True,recode,1
49addb62-3f25-4bf6-9414-5aa9d17b9cc5,prca17,likert5,3) neutral,2,True,recode,1
49addb62-3f25-4bf6-9414-5aa9d17b9cc5,prca18,likert5,2) disagree,4,True,recode,0
79894a97-43d0-42d7-876b-027116f44656,prca01,likert5,3) neutral,5,True,recode,0
79894a97-43d0-42d7-876b-027116f44656,prca02,likert5,2) disagree,2,True,recode,1
79894a97-43d0-42d7-876b-027116f44656,prca03,likert5,3) neutral,4,True,recode,0
79894a97-43d0-42d7-876b-027116f44656,prca04,likert5,3) neutral,2,True,recode,1
79894a97-43d0-42d7-876b-027116f44656,prca05,likert5,2) disagree,4,True,recode,0
79894a97-43d0-42d7-876b-027116f44656,prca06,likert5,3) neutral,3,True,recode,1
79894a97-43d0-42d7-876b-027116f44656,prca13,likert5,3) neutral,4,True,recode,0
79894a97-43d0-42d7-876b-027116f44656,prca14,likert5,2) disagree,2,True,recode,1
79894a97-43d0-42d7-876b-027116f44656,prca15,likert5,4) agree,4,True,recode,0
79894a97-43d0-42d7-876b-027116f44656,prca16,likert5,3) neutral,1,True,recode,1
79894a97-43d0-42d7-876b-027116f44656,prca17,likert5,3) neutral,2,True,recode,1
79894a97-43d0-42d7-876b-027116f44656,prca18,likert5,3) neutral,4,True,recode,0
e936c046-d4a4-4037-b932-e81a898047b3,prca01,likert5,3) neutral,5,True,recode,0
e936c046-d4a4-4037-b932-e81a898047b3,prca02,likert5,3) neutral,2,True,recode,1
e936c046-d4a4-4037-b932-e81a898047b3,prca03,likert5,3) neutral,4,True,recode,0
e936c046-d4a4-4037-b932-e81a898047b3,prca04,likert5,3) neutral,2,True,recode,1
e936c046-d4a4-4037-b932-e81a898047b3,prca05,likert5,3) neutral,4,True,recode,0
e936c046-d4a4-4037-b932-e81a898047b3,prca06,likert5,3) neutral,1,True,recode,1
e936c046-d4a4-4037-b932-e81a898047b3,prca13,likert5,3) neutral,5,True,recode,0
e936c046-d4a4-4037-b932-e81a898047b3,prca14,likert5,4) agree,2,True,recode,1
e936c046-d4a4-4037-b932-e81a898047b3,prca15,likert5,3) neutral,4,True,recode,0
e936c046-d4a4-4037-b932-e81a898047b3,prca16,likert5,2) disagree,2,True,recode,1
e936c046-d4a4-4037-b932-e81a898047b3,prca17,likert5,3) neutral,2,True,recode,1
e936c046-d4a4-4037-b932-e81a898047b3,prca18,likert5,1) strongly disagree,5,True,recode,0
f5f59568-85e0-45c2-b082-496458442b7e,prca01,likert5,2) disagree,4,True,recode,0
f5f59568-85e0-45c2-b082-496458442b7e,prca02,likert5,3) neutral,2,True,recode,1
f5f59568-85e0-45c2-b082-496458442b7e,prca03,likert5,3) neutral,5,True,recode,0
f5f59568-85e0-45c2-b082-496458442b7e,prca04,likert5,3) neutral,2,True,recode,1
f5f59568-85e0-45c2-b082-496458442b7e,prca05,likert5,2) disagree,4,True,recode,0
f5f59568-85e0-45c2-b082-496458442b7e,prca06,likert5,4) agree,2,True,recode,1
f5f59568-85e0-45c2-b082-496458442b7e,prca13,likert5,1) strongly disagree,4,True,recode,0
f5f59568-85e0-45c2-b082-496458442b7e,prca14,likert5,2) disagree,2,True,recode,1
f5f59568-85e0-45c2-b082-496458442b7e,prca15,likert5,3) neutral,4,True,recode,0
f5f59568-85e0-45c2-b082-496458442b7e,prca16,likert5,3) neutral,1,True,recode,1
f5f59568-85e0-45c2-b082-496458442b7e,prca17,likert5,3) neutral,2,True,recode,1
f5f59568-85e0-45c2-b082-496458442b7e,prca18,likert5,4) agree,5,True,recode,0
2ea7c02d-f853-4afd-9d0d-516056be7c4e,prca01,likert5,3) neutral,4,True,recode,0
2ea7c02d-f853-4afd-9d0d-516056be7c4e,prca02,likert5,3) neutral,2,True,recode,1
2ea7c02d-f853-4afd-9d0d-516056be7c4e,prca03,likert5,3) neutral,4,True,recode,0
2ea7c02d-f853-4afd-9d0d-516056be7c4e,prca04,likert5,3) neutral,2,True,recode,1
2ea7c02d-f853-4afd-9d0d-516056be7c4e,prca05,likert5,2) disagree,4,True,recode,0
2ea7c02d-f853-4afd-9d0d-516056be7c4e,prca06,likert5,2) disagree,1,True,recode,1
2ea7c02d-f853-4afd-9d0d-516056be7c4e,prca13,likert5,3) neutral,3,True,recode,0
2ea7c02d-f853-4afd-9d0d-516056be7c4e,prca14,likert5,2) disagree,2,True,recode,1
2ea7c02d-f853-4afd-9d0d-516056be7c4e,prca15,likert5,3) neutral,4,True,recode,0
2ea7c02d-f853-4afd-9d0d-516056be7c4e,prca16,likert5,3) neutral,1,True,recode,1
2ea7c02d-f853-4afd-9d0d-516056be7c4e,prca17,likert5,2) disagree,1,True,recode,1
2ea7c02d-f853-4afd-9d0d-516056be7c4e,prca18,likert5,1) strongly disagree,5,True,recode,0
0d83e8c8-0591-4e6b-abd3-e20de1100dae,prca01,likert5,3) neutral,4,True,recode,0
0d83e8c8-0591-4e6b-abd3-e20de1100dae,prca02,likert5,2) disagree,2,True,recode,1
0d83e8c8-0591-4e6b-abd3-e20de1100dae,prca03,likert5,3) neutral,4,True,recode,0
0d83e8c8-0591-4e6b-abd3-e20de1100dae,prca04,likert5,1) strongly disagree,3,True,recode,1
0d83e8c8-0591-4e6b-abd3-e20de1100dae,prca05,likert5,4) agree,5,True,recode,0
0d83e8c8-0591-4e6b-abd3-e20de1100dae,prca06,likert5,2) disagree,3,True,recode,1
0d83e8c8-0591-4e6b-abd3-e20de1100dae,prca13,likert5,3) neutral,4,True,recode,0
0d83e8c8-0591-4e6b-abd3-e20de1100dae,prca14,likert5,3) neutral,2,True,recode,1
0d83e8c8-0591-4e6b-abd3-e20de1100dae,prca15,likert5,3) neutral,4,True,recode,0
0d83e8c8-0591-4e6b-abd3-e20de1100dae,prca16,likert5,2) disagree,2,True,recode,1
0d83e8c8-0591-4e6b-abd3-e20de1100dae,prca17,likert5,2) disagree,2,True,recode,1
0d83e8c8-0591-4e6b-abd3-e20de1100dae,prca18,likert5,3) neutral,4,True,recode,0
c292427a-281e-4222-8339-9f06a4bfde80,prca01,likert5,4) agree,4,True,recode,0
c292427a-281e-4222-8339-9f06a4bfde80,prca02,likert5,2) disagree,2,True,recode,1
c292427a-281e-4222-8339-9f06a4bfde80,prca03,likert5,2) disagree,3,True,recode,0
c292427a-281e-4222-8339-9f06a4bfde80,prca04,likert5,2) disagree,2,True,recode,1
c292427a-281e-4222-8339-9f06a4bfde80,prca05,likert5,3) neutral,4,True,recode,0
c292427a-281e-4222-8339-9f06a4bfde80,prca06,likert5,2) disagree,2,True,recode,1
c292427a-281e-4222-8339-9f06a4bfde80,prca13,likert5,1) strongly disagree,5,True,recode,0
c292427a-281e-4222-8339-9f06a4bfde80,prca14,likert5,3) neutral,2,True,recode,1
c292427a-281e-4222-8339-9f06a4bfde80,prca15,likert5,2) disagree,5,True,recode,0
c292427a-281e-4222-8339-9f06a4bfde80,prca16,likert5,2) disagree,1,True,recode,1
c292427a-281e-4222-8339-9f06a4bfde80,prca17,likert5,2) disagree,2,True,recode,1
c292427a-281e-4222-8339-9f06a4bfde80,prca18,likert5,3) neutral,4,True,recode,0
b9475450-bba6-4adb-930e-dc645ceaa94c,prca01,likert5,1) strongly disagree,5,True,recode,0
b9475450-bba6-4adb-930e-dc645ceaa94c,prca02,likert5,4) agree,2,True,recode,1
b9475450-bba6-4adb-930e-dc645ceaa94c,prca03,likert5,3) neutral,4,True,recode,0
b9475450-bba6-4adb-930e-dc645ceaa94c,prca04,likert5,5) strongly agree,2,True,recode,1
b9475450-bba6-4adb-930e-dc645ceaa94c,prca05,likert5,3) neutral,4,True,recode,0
b9475450-bba6-4adb-930e-dc645ceaa94c,prca06,likert5,2) disagree,2,True,recode,1
b9475450-bba6-4adb-930e-dc645ceaa94c,prca13,likert5,3) neutral,4,True,recode,0
b9475450-bba6-4adb-930e-dc645ceaa94c,prca14,likert5,4) agree,2,True,recode,1
b9475450-bba6-4adb-930e-dc645ceaa94c,prca15,likert5,3) neutral,4,True,recode,0
b9475450-bba6-4adb-930e-dc645ceaa94c,prca16,likert5,3) neutral,2,True,recode,1
b9475450-bba6-4adb-930e-dc645ceaa94c,prca17,likert5,3) neutral,2,True,recode,1
b9475450-bba6-4adb-930e-dc645ceaa94c,prca18,likert5,3) neutral,4,True,recode,0
e4191faa-53a7-4a8a-8cb1-3bf18b8b37b3,prca01,likert5,1) strongly disagree,5,True,recode,0
e4191faa-53a7-4a8a-8cb1-3bf18b8b37b3,prca02,likert5,3) neutral,2,True,recode,1
e4191faa-53a7-4a8a-8cb1-3bf18b8b37b3,prca03,likert5,1) strongly disagree,5,True,recode,0
e4191faa-53a7-4a8a-8cb1-3bf18b8b37b3,prca04,likert5,3) neutral,1,True,recode,1
e4191faa-53a7-4a8a-8cb1-3bf18b8b37b3,prca05,likert5,2) disagree,4,True,recode,0
e4191faa-53a7-4a8a-8cb1-3bf18b8b37b3,prca06,likert5,1) strongly disagree,1,True,recode,1
e4191faa-53a7-4a8a-8cb1-3bf18b8b37b3,prca13,likert5,2) disagree,5,True,recode,0
e4191faa-53a7-4a8a-8cb1-3bf18b8b37b3,prca14,likert5,1) strongly disagree,1,True,recode,1
e4191faa-53a7-4a8a-8cb1-3bf18b8b37b3,prca15,likert5,2) disagree,5,True,recode,0
e4191faa-53a7-4a8a-8cb1-3bf18b8b37b3,prca16,likert5,2) disagree,2,True,recode,1
e4191faa-53a7-4a8a-8cb1-3bf18b8b37b3,prca17,likert5,2) disagree,3,True,recode,1
e4191faa-53a7-4a8a-8cb1-3bf18b8b37b3,prca18,likert5,4) agree,4,True,recode,0
d24bc453-794f-48d9-b698-758f6d01c23f,prca01,likert5,3) neutral,4,True,recode,0
d24bc453-794f-48d9-b698-758f6d01c23f,prca02,likert5,3) neutral,2,True,recode,1
d24bc453-794f-48d9-b698-758f6d01c23f,prca03,likert5,3) neutral,4,True,recode,0
d24bc453-794f-48d9-b698-758f6d01c23f,prca04,likert5,3) neutral,2,True,recode,1
d24bc453-794f-48d9-b698-758f6d01c23f,prca05,likert5,1) strongly disagree,5,True,recode,0
d24bc453-794f-48d9-b698-758f6d01c23f,prca06,likert5,1) strongly disagree,1,True,recode,1
d24bc453-794f-48d9-b698-758f6d01c23f,prca13,likert5,3) neutral,4,True,recode,0
d24bc453-794f-48d9-b698-758f6d01c23f,prca14,likert5,2) disagree,1,True,recode,1
d24bc453-794f-48d9-b698-758f6d01c23f,prca15,likert5,1) strongly disagree,4,True,recode,0
d24bc453-794f-48d9-b698-758f6d01c23f,prca16,likert5,3) neutral,2,True,recode,1
d24bc453-794f-48d9-b698-758f6d01c23f,prca17,likert5,3) neutral,2,True,recode,1
d24bc453-794f-48d9-b698-758f6d01c23f,prca18,likert5,4) agree,5,True,recode,0
bc32b397-921e-4e0a-9cfa-07bd3c91f40d,prca01,likert5,3) neutral,4,True,recode,0
bc32b397-921e-4e0a-9cfa-07bd3c91f40d,prca02,likert5,2) disagree,1,True,recode,1
bc32b397-921e-4e0a-9cfa-07bd3c91f40d,prca03,likert5,3) neutral,4,True,recode,0
bc32b397-921e-4e0a-9cfa-07bd3c91f40d,prca04,likert5,3) neutral,2,True,recode,1
bc32b397-921e-4e0a-9cfa-07bd3c91f40d,prca05,likert5,1) strongly disagree,5,True,recode,0
bc32b397-921e-4e0a-9cfa-07bd3c91f40d,prca06,likert5,3) neutral,2,True,recode,1
bc32b397-921e-4e0a-9cfa-07bd3c91f40d,prca13,likert5,2) disagree,4,True,recode,0
bc32b397-921e-4e0a-9cfa-07bd3c91f40d,prca14,likert5,3) neutral,2,True,recode,1
bc32b397-921e-4e0a-9cfa-07bd3c91f40d,prca15,likert5,2) disagree,5,True,recode,0
bc32b397-921e-4e0a-9cfa-07bd3c91f40d,prca16,likert5,4) agree,2,True,recode,1
bc32b397-921e-4e0a-9cfa-07bd3c91f40d,prca17,likert5,2) disagree,1,True,recode,1
bc32b397-921e-4e0a-9cfa-07bd3c91f40d,prca18,likert5,4) agree,4,True,recode,0
74616827-6671-4e3c-be38-fa5d3cd07055,prca01,likert5,1) strongly disagree,5,True,recode,0
74616827-6671-4e3c-be38-fa5d3cd07055,prca02,likert5,3) neutral,2,True,recode,1
74616827-6671-4e3c-be38-fa5d3cd07055,prca03,likert5,3) neutral,4,True,recode,0
74616827-6671-4e3c-be38-fa5d3cd07055,prca04,likert5,1) strongly disagree,1,True,recode,1
74616827-6671-4e3c-be38-fa5d3cd07055,prca05,likert5,3) neutral,4,True,recode,0
74616827-6671-4e3c-be38-fa5d3cd07055,prca06,likert5,1) strongly disagree,1,True,recode,1
74616827-6671-4e3c-be38-fa5d3cd07055,prca13,likert5,3) neutral,4,True,recode,0
74616827-6671-4e3c-be38-fa5d3cd07055,prca14,likert5,3) neutral,2,True,recode,1
74616827-6671-4e3c-be38-fa5d3cd07055,prca15,likert5,4) agree,5,True,recode,0
74616827-6671-4e3c-be38-fa5d3cd07055,prca16,likert5,3) neutral,2,True,recode,1
74616827-6671-4e3c-be38-fa5d3cd07055,prca17,likert5,3) neutral,2,True,recode,1
74616827-6671-4e3c-be38-fa5d3cd07055,prca18,likert5,1) strongly disagree,5,True,recode,0
fe292b64-b73d-46c8-a495-cb6e58c4e851,prca01,likert5,3) neutral,4,True,recode,0
fe292b64-b73d-46c8-a495-cb6e58c4e851,prca02,likert5,3) neutral,2,True,recode,1
fe292b64-b73d-46c8-a495-cb6e58c4e851,prca03,likert5,4) agree,4,True,recode,0
fe292b64-b73d-46c8-a495-cb6e58c4e851,prca04,likert5,4) agree,1,True,recode,1
fe292b64-b73d-46c8-a495-cb6e58c4e851,prca05,likert5,1) strongly disagree,1,True,recode,0
fe292b64-b73d-46c8-a495-cb6e58c4e851,prca06,likert5,3) neutral,2,True,recode,1
fe292b64-b73d-46c8-a495-cb6e58c4e851,prca13,likert5,1) strongly disagree,4,True,recode,0
fe292b64-b73d-46c8-a495-cb6e58c4e851,prca14,likert5,3) neutral,2,True,recode,1
fe292b64-b73d-46c8-a495-cb6e58c4e851,prca15,likert5,4) agree,5,True,recode,0
fe292b64-b73d-46c8-a495-cb6e58c4e851,prca16,likert5,3) neutral,2,True,recode,1
fe292b64-b73d-46c8-a495-cb6e58c4e851,prca17,likert5,3) neutral,1,True,recode,1
fe292b64-b73d-46c8-a495-cb6e58c4e851,prca18,likert5,4) agree,5,True,recode,0
631ee82c-4905-4de1-93c9-01306bb0c1cd,prca01,likert5,3) neutral,4,True,recode,0
631ee82c-4905-4de1-93c9-01306bb0c1cd,prca02,likert5,3) neutral,1,True,recode,1
631ee82c-4905-4de1-93c9-01306bb0c1cd,prca03,likert5,1) strongly disagree,5,True,recode,0
631ee82c-4905-4de1-93c9-01306bb0c1cd,prca04,likert5,2) disagree,1,True,recode,1
631ee82c-4905-4de1-93c9-01306bb0c1cd,prca05,likert5,1) strongly disagree,4,True,recode,0
631ee82c-4905-4de1-93c9-01306bb0c1cd,prca06,likert5,3) neutral,1,True,recode,1
631ee82c-4905-4de1-93c9-01306bb0c1cd,prca13,likert5,3) neutral,5,True,recode,0
631ee82c-4905-4de1-93c9-01306bb0c1cd,prca14,likert5,3) neutral,2,True,recode,1
631ee82c-4905-4de1-93c9-01306bb0c1cd,prca15,likert5,3) neutral,4,True,recode,0
631ee82c-4905-4de1-93c9-01306bb0c1cd,prca16,likert5,3) neutral,2,True,recode,1
631ee82c-4905-4de1-93c9-01306bb0c1cd,prca17,likert5,1) strongly disagree,1,True,recode,1
631ee82c-4905-4de1-93c9-01306bb0c1cd,prca18,likert5,3) neutral,4,True,recode,0
06e0b213-0294-44f3-b8ae-fb577c24bf52,prca01,likert5,3) neutral,4,True,recode,0
06e0b213-0294-44f3-b8ae-fb577c24bf52,prca02,likert5,3) neutral,2,True,recode,1
06e0b213-0294-44f3-b8ae-fb577c24bf52,prca03,likert5,3) neutral,4,True,recode,0
06e0b213-0294-44f3-b8ae-fb577c24bf52,prca04,likert5,4) agree,1,True,recode,1
06e0b213-0294-44f3-b8ae-fb577c24bf52,prca05,likert5,4) agree,5,True,recode,0
06e0b213-0294-44f3-b8ae-fb577c24bf52,prca06,likert5,2) disagree,2,True,recode,1
06e0b213-0294-44f3-b8ae-fb577c24bf52,prca13,likert5,1) strongly disagree,4,True,recode,0
06e0b213-0294-44f3-b8ae-fb577c24bf52,prca14,likert5,3) neutral,2,True,recode,1
06e0b213-0294-44f3-b8ae-fb577c24bf52,prca15,likert5,3) neutral,4,True,recode,0
06e0b213-0294-44f3-b8ae-fb577c24bf52,prca16,likert5,1) strongly disagree,1,True,recode,1
06e0b213-0294-44f3-b8ae-fb577c24bf52,prca17,likert5,3) neutral,1,True,recode,1
06e0b213-0294-44f3-b8ae-fb577c24bf52,prca18,likert5,3) neutral,4,True,recode,0
986737d4-61fc-48e8-9772-2e91336bd2e9,prca01,likert5,4) agree,4,True,recode,0
986737d4-61fc-48e8-9772-2e91336bd2e9,prca02,likert5,3) neutral,1,True,recode,1
986737d4-61fc-48e8-9772-2e91336bd2e9,prca03,likert5,3) neutral,4,True,recode,0
986737d4-61fc-48e8-9772-2e91336bd2e9,prca04,likert5,4) agree,2,True,recode,1
986737d4-61fc-48e8-9772-2e91336bd2e9,prca05,likert5,3) neutral,4,True,recode,0
986737d4-61fc-48e8-9772-2e91336bd2e9,prca06,likert5,3) neutral,1,True,recode,1
986737d4-61fc-48e8-9772-2e91336bd2e9,prca13,likert5,3) neutral,4,True,recode,0
986737d4-61fc-48e8-9772-2e91336bd2e9,prca14,likert5,4) agree,2,True,recode,1
986737d4-61fc-48e8-9772-2e91336bd2e9,prca15,likert5,4) agree,4,True,recode,0
986737d4-61fc-48e8-9772-2e91336bd2e9,prca16,likert5,4) agree,2,True,recode,1
986737d4-61fc-48e8-9772-2e91336bd2e9,prca17,likert5,3) neutral,1,True,recode,1
986737d4-61fc-48e8-9772-2e91336bd2e9,prca18,likert5,1) strongly disagree,5,True,recode,0
848d37be-78ee-486d-a926-1a5cdef84f5f,prca01,likert5,3) neutral,4,True,recode,0
848d37be-78ee-486d-a926-1a5cdef84f5f,prca02,likert5,3) neutral,2,True,recode,1
848d37be-78ee-486d-a926-1a5cdef84f5f,prca03,likert5,1) strongly disagree,5,True,recode,0
848d37be-78ee-486d-a926-1a5cdef84f5f,prca04,likert5,3) neutral,2,True,recode,1
848d37be-78ee-486d-a926-1a5cdef84f5f,prca05,likert5,3) neutral,4,True,recode,0
848d37be-78ee-486d-a926-1a5cdef84f5f,prca06,likert5,3) neutral,1,True,recode,1
848d37be-78ee-486d-a926-1a5cdef84f5f,prca13,likert5,3) neutral,5,True,recode,0
848d37be-78ee-486d-a926-1a5cdef84f5f,prca14,likert5,3) neutral,2,True,recode,1
848d37be-78ee-486d-a926-1a5cdef84f5f,prca15,likert5,4) agree,4,True,recode,0
848d37be-78ee-486d-a926-1a5cdef84f5f,prca16,likert5,4) agree,1,True,recode,1
848d37be-78ee-486d-a926-1a5cdef84f5f,prca17,likert5,1) strongly disagree,1,True,recode,1
848d37be-78ee-486d-a926-1a5cdef84f5f,prca18,likert5,3) neutral,4,True,recode,0
63c9a032-d799-4142-b939-999e2881da93,prca01,likert5,3) neutral,4,True,recode,0
63c9a032-d799-4142-b939-999e2881da93,prca02,likert5,2) disagree,1,True,recode,1
63c9a032-d799-4142-b939-999e2881da93,prca03,likert5,3) neutral,3,True,recode,0
63c9a032-d799-4142-b939-999e2881da93,prca04,likert5,3) neutral,2,True,recode,1
63c9a032-d799-4142-b939-999e2881da93,prca05,likert5,3) neutral,5,True,recode,0
63c9a032-d799-4142-b939-999e2881da93,prca06,likert5,4) agree,2,True,recode,1
63c9a032-d799-4142-b939-999e2881da93,prca13,likert5,1) strongly disagree,5,True,recode,0
63c9a032-d799-4142-b939-999e2881da93,prca14,likert5,3) neutral,1,True,recode,1
63c9a032-d799-4142-b939-999e2881da93,prca15,likert5,3) neutral,4,True,recode,0
63c9a032-d799-4142-b939-999e2881da93,prca16,likert5,3) neutral,1,True,recode,1
63c9a032-d799-4142-b939-999e2881da93,prca17,likert5,4) agree,1,True,recode,1
63c9a032-d799-4142-b939-999e2881da93,prca18,likert5,3) neutral,4,True,recode,0
f2531864-a539-4e51-a421-59c32489906d,prca01,likert5,2) disagree,5,True,recode,0
f2531864-a539-4e51-a421-59c32489906d,prca02,likert5,3) neutral,2,True,recode,1
f2531864-a539-4e51-a421-59c32489906d,prca03,likert5,1) strongly disagree,5,True,recode,0
f2531864-a539-4e51-a421-59c32489906d,prca04,likert5,4) agree,1,True,recode,1
f2531864-a539-4e51-a421-59c32489906d,prca05,likert5,3) neutral,4,True,recode,0
f2531864-a539-4e51-a421-59c32489906d,prca06,likert5,4) agree,2,True,recode,1
f2531864-a539-4e51-a421-59c32489906d,prca13,likert5,1) strongly disagree,4,True,recode,0
f2531864-a539-4e51-a421-59c32489906d,prca14,likert5,2) disagree,1,True,recode,1
f2531864-a539-4e51-a421-59c32489906d,prca15,likert5,3) neutral,4,True,recode,0
f2531864-a539-4e51-a421-59c32489906d,prca16,likert5,1) strongly disagree,1,True,recode,1
f2531864-a539-4e51-a421-59c32489906d,prca17,likert5,1) strongly disagree,2,True,recode,1
f2531864-a539-4e51-a421-59c32489906d,prca18,likert5,3) neutral,4,True,recode,0
f9900227-a208-4751-b939-a301ba5d9cfa,prca01,likert5,1) strongly disagree,5,True,recode,0
f9900227-a208-4751-b939-a301ba5d9cfa,prca02,likert5,3) neutral,2,True,recode,1
f9900227-a208-4751-b939-a301ba5d9cfa,prca03,likert5,1) strongly disagree,5,True,recode,0
f9900227-a208-4751-b939-a301ba5d9cfa,prca04,likert5,4) agree,2,True,recode,1
f9900227-a208-4751-b939-a301ba5d9cfa,prca05,likert5,3) neutral,5,True,recode,0
f9900227-a208-4751-b939-a301ba5d9cfa,prca06,likert5,4) agree,2,True,recode,1
f9900227-a208-4751-b939-a301ba5d9cfa,prca13,likert5,2) disagree,4,True,recode,0
f9900227-a208-4751-b939-a301ba5d9cfa,prca14,likert5,3) neutral,1,True,recode,1
f9900227-a208-4751-b939-a301ba5d9cfa,prca15,likert5,4) agree,4,True,recode,0
f9900227-a208-4751-b939-a301ba5d9cfa,prca16,likert5,4) agree,2,True,recode,1
f9900227-a208-4751-b939-a301ba5d9cfa,prca17,likert5,3) neutral,2,True,recode,1
f9900227-a208-4751-b939-a301ba5d9cfa,prca18,likert5,1) strongly disagree,5,True,recode,0
0b8fa579-bb4c-4162-b999-afb95f4f8169,prca01,likert5,3) neutral,4,True,recode,0
0b8fa579-bb4c-4162-b999-afb95f4f8169,prca02,likert5,4) agree,2,True,recode,1
0b8fa579-bb4c-4162-b999-afb95f4f8169,prca03,likert5,3) neutral,5,True,recode,0
0b8fa579-bb4c-4162-b999-afb95f4f8169,prca04,likert5,3) neutral,2,True,recode,1
0b8fa579-bb4c-4162-b999-afb95f4f8169,prca05,likert5,2) disagree,4,True,recode,0
0b8fa579-bb4c-4162-b999-afb95f4f8169,prca06,likert5,3) neutral,2,True,recode,1
0b8fa579-bb4c-4162-b999-afb95f4f8169,prca13,likert5,4) agree,5,True,recode,0
0b8fa579-bb4c-4162-b999-afb95f4f8169,prca14,likert5,4) agree,2,True,recode,1
0b8fa579-bb4c-4162-b999-afb95f4f8169,prca15,likert5,3) neutral,4,True,recode,0
0b8fa579-bb4c-4162-b999-afb95f4f8169,prca16,likert5,3) neutral,2,True,recode,1
0b8fa579-bb4c-4162-b999-afb95f4f8169,prca17,likert5,2) disagree,5,True,recode,1
0b8fa579-bb4c-4162-b999-afb95f4f8169,prca18,likert5,1) strongly disagree,5,True,recode,0
d86fe76f-02d8-4fe9-a997-dd504a85fa06,prca01,likert5,4) agree,5,True,recode,0
d86fe76f-02d8-4fe9-a997-dd504a85fa06,prca02,likert5,2) disagree,1,True,recode,1
d86fe76f-02d8-4fe9-a997-dd504a85fa06,prca03,likert5,1) strongly disagree,5,True,recode,0
d86fe76f-02d8-4fe9-a997-dd504a85fa06,prca04,likert5,4) agree,1,True,recode,1
d86fe76f-02d8-4fe9-a997-dd504a85fa06,prca05,likert5,3) neutral,4,True,recode,0
d86fe76f-02d8-4fe9-a997-dd504a85fa06,prca06,likert5,2) disagree,2,True,recode,1
d86fe76f-02d8-4fe9-a997-dd504a85fa06,prca13,likert5,4) agree,5,True,recode,0
d86fe76f-02d8-4fe9-a997-dd504a85fa06,prca14,likert5,5) strongly agree,3,True,recode,1
d86fe76f-02d8-4fe9-a997-dd504a85fa06,prca15,likert5,1) strongly disagree,5,True,recode,0
d86fe76f-02d8-4fe9-a997-dd504a85fa06,prca16,likert5,3) neutral,2,True,recode,1
d86fe76f-02d8-4fe9-a997-dd504a85fa06,prca17,likert5,3) neutral,2,True,recode,1
d86fe76f-02d8-4fe9-a997-dd504a85fa06,prca18,likert5,1) strongly disagree,5,True,recode,0
94f9a001-22fa-46ea-a1c4-a961455e797f,prca01,likert5,3) neutral,4,True,recode,0
94f9a001-22fa-46ea-a1c4-a961455e797f,prca02,likert5,2) disagree,2,True,recode,1
94f9a001-22fa-46ea-a1c4-a961455e797f,prca03,likert5,3) neutral,4,True,recode,0
94f9a001-22fa-46ea-a1c4-a961455e797f,prca04,likert5,4) agree,4,True,recode,1
94f9a001-22fa-46ea-a1c4-a961455e797f,prca05,likert5,3) neutral,5,True,recode,0
94f9a001-22fa-46ea-a1c4-a961455e797f,prca06,likert5,3) neutral,2,True,recode,1
94f9a001-22fa-46ea-a1c4-a961455e797f,prca13,likert5,3) neutral,4,True,recode,0
94f9a001-22fa-46ea-a1c4-a961455e797f,prca14,likert5,4) agree,2,True,recode,1
94f9a001-22fa-46ea-a1c4-a961455e797f,prca15,likert5,3) neutral,4,True,recode,0
94f9a001-22fa-46ea-a1c4-a961455e797f,prca16,likert5,3) neutral,2,True,recode,1
94f9a001-22fa-46ea-a1c4-a961455e797f,prca17,likert5,3) neutral,2,True,recode,1
94f9a001-22fa-46ea-a1c4-a961455e797f,prca18,likert5,4) agree,4,True,recode,0
75bc0b9d-b1a8-4436-8906-68ba843c9398,prca01,likert5,3) neutral,5,True,recode,0
75bc0b9d-b1a8-4436-8906-68ba843c9398,prca02,likert5,3) neutral,2,True,recode,1
75bc0b9d-b1a8-4436-8906-68ba843c9398,prca03,likert5,4) agree,4,True,recode,0
75bc0b9d-b1a8-4436-8906-68ba843c9398,prca04,likert5,4) agree,1,True,recode,1
75bc0b9d-b1a8-4436-8906-68ba843c9398,prca05,likert5,3) neutral,4,True,recode,0
75bc0b9d-b1a8-4436-8906-68ba843c9398,prca06,likert5,3) neutral,2,True,recode,1
75bc0b9d-b1a8-4436-8906-68ba843c9398,prca13,likert5,2) disagree,5,True,recode,0
75bc0b9d-b1a8-4436-8906-68ba843c9398,prca14,likert5,2) disagree,5,True,recode,1
75bc0b9d-b1a8-4436-8906-68ba843c9398,prca15,likert5,4) agree,4,True,recode,0
75bc0b9d-b1a8-4436-8906-68ba843c9398,prca16,likert5,2) disagree,2,True,recode,1
75bc0b9d-b1a8-4436-8906-68ba843c9398,prca17,likert5,2) disagree,3,True,recode,1
75bc0b9d-b1a8-4436-8906-68ba843c9398,prca18,likert5,1) strongly disagree,5,True,recode,0
53528d4d-a870-4f7e-9067-56a6132565b6,prca01,likert5,1) strongly disagree,5,True,recode,0
53528d4d-a870-4f7e-9067-56a6132565b6,prca02,likert5,1) strongly disagree,1,True,recode,1
53528d4d-a870-4f7e-9067-56a6132565b6,prca03,likert5,3) neutral,4,True,recode,0
53528d4d-a870-4f7e-9067-56a6132565b6,prca04,likert5,1) strongly disagree,1,True,recode,1
53528d4d-a870-4f7e-9067-56a6132565b6,prca05,likert5,2) disagree,4,True,recode,0
53528d4d-a870-4f7e-9067-56a6132565b6,prca06,likert5,2) disagree,2,True,recode,1
53528d4d-a870-4f7e-9067-56a6132565b6,prca13,likert5,3) neutral,4,True,recode,0
53528d4d-a870-4f7e-9067-56a6132565b6,prca14,likert5,3) neutral,2,True,recode,1
53528d4d-a870-4f7e-9067-56a6132565b6,prca15,likert5,3) neutral,4,True,recode,0
53528d4d-a870-4f7e-9067-56a6132565b6,prca16,likert5,3) neutral,2,True,recode,1
53528d4d-a870-4f7e-9067-56a6132565b6,prca17,likert5,3) neutral,2,True,recode,1
53528d4d-a870-4f7e-9067-56a6132565b6,prca18,likert5,4) agree,4,True,recode,0
33f67d92-fb10-4674-8705-49427045e785,prca01,likert5,2) disagree,4,True,recode,0
33f67d92-fb10-4674-8705-49427045e785,prca02,likert5,3) neutral,2,True,recode,1
33f67d92-fb10-4674-8705-49427045e785,prca03,likert5,3) neutral,4,True,recode,0
33f67d92-fb10-4674-8705-49427045e785,prca04,likert5,2) disagree,2,True,recode,1
33f67d92-fb10-4674-8705-49427045e785,prca05,likert5,3) neutral,4,True,recode,0
33f67d92-fb10-4674-8705-49427045e785,prca06,likert5,3) neutral,1,True,recode,1
33f67d92-fb10-4674-8705-49427045e785,prca13,likert5,2) disagree,4,True,recode,0
33f67d92-fb10-4674-8705-49427045e785,prca14,likert5,4) agree,2,True,recode,1
33f67d92-fb10-4674-8705-49427045e785,prca15,likert5,1) strongly disagree,5,True,recode,0
33f67d92-fb10-4674-8705-49427045e785,prca16,likert5,2) disagree,2,True,recode,1
33f67d92-fb10-4674-8705-49427045e785,prca17,likert5,3) neutral,2,True,recode,1
33f67d92-fb10-4674-8705-49427045e785,prca18,likert5,4) agree,4,True,recode,0
aab95dc1-0d6e-466c-9ab4-9f4ff18c8ad3,prca01,likert5,2) disagree,4,True,recode,0
aab95dc1-0d6e-466c-9ab4-9f4ff18c8ad3,prca02,likert5,2) disagree,2,True,recode,1
aab95dc1-0d6e-466c-9ab4-9f4ff18c8ad3,prca03,likert5,3) neutral,4,True,recode,0
aab95dc1-0d6e-466c-9ab4-9f4ff18c8ad3,prca04,likert5,3) neutral,2,True,recode,1
aab95dc1-0d6e-466c-9ab4-9f4ff18c8ad3,prca05,likert5,3) neutral,4,True,recode,0
aab95dc1-0d6e-466c-9ab4-9f4ff18c8ad3,prca06,likert5,3) neutral,2,True,recode,1
aab95dc1-0d6e-466c-9ab4-9f4ff18c8ad3,prca13,likert5,3) neutral,4,True,recode,0
aab95dc1-0d6e-466c-9ab4-9f4ff18c8ad3,prca14,likert5,1) strongly disagree,1,True,recode,1
aab95dc1-0d6e-466c-9ab4-9f4ff18c8ad3,prca15,likert5,4) agree,5,True,recode,0
aab95dc1-0d6e-466c-9ab4-9f4ff18c8ad3,prca16,likert5,1) strongly disagree,1,True,recode,1
aab95dc1-0d6e-466c-9ab4-9f4ff18c8ad3,prca17,likert5,1) strongly disagree,1,True,recode,1
aab95dc1-0d6e-466c-9ab4-9f4ff18c8ad3,prca18,likert5,1) strongly disagree,4,True,recode,0
5015856f-5f7f-4440-acf9-8d3d22524d80,prca01,likert5,3) neutral,5,True,recode,0
5015856f-5f7f-4440-acf9-8d3d22524d80,prca02,likert5,2) disagree,2,True,recode,1
5015856f-5f7f-4440-acf9-8d3d22524d80,prca03,likert5,2) disagree,3,True,recode,0
5015856f-5f7f-4440-acf9-8d3d22524d80,prca04,likert5,3) neutral,2,True,recode,1
5015856f-5f7f-4440-acf9-8d3d22524d80,prca05,likert5,4) agree,4,True,recode,0
5015856f-5f7f-4440-acf9-8d3d22524d80,prca06,likert5,1) strongly disagree,5,True,recode,1
5015856f-5f7f-4440-acf9-8d3d22524d80,prca13,likert5,2) disagree,3,True,recode,0
5015856f-5f7f-4440-acf9-8d3d22524d80,prca14,likert5,5) strongly agree,3,True,recode,1
5015856f-5f7f-4440-acf9-8d3d22524d80,prca15,likert5,3) neutral,4,True,recode,0
5015856f-5f7f-4440-acf9-8d3d22524d80,prca16,likert5,2) disagree,3,True,recode,1
5015856f-5f7f-4440-acf9-8d3d22524d80,prca17,likert5,3) neutral,2,True,recode,1
5015856f-5f7f-4440-acf9-8d3d22524d80,prca18,likert5,4) agree,5,True,recode,0
ef99ec1c-c499-4515-822c-a051e053d94f,prca01,likert5,3) neutral,4,True,recode,0
ef99ec1c-c499-4515-822c-a051e053d94f,prca02,likert5,3) neutral,2,True,recode,1
ef99ec1c-c499-4515-822c-a051e053d94f,prca03,likert5,2) disagree,4,True,recode,0
ef99ec1c-c499-4515-822c-a051e053d94f,prca04,likert5,3) neutral,2,True,recode,1
ef99ec1c-c499-4515-822c-a051e053d94f,prca05,likert5,2) disagree,5,True,recode,0
ef99ec1c-c499-4515-822c-a051e053d94f,prca06,likert5,3) neutral,1,True,recode,1
ef99ec1c-c499-4515-822c-a051e053d94f,prca13,likert5,2) disagree,4,True,recode,0
ef99ec1c-c499-4515-822c-a051e053d94f,prca14,likert5,2) disagree,3,True,recode,1
ef99ec1c-c499-4515-822c-a051e053d94f,prca15,likert5,3) neutral,4,True,recode,0
ef99ec1c-c499-4515-822c-a051e053d94f,prca16,likert5,3) neutral,2,True,recode,1
ef99ec1c-c499-4515-822c-a051e053d94f,prca17,likert5,2) disagree,1,True,recode,1
ef99ec1c-c499-4515-822c-a051e053d94f,prca18,likert5,1) strongly disagree,5,True,recode,0
d4a90581-2e56-4bf4-80d3-791f759b8843,prca01,likert5,2) disagree,5,True,recode,0
d4a90581-2e56-4bf4-80d3-791f759b8843,prca02,likert5,3) neutral,2,True,recode,1
d4a90581-2e56-4bf4-80d3-791f759b8843,prca03,likert5,3) neutral,4,True,recode,0
d4a90581-2e56-4bf4-80d3-791f759b8843,prca04,likert5,3) neutral,1,True,recode,1
d4a90581-2e56-4bf4-80d3-791f759b8843,prca05,likert5,1) strongly disagree,5,True,recode,0
d4a90581-2e56-4bf4-80d3-791f759b8843,prca06,likert5,3) neutral,2,True,recode,1
d4a90581-2e56-4bf4-80d3-791f759b8843,prca13,likert5,1) strongly disagree,5,True,recode,0
d4a90581-2e56-4bf4-80d3-791f759b8843,prca14,likert5,2) disagree,2,True,recode,1
d4a90581-2e56-4bf4-80d3-791f759b8843,prca15,likert5,3) neutral,4,True,recode,0
d4a90581-2e56-4bf4-80d3-791f759b8843,prca16,likert5,1) strongly disagree,1,True,recode,1
d4a90581-2e56-4bf4-80d3-791f759b8843,prca17,likert5,3) neutral,2,True,recode,1
d4a90581-2e56-4bf4-80d3-791f759b8843,prca18,likert5,2) disagree,4,True,recode,0
1e431577-7703-4c6f-9b09-50070af1c20c,prca01,likert5,2) disagree,5,True,recode,0
1e431577-7703-4c6f-9b09-50070af1c20c,prca02,likert5,3) neutral,1,True,recode,1
1e431577-7703-4c6f-9b09-50070af1c20c,prca03,likert5,3) neutral,4,True,recode,0
1e431577-7703-4c6f-9b09-50070af1c20c,prca04,likert5,4) agree,1,True,recode,1
1e431577-7703-4c6f-9b09-50070af1c20c,prca05,likert5,2) disagree,4,True,recode,0
1e431577-7703-4c6f-9b09-50070af1c20c,prca06,likert5,3) neutral,2,True,recode,1
1e431577-7703-4c6f-9b09-50070af1c20c,prca13,likert5,3) neutral,4,True,recode,0
1e431577-7703-4c6f-9b09-50070af1c20c,prca14,likert5,2) disagree,1,True,recode,1
1e431577-7703-4c6f-9b09-50070af1c20c,prca15,likert5,3) neutral,4,True,recode,0
1e431577-7703-4c6f-9b09-50070af1c20c,prca16,likert5,3) neutral,2,True,recode,1
1e431577-7703-4c6f-9b09-50070af1c20c,prca17,likert5,2) disagree,1,True,recode,1
1e431577-7703-4c6f-9b09-50070af1c20c,prca18,likert5,3) neutral,4,True,recode,0
9e6ec11f-a92a-4650-9f91-7626d74fd584,prca01,likert5,3) neutral,4,True,recode,0
9e6ec11f-a92a-4650-9f91-7626d74fd584,prca02,likert5,2) disagree,1,True,recode,1
9e6ec11f-a92a-4650-9f91-7626d74fd584,prca03,likert5,3) neutral,4,True,recode,0
9e6ec11f-a92a-4650-9f91-7626d74fd584,prca04,likert5,1) strongly disagree,2,True,recode,1
9e6ec11f-a92a-4650-9f91-7626d74fd584,prca05,likert5,2) disagree,4,True,recode,0
9e6ec11f-a92a-4650-9f91-7626d74fd584,prca06,likert5,3) neutral,2,True,recode,1
9e6ec11f-a92a-4650-9f91-7626d74fd584,prca13,likert5,4) agree,4,True,recode,0
9e6ec11f-a92a-4650-9f91-7626d74fd584,prca14,likert5,2) disagree,2,True,recode,1
9e6ec11f-a92a-4650-9f91-7626d74fd584,prca15,likert5,4) agree,4,True,recode,0
9e6ec11f-a92a-4650-9f91-7626d74fd584,prca16,likert5,4) agree,2,True,recode,1
9e6ec11f-a92a-4650-9f91-7626d74fd584,prca17,likert5,3) neutral,2,True,recode,1
9e6ec11f-a92a-4650-9f91-7626d74fd584,prca18,likert5,1) strongly disagree,4,True,recode,0
6767bf61-5b82-41c0-9e30-84c53c4ef013,prca01,likert5,2) disagree,5,True,recode,0
6767bf61-5b82-41c0-9e30-84c53c4ef013,prca02,likert5,3) neutral,2,True,recode,1
6767bf61-5b82-41c0-9e30-84c53c4ef013,prca03,likert5,4) agree,5,True,recode,0
6767bf61-5b82-41c0-9e30-84c53c4ef013,prca04,likert5,3) neutral,2,True,recode,1
6767bf61-5b82-41c0-9e30-84c53c4ef013,prca05,likert5,2) disagree,4,True,recode,0
6767bf61-5b82-41c0-9e30-84c53c4ef013,prca06,likert5,3) neutral,2,True,recode,1
6767bf61-5b82-41c0-9e30-84c53c4ef013,prca13,likert5,1) strongly disagree,4,True,recode,0
6767bf61-5b82-41c0-9e30-84c53c4ef013,prca14,likert5,3) neutral,2,True,recode,1
6767bf61-5b82-41c0-9e30-84c53c4ef013,prca15,likert5,4) agree,5,True,recode,0
6767bf61-5b82-41c0-9e30-84c53c4ef013,prca16,likert5,3) neutral,2,True,recode,1
6767bf61-5b82-41c0-9e30-84c53c4ef013,prca17,likert5,4) agree,2,True,recode,1
6767bf61-5b82-41c0-9e30-84c53c4ef013,prca18,likert5,4) agree,5,True,recode,0
d4d605ce-d237-4fc4-a05b-477a9165c94c,prca01,likert5,2) disagree,5,True,recode,0
d4d605ce-d237-4fc4-a05b-477a9165c94c,prca02,likert5,3) neutral,2,True,recode,1
d4d605ce-d237-4fc4-a05b-477a9165c94c,prca03,likert5,1) strongly disagree,4,True,recode,0
d4d605ce-d237-4fc4-a05b-477a9165c94c,prca04,likert5,3) neutral,2,True,recode,1
d4d605ce-d237-4fc4-a05b-477a9165c94c,prca05,likert5,3) neutral,4,True,recode,0
d4d605ce-d237-4fc4-a05b-477a9165c94c,prca06,likert5,2) disagree,3,True,recode,1
d4d605ce-d237-4fc4-a05b-477a9165c94c,prca13,likert5,3) neutral,4,True,recode,0
d4d605ce-d237-4fc4-a05b-477a9165c94c,prca14,likert5,5) strongly agree,2,True,recode,1
d4d605ce-d237-4fc4-a05b-477a9165c94c,prca15,likert5,1) strongly disagree,3,True,recode,0
d4d605ce-d237-4fc4-a05b-477a9165c94c,prca16,likert5,2) disagree,1,True,recode,1
d4d605ce-d237-4fc4-a05b-477a9165c94c,prca17,likert5,4) agree,2,True,recode,1
d4d605ce-d237-4fc4-a05b-477a9165c94c,prca18,likert5,4) agree,4,True,recode,0
3dce0400-d4e9-4784-8a25-1be91c8e36e4,prca01,likert5,2) disagree,4,True,recode,0
3dce0400-d4e9-4784-8a25-1be91c8e36e4,prca02,likert5,2) disagree,2,True,recode,1
3dce0400-d4e9-4784-8a25-1be91c8e36e4,prca03,likert5,3) neutral,4,True,recode,0
3dce0400-d4e9-4784-8a25-1be91c8e36e4,prca04,likert5,3) neutral,2,True,recode,1
3dce0400-d4e9-4784-8a25-1be91c8e36e4,prca05,likert5,3) neutral,2,True,recode,0
3dce0400-d4e9-4784-8a25-1be91c8e36e4,prca06,likert5,3) neutral,2,True,recode,1
3dce0400-d4e9-4784-8a25-1be91c8e36e4,prca13,likert5,3) neutral,5,True,recode,0
3dce0400-d4e9-4784-8a25-1be91c8e36e4,prca14,likert5,3) neutral,2,True,recode,1
3dce0400-d4e9-4784-8a25-1be91c8e36e4,prca15,likert5,1) strongly disagree,5,True,recode,0
3dce0400-d4e9-4784-8a25-1be91c8e36e4,prca16,likert5,4) agree,1,True,recode,1
3dce0400-d4e9-4784-8a25-1be91c8e36e4,prca17,likert5,3) neutral,2,True,recode,1
3dce0400-d4e9-4784-8a25-1be91c8e36e4,prca18,likert5,3) neutral,4,True,recode,0
069a2e27-7a1b-47de-a676-b09f9d13bc72,prca01,likert5,2) disagree,4,True,recode,0
069a2e27-7a1b-47de-a676-b09f9d13bc72,prca02,likert5,2) disagree,2,True,recode,1
069a2e27-7a1b-47de-a676-b09f9d13bc72,prca03,likert5,3) neutral,4,True,recode,0
069a2e27-7a1b-47de-a676-b09f9d13bc72,prca04,likert5,4) agree,1,True,recode,1
069a2e27-7a1b-47de-a676-b09f9d13bc72,prca05,likert5,1) strongly disagree,5,True,recode,0
069a2e27-7a1b-47de-a676-b09f9d13bc72,prca06,likert5,2) disagree,2,True,recode,1
069a2e27-7a1b-47de-a676-b09f9d13bc72,prca13,likert5,3) neutral,4,True,recode,0
069a2e27-7a1b-47de-a676-b09f9d13bc72,prca14,likert5,1) strongly disagree,1,True,recode,1
069a2e27-7a1b-47de-a676-b09f9d13bc72,prca15,likert5,3) neutral,4,True,recode,0
069a2e27-7a1b-47de-a676-b09f9d13bc72,prca16,likert5,2) disagree,2,True,recode,1
069a2e27-7a1b-47de-a676-b09f9d13bc72,prca17,likert5,1) strongly disagree,1,True,recode,1
069a2e27-7a1b-47de-a676-b09f9d13bc72,prca18,likert5,3) neutral,4,True,recode,0
0854cfd3-1b54-42cd-b494-b007f16e098e,prca01,likert5,2) disagree,5,True,recode,0
0854cfd3-1b54-42cd-b494-b007f16e098e,prca02,likert5,3) neutral,2,True,recode,1
0854cfd3-1b54-42cd-b494-b007f16e098e,prca03,likert5,3) neutral,4,True,recode,0
0854cfd3-1b54-42cd-b494-b007f16e098e,prca04,likert5,3) neutral,2,True,recode,1
0854cfd3-1b54-42cd-b494-b007f16e098e,prca05,likert5,3) neutral,4,True,recode,0
0854cfd3-1b54-42cd-b494-b007f16e098e,prca06,likert5,3) neutral,2,True,recode,1
0854cfd3-1b54-42cd-b494-b007f16e098e,prca13,likert5,2) disagree,4,True,recode,0
0854cfd3-1b54-42cd-b494-b007f16e098e,prca14,likert5,3) neutral,2,True,recode,1
0854cfd3-1b54-42cd-b494-b007f16e098e,prca15,likert5,3) neutral,4,True,recode,0
0854cfd3-1b54-42cd-b494-b007f16e098e,prca16,likert5,3) neutral,1,True,recode,1
0854cfd3-1b54-42cd-b494-b007f16e098e,prca17,likert5,5) strongly agree,4,True,recode,1
0854cfd3-1b54-42cd-b494-b007f16e098e,prca18,likert5,3) neutral,4,True,recode,0
9dd95eb2-9868-4e53-a607-aca143a403fb,prca01,likert5,2) disagree,3,True,recode,0
9dd95eb2-9868-4e53-a607-aca143a403fb,prca02,likert5,2) disagree,1,True,recode,1
9dd95eb2-9868-4e53-a607-aca143a403fb,prca03,likert5,2) disagree,4,True,recode,0
9dd95eb2-9868-4e53-a607-aca143a403fb,prca04,likert5,3) neutral,2,True,recode,1
9dd95eb2-9868-4e53-a607-aca143a403fb,prca05,likert5,1) strongly disagree,5,True,recode,0
9dd95eb2-9868-4e53-a607-aca143a403fb,prca06,likert5,3) neutral,2,True,recode,1
9dd95eb2-9868-4e53-a607-aca143a403fb,prca13,likert5,1,1,True,validated,0
9dd95eb2-9868-4e53-a607-aca143a403fb,prca14,likert5,3) neutral,1,True,recode,1
9dd95eb2-9868-4e53-a607-aca143a403fb,prca15,likert5,3) neutral,4,True,recode,0
9dd95eb2-9868-4e53-a607-aca143a403fb,prca16,likert5,2) disagree,2,True,recode,1
9dd95eb2-9868-4e53-a607-aca143a403fb,prca17,likert5,3) neutral,3) neutral,False,invalid,0
9dd95eb2-9868-4e53-a607-aca143a403fb,prca18,likert5,4) agree,4,True,recode,0
d6217ff6-352a-4ec6-9226-45a82d9d1a64,prca01,likert5,3) neutral,4,True,recode,0
d6217ff6-352a-4ec6-9226-45a82d9d1a64,prca02,likert5,3) neutral,2,True,recode,1
d6217ff6-352a-4ec6-9226-45a82d9d1a64,prca03,likert5,3) neutral,4,True,recode,0
d6217ff6-352a-4ec6-9226-45a82d9d1a64,prca04,likert5,2) disagree,2,True,recode,1
d6217ff6-352a-4ec6-9226-45a82d9d1a64,prca05,likert5,3) neutral,4,True,recode,0
d6217ff6-352a-4ec6-9226-45a82d9d1a64,prca06,likert5,2) disagree,2,True,recode,1
d6217ff6-352a-4ec6-9226-45a82d9d1a64,prca13,likert5,4) agree,5,True,recode,0
d6217ff6-352a-4ec6-9226-45a82d9d1a64,prca14,likert5,3) neutral,2,True,recode,1
d6217ff6-352a-4ec6-9226-45a82d9d1a64,prca15,likert5,1) strongly disagree,5,True,recode,0
d6217ff6-352a-4ec6-9226-45a82d9d1a64,prca16,likert5,3) neutral,2,True,recode,1
d6217ff6-352a-4ec6-9226-45a82d9d1a64,prca17,likert5,4) agree,1,True,recode,1
d6217ff6-352a-4ec6-9226-45a82d9d1a64,prca18,likert5,3) neutral,4,True,recode,0
7b38a358-3106-4f9f-af8c-6447f27f03d2,prca01,likert5,1) strongly disagree,5,True,recode,0
7b38a358-3106-4f9f-af8c-6447f27f03d2,prca02,likert5,2) disagree,1,True,recode,1
7b38a358-3106-4f9f-af8c-6447f27f03d2,prca03,likert5,3) neutral,4,True,recode,0
7b38a358-3106-4f9f-af8c-6447f27f03d2,prca04,likert5,4) agree,4,True,recode,1
7b38a358-3106-4f9f-af8c-6447f27f03d2,prca05,likert5,4) agree,5,True,recode,0
7b38a358-3106-4f9f-af8c-6447f27f03d2,prca06,likert5,3) neutral,4,True,recode,1
7b38a358-3106-4f9f-af8c-6447f27f03d2,prca13,likert5,2) disagree,4,True,recode,0
7b38a358-3106-4f9f-af8c-6447f27f03d2,prca14,likert5,3) neutral,2,True,recode,1
7b38a358-3106-4f9f-af8c-6447f27f03d2,prca15,likert5,3) neutral,4,True,recode,0
7b38a358-3106-4f9f-af8c-6447f27f03d2,prca16,likert5,2) disagree,2,True,recode,1
7b38a358-3106-4f9f-af8c-6447f27f03d2,prca17,likert5,3) neutral,2,True,recode,1
7b38a358-3106-4f9f-af8c-6447f27f03d2,prca18,likert5,3) neutral,4,True,recode,0
3244bda7-f5f6-46f1-ac4f-d2fb95ea88d3,prca01,likert5,1) strongly disagree,5,True,recode,0
3244bda7-f5f6-46f1-ac4f-d2fb95ea88d3,prca02,likert5,3) neutral,2,True,recode,1
3244bda7-f5f6-46f1-ac4f-d2fb95ea88d3,prca03,likert5,1) strongly disagree,5,True,recode,0
3244bda7-f5f6-46f1-ac4f-d2fb95ea88d3,prca04,likert5,2) disagree,3,True,recode,1
3244bda7-f5f6-46f1-ac4f-d2fb95ea88d3,prca05,likert5,4) agree,2,True,recode,0
3244bda7-f5f6-46f1-ac4f-d2fb95ea88d3,prca06,likert5,2) disagree,1,True,recode,1
3244bda7-f5f6-46f1-ac4f-d2fb95ea88d3,prca13,likert5,2) disagree,4,True,recode,0
3244bda7-f5f6-46f1-ac4f-d2fb95ea88d3,prca14,likert5,5) strongly agree,3,True,recode,1
3244bda7-f5f6-46f1-ac4f-d2fb95ea88d3,prca15,likert5,3) neutral,4,True,recode,0
3244bda7-f5f6-46f1-ac4f-d2fb95ea88d3,prca16,likert5,3) neutral,2,True,recode,1
3244bda7-f5f6-46f1-ac4f-d2fb95ea88d3,prca17,likert5,4) agree,2,True,recode,1
3244bda7-f5f6-46f1-ac4f-d2fb95ea88d3,prca18,likert5,3) neutral,4,True,recode,0
a8c633e1-5825-43d9-8dbc-ccb94f16668d,prca01,likert5,1),5,True,recode,0
a8c633e1-5825-43d9-8dbc-ccb94f16668d,prca02,likert5,3) neutral,2,True,recode,1
a8c633e1-5825-43d9-8dbc-ccb94f16668d,prca03,likert5,3) neutral,2,True,recode,0
a8c633e1-5825-43d9-8dbc-ccb94f16668d,prca04,likert5,3) neutral,2,True,recode,1
a8c633e1-5825-43d9-8dbc-ccb94f16668d,prca05,likert5,3) neutral,5,True,recode,0
a8c633e1-5825-43d9-8dbc-ccb94f16668d,prca06,likert5,3) neutral,2,True,recode,1
a8c633e1-5825-43d9-8dbc-ccb94f16668d,prca13,likert5,4) agree,4,True,recode,0
a8c633e1-5825-43d9-8dbc-ccb94f16668d,prca14,likert5,4) agree,1,True,recode,1
a8c633e1-5825-43d9-8dbc-ccb94f16668d,prca15,likert5,2) disagree,3,True,recode,0
a8c633e1-5825-43d9-8dbc-ccb94f16668d,prca16,likert5,4) agree,2,True,recode,1
a8c633e1-5825-43d9-8dbc-ccb94f16668d,prca17,likert5,3) neutral,2,True,recode,1
a8c633e1-5825-43d9-8dbc-ccb94f16668d,prca18,likert5,2) disagree,4,True,recode,0
18eb3936-0adb-4628-b4c1-eac91f7bc334,prca01,likert5,3) neutral,4,True,recode,0
18eb3936-0adb-4628-b4c1-eac91f7bc334,prca02,likert5,3) neutral,2,True,recode,1
18eb3936-0adb-4628-b4c1-eac91f7bc334,prca03,likert5,1) strongly disagree,4,True,recode,0
18eb3936-0adb-4628-b4c1-eac91f7bc334,prca04,likert5,4) agree,2,True,recode,1
18eb3936-0adb-4628-b4c1-eac91f7bc334,prca05,likert5,1) strongly disagree,4,True,recode,0
18eb3936-0adb-4628-b4c1-eac91f7bc334,prca06,likert5,2) disagree,2,True,recode,1
18eb3936-0adb-4628-b4c1-eac91f7bc334,prca13,likert5,3) neutral,4,True,recode,0
18eb3936-0adb-4628-b4c1-eac91f7bc334,prca14,likert5,3) neutral,2,True,recode,1
18eb3936-0adb-4628-b4c1-eac91f7bc334,prca15,likert5,2) disagree,4,True,recode,0
18eb3936-0adb-4628-b4c1-eac91f7bc334,prca16,likert5,5) strongly agree,3,True,recode,1
18eb3936-0adb-4628-b4c1-eac91f7bc334,prca17,likert5,1) strongly disagree,5,True,recode,1
18eb3936-0adb-4628-b4c1-eac91f7bc334,prca18,likert5,1) strongly disagree,5,True,recode,0
be48bbe4-3519-46a4-b001-96ce43bf8b3a,prca01,likert5,3) neutral,4,True,recode,0
be48bbe4-3519-46a4-b001-96ce43bf8b3a,prca02,likert5,1) strongly disagree,1,True,recode,1
be48bbe4-3519-46a4-b001-96ce43bf8b3a,prca03,likert5,3) neutral,4,True,recode,0
be48bbe4-3519-46a4-b001-96ce43bf8b3a,prca04,likert5,3) neutral,4,True,recode,1
be48bbe4-3519-46a4-b001-96ce43bf8b3a,prca05,likert5,1) strongly disagree,5,True,recode,0
be48bbe4-3519-46a4-b001-96ce43bf8b3a,prca06,likert5,1) strongly disagree,1,True,recode,1
be48bbe4-3519-46a4-b001-96ce43bf8b3a,prca13,likert5,1) strongly disagree,5,True,recode,0
be48bbe4-3519-46a4-b001-96ce43bf8b3a,prca14,likert5,4) agree,2,True,recode,1
be48bbe4-3519-46a4-b001-96ce43bf8b3a,prca15,likert5,1) strongly disagree,5,True,recode,0
be48bbe4-3519-46a4-b001-96ce43bf8b3a,prca16,likert5,3) neutral,2,True,recode,1
be48bbe4-3519-46a4-b001-96ce43bf8b3a,prca17,likert5,4) agree,2,True,recode,1
be48bbe4-3519-46a4-b001-96ce43bf8b3a,prca18,likert5,3) neutral,4,True,recode,0
f09fe43f-f28e-4b01-ae84-d2d79e3f8991,prca01,likert5,1) strongly disagree,3,True,recode,0
f09fe43f-f28e-4b01-ae84-d2d79e3f8991,prca02,likert5,"1) strongly disagree, 2) disagree, 3) neutral, 4) agree, 5) strongly agree",5,True,recode,1
f09fe43f-f28e-4b01-ae84-d2d79e3f8991,prca03,likert5,3) neutral,4,True,recode,0
f09fe43f-f28e-4b01-ae84-d2d79e3f8991,prca04,likert5,3) neutral,2,True,recode,1
f09fe43f-f28e-4b01-ae84-d2d79e3f8991,prca05,likert5,2) disagree,4,True,recode,0
f09fe43f-f28e-4b01-ae84-d2d79e3f8991,prca06,likert5,3) neutral,2,True,recode,1
f09fe43f-f28e-4b01-ae84-d2d79e3f8991,prca13,likert5,2) disagree,4,True,recode,0
f09fe43f-f28e-4b01-ae84-d2d79e3f8991,prca14,likert5,1) strongly disagree,2,True,recode,1
f09fe43f-f28e-4b01-ae84-d2d79e3f8991,prca15,likert5,4) agree,4,True,recode,0
f09fe43f-f28e-4b01-ae84-d2d79e3f8991,prca16,likert5,2) disagree,4,True,recode,1
f09fe43f-f28e-4b01-ae84-d2d79e3f8991,prca17,likert5,1) strongly disagree,1,True,recode,1
f09fe43f-f28e-4b01-ae84-d2d79e3f8991,prca18,likert5,4) agree,4,True,recode,0
22a15f01-6e55-441f-9770-05b9a2b6ae1f,prca01,likert5,4) agree,4,True,recode,0
22a15f01-6e55-441f-9770-05b9a2b6ae1f,prca02,likert5,2) disagree,2,True,recode,1
22a15f01-6e55-441f-9770-05b9a2b6ae1f,prca03,likert5,2) disagree,1,True,recode,0
22a15f01-6e55-441f-9770-05b9a2b6ae1f,prca04,likert5,1) strongly disagree,1,True,recode,1
22a15f01-6e55-441f-9770-05b9a2b6ae1f,prca05,likert5,2) disagree,4,True,recode,0
22a15f01-6e55-441f-9770-05b9a2b6ae1f,prca06,likert5,3) neutral,2,True,recode,1
22a15f01-6e55-441f-9770-05b9a2b6ae1f,prca13,likert5,3) neutral,4,True,recode,0
22a15f01-6e55-441f-9770-05b9a2b6ae1f,prca14,likert5,3) neutral,2,True,recode,1
22a15f01-6e55-441f-9770-05b9a2b6ae1f,prca15,likert5,3) neutral,4,True,recode,0
22a15f01-6e55-441f-9770-05b9a2b6ae1f,prca16,likert5,2) disagree,2,True,recode,1
22a15f01-6e55-441f-9770-05b9a2b6ae1f,prca17,likert5,2) disagree,1,True,recode,1
22a15f01-6e55-441f-9770-05b9a2b6ae1f,prca18,likert5,1) strongly disagree,5,True,recode,0
c91b515e-3706-42eb-8d0e-09af269d8164,prca01,likert5,3) neutral,4,True,recode,0
c91b515e-3706-42eb-8d0e-09af269d8164,prca02,likert5,4) agree,1,True,recode,1
c91b515e-3706-42eb-8d0e-09af269d8164,prca03,likert5,3) neutral,4,True,recode,0
c91b515e-3706-42eb-8d0e-09af269d8164,prca04,likert5,3) neutral,2,True,recode,1
c91b515e-3706-42eb-8d0e-09af269d8164,prca05,likert5,2) disagree,5,True,recode,0
c91b515e-3706-42eb-8d0e-09af269d8164,prca06,likert5,3) neutral,2,True,recode,1
c91b515e-3706-42eb-8d0e-09af269d8164,prca13,likert5,1) strongly disagree,4,True,recode,0
c91b515e-3706-42eb-8d0e-09af269d8164,prca14,likert5,2) disagree,2,True,recode,1
c91b515e-3706-42eb-8d0e-09af269d8164,prca15,likert5,2) disagree,4,True,recode,0
c91b515e-3706-42eb-8d0e-09af269d8164,prca16,likert5,1) strongly disagree,5,True,recode,1
c91b515e-3706-42eb-8d0e-09af269d8164,prca17,likert5,4) agree,2,True,recode,1
c91b515e-3706-42eb-8d0e-09af269d8164,prca18,likert5,1) strongly disagree,5,True,recode,0
8589be86-2e7c-4f55-8cab-442c02b2366a,prca01,likert5,3) neutral,4,True,recode,0
8589be86-2e7c-4f55-8cab-442c02b2366a,prca02,likert5,3) neutral,2,True,recode,1
8589be86-2e7c-4f55-8cab-442c02b2366a,prca03,likert5,3) neutral,5,True,recode,0
8589be86-2e7c-4f55-8cab-442c02b2366a,prca04,likert5,3) neutral,2,True,recode,1
8589be86-2e7c-4f55-8cab-442c02b2366a,prca05,likert5,3) neutral,4,True,recode,0
8589be86-2e7c-4f55-8cab-442c02b2366a,prca06,likert5,3) neutral,1,True,recode,1
8589be86-2e7c-4f55-8cab-442c02b2366a,prca13,likert5,3) neutral,4,True,recode,0
8589be86-2e7c-4f55-8cab-442c02b2366a,prca14,likert5,2) disagree,2,True,recode,1
8589be86-2e7c-4f55-8cab-442c02b2366a,prca15,likert5,1) strongly disagree,1,True,recode,0
8589be86-2e7c-4f55-8cab-442c02b2366a,prca16,likert5,2) disagree,3,True,recode,1
8589be86-2e7c-4f55-8cab-442c02b2366a,prca17,likert5,2) disagree,2,True,recode,1
8589be86-2e7c-4f55-8cab-442c02b2366a,prca18,likert5,3) neutral,4,True,recode,0
2557b66a-0dba-4110-a72b-a0ba7e39ba50,prca01,likert5,1) strongly disagree,5,True,recode,0
2557b66a-0dba-4110-a72b-a0ba7e39ba50,prca02,likert5,4) agree,2,True,recode,1
2557b66a-0dba-4110-a72b-a0ba7e39ba50,prca03,likert5,3) neutral,5,True,recode,0
2557b66a-0dba-4110-a72b-a0ba7e39ba50,prca04,likert5,3) neutral,2,True,recode,1
2557b66a-0dba-4110-a72b-a0ba7e39ba50,prca05,likert5,3) neutral,4,True,recode,0
2557b66a-0dba-4110-a72b-a0ba7e39ba50,prca06,likert5,4) agree,2,True,recode,1
2557b66a-0dba-4110-a72b-a0ba7e39ba50,prca13,likert5,3) neutral,4,True,recode,0
2557b66a-0dba-4110-a72b-a0ba7e39ba50,prca14,likert5,3) neutral,2,True,recode,1
2557b66a-0dba-4110-a72b-a0ba7e39ba50,prca15,likert5,1) strongly disagree,2,True,recode,0
2557b66a-0dba-4110-a72b-a0ba7e39ba50,prca16,likert5,3) neutral,2,True,recode,1
2557b66a-0dba-4110-a72b-a0ba7e39ba50,prca17,likert5,3) neutral,2,True,recode,1
2557b66a-0dba-4110-a72b-a0ba7e39ba50,prca18,likert5,2) disagree,4,True,recode,0
f9c8f13b-9cdf-4217-971f-f9704b4cec32,prca01,likert5,4) agree,4,True,recode,0
f9c8f13b-9cdf-4217-971f-f9704b4cec32,prca02,likert5,3) neutral,2,True,recode,1
f9c8f13b-9cdf-4217-971f-f9704b4cec32,prca03,likert5,1) strongly disagree,3,True,recode,0
f9c8f13b-9cdf-4217-971f-f9704b4cec32,prca04,likert5,3) neutral,2,True,recode,1
f9c8f13b-9cdf-4217-971f-f9704b4cec32,prca05,likert5,2) disagree,5,True,recode,0
f9c8f13b-9cdf-4217-971f-f9704b4cec32,prca06,likert5,3) neutral,5,True,recode,1
f9c8f13b-9cdf-4217-971f-f9704b4cec32,prca13,likert5,3) neutral,4,True,recode,0
f9c8f13b-9cdf-4217-971f-f9704b4cec32,prca14,likert5,3) neutral,1,True,recode,1
f9c8f13b-9cdf-4217-971f-f9704b4cec32,prca15,likert5,3) neutral,4,True,recode,0
f9c8f13b-9cdf-4217-971f-f9704b4cec32,prca16,likert5,1) strongly disagree,1,True,recode,1
f9c8f13b-9cdf-4217-971f-f9704b4cec32,prca17,likert5,3) neutral,2,True,recode,1
f9c8f13b-9cdf-4217-971f-f9704b4cec32,prca18,likert5,1) strongly disagree,2,True,recode,0
aeb33c3f-b0d6-49c3-b65e-6ad960f9f980,prca01,likert5,3) neutral,4,True,recode,0
aeb33c3f-b0d6-49c3-b65e-6ad960f9f980,prca02,likert5,3) neutral,2,True,recode,1
aeb33c3f-b0d6-49c3-b65e-6ad960f9f980,prca03,likert5,1) strongly disagree,5,True,recode,0
aeb33c3f-b0d6-49c3-b65e-6ad960f9f980,prca04,likert5,2) disagree,5,True,recode,1
aeb33c3f-b0d6-49c3-b65e-6ad960f9f980,prca05,likert5,1) strongly disagree,5,True,recode,0
aeb33c3f-b0d6-49c3-b65e-6ad960f9f980,prca06,likert5,3) neutral,1,True,recode,1
aeb33c3f-b0d6-49c3-b65e-6ad960f9f980,prca13,likert5,3) neutral,4,True,recode,0
aeb33c3f-b0d6-49c3-b65e-6ad960f9f980,prca14,likert5,3) neutral,2,True,recode,1
aeb33c3f-b0d6-49c3-b65e-6ad960f9f980,prca15,likert5,4) agree,4,True,recode,0
aeb33c3f-b0d6-49c3-b65e-6ad960f9f980,prca16,likert5,3) neutral,1,True,recode,1
aeb33c3f-b0d6-49c3-b65e-6ad960f9f980,prca17,likert5,3) neutral,2,True,recode,1
aeb33c3f-b0d6-49c3-b65e-6ad960f9f980,prca18,likert5,1) strongly disagree,4,True,recode,0
5168f31d-61ea-4b66-b5be-78b5356594ed,prca01,likert5,1) strongly disagree,5,True,recode,0
5168f31d-61ea-4b66-b5be-78b5356594ed,prca02,likert5,4) agree,2,True,recode,1
5168f31d-61ea-4b66-b5be-78b5356594ed,prca03,likert5,3) neutral,4,True,recode,0
5168f31d-61ea-4b66-b5be-78b5356594ed,prca04,likert5,3) neutral,2,True,recode,1
5168f31d-61ea-4b66-b5be-78b5356594ed,prca05,likert5,4) agree,4,True,recode,0
5168f31d-61ea-4b66-b5be-78b5356594ed,prca06,likert5,1) strongly disagree,1,True,recode,1
5168f31d-61ea-4b66-b5be-78b5356594ed,prca13,likert5,1) strongly disagree,5,True,recode,0
5168f31d-61ea-4b66-b5be-78b5356594ed,prca14,likert5,3) neutral,2,True,recode,1
5168f31d-61ea-4b66-b5be-78b5356594ed,prca15,likert5,4) agree,4,True,recode,0
5168f31d-61ea-4b66-b5be-78b5356594ed,prca16,likert5,3) neutral,2,True,recode,1
5168f31d-61ea-4b66-b5be-78b5356594ed,prca17,likert5,3) neutral,2,True,recode,1
5168f31d-61ea-4b66-b5be-78b5356594ed,prca18,likert5,3) neutral,4,True,recode,0
63362fdc-bd61-47d7-b591-e7b5ae19f2de,prca01,likert5,3) neutral,5,True,recode,0
63362fdc-bd61-47d7-b591-e7b5ae19f2de,prca02,likert5,3) neutral,2,True,recode,1
63362fdc-bd61-47d7-b591-e7b5ae19f2de,prca03,likert5,4) agree,5,True,recode,0
63362fdc-bd61-47d7-b591-e7b5ae19f2de,prca04,likert5,2) disagree,2,True,recode,1
63362fdc-bd61-47d7-b591-e7b5ae19f2de,prca05,likert5,1) strongly disagree,5,True,recode,0
63362fdc-bd61-47d7-b591-e7b5ae19f2de,prca06,likert5,3) neutral,2,True,recode,1
63362fdc-bd61-47d7-b591-e7b5ae19f2de,prca13,likert5,3) neutral,5,True,recode,0
63362fdc-bd61-47d7-b591-e7b5ae19f2de,prca14,likert5,3) neutral,1,True,recode,1
63362fdc-bd61-47d7-b591-e7b5ae19f2de,prca15,likert5,4) agree,4,True,recode,0
63362fdc-bd61-47d7-b591-e7b5ae19f2de,prca16,likert5,1) strongly disagree,1,True,recode,1
63362fdc-bd61-47d7-b591-e7b5ae19f2de,prca17,likert5,3) neutral,1,True,recode,1
63362fdc-bd61-47d7-b591-e7b5ae19f2de,prca18,likert5,3) neutral,4,True,recode,0
584231a9-b79d-4d42-90c6-b9fcfee5fbc6,prca01,likert5,3) neutral,4,True,recode,0
584231a9-b79d-4d42-90c6-b9fcfee5fbc6,prca02,likert5,2) disagree,5,True,recode,1
584231a9-b79d-4d42-90c6-b9fcfee5fbc6,prca03,likert5,3) neutral,4,True,recode,0
584231a9-b79d-4d42-90c6-b9fcfee5fbc6,prca04,likert5,"1) strongly disagree, 2) disagree, 3) neutral, 4) agree, 5) strongly agree",4,True,recode,1
584231a9-b79d-4d42-90c6-b9fcfee5fbc6,prca05,likert5,2) disagree,5,True,recode,0
584231a9-b79d-4d42-90c6-b9fcfee5fbc6,prca06,likert5,3) neutral,2,True,recode,1
584231a9-b79d-4d42-90c6-b9fcfee5fbc6,prca13,likert5,4) agree,4,True,recode,0
584231a9-b79d-4d42-90c6-b9fcfee5fbc6,prca14,likert5,3) neutral,2,True,recode,1
584231a9-b79d-4d42-90c6-b9fcfee5fbc6,prca15,likert5,2) disagree,4,True,recode,0
584231a9-b79d-4d42-90c6-b9fcfee5fbc6,prca16,likert5,4) agree,2,True,recode,1
584231a9-b79d-4d42-90c6-b9fcfee5fbc6,prca17,likert5,2) disagree,2,True,recode,1
584231a9-b79d-4d42-90c6-b9fcfee5fbc6,prca18,likert5,1) strongly disagree,5,True,recode,0
b66ca05d-dac6-4a09-ad76-74257377bb89,prca01,likert5,3) neutral,5,True,recode,0
b66ca05d-dac6-4a09-ad76-74257377bb89,prca02,likert5,3) neutral,1,True,recode,1
b66ca05d-dac6-4a09-ad76-74257377bb89,prca03,likert5,2) disagree,4,True,recode,0
b66ca05d-dac6-4a09-ad76-74257377bb89,prca04,likert5,1) strongly disagree,2,True,recode,1
b66ca05d-dac6-4a09-ad76-74257377bb89,prca05,likert5,1) strongly disagree,5,True,recode,0
b66ca05d-dac6-4a09-ad76-74257377bb89,prca06,likert5,3) neutral,2,True,recode,1
b66ca05d-dac6-4a09-ad76-74257377bb89,prca13,likert5,3) neutral,4,True,recode,0
b66ca05d-dac6-4a09-ad76-74257377bb89,prca14,likert5,3) neutral,2,True,recode,1
b66ca05d-dac6-4a09-ad76-74257377bb89,prca15,likert5,2) disagree,4,True,recode,0
b66ca05d-dac6-4a09-ad76-74257377bb89,prca16,likert5,3) neutral,4,True,recode,1
b66ca05d-dac6-4a09-ad76-74257377bb89,prca17,likert5,1) strongly disagree,1,True,recode,1
b66ca05d-dac6-4a09-ad76-74257377bb89,prca18,likert5,2) disagree,5,True,recode,0
b5ee835b-b308-4949-90ca-3f899ef67d3e,prca01,likert5,2) disagree,4,True,recode,0
b5ee835b-b308-4949-90ca-3f899ef67d3e,prca02,likert5,4) agree,5,True,recode,1
b5ee835b-b308-4949-90ca-3f899ef67d3e,prca03,likert5,3) neutral,5,True,recode,0
b5ee835b-b308-4949-90ca-3f899ef67d3e,prca04,likert5,3) neutral,2,True,recode,1
b5ee835b-b308-4949-90ca-3f899ef67d3e,prca05,likert5,1) strongly disagree,5,True,recode,0
b5ee835b-b308-4949-90ca-3f899ef67d3e,prca06,likert5,2) disagree,1,True,recode,1
b5ee835b-b308-4949-90ca-3f899ef67d3e,prca13,likert5,1) strongly disagree,3,True,recode,0
b5ee835b-b308-4949-90ca-3f899ef67d3e,prca14,likert5,3) neutral,3,True,recode,1
b5ee835b-b308-4949-90ca-3f899ef67d3e,prca15,likert5,1) strongly disagree,4,True,recode,0
b5ee835b-b308-4949-90ca-3f899ef67d3e,prca16,likert5,3) neutral,2,True,recode,1
b5ee835b-b308-4949-90ca-3f899ef67d3e,prca17,likert5,2) disagree,2,True,recode,1
b5ee835b-b308-4949-90ca-3f899ef67d3e,prca18,likert5,3) neutral,4,True,recode,0
cce2dfd8-d8b6-4f9c-b14c-da5372304b34,prca01,likert5,3) neutral,4,True,recode,0
cce2dfd8-d8b6-4f9c-b14c-da5372304b34,prca02,likert5,3) neutral,2,True,recode,1
cce2dfd8-d8b6-4f9c-b14c-da5372304b34,prca03,likert5,1) strongly disagree,5,True,recode,0
cce2dfd8-d8b6-4f9c-b14c-da5372304b34,prca04,likert5,2) disagree,3,True,recode,1
cce2dfd8-d8b6-4f9c-b14c-da5372304b34,prca05,likert5,4) agree,4,True,recode,0
cce2dfd8-d8b6-4f9c-b14c-da5372304b34,prca06,likert5,2) disagree,2,True,recode,1
cce2dfd8-d8b6-4f9c-b14c-da5372304b34,prca13,likert5,1) strongly disagree,5,True,recode,0
cce2dfd8-d8b6-4f9c-b14c-da5372304b34,prca14,likert5,3) neutral,2,True,recode,1
cce2dfd8-d8b6-4f9c-b14c-da5372304b34,prca15,likert5,3) neutral,5,True,recode,0
cce2dfd8-d8b6-4f9c-b14c-da5372304b34,prca16,likert5,3) neutral,1,True,recode,1
cce2dfd8-d8b6-4f9c-b14c-da5372304b34,prca17,likert5,3) neutral,1,True,recode,1
cce2dfd8-d8b6-4f9c-b14c-da5372304b34,prca18,likert5,3) neutral,4,True,recode,0
7d38cb9c-db1a-480f-9c63-fab8f96cd6b6,prca01,likert5,2) disagree,5,True,recode,0
7d38cb9c-db1a-480f-9c63-fab8f96cd6b6,prca02,likert5,2) disagree,1,True,recode,1
7d38cb9c-db1a-480f-9c63-fab8f96cd6b6,prca03,likert5,2) disagree,4,True,recode,0
7d38cb9c-db1a-480f-9c63-fab8f96cd6b6,prca04,likert5,3) neutral,2,True,recode,1
7d38cb9c-db1a-480f-9c63-fab8f96cd6b6,prca05,likert5,1) strongly disagree,5,True,recode,0
7d38cb9c-db1a-480f-9c63-fab8f96cd6b6,prca06,likert5,3) neutral,3,True,recode,1
7d38cb9c-db1a-480f-9c63-fab8f96cd6b6,prca13,likert5,2) disagree,4,True,recode,0
7d38cb9c-db1a-480f-9c63-fab8f96cd6b6,prca14,likert5,3) neutral,3,True,recode,1
7d38cb9c-db1a-480f-9c63-fab8f96cd6b6,prca15,likert5,3) neutral,5,True,recode,0
7d38cb9c-db1a-480f-9c63-fab8f96cd6b6,prca16,likert5,4,2,True,validated,1
7d38cb9c-db1a-480f-9c63-fab8f96cd6b6,prca17,likert5,2) disagree,1,True,recode,1
7d38cb9c-db1a-480f-9c63-fab8f96cd6b6,prca18,likert5,1,1,True,validated,0
f3c99200-3df1-4c25-b104-923102ea6b9b,prca01,likert5,4) agree,5,True,recode,0
f3c99200-3df1-4c25-b104-923102ea6b9b,prca02,likert5,3) neutral,2,True,recode,1
f3c99200-3df1-4c25-b104-923102ea6b9b,prca03,likert5,3) neutral,5,True,recode,0
f3c99200-3df1-4c25-b104-923102ea6b9b,prca04,likert5,2) disagree,1,True,recode,1
f3c99200-3df1-4c25-b104-923102ea6b9b,prca05,likert5,1) strongly disagree,5,True,recode,0
f3c99200-3df1-4c25-b104-923102ea6b9b,prca06,likert5,4) agree,2,True,recode,1
f3c99200-3df1-4c25-b104-923102ea6b9b,prca13,likert5,4) agree,5,True,recode,0
f3c99200-3df1-4c25-b104-923102ea6b9b,prca14,likert5,3) neutral,2,True,recode,1
f3c99200-3df1-4c25-b104-923102ea6b9b,prca15,likert5,3) neutral,4,True,recode,0
f3c99200-3df1-4c25-b104-923102ea6b9b,prca16,likert5,4) agree,2,True,recode,1
f3c99200-3df1-4c25-b104-923102ea6b9b,prca17,likert5,3) neutral,2,True,recode,1
f3c99200-3df1-4c25-b104-923102ea6b9b,prca18,likert5,3) neutral,5,True,recode,0
039f88e6-3310-4983-855f-b73a8f4bad8f,prca01,likert5,3) neutral,4,True,recode,0
039f88e6-3310-4983-855f-b73a8f4bad8f,prca02,likert5,3) neutral,2,True,recode,1
039f88e6-3310-4983-855f-b73a8f4bad8f,prca03,likert5,1) strongly disagree,5,True,recode,0
039f88e6-3310-4983-855f-b73a8f4bad8f,prca04,likert5,4) agree,2,True,recode,1
039f88e6-3310-4983-855f-b73a8f4bad8f,prca05,likert5,2) disagree,4,True,recode,0
039f88e6-3310-4983-855f-b73a8f4bad8f,prca06,likert5,4) agree,2,True,recode,1
039f88e6-3310-4983-855f-b73a8f4bad8f,prca13,likert5,3) neutral,4,True,recode,0
039f88e6-3310-4983-855f-b73a8f4bad8f,prca14,likert5,3) neutral,2,True,recode,1
039f88e6-3310-4983-855f-b73a8f4bad8f,prca15,likert5,4) agree,4,True,recode,0
039f88e6-3310-4983-855f-b73a8f4bad8f,prca16,likert5,1) strongly disagree,1,True,recode,1
039f88e6-3310-4983-855f-b73a8f4bad8f,prca17,likert5,3) neutral,2,True,recode,1
039f88e6-3310-4983-855f-b73a8f4bad8f,prca18,likert5,4) agree,4,True,recode,0
0dc0af99-7a01-4593-84be-f85906dc103c,prca01,likert5,3) neutral,4,True,recode,0
0dc0af99-7a01-4593-84be-f85906dc103c,prca02,likert5,4) agree,2,True,recode,1
0dc0af99-7a01-4593-84be-f85906dc103c,prca03,likert5,2) disagree,4,True,recode,0
0dc0af99-7a01-4593-84be-f85906dc103c,prca04,likert5,3) neutral,2,True,recode,1
0dc0af99-7a01-4593-84be-f85906dc103c,prca05,likert5,3) neutral,4,True,recode,0
0dc0af99-7a01-4593-84be-f85906dc103c,prca06,likert5,3) neutral,2,True,recode,1
0dc0af99-7a01-4593-84be-f85906dc103c,prca13,likert5,3) neutral,4,True,recode,0
0dc0af99-7a01-4593-84be-f85906dc103c,prca14,likert5,3) neutral,2,True,recode,1
0dc0af99-7a01-4593-84be-f85906dc103c,prca15,likert5,2) disagree,4,True,recode,0
0dc0af99-7a01-4593-84be-f85906dc103c,prca16,likert5,3) neutral,2,True,recode,1
0dc0af99-7a01-4593-84be-f85906dc103c,prca17,likert5,4) agree,2,True,recode,1
0dc0af99-7a01-4593-84be-f85906dc103c,prca18,likert5,1) strongly disagree,4,True,recode,0
00ce700f-0a75-45de-bdb2-4f87e5c03d39,prca01,likert5,3) neutral,4,True,recode,0
00ce700f-0a75-45de-bdb2-4f87e5c03d39,prca02,likert5,3) neutral,2,True,recode,1
00ce700f-0a75-45de-bdb2-4f87e5c03d39,prca03,likert5,4) agree,4,True,recode,0
00ce700f-0a75-45de-bdb2-4f87e5c03d39,prca04,likert5,1) strongly disagree,1,True,recode,1
00ce700f-0a75-45de-bdb2-4f87e5c03d39,prca05,likert5,1) strongly disagree,4,True,recode,0
00ce700f-0a75-45de-bdb2-4f87e5c03d39,prca06,likert5,4) agree,2,True,recode,1
00ce700f-0a75-45de-bdb2-4f87e5c03d39,prca13,likert5,3) neutral,4,True,recode,0
00ce700f-0a75-45de-bdb2-4f87e5c03d39,prca14,likert5,3) neutral,2,True,recode,1
00ce700f-0a75-45de-bdb2-4f87e5c03d39,prca15,likert5,1) strongly disagree,5,True,recode,0
00ce700f-0a75-45de-bdb2-4f87e5c03d39,prca16,likert5,1) strongly disagree,1,True,recode,1
00ce700f-0a75-45de-bdb2-4f87e5c03d39,prca17,likert5,3) neutral,2,True,recode,1
00ce700f-0a75-45de-bdb2-4f87e5c03d39,prca18,likert5,2) disagree,3,True,recode,0
b7552917-f3d7-465d-8aec-aed2fa19e96e,prca01,likert5,2) disagree,3,True,recode,0
b7552917-f3d7-465d-8aec-aed2fa19e96e,prca02,likert5,2) disagree,2,True,recode,1
b7552917-f3d7-465d-8aec-aed2fa19e96e,prca03,likert5,1) strongly disagree,5,True,recode,0
b7552917-f3d7-465d-8aec-aed2fa19e96e,prca04,likert5,3) neutral,2,True,recode,1
b7552917-f3d7-465d-8aec-aed2fa19e96e,prca05,likert5,3) neutral,4,True,recode,0
b7552917-f3d7-465d-8aec-aed2fa19e96e,prca06,likert5,2) disagree,1,True,recode,1
b7552917-f3d7-465d-8aec-aed2fa19e96e,prca13,likert5,3) neutral,4,True,recode,0
b7552917-f3d7-465d-8aec-aed2fa19e96e,prca14,likert5,2) disagree,2,True,recode,1
b7552917-f3d7-465d-8aec-aed2fa19e96e,prca15,likert5,3) neutral,4,True,recode,0
b7552917-f3d7-465d-8aec-aed2fa19e96e,prca16,likert5,1) strongly disagree,1,True,recode,1
b7552917-f3d7-465d-8aec-aed2fa19e96e,prca17,likert5,2) disagree,1,True,recode,1
b7552917-f3d7-465d-8aec-aed2fa19e96e,prca18,likert5,3) neutral,4,True,recode,0
7e2ab50b-e1ef-40cc-8361-d2ad6773db1e,prca01,likert5,3) neutral,4,True,recode,0
7e2ab50b-e1ef-40cc-8361-d2ad6773db1e,prca02,likert5,4) agree,1,True,recode,1
7e2ab50b-e1ef-40cc-8361-d2ad6773db1e,prca03,likert5,3) neutral,4,True,recode,0
7e2ab50b-e1ef-40cc-8361-d2ad6773db1e,prca04,likert5,3) neutral,2,True,recode,1
7e2ab50b-e1ef-40cc-8361-d2ad6773db1e,prca05,likert5,3) neutral,4,True,recode,0
7e2ab50b-e1ef-40cc-8361-d2ad6773db1e,prca06,likert5,3) neutral,2,True,recode,1
7e2ab50b-e1ef-40cc-8361-d2ad6773db1e,prca13,likert5,2) disagree,4,True,recode,0
7e2ab50b-e1ef-40cc-8361-d2ad6773db1e,prca14,likert5,3) neutral,2,True,recode,1
7e2ab50b-e1ef-40cc-8361-d2ad6773db1e,prca15,likert5,3) neutral,4,True,recode,0
7e2ab50b-e1ef-40cc-8361-d2ad6773db1e,prca16,likert5,3) neutral,2,True,recode,1
7e2ab50b-e1ef-40cc-8361-d2ad6773db1e,prca17,likert5,4) agree,2,True,recode,1
7e2ab50b-e1ef-40cc-8361-d2ad6773db1e,prca18,likert5,3) neutral,4,True,recode,0
d794e70a-4d60-413c-8f33-d9446899a9da,prca01,likert5,3) neutral,4,True,recode,0
d794e70a-4d60-413c-8f33-d9446899a9da,prca02,likert5,2) disagree,2,True,recode,1
d794e70a-4d60-413c-8f33-d9446899a9da,prca03,likert5,3) neutral,4,True,recode,0
d794e70a-4d60-413c-8f33-d9446899a9da,prca04,likert5,2) disagree,3,True,recode,1
d794e70a-4d60-413c-8f33-d9446899a9da,prca05,likert5,1) strongly disagree,5,True,recode,0
d794e70a-4d60-413c-8f33-d9446899a9da,prca06,likert5,1) strongly disagree,1,True,recode,1
d794e70a-4d60-413c-8f33-d9446899a9da,prca13,likert5,3) neutral,3,True,recode,0
d794e70a-4d60-413c-8f33-d9446899a9da,prca14,likert5,3) neutral,2,True,recode,1
d794e70a-4d60-413c-8f33-d9446899a9da,prca15,likert5,4) agree,4,True,recode,0
d794e70a-4d60-413c-8f33-d9446899a9da,prca16,likert5,2) disagree,1,True,recode,1
d794e70a-4d60-413c-8f33-d9446899a9da,prca17,likert5,3) neutral,2,True,recode,1
d794e70a-4d60-413c-8f33-d9446899a9da,prca18,likert5,1) strongly disagree,4,True,recode,0
0188c74d-f2aa-4930-94d1-9b569e1816fc,prca01,likert5,1) strongly disagree,4,True,recode,0
0188c74d-f2aa-4930-94d1-9b569e1816fc,prca02,likert5,3) neutral,2,True,recode,1
0188c74d-f2aa-4930-94d1-9b569e1816fc,prca03,likert5,3) neutral,4,True,recode,0
0188c74d-f2aa-4930-94d1-9b569e1816fc,prca04,likert5,3) neutral,2,True,recode,1
0188c74d-f2aa-4930-94d1-9b569e1816fc,prca05,likert5,3) neutral,4,True,recode,0
0188c74d-f2aa-4930-94d1-9b569e1816fc,prca06,likert5,3) neutral,2,True,recode,1
0188c74d-f2aa-4930-94d1-9b569e1816fc,prca13,likert5,1) strongly disagree,5,True,recode,0
0188c74d-f2aa-4930-94d1-9b569e1816fc,prca14,likert5,1) strongly disagree,1,True,recode,1
0188c74d-f2aa-4930-94d1-9b569e1816fc,prca15,likert5,3) neutral,4,True,recode,0
0188c74d-f2aa-4930-94d1-9b569e1816fc,prca16,likert5,3) neutral,2,True,recode,1
0188c74d-f2aa-4930-94d1-9b569e1816fc,prca17,likert5,1) strongly disagree,1,True,recode,1
0188c74d-f2aa-4930-94d1-9b569e1816fc,prca18,likert5,3) neutral,4,True,recode,0
d7820bb1-3ab7-4fec-9330-334298008d79,prca01,likert5,3) neutral,4,True,recode,0
d7820bb1-3ab7-4fec-9330-334298008d79,prca02,likert5,3) neutral,2,True,recode,1
d7820bb1-3ab7-4fec-9330-334298008d79,prca03,likert5,4) agree,4,True,recode,0
d7820bb1-3ab7-4fec-9330-334298008d79,prca04,likert5,4) agree,2,True,recode,1
d7820bb1-3ab7-4fec-9330-334298008d79,prca05,likert5,2) disagree,5,True,recode,0
d7820bb1-3ab7-4fec-9330-334298008d79,prca06,likert5,4) agree,2,True,recode,1
d7820bb1-3ab7-4fec-9330-334298008d79,prca13,likert5,3) neutral,4,True,recode,0
d7820bb1-3ab7-4fec-9330-334298008d79,prca14,likert5,2) disagree,1,True,recode,1
d7820bb1-3ab7-4fec-9330-334298008d79,prca15,likert5,3) neutral,4,True,recode,0
d7820bb1-3ab7-4fec-9330-334298008d79,prca16,likert5,3) neutral,1,True,recode,1
d7820bb1-3ab7-4fec-9330-334298008d79,prca17,likert5,3) neutral,2,True,recode,1
d7820bb1-3ab7-4fec-9330-334298008d79,prca18,likert5,3) neutral,4,True,recode,0
f92e14e5-1ab9-4354-9265-c6f16bd326f1,prca01,likert5,2) disagree,5,True,recode,0
f92e14e5-1ab9-4354-9265-c6f16bd326f1,prca02,likert5,1) strongly disagree,1,True,recode,1
f92e14e5-1ab9-4354-9265-c6f16bd326f1,prca03,likert5,2) disagree,4,True,recode,0
f92e14e5-1ab9-4354-9265-c6f16bd326f1,prca04,likert5,3) neutral,2,True,recode,1
f92e14e5-1ab9-4354-9265-c6f16bd326f1,prca05,likert5,1) strongly disagree,5,True,recode,0
f92e14e5-1ab9-4354-9265-c6f16bd326f1,prca06,likert5,1) strongly disagree,3,True,recode,1
f92e14e5-1ab9-4354-9265-c6f16bd326f1,prca13,likert5,3) neutral,4,True,recode,0
f92e14e5-1ab9-4354-9265-c6f16bd326f1,prca14,likert5,3) neutral,2,True,recode,1
f92e14e5-1ab9-4354-9265-c6f16bd326f1,prca15,likert5,2) disagree,5,True,recode,0
f92e14e5-1ab9-4354-9265-c6f16bd326f1,prca16,likert5,3) neutral,2,True,recode,1
f92e14e5-1ab9-4354-9265-c6f16bd326f1,prca17,likert5,4) agree,2,True,recode,1
f92e14e5-1ab9-4354-9265-c6f16bd326f1,prca18,likert5,2) disagree,4,True,recode,0
521ddfac-2f01-41ad-a30d-6e70c9724e79,prca01,likert5,1) strongly disagree,5,True,recode,0
521ddfac-2f01-41ad-a30d-6e70c9724e79,prca02,likert5,4) agree,2,True,recode,1
521ddfac-2f01-41ad-a30d-6e70c9724e79,prca03,likert5,3) neutral,4,True,recode,0
521ddfac-2f01-41ad-a30d-6e70c9724e79,prca04,likert5,1) strongly disagree,5,True,recode,1
521ddfac-2f01-41ad-a30d-6e70c9724e79,prca05,likert5,3) neutral,5,True,recode,0
521ddfac-2f01-41ad-a30d-6e70c9724e79,prca06,likert5,3) neutral,2,True,recode,1
521ddfac-2f01-41ad-a30d-6e70c9724e79,prca13,likert5,1) strongly disagree,5,True,recode,0
521ddfac-2f01-41ad-a30d-6e70c9724e79,prca14,likert5,3) neutral,2,True,recode,1
521ddfac-2f01-41ad-a30d-6e70c9724e79,prca15,likert5,4) agree,4,True,recode,0
521ddfac-2f01-41ad-a30d-6e70c9724e79,prca16,likert5,4) agree,2,True,recode,1
521ddfac-2f01-41ad-a30d-6e70c9724e79,prca17,likert5,3) neutral,2,True,recode,1
521ddfac-2f01-41ad-a30d-6e70c9724e79,prca18,likert5,2) disagree,5,True,recode,0
97aa1b68-b23c-4add-b1c4-e02d73ea3567,prca01,likert5,2) disagree,3,True,recode,0
97aa1b68-b23c-4add-b1c4-e02d73ea3567,prca02,likert5,2) disagree,1,True,recode,1
97aa1b68-b23c-4add-b1c4-e02d73ea3567,prca03,likert5,4) agree,4,True,recode,0
97aa1b68-b23c-4add-b1c4-e02d73ea3567,prca04,likert5,4) agree,1,True,recode,1
97aa1b68-b23c-4add-b1c4-e02d73ea3567,prca05,likert5,3) neutral,4,True,recode,0
97aa1b68-b23c-4add-b1c4-e02d73ea3567,prca06,likert5,1) strongly disagree,1,True,recode,1
97aa1b68-b23c-4add-b1c4-e02d73ea3567,prca13,likert5,3) neutral,4,True,recode,0
97aa1b68-b23c-4add-b1c4-e02d73ea3567,prca14,likert5,3) neutral,2,True,recode,1
97aa1b68-b23c-4add-b1c4-e02d73ea3567,prca15,likert5,3) neutral,4,True,recode,0
97aa1b68-b23c-4add-b1c4-e02d73ea3567,prca16,likert5,3) neutral,3,True,recode,1
97aa1b68-b23c-4add-b1c4-e02d73ea3567,prca17,likert5,3) neutral,5,True,recode,1
97aa1b68-b23c-4add-b1c4-e02d73ea3567,prca18,likert5,3) neutral,4,True,recode,0
9b110b6b-8555-4f11-ad31-f2ac09ee151f,prca01,likert5,3) neutral,4,True,recode,0
9b110b6b-8555-4f11-ad31-f2ac09ee151f,prca02,likert5,3) neutral,2,True,recode,1
9b110b6b-8555-4f11-ad31-f2ac09ee151f,prca03,likert5,3) neutral,4,True,recode,0
9b110b6b-8555-4f11-ad31-f2ac09ee151f,prca04,likert5,3) neutral,2,True,recode,1
9b110b6b-8555-4f11-ad31-f2ac09ee151f,prca05,likert5,3) neutral,4,True,recode,0
9b110b6b-8555-4f11-ad31-f2ac09ee151f,prca06,likert5,4) agree,2,True,recode,1
9b110b6b-8555-4f11-ad31-f2ac09ee151f,prca13,likert5,4) agree,5,True,recode,0
9b110b6b-8555-4f11-ad31-f2ac09ee151f,prca14,likert5,2) disagree,2,True,recode,1
9b110b6b-8555-4f11-ad31-f2ac09ee151f,prca15,likert5,2) disagree,5,True,recode,0
9b110b6b-8555-4f11-ad31-f2ac09ee151f,prca16,likert5,3) neutral,2,True,recode,1
9b110b6b-8555-4f11-ad31-f2ac09ee151f,prca17,likert5,2) disagree,2,True,recode,1
9b110b6b-8555-4f11-ad31-f2ac09ee151f,prca18,likert5,3) neutral,4,True,recode,0
0cf56a90-a584-45af-801e-9055302f706c,prca01,likert5,1) strongly disagree,5,True,recode,0
0cf56a90-a584-45af-801e-9055302f706c,prca02,likert5,3) neutral,2,True,recode,1
0cf56a90-a584-45af-801e-9055302f706c,prca03,likert5,2) disagree,5,True,recode,0
0cf56a90-a584-45af-801e-9055302f706c,prca04,likert5,3) neutral,2,True,recode,1
0cf56a90-a584-45af-801e-9055302f706c,prca05,likert5,3) neutral,4,True,recode,0
0cf56a90-a584-45af-801e-9055302f706c,prca06,likert5,2) disagree,2,True,recode,1
0cf56a90-a584-45af-801e-9055302f706c,prca13,likert5,3) neutral,4,True,recode,0
0cf56a90-a584-45af-801e-9055302f706c,prca14,likert5,2) disagree,2,True,recode,1
0cf56a90-a584-45af-801e-9055302f706c,prca15,likert5,3) neutral,4,True,recode,0
0cf56a90-a584-45af-801e-9055302f706c,prca16,likert5,4) agree,2,True,recode,1
0cf56a90-a584-45af-801e-9055302f706c,prca17,likert5,3) neutral,2,True,recode,1
0cf56a90-a584-45af-801e-9055302f706c,prca18,likert5,4) agree,4,True,recode,0
b46ee91f-e487-4ff2-9813-4b25b670898f,prca01,likert5,1) strongly disagree,5,True,recode,0
b46ee91f-e487-4ff2-9813-4b25b670898f,prca02,likert5,3) neutral,2,True,recode,1
b46ee91f-e487-4ff2-9813-4b25b670898f,prca03,likert5,2) disagree,4,True,recode,0
b46ee91f-e487-4ff2-9813-4b25b670898f,prca04,likert5,1) strongly disagree,1,True,recode,1
b46ee91f-e487-4ff2-9813-4b25b670898f,prca05,likert5,1) strongly disagree,1,True,recode,0
b46ee91f-e487-4ff2-9813-4b25b670898f,prca06,likert5,3) neutral,2,True,recode,1
b46ee91f-e487-4ff2-9813-4b25b670898f,prca13,likert5,3) neutral,4,True,recode,0
b46ee91f-e487-4ff2-9813-4b25b670898f,prca14,likert5,2) disagree,1,True,recode,1
b46ee91f-e487-4ff2-9813-4b25b670898f,prca15,likert5,3) neutral,3,True,recode,0
b46ee91f-e487-4ff2-9813-4b25b670898f,prca16,likert5,3) neutral,2,True,recode,1
b46ee91f-e487-4ff2-9813-4b25b670898f,prca17,likert5,1) strongly disagree,1,True,recode,1
b46ee91f-e487-4ff2-9813-4b25b670898f,prca18,likert5,3) neutral,4,True,recode,0
b41f9b71-0eba-4b0d-a570-f66feaf51bc4,prca01,likert5,3) neutral,4,True,recode,0
b41f9b71-0eba-4b0d-a570-f66feaf51bc4,prca02,likert5,3) neutral,2,True,recode,1
b41f9b71-0eba-4b0d-a570-f66feaf51bc4,prca03,likert5,1) strongly disagree,3,True,recode,0
b41f9b71-0eba-4b0d-a570-f66feaf51bc4,prca04,likert5,3) neutral,2,True,recode,1
b41f9b71-0eba-4b0d-a570-f66feaf51bc4,prca05,likert5,1) strongly disagree,3,True,recode,0
b41f9b71-0eba-4b0d-a570-f66feaf51bc4,prca06,likert5,3) neutral,2,True,recode,1
b41f9b71-0eba-4b0d-a570-f66feaf51bc4,prca13,likert5,3) neutral,4,True,recode,0
b41f9b71-0eba-4b0d-a570-f66feaf51bc4,prca14,likert5,4) agree,2,True,recode,1
b41f9b71-0eba-4b0d-a570-f66feaf51bc4,prca15,likert5,3) neutral,4,True,recode,0
b41f9b71-0eba-4b0d-a570-f66feaf51bc4,prca16,likert5,2) disagree,2,True,recode,1
b41f9b71-0eba-4b0d-a570-f66feaf51bc4,prca17,likert5,3) neutral,2,True,recode,1
b41f9b71-0eba-4b0d-a570-f66feaf51bc4,prca18,likert5,3) neutral,4,True,recode,0
ad974a96-b3ca-44e2-914c-4a747a659abb,prca01,likert5,3) neutral,4,True,recode,0
ad974a96-b3ca-44e2-914c-4a747a659abb,prca02,likert5,3) neutral,2,True,recode,1
ad974a96-b3ca-44e2-914c-4a747a659abb,prca03,likert5,3) neutral,4,True,recode,0
ad974a96-b3ca-44e2-914c-4a747a659abb,prca04,likert5,2) disagree,2,True,recode,1
ad974a96-b3ca-44e2-914c-4a747a659abb,prca05,likert5,3) neutral,4,True,recode,0
ad974a96-b3ca-44e2-914c-4a747a659abb,prca06,likert5,2) disagree,2,True,recode,1
ad974a96-b3ca-44e2-914c-4a747a659abb,prca13,likert5,2) disagree,4,True,recode,0
ad974a96-b3ca-44e2-914c-4a747a659abb,prca14,likert5,3) neutral,2,True,recode,1
ad974a96-b3ca-44e2-914c-4a747a659abb,prca15,likert5,1) strongly disagree,5,True,recode,0
ad974a96-b3ca-44e2-914c-4a747a659abb,prca16,likert5,4) agree,2,True,recode,1
ad974a96-b3ca-44e2-914c-4a747a659abb,prca17,likert5,2) disagree,1,True,recode,1
ad974a96-b3ca-44e2-914c-4a747a659abb,prca18,likert5,2) disagree,4,True,recode,0
8398a3ef-db67-4817-b330-1bdec1c2675c,prca01,likert5,3) neutral,4,True,recode,0
8398a3ef-db67-4817-b330-1bdec1c2675c,prca02,likert5,3) neutral,2,True,recode,1
8398a3ef-db67-4817-b330-1bdec1c2675c,prca03,likert5,1) strongly disagree,1,True,recode,0
8398a3ef-db67-4817-b330-1bdec1c2675c,prca04,likert5,4) agree,2,True,recode,1
8398a3ef-db67-4817-b330-1bdec1c2675c,prca05,likert5,3) neutral,4,True,recode,0
8398a3ef-db67-4817-b330-1bdec1c2675c,prca06,likert5,1) strongly disagree,1,True,recode,1
8398a3ef-db67-4817-b330-1bdec1c2675c,prca13,likert5,2) disagree,4,True,recode,0
8398a3ef-db67-4817-b330-1bdec1c2675c,prca14,likert5,3) neutral,2,True,recode,1
8398a3ef-db67-4817-b330-1bdec1c2675c,prca15,likert5,1) strongly disagree,5,True,recode,0
8398a3ef-db67-4817-b330-1bdec1c2675c,prca16,likert5,2) disagree,1,True,recode,1
8398a3ef-db67-4817-b330-1bdec1c2675c,prca17,likert5,3) neutral,2,True,recode,1
8398a3ef-db67-4817-b330-1bdec1c2675c,prca18,likert5,3) neutral,4,True,recode,0
524106a5-bbb5-4abe-81a8-ed7f139572ce,prca01,likert5,1),5,True,recode,0
524106a5-bbb5-4abe-81a8-ed7f139572ce,prca02,likert5,2) disagree,1,True,recode,1
524106a5-bbb5-4abe-81a8-ed7f139572ce,prca03,likert5,1) strongly disagree,4,True,recode,0
524106a5-bbb5-4abe-81a8-ed7f139572ce,prca04,likert5,2) disagree,2,True,recode,1
524106a5-bbb5-4abe-81a8-ed7f139572ce,prca05,likert5,3) neutral,4,True,recode,0
524106a5-bbb5-4abe-81a8-ed7f139572ce,prca06,likert5,3) neutral,3,True,recode,1
524106a5-bbb5-4abe-81a8-ed7f139572ce,prca13,likert5,1) strongly disagree,5,True,recode,0
524106a5-bbb5-4abe-81a8-ed7f139572ce,prca14,likert5,3) neutral,2,True,recode,1
524106a5-bbb5-4abe-81a8-ed7f139572ce,prca15,likert5,2) disagree,5,True,recode,0
524106a5-bbb5-4abe-81a8-ed7f139572ce,prca16,likert5,3) neutral,2,True,recode,1
524106a5-bbb5-4abe-81a8-ed7f139572ce,prca17,likert5,2) disagree,2,True,recode,1
524106a5-bbb5-4abe-81a8-ed7f139572ce,prca18,likert5,1) strongly disagree,5,True,recode,0
ae6fb1ca-855b-428c-9d65-aab2cb622142,prca01,likert5,3) neutral,5,True,recode,0
ae6fb1ca-855b-428c-9d65-aab2cb622142,prca02,likert5,2) disagree,3,True,recode,1
ae6fb1ca-855b-428c-9d65-aab2cb622142,prca03,likert5,4) agree,5,True,recode,0
ae6fb1ca-855b-428c-9d65-aab2cb622142,prca04,likert5,1) strongly disagree,1,True,recode,1
ae6fb1ca-855b-428c-9d65-aab2cb622142,prca05,likert5,1) strongly disagree,5,True,recode,0
ae6fb1ca-855b-428c-9d65-aab2cb622142,prca06,likert5,3) neutral,2,True,recode,1
ae6fb1ca-855b-428c-9d65-aab2cb622142,prca13,likert5,1) strongly disagree,4,True,recode,0
ae6fb1ca-855b-428c-9d65-aab2cb622142,prca14,likert5,1) strongly disagree,1,True,recode,1
ae6fb1ca-855b-428c-9d65-aab2cb622142,prca15,likert5,1) strongly disagree,5,True,recode,0
ae6fb1ca-855b-428c-9d65-aab2cb622142,prca16,likert5,2) disagree,2,True,recode,1
ae6fb1ca-855b-428c-9d65-aab2cb622142,prca17,likert5,3) neutral,2,True,recode,1
ae6fb1ca-855b-428c-9d65-aab2cb622142,prca18,likert5,2) disagree,5,True,recode,0
6a7c7f3c-4b3b-4543-ad8a-575f87a82e16,prca01,likert5,1) strongly disagree,5,True,recode,0
6a7c7f3c-4b3b-4543-ad8a-575f87a82e16,prca02,likert5,3) neutral,2,True,recode,1
6a7c7f3c-4b3b-4543-ad8a-575f87a82e16,prca03,likert5,3) neutral,4,True,recode,0
6a7c7f3c-4b3b-4543-ad8a-575f87a82e16,prca04,likert5,4) agree,2,True,recode,1
6a7c7f3c-4b3b-4543-ad8a-575f87a82e16,prca05,likert5,4) agree,4,True,recode,0
6a7c7f3c-4b3b-4543-ad8a-575f87a82e16,prca06,likert5,3) neutral,2,True,recode,1
6a7c7f3c-4b3b-4543-ad8a-575f87a82e16,prca13,likert5,2) disagree,4,True,recode,0
6a7c7f3c-4b3b-4543-ad8a-575f87a82e16,prca14,likert5,3) neutral,2,True,recode,1
6a7c7f3c-4b3b-4543-ad8a-575f87a82e16,prca15,likert5,3) neutral,4,True,recode,0
6a7c7f3c-4b3b-4543-ad8a-575f87a82e16,prca16,likert5,3) neutral,2,True,recode,1
6a7c7f3c-4b3b-4543-ad8a-575f87a82e16,prca17,likert5,3) neutral,2,True,recode,1
6a7c7f3c-4b3b-4543-ad8a-575f87a82e16,prca18,likert5,2) disagree,5,True,recode,0
3cc3d386-1a8c-4eb5-a9bf-4bc32a85b6f0,prca01,likert5,3) neutral,5,True,recode,0
3cc3d386-1a8c-4eb5-a9bf-4bc32a85b6f0,prca02,likert5,4) agree,1,True,recode,1
3cc3d386-1a8c-4eb5-a9bf-4bc32a85b6f0,prca03,likert5,1) strongly disagree,5,True,recode,0
3cc3d386-1a8c-4eb5-a9bf-4bc32a85b6f0,prca04,likert5,3) neutral,2,True,recode,1
3cc3d386-1a8c-4eb5-a9bf-4bc32a85b6f0,prca05,likert5,3) neutral,4,True,recode,0
3cc3d386-1a8c-4eb5-a9bf-4bc32a85b6f0,prca06,likert5,2) disagree,3,True,recode,1
3cc3d386-1a8c-4eb5-a9bf-4bc32a85b6f0,prca13,likert5,2) disagree,4,True,recode,0
3cc3d386-1a8c-4eb5-a9bf-4bc32a85b6f0,prca14,likert5,1) strongly disagree,1,True,recode,1
3cc3d386-1a8c-4eb5-a9bf-4bc32a85b6f0,prca15,likert5,2) disagree,4,True,recode,0
3cc3d386-1a8c-4eb5-a9bf-4bc32a85b6f0,prca16,likert5,1) strongly disagree,4,True,recode,1
3cc3d386-1a8c-4eb5-a9bf-4bc32a85b6f0,prca17,likert5,2) disagree,1,True,recode,1
3cc3d386-1a8c-4eb5-a9bf-4bc32a85b6f0,prca18,likert5,1) strongly disagree,5,True,recode,0
216575f9-1fdc-4119-a0c8-6cae3c49573b,prca01,likert5,3) neutral,5,True,recode,0
216575f9-1fdc-4119-a0c8-6cae3c49573b,prca02,likert5,3) neutral,2,True,recode,1
216575f9-1fdc-4119-a0c8-6cae3c49573b,prca03,likert5,3) neutral,3,True,recode,0
216575f9-1fdc-4119-a0c8-6cae3c49573b,prca04,likert5,4) agree,2,True,recode,1
216575f9-1fdc-4119-a0c8-6cae3c49573b,prca05,likert5,3) neutral,4,True,recode,0
216575f9-1fdc-4119-a0c8-6cae3c49573b,prca06,likert5,3) neutral,1,True,recode,1
216575f9-1fdc-4119-a0c8-6cae3c49573b,prca13,likert5,3) neutral,4,True,recode,0
216575f9-1fdc-4119-a0c8-6cae3c49573b,prca14,likert5,3) neutral,2,True,recode,1
216575f9-1fdc-4119-a0c8-6cae3c49573b,prca15,likert5,3) neutral,4,True,recode,0
216575f9-1fdc-4119-a0c8-6cae3c49573b,prca16,likert5,4) agree,2,True,recode,1
216575f9-1fdc-4119-a0c8-6cae3c49573b,prca17,likert5,2) disagree,2,True,recode,1
216575f9-1fdc-4119-a0c8-6cae3c49573b,prca18,likert5,3) neutral,4,True,recode,0
fa68e0ce-101c-411c-bd6c-508186e0b5be,prca01,likert5,1) strongly disagree,5,True,recode,0
fa68e0ce-101c-411c-bd6c-508186e0b5be,prca02,likert5,3) neutral,2,True,recode,1
fa68e0ce-101c-411c-bd6c-508186e0b5be,prca03,likert5,3) neutral,4,True,recode,0
fa68e0ce-101c-411c-bd6c-508186e0b5be,prca04,likert5,3) neutral,2,True,recode,1
fa68e0ce-101c-411c-bd6c-508186e0b5be,prca05,likert5,1) strongly disagree,5,True,recode,0
fa68e0ce-101c-411c-bd6c-508186e0b5be,prca06,likert5,3) neutral,2,True,recode,1
fa68e0ce-101c-411c-bd6c-508186e0b5be,prca13,likert5,2) disagree,4,True,recode,0
fa68e0ce-101c-411c-bd6c-508186e0b5be,prca14,likert5,3) neutral,3,True,recode,1
fa68e0ce-101c-411c-bd6c-508186e0b5be,prca15,likert5,3) neutral,4,True,recode,0
fa68e0ce-101c-411c-bd6c-508186e0b5be,prca16,likert5,3) neutral,3,True,recode,1
fa68e0ce-101c-411c-bd6c-508186e0b5be,prca17,likert5,3) neutral,2,True,recode,1
fa68e0ce-101c-411c-bd6c-508186e0b5be,prca18,likert5,1) strongly disagree,5,True,recode,0
57b42d30-6613-4acd-8cba-6778d23b30d1,prca01,likert5,1) strongly disagree,4,True,recode,0
57b42d30-6613-4acd-8cba-6778d23b30d1,prca02,likert5,2) disagree,5,True,recode,1
57b42d30-6613-4acd-8cba-6778d23b30d1,prca03,likert5,1) strongly disagree,5,True,recode,0
57b42d30-6613-4acd-8cba-6778d23b30d1,prca04,likert5,2) disagree,5,True,recode,1
57b42d30-6613-4acd-8cba-6778d23b30d1,prca05,likert5,1) strongly disagree,5,True,recode,0
57b42d30-6613-4acd-8cba-6778d23b30d1,prca06,likert5,3) neutral,1,True,recode,1
57b42d30-6613-4acd-8cba-6778d23b30d1,prca13,likert5,4) agree,4,True,recode,0
57b42d30-6613-4acd-8cba-6778d23b30d1,prca14,likert5,3) neutral,2,True,recode,1
57b42d30-6613-4acd-8cba-6778d23b30d1,prca15,likert5,1) strongly disagree,3,True,recode,0
57b42d30-6613-4acd-8cba-6778d23b30d1,prca16,likert5,3) neutral,2,True,recode,1
57b42d30-6613-4acd-8cba-6778d23b30d1,prca17,likert5,3) neutral,1,True,recode,1
57b42d30-6613-4acd-8cba-6778d23b30d1,prca18,likert5,4) agree,4,True,recode,0
c01c7e4d-5e25-4687-a0af-11b5918541ff,prca01,likert5,3) neutral,4,True,recode,0
c01c7e4d-5e25-4687-a0af-11b5918541ff,prca02,likert5,3) neutral,1,True,recode,1
c01c7e4d-5e25-4687-a0af-11b5918541ff,prca03,likert5,3) neutral,4,True,recode,0
c01c7e4d-5e25-4687-a0af-11b5918541ff,prca04,likert5,3) neutral,2,True,recode,1
c01c7e4d-5e25-4687-a0af-11b5918541ff,prca05,likert5,3) neutral,4,True,recode,0
c01c7e4d-5e25-4687-a0af-11b5918541ff,prca06,likert5,4) agree,1,True,recode,1
c01c7e4d-5e25-4687-a0af-11b5918541ff,prca13,likert5,1) strongly disagree,5,True,recode,0
c01c7e4d-5e25-4687-a0af-11b5918541ff,prca14,likert5,4) agree,2,True,recode,1
c01c7e4d-5e25-4687-a0af-11b5918541ff,prca15,likert5,3) neutral,4,True,recode,0
c01c7e4d-5e25-4687-a0af-11b5918541ff,prca16,likert5,1) strongly disagree,1,True,recode,1
c01c7e4d-5e25-4687-a0af-11b5918541ff,prca17,likert5,3) neutral,2,True,recode,1
c01c7e4d-5e25-4687-a0af-11b5918541ff,prca18,likert5,3) neutral,4,True,recode,0
7cb37ed0-cf89-4f64-a18a-61c465cb24ca,prca01,likert5,2) disagree,4,True,recode,0
7cb37ed0-cf89-4f64-a18a-61c465cb24ca,prca02,likert5,1) strongly disagree,2,True,recode,1
7cb37ed0-cf89-4f64-a18a-61c465cb24ca,prca03,likert5,4) agree,4,True,recode,0
7cb37ed0-cf89-4f64-a18a-61c465cb24ca,prca04,likert5,3) neutral,2,True,recode,1
7cb37ed0-cf89-4f64-a18a-61c465cb24ca,prca05,likert5,2) disagree,4,True,recode,0
7cb37ed0-cf89-4f64-a18a-61c465cb24ca,prca06,likert5,2) disagree,3,True,recode,1
7cb37ed0-cf89-4f64-a18a-61c465cb24ca,prca13,likert5,3) neutral,4,True,recode,0
7cb37ed0-cf89-4f64-a18a-61c465cb24ca,prca14,likert5,2) disagree,3,True,recode,1
7cb37ed0-cf89-4f64-a18a-61c465cb24ca,prca15,likert5,3) neutral,4,True,recode,0
7cb37ed0-cf89-4f64-a18a-61c465cb24ca,prca16,likert5,3) neutral,2,True,recode,1
7cb37ed0-cf89-4f64-a18a-61c465cb24ca,prca17,likert5,1) strongly disagree,1,True,recode,1
7cb37ed0-cf89-4f64-a18a-61c465cb24ca,prca18,likert5,3) neutral,4,True,recode,0
0632d1d7-3a64-4603-b7da-babb72c5a7f8,prca01,likert5,1) strongly disagree,4,True,recode,0
0632d1d7-3a64-4603-b7da-babb72c5a7f8,prca02,likert5,3) neutral,1,True,recode,1
0632d1d7-3a64-4603-b7da-babb72c5a7f8,prca03,likert5,3) neutral,4,True,recode,0
0632d1d7-3a64-4603-b7da-babb72c5a7f8,prca04,likert5,2) disagree,1,True,recode,1
0632d1d7-3a64-4603-b7da-babb72c5a7f8,prca05,likert5,1) strongly disagree,5,True,recode,0
0632d1d7-3a64-4603-b7da-babb72c5a7f8,prca06,likert5,3) neutral,3,True,recode,1
0632d1d7-3a64-4603-b7da-babb72c5a7f8,prca13,likert5,3) neutral,4,True,recode,0
0632d1d7-3a64-4603-b7da-babb72c5a7f8,prca14,likert5,4) agree,1,True,recode,1
0632d1d7-3a64-4603-b7da-babb72c5a7f8,prca15,likert5,3) neutral,4,True,recode,0
0632d1d7-3a64-4603-b7da-babb72c5a7f8,prca16,likert5,4) agree,2,True,recode,1
0632d1d7-3a64-4603-b7da-babb72c5a7f8,prca17,likert5,3) neutral,2,True,recode,1
0632d1d7-3a64-4603-b7da-babb72c5a7f8,prca18,likert5,3) neutral,4,True,recode,0
e096cd1f-810b-4520-a7e8-9921bbef818a,prca01,likert5,1) strongly disagree,5,True,recode,0
e096cd1f-810b-4520-a7e8-9921bbef818a,prca02,likert5,3) neutral,2,True,recode,1
e096cd1f-810b-4520-a7e8-9921bbef818a,prca03,likert5,3) neutral,4,True,recode,0
e096cd1f-810b-4520-a7e8-9921bbef818a,prca04,likert5,3) neutral,2,True,recode,1
e096cd1f-810b-4520-a7e8-9921bbef818a,prca05,likert5,3) neutral,4,True,recode,0
e096cd1f-810b-4520-a7e8-9921bbef818a,prca06,likert5,2) disagree,2,True,recode,1
e096cd1f-810b-4520-a7e8-9921bbef818a,prca13,likert5,1) strongly disagree,1,True,recode,0
e096cd1f-810b-4520-a7e8-9921bbef818a,prca14,likert5,1) strongly disagree,1,True,recode,1
e096cd1f-810b-4520-a7e8-9921bbef818a,prca15,likert5,3) neutral,4,True,recode,0
e096cd1f-810b-4520-a7e8-9921bbef818a,prca16,likert5,3) neutral,1,True,recode,1
e096cd1f-810b-4520-a7e8-9921bbef818a,prca17,likert5,3) neutral,2,True,recode,1
e096cd1f-810b-4520-a7e8-9921bbef818a,prca18,likert5,3) neutral,4,True,recode,0
0a5a353b-f824-43e1-883f-c94f3821f0b6,prca01,likert5,3) neutral,1,True,recode,0
0a5a353b-f824-43e1-883f-c94f3821f0b6,prca02,likert5,3) neutral,2,True,recode,1
0a5a353b-f824-43e1-883f-c94f3821f0b6,prca03,likert5,3) neutral,4,True,recode,0
0a5a353b-f824-43e1-883f-c94f3821f0b6,prca04,likert5,3) neutral,2,True,recode,1
0a5a353b-f824-43e1-883f-c94f3821f0b6,prca05,likert5,1) strongly disagree,5,True,recode,0
0a5a353b-f824-43e1-883f-c94f3821f0b6,prca06,likert5,3) neutral,2,True,recode,1
0a5a353b-f824-43e1-883f-c94f3821f0b6,prca13,likert5,2) disagree,1,True,recode,0
0a5a353b-f824-43e1-883f-c94f3821f0b6,prca14,likert5,3) neutral,2,True,recode,1
0a5a353b-f824-43e1-883f-c94f3821f0b6,prca15,likert5,2) disagree,4,True,recode,0
0a5a353b-f824-43e1-883f-c94f3821f0b6,prca16,likert5,2) disagree,2,True,recode,1
0a5a353b-f824-43e1-883f-c94f3821f0b6,prca17,likert5,3) neutral,2,True,recode,1
0a5a353b-f824-43e1-883f-c94f3821f0b6,prca18,likert5,1) strongly disagree,5,True,recode,0
1b0e74be-f6bf-4c14-97c8-aed672e0e072,prca01,likert5,1),5,True,recode,0
1b0e74be-f6bf-4c14-97c8-aed672e0e072,prca02,likert5,4,2,True,validated,1
1b0e74be-f6bf-4c14-97c8-aed672e0e072,prca03,likert5,3) neutral,4,True,recode,0
1b0e74be-f6bf-4c14-97c8-aed672e0e072,prca04,likert5,4) agree,1,True,recode,1
1b0e74be-f6bf-4c14-97c8-aed672e0e072,prca05,likert5,1) strongly disagree,4,True,recode,0
1b0e74be-f6bf-4c14-97c8-aed672e0e072,prca06,likert5,1) strongly disagree,3,True,recode,1
1b0e74be-f6bf-4c14-97c8-aed672e0e072,prca13,likert5,2) disagree,5,True,recode,0
1b0e74be-f6bf-4c14-97c8-aed672e0e072,prca14,likert5,3) neutral,4,True,recode,1
1b0e74be-f6bf-4c14-97c8-aed672e0e072,prca15,likert5,3) neutral,4,True,recode,0
1b0e74be-f6bf-4c14-97c8-aed672e0e072,prca16,likert5,4) agree,1,True,recode,1
1b0e74be-f6bf-4c14-97c8-aed672e0e072,prca17,likert5,1) strongly disagree,4,True,recode,1
1b0e74be-f6bf-4c14-97c8-aed672e0e072,prca18,likert5,1) strongly disagree,5,True,recode,0
6515c386-cb7e-4fa5-9b76-eb8936dd90b3,prca01,likert5,3) neutral,4,True,recode,0
6515c386-cb7e-4fa5-9b76-eb8936dd90b3,prca02,likert5,3) neutral,2,True,recode,1
6515c386-cb7e-4fa5-9b76-eb8936dd90b3,prca03,likert5,2) disagree,4,True,recode,0
6515c386-cb7e-4fa5-9b76-eb8936dd90b3,prca04,likert5,4,2,True,validated,1
6515c386-cb7e-4fa5-9b76-eb8936dd90b3,prca05,likert5,3) neutral,4,True,recode,0
6515c386-cb7e-4fa5-9b76-eb8936dd90b3,prca06,likert5,1) strongly disagree,1,True,recode,1
6515c386-cb7e-4fa5-9b76-eb8936dd90b3,prca13,likert5,4) agree,4,True,recode,0
6515c386-cb7e-4fa5-9b76-eb8936dd90b3,prca14,likert5,4) agree,4,True,recode,1
6515c386-cb7e-4fa5-9b76-eb8936dd90b3,prca15,likert5,2) disagree,3,True,recode,0
6515c386-cb7e-4fa5-9b76-eb8936dd90b3,prca16,likert5,3) neutral,3,True,recode,1
6515c386-cb7e-4fa5-9b76-eb8936dd90b3,prca17,likert5,3) neutral,2,True,recode,1
6515c386-cb7e-4fa5-9b76-eb8936dd90b3,prca18,likert5,4) agree,4,True,recode,0
4b965c2d-a19f-4afc-a437-649c0e2c0758,prca01,likert5,4) agree,4,True,recode,0
4b965c2d-a19f-4afc-a437-649c0e2c0758,prca02,likert5,3) neutral,2,True,recode,1
4b965c2d-a19f-4afc-a437-649c0e2c0758,prca03,likert5,4) agree,4,True,recode,0
4b965c2d-a19f-4afc-a437-649c0e2c0758,prca04,likert5,2) disagree,2,True,recode,1
4b965c2d-a19f-4afc-a437-649c0e2c0758,prca05,likert5,4) agree,4,True,recode,0
4b965c2d-a19f-4afc-a437-649c0e2c0758,prca06,likert5,3) neutral,2,True,recode,1
4b965c2d-a19f-4afc-a437-649c0e2c0758,prca13,likert5,3) neutral,4,True,recode,0
4b965c2d-a19f-4afc-a437-649c0e2c0758,prca14,likert5,2) disagree,2,True,recode,1
4b965c2d-a19f-4afc-a437-649c0e2c0758,prca15,likert5,4) agree,4,True,recode,0
4b965c2d-a19f-4afc-a437-649c0e2c0758,prca16,likert5,2) disagree,2,True,recode,1
4b965c2d-a19f-4afc-a437-649c0e2c0758,prca17,likert5,4) agree,2,True,recode,1
4b965c2d-a19f-4afc-a437-649c0e2c0758,prca18,likert5,3) neutral,4,True,recode,0
08ca0fdb-4500-4326-8e22-e1eebbf77d4f,prca01,likert5,2) disagree,5,True,recode,0
08ca0fdb-4500-4326-8e22-e1eebbf77d4f,prca02,likert5,4) agree,1,True,recode,1
08ca0fdb-4500-4326-8e22-e1eebbf77d4f,prca03,likert5,2) disagree,4,True,recode,0
08ca0fdb-4500-4326-8e22-e1eebbf77d4f,prca04,likert5,"1) strongly disagree, 2) disagree, 3) neutral, 4) agree, 5) strongly agree",4,True,recode,1
08ca0fdb-4500-4326-8e22-e1eebbf77d4f,prca05,likert5,3) neutral,4,True,recode,0
08ca0fdb-4500-4326-8e22-e1eebbf77d4f,prca06,likert5,3) neutral,2,True,recode,1
08ca0fdb-4500-4326-8e22-e1eebbf77d4f,prca13,likert5,1) strongly disagree,5,True,recode,0
08ca0fdb-4500-4326-8e22-e1eebbf77d4f,prca14,likert5,3) neutral,2,True,recode,1
08ca0fdb-4500-4326-8e22-e1eebbf77d4f,prca15,likert5,1) strongly disagree,5,True,recode,0
08ca0fdb-4500-4326-8e22-e1eebbf77d4f,prca16,likert5,3) neutral,2,True,recode,1
08ca0fdb-4500-4326-8e22-e1eebbf77d4f,prca17,likert5,2) disagree,1,True,recode,1
08ca0fdb-4500-4326-8e22-e1eebbf77d4f,prca18,likert5,1) strongly disagree,4,True,recode,0
8b71901c-0fdf-4f96-8e69-5645ad2a52c8,prca01,likert5,1) strongly disagree,5,True,recode,0
8b71901c-0fdf-4f96-8e69-5645ad2a52c8,prca02,likert5,3) neutral,2,True,recode,1
8b71901c-0fdf-4f96-8e69-5645ad2a52c8,prca03,likert5,2) disagree,4,True,recode,0
8b71901c-0fdf-4f96-8e69-5645ad2a52c8,prca04,likert5,2) disagree,3,True,recode,1
8b71901c-0fdf-4f96-8e69-5645ad2a52c8,prca05,likert5,3) neutral,5,True,recode,0
8b71901c-0fdf-4f96-8e69-5645ad2a52c8,prca06,likert5,3) neutral,2,True,recode,1
8b71901c-0fdf-4f96-8e69-5645ad2a52c8,prca13,likert5,1) strongly disagree,1,True,recode,0
8b71901c-0fdf-4f96-8e69-5645ad2a52c8,prca14,likert5,1) strongly disagree,5,True,recode,1
8b71901c-0fdf-4f96-8e69-5645ad2a52c8,prca15,likert5,3) neutral,4,True,recode,0
8b71901c-0fdf-4f96-8e69-5645ad2a52c8,prca16,likert5,2) disagree,1,True,recode,1
8b71901c-0fdf-4f96-8e69-5645ad2a52c8,prca17,likert5,2) disagree,2,True,recode,1
8b71901c-0fdf-4f96-8e69-5645ad2a52c8,prca18,likert5,3) neutral,4,True,recode,0
4227e496-6205-4aa9-a7ff-941e03efdac5,prca01,likert5,3) neutral,3,True,recode,0
4227e496-6205-4aa9-a7ff-941e03efdac5,prca02,likert5,1) strongly disagree,1,True,recode,1
4227e496-6205-4aa9-a7ff-941e03efdac5,prca03,likert5,3) neutral,4,True,recode,0
4227e496-6205-4aa9-a7ff-941e03efdac5,prca04,likert5,3) neutral,2,True,recode,1
4227e496-6205-4aa9-a7ff-941e03efdac5,prca05,likert5,2) disagree,4,True,recode,0
4227e496-6205-4aa9-a7ff-941e03efdac5,prca06,likert5,4) agree,2,True,recode,1
4227e496-6205-4aa9-a7ff-941e03efdac5,prca13,likert5,2) disagree,5,True,recode,0
4227e496-6205-4aa9-a7ff-941e03efdac5,prca14,likert5,1) strongly disagree,3,True,recode,1
4227e496-6205-4aa9-a7ff-941e03efdac5,prca15,likert5,3) neutral,5,True,recode,0
4227e496-6205-4aa9-a7ff-941e03efdac5,prca16,likert5,3) neutral,2,True,recode,1
4227e496-6205-4aa9-a7ff-941e03efdac5,prca17,likert5,2) disagree,3,True,recode,1
4227e496-6205-4aa9-a7ff-941e03efdac5,prca18,likert5,4) agree,4,True,recode,0
3024210c-b923-4557-a456-f4ec855a9329,prca01,likert5,3) neutral,4,True,recode,0
3024210c-b923-4557-a456-f4ec855a9329,prca02,likert5,3) neutral,2,True,recode,1
3024210c-b923-4557-a456-f4ec855a9329,prca03,likert5,2) disagree,1,True,recode,0
3024210c-b923-4557-a456-f4ec855a9329,prca04,likert5,2) disagree,2,True,recode,1
3024210c-b923-4557-a456-f4ec855a9329,prca05,likert5,3) neutral,4,True,recode,0
3024210c-b923-4557-a456-f4ec855a9329,prca06,likert5,3) neutral,2,True,recode,1
3024210c-b923-4557-a456-f4ec855a9329,prca13,likert5,3) neutral,4,True,recode,0
3024210c-b923-4557-a456-f4ec855a9329,prca14,likert5,2) disagree,2,True,recode,1
3024210c-b923-4557-a456-f4ec855a9329,prca15,likert5,1) strongly disagree,4,True,recode,0
3024210c-b923-4557-a456-f4ec855a9329,prca16,likert5,3) neutral,2,True,recode,1
3024210c-b923-4557-a456-f4ec855a9329,prca17,likert5,3) neutral,2,True,recode,1
3024210c-b923-4557-a456-f4ec855a9329,prca18,likert5,3) neutral,4,True,recode,0
6733c0ce-1105-4a2f-8c3c-514a7652e4d4,prca01,likert5,3) neutral,4,True,recode,0
6733c0ce-1105-4a2f-8c3c-514a7652e4d4,prca02,likert5,2) disagree,2,True,recode,1
6733c0ce-1105-4a2f-8c3c-514a7652e4d4,prca03,likert5,1) strongly disagree,5,True,recode,0
6733c0ce-1105-4a2f-8c3c-514a7652e4d4,prca04,likert5,3) neutral,2,True,recode,1
6733c0ce-1105-4a2f-8c3c-514a7652e4d4,prca05,likert5,3) neutral,4,True,recode,0
6733c0ce-1105-4a2f-8c3c-514a7652e4d4,prca06,likert5,3) neutral,2,True,recode,1
6733c0ce-1105-4a2f-8c3c-514a7652e4d4,prca13,likert5,3) neutral,4,True,recode,0
6733c0ce-1105-4a2f-8c3c-514a7652e4d4,prca14,likert5,3) neutral,2,True,recode,1
6733c0ce-1105-4a2f-8c3c-514a7652e4d4,prca15,likert5,3) neutral,4,True,recode,0
6733c0ce-1105-4a2f-8c3c-514a7652e4d4,prca16,likert5,3) neutral,2,True,recode,1
6733c0ce-1105-4a2f-8c3c-514a7652e4d4,prca17,likert5,3) neutral,2,True,recode,1
6733c0ce-1105-4a2f-8c3c-514a7652e4d4,prca18,likert5,2) disagree,4,True,recode,0
56ae2a1a-06ae-44ee-b391-b8c772b3d469,prca01,likert5,3) neutral,4,True,recode,0
56ae2a1a-06ae-44ee-b391-b8c772b3d469,prca02,likert5,"1) strongly disagree, 2) disagree, 3) neutral, 4) agree, 5) strongly agree",5,True,recode,1
56ae2a1a-06ae-44ee-b391-b8c772b3d469,prca03,likert5,3) neutral,3,True,recode,0
56ae2a1a-06ae-44ee-b391-b8c772b3d469,prca04,likert5,2) disagree,3,True,recode,1
56ae2a1a-06ae-44ee-b391-b8c772b3d469,prca05,likert5,3) neutral,4,True,recode,0
56ae2a1a-06ae-44ee-b391-b8c772b3d469,prca06,likert5,4) agree,2,True,recode,1
56ae2a1a-06ae-44ee-b391-b8c772b3d469,prca13,likert5,1) strongly disagree,5,True,recode,0
56ae2a1a-06ae-44ee-b391-b8c772b3d469,prca14,likert5,3) neutral,2,True,recode,1
56ae2a1a-06ae-44ee-b391-b8c772b3d469,prca15,likert5,3) neutral,4,True,recode,0
56ae2a1a-06ae-44ee-b391-b8c772b3d469,prca16,likert5,3) neutral,2,True,recode,1
56ae2a1a-06ae-44ee-b391-b8c772b3d469,prca17,likert5,2) disagree,1,True,recode,1
56ae2a1a-06ae-44ee-b391-b8c772b3d469,prca18,likert5,3) neutral,4,True,recode,0
43c2755f-1d7a-4423-a527-019d9c1dde72,prca01,likert5,2) disagree,4,True,recode,0
43c2755f-1d7a-4423-a527-019d9c1dde72,prca02,likert5,1) strongly disagree,2,True,recode,1
43c2755f-1d7a-4423-a527-019d9c1dde72,prca03,likert5,3) neutral,5,True,recode,0
43c2755f-1d7a-4423-a527-019d9c1dde72,prca04,likert5,3) neutral,2,True,recode,1
43c2755f-1d7a-4423-a527-019d9c1dde72,prca05,likert5,3) neutral,4,True,recode,0
43c2755f-1d7a-4423-a527-019d9c1dde72,prca06,likert5,3) neutral,1,True,recode,1
43c2755f-1d7a-4423-a527-019d9c1dde72,prca13,likert5,1) strongly disagree,5,True,recode,0
43c2755f-1d7a-4423-a527-019d9c1dde72,prca14,likert5,2) disagree,2,True,recode,1
43c2755f-1d7a-4423-a527-019d9c1dde72,prca15,likert5,1) strongly disagree,5,True,recode,0
43c2755f-1d7a-4423-a527-019d9c1dde72,prca16,likert5,4) agree,2,True,recode,1
43c2755f-1d7a-4423-a527-019d9c1dde72,prca17,likert5,3) neutral,2,True,recode,1
43c2755f-1d7a-4423-a527-019d9c1dde72,prca18,likert5,1) strongly disagree,4,True,recode,0
9bc7751a-60f1-48b4-b733-95f5a96ce484,prca01,likert5,1) strongly disagree,5,True,recode,0
9bc7751a-60f1-48b4-b733-95f5a96ce484,prca02,likert5,1) strongly disagree,3,True,recode,1
9bc7751a-60f1-48b4-b733-95f5a96ce484,prca03,likert5,3) neutral,2,True,recode,0
9bc7751a-60f1-48b4-b733-95f5a96ce484,prca04,likert5,4) agree,2,True,recode,1
9bc7751a-60f1-48b4-b733-95f5a96ce484,prca05,likert5,3) neutral,4,True,recode,0
9bc7751a-60f1-48b4-b733-95f5a96ce484,prca06,likert5,3) neutral,1,True,recode,1
9bc7751a-60f1-48b4-b733-95f5a96ce484,prca13,likert5,2) disagree,4,True,recode,0
9bc7751a-60f1-48b4-b733-95f5a96ce484,prca14,likert5,5) strongly agree,3,True,recode,1
9bc7751a-60f1-48b4-b733-95f5a96ce484,prca15,likert5,4) agree,4,True,recode,0
9bc7751a-60f1-48b4-b733-95f5a96ce484,prca16,likert5,1) strongly disagree,1,True,recode,1
9bc7751a-60f1-48b4-b733-95f5a96ce484,prca17,likert5,2) disagree,2,True,recode,1
9bc7751a-60f1-48b4-b733-95f5a96ce484,prca18,likert5,4) agree,4,True,recode,0
ee447b38-4942-49f4-ab07-e18748c0fdd4,prca01,likert5,1) strongly disagree,5,True,recode,0
ee447b38-4942-49f4-ab07-e18748c0fdd4,prca02,likert5,3) neutral,2,True,recode,1
ee447b38-4942-49f4-ab07-e18748c0fdd4,prca03,likert5,3) neutral,4,True,recode,0
ee447b38-4942-49f4-ab07-e18748c0fdd4,prca04,likert5,3) neutral,2,True,recode,1
ee447b38-4942-49f4-ab07-e18748c0fdd4,prca05,likert5,1) strongly disagree,5,True,recode,0
ee447b38-4942-49f4-ab07-e18748c0fdd4,prca06,likert5,1) strongly disagree,1,True,recode,1
ee447b38-4942-49f4-ab07-e18748c0fdd4,prca13,likert5,3) neutral,4,True,recode,0
ee447b38-4942-49f4-ab07-e18748c0fdd4,prca14,likert5,4) agree,2,True,recode,1
ee447b38-4942-49f4-ab07-e18748c0fdd4,prca15,likert5,1) strongly disagree,4,True,recode,0
ee447b38-4942-49f4-ab07-e18748c0fdd4,prca16,likert5,1) strongly disagree,2,True,recode,1
ee447b38-4942-49f4-ab07-e18748c0fdd4,prca17,likert5,3) neutral,2,True,recode,1
ee447b38-4942-49f4-ab07-e18748c0fdd4,prca18,likert5,2) disagree,5,True,recode,0
f90fbe00-664a-488c-9557-13de0d758af6,prca01,likert5,2) disagree,4,True,recode,0
f90fbe00-664a-488c-9557-13de0d758af6,prca02,likert5,2) disagree,1,True,recode,1
f90fbe00-664a-488c-9557-13de0d758af6,prca03,likert5,3) neutral,4,True,recode,0
f90fbe00-664a-488c-9557-13de0d758af6,prca04,likert5,2) disagree,1,True,recode,1
f90fbe00-664a-488c-9557-13de0d758af6,prca05,likert5,3) neutral,5,True,recode,0
f90fbe00-664a-488c-9557-13de0d758af6,prca06,likert5,3) neutral,2,True,recode,1
f90fbe00-664a-488c-9557-13de0d758af6,prca13,likert5,4) agree,5,True,recode,0
f90fbe00-664a-488c-9557-13de0d758af6,prca14,likert5,4) agree,2,True,recode,1
f90fbe00-664a-488c-9557-13de0d758af6,prca15,likert5,3) neutral,4,True,recode,0
f90fbe00-664a-488c-9557-13de0d758af6,prca16,likert5,4) agree,1,True,recode,1
f90fbe00-664a-488c-9557-13de0d758af6,prca17,likert5,2) disagree,2,True,recode,1
f90fbe00-664a-488c-9557-13de0d758af6,prca18,likert5,2) disagree,3,True,recode,0
4898373b-68b2-441f-9817-8fea022d976f,prca01,likert5,3) neutral,4,True,recode,0
4898373b-68b2-441f-9817-8fea022d976f,prca02,likert5,3) neutral,2,True,recode,1
4898373b-68b2-441f-9817-8fea022d976f,prca03,likert5,3) neutral,5,True,recode,0
4898373b-68b2-441f-9817-8fea022d976f,prca04,likert5,3) neutral,2,True,recode,1
4898373b-68b2-441f-9817-8fea022d976f,prca05,likert5,1) strongly disagree,5,True,recode,0
4898373b-68b2-441f-9817-8fea022d976f,prca06,likert5,2) disagree,1,True,recode,1
4898373b-68b2-441f-9817-8fea022d976f,prca13,likert5,3) neutral,4,True,recode,0
4898373b-68b2-441f-9817-8fea022d976f,prca14,likert5,5) strongly agree,2,True,recode,1
4898373b-68b2-441f-9817-8fea022d976f,prca15,likert5,1) strongly disagree,4,True,recode,0
4898373b-68b2-441f-9817-8fea022d976f,prca16,likert5,4) agree,2,True,recode,1
4898373b-68b2-441f-9817-8fea022d976f,prca17,likert5,3) neutral,2,True,recode,1
4898373b-68b2-441f-9817-8fea022d976f,prca18,likert5,3) neutral,5,True,recode,0
eef4716d-4085-4eb5-8d1d-b20372077068,prca01,likert5,3) neutral,5,True,recode,0
eef4716d-4085-4eb5-8d1d-b20372077068,prca02,likert5,3) neutral,2,True,recode,1
eef4716d-4085-4eb5-8d1d-b20372077068,prca03,likert5,3) neutral,4,True,recode,0
eef4716d-4085-4eb5-8d1d-b20372077068,prca04,likert5,2) disagree,2,True,recode,1
eef4716d-4085-4eb5-8d1d-b20372077068,prca05,likert5,2) disagree,4,True,recode,0
eef4716d-4085-4eb5-8d1d-b20372077068,prca06,likert5,4) agree,2,True,recode,1
eef4716d-4085-4eb5-8d1d-b20372077068,prca13,likert5,3) neutral,4,True,recode,0
eef4716d-4085-4eb5-8d1d-b20372077068,prca14,likert5,3) neutral,2,True,recode,1
eef4716d-4085-4eb5-8d1d-b20372077068,prca15,likert5,3) neutral,4,True,recode,0
eef4716d-4085-4eb5-8d1d-b20372077068,prca16,likert5,2) disagree,1,True,recode,1
eef4716d-4085-4eb5-8d1d-b20372077068,prca17,likert5,3) neutral,2,True,recode,1
eef4716d-4085-4eb5-8d1d-b20372077068,prca18,likert5,3) neutral,5,True,recode,0
da2db263-1c78-4369-bb8a-81d2bea5c9b6,prca01,likert5,2) disagree,3,True,recode,0
da2db263-1c78-4369-bb8a-81d2bea5c9b6,prca02,likert5,2) disagree,2,True,recode,1
da2db263-1c78-4369-bb8a-81d2bea5c9b6,prca03,likert5,3) neutral,5,True,recode,0
da2db263-1c78-4369-bb8a-81d2bea5c9b6,prca04,likert5,2) disagree,1,True,recode,1
da2db263-1c78-4369-bb8a-81d2bea5c9b6,prca05,likert5,3) neutral,4,True,recode,0
da2db263-1c78-4369-bb8a-81d2bea5c9b6,prca06,likert5,3) neutral,2,True,recode,1
da2db263-1c78-4369-bb8a-81d2bea5c9b6,prca13,likert5,1) strongly disagree,4,True,recode,0
da2db263-1c78-4369-bb8a-81d2bea5c9b6,prca14,likert5,2) disagree,1,True,recode,1
da2db263-1c78-4369-bb8a-81d2bea5c9b6,prca15,likert5,2) disagree,4,True,recode,0
da2db263-1c78-4369-bb8a-81d2bea5c9b6,prca16,likert5,2) disagree,2,True,recode,1
da2db263-1c78-4369-bb8a-81d2bea5c9b6,prca17,likert5,4) agree,2,True,recode,1
da2db263-1c78-4369-bb8a-81d2bea5c9b6,prca18,likert5,3) neutral,4,True,recode,0
e3561eac-9424-43de-b6e3-c7a011ece134,prca01,likert5,1) strongly disagree,5,True,recode,0
e3561eac-9424-43de-b6e3-c7a011ece134,prca02,likert5,3) neutral,2,True,recode,1
e3561eac-9424-43de-b6e3-c7a011ece134,prca03,likert5,4) agree,4,True,recode,0
e3561eac-9424-43de-b6e3-c7a011ece134,prca04,likert5,3) neutral,2,True,recode,1
e3561eac-9424-43de-b6e3-c7a011ece134,prca05,likert5,3) neutral,4,True,recode,0
e3561eac-9424-43de-b6e3-c7a011ece134,prca06,likert5,3) neutral,2,True,recode,1
e3561eac-9424-43de-b6e3-c7a011ece134,prca13,likert5,3) neutral,4,True,recode,0
e3561eac-9424-43de-b6e3-c7a011ece134,prca14,likert5,2) disagree,1,True,recode,1
e3561eac-9424-43de-b6e3-c7a011ece134,prca15,likert5,4) agree,4,True,recode,0
e3561eac-9424-43de-b6e3-c7a011ece134,prca16,likert5,3) neutral,1,True,recode,1
e3561eac-9424-43de-b6e3-c7a011ece134,prca17,likert5,3) neutral,1,True,recode,1
e3561eac-9424-43de-b6e3-c7a011ece134,prca18,likert5,3) neutral,4,True,recode,0
8c18a915-02c3-44f9-8d70-e9911b5d162a,prca01,likert5,1) strongly disagree,5,True,recode,0
8c18a915-02c3-44f9-8d70-e9911b5d162a,prca02,likert5,3) neutral,1,True,recode,1
8c18a915-02c3-44f9-8d70-e9911b5d162a,prca03,likert5,1) strongly disagree,5,True,recode,0
8c18a915-02c3-44f9-8d70-e9911b5d162a,prca04,likert5,3) neutral,2,True,recode,1
8c18a915-02c3-44f9-8d70-e9911b5d162a,prca05,likert5,4) agree,5,True,recode,0
8c18a915-02c3-44f9-8d70-e9911b5d162a,prca06,likert5,2) disagree,1,True,recode,1
8c18a915-02c3-44f9-8d70-e9911b5d162a,prca13,likert5,3) neutral,5,True,recode,0
8c18a915-02c3-44f9-8d70-e9911b5d162a,prca14,likert5,3) neutral,2,True,recode,1
8c18a915-02c3-44f9-8d70-e9911b5d162a,prca15,likert5,1) strongly disagree,5,True,recode,0
8c18a915-02c3-44f9-8d70-e9911b5d162a,prca16,likert5,4) agree,2,True,recode,1
8c18a915-02c3-44f9-8d70-e9911b5d162a,prca17,likert5,4) agree,2,True,recode,1
8c18a915-02c3-44f9-8d70-e9911b5d162a,prca18,likert5,1) strongly disagree,1,True,recode,0
