resid,question_id,scale,original_response,final_response,validated,action_taken,reverse_coded
6f3bcfc1-d097-489c-b8f2-58f1eff8c339,prca01,likert5,3) neutral,3,True,recode,0
6f3bcfc1-d097-489c-b8f2-58f1eff8c339,prca02,likert5,3) neutral,2,True,recode,1
6f3bcfc1-d097-489c-b8f2-58f1eff8c339,prca03,likert5,3) neutral,4,True,recode,0
6f3bcfc1-d097-489c-b8f2-58f1eff8c339,prca04,likert5,3) neutral,2,True,recode,1
6f3bcfc1-d097-489c-b8f2-58f1eff8c339,prca05,likert5,1) strongly disagree,4,True,recode,0
6f3bcfc1-d097-489c-b8f2-58f1eff8c339,prca06,likert5,3) neutral,2,True,recode,1
6f3bcfc1-d097-489c-b8f2-58f1eff8c339,prca13,likert5,3) neutral,4,True,recode,0
6f3bcfc1-d097-489c-b8f2-58f1eff8c339,prca14,likert5,3) neutral,2,True,recode,1
6f3bcfc1-d097-489c-b8f2-58f1eff8c339,prca15,likert5,1) strongly disagree,4,True,recode,0
6f3bcfc1-d097-489c-b8f2-58f1eff8c339,prca16,likert5,2) disagree,3,True,recode,1
6f3bcfc1-d097-489c-b8f2-58f1eff8c339,prca17,likert5,2) disagree,3,True,recode,1
6f3bcfc1-d097-489c-b8f2-58f1eff8c339,prca18,likert5,2) disagree,5,True,recode,0
c2efb4be-e12e-4b29-8000-fd2e9ee38799,prca01,likert5,1),5,True,recode,0
c2efb4be-e12e-4b29-8000-fd2e9ee38799,prca02,likert5,3) neutral,2,True,recode,1
c2efb4be-e12e-4b29-8000-fd2e9ee38799,prca03,likert5,3) neutral,4,True,recode,0
c2efb4be-e12e-4b29-8000-fd2e9ee38799,prca04,likert5,4) agree,2,True,recode,1
c2efb4be-e12e-4b29-8000-fd2e9ee38799,prca05,likert5,1) strongly disagree,5,True,recode,0
c2efb4be-e12e-4b29-8000-fd2e9ee38799,prca06,likert5,3) neutral,2,True,recode,1
c2efb4be-e12e-4b29-8000-fd2e9ee38799,prca13,likert5,3) neutral,4,True,recode,0
c2efb4be-e12e-4b29-8000-fd2e9ee38799,prca14,likert5,3) neutral,1,True,recode,1
c2efb4be-e12e-4b29-8000-fd2e9ee38799,prca15,likert5,3) neutral,4,True,recode,0
c2efb4be-e12e-4b29-8000-fd2e9ee38799,prca16,likert5,3) neutral,2,True,recode,1
c2efb4be-e12e-4b29-8000-fd2e9ee38799,prca17,likert5,2) disagree,2,True,recode,1
c2efb4be-e12e-4b29-8000-fd2e9ee38799,prca18,likert5,3) neutral,4,True,recode,0
304d1904-5305-4e45-b272-80e48713898f,prca01,likert5,3) neutral,5,True,recode,0
304d1904-5305-4e45-b272-80e48713898f,prca02,likert5,3) neutral,2,True,recode,1
304d1904-5305-4e45-b272-80e48713898f,prca03,likert5,4) agree,4,True,recode,0
304d1904-5305-4e45-b272-80e48713898f,prca04,likert5,4,2,True,validated,1
304d1904-5305-4e45-b272-80e48713898f,prca05,likert5,2) disagree,3,True,recode,0
304d1904-5305-4e45-b272-80e48713898f,prca06,likert5,3) neutral,1,True,recode,1
304d1904-5305-4e45-b272-80e48713898f,prca13,likert5,3) neutral,4,True,recode,0
304d1904-5305-4e45-b272-80e48713898f,prca14,likert5,1) strongly disagree,1,True,recode,1
304d1904-5305-4e45-b272-80e48713898f,prca15,likert5,1) strongly disagree,4,True,recode,0
304d1904-5305-4e45-b272-80e48713898f,prca16,likert5,3) neutral,2,True,recode,1
304d1904-5305-4e45-b272-80e48713898f,prca17,likert5,3) neutral,2,True,recode,1
304d1904-5305-4e45-b272-80e48713898f,prca18,likert5,3) neutral,4,True,recode,0
1e10f6e5-4aff-40a9-8f2a-c17d1da31a97,prca01,likert5,1) strongly disagree,3,True,recode,0
1e10f6e5-4aff-40a9-8f2a-c17d1da31a97,prca02,likert5,3) neutral,2,True,recode,1
1e10f6e5-4aff-40a9-8f2a-c17d1da31a97,prca03,likert5,1) strongly disagree,4,True,recode,0
1e10f6e5-4aff-40a9-8f2a-c17d1da31a97,prca04,likert5,3) neutral,2,True,recode,1
1e10f6e5-4aff-40a9-8f2a-c17d1da31a97,prca05,likert5,1) strongly disagree,5,True,recode,0
1e10f6e5-4aff-40a9-8f2a-c17d1da31a97,prca06,likert5,3) neutral,2,True,recode,1
1e10f6e5-4aff-40a9-8f2a-c17d1da31a97,prca13,likert5,3) neutral,4,True,recode,0
1e10f6e5-4aff-40a9-8f2a-c17d1da31a97,prca14,likert5,1) strongly disagree,1,True,recode,1
1e10f6e5-4aff-40a9-8f2a-c17d1da31a97,prca15,likert5,3) neutral,4,True,recode,0
1e10f6e5-4aff-40a9-8f2a-c17d1da31a97,prca16,likert5,3) neutral,2,True,recode,1
1e10f6e5-4aff-40a9-8f2a-c17d1da31a97,prca17,likert5,4) agree,2,True,recode,1
1e10f6e5-4aff-40a9-8f2a-c17d1da31a97,prca18,likert5,3) neutral,5,True,recode,0
abe191d8-7f6b-4b4f-8b82-fc6eb13f23ae,prca01,likert5,3) neutral,4,True,recode,0
abe191d8-7f6b-4b4f-8b82-fc6eb13f23ae,prca02,likert5,3) neutral,2,True,recode,1
abe191d8-7f6b-4b4f-8b82-fc6eb13f23ae,prca03,likert5,4) agree,4,True,recode,0
abe191d8-7f6b-4b4f-8b82-fc6eb13f23ae,prca04,likert5,2) disagree,2,True,recode,1
abe191d8-7f6b-4b4f-8b82-fc6eb13f23ae,prca05,likert5,1) strongly disagree,5,True,recode,0
abe191d8-7f6b-4b4f-8b82-fc6eb13f23ae,prca06,likert5,1) strongly disagree,2,True,recode,1
abe191d8-7f6b-4b4f-8b82-fc6eb13f23ae,prca13,likert5,3) neutral,4,True,recode,0
abe191d8-7f6b-4b4f-8b82-fc6eb13f23ae,prca14,likert5,3) neutral,2,True,recode,1
abe191d8-7f6b-4b4f-8b82-fc6eb13f23ae,prca15,likert5,3) neutral,4,True,recode,0
abe191d8-7f6b-4b4f-8b82-fc6eb13f23ae,prca16,likert5,1) strongly disagree,1,True,recode,1
abe191d8-7f6b-4b4f-8b82-fc6eb13f23ae,prca17,likert5,3) neutral,1,True,recode,1
abe191d8-7f6b-4b4f-8b82-fc6eb13f23ae,prca18,likert5,3) neutral,4,True,recode,0
3b0ea34f-f56f-41b5-80f5-29a732ed7b3c,prca01,likert5,3) neutral,5,True,recode,0
3b0ea34f-f56f-41b5-80f5-29a732ed7b3c,prca02,likert5,3) neutral,2,True,recode,1
3b0ea34f-f56f-41b5-80f5-29a732ed7b3c,prca03,likert5,1) strongly disagree,4,True,recode,0
3b0ea34f-f56f-41b5-80f5-29a732ed7b3c,prca04,likert5,2) disagree,2,True,recode,1
3b0ea34f-f56f-41b5-80f5-29a732ed7b3c,prca05,likert5,3) neutral,3,True,recode,0
3b0ea34f-f56f-41b5-80f5-29a732ed7b3c,prca06,likert5,3) neutral,2,True,recode,1
3b0ea34f-f56f-41b5-80f5-29a732ed7b3c,prca13,likert5,3) neutral,4,True,recode,0
3b0ea34f-f56f-41b5-80f5-29a732ed7b3c,prca14,likert5,2) disagree,1,True,recode,1
3b0ea34f-f56f-41b5-80f5-29a732ed7b3c,prca15,likert5,3) neutral,4,True,recode,0
3b0ea34f-f56f-41b5-80f5-29a732ed7b3c,prca16,likert5,3) neutral,2,True,recode,1
3b0ea34f-f56f-41b5-80f5-29a732ed7b3c,prca17,likert5,3) neutral,2,True,recode,1
3b0ea34f-f56f-41b5-80f5-29a732ed7b3c,prca18,likert5,1) strongly disagree,5,True,recode,0
6f5e2f67-1ac7-406f-a697-d9192b2f8a59,prca01,likert5,3) neutral,4,True,recode,0
6f5e2f67-1ac7-406f-a697-d9192b2f8a59,prca02,likert5,2) disagree,2,True,recode,1
6f5e2f67-1ac7-406f-a697-d9192b2f8a59,prca03,likert5,3) neutral,4,True,recode,0
6f5e2f67-1ac7-406f-a697-d9192b2f8a59,prca04,likert5,4) agree,2,True,recode,1
6f5e2f67-1ac7-406f-a697-d9192b2f8a59,prca05,likert5,3) neutral,4,True,recode,0
6f5e2f67-1ac7-406f-a697-d9192b2f8a59,prca06,likert5,3) neutral,2,True,recode,1
6f5e2f67-1ac7-406f-a697-d9192b2f8a59,prca13,likert5,1) strongly disagree,5,True,recode,0
6f5e2f67-1ac7-406f-a697-d9192b2f8a59,prca14,likert5,3) neutral,2,True,recode,1
6f5e2f67-1ac7-406f-a697-d9192b2f8a59,prca15,likert5,3) neutral,4,True,recode,0
6f5e2f67-1ac7-406f-a697-d9192b2f8a59,prca16,likert5,3) neutral,2,True,recode,1
6f5e2f67-1ac7-406f-a697-d9192b2f8a59,prca17,likert5,3) neutral,1,True,recode,1
6f5e2f67-1ac7-406f-a697-d9192b2f8a59,prca18,likert5,3) neutral,4,True,recode,0
93f50137-323e-4964-b152-69608a118207,prca01,likert5,1) strongly disagree,5,True,recode,0
93f50137-323e-4964-b152-69608a118207,prca02,likert5,4) agree,2,True,recode,1
93f50137-323e-4964-b152-69608a118207,prca03,likert5,1) strongly disagree,5,True,recode,0
93f50137-323e-4964-b152-69608a118207,prca04,likert5,1) strongly disagree,1,True,recode,1
93f50137-323e-4964-b152-69608a118207,prca05,likert5,3) neutral,4,True,recode,0
93f50137-323e-4964-b152-69608a118207,prca06,likert5,3) neutral,2,True,recode,1
93f50137-323e-4964-b152-69608a118207,prca13,likert5,3) neutral,4,True,recode,0
93f50137-323e-4964-b152-69608a118207,prca14,likert5,3) neutral,2,True,recode,1
93f50137-323e-4964-b152-69608a118207,prca15,likert5,3) neutral,5,True,recode,0
93f50137-323e-4964-b152-69608a118207,prca16,likert5,3) neutral,2,True,recode,1
93f50137-323e-4964-b152-69608a118207,prca17,likert5,3) neutral,2,True,recode,1
93f50137-323e-4964-b152-69608a118207,prca18,likert5,3) neutral,4,True,recode,0
3c8a6b73-056a-41ba-b2a2-08fcde9a8395,prca01,likert5,2) disagree,4,True,recode,0
3c8a6b73-056a-41ba-b2a2-08fcde9a8395,prca02,likert5,3) neutral,2,True,recode,1
3c8a6b73-056a-41ba-b2a2-08fcde9a8395,prca03,likert5,3) neutral,4,True,recode,0
3c8a6b73-056a-41ba-b2a2-08fcde9a8395,prca04,likert5,3) neutral,1,True,recode,1
3c8a6b73-056a-41ba-b2a2-08fcde9a8395,prca05,likert5,1) strongly disagree,1,True,recode,0
3c8a6b73-056a-41ba-b2a2-08fcde9a8395,prca06,likert5,2) disagree,2,True,recode,1
3c8a6b73-056a-41ba-b2a2-08fcde9a8395,prca13,likert5,1) strongly disagree,5,True,recode,0
3c8a6b73-056a-41ba-b2a2-08fcde9a8395,prca14,likert5,3) neutral,2,True,recode,1
3c8a6b73-056a-41ba-b2a2-08fcde9a8395,prca15,likert5,1) strongly disagree,5,True,recode,0
3c8a6b73-056a-41ba-b2a2-08fcde9a8395,prca16,likert5,1) strongly disagree,1,True,recode,1
3c8a6b73-056a-41ba-b2a2-08fcde9a8395,prca17,likert5,2) disagree,2,True,recode,1
3c8a6b73-056a-41ba-b2a2-08fcde9a8395,prca18,likert5,1) strongly disagree.,5,True,recode,0
14d9aa5a-18e7-41ee-8128-29c758661651,prca01,likert5,2) disagree,4,True,recode,0
14d9aa5a-18e7-41ee-8128-29c758661651,prca02,likert5,3) neutral,2,True,recode,1
14d9aa5a-18e7-41ee-8128-29c758661651,prca03,likert5,3) neutral,4,True,recode,0
14d9aa5a-18e7-41ee-8128-29c758661651,prca04,likert5,2) disagree,2,True,recode,1
14d9aa5a-18e7-41ee-8128-29c758661651,prca05,likert5,3) neutral,5,True,recode,0
14d9aa5a-18e7-41ee-8128-29c758661651,prca06,likert5,4) agree,2,True,recode,1
14d9aa5a-18e7-41ee-8128-29c758661651,prca13,likert5,1) strongly disagree,5,True,recode,0
14d9aa5a-18e7-41ee-8128-29c758661651,prca14,likert5,1) strongly disagree,1,True,recode,1
14d9aa5a-18e7-41ee-8128-29c758661651,prca15,likert5,3) neutral,4,True,recode,0
14d9aa5a-18e7-41ee-8128-29c758661651,prca16,likert5,4) agree,2,True,recode,1
14d9aa5a-18e7-41ee-8128-29c758661651,prca17,likert5,3) neutral,2,True,recode,1
14d9aa5a-18e7-41ee-8128-29c758661651,prca18,likert5,4) agree,4,True,recode,0
e92c70ed-8aee-4606-913a-1341c1eeb839,prca01,likert5,4) agree,4,True,recode,0
e92c70ed-8aee-4606-913a-1341c1eeb839,prca02,likert5,2) disagree,2,True,recode,1
e92c70ed-8aee-4606-913a-1341c1eeb839,prca03,likert5,3) neutral,4,True,recode,0
e92c70ed-8aee-4606-913a-1341c1eeb839,prca04,likert5,3) neutral,1,True,recode,1
e92c70ed-8aee-4606-913a-1341c1eeb839,prca05,likert5,1) strongly disagree,4,True,recode,0
e92c70ed-8aee-4606-913a-1341c1eeb839,prca06,likert5,3) neutral,2,True,recode,1
e92c70ed-8aee-4606-913a-1341c1eeb839,prca13,likert5,3) neutral,4,True,recode,0
e92c70ed-8aee-4606-913a-1341c1eeb839,prca14,likert5,3) neutral,2,True,recode,1
e92c70ed-8aee-4606-913a-1341c1eeb839,prca15,likert5,1) strongly disagree,4,True,recode,0
e92c70ed-8aee-4606-913a-1341c1eeb839,prca16,likert5,3) neutral,2,True,recode,1
e92c70ed-8aee-4606-913a-1341c1eeb839,prca17,likert5,2) disagree,2,True,recode,1
e92c70ed-8aee-4606-913a-1341c1eeb839,prca18,likert5,2) disagree,4,True,recode,0
1b306a8c-2529-4d06-b5c6-72f0c7995f33,prca01,likert5,3) neutral,4,True,recode,0
1b306a8c-2529-4d06-b5c6-72f0c7995f33,prca02,likert5,1) strongly disagree,1,True,recode,1
1b306a8c-2529-4d06-b5c6-72f0c7995f33,prca03,likert5,2) disagree,3,True,recode,0
1b306a8c-2529-4d06-b5c6-72f0c7995f33,prca04,likert5,3) neutral,2,True,recode,1
1b306a8c-2529-4d06-b5c6-72f0c7995f33,prca05,likert5,2) disagree,4,True,recode,0
1b306a8c-2529-4d06-b5c6-72f0c7995f33,prca06,likert5,2) disagree,1,True,recode,1
1b306a8c-2529-4d06-b5c6-72f0c7995f33,prca13,likert5,3) neutral,1,True,recode,0
1b306a8c-2529-4d06-b5c6-72f0c7995f33,prca14,likert5,4) agree,2,True,recode,1
1b306a8c-2529-4d06-b5c6-72f0c7995f33,prca15,likert5,2) disagree,4,True,recode,0
1b306a8c-2529-4d06-b5c6-72f0c7995f33,prca16,likert5,3) neutral,4,True,recode,1
1b306a8c-2529-4d06-b5c6-72f0c7995f33,prca17,likert5,3) neutral,2,True,recode,1
1b306a8c-2529-4d06-b5c6-72f0c7995f33,prca18,likert5,2) disagree,5,True,recode,0
ad505636-9300-4fab-a4b2-a7de61aaa637,prca01,likert5,3) neutral,4,True,recode,0
ad505636-9300-4fab-a4b2-a7de61aaa637,prca02,likert5,3) neutral,2,True,recode,1
ad505636-9300-4fab-a4b2-a7de61aaa637,prca03,likert5,3) neutral,4,True,recode,0
ad505636-9300-4fab-a4b2-a7de61aaa637,prca04,likert5,4) agree,4,True,recode,1
ad505636-9300-4fab-a4b2-a7de61aaa637,prca05,likert5,3) neutral,4,True,recode,0
ad505636-9300-4fab-a4b2-a7de61aaa637,prca06,likert5,1) strongly disagree,2,True,recode,1
ad505636-9300-4fab-a4b2-a7de61aaa637,prca13,likert5,2) disagree,4,True,recode,0
ad505636-9300-4fab-a4b2-a7de61aaa637,prca14,likert5,3) neutral,2,True,recode,1
ad505636-9300-4fab-a4b2-a7de61aaa637,prca15,likert5,3) neutral,4,True,recode,0
ad505636-9300-4fab-a4b2-a7de61aaa637,prca16,likert5,3) neutral,2,True,recode,1
ad505636-9300-4fab-a4b2-a7de61aaa637,prca17,likert5,2) disagree,2,True,recode,1
ad505636-9300-4fab-a4b2-a7de61aaa637,prca18,likert5,3) neutral,4,True,recode,0
bf6fa6bd-75dc-47c5-a097-78366e3feffd,prca01,likert5,3) neutral,4,True,recode,0
bf6fa6bd-75dc-47c5-a097-78366e3feffd,prca02,likert5,4) agree,1,True,recode,1
bf6fa6bd-75dc-47c5-a097-78366e3feffd,prca03,likert5,3) neutral,4,True,recode,0
bf6fa6bd-75dc-47c5-a097-78366e3feffd,prca04,likert5,4) agree,1,True,recode,1
bf6fa6bd-75dc-47c5-a097-78366e3feffd,prca05,likert5,3) neutral,4,True,recode,0
bf6fa6bd-75dc-47c5-a097-78366e3feffd,prca06,likert5,3) neutral,2,True,recode,1
bf6fa6bd-75dc-47c5-a097-78366e3feffd,prca13,likert5,3) neutral,4,True,recode,0
bf6fa6bd-75dc-47c5-a097-78366e3feffd,prca14,likert5,5) strongly agree,3,True,recode,1
bf6fa6bd-75dc-47c5-a097-78366e3feffd,prca15,likert5,2) disagree,5,True,recode,0
bf6fa6bd-75dc-47c5-a097-78366e3feffd,prca16,likert5,2) disagree,2,True,recode,1
bf6fa6bd-75dc-47c5-a097-78366e3feffd,prca17,likert5,2) disagree,1,True,recode,1
bf6fa6bd-75dc-47c5-a097-78366e3feffd,prca18,likert5,3) neutral,4,True,recode,0
692df550-3e14-4e24-8e21-c8bea1972f18,prca01,likert5,1) strongly disagree,5,True,recode,0
692df550-3e14-4e24-8e21-c8bea1972f18,prca02,likert5,1) strongly disagree,1,True,recode,1
692df550-3e14-4e24-8e21-c8bea1972f18,prca03,likert5,1) strongly disagree,5,True,recode,0
692df550-3e14-4e24-8e21-c8bea1972f18,prca04,likert5,1) strongly disagree,1,True,recode,1
692df550-3e14-4e24-8e21-c8bea1972f18,prca05,likert5,2) disagree,5,True,recode,0
692df550-3e14-4e24-8e21-c8bea1972f18,prca06,likert5,1) strongly disagree,1,True,recode,1
692df550-3e14-4e24-8e21-c8bea1972f18,prca13,likert5,3) neutral,4,True,recode,0
692df550-3e14-4e24-8e21-c8bea1972f18,prca14,likert5,3) neutral,2,True,recode,1
692df550-3e14-4e24-8e21-c8bea1972f18,prca15,likert5,3) neutral,4,True,recode,0
692df550-3e14-4e24-8e21-c8bea1972f18,prca16,likert5,2) disagree,2,True,recode,1
692df550-3e14-4e24-8e21-c8bea1972f18,prca17,likert5,4) agree,2,True,recode,1
692df550-3e14-4e24-8e21-c8bea1972f18,prca18,likert5,2) disagree,4,True,recode,0
6ec16a65-1487-47af-813d-a6b129bca554,prca01,likert5,2) disagree,5,True,recode,0
6ec16a65-1487-47af-813d-a6b129bca554,prca02,likert5,2) disagree,3,True,recode,1
6ec16a65-1487-47af-813d-a6b129bca554,prca03,likert5,1) strongly disagree,4,True,recode,0
6ec16a65-1487-47af-813d-a6b129bca554,prca04,likert5,3) neutral,1,True,recode,1
6ec16a65-1487-47af-813d-a6b129bca554,prca05,likert5,4) agree,5,True,recode,0
6ec16a65-1487-47af-813d-a6b129bca554,prca06,likert5,4) agree,1,True,recode,1
6ec16a65-1487-47af-813d-a6b129bca554,prca13,likert5,1) strongly disagree,4,True,recode,0
6ec16a65-1487-47af-813d-a6b129bca554,prca14,likert5,2) disagree,3,True,recode,1
6ec16a65-1487-47af-813d-a6b129bca554,prca15,likert5,4) agree,5,True,recode,0
6ec16a65-1487-47af-813d-a6b129bca554,prca16,likert5,3) neutral,2,True,recode,1
6ec16a65-1487-47af-813d-a6b129bca554,prca17,likert5,2) disagree,1,True,recode,1
6ec16a65-1487-47af-813d-a6b129bca554,prca18,likert5,3) neutral,4,True,recode,0
017b3867-8362-4bb1-b759-164b03558846,prca01,likert5,3) neutral,5,True,recode,0
017b3867-8362-4bb1-b759-164b03558846,prca02,likert5,3) neutral,2,True,recode,1
017b3867-8362-4bb1-b759-164b03558846,prca03,likert5,1) strongly disagree,1,True,recode,0
017b3867-8362-4bb1-b759-164b03558846,prca04,likert5,3) neutral,2,True,recode,1
017b3867-8362-4bb1-b759-164b03558846,prca05,likert5,4) agree,4,True,recode,0
017b3867-8362-4bb1-b759-164b03558846,prca06,likert5,4) agree,2,True,recode,1
017b3867-8362-4bb1-b759-164b03558846,prca13,likert5,2) disagree,3,True,recode,0
017b3867-8362-4bb1-b759-164b03558846,prca14,likert5,3) neutral,2,True,recode,1
017b3867-8362-4bb1-b759-164b03558846,prca15,likert5,4) agree,4,True,recode,0
017b3867-8362-4bb1-b759-164b03558846,prca16,likert5,3) neutral,2,True,recode,1
017b3867-8362-4bb1-b759-164b03558846,prca17,likert5,4) agree,2,True,recode,1
017b3867-8362-4bb1-b759-164b03558846,prca18,likert5,1) strongly disagree,5,True,recode,0
bbc5b820-c1f8-4731-8f2e-8bac216e1499,prca01,likert5,2) disagree,1,True,recode,0
bbc5b820-c1f8-4731-8f2e-8bac216e1499,prca02,likert5,3) neutral,2,True,recode,1
bbc5b820-c1f8-4731-8f2e-8bac216e1499,prca03,likert5,3) neutral,4,True,recode,0
bbc5b820-c1f8-4731-8f2e-8bac216e1499,prca04,likert5,4) agree,2,True,recode,1
bbc5b820-c1f8-4731-8f2e-8bac216e1499,prca05,likert5,3) neutral,4,True,recode,0
bbc5b820-c1f8-4731-8f2e-8bac216e1499,prca06,likert5,2) disagree,2,True,recode,1
bbc5b820-c1f8-4731-8f2e-8bac216e1499,prca13,likert5,3) neutral,4,True,recode,0
bbc5b820-c1f8-4731-8f2e-8bac216e1499,prca14,likert5,3) neutral,2,True,recode,1
bbc5b820-c1f8-4731-8f2e-8bac216e1499,prca15,likert5,3) neutral,4,True,recode,0
bbc5b820-c1f8-4731-8f2e-8bac216e1499,prca16,likert5,3) neutral,2,True,recode,1
bbc5b820-c1f8-4731-8f2e-8bac216e1499,prca17,likert5,1) strongly disagree,1,True,recode,1
bbc5b820-c1f8-4731-8f2e-8bac216e1499,prca18,likert5,3) neutral,4,True,recode,0
00f353df-6191-415e-91e6-f25b318419dd,prca01,likert5,1) strongly disagree,5,True,recode,0
00f353df-6191-415e-91e6-f25b318419dd,prca02,likert5,1) strongly disagree,1,True,recode,1
00f353df-6191-415e-91e6-f25b318419dd,prca03,likert5,3) neutral,4,True,recode,0
00f353df-6191-415e-91e6-f25b318419dd,prca04,likert5,3) neutral,1,True,recode,1
00f353df-6191-415e-91e6-f25b318419dd,prca05,likert5,3) neutral,4,True,recode,0
00f353df-6191-415e-91e6-f25b318419dd,prca06,likert5,3) neutral,2,True,recode,1
00f353df-6191-415e-91e6-f25b318419dd,prca13,likert5,4) agree,4,True,recode,0
00f353df-6191-415e-91e6-f25b318419dd,prca14,likert5,4) agree,1,True,recode,1
00f353df-6191-415e-91e6-f25b318419dd,prca15,likert5,3) neutral,4,True,recode,0
00f353df-6191-415e-91e6-f25b318419dd,prca16,likert5,4) agree,2,True,recode,1
00f353df-6191-415e-91e6-f25b318419dd,prca17,likert5,3) neutral,2,True,recode,1
00f353df-6191-415e-91e6-f25b318419dd,prca18,likert5,3) neutral,5,True,recode,0
452bcecd-5e99-4d5f-97bb-bcd6ea1dc99e,prca01,likert5,3) neutral,5,True,recode,0
452bcecd-5e99-4d5f-97bb-bcd6ea1dc99e,prca02,likert5,3) neutral,3,True,recode,1
452bcecd-5e99-4d5f-97bb-bcd6ea1dc99e,prca03,likert5,2) disagree,5,True,recode,0
452bcecd-5e99-4d5f-97bb-bcd6ea1dc99e,prca04,likert5,3) neutral,2,True,recode,1
452bcecd-5e99-4d5f-97bb-bcd6ea1dc99e,prca05,likert5,3) neutral,4,True,recode,0
452bcecd-5e99-4d5f-97bb-bcd6ea1dc99e,prca06,likert5,3) neutral,2,True,recode,1
452bcecd-5e99-4d5f-97bb-bcd6ea1dc99e,prca13,likert5,3) neutral,4,True,recode,0
452bcecd-5e99-4d5f-97bb-bcd6ea1dc99e,prca14,likert5,4) agree,1,True,recode,1
452bcecd-5e99-4d5f-97bb-bcd6ea1dc99e,prca15,likert5,3) neutral,4,True,recode,0
452bcecd-5e99-4d5f-97bb-bcd6ea1dc99e,prca16,likert5,3) neutral,2,True,recode,1
452bcecd-5e99-4d5f-97bb-bcd6ea1dc99e,prca17,likert5,3) neutral,2,True,recode,1
452bcecd-5e99-4d5f-97bb-bcd6ea1dc99e,prca18,likert5,3) neutral,4,True,recode,0
51b1c9aa-0ef9-4523-8827-9ba7dea3d1b7,prca01,likert5,3) neutral,4,True,recode,0
51b1c9aa-0ef9-4523-8827-9ba7dea3d1b7,prca02,likert5,3) neutral,2,True,recode,1
51b1c9aa-0ef9-4523-8827-9ba7dea3d1b7,prca03,likert5,3) neutral,4,True,recode,0
51b1c9aa-0ef9-4523-8827-9ba7dea3d1b7,prca04,likert5,3) neutral,2,True,recode,1
51b1c9aa-0ef9-4523-8827-9ba7dea3d1b7,prca05,likert5,3) neutral,4,True,recode,0
51b1c9aa-0ef9-4523-8827-9ba7dea3d1b7,prca06,likert5,3) neutral,2,True,recode,1
51b1c9aa-0ef9-4523-8827-9ba7dea3d1b7,prca13,likert5,4) agree,4,True,recode,0
51b1c9aa-0ef9-4523-8827-9ba7dea3d1b7,prca14,likert5,2) disagree,1,True,recode,1
51b1c9aa-0ef9-4523-8827-9ba7dea3d1b7,prca15,likert5,3) neutral,4,True,recode,0
51b1c9aa-0ef9-4523-8827-9ba7dea3d1b7,prca16,likert5,3) neutral,1,True,recode,1
51b1c9aa-0ef9-4523-8827-9ba7dea3d1b7,prca17,likert5,2) disagree,2,True,recode,1
51b1c9aa-0ef9-4523-8827-9ba7dea3d1b7,prca18,likert5,4) agree,4,True,recode,0
559f212d-fcfa-4b3d-816e-c287846e4af1,prca01,likert5,2) disagree,4,True,recode,0
559f212d-fcfa-4b3d-816e-c287846e4af1,prca02,likert5,2) disagree,2,True,recode,1
559f212d-fcfa-4b3d-816e-c287846e4af1,prca03,likert5,1) strongly disagree,5,True,recode,0
559f212d-fcfa-4b3d-816e-c287846e4af1,prca04,likert5,2) disagree,1,True,recode,1
559f212d-fcfa-4b3d-816e-c287846e4af1,prca05,likert5,3) neutral,4,True,recode,0
559f212d-fcfa-4b3d-816e-c287846e4af1,prca06,likert5,3) neutral,2,True,recode,1
559f212d-fcfa-4b3d-816e-c287846e4af1,prca13,likert5,2) disagree,4,True,recode,0
559f212d-fcfa-4b3d-816e-c287846e4af1,prca14,likert5,4) agree,2,True,recode,1
559f212d-fcfa-4b3d-816e-c287846e4af1,prca15,likert5,3) neutral,5,True,recode,0
559f212d-fcfa-4b3d-816e-c287846e4af1,prca16,likert5,1) strongly disagree,3,True,recode,1
559f212d-fcfa-4b3d-816e-c287846e4af1,prca17,likert5,2) disagree,2,True,recode,1
559f212d-fcfa-4b3d-816e-c287846e4af1,prca18,likert5,4) agree,4,True,recode,0
ba3b8248-74bf-4bc2-8425-5d3b2fa119db,prca01,likert5,4) agree,4,True,recode,0
ba3b8248-74bf-4bc2-8425-5d3b2fa119db,prca02,likert5,1) strongly disagree,2,True,recode,1
ba3b8248-74bf-4bc2-8425-5d3b2fa119db,prca03,likert5,1) strongly disagree,5,True,recode,0
ba3b8248-74bf-4bc2-8425-5d3b2fa119db,prca04,likert5,3) neutral,2,True,recode,1
ba3b8248-74bf-4bc2-8425-5d3b2fa119db,prca05,likert5,1) strongly disagree,4,True,recode,0
ba3b8248-74bf-4bc2-8425-5d3b2fa119db,prca06,likert5,3) neutral,2,True,recode,1
ba3b8248-74bf-4bc2-8425-5d3b2fa119db,prca13,likert5,3) neutral,4,True,recode,0
ba3b8248-74bf-4bc2-8425-5d3b2fa119db,prca14,likert5,4) agree,2,True,recode,1
ba3b8248-74bf-4bc2-8425-5d3b2fa119db,prca15,likert5,1) strongly disagree,3,True,recode,0
ba3b8248-74bf-4bc2-8425-5d3b2fa119db,prca16,likert5,5) strongly agree,3,True,recode,1
ba3b8248-74bf-4bc2-8425-5d3b2fa119db,prca17,likert5,2) disagree,1,True,recode,1
ba3b8248-74bf-4bc2-8425-5d3b2fa119db,prca18,likert5,2) disagree,5,True,recode,0
5cc35e14-b3bb-4bdb-90cc-ef7d12509b07,prca01,likert5,3) neutral,5,True,recode,0
5cc35e14-b3bb-4bdb-90cc-ef7d12509b07,prca02,likert5,3) neutral,2,True,recode,1
5cc35e14-b3bb-4bdb-90cc-ef7d12509b07,prca03,likert5,4) agree,4,True,recode,0
5cc35e14-b3bb-4bdb-90cc-ef7d12509b07,prca04,likert5,2) disagree,5,True,recode,1
5cc35e14-b3bb-4bdb-90cc-ef7d12509b07,prca05,likert5,1) strongly disagree,5,True,recode,0
5cc35e14-b3bb-4bdb-90cc-ef7d12509b07,prca06,likert5,3) neutral,2,True,recode,1
5cc35e14-b3bb-4bdb-90cc-ef7d12509b07,prca13,likert5,2) disagree,4,True,recode,0
5cc35e14-b3bb-4bdb-90cc-ef7d12509b07,prca14,likert5,2) disagree,5,True,recode,1
5cc35e14-b3bb-4bdb-90cc-ef7d12509b07,prca15,likert5,3) neutral,4,True,recode,0
5cc35e14-b3bb-4bdb-90cc-ef7d12509b07,prca16,likert5,4) agree,2,True,recode,1
5cc35e14-b3bb-4bdb-90cc-ef7d12509b07,prca17,likert5,2) disagree,2,True,recode,1
5cc35e14-b3bb-4bdb-90cc-ef7d12509b07,prca18,likert5,1) strongly disagree,1,True,recode,0
a4ed0e6f-9fe0-49db-a214-c3a87292ca48,prca01,likert5,2) disagree,4,True,recode,0
a4ed0e6f-9fe0-49db-a214-c3a87292ca48,prca02,likert5,3) neutral,2,True,recode,1
a4ed0e6f-9fe0-49db-a214-c3a87292ca48,prca03,likert5,1) strongly disagree,5,True,recode,0
a4ed0e6f-9fe0-49db-a214-c3a87292ca48,prca04,likert5,5) strongly agree,3,True,recode,1
a4ed0e6f-9fe0-49db-a214-c3a87292ca48,prca05,likert5,3) neutral,4,True,recode,0
a4ed0e6f-9fe0-49db-a214-c3a87292ca48,prca06,likert5,3) neutral,2,True,recode,1
a4ed0e6f-9fe0-49db-a214-c3a87292ca48,prca13,likert5,4) agree,4,True,recode,0
a4ed0e6f-9fe0-49db-a214-c3a87292ca48,prca14,likert5,4) agree,2,True,recode,1
a4ed0e6f-9fe0-49db-a214-c3a87292ca48,prca15,likert5,3) neutral,4,True,recode,0
a4ed0e6f-9fe0-49db-a214-c3a87292ca48,prca16,likert5,3) neutral,2,True,recode,1
a4ed0e6f-9fe0-49db-a214-c3a87292ca48,prca17,likert5,5) strongly agree,3,True,recode,1
a4ed0e6f-9fe0-49db-a214-c3a87292ca48,prca18,likert5,3) neutral,2,True,recode,0
21e8b35f-3c18-4580-b652-258c0f2425c4,prca01,likert5,3) neutral,4,True,recode,0
21e8b35f-3c18-4580-b652-258c0f2425c4,prca02,likert5,"1) strongly disagree, 3) neutral, 5) strongly agree",3,True,recode,1
21e8b35f-3c18-4580-b652-258c0f2425c4,prca03,likert5,3) neutral,4,True,recode,0
21e8b35f-3c18-4580-b652-258c0f2425c4,prca04,likert5,3) neutral,3,True,recode,1
21e8b35f-3c18-4580-b652-258c0f2425c4,prca05,likert5,3) neutral,4,True,recode,0
21e8b35f-3c18-4580-b652-258c0f2425c4,prca06,likert5,3) neutral,2,True,recode,1
21e8b35f-3c18-4580-b652-258c0f2425c4,prca13,likert5,3) neutral,4,True,recode,0
21e8b35f-3c18-4580-b652-258c0f2425c4,prca14,likert5,4) agree,2,True,recode,1
21e8b35f-3c18-4580-b652-258c0f2425c4,prca15,likert5,3) neutral,5,True,recode,0
21e8b35f-3c18-4580-b652-258c0f2425c4,prca16,likert5,4) agree,2,True,recode,1
21e8b35f-3c18-4580-b652-258c0f2425c4,prca17,likert5,4) agree,2,True,recode,1
21e8b35f-3c18-4580-b652-258c0f2425c4,prca18,likert5,4) agree,5,True,recode,0
6e957f3e-76ed-4001-b97a-c39d036a79cb,prca01,likert5,3) neutral,4,True,recode,0
6e957f3e-76ed-4001-b97a-c39d036a79cb,prca02,likert5,3) neutral,2,True,recode,1
6e957f3e-76ed-4001-b97a-c39d036a79cb,prca03,likert5,3) neutral,4,True,recode,0
6e957f3e-76ed-4001-b97a-c39d036a79cb,prca04,likert5,3) neutral,2,True,recode,1
6e957f3e-76ed-4001-b97a-c39d036a79cb,prca05,likert5,2) disagree,5,True,recode,0
6e957f3e-76ed-4001-b97a-c39d036a79cb,prca06,likert5,3) neutral,2,True,recode,1
6e957f3e-76ed-4001-b97a-c39d036a79cb,prca13,likert5,3) neutral,4,True,recode,0
6e957f3e-76ed-4001-b97a-c39d036a79cb,prca14,likert5,1) strongly disagree,2,True,recode,1
6e957f3e-76ed-4001-b97a-c39d036a79cb,prca15,likert5,1) strongly disagree,4,True,recode,0
6e957f3e-76ed-4001-b97a-c39d036a79cb,prca16,likert5,3) neutral,1,True,recode,1
6e957f3e-76ed-4001-b97a-c39d036a79cb,prca17,likert5,3) neutral,2,True,recode,1
6e957f3e-76ed-4001-b97a-c39d036a79cb,prca18,likert5,1) strongly disagree,5,True,recode,0
5bfe45c8-ae57-41ec-8331-f5143bf99ff3,prca01,likert5,2) disagree,5,True,recode,0
5bfe45c8-ae57-41ec-8331-f5143bf99ff3,prca02,likert5,1) strongly disagree,2,True,recode,1
5bfe45c8-ae57-41ec-8331-f5143bf99ff3,prca03,likert5,3) neutral,4,True,recode,0
5bfe45c8-ae57-41ec-8331-f5143bf99ff3,prca04,likert5,4) agree,1,True,recode,1
5bfe45c8-ae57-41ec-8331-f5143bf99ff3,prca05,likert5,1) strongly disagree,5,True,recode,0
5bfe45c8-ae57-41ec-8331-f5143bf99ff3,prca06,likert5,1) strongly disagree,1,True,recode,1
5bfe45c8-ae57-41ec-8331-f5143bf99ff3,prca13,likert5,1) strongly disagree,4,True,recode,0
5bfe45c8-ae57-41ec-8331-f5143bf99ff3,prca14,likert5,3) neutral,2,True,recode,1
5bfe45c8-ae57-41ec-8331-f5143bf99ff3,prca15,likert5,4) agree,4,True,recode,0
5bfe45c8-ae57-41ec-8331-f5143bf99ff3,prca16,likert5,2) disagree,1,True,recode,1
5bfe45c8-ae57-41ec-8331-f5143bf99ff3,prca17,likert5,2) disagree,2,True,recode,1
5bfe45c8-ae57-41ec-8331-f5143bf99ff3,prca18,likert5,1) strongly disagree,5,True,recode,0
a03135c7-8752-4cb7-8b46-9d0653fba3ff,prca01,likert5,1) strongly disagree,5,True,recode,0
a03135c7-8752-4cb7-8b46-9d0653fba3ff,prca02,likert5,4) agree,2,True,recode,1
a03135c7-8752-4cb7-8b46-9d0653fba3ff,prca03,likert5,3) neutral,5,True,recode,0
a03135c7-8752-4cb7-8b46-9d0653fba3ff,prca04,likert5,4) agree,2,True,recode,1
a03135c7-8752-4cb7-8b46-9d0653fba3ff,prca05,likert5,2) disagree,4,True,recode,0
a03135c7-8752-4cb7-8b46-9d0653fba3ff,prca06,likert5,3) neutral,2,True,recode,1
a03135c7-8752-4cb7-8b46-9d0653fba3ff,prca13,likert5,1) strongly disagree,5,True,recode,0
a03135c7-8752-4cb7-8b46-9d0653fba3ff,prca14,likert5,4) agree,2,True,recode,1
a03135c7-8752-4cb7-8b46-9d0653fba3ff,prca15,likert5,3) neutral,4,True,recode,0
a03135c7-8752-4cb7-8b46-9d0653fba3ff,prca16,likert5,4) agree,4,True,recode,1
a03135c7-8752-4cb7-8b46-9d0653fba3ff,prca17,likert5,3) neutral,2,True,recode,1
a03135c7-8752-4cb7-8b46-9d0653fba3ff,prca18,likert5,2) disagree,4,True,recode,0
ffca43a7-127f-488a-993f-d2fc26d813bd,prca01,likert5,1) strongly disagree,1,True,recode,0
ffca43a7-127f-488a-993f-d2fc26d813bd,prca02,likert5,1) strongly disagree,1,True,recode,1
ffca43a7-127f-488a-993f-d2fc26d813bd,prca03,likert5,3) neutral,5,True,recode,0
ffca43a7-127f-488a-993f-d2fc26d813bd,prca04,likert5,2) disagree,3,True,recode,1
ffca43a7-127f-488a-993f-d2fc26d813bd,prca05,likert5,1) strongly disagree,5,True,recode,0
ffca43a7-127f-488a-993f-d2fc26d813bd,prca06,likert5,"1) strongly disagree, 3) neutral, 4) agree, 5) strongly agree",2,True,recode,1
ffca43a7-127f-488a-993f-d2fc26d813bd,prca13,likert5,4) agree,4,True,recode,0
ffca43a7-127f-488a-993f-d2fc26d813bd,prca14,likert5,2) disagree,1,True,recode,1
ffca43a7-127f-488a-993f-d2fc26d813bd,prca15,likert5,4) agree,4,True,recode,0
ffca43a7-127f-488a-993f-d2fc26d813bd,prca16,likert5,2) disagree,2,True,recode,1
ffca43a7-127f-488a-993f-d2fc26d813bd,prca17,likert5,3) neutral,2,True,recode,1
ffca43a7-127f-488a-993f-d2fc26d813bd,prca18,likert5,1) strongly disagree,3,True,recode,0
97f08faf-14db-4b86-aa03-a69ad99b674d,prca01,likert5,1) strongly disagree,5,True,recode,0
97f08faf-14db-4b86-aa03-a69ad99b674d,prca02,likert5,2) disagree,1,True,recode,1
97f08faf-14db-4b86-aa03-a69ad99b674d,prca03,likert5,2) disagree,4,True,recode,0
97f08faf-14db-4b86-aa03-a69ad99b674d,prca04,likert5,4) agree,2,True,recode,1
97f08faf-14db-4b86-aa03-a69ad99b674d,prca05,likert5,2) disagree,1,True,recode,0
97f08faf-14db-4b86-aa03-a69ad99b674d,prca06,likert5,3) neutral,2,True,recode,1
97f08faf-14db-4b86-aa03-a69ad99b674d,prca13,likert5,1) strongly disagree,5,True,recode,0
97f08faf-14db-4b86-aa03-a69ad99b674d,prca14,likert5,3) neutral,1,True,recode,1
97f08faf-14db-4b86-aa03-a69ad99b674d,prca15,likert5,3) neutral,4,True,recode,0
97f08faf-14db-4b86-aa03-a69ad99b674d,prca16,likert5,3) neutral,2,True,recode,1
97f08faf-14db-4b86-aa03-a69ad99b674d,prca17,likert5,3) neutral,1,True,recode,1
97f08faf-14db-4b86-aa03-a69ad99b674d,prca18,likert5,1) strongly disagree,5,True,recode,0
c5db1582-15df-4e14-8b6c-5aea5cbfb089,prca01,likert5,2) disagree,4,True,recode,0
c5db1582-15df-4e14-8b6c-5aea5cbfb089,prca02,likert5,4) agree,1,True,recode,1
c5db1582-15df-4e14-8b6c-5aea5cbfb089,prca03,likert5,1) strongly disagree,4,True,recode,0
c5db1582-15df-4e14-8b6c-5aea5cbfb089,prca04,likert5,1) strongly disagree,1,True,recode,1
c5db1582-15df-4e14-8b6c-5aea5cbfb089,prca05,likert5,4) agree,5,True,recode,0
c5db1582-15df-4e14-8b6c-5aea5cbfb089,prca06,likert5,3) neutral,2,True,recode,1
c5db1582-15df-4e14-8b6c-5aea5cbfb089,prca13,likert5,3) neutral,4,True,recode,0
c5db1582-15df-4e14-8b6c-5aea5cbfb089,prca14,likert5,3) neutral,2,True,recode,1
c5db1582-15df-4e14-8b6c-5aea5cbfb089,prca15,likert5,4) agree,5,True,recode,0
c5db1582-15df-4e14-8b6c-5aea5cbfb089,prca16,likert5,3) neutral,1,True,recode,1
c5db1582-15df-4e14-8b6c-5aea5cbfb089,prca17,likert5,3) neutral,1,True,recode,1
c5db1582-15df-4e14-8b6c-5aea5cbfb089,prca18,likert5,3) neutral,4,True,recode,0
42a781ac-f263-44be-9d65-82e584e06ca7,prca01,likert5,3) neutral,4,True,recode,0
42a781ac-f263-44be-9d65-82e584e06ca7,prca02,likert5,4) agree,1,True,recode,1
42a781ac-f263-44be-9d65-82e584e06ca7,prca03,likert5,3) neutral,4,True,recode,0
42a781ac-f263-44be-9d65-82e584e06ca7,prca04,likert5,2) disagree,2,True,recode,1
42a781ac-f263-44be-9d65-82e584e06ca7,prca05,likert5,3) neutral,5,True,recode,0
42a781ac-f263-44be-9d65-82e584e06ca7,prca06,likert5,3) neutral,2,True,recode,1
42a781ac-f263-44be-9d65-82e584e06ca7,prca13,likert5,3) neutral,4,True,recode,0
42a781ac-f263-44be-9d65-82e584e06ca7,prca14,likert5,4) agree,1,True,recode,1
42a781ac-f263-44be-9d65-82e584e06ca7,prca15,likert5,3) neutral,4,True,recode,0
42a781ac-f263-44be-9d65-82e584e06ca7,prca16,likert5,3) neutral,1,True,recode,1
42a781ac-f263-44be-9d65-82e584e06ca7,prca17,likert5,2) disagree,2,True,recode,1
42a781ac-f263-44be-9d65-82e584e06ca7,prca18,likert5,3) neutral,4,True,recode,0
2b926617-d560-48d3-b770-ba02efe80b47,prca01,likert5,3) neutral,4,True,recode,0
2b926617-d560-48d3-b770-ba02efe80b47,prca02,likert5,3) neutral,2,True,recode,1
2b926617-d560-48d3-b770-ba02efe80b47,prca03,likert5,2) disagree,3,True,recode,0
2b926617-d560-48d3-b770-ba02efe80b47,prca04,likert5,2) disagree,2,True,recode,1
2b926617-d560-48d3-b770-ba02efe80b47,prca05,likert5,3) neutral,4,True,recode,0
2b926617-d560-48d3-b770-ba02efe80b47,prca06,likert5,3) neutral,2,True,recode,1
2b926617-d560-48d3-b770-ba02efe80b47,prca13,likert5,2) disagree,4,True,recode,0
2b926617-d560-48d3-b770-ba02efe80b47,prca14,likert5,3) neutral,2,True,recode,1
2b926617-d560-48d3-b770-ba02efe80b47,prca15,likert5,3) neutral,5,True,recode,0
2b926617-d560-48d3-b770-ba02efe80b47,prca16,likert5,3) neutral,2,True,recode,1
2b926617-d560-48d3-b770-ba02efe80b47,prca17,likert5,3) neutral,2,True,recode,1
2b926617-d560-48d3-b770-ba02efe80b47,prca18,likert5,1) strongly disagree,5,True,recode,0
2dc7806c-6cd9-4172-9a34-1d31ac813411,prca01,likert5,3) neutral,5,True,recode,0
2dc7806c-6cd9-4172-9a34-1d31ac813411,prca02,likert5,3) neutral,2,True,recode,1
2dc7806c-6cd9-4172-9a34-1d31ac813411,prca03,likert5,3) neutral,4,True,recode,0
2dc7806c-6cd9-4172-9a34-1d31ac813411,prca04,likert5,3) neutral,2,True,recode,1
2dc7806c-6cd9-4172-9a34-1d31ac813411,prca05,likert5,2) disagree,5,True,recode,0
2dc7806c-6cd9-4172-9a34-1d31ac813411,prca06,likert5,3) neutral,2,True,recode,1
2dc7806c-6cd9-4172-9a34-1d31ac813411,prca13,likert5,3) neutral,4,True,recode,0
2dc7806c-6cd9-4172-9a34-1d31ac813411,prca14,likert5,3) neutral,2,True,recode,1
2dc7806c-6cd9-4172-9a34-1d31ac813411,prca15,likert5,3) neutral,4,True,recode,0
2dc7806c-6cd9-4172-9a34-1d31ac813411,prca16,likert5,3) neutral,2,True,recode,1
2dc7806c-6cd9-4172-9a34-1d31ac813411,prca17,likert5,3) neutral,2,True,recode,1
2dc7806c-6cd9-4172-9a34-1d31ac813411,prca18,likert5,1) strongly disagree,5,True,recode,0
142cb127-fc9b-434c-b562-c7a7a6b4b0f7,prca01,likert5,3) neutral,4,True,recode,0
142cb127-fc9b-434c-b562-c7a7a6b4b0f7,prca02,likert5,3) neutral,2,True,recode,1
142cb127-fc9b-434c-b562-c7a7a6b4b0f7,prca03,likert5,3) neutral,4,True,recode,0
142cb127-fc9b-434c-b562-c7a7a6b4b0f7,prca04,likert5,4) agree,1,True,recode,1
142cb127-fc9b-434c-b562-c7a7a6b4b0f7,prca05,likert5,3) neutral,4,True,recode,0
142cb127-fc9b-434c-b562-c7a7a6b4b0f7,prca06,likert5,1) strongly disagree,1,True,recode,1
142cb127-fc9b-434c-b562-c7a7a6b4b0f7,prca13,likert5,3) neutral,4,True,recode,0
142cb127-fc9b-434c-b562-c7a7a6b4b0f7,prca14,likert5,1) strongly disagree,5,True,recode,1
142cb127-fc9b-434c-b562-c7a7a6b4b0f7,prca15,likert5,3) neutral,5,True,recode,0
142cb127-fc9b-434c-b562-c7a7a6b4b0f7,prca16,likert5,2) disagree,2,True,recode,1
142cb127-fc9b-434c-b562-c7a7a6b4b0f7,prca17,likert5,4) agree,5,True,recode,1
142cb127-fc9b-434c-b562-c7a7a6b4b0f7,prca18,likert5,2) disagree,5,True,recode,0
879e659f-ec79-4cea-bfb7-88fc5f2f4c71,prca01,likert5,2) disagree,4,True,recode,0
879e659f-ec79-4cea-bfb7-88fc5f2f4c71,prca02,likert5,4) agree,2,True,recode,1
879e659f-ec79-4cea-bfb7-88fc5f2f4c71,prca03,likert5,4) agree,4,True,recode,0
879e659f-ec79-4cea-bfb7-88fc5f2f4c71,prca04,likert5,4) agree,2,True,recode,1
879e659f-ec79-4cea-bfb7-88fc5f2f4c71,prca05,likert5,2) disagree,4,True,recode,0
879e659f-ec79-4cea-bfb7-88fc5f2f4c71,prca06,likert5,1) strongly disagree,1,True,recode,1
879e659f-ec79-4cea-bfb7-88fc5f2f4c71,prca13,likert5,3) neutral,4,True,recode,0
879e659f-ec79-4cea-bfb7-88fc5f2f4c71,prca14,likert5,3) neutral,2,True,recode,1
879e659f-ec79-4cea-bfb7-88fc5f2f4c71,prca15,likert5,1) strongly disagree,4,True,recode,0
879e659f-ec79-4cea-bfb7-88fc5f2f4c71,prca16,likert5,3) neutral,1,True,recode,1
879e659f-ec79-4cea-bfb7-88fc5f2f4c71,prca17,likert5,1) strongly disagree,1,True,recode,1
879e659f-ec79-4cea-bfb7-88fc5f2f4c71,prca18,likert5,3) neutral,5,True,recode,0
215c716f-6522-41ef-9e74-a0823101e1ec,prca01,likert5,3) neutral,4,True,recode,0
215c716f-6522-41ef-9e74-a0823101e1ec,prca02,likert5,3) neutral,2,True,recode,1
215c716f-6522-41ef-9e74-a0823101e1ec,prca03,likert5,2) disagree,4,True,recode,0
215c716f-6522-41ef-9e74-a0823101e1ec,prca04,likert5,3) neutral,2,True,recode,1
215c716f-6522-41ef-9e74-a0823101e1ec,prca05,likert5,3) neutral,4,True,recode,0
215c716f-6522-41ef-9e74-a0823101e1ec,prca06,likert5,1) strongly disagree,1,True,recode,1
215c716f-6522-41ef-9e74-a0823101e1ec,prca13,likert5,4) agree,5,True,recode,0
215c716f-6522-41ef-9e74-a0823101e1ec,prca14,likert5,3) neutral,2,True,recode,1
215c716f-6522-41ef-9e74-a0823101e1ec,prca15,likert5,1) strongly disagree,4,True,recode,0
215c716f-6522-41ef-9e74-a0823101e1ec,prca16,likert5,3) neutral,2,True,recode,1
215c716f-6522-41ef-9e74-a0823101e1ec,prca17,likert5,1) strongly disagree,5,True,recode,1
215c716f-6522-41ef-9e74-a0823101e1ec,prca18,likert5,1) strongly disagree,5,True,recode,0
c3ac0a7d-712c-4457-b700-58411736b659,prca01,likert5,4) agree,4,True,recode,0
c3ac0a7d-712c-4457-b700-58411736b659,prca02,likert5,4) agree,2,True,recode,1
c3ac0a7d-712c-4457-b700-58411736b659,prca03,likert5,1) strongly disagree,4,True,recode,0
c3ac0a7d-712c-4457-b700-58411736b659,prca04,likert5,4) agree,1,True,recode,1
c3ac0a7d-712c-4457-b700-58411736b659,prca05,likert5,3) neutral,4,True,recode,0
c3ac0a7d-712c-4457-b700-58411736b659,prca06,likert5,4) agree,2,True,recode,1
c3ac0a7d-712c-4457-b700-58411736b659,prca13,likert5,3) neutral,4,True,recode,0
c3ac0a7d-712c-4457-b700-58411736b659,prca14,likert5,5,1,True,validated,1
c3ac0a7d-712c-4457-b700-58411736b659,prca15,likert5,1) strongly disagree,4,True,recode,0
c3ac0a7d-712c-4457-b700-58411736b659,prca16,likert5,3) neutral,2,True,recode,1
c3ac0a7d-712c-4457-b700-58411736b659,prca17,likert5,4) agree,2,True,recode,1
c3ac0a7d-712c-4457-b700-58411736b659,prca18,likert5,1) strongly disagree,5,True,recode,0
11813379-f0d5-4ea3-8169-9a8f11454c75,prca01,likert5,2) disagree,4,True,recode,0
11813379-f0d5-4ea3-8169-9a8f11454c75,prca02,likert5,3) neutral,2,True,recode,1
11813379-f0d5-4ea3-8169-9a8f11454c75,prca03,likert5,1) strongly disagree,5,True,recode,0
11813379-f0d5-4ea3-8169-9a8f11454c75,prca04,likert5,3) neutral,1,True,recode,1
11813379-f0d5-4ea3-8169-9a8f11454c75,prca05,likert5,1) strongly disagree,5,True,recode,0
11813379-f0d5-4ea3-8169-9a8f11454c75,prca06,likert5,3) neutral,2,True,recode,1
11813379-f0d5-4ea3-8169-9a8f11454c75,prca13,likert5,4) agree,4,True,recode,0
11813379-f0d5-4ea3-8169-9a8f11454c75,prca14,likert5,5) strongly agree,3,True,recode,1
11813379-f0d5-4ea3-8169-9a8f11454c75,prca15,likert5,4) agree,4,True,recode,0
11813379-f0d5-4ea3-8169-9a8f11454c75,prca16,likert5,3) neutral,2,True,recode,1
11813379-f0d5-4ea3-8169-9a8f11454c75,prca17,likert5,3) neutral,2,True,recode,1
11813379-f0d5-4ea3-8169-9a8f11454c75,prca18,likert5,1) strongly disagree,4,True,recode,0
eea9f95a-95f5-4868-98df-033097d2cef8,prca01,likert5,2) disagree,3,True,recode,0
eea9f95a-95f5-4868-98df-033097d2cef8,prca02,likert5,1) strongly disagree,1,True,recode,1
eea9f95a-95f5-4868-98df-033097d2cef8,prca03,likert5,3) neutral,4,True,recode,0
eea9f95a-95f5-4868-98df-033097d2cef8,prca04,likert5,3) neutral,2,True,recode,1
eea9f95a-95f5-4868-98df-033097d2cef8,prca05,likert5,2) disagree,5,True,recode,0
eea9f95a-95f5-4868-98df-033097d2cef8,prca06,likert5,3) neutral,2,True,recode,1
eea9f95a-95f5-4868-98df-033097d2cef8,prca13,likert5,2) disagree,5,True,recode,0
eea9f95a-95f5-4868-98df-033097d2cef8,prca14,likert5,5) strongly agree,3,True,recode,1
eea9f95a-95f5-4868-98df-033097d2cef8,prca15,likert5,3) neutral,4,True,recode,0
eea9f95a-95f5-4868-98df-033097d2cef8,prca16,likert5,3) neutral,2,True,recode,1
eea9f95a-95f5-4868-98df-033097d2cef8,prca17,likert5,3) neutral,2,True,recode,1
eea9f95a-95f5-4868-98df-033097d2cef8,prca18,likert5,2) disagree,5,True,recode,0
f28fc878-aaba-4079-a26b-894e437dac4e,prca01,likert5,3) neutral,4,True,recode,0
f28fc878-aaba-4079-a26b-894e437dac4e,prca02,likert5,2) disagree,1,True,recode,1
f28fc878-aaba-4079-a26b-894e437dac4e,prca03,likert5,2) disagree,4,True,recode,0
f28fc878-aaba-4079-a26b-894e437dac4e,prca04,likert5,2) disagree,2,True,recode,1
f28fc878-aaba-4079-a26b-894e437dac4e,prca05,likert5,3) neutral,5,True,recode,0
f28fc878-aaba-4079-a26b-894e437dac4e,prca06,likert5,3) neutral,2,True,recode,1
f28fc878-aaba-4079-a26b-894e437dac4e,prca13,likert5,2) disagree,4,True,recode,0
f28fc878-aaba-4079-a26b-894e437dac4e,prca14,likert5,3) neutral,2,True,recode,1
f28fc878-aaba-4079-a26b-894e437dac4e,prca15,likert5,1) strongly disagree,4,True,recode,0
f28fc878-aaba-4079-a26b-894e437dac4e,prca16,likert5,4) agree,1,True,recode,1
f28fc878-aaba-4079-a26b-894e437dac4e,prca17,likert5,3) neutral,2,True,recode,1
f28fc878-aaba-4079-a26b-894e437dac4e,prca18,likert5,3) neutral,4,True,recode,0
aba6cb95-d429-4557-80a7-24b2678b2ea8,prca01,likert5,4) agree,4,True,recode,0
aba6cb95-d429-4557-80a7-24b2678b2ea8,prca02,likert5,1) strongly disagree,1,True,recode,1
aba6cb95-d429-4557-80a7-24b2678b2ea8,prca03,likert5,2) disagree,5,True,recode,0
aba6cb95-d429-4557-80a7-24b2678b2ea8,prca04,likert5,3) neutral,2,True,recode,1
aba6cb95-d429-4557-80a7-24b2678b2ea8,prca05,likert5,4) agree,5,True,recode,0
aba6cb95-d429-4557-80a7-24b2678b2ea8,prca06,likert5,2) disagree,1,True,recode,1
aba6cb95-d429-4557-80a7-24b2678b2ea8,prca13,likert5,3) neutral,4,True,recode,0
aba6cb95-d429-4557-80a7-24b2678b2ea8,prca14,likert5,1) strongly disagree,4,True,recode,1
aba6cb95-d429-4557-80a7-24b2678b2ea8,prca15,likert5,2) disagree,4,True,recode,0
aba6cb95-d429-4557-80a7-24b2678b2ea8,prca16,likert5,3) neutral,1,True,recode,1
aba6cb95-d429-4557-80a7-24b2678b2ea8,prca17,likert5,3) neutral,2,True,recode,1
aba6cb95-d429-4557-80a7-24b2678b2ea8,prca18,likert5,1) strongly disagree,5,True,recode,0
8941d022-4bec-4bba-85a7-714b11c444c6,prca01,likert5,3) neutral,4,True,recode,0
8941d022-4bec-4bba-85a7-714b11c444c6,prca02,likert5,4) agree,2,True,recode,1
8941d022-4bec-4bba-85a7-714b11c444c6,prca03,likert5,2) disagree,1,True,recode,0
8941d022-4bec-4bba-85a7-714b11c444c6,prca04,likert5,3) neutral,2,True,recode,1
8941d022-4bec-4bba-85a7-714b11c444c6,prca05,likert5,3) neutral,4,True,recode,0
8941d022-4bec-4bba-85a7-714b11c444c6,prca06,likert5,1) strongly disagree,5,True,recode,1
8941d022-4bec-4bba-85a7-714b11c444c6,prca13,likert5,3) neutral,4,True,recode,0
8941d022-4bec-4bba-85a7-714b11c444c6,prca14,likert5,3) neutral,2,True,recode,1
8941d022-4bec-4bba-85a7-714b11c444c6,prca15,likert5,4) agree,5,True,recode,0
8941d022-4bec-4bba-85a7-714b11c444c6,prca16,likert5,2) disagree,1,True,recode,1
8941d022-4bec-4bba-85a7-714b11c444c6,prca17,likert5,3) neutral,2,True,recode,1
8941d022-4bec-4bba-85a7-714b11c444c6,prca18,likert5,3) neutral,4,True,recode,0
9fec52d8-8edb-4e6f-8fa4-65f94ca5c7d2,prca01,likert5,3) neutral,4,True,recode,0
9fec52d8-8edb-4e6f-8fa4-65f94ca5c7d2,prca02,likert5,3) neutral,2,True,recode,1
9fec52d8-8edb-4e6f-8fa4-65f94ca5c7d2,prca03,likert5,3) neutral,4,True,recode,0
9fec52d8-8edb-4e6f-8fa4-65f94ca5c7d2,prca04,likert5,3) neutral,2,True,recode,1
9fec52d8-8edb-4e6f-8fa4-65f94ca5c7d2,prca05,likert5,3) neutral,4,True,recode,0
9fec52d8-8edb-4e6f-8fa4-65f94ca5c7d2,prca06,likert5,4) agree,1,True,recode,1
9fec52d8-8edb-4e6f-8fa4-65f94ca5c7d2,prca13,likert5,3) neutral,4,True,recode,0
9fec52d8-8edb-4e6f-8fa4-65f94ca5c7d2,prca14,likert5,2) disagree,2,True,recode,1
9fec52d8-8edb-4e6f-8fa4-65f94ca5c7d2,prca15,likert5,2) disagree,4,True,recode,0
9fec52d8-8edb-4e6f-8fa4-65f94ca5c7d2,prca16,likert5,2) disagree,2,True,recode,1
9fec52d8-8edb-4e6f-8fa4-65f94ca5c7d2,prca17,likert5,2) disagree,3,True,recode,1
9fec52d8-8edb-4e6f-8fa4-65f94ca5c7d2,prca18,likert5,4) agree,4,True,recode,0
23c29998-3632-44df-993d-782412170b90,prca01,likert5,3) neutral,4,True,recode,0
23c29998-3632-44df-993d-782412170b90,prca02,likert5,4) agree,2,True,recode,1
23c29998-3632-44df-993d-782412170b90,prca03,likert5,1) strongly disagree,3,True,recode,0
23c29998-3632-44df-993d-782412170b90,prca04,likert5,"1) strongly disagree, 2) disagree, 3) neutral, 4) agree, 5) strongly agree",4,True,recode,1
23c29998-3632-44df-993d-782412170b90,prca05,likert5,3) neutral,4,True,recode,0
23c29998-3632-44df-993d-782412170b90,prca06,likert5,3) neutral,2,True,recode,1
23c29998-3632-44df-993d-782412170b90,prca13,likert5,3) neutral,3,True,recode,0
23c29998-3632-44df-993d-782412170b90,prca14,likert5,3) neutral,2,True,recode,1
23c29998-3632-44df-993d-782412170b90,prca15,likert5,3) neutral,4,True,recode,0
23c29998-3632-44df-993d-782412170b90,prca16,likert5,1) strongly disagree,3,True,recode,1
23c29998-3632-44df-993d-782412170b90,prca17,likert5,3) neutral,2,True,recode,1
23c29998-3632-44df-993d-782412170b90,prca18,likert5,1) strongly disagree,5,True,recode,0
697d143f-a519-42da-b3af-bac6f0b3f0ef,prca01,likert5,2) disagree,4,True,recode,0
697d143f-a519-42da-b3af-bac6f0b3f0ef,prca02,likert5,3) neutral,2,True,recode,1
697d143f-a519-42da-b3af-bac6f0b3f0ef,prca03,likert5,3) neutral,4,True,recode,0
697d143f-a519-42da-b3af-bac6f0b3f0ef,prca04,likert5,3) neutral,2,True,recode,1
697d143f-a519-42da-b3af-bac6f0b3f0ef,prca05,likert5,2) disagree,3,True,recode,0
697d143f-a519-42da-b3af-bac6f0b3f0ef,prca06,likert5,1) strongly disagree,1,True,recode,1
697d143f-a519-42da-b3af-bac6f0b3f0ef,prca13,likert5,1) strongly disagree,5,True,recode,0
697d143f-a519-42da-b3af-bac6f0b3f0ef,prca14,likert5,1) strongly disagree,1,True,recode,1
697d143f-a519-42da-b3af-bac6f0b3f0ef,prca15,likert5,3) neutral,5,True,recode,0
697d143f-a519-42da-b3af-bac6f0b3f0ef,prca16,likert5,3) neutral,2,True,recode,1
697d143f-a519-42da-b3af-bac6f0b3f0ef,prca17,likert5,2) disagree,2,True,recode,1
697d143f-a519-42da-b3af-bac6f0b3f0ef,prca18,likert5,1) strongly disagree,5,True,recode,0
eb0b2de3-5b34-4177-9465-2d429ea007dd,prca01,likert5,1) strongly disagree,1,True,recode,0
eb0b2de3-5b34-4177-9465-2d429ea007dd,prca02,likert5,3) neutral,3,True,recode,1
eb0b2de3-5b34-4177-9465-2d429ea007dd,prca03,likert5,2) disagree,5,True,recode,0
eb0b2de3-5b34-4177-9465-2d429ea007dd,prca04,likert5,3) neutral,2,True,recode,1
eb0b2de3-5b34-4177-9465-2d429ea007dd,prca05,likert5,2) disagree,4,True,recode,0
eb0b2de3-5b34-4177-9465-2d429ea007dd,prca06,likert5,3) neutral,2,True,recode,1
eb0b2de3-5b34-4177-9465-2d429ea007dd,prca13,likert5,2) disagree,4,True,recode,0
eb0b2de3-5b34-4177-9465-2d429ea007dd,prca14,likert5,2) disagree,2,True,recode,1
eb0b2de3-5b34-4177-9465-2d429ea007dd,prca15,likert5,3) neutral,4,True,recode,0
eb0b2de3-5b34-4177-9465-2d429ea007dd,prca16,likert5,3) neutral,2,True,recode,1
eb0b2de3-5b34-4177-9465-2d429ea007dd,prca17,likert5,3) neutral,2,True,recode,1
eb0b2de3-5b34-4177-9465-2d429ea007dd,prca18,likert5,2) disagree,4,True,recode,0
0470a7f5-cd32-4d45-8722-d84da9706ee1,prca01,likert5,3) neutral,4,True,recode,0
0470a7f5-cd32-4d45-8722-d84da9706ee1,prca02,likert5,3) neutral,2,True,recode,1
0470a7f5-cd32-4d45-8722-d84da9706ee1,prca03,likert5,3) neutral,4,True,recode,0
0470a7f5-cd32-4d45-8722-d84da9706ee1,prca04,likert5,3) neutral,2,True,recode,1
0470a7f5-cd32-4d45-8722-d84da9706ee1,prca05,likert5,3) neutral,4,True,recode,0
0470a7f5-cd32-4d45-8722-d84da9706ee1,prca06,likert5,3) neutral,2,True,recode,1
0470a7f5-cd32-4d45-8722-d84da9706ee1,prca13,likert5,1) strongly disagree,5,True,recode,0
0470a7f5-cd32-4d45-8722-d84da9706ee1,prca14,likert5,4) agree,2,True,recode,1
0470a7f5-cd32-4d45-8722-d84da9706ee1,prca15,likert5,4) agree,5,True,recode,0
0470a7f5-cd32-4d45-8722-d84da9706ee1,prca16,likert5,3) neutral,1,True,recode,1
0470a7f5-cd32-4d45-8722-d84da9706ee1,prca17,likert5,4) agree,2,True,recode,1
0470a7f5-cd32-4d45-8722-d84da9706ee1,prca18,likert5,2) disagree,5,True,recode,0
36f60014-c36d-493d-9117-c0145a236477,prca01,likert5,1),5,True,recode,0
36f60014-c36d-493d-9117-c0145a236477,prca02,likert5,2) disagree,2,True,recode,1
36f60014-c36d-493d-9117-c0145a236477,prca03,likert5,1) strongly disagree,4,True,recode,0
36f60014-c36d-493d-9117-c0145a236477,prca04,likert5,2) disagree,2,True,recode,1
36f60014-c36d-493d-9117-c0145a236477,prca05,likert5,1) strongly disagree,3,True,recode,0
36f60014-c36d-493d-9117-c0145a236477,prca06,likert5,3) neutral,3,True,recode,1
36f60014-c36d-493d-9117-c0145a236477,prca13,likert5,1) strongly disagree,1,True,recode,0
36f60014-c36d-493d-9117-c0145a236477,prca14,likert5,3) neutral,2,True,recode,1
36f60014-c36d-493d-9117-c0145a236477,prca15,likert5,2) disagree,4,True,recode,0
36f60014-c36d-493d-9117-c0145a236477,prca16,likert5,1) strongly disagree,1,True,recode,1
36f60014-c36d-493d-9117-c0145a236477,prca17,likert5,3) neutral,2,True,recode,1
36f60014-c36d-493d-9117-c0145a236477,prca18,likert5,3) neutral,4,True,recode,0
74db02ed-9a3d-49ca-a556-0072087a9a4c,prca01,likert5,2) disagree,4,True,recode,0
74db02ed-9a3d-49ca-a556-0072087a9a4c,prca02,likert5,2) disagree,1,True,recode,1
74db02ed-9a3d-49ca-a556-0072087a9a4c,prca03,likert5,4) agree,4,True,recode,0
74db02ed-9a3d-49ca-a556-0072087a9a4c,prca04,likert5,4) agree,2,True,recode,1
74db02ed-9a3d-49ca-a556-0072087a9a4c,prca05,likert5,3) neutral,4,True,recode,0
74db02ed-9a3d-49ca-a556-0072087a9a4c,prca06,likert5,2) disagree,2,True,recode,1
74db02ed-9a3d-49ca-a556-0072087a9a4c,prca13,likert5,4) agree,4,True,recode,0
74db02ed-9a3d-49ca-a556-0072087a9a4c,prca14,likert5,3) neutral,3,True,recode,1
74db02ed-9a3d-49ca-a556-0072087a9a4c,prca15,likert5,4) agree,4,True,recode,0
74db02ed-9a3d-49ca-a556-0072087a9a4c,prca16,likert5,3) neutral,1,True,recode,1
74db02ed-9a3d-49ca-a556-0072087a9a4c,prca17,likert5,2) disagree,2,True,recode,1
74db02ed-9a3d-49ca-a556-0072087a9a4c,prca18,likert5,3) neutral,4,True,recode,0
1fc2639a-8e7b-4b7e-8cc6-bc08558a52b7,prca01,likert5,3) neutral,4,True,recode,0
1fc2639a-8e7b-4b7e-8cc6-bc08558a52b7,prca02,likert5,3) neutral,2,True,recode,1
1fc2639a-8e7b-4b7e-8cc6-bc08558a52b7,prca03,likert5,4) agree,5,True,recode,0
1fc2639a-8e7b-4b7e-8cc6-bc08558a52b7,prca04,likert5,2) disagree,2,True,recode,1
1fc2639a-8e7b-4b7e-8cc6-bc08558a52b7,prca05,likert5,3) neutral,4,True,recode,0
1fc2639a-8e7b-4b7e-8cc6-bc08558a52b7,prca06,likert5,3) neutral,2,True,recode,1
1fc2639a-8e7b-4b7e-8cc6-bc08558a52b7,prca13,likert5,3) neutral,4,True,recode,0
1fc2639a-8e7b-4b7e-8cc6-bc08558a52b7,prca14,likert5,4) agree,2,True,recode,1
1fc2639a-8e7b-4b7e-8cc6-bc08558a52b7,prca15,likert5,3) neutral,4,True,recode,0
1fc2639a-8e7b-4b7e-8cc6-bc08558a52b7,prca16,likert5,3) neutral,1,True,recode,1
1fc2639a-8e7b-4b7e-8cc6-bc08558a52b7,prca17,likert5,3) neutral,2,True,recode,1
1fc2639a-8e7b-4b7e-8cc6-bc08558a52b7,prca18,likert5,1) strongly disagree,4,True,recode,0
fca0ec0a-5ffd-4c46-ad6d-495608019c0f,prca01,likert5,3) neutral,4,True,recode,0
fca0ec0a-5ffd-4c46-ad6d-495608019c0f,prca02,likert5,1) strongly disagree,1,True,recode,1
fca0ec0a-5ffd-4c46-ad6d-495608019c0f,prca03,likert5,2) disagree,4,True,recode,0
fca0ec0a-5ffd-4c46-ad6d-495608019c0f,prca04,likert5,1) strongly disagree,2,True,recode,1
fca0ec0a-5ffd-4c46-ad6d-495608019c0f,prca05,likert5,3) neutral,4,True,recode,0
fca0ec0a-5ffd-4c46-ad6d-495608019c0f,prca06,likert5,3) neutral,2,True,recode,1
fca0ec0a-5ffd-4c46-ad6d-495608019c0f,prca13,likert5,2) disagree,5,True,recode,0
fca0ec0a-5ffd-4c46-ad6d-495608019c0f,prca14,likert5,3) neutral,2,True,recode,1
fca0ec0a-5ffd-4c46-ad6d-495608019c0f,prca15,likert5,3) neutral,4,True,recode,0
fca0ec0a-5ffd-4c46-ad6d-495608019c0f,prca16,likert5,3) neutral,1,True,recode,1
fca0ec0a-5ffd-4c46-ad6d-495608019c0f,prca17,likert5,3) neutral,2,True,recode,1
fca0ec0a-5ffd-4c46-ad6d-495608019c0f,prca18,likert5,2) disagree,4,True,recode,0
f89f40ec-13ae-452f-845c-87ceb9aa4d08,prca01,likert5,3) neutral,4,True,recode,0
f89f40ec-13ae-452f-845c-87ceb9aa4d08,prca02,likert5,3) neutral,2,True,recode,1
f89f40ec-13ae-452f-845c-87ceb9aa4d08,prca03,likert5,3) neutral,4,True,recode,0
f89f40ec-13ae-452f-845c-87ceb9aa4d08,prca04,likert5,4) agree,1,True,recode,1
f89f40ec-13ae-452f-845c-87ceb9aa4d08,prca05,likert5,1) strongly disagree,5,True,recode,0
f89f40ec-13ae-452f-845c-87ceb9aa4d08,prca06,likert5,3) neutral,2,True,recode,1
f89f40ec-13ae-452f-845c-87ceb9aa4d08,prca13,likert5,4) agree,4,True,recode,0
f89f40ec-13ae-452f-845c-87ceb9aa4d08,prca14,likert5,3) neutral,2,True,recode,1
f89f40ec-13ae-452f-845c-87ceb9aa4d08,prca15,likert5,1) strongly disagree,1,True,recode,0
f89f40ec-13ae-452f-845c-87ceb9aa4d08,prca16,likert5,3) neutral,2,True,recode,1
f89f40ec-13ae-452f-845c-87ceb9aa4d08,prca17,likert5,3) neutral,2,True,recode,1
f89f40ec-13ae-452f-845c-87ceb9aa4d08,prca18,likert5,1) strongly disagree,5,True,recode,0
5cb72ebb-69d4-46ea-bb5e-5140a16b4d14,prca01,likert5,2) disagree,3,True,recode,0
5cb72ebb-69d4-46ea-bb5e-5140a16b4d14,prca02,likert5,4) agree,2,True,recode,1
5cb72ebb-69d4-46ea-bb5e-5140a16b4d14,prca03,likert5,4) agree,4,True,recode,0
5cb72ebb-69d4-46ea-bb5e-5140a16b4d14,prca04,likert5,3) neutral,2,True,recode,1
5cb72ebb-69d4-46ea-bb5e-5140a16b4d14,prca05,likert5,3) neutral,5,True,recode,0
5cb72ebb-69d4-46ea-bb5e-5140a16b4d14,prca06,likert5,3) neutral,2,True,recode,1
5cb72ebb-69d4-46ea-bb5e-5140a16b4d14,prca13,likert5,3) neutral,4,True,recode,0
5cb72ebb-69d4-46ea-bb5e-5140a16b4d14,prca14,likert5,2) disagree,2,True,recode,1
5cb72ebb-69d4-46ea-bb5e-5140a16b4d14,prca15,likert5,4) agree,5,True,recode,0
5cb72ebb-69d4-46ea-bb5e-5140a16b4d14,prca16,likert5,3) neutral,2,True,recode,1
5cb72ebb-69d4-46ea-bb5e-5140a16b4d14,prca17,likert5,4) agree,1,True,recode,1
5cb72ebb-69d4-46ea-bb5e-5140a16b4d14,prca18,likert5,3) neutral,4,True,recode,0
8cb94f55-e90b-498f-8311-026c93068460,prca01,likert5,3) neutral,4,True,recode,0
8cb94f55-e90b-498f-8311-026c93068460,prca02,likert5,4) agree,1,True,recode,1
8cb94f55-e90b-498f-8311-026c93068460,prca03,likert5,3) neutral,4,True,recode,0
8cb94f55-e90b-498f-8311-026c93068460,prca04,likert5,4) agree,1,True,recode,1
8cb94f55-e90b-498f-8311-026c93068460,prca05,likert5,3) neutral,4,True,recode,0
8cb94f55-e90b-498f-8311-026c93068460,prca06,likert5,3) neutral,2,True,recode,1
8cb94f55-e90b-498f-8311-026c93068460,prca13,likert5,3) neutral,4,True,recode,0
8cb94f55-e90b-498f-8311-026c93068460,prca14,likert5,4) agree,1,True,recode,1
8cb94f55-e90b-498f-8311-026c93068460,prca15,likert5,1) strongly disagree,4,True,recode,0
8cb94f55-e90b-498f-8311-026c93068460,prca16,likert5,3) neutral,2,True,recode,1
8cb94f55-e90b-498f-8311-026c93068460,prca17,likert5,3) neutral,2,True,recode,1
8cb94f55-e90b-498f-8311-026c93068460,prca18,likert5,2) disagree,4,True,recode,0
4a8ea43a-5935-4c3c-a971-700f4aad6420,prca01,likert5,3) neutral,4,True,recode,0
4a8ea43a-5935-4c3c-a971-700f4aad6420,prca02,likert5,3) neutral,2,True,recode,1
4a8ea43a-5935-4c3c-a971-700f4aad6420,prca03,likert5,3) neutral,5,True,recode,0
4a8ea43a-5935-4c3c-a971-700f4aad6420,prca04,likert5,3) neutral,2,True,recode,1
4a8ea43a-5935-4c3c-a971-700f4aad6420,prca05,likert5,2) disagree,4,True,recode,0
4a8ea43a-5935-4c3c-a971-700f4aad6420,prca06,likert5,3) neutral,2,True,recode,1
4a8ea43a-5935-4c3c-a971-700f4aad6420,prca13,likert5,1) strongly disagree,4,True,recode,0
4a8ea43a-5935-4c3c-a971-700f4aad6420,prca14,likert5,3) neutral,2,True,recode,1
4a8ea43a-5935-4c3c-a971-700f4aad6420,prca15,likert5,3) neutral,4,True,recode,0
4a8ea43a-5935-4c3c-a971-700f4aad6420,prca16,likert5,2) disagree,1,True,recode,1
4a8ea43a-5935-4c3c-a971-700f4aad6420,prca17,likert5,5) strongly agree,3,True,recode,1
4a8ea43a-5935-4c3c-a971-700f4aad6420,prca18,likert5,3) neutral,4,True,recode,0
45d6e18e-bdd5-44c6-a693-4d7e7c720239,prca01,likert5,3) neutral,4,True,recode,0
45d6e18e-bdd5-44c6-a693-4d7e7c720239,prca02,likert5,2) disagree,1,True,recode,1
45d6e18e-bdd5-44c6-a693-4d7e7c720239,prca03,likert5,3) neutral,5,True,recode,0
45d6e18e-bdd5-44c6-a693-4d7e7c720239,prca04,likert5,2) disagree,5,True,recode,1
45d6e18e-bdd5-44c6-a693-4d7e7c720239,prca05,likert5,2) disagree,3,True,recode,0
45d6e18e-bdd5-44c6-a693-4d7e7c720239,prca06,likert5,2) disagree,2,True,recode,1
45d6e18e-bdd5-44c6-a693-4d7e7c720239,prca13,likert5,2) disagree,4,True,recode,0
45d6e18e-bdd5-44c6-a693-4d7e7c720239,prca14,likert5,3) neutral,2,True,recode,1
45d6e18e-bdd5-44c6-a693-4d7e7c720239,prca15,likert5,3) neutral,4,True,recode,0
45d6e18e-bdd5-44c6-a693-4d7e7c720239,prca16,likert5,4) agree,2,True,recode,1
45d6e18e-bdd5-44c6-a693-4d7e7c720239,prca17,likert5,3) neutral,2,True,recode,1
45d6e18e-bdd5-44c6-a693-4d7e7c720239,prca18,likert5,1) strongly disagree,5,True,recode,0
8df0f8c4-f0ce-493c-a920-63014076b982,prca01,likert5,2) disagree,5,True,recode,0
8df0f8c4-f0ce-493c-a920-63014076b982,prca02,likert5,4) agree,2,True,recode,1
8df0f8c4-f0ce-493c-a920-63014076b982,prca03,likert5,3) neutral,4,True,recode,0
8df0f8c4-f0ce-493c-a920-63014076b982,prca04,likert5,3) neutral,1,True,recode,1
8df0f8c4-f0ce-493c-a920-63014076b982,prca05,likert5,3) neutral,4,True,recode,0
8df0f8c4-f0ce-493c-a920-63014076b982,prca06,likert5,4) agree,1,True,recode,1
8df0f8c4-f0ce-493c-a920-63014076b982,prca13,likert5,3) neutral,4,True,recode,0
8df0f8c4-f0ce-493c-a920-63014076b982,prca14,likert5,4) agree,2,True,recode,1
8df0f8c4-f0ce-493c-a920-63014076b982,prca15,likert5,3) neutral,4,True,recode,0
8df0f8c4-f0ce-493c-a920-63014076b982,prca16,likert5,4) agree,2,True,recode,1
8df0f8c4-f0ce-493c-a920-63014076b982,prca17,likert5,2) disagree,1,True,recode,1
8df0f8c4-f0ce-493c-a920-63014076b982,prca18,likert5,3) neutral,4,True,recode,0
54bf88d2-2494-4a0f-947a-e171f96988ed,prca01,likert5,3) neutral,4,True,recode,0
54bf88d2-2494-4a0f-947a-e171f96988ed,prca02,likert5,4) agree,2,True,recode,1
54bf88d2-2494-4a0f-947a-e171f96988ed,prca03,likert5,3) neutral,4,True,recode,0
54bf88d2-2494-4a0f-947a-e171f96988ed,prca04,likert5,3) neutral,2,True,recode,1
54bf88d2-2494-4a0f-947a-e171f96988ed,prca05,likert5,3) neutral,4,True,recode,0
54bf88d2-2494-4a0f-947a-e171f96988ed,prca06,likert5,4) agree,2,True,recode,1
54bf88d2-2494-4a0f-947a-e171f96988ed,prca13,likert5,3) neutral,4,True,recode,0
54bf88d2-2494-4a0f-947a-e171f96988ed,prca14,likert5,3) neutral,2,True,recode,1
54bf88d2-2494-4a0f-947a-e171f96988ed,prca15,likert5,1) strongly disagree,5,True,recode,0
54bf88d2-2494-4a0f-947a-e171f96988ed,prca16,likert5,3) neutral,2,True,recode,1
54bf88d2-2494-4a0f-947a-e171f96988ed,prca17,likert5,4) agree,1,True,recode,1
54bf88d2-2494-4a0f-947a-e171f96988ed,prca18,likert5,1) strongly disagree,5,True,recode,0
556c8913-c80c-4bff-9ff4-cbdccb8dded1,prca01,likert5,3) neutral,4,True,recode,0
556c8913-c80c-4bff-9ff4-cbdccb8dded1,prca02,likert5,3) neutral,2,True,recode,1
556c8913-c80c-4bff-9ff4-cbdccb8dded1,prca03,likert5,2) disagree,4,True,recode,0
556c8913-c80c-4bff-9ff4-cbdccb8dded1,prca04,likert5,3) neutral,2,True,recode,1
556c8913-c80c-4bff-9ff4-cbdccb8dded1,prca05,likert5,3) neutral,4,True,recode,0
556c8913-c80c-4bff-9ff4-cbdccb8dded1,prca06,likert5,2) disagree,3,True,recode,1
556c8913-c80c-4bff-9ff4-cbdccb8dded1,prca13,likert5,3) neutral,4,True,recode,0
556c8913-c80c-4bff-9ff4-cbdccb8dded1,prca14,likert5,4) agree,2,True,recode,1
556c8913-c80c-4bff-9ff4-cbdccb8dded1,prca15,likert5,3) neutral,4,True,recode,0
556c8913-c80c-4bff-9ff4-cbdccb8dded1,prca16,likert5,1) strongly disagree,1,True,recode,1
556c8913-c80c-4bff-9ff4-cbdccb8dded1,prca17,likert5,2) disagree,1,True,recode,1
556c8913-c80c-4bff-9ff4-cbdccb8dded1,prca18,likert5,2) disagree,5,True,recode,0
d56deba2-f05a-4981-9d24-f14faab9f283,prca01,likert5,1) strongly disagree,4,True,recode,0
d56deba2-f05a-4981-9d24-f14faab9f283,prca02,likert5,2) disagree,1,True,recode,1
d56deba2-f05a-4981-9d24-f14faab9f283,prca03,likert5,3) neutral,4,True,recode,0
d56deba2-f05a-4981-9d24-f14faab9f283,prca04,likert5,2) disagree,1,True,recode,1
d56deba2-f05a-4981-9d24-f14faab9f283,prca05,likert5,3) neutral,4,True,recode,0
d56deba2-f05a-4981-9d24-f14faab9f283,prca06,likert5,3) neutral,2,True,recode,1
d56deba2-f05a-4981-9d24-f14faab9f283,prca13,likert5,4) agree,5,True,recode,0
d56deba2-f05a-4981-9d24-f14faab9f283,prca14,likert5,3) neutral,2,True,recode,1
d56deba2-f05a-4981-9d24-f14faab9f283,prca15,likert5,3) neutral,4,True,recode,0
d56deba2-f05a-4981-9d24-f14faab9f283,prca16,likert5,3) neutral,2,True,recode,1
d56deba2-f05a-4981-9d24-f14faab9f283,prca17,likert5,3) neutral,2,True,recode,1
d56deba2-f05a-4981-9d24-f14faab9f283,prca18,likert5,1) strongly disagree,5,True,recode,0
73c6d8bf-a4c2-401d-bf1d-c9d49ea49c24,prca01,likert5,4) agree,3,True,recode,0
73c6d8bf-a4c2-401d-bf1d-c9d49ea49c24,prca02,likert5,2) disagree,1,True,recode,1
73c6d8bf-a4c2-401d-bf1d-c9d49ea49c24,prca03,likert5,2) disagree,4,True,recode,0
73c6d8bf-a4c2-401d-bf1d-c9d49ea49c24,prca04,likert5,3) neutral,2,True,recode,1
73c6d8bf-a4c2-401d-bf1d-c9d49ea49c24,prca05,likert5,3) neutral,4,True,recode,0
73c6d8bf-a4c2-401d-bf1d-c9d49ea49c24,prca06,likert5,2) disagree,2,True,recode,1
73c6d8bf-a4c2-401d-bf1d-c9d49ea49c24,prca13,likert5,1,1,True,validated,0
73c6d8bf-a4c2-401d-bf1d-c9d49ea49c24,prca14,likert5,3) neutral,2,True,recode,1
73c6d8bf-a4c2-401d-bf1d-c9d49ea49c24,prca15,likert5,1) strongly disagree,5,True,recode,0
73c6d8bf-a4c2-401d-bf1d-c9d49ea49c24,prca16,likert5,2) disagree,5,True,recode,1
73c6d8bf-a4c2-401d-bf1d-c9d49ea49c24,prca17,likert5,3) neutral,2,True,recode,1
73c6d8bf-a4c2-401d-bf1d-c9d49ea49c24,prca18,likert5,1) strongly disagree,5,True,recode,0
acdd6746-d28d-4355-b739-9c67c3d02bef,prca01,likert5,2) disagree,4,True,recode,0
acdd6746-d28d-4355-b739-9c67c3d02bef,prca02,likert5,3) neutral,2,True,recode,1
acdd6746-d28d-4355-b739-9c67c3d02bef,prca03,likert5,4) agree,4,True,recode,0
acdd6746-d28d-4355-b739-9c67c3d02bef,prca04,likert5,3) neutral,2,True,recode,1
acdd6746-d28d-4355-b739-9c67c3d02bef,prca05,likert5,2) disagree,5,True,recode,0
acdd6746-d28d-4355-b739-9c67c3d02bef,prca06,likert5,3) neutral,5,True,recode,1
acdd6746-d28d-4355-b739-9c67c3d02bef,prca13,likert5,2) disagree,3,True,recode,0
acdd6746-d28d-4355-b739-9c67c3d02bef,prca14,likert5,3) neutral,2,True,recode,1
acdd6746-d28d-4355-b739-9c67c3d02bef,prca15,likert5,3) neutral,4,True,recode,0
acdd6746-d28d-4355-b739-9c67c3d02bef,prca16,likert5,3) neutral,2,True,recode,1
acdd6746-d28d-4355-b739-9c67c3d02bef,prca17,likert5,1) strongly disagree,1,True,recode,1
acdd6746-d28d-4355-b739-9c67c3d02bef,prca18,likert5,3) neutral,4,True,recode,0
a9d63045-5a32-4abf-ac36-0cb16e0f6c20,prca01,likert5,1) strongly disagree,5,True,recode,0
a9d63045-5a32-4abf-ac36-0cb16e0f6c20,prca02,likert5,4) agree,2,True,recode,1
a9d63045-5a32-4abf-ac36-0cb16e0f6c20,prca03,likert5,1) strongly disagree,1,True,recode,0
a9d63045-5a32-4abf-ac36-0cb16e0f6c20,prca04,likert5,4) agree,2,True,recode,1
a9d63045-5a32-4abf-ac36-0cb16e0f6c20,prca05,likert5,2) disagree,5,True,recode,0
a9d63045-5a32-4abf-ac36-0cb16e0f6c20,prca06,likert5,4) agree,2,True,recode,1
a9d63045-5a32-4abf-ac36-0cb16e0f6c20,prca13,likert5,3) neutral,4,True,recode,0
a9d63045-5a32-4abf-ac36-0cb16e0f6c20,prca14,likert5,3) neutral,1,True,recode,1
a9d63045-5a32-4abf-ac36-0cb16e0f6c20,prca15,likert5,2) disagree,5,True,recode,0
a9d63045-5a32-4abf-ac36-0cb16e0f6c20,prca16,likert5,2) disagree,3,True,recode,1
a9d63045-5a32-4abf-ac36-0cb16e0f6c20,prca17,likert5,3) neutral,2,True,recode,1
a9d63045-5a32-4abf-ac36-0cb16e0f6c20,prca18,likert5,1) strongly disagree,5,True,recode,0
00ada149-d709-49b2-bb19-fda991a71d3e,prca01,likert5,4) agree,5,True,recode,0
00ada149-d709-49b2-bb19-fda991a71d3e,prca02,likert5,3) neutral,2,True,recode,1
00ada149-d709-49b2-bb19-fda991a71d3e,prca03,likert5,2) disagree,4,True,recode,0
00ada149-d709-49b2-bb19-fda991a71d3e,prca04,likert5,3) neutral,2,True,recode,1
00ada149-d709-49b2-bb19-fda991a71d3e,prca05,likert5,1) strongly disagree,1,True,recode,0
00ada149-d709-49b2-bb19-fda991a71d3e,prca06,likert5,1) strongly disagree,3,True,recode,1
00ada149-d709-49b2-bb19-fda991a71d3e,prca13,likert5,1) strongly disagree,5,True,recode,0
00ada149-d709-49b2-bb19-fda991a71d3e,prca14,likert5,3) neutral,2,True,recode,1
00ada149-d709-49b2-bb19-fda991a71d3e,prca15,likert5,3) neutral,4,True,recode,0
00ada149-d709-49b2-bb19-fda991a71d3e,prca16,likert5,2) disagree,1,True,recode,1
00ada149-d709-49b2-bb19-fda991a71d3e,prca17,likert5,2) disagree,2,True,recode,1
00ada149-d709-49b2-bb19-fda991a71d3e,prca18,likert5,2) disagree,4,True,recode,0
3cbd0b11-76df-4c6b-95e8-fd0b18e3d8a0,prca01,likert5,3) neutral,4,True,recode,0
3cbd0b11-76df-4c6b-95e8-fd0b18e3d8a0,prca02,likert5,2) disagree,2,True,recode,1
3cbd0b11-76df-4c6b-95e8-fd0b18e3d8a0,prca03,likert5,3) neutral,4,True,recode,0
3cbd0b11-76df-4c6b-95e8-fd0b18e3d8a0,prca04,likert5,2) disagree,3,True,recode,1
3cbd0b11-76df-4c6b-95e8-fd0b18e3d8a0,prca05,likert5,3) neutral,4,True,recode,0
3cbd0b11-76df-4c6b-95e8-fd0b18e3d8a0,prca06,likert5,3) neutral,2,True,recode,1
3cbd0b11-76df-4c6b-95e8-fd0b18e3d8a0,prca13,likert5,2) disagree,4,True,recode,0
3cbd0b11-76df-4c6b-95e8-fd0b18e3d8a0,prca14,likert5,4) agree,2,True,recode,1
3cbd0b11-76df-4c6b-95e8-fd0b18e3d8a0,prca15,likert5,2) disagree,4,True,recode,0
3cbd0b11-76df-4c6b-95e8-fd0b18e3d8a0,prca16,likert5,2) disagree,3,True,recode,1
3cbd0b11-76df-4c6b-95e8-fd0b18e3d8a0,prca17,likert5,1) strongly disagree,1,True,recode,1
3cbd0b11-76df-4c6b-95e8-fd0b18e3d8a0,prca18,likert5,3) neutral,4,True,recode,0
5f300c90-9064-40b1-a11f-dab5cb9cc192,prca01,likert5,3) neutral,4,True,recode,0
5f300c90-9064-40b1-a11f-dab5cb9cc192,prca02,likert5,3) neutral,2,True,recode,1
5f300c90-9064-40b1-a11f-dab5cb9cc192,prca03,likert5,3) neutral,4,True,recode,0
5f300c90-9064-40b1-a11f-dab5cb9cc192,prca04,likert5,3) neutral,2,True,recode,1
5f300c90-9064-40b1-a11f-dab5cb9cc192,prca05,likert5,2) disagree,4,True,recode,0
5f300c90-9064-40b1-a11f-dab5cb9cc192,prca06,likert5,3) neutral,2,True,recode,1
5f300c90-9064-40b1-a11f-dab5cb9cc192,prca13,likert5,4) agree,4,True,recode,0
5f300c90-9064-40b1-a11f-dab5cb9cc192,prca14,likert5,3) neutral,1,True,recode,1
5f300c90-9064-40b1-a11f-dab5cb9cc192,prca15,likert5,2) disagree,5,True,recode,0
5f300c90-9064-40b1-a11f-dab5cb9cc192,prca16,likert5,1) strongly disagree,1,True,recode,1
5f300c90-9064-40b1-a11f-dab5cb9cc192,prca17,likert5,2) disagree,1,True,recode,1
5f300c90-9064-40b1-a11f-dab5cb9cc192,prca18,likert5,3) neutral,4,True,recode,0
8d860349-e2a2-47bc-bd4a-15fd82a37f85,prca01,likert5,3) neutral,4,True,recode,0
8d860349-e2a2-47bc-bd4a-15fd82a37f85,prca02,likert5,2) disagree,2,True,recode,1
8d860349-e2a2-47bc-bd4a-15fd82a37f85,prca03,likert5,3) neutral,4,True,recode,0
8d860349-e2a2-47bc-bd4a-15fd82a37f85,prca04,likert5,3) neutral,2,True,recode,1
8d860349-e2a2-47bc-bd4a-15fd82a37f85,prca05,likert5,3) neutral,5,True,recode,0
8d860349-e2a2-47bc-bd4a-15fd82a37f85,prca06,likert5,3) neutral,2,True,recode,1
8d860349-e2a2-47bc-bd4a-15fd82a37f85,prca13,likert5,2) disagree,5,True,recode,0
8d860349-e2a2-47bc-bd4a-15fd82a37f85,prca14,likert5,3) neutral,2,True,recode,1
8d860349-e2a2-47bc-bd4a-15fd82a37f85,prca15,likert5,1) strongly disagree,5,True,recode,0
8d860349-e2a2-47bc-bd4a-15fd82a37f85,prca16,likert5,3) neutral,2,True,recode,1
8d860349-e2a2-47bc-bd4a-15fd82a37f85,prca17,likert5,3) neutral,2,True,recode,1
8d860349-e2a2-47bc-bd4a-15fd82a37f85,prca18,likert5,3) neutral,4,True,recode,0
a1d27283-d022-4b37-9976-459b1cfd77ec,prca01,likert5,1),5,True,recode,0
a1d27283-d022-4b37-9976-459b1cfd77ec,prca02,likert5,3) neutral,2,True,recode,1
a1d27283-d022-4b37-9976-459b1cfd77ec,prca03,likert5,3) neutral,4,True,recode,0
a1d27283-d022-4b37-9976-459b1cfd77ec,prca04,likert5,4) agree,2,True,recode,1
a1d27283-d022-4b37-9976-459b1cfd77ec,prca05,likert5,3) neutral,4,True,recode,0
a1d27283-d022-4b37-9976-459b1cfd77ec,prca06,likert5,3) neutral,2,True,recode,1
a1d27283-d022-4b37-9976-459b1cfd77ec,prca13,likert5,2) disagree,4,True,recode,0
a1d27283-d022-4b37-9976-459b1cfd77ec,prca14,likert5,1) strongly disagree,5,True,recode,1
a1d27283-d022-4b37-9976-459b1cfd77ec,prca15,likert5,2) disagree,5,True,recode,0
a1d27283-d022-4b37-9976-459b1cfd77ec,prca16,likert5,2) disagree,4,True,recode,1
a1d27283-d022-4b37-9976-459b1cfd77ec,prca17,likert5,2) disagree,2,True,recode,1
a1d27283-d022-4b37-9976-459b1cfd77ec,prca18,likert5,1) strongly disagree,5,True,recode,0
7e53a4c5-4a59-4c23-9a73-05879a692b5f,prca01,likert5,1) strongly disagree,5,True,recode,0
7e53a4c5-4a59-4c23-9a73-05879a692b5f,prca02,likert5,2) disagree,2,True,recode,1
7e53a4c5-4a59-4c23-9a73-05879a692b5f,prca03,likert5,3) neutral,5,True,recode,0
7e53a4c5-4a59-4c23-9a73-05879a692b5f,prca04,likert5,3) neutral,2,True,recode,1
7e53a4c5-4a59-4c23-9a73-05879a692b5f,prca05,likert5,3) neutral,4,True,recode,0
7e53a4c5-4a59-4c23-9a73-05879a692b5f,prca06,likert5,2) disagree,1,True,recode,1
7e53a4c5-4a59-4c23-9a73-05879a692b5f,prca13,likert5,3) neutral,5,True,recode,0
7e53a4c5-4a59-4c23-9a73-05879a692b5f,prca14,likert5,3) neutral,2,True,recode,1
7e53a4c5-4a59-4c23-9a73-05879a692b5f,prca15,likert5,3) neutral,4,True,recode,0
7e53a4c5-4a59-4c23-9a73-05879a692b5f,prca16,likert5,4) agree,2,True,recode,1
7e53a4c5-4a59-4c23-9a73-05879a692b5f,prca17,likert5,1) strongly disagree,1,True,recode,1
7e53a4c5-4a59-4c23-9a73-05879a692b5f,prca18,likert5,2) disagree,5,True,recode,0
486596e4-b313-406c-bf64-fc100dcd9b33,prca01,likert5,3) neutral,5,True,recode,0
486596e4-b313-406c-bf64-fc100dcd9b33,prca02,likert5,3) neutral,2,True,recode,1
486596e4-b313-406c-bf64-fc100dcd9b33,prca03,likert5,4) agree,5,True,recode,0
486596e4-b313-406c-bf64-fc100dcd9b33,prca04,likert5,3) neutral,2,True,recode,1
486596e4-b313-406c-bf64-fc100dcd9b33,prca05,likert5,3) neutral,4,True,recode,0
486596e4-b313-406c-bf64-fc100dcd9b33,prca06,likert5,3) neutral,2,True,recode,1
486596e4-b313-406c-bf64-fc100dcd9b33,prca13,likert5,3) neutral,4,True,recode,0
486596e4-b313-406c-bf64-fc100dcd9b33,prca14,likert5,5) strongly agree,3,True,recode,1
486596e4-b313-406c-bf64-fc100dcd9b33,prca15,likert5,3) neutral,5,True,recode,0
486596e4-b313-406c-bf64-fc100dcd9b33,prca16,likert5,3) neutral,1,True,recode,1
486596e4-b313-406c-bf64-fc100dcd9b33,prca17,likert5,1) strongly disagree,3,True,recode,1
486596e4-b313-406c-bf64-fc100dcd9b33,prca18,likert5,2) disagree,4,True,recode,0
707dc71f-eb0b-4033-a3cf-364d6d94a222,prca01,likert5,3) neutral,4,True,recode,0
707dc71f-eb0b-4033-a3cf-364d6d94a222,prca02,likert5,3) neutral,2,True,recode,1
707dc71f-eb0b-4033-a3cf-364d6d94a222,prca03,likert5,3) neutral,4,True,recode,0
707dc71f-eb0b-4033-a3cf-364d6d94a222,prca04,likert5,2) disagree,1,True,recode,1
707dc71f-eb0b-4033-a3cf-364d6d94a222,prca05,likert5,2) disagree,4,True,recode,0
707dc71f-eb0b-4033-a3cf-364d6d94a222,prca06,likert5,4) agree,2,True,recode,1
707dc71f-eb0b-4033-a3cf-364d6d94a222,prca13,likert5,1) strongly disagree,5,True,recode,0
707dc71f-eb0b-4033-a3cf-364d6d94a222,prca14,likert5,5) strongly agree,3,True,recode,1
707dc71f-eb0b-4033-a3cf-364d6d94a222,prca15,likert5,3) neutral,5,True,recode,0
707dc71f-eb0b-4033-a3cf-364d6d94a222,prca16,likert5,3) neutral,1,True,recode,1
707dc71f-eb0b-4033-a3cf-364d6d94a222,prca17,likert5,3) neutral,2,True,recode,1
707dc71f-eb0b-4033-a3cf-364d6d94a222,prca18,likert5,3) neutral,4,True,recode,0
a8f30e3e-f522-4a17-ab1b-589256e8a9d2,prca01,likert5,4) agree,4,True,recode,0
a8f30e3e-f522-4a17-ab1b-589256e8a9d2,prca02,likert5,2) disagree,2,True,recode,1
a8f30e3e-f522-4a17-ab1b-589256e8a9d2,prca03,likert5,3) neutral,4,True,recode,0
a8f30e3e-f522-4a17-ab1b-589256e8a9d2,prca04,likert5,2) disagree,2,True,recode,1
a8f30e3e-f522-4a17-ab1b-589256e8a9d2,prca05,likert5,3) neutral,4,True,recode,0
a8f30e3e-f522-4a17-ab1b-589256e8a9d2,prca06,likert5,1) strongly disagree,1,True,recode,1
a8f30e3e-f522-4a17-ab1b-589256e8a9d2,prca13,likert5,3) neutral,4,True,recode,0
a8f30e3e-f522-4a17-ab1b-589256e8a9d2,prca14,likert5,3) neutral,3,True,recode,1
a8f30e3e-f522-4a17-ab1b-589256e8a9d2,prca15,likert5,3) neutral,4,True,recode,0
a8f30e3e-f522-4a17-ab1b-589256e8a9d2,prca16,likert5,4) agree,2,True,recode,1
a8f30e3e-f522-4a17-ab1b-589256e8a9d2,prca17,likert5,4) agree,2,True,recode,1
a8f30e3e-f522-4a17-ab1b-589256e8a9d2,prca18,likert5,3) neutral,4,True,recode,0
f85ec40f-fb5a-444c-beb6-dacc057f0785,prca01,likert5,4) agree,5,True,recode,0
f85ec40f-fb5a-444c-beb6-dacc057f0785,prca02,likert5,3) neutral,2,True,recode,1
f85ec40f-fb5a-444c-beb6-dacc057f0785,prca03,likert5,1) strongly disagree,5,True,recode,0
f85ec40f-fb5a-444c-beb6-dacc057f0785,prca04,likert5,3) neutral,2,True,recode,1
f85ec40f-fb5a-444c-beb6-dacc057f0785,prca05,likert5,2) disagree,5,True,recode,0
f85ec40f-fb5a-444c-beb6-dacc057f0785,prca06,likert5,1) strongly disagree,1,True,recode,1
f85ec40f-fb5a-444c-beb6-dacc057f0785,prca13,likert5,1) strongly disagree,4,True,recode,0
f85ec40f-fb5a-444c-beb6-dacc057f0785,prca14,likert5,3) neutral,2,True,recode,1
f85ec40f-fb5a-444c-beb6-dacc057f0785,prca15,likert5,4) agree,5,True,recode,0
f85ec40f-fb5a-444c-beb6-dacc057f0785,prca16,likert5,3) neutral,2,True,recode,1
f85ec40f-fb5a-444c-beb6-dacc057f0785,prca17,likert5,3) neutral,1,True,recode,1
f85ec40f-fb5a-444c-beb6-dacc057f0785,prca18,likert5,3) neutral,4,True,recode,0
f085e2bd-4034-4b55-85c6-8a4db6eb8f62,prca01,likert5,1) strongly disagree,4,True,recode,0
f085e2bd-4034-4b55-85c6-8a4db6eb8f62,prca02,likert5,3) neutral,2,True,recode,1
f085e2bd-4034-4b55-85c6-8a4db6eb8f62,prca03,likert5,2) disagree,4,True,recode,0
f085e2bd-4034-4b55-85c6-8a4db6eb8f62,prca04,likert5,3) neutral,2,True,recode,1
f085e2bd-4034-4b55-85c6-8a4db6eb8f62,prca05,likert5,3) neutral,5,True,recode,0
f085e2bd-4034-4b55-85c6-8a4db6eb8f62,prca06,likert5,1) strongly disagree,1,True,recode,1
f085e2bd-4034-4b55-85c6-8a4db6eb8f62,prca13,likert5,3) neutral,4,True,recode,0
f085e2bd-4034-4b55-85c6-8a4db6eb8f62,prca14,likert5,1) strongly disagree,2,True,recode,1
f085e2bd-4034-4b55-85c6-8a4db6eb8f62,prca15,likert5,1) strongly disagree,4,True,recode,0
f085e2bd-4034-4b55-85c6-8a4db6eb8f62,prca16,likert5,3) neutral,2,True,recode,1
f085e2bd-4034-4b55-85c6-8a4db6eb8f62,prca17,likert5,3) neutral,2,True,recode,1
f085e2bd-4034-4b55-85c6-8a4db6eb8f62,prca18,likert5,2) disagree,4,True,recode,0
ea65117f-0dc6-4725-9a66-bcf96820f20d,prca01,likert5,3) neutral,4,True,recode,0
ea65117f-0dc6-4725-9a66-bcf96820f20d,prca02,likert5,3) neutral,2,True,recode,1
ea65117f-0dc6-4725-9a66-bcf96820f20d,prca03,likert5,1) strongly disagree,4,True,recode,0
ea65117f-0dc6-4725-9a66-bcf96820f20d,prca04,likert5,3) neutral,2,True,recode,1
ea65117f-0dc6-4725-9a66-bcf96820f20d,prca05,likert5,3) neutral,4,True,recode,0
ea65117f-0dc6-4725-9a66-bcf96820f20d,prca06,likert5,3) neutral,2,True,recode,1
ea65117f-0dc6-4725-9a66-bcf96820f20d,prca13,likert5,3) neutral,4,True,recode,0
ea65117f-0dc6-4725-9a66-bcf96820f20d,prca14,likert5,3) neutral,2,True,recode,1
ea65117f-0dc6-4725-9a66-bcf96820f20d,prca15,likert5,2) disagree,5,True,recode,0
ea65117f-0dc6-4725-9a66-bcf96820f20d,prca16,likert5,3) neutral,2,True,recode,1
ea65117f-0dc6-4725-9a66-bcf96820f20d,prca17,likert5,2) disagree,2,True,recode,1
ea65117f-0dc6-4725-9a66-bcf96820f20d,prca18,likert5,2) disagree,4,True,recode,0
4fc1b432-0e17-4c78-84ca-5022c33edc01,prca01,likert5,2) disagree,4,True,recode,0
4fc1b432-0e17-4c78-84ca-5022c33edc01,prca02,likert5,2) disagree,3,True,recode,1
4fc1b432-0e17-4c78-84ca-5022c33edc01,prca03,likert5,1) strongly disagree,1,True,recode,0
4fc1b432-0e17-4c78-84ca-5022c33edc01,prca04,likert5,3) neutral,2,True,recode,1
4fc1b432-0e17-4c78-84ca-5022c33edc01,prca05,likert5,3) neutral,4,True,recode,0
4fc1b432-0e17-4c78-84ca-5022c33edc01,prca06,likert5,3) neutral,2,True,recode,1
4fc1b432-0e17-4c78-84ca-5022c33edc01,prca13,likert5,3) neutral,5,True,recode,0
4fc1b432-0e17-4c78-84ca-5022c33edc01,prca14,likert5,3) neutral,2,True,recode,1
4fc1b432-0e17-4c78-84ca-5022c33edc01,prca15,likert5,1) strongly disagree,4,True,recode,0
4fc1b432-0e17-4c78-84ca-5022c33edc01,prca16,likert5,1) strongly disagree,2,True,recode,1
4fc1b432-0e17-4c78-84ca-5022c33edc01,prca17,likert5,3) neutral,2,True,recode,1
4fc1b432-0e17-4c78-84ca-5022c33edc01,prca18,likert5,1) strongly disagree,4,True,recode,0
8ccaceb3-66cc-49ad-b24d-db86c81c2e3b,prca01,likert5,3) neutral,3,True,recode,0
8ccaceb3-66cc-49ad-b24d-db86c81c2e3b,prca02,likert5,3) neutral,2,True,recode,1
8ccaceb3-66cc-49ad-b24d-db86c81c2e3b,prca03,likert5,3) neutral,5,True,recode,0
8ccaceb3-66cc-49ad-b24d-db86c81c2e3b,prca04,likert5,"1) strongly disagree, 2) disagree, 3) neutral, 4) agree, 5) strongly agree",2,True,recode,1
8ccaceb3-66cc-49ad-b24d-db86c81c2e3b,prca05,likert5,3) neutral,4,True,recode,0
8ccaceb3-66cc-49ad-b24d-db86c81c2e3b,prca06,likert5,4) agree,2,True,recode,1
8ccaceb3-66cc-49ad-b24d-db86c81c2e3b,prca13,likert5,1) strongly disagree,5,True,recode,0
8ccaceb3-66cc-49ad-b24d-db86c81c2e3b,prca14,likert5,4) agree,2,True,recode,1
8ccaceb3-66cc-49ad-b24d-db86c81c2e3b,prca15,likert5,2) disagree,4,True,recode,0
8ccaceb3-66cc-49ad-b24d-db86c81c2e3b,prca16,likert5,3) neutral,2,True,recode,1
8ccaceb3-66cc-49ad-b24d-db86c81c2e3b,prca17,likert5,2) disagree,2,True,recode,1
8ccaceb3-66cc-49ad-b24d-db86c81c2e3b,prca18,likert5,3) neutral,4,True,recode,0
671a78fd-7689-40ab-b53e-0ca64cefc6eb,prca01,likert5,3) neutral,4,True,recode,0
671a78fd-7689-40ab-b53e-0ca64cefc6eb,prca02,likert5,3) neutral,2,True,recode,1
671a78fd-7689-40ab-b53e-0ca64cefc6eb,prca03,likert5,3) neutral,4,True,recode,0
671a78fd-7689-40ab-b53e-0ca64cefc6eb,prca04,likert5,3) neutral,5,True,recode,1
671a78fd-7689-40ab-b53e-0ca64cefc6eb,prca05,likert5,3) neutral,4,True,recode,0
671a78fd-7689-40ab-b53e-0ca64cefc6eb,prca06,likert5,3) neutral,2,True,recode,1
671a78fd-7689-40ab-b53e-0ca64cefc6eb,prca13,likert5,1) strongly disagree,5,True,recode,0
671a78fd-7689-40ab-b53e-0ca64cefc6eb,prca14,likert5,3) neutral,2,True,recode,1
671a78fd-7689-40ab-b53e-0ca64cefc6eb,prca15,likert5,2) disagree,5,True,recode,0
671a78fd-7689-40ab-b53e-0ca64cefc6eb,prca16,likert5,2) disagree,2,True,recode,1
671a78fd-7689-40ab-b53e-0ca64cefc6eb,prca17,likert5,1) strongly disagree,1,True,recode,1
671a78fd-7689-40ab-b53e-0ca64cefc6eb,prca18,likert5,4) agree,5,True,recode,0
d0dda7f8-f3dc-4905-b43e-947926a7291d,prca01,likert5,3) neutral,4,True,recode,0
d0dda7f8-f3dc-4905-b43e-947926a7291d,prca02,likert5,3) neutral,1,True,recode,1
d0dda7f8-f3dc-4905-b43e-947926a7291d,prca03,likert5,2) disagree,5,True,recode,0
d0dda7f8-f3dc-4905-b43e-947926a7291d,prca04,likert5,3) neutral,1,True,recode,1
d0dda7f8-f3dc-4905-b43e-947926a7291d,prca05,likert5,2) disagree,4,True,recode,0
d0dda7f8-f3dc-4905-b43e-947926a7291d,prca06,likert5,4) agree,2,True,recode,1
d0dda7f8-f3dc-4905-b43e-947926a7291d,prca13,likert5,3) neutral,2,True,recode,0
d0dda7f8-f3dc-4905-b43e-947926a7291d,prca14,likert5,3) neutral,2,True,recode,1
d0dda7f8-f3dc-4905-b43e-947926a7291d,prca15,likert5,1) strongly disagree,5,True,recode,0
d0dda7f8-f3dc-4905-b43e-947926a7291d,prca16,likert5,3) neutral,2,True,recode,1
d0dda7f8-f3dc-4905-b43e-947926a7291d,prca17,likert5,2) disagree,3,True,recode,1
d0dda7f8-f3dc-4905-b43e-947926a7291d,prca18,likert5,3) neutral,4,True,recode,0
984bf1af-c023-4aeb-983f-618c9502ec8b,prca01,likert5,3) neutral,4,True,recode,0
984bf1af-c023-4aeb-983f-618c9502ec8b,prca02,likert5,2) disagree,2,True,recode,1
984bf1af-c023-4aeb-983f-618c9502ec8b,prca03,likert5,2) disagree,2,True,recode,0
984bf1af-c023-4aeb-983f-618c9502ec8b,prca04,likert5,3) neutral,2,True,recode,1
984bf1af-c023-4aeb-983f-618c9502ec8b,prca05,likert5,2) disagree,4,True,recode,0
984bf1af-c023-4aeb-983f-618c9502ec8b,prca06,likert5,3) neutral,2,True,recode,1
984bf1af-c023-4aeb-983f-618c9502ec8b,prca13,likert5,3) neutral,5,True,recode,0
984bf1af-c023-4aeb-983f-618c9502ec8b,prca14,likert5,2) disagree,2,True,recode,1
984bf1af-c023-4aeb-983f-618c9502ec8b,prca15,likert5,1) strongly disagree,4,True,recode,0
984bf1af-c023-4aeb-983f-618c9502ec8b,prca16,likert5,2) disagree,2,True,recode,1
984bf1af-c023-4aeb-983f-618c9502ec8b,prca17,likert5,3) neutral,2,True,recode,1
984bf1af-c023-4aeb-983f-618c9502ec8b,prca18,likert5,3) neutral,4,True,recode,0
09724000-92c1-42ff-92f0-03e6b28585a4,prca01,likert5,2) disagree,4,True,recode,0
09724000-92c1-42ff-92f0-03e6b28585a4,prca02,likert5,3) neutral,3,True,recode,1
09724000-92c1-42ff-92f0-03e6b28585a4,prca03,likert5,4) agree,5,True,recode,0
09724000-92c1-42ff-92f0-03e6b28585a4,prca04,likert5,3) neutral,2,True,recode,1
09724000-92c1-42ff-92f0-03e6b28585a4,prca05,likert5,3) neutral,4,True,recode,0
09724000-92c1-42ff-92f0-03e6b28585a4,prca06,likert5,3) neutral,1,True,recode,1
09724000-92c1-42ff-92f0-03e6b28585a4,prca13,likert5,4) agree,4,True,recode,0
09724000-92c1-42ff-92f0-03e6b28585a4,prca14,likert5,3) neutral,2,True,recode,1
09724000-92c1-42ff-92f0-03e6b28585a4,prca15,likert5,3) neutral,4,True,recode,0
09724000-92c1-42ff-92f0-03e6b28585a4,prca16,likert5,4) agree,2,True,recode,1
09724000-92c1-42ff-92f0-03e6b28585a4,prca17,likert5,3) neutral,2,True,recode,1
09724000-92c1-42ff-92f0-03e6b28585a4,prca18,likert5,2) disagree,4,True,recode,0
e2a96815-a9c1-4b7b-a264-aadde5585e0e,prca01,likert5,3) neutral,4,True,recode,0
e2a96815-a9c1-4b7b-a264-aadde5585e0e,prca02,likert5,2) disagree,2,True,recode,1
e2a96815-a9c1-4b7b-a264-aadde5585e0e,prca03,likert5,3) neutral,4,True,recode,0
e2a96815-a9c1-4b7b-a264-aadde5585e0e,prca04,likert5,3) neutral,2,True,recode,1
e2a96815-a9c1-4b7b-a264-aadde5585e0e,prca05,likert5,3) neutral,5,True,recode,0
e2a96815-a9c1-4b7b-a264-aadde5585e0e,prca06,likert5,2) disagree,1,True,recode,1
e2a96815-a9c1-4b7b-a264-aadde5585e0e,prca13,likert5,4) agree,4,True,recode,0
e2a96815-a9c1-4b7b-a264-aadde5585e0e,prca14,likert5,3) neutral,3,True,recode,1
e2a96815-a9c1-4b7b-a264-aadde5585e0e,prca15,likert5,1) strongly disagree,5,True,recode,0
e2a96815-a9c1-4b7b-a264-aadde5585e0e,prca16,likert5,3) neutral,2,True,recode,1
e2a96815-a9c1-4b7b-a264-aadde5585e0e,prca17,likert5,4) agree,5,True,recode,1
e2a96815-a9c1-4b7b-a264-aadde5585e0e,prca18,likert5,3) neutral,4,True,recode,0
d17fd298-a1f6-474d-8afc-47cf62b78748,prca01,likert5,1) strongly disagree,5,True,recode,0
d17fd298-a1f6-474d-8afc-47cf62b78748,prca02,likert5,3) neutral,2,True,recode,1
d17fd298-a1f6-474d-8afc-47cf62b78748,prca03,likert5,2) disagree,4,True,recode,0
d17fd298-a1f6-474d-8afc-47cf62b78748,prca04,likert5,3) neutral,2,True,recode,1
d17fd298-a1f6-474d-8afc-47cf62b78748,prca05,likert5,2) disagree,4,True,recode,0
d17fd298-a1f6-474d-8afc-47cf62b78748,prca06,likert5,3) neutral,2,True,recode,1
d17fd298-a1f6-474d-8afc-47cf62b78748,prca13,likert5,4) agree,4,True,recode,0
d17fd298-a1f6-474d-8afc-47cf62b78748,prca14,likert5,5) strongly agree,3,True,recode,1
d17fd298-a1f6-474d-8afc-47cf62b78748,prca15,likert5,3) neutral,4,True,recode,0
d17fd298-a1f6-474d-8afc-47cf62b78748,prca16,likert5,1) strongly disagree,1,True,recode,1
d17fd298-a1f6-474d-8afc-47cf62b78748,prca17,likert5,2) disagree,2,True,recode,1
d17fd298-a1f6-474d-8afc-47cf62b78748,prca18,likert5,2) disagree,5,True,recode,0
5ecaf472-acd7-409d-9535-4ad1f0768cf8,prca01,likert5,3) neutral,4,True,recode,0
5ecaf472-acd7-409d-9535-4ad1f0768cf8,prca02,likert5,3) neutral,2,True,recode,1
5ecaf472-acd7-409d-9535-4ad1f0768cf8,prca03,likert5,3) neutral,4,True,recode,0
5ecaf472-acd7-409d-9535-4ad1f0768cf8,prca04,likert5,1) strongly disagree,1,True,recode,1
5ecaf472-acd7-409d-9535-4ad1f0768cf8,prca05,likert5,3) neutral,4,True,recode,0
5ecaf472-acd7-409d-9535-4ad1f0768cf8,prca06,likert5,4) agree,2,True,recode,1
5ecaf472-acd7-409d-9535-4ad1f0768cf8,prca13,likert5,2) disagree,3,True,recode,0
5ecaf472-acd7-409d-9535-4ad1f0768cf8,prca14,likert5,2) disagree,1,True,recode,1
5ecaf472-acd7-409d-9535-4ad1f0768cf8,prca15,likert5,3) neutral,3,True,recode,0
5ecaf472-acd7-409d-9535-4ad1f0768cf8,prca16,likert5,3) neutral,2,True,recode,1
5ecaf472-acd7-409d-9535-4ad1f0768cf8,prca17,likert5,3) neutral,2,True,recode,1
5ecaf472-acd7-409d-9535-4ad1f0768cf8,prca18,likert5,3) neutral,4,True,recode,0
147c39fb-b6b7-45c7-bb83-41385abf5b53,prca01,likert5,2) disagree,4,True,recode,0
147c39fb-b6b7-45c7-bb83-41385abf5b53,prca02,likert5,3) neutral,2,True,recode,1
147c39fb-b6b7-45c7-bb83-41385abf5b53,prca03,likert5,3) neutral,5,True,recode,0
147c39fb-b6b7-45c7-bb83-41385abf5b53,prca04,likert5,3) neutral,2,True,recode,1
147c39fb-b6b7-45c7-bb83-41385abf5b53,prca05,likert5,3) neutral,4,True,recode,0
147c39fb-b6b7-45c7-bb83-41385abf5b53,prca06,likert5,1) strongly disagree,2,True,recode,1
147c39fb-b6b7-45c7-bb83-41385abf5b53,prca13,likert5,4) agree,4,True,recode,0
147c39fb-b6b7-45c7-bb83-41385abf5b53,prca14,likert5,1) strongly disagree,1,True,recode,1
147c39fb-b6b7-45c7-bb83-41385abf5b53,prca15,likert5,3) neutral,5,True,recode,0
147c39fb-b6b7-45c7-bb83-41385abf5b53,prca16,likert5,3) neutral,2,True,recode,1
147c39fb-b6b7-45c7-bb83-41385abf5b53,prca17,likert5,3) neutral,2,True,recode,1
147c39fb-b6b7-45c7-bb83-41385abf5b53,prca18,likert5,1) strongly disagree,4,True,recode,0
ff20eb17-fdea-488d-88df-9ea5d14ab1f6,prca01,likert5,2) disagree,5,True,recode,0
ff20eb17-fdea-488d-88df-9ea5d14ab1f6,prca02,likert5,4) agree,2,True,recode,1
ff20eb17-fdea-488d-88df-9ea5d14ab1f6,prca03,likert5,3) neutral,4,True,recode,0
ff20eb17-fdea-488d-88df-9ea5d14ab1f6,prca04,likert5,2) disagree,1,True,recode,1
ff20eb17-fdea-488d-88df-9ea5d14ab1f6,prca05,likert5,3) neutral,4,True,recode,0
ff20eb17-fdea-488d-88df-9ea5d14ab1f6,prca06,likert5,4) agree,2,True,recode,1
ff20eb17-fdea-488d-88df-9ea5d14ab1f6,prca13,likert5,4) agree,4,True,recode,0
ff20eb17-fdea-488d-88df-9ea5d14ab1f6,prca14,likert5,3) neutral,2,True,recode,1
ff20eb17-fdea-488d-88df-9ea5d14ab1f6,prca15,likert5,4) agree,4,True,recode,0
ff20eb17-fdea-488d-88df-9ea5d14ab1f6,prca16,likert5,3) neutral,1,True,recode,1
ff20eb17-fdea-488d-88df-9ea5d14ab1f6,prca17,likert5,3) neutral,2,True,recode,1
ff20eb17-fdea-488d-88df-9ea5d14ab1f6,prca18,likert5,3) neutral,5,True,recode,0
fb6fef3b-0f0d-40ec-92f0-aba33703d2b4,prca01,likert5,3) neutral,4,True,recode,0
fb6fef3b-0f0d-40ec-92f0-aba33703d2b4,prca02,likert5,3) neutral,2,True,recode,1
fb6fef3b-0f0d-40ec-92f0-aba33703d2b4,prca03,likert5,1) strongly disagree,5,True,recode,0
fb6fef3b-0f0d-40ec-92f0-aba33703d2b4,prca04,likert5,4) agree,2,True,recode,1
fb6fef3b-0f0d-40ec-92f0-aba33703d2b4,prca05,likert5,2) disagree,4,True,recode,0
fb6fef3b-0f0d-40ec-92f0-aba33703d2b4,prca06,likert5,3) neutral,3,True,recode,1
fb6fef3b-0f0d-40ec-92f0-aba33703d2b4,prca13,likert5,3) neutral,4,True,recode,0
fb6fef3b-0f0d-40ec-92f0-aba33703d2b4,prca14,likert5,3) neutral,2,True,recode,1
fb6fef3b-0f0d-40ec-92f0-aba33703d2b4,prca15,likert5,3) neutral,4,True,recode,0
fb6fef3b-0f0d-40ec-92f0-aba33703d2b4,prca16,likert5,2) disagree,3,True,recode,1
fb6fef3b-0f0d-40ec-92f0-aba33703d2b4,prca17,likert5,4) agree,1,True,recode,1
fb6fef3b-0f0d-40ec-92f0-aba33703d2b4,prca18,likert5,3) neutral,4,True,recode,0
29bbe53c-0d03-4fd1-b46d-24c6e05359fa,prca01,likert5,3) neutral,4,True,recode,0
29bbe53c-0d03-4fd1-b46d-24c6e05359fa,prca02,likert5,3) neutral,2,True,recode,1
29bbe53c-0d03-4fd1-b46d-24c6e05359fa,prca03,likert5,3) neutral,4,True,recode,0
29bbe53c-0d03-4fd1-b46d-24c6e05359fa,prca04,likert5,3) neutral,1,True,recode,1
29bbe53c-0d03-4fd1-b46d-24c6e05359fa,prca05,likert5,1) strongly disagree,4,True,recode,0
29bbe53c-0d03-4fd1-b46d-24c6e05359fa,prca06,likert5,3) neutral,2,True,recode,1
29bbe53c-0d03-4fd1-b46d-24c6e05359fa,prca13,likert5,1) strongly disagree,5,True,recode,0
29bbe53c-0d03-4fd1-b46d-24c6e05359fa,prca14,likert5,3) neutral,2,True,recode,1
29bbe53c-0d03-4fd1-b46d-24c6e05359fa,prca15,likert5,3) neutral,4,True,recode,0
29bbe53c-0d03-4fd1-b46d-24c6e05359fa,prca16,likert5,4) agree,1,True,recode,1
29bbe53c-0d03-4fd1-b46d-24c6e05359fa,prca17,likert5,3) neutral,2,True,recode,1
29bbe53c-0d03-4fd1-b46d-24c6e05359fa,prca18,likert5,3) neutral,4,True,recode,0
8ebdc982-ce54-4401-ba85-6c14286bdf18,prca01,likert5,1) strongly disagree,5,True,recode,0
8ebdc982-ce54-4401-ba85-6c14286bdf18,prca02,likert5,4) agree,2,True,recode,1
8ebdc982-ce54-4401-ba85-6c14286bdf18,prca03,likert5,3) neutral,4,True,recode,0
8ebdc982-ce54-4401-ba85-6c14286bdf18,prca04,likert5,2) disagree,2,True,recode,1
8ebdc982-ce54-4401-ba85-6c14286bdf18,prca05,likert5,3) neutral,4,True,recode,0
8ebdc982-ce54-4401-ba85-6c14286bdf18,prca06,likert5,3) neutral,2,True,recode,1
8ebdc982-ce54-4401-ba85-6c14286bdf18,prca13,likert5,3) neutral,4,True,recode,0
8ebdc982-ce54-4401-ba85-6c14286bdf18,prca14,likert5,4) agree,2,True,recode,1
8ebdc982-ce54-4401-ba85-6c14286bdf18,prca15,likert5,1) strongly disagree,5,True,recode,0
8ebdc982-ce54-4401-ba85-6c14286bdf18,prca16,likert5,2) disagree,2,True,recode,1
8ebdc982-ce54-4401-ba85-6c14286bdf18,prca17,likert5,2) disagree,2,True,recode,1
8ebdc982-ce54-4401-ba85-6c14286bdf18,prca18,likert5,1) strongly disagree,1,True,recode,0
e321ea5f-ec73-4f33-8b2c-26c30b0f890b,prca01,likert5,3) neutral,4,True,recode,0
e321ea5f-ec73-4f33-8b2c-26c30b0f890b,prca02,likert5,3) neutral,2,True,recode,1
e321ea5f-ec73-4f33-8b2c-26c30b0f890b,prca03,likert5,2) disagree,4,True,recode,0
e321ea5f-ec73-4f33-8b2c-26c30b0f890b,prca04,likert5,2) disagree,1,True,recode,1
e321ea5f-ec73-4f33-8b2c-26c30b0f890b,prca05,likert5,3) neutral,4,True,recode,0
e321ea5f-ec73-4f33-8b2c-26c30b0f890b,prca06,likert5,2) disagree,2,True,recode,1
e321ea5f-ec73-4f33-8b2c-26c30b0f890b,prca13,likert5,3) neutral,4,True,recode,0
e321ea5f-ec73-4f33-8b2c-26c30b0f890b,prca14,likert5,3) neutral,2,True,recode,1
e321ea5f-ec73-4f33-8b2c-26c30b0f890b,prca15,likert5,2) disagree,4,True,recode,0
e321ea5f-ec73-4f33-8b2c-26c30b0f890b,prca16,likert5,3) neutral,1,True,recode,1
e321ea5f-ec73-4f33-8b2c-26c30b0f890b,prca17,likert5,3) neutral,1,True,recode,1
e321ea5f-ec73-4f33-8b2c-26c30b0f890b,prca18,likert5,3) neutral,4,True,recode,0
318cf81c-d971-4363-a280-f955465c11d4,prca01,likert5,2) disagree,5,True,recode,0
318cf81c-d971-4363-a280-f955465c11d4,prca02,likert5,2) disagree,2,True,recode,1
318cf81c-d971-4363-a280-f955465c11d4,prca03,likert5,3) neutral,4,True,recode,0
318cf81c-d971-4363-a280-f955465c11d4,prca04,likert5,2) disagree,2,True,recode,1
318cf81c-d971-4363-a280-f955465c11d4,prca05,likert5,1) strongly disagree,5,True,recode,0
318cf81c-d971-4363-a280-f955465c11d4,prca06,likert5,3) neutral,2,True,recode,1
318cf81c-d971-4363-a280-f955465c11d4,prca13,likert5,3) neutral,4,True,recode,0
318cf81c-d971-4363-a280-f955465c11d4,prca14,likert5,3) neutral,1,True,recode,1
318cf81c-d971-4363-a280-f955465c11d4,prca15,likert5,3) neutral,5,True,recode,0
318cf81c-d971-4363-a280-f955465c11d4,prca16,likert5,3) neutral,2,True,recode,1
318cf81c-d971-4363-a280-f955465c11d4,prca17,likert5,3) neutral,2,True,recode,1
318cf81c-d971-4363-a280-f955465c11d4,prca18,likert5,2) disagree,4,True,recode,0
377c99a2-180b-41f1-8bc5-c269c60e9614,prca01,likert5,3) neutral,5,True,recode,0
377c99a2-180b-41f1-8bc5-c269c60e9614,prca02,likert5,4) agree,2,True,recode,1
377c99a2-180b-41f1-8bc5-c269c60e9614,prca03,likert5,2) disagree,1,True,recode,0
377c99a2-180b-41f1-8bc5-c269c60e9614,prca04,likert5,4) agree,1,True,recode,1
377c99a2-180b-41f1-8bc5-c269c60e9614,prca05,likert5,1) strongly disagree,5,True,recode,0
377c99a2-180b-41f1-8bc5-c269c60e9614,prca06,likert5,3) neutral,2,True,recode,1
377c99a2-180b-41f1-8bc5-c269c60e9614,prca13,likert5,3) neutral,4,True,recode,0
377c99a2-180b-41f1-8bc5-c269c60e9614,prca14,likert5,2) disagree,3,True,recode,1
377c99a2-180b-41f1-8bc5-c269c60e9614,prca15,likert5,2) disagree,5,True,recode,0
377c99a2-180b-41f1-8bc5-c269c60e9614,prca16,likert5,1) strongly disagree,1,True,recode,1
377c99a2-180b-41f1-8bc5-c269c60e9614,prca17,likert5,3) neutral,2,True,recode,1
377c99a2-180b-41f1-8bc5-c269c60e9614,prca18,likert5,3) neutral,4,True,recode,0
5a9566a0-7dc6-4d6f-b07c-f263cb2a6f7a,prca01,likert5,3) neutral,4,True,recode,0
5a9566a0-7dc6-4d6f-b07c-f263cb2a6f7a,prca02,likert5,1) strongly disagree,1,True,recode,1
5a9566a0-7dc6-4d6f-b07c-f263cb2a6f7a,prca03,likert5,3) neutral,4,True,recode,0
5a9566a0-7dc6-4d6f-b07c-f263cb2a6f7a,prca04,likert5,1) strongly disagree,1,True,recode,1
5a9566a0-7dc6-4d6f-b07c-f263cb2a6f7a,prca05,likert5,3) neutral,3,True,recode,0
5a9566a0-7dc6-4d6f-b07c-f263cb2a6f7a,prca06,likert5,3) neutral,2,True,recode,1
5a9566a0-7dc6-4d6f-b07c-f263cb2a6f7a,prca13,likert5,3) neutral,5,True,recode,0
5a9566a0-7dc6-4d6f-b07c-f263cb2a6f7a,prca14,likert5,3) neutral,2,True,recode,1
5a9566a0-7dc6-4d6f-b07c-f263cb2a6f7a,prca15,likert5,4) agree,4,True,recode,0
5a9566a0-7dc6-4d6f-b07c-f263cb2a6f7a,prca16,likert5,3) neutral,1,True,recode,1
5a9566a0-7dc6-4d6f-b07c-f263cb2a6f7a,prca17,likert5,3) neutral,2,True,recode,1
5a9566a0-7dc6-4d6f-b07c-f263cb2a6f7a,prca18,likert5,3) neutral,4,True,recode,0
c1860515-8bdf-4e7d-a597-1fa37befcf61,prca01,likert5,3) neutral,4,True,recode,0
c1860515-8bdf-4e7d-a597-1fa37befcf61,prca02,likert5,3) neutral,1,True,recode,1
c1860515-8bdf-4e7d-a597-1fa37befcf61,prca03,likert5,3) neutral,4,True,recode,0
c1860515-8bdf-4e7d-a597-1fa37befcf61,prca04,likert5,3) neutral,2,True,recode,1
c1860515-8bdf-4e7d-a597-1fa37befcf61,prca05,likert5,2) disagree,4,True,recode,0
c1860515-8bdf-4e7d-a597-1fa37befcf61,prca06,likert5,2) disagree,2,True,recode,1
c1860515-8bdf-4e7d-a597-1fa37befcf61,prca13,likert5,4) agree,4,True,recode,0
c1860515-8bdf-4e7d-a597-1fa37befcf61,prca14,likert5,3) neutral,2,True,recode,1
c1860515-8bdf-4e7d-a597-1fa37befcf61,prca15,likert5,3) neutral,4,True,recode,0
c1860515-8bdf-4e7d-a597-1fa37befcf61,prca16,likert5,4) agree,2,True,recode,1
c1860515-8bdf-4e7d-a597-1fa37befcf61,prca17,likert5,1) strongly disagree,1,True,recode,1
c1860515-8bdf-4e7d-a597-1fa37befcf61,prca18,likert5,3) neutral,4,True,recode,0
6c89f065-6101-4611-bc62-240aa0b6cb20,prca01,likert5,2) disagree,5,True,recode,0
6c89f065-6101-4611-bc62-240aa0b6cb20,prca02,likert5,2) disagree,2,True,recode,1
6c89f065-6101-4611-bc62-240aa0b6cb20,prca03,likert5,2) disagree,4,True,recode,0
6c89f065-6101-4611-bc62-240aa0b6cb20,prca04,likert5,5) strongly agree,3,True,recode,1
6c89f065-6101-4611-bc62-240aa0b6cb20,prca05,likert5,3) neutral,4,True,recode,0
6c89f065-6101-4611-bc62-240aa0b6cb20,prca06,likert5,3) neutral,3,True,recode,1
6c89f065-6101-4611-bc62-240aa0b6cb20,prca13,likert5,3) neutral,4,True,recode,0
6c89f065-6101-4611-bc62-240aa0b6cb20,prca14,likert5,3) neutral,2,True,recode,1
6c89f065-6101-4611-bc62-240aa0b6cb20,prca15,likert5,4) agree,4,True,recode,0
6c89f065-6101-4611-bc62-240aa0b6cb20,prca16,likert5,3) neutral,2,True,recode,1
6c89f065-6101-4611-bc62-240aa0b6cb20,prca17,likert5,3) neutral,1,True,recode,1
6c89f065-6101-4611-bc62-240aa0b6cb20,prca18,likert5,2) disagree,4,True,recode,0
cce3c28b-e94e-45a7-a489-152c0ec250a4,prca01,likert5,2) disagree,5,True,recode,0
cce3c28b-e94e-45a7-a489-152c0ec250a4,prca02,likert5,3) neutral,2,True,recode,1
cce3c28b-e94e-45a7-a489-152c0ec250a4,prca03,likert5,3) neutral,4,True,recode,0
cce3c28b-e94e-45a7-a489-152c0ec250a4,prca04,likert5,4) agree,2,True,recode,1
cce3c28b-e94e-45a7-a489-152c0ec250a4,prca05,likert5,1) strongly disagree,5,True,recode,0
cce3c28b-e94e-45a7-a489-152c0ec250a4,prca06,likert5,3) neutral,1,True,recode,1
cce3c28b-e94e-45a7-a489-152c0ec250a4,prca13,likert5,4) agree,4,True,recode,0
cce3c28b-e94e-45a7-a489-152c0ec250a4,prca14,likert5,3) neutral,1,True,recode,1
cce3c28b-e94e-45a7-a489-152c0ec250a4,prca15,likert5,3) neutral,4,True,recode,0
cce3c28b-e94e-45a7-a489-152c0ec250a4,prca16,likert5,5) strongly agree,3,True,recode,1
cce3c28b-e94e-45a7-a489-152c0ec250a4,prca17,likert5,5) strongly agree,3,True,recode,1
cce3c28b-e94e-45a7-a489-152c0ec250a4,prca18,likert5,3) neutral,4,True,recode,0
8f2d2f83-be95-4507-b7a8-ac482dccd3e0,prca01,likert5,2) disagree,5,True,recode,0
8f2d2f83-be95-4507-b7a8-ac482dccd3e0,prca02,likert5,3) neutral,2,True,recode,1
8f2d2f83-be95-4507-b7a8-ac482dccd3e0,prca03,likert5,4) agree,5,True,recode,0
8f2d2f83-be95-4507-b7a8-ac482dccd3e0,prca04,likert5,4) agree,2,True,recode,1
8f2d2f83-be95-4507-b7a8-ac482dccd3e0,prca05,likert5,3) neutral,4,True,recode,0
8f2d2f83-be95-4507-b7a8-ac482dccd3e0,prca06,likert5,2) disagree,1,True,recode,1
8f2d2f83-be95-4507-b7a8-ac482dccd3e0,prca13,likert5,3) neutral,4,True,recode,0
8f2d2f83-be95-4507-b7a8-ac482dccd3e0,prca14,likert5,2) disagree,1,True,recode,1
8f2d2f83-be95-4507-b7a8-ac482dccd3e0,prca15,likert5,2) disagree,5,True,recode,0
8f2d2f83-be95-4507-b7a8-ac482dccd3e0,prca16,likert5,3) neutral,2,True,recode,1
8f2d2f83-be95-4507-b7a8-ac482dccd3e0,prca17,likert5,3) neutral,2,True,recode,1
8f2d2f83-be95-4507-b7a8-ac482dccd3e0,prca18,likert5,4) agree,4,True,recode,0
21ea9758-6801-4526-88df-f3787919dc8d,prca01,likert5,2) disagree,5,True,recode,0
21ea9758-6801-4526-88df-f3787919dc8d,prca02,likert5,3) neutral,2,True,recode,1
21ea9758-6801-4526-88df-f3787919dc8d,prca03,likert5,3) neutral,5,True,recode,0
21ea9758-6801-4526-88df-f3787919dc8d,prca04,likert5,3) neutral,2,True,recode,1
21ea9758-6801-4526-88df-f3787919dc8d,prca05,likert5,1) strongly disagree,5,True,recode,0
21ea9758-6801-4526-88df-f3787919dc8d,prca06,likert5,3) neutral,2,True,recode,1
21ea9758-6801-4526-88df-f3787919dc8d,prca13,likert5,3) neutral,4,True,recode,0
21ea9758-6801-4526-88df-f3787919dc8d,prca14,likert5,3) neutral,2,True,recode,1
21ea9758-6801-4526-88df-f3787919dc8d,prca15,likert5,1) strongly disagree,5,True,recode,0
21ea9758-6801-4526-88df-f3787919dc8d,prca16,likert5,3) neutral,2,True,recode,1
21ea9758-6801-4526-88df-f3787919dc8d,prca17,likert5,3) neutral,2,True,recode,1
21ea9758-6801-4526-88df-f3787919dc8d,prca18,likert5,2) disagree,5,True,recode,0
f8c445f6-d06f-4b20-a42a-270301cf5353,prca01,likert5,3) neutral,4,True,recode,0
f8c445f6-d06f-4b20-a42a-270301cf5353,prca02,likert5,3) neutral,2,True,recode,1
f8c445f6-d06f-4b20-a42a-270301cf5353,prca03,likert5,1) strongly disagree,5,True,recode,0
f8c445f6-d06f-4b20-a42a-270301cf5353,prca04,likert5,3) neutral,2,True,recode,1
f8c445f6-d06f-4b20-a42a-270301cf5353,prca05,likert5,3) neutral,4,True,recode,0
f8c445f6-d06f-4b20-a42a-270301cf5353,prca06,likert5,3) neutral,2,True,recode,1
f8c445f6-d06f-4b20-a42a-270301cf5353,prca13,likert5,3) neutral,4,True,recode,0
f8c445f6-d06f-4b20-a42a-270301cf5353,prca14,likert5,3) neutral,2,True,recode,1
f8c445f6-d06f-4b20-a42a-270301cf5353,prca15,likert5,3) neutral,4,True,recode,0
f8c445f6-d06f-4b20-a42a-270301cf5353,prca16,likert5,3) neutral,2,True,recode,1
f8c445f6-d06f-4b20-a42a-270301cf5353,prca17,likert5,3) neutral,2,True,recode,1
f8c445f6-d06f-4b20-a42a-270301cf5353,prca18,likert5,3) neutral,4,True,recode,0
1d1b3d58-cc40-445c-bec6-5d1eb9784704,prca01,likert5,1) strongly disagree,5,True,recode,0
1d1b3d58-cc40-445c-bec6-5d1eb9784704,prca02,likert5,3) neutral,2,True,recode,1
1d1b3d58-cc40-445c-bec6-5d1eb9784704,prca03,likert5,3) neutral,4,True,recode,0
1d1b3d58-cc40-445c-bec6-5d1eb9784704,prca04,likert5,3) neutral,1,True,recode,1
1d1b3d58-cc40-445c-bec6-5d1eb9784704,prca05,likert5,3) neutral,4,True,recode,0
1d1b3d58-cc40-445c-bec6-5d1eb9784704,prca06,likert5,4) agree,1,True,recode,1
1d1b3d58-cc40-445c-bec6-5d1eb9784704,prca13,likert5,1) strongly disagree,5,True,recode,0
1d1b3d58-cc40-445c-bec6-5d1eb9784704,prca14,likert5,3) neutral,1,True,recode,1
1d1b3d58-cc40-445c-bec6-5d1eb9784704,prca15,likert5,2) disagree,3,True,recode,0
1d1b3d58-cc40-445c-bec6-5d1eb9784704,prca16,likert5,2) disagree,2,True,recode,1
1d1b3d58-cc40-445c-bec6-5d1eb9784704,prca17,likert5,3) neutral,2,True,recode,1
1d1b3d58-cc40-445c-bec6-5d1eb9784704,prca18,likert5,2) disagree,5,True,recode,0
c177118e-ed04-42f1-afba-dcbf130c5aa4,prca01,likert5,3) neutral,5,True,recode,0
c177118e-ed04-42f1-afba-dcbf130c5aa4,prca02,likert5,3) neutral,2,True,recode,1
c177118e-ed04-42f1-afba-dcbf130c5aa4,prca03,likert5,3) neutral,5,True,recode,0
c177118e-ed04-42f1-afba-dcbf130c5aa4,prca04,likert5,2) disagree,2,True,recode,1
c177118e-ed04-42f1-afba-dcbf130c5aa4,prca05,likert5,1) strongly disagree,4,True,recode,0
c177118e-ed04-42f1-afba-dcbf130c5aa4,prca06,likert5,3) neutral,2,True,recode,1
c177118e-ed04-42f1-afba-dcbf130c5aa4,prca13,likert5,3) neutral,4,True,recode,0
c177118e-ed04-42f1-afba-dcbf130c5aa4,prca14,likert5,1) strongly disagree,1,True,recode,1
c177118e-ed04-42f1-afba-dcbf130c5aa4,prca15,likert5,3) neutral,4,True,recode,0
c177118e-ed04-42f1-afba-dcbf130c5aa4,prca16,likert5,2) disagree,3,True,recode,1
c177118e-ed04-42f1-afba-dcbf130c5aa4,prca17,likert5,3) neutral,2,True,recode,1
c177118e-ed04-42f1-afba-dcbf130c5aa4,prca18,likert5,1) strongly disagree,4,True,recode,0
d357357e-4a25-41ba-a7a4-19961fe7a5cc,prca01,likert5,3) neutral,4,True,recode,0
d357357e-4a25-41ba-a7a4-19961fe7a5cc,prca02,likert5,3) neutral,2,True,recode,1
d357357e-4a25-41ba-a7a4-19961fe7a5cc,prca03,likert5,4) agree,4,True,recode,0
d357357e-4a25-41ba-a7a4-19961fe7a5cc,prca04,likert5,3) neutral,2,True,recode,1
d357357e-4a25-41ba-a7a4-19961fe7a5cc,prca05,likert5,1) strongly disagree,4,True,recode,0
d357357e-4a25-41ba-a7a4-19961fe7a5cc,prca06,likert5,3) neutral,2,True,recode,1
d357357e-4a25-41ba-a7a4-19961fe7a5cc,prca13,likert5,3) neutral,4,True,recode,0
d357357e-4a25-41ba-a7a4-19961fe7a5cc,prca14,likert5,4) agree,2,True,recode,1
d357357e-4a25-41ba-a7a4-19961fe7a5cc,prca15,likert5,1) strongly disagree,5,True,recode,0
d357357e-4a25-41ba-a7a4-19961fe7a5cc,prca16,likert5,3) neutral,2,True,recode,1
d357357e-4a25-41ba-a7a4-19961fe7a5cc,prca17,likert5,1) strongly disagree,1,True,recode,1
d357357e-4a25-41ba-a7a4-19961fe7a5cc,prca18,likert5,2) disagree,3,True,recode,0
16d6da9e-33e8-4a54-8866-e37cb1a6697b,prca01,likert5,1) strongly disagree,5,True,recode,0
16d6da9e-33e8-4a54-8866-e37cb1a6697b,prca02,likert5,3) neutral,2,True,recode,1
16d6da9e-33e8-4a54-8866-e37cb1a6697b,prca03,likert5,3) neutral,4,True,recode,0
16d6da9e-33e8-4a54-8866-e37cb1a6697b,prca04,likert5,2) disagree,2,True,recode,1
16d6da9e-33e8-4a54-8866-e37cb1a6697b,prca05,likert5,1) strongly disagree,4,True,recode,0
16d6da9e-33e8-4a54-8866-e37cb1a6697b,prca06,likert5,3) neutral,2,True,recode,1
16d6da9e-33e8-4a54-8866-e37cb1a6697b,prca13,likert5,3) neutral,4,True,recode,0
16d6da9e-33e8-4a54-8866-e37cb1a6697b,prca14,likert5,4) agree,2,True,recode,1
16d6da9e-33e8-4a54-8866-e37cb1a6697b,prca15,likert5,3) neutral,4,True,recode,0
16d6da9e-33e8-4a54-8866-e37cb1a6697b,prca16,likert5,4) agree,1,True,recode,1
16d6da9e-33e8-4a54-8866-e37cb1a6697b,prca17,likert5,3) neutral,2,True,recode,1
16d6da9e-33e8-4a54-8866-e37cb1a6697b,prca18,likert5,4) agree,4,True,recode,0
b6ca6924-1d46-4b38-b851-f9b981e8e750,prca01,likert5,4) agree,5,True,recode,0
b6ca6924-1d46-4b38-b851-f9b981e8e750,prca02,likert5,3) neutral,2,True,recode,1
b6ca6924-1d46-4b38-b851-f9b981e8e750,prca03,likert5,2) disagree,1,True,recode,0
b6ca6924-1d46-4b38-b851-f9b981e8e750,prca04,likert5,3) neutral,2,True,recode,1
b6ca6924-1d46-4b38-b851-f9b981e8e750,prca05,likert5,1) strongly disagree,5,True,recode,0
b6ca6924-1d46-4b38-b851-f9b981e8e750,prca06,likert5,4) agree,1,True,recode,1
b6ca6924-1d46-4b38-b851-f9b981e8e750,prca13,likert5,2) disagree,3,True,recode,0
b6ca6924-1d46-4b38-b851-f9b981e8e750,prca14,likert5,3) neutral,4,True,recode,1
b6ca6924-1d46-4b38-b851-f9b981e8e750,prca15,likert5,3) neutral,4,True,recode,0
b6ca6924-1d46-4b38-b851-f9b981e8e750,prca16,likert5,3) neutral,2,True,recode,1
b6ca6924-1d46-4b38-b851-f9b981e8e750,prca17,likert5,3) neutral,2,True,recode,1
b6ca6924-1d46-4b38-b851-f9b981e8e750,prca18,likert5,3) neutral,4,True,recode,0
62e7476e-a745-4b2b-8f85-76301442378f,prca01,likert5,3) neutral,4,True,recode,0
62e7476e-a745-4b2b-8f85-76301442378f,prca02,likert5,3) neutral,1,True,recode,1
62e7476e-a745-4b2b-8f85-76301442378f,prca03,likert5,2) disagree,5,True,recode,0
62e7476e-a745-4b2b-8f85-76301442378f,prca04,likert5,4) agree,2,True,recode,1
62e7476e-a745-4b2b-8f85-76301442378f,prca05,likert5,2) disagree,4,True,recode,0
62e7476e-a745-4b2b-8f85-76301442378f,prca06,likert5,3) neutral,2,True,recode,1
62e7476e-a745-4b2b-8f85-76301442378f,prca13,likert5,3) neutral,4,True,recode,0
62e7476e-a745-4b2b-8f85-76301442378f,prca14,likert5,4) agree,2,True,recode,1
62e7476e-a745-4b2b-8f85-76301442378f,prca15,likert5,4) agree,4,True,recode,0
62e7476e-a745-4b2b-8f85-76301442378f,prca16,likert5,3) neutral,2,True,recode,1
62e7476e-a745-4b2b-8f85-76301442378f,prca17,likert5,3) neutral,2,True,recode,1
62e7476e-a745-4b2b-8f85-76301442378f,prca18,likert5,3) neutral,4,True,recode,0
ef4b1481-3726-495a-a856-eed0eb7f531c,prca01,likert5,3) neutral,4,True,recode,0
ef4b1481-3726-495a-a856-eed0eb7f531c,prca02,likert5,3) neutral,2,True,recode,1
ef4b1481-3726-495a-a856-eed0eb7f531c,prca03,likert5,3) neutral,4,True,recode,0
ef4b1481-3726-495a-a856-eed0eb7f531c,prca04,likert5,1) strongly disagree,5,True,recode,1
ef4b1481-3726-495a-a856-eed0eb7f531c,prca05,likert5,1) strongly disagree,5,True,recode,0
ef4b1481-3726-495a-a856-eed0eb7f531c,prca06,likert5,3) neutral,2,True,recode,1
ef4b1481-3726-495a-a856-eed0eb7f531c,prca13,likert5,1) strongly disagree,1,True,recode,0
ef4b1481-3726-495a-a856-eed0eb7f531c,prca14,likert5,4) agree,1,True,recode,1
ef4b1481-3726-495a-a856-eed0eb7f531c,prca15,likert5,2) disagree,4,True,recode,0
ef4b1481-3726-495a-a856-eed0eb7f531c,prca16,likert5,3) neutral,2,True,recode,1
ef4b1481-3726-495a-a856-eed0eb7f531c,prca17,likert5,3) neutral,2,True,recode,1
ef4b1481-3726-495a-a856-eed0eb7f531c,prca18,likert5,3) neutral,4,True,recode,0
e42b972f-258d-43e4-a7ce-1c6eebad95ec,prca01,likert5,2) disagree,5,True,recode,0
e42b972f-258d-43e4-a7ce-1c6eebad95ec,prca02,likert5,2) disagree,2,True,recode,1
e42b972f-258d-43e4-a7ce-1c6eebad95ec,prca03,likert5,2) disagree,5,True,recode,0
e42b972f-258d-43e4-a7ce-1c6eebad95ec,prca04,likert5,1) strongly disagree,1,True,recode,1
e42b972f-258d-43e4-a7ce-1c6eebad95ec,prca05,likert5,3) neutral,5,True,recode,0
e42b972f-258d-43e4-a7ce-1c6eebad95ec,prca06,likert5,1) strongly disagree,2,True,recode,1
e42b972f-258d-43e4-a7ce-1c6eebad95ec,prca13,likert5,2) disagree,4,True,recode,0
e42b972f-258d-43e4-a7ce-1c6eebad95ec,prca14,likert5,3) neutral,2,True,recode,1
e42b972f-258d-43e4-a7ce-1c6eebad95ec,prca15,likert5,3) neutral,4,True,recode,0
e42b972f-258d-43e4-a7ce-1c6eebad95ec,prca16,likert5,1) strongly disagree,2,True,recode,1
e42b972f-258d-43e4-a7ce-1c6eebad95ec,prca17,likert5,3) neutral,1,True,recode,1
e42b972f-258d-43e4-a7ce-1c6eebad95ec,prca18,likert5,1) strongly disagree,5,True,recode,0
d7a219d4-a0a0-4f60-9f57-c0b6f89f142c,prca01,likert5,3) neutral,4,True,recode,0
d7a219d4-a0a0-4f60-9f57-c0b6f89f142c,prca02,likert5,3) neutral,1,True,recode,1
d7a219d4-a0a0-4f60-9f57-c0b6f89f142c,prca03,likert5,3) neutral,4,True,recode,0
d7a219d4-a0a0-4f60-9f57-c0b6f89f142c,prca04,likert5,3) neutral,1,True,recode,1
d7a219d4-a0a0-4f60-9f57-c0b6f89f142c,prca05,likert5,2) disagree,4,True,recode,0
d7a219d4-a0a0-4f60-9f57-c0b6f89f142c,prca06,likert5,3) neutral,1,True,recode,1
d7a219d4-a0a0-4f60-9f57-c0b6f89f142c,prca13,likert5,3) neutral,4,True,recode,0
d7a219d4-a0a0-4f60-9f57-c0b6f89f142c,prca14,likert5,2) disagree,2,True,recode,1
d7a219d4-a0a0-4f60-9f57-c0b6f89f142c,prca15,likert5,2) disagree,5,True,recode,0
d7a219d4-a0a0-4f60-9f57-c0b6f89f142c,prca16,likert5,2) disagree,1,True,recode,1
d7a219d4-a0a0-4f60-9f57-c0b6f89f142c,prca17,likert5,3) neutral,2,True,recode,1
d7a219d4-a0a0-4f60-9f57-c0b6f89f142c,prca18,likert5,4) agree,4,True,recode,0
99d60130-9487-4b99-ad47-26084c888f9b,prca01,likert5,4) agree,4,True,recode,0
99d60130-9487-4b99-ad47-26084c888f9b,prca02,likert5,3) neutral,2,True,recode,1
99d60130-9487-4b99-ad47-26084c888f9b,prca03,likert5,3) neutral,4,True,recode,0
99d60130-9487-4b99-ad47-26084c888f9b,prca04,likert5,2) disagree,1,True,recode,1
99d60130-9487-4b99-ad47-26084c888f9b,prca05,likert5,3) neutral,4,True,recode,0
99d60130-9487-4b99-ad47-26084c888f9b,prca06,likert5,3) neutral,2,True,recode,1
99d60130-9487-4b99-ad47-26084c888f9b,prca13,likert5,2) disagree,5,True,recode,0
99d60130-9487-4b99-ad47-26084c888f9b,prca14,likert5,3) neutral,2,True,recode,1
99d60130-9487-4b99-ad47-26084c888f9b,prca15,likert5,4) agree,4,True,recode,0
99d60130-9487-4b99-ad47-26084c888f9b,prca16,likert5,3) neutral,2,True,recode,1
99d60130-9487-4b99-ad47-26084c888f9b,prca17,likert5,3) neutral,2,True,recode,1
99d60130-9487-4b99-ad47-26084c888f9b,prca18,likert5,3) neutral,5,True,recode,0
9b6f82d7-1337-4275-a2a4-76ad5a29b473,prca01,likert5,3) neutral,4,True,recode,0
9b6f82d7-1337-4275-a2a4-76ad5a29b473,prca02,likert5,3) neutral,2,True,recode,1
9b6f82d7-1337-4275-a2a4-76ad5a29b473,prca03,likert5,2) disagree,4,True,recode,0
9b6f82d7-1337-4275-a2a4-76ad5a29b473,prca04,likert5,3) neutral,2,True,recode,1
9b6f82d7-1337-4275-a2a4-76ad5a29b473,prca05,likert5,1) strongly disagree,5,True,recode,0
9b6f82d7-1337-4275-a2a4-76ad5a29b473,prca06,likert5,1) strongly disagree,1,True,recode,1
9b6f82d7-1337-4275-a2a4-76ad5a29b473,prca13,likert5,3) neutral,4,True,recode,0
9b6f82d7-1337-4275-a2a4-76ad5a29b473,prca14,likert5,3) neutral,2,True,recode,1
9b6f82d7-1337-4275-a2a4-76ad5a29b473,prca15,likert5,4) agree,4,True,recode,0
9b6f82d7-1337-4275-a2a4-76ad5a29b473,prca16,likert5,3) neutral,2,True,recode,1
9b6f82d7-1337-4275-a2a4-76ad5a29b473,prca17,likert5,1) strongly disagree,1,True,recode,1
9b6f82d7-1337-4275-a2a4-76ad5a29b473,prca18,likert5,3) neutral,4,True,recode,0
c43e15b6-e289-46c3-ab23-5a16b6cc43d1,prca01,likert5,2) disagree,4,True,recode,0
c43e15b6-e289-46c3-ab23-5a16b6cc43d1,prca02,likert5,4) agree,2,True,recode,1
c43e15b6-e289-46c3-ab23-5a16b6cc43d1,prca03,likert5,1) strongly disagree,5,True,recode,0
c43e15b6-e289-46c3-ab23-5a16b6cc43d1,prca04,likert5,3) neutral,2,True,recode,1
c43e15b6-e289-46c3-ab23-5a16b6cc43d1,prca05,likert5,3) neutral,4,True,recode,0
c43e15b6-e289-46c3-ab23-5a16b6cc43d1,prca06,likert5,3) neutral,2,True,recode,1
c43e15b6-e289-46c3-ab23-5a16b6cc43d1,prca13,likert5,1) strongly disagree,5,True,recode,0
c43e15b6-e289-46c3-ab23-5a16b6cc43d1,prca14,likert5,3) neutral,2,True,recode,1
c43e15b6-e289-46c3-ab23-5a16b6cc43d1,prca15,likert5,3) neutral,4,True,recode,0
c43e15b6-e289-46c3-ab23-5a16b6cc43d1,prca16,likert5,3) neutral,2,True,recode,1
c43e15b6-e289-46c3-ab23-5a16b6cc43d1,prca17,likert5,1) strongly disagree,1,True,recode,1
c43e15b6-e289-46c3-ab23-5a16b6cc43d1,prca18,likert5,3) neutral,4,True,recode,0
e9ad57f8-642d-44ec-8c37-6ccbabacdf4d,prca01,likert5,3) neutral,4,True,recode,0
e9ad57f8-642d-44ec-8c37-6ccbabacdf4d,prca02,likert5,3) neutral,4,True,recode,1
e9ad57f8-642d-44ec-8c37-6ccbabacdf4d,prca03,likert5,1) strongly disagree,5,True,recode,0
e9ad57f8-642d-44ec-8c37-6ccbabacdf4d,prca04,likert5,4) agree,2,True,recode,1
e9ad57f8-642d-44ec-8c37-6ccbabacdf4d,prca05,likert5,3) neutral,4,True,recode,0
e9ad57f8-642d-44ec-8c37-6ccbabacdf4d,prca06,likert5,3) neutral,2,True,recode,1
e9ad57f8-642d-44ec-8c37-6ccbabacdf4d,prca13,likert5,1) strongly disagree,5,True,recode,0
e9ad57f8-642d-44ec-8c37-6ccbabacdf4d,prca14,likert5,3) neutral,2,True,recode,1
e9ad57f8-642d-44ec-8c37-6ccbabacdf4d,prca15,likert5,2) disagree,4,True,recode,0
e9ad57f8-642d-44ec-8c37-6ccbabacdf4d,prca16,likert5,3) neutral,2,True,recode,1
e9ad57f8-642d-44ec-8c37-6ccbabacdf4d,prca17,likert5,2) disagree,2,True,recode,1
e9ad57f8-642d-44ec-8c37-6ccbabacdf4d,prca18,likert5,2) disagree,4,True,recode,0
b31bfc1e-185b-4724-9194-188c79b25635,prca01,likert5,3) neutral,4,True,recode,0
b31bfc1e-185b-4724-9194-188c79b25635,prca02,likert5,1) strongly disagree,2,True,recode,1
b31bfc1e-185b-4724-9194-188c79b25635,prca03,likert5,3) neutral,4,True,recode,0
b31bfc1e-185b-4724-9194-188c79b25635,prca04,likert5,2) disagree,2,True,recode,1
b31bfc1e-185b-4724-9194-188c79b25635,prca05,likert5,3) neutral,4,True,recode,0
b31bfc1e-185b-4724-9194-188c79b25635,prca06,likert5,4) agree,2,True,recode,1
b31bfc1e-185b-4724-9194-188c79b25635,prca13,likert5,1) strongly disagree,5,True,recode,0
b31bfc1e-185b-4724-9194-188c79b25635,prca14,likert5,4) agree,1,True,recode,1
b31bfc1e-185b-4724-9194-188c79b25635,prca15,likert5,1) strongly disagree,5,True,recode,0
b31bfc1e-185b-4724-9194-188c79b25635,prca16,likert5,4) agree,2,True,recode,1
b31bfc1e-185b-4724-9194-188c79b25635,prca17,likert5,1) strongly disagree,1,True,recode,1
b31bfc1e-185b-4724-9194-188c79b25635,prca18,likert5,3) neutral,4,True,recode,0
7842f917-b8fd-4b70-94b7-5e71a644a936,prca01,likert5,4) agree,5,True,recode,0
7842f917-b8fd-4b70-94b7-5e71a644a936,prca02,likert5,3) neutral,2,True,recode,1
7842f917-b8fd-4b70-94b7-5e71a644a936,prca03,likert5,3) neutral,4,True,recode,0
7842f917-b8fd-4b70-94b7-5e71a644a936,prca04,likert5,3) neutral,1,True,recode,1
7842f917-b8fd-4b70-94b7-5e71a644a936,prca05,likert5,3) neutral,5,True,recode,0
7842f917-b8fd-4b70-94b7-5e71a644a936,prca06,likert5,3) neutral,1,True,recode,1
7842f917-b8fd-4b70-94b7-5e71a644a936,prca13,likert5,3) neutral,3,True,recode,0
7842f917-b8fd-4b70-94b7-5e71a644a936,prca14,likert5,1) strongly disagree,5,True,recode,1
7842f917-b8fd-4b70-94b7-5e71a644a936,prca15,likert5,3) neutral,3,True,recode,0
7842f917-b8fd-4b70-94b7-5e71a644a936,prca16,likert5,4) agree,2,True,recode,1
7842f917-b8fd-4b70-94b7-5e71a644a936,prca17,likert5,4) agree,2,True,recode,1
7842f917-b8fd-4b70-94b7-5e71a644a936,prca18,likert5,3) neutral,4,True,recode,0
732aa1b6-5a46-4371-87a2-0265de807cd6,prca01,likert5,2) disagree,5,True,recode,0
732aa1b6-5a46-4371-87a2-0265de807cd6,prca02,likert5,4) agree,1,True,recode,1
732aa1b6-5a46-4371-87a2-0265de807cd6,prca03,likert5,3) neutral,4,True,recode,0
732aa1b6-5a46-4371-87a2-0265de807cd6,prca04,likert5,3) neutral,2,True,recode,1
732aa1b6-5a46-4371-87a2-0265de807cd6,prca05,likert5,2) disagree,4,True,recode,0
732aa1b6-5a46-4371-87a2-0265de807cd6,prca06,likert5,3) neutral,2,True,recode,1
732aa1b6-5a46-4371-87a2-0265de807cd6,prca13,likert5,3) neutral,4,True,recode,0
732aa1b6-5a46-4371-87a2-0265de807cd6,prca14,likert5,1) strongly disagree,5,True,recode,1
732aa1b6-5a46-4371-87a2-0265de807cd6,prca15,likert5,3) neutral,4,True,recode,0
732aa1b6-5a46-4371-87a2-0265de807cd6,prca16,likert5,3) neutral,2,True,recode,1
732aa1b6-5a46-4371-87a2-0265de807cd6,prca17,likert5,3) neutral,3,True,recode,1
732aa1b6-5a46-4371-87a2-0265de807cd6,prca18,likert5,4) agree,4,True,recode,0
424ca081-688e-4db4-b2ea-e5647eea6a61,prca01,likert5,1) strongly disagree,5,True,recode,0
424ca081-688e-4db4-b2ea-e5647eea6a61,prca02,likert5,3) neutral,2,True,recode,1
424ca081-688e-4db4-b2ea-e5647eea6a61,prca03,likert5,3) neutral,5,True,recode,0
424ca081-688e-4db4-b2ea-e5647eea6a61,prca04,likert5,1) strongly disagree,2,True,recode,1
424ca081-688e-4db4-b2ea-e5647eea6a61,prca05,likert5,3) neutral,4,True,recode,0
424ca081-688e-4db4-b2ea-e5647eea6a61,prca06,likert5,1) strongly disagree,1,True,recode,1
424ca081-688e-4db4-b2ea-e5647eea6a61,prca13,likert5,1) strongly disagree,5,True,recode,0
424ca081-688e-4db4-b2ea-e5647eea6a61,prca14,likert5,3) neutral,2,True,recode,1
424ca081-688e-4db4-b2ea-e5647eea6a61,prca15,likert5,3) neutral,4,True,recode,0
424ca081-688e-4db4-b2ea-e5647eea6a61,prca16,likert5,2) disagree,2,True,recode,1
424ca081-688e-4db4-b2ea-e5647eea6a61,prca17,likert5,3) neutral,2,True,recode,1
424ca081-688e-4db4-b2ea-e5647eea6a61,prca18,likert5,3) neutral,5,True,recode,0
cb85d116-a70e-4fe5-870f-35a96551300e,prca01,likert5,3) neutral,4,True,recode,0
cb85d116-a70e-4fe5-870f-35a96551300e,prca02,likert5,4) agree,2,True,recode,1
cb85d116-a70e-4fe5-870f-35a96551300e,prca03,likert5,2) disagree,4,True,recode,0
cb85d116-a70e-4fe5-870f-35a96551300e,prca04,likert5,3) neutral,2,True,recode,1
cb85d116-a70e-4fe5-870f-35a96551300e,prca05,likert5,3) neutral,4,True,recode,0
cb85d116-a70e-4fe5-870f-35a96551300e,prca06,likert5,4) agree,2,True,recode,1
cb85d116-a70e-4fe5-870f-35a96551300e,prca13,likert5,3) neutral,5,True,recode,0
cb85d116-a70e-4fe5-870f-35a96551300e,prca14,likert5,3) neutral,2,True,recode,1
cb85d116-a70e-4fe5-870f-35a96551300e,prca15,likert5,1) strongly disagree,1,True,recode,0
cb85d116-a70e-4fe5-870f-35a96551300e,prca16,likert5,2) disagree,1,True,recode,1
cb85d116-a70e-4fe5-870f-35a96551300e,prca17,likert5,3) neutral,2,True,recode,1
cb85d116-a70e-4fe5-870f-35a96551300e,prca18,likert5,1) strongly disagree,4,True,recode,0
a2f3c6b8-ce12-464e-9258-9b9a62c059b5,prca01,likert5,2) disagree,5,True,recode,0
a2f3c6b8-ce12-464e-9258-9b9a62c059b5,prca02,likert5,3) neutral,2,True,recode,1
a2f3c6b8-ce12-464e-9258-9b9a62c059b5,prca03,likert5,2) disagree,4,True,recode,0
a2f3c6b8-ce12-464e-9258-9b9a62c059b5,prca04,likert5,2) disagree,2,True,recode,1
a2f3c6b8-ce12-464e-9258-9b9a62c059b5,prca05,likert5,3) neutral,4,True,recode,0
a2f3c6b8-ce12-464e-9258-9b9a62c059b5,prca06,likert5,3) neutral,1,True,recode,1
a2f3c6b8-ce12-464e-9258-9b9a62c059b5,prca13,likert5,4) agree,4,True,recode,0
a2f3c6b8-ce12-464e-9258-9b9a62c059b5,prca14,likert5,3) neutral,2,True,recode,1
a2f3c6b8-ce12-464e-9258-9b9a62c059b5,prca15,likert5,4) agree,4,True,recode,0
a2f3c6b8-ce12-464e-9258-9b9a62c059b5,prca16,likert5,3) neutral,2,True,recode,1
a2f3c6b8-ce12-464e-9258-9b9a62c059b5,prca17,likert5,1) strongly disagree,1,True,recode,1
a2f3c6b8-ce12-464e-9258-9b9a62c059b5,prca18,likert5,2) disagree,2,True,recode,0
97e63fb3-80f9-498b-95c8-af3e9d75dc5b,prca01,likert5,3) neutral,4,True,recode,0
97e63fb3-80f9-498b-95c8-af3e9d75dc5b,prca02,likert5,3) neutral,2,True,recode,1
97e63fb3-80f9-498b-95c8-af3e9d75dc5b,prca03,likert5,2) disagree,5,True,recode,0
97e63fb3-80f9-498b-95c8-af3e9d75dc5b,prca04,likert5,3) neutral,2,True,recode,1
97e63fb3-80f9-498b-95c8-af3e9d75dc5b,prca05,likert5,3) neutral,4,True,recode,0
97e63fb3-80f9-498b-95c8-af3e9d75dc5b,prca06,likert5,3) neutral,1,True,recode,1
97e63fb3-80f9-498b-95c8-af3e9d75dc5b,prca13,likert5,2) disagree,5,True,recode,0
97e63fb3-80f9-498b-95c8-af3e9d75dc5b,prca14,likert5,4) agree,2,True,recode,1
97e63fb3-80f9-498b-95c8-af3e9d75dc5b,prca15,likert5,3) neutral,4,True,recode,0
97e63fb3-80f9-498b-95c8-af3e9d75dc5b,prca16,likert5,3) neutral,1,True,recode,1
97e63fb3-80f9-498b-95c8-af3e9d75dc5b,prca17,likert5,2) disagree,5,True,recode,1
97e63fb3-80f9-498b-95c8-af3e9d75dc5b,prca18,likert5,2) disagree,4,True,recode,0
ad8e1c90-c009-4619-aaa7-add688b2ff37,prca01,likert5,3) neutral,4,True,recode,0
ad8e1c90-c009-4619-aaa7-add688b2ff37,prca02,likert5,3) neutral,2,True,recode,1
ad8e1c90-c009-4619-aaa7-add688b2ff37,prca03,likert5,3) neutral,4,True,recode,0
ad8e1c90-c009-4619-aaa7-add688b2ff37,prca04,likert5,3) neutral,1,True,recode,1
ad8e1c90-c009-4619-aaa7-add688b2ff37,prca05,likert5,3) neutral,4,True,recode,0
ad8e1c90-c009-4619-aaa7-add688b2ff37,prca06,likert5,2) disagree,2,True,recode,1
ad8e1c90-c009-4619-aaa7-add688b2ff37,prca13,likert5,3) neutral,5,True,recode,0
ad8e1c90-c009-4619-aaa7-add688b2ff37,prca14,likert5,3) neutral,2,True,recode,1
ad8e1c90-c009-4619-aaa7-add688b2ff37,prca15,likert5,1) strongly disagree,5,True,recode,0
ad8e1c90-c009-4619-aaa7-add688b2ff37,prca16,likert5,2) disagree,2,True,recode,1
ad8e1c90-c009-4619-aaa7-add688b2ff37,prca17,likert5,3) neutral,2,True,recode,1
ad8e1c90-c009-4619-aaa7-add688b2ff37,prca18,likert5,4) agree,4,True,recode,0
e5ba5b0d-8d1d-4415-ac88-47e56c7e6075,prca01,likert5,3) neutral,4,True,recode,0
e5ba5b0d-8d1d-4415-ac88-47e56c7e6075,prca02,likert5,4) agree,2,True,recode,1
e5ba5b0d-8d1d-4415-ac88-47e56c7e6075,prca03,likert5,4) agree,4,True,recode,0
e5ba5b0d-8d1d-4415-ac88-47e56c7e6075,prca04,likert5,3) neutral,2,True,recode,1
e5ba5b0d-8d1d-4415-ac88-47e56c7e6075,prca05,likert5,1) strongly disagree,5,True,recode,0
e5ba5b0d-8d1d-4415-ac88-47e56c7e6075,prca06,likert5,3) neutral,2,True,recode,1
e5ba5b0d-8d1d-4415-ac88-47e56c7e6075,prca13,likert5,1) strongly disagree,5,True,recode,0
e5ba5b0d-8d1d-4415-ac88-47e56c7e6075,prca14,likert5,3) neutral,2,True,recode,1
e5ba5b0d-8d1d-4415-ac88-47e56c7e6075,prca15,likert5,3) neutral,5,True,recode,0
e5ba5b0d-8d1d-4415-ac88-47e56c7e6075,prca16,likert5,3) neutral,2,True,recode,1
e5ba5b0d-8d1d-4415-ac88-47e56c7e6075,prca17,likert5,2) disagree,1,True,recode,1
e5ba5b0d-8d1d-4415-ac88-47e56c7e6075,prca18,likert5,3) neutral,4,True,recode,0
5cc195e0-3609-4086-8a29-0a67e734bff2,prca01,likert5,3) neutral,4,True,recode,0
5cc195e0-3609-4086-8a29-0a67e734bff2,prca02,likert5,4) agree,2,True,recode,1
5cc195e0-3609-4086-8a29-0a67e734bff2,prca03,likert5,2) disagree,5,True,recode,0
5cc195e0-3609-4086-8a29-0a67e734bff2,prca04,likert5,1) strongly disagree,1,True,recode,1
5cc195e0-3609-4086-8a29-0a67e734bff2,prca05,likert5,3) neutral,4,True,recode,0
5cc195e0-3609-4086-8a29-0a67e734bff2,prca06,likert5,3) neutral,2,True,recode,1
5cc195e0-3609-4086-8a29-0a67e734bff2,prca13,likert5,2) disagree,4,True,recode,0
5cc195e0-3609-4086-8a29-0a67e734bff2,prca14,likert5,4) agree,2,True,recode,1
5cc195e0-3609-4086-8a29-0a67e734bff2,prca15,likert5,1) strongly disagree,4,True,recode,0
5cc195e0-3609-4086-8a29-0a67e734bff2,prca16,likert5,2) disagree,1,True,recode,1
5cc195e0-3609-4086-8a29-0a67e734bff2,prca17,likert5,3) neutral,2,True,recode,1
5cc195e0-3609-4086-8a29-0a67e734bff2,prca18,likert5,3) neutral,4,True,recode,0
9900e412-caf3-42e9-b44a-6c4bfad10bd7,prca01,likert5,3) neutral,4,True,recode,0
9900e412-caf3-42e9-b44a-6c4bfad10bd7,prca02,likert5,3) neutral,2,True,recode,1
9900e412-caf3-42e9-b44a-6c4bfad10bd7,prca03,likert5,1) strongly disagree,4,True,recode,0
9900e412-caf3-42e9-b44a-6c4bfad10bd7,prca04,likert5,3) neutral,1,True,recode,1
9900e412-caf3-42e9-b44a-6c4bfad10bd7,prca05,likert5,3) neutral,4,True,recode,0
9900e412-caf3-42e9-b44a-6c4bfad10bd7,prca06,likert5,3) neutral,2,True,recode,1
9900e412-caf3-42e9-b44a-6c4bfad10bd7,prca13,likert5,1) strongly disagree,3,True,recode,0
9900e412-caf3-42e9-b44a-6c4bfad10bd7,prca14,likert5,3) neutral,1,True,recode,1
9900e412-caf3-42e9-b44a-6c4bfad10bd7,prca15,likert5,3) neutral,4,True,recode,0
9900e412-caf3-42e9-b44a-6c4bfad10bd7,prca16,likert5,3) neutral,2,True,recode,1
9900e412-caf3-42e9-b44a-6c4bfad10bd7,prca17,likert5,2) disagree,3,True,recode,1
9900e412-caf3-42e9-b44a-6c4bfad10bd7,prca18,likert5,3) neutral,4,True,recode,0
79f8ce95-c964-4242-b35a-ac16da6dbdb8,prca01,likert5,3) neutral,4,True,recode,0
79f8ce95-c964-4242-b35a-ac16da6dbdb8,prca02,likert5,2) disagree,1,True,recode,1
79f8ce95-c964-4242-b35a-ac16da6dbdb8,prca03,likert5,1) strongly disagree,5,True,recode,0
79f8ce95-c964-4242-b35a-ac16da6dbdb8,prca04,likert5,3) neutral,2,True,recode,1
79f8ce95-c964-4242-b35a-ac16da6dbdb8,prca05,likert5,3) neutral,5,True,recode,0
79f8ce95-c964-4242-b35a-ac16da6dbdb8,prca06,likert5,2) disagree,1,True,recode,1
79f8ce95-c964-4242-b35a-ac16da6dbdb8,prca13,likert5,2) disagree,3,True,recode,0
79f8ce95-c964-4242-b35a-ac16da6dbdb8,prca14,likert5,4) agree,2,True,recode,1
79f8ce95-c964-4242-b35a-ac16da6dbdb8,prca15,likert5,3) neutral,4,True,recode,0
79f8ce95-c964-4242-b35a-ac16da6dbdb8,prca16,likert5,3) neutral,2,True,recode,1
79f8ce95-c964-4242-b35a-ac16da6dbdb8,prca17,likert5,4) agree,2,True,recode,1
79f8ce95-c964-4242-b35a-ac16da6dbdb8,prca18,likert5,3) neutral,4,True,recode,0
72e96553-4b72-459d-8bef-21aa97d3f136,prca01,likert5,3) neutral,4,True,recode,0
72e96553-4b72-459d-8bef-21aa97d3f136,prca02,likert5,3) neutral,2,True,recode,1
72e96553-4b72-459d-8bef-21aa97d3f136,prca03,likert5,3) neutral,5,True,recode,0
72e96553-4b72-459d-8bef-21aa97d3f136,prca04,likert5,3) neutral,2,True,recode,1
72e96553-4b72-459d-8bef-21aa97d3f136,prca05,likert5,3) neutral,5,True,recode,0
72e96553-4b72-459d-8bef-21aa97d3f136,prca06,likert5,3) neutral,2,True,recode,1
72e96553-4b72-459d-8bef-21aa97d3f136,prca13,likert5,1) strongly disagree,5,True,recode,0
72e96553-4b72-459d-8bef-21aa97d3f136,prca14,likert5,3) neutral,2,True,recode,1
72e96553-4b72-459d-8bef-21aa97d3f136,prca15,likert5,3) neutral,4,True,recode,0
72e96553-4b72-459d-8bef-21aa97d3f136,prca16,likert5,3) neutral,2,True,recode,1
72e96553-4b72-459d-8bef-21aa97d3f136,prca17,likert5,3) neutral,1,True,recode,1
72e96553-4b72-459d-8bef-21aa97d3f136,prca18,likert5,2) disagree,3,True,recode,0
43875573-6c2e-4863-863c-40355f23e9b4,prca01,likert5,3) neutral,4,True,recode,0
43875573-6c2e-4863-863c-40355f23e9b4,prca02,likert5,"1) strongly disagree, 3) neutral, 5) strongly agree",3,True,recode,1
43875573-6c2e-4863-863c-40355f23e9b4,prca03,likert5,3) neutral,4,True,recode,0
43875573-6c2e-4863-863c-40355f23e9b4,prca04,likert5,"1) strongly disagree, 3) neutral, 4) agree, 5) strongly agree",3,True,recode,1
43875573-6c2e-4863-863c-40355f23e9b4,prca05,likert5,3) neutral,4,True,recode,0
43875573-6c2e-4863-863c-40355f23e9b4,prca06,likert5,3) neutral,4,True,recode,1
43875573-6c2e-4863-863c-40355f23e9b4,prca13,likert5,3) neutral,4,True,recode,0
43875573-6c2e-4863-863c-40355f23e9b4,prca14,likert5,3) neutral,2,True,recode,1
43875573-6c2e-4863-863c-40355f23e9b4,prca15,likert5,3) neutral,4,True,recode,0
43875573-6c2e-4863-863c-40355f23e9b4,prca16,likert5,1) strongly disagree,1,True,recode,1
43875573-6c2e-4863-863c-40355f23e9b4,prca17,likert5,3) neutral,2,True,recode,1
43875573-6c2e-4863-863c-40355f23e9b4,prca18,likert5,3) neutral,4,True,recode,0
7ce3be9d-a7f3-4d43-9006-18ec859bbe4c,prca01,likert5,3) neutral,4,True,recode,0
7ce3be9d-a7f3-4d43-9006-18ec859bbe4c,prca02,likert5,3) neutral,2,True,recode,1
7ce3be9d-a7f3-4d43-9006-18ec859bbe4c,prca03,likert5,1) strongly disagree,5,True,recode,0
7ce3be9d-a7f3-4d43-9006-18ec859bbe4c,prca04,likert5,2) disagree,1,True,recode,1
7ce3be9d-a7f3-4d43-9006-18ec859bbe4c,prca05,likert5,1) strongly disagree,1,True,recode,0
7ce3be9d-a7f3-4d43-9006-18ec859bbe4c,prca06,likert5,2) disagree,2,True,recode,1
7ce3be9d-a7f3-4d43-9006-18ec859bbe4c,prca13,likert5,2) disagree,5,True,recode,0
7ce3be9d-a7f3-4d43-9006-18ec859bbe4c,prca14,likert5,3) neutral,2,True,recode,1
7ce3be9d-a7f3-4d43-9006-18ec859bbe4c,prca15,likert5,2) disagree,4,True,recode,0
7ce3be9d-a7f3-4d43-9006-18ec859bbe4c,prca16,likert5,2) disagree,1,True,recode,1
7ce3be9d-a7f3-4d43-9006-18ec859bbe4c,prca17,likert5,3) neutral,2,True,recode,1
7ce3be9d-a7f3-4d43-9006-18ec859bbe4c,prca18,likert5,3) neutral,4,True,recode,0
b4dbdc8a-ff7f-4b63-8bcd-d3c69e7e17a9,prca01,likert5,3) neutral,4,True,recode,0
b4dbdc8a-ff7f-4b63-8bcd-d3c69e7e17a9,prca02,likert5,3) neutral,2,True,recode,1
b4dbdc8a-ff7f-4b63-8bcd-d3c69e7e17a9,prca03,likert5,3) neutral,4,True,recode,0
b4dbdc8a-ff7f-4b63-8bcd-d3c69e7e17a9,prca04,likert5,3) neutral,1,True,recode,1
b4dbdc8a-ff7f-4b63-8bcd-d3c69e7e17a9,prca05,likert5,3) neutral,4,True,recode,0
b4dbdc8a-ff7f-4b63-8bcd-d3c69e7e17a9,prca06,likert5,4) agree,2,True,recode,1
b4dbdc8a-ff7f-4b63-8bcd-d3c69e7e17a9,prca13,likert5,4) agree,5,True,recode,0
b4dbdc8a-ff7f-4b63-8bcd-d3c69e7e17a9,prca14,likert5,3) neutral,2,True,recode,1
b4dbdc8a-ff7f-4b63-8bcd-d3c69e7e17a9,prca15,likert5,3) neutral,2,True,recode,0
b4dbdc8a-ff7f-4b63-8bcd-d3c69e7e17a9,prca16,likert5,2) disagree,2,True,recode,1
b4dbdc8a-ff7f-4b63-8bcd-d3c69e7e17a9,prca17,likert5,3) neutral,2,True,recode,1
b4dbdc8a-ff7f-4b63-8bcd-d3c69e7e17a9,prca18,likert5,3) neutral,4,True,recode,0
5fd3de09-6514-4cda-ac44-a3227cb70fc2,prca01,likert5,3) neutral,4,True,recode,0
5fd3de09-6514-4cda-ac44-a3227cb70fc2,prca02,likert5,3) neutral,2,True,recode,1
5fd3de09-6514-4cda-ac44-a3227cb70fc2,prca03,likert5,3) neutral,4,True,recode,0
5fd3de09-6514-4cda-ac44-a3227cb70fc2,prca04,likert5,4) agree,2,True,recode,1
5fd3de09-6514-4cda-ac44-a3227cb70fc2,prca05,likert5,2) disagree,5,True,recode,0
5fd3de09-6514-4cda-ac44-a3227cb70fc2,prca06,likert5,3) neutral,2,True,recode,1
5fd3de09-6514-4cda-ac44-a3227cb70fc2,prca13,likert5,2) disagree,5,True,recode,0
5fd3de09-6514-4cda-ac44-a3227cb70fc2,prca14,likert5,4) agree,2,True,recode,1
5fd3de09-6514-4cda-ac44-a3227cb70fc2,prca15,likert5,1) strongly disagree,5,True,recode,0
5fd3de09-6514-4cda-ac44-a3227cb70fc2,prca16,likert5,3) neutral,3,True,recode,1
5fd3de09-6514-4cda-ac44-a3227cb70fc2,prca17,likert5,3) neutral,2,True,recode,1
5fd3de09-6514-4cda-ac44-a3227cb70fc2,prca18,likert5,3) neutral,4,True,recode,0
dd0abd61-139e-423a-abd6-7aa9eb67804d,prca01,likert5,3) neutral,4,True,recode,0
dd0abd61-139e-423a-abd6-7aa9eb67804d,prca02,likert5,3) neutral,2,True,recode,1
dd0abd61-139e-423a-abd6-7aa9eb67804d,prca03,likert5,1) strongly disagree,5,True,recode,0
dd0abd61-139e-423a-abd6-7aa9eb67804d,prca04,likert5,4) agree,2,True,recode,1
dd0abd61-139e-423a-abd6-7aa9eb67804d,prca05,likert5,3) neutral,4,True,recode,0
dd0abd61-139e-423a-abd6-7aa9eb67804d,prca06,likert5,4) agree,2,True,recode,1
dd0abd61-139e-423a-abd6-7aa9eb67804d,prca13,likert5,3) neutral,4,True,recode,0
dd0abd61-139e-423a-abd6-7aa9eb67804d,prca14,likert5,1) strongly disagree,1,True,recode,1
dd0abd61-139e-423a-abd6-7aa9eb67804d,prca15,likert5,3) neutral,4,True,recode,0
dd0abd61-139e-423a-abd6-7aa9eb67804d,prca16,likert5,1) strongly disagree,1,True,recode,1
dd0abd61-139e-423a-abd6-7aa9eb67804d,prca17,likert5,3) neutral,2,True,recode,1
dd0abd61-139e-423a-abd6-7aa9eb67804d,prca18,likert5,3) neutral,4,True,recode,0
4fc37d3d-63da-4bc9-a46c-56f217ab3c86,prca01,likert5,2) disagree,4,True,recode,0
4fc37d3d-63da-4bc9-a46c-56f217ab3c86,prca02,likert5,3) neutral,2,True,recode,1
4fc37d3d-63da-4bc9-a46c-56f217ab3c86,prca03,likert5,4) agree,5,True,recode,0
4fc37d3d-63da-4bc9-a46c-56f217ab3c86,prca04,likert5,3) neutral,2,True,recode,1
4fc37d3d-63da-4bc9-a46c-56f217ab3c86,prca05,likert5,2) disagree,3,True,recode,0
4fc37d3d-63da-4bc9-a46c-56f217ab3c86,prca06,likert5,3) neutral,2,True,recode,1
4fc37d3d-63da-4bc9-a46c-56f217ab3c86,prca13,likert5,3) neutral,5,True,recode,0
4fc37d3d-63da-4bc9-a46c-56f217ab3c86,prca14,likert5,3) neutral,1,True,recode,1
4fc37d3d-63da-4bc9-a46c-56f217ab3c86,prca15,likert5,3) neutral,4,True,recode,0
4fc37d3d-63da-4bc9-a46c-56f217ab3c86,prca16,likert5,4) agree,2,True,recode,1
4fc37d3d-63da-4bc9-a46c-56f217ab3c86,prca17,likert5,4) agree,2,True,recode,1
4fc37d3d-63da-4bc9-a46c-56f217ab3c86,prca18,likert5,1) strongly disagree,5,True,recode,0
1a8815c3-4c13-4d1c-a66d-3bef7ac639eb,prca01,likert5,1) strongly disagree,5,True,recode,0
1a8815c3-4c13-4d1c-a66d-3bef7ac639eb,prca02,likert5,1) strongly disagree,2,True,recode,1
1a8815c3-4c13-4d1c-a66d-3bef7ac639eb,prca03,likert5,1) strongly disagree,4,True,recode,0
1a8815c3-4c13-4d1c-a66d-3bef7ac639eb,prca04,likert5,1) strongly disagree,1,True,recode,1
1a8815c3-4c13-4d1c-a66d-3bef7ac639eb,prca05,likert5,3) neutral,4,True,recode,0
1a8815c3-4c13-4d1c-a66d-3bef7ac639eb,prca06,likert5,2) disagree,1,True,recode,1
1a8815c3-4c13-4d1c-a66d-3bef7ac639eb,prca13,likert5,4) agree,4,True,recode,0
1a8815c3-4c13-4d1c-a66d-3bef7ac639eb,prca14,likert5,3) neutral,2,True,recode,1
1a8815c3-4c13-4d1c-a66d-3bef7ac639eb,prca15,likert5,2) disagree,5,True,recode,0
1a8815c3-4c13-4d1c-a66d-3bef7ac639eb,prca16,likert5,3) neutral,2,True,recode,1
1a8815c3-4c13-4d1c-a66d-3bef7ac639eb,prca17,likert5,4) agree,2,True,recode,1
1a8815c3-4c13-4d1c-a66d-3bef7ac639eb,prca18,likert5,1) strongly disagree,5,True,recode,0
f941ef60-12dd-4930-a05c-890d0c6f372b,prca01,likert5,2) disagree,4,True,recode,0
f941ef60-12dd-4930-a05c-890d0c6f372b,prca02,likert5,5) strongly agree,3,True,recode,1
f941ef60-12dd-4930-a05c-890d0c6f372b,prca03,likert5,3) neutral,4,True,recode,0
f941ef60-12dd-4930-a05c-890d0c6f372b,prca04,likert5,4) agree,2,True,recode,1
f941ef60-12dd-4930-a05c-890d0c6f372b,prca05,likert5,2) disagree,4,True,recode,0
f941ef60-12dd-4930-a05c-890d0c6f372b,prca06,likert5,3) neutral,2,True,recode,1
f941ef60-12dd-4930-a05c-890d0c6f372b,prca13,likert5,2) disagree,5,True,recode,0
f941ef60-12dd-4930-a05c-890d0c6f372b,prca14,likert5,2) disagree,3,True,recode,1
f941ef60-12dd-4930-a05c-890d0c6f372b,prca15,likert5,2) disagree,3,True,recode,0
f941ef60-12dd-4930-a05c-890d0c6f372b,prca16,likert5,3) neutral,2,True,recode,1
f941ef60-12dd-4930-a05c-890d0c6f372b,prca17,likert5,2) disagree,2,True,recode,1
f941ef60-12dd-4930-a05c-890d0c6f372b,prca18,likert5,3) neutral,4,True,recode,0
db96ccde-cf98-4fb0-8979-eacf3124de76,prca01,likert5,3) neutral,4,True,recode,0
db96ccde-cf98-4fb0-8979-eacf3124de76,prca02,likert5,3) neutral,2,True,recode,1
db96ccde-cf98-4fb0-8979-eacf3124de76,prca03,likert5,1) strongly disagree,5,True,recode,0
db96ccde-cf98-4fb0-8979-eacf3124de76,prca04,likert5,1) strongly disagree,2,True,recode,1
db96ccde-cf98-4fb0-8979-eacf3124de76,prca05,likert5,2) disagree,1,True,recode,0
db96ccde-cf98-4fb0-8979-eacf3124de76,prca06,likert5,2) disagree,2,True,recode,1
db96ccde-cf98-4fb0-8979-eacf3124de76,prca13,likert5,3) neutral,4,True,recode,0
db96ccde-cf98-4fb0-8979-eacf3124de76,prca14,likert5,3) neutral,2,True,recode,1
db96ccde-cf98-4fb0-8979-eacf3124de76,prca15,likert5,3) neutral,4,True,recode,0
db96ccde-cf98-4fb0-8979-eacf3124de76,prca16,likert5,3) neutral,1,True,recode,1
db96ccde-cf98-4fb0-8979-eacf3124de76,prca17,likert5,2) disagree,1,True,recode,1
db96ccde-cf98-4fb0-8979-eacf3124de76,prca18,likert5,3) neutral,4,True,recode,0
b2cc8050-e3fe-42e0-9b05-db11b64fb286,prca01,likert5,1),4,True,recode,0
b2cc8050-e3fe-42e0-9b05-db11b64fb286,prca02,likert5,3) neutral,2,True,recode,1
b2cc8050-e3fe-42e0-9b05-db11b64fb286,prca03,likert5,3) neutral,4,True,recode,0
b2cc8050-e3fe-42e0-9b05-db11b64fb286,prca04,likert5,"1) strongly disagree, 3) neutral, 4) agree, 5) strongly agree",3,True,recode,1
b2cc8050-e3fe-42e0-9b05-db11b64fb286,prca05,likert5,3) neutral,4,True,recode,0
b2cc8050-e3fe-42e0-9b05-db11b64fb286,prca06,likert5,3) neutral,1,True,recode,1
b2cc8050-e3fe-42e0-9b05-db11b64fb286,prca13,likert5,3) neutral,4,True,recode,0
b2cc8050-e3fe-42e0-9b05-db11b64fb286,prca14,likert5,3) neutral,1,True,recode,1
b2cc8050-e3fe-42e0-9b05-db11b64fb286,prca15,likert5,3) neutral,4,True,recode,0
b2cc8050-e3fe-42e0-9b05-db11b64fb286,prca16,likert5,4) agree,2,True,recode,1
b2cc8050-e3fe-42e0-9b05-db11b64fb286,prca17,likert5,2) disagree,2,True,recode,1
b2cc8050-e3fe-42e0-9b05-db11b64fb286,prca18,likert5,2) disagree,5,True,recode,0
a7ef3f09-1005-4f63-a1b3-9a9eb655132d,prca01,likert5,3) neutral,4,True,recode,0
a7ef3f09-1005-4f63-a1b3-9a9eb655132d,prca02,likert5,1) strongly disagree,2,True,recode,1
a7ef3f09-1005-4f63-a1b3-9a9eb655132d,prca03,likert5,2) disagree,5,True,recode,0
a7ef3f09-1005-4f63-a1b3-9a9eb655132d,prca04,likert5,3) neutral,2,True,recode,1
a7ef3f09-1005-4f63-a1b3-9a9eb655132d,prca05,likert5,3) neutral,4,True,recode,0
a7ef3f09-1005-4f63-a1b3-9a9eb655132d,prca06,likert5,3) neutral,2,True,recode,1
a7ef3f09-1005-4f63-a1b3-9a9eb655132d,prca13,likert5,3) neutral,4,True,recode,0
a7ef3f09-1005-4f63-a1b3-9a9eb655132d,prca14,likert5,1) strongly disagree,1,True,recode,1
a7ef3f09-1005-4f63-a1b3-9a9eb655132d,prca15,likert5,1) strongly disagree,5,True,recode,0
a7ef3f09-1005-4f63-a1b3-9a9eb655132d,prca16,likert5,2) disagree,3,True,recode,1
a7ef3f09-1005-4f63-a1b3-9a9eb655132d,prca17,likert5,3) neutral,2,True,recode,1
a7ef3f09-1005-4f63-a1b3-9a9eb655132d,prca18,likert5,3) neutral,5,True,recode,0
35fb0136-84bd-4232-b8bb-ba74c4d404c8,prca01,likert5,2) disagree,4,True,recode,0
35fb0136-84bd-4232-b8bb-ba74c4d404c8,prca02,likert5,3) neutral,2,True,recode,1
35fb0136-84bd-4232-b8bb-ba74c4d404c8,prca03,likert5,4) agree,4,True,recode,0
35fb0136-84bd-4232-b8bb-ba74c4d404c8,prca04,likert5,3) neutral,2,True,recode,1
35fb0136-84bd-4232-b8bb-ba74c4d404c8,prca05,likert5,3) neutral,4,True,recode,0
35fb0136-84bd-4232-b8bb-ba74c4d404c8,prca06,likert5,3) neutral,2,True,recode,1
35fb0136-84bd-4232-b8bb-ba74c4d404c8,prca13,likert5,2) disagree,4,True,recode,0
35fb0136-84bd-4232-b8bb-ba74c4d404c8,prca14,likert5,2) disagree,2,True,recode,1
35fb0136-84bd-4232-b8bb-ba74c4d404c8,prca15,likert5,3) neutral,4,True,recode,0
35fb0136-84bd-4232-b8bb-ba74c4d404c8,prca16,likert5,5) strongly agree,3,True,recode,1
35fb0136-84bd-4232-b8bb-ba74c4d404c8,prca17,likert5,1) strongly disagree,1,True,recode,1
35fb0136-84bd-4232-b8bb-ba74c4d404c8,prca18,likert5,3) neutral,4,True,recode,0
a8c680e8-c496-45a7-896f-1fde288b1a9a,prca01,likert5,1) strongly disagree,4,True,recode,0
a8c680e8-c496-45a7-896f-1fde288b1a9a,prca02,likert5,3) neutral,2,True,recode,1
a8c680e8-c496-45a7-896f-1fde288b1a9a,prca03,likert5,2) disagree,1,True,recode,0
a8c680e8-c496-45a7-896f-1fde288b1a9a,prca04,likert5,2) disagree,1,True,recode,1
a8c680e8-c496-45a7-896f-1fde288b1a9a,prca05,likert5,3) neutral,4,True,recode,0
a8c680e8-c496-45a7-896f-1fde288b1a9a,prca06,likert5,2) disagree,2,True,recode,1
a8c680e8-c496-45a7-896f-1fde288b1a9a,prca13,likert5,1) strongly disagree,5,True,recode,0
a8c680e8-c496-45a7-896f-1fde288b1a9a,prca14,likert5,1) strongly disagree,1,True,recode,1
a8c680e8-c496-45a7-896f-1fde288b1a9a,prca15,likert5,3) neutral,4,True,recode,0
a8c680e8-c496-45a7-896f-1fde288b1a9a,prca16,likert5,4) agree,2,True,recode,1
a8c680e8-c496-45a7-896f-1fde288b1a9a,prca17,likert5,1) strongly disagree,1,True,recode,1
a8c680e8-c496-45a7-896f-1fde288b1a9a,prca18,likert5,3) neutral,4,True,recode,0
ce1d2dbc-e0c5-43e6-a337-cede1e74b3a2,prca01,likert5,3) neutral,4,True,recode,0
ce1d2dbc-e0c5-43e6-a337-cede1e74b3a2,prca02,likert5,3) neutral,1,True,recode,1
ce1d2dbc-e0c5-43e6-a337-cede1e74b3a2,prca03,likert5,2) disagree,5,True,recode,0
ce1d2dbc-e0c5-43e6-a337-cede1e74b3a2,prca04,likert5,3) neutral,2,True,recode,1
ce1d2dbc-e0c5-43e6-a337-cede1e74b3a2,prca05,likert5,3) neutral,4,True,recode,0
ce1d2dbc-e0c5-43e6-a337-cede1e74b3a2,prca06,likert5,1) strongly disagree,1,True,recode,1
ce1d2dbc-e0c5-43e6-a337-cede1e74b3a2,prca13,likert5,1) strongly disagree,5,True,recode,0
ce1d2dbc-e0c5-43e6-a337-cede1e74b3a2,prca14,likert5,2) disagree,1,True,recode,1
ce1d2dbc-e0c5-43e6-a337-cede1e74b3a2,prca15,likert5,3) neutral,4,True,recode,0
ce1d2dbc-e0c5-43e6-a337-cede1e74b3a2,prca16,likert5,2) disagree,1,True,recode,1
ce1d2dbc-e0c5-43e6-a337-cede1e74b3a2,prca17,likert5,3) neutral,2,True,recode,1
ce1d2dbc-e0c5-43e6-a337-cede1e74b3a2,prca18,likert5,1) strongly disagree,5,True,recode,0
7493ea7c-82bf-4fcf-b835-332672d51239,prca01,likert5,2) disagree,4,True,recode,0
7493ea7c-82bf-4fcf-b835-332672d51239,prca02,likert5,2) disagree,1,True,recode,1
7493ea7c-82bf-4fcf-b835-332672d51239,prca03,likert5,3) neutral,5,True,recode,0
7493ea7c-82bf-4fcf-b835-332672d51239,prca04,likert5,3) neutral,2,True,recode,1
7493ea7c-82bf-4fcf-b835-332672d51239,prca05,likert5,3) neutral,4,True,recode,0
7493ea7c-82bf-4fcf-b835-332672d51239,prca06,likert5,4) agree,1,True,recode,1
7493ea7c-82bf-4fcf-b835-332672d51239,prca13,likert5,4) agree,4,True,recode,0
7493ea7c-82bf-4fcf-b835-332672d51239,prca14,likert5,3) neutral,2,True,recode,1
7493ea7c-82bf-4fcf-b835-332672d51239,prca15,likert5,3) neutral,4,True,recode,0
7493ea7c-82bf-4fcf-b835-332672d51239,prca16,likert5,3) neutral,2,True,recode,1
7493ea7c-82bf-4fcf-b835-332672d51239,prca17,likert5,3) neutral,2,True,recode,1
7493ea7c-82bf-4fcf-b835-332672d51239,prca18,likert5,2) disagree,4,True,recode,0
0c050d7c-345a-4aed-b44b-9b29f615b37c,prca01,likert5,3) neutral,5,True,recode,0
0c050d7c-345a-4aed-b44b-9b29f615b37c,prca02,likert5,3) neutral,2,True,recode,1
0c050d7c-345a-4aed-b44b-9b29f615b37c,prca03,likert5,3) neutral,4,True,recode,0
0c050d7c-345a-4aed-b44b-9b29f615b37c,prca04,likert5,3) neutral,2,True,recode,1
0c050d7c-345a-4aed-b44b-9b29f615b37c,prca05,likert5,3) neutral,4,True,recode,0
0c050d7c-345a-4aed-b44b-9b29f615b37c,prca06,likert5,3) neutral,2,True,recode,1
0c050d7c-345a-4aed-b44b-9b29f615b37c,prca13,likert5,3) neutral,4,True,recode,0
0c050d7c-345a-4aed-b44b-9b29f615b37c,prca14,likert5,4) agree,1,True,recode,1
0c050d7c-345a-4aed-b44b-9b29f615b37c,prca15,likert5,3) neutral,4,True,recode,0
0c050d7c-345a-4aed-b44b-9b29f615b37c,prca16,likert5,2) disagree,2,True,recode,1
0c050d7c-345a-4aed-b44b-9b29f615b37c,prca17,likert5,3) neutral,2,True,recode,1
0c050d7c-345a-4aed-b44b-9b29f615b37c,prca18,likert5,3) neutral,4,True,recode,0
8cfcc575-0849-4ce7-a6c9-0c35854429e2,prca01,likert5,3) neutral,5,True,recode,0
8cfcc575-0849-4ce7-a6c9-0c35854429e2,prca02,likert5,1) strongly disagree,1,True,recode,1
8cfcc575-0849-4ce7-a6c9-0c35854429e2,prca03,likert5,4) agree,4,True,recode,0
8cfcc575-0849-4ce7-a6c9-0c35854429e2,prca04,likert5,1) strongly disagree,1,True,recode,1
8cfcc575-0849-4ce7-a6c9-0c35854429e2,prca05,likert5,1) strongly disagree,5,True,recode,0
8cfcc575-0849-4ce7-a6c9-0c35854429e2,prca06,likert5,1) strongly disagree,1,True,recode,1
8cfcc575-0849-4ce7-a6c9-0c35854429e2,prca13,likert5,3) neutral,4,True,recode,0
8cfcc575-0849-4ce7-a6c9-0c35854429e2,prca14,likert5,2) disagree,2,True,recode,1
8cfcc575-0849-4ce7-a6c9-0c35854429e2,prca15,likert5,3) neutral,4,True,recode,0
8cfcc575-0849-4ce7-a6c9-0c35854429e2,prca16,likert5,2) disagree,2,True,recode,1
8cfcc575-0849-4ce7-a6c9-0c35854429e2,prca17,likert5,3) neutral,2,True,recode,1
8cfcc575-0849-4ce7-a6c9-0c35854429e2,prca18,likert5,2) disagree,5,True,recode,0
14742d30-bc71-42f3-9046-3f11884efe71,prca01,likert5,2) disagree,5,True,recode,0
14742d30-bc71-42f3-9046-3f11884efe71,prca02,likert5,3) neutral,1,True,recode,1
14742d30-bc71-42f3-9046-3f11884efe71,prca03,likert5,3) neutral,5,True,recode,0
14742d30-bc71-42f3-9046-3f11884efe71,prca04,likert5,3) neutral,2,True,recode,1
14742d30-bc71-42f3-9046-3f11884efe71,prca05,likert5,1) strongly disagree,5,True,recode,0
14742d30-bc71-42f3-9046-3f11884efe71,prca06,likert5,3) neutral,2,True,recode,1
14742d30-bc71-42f3-9046-3f11884efe71,prca13,likert5,1) strongly disagree,4,True,recode,0
14742d30-bc71-42f3-9046-3f11884efe71,prca14,likert5,3) neutral,2,True,recode,1
14742d30-bc71-42f3-9046-3f11884efe71,prca15,likert5,3) neutral,4,True,recode,0
14742d30-bc71-42f3-9046-3f11884efe71,prca16,likert5,3) neutral,2,True,recode,1
14742d30-bc71-42f3-9046-3f11884efe71,prca17,likert5,3) neutral,1,True,recode,1
14742d30-bc71-42f3-9046-3f11884efe71,prca18,likert5,3) neutral,4,True,recode,0
499539c7-7cd0-4795-9151-817d7cf28081,prca01,likert5,2) disagree,4,True,recode,0
499539c7-7cd0-4795-9151-817d7cf28081,prca02,likert5,3) neutral,2,True,recode,1
499539c7-7cd0-4795-9151-817d7cf28081,prca03,likert5,2) disagree,4,True,recode,0
499539c7-7cd0-4795-9151-817d7cf28081,prca04,likert5,3) neutral,2,True,recode,1
499539c7-7cd0-4795-9151-817d7cf28081,prca05,likert5,3) neutral,4,True,recode,0
499539c7-7cd0-4795-9151-817d7cf28081,prca06,likert5,3) neutral,1,True,recode,1
499539c7-7cd0-4795-9151-817d7cf28081,prca13,likert5,1) strongly disagree,5,True,recode,0
499539c7-7cd0-4795-9151-817d7cf28081,prca14,likert5,3) neutral,2,True,recode,1
499539c7-7cd0-4795-9151-817d7cf28081,prca15,likert5,3) neutral,4,True,recode,0
499539c7-7cd0-4795-9151-817d7cf28081,prca16,likert5,3) neutral,2,True,recode,1
499539c7-7cd0-4795-9151-817d7cf28081,prca17,likert5,3) neutral,2,True,recode,1
499539c7-7cd0-4795-9151-817d7cf28081,prca18,likert5,3) neutral,4,True,recode,0
9844b0cd-9738-42a8-8c22-6c82c22268a9,prca01,likert5,2) disagree,4,True,recode,0
9844b0cd-9738-42a8-8c22-6c82c22268a9,prca02,likert5,2) disagree,2,True,recode,1
9844b0cd-9738-42a8-8c22-6c82c22268a9,prca03,likert5,2) disagree,4,True,recode,0
9844b0cd-9738-42a8-8c22-6c82c22268a9,prca04,likert5,4) agree,2,True,recode,1
9844b0cd-9738-42a8-8c22-6c82c22268a9,prca05,likert5,3) neutral,4,True,recode,0
9844b0cd-9738-42a8-8c22-6c82c22268a9,prca06,likert5,1) strongly disagree,1,True,recode,1
9844b0cd-9738-42a8-8c22-6c82c22268a9,prca13,likert5,3) neutral,4,True,recode,0
9844b0cd-9738-42a8-8c22-6c82c22268a9,prca14,likert5,2) disagree,2,True,recode,1
9844b0cd-9738-42a8-8c22-6c82c22268a9,prca15,likert5,3) neutral,4,True,recode,0
9844b0cd-9738-42a8-8c22-6c82c22268a9,prca16,likert5,3) neutral,2,True,recode,1
9844b0cd-9738-42a8-8c22-6c82c22268a9,prca17,likert5,2) disagree,2,True,recode,1
9844b0cd-9738-42a8-8c22-6c82c22268a9,prca18,likert5,4) agree,3,True,recode,0
a890d551-4442-4e09-aaab-2e534c494876,prca01,likert5,3) neutral,4,True,recode,0
a890d551-4442-4e09-aaab-2e534c494876,prca02,likert5,3) neutral,2,True,recode,1
a890d551-4442-4e09-aaab-2e534c494876,prca03,likert5,3) neutral,4,True,recode,0
a890d551-4442-4e09-aaab-2e534c494876,prca04,likert5,2) disagree,1,True,recode,1
a890d551-4442-4e09-aaab-2e534c494876,prca05,likert5,3) neutral,4,True,recode,0
a890d551-4442-4e09-aaab-2e534c494876,prca06,likert5,3) neutral,1,True,recode,1
a890d551-4442-4e09-aaab-2e534c494876,prca13,likert5,1) strongly disagree,4,True,recode,0
a890d551-4442-4e09-aaab-2e534c494876,prca14,likert5,4,2,True,validated,1
a890d551-4442-4e09-aaab-2e534c494876,prca15,likert5,2) disagree,5,True,recode,0
a890d551-4442-4e09-aaab-2e534c494876,prca16,likert5,2) disagree,4,True,recode,1
a890d551-4442-4e09-aaab-2e534c494876,prca17,likert5,3) neutral,2,True,recode,1
a890d551-4442-4e09-aaab-2e534c494876,prca18,likert5,2) disagree,4,True,recode,0
ef5b0ee6-5d40-49ae-bef3-4801a2832ac7,prca01,likert5,3) neutral,4,True,recode,0
ef5b0ee6-5d40-49ae-bef3-4801a2832ac7,prca02,likert5,3) neutral,2,True,recode,1
ef5b0ee6-5d40-49ae-bef3-4801a2832ac7,prca03,likert5,2) disagree,4,True,recode,0
ef5b0ee6-5d40-49ae-bef3-4801a2832ac7,prca04,likert5,3) neutral,2,True,recode,1
ef5b0ee6-5d40-49ae-bef3-4801a2832ac7,prca05,likert5,2) disagree,4,True,recode,0
ef5b0ee6-5d40-49ae-bef3-4801a2832ac7,prca06,likert5,3) neutral,2,True,recode,1
ef5b0ee6-5d40-49ae-bef3-4801a2832ac7,prca13,likert5,2) disagree,5,True,recode,0
ef5b0ee6-5d40-49ae-bef3-4801a2832ac7,prca14,likert5,1) strongly disagree,1,True,recode,1
ef5b0ee6-5d40-49ae-bef3-4801a2832ac7,prca15,likert5,3) neutral,3,True,recode,0
ef5b0ee6-5d40-49ae-bef3-4801a2832ac7,prca16,likert5,3) neutral,2,True,recode,1
ef5b0ee6-5d40-49ae-bef3-4801a2832ac7,prca17,likert5,4) agree,2,True,recode,1
ef5b0ee6-5d40-49ae-bef3-4801a2832ac7,prca18,likert5,3) neutral,4,True,recode,0
13f3ab43-f042-4566-847b-867d539b84ce,prca01,likert5,1) strongly disagree,5,True,recode,0
13f3ab43-f042-4566-847b-867d539b84ce,prca02,likert5,3) neutral,2,True,recode,1
13f3ab43-f042-4566-847b-867d539b84ce,prca03,likert5,3) neutral,4,True,recode,0
13f3ab43-f042-4566-847b-867d539b84ce,prca04,likert5,5) strongly agree,3,True,recode,1
13f3ab43-f042-4566-847b-867d539b84ce,prca05,likert5,3) neutral,4,True,recode,0
13f3ab43-f042-4566-847b-867d539b84ce,prca06,likert5,3) neutral,2,True,recode,1
13f3ab43-f042-4566-847b-867d539b84ce,prca13,likert5,2) disagree,4,True,recode,0
13f3ab43-f042-4566-847b-867d539b84ce,prca14,likert5,5) strongly agree,4,True,recode,1
13f3ab43-f042-4566-847b-867d539b84ce,prca15,likert5,3) neutral,4,True,recode,0
13f3ab43-f042-4566-847b-867d539b84ce,prca16,likert5,4) agree,2,True,recode,1
13f3ab43-f042-4566-847b-867d539b84ce,prca17,likert5,2) disagree,1,True,recode,1
13f3ab43-f042-4566-847b-867d539b84ce,prca18,likert5,3) neutral,4,True,recode,0
cef8808b-dc04-48a9-943e-998030e4a34d,prca01,likert5,1) strongly disagree,4,True,recode,0
cef8808b-dc04-48a9-943e-998030e4a34d,prca02,likert5,3) neutral,2,True,recode,1
cef8808b-dc04-48a9-943e-998030e4a34d,prca03,likert5,2) disagree,5,True,recode,0
cef8808b-dc04-48a9-943e-998030e4a34d,prca04,likert5,3) neutral,2,True,recode,1
cef8808b-dc04-48a9-943e-998030e4a34d,prca05,likert5,3) neutral,4,True,recode,0
cef8808b-dc04-48a9-943e-998030e4a34d,prca06,likert5,3) neutral,2,True,recode,1
cef8808b-dc04-48a9-943e-998030e4a34d,prca13,likert5,3) neutral,4,True,recode,0
cef8808b-dc04-48a9-943e-998030e4a34d,prca14,likert5,3) neutral,2,True,recode,1
cef8808b-dc04-48a9-943e-998030e4a34d,prca15,likert5,3) neutral,5,True,recode,0
cef8808b-dc04-48a9-943e-998030e4a34d,prca16,likert5,2) disagree,1,True,recode,1
cef8808b-dc04-48a9-943e-998030e4a34d,prca17,likert5,1) strongly disagree,1,True,recode,1
cef8808b-dc04-48a9-943e-998030e4a34d,prca18,likert5,3) neutral,4,True,recode,0
a0d63674-cb52-43f1-a544-0d52f0816be5,prca01,likert5,2) disagree,5,True,recode,0
a0d63674-cb52-43f1-a544-0d52f0816be5,prca02,likert5,3) neutral,1,True,recode,1
a0d63674-cb52-43f1-a544-0d52f0816be5,prca03,likert5,3) neutral,4,True,recode,0
a0d63674-cb52-43f1-a544-0d52f0816be5,prca04,likert5,3) neutral,1,True,recode,1
a0d63674-cb52-43f1-a544-0d52f0816be5,prca05,likert5,2) disagree,4,True,recode,0
a0d63674-cb52-43f1-a544-0d52f0816be5,prca06,likert5,2) disagree,1,True,recode,1
a0d63674-cb52-43f1-a544-0d52f0816be5,prca13,likert5,3) neutral,4,True,recode,0
a0d63674-cb52-43f1-a544-0d52f0816be5,prca14,likert5,3) neutral,2,True,recode,1
a0d63674-cb52-43f1-a544-0d52f0816be5,prca15,likert5,1) strongly disagree,5,True,recode,0
a0d63674-cb52-43f1-a544-0d52f0816be5,prca16,likert5,1) strongly disagree,1,True,recode,1
a0d63674-cb52-43f1-a544-0d52f0816be5,prca17,likert5,3) neutral,2,True,recode,1
a0d63674-cb52-43f1-a544-0d52f0816be5,prca18,likert5,2) disagree,4,True,recode,0
3453684b-d01c-4ac5-a470-321235adeb49,prca01,likert5,2) disagree,3,True,recode,0
3453684b-d01c-4ac5-a470-321235adeb49,prca02,likert5,3) neutral,2,True,recode,1
3453684b-d01c-4ac5-a470-321235adeb49,prca03,likert5,1) strongly disagree,5,True,recode,0
3453684b-d01c-4ac5-a470-321235adeb49,prca04,likert5,1) strongly disagree,1,True,recode,1
3453684b-d01c-4ac5-a470-321235adeb49,prca05,likert5,3) neutral,4,True,recode,0
3453684b-d01c-4ac5-a470-321235adeb49,prca06,likert5,1) strongly disagree,1,True,recode,1
3453684b-d01c-4ac5-a470-321235adeb49,prca13,likert5,3) neutral,4,True,recode,0
3453684b-d01c-4ac5-a470-321235adeb49,prca14,likert5,1) strongly disagree,2,True,recode,1
3453684b-d01c-4ac5-a470-321235adeb49,prca15,likert5,4) agree,4,True,recode,0
3453684b-d01c-4ac5-a470-321235adeb49,prca16,likert5,3) neutral,2,True,recode,1
3453684b-d01c-4ac5-a470-321235adeb49,prca17,likert5,2) disagree,2,True,recode,1
3453684b-d01c-4ac5-a470-321235adeb49,prca18,likert5,2) disagree,5,True,recode,0
a25e48b3-ccbd-43bb-a713-effa4a47ed4b,prca01,likert5,4) agree,4,True,recode,0
a25e48b3-ccbd-43bb-a713-effa4a47ed4b,prca02,likert5,3) neutral,2,True,recode,1
a25e48b3-ccbd-43bb-a713-effa4a47ed4b,prca03,likert5,3) neutral,4,True,recode,0
a25e48b3-ccbd-43bb-a713-effa4a47ed4b,prca04,likert5,3) neutral,2,True,recode,1
a25e48b3-ccbd-43bb-a713-effa4a47ed4b,prca05,likert5,3) neutral,4,True,recode,0
a25e48b3-ccbd-43bb-a713-effa4a47ed4b,prca06,likert5,2) disagree,2,True,recode,1
a25e48b3-ccbd-43bb-a713-effa4a47ed4b,prca13,likert5,1) strongly disagree,5,True,recode,0
a25e48b3-ccbd-43bb-a713-effa4a47ed4b,prca14,likert5,3) neutral,2,True,recode,1
a25e48b3-ccbd-43bb-a713-effa4a47ed4b,prca15,likert5,2) disagree,5,True,recode,0
a25e48b3-ccbd-43bb-a713-effa4a47ed4b,prca16,likert5,2) disagree,2,True,recode,1
a25e48b3-ccbd-43bb-a713-effa4a47ed4b,prca17,likert5,4) agree,1,True,recode,1
a25e48b3-ccbd-43bb-a713-effa4a47ed4b,prca18,likert5,2) disagree,5,True,recode,0
696e7ed4-5c6a-4820-ab85-06c2e1ffcfe0,prca01,likert5,1) strongly disagree,5,True,recode,0
696e7ed4-5c6a-4820-ab85-06c2e1ffcfe0,prca02,likert5,2) disagree,1,True,recode,1
696e7ed4-5c6a-4820-ab85-06c2e1ffcfe0,prca03,likert5,3) neutral,4,True,recode,0
696e7ed4-5c6a-4820-ab85-06c2e1ffcfe0,prca04,likert5,3) neutral,2,True,recode,1
696e7ed4-5c6a-4820-ab85-06c2e1ffcfe0,prca05,likert5,3) neutral,4,True,recode,0
696e7ed4-5c6a-4820-ab85-06c2e1ffcfe0,prca06,likert5,3) neutral,2,True,recode,1
696e7ed4-5c6a-4820-ab85-06c2e1ffcfe0,prca13,likert5,3) neutral,4,True,recode,0
696e7ed4-5c6a-4820-ab85-06c2e1ffcfe0,prca14,likert5,3) neutral,2,True,recode,1
696e7ed4-5c6a-4820-ab85-06c2e1ffcfe0,prca15,likert5,3) neutral,4,True,recode,0
696e7ed4-5c6a-4820-ab85-06c2e1ffcfe0,prca16,likert5,3) neutral,2,True,recode,1
696e7ed4-5c6a-4820-ab85-06c2e1ffcfe0,prca17,likert5,2) disagree,2,True,recode,1
696e7ed4-5c6a-4820-ab85-06c2e1ffcfe0,prca18,likert5,3) neutral,4,True,recode,0
b2706881-b611-4b08-b886-d6c5db3a6270,prca01,likert5,3) neutral,4,True,recode,0
b2706881-b611-4b08-b886-d6c5db3a6270,prca02,likert5,2) disagree,2,True,recode,1
b2706881-b611-4b08-b886-d6c5db3a6270,prca03,likert5,3) neutral,4,True,recode,0
b2706881-b611-4b08-b886-d6c5db3a6270,prca04,likert5,3) neutral,1,True,recode,1
b2706881-b611-4b08-b886-d6c5db3a6270,prca05,likert5,3) neutral,4,True,recode,0
b2706881-b611-4b08-b886-d6c5db3a6270,prca06,likert5,2) disagree,2,True,recode,1
b2706881-b611-4b08-b886-d6c5db3a6270,prca13,likert5,3) neutral,4,True,recode,0
b2706881-b611-4b08-b886-d6c5db3a6270,prca14,likert5,2) disagree,3,True,recode,1
b2706881-b611-4b08-b886-d6c5db3a6270,prca15,likert5,3) neutral,4,True,recode,0
b2706881-b611-4b08-b886-d6c5db3a6270,prca16,likert5,3) neutral,2,True,recode,1
b2706881-b611-4b08-b886-d6c5db3a6270,prca17,likert5,2) disagree,2,True,recode,1
b2706881-b611-4b08-b886-d6c5db3a6270,prca18,likert5,3) neutral,4,True,recode,0
a297f0a5-41d1-4e46-ba08-42f00801eadb,prca01,likert5,1) strongly disagree,5,True,recode,0
a297f0a5-41d1-4e46-ba08-42f00801eadb,prca02,likert5,3) neutral,2,True,recode,1
a297f0a5-41d1-4e46-ba08-42f00801eadb,prca03,likert5,1) strongly disagree,5,True,recode,0
a297f0a5-41d1-4e46-ba08-42f00801eadb,prca04,likert5,3) neutral,2,True,recode,1
a297f0a5-41d1-4e46-ba08-42f00801eadb,prca05,likert5,3) neutral,4,True,recode,0
a297f0a5-41d1-4e46-ba08-42f00801eadb,prca06,likert5,4) agree,2,True,recode,1
a297f0a5-41d1-4e46-ba08-42f00801eadb,prca13,likert5,1) strongly disagree,4,True,recode,0
a297f0a5-41d1-4e46-ba08-42f00801eadb,prca14,likert5,1) strongly disagree,1,True,recode,1
a297f0a5-41d1-4e46-ba08-42f00801eadb,prca15,likert5,3) neutral,4,True,recode,0
a297f0a5-41d1-4e46-ba08-42f00801eadb,prca16,likert5,2) disagree,1,True,recode,1
a297f0a5-41d1-4e46-ba08-42f00801eadb,prca17,likert5,2) disagree,1,True,recode,1
a297f0a5-41d1-4e46-ba08-42f00801eadb,prca18,likert5,2) disagree,4,True,recode,0
6a111235-dba2-4f4c-b19a-f4f870e38515,prca01,likert5,2) disagree,4,True,recode,0
6a111235-dba2-4f4c-b19a-f4f870e38515,prca02,likert5,3) neutral,1,True,recode,1
6a111235-dba2-4f4c-b19a-f4f870e38515,prca03,likert5,3) neutral,5,True,recode,0
6a111235-dba2-4f4c-b19a-f4f870e38515,prca04,likert5,2) disagree,1,True,recode,1
6a111235-dba2-4f4c-b19a-f4f870e38515,prca05,likert5,1) strongly disagree,5,True,recode,0
6a111235-dba2-4f4c-b19a-f4f870e38515,prca06,likert5,2) disagree,2,True,recode,1
6a111235-dba2-4f4c-b19a-f4f870e38515,prca13,likert5,3) neutral,4,True,recode,0
6a111235-dba2-4f4c-b19a-f4f870e38515,prca14,likert5,1) strongly disagree,1,True,recode,1
6a111235-dba2-4f4c-b19a-f4f870e38515,prca15,likert5,3) neutral,4,True,recode,0
6a111235-dba2-4f4c-b19a-f4f870e38515,prca16,likert5,2) disagree,1,True,recode,1
6a111235-dba2-4f4c-b19a-f4f870e38515,prca17,likert5,2) disagree,3,True,recode,1
6a111235-dba2-4f4c-b19a-f4f870e38515,prca18,likert5,3) neutral,4,True,recode,0
d6724dd2-3938-4e3c-b2a1-e3cc8474d062,prca01,likert5,2) disagree,5,True,recode,0
d6724dd2-3938-4e3c-b2a1-e3cc8474d062,prca02,likert5,3) neutral,2,True,recode,1
d6724dd2-3938-4e3c-b2a1-e3cc8474d062,prca03,likert5,3) neutral,4,True,recode,0
d6724dd2-3938-4e3c-b2a1-e3cc8474d062,prca04,likert5,4) agree,2,True,recode,1
d6724dd2-3938-4e3c-b2a1-e3cc8474d062,prca05,likert5,2) disagree,4,True,recode,0
d6724dd2-3938-4e3c-b2a1-e3cc8474d062,prca06,likert5,3) neutral,2,True,recode,1
d6724dd2-3938-4e3c-b2a1-e3cc8474d062,prca13,likert5,1) strongly disagree,5,True,recode,0
d6724dd2-3938-4e3c-b2a1-e3cc8474d062,prca14,likert5,4) agree,1,True,recode,1
d6724dd2-3938-4e3c-b2a1-e3cc8474d062,prca15,likert5,4) agree,4,True,recode,0
d6724dd2-3938-4e3c-b2a1-e3cc8474d062,prca16,likert5,3) neutral,2,True,recode,1
d6724dd2-3938-4e3c-b2a1-e3cc8474d062,prca17,likert5,3) neutral,2,True,recode,1
d6724dd2-3938-4e3c-b2a1-e3cc8474d062,prca18,likert5,3) neutral,5,True,recode,0
b35e2be1-c748-4008-a455-6b590afd3485,prca01,likert5,2) disagree,5,True,recode,0
b35e2be1-c748-4008-a455-6b590afd3485,prca02,likert5,3) neutral,1,True,recode,1
b35e2be1-c748-4008-a455-6b590afd3485,prca03,likert5,3) neutral,4,True,recode,0
b35e2be1-c748-4008-a455-6b590afd3485,prca04,likert5,3) neutral,2,True,recode,1
b35e2be1-c748-4008-a455-6b590afd3485,prca05,likert5,3) neutral,5,True,recode,0
b35e2be1-c748-4008-a455-6b590afd3485,prca06,likert5,1) strongly disagree,1,True,recode,1
b35e2be1-c748-4008-a455-6b590afd3485,prca13,likert5,1) strongly disagree,5,True,recode,0
b35e2be1-c748-4008-a455-6b590afd3485,prca14,likert5,3) neutral,2,True,recode,1
b35e2be1-c748-4008-a455-6b590afd3485,prca15,likert5,3) neutral,4,True,recode,0
b35e2be1-c748-4008-a455-6b590afd3485,prca16,likert5,3) neutral,2,True,recode,1
b35e2be1-c748-4008-a455-6b590afd3485,prca17,likert5,2) disagree,1,True,recode,1
b35e2be1-c748-4008-a455-6b590afd3485,prca18,likert5,4) agree,4,True,recode,0
d8513134-3bac-42e9-a11a-a49bbf2d022b,prca01,likert5,"1) strongly disagree, 2) disagree, 3) neutral, 4) agree, 5) strongly agree",1,True,recode,0
d8513134-3bac-42e9-a11a-a49bbf2d022b,prca02,likert5,1) strongly disagree,1,True,recode,1
d8513134-3bac-42e9-a11a-a49bbf2d022b,prca03,likert5,2) disagree,5,True,recode,0
d8513134-3bac-42e9-a11a-a49bbf2d022b,prca04,likert5,4) agree,1,True,recode,1
d8513134-3bac-42e9-a11a-a49bbf2d022b,prca05,likert5,3) neutral,4,True,recode,0
d8513134-3bac-42e9-a11a-a49bbf2d022b,prca06,likert5,3) neutral,2,True,recode,1
d8513134-3bac-42e9-a11a-a49bbf2d022b,prca13,likert5,1) strongly disagree,4,True,recode,0
d8513134-3bac-42e9-a11a-a49bbf2d022b,prca14,likert5,3) neutral,1,True,recode,1
d8513134-3bac-42e9-a11a-a49bbf2d022b,prca15,likert5,3) neutral,4,True,recode,0
d8513134-3bac-42e9-a11a-a49bbf2d022b,prca16,likert5,3) neutral,2,True,recode,1
d8513134-3bac-42e9-a11a-a49bbf2d022b,prca17,likert5,3) neutral,2,True,recode,1
d8513134-3bac-42e9-a11a-a49bbf2d022b,prca18,likert5,2) disagree,5,True,recode,0
5322c91c-9579-4b0d-99cf-67385399a8d8,prca01,likert5,3) neutral,4,True,recode,0
5322c91c-9579-4b0d-99cf-67385399a8d8,prca02,likert5,4) agree,2,True,recode,1
5322c91c-9579-4b0d-99cf-67385399a8d8,prca03,likert5,3) neutral,4,True,recode,0
5322c91c-9579-4b0d-99cf-67385399a8d8,prca04,likert5,"1) strongly disagree, 2) disagree, 3) neutral, 4) agree, 5) strongly agree",4,True,recode,1
5322c91c-9579-4b0d-99cf-67385399a8d8,prca05,likert5,3) neutral,4,True,recode,0
5322c91c-9579-4b0d-99cf-67385399a8d8,prca06,likert5,2) disagree,2,True,recode,1
5322c91c-9579-4b0d-99cf-67385399a8d8,prca13,likert5,3) neutral,4,True,recode,0
5322c91c-9579-4b0d-99cf-67385399a8d8,prca14,likert5,3) neutral,2,True,recode,1
5322c91c-9579-4b0d-99cf-67385399a8d8,prca15,likert5,1) strongly disagree,5,True,recode,0
5322c91c-9579-4b0d-99cf-67385399a8d8,prca16,likert5,3) neutral,2,True,recode,1
5322c91c-9579-4b0d-99cf-67385399a8d8,prca17,likert5,3) neutral,1,True,recode,1
5322c91c-9579-4b0d-99cf-67385399a8d8,prca18,likert5,3) neutral,4,True,recode,0
68bdad43-4d6e-428d-83dc-c6c89eb3f463,prca01,likert5,3) neutral,3,True,recode,0
68bdad43-4d6e-428d-83dc-c6c89eb3f463,prca02,likert5,2) disagree,2,True,recode,1
68bdad43-4d6e-428d-83dc-c6c89eb3f463,prca03,likert5,2) disagree,5,True,recode,0
68bdad43-4d6e-428d-83dc-c6c89eb3f463,prca04,likert5,2) disagree,2,True,recode,1
68bdad43-4d6e-428d-83dc-c6c89eb3f463,prca05,likert5,3) neutral,4,True,recode,0
68bdad43-4d6e-428d-83dc-c6c89eb3f463,prca06,likert5,3) neutral,2,True,recode,1
68bdad43-4d6e-428d-83dc-c6c89eb3f463,prca13,likert5,3) neutral,4,True,recode,0
68bdad43-4d6e-428d-83dc-c6c89eb3f463,prca14,likert5,4) agree,1,True,recode,1
68bdad43-4d6e-428d-83dc-c6c89eb3f463,prca15,likert5,2) disagree,4,True,recode,0
68bdad43-4d6e-428d-83dc-c6c89eb3f463,prca16,likert5,3) neutral,2,True,recode,1
68bdad43-4d6e-428d-83dc-c6c89eb3f463,prca17,likert5,3) neutral,2,True,recode,1
68bdad43-4d6e-428d-83dc-c6c89eb3f463,prca18,likert5,3) neutral,4,True,recode,0
1f013e6b-efab-4d7f-94b7-fe7dc38680a5,prca01,likert5,3) neutral,4,True,recode,0
1f013e6b-efab-4d7f-94b7-fe7dc38680a5,prca02,likert5,3) neutral,2,True,recode,1
1f013e6b-efab-4d7f-94b7-fe7dc38680a5,prca03,likert5,2) disagree,3,True,recode,0
1f013e6b-efab-4d7f-94b7-fe7dc38680a5,prca04,likert5,2) disagree,1,True,recode,1
1f013e6b-efab-4d7f-94b7-fe7dc38680a5,prca05,likert5,2) disagree,3,True,recode,0
1f013e6b-efab-4d7f-94b7-fe7dc38680a5,prca06,likert5,3) neutral,1,True,recode,1
1f013e6b-efab-4d7f-94b7-fe7dc38680a5,prca13,likert5,3) neutral,4,True,recode,0
1f013e6b-efab-4d7f-94b7-fe7dc38680a5,prca14,likert5,3) neutral,2,True,recode,1
1f013e6b-efab-4d7f-94b7-fe7dc38680a5,prca15,likert5,2) disagree,4,True,recode,0
1f013e6b-efab-4d7f-94b7-fe7dc38680a5,prca16,likert5,3) neutral,2,True,recode,1
1f013e6b-efab-4d7f-94b7-fe7dc38680a5,prca17,likert5,3) neutral,2,True,recode,1
1f013e6b-efab-4d7f-94b7-fe7dc38680a5,prca18,likert5,1) strongly disagree,5,True,recode,0
ad5aa6e9-337b-4525-a1a9-c385760bb57e,prca01,likert5,2) disagree,3,True,recode,0
ad5aa6e9-337b-4525-a1a9-c385760bb57e,prca02,likert5,3) neutral,5,True,recode,1
ad5aa6e9-337b-4525-a1a9-c385760bb57e,prca03,likert5,3) neutral,4,True,recode,0
ad5aa6e9-337b-4525-a1a9-c385760bb57e,prca04,likert5,4,2,True,validated,1
ad5aa6e9-337b-4525-a1a9-c385760bb57e,prca05,likert5,1) strongly disagree,5,True,recode,0
ad5aa6e9-337b-4525-a1a9-c385760bb57e,prca06,likert5,1) strongly disagree,2,True,recode,1
ad5aa6e9-337b-4525-a1a9-c385760bb57e,prca13,likert5,3) neutral,4,True,recode,0
ad5aa6e9-337b-4525-a1a9-c385760bb57e,prca14,likert5,1) strongly disagree,2,True,recode,1
ad5aa6e9-337b-4525-a1a9-c385760bb57e,prca15,likert5,3) neutral,4,True,recode,0
ad5aa6e9-337b-4525-a1a9-c385760bb57e,prca16,likert5,4) agree,2,True,recode,1
ad5aa6e9-337b-4525-a1a9-c385760bb57e,prca17,likert5,3) neutral,2,True,recode,1
ad5aa6e9-337b-4525-a1a9-c385760bb57e,prca18,likert5,1) strongly disagree,5,True,recode,0
cd482797-cedc-466d-abfa-bf840ded5219,prca01,likert5,4) agree,4,True,recode,0
cd482797-cedc-466d-abfa-bf840ded5219,prca02,likert5,1) strongly disagree,2,True,recode,1
cd482797-cedc-466d-abfa-bf840ded5219,prca03,likert5,4) agree,4,True,recode,0
cd482797-cedc-466d-abfa-bf840ded5219,prca04,likert5,3) neutral,2,True,recode,1
cd482797-cedc-466d-abfa-bf840ded5219,prca05,likert5,1) strongly disagree,4,True,recode,0
cd482797-cedc-466d-abfa-bf840ded5219,prca06,likert5,3) neutral,2,True,recode,1
cd482797-cedc-466d-abfa-bf840ded5219,prca13,likert5,4) agree,5,True,recode,0
cd482797-cedc-466d-abfa-bf840ded5219,prca14,likert5,3) neutral,2,True,recode,1
cd482797-cedc-466d-abfa-bf840ded5219,prca15,likert5,1) strongly disagree,5,True,recode,0
cd482797-cedc-466d-abfa-bf840ded5219,prca16,likert5,2) disagree,1,True,recode,1
cd482797-cedc-466d-abfa-bf840ded5219,prca17,likert5,2) disagree,2,True,recode,1
cd482797-cedc-466d-abfa-bf840ded5219,prca18,likert5,4) agree,4,True,recode,0
6a8fd83c-6664-4a18-8d87-7a39b5296a5a,prca01,likert5,1) strongly disagree,5,True,recode,0
6a8fd83c-6664-4a18-8d87-7a39b5296a5a,prca02,likert5,3) neutral,2,True,recode,1
6a8fd83c-6664-4a18-8d87-7a39b5296a5a,prca03,likert5,3) neutral,4,True,recode,0
6a8fd83c-6664-4a18-8d87-7a39b5296a5a,prca04,likert5,3) neutral,2,True,recode,1
6a8fd83c-6664-4a18-8d87-7a39b5296a5a,prca05,likert5,1) strongly disagree,5,True,recode,0
6a8fd83c-6664-4a18-8d87-7a39b5296a5a,prca06,likert5,3) neutral,1,True,recode,1
6a8fd83c-6664-4a18-8d87-7a39b5296a5a,prca13,likert5,3) neutral,4,True,recode,0
6a8fd83c-6664-4a18-8d87-7a39b5296a5a,prca14,likert5,3) neutral,2,True,recode,1
6a8fd83c-6664-4a18-8d87-7a39b5296a5a,prca15,likert5,3) neutral,4,True,recode,0
6a8fd83c-6664-4a18-8d87-7a39b5296a5a,prca16,likert5,2) disagree,1,True,recode,1
6a8fd83c-6664-4a18-8d87-7a39b5296a5a,prca17,likert5,3) neutral,2,True,recode,1
6a8fd83c-6664-4a18-8d87-7a39b5296a5a,prca18,likert5,3) neutral,4,True,recode,0
e5cba37a-b57c-47d0-b474-5cfed377e2c1,prca01,likert5,3) neutral,4,True,recode,0
e5cba37a-b57c-47d0-b474-5cfed377e2c1,prca02,likert5,3) neutral,1,True,recode,1
e5cba37a-b57c-47d0-b474-5cfed377e2c1,prca03,likert5,2) disagree,3,True,recode,0
e5cba37a-b57c-47d0-b474-5cfed377e2c1,prca04,likert5,3) neutral,2,True,recode,1
e5cba37a-b57c-47d0-b474-5cfed377e2c1,prca05,likert5,1) strongly disagree,4,True,recode,0
e5cba37a-b57c-47d0-b474-5cfed377e2c1,prca06,likert5,3) neutral,2,True,recode,1
e5cba37a-b57c-47d0-b474-5cfed377e2c1,prca13,likert5,2) disagree,5,True,recode,0
e5cba37a-b57c-47d0-b474-5cfed377e2c1,prca14,likert5,3) neutral,4,True,recode,1
e5cba37a-b57c-47d0-b474-5cfed377e2c1,prca15,likert5,2) disagree,4,True,recode,0
e5cba37a-b57c-47d0-b474-5cfed377e2c1,prca16,likert5,3) neutral,2,True,recode,1
e5cba37a-b57c-47d0-b474-5cfed377e2c1,prca17,likert5,3) neutral,2,True,recode,1
e5cba37a-b57c-47d0-b474-5cfed377e2c1,prca18,likert5,2) disagree,4,True,recode,0
669ce314-8fe3-4350-be2f-899ebd5864d8,prca01,likert5,3) neutral,4,True,recode,0
669ce314-8fe3-4350-be2f-899ebd5864d8,prca02,likert5,4) agree,5,True,recode,1
669ce314-8fe3-4350-be2f-899ebd5864d8,prca03,likert5,2) disagree,4,True,recode,0
669ce314-8fe3-4350-be2f-899ebd5864d8,prca04,likert5,3) neutral,2,True,recode,1
669ce314-8fe3-4350-be2f-899ebd5864d8,prca05,likert5,3) neutral,4,True,recode,0
669ce314-8fe3-4350-be2f-899ebd5864d8,prca06,likert5,3) neutral,2,True,recode,1
669ce314-8fe3-4350-be2f-899ebd5864d8,prca13,likert5,3) neutral,4,True,recode,0
669ce314-8fe3-4350-be2f-899ebd5864d8,prca14,likert5,4) agree,5,True,recode,1
669ce314-8fe3-4350-be2f-899ebd5864d8,prca15,likert5,3) neutral,4,True,recode,0
669ce314-8fe3-4350-be2f-899ebd5864d8,prca16,likert5,4) agree,2,True,recode,1
669ce314-8fe3-4350-be2f-899ebd5864d8,prca17,likert5,3) neutral,3,True,recode,1
669ce314-8fe3-4350-be2f-899ebd5864d8,prca18,likert5,3) neutral,4,True,recode,0
e276f5dc-84ae-4930-b438-fc0cf209a77d,prca01,likert5,3) neutral,4,True,recode,0
e276f5dc-84ae-4930-b438-fc0cf209a77d,prca02,likert5,3) neutral,2,True,recode,1
e276f5dc-84ae-4930-b438-fc0cf209a77d,prca03,likert5,3) neutral,4,True,recode,0
e276f5dc-84ae-4930-b438-fc0cf209a77d,prca04,likert5,3) neutral,2,True,recode,1
e276f5dc-84ae-4930-b438-fc0cf209a77d,prca05,likert5,3) neutral,4,True,recode,0
e276f5dc-84ae-4930-b438-fc0cf209a77d,prca06,likert5,3) neutral,2,True,recode,1
e276f5dc-84ae-4930-b438-fc0cf209a77d,prca13,likert5,1) strongly disagree.,5,True,recode,0
e276f5dc-84ae-4930-b438-fc0cf209a77d,prca14,likert5,1) strongly disagree,2,True,recode,1
e276f5dc-84ae-4930-b438-fc0cf209a77d,prca15,likert5,3) neutral,4,True,recode,0
e276f5dc-84ae-4930-b438-fc0cf209a77d,prca16,likert5,3) neutral,2,True,recode,1
e276f5dc-84ae-4930-b438-fc0cf209a77d,prca17,likert5,3) neutral,1,True,recode,1
e276f5dc-84ae-4930-b438-fc0cf209a77d,prca18,likert5,1) strongly disagree,5,True,recode,0
a147ec3e-56cf-4661-ab1b-6e63d24ca3ca,prca01,likert5,3) neutral,5,True,recode,0
a147ec3e-56cf-4661-ab1b-6e63d24ca3ca,prca02,likert5,5) strongly agree,3,True,recode,1
a147ec3e-56cf-4661-ab1b-6e63d24ca3ca,prca03,likert5,3) neutral,4,True,recode,0
a147ec3e-56cf-4661-ab1b-6e63d24ca3ca,prca04,likert5,3) neutral,1,True,recode,1
a147ec3e-56cf-4661-ab1b-6e63d24ca3ca,prca05,likert5,1) strongly disagree,4,True,recode,0
a147ec3e-56cf-4661-ab1b-6e63d24ca3ca,prca06,likert5,1) strongly disagree,3,True,recode,1
a147ec3e-56cf-4661-ab1b-6e63d24ca3ca,prca13,likert5,2) disagree,4,True,recode,0
a147ec3e-56cf-4661-ab1b-6e63d24ca3ca,prca14,likert5,3) neutral,2,True,recode,1
a147ec3e-56cf-4661-ab1b-6e63d24ca3ca,prca15,likert5,3) neutral,4,True,recode,0
a147ec3e-56cf-4661-ab1b-6e63d24ca3ca,prca16,likert5,4) agree,2,True,recode,1
a147ec3e-56cf-4661-ab1b-6e63d24ca3ca,prca17,likert5,1) strongly disagree,1,True,recode,1
a147ec3e-56cf-4661-ab1b-6e63d24ca3ca,prca18,likert5,1) strongly disagree,5,True,recode,0
73114d02-04fd-4df3-8f3d-bfdb48bcb1fa,prca01,likert5,3) neutral,4,True,recode,0
73114d02-04fd-4df3-8f3d-bfdb48bcb1fa,prca02,likert5,3) neutral,1,True,recode,1
73114d02-04fd-4df3-8f3d-bfdb48bcb1fa,prca03,likert5,3) neutral,4,True,recode,0
73114d02-04fd-4df3-8f3d-bfdb48bcb1fa,prca04,likert5,2) disagree,2,True,recode,1
73114d02-04fd-4df3-8f3d-bfdb48bcb1fa,prca05,likert5,1) strongly disagree,4,True,recode,0
73114d02-04fd-4df3-8f3d-bfdb48bcb1fa,prca06,likert5,3) neutral,2,True,recode,1
73114d02-04fd-4df3-8f3d-bfdb48bcb1fa,prca13,likert5,1) strongly disagree,5,True,recode,0
73114d02-04fd-4df3-8f3d-bfdb48bcb1fa,prca14,likert5,3) neutral,2,True,recode,1
73114d02-04fd-4df3-8f3d-bfdb48bcb1fa,prca15,likert5,3) neutral,4,True,recode,0
73114d02-04fd-4df3-8f3d-bfdb48bcb1fa,prca16,likert5,3) neutral,2,True,recode,1
73114d02-04fd-4df3-8f3d-bfdb48bcb1fa,prca17,likert5,3) neutral,2,True,recode,1
73114d02-04fd-4df3-8f3d-bfdb48bcb1fa,prca18,likert5,2) disagree,4,True,recode,0
222a40bb-edd1-430e-a81f-7a11c45277b6,prca01,likert5,4) agree,4,True,recode,0
222a40bb-edd1-430e-a81f-7a11c45277b6,prca02,likert5,4) agree,2,True,recode,1
222a40bb-edd1-430e-a81f-7a11c45277b6,prca03,likert5,3) neutral,4,True,recode,0
222a40bb-edd1-430e-a81f-7a11c45277b6,prca04,likert5,2) disagree,1,True,recode,1
222a40bb-edd1-430e-a81f-7a11c45277b6,prca05,likert5,3) neutral,4,True,recode,0
222a40bb-edd1-430e-a81f-7a11c45277b6,prca06,likert5,4) agree,2,True,recode,1
222a40bb-edd1-430e-a81f-7a11c45277b6,prca13,likert5,4) agree,5,True,recode,0
222a40bb-edd1-430e-a81f-7a11c45277b6,prca14,likert5,3) neutral,2,True,recode,1
222a40bb-edd1-430e-a81f-7a11c45277b6,prca15,likert5,1) strongly disagree,4,True,recode,0
222a40bb-edd1-430e-a81f-7a11c45277b6,prca16,likert5,3) neutral,2,True,recode,1
222a40bb-edd1-430e-a81f-7a11c45277b6,prca17,likert5,3) neutral,2,True,recode,1
222a40bb-edd1-430e-a81f-7a11c45277b6,prca18,likert5,2) disagree,4,True,recode,0
3da403bf-b666-480b-b734-2e6e280df731,prca01,likert5,1) strongly disagree,4,True,recode,0
3da403bf-b666-480b-b734-2e6e280df731,prca02,likert5,3) neutral,3,True,recode,1
3da403bf-b666-480b-b734-2e6e280df731,prca03,likert5,3) neutral,5,True,recode,0
3da403bf-b666-480b-b734-2e6e280df731,prca04,likert5,3) neutral,2,True,recode,1
3da403bf-b666-480b-b734-2e6e280df731,prca05,likert5,3) neutral,4,True,recode,0
3da403bf-b666-480b-b734-2e6e280df731,prca06,likert5,3) neutral,1,True,recode,1
3da403bf-b666-480b-b734-2e6e280df731,prca13,likert5,2) disagree,4,True,recode,0
3da403bf-b666-480b-b734-2e6e280df731,prca14,likert5,3) neutral,2,True,recode,1
3da403bf-b666-480b-b734-2e6e280df731,prca15,likert5,3) neutral,4,True,recode,0
3da403bf-b666-480b-b734-2e6e280df731,prca16,likert5,2) disagree,2,True,recode,1
3da403bf-b666-480b-b734-2e6e280df731,prca17,likert5,1) strongly disagree,2,True,recode,1
3da403bf-b666-480b-b734-2e6e280df731,prca18,likert5,3) neutral,4,True,recode,0
d45ff7b8-0838-4121-80df-c2a154dd5758,prca01,likert5,3) neutral,4,True,recode,0
d45ff7b8-0838-4121-80df-c2a154dd5758,prca02,likert5,3) neutral,2,True,recode,1
d45ff7b8-0838-4121-80df-c2a154dd5758,prca03,likert5,3) neutral,4,True,recode,0
d45ff7b8-0838-4121-80df-c2a154dd5758,prca04,likert5,3) neutral,1,True,recode,1
d45ff7b8-0838-4121-80df-c2a154dd5758,prca05,likert5,3) neutral,5,True,recode,0
d45ff7b8-0838-4121-80df-c2a154dd5758,prca06,likert5,3) neutral,2,True,recode,1
d45ff7b8-0838-4121-80df-c2a154dd5758,prca13,likert5,2) disagree,4,True,recode,0
d45ff7b8-0838-4121-80df-c2a154dd5758,prca14,likert5,4) agree,2,True,recode,1
d45ff7b8-0838-4121-80df-c2a154dd5758,prca15,likert5,2) disagree,5,True,recode,0
d45ff7b8-0838-4121-80df-c2a154dd5758,prca16,likert5,3) neutral,2,True,recode,1
d45ff7b8-0838-4121-80df-c2a154dd5758,prca17,likert5,3) neutral,2,True,recode,1
d45ff7b8-0838-4121-80df-c2a154dd5758,prca18,likert5,3) neutral,5,True,recode,0
839437d5-3056-4d42-a3e2-fb429370fb6d,prca01,likert5,1) strongly disagree,5,True,recode,0
839437d5-3056-4d42-a3e2-fb429370fb6d,prca02,likert5,3) neutral,2,True,recode,1
839437d5-3056-4d42-a3e2-fb429370fb6d,prca03,likert5,2) disagree,4,True,recode,0
839437d5-3056-4d42-a3e2-fb429370fb6d,prca04,likert5,1) strongly disagree,5,True,recode,1
839437d5-3056-4d42-a3e2-fb429370fb6d,prca05,likert5,2) disagree,4,True,recode,0
839437d5-3056-4d42-a3e2-fb429370fb6d,prca06,likert5,3) neutral,2,True,recode,1
839437d5-3056-4d42-a3e2-fb429370fb6d,prca13,likert5,3) neutral,4,True,recode,0
839437d5-3056-4d42-a3e2-fb429370fb6d,prca14,likert5,3) neutral,2,True,recode,1
839437d5-3056-4d42-a3e2-fb429370fb6d,prca15,likert5,4) agree,4,True,recode,0
839437d5-3056-4d42-a3e2-fb429370fb6d,prca16,likert5,3) neutral,2,True,recode,1
839437d5-3056-4d42-a3e2-fb429370fb6d,prca17,likert5,3) neutral,2,True,recode,1
839437d5-3056-4d42-a3e2-fb429370fb6d,prca18,likert5,4) agree,4,True,recode,0
d65c0955-0b5f-4142-8943-15eedc13c6fa,prca01,likert5,1) strongly disagree.,5,True,recode,0
d65c0955-0b5f-4142-8943-15eedc13c6fa,prca02,likert5,2) disagree,3,True,recode,1
d65c0955-0b5f-4142-8943-15eedc13c6fa,prca03,likert5,3) neutral,4,True,recode,0
d65c0955-0b5f-4142-8943-15eedc13c6fa,prca04,likert5,3) neutral,2,True,recode,1
d65c0955-0b5f-4142-8943-15eedc13c6fa,prca05,likert5,2) disagree,4,True,recode,0
d65c0955-0b5f-4142-8943-15eedc13c6fa,prca06,likert5,4) agree,2,True,recode,1
d65c0955-0b5f-4142-8943-15eedc13c6fa,prca13,likert5,3) neutral,4,True,recode,0
d65c0955-0b5f-4142-8943-15eedc13c6fa,prca14,likert5,3) neutral,2,True,recode,1
d65c0955-0b5f-4142-8943-15eedc13c6fa,prca15,likert5,2) disagree,4,True,recode,0
d65c0955-0b5f-4142-8943-15eedc13c6fa,prca16,likert5,2) disagree,2,True,recode,1
d65c0955-0b5f-4142-8943-15eedc13c6fa,prca17,likert5,3) neutral,2,True,recode,1
d65c0955-0b5f-4142-8943-15eedc13c6fa,prca18,likert5,1) strongly disagree,5,True,recode,0
9927c122-f5bb-4422-9568-5639dc619ccf,prca01,likert5,2) disagree,5,True,recode,0
9927c122-f5bb-4422-9568-5639dc619ccf,prca02,likert5,4) agree,1,True,recode,1
9927c122-f5bb-4422-9568-5639dc619ccf,prca03,likert5,1) strongly disagree,1,True,recode,0
9927c122-f5bb-4422-9568-5639dc619ccf,prca04,likert5,2) disagree,2,True,recode,1
9927c122-f5bb-4422-9568-5639dc619ccf,prca05,likert5,1) strongly disagree,1,True,recode,0
9927c122-f5bb-4422-9568-5639dc619ccf,prca06,likert5,4) agree,2,True,recode,1
9927c122-f5bb-4422-9568-5639dc619ccf,prca13,likert5,1) strongly disagree,4,True,recode,0
9927c122-f5bb-4422-9568-5639dc619ccf,prca14,likert5,5) strongly agree,3,True,recode,1
9927c122-f5bb-4422-9568-5639dc619ccf,prca15,likert5,2) disagree,4,True,recode,0
9927c122-f5bb-4422-9568-5639dc619ccf,prca16,likert5,3) neutral,2,True,recode,1
9927c122-f5bb-4422-9568-5639dc619ccf,prca17,likert5,1) strongly disagree,1,True,recode,1
9927c122-f5bb-4422-9568-5639dc619ccf,prca18,likert5,2) disagree,1,True,recode,0
2a0b508e-882a-4909-a627-648e73c13bb3,prca01,likert5,3) neutral,4,True,recode,0
2a0b508e-882a-4909-a627-648e73c13bb3,prca02,likert5,3) neutral,2,True,recode,1
2a0b508e-882a-4909-a627-648e73c13bb3,prca03,likert5,3) neutral,5,True,recode,0
2a0b508e-882a-4909-a627-648e73c13bb3,prca04,likert5,3) neutral,2,True,recode,1
2a0b508e-882a-4909-a627-648e73c13bb3,prca05,likert5,3) neutral,4,True,recode,0
2a0b508e-882a-4909-a627-648e73c13bb3,prca06,likert5,3) neutral,2,True,recode,1
2a0b508e-882a-4909-a627-648e73c13bb3,prca13,likert5,3) neutral,5,True,recode,0
2a0b508e-882a-4909-a627-648e73c13bb3,prca14,likert5,4) agree,1,True,recode,1
2a0b508e-882a-4909-a627-648e73c13bb3,prca15,likert5,3) neutral,4,True,recode,0
2a0b508e-882a-4909-a627-648e73c13bb3,prca16,likert5,2) disagree,2,True,recode,1
2a0b508e-882a-4909-a627-648e73c13bb3,prca17,likert5,2) disagree,2,True,recode,1
2a0b508e-882a-4909-a627-648e73c13bb3,prca18,likert5,3) neutral,4,True,recode,0
a687f9b9-5b8d-49e9-8d59-c335a45defd4,prca01,likert5,3) neutral,4,True,recode,0
a687f9b9-5b8d-49e9-8d59-c335a45defd4,prca02,likert5,3) neutral,2,True,recode,1
a687f9b9-5b8d-49e9-8d59-c335a45defd4,prca03,likert5,3) neutral,4,True,recode,0
a687f9b9-5b8d-49e9-8d59-c335a45defd4,prca04,likert5,3) neutral,2,True,recode,1
a687f9b9-5b8d-49e9-8d59-c335a45defd4,prca05,likert5,1) strongly disagree,5,True,recode,0
a687f9b9-5b8d-49e9-8d59-c335a45defd4,prca06,likert5,3) neutral,2,True,recode,1
a687f9b9-5b8d-49e9-8d59-c335a45defd4,prca13,likert5,1) strongly disagree,5,True,recode,0
a687f9b9-5b8d-49e9-8d59-c335a45defd4,prca14,likert5,1) strongly disagree,5,True,recode,1
a687f9b9-5b8d-49e9-8d59-c335a45defd4,prca15,likert5,3) neutral,4,True,recode,0
a687f9b9-5b8d-49e9-8d59-c335a45defd4,prca16,likert5,3) neutral,1,True,recode,1
a687f9b9-5b8d-49e9-8d59-c335a45defd4,prca17,likert5,3) neutral,2,True,recode,1
a687f9b9-5b8d-49e9-8d59-c335a45defd4,prca18,likert5,3) neutral,4,True,recode,0
c10fae59-bbdc-4b32-a54d-577c6c3e7033,prca01,likert5,3) neutral,4,True,recode,0
c10fae59-bbdc-4b32-a54d-577c6c3e7033,prca02,likert5,3) neutral,2,True,recode,1
c10fae59-bbdc-4b32-a54d-577c6c3e7033,prca03,likert5,2) disagree,3,True,recode,0
c10fae59-bbdc-4b32-a54d-577c6c3e7033,prca04,likert5,4) agree,2,True,recode,1
c10fae59-bbdc-4b32-a54d-577c6c3e7033,prca05,likert5,1) strongly disagree,5,True,recode,0
c10fae59-bbdc-4b32-a54d-577c6c3e7033,prca06,likert5,2) disagree,2,True,recode,1
c10fae59-bbdc-4b32-a54d-577c6c3e7033,prca13,likert5,1) strongly disagree,4,True,recode,0
c10fae59-bbdc-4b32-a54d-577c6c3e7033,prca14,likert5,3) neutral,2,True,recode,1
c10fae59-bbdc-4b32-a54d-577c6c3e7033,prca15,likert5,3) neutral,4,True,recode,0
c10fae59-bbdc-4b32-a54d-577c6c3e7033,prca16,likert5,3) neutral,2,True,recode,1
c10fae59-bbdc-4b32-a54d-577c6c3e7033,prca17,likert5,3) neutral,2,True,recode,1
c10fae59-bbdc-4b32-a54d-577c6c3e7033,prca18,likert5,1) strongly disagree,3,True,recode,0
29ce8a06-2c6c-490c-a8f3-628f88cfc1d5,prca01,likert5,3) neutral,4,True,recode,0
29ce8a06-2c6c-490c-a8f3-628f88cfc1d5,prca02,likert5,2) disagree,3,True,recode,1
29ce8a06-2c6c-490c-a8f3-628f88cfc1d5,prca03,likert5,3) neutral,4,True,recode,0
29ce8a06-2c6c-490c-a8f3-628f88cfc1d5,prca04,likert5,3) neutral,2,True,recode,1
29ce8a06-2c6c-490c-a8f3-628f88cfc1d5,prca05,likert5,1) strongly disagree,5,True,recode,0
29ce8a06-2c6c-490c-a8f3-628f88cfc1d5,prca06,likert5,4) agree,2,True,recode,1
29ce8a06-2c6c-490c-a8f3-628f88cfc1d5,prca13,likert5,3) neutral,4,True,recode,0
29ce8a06-2c6c-490c-a8f3-628f88cfc1d5,prca14,likert5,3) neutral,2,True,recode,1
29ce8a06-2c6c-490c-a8f3-628f88cfc1d5,prca15,likert5,3) neutral,4,True,recode,0
29ce8a06-2c6c-490c-a8f3-628f88cfc1d5,prca16,likert5,3) neutral,2,True,recode,1
29ce8a06-2c6c-490c-a8f3-628f88cfc1d5,prca17,likert5,3) neutral,2,True,recode,1
29ce8a06-2c6c-490c-a8f3-628f88cfc1d5,prca18,likert5,3) neutral,4,True,recode,0
7536adc9-277f-422b-a34e-e2fd445d57d9,prca01,likert5,3) neutral,4,True,recode,0
7536adc9-277f-422b-a34e-e2fd445d57d9,prca02,likert5,4) agree,2,True,recode,1
7536adc9-277f-422b-a34e-e2fd445d57d9,prca03,likert5,1) strongly disagree,5,True,recode,0
7536adc9-277f-422b-a34e-e2fd445d57d9,prca04,likert5,2) disagree,1,True,recode,1
7536adc9-277f-422b-a34e-e2fd445d57d9,prca05,likert5,2) disagree,5,True,recode,0
7536adc9-277f-422b-a34e-e2fd445d57d9,prca06,likert5,2) disagree,1,True,recode,1
7536adc9-277f-422b-a34e-e2fd445d57d9,prca13,likert5,3) neutral,4,True,recode,0
7536adc9-277f-422b-a34e-e2fd445d57d9,prca14,likert5,4) agree,2,True,recode,1
7536adc9-277f-422b-a34e-e2fd445d57d9,prca15,likert5,1) strongly disagree,5,True,recode,0
7536adc9-277f-422b-a34e-e2fd445d57d9,prca16,likert5,3) neutral,1,True,recode,1
7536adc9-277f-422b-a34e-e2fd445d57d9,prca17,likert5,1) strongly disagree,1,True,recode,1
7536adc9-277f-422b-a34e-e2fd445d57d9,prca18,likert5,4) agree,4,True,recode,0
6c092fbc-6b31-40c3-ab42-504b8fc642c5,prca01,likert5,1) strongly disagree,5,True,recode,0
6c092fbc-6b31-40c3-ab42-504b8fc642c5,prca02,likert5,3) neutral,2,True,recode,1
6c092fbc-6b31-40c3-ab42-504b8fc642c5,prca03,likert5,3) neutral,5,True,recode,0
6c092fbc-6b31-40c3-ab42-504b8fc642c5,prca04,likert5,3) neutral,2,True,recode,1
6c092fbc-6b31-40c3-ab42-504b8fc642c5,prca05,likert5,3) neutral,4,True,recode,0
6c092fbc-6b31-40c3-ab42-504b8fc642c5,prca06,likert5,4) agree,2,True,recode,1
6c092fbc-6b31-40c3-ab42-504b8fc642c5,prca13,likert5,2) disagree,4,True,recode,0
6c092fbc-6b31-40c3-ab42-504b8fc642c5,prca14,likert5,3) neutral,2,True,recode,1
6c092fbc-6b31-40c3-ab42-504b8fc642c5,prca15,likert5,3) neutral,4,True,recode,0
6c092fbc-6b31-40c3-ab42-504b8fc642c5,prca16,likert5,4) agree,2,True,recode,1
6c092fbc-6b31-40c3-ab42-504b8fc642c5,prca17,likert5,3) neutral,2,True,recode,1
6c092fbc-6b31-40c3-ab42-504b8fc642c5,prca18,likert5,2) disagree,4,True,recode,0
5244ab4f-d21a-4f9d-a273-02a4d106aeb2,prca01,likert5,2) disagree,4,True,recode,0
5244ab4f-d21a-4f9d-a273-02a4d106aeb2,prca02,likert5,3) neutral,2,True,recode,1
5244ab4f-d21a-4f9d-a273-02a4d106aeb2,prca03,likert5,3) neutral,5,True,recode,0
5244ab4f-d21a-4f9d-a273-02a4d106aeb2,prca04,likert5,3) neutral,2,True,recode,1
5244ab4f-d21a-4f9d-a273-02a4d106aeb2,prca05,likert5,3) neutral,4,True,recode,0
5244ab4f-d21a-4f9d-a273-02a4d106aeb2,prca06,likert5,3) neutral,3,True,recode,1
5244ab4f-d21a-4f9d-a273-02a4d106aeb2,prca13,likert5,4) agree,4,True,recode,0
5244ab4f-d21a-4f9d-a273-02a4d106aeb2,prca14,likert5,3) neutral,2,True,recode,1
5244ab4f-d21a-4f9d-a273-02a4d106aeb2,prca15,likert5,3) neutral,4,True,recode,0
5244ab4f-d21a-4f9d-a273-02a4d106aeb2,prca16,likert5,4) agree,2,True,recode,1
5244ab4f-d21a-4f9d-a273-02a4d106aeb2,prca17,likert5,3) neutral,2,True,recode,1
5244ab4f-d21a-4f9d-a273-02a4d106aeb2,prca18,likert5,3) neutral,3,True,recode,0
1b570334-640c-423d-881f-f64f6d30075b,prca01,likert5,3) neutral,4,True,recode,0
1b570334-640c-423d-881f-f64f6d30075b,prca02,likert5,3) neutral,2,True,recode,1
1b570334-640c-423d-881f-f64f6d30075b,prca03,likert5,3) neutral,4,True,recode,0
1b570334-640c-423d-881f-f64f6d30075b,prca04,likert5,1) strongly disagree,1,True,recode,1
1b570334-640c-423d-881f-f64f6d30075b,prca05,likert5,3) neutral,4,True,recode,0
1b570334-640c-423d-881f-f64f6d30075b,prca06,likert5,3) neutral,2,True,recode,1
1b570334-640c-423d-881f-f64f6d30075b,prca13,likert5,2) disagree,5,True,recode,0
1b570334-640c-423d-881f-f64f6d30075b,prca14,likert5,3) neutral,2,True,recode,1
1b570334-640c-423d-881f-f64f6d30075b,prca15,likert5,1) strongly disagree,5,True,recode,0
1b570334-640c-423d-881f-f64f6d30075b,prca16,likert5,2) disagree,1,True,recode,1
1b570334-640c-423d-881f-f64f6d30075b,prca17,likert5,3) neutral,2,True,recode,1
1b570334-640c-423d-881f-f64f6d30075b,prca18,likert5,1) strongly disagree,5,True,recode,0
f269759e-b756-40ba-8fec-a03b1779b2b6,prca01,likert5,4) agree,4,True,recode,0
f269759e-b756-40ba-8fec-a03b1779b2b6,prca02,likert5,3) neutral,2,True,recode,1
f269759e-b756-40ba-8fec-a03b1779b2b6,prca03,likert5,3) neutral,4,True,recode,0
f269759e-b756-40ba-8fec-a03b1779b2b6,prca04,likert5,3) neutral,2,True,recode,1
f269759e-b756-40ba-8fec-a03b1779b2b6,prca05,likert5,1) strongly disagree,5,True,recode,0
f269759e-b756-40ba-8fec-a03b1779b2b6,prca06,likert5,2) disagree,2,True,recode,1
f269759e-b756-40ba-8fec-a03b1779b2b6,prca13,likert5,3) neutral,4,True,recode,0
f269759e-b756-40ba-8fec-a03b1779b2b6,prca14,likert5,5) strongly agree,3,True,recode,1
f269759e-b756-40ba-8fec-a03b1779b2b6,prca15,likert5,3) neutral,4,True,recode,0
f269759e-b756-40ba-8fec-a03b1779b2b6,prca16,likert5,4) agree,2,True,recode,1
f269759e-b756-40ba-8fec-a03b1779b2b6,prca17,likert5,4) agree,2,True,recode,1
f269759e-b756-40ba-8fec-a03b1779b2b6,prca18,likert5,3) neutral,4,True,recode,0
77fc808e-0425-42fb-9d72-572e185261ad,prca01,likert5,2) disagree,4,True,recode,0
77fc808e-0425-42fb-9d72-572e185261ad,prca02,likert5,4) agree,2,True,recode,1
77fc808e-0425-42fb-9d72-572e185261ad,prca03,likert5,1) strongly disagree,4,True,recode,0
77fc808e-0425-42fb-9d72-572e185261ad,prca04,likert5,3) neutral,2,True,recode,1
77fc808e-0425-42fb-9d72-572e185261ad,prca05,likert5,2) disagree,4,True,recode,0
77fc808e-0425-42fb-9d72-572e185261ad,prca06,likert5,3) neutral,2,True,recode,1
77fc808e-0425-42fb-9d72-572e185261ad,prca13,likert5,4) agree,4,True,recode,0
77fc808e-0425-42fb-9d72-572e185261ad,prca14,likert5,1) strongly disagree,1,True,recode,1
77fc808e-0425-42fb-9d72-572e185261ad,prca15,likert5,2) disagree,5,True,recode,0
77fc808e-0425-42fb-9d72-572e185261ad,prca16,likert5,3) neutral,2,True,recode,1
77fc808e-0425-42fb-9d72-572e185261ad,prca17,likert5,3) neutral,2,True,recode,1
77fc808e-0425-42fb-9d72-572e185261ad,prca18,likert5,2) disagree,4,True,recode,0
0d187afe-a319-45a1-a3b6-7b3f11cec998,prca01,likert5,3) neutral,4,True,recode,0
0d187afe-a319-45a1-a3b6-7b3f11cec998,prca02,likert5,3) neutral,2,True,recode,1
0d187afe-a319-45a1-a3b6-7b3f11cec998,prca03,likert5,2) disagree,5,True,recode,0
0d187afe-a319-45a1-a3b6-7b3f11cec998,prca04,likert5,3) neutral,2,True,recode,1
0d187afe-a319-45a1-a3b6-7b3f11cec998,prca05,likert5,3) neutral,4,True,recode,0
0d187afe-a319-45a1-a3b6-7b3f11cec998,prca06,likert5,3) neutral,2,True,recode,1
0d187afe-a319-45a1-a3b6-7b3f11cec998,prca13,likert5,1) strongly disagree,5,True,recode,0
0d187afe-a319-45a1-a3b6-7b3f11cec998,prca14,likert5,3) neutral,2,True,recode,1
0d187afe-a319-45a1-a3b6-7b3f11cec998,prca15,likert5,3) neutral,3,True,recode,0
0d187afe-a319-45a1-a3b6-7b3f11cec998,prca16,likert5,3) neutral,2,True,recode,1
0d187afe-a319-45a1-a3b6-7b3f11cec998,prca17,likert5,3) neutral,2,True,recode,1
0d187afe-a319-45a1-a3b6-7b3f11cec998,prca18,likert5,3) neutral,4,True,recode,0
dcd42982-6707-4f23-9c94-c6095140d2c5,prca01,likert5,2) disagree,4,True,recode,0
dcd42982-6707-4f23-9c94-c6095140d2c5,prca02,likert5,2) disagree,2,True,recode,1
dcd42982-6707-4f23-9c94-c6095140d2c5,prca03,likert5,3) neutral,4,True,recode,0
dcd42982-6707-4f23-9c94-c6095140d2c5,prca04,likert5,3) neutral,1,True,recode,1
dcd42982-6707-4f23-9c94-c6095140d2c5,prca05,likert5,1) strongly disagree,5,True,recode,0
dcd42982-6707-4f23-9c94-c6095140d2c5,prca06,likert5,3) neutral,2,True,recode,1
dcd42982-6707-4f23-9c94-c6095140d2c5,prca13,likert5,2) disagree,5,True,recode,0
dcd42982-6707-4f23-9c94-c6095140d2c5,prca14,likert5,4,2,True,validated,1
dcd42982-6707-4f23-9c94-c6095140d2c5,prca15,likert5,3) neutral,4,True,recode,0
dcd42982-6707-4f23-9c94-c6095140d2c5,prca16,likert5,4) agree,1,True,recode,1
dcd42982-6707-4f23-9c94-c6095140d2c5,prca17,likert5,2) disagree,2,True,recode,1
dcd42982-6707-4f23-9c94-c6095140d2c5,prca18,likert5,3) neutral,4,True,recode,0
922708f3-0b44-405b-af52-73204e3dbe8b,prca01,likert5,3) neutral,5,True,recode,0
922708f3-0b44-405b-af52-73204e3dbe8b,prca02,likert5,3) neutral,2,True,recode,1
922708f3-0b44-405b-af52-73204e3dbe8b,prca03,likert5,3) neutral,4,True,recode,0
922708f3-0b44-405b-af52-73204e3dbe8b,prca04,likert5,2) disagree,1,True,recode,1
922708f3-0b44-405b-af52-73204e3dbe8b,prca05,likert5,3) neutral,4,True,recode,0
922708f3-0b44-405b-af52-73204e3dbe8b,prca06,likert5,2) disagree,2,True,recode,1
922708f3-0b44-405b-af52-73204e3dbe8b,prca13,likert5,3) neutral,4,True,recode,0
922708f3-0b44-405b-af52-73204e3dbe8b,prca14,likert5,3) neutral,2,True,recode,1
922708f3-0b44-405b-af52-73204e3dbe8b,prca15,likert5,2) disagree,5,True,recode,0
922708f3-0b44-405b-af52-73204e3dbe8b,prca16,likert5,3) neutral,2,True,recode,1
922708f3-0b44-405b-af52-73204e3dbe8b,prca17,likert5,1) strongly disagree,1,True,recode,1
922708f3-0b44-405b-af52-73204e3dbe8b,prca18,likert5,3) neutral,4,True,recode,0
408f774b-3aab-4e67-8358-8096dc9fa18b,prca01,likert5,3) neutral,5,True,recode,0
408f774b-3aab-4e67-8358-8096dc9fa18b,prca02,likert5,5) strongly agree,3,True,recode,1
408f774b-3aab-4e67-8358-8096dc9fa18b,prca03,likert5,4) agree,4,True,recode,0
408f774b-3aab-4e67-8358-8096dc9fa18b,prca04,likert5,3) neutral,2,True,recode,1
408f774b-3aab-4e67-8358-8096dc9fa18b,prca05,likert5,3) neutral,1,True,recode,0
408f774b-3aab-4e67-8358-8096dc9fa18b,prca06,likert5,3) neutral,2,True,recode,1
408f774b-3aab-4e67-8358-8096dc9fa18b,prca13,likert5,3) neutral,4,True,recode,0
408f774b-3aab-4e67-8358-8096dc9fa18b,prca14,likert5,5) strongly agree,3,True,recode,1
408f774b-3aab-4e67-8358-8096dc9fa18b,prca15,likert5,3) neutral,4,True,recode,0
408f774b-3aab-4e67-8358-8096dc9fa18b,prca16,likert5,3) neutral,2,True,recode,1
408f774b-3aab-4e67-8358-8096dc9fa18b,prca17,likert5,2) disagree,1,True,recode,1
408f774b-3aab-4e67-8358-8096dc9fa18b,prca18,likert5,4) agree,4,True,recode,0
1cdb012b-622d-42d1-8c4a-698dd42515a3,prca01,likert5,2) disagree,5,True,recode,0
1cdb012b-622d-42d1-8c4a-698dd42515a3,prca02,likert5,3) neutral,2,True,recode,1
1cdb012b-622d-42d1-8c4a-698dd42515a3,prca03,likert5,3) neutral,4,True,recode,0
1cdb012b-622d-42d1-8c4a-698dd42515a3,prca04,likert5,3) neutral,1,True,recode,1
1cdb012b-622d-42d1-8c4a-698dd42515a3,prca05,likert5,3) neutral,4,True,recode,0
1cdb012b-622d-42d1-8c4a-698dd42515a3,prca06,likert5,2) disagree,2,True,recode,1
1cdb012b-622d-42d1-8c4a-698dd42515a3,prca13,likert5,3) neutral,4,True,recode,0
1cdb012b-622d-42d1-8c4a-698dd42515a3,prca14,likert5,3) neutral,2,True,recode,1
1cdb012b-622d-42d1-8c4a-698dd42515a3,prca15,likert5,3) neutral,4,True,recode,0
1cdb012b-622d-42d1-8c4a-698dd42515a3,prca16,likert5,4) agree,2,True,recode,1
1cdb012b-622d-42d1-8c4a-698dd42515a3,prca17,likert5,3) neutral,2,True,recode,1
1cdb012b-622d-42d1-8c4a-698dd42515a3,prca18,likert5,3) neutral,4,True,recode,0
8941f9b0-9421-4842-a6af-29ad3dd82dbd,prca01,likert5,3) neutral,4,True,recode,0
8941f9b0-9421-4842-a6af-29ad3dd82dbd,prca02,likert5,3) neutral,2,True,recode,1
8941f9b0-9421-4842-a6af-29ad3dd82dbd,prca03,likert5,3) neutral,4,True,recode,0
8941f9b0-9421-4842-a6af-29ad3dd82dbd,prca04,likert5,3) neutral,2,True,recode,1
8941f9b0-9421-4842-a6af-29ad3dd82dbd,prca05,likert5,4) agree,4,True,recode,0
8941f9b0-9421-4842-a6af-29ad3dd82dbd,prca06,likert5,3) neutral,2,True,recode,1
8941f9b0-9421-4842-a6af-29ad3dd82dbd,prca13,likert5,1) strongly disagree,5,True,recode,0
8941f9b0-9421-4842-a6af-29ad3dd82dbd,prca14,likert5,3) neutral,2,True,recode,1
8941f9b0-9421-4842-a6af-29ad3dd82dbd,prca15,likert5,4) agree,4,True,recode,0
8941f9b0-9421-4842-a6af-29ad3dd82dbd,prca16,likert5,3) neutral,2,True,recode,1
8941f9b0-9421-4842-a6af-29ad3dd82dbd,prca17,likert5,5) strongly agree,3,True,recode,1
8941f9b0-9421-4842-a6af-29ad3dd82dbd,prca18,likert5,2) disagree,4,True,recode,0
1f377d79-d59a-41f2-bb67-8ebcd8f7f5c0,prca01,likert5,4) agree,4,True,recode,0
1f377d79-d59a-41f2-bb67-8ebcd8f7f5c0,prca02,likert5,4) agree,2,True,recode,1
1f377d79-d59a-41f2-bb67-8ebcd8f7f5c0,prca03,likert5,1) strongly disagree,4,True,recode,0
1f377d79-d59a-41f2-bb67-8ebcd8f7f5c0,prca04,likert5,3) neutral,2,True,recode,1
1f377d79-d59a-41f2-bb67-8ebcd8f7f5c0,prca05,likert5,2) disagree,5,True,recode,0
1f377d79-d59a-41f2-bb67-8ebcd8f7f5c0,prca06,likert5,4) agree,2,True,recode,1
1f377d79-d59a-41f2-bb67-8ebcd8f7f5c0,prca13,likert5,3) neutral,4,True,recode,0
1f377d79-d59a-41f2-bb67-8ebcd8f7f5c0,prca14,likert5,1) strongly disagree,1,True,recode,1
1f377d79-d59a-41f2-bb67-8ebcd8f7f5c0,prca15,likert5,3) neutral,4,True,recode,0
1f377d79-d59a-41f2-bb67-8ebcd8f7f5c0,prca16,likert5,3) neutral,2,True,recode,1
1f377d79-d59a-41f2-bb67-8ebcd8f7f5c0,prca17,likert5,3) neutral,2,True,recode,1
1f377d79-d59a-41f2-bb67-8ebcd8f7f5c0,prca18,likert5,3) neutral,4,True,recode,0
90e0bcc1-c914-47a1-8953-3c095845d614,prca01,likert5,1) strongly disagree,5,True,recode,0
90e0bcc1-c914-47a1-8953-3c095845d614,prca02,likert5,1) strongly disagree,3,True,recode,1
90e0bcc1-c914-47a1-8953-3c095845d614,prca03,likert5,3) neutral,4,True,recode,0
90e0bcc1-c914-47a1-8953-3c095845d614,prca04,likert5,3) neutral,2,True,recode,1
90e0bcc1-c914-47a1-8953-3c095845d614,prca05,likert5,1) strongly disagree,5,True,recode,0
90e0bcc1-c914-47a1-8953-3c095845d614,prca06,likert5,3) neutral,2,True,recode,1
90e0bcc1-c914-47a1-8953-3c095845d614,prca13,likert5,3) neutral,4,True,recode,0
90e0bcc1-c914-47a1-8953-3c095845d614,prca14,likert5,3) neutral,2,True,recode,1
90e0bcc1-c914-47a1-8953-3c095845d614,prca15,likert5,3) neutral,4,True,recode,0
90e0bcc1-c914-47a1-8953-3c095845d614,prca16,likert5,3) neutral,2,True,recode,1
90e0bcc1-c914-47a1-8953-3c095845d614,prca17,likert5,3) neutral,2,True,recode,1
90e0bcc1-c914-47a1-8953-3c095845d614,prca18,likert5,3) neutral,4,True,recode,0
1741b95a-3a97-4ba9-ab48-202e2c1ed185,prca01,likert5,3) neutral,4,True,recode,0
1741b95a-3a97-4ba9-ab48-202e2c1ed185,prca02,likert5,3) neutral,2,True,recode,1
1741b95a-3a97-4ba9-ab48-202e2c1ed185,prca03,likert5,3) neutral,4,True,recode,0
1741b95a-3a97-4ba9-ab48-202e2c1ed185,prca04,likert5,4) agree,1,True,recode,1
1741b95a-3a97-4ba9-ab48-202e2c1ed185,prca05,likert5,3) neutral,4,True,recode,0
1741b95a-3a97-4ba9-ab48-202e2c1ed185,prca06,likert5,3) neutral,2,True,recode,1
1741b95a-3a97-4ba9-ab48-202e2c1ed185,prca13,likert5,3) neutral,5,True,recode,0
1741b95a-3a97-4ba9-ab48-202e2c1ed185,prca14,likert5,4) agree,2,True,recode,1
1741b95a-3a97-4ba9-ab48-202e2c1ed185,prca15,likert5,3) neutral,4,True,recode,0
1741b95a-3a97-4ba9-ab48-202e2c1ed185,prca16,likert5,1) strongly disagree,1,True,recode,1
1741b95a-3a97-4ba9-ab48-202e2c1ed185,prca17,likert5,4) agree,2,True,recode,1
1741b95a-3a97-4ba9-ab48-202e2c1ed185,prca18,likert5,3) neutral,4,True,recode,0
0dd0764f-75bc-44c9-9a66-0e0d278abb71,prca01,likert5,1) strongly disagree,5,True,recode,0
0dd0764f-75bc-44c9-9a66-0e0d278abb71,prca02,likert5,3) neutral,2,True,recode,1
0dd0764f-75bc-44c9-9a66-0e0d278abb71,prca03,likert5,1) strongly disagree,5,True,recode,0
0dd0764f-75bc-44c9-9a66-0e0d278abb71,prca04,likert5,4,2,True,validated,1
0dd0764f-75bc-44c9-9a66-0e0d278abb71,prca05,likert5,2) disagree,5,True,recode,0
0dd0764f-75bc-44c9-9a66-0e0d278abb71,prca06,likert5,2) disagree,1,True,recode,1
0dd0764f-75bc-44c9-9a66-0e0d278abb71,prca13,likert5,4) agree,5,True,recode,0
0dd0764f-75bc-44c9-9a66-0e0d278abb71,prca14,likert5,3) neutral,2,True,recode,1
0dd0764f-75bc-44c9-9a66-0e0d278abb71,prca15,likert5,3) neutral,4,True,recode,0
0dd0764f-75bc-44c9-9a66-0e0d278abb71,prca16,likert5,2) disagree,1,True,recode,1
0dd0764f-75bc-44c9-9a66-0e0d278abb71,prca17,likert5,2) disagree,1,True,recode,1
0dd0764f-75bc-44c9-9a66-0e0d278abb71,prca18,likert5,3) neutral,4,True,recode,0
c49595b3-7355-43a7-91c8-754b6b46baa0,prca01,likert5,3) neutral,4,True,recode,0
c49595b3-7355-43a7-91c8-754b6b46baa0,prca02,likert5,3) neutral,2,True,recode,1
c49595b3-7355-43a7-91c8-754b6b46baa0,prca03,likert5,3) neutral,4,True,recode,0
c49595b3-7355-43a7-91c8-754b6b46baa0,prca04,likert5,3) neutral,2,True,recode,1
c49595b3-7355-43a7-91c8-754b6b46baa0,prca05,likert5,1) strongly disagree,1,True,recode,0
c49595b3-7355-43a7-91c8-754b6b46baa0,prca06,likert5,4) agree,2,True,recode,1
c49595b3-7355-43a7-91c8-754b6b46baa0,prca13,likert5,3) neutral,4,True,recode,0
c49595b3-7355-43a7-91c8-754b6b46baa0,prca14,likert5,4) agree,5,True,recode,1
c49595b3-7355-43a7-91c8-754b6b46baa0,prca15,likert5,3) neutral,4,True,recode,0
c49595b3-7355-43a7-91c8-754b6b46baa0,prca16,likert5,1) strongly disagree,2,True,recode,1
c49595b3-7355-43a7-91c8-754b6b46baa0,prca17,likert5,3) neutral,2,True,recode,1
c49595b3-7355-43a7-91c8-754b6b46baa0,prca18,likert5,2) disagree,4,True,recode,0
3e6aaf01-11f6-4011-b014-4a1db6551847,prca01,likert5,3) neutral,4,True,recode,0
3e6aaf01-11f6-4011-b014-4a1db6551847,prca02,likert5,3) neutral,2,True,recode,1
3e6aaf01-11f6-4011-b014-4a1db6551847,prca03,likert5,3) neutral,4,True,recode,0
3e6aaf01-11f6-4011-b014-4a1db6551847,prca04,likert5,4) agree,4,True,recode,1
3e6aaf01-11f6-4011-b014-4a1db6551847,prca05,likert5,2) disagree,5,True,recode,0
3e6aaf01-11f6-4011-b014-4a1db6551847,prca06,likert5,3) neutral,2,True,recode,1
3e6aaf01-11f6-4011-b014-4a1db6551847,prca13,likert5,4) agree,4,True,recode,0
3e6aaf01-11f6-4011-b014-4a1db6551847,prca14,likert5,5) strongly agree,3,True,recode,1
3e6aaf01-11f6-4011-b014-4a1db6551847,prca15,likert5,4) agree,4,True,recode,0
3e6aaf01-11f6-4011-b014-4a1db6551847,prca16,likert5,3) neutral,1,True,recode,1
3e6aaf01-11f6-4011-b014-4a1db6551847,prca17,likert5,2) disagree,1,True,recode,1
3e6aaf01-11f6-4011-b014-4a1db6551847,prca18,likert5,2) disagree,4,True,recode,0
a550ce0a-b604-4edb-b402-bdd9d6b5fb3c,prca01,likert5,3) neutral,4,True,recode,0
a550ce0a-b604-4edb-b402-bdd9d6b5fb3c,prca02,likert5,3) neutral,2,True,recode,1
a550ce0a-b604-4edb-b402-bdd9d6b5fb3c,prca03,likert5,3) neutral,4,True,recode,0
a550ce0a-b604-4edb-b402-bdd9d6b5fb3c,prca04,likert5,4) agree,1,True,recode,1
a550ce0a-b604-4edb-b402-bdd9d6b5fb3c,prca05,likert5,3) neutral,4,True,recode,0
a550ce0a-b604-4edb-b402-bdd9d6b5fb3c,prca06,likert5,2) disagree,1,True,recode,1
a550ce0a-b604-4edb-b402-bdd9d6b5fb3c,prca13,likert5,3) neutral,4,True,recode,0
a550ce0a-b604-4edb-b402-bdd9d6b5fb3c,prca14,likert5,4) agree,2,True,recode,1
a550ce0a-b604-4edb-b402-bdd9d6b5fb3c,prca15,likert5,2) disagree,5,True,recode,0
a550ce0a-b604-4edb-b402-bdd9d6b5fb3c,prca16,likert5,2) disagree,1,True,recode,1
a550ce0a-b604-4edb-b402-bdd9d6b5fb3c,prca17,likert5,4) agree,1,True,recode,1
a550ce0a-b604-4edb-b402-bdd9d6b5fb3c,prca18,likert5,2) disagree,4,True,recode,0
abab3e6b-df95-4c0e-9213-715f5387dc31,prca01,likert5,3) neutral,5,True,recode,0
abab3e6b-df95-4c0e-9213-715f5387dc31,prca02,likert5,3) neutral,1,True,recode,1
abab3e6b-df95-4c0e-9213-715f5387dc31,prca03,likert5,3) neutral,4,True,recode,0
abab3e6b-df95-4c0e-9213-715f5387dc31,prca04,likert5,5) strongly agree,3,True,recode,1
abab3e6b-df95-4c0e-9213-715f5387dc31,prca05,likert5,1) strongly disagree,5,True,recode,0
abab3e6b-df95-4c0e-9213-715f5387dc31,prca06,likert5,3) neutral,2,True,recode,1
abab3e6b-df95-4c0e-9213-715f5387dc31,prca13,likert5,4) agree,4,True,recode,0
abab3e6b-df95-4c0e-9213-715f5387dc31,prca14,likert5,2) disagree,1,True,recode,1
abab3e6b-df95-4c0e-9213-715f5387dc31,prca15,likert5,3) neutral,4,True,recode,0
abab3e6b-df95-4c0e-9213-715f5387dc31,prca16,likert5,3) neutral,2,True,recode,1
abab3e6b-df95-4c0e-9213-715f5387dc31,prca17,likert5,3) neutral,2,True,recode,1
abab3e6b-df95-4c0e-9213-715f5387dc31,prca18,likert5,1) strongly disagree,5,True,recode,0
ce754a55-4682-4299-9ed2-d26dbb5a9f8e,prca01,likert5,3) neutral,4,True,recode,0
ce754a55-4682-4299-9ed2-d26dbb5a9f8e,prca02,likert5,2) disagree,2,True,recode,1
ce754a55-4682-4299-9ed2-d26dbb5a9f8e,prca03,likert5,3) neutral,4,True,recode,0
ce754a55-4682-4299-9ed2-d26dbb5a9f8e,prca04,likert5,3) neutral,2,True,recode,1
ce754a55-4682-4299-9ed2-d26dbb5a9f8e,prca05,likert5,2) disagree,4,True,recode,0
ce754a55-4682-4299-9ed2-d26dbb5a9f8e,prca06,likert5,3) neutral,2,True,recode,1
ce754a55-4682-4299-9ed2-d26dbb5a9f8e,prca13,likert5,2) disagree,5,True,recode,0
ce754a55-4682-4299-9ed2-d26dbb5a9f8e,prca14,likert5,4) agree,2,True,recode,1
ce754a55-4682-4299-9ed2-d26dbb5a9f8e,prca15,likert5,3) neutral,5,True,recode,0
ce754a55-4682-4299-9ed2-d26dbb5a9f8e,prca16,likert5,3) neutral,2,True,recode,1
ce754a55-4682-4299-9ed2-d26dbb5a9f8e,prca17,likert5,3) neutral,2,True,recode,1
ce754a55-4682-4299-9ed2-d26dbb5a9f8e,prca18,likert5,3) neutral,4,True,recode,0
d3bfe5f9-4e40-49ba-99dc-8c045b9bbead,prca01,likert5,3) neutral,4,True,recode,0
d3bfe5f9-4e40-49ba-99dc-8c045b9bbead,prca02,likert5,3) neutral,2,True,recode,1
d3bfe5f9-4e40-49ba-99dc-8c045b9bbead,prca03,likert5,3) neutral,4,True,recode,0
d3bfe5f9-4e40-49ba-99dc-8c045b9bbead,prca04,likert5,3) neutral,2,True,recode,1
d3bfe5f9-4e40-49ba-99dc-8c045b9bbead,prca05,likert5,3) neutral,4,True,recode,0
d3bfe5f9-4e40-49ba-99dc-8c045b9bbead,prca06,likert5,2) disagree,1,True,recode,1
d3bfe5f9-4e40-49ba-99dc-8c045b9bbead,prca13,likert5,3) neutral,3,True,recode,0
d3bfe5f9-4e40-49ba-99dc-8c045b9bbead,prca14,likert5,3) neutral,2,True,recode,1
d3bfe5f9-4e40-49ba-99dc-8c045b9bbead,prca15,likert5,2) disagree,3,True,recode,0
d3bfe5f9-4e40-49ba-99dc-8c045b9bbead,prca16,likert5,2) disagree,2,True,recode,1
d3bfe5f9-4e40-49ba-99dc-8c045b9bbead,prca17,likert5,2) disagree,2,True,recode,1
d3bfe5f9-4e40-49ba-99dc-8c045b9bbead,prca18,likert5,3) neutral,4,True,recode,0
179b1761-9026-4ead-b848-48ee56091ab5,prca01,likert5,1) strongly disagree,5,True,recode,0
179b1761-9026-4ead-b848-48ee56091ab5,prca02,likert5,1) strongly disagree,1,True,recode,1
179b1761-9026-4ead-b848-48ee56091ab5,prca03,likert5,4) agree,4,True,recode,0
179b1761-9026-4ead-b848-48ee56091ab5,prca04,likert5,3) neutral,2,True,recode,1
179b1761-9026-4ead-b848-48ee56091ab5,prca05,likert5,3) neutral,4,True,recode,0
179b1761-9026-4ead-b848-48ee56091ab5,prca06,likert5,3) neutral,2,True,recode,1
179b1761-9026-4ead-b848-48ee56091ab5,prca13,likert5,3) neutral,4,True,recode,0
179b1761-9026-4ead-b848-48ee56091ab5,prca14,likert5,4) agree,2,True,recode,1
179b1761-9026-4ead-b848-48ee56091ab5,prca15,likert5,3) neutral,4,True,recode,0
179b1761-9026-4ead-b848-48ee56091ab5,prca16,likert5,3) neutral,1,True,recode,1
179b1761-9026-4ead-b848-48ee56091ab5,prca17,likert5,3) neutral,2,True,recode,1
179b1761-9026-4ead-b848-48ee56091ab5,prca18,likert5,3) neutral,4,True,recode,0
e681302c-5ef3-4001-be63-febf59b8827b,prca01,likert5,1) strongly disagree,5,True,recode,0
e681302c-5ef3-4001-be63-febf59b8827b,prca02,likert5,4) agree,2,True,recode,1
e681302c-5ef3-4001-be63-febf59b8827b,prca03,likert5,3) neutral,4,True,recode,0
e681302c-5ef3-4001-be63-febf59b8827b,prca04,likert5,3) neutral,2,True,recode,1
e681302c-5ef3-4001-be63-febf59b8827b,prca05,likert5,3) neutral,4,True,recode,0
e681302c-5ef3-4001-be63-febf59b8827b,prca06,likert5,3) neutral,2,True,recode,1
e681302c-5ef3-4001-be63-febf59b8827b,prca13,likert5,3) neutral,5,True,recode,0
e681302c-5ef3-4001-be63-febf59b8827b,prca14,likert5,2) disagree,2,True,recode,1
e681302c-5ef3-4001-be63-febf59b8827b,prca15,likert5,2) disagree,4,True,recode,0
e681302c-5ef3-4001-be63-febf59b8827b,prca16,likert5,3) neutral,2,True,recode,1
e681302c-5ef3-4001-be63-febf59b8827b,prca17,likert5,2) disagree,1,True,recode,1
e681302c-5ef3-4001-be63-febf59b8827b,prca18,likert5,1) strongly disagree,5,True,recode,0
20b7afe2-0e5d-429b-a449-fcf6dc90cbfa,prca01,likert5,2) disagree,4,True,recode,0
20b7afe2-0e5d-429b-a449-fcf6dc90cbfa,prca02,likert5,3) neutral,2,True,recode,1
20b7afe2-0e5d-429b-a449-fcf6dc90cbfa,prca03,likert5,3) neutral,4,True,recode,0
20b7afe2-0e5d-429b-a449-fcf6dc90cbfa,prca04,likert5,3) neutral,2,True,recode,1
20b7afe2-0e5d-429b-a449-fcf6dc90cbfa,prca05,likert5,2) disagree,5,True,recode,0
20b7afe2-0e5d-429b-a449-fcf6dc90cbfa,prca06,likert5,2) disagree,2,True,recode,1
20b7afe2-0e5d-429b-a449-fcf6dc90cbfa,prca13,likert5,3) neutral,4,True,recode,0
20b7afe2-0e5d-429b-a449-fcf6dc90cbfa,prca14,likert5,2) disagree,2,True,recode,1
20b7afe2-0e5d-429b-a449-fcf6dc90cbfa,prca15,likert5,3) neutral,5,True,recode,0
20b7afe2-0e5d-429b-a449-fcf6dc90cbfa,prca16,likert5,2) disagree,2,True,recode,1
20b7afe2-0e5d-429b-a449-fcf6dc90cbfa,prca17,likert5,3) neutral,2,True,recode,1
20b7afe2-0e5d-429b-a449-fcf6dc90cbfa,prca18,likert5,3) neutral,4,True,recode,0
59c4d85e-077c-40d8-bcaa-6b9bd0cf79a9,prca01,likert5,2) disagree,4,True,recode,0
59c4d85e-077c-40d8-bcaa-6b9bd0cf79a9,prca02,likert5,2) disagree,1,True,recode,1
59c4d85e-077c-40d8-bcaa-6b9bd0cf79a9,prca03,likert5,4) agree,5,True,recode,0
59c4d85e-077c-40d8-bcaa-6b9bd0cf79a9,prca04,likert5,2) disagree,1,True,recode,1
59c4d85e-077c-40d8-bcaa-6b9bd0cf79a9,prca05,likert5,1) strongly disagree,5,True,recode,0
59c4d85e-077c-40d8-bcaa-6b9bd0cf79a9,prca06,likert5,1) strongly disagree,2,True,recode,1
59c4d85e-077c-40d8-bcaa-6b9bd0cf79a9,prca13,likert5,1) strongly disagree,4,True,recode,0
59c4d85e-077c-40d8-bcaa-6b9bd0cf79a9,prca14,likert5,1) strongly disagree,1,True,recode,1
59c4d85e-077c-40d8-bcaa-6b9bd0cf79a9,prca15,likert5,3) neutral,4,True,recode,0
59c4d85e-077c-40d8-bcaa-6b9bd0cf79a9,prca16,likert5,3) neutral,2,True,recode,1
59c4d85e-077c-40d8-bcaa-6b9bd0cf79a9,prca17,likert5,3) neutral,2,True,recode,1
59c4d85e-077c-40d8-bcaa-6b9bd0cf79a9,prca18,likert5,1) strongly disagree,4,True,recode,0
9ff96e53-1221-4c11-b599-fab1b1c8d6b9,prca01,likert5,4) agree,4,True,recode,0
9ff96e53-1221-4c11-b599-fab1b1c8d6b9,prca02,likert5,3) neutral,2,True,recode,1
9ff96e53-1221-4c11-b599-fab1b1c8d6b9,prca03,likert5,3) neutral,4,True,recode,0
9ff96e53-1221-4c11-b599-fab1b1c8d6b9,prca04,likert5,3) neutral,2,True,recode,1
9ff96e53-1221-4c11-b599-fab1b1c8d6b9,prca05,likert5,2) disagree,4,True,recode,0
9ff96e53-1221-4c11-b599-fab1b1c8d6b9,prca06,likert5,3) neutral,2,True,recode,1
9ff96e53-1221-4c11-b599-fab1b1c8d6b9,prca13,likert5,4) agree,4,True,recode,0
9ff96e53-1221-4c11-b599-fab1b1c8d6b9,prca14,likert5,4,2,True,validated,1
9ff96e53-1221-4c11-b599-fab1b1c8d6b9,prca15,likert5,1) strongly disagree,5,True,recode,0
9ff96e53-1221-4c11-b599-fab1b1c8d6b9,prca16,likert5,3) neutral,2,True,recode,1
9ff96e53-1221-4c11-b599-fab1b1c8d6b9,prca17,likert5,3) neutral,2,True,recode,1
9ff96e53-1221-4c11-b599-fab1b1c8d6b9,prca18,likert5,2) disagree,5,True,recode,0
0cac7b17-d39a-4608-a4f5-53117edb597a,prca01,likert5,3) neutral,4,True,recode,0
0cac7b17-d39a-4608-a4f5-53117edb597a,prca02,likert5,2) disagree,2,True,recode,1
0cac7b17-d39a-4608-a4f5-53117edb597a,prca03,likert5,4) agree,4,True,recode,0
0cac7b17-d39a-4608-a4f5-53117edb597a,prca04,likert5,2) disagree,1,True,recode,1
0cac7b17-d39a-4608-a4f5-53117edb597a,prca05,likert5,3) neutral,4,True,recode,0
0cac7b17-d39a-4608-a4f5-53117edb597a,prca06,likert5,3) neutral,2,True,recode,1
0cac7b17-d39a-4608-a4f5-53117edb597a,prca13,likert5,3) neutral,4,True,recode,0
0cac7b17-d39a-4608-a4f5-53117edb597a,prca14,likert5,4) agree,2,True,recode,1
0cac7b17-d39a-4608-a4f5-53117edb597a,prca15,likert5,4) agree,4,True,recode,0
0cac7b17-d39a-4608-a4f5-53117edb597a,prca16,likert5,3) neutral,2,True,recode,1
0cac7b17-d39a-4608-a4f5-53117edb597a,prca17,likert5,3) neutral,4,True,recode,1
0cac7b17-d39a-4608-a4f5-53117edb597a,prca18,likert5,3) neutral,4,True,recode,0
c7482028-0c31-48ee-9743-926b45cfb363,prca01,likert5,3) neutral,4,True,recode,0
c7482028-0c31-48ee-9743-926b45cfb363,prca02,likert5,3) neutral,3,True,recode,1
c7482028-0c31-48ee-9743-926b45cfb363,prca03,likert5,4) agree,4,True,recode,0
c7482028-0c31-48ee-9743-926b45cfb363,prca04,likert5,3) neutral,2,True,recode,1
c7482028-0c31-48ee-9743-926b45cfb363,prca05,likert5,3) neutral,4,True,recode,0
c7482028-0c31-48ee-9743-926b45cfb363,prca06,likert5,2) disagree,2,True,recode,1
c7482028-0c31-48ee-9743-926b45cfb363,prca13,likert5,3) neutral,5,True,recode,0
c7482028-0c31-48ee-9743-926b45cfb363,prca14,likert5,4) agree,2,True,recode,1
c7482028-0c31-48ee-9743-926b45cfb363,prca15,likert5,3) neutral,5,True,recode,0
c7482028-0c31-48ee-9743-926b45cfb363,prca16,likert5,3) neutral,2,True,recode,1
c7482028-0c31-48ee-9743-926b45cfb363,prca17,likert5,3) neutral,2,True,recode,1
c7482028-0c31-48ee-9743-926b45cfb363,prca18,likert5,4) agree,4,True,recode,0
5859d339-5fe6-421a-86d9-5261afb46189,prca01,likert5,1) strongly disagree,3,True,recode,0
5859d339-5fe6-421a-86d9-5261afb46189,prca02,likert5,4) agree,1,True,recode,1
5859d339-5fe6-421a-86d9-5261afb46189,prca03,likert5,3) neutral,4,True,recode,0
5859d339-5fe6-421a-86d9-5261afb46189,prca04,likert5,3) neutral,2,True,recode,1
5859d339-5fe6-421a-86d9-5261afb46189,prca05,likert5,3) neutral,4,True,recode,0
5859d339-5fe6-421a-86d9-5261afb46189,prca06,likert5,2) disagree,3,True,recode,1
5859d339-5fe6-421a-86d9-5261afb46189,prca13,likert5,3) neutral,5,True,recode,0
5859d339-5fe6-421a-86d9-5261afb46189,prca14,likert5,2) disagree,1,True,recode,1
5859d339-5fe6-421a-86d9-5261afb46189,prca15,likert5,2) disagree,4,True,recode,0
5859d339-5fe6-421a-86d9-5261afb46189,prca16,likert5,3) neutral,1,True,recode,1
5859d339-5fe6-421a-86d9-5261afb46189,prca17,likert5,3) neutral,2,True,recode,1
5859d339-5fe6-421a-86d9-5261afb46189,prca18,likert5,2) disagree,4,True,recode,0
aee604a7-4560-4a1c-bd85-e982e5c66532,prca01,likert5,3) neutral,4,True,recode,0
aee604a7-4560-4a1c-bd85-e982e5c66532,prca02,likert5,2) disagree,2,True,recode,1
aee604a7-4560-4a1c-bd85-e982e5c66532,prca03,likert5,3) neutral,5,True,recode,0
aee604a7-4560-4a1c-bd85-e982e5c66532,prca04,likert5,2) disagree,1,True,recode,1
aee604a7-4560-4a1c-bd85-e982e5c66532,prca05,likert5,3) neutral,4,True,recode,0
aee604a7-4560-4a1c-bd85-e982e5c66532,prca06,likert5,2) disagree,2,True,recode,1
aee604a7-4560-4a1c-bd85-e982e5c66532,prca13,likert5,3) neutral,4,True,recode,0
aee604a7-4560-4a1c-bd85-e982e5c66532,prca14,likert5,4) agree,1,True,recode,1
aee604a7-4560-4a1c-bd85-e982e5c66532,prca15,likert5,2) disagree,5,True,recode,0
aee604a7-4560-4a1c-bd85-e982e5c66532,prca16,likert5,2) disagree,2,True,recode,1
aee604a7-4560-4a1c-bd85-e982e5c66532,prca17,likert5,3) neutral,2,True,recode,1
aee604a7-4560-4a1c-bd85-e982e5c66532,prca18,likert5,3) neutral,4,True,recode,0
817835a5-6a25-4c0b-8fb1-ea105c2e7cd4,prca01,likert5,2) disagree,5,True,recode,0
817835a5-6a25-4c0b-8fb1-ea105c2e7cd4,prca02,likert5,3) neutral,3,True,recode,1
817835a5-6a25-4c0b-8fb1-ea105c2e7cd4,prca03,likert5,3) neutral,4,True,recode,0
817835a5-6a25-4c0b-8fb1-ea105c2e7cd4,prca04,likert5,3) neutral,1,True,recode,1
817835a5-6a25-4c0b-8fb1-ea105c2e7cd4,prca05,likert5,3) neutral,4,True,recode,0
817835a5-6a25-4c0b-8fb1-ea105c2e7cd4,prca06,likert5,1) strongly disagree,2,True,recode,1
817835a5-6a25-4c0b-8fb1-ea105c2e7cd4,prca13,likert5,4) agree,4,True,recode,0
817835a5-6a25-4c0b-8fb1-ea105c2e7cd4,prca14,likert5,3) neutral,2,True,recode,1
817835a5-6a25-4c0b-8fb1-ea105c2e7cd4,prca15,likert5,2) disagree,5,True,recode,0
817835a5-6a25-4c0b-8fb1-ea105c2e7cd4,prca16,likert5,3) neutral,2,True,recode,1
817835a5-6a25-4c0b-8fb1-ea105c2e7cd4,prca17,likert5,1) strongly disagree,2,True,recode,1
817835a5-6a25-4c0b-8fb1-ea105c2e7cd4,prca18,likert5,3) neutral,4,True,recode,0
58909220-2e23-4e9e-af1c-c79baf6b188b,prca01,likert5,1) strongly disagree,5,True,recode,0
58909220-2e23-4e9e-af1c-c79baf6b188b,prca02,likert5,3) neutral,2,True,recode,1
58909220-2e23-4e9e-af1c-c79baf6b188b,prca03,likert5,3) neutral,4,True,recode,0
58909220-2e23-4e9e-af1c-c79baf6b188b,prca04,likert5,4) agree,2,True,recode,1
58909220-2e23-4e9e-af1c-c79baf6b188b,prca05,likert5,3) neutral,4,True,recode,0
58909220-2e23-4e9e-af1c-c79baf6b188b,prca06,likert5,3) neutral,2,True,recode,1
58909220-2e23-4e9e-af1c-c79baf6b188b,prca13,likert5,2) disagree,4,True,recode,0
58909220-2e23-4e9e-af1c-c79baf6b188b,prca14,likert5,4) agree,5,True,recode,1
58909220-2e23-4e9e-af1c-c79baf6b188b,prca15,likert5,3) neutral,4,True,recode,0
58909220-2e23-4e9e-af1c-c79baf6b188b,prca16,likert5,4) agree,2,True,recode,1
58909220-2e23-4e9e-af1c-c79baf6b188b,prca17,likert5,3) neutral,2,True,recode,1
58909220-2e23-4e9e-af1c-c79baf6b188b,prca18,likert5,1) strongly disagree,1,True,recode,0
3b146b91-32e2-4c1d-b667-0135b149f6c1,prca01,likert5,3) neutral,4,True,recode,0
3b146b91-32e2-4c1d-b667-0135b149f6c1,prca02,likert5,3) neutral,2,True,recode,1
3b146b91-32e2-4c1d-b667-0135b149f6c1,prca03,likert5,3) neutral,4,True,recode,0
3b146b91-32e2-4c1d-b667-0135b149f6c1,prca04,likert5,3) neutral,2,True,recode,1
3b146b91-32e2-4c1d-b667-0135b149f6c1,prca05,likert5,3) neutral,4,True,recode,0
3b146b91-32e2-4c1d-b667-0135b149f6c1,prca06,likert5,4) agree,2,True,recode,1
3b146b91-32e2-4c1d-b667-0135b149f6c1,prca13,likert5,3) neutral,4,True,recode,0
3b146b91-32e2-4c1d-b667-0135b149f6c1,prca14,likert5,5) strongly agree,3,True,recode,1
3b146b91-32e2-4c1d-b667-0135b149f6c1,prca15,likert5,1) strongly disagree,4,True,recode,0
3b146b91-32e2-4c1d-b667-0135b149f6c1,prca16,likert5,1) strongly disagree,1,True,recode,1
3b146b91-32e2-4c1d-b667-0135b149f6c1,prca17,likert5,3) neutral,1,True,recode,1
3b146b91-32e2-4c1d-b667-0135b149f6c1,prca18,likert5,3) neutral,5,True,recode,0
b39ca2d4-a4a5-4e62-8a92-07da4512203a,prca01,likert5,3) neutral,4,True,recode,0
b39ca2d4-a4a5-4e62-8a92-07da4512203a,prca02,likert5,2) disagree,2,True,recode,1
b39ca2d4-a4a5-4e62-8a92-07da4512203a,prca03,likert5,3) neutral,4,True,recode,0
b39ca2d4-a4a5-4e62-8a92-07da4512203a,prca04,likert5,3) neutral,2,True,recode,1
b39ca2d4-a4a5-4e62-8a92-07da4512203a,prca05,likert5,2) disagree,5,True,recode,0
b39ca2d4-a4a5-4e62-8a92-07da4512203a,prca06,likert5,2) disagree,2,True,recode,1
b39ca2d4-a4a5-4e62-8a92-07da4512203a,prca13,likert5,2) disagree,5,True,recode,0
b39ca2d4-a4a5-4e62-8a92-07da4512203a,prca14,likert5,3) neutral,2,True,recode,1
b39ca2d4-a4a5-4e62-8a92-07da4512203a,prca15,likert5,4) agree,5,True,recode,0
b39ca2d4-a4a5-4e62-8a92-07da4512203a,prca16,likert5,3) neutral,2,True,recode,1
b39ca2d4-a4a5-4e62-8a92-07da4512203a,prca17,likert5,2) disagree,2,True,recode,1
b39ca2d4-a4a5-4e62-8a92-07da4512203a,prca18,likert5,4) agree,4,True,recode,0
ae95b32b-58df-44f8-a012-bf4785cd543d,prca01,likert5,1) strongly disagree,4,True,recode,0
ae95b32b-58df-44f8-a012-bf4785cd543d,prca02,likert5,2) disagree,2,True,recode,1
ae95b32b-58df-44f8-a012-bf4785cd543d,prca03,likert5,2) disagree,2,True,recode,0
ae95b32b-58df-44f8-a012-bf4785cd543d,prca04,likert5,4) agree,2,True,recode,1
ae95b32b-58df-44f8-a012-bf4785cd543d,prca05,likert5,2) disagree,5,True,recode,0
ae95b32b-58df-44f8-a012-bf4785cd543d,prca06,likert5,3) neutral,2,True,recode,1
ae95b32b-58df-44f8-a012-bf4785cd543d,prca13,likert5,3) neutral,4,True,recode,0
ae95b32b-58df-44f8-a012-bf4785cd543d,prca14,likert5,2) disagree,2,True,recode,1
ae95b32b-58df-44f8-a012-bf4785cd543d,prca15,likert5,1) strongly disagree,3,True,recode,0
ae95b32b-58df-44f8-a012-bf4785cd543d,prca16,likert5,2) disagree,2,True,recode,1
ae95b32b-58df-44f8-a012-bf4785cd543d,prca17,likert5,1) strongly disagree,1,True,recode,1
ae95b32b-58df-44f8-a012-bf4785cd543d,prca18,likert5,2) disagree,4,True,recode,0
b47111e1-ace5-43f5-9d3e-87ad893f564a,prca01,likert5,3) neutral,4,True,recode,0
b47111e1-ace5-43f5-9d3e-87ad893f564a,prca02,likert5,2) disagree,3,True,recode,1
b47111e1-ace5-43f5-9d3e-87ad893f564a,prca03,likert5,2) disagree,5,True,recode,0
b47111e1-ace5-43f5-9d3e-87ad893f564a,prca04,likert5,3) neutral,1,True,recode,1
b47111e1-ace5-43f5-9d3e-87ad893f564a,prca05,likert5,4) agree,4,True,recode,0
b47111e1-ace5-43f5-9d3e-87ad893f564a,prca06,likert5,4) agree,2,True,recode,1
b47111e1-ace5-43f5-9d3e-87ad893f564a,prca13,likert5,1) strongly disagree,5,True,recode,0
b47111e1-ace5-43f5-9d3e-87ad893f564a,prca14,likert5,3) neutral,2,True,recode,1
b47111e1-ace5-43f5-9d3e-87ad893f564a,prca15,likert5,1) strongly disagree,4,True,recode,0
b47111e1-ace5-43f5-9d3e-87ad893f564a,prca16,likert5,3) neutral,2,True,recode,1
b47111e1-ace5-43f5-9d3e-87ad893f564a,prca17,likert5,3) neutral,2,True,recode,1
b47111e1-ace5-43f5-9d3e-87ad893f564a,prca18,likert5,3) neutral,4,True,recode,0
ff1f32ff-a937-49db-abe3-d7812254406c,prca01,likert5,3) neutral,4,True,recode,0
ff1f32ff-a937-49db-abe3-d7812254406c,prca02,likert5,3) neutral,2,True,recode,1
ff1f32ff-a937-49db-abe3-d7812254406c,prca03,likert5,1) strongly disagree,5,True,recode,0
ff1f32ff-a937-49db-abe3-d7812254406c,prca04,likert5,1) strongly disagree,1,True,recode,1
ff1f32ff-a937-49db-abe3-d7812254406c,prca05,likert5,3) neutral,4,True,recode,0
ff1f32ff-a937-49db-abe3-d7812254406c,prca06,likert5,3) neutral,2,True,recode,1
ff1f32ff-a937-49db-abe3-d7812254406c,prca13,likert5,4) agree,4,True,recode,0
ff1f32ff-a937-49db-abe3-d7812254406c,prca14,likert5,3) neutral,2,True,recode,1
ff1f32ff-a937-49db-abe3-d7812254406c,prca15,likert5,3) neutral,4,True,recode,0
ff1f32ff-a937-49db-abe3-d7812254406c,prca16,likert5,2) disagree,2,True,recode,1
ff1f32ff-a937-49db-abe3-d7812254406c,prca17,likert5,3) neutral,2,True,recode,1
ff1f32ff-a937-49db-abe3-d7812254406c,prca18,likert5,3) neutral,4,True,recode,0
9a5c977c-3019-4125-93a3-3f7f5b0445c6,prca01,likert5,1) strongly disagree,5,True,recode,0
9a5c977c-3019-4125-93a3-3f7f5b0445c6,prca02,likert5,3) neutral,2,True,recode,1
9a5c977c-3019-4125-93a3-3f7f5b0445c6,prca03,likert5,3) neutral,4,True,recode,0
9a5c977c-3019-4125-93a3-3f7f5b0445c6,prca04,likert5,3) neutral,2,True,recode,1
9a5c977c-3019-4125-93a3-3f7f5b0445c6,prca05,likert5,3) neutral,4,True,recode,0
9a5c977c-3019-4125-93a3-3f7f5b0445c6,prca06,likert5,2) disagree,3,True,recode,1
9a5c977c-3019-4125-93a3-3f7f5b0445c6,prca13,likert5,3) neutral,4,True,recode,0
9a5c977c-3019-4125-93a3-3f7f5b0445c6,prca14,likert5,1) strongly disagree,1,True,recode,1
9a5c977c-3019-4125-93a3-3f7f5b0445c6,prca15,likert5,1) strongly disagree,5,True,recode,0
9a5c977c-3019-4125-93a3-3f7f5b0445c6,prca16,likert5,3) neutral,1,True,recode,1
9a5c977c-3019-4125-93a3-3f7f5b0445c6,prca17,likert5,3) neutral,2,True,recode,1
9a5c977c-3019-4125-93a3-3f7f5b0445c6,prca18,likert5,4) agree,4,True,recode,0
e99454ae-b701-42f8-87f1-c5a5074ed08a,prca01,likert5,1) strongly disagree,4,True,recode,0
e99454ae-b701-42f8-87f1-c5a5074ed08a,prca02,likert5,3) neutral,2,True,recode,1
e99454ae-b701-42f8-87f1-c5a5074ed08a,prca03,likert5,3) neutral,4,True,recode,0
e99454ae-b701-42f8-87f1-c5a5074ed08a,prca04,likert5,3) neutral,2,True,recode,1
e99454ae-b701-42f8-87f1-c5a5074ed08a,prca05,likert5,1) strongly disagree,4,True,recode,0
e99454ae-b701-42f8-87f1-c5a5074ed08a,prca06,likert5,3) neutral,1,True,recode,1
e99454ae-b701-42f8-87f1-c5a5074ed08a,prca13,likert5,4) agree,5,True,recode,0
e99454ae-b701-42f8-87f1-c5a5074ed08a,prca14,likert5,3) neutral,2,True,recode,1
e99454ae-b701-42f8-87f1-c5a5074ed08a,prca15,likert5,1) strongly disagree,5,True,recode,0
e99454ae-b701-42f8-87f1-c5a5074ed08a,prca16,likert5,1) strongly disagree,2,True,recode,1
e99454ae-b701-42f8-87f1-c5a5074ed08a,prca17,likert5,3) neutral,3,True,recode,1
e99454ae-b701-42f8-87f1-c5a5074ed08a,prca18,likert5,1) strongly disagree,5,True,recode,0
a12889e3-bc9b-485a-a8de-6d85f9a9abec,prca01,likert5,3) neutral,3,True,recode,0
a12889e3-bc9b-485a-a8de-6d85f9a9abec,prca02,likert5,2) disagree,1,True,recode,1
a12889e3-bc9b-485a-a8de-6d85f9a9abec,prca03,likert5,4) agree,4,True,recode,0
a12889e3-bc9b-485a-a8de-6d85f9a9abec,prca04,likert5,3) neutral,2,True,recode,1
a12889e3-bc9b-485a-a8de-6d85f9a9abec,prca05,likert5,4) agree,4,True,recode,0
a12889e3-bc9b-485a-a8de-6d85f9a9abec,prca06,likert5,3) neutral,2,True,recode,1
a12889e3-bc9b-485a-a8de-6d85f9a9abec,prca13,likert5,3) neutral,5,True,recode,0
a12889e3-bc9b-485a-a8de-6d85f9a9abec,prca14,likert5,4) agree,2,True,recode,1
a12889e3-bc9b-485a-a8de-6d85f9a9abec,prca15,likert5,3) neutral,3,True,recode,0
a12889e3-bc9b-485a-a8de-6d85f9a9abec,prca16,likert5,3) neutral,2,True,recode,1
a12889e3-bc9b-485a-a8de-6d85f9a9abec,prca17,likert5,3) neutral,1,True,recode,1
a12889e3-bc9b-485a-a8de-6d85f9a9abec,prca18,likert5,3) neutral,4,True,recode,0
7a1177f0-9d60-4756-8a10-f4ae33114051,prca01,likert5,4) agree,4,True,recode,0
7a1177f0-9d60-4756-8a10-f4ae33114051,prca02,likert5,3) neutral,2,True,recode,1
7a1177f0-9d60-4756-8a10-f4ae33114051,prca03,likert5,3) neutral,4,True,recode,0
7a1177f0-9d60-4756-8a10-f4ae33114051,prca04,likert5,3) neutral,2,True,recode,1
7a1177f0-9d60-4756-8a10-f4ae33114051,prca05,likert5,1) strongly disagree,5,True,recode,0
7a1177f0-9d60-4756-8a10-f4ae33114051,prca06,likert5,3) neutral,2,True,recode,1
7a1177f0-9d60-4756-8a10-f4ae33114051,prca13,likert5,2) disagree,4,True,recode,0
7a1177f0-9d60-4756-8a10-f4ae33114051,prca14,likert5,4) agree,2,True,recode,1
7a1177f0-9d60-4756-8a10-f4ae33114051,prca15,likert5,3) neutral,4,True,recode,0
7a1177f0-9d60-4756-8a10-f4ae33114051,prca16,likert5,3) neutral,2,True,recode,1
7a1177f0-9d60-4756-8a10-f4ae33114051,prca17,likert5,3) neutral,1,True,recode,1
7a1177f0-9d60-4756-8a10-f4ae33114051,prca18,likert5,3) neutral,4,True,recode,0
3b40521b-96be-42fd-9fb1-1ee339e921a9,prca01,likert5,3) neutral,4,True,recode,0
3b40521b-96be-42fd-9fb1-1ee339e921a9,prca02,likert5,3) neutral,2,True,recode,1
3b40521b-96be-42fd-9fb1-1ee339e921a9,prca03,likert5,2) disagree,4,True,recode,0
3b40521b-96be-42fd-9fb1-1ee339e921a9,prca04,likert5,3) neutral,2,True,recode,1
3b40521b-96be-42fd-9fb1-1ee339e921a9,prca05,likert5,3) neutral,5,True,recode,0
3b40521b-96be-42fd-9fb1-1ee339e921a9,prca06,likert5,4) agree,2,True,recode,1
3b40521b-96be-42fd-9fb1-1ee339e921a9,prca13,likert5,3) neutral,4,True,recode,0
3b40521b-96be-42fd-9fb1-1ee339e921a9,prca14,likert5,3) neutral,2,True,recode,1
3b40521b-96be-42fd-9fb1-1ee339e921a9,prca15,likert5,3) neutral,5,True,recode,0
3b40521b-96be-42fd-9fb1-1ee339e921a9,prca16,likert5,2) disagree,2,True,recode,1
3b40521b-96be-42fd-9fb1-1ee339e921a9,prca17,likert5,4) agree,2,True,recode,1
3b40521b-96be-42fd-9fb1-1ee339e921a9,prca18,likert5,1) strongly disagree,5,True,recode,0
aa76d152-ae08-4ff4-b9b2-f54d47270a41,prca01,likert5,3) neutral,2,True,recode,0
aa76d152-ae08-4ff4-b9b2-f54d47270a41,prca02,likert5,2) disagree,1,True,recode,1
aa76d152-ae08-4ff4-b9b2-f54d47270a41,prca03,likert5,2) disagree,4,True,recode,0
aa76d152-ae08-4ff4-b9b2-f54d47270a41,prca04,likert5,1) strongly disagree,2,True,recode,1
aa76d152-ae08-4ff4-b9b2-f54d47270a41,prca05,likert5,3) neutral,4,True,recode,0
aa76d152-ae08-4ff4-b9b2-f54d47270a41,prca06,likert5,3) neutral,2,True,recode,1
aa76d152-ae08-4ff4-b9b2-f54d47270a41,prca13,likert5,2) disagree,3,True,recode,0
aa76d152-ae08-4ff4-b9b2-f54d47270a41,prca14,likert5,4) agree,3,True,recode,1
aa76d152-ae08-4ff4-b9b2-f54d47270a41,prca15,likert5,2) disagree,4,True,recode,0
aa76d152-ae08-4ff4-b9b2-f54d47270a41,prca16,likert5,3) neutral,2,True,recode,1
aa76d152-ae08-4ff4-b9b2-f54d47270a41,prca17,likert5,2) disagree,1,True,recode,1
aa76d152-ae08-4ff4-b9b2-f54d47270a41,prca18,likert5,3) neutral,5,True,recode,0
5222d6a6-e527-480c-9437-676c011eb692,prca01,likert5,2) disagree,5,True,recode,0
5222d6a6-e527-480c-9437-676c011eb692,prca02,likert5,3) neutral,2,True,recode,1
5222d6a6-e527-480c-9437-676c011eb692,prca03,likert5,4) agree,4,True,recode,0
5222d6a6-e527-480c-9437-676c011eb692,prca04,likert5,3) neutral,2,True,recode,1
5222d6a6-e527-480c-9437-676c011eb692,prca05,likert5,3) neutral,3,True,recode,0
5222d6a6-e527-480c-9437-676c011eb692,prca06,likert5,3) neutral,2,True,recode,1
5222d6a6-e527-480c-9437-676c011eb692,prca13,likert5,3) neutral,5,True,recode,0
5222d6a6-e527-480c-9437-676c011eb692,prca14,likert5,3) neutral,2,True,recode,1
5222d6a6-e527-480c-9437-676c011eb692,prca15,likert5,1) strongly disagree,5,True,recode,0
5222d6a6-e527-480c-9437-676c011eb692,prca16,likert5,4) agree,1,True,recode,1
5222d6a6-e527-480c-9437-676c011eb692,prca17,likert5,3) neutral,2,True,recode,1
5222d6a6-e527-480c-9437-676c011eb692,prca18,likert5,2) disagree,4,True,recode,0
4c523974-6b48-4973-9a3b-576f120c286a,prca01,likert5,1) strongly disagree,2,True,recode,0
4c523974-6b48-4973-9a3b-576f120c286a,prca02,likert5,3) neutral,1,True,recode,1
4c523974-6b48-4973-9a3b-576f120c286a,prca03,likert5,2) disagree,5,True,recode,0
4c523974-6b48-4973-9a3b-576f120c286a,prca04,likert5,2) disagree,2,True,recode,1
4c523974-6b48-4973-9a3b-576f120c286a,prca05,likert5,1) strongly disagree,5,True,recode,0
4c523974-6b48-4973-9a3b-576f120c286a,prca06,likert5,4) agree,1,True,recode,1
4c523974-6b48-4973-9a3b-576f120c286a,prca13,likert5,4) agree,5,True,recode,0
4c523974-6b48-4973-9a3b-576f120c286a,prca14,likert5,4) agree,1,True,recode,1
4c523974-6b48-4973-9a3b-576f120c286a,prca15,likert5,1) strongly disagree,5,True,recode,0
4c523974-6b48-4973-9a3b-576f120c286a,prca16,likert5,1) strongly disagree,1,True,recode,1
4c523974-6b48-4973-9a3b-576f120c286a,prca17,likert5,3) neutral,2,True,recode,1
4c523974-6b48-4973-9a3b-576f120c286a,prca18,likert5,3) neutral,4,True,recode,0
754242d6-0a3f-4bb0-bac7-235445f8f2d1,prca01,likert5,4) agree,4,True,recode,0
754242d6-0a3f-4bb0-bac7-235445f8f2d1,prca02,likert5,2) disagree,2,True,recode,1
754242d6-0a3f-4bb0-bac7-235445f8f2d1,prca03,likert5,3) neutral,4,True,recode,0
754242d6-0a3f-4bb0-bac7-235445f8f2d1,prca04,likert5,3) neutral,2,True,recode,1
754242d6-0a3f-4bb0-bac7-235445f8f2d1,prca05,likert5,3) neutral,5,True,recode,0
754242d6-0a3f-4bb0-bac7-235445f8f2d1,prca06,likert5,2) disagree,1,True,recode,1
754242d6-0a3f-4bb0-bac7-235445f8f2d1,prca13,likert5,2) disagree,4,True,recode,0
754242d6-0a3f-4bb0-bac7-235445f8f2d1,prca14,likert5,3) neutral,2,True,recode,1
754242d6-0a3f-4bb0-bac7-235445f8f2d1,prca15,likert5,1) strongly disagree,5,True,recode,0
754242d6-0a3f-4bb0-bac7-235445f8f2d1,prca16,likert5,2) disagree,2,True,recode,1
754242d6-0a3f-4bb0-bac7-235445f8f2d1,prca17,likert5,5) strongly agree,3,True,recode,1
754242d6-0a3f-4bb0-bac7-235445f8f2d1,prca18,likert5,3) neutral,4,True,recode,0
01585880-81b7-4625-b187-15f3edb6ac4a,prca01,likert5,1) strongly disagree,4,True,recode,0
01585880-81b7-4625-b187-15f3edb6ac4a,prca02,likert5,1) strongly disagree,1,True,recode,1
01585880-81b7-4625-b187-15f3edb6ac4a,prca03,likert5,3) neutral,4,True,recode,0
01585880-81b7-4625-b187-15f3edb6ac4a,prca04,likert5,1) strongly disagree,1,True,recode,1
01585880-81b7-4625-b187-15f3edb6ac4a,prca05,likert5,3) neutral,4,True,recode,0
01585880-81b7-4625-b187-15f3edb6ac4a,prca06,likert5,3) neutral,1,True,recode,1
01585880-81b7-4625-b187-15f3edb6ac4a,prca13,likert5,1) strongly disagree,4,True,recode,0
01585880-81b7-4625-b187-15f3edb6ac4a,prca14,likert5,4,2,True,validated,1
01585880-81b7-4625-b187-15f3edb6ac4a,prca15,likert5,3) neutral,4,True,recode,0
01585880-81b7-4625-b187-15f3edb6ac4a,prca16,likert5,1) strongly disagree,1,True,recode,1
01585880-81b7-4625-b187-15f3edb6ac4a,prca17,likert5,1) strongly disagree,3,True,recode,1
01585880-81b7-4625-b187-15f3edb6ac4a,prca18,likert5,3) neutral,4,True,recode,0
b50e48b1-7fe9-49d2-8eee-0049f34b211a,prca01,likert5,3) neutral,4,True,recode,0
b50e48b1-7fe9-49d2-8eee-0049f34b211a,prca02,likert5,"1) strongly disagree, 2) disagree, 3) neutral, 4) agree, 5) strongly agree",5,True,recode,1
b50e48b1-7fe9-49d2-8eee-0049f34b211a,prca03,likert5,3) neutral,1,True,recode,0
b50e48b1-7fe9-49d2-8eee-0049f34b211a,prca04,likert5,3) neutral,2,True,recode,1
b50e48b1-7fe9-49d2-8eee-0049f34b211a,prca05,likert5,3) neutral,5,True,recode,0
b50e48b1-7fe9-49d2-8eee-0049f34b211a,prca06,likert5,3) neutral,2,True,recode,1
b50e48b1-7fe9-49d2-8eee-0049f34b211a,prca13,likert5,4) agree,4,True,recode,0
b50e48b1-7fe9-49d2-8eee-0049f34b211a,prca14,likert5,3) neutral,2,True,recode,1
b50e48b1-7fe9-49d2-8eee-0049f34b211a,prca15,likert5,2) disagree,4,True,recode,0
b50e48b1-7fe9-49d2-8eee-0049f34b211a,prca16,likert5,3) neutral,3,True,recode,1
b50e48b1-7fe9-49d2-8eee-0049f34b211a,prca17,likert5,2) disagree,1,True,recode,1
b50e48b1-7fe9-49d2-8eee-0049f34b211a,prca18,likert5,2) disagree,5,True,recode,0
f72b377a-d368-4944-9909-3e5e610ea842,prca01,likert5,3) neutral,5,True,recode,0
f72b377a-d368-4944-9909-3e5e610ea842,prca02,likert5,3) neutral,2,True,recode,1
f72b377a-d368-4944-9909-3e5e610ea842,prca03,likert5,3) neutral,5,True,recode,0
f72b377a-d368-4944-9909-3e5e610ea842,prca04,likert5,3) neutral,2,True,recode,1
f72b377a-d368-4944-9909-3e5e610ea842,prca05,likert5,3) neutral,5,True,recode,0
f72b377a-d368-4944-9909-3e5e610ea842,prca06,likert5,3) neutral,2,True,recode,1
f72b377a-d368-4944-9909-3e5e610ea842,prca13,likert5,1) strongly disagree,4,True,recode,0
f72b377a-d368-4944-9909-3e5e610ea842,prca14,likert5,3) neutral,2,True,recode,1
f72b377a-d368-4944-9909-3e5e610ea842,prca15,likert5,3) neutral,4,True,recode,0
f72b377a-d368-4944-9909-3e5e610ea842,prca16,likert5,3) neutral,2,True,recode,1
f72b377a-d368-4944-9909-3e5e610ea842,prca17,likert5,2) disagree,2,True,recode,1
f72b377a-d368-4944-9909-3e5e610ea842,prca18,likert5,3) neutral,4,True,recode,0
07b72de0-ce07-40be-b387-f8ddbcb55774,prca01,likert5,4) agree,4,True,recode,0
07b72de0-ce07-40be-b387-f8ddbcb55774,prca02,likert5,3) neutral,2,True,recode,1
07b72de0-ce07-40be-b387-f8ddbcb55774,prca03,likert5,3) neutral,4,True,recode,0
07b72de0-ce07-40be-b387-f8ddbcb55774,prca04,likert5,3) neutral,3,True,recode,1
07b72de0-ce07-40be-b387-f8ddbcb55774,prca05,likert5,3) neutral,4,True,recode,0
07b72de0-ce07-40be-b387-f8ddbcb55774,prca06,likert5,3) neutral,1,True,recode,1
07b72de0-ce07-40be-b387-f8ddbcb55774,prca13,likert5,3) neutral,1,True,recode,0
07b72de0-ce07-40be-b387-f8ddbcb55774,prca14,likert5,3) neutral,2,True,recode,1
07b72de0-ce07-40be-b387-f8ddbcb55774,prca15,likert5,3) neutral,4,True,recode,0
07b72de0-ce07-40be-b387-f8ddbcb55774,prca16,likert5,3) neutral,2,True,recode,1
07b72de0-ce07-40be-b387-f8ddbcb55774,prca17,likert5,3) neutral,1,True,recode,1
07b72de0-ce07-40be-b387-f8ddbcb55774,prca18,likert5,3) neutral,3,True,recode,0
2c8a2eec-8464-49b1-ad46-2de6ede69d6d,prca01,likert5,1) strongly disagree,4,True,recode,0
2c8a2eec-8464-49b1-ad46-2de6ede69d6d,prca02,likert5,3) neutral,2,True,recode,1
2c8a2eec-8464-49b1-ad46-2de6ede69d6d,prca03,likert5,1) strongly disagree,5,True,recode,0
2c8a2eec-8464-49b1-ad46-2de6ede69d6d,prca04,likert5,3) neutral,2,True,recode,1
2c8a2eec-8464-49b1-ad46-2de6ede69d6d,prca05,likert5,1) strongly disagree,4,True,recode,0
2c8a2eec-8464-49b1-ad46-2de6ede69d6d,prca06,likert5,3) neutral,2,True,recode,1
2c8a2eec-8464-49b1-ad46-2de6ede69d6d,prca13,likert5,3) neutral,4,True,recode,0
2c8a2eec-8464-49b1-ad46-2de6ede69d6d,prca14,likert5,3) neutral,2,True,recode,1
2c8a2eec-8464-49b1-ad46-2de6ede69d6d,prca15,likert5,4) agree,4,True,recode,0
2c8a2eec-8464-49b1-ad46-2de6ede69d6d,prca16,likert5,4) agree,2,True,recode,1
2c8a2eec-8464-49b1-ad46-2de6ede69d6d,prca17,likert5,3) neutral,2,True,recode,1
2c8a2eec-8464-49b1-ad46-2de6ede69d6d,prca18,likert5,3) neutral,4,True,recode,0
4c89705d-5a6b-4c75-88ff-23238e44d4de,prca01,likert5,2) disagree,5,True,recode,0
4c89705d-5a6b-4c75-88ff-23238e44d4de,prca02,likert5,3) neutral,1,True,recode,1
4c89705d-5a6b-4c75-88ff-23238e44d4de,prca03,likert5,4) agree,4,True,recode,0
4c89705d-5a6b-4c75-88ff-23238e44d4de,prca04,likert5,2) disagree,2,True,recode,1
4c89705d-5a6b-4c75-88ff-23238e44d4de,prca05,likert5,2) disagree,5,True,recode,0
4c89705d-5a6b-4c75-88ff-23238e44d4de,prca06,likert5,3) neutral,1,True,recode,1
4c89705d-5a6b-4c75-88ff-23238e44d4de,prca13,likert5,3) neutral,4,True,recode,0
4c89705d-5a6b-4c75-88ff-23238e44d4de,prca14,likert5,3) neutral,2,True,recode,1
4c89705d-5a6b-4c75-88ff-23238e44d4de,prca15,likert5,2) disagree,4,True,recode,0
4c89705d-5a6b-4c75-88ff-23238e44d4de,prca16,likert5,3) neutral,2,True,recode,1
4c89705d-5a6b-4c75-88ff-23238e44d4de,prca17,likert5,3) neutral,3,True,recode,1
4c89705d-5a6b-4c75-88ff-23238e44d4de,prca18,likert5,3) neutral,4,True,recode,0
8a9b3c76-3689-40ef-a711-3e106552a684,prca01,likert5,2) disagree,5,True,recode,0
8a9b3c76-3689-40ef-a711-3e106552a684,prca02,likert5,3) neutral,2,True,recode,1
8a9b3c76-3689-40ef-a711-3e106552a684,prca03,likert5,3) neutral,4,True,recode,0
8a9b3c76-3689-40ef-a711-3e106552a684,prca04,likert5,3) neutral,2,True,recode,1
8a9b3c76-3689-40ef-a711-3e106552a684,prca05,likert5,1) strongly disagree,5,True,recode,0
8a9b3c76-3689-40ef-a711-3e106552a684,prca06,likert5,3) neutral,2,True,recode,1
8a9b3c76-3689-40ef-a711-3e106552a684,prca13,likert5,2) disagree,4,True,recode,0
8a9b3c76-3689-40ef-a711-3e106552a684,prca14,likert5,4) agree,4,True,recode,1
8a9b3c76-3689-40ef-a711-3e106552a684,prca15,likert5,3) neutral,4,True,recode,0
8a9b3c76-3689-40ef-a711-3e106552a684,prca16,likert5,3) neutral,2,True,recode,1
8a9b3c76-3689-40ef-a711-3e106552a684,prca17,likert5,3) neutral,2,True,recode,1
8a9b3c76-3689-40ef-a711-3e106552a684,prca18,likert5,3) neutral,4,True,recode,0
d51dbc5f-ae37-44c3-a2f5-95c612a5929f,prca01,likert5,1) strongly disagree,5,True,recode,0
d51dbc5f-ae37-44c3-a2f5-95c612a5929f,prca02,likert5,3) neutral,2,True,recode,1
d51dbc5f-ae37-44c3-a2f5-95c612a5929f,prca03,likert5,3) neutral,4,True,recode,0
d51dbc5f-ae37-44c3-a2f5-95c612a5929f,prca04,likert5,3) neutral,1,True,recode,1
d51dbc5f-ae37-44c3-a2f5-95c612a5929f,prca05,likert5,1) strongly disagree,1,True,recode,0
d51dbc5f-ae37-44c3-a2f5-95c612a5929f,prca06,likert5,3) neutral,2,True,recode,1
d51dbc5f-ae37-44c3-a2f5-95c612a5929f,prca13,likert5,3) neutral,4,True,recode,0
d51dbc5f-ae37-44c3-a2f5-95c612a5929f,prca14,likert5,3) neutral,2,True,recode,1
d51dbc5f-ae37-44c3-a2f5-95c612a5929f,prca15,likert5,3) neutral,4,True,recode,0
d51dbc5f-ae37-44c3-a2f5-95c612a5929f,prca16,likert5,3) neutral,1,True,recode,1
d51dbc5f-ae37-44c3-a2f5-95c612a5929f,prca17,likert5,3) neutral,2,True,recode,1
d51dbc5f-ae37-44c3-a2f5-95c612a5929f,prca18,likert5,1) strongly disagree,5,True,recode,0
749ecbe7-98de-4ed2-8665-0ed8ab095cd1,prca01,likert5,2) disagree,3,True,recode,0
749ecbe7-98de-4ed2-8665-0ed8ab095cd1,prca02,likert5,3) neutral,2,True,recode,1
749ecbe7-98de-4ed2-8665-0ed8ab095cd1,prca03,likert5,3) neutral,4,True,recode,0
749ecbe7-98de-4ed2-8665-0ed8ab095cd1,prca04,likert5,1) strongly disagree,2,True,recode,1
749ecbe7-98de-4ed2-8665-0ed8ab095cd1,prca05,likert5,1) strongly disagree,5,True,recode,0
749ecbe7-98de-4ed2-8665-0ed8ab095cd1,prca06,likert5,3) neutral,2,True,recode,1
749ecbe7-98de-4ed2-8665-0ed8ab095cd1,prca13,likert5,1) strongly disagree,5,True,recode,0
749ecbe7-98de-4ed2-8665-0ed8ab095cd1,prca14,likert5,2) disagree,2,True,recode,1
749ecbe7-98de-4ed2-8665-0ed8ab095cd1,prca15,likert5,3) neutral,4,True,recode,0
749ecbe7-98de-4ed2-8665-0ed8ab095cd1,prca16,likert5,3) neutral,5,True,recode,1
749ecbe7-98de-4ed2-8665-0ed8ab095cd1,prca17,likert5,2) disagree,3,True,recode,1
749ecbe7-98de-4ed2-8665-0ed8ab095cd1,prca18,likert5,1) strongly disagree,4,True,recode,0
63f3d09c-d440-4511-9208-9786d35a141f,prca01,likert5,3) neutral,5,True,recode,0
63f3d09c-d440-4511-9208-9786d35a141f,prca02,likert5,3) neutral,2,True,recode,1
63f3d09c-d440-4511-9208-9786d35a141f,prca03,likert5,3) neutral,4,True,recode,0
63f3d09c-d440-4511-9208-9786d35a141f,prca04,likert5,3) neutral,2,True,recode,1
63f3d09c-d440-4511-9208-9786d35a141f,prca05,likert5,1) strongly disagree,5,True,recode,0
63f3d09c-d440-4511-9208-9786d35a141f,prca06,likert5,3) neutral,2,True,recode,1
63f3d09c-d440-4511-9208-9786d35a141f,prca13,likert5,2) disagree,4,True,recode,0
63f3d09c-d440-4511-9208-9786d35a141f,prca14,likert5,3) neutral,3,True,recode,1
63f3d09c-d440-4511-9208-9786d35a141f,prca15,likert5,4) agree,4,True,recode,0
63f3d09c-d440-4511-9208-9786d35a141f,prca16,likert5,3) neutral,1,True,recode,1
63f3d09c-d440-4511-9208-9786d35a141f,prca17,likert5,4) agree,2,True,recode,1
63f3d09c-d440-4511-9208-9786d35a141f,prca18,likert5,1) strongly disagree,5,True,recode,0
830eb50e-7a1d-494a-ae00-5ccd12ddfa5e,prca01,likert5,3) neutral,5,True,recode,0
830eb50e-7a1d-494a-ae00-5ccd12ddfa5e,prca02,likert5,3) neutral,2,True,recode,1
830eb50e-7a1d-494a-ae00-5ccd12ddfa5e,prca03,likert5,2) disagree,5,True,recode,0
830eb50e-7a1d-494a-ae00-5ccd12ddfa5e,prca04,likert5,2) disagree,2,True,recode,1
830eb50e-7a1d-494a-ae00-5ccd12ddfa5e,prca05,likert5,3) neutral,4,True,recode,0
830eb50e-7a1d-494a-ae00-5ccd12ddfa5e,prca06,likert5,3) neutral,2,True,recode,1
830eb50e-7a1d-494a-ae00-5ccd12ddfa5e,prca13,likert5,3) neutral,4,True,recode,0
830eb50e-7a1d-494a-ae00-5ccd12ddfa5e,prca14,likert5,3) neutral,2,True,recode,1
830eb50e-7a1d-494a-ae00-5ccd12ddfa5e,prca15,likert5,3) neutral,4,True,recode,0
830eb50e-7a1d-494a-ae00-5ccd12ddfa5e,prca16,likert5,1) strongly disagree,3,True,recode,1
830eb50e-7a1d-494a-ae00-5ccd12ddfa5e,prca17,likert5,2) disagree,2,True,recode,1
830eb50e-7a1d-494a-ae00-5ccd12ddfa5e,prca18,likert5,1) strongly disagree,5,True,recode,0
1e2beaf6-b0bf-4f08-b7f8-41eddd919a3c,prca01,likert5,3) neutral,4,True,recode,0
1e2beaf6-b0bf-4f08-b7f8-41eddd919a3c,prca02,likert5,2) disagree,1,True,recode,1
1e2beaf6-b0bf-4f08-b7f8-41eddd919a3c,prca03,likert5,3) neutral,4,True,recode,0
1e2beaf6-b0bf-4f08-b7f8-41eddd919a3c,prca04,likert5,3) neutral,2,True,recode,1
1e2beaf6-b0bf-4f08-b7f8-41eddd919a3c,prca05,likert5,3) neutral,4,True,recode,0
1e2beaf6-b0bf-4f08-b7f8-41eddd919a3c,prca06,likert5,3) neutral,2,True,recode,1
1e2beaf6-b0bf-4f08-b7f8-41eddd919a3c,prca13,likert5,2) disagree,5,True,recode,0
1e2beaf6-b0bf-4f08-b7f8-41eddd919a3c,prca14,likert5,5) strongly agree,2,True,recode,1
1e2beaf6-b0bf-4f08-b7f8-41eddd919a3c,prca15,likert5,1) strongly disagree,5,True,recode,0
1e2beaf6-b0bf-4f08-b7f8-41eddd919a3c,prca16,likert5,1) strongly disagree,5,True,recode,1
1e2beaf6-b0bf-4f08-b7f8-41eddd919a3c,prca17,likert5,3) neutral,1,True,recode,1
1e2beaf6-b0bf-4f08-b7f8-41eddd919a3c,prca18,likert5,3) neutral,4,True,recode,0
8f40ca10-8aa6-45db-8402-30e768732f27,prca01,likert5,3) neutral,4,True,recode,0
8f40ca10-8aa6-45db-8402-30e768732f27,prca02,likert5,3) neutral,2,True,recode,1
8f40ca10-8aa6-45db-8402-30e768732f27,prca03,likert5,2) disagree,4,True,recode,0
8f40ca10-8aa6-45db-8402-30e768732f27,prca04,likert5,4) agree,2,True,recode,1
8f40ca10-8aa6-45db-8402-30e768732f27,prca05,likert5,1) strongly disagree,5,True,recode,0
8f40ca10-8aa6-45db-8402-30e768732f27,prca06,likert5,3) neutral,2,True,recode,1
8f40ca10-8aa6-45db-8402-30e768732f27,prca13,likert5,4) agree,4,True,recode,0
8f40ca10-8aa6-45db-8402-30e768732f27,prca14,likert5,2) disagree,1,True,recode,1
8f40ca10-8aa6-45db-8402-30e768732f27,prca15,likert5,3) neutral,5,True,recode,0
8f40ca10-8aa6-45db-8402-30e768732f27,prca16,likert5,2) disagree,2,True,recode,1
8f40ca10-8aa6-45db-8402-30e768732f27,prca17,likert5,3) neutral,2,True,recode,1
8f40ca10-8aa6-45db-8402-30e768732f27,prca18,likert5,2) disagree,5,True,recode,0
6286de8e-5854-4d3b-b4cc-7c197a40ff4f,prca01,likert5,2) disagree,4,True,recode,0
6286de8e-5854-4d3b-b4cc-7c197a40ff4f,prca02,likert5,5) strongly agree,3,True,recode,1
6286de8e-5854-4d3b-b4cc-7c197a40ff4f,prca03,likert5,3) neutral,4,True,recode,0
6286de8e-5854-4d3b-b4cc-7c197a40ff4f,prca04,likert5,2) disagree,1,True,recode,1
6286de8e-5854-4d3b-b4cc-7c197a40ff4f,prca05,likert5,3) neutral,4,True,recode,0
6286de8e-5854-4d3b-b4cc-7c197a40ff4f,prca06,likert5,5) strongly agree,3,True,recode,1
6286de8e-5854-4d3b-b4cc-7c197a40ff4f,prca13,likert5,1) strongly disagree,4,True,recode,0
6286de8e-5854-4d3b-b4cc-7c197a40ff4f,prca14,likert5,2) disagree,2,True,recode,1
6286de8e-5854-4d3b-b4cc-7c197a40ff4f,prca15,likert5,4) agree,4,True,recode,0
6286de8e-5854-4d3b-b4cc-7c197a40ff4f,prca16,likert5,4) agree,2,True,recode,1
6286de8e-5854-4d3b-b4cc-7c197a40ff4f,prca17,likert5,4) agree,1,True,recode,1
6286de8e-5854-4d3b-b4cc-7c197a40ff4f,prca18,likert5,3) neutral,5,True,recode,0
806137f6-4d89-4848-b27a-0771b9cf9863,prca01,likert5,3) neutral,4,True,recode,0
806137f6-4d89-4848-b27a-0771b9cf9863,prca02,likert5,4) agree,2,True,recode,1
806137f6-4d89-4848-b27a-0771b9cf9863,prca03,likert5,1) strongly disagree,4,True,recode,0
806137f6-4d89-4848-b27a-0771b9cf9863,prca04,likert5,2) disagree,3,True,recode,1
806137f6-4d89-4848-b27a-0771b9cf9863,prca05,likert5,3) neutral,4,True,recode,0
806137f6-4d89-4848-b27a-0771b9cf9863,prca06,likert5,1) strongly disagree,2,True,recode,1
806137f6-4d89-4848-b27a-0771b9cf9863,prca13,likert5,3) neutral,4,True,recode,0
806137f6-4d89-4848-b27a-0771b9cf9863,prca14,likert5,3) neutral,2,True,recode,1
806137f6-4d89-4848-b27a-0771b9cf9863,prca15,likert5,3) neutral,4,True,recode,0
806137f6-4d89-4848-b27a-0771b9cf9863,prca16,likert5,3) neutral,2,True,recode,1
806137f6-4d89-4848-b27a-0771b9cf9863,prca17,likert5,2) disagree,1,True,recode,1
806137f6-4d89-4848-b27a-0771b9cf9863,prca18,likert5,3) neutral,4,True,recode,0
0160be11-eb0d-4038-a172-ab9964dc0555,prca01,likert5,3) neutral,4,True,recode,0
0160be11-eb0d-4038-a172-ab9964dc0555,prca02,likert5,1) strongly disagree,1,True,recode,1
0160be11-eb0d-4038-a172-ab9964dc0555,prca03,likert5,3) neutral,5,True,recode,0
0160be11-eb0d-4038-a172-ab9964dc0555,prca04,likert5,3) neutral,2,True,recode,1
0160be11-eb0d-4038-a172-ab9964dc0555,prca05,likert5,1) strongly disagree,5,True,recode,0
0160be11-eb0d-4038-a172-ab9964dc0555,prca06,likert5,2) disagree,1,True,recode,1
0160be11-eb0d-4038-a172-ab9964dc0555,prca13,likert5,4) agree,4,True,recode,0
0160be11-eb0d-4038-a172-ab9964dc0555,prca14,likert5,3) neutral,2,True,recode,1
0160be11-eb0d-4038-a172-ab9964dc0555,prca15,likert5,3) neutral,4,True,recode,0
0160be11-eb0d-4038-a172-ab9964dc0555,prca16,likert5,1) strongly disagree,1,True,recode,1
0160be11-eb0d-4038-a172-ab9964dc0555,prca17,likert5,3) neutral,2,True,recode,1
0160be11-eb0d-4038-a172-ab9964dc0555,prca18,likert5,4) agree,3,True,recode,0
f20e2ee0-81d8-4de5-aec7-03d1091e1c64,prca01,likert5,3) neutral,4,True,recode,0
f20e2ee0-81d8-4de5-aec7-03d1091e1c64,prca02,likert5,3) neutral,2,True,recode,1
f20e2ee0-81d8-4de5-aec7-03d1091e1c64,prca03,likert5,3) neutral,4,True,recode,0
f20e2ee0-81d8-4de5-aec7-03d1091e1c64,prca04,likert5,3) neutral,1,True,recode,1
f20e2ee0-81d8-4de5-aec7-03d1091e1c64,prca05,likert5,3) neutral,4,True,recode,0
f20e2ee0-81d8-4de5-aec7-03d1091e1c64,prca06,likert5,3) neutral,2,True,recode,1
f20e2ee0-81d8-4de5-aec7-03d1091e1c64,prca13,likert5,1) strongly disagree,5,True,recode,0
f20e2ee0-81d8-4de5-aec7-03d1091e1c64,prca14,likert5,3) neutral,2,True,recode,1
f20e2ee0-81d8-4de5-aec7-03d1091e1c64,prca15,likert5,3) neutral,4,True,recode,0
f20e2ee0-81d8-4de5-aec7-03d1091e1c64,prca16,likert5,3) neutral,2,True,recode,1
f20e2ee0-81d8-4de5-aec7-03d1091e1c64,prca17,likert5,3) neutral,2,True,recode,1
f20e2ee0-81d8-4de5-aec7-03d1091e1c64,prca18,likert5,3) neutral,4,True,recode,0
5c36a02f-5ca8-414b-8a66-b76b140ebe33,prca01,likert5,3) neutral,4,True,recode,0
5c36a02f-5ca8-414b-8a66-b76b140ebe33,prca02,likert5,3) neutral,2,True,recode,1
5c36a02f-5ca8-414b-8a66-b76b140ebe33,prca03,likert5,3) neutral,5,True,recode,0
5c36a02f-5ca8-414b-8a66-b76b140ebe33,prca04,likert5,1) strongly disagree,2,True,recode,1
5c36a02f-5ca8-414b-8a66-b76b140ebe33,prca05,likert5,1) strongly disagree,5,True,recode,0
5c36a02f-5ca8-414b-8a66-b76b140ebe33,prca06,likert5,3) neutral,2,True,recode,1
5c36a02f-5ca8-414b-8a66-b76b140ebe33,prca13,likert5,3) neutral,4,True,recode,0
5c36a02f-5ca8-414b-8a66-b76b140ebe33,prca14,likert5,2) disagree,5,True,recode,1
5c36a02f-5ca8-414b-8a66-b76b140ebe33,prca15,likert5,3) neutral,4,True,recode,0
5c36a02f-5ca8-414b-8a66-b76b140ebe33,prca16,likert5,3) neutral,2,True,recode,1
5c36a02f-5ca8-414b-8a66-b76b140ebe33,prca17,likert5,3) neutral,2,True,recode,1
5c36a02f-5ca8-414b-8a66-b76b140ebe33,prca18,likert5,3) neutral,4,True,recode,0
f8e51224-7776-4bcb-8d0a-59720bb45ccf,prca01,likert5,3) neutral,4,True,recode,0
f8e51224-7776-4bcb-8d0a-59720bb45ccf,prca02,likert5,3) neutral,2,True,recode,1
f8e51224-7776-4bcb-8d0a-59720bb45ccf,prca03,likert5,3) neutral,5,True,recode,0
f8e51224-7776-4bcb-8d0a-59720bb45ccf,prca04,likert5,4) agree,1,True,recode,1
f8e51224-7776-4bcb-8d0a-59720bb45ccf,prca05,likert5,3) neutral,4,True,recode,0
f8e51224-7776-4bcb-8d0a-59720bb45ccf,prca06,likert5,3) neutral,2,True,recode,1
f8e51224-7776-4bcb-8d0a-59720bb45ccf,prca13,likert5,1) strongly disagree,4,True,recode,0
f8e51224-7776-4bcb-8d0a-59720bb45ccf,prca14,likert5,4) agree,2,True,recode,1
f8e51224-7776-4bcb-8d0a-59720bb45ccf,prca15,likert5,4) agree,4,True,recode,0
f8e51224-7776-4bcb-8d0a-59720bb45ccf,prca16,likert5,4) agree,2,True,recode,1
f8e51224-7776-4bcb-8d0a-59720bb45ccf,prca17,likert5,3) neutral,2,True,recode,1
f8e51224-7776-4bcb-8d0a-59720bb45ccf,prca18,likert5,3) neutral,5,True,recode,0
a7ec71b8-e4c7-44b0-9afc-0632da0cefad,prca01,likert5,2) disagree,5,True,recode,0
a7ec71b8-e4c7-44b0-9afc-0632da0cefad,prca02,likert5,3) neutral,2,True,recode,1
a7ec71b8-e4c7-44b0-9afc-0632da0cefad,prca03,likert5,3) neutral,5,True,recode,0
a7ec71b8-e4c7-44b0-9afc-0632da0cefad,prca04,likert5,3) neutral,3,True,recode,1
a7ec71b8-e4c7-44b0-9afc-0632da0cefad,prca05,likert5,3) neutral,4,True,recode,0
a7ec71b8-e4c7-44b0-9afc-0632da0cefad,prca06,likert5,3) neutral,2,True,recode,1
a7ec71b8-e4c7-44b0-9afc-0632da0cefad,prca13,likert5,4) agree,5,True,recode,0
a7ec71b8-e4c7-44b0-9afc-0632da0cefad,prca14,likert5,3) neutral,1,True,recode,1
a7ec71b8-e4c7-44b0-9afc-0632da0cefad,prca15,likert5,3) neutral,4,True,recode,0
a7ec71b8-e4c7-44b0-9afc-0632da0cefad,prca16,likert5,3) neutral,2,True,recode,1
a7ec71b8-e4c7-44b0-9afc-0632da0cefad,prca17,likert5,3) neutral,2,True,recode,1
a7ec71b8-e4c7-44b0-9afc-0632da0cefad,prca18,likert5,2) disagree,4,True,recode,0
7b352aaf-4a4b-4eba-b399-86b52b1c9ec2,prca01,likert5,2) disagree,5,True,recode,0
7b352aaf-4a4b-4eba-b399-86b52b1c9ec2,prca02,likert5,3) neutral,2,True,recode,1
7b352aaf-4a4b-4eba-b399-86b52b1c9ec2,prca03,likert5,3) neutral,4,True,recode,0
7b352aaf-4a4b-4eba-b399-86b52b1c9ec2,prca04,likert5,3) neutral,2,True,recode,1
7b352aaf-4a4b-4eba-b399-86b52b1c9ec2,prca05,likert5,3) neutral,4,True,recode,0
7b352aaf-4a4b-4eba-b399-86b52b1c9ec2,prca06,likert5,3) neutral,2,True,recode,1
7b352aaf-4a4b-4eba-b399-86b52b1c9ec2,prca13,likert5,1) strongly disagree,5,True,recode,0
7b352aaf-4a4b-4eba-b399-86b52b1c9ec2,prca14,likert5,3) neutral,2,True,recode,1
7b352aaf-4a4b-4eba-b399-86b52b1c9ec2,prca15,likert5,3) neutral,5,True,recode,0
7b352aaf-4a4b-4eba-b399-86b52b1c9ec2,prca16,likert5,3) neutral,2,True,recode,1
7b352aaf-4a4b-4eba-b399-86b52b1c9ec2,prca17,likert5,2) disagree,1,True,recode,1
7b352aaf-4a4b-4eba-b399-86b52b1c9ec2,prca18,likert5,3) neutral,4,True,recode,0
3307b657-78e9-420d-a85c-0ab5e88f6266,prca01,likert5,3) neutral,5,True,recode,0
3307b657-78e9-420d-a85c-0ab5e88f6266,prca02,likert5,3) neutral,2,True,recode,1
3307b657-78e9-420d-a85c-0ab5e88f6266,prca03,likert5,3) neutral,4,True,recode,0
3307b657-78e9-420d-a85c-0ab5e88f6266,prca04,likert5,3) neutral,2,True,recode,1
3307b657-78e9-420d-a85c-0ab5e88f6266,prca05,likert5,1) strongly disagree,5,True,recode,0
3307b657-78e9-420d-a85c-0ab5e88f6266,prca06,likert5,3) neutral,2,True,recode,1
3307b657-78e9-420d-a85c-0ab5e88f6266,prca13,likert5,4) agree,4,True,recode,0
3307b657-78e9-420d-a85c-0ab5e88f6266,prca14,likert5,3) neutral,2,True,recode,1
3307b657-78e9-420d-a85c-0ab5e88f6266,prca15,likert5,1) strongly disagree,5,True,recode,0
3307b657-78e9-420d-a85c-0ab5e88f6266,prca16,likert5,4) agree,4,True,recode,1
3307b657-78e9-420d-a85c-0ab5e88f6266,prca17,likert5,1) strongly disagree,2,True,recode,1
3307b657-78e9-420d-a85c-0ab5e88f6266,prca18,likert5,1) strongly disagree,1,True,recode,0
c54982cd-598e-4a2a-90d7-9444c0a7c928,prca01,likert5,3) neutral,4,True,recode,0
c54982cd-598e-4a2a-90d7-9444c0a7c928,prca02,likert5,3) neutral,2,True,recode,1
c54982cd-598e-4a2a-90d7-9444c0a7c928,prca03,likert5,4) agree,4,True,recode,0
c54982cd-598e-4a2a-90d7-9444c0a7c928,prca04,likert5,3) neutral,2,True,recode,1
c54982cd-598e-4a2a-90d7-9444c0a7c928,prca05,likert5,4) agree,4,True,recode,0
c54982cd-598e-4a2a-90d7-9444c0a7c928,prca06,likert5,3) neutral,2,True,recode,1
c54982cd-598e-4a2a-90d7-9444c0a7c928,prca13,likert5,3) neutral,4,True,recode,0
c54982cd-598e-4a2a-90d7-9444c0a7c928,prca14,likert5,3) neutral,2,True,recode,1
c54982cd-598e-4a2a-90d7-9444c0a7c928,prca15,likert5,2) disagree,5,True,recode,0
c54982cd-598e-4a2a-90d7-9444c0a7c928,prca16,likert5,3) neutral,1,True,recode,1
c54982cd-598e-4a2a-90d7-9444c0a7c928,prca17,likert5,4) agree,2,True,recode,1
c54982cd-598e-4a2a-90d7-9444c0a7c928,prca18,likert5,3) neutral,5,True,recode,0
584a1b12-290e-4a3c-8906-3cf580408c22,prca01,likert5,3) neutral,4,True,recode,0
584a1b12-290e-4a3c-8906-3cf580408c22,prca02,likert5,2) disagree,2,True,recode,1
584a1b12-290e-4a3c-8906-3cf580408c22,prca03,likert5,4) agree,4,True,recode,0
584a1b12-290e-4a3c-8906-3cf580408c22,prca04,likert5,3) neutral,2,True,recode,1
584a1b12-290e-4a3c-8906-3cf580408c22,prca05,likert5,1) strongly disagree,5,True,recode,0
584a1b12-290e-4a3c-8906-3cf580408c22,prca06,likert5,3) neutral,2,True,recode,1
584a1b12-290e-4a3c-8906-3cf580408c22,prca13,likert5,3) neutral,4,True,recode,0
584a1b12-290e-4a3c-8906-3cf580408c22,prca14,likert5,3) neutral,2,True,recode,1
584a1b12-290e-4a3c-8906-3cf580408c22,prca15,likert5,4) agree,4,True,recode,0
584a1b12-290e-4a3c-8906-3cf580408c22,prca16,likert5,2) disagree,2,True,recode,1
584a1b12-290e-4a3c-8906-3cf580408c22,prca17,likert5,2) disagree,4,True,recode,1
584a1b12-290e-4a3c-8906-3cf580408c22,prca18,likert5,4) agree,4,True,recode,0
03a5c0c7-18a9-4d7a-9c9f-7ae3e0c8752b,prca01,likert5,4) agree,4,True,recode,0
03a5c0c7-18a9-4d7a-9c9f-7ae3e0c8752b,prca02,likert5,4) agree,1,True,recode,1
03a5c0c7-18a9-4d7a-9c9f-7ae3e0c8752b,prca03,likert5,4) agree,4,True,recode,0
03a5c0c7-18a9-4d7a-9c9f-7ae3e0c8752b,prca04,likert5,3) neutral,2,True,recode,1
03a5c0c7-18a9-4d7a-9c9f-7ae3e0c8752b,prca05,likert5,3) neutral,4,True,recode,0
03a5c0c7-18a9-4d7a-9c9f-7ae3e0c8752b,prca06,likert5,3) neutral,2,True,recode,1
03a5c0c7-18a9-4d7a-9c9f-7ae3e0c8752b,prca13,likert5,2) disagree,5,True,recode,0
03a5c0c7-18a9-4d7a-9c9f-7ae3e0c8752b,prca14,likert5,3) neutral,2,True,recode,1
03a5c0c7-18a9-4d7a-9c9f-7ae3e0c8752b,prca15,likert5,3) neutral,5,True,recode,0
03a5c0c7-18a9-4d7a-9c9f-7ae3e0c8752b,prca16,likert5,3) neutral,1,True,recode,1
03a5c0c7-18a9-4d7a-9c9f-7ae3e0c8752b,prca17,likert5,3) neutral,2,True,recode,1
03a5c0c7-18a9-4d7a-9c9f-7ae3e0c8752b,prca18,likert5,1) strongly disagree,5,True,recode,0
c95e98dc-3eba-4376-bcce-59a3482dbef5,prca01,likert5,3) neutral,4,True,recode,0
c95e98dc-3eba-4376-bcce-59a3482dbef5,prca02,likert5,2) disagree,2,True,recode,1
c95e98dc-3eba-4376-bcce-59a3482dbef5,prca03,likert5,1) strongly disagree,5,True,recode,0
c95e98dc-3eba-4376-bcce-59a3482dbef5,prca04,likert5,3) neutral,3,True,recode,1
c95e98dc-3eba-4376-bcce-59a3482dbef5,prca05,likert5,1) strongly disagree,5,True,recode,0
c95e98dc-3eba-4376-bcce-59a3482dbef5,prca06,likert5,2) disagree,2,True,recode,1
c95e98dc-3eba-4376-bcce-59a3482dbef5,prca13,likert5,3) neutral,4,True,recode,0
c95e98dc-3eba-4376-bcce-59a3482dbef5,prca14,likert5,2) disagree,2,True,recode,1
c95e98dc-3eba-4376-bcce-59a3482dbef5,prca15,likert5,3) neutral,4,True,recode,0
c95e98dc-3eba-4376-bcce-59a3482dbef5,prca16,likert5,3) neutral,2,True,recode,1
c95e98dc-3eba-4376-bcce-59a3482dbef5,prca17,likert5,3) neutral,2,True,recode,1
c95e98dc-3eba-4376-bcce-59a3482dbef5,prca18,likert5,1) strongly disagree,4,True,recode,0
67295857-5775-4843-bc0d-e036602ef42f,prca01,likert5,4) agree,4,True,recode,0
67295857-5775-4843-bc0d-e036602ef42f,prca02,likert5,3) neutral,2,True,recode,1
67295857-5775-4843-bc0d-e036602ef42f,prca03,likert5,3) neutral,4,True,recode,0
67295857-5775-4843-bc0d-e036602ef42f,prca04,likert5,4) agree,2,True,recode,1
67295857-5775-4843-bc0d-e036602ef42f,prca05,likert5,3) neutral,4,True,recode,0
67295857-5775-4843-bc0d-e036602ef42f,prca06,likert5,3) neutral,2,True,recode,1
67295857-5775-4843-bc0d-e036602ef42f,prca13,likert5,2) disagree,5,True,recode,0
67295857-5775-4843-bc0d-e036602ef42f,prca14,likert5,3) neutral,2,True,recode,1
67295857-5775-4843-bc0d-e036602ef42f,prca15,likert5,1) strongly disagree,4,True,recode,0
67295857-5775-4843-bc0d-e036602ef42f,prca16,likert5,4) agree,2,True,recode,1
67295857-5775-4843-bc0d-e036602ef42f,prca17,likert5,3) neutral,3,True,recode,1
67295857-5775-4843-bc0d-e036602ef42f,prca18,likert5,3) neutral,4,True,recode,0
9449865c-e5c5-4058-8716-58c27c47e103,prca01,likert5,3) neutral,4,True,recode,0
9449865c-e5c5-4058-8716-58c27c47e103,prca02,likert5,3) neutral,2,True,recode,1
9449865c-e5c5-4058-8716-58c27c47e103,prca03,likert5,3) neutral,4,True,recode,0
9449865c-e5c5-4058-8716-58c27c47e103,prca04,likert5,4) agree,2,True,recode,1
9449865c-e5c5-4058-8716-58c27c47e103,prca05,likert5,3) neutral,3,True,recode,0
9449865c-e5c5-4058-8716-58c27c47e103,prca06,likert5,2) disagree,1,True,recode,1
9449865c-e5c5-4058-8716-58c27c47e103,prca13,likert5,4) agree,4,True,recode,0
9449865c-e5c5-4058-8716-58c27c47e103,prca14,likert5,3) neutral,2,True,recode,1
9449865c-e5c5-4058-8716-58c27c47e103,prca15,likert5,1) strongly disagree,1,True,recode,0
9449865c-e5c5-4058-8716-58c27c47e103,prca16,likert5,3) neutral,2,True,recode,1
9449865c-e5c5-4058-8716-58c27c47e103,prca17,likert5,3) neutral,2,True,recode,1
9449865c-e5c5-4058-8716-58c27c47e103,prca18,likert5,3) neutral,5,True,recode,0
4d46adab-2dd4-45ac-8462-8bdb61e32ee7,prca01,likert5,2) disagree,4,True,recode,0
4d46adab-2dd4-45ac-8462-8bdb61e32ee7,prca02,likert5,3) neutral,2,True,recode,1
4d46adab-2dd4-45ac-8462-8bdb61e32ee7,prca03,likert5,3) neutral,4,True,recode,0
4d46adab-2dd4-45ac-8462-8bdb61e32ee7,prca04,likert5,3) neutral,2,True,recode,1
4d46adab-2dd4-45ac-8462-8bdb61e32ee7,prca05,likert5,1) strongly disagree,1,True,recode,0
4d46adab-2dd4-45ac-8462-8bdb61e32ee7,prca06,likert5,3) neutral,2,True,recode,1
4d46adab-2dd4-45ac-8462-8bdb61e32ee7,prca13,likert5,2) disagree,5,True,recode,0
4d46adab-2dd4-45ac-8462-8bdb61e32ee7,prca14,likert5,3) neutral,2,True,recode,1
4d46adab-2dd4-45ac-8462-8bdb61e32ee7,prca15,likert5,3) neutral,4,True,recode,0
4d46adab-2dd4-45ac-8462-8bdb61e32ee7,prca16,likert5,4) agree,2,True,recode,1
4d46adab-2dd4-45ac-8462-8bdb61e32ee7,prca17,likert5,2) disagree,1,True,recode,1
4d46adab-2dd4-45ac-8462-8bdb61e32ee7,prca18,likert5,2) disagree,5,True,recode,0
8589e70d-789b-44f5-9504-b842b75a95fd,prca01,likert5,3) neutral,4,True,recode,0
8589e70d-789b-44f5-9504-b842b75a95fd,prca02,likert5,1) strongly disagree,1,True,recode,1
8589e70d-789b-44f5-9504-b842b75a95fd,prca03,likert5,3) neutral,4,True,recode,0
8589e70d-789b-44f5-9504-b842b75a95fd,prca04,likert5,3) neutral,2,True,recode,1
8589e70d-789b-44f5-9504-b842b75a95fd,prca05,likert5,1) strongly disagree,5,True,recode,0
8589e70d-789b-44f5-9504-b842b75a95fd,prca06,likert5,2) disagree,2,True,recode,1
8589e70d-789b-44f5-9504-b842b75a95fd,prca13,likert5,3) neutral,4,True,recode,0
8589e70d-789b-44f5-9504-b842b75a95fd,prca14,likert5,2) disagree,1,True,recode,1
8589e70d-789b-44f5-9504-b842b75a95fd,prca15,likert5,3) neutral,4,True,recode,0
8589e70d-789b-44f5-9504-b842b75a95fd,prca16,likert5,3) neutral,2,True,recode,1
8589e70d-789b-44f5-9504-b842b75a95fd,prca17,likert5,2) disagree,2,True,recode,1
8589e70d-789b-44f5-9504-b842b75a95fd,prca18,likert5,2) disagree,4,True,recode,0
69fa27dd-79c5-42e3-953a-9a59a9545279,prca01,likert5,3) neutral,3,True,recode,0
69fa27dd-79c5-42e3-953a-9a59a9545279,prca02,likert5,3) neutral,2,True,recode,1
69fa27dd-79c5-42e3-953a-9a59a9545279,prca03,likert5,3) neutral,5,True,recode,0
69fa27dd-79c5-42e3-953a-9a59a9545279,prca04,likert5,3) neutral,2,True,recode,1
69fa27dd-79c5-42e3-953a-9a59a9545279,prca05,likert5,3) neutral,4,True,recode,0
69fa27dd-79c5-42e3-953a-9a59a9545279,prca06,likert5,3) neutral,1,True,recode,1
69fa27dd-79c5-42e3-953a-9a59a9545279,prca13,likert5,1) strongly disagree,5,True,recode,0
69fa27dd-79c5-42e3-953a-9a59a9545279,prca14,likert5,2) disagree,3,True,recode,1
69fa27dd-79c5-42e3-953a-9a59a9545279,prca15,likert5,2) disagree,4,True,recode,0
69fa27dd-79c5-42e3-953a-9a59a9545279,prca16,likert5,1) strongly disagree,1,True,recode,1
69fa27dd-79c5-42e3-953a-9a59a9545279,prca17,likert5,4) agree,2,True,recode,1
69fa27dd-79c5-42e3-953a-9a59a9545279,prca18,likert5,3) neutral,4,True,recode,0
f50673d1-e47a-4440-bf3f-40d3447a4542,prca01,likert5,3) neutral,4,True,recode,0
f50673d1-e47a-4440-bf3f-40d3447a4542,prca02,likert5,3) neutral,2,True,recode,1
f50673d1-e47a-4440-bf3f-40d3447a4542,prca03,likert5,1) strongly disagree,5,True,recode,0
f50673d1-e47a-4440-bf3f-40d3447a4542,prca04,likert5,3) neutral,2,True,recode,1
f50673d1-e47a-4440-bf3f-40d3447a4542,prca05,likert5,3) neutral,4,True,recode,0
f50673d1-e47a-4440-bf3f-40d3447a4542,prca06,likert5,3) neutral,2,True,recode,1
f50673d1-e47a-4440-bf3f-40d3447a4542,prca13,likert5,3) neutral,4,True,recode,0
f50673d1-e47a-4440-bf3f-40d3447a4542,prca14,likert5,3) neutral,2,True,recode,1
f50673d1-e47a-4440-bf3f-40d3447a4542,prca15,likert5,4) agree,5,True,recode,0
f50673d1-e47a-4440-bf3f-40d3447a4542,prca16,likert5,2) disagree,3,True,recode,1
f50673d1-e47a-4440-bf3f-40d3447a4542,prca17,likert5,3) neutral,1,True,recode,1
f50673d1-e47a-4440-bf3f-40d3447a4542,prca18,likert5,3) neutral,4,True,recode,0
261361cc-dddd-486b-8a9a-e304096ead50,prca01,likert5,2) disagree,1,True,recode,0
261361cc-dddd-486b-8a9a-e304096ead50,prca02,likert5,3) neutral,2,True,recode,1
261361cc-dddd-486b-8a9a-e304096ead50,prca03,likert5,1) strongly disagree,5,True,recode,0
261361cc-dddd-486b-8a9a-e304096ead50,prca04,likert5,2) disagree,2,True,recode,1
261361cc-dddd-486b-8a9a-e304096ead50,prca05,likert5,1) strongly disagree,5,True,recode,0
261361cc-dddd-486b-8a9a-e304096ead50,prca06,likert5,1) strongly disagree,2,True,recode,1
261361cc-dddd-486b-8a9a-e304096ead50,prca13,likert5,3) neutral,4,True,recode,0
261361cc-dddd-486b-8a9a-e304096ead50,prca14,likert5,3) neutral,2,True,recode,1
261361cc-dddd-486b-8a9a-e304096ead50,prca15,likert5,2) disagree,5,True,recode,0
261361cc-dddd-486b-8a9a-e304096ead50,prca16,likert5,3) neutral,2,True,recode,1
261361cc-dddd-486b-8a9a-e304096ead50,prca17,likert5,4) agree,2,True,recode,1
261361cc-dddd-486b-8a9a-e304096ead50,prca18,likert5,2) disagree,5,True,recode,0
dfc6543d-6d3c-43bc-b54c-48087a1c2b32,prca01,likert5,2) disagree,4,True,recode,0
dfc6543d-6d3c-43bc-b54c-48087a1c2b32,prca02,likert5,4) agree,2,True,recode,1
dfc6543d-6d3c-43bc-b54c-48087a1c2b32,prca03,likert5,4) agree,4,True,recode,0
dfc6543d-6d3c-43bc-b54c-48087a1c2b32,prca04,likert5,3) neutral,2,True,recode,1
dfc6543d-6d3c-43bc-b54c-48087a1c2b32,prca05,likert5,3) neutral,4,True,recode,0
dfc6543d-6d3c-43bc-b54c-48087a1c2b32,prca06,likert5,4) agree,2,True,recode,1
dfc6543d-6d3c-43bc-b54c-48087a1c2b32,prca13,likert5,3) neutral,4,True,recode,0
dfc6543d-6d3c-43bc-b54c-48087a1c2b32,prca14,likert5,3) neutral,2,True,recode,1
dfc6543d-6d3c-43bc-b54c-48087a1c2b32,prca15,likert5,3) neutral,5,True,recode,0
dfc6543d-6d3c-43bc-b54c-48087a1c2b32,prca16,likert5,3) neutral,2,True,recode,1
dfc6543d-6d3c-43bc-b54c-48087a1c2b32,prca17,likert5,4) agree,2,True,recode,1
dfc6543d-6d3c-43bc-b54c-48087a1c2b32,prca18,likert5,3) neutral,3,True,recode,0
4efcceee-6d46-46fb-874a-a3fa041e092c,prca01,likert5,3) neutral,4,True,recode,0
4efcceee-6d46-46fb-874a-a3fa041e092c,prca02,likert5,4) agree,1,True,recode,1
4efcceee-6d46-46fb-874a-a3fa041e092c,prca03,likert5,2) disagree,5,True,recode,0
4efcceee-6d46-46fb-874a-a3fa041e092c,prca04,likert5,3) neutral,3,True,recode,1
4efcceee-6d46-46fb-874a-a3fa041e092c,prca05,likert5,2) disagree,2,True,recode,0
4efcceee-6d46-46fb-874a-a3fa041e092c,prca06,likert5,2) disagree,2,True,recode,1
4efcceee-6d46-46fb-874a-a3fa041e092c,prca13,likert5,3) neutral,5,True,recode,0
4efcceee-6d46-46fb-874a-a3fa041e092c,prca14,likert5,5) strongly agree,3,True,recode,1
4efcceee-6d46-46fb-874a-a3fa041e092c,prca15,likert5,3) neutral,4,True,recode,0
4efcceee-6d46-46fb-874a-a3fa041e092c,prca16,likert5,3) neutral,2,True,recode,1
4efcceee-6d46-46fb-874a-a3fa041e092c,prca17,likert5,2) disagree,2,True,recode,1
4efcceee-6d46-46fb-874a-a3fa041e092c,prca18,likert5,4) agree,4,True,recode,0
b4aa916b-ada9-4270-a639-a4b18155323a,prca01,likert5,1) strongly disagree,5,True,recode,0
b4aa916b-ada9-4270-a639-a4b18155323a,prca02,likert5,1) strongly disagree,2,True,recode,1
b4aa916b-ada9-4270-a639-a4b18155323a,prca03,likert5,1) strongly disagree,5,True,recode,0
b4aa916b-ada9-4270-a639-a4b18155323a,prca04,likert5,3) neutral,2,True,recode,1
b4aa916b-ada9-4270-a639-a4b18155323a,prca05,likert5,1) strongly disagree,5,True,recode,0
b4aa916b-ada9-4270-a639-a4b18155323a,prca06,likert5,2) disagree,2,True,recode,1
b4aa916b-ada9-4270-a639-a4b18155323a,prca13,likert5,3) neutral,4,True,recode,0
b4aa916b-ada9-4270-a639-a4b18155323a,prca14,likert5,3) neutral,2,True,recode,1
b4aa916b-ada9-4270-a639-a4b18155323a,prca15,likert5,3) neutral,4,True,recode,0
b4aa916b-ada9-4270-a639-a4b18155323a,prca16,likert5,3) neutral,1,True,recode,1
b4aa916b-ada9-4270-a639-a4b18155323a,prca17,likert5,3) neutral,2,True,recode,1
b4aa916b-ada9-4270-a639-a4b18155323a,prca18,likert5,1) strongly disagree,1,True,recode,0
2d5d2880-a8b2-495e-a7ec-78e0c6bef18d,prca01,likert5,2) disagree,5,True,recode,0
2d5d2880-a8b2-495e-a7ec-78e0c6bef18d,prca02,likert5,3) neutral,2,True,recode,1
2d5d2880-a8b2-495e-a7ec-78e0c6bef18d,prca03,likert5,3) neutral,4,True,recode,0
2d5d2880-a8b2-495e-a7ec-78e0c6bef18d,prca04,likert5,1) strongly disagree,3,True,recode,1
2d5d2880-a8b2-495e-a7ec-78e0c6bef18d,prca05,likert5,3) neutral,4,True,recode,0
2d5d2880-a8b2-495e-a7ec-78e0c6bef18d,prca06,likert5,2) disagree,1,True,recode,1
2d5d2880-a8b2-495e-a7ec-78e0c6bef18d,prca13,likert5,3) neutral,4,True,recode,0
2d5d2880-a8b2-495e-a7ec-78e0c6bef18d,prca14,likert5,3) neutral,2,True,recode,1
2d5d2880-a8b2-495e-a7ec-78e0c6bef18d,prca15,likert5,3) neutral,4,True,recode,0
2d5d2880-a8b2-495e-a7ec-78e0c6bef18d,prca16,likert5,3) neutral,2,True,recode,1
2d5d2880-a8b2-495e-a7ec-78e0c6bef18d,prca17,likert5,2) disagree,1,True,recode,1
2d5d2880-a8b2-495e-a7ec-78e0c6bef18d,prca18,likert5,2) disagree,5,True,recode,0
ea347388-b5cd-4ccf-b53d-1dde72e04773,prca01,likert5,2) disagree,4,True,recode,0
ea347388-b5cd-4ccf-b53d-1dde72e04773,prca02,likert5,3) neutral,2,True,recode,1
ea347388-b5cd-4ccf-b53d-1dde72e04773,prca03,likert5,4) agree,4,True,recode,0
ea347388-b5cd-4ccf-b53d-1dde72e04773,prca04,likert5,4) agree,2,True,recode,1
ea347388-b5cd-4ccf-b53d-1dde72e04773,prca05,likert5,3) neutral,4,True,recode,0
ea347388-b5cd-4ccf-b53d-1dde72e04773,prca06,likert5,3) neutral,2,True,recode,1
ea347388-b5cd-4ccf-b53d-1dde72e04773,prca13,likert5,3) neutral,4,True,recode,0
ea347388-b5cd-4ccf-b53d-1dde72e04773,prca14,likert5,3) neutral,2,True,recode,1
ea347388-b5cd-4ccf-b53d-1dde72e04773,prca15,likert5,3) neutral,4,True,recode,0
ea347388-b5cd-4ccf-b53d-1dde72e04773,prca16,likert5,3) neutral,2,True,recode,1
ea347388-b5cd-4ccf-b53d-1dde72e04773,prca17,likert5,4) agree,2,True,recode,1
ea347388-b5cd-4ccf-b53d-1dde72e04773,prca18,likert5,3) neutral,4,True,recode,0
f5a13c1b-83fd-4f55-bed1-196396ce6140,prca01,likert5,3) neutral,4,True,recode,0
f5a13c1b-83fd-4f55-bed1-196396ce6140,prca02,likert5,4) agree,2,True,recode,1
f5a13c1b-83fd-4f55-bed1-196396ce6140,prca03,likert5,2) disagree,5,True,recode,0
f5a13c1b-83fd-4f55-bed1-196396ce6140,prca04,likert5,3) neutral,2,True,recode,1
f5a13c1b-83fd-4f55-bed1-196396ce6140,prca05,likert5,3) neutral,4,True,recode,0
f5a13c1b-83fd-4f55-bed1-196396ce6140,prca06,likert5,3) neutral,2,True,recode,1
f5a13c1b-83fd-4f55-bed1-196396ce6140,prca13,likert5,2) disagree,5,True,recode,0
f5a13c1b-83fd-4f55-bed1-196396ce6140,prca14,likert5,3) neutral,2,True,recode,1
f5a13c1b-83fd-4f55-bed1-196396ce6140,prca15,likert5,3) neutral,4,True,recode,0
f5a13c1b-83fd-4f55-bed1-196396ce6140,prca16,likert5,2) disagree,2,True,recode,1
f5a13c1b-83fd-4f55-bed1-196396ce6140,prca17,likert5,3) neutral,2,True,recode,1
f5a13c1b-83fd-4f55-bed1-196396ce6140,prca18,likert5,1) strongly disagree,4,True,recode,0
a5b9f974-65c9-4b01-b773-4a2f6ce760b2,prca01,likert5,2) disagree,3,True,recode,0
a5b9f974-65c9-4b01-b773-4a2f6ce760b2,prca02,likert5,4) agree,2,True,recode,1
a5b9f974-65c9-4b01-b773-4a2f6ce760b2,prca03,likert5,3) neutral,4,True,recode,0
a5b9f974-65c9-4b01-b773-4a2f6ce760b2,prca04,likert5,2) disagree,2,True,recode,1
a5b9f974-65c9-4b01-b773-4a2f6ce760b2,prca05,likert5,2) disagree,4,True,recode,0
a5b9f974-65c9-4b01-b773-4a2f6ce760b2,prca06,likert5,4) agree,3,True,recode,1
a5b9f974-65c9-4b01-b773-4a2f6ce760b2,prca13,likert5,2) disagree,5,True,recode,0
a5b9f974-65c9-4b01-b773-4a2f6ce760b2,prca14,likert5,5) strongly agree,2,True,recode,1
a5b9f974-65c9-4b01-b773-4a2f6ce760b2,prca15,likert5,2) disagree,3,True,recode,0
a5b9f974-65c9-4b01-b773-4a2f6ce760b2,prca16,likert5,3) neutral,2,True,recode,1
a5b9f974-65c9-4b01-b773-4a2f6ce760b2,prca17,likert5,4) agree,2,True,recode,1
a5b9f974-65c9-4b01-b773-4a2f6ce760b2,prca18,likert5,1) strongly disagree,4,True,recode,0
f824fa9f-a829-4f4b-be9b-9fc19d11cd3a,prca01,likert5,3) neutral,4,True,recode,0
f824fa9f-a829-4f4b-be9b-9fc19d11cd3a,prca02,likert5,3) neutral,2,True,recode,1
f824fa9f-a829-4f4b-be9b-9fc19d11cd3a,prca03,likert5,3) neutral,4,True,recode,0
f824fa9f-a829-4f4b-be9b-9fc19d11cd3a,prca04,likert5,2) disagree,1,True,recode,1
f824fa9f-a829-4f4b-be9b-9fc19d11cd3a,prca05,likert5,3) neutral,4,True,recode,0
f824fa9f-a829-4f4b-be9b-9fc19d11cd3a,prca06,likert5,4) agree,2,True,recode,1
f824fa9f-a829-4f4b-be9b-9fc19d11cd3a,prca13,likert5,2) disagree,4,True,recode,0
f824fa9f-a829-4f4b-be9b-9fc19d11cd3a,prca14,likert5,3) neutral,2,True,recode,1
f824fa9f-a829-4f4b-be9b-9fc19d11cd3a,prca15,likert5,1) strongly disagree,5,True,recode,0
f824fa9f-a829-4f4b-be9b-9fc19d11cd3a,prca16,likert5,2) disagree,1,True,recode,1
f824fa9f-a829-4f4b-be9b-9fc19d11cd3a,prca17,likert5,3) neutral,2,True,recode,1
f824fa9f-a829-4f4b-be9b-9fc19d11cd3a,prca18,likert5,2) disagree,5,True,recode,0
fea8fe0f-e7e7-48f6-9f56-4ee3d8d22107,prca01,likert5,4) agree,4,True,recode,0
fea8fe0f-e7e7-48f6-9f56-4ee3d8d22107,prca02,likert5,4) agree,2,True,recode,1
fea8fe0f-e7e7-48f6-9f56-4ee3d8d22107,prca03,likert5,2) disagree,3,True,recode,0
fea8fe0f-e7e7-48f6-9f56-4ee3d8d22107,prca04,likert5,3) neutral,2,True,recode,1
fea8fe0f-e7e7-48f6-9f56-4ee3d8d22107,prca05,likert5,3) neutral,4,True,recode,0
fea8fe0f-e7e7-48f6-9f56-4ee3d8d22107,prca06,likert5,2) disagree,2,True,recode,1
fea8fe0f-e7e7-48f6-9f56-4ee3d8d22107,prca13,likert5,3) neutral,4,True,recode,0
fea8fe0f-e7e7-48f6-9f56-4ee3d8d22107,prca14,likert5,4) agree,1,True,recode,1
fea8fe0f-e7e7-48f6-9f56-4ee3d8d22107,prca15,likert5,1) strongly disagree,5,True,recode,0
fea8fe0f-e7e7-48f6-9f56-4ee3d8d22107,prca16,likert5,3) neutral,1,True,recode,1
fea8fe0f-e7e7-48f6-9f56-4ee3d8d22107,prca17,likert5,3) neutral,1,True,recode,1
fea8fe0f-e7e7-48f6-9f56-4ee3d8d22107,prca18,likert5,4) agree,4,True,recode,0
2fcaf665-6f0e-4f46-b7be-8829694ea864,prca01,likert5,3) neutral,4,True,recode,0
2fcaf665-6f0e-4f46-b7be-8829694ea864,prca02,likert5,3) neutral,2,True,recode,1
2fcaf665-6f0e-4f46-b7be-8829694ea864,prca03,likert5,1) strongly disagree,4,True,recode,0
2fcaf665-6f0e-4f46-b7be-8829694ea864,prca04,likert5,1) strongly disagree,2,True,recode,1
2fcaf665-6f0e-4f46-b7be-8829694ea864,prca05,likert5,3) neutral,5,True,recode,0
2fcaf665-6f0e-4f46-b7be-8829694ea864,prca06,likert5,3) neutral,2,True,recode,1
2fcaf665-6f0e-4f46-b7be-8829694ea864,prca13,likert5,3) neutral,4,True,recode,0
2fcaf665-6f0e-4f46-b7be-8829694ea864,prca14,likert5,4) agree,2,True,recode,1
2fcaf665-6f0e-4f46-b7be-8829694ea864,prca15,likert5,3) neutral,4,True,recode,0
2fcaf665-6f0e-4f46-b7be-8829694ea864,prca16,likert5,2) disagree,1,True,recode,1
2fcaf665-6f0e-4f46-b7be-8829694ea864,prca17,likert5,3) neutral,2,True,recode,1
2fcaf665-6f0e-4f46-b7be-8829694ea864,prca18,likert5,3) neutral,4,True,recode,0
a03409e2-9097-447e-8267-70356e9a7f96,prca01,likert5,1) strongly disagree,5,True,recode,0
a03409e2-9097-447e-8267-70356e9a7f96,prca02,likert5,3) neutral,1,True,recode,1
a03409e2-9097-447e-8267-70356e9a7f96,prca03,likert5,3) neutral,4,True,recode,0
a03409e2-9097-447e-8267-70356e9a7f96,prca04,likert5,2) disagree,1,True,recode,1
a03409e2-9097-447e-8267-70356e9a7f96,prca05,likert5,3) neutral,4,True,recode,0
a03409e2-9097-447e-8267-70356e9a7f96,prca06,likert5,3) neutral,1,True,recode,1
a03409e2-9097-447e-8267-70356e9a7f96,prca13,likert5,4) agree,4,True,recode,0
a03409e2-9097-447e-8267-70356e9a7f96,prca14,likert5,3) neutral,3,True,recode,1
a03409e2-9097-447e-8267-70356e9a7f96,prca15,likert5,1) strongly disagree,5,True,recode,0
a03409e2-9097-447e-8267-70356e9a7f96,prca16,likert5,2) disagree,2,True,recode,1
a03409e2-9097-447e-8267-70356e9a7f96,prca17,likert5,4) agree,2,True,recode,1
a03409e2-9097-447e-8267-70356e9a7f96,prca18,likert5,4) agree,4,True,recode,0
1d0cf7c5-09a5-4cca-b02a-1f80c0dc9fb8,prca01,likert5,1) strongly disagree,4,True,recode,0
1d0cf7c5-09a5-4cca-b02a-1f80c0dc9fb8,prca02,likert5,1) strongly disagree,5,True,recode,1
1d0cf7c5-09a5-4cca-b02a-1f80c0dc9fb8,prca03,likert5,3) neutral,4,True,recode,0
1d0cf7c5-09a5-4cca-b02a-1f80c0dc9fb8,prca04,likert5,4) agree,2,True,recode,1
1d0cf7c5-09a5-4cca-b02a-1f80c0dc9fb8,prca05,likert5,3) neutral,4,True,recode,0
1d0cf7c5-09a5-4cca-b02a-1f80c0dc9fb8,prca06,likert5,1) strongly disagree,1,True,recode,1
1d0cf7c5-09a5-4cca-b02a-1f80c0dc9fb8,prca13,likert5,1) strongly disagree,5,True,recode,0
1d0cf7c5-09a5-4cca-b02a-1f80c0dc9fb8,prca14,likert5,3) neutral,2,True,recode,1
1d0cf7c5-09a5-4cca-b02a-1f80c0dc9fb8,prca15,likert5,2) disagree,4,True,recode,0
1d0cf7c5-09a5-4cca-b02a-1f80c0dc9fb8,prca16,likert5,2) disagree,3,True,recode,1
1d0cf7c5-09a5-4cca-b02a-1f80c0dc9fb8,prca17,likert5,3) neutral,2,True,recode,1
1d0cf7c5-09a5-4cca-b02a-1f80c0dc9fb8,prca18,likert5,1) strongly disagree,4,True,recode,0
7589fb6f-092a-4952-ba56-63ffa43ca409,prca01,likert5,2) disagree,5,True,recode,0
7589fb6f-092a-4952-ba56-63ffa43ca409,prca02,likert5,1) strongly disagree,5,True,recode,1
7589fb6f-092a-4952-ba56-63ffa43ca409,prca03,likert5,2) disagree,4,True,recode,0
7589fb6f-092a-4952-ba56-63ffa43ca409,prca04,likert5,3) neutral,1,True,recode,1
7589fb6f-092a-4952-ba56-63ffa43ca409,prca05,likert5,3) neutral,4,True,recode,0
7589fb6f-092a-4952-ba56-63ffa43ca409,prca06,likert5,3) neutral,2,True,recode,1
7589fb6f-092a-4952-ba56-63ffa43ca409,prca13,likert5,3) neutral,4,True,recode,0
7589fb6f-092a-4952-ba56-63ffa43ca409,prca14,likert5,3) neutral,2,True,recode,1
7589fb6f-092a-4952-ba56-63ffa43ca409,prca15,likert5,1) strongly disagree,4,True,recode,0
7589fb6f-092a-4952-ba56-63ffa43ca409,prca16,likert5,3) neutral,2,True,recode,1
7589fb6f-092a-4952-ba56-63ffa43ca409,prca17,likert5,3) neutral,2,True,recode,1
7589fb6f-092a-4952-ba56-63ffa43ca409,prca18,likert5,3) neutral,3,True,recode,0
c6fa74b1-ffed-4fe6-a14f-43a6f2c61212,prca01,likert5,2) disagree,5,True,recode,0
c6fa74b1-ffed-4fe6-a14f-43a6f2c61212,prca02,likert5,3) neutral,2,True,recode,1
c6fa74b1-ffed-4fe6-a14f-43a6f2c61212,prca03,likert5,3) neutral,4,True,recode,0
c6fa74b1-ffed-4fe6-a14f-43a6f2c61212,prca04,likert5,3) neutral,2,True,recode,1
c6fa74b1-ffed-4fe6-a14f-43a6f2c61212,prca05,likert5,2) disagree,4,True,recode,0
c6fa74b1-ffed-4fe6-a14f-43a6f2c61212,prca06,likert5,4) agree,2,True,recode,1
c6fa74b1-ffed-4fe6-a14f-43a6f2c61212,prca13,likert5,3) neutral,4,True,recode,0
c6fa74b1-ffed-4fe6-a14f-43a6f2c61212,prca14,likert5,3) neutral,2,True,recode,1
c6fa74b1-ffed-4fe6-a14f-43a6f2c61212,prca15,likert5,3) neutral,4,True,recode,0
c6fa74b1-ffed-4fe6-a14f-43a6f2c61212,prca16,likert5,3) neutral,2,True,recode,1
c6fa74b1-ffed-4fe6-a14f-43a6f2c61212,prca17,likert5,3) neutral,1,True,recode,1
c6fa74b1-ffed-4fe6-a14f-43a6f2c61212,prca18,likert5,3) neutral,4,True,recode,0
91ba431b-a010-411b-b514-34ffe870ed51,prca01,likert5,1),5,True,recode,0
91ba431b-a010-411b-b514-34ffe870ed51,prca02,likert5,3) neutral,2,True,recode,1
91ba431b-a010-411b-b514-34ffe870ed51,prca03,likert5,3) neutral,5,True,recode,0
91ba431b-a010-411b-b514-34ffe870ed51,prca04,likert5,3) neutral,2,True,recode,1
91ba431b-a010-411b-b514-34ffe870ed51,prca05,likert5,3) neutral,4,True,recode,0
91ba431b-a010-411b-b514-34ffe870ed51,prca06,likert5,3) neutral,2,True,recode,1
91ba431b-a010-411b-b514-34ffe870ed51,prca13,likert5,3) neutral,5,True,recode,0
91ba431b-a010-411b-b514-34ffe870ed51,prca14,likert5,3) neutral,2,True,recode,1
91ba431b-a010-411b-b514-34ffe870ed51,prca15,likert5,3) neutral,4,True,recode,0
91ba431b-a010-411b-b514-34ffe870ed51,prca16,likert5,1) strongly disagree,2,True,recode,1
91ba431b-a010-411b-b514-34ffe870ed51,prca17,likert5,3) neutral,2,True,recode,1
91ba431b-a010-411b-b514-34ffe870ed51,prca18,likert5,3) neutral,4,True,recode,0
7bbd9945-1e19-4505-a5bf-034e4ba91a2c,prca01,likert5,1) strongly disagree,5,True,recode,0
7bbd9945-1e19-4505-a5bf-034e4ba91a2c,prca02,likert5,4) agree,2,True,recode,1
7bbd9945-1e19-4505-a5bf-034e4ba91a2c,prca03,likert5,3) neutral,5,True,recode,0
7bbd9945-1e19-4505-a5bf-034e4ba91a2c,prca04,likert5,3) neutral,2,True,recode,1
7bbd9945-1e19-4505-a5bf-034e4ba91a2c,prca05,likert5,1) strongly disagree,4,True,recode,0
7bbd9945-1e19-4505-a5bf-034e4ba91a2c,prca06,likert5,3) neutral,3,True,recode,1
7bbd9945-1e19-4505-a5bf-034e4ba91a2c,prca13,likert5,3) neutral,4,True,recode,0
7bbd9945-1e19-4505-a5bf-034e4ba91a2c,prca14,likert5,1) strongly disagree,1,True,recode,1
7bbd9945-1e19-4505-a5bf-034e4ba91a2c,prca15,likert5,3) neutral,4,True,recode,0
7bbd9945-1e19-4505-a5bf-034e4ba91a2c,prca16,likert5,3) neutral,2,True,recode,1
7bbd9945-1e19-4505-a5bf-034e4ba91a2c,prca17,likert5,3) neutral,2,True,recode,1
7bbd9945-1e19-4505-a5bf-034e4ba91a2c,prca18,likert5,1) strongly disagree,1,True,recode,0
d08b2712-33a7-4992-a867-a3ff6f697af7,prca01,likert5,3) neutral,4,True,recode,0
d08b2712-33a7-4992-a867-a3ff6f697af7,prca02,likert5,4) agree,2,True,recode,1
d08b2712-33a7-4992-a867-a3ff6f697af7,prca03,likert5,4) agree,4,True,recode,0
d08b2712-33a7-4992-a867-a3ff6f697af7,prca04,likert5,4) agree,2,True,recode,1
d08b2712-33a7-4992-a867-a3ff6f697af7,prca05,likert5,2) disagree,5,True,recode,0
d08b2712-33a7-4992-a867-a3ff6f697af7,prca06,likert5,3) neutral,2,True,recode,1
d08b2712-33a7-4992-a867-a3ff6f697af7,prca13,likert5,3) neutral,4,True,recode,0
d08b2712-33a7-4992-a867-a3ff6f697af7,prca14,likert5,3) neutral,2,True,recode,1
d08b2712-33a7-4992-a867-a3ff6f697af7,prca15,likert5,3) neutral,4,True,recode,0
d08b2712-33a7-4992-a867-a3ff6f697af7,prca16,likert5,2) disagree,4,True,recode,1
d08b2712-33a7-4992-a867-a3ff6f697af7,prca17,likert5,4) agree,4,True,recode,1
d08b2712-33a7-4992-a867-a3ff6f697af7,prca18,likert5,2) disagree,4,True,recode,0
dadbbd95-8f64-497e-b774-2262ff0f9de3,prca01,likert5,3) neutral,4,True,recode,0
dadbbd95-8f64-497e-b774-2262ff0f9de3,prca02,likert5,3) neutral,2,True,recode,1
dadbbd95-8f64-497e-b774-2262ff0f9de3,prca03,likert5,2) disagree,4,True,recode,0
dadbbd95-8f64-497e-b774-2262ff0f9de3,prca04,likert5,1) strongly disagree,1,True,recode,1
dadbbd95-8f64-497e-b774-2262ff0f9de3,prca05,likert5,1) strongly disagree,5,True,recode,0
dadbbd95-8f64-497e-b774-2262ff0f9de3,prca06,likert5,3) neutral,2,True,recode,1
dadbbd95-8f64-497e-b774-2262ff0f9de3,prca13,likert5,3) neutral,4,True,recode,0
dadbbd95-8f64-497e-b774-2262ff0f9de3,prca14,likert5,4) agree,2,True,recode,1
dadbbd95-8f64-497e-b774-2262ff0f9de3,prca15,likert5,3) neutral,5,True,recode,0
dadbbd95-8f64-497e-b774-2262ff0f9de3,prca16,likert5,4) agree,2,True,recode,1
dadbbd95-8f64-497e-b774-2262ff0f9de3,prca17,likert5,1) strongly disagree,2,True,recode,1
dadbbd95-8f64-497e-b774-2262ff0f9de3,prca18,likert5,2) disagree,4,True,recode,0
9e36d4fe-f032-46ff-a207-7c55f1b2527e,prca01,likert5,2) disagree,3,True,recode,0
9e36d4fe-f032-46ff-a207-7c55f1b2527e,prca02,likert5,3) neutral,2,True,recode,1
9e36d4fe-f032-46ff-a207-7c55f1b2527e,prca03,likert5,3) neutral,3,True,recode,0
9e36d4fe-f032-46ff-a207-7c55f1b2527e,prca04,likert5,3) neutral,2,True,recode,1
9e36d4fe-f032-46ff-a207-7c55f1b2527e,prca05,likert5,3) neutral,4,True,recode,0
9e36d4fe-f032-46ff-a207-7c55f1b2527e,prca06,likert5,3) neutral,2,True,recode,1
9e36d4fe-f032-46ff-a207-7c55f1b2527e,prca13,likert5,3) neutral,4,True,recode,0
9e36d4fe-f032-46ff-a207-7c55f1b2527e,prca14,likert5,2) disagree,3,True,recode,1
9e36d4fe-f032-46ff-a207-7c55f1b2527e,prca15,likert5,2) disagree,3,True,recode,0
9e36d4fe-f032-46ff-a207-7c55f1b2527e,prca16,likert5,3) neutral,2,True,recode,1
9e36d4fe-f032-46ff-a207-7c55f1b2527e,prca17,likert5,3) neutral,2,True,recode,1
9e36d4fe-f032-46ff-a207-7c55f1b2527e,prca18,likert5,3) neutral,4,True,recode,0
ddee6d6d-09af-4e6c-94af-a75c24200d19,prca01,likert5,1) strongly disagree,3,True,recode,0
ddee6d6d-09af-4e6c-94af-a75c24200d19,prca02,likert5,4) agree,2,True,recode,1
ddee6d6d-09af-4e6c-94af-a75c24200d19,prca03,likert5,2) disagree,1,True,recode,0
ddee6d6d-09af-4e6c-94af-a75c24200d19,prca04,likert5,3) neutral,2,True,recode,1
ddee6d6d-09af-4e6c-94af-a75c24200d19,prca05,likert5,2) disagree,4,True,recode,0
ddee6d6d-09af-4e6c-94af-a75c24200d19,prca06,likert5,2) disagree,2,True,recode,1
ddee6d6d-09af-4e6c-94af-a75c24200d19,prca13,likert5,3) neutral,4,True,recode,0
ddee6d6d-09af-4e6c-94af-a75c24200d19,prca14,likert5,4) agree,3,True,recode,1
ddee6d6d-09af-4e6c-94af-a75c24200d19,prca15,likert5,4) agree,4,True,recode,0
ddee6d6d-09af-4e6c-94af-a75c24200d19,prca16,likert5,3) neutral,2,True,recode,1
ddee6d6d-09af-4e6c-94af-a75c24200d19,prca17,likert5,2) disagree,2,True,recode,1
ddee6d6d-09af-4e6c-94af-a75c24200d19,prca18,likert5,3) neutral,4,True,recode,0
9d566a03-27b8-4b94-a24f-f3eaef3c8707,prca01,likert5,2) disagree,5,True,recode,0
9d566a03-27b8-4b94-a24f-f3eaef3c8707,prca02,likert5,2) disagree,2,True,recode,1
9d566a03-27b8-4b94-a24f-f3eaef3c8707,prca03,likert5,1) strongly disagree,5,True,recode,0
9d566a03-27b8-4b94-a24f-f3eaef3c8707,prca04,likert5,3) neutral,2,True,recode,1
9d566a03-27b8-4b94-a24f-f3eaef3c8707,prca05,likert5,3) neutral,4,True,recode,0
9d566a03-27b8-4b94-a24f-f3eaef3c8707,prca06,likert5,3) neutral,1,True,recode,1
9d566a03-27b8-4b94-a24f-f3eaef3c8707,prca13,likert5,2) disagree,4,True,recode,0
9d566a03-27b8-4b94-a24f-f3eaef3c8707,prca14,likert5,3) neutral,2,True,recode,1
9d566a03-27b8-4b94-a24f-f3eaef3c8707,prca15,likert5,2) disagree,4,True,recode,0
9d566a03-27b8-4b94-a24f-f3eaef3c8707,prca16,likert5,2) disagree,2,True,recode,1
9d566a03-27b8-4b94-a24f-f3eaef3c8707,prca17,likert5,1) strongly disagree,1,True,recode,1
9d566a03-27b8-4b94-a24f-f3eaef3c8707,prca18,likert5,4) agree,4,True,recode,0
7004924d-cd6a-44ff-bbd2-e172d9089f56,prca01,likert5,3) neutral,2,True,recode,0
7004924d-cd6a-44ff-bbd2-e172d9089f56,prca02,likert5,2) disagree,3,True,recode,1
7004924d-cd6a-44ff-bbd2-e172d9089f56,prca03,likert5,3) neutral,5,True,recode,0
7004924d-cd6a-44ff-bbd2-e172d9089f56,prca04,likert5,2) disagree,1,True,recode,1
7004924d-cd6a-44ff-bbd2-e172d9089f56,prca05,likert5,2) disagree,5,True,recode,0
7004924d-cd6a-44ff-bbd2-e172d9089f56,prca06,likert5,2) disagree,2,True,recode,1
7004924d-cd6a-44ff-bbd2-e172d9089f56,prca13,likert5,4) agree,4,True,recode,0
7004924d-cd6a-44ff-bbd2-e172d9089f56,prca14,likert5,3) neutral,2,True,recode,1
7004924d-cd6a-44ff-bbd2-e172d9089f56,prca15,likert5,3) neutral,4,True,recode,0
7004924d-cd6a-44ff-bbd2-e172d9089f56,prca16,likert5,4) agree,2,True,recode,1
7004924d-cd6a-44ff-bbd2-e172d9089f56,prca17,likert5,3) neutral,2,True,recode,1
7004924d-cd6a-44ff-bbd2-e172d9089f56,prca18,likert5,4) agree,5,True,recode,0
744bb747-c644-4229-9c0c-3651cb4ddda3,prca01,likert5,3) neutral,4,True,recode,0
744bb747-c644-4229-9c0c-3651cb4ddda3,prca02,likert5,2) disagree,2,True,recode,1
744bb747-c644-4229-9c0c-3651cb4ddda3,prca03,likert5,3) neutral,4,True,recode,0
744bb747-c644-4229-9c0c-3651cb4ddda3,prca04,likert5,2) disagree,1,True,recode,1
744bb747-c644-4229-9c0c-3651cb4ddda3,prca05,likert5,1) strongly disagree,5,True,recode,0
744bb747-c644-4229-9c0c-3651cb4ddda3,prca06,likert5,2) disagree,1,True,recode,1
744bb747-c644-4229-9c0c-3651cb4ddda3,prca13,likert5,3) neutral,4,True,recode,0
744bb747-c644-4229-9c0c-3651cb4ddda3,prca14,likert5,4) agree,2,True,recode,1
744bb747-c644-4229-9c0c-3651cb4ddda3,prca15,likert5,2) disagree,5,True,recode,0
744bb747-c644-4229-9c0c-3651cb4ddda3,prca16,likert5,3) neutral,2,True,recode,1
744bb747-c644-4229-9c0c-3651cb4ddda3,prca17,likert5,3) neutral,2,True,recode,1
744bb747-c644-4229-9c0c-3651cb4ddda3,prca18,likert5,3) neutral,4,True,recode,0
bc0828e1-5be3-496a-b2c8-dc14c2e576dd,prca01,likert5,3) neutral,4,True,recode,0
bc0828e1-5be3-496a-b2c8-dc14c2e576dd,prca02,likert5,3) neutral,2,True,recode,1
bc0828e1-5be3-496a-b2c8-dc14c2e576dd,prca03,likert5,3) neutral,4,True,recode,0
bc0828e1-5be3-496a-b2c8-dc14c2e576dd,prca04,likert5,3) neutral,2,True,recode,1
bc0828e1-5be3-496a-b2c8-dc14c2e576dd,prca05,likert5,3) neutral,4,True,recode,0
bc0828e1-5be3-496a-b2c8-dc14c2e576dd,prca06,likert5,3) neutral,1,True,recode,1
bc0828e1-5be3-496a-b2c8-dc14c2e576dd,prca13,likert5,1) strongly disagree,5,True,recode,0
bc0828e1-5be3-496a-b2c8-dc14c2e576dd,prca14,likert5,3) neutral,2,True,recode,1
bc0828e1-5be3-496a-b2c8-dc14c2e576dd,prca15,likert5,3) neutral,4,True,recode,0
bc0828e1-5be3-496a-b2c8-dc14c2e576dd,prca16,likert5,2) disagree,1,True,recode,1
bc0828e1-5be3-496a-b2c8-dc14c2e576dd,prca17,likert5,2) disagree,3,True,recode,1
bc0828e1-5be3-496a-b2c8-dc14c2e576dd,prca18,likert5,4) agree,4,True,recode,0
7afa6727-9146-4c57-83d2-a29b3c6befc3,prca01,likert5,3) neutral,4,True,recode,0
7afa6727-9146-4c57-83d2-a29b3c6befc3,prca02,likert5,3) neutral,2,True,recode,1
7afa6727-9146-4c57-83d2-a29b3c6befc3,prca03,likert5,2) disagree,4,True,recode,0
7afa6727-9146-4c57-83d2-a29b3c6befc3,prca04,likert5,3) neutral,1,True,recode,1
7afa6727-9146-4c57-83d2-a29b3c6befc3,prca05,likert5,3) neutral,4,True,recode,0
7afa6727-9146-4c57-83d2-a29b3c6befc3,prca06,likert5,3) neutral,2,True,recode,1
7afa6727-9146-4c57-83d2-a29b3c6befc3,prca13,likert5,2) disagree,5,True,recode,0
7afa6727-9146-4c57-83d2-a29b3c6befc3,prca14,likert5,3) neutral,2,True,recode,1
7afa6727-9146-4c57-83d2-a29b3c6befc3,prca15,likert5,3) neutral,4,True,recode,0
7afa6727-9146-4c57-83d2-a29b3c6befc3,prca16,likert5,3) neutral,2,True,recode,1
7afa6727-9146-4c57-83d2-a29b3c6befc3,prca17,likert5,3) neutral,2,True,recode,1
7afa6727-9146-4c57-83d2-a29b3c6befc3,prca18,likert5,4) agree,4,True,recode,0
20eadea2-d189-4fdc-bcd7-bba875ecf1c5,prca01,likert5,3) neutral,4,True,recode,0
20eadea2-d189-4fdc-bcd7-bba875ecf1c5,prca02,likert5,3) neutral,2,True,recode,1
20eadea2-d189-4fdc-bcd7-bba875ecf1c5,prca03,likert5,3) neutral,4,True,recode,0
20eadea2-d189-4fdc-bcd7-bba875ecf1c5,prca04,likert5,3) neutral,2,True,recode,1
20eadea2-d189-4fdc-bcd7-bba875ecf1c5,prca05,likert5,2) disagree,4,True,recode,0
20eadea2-d189-4fdc-bcd7-bba875ecf1c5,prca06,likert5,3) neutral,2,True,recode,1
20eadea2-d189-4fdc-bcd7-bba875ecf1c5,prca13,likert5,3) neutral,4,True,recode,0
20eadea2-d189-4fdc-bcd7-bba875ecf1c5,prca14,likert5,3) neutral,2,True,recode,1
20eadea2-d189-4fdc-bcd7-bba875ecf1c5,prca15,likert5,3) neutral,3,True,recode,0
20eadea2-d189-4fdc-bcd7-bba875ecf1c5,prca16,likert5,3) neutral,2,True,recode,1
20eadea2-d189-4fdc-bcd7-bba875ecf1c5,prca17,likert5,2) disagree,1,True,recode,1
20eadea2-d189-4fdc-bcd7-bba875ecf1c5,prca18,likert5,3) neutral,4,True,recode,0
e31f44ba-2c7e-49af-942a-a2f81108194e,prca01,likert5,1) strongly disagree,4,True,recode,0
e31f44ba-2c7e-49af-942a-a2f81108194e,prca02,likert5,1) strongly disagree,1,True,recode,1
e31f44ba-2c7e-49af-942a-a2f81108194e,prca03,likert5,3) neutral,5,True,recode,0
e31f44ba-2c7e-49af-942a-a2f81108194e,prca04,likert5,3) neutral,2,True,recode,1
e31f44ba-2c7e-49af-942a-a2f81108194e,prca05,likert5,1) strongly disagree,5,True,recode,0
e31f44ba-2c7e-49af-942a-a2f81108194e,prca06,likert5,4) agree,1,True,recode,1
e31f44ba-2c7e-49af-942a-a2f81108194e,prca13,likert5,3) neutral,5,True,recode,0
e31f44ba-2c7e-49af-942a-a2f81108194e,prca14,likert5,3) neutral,1,True,recode,1
e31f44ba-2c7e-49af-942a-a2f81108194e,prca15,likert5,3) neutral,4,True,recode,0
e31f44ba-2c7e-49af-942a-a2f81108194e,prca16,likert5,3) neutral,2,True,recode,1
e31f44ba-2c7e-49af-942a-a2f81108194e,prca17,likert5,3) neutral,2,True,recode,1
e31f44ba-2c7e-49af-942a-a2f81108194e,prca18,likert5,3) neutral,4,True,recode,0
b12f6fdb-07dd-4d3a-945f-7e1743217566,prca01,likert5,3) neutral,5,True,recode,0
b12f6fdb-07dd-4d3a-945f-7e1743217566,prca02,likert5,3) neutral,2,True,recode,1
b12f6fdb-07dd-4d3a-945f-7e1743217566,prca03,likert5,2) disagree,4,True,recode,0
b12f6fdb-07dd-4d3a-945f-7e1743217566,prca04,likert5,4) agree,2,True,recode,1
b12f6fdb-07dd-4d3a-945f-7e1743217566,prca05,likert5,1) strongly disagree,5,True,recode,0
b12f6fdb-07dd-4d3a-945f-7e1743217566,prca06,likert5,3) neutral,1,True,recode,1
b12f6fdb-07dd-4d3a-945f-7e1743217566,prca13,likert5,3) neutral,4,True,recode,0
b12f6fdb-07dd-4d3a-945f-7e1743217566,prca14,likert5,4) agree,2,True,recode,1
b12f6fdb-07dd-4d3a-945f-7e1743217566,prca15,likert5,3) neutral,4,True,recode,0
b12f6fdb-07dd-4d3a-945f-7e1743217566,prca16,likert5,2) disagree,3,True,recode,1
b12f6fdb-07dd-4d3a-945f-7e1743217566,prca17,likert5,3) neutral,2,True,recode,1
b12f6fdb-07dd-4d3a-945f-7e1743217566,prca18,likert5,1) strongly disagree,5,True,recode,0
8b577a2e-99ba-46f5-82f9-8f2ba8e13635,prca01,likert5,3) neutral,4,True,recode,0
8b577a2e-99ba-46f5-82f9-8f2ba8e13635,prca02,likert5,3) neutral,2,True,recode,1
8b577a2e-99ba-46f5-82f9-8f2ba8e13635,prca03,likert5,1) strongly disagree,4,True,recode,0
8b577a2e-99ba-46f5-82f9-8f2ba8e13635,prca04,likert5,3) neutral,2,True,recode,1
8b577a2e-99ba-46f5-82f9-8f2ba8e13635,prca05,likert5,1) strongly disagree,5,True,recode,0
8b577a2e-99ba-46f5-82f9-8f2ba8e13635,prca06,likert5,1) strongly disagree,1,True,recode,1
8b577a2e-99ba-46f5-82f9-8f2ba8e13635,prca13,likert5,1) strongly disagree,5,True,recode,0
8b577a2e-99ba-46f5-82f9-8f2ba8e13635,prca14,likert5,2) disagree,3,True,recode,1
8b577a2e-99ba-46f5-82f9-8f2ba8e13635,prca15,likert5,3) neutral,4,True,recode,0
8b577a2e-99ba-46f5-82f9-8f2ba8e13635,prca16,likert5,4) agree,2,True,recode,1
8b577a2e-99ba-46f5-82f9-8f2ba8e13635,prca17,likert5,4) agree,2,True,recode,1
8b577a2e-99ba-46f5-82f9-8f2ba8e13635,prca18,likert5,3) neutral,4,True,recode,0
6667739c-3ee3-4be1-bc48-701e79cb129e,prca01,likert5,2) disagree,4,True,recode,0
6667739c-3ee3-4be1-bc48-701e79cb129e,prca02,likert5,3) neutral,2,True,recode,1
6667739c-3ee3-4be1-bc48-701e79cb129e,prca03,likert5,3) neutral,4,True,recode,0
6667739c-3ee3-4be1-bc48-701e79cb129e,prca04,likert5,3) neutral,2,True,recode,1
6667739c-3ee3-4be1-bc48-701e79cb129e,prca05,likert5,1) strongly disagree,5,True,recode,0
6667739c-3ee3-4be1-bc48-701e79cb129e,prca06,likert5,3) neutral,2,True,recode,1
6667739c-3ee3-4be1-bc48-701e79cb129e,prca13,likert5,2) disagree,5,True,recode,0
6667739c-3ee3-4be1-bc48-701e79cb129e,prca14,likert5,3) neutral,2,True,recode,1
6667739c-3ee3-4be1-bc48-701e79cb129e,prca15,likert5,3) neutral,5,True,recode,0
6667739c-3ee3-4be1-bc48-701e79cb129e,prca16,likert5,3) neutral,2,True,recode,1
6667739c-3ee3-4be1-bc48-701e79cb129e,prca17,likert5,4) agree,2,True,recode,1
6667739c-3ee3-4be1-bc48-701e79cb129e,prca18,likert5,3) neutral,4,True,recode,0
1590e3d2-7920-43b7-b75b-d2e7a7464d72,prca01,likert5,1) strongly disagree,3,True,recode,0
1590e3d2-7920-43b7-b75b-d2e7a7464d72,prca02,likert5,4) agree,2,True,recode,1
1590e3d2-7920-43b7-b75b-d2e7a7464d72,prca03,likert5,3) neutral,4,True,recode,0
1590e3d2-7920-43b7-b75b-d2e7a7464d72,prca04,likert5,3) neutral,2,True,recode,1
1590e3d2-7920-43b7-b75b-d2e7a7464d72,prca05,likert5,3) neutral,4,True,recode,0
1590e3d2-7920-43b7-b75b-d2e7a7464d72,prca06,likert5,4) agree,2,True,recode,1
1590e3d2-7920-43b7-b75b-d2e7a7464d72,prca13,likert5,3) neutral,4,True,recode,0
1590e3d2-7920-43b7-b75b-d2e7a7464d72,prca14,likert5,1) strongly disagree,1,True,recode,1
1590e3d2-7920-43b7-b75b-d2e7a7464d72,prca15,likert5,4) agree,4,True,recode,0
1590e3d2-7920-43b7-b75b-d2e7a7464d72,prca16,likert5,3) neutral,1,True,recode,1
1590e3d2-7920-43b7-b75b-d2e7a7464d72,prca17,likert5,3) neutral,2,True,recode,1
1590e3d2-7920-43b7-b75b-d2e7a7464d72,prca18,likert5,3) neutral,4,True,recode,0
72a273d2-531f-48f3-9da7-971104877725,prca01,likert5,3) neutral,4,True,recode,0
72a273d2-531f-48f3-9da7-971104877725,prca02,likert5,4) agree,2,True,recode,1
72a273d2-531f-48f3-9da7-971104877725,prca03,likert5,2) disagree,5,True,recode,0
72a273d2-531f-48f3-9da7-971104877725,prca04,likert5,3) neutral,2,True,recode,1
72a273d2-531f-48f3-9da7-971104877725,prca05,likert5,1) strongly disagree,5,True,recode,0
72a273d2-531f-48f3-9da7-971104877725,prca06,likert5,2) disagree,2,True,recode,1
72a273d2-531f-48f3-9da7-971104877725,prca13,likert5,2) disagree,5,True,recode,0
72a273d2-531f-48f3-9da7-971104877725,prca14,likert5,3) neutral,2,True,recode,1
72a273d2-531f-48f3-9da7-971104877725,prca15,likert5,3) neutral,4,True,recode,0
72a273d2-531f-48f3-9da7-971104877725,prca16,likert5,3) neutral,2,True,recode,1
72a273d2-531f-48f3-9da7-971104877725,prca17,likert5,4) agree,2,True,recode,1
72a273d2-531f-48f3-9da7-971104877725,prca18,likert5,3) neutral,5,True,recode,0
bc6a5ccf-dd40-4b92-83ac-6b168821c52a,prca01,likert5,3) neutral,4,True,recode,0
bc6a5ccf-dd40-4b92-83ac-6b168821c52a,prca02,likert5,3) neutral,2,True,recode,1
bc6a5ccf-dd40-4b92-83ac-6b168821c52a,prca03,likert5,2) disagree,4,True,recode,0
bc6a5ccf-dd40-4b92-83ac-6b168821c52a,prca04,likert5,3) neutral,2,True,recode,1
bc6a5ccf-dd40-4b92-83ac-6b168821c52a,prca05,likert5,3) neutral,4,True,recode,0
bc6a5ccf-dd40-4b92-83ac-6b168821c52a,prca06,likert5,3) neutral,2,True,recode,1
bc6a5ccf-dd40-4b92-83ac-6b168821c52a,prca13,likert5,3) neutral,4,True,recode,0
bc6a5ccf-dd40-4b92-83ac-6b168821c52a,prca14,likert5,3) neutral,2,True,recode,1
bc6a5ccf-dd40-4b92-83ac-6b168821c52a,prca15,likert5,3) neutral,4,True,recode,0
bc6a5ccf-dd40-4b92-83ac-6b168821c52a,prca16,likert5,3) neutral,1,True,recode,1
bc6a5ccf-dd40-4b92-83ac-6b168821c52a,prca17,likert5,3) neutral,2,True,recode,1
bc6a5ccf-dd40-4b92-83ac-6b168821c52a,prca18,likert5,3) neutral,4,True,recode,0
6cc30b54-fd78-4ff4-a057-f7763b04b830,prca01,likert5,2) disagree,3,True,recode,0
6cc30b54-fd78-4ff4-a057-f7763b04b830,prca02,likert5,3) neutral,2,True,recode,1
6cc30b54-fd78-4ff4-a057-f7763b04b830,prca03,likert5,3) neutral,4,True,recode,0
6cc30b54-fd78-4ff4-a057-f7763b04b830,prca04,likert5,3) neutral,2,True,recode,1
6cc30b54-fd78-4ff4-a057-f7763b04b830,prca05,likert5,3) neutral,1,True,recode,0
6cc30b54-fd78-4ff4-a057-f7763b04b830,prca06,likert5,3) neutral,2,True,recode,1
6cc30b54-fd78-4ff4-a057-f7763b04b830,prca13,likert5,3) neutral,4,True,recode,0
6cc30b54-fd78-4ff4-a057-f7763b04b830,prca14,likert5,3) neutral,2,True,recode,1
6cc30b54-fd78-4ff4-a057-f7763b04b830,prca15,likert5,4) agree,4,True,recode,0
6cc30b54-fd78-4ff4-a057-f7763b04b830,prca16,likert5,3) neutral,2,True,recode,1
6cc30b54-fd78-4ff4-a057-f7763b04b830,prca17,likert5,3) neutral,2,True,recode,1
6cc30b54-fd78-4ff4-a057-f7763b04b830,prca18,likert5,3) neutral,4,True,recode,0
b505d981-d566-4bfc-a27f-5befd4aa7a4c,prca01,likert5,1) strongly disagree,5,True,recode,0
b505d981-d566-4bfc-a27f-5befd4aa7a4c,prca02,likert5,2) disagree,2,True,recode,1
b505d981-d566-4bfc-a27f-5befd4aa7a4c,prca03,likert5,2) disagree,5,True,recode,0
b505d981-d566-4bfc-a27f-5befd4aa7a4c,prca04,likert5,4) agree,2,True,recode,1
b505d981-d566-4bfc-a27f-5befd4aa7a4c,prca05,likert5,4) agree,4,True,recode,0
b505d981-d566-4bfc-a27f-5befd4aa7a4c,prca06,likert5,1) strongly disagree,1,True,recode,1
b505d981-d566-4bfc-a27f-5befd4aa7a4c,prca13,likert5,4) agree,4,True,recode,0
b505d981-d566-4bfc-a27f-5befd4aa7a4c,prca14,likert5,3) neutral,2,True,recode,1
b505d981-d566-4bfc-a27f-5befd4aa7a4c,prca15,likert5,3) neutral,4,True,recode,0
b505d981-d566-4bfc-a27f-5befd4aa7a4c,prca16,likert5,3) neutral,2,True,recode,1
b505d981-d566-4bfc-a27f-5befd4aa7a4c,prca17,likert5,4) agree,1,True,recode,1
b505d981-d566-4bfc-a27f-5befd4aa7a4c,prca18,likert5,3) neutral,4,True,recode,0
20ddc928-66e5-494a-924c-955d03dea559,prca01,likert5,3) neutral,4,True,recode,0
20ddc928-66e5-494a-924c-955d03dea559,prca02,likert5,3) neutral,2,True,recode,1
20ddc928-66e5-494a-924c-955d03dea559,prca03,likert5,3) neutral,4,True,recode,0
20ddc928-66e5-494a-924c-955d03dea559,prca04,likert5,4) agree,2,True,recode,1
20ddc928-66e5-494a-924c-955d03dea559,prca05,likert5,3) neutral,5,True,recode,0
20ddc928-66e5-494a-924c-955d03dea559,prca06,likert5,2) disagree,1,True,recode,1
20ddc928-66e5-494a-924c-955d03dea559,prca13,likert5,3) neutral,4,True,recode,0
20ddc928-66e5-494a-924c-955d03dea559,prca14,likert5,4) agree,2,True,recode,1
20ddc928-66e5-494a-924c-955d03dea559,prca15,likert5,4) agree,4,True,recode,0
20ddc928-66e5-494a-924c-955d03dea559,prca16,likert5,4) agree,2,True,recode,1
20ddc928-66e5-494a-924c-955d03dea559,prca17,likert5,2) disagree,3,True,recode,1
20ddc928-66e5-494a-924c-955d03dea559,prca18,likert5,2) disagree,3,True,recode,0
fb156819-795b-4d25-aa2a-743306fbf8d9,prca01,likert5,3) neutral,4,True,recode,0
fb156819-795b-4d25-aa2a-743306fbf8d9,prca02,likert5,3) neutral,2,True,recode,1
fb156819-795b-4d25-aa2a-743306fbf8d9,prca03,likert5,3) neutral,5,True,recode,0
fb156819-795b-4d25-aa2a-743306fbf8d9,prca04,likert5,3) neutral,2,True,recode,1
fb156819-795b-4d25-aa2a-743306fbf8d9,prca05,likert5,2) disagree,4,True,recode,0
fb156819-795b-4d25-aa2a-743306fbf8d9,prca06,likert5,3) neutral,2,True,recode,1
fb156819-795b-4d25-aa2a-743306fbf8d9,prca13,likert5,3) neutral,4,True,recode,0
fb156819-795b-4d25-aa2a-743306fbf8d9,prca14,likert5,3) neutral,2,True,recode,1
fb156819-795b-4d25-aa2a-743306fbf8d9,prca15,likert5,4) agree,4,True,recode,0
fb156819-795b-4d25-aa2a-743306fbf8d9,prca16,likert5,4) agree,2,True,recode,1
fb156819-795b-4d25-aa2a-743306fbf8d9,prca17,likert5,3) neutral,2,True,recode,1
fb156819-795b-4d25-aa2a-743306fbf8d9,prca18,likert5,1) strongly disagree,5,True,recode,0
bfe056f0-dfd9-48e7-904f-46bc98003df5,prca01,likert5,3) neutral,4,True,recode,0
bfe056f0-dfd9-48e7-904f-46bc98003df5,prca02,likert5,3) neutral,2,True,recode,1
bfe056f0-dfd9-48e7-904f-46bc98003df5,prca03,likert5,3) neutral,4,True,recode,0
bfe056f0-dfd9-48e7-904f-46bc98003df5,prca04,likert5,4) agree,2,True,recode,1
bfe056f0-dfd9-48e7-904f-46bc98003df5,prca05,likert5,1) strongly disagree,5,True,recode,0
bfe056f0-dfd9-48e7-904f-46bc98003df5,prca06,likert5,3) neutral,3,True,recode,1
bfe056f0-dfd9-48e7-904f-46bc98003df5,prca13,likert5,1) strongly disagree,5,True,recode,0
bfe056f0-dfd9-48e7-904f-46bc98003df5,prca14,likert5,3) neutral,2,True,recode,1
bfe056f0-dfd9-48e7-904f-46bc98003df5,prca15,likert5,4) agree,4,True,recode,0
bfe056f0-dfd9-48e7-904f-46bc98003df5,prca16,likert5,1) strongly disagree,1,True,recode,1
bfe056f0-dfd9-48e7-904f-46bc98003df5,prca17,likert5,2) disagree,2,True,recode,1
bfe056f0-dfd9-48e7-904f-46bc98003df5,prca18,likert5,2) disagree,3,True,recode,0
