resid,question_id,scale,original_response,final_response,validated,action_taken,reverse_coded
c97df01c-3983-4295-bb0c-f62257b93142,prca01,likert5,2) disagree,4,True,recode,0
c97df01c-3983-4295-bb0c-f62257b93142,prca02,likert5,1) strongly disagree,1,True,recode,1
c97df01c-3983-4295-bb0c-f62257b93142,prca03,likert5,1) strongly disagree,5,True,recode,0
c97df01c-3983-4295-bb0c-f62257b93142,prca04,likert5,3) neutral,2,True,recode,1
c97df01c-3983-4295-bb0c-f62257b93142,prca05,likert5,2) disagree,5,True,recode,0
c97df01c-3983-4295-bb0c-f62257b93142,prca06,likert5,2) disagree,3,True,recode,1
c97df01c-3983-4295-bb0c-f62257b93142,prca13,likert5,3) neutral,4,True,recode,0
c97df01c-3983-4295-bb0c-f62257b93142,prca14,likert5,2) disagree,1,True,recode,1
c97df01c-3983-4295-bb0c-f62257b93142,prca15,likert5,4) agree,4,True,recode,0
c97df01c-3983-4295-bb0c-f62257b93142,prca16,likert5,1) strongly disagree,2,True,recode,1
c97df01c-3983-4295-bb0c-f62257b93142,prca17,likert5,3) neutral,2,True,recode,1
c97df01c-3983-4295-bb0c-f62257b93142,prca18,likert5,1) strongly disagree,5,True,recode,0
a706b8c7-c681-4907-9318-c263e055024b,prca01,likert5,1) strongly disagree,5,True,recode,0
a706b8c7-c681-4907-9318-c263e055024b,prca02,likert5,2) disagree,2,True,recode,1
a706b8c7-c681-4907-9318-c263e055024b,prca03,likert5,3) neutral,4,True,recode,0
a706b8c7-c681-4907-9318-c263e055024b,prca04,likert5,3) neutral,2,True,recode,1
a706b8c7-c681-4907-9318-c263e055024b,prca05,likert5,3) neutral,4,True,recode,0
a706b8c7-c681-4907-9318-c263e055024b,prca06,likert5,3) neutral,2,True,recode,1
a706b8c7-c681-4907-9318-c263e055024b,prca13,likert5,1) strongly disagree,5,True,recode,0
a706b8c7-c681-4907-9318-c263e055024b,prca14,likert5,3) neutral,2,True,recode,1
a706b8c7-c681-4907-9318-c263e055024b,prca15,likert5,4) agree,4,True,recode,0
a706b8c7-c681-4907-9318-c263e055024b,prca16,likert5,1) strongly disagree,1,True,recode,1
a706b8c7-c681-4907-9318-c263e055024b,prca17,likert5,4) agree,1,True,recode,1
a706b8c7-c681-4907-9318-c263e055024b,prca18,likert5,3) neutral,4,True,recode,0
7fc5c611-0d6c-42a3-ad31-65f9369ec36f,prca01,likert5,3) neutral,4,True,recode,0
7fc5c611-0d6c-42a3-ad31-65f9369ec36f,prca02,likert5,3) neutral,2,True,recode,1
7fc5c611-0d6c-42a3-ad31-65f9369ec36f,prca03,likert5,2) disagree,4,True,recode,0
7fc5c611-0d6c-42a3-ad31-65f9369ec36f,prca04,likert5,3) neutral,2,True,recode,1
7fc5c611-0d6c-42a3-ad31-65f9369ec36f,prca05,likert5,1) strongly disagree,4,True,recode,0
7fc5c611-0d6c-42a3-ad31-65f9369ec36f,prca06,likert5,2) disagree,3,True,recode,1
7fc5c611-0d6c-42a3-ad31-65f9369ec36f,prca13,likert5,2) disagree,3,True,recode,0
7fc5c611-0d6c-42a3-ad31-65f9369ec36f,prca14,likert5,4) agree,2,True,recode,1
7fc5c611-0d6c-42a3-ad31-65f9369ec36f,prca15,likert5,2) disagree,4,True,recode,0
7fc5c611-0d6c-42a3-ad31-65f9369ec36f,prca16,likert5,3) neutral,2,True,recode,1
7fc5c611-0d6c-42a3-ad31-65f9369ec36f,prca17,likert5,3) neutral,2,True,recode,1
7fc5c611-0d6c-42a3-ad31-65f9369ec36f,prca18,likert5,2) disagree,3,True,recode,0
ede79520-7180-4610-859b-0ac989e3c64c,prca01,likert5,3) neutral,4,True,recode,0
ede79520-7180-4610-859b-0ac989e3c64c,prca02,likert5,3) neutral,2,True,recode,1
ede79520-7180-4610-859b-0ac989e3c64c,prca03,likert5,1) strongly disagree,2,True,recode,0
ede79520-7180-4610-859b-0ac989e3c64c,prca04,likert5,3) neutral,2,True,recode,1
ede79520-7180-4610-859b-0ac989e3c64c,prca05,likert5,3) neutral,4,True,recode,0
ede79520-7180-4610-859b-0ac989e3c64c,prca06,likert5,5) strongly agree,3,True,recode,1
ede79520-7180-4610-859b-0ac989e3c64c,prca13,likert5,4) agree,4,True,recode,0
ede79520-7180-4610-859b-0ac989e3c64c,prca14,likert5,3) neutral,2,True,recode,1
ede79520-7180-4610-859b-0ac989e3c64c,prca15,likert5,2) disagree,4,True,recode,0
ede79520-7180-4610-859b-0ac989e3c64c,prca16,likert5,3) neutral,2,True,recode,1
ede79520-7180-4610-859b-0ac989e3c64c,prca17,likert5,2) disagree,1,True,recode,1
ede79520-7180-4610-859b-0ac989e3c64c,prca18,likert5,2) disagree,5,True,recode,0
1296e1b9-e775-438d-9a2c-9482d46a3b02,prca01,likert5,3) neutral,4,True,recode,0
1296e1b9-e775-438d-9a2c-9482d46a3b02,prca02,likert5,2) disagree,1,True,recode,1
1296e1b9-e775-438d-9a2c-9482d46a3b02,prca03,likert5,4) agree,4,True,recode,0
1296e1b9-e775-438d-9a2c-9482d46a3b02,prca04,likert5,3) neutral,2,True,recode,1
1296e1b9-e775-438d-9a2c-9482d46a3b02,prca05,likert5,2) disagree,5,True,recode,0
1296e1b9-e775-438d-9a2c-9482d46a3b02,prca06,likert5,4) agree,2,True,recode,1
1296e1b9-e775-438d-9a2c-9482d46a3b02,prca13,likert5,3) neutral,4,True,recode,0
1296e1b9-e775-438d-9a2c-9482d46a3b02,prca14,likert5,3) neutral,1,True,recode,1
1296e1b9-e775-438d-9a2c-9482d46a3b02,prca15,likert5,3) neutral,4,True,recode,0
1296e1b9-e775-438d-9a2c-9482d46a3b02,prca16,likert5,2) disagree,3,True,recode,1
1296e1b9-e775-438d-9a2c-9482d46a3b02,prca17,likert5,1) strongly disagree,5,True,recode,1
1296e1b9-e775-438d-9a2c-9482d46a3b02,prca18,likert5,2) disagree,4,True,recode,0
936724ff-fa87-4995-a8bb-48ca643475ce,prca01,likert5,1) strongly disagree,5,True,recode,0
936724ff-fa87-4995-a8bb-48ca643475ce,prca02,likert5,"1) strongly disagree, 2) disagree, 3) neutral, 4) agree, 5) strongly agree",5,True,recode,1
936724ff-fa87-4995-a8bb-48ca643475ce,prca03,likert5,3) neutral,4,True,recode,0
936724ff-fa87-4995-a8bb-48ca643475ce,prca04,likert5,3) neutral,2,True,recode,1
936724ff-fa87-4995-a8bb-48ca643475ce,prca05,likert5,2) disagree,4,True,recode,0
936724ff-fa87-4995-a8bb-48ca643475ce,prca06,likert5,4) agree,2,True,recode,1
936724ff-fa87-4995-a8bb-48ca643475ce,prca13,likert5,3) neutral,4,True,recode,0
936724ff-fa87-4995-a8bb-48ca643475ce,prca14,likert5,3) neutral,2,True,recode,1
936724ff-fa87-4995-a8bb-48ca643475ce,prca15,likert5,3) neutral,4,True,recode,0
936724ff-fa87-4995-a8bb-48ca643475ce,prca16,likert5,3) neutral,2,True,recode,1
936724ff-fa87-4995-a8bb-48ca643475ce,prca17,likert5,3) neutral,3,True,recode,1
936724ff-fa87-4995-a8bb-48ca643475ce,prca18,likert5,3) neutral,3,True,recode,0
0079072b-d90b-4439-a4f3-37af33039a26,prca01,likert5,3) neutral,4,True,recode,0
0079072b-d90b-4439-a4f3-37af33039a26,prca02,likert5,3) neutral,2,True,recode,1
0079072b-d90b-4439-a4f3-37af33039a26,prca03,likert5,1) strongly disagree,5,True,recode,0
0079072b-d90b-4439-a4f3-37af33039a26,prca04,likert5,3) neutral,2,True,recode,1
0079072b-d90b-4439-a4f3-37af33039a26,prca05,likert5,1) strongly disagree,5,True,recode,0
0079072b-d90b-4439-a4f3-37af33039a26,prca06,likert5,2) disagree,3,True,recode,1
0079072b-d90b-4439-a4f3-37af33039a26,prca13,likert5,4) agree,4,True,recode,0
0079072b-d90b-4439-a4f3-37af33039a26,prca14,likert5,1) strongly disagree,2,True,recode,1
0079072b-d90b-4439-a4f3-37af33039a26,prca15,likert5,3) neutral,4,True,recode,0
0079072b-d90b-4439-a4f3-37af33039a26,prca16,likert5,2) disagree,3,True,recode,1
0079072b-d90b-4439-a4f3-37af33039a26,prca17,likert5,4) agree,2,True,recode,1
0079072b-d90b-4439-a4f3-37af33039a26,prca18,likert5,3) neutral,5,True,recode,0
2a077eff-814e-4d44-81c2-b47f25d60852,prca01,likert5,2) disagree,4,True,recode,0
2a077eff-814e-4d44-81c2-b47f25d60852,prca02,likert5,2) disagree,1,True,recode,1
2a077eff-814e-4d44-81c2-b47f25d60852,prca03,likert5,3) neutral,3,True,recode,0
2a077eff-814e-4d44-81c2-b47f25d60852,prca04,likert5,3) neutral,2,True,recode,1
2a077eff-814e-4d44-81c2-b47f25d60852,prca05,likert5,3) neutral,4,True,recode,0
2a077eff-814e-4d44-81c2-b47f25d60852,prca06,likert5,3) neutral,2,True,recode,1
2a077eff-814e-4d44-81c2-b47f25d60852,prca13,likert5,3) neutral,3,True,recode,0
2a077eff-814e-4d44-81c2-b47f25d60852,prca14,likert5,3) neutral,2,True,recode,1
2a077eff-814e-4d44-81c2-b47f25d60852,prca15,likert5,1) strongly disagree,4,True,recode,0
2a077eff-814e-4d44-81c2-b47f25d60852,prca16,likert5,4) agree,1,True,recode,1
2a077eff-814e-4d44-81c2-b47f25d60852,prca17,likert5,3) neutral,2,True,recode,1
2a077eff-814e-4d44-81c2-b47f25d60852,prca18,likert5,2) disagree,5,True,recode,0
6d93864b-b1b5-4c16-b3d5-c85b9cd4d61b,prca01,likert5,1) strongly disagree,5,True,recode,0
6d93864b-b1b5-4c16-b3d5-c85b9cd4d61b,prca02,likert5,4) agree,2,True,recode,1
6d93864b-b1b5-4c16-b3d5-c85b9cd4d61b,prca03,likert5,1) strongly disagree,5,True,recode,0
6d93864b-b1b5-4c16-b3d5-c85b9cd4d61b,prca04,likert5,3) neutral,2,True,recode,1
6d93864b-b1b5-4c16-b3d5-c85b9cd4d61b,prca05,likert5,4) agree,4,True,recode,0
6d93864b-b1b5-4c16-b3d5-c85b9cd4d61b,prca06,likert5,4) agree,1,True,recode,1
6d93864b-b1b5-4c16-b3d5-c85b9cd4d61b,prca13,likert5,1) strongly disagree,5,True,recode,0
6d93864b-b1b5-4c16-b3d5-c85b9cd4d61b,prca14,likert5,4) agree,2,True,recode,1
6d93864b-b1b5-4c16-b3d5-c85b9cd4d61b,prca15,likert5,3) neutral,4,True,recode,0
6d93864b-b1b5-4c16-b3d5-c85b9cd4d61b,prca16,likert5,2) disagree,1,True,recode,1
6d93864b-b1b5-4c16-b3d5-c85b9cd4d61b,prca17,likert5,4) agree,2,True,recode,1
6d93864b-b1b5-4c16-b3d5-c85b9cd4d61b,prca18,likert5,4) agree,4,True,recode,0
197cd412-f7c1-4aca-813a-015b2792f737,prca01,likert5,2) disagree,5,True,recode,0
197cd412-f7c1-4aca-813a-015b2792f737,prca02,likert5,3) neutral,2,True,recode,1
197cd412-f7c1-4aca-813a-015b2792f737,prca03,likert5,1) strongly disagree,1,True,recode,0
197cd412-f7c1-4aca-813a-015b2792f737,prca04,likert5,2) disagree,2,True,recode,1
197cd412-f7c1-4aca-813a-015b2792f737,prca05,likert5,2) disagree,4,True,recode,0
197cd412-f7c1-4aca-813a-015b2792f737,prca06,likert5,4) agree,2,True,recode,1
197cd412-f7c1-4aca-813a-015b2792f737,prca13,likert5,3) neutral,4,True,recode,0
197cd412-f7c1-4aca-813a-015b2792f737,prca14,likert5,5) strongly agree,3,True,recode,1
197cd412-f7c1-4aca-813a-015b2792f737,prca15,likert5,2) disagree,4,True,recode,0
197cd412-f7c1-4aca-813a-015b2792f737,prca16,likert5,4) agree,2,True,recode,1
197cd412-f7c1-4aca-813a-015b2792f737,prca17,likert5,3) neutral,2,True,recode,1
197cd412-f7c1-4aca-813a-015b2792f737,prca18,likert5,4) agree,4,True,recode,0
33392d34-fc6f-48a8-b584-ef89dd536bca,prca01,likert5,3) neutral,4,True,recode,0
33392d34-fc6f-48a8-b584-ef89dd536bca,prca02,likert5,4) agree,2,True,recode,1
33392d34-fc6f-48a8-b584-ef89dd536bca,prca03,likert5,1) strongly disagree,5,True,recode,0
33392d34-fc6f-48a8-b584-ef89dd536bca,prca04,likert5,2) disagree,2,True,recode,1
33392d34-fc6f-48a8-b584-ef89dd536bca,prca05,likert5,2) disagree,5,True,recode,0
33392d34-fc6f-48a8-b584-ef89dd536bca,prca06,likert5,3) neutral,2,True,recode,1
33392d34-fc6f-48a8-b584-ef89dd536bca,prca13,likert5,3) neutral,4,True,recode,0
33392d34-fc6f-48a8-b584-ef89dd536bca,prca14,likert5,3) neutral,2,True,recode,1
33392d34-fc6f-48a8-b584-ef89dd536bca,prca15,likert5,1) strongly disagree,5,True,recode,0
33392d34-fc6f-48a8-b584-ef89dd536bca,prca16,likert5,2) disagree,2,True,recode,1
33392d34-fc6f-48a8-b584-ef89dd536bca,prca17,likert5,3) neutral,2,True,recode,1
33392d34-fc6f-48a8-b584-ef89dd536bca,prca18,likert5,4) agree,5,True,recode,0
0e0dc6bc-7ecf-45f0-8118-a41f8296645e,prca01,likert5,"1) strongly disagree, 3) neutral, 4) agree, 5) strongly agree",4,True,recode,0
0e0dc6bc-7ecf-45f0-8118-a41f8296645e,prca02,likert5,2) disagree,2,True,recode,1
0e0dc6bc-7ecf-45f0-8118-a41f8296645e,prca03,likert5,4) agree,5,True,recode,0
0e0dc6bc-7ecf-45f0-8118-a41f8296645e,prca04,likert5,3) neutral,2,True,recode,1
0e0dc6bc-7ecf-45f0-8118-a41f8296645e,prca05,likert5,3) neutral,5,True,recode,0
0e0dc6bc-7ecf-45f0-8118-a41f8296645e,prca06,likert5,3) neutral,2,True,recode,1
0e0dc6bc-7ecf-45f0-8118-a41f8296645e,prca13,likert5,3) neutral,5,True,recode,0
0e0dc6bc-7ecf-45f0-8118-a41f8296645e,prca14,likert5,3) neutral,2,True,recode,1
0e0dc6bc-7ecf-45f0-8118-a41f8296645e,prca15,likert5,4) agree,4,True,recode,0
0e0dc6bc-7ecf-45f0-8118-a41f8296645e,prca16,likert5,3) neutral,2,True,recode,1
0e0dc6bc-7ecf-45f0-8118-a41f8296645e,prca17,likert5,4) agree,1,True,recode,1
0e0dc6bc-7ecf-45f0-8118-a41f8296645e,prca18,likert5,4) agree,5,True,recode,0
4e4a5c78-7e54-4163-aa00-2efb593756af,prca01,likert5,1) strongly disagree,5,True,recode,0
4e4a5c78-7e54-4163-aa00-2efb593756af,prca02,likert5,3) neutral,2,True,recode,1
4e4a5c78-7e54-4163-aa00-2efb593756af,prca03,likert5,1) strongly disagree,5,True,recode,0
4e4a5c78-7e54-4163-aa00-2efb593756af,prca04,likert5,3) neutral,2,True,recode,1
4e4a5c78-7e54-4163-aa00-2efb593756af,prca05,likert5,3) neutral,4,True,recode,0
4e4a5c78-7e54-4163-aa00-2efb593756af,prca06,likert5,3) neutral,2,True,recode,1
4e4a5c78-7e54-4163-aa00-2efb593756af,prca13,likert5,1) strongly disagree,5,True,recode,0
4e4a5c78-7e54-4163-aa00-2efb593756af,prca14,likert5,4) agree,2,True,recode,1
4e4a5c78-7e54-4163-aa00-2efb593756af,prca15,likert5,4) agree,4,True,recode,0
4e4a5c78-7e54-4163-aa00-2efb593756af,prca16,likert5,4) agree,2,True,recode,1
4e4a5c78-7e54-4163-aa00-2efb593756af,prca17,likert5,2) disagree,2,True,recode,1
4e4a5c78-7e54-4163-aa00-2efb593756af,prca18,likert5,2) disagree,4,True,recode,0
f809229a-f613-4eaf-90e2-2709c655e722,prca01,likert5,1) strongly disagree,4,True,recode,0
f809229a-f613-4eaf-90e2-2709c655e722,prca02,likert5,1) strongly disagree,1,True,recode,1
f809229a-f613-4eaf-90e2-2709c655e722,prca03,likert5,2) disagree,4,True,recode,0
f809229a-f613-4eaf-90e2-2709c655e722,prca04,likert5,1) strongly disagree,2,True,recode,1
f809229a-f613-4eaf-90e2-2709c655e722,prca05,likert5,3) neutral,5,True,recode,0
f809229a-f613-4eaf-90e2-2709c655e722,prca06,likert5,3) neutral,2,True,recode,1
f809229a-f613-4eaf-90e2-2709c655e722,prca13,likert5,2) disagree,5,True,recode,0
f809229a-f613-4eaf-90e2-2709c655e722,prca14,likert5,3) neutral,2,True,recode,1
f809229a-f613-4eaf-90e2-2709c655e722,prca15,likert5,1) strongly disagree,4,True,recode,0
f809229a-f613-4eaf-90e2-2709c655e722,prca16,likert5,3) neutral,1,True,recode,1
f809229a-f613-4eaf-90e2-2709c655e722,prca17,likert5,2) disagree,2,True,recode,1
f809229a-f613-4eaf-90e2-2709c655e722,prca18,likert5,3) neutral,4,True,recode,0
88e72339-c594-4218-92c7-8f43e8bb2e28,prca01,likert5,3) neutral,4,True,recode,0
88e72339-c594-4218-92c7-8f43e8bb2e28,prca02,likert5,1) strongly disagree,1,True,recode,1
88e72339-c594-4218-92c7-8f43e8bb2e28,prca03,likert5,3) neutral,4,True,recode,0
88e72339-c594-4218-92c7-8f43e8bb2e28,prca04,likert5,4,2,True,validated,1
88e72339-c594-4218-92c7-8f43e8bb2e28,prca05,likert5,3) neutral,4,True,recode,0
88e72339-c594-4218-92c7-8f43e8bb2e28,prca06,likert5,1) strongly disagree,1,True,recode,1
88e72339-c594-4218-92c7-8f43e8bb2e28,prca13,likert5,3) neutral,4,True,recode,0
88e72339-c594-4218-92c7-8f43e8bb2e28,prca14,likert5,4) agree,1,True,recode,1
88e72339-c594-4218-92c7-8f43e8bb2e28,prca15,likert5,2) disagree,4,True,recode,0
88e72339-c594-4218-92c7-8f43e8bb2e28,prca16,likert5,2) disagree,1,True,recode,1
88e72339-c594-4218-92c7-8f43e8bb2e28,prca17,likert5,2) disagree,1,True,recode,1
88e72339-c594-4218-92c7-8f43e8bb2e28,prca18,likert5,1) strongly disagree,5,True,recode,0
5ebf1f1e-84bb-41ad-9329-16599140a8f0,prca01,likert5,2) disagree,4,True,recode,0
5ebf1f1e-84bb-41ad-9329-16599140a8f0,prca02,likert5,2) disagree,1,True,recode,1
5ebf1f1e-84bb-41ad-9329-16599140a8f0,prca03,likert5,3) neutral,4,True,recode,0
5ebf1f1e-84bb-41ad-9329-16599140a8f0,prca04,likert5,3) neutral,2,True,recode,1
5ebf1f1e-84bb-41ad-9329-16599140a8f0,prca05,likert5,4) agree,4,True,recode,0
5ebf1f1e-84bb-41ad-9329-16599140a8f0,prca06,likert5,3) neutral,2,True,recode,1
5ebf1f1e-84bb-41ad-9329-16599140a8f0,prca13,likert5,1) strongly disagree,5,True,recode,0
5ebf1f1e-84bb-41ad-9329-16599140a8f0,prca14,likert5,5) strongly agree,4,True,recode,1
5ebf1f1e-84bb-41ad-9329-16599140a8f0,prca15,likert5,3) neutral,4,True,recode,0
5ebf1f1e-84bb-41ad-9329-16599140a8f0,prca16,likert5,3) neutral,2,True,recode,1
5ebf1f1e-84bb-41ad-9329-16599140a8f0,prca17,likert5,3) neutral,2,True,recode,1
5ebf1f1e-84bb-41ad-9329-16599140a8f0,prca18,likert5,3) neutral,5,True,recode,0
2cb35c75-b7a4-4dca-852d-9b8b579cd3aa,prca01,likert5,1) strongly disagree,4,True,recode,0
2cb35c75-b7a4-4dca-852d-9b8b579cd3aa,prca02,likert5,3) neutral,1,True,recode,1
2cb35c75-b7a4-4dca-852d-9b8b579cd3aa,prca03,likert5,2) disagree,5,True,recode,0
2cb35c75-b7a4-4dca-852d-9b8b579cd3aa,prca04,likert5,2) disagree,2,True,recode,1
2cb35c75-b7a4-4dca-852d-9b8b579cd3aa,prca05,likert5,3) neutral,4,True,recode,0
2cb35c75-b7a4-4dca-852d-9b8b579cd3aa,prca06,likert5,2) disagree,3,True,recode,1
2cb35c75-b7a4-4dca-852d-9b8b579cd3aa,prca13,likert5,3) neutral,4,True,recode,0
2cb35c75-b7a4-4dca-852d-9b8b579cd3aa,prca14,likert5,3) neutral,2,True,recode,1
2cb35c75-b7a4-4dca-852d-9b8b579cd3aa,prca15,likert5,3) neutral,4,True,recode,0
2cb35c75-b7a4-4dca-852d-9b8b579cd3aa,prca16,likert5,3) neutral,2,True,recode,1
2cb35c75-b7a4-4dca-852d-9b8b579cd3aa,prca17,likert5,3) neutral,1,True,recode,1
2cb35c75-b7a4-4dca-852d-9b8b579cd3aa,prca18,likert5,3) neutral,4,True,recode,0
c0e957aa-dadb-4c9f-a0f9-13329aa552d1,prca01,likert5,3) neutral,5,True,recode,0
c0e957aa-dadb-4c9f-a0f9-13329aa552d1,prca02,likert5,3) neutral,2,True,recode,1
c0e957aa-dadb-4c9f-a0f9-13329aa552d1,prca03,likert5,3) neutral,4,True,recode,0
c0e957aa-dadb-4c9f-a0f9-13329aa552d1,prca04,likert5,4) agree,2,True,recode,1
c0e957aa-dadb-4c9f-a0f9-13329aa552d1,prca05,likert5,3) neutral,3,True,recode,0
c0e957aa-dadb-4c9f-a0f9-13329aa552d1,prca06,likert5,4) agree,1,True,recode,1
c0e957aa-dadb-4c9f-a0f9-13329aa552d1,prca13,likert5,3) neutral,4,True,recode,0
c0e957aa-dadb-4c9f-a0f9-13329aa552d1,prca14,likert5,3) neutral,2,True,recode,1
c0e957aa-dadb-4c9f-a0f9-13329aa552d1,prca15,likert5,2) disagree,5,True,recode,0
c0e957aa-dadb-4c9f-a0f9-13329aa552d1,prca16,likert5,2) disagree,2,True,recode,1
c0e957aa-dadb-4c9f-a0f9-13329aa552d1,prca17,likert5,2) disagree,2,True,recode,1
c0e957aa-dadb-4c9f-a0f9-13329aa552d1,prca18,likert5,3) neutral,5,True,recode,0
df298a0f-ff89-47ef-b1f5-04666f999c8d,prca01,likert5,2) disagree,4,True,recode,0
df298a0f-ff89-47ef-b1f5-04666f999c8d,prca02,likert5,2) disagree,3,True,recode,1
df298a0f-ff89-47ef-b1f5-04666f999c8d,prca03,likert5,3) neutral,4,True,recode,0
df298a0f-ff89-47ef-b1f5-04666f999c8d,prca04,likert5,3) neutral,2,True,recode,1
df298a0f-ff89-47ef-b1f5-04666f999c8d,prca05,likert5,4) agree,4,True,recode,0
df298a0f-ff89-47ef-b1f5-04666f999c8d,prca06,likert5,2) disagree,2,True,recode,1
df298a0f-ff89-47ef-b1f5-04666f999c8d,prca13,likert5,1) strongly disagree,4,True,recode,0
df298a0f-ff89-47ef-b1f5-04666f999c8d,prca14,likert5,3) neutral,2,True,recode,1
df298a0f-ff89-47ef-b1f5-04666f999c8d,prca15,likert5,1) strongly disagree,5,True,recode,0
df298a0f-ff89-47ef-b1f5-04666f999c8d,prca16,likert5,2) disagree,2,True,recode,1
df298a0f-ff89-47ef-b1f5-04666f999c8d,prca17,likert5,4) agree,2,True,recode,1
df298a0f-ff89-47ef-b1f5-04666f999c8d,prca18,likert5,3) neutral,4,True,recode,0
f9f90a8d-9612-4d90-a18b-e469ede07dae,prca01,likert5,3) neutral,4,True,recode,0
f9f90a8d-9612-4d90-a18b-e469ede07dae,prca02,likert5,2) disagree,2,True,recode,1
f9f90a8d-9612-4d90-a18b-e469ede07dae,prca03,likert5,4) agree,4,True,recode,0
f9f90a8d-9612-4d90-a18b-e469ede07dae,prca04,likert5,3) neutral,2,True,recode,1
f9f90a8d-9612-4d90-a18b-e469ede07dae,prca05,likert5,3) neutral,4,True,recode,0
f9f90a8d-9612-4d90-a18b-e469ede07dae,prca06,likert5,2) disagree,3,True,recode,1
f9f90a8d-9612-4d90-a18b-e469ede07dae,prca13,likert5,2) disagree,4,True,recode,0
f9f90a8d-9612-4d90-a18b-e469ede07dae,prca14,likert5,3) neutral,2,True,recode,1
f9f90a8d-9612-4d90-a18b-e469ede07dae,prca15,likert5,2) disagree,3,True,recode,0
f9f90a8d-9612-4d90-a18b-e469ede07dae,prca16,likert5,4) agree,1,True,recode,1
f9f90a8d-9612-4d90-a18b-e469ede07dae,prca17,likert5,3) neutral,1,True,recode,1
f9f90a8d-9612-4d90-a18b-e469ede07dae,prca18,likert5,3) neutral,4,True,recode,0
f3e8b9d9-034b-4363-b950-a49f873e1071,prca01,likert5,3) neutral,5,True,recode,0
f3e8b9d9-034b-4363-b950-a49f873e1071,prca02,likert5,3) neutral,2,True,recode,1
f3e8b9d9-034b-4363-b950-a49f873e1071,prca03,likert5,3) neutral,4,True,recode,0
f3e8b9d9-034b-4363-b950-a49f873e1071,prca04,likert5,2) disagree,2,True,recode,1
f3e8b9d9-034b-4363-b950-a49f873e1071,prca05,likert5,3) neutral,4,True,recode,0
f3e8b9d9-034b-4363-b950-a49f873e1071,prca06,likert5,4) agree,2,True,recode,1
f3e8b9d9-034b-4363-b950-a49f873e1071,prca13,likert5,3) neutral,5,True,recode,0
f3e8b9d9-034b-4363-b950-a49f873e1071,prca14,likert5,3) neutral,2,True,recode,1
f3e8b9d9-034b-4363-b950-a49f873e1071,prca15,likert5,3) neutral,4,True,recode,0
f3e8b9d9-034b-4363-b950-a49f873e1071,prca16,likert5,4) agree,2,True,recode,1
f3e8b9d9-034b-4363-b950-a49f873e1071,prca17,likert5,1) strongly disagree,5,True,recode,1
f3e8b9d9-034b-4363-b950-a49f873e1071,prca18,likert5,1) strongly disagree.,5,True,recode,0
679e84c9-92f4-414d-801c-b73cf6c7802f,prca01,likert5,2) disagree,5,True,recode,0
679e84c9-92f4-414d-801c-b73cf6c7802f,prca02,likert5,2) disagree,1,True,recode,1
679e84c9-92f4-414d-801c-b73cf6c7802f,prca03,likert5,2) disagree,4,True,recode,0
679e84c9-92f4-414d-801c-b73cf6c7802f,prca04,likert5,3) neutral,2,True,recode,1
679e84c9-92f4-414d-801c-b73cf6c7802f,prca05,likert5,3) neutral,4,True,recode,0
679e84c9-92f4-414d-801c-b73cf6c7802f,prca06,likert5,2) disagree,3,True,recode,1
679e84c9-92f4-414d-801c-b73cf6c7802f,prca13,likert5,2) disagree,4,True,recode,0
679e84c9-92f4-414d-801c-b73cf6c7802f,prca14,likert5,5) strongly agree,3,True,recode,1
679e84c9-92f4-414d-801c-b73cf6c7802f,prca15,likert5,3) neutral,4,True,recode,0
679e84c9-92f4-414d-801c-b73cf6c7802f,prca16,likert5,3) neutral,2,True,recode,1
679e84c9-92f4-414d-801c-b73cf6c7802f,prca17,likert5,4) agree,4,True,recode,1
679e84c9-92f4-414d-801c-b73cf6c7802f,prca18,likert5,3) neutral,4,True,recode,0
06a60203-71c4-4824-8117-3cd325ed2b76,prca01,likert5,3) neutral,4,True,recode,0
06a60203-71c4-4824-8117-3cd325ed2b76,prca02,likert5,3) neutral,1,True,recode,1
06a60203-71c4-4824-8117-3cd325ed2b76,prca03,likert5,4) agree,4,True,recode,0
06a60203-71c4-4824-8117-3cd325ed2b76,prca04,likert5,2) disagree,2,True,recode,1
06a60203-71c4-4824-8117-3cd325ed2b76,prca05,likert5,1) strongly disagree,5,True,recode,0
06a60203-71c4-4824-8117-3cd325ed2b76,prca06,likert5,2) disagree,2,True,recode,1
06a60203-71c4-4824-8117-3cd325ed2b76,prca13,likert5,3) neutral,4,True,recode,0
06a60203-71c4-4824-8117-3cd325ed2b76,prca14,likert5,3) neutral,1,True,recode,1
06a60203-71c4-4824-8117-3cd325ed2b76,prca15,likert5,3) neutral,4,True,recode,0
06a60203-71c4-4824-8117-3cd325ed2b76,prca16,likert5,1) strongly disagree,1,True,recode,1
06a60203-71c4-4824-8117-3cd325ed2b76,prca17,likert5,1) strongly disagree,2,True,recode,1
06a60203-71c4-4824-8117-3cd325ed2b76,prca18,likert5,2) disagree,4,True,recode,0
4eeb5832-6838-45d4-8437-b494ca29aa50,prca01,likert5,4) agree,4,True,recode,0
4eeb5832-6838-45d4-8437-b494ca29aa50,prca02,likert5,3) neutral,2,True,recode,1
4eeb5832-6838-45d4-8437-b494ca29aa50,prca03,likert5,3) neutral,4,True,recode,0
4eeb5832-6838-45d4-8437-b494ca29aa50,prca04,likert5,3) neutral,2,True,recode,1
4eeb5832-6838-45d4-8437-b494ca29aa50,prca05,likert5,3) neutral,5,True,recode,0
4eeb5832-6838-45d4-8437-b494ca29aa50,prca06,likert5,2) disagree,1,True,recode,1
4eeb5832-6838-45d4-8437-b494ca29aa50,prca13,likert5,2) disagree,4,True,recode,0
4eeb5832-6838-45d4-8437-b494ca29aa50,prca14,likert5,4) agree,2,True,recode,1
4eeb5832-6838-45d4-8437-b494ca29aa50,prca15,likert5,3) neutral,4,True,recode,0
4eeb5832-6838-45d4-8437-b494ca29aa50,prca16,likert5,3) neutral,2,True,recode,1
4eeb5832-6838-45d4-8437-b494ca29aa50,prca17,likert5,4) agree,2,True,recode,1
4eeb5832-6838-45d4-8437-b494ca29aa50,prca18,likert5,3) neutral,4,True,recode,0
52d3bc8b-a2de-4a6c-b48a-d5af461b8bcf,prca01,likert5,3) neutral,4,True,recode,0
52d3bc8b-a2de-4a6c-b48a-d5af461b8bcf,prca02,likert5,4) agree,2,True,recode,1
52d3bc8b-a2de-4a6c-b48a-d5af461b8bcf,prca03,likert5,1) strongly disagree,1,True,recode,0
52d3bc8b-a2de-4a6c-b48a-d5af461b8bcf,prca04,likert5,2) disagree,2,True,recode,1
52d3bc8b-a2de-4a6c-b48a-d5af461b8bcf,prca05,likert5,2) disagree,4,True,recode,0
52d3bc8b-a2de-4a6c-b48a-d5af461b8bcf,prca06,likert5,3) neutral,2,True,recode,1
52d3bc8b-a2de-4a6c-b48a-d5af461b8bcf,prca13,likert5,1) strongly disagree,5,True,recode,0
52d3bc8b-a2de-4a6c-b48a-d5af461b8bcf,prca14,likert5,4) agree,2,True,recode,1
52d3bc8b-a2de-4a6c-b48a-d5af461b8bcf,prca15,likert5,2) disagree,4,True,recode,0
52d3bc8b-a2de-4a6c-b48a-d5af461b8bcf,prca16,likert5,4) agree,2,True,recode,1
52d3bc8b-a2de-4a6c-b48a-d5af461b8bcf,prca17,likert5,1) strongly disagree,1,True,recode,1
52d3bc8b-a2de-4a6c-b48a-d5af461b8bcf,prca18,likert5,2) disagree,5,True,recode,0
e72aaee7-275f-4aff-add5-88c26fcfa70a,prca01,likert5,1) strongly disagree,5,True,recode,0
e72aaee7-275f-4aff-add5-88c26fcfa70a,prca02,likert5,3) neutral,2,True,recode,1
e72aaee7-275f-4aff-add5-88c26fcfa70a,prca03,likert5,1) strongly disagree,5,True,recode,0
e72aaee7-275f-4aff-add5-88c26fcfa70a,prca04,likert5,2) disagree,4,True,recode,1
e72aaee7-275f-4aff-add5-88c26fcfa70a,prca05,likert5,3) neutral,5,True,recode,0
e72aaee7-275f-4aff-add5-88c26fcfa70a,prca06,likert5,3) neutral,2,True,recode,1
e72aaee7-275f-4aff-add5-88c26fcfa70a,prca13,likert5,3) neutral,4,True,recode,0
e72aaee7-275f-4aff-add5-88c26fcfa70a,prca14,likert5,1) strongly disagree,1,True,recode,1
e72aaee7-275f-4aff-add5-88c26fcfa70a,prca15,likert5,4) agree,4,True,recode,0
e72aaee7-275f-4aff-add5-88c26fcfa70a,prca16,likert5,3) neutral,2,True,recode,1
e72aaee7-275f-4aff-add5-88c26fcfa70a,prca17,likert5,3) neutral,1,True,recode,1
e72aaee7-275f-4aff-add5-88c26fcfa70a,prca18,likert5,3) neutral,4,True,recode,0
bb82b6fb-41c5-4bc3-be4f-17e4ee2763b9,prca01,likert5,3) neutral,4,True,recode,0
bb82b6fb-41c5-4bc3-be4f-17e4ee2763b9,prca02,likert5,3) neutral,1,True,recode,1
bb82b6fb-41c5-4bc3-be4f-17e4ee2763b9,prca03,likert5,3) neutral,4,True,recode,0
bb82b6fb-41c5-4bc3-be4f-17e4ee2763b9,prca04,likert5,3) neutral,2,True,recode,1
bb82b6fb-41c5-4bc3-be4f-17e4ee2763b9,prca05,likert5,3) neutral,4,True,recode,0
bb82b6fb-41c5-4bc3-be4f-17e4ee2763b9,prca06,likert5,3) neutral,2,True,recode,1
bb82b6fb-41c5-4bc3-be4f-17e4ee2763b9,prca13,likert5,1) strongly disagree,5,True,recode,0
bb82b6fb-41c5-4bc3-be4f-17e4ee2763b9,prca14,likert5,1) strongly disagree,1,True,recode,1
bb82b6fb-41c5-4bc3-be4f-17e4ee2763b9,prca15,likert5,1) strongly disagree,4,True,recode,0
bb82b6fb-41c5-4bc3-be4f-17e4ee2763b9,prca16,likert5,3) neutral,1,True,recode,1
bb82b6fb-41c5-4bc3-be4f-17e4ee2763b9,prca17,likert5,4) agree,2,True,recode,1
bb82b6fb-41c5-4bc3-be4f-17e4ee2763b9,prca18,likert5,1) strongly disagree,5,True,recode,0
7f303ec2-6a94-4b7e-93eb-5c68a1f87908,prca01,likert5,3) neutral,4,True,recode,0
7f303ec2-6a94-4b7e-93eb-5c68a1f87908,prca02,likert5,3) neutral,2,True,recode,1
7f303ec2-6a94-4b7e-93eb-5c68a1f87908,prca03,likert5,3) neutral,5,True,recode,0
7f303ec2-6a94-4b7e-93eb-5c68a1f87908,prca04,likert5,3) neutral,2,True,recode,1
7f303ec2-6a94-4b7e-93eb-5c68a1f87908,prca05,likert5,1) strongly disagree,5,True,recode,0
7f303ec2-6a94-4b7e-93eb-5c68a1f87908,prca06,likert5,2) disagree,3,True,recode,1
7f303ec2-6a94-4b7e-93eb-5c68a1f87908,prca13,likert5,2) disagree,5,True,recode,0
7f303ec2-6a94-4b7e-93eb-5c68a1f87908,prca14,likert5,4) agree,2,True,recode,1
7f303ec2-6a94-4b7e-93eb-5c68a1f87908,prca15,likert5,3) neutral,4,True,recode,0
7f303ec2-6a94-4b7e-93eb-5c68a1f87908,prca16,likert5,2) disagree,2,True,recode,1
7f303ec2-6a94-4b7e-93eb-5c68a1f87908,prca17,likert5,1) strongly disagree,3,True,recode,1
7f303ec2-6a94-4b7e-93eb-5c68a1f87908,prca18,likert5,1) strongly disagree,5,True,recode,0
6bcd43ad-e17c-4579-a47d-def253a01f2b,prca01,likert5,4) agree,4,True,recode,0
6bcd43ad-e17c-4579-a47d-def253a01f2b,prca02,likert5,3) neutral,2,True,recode,1
6bcd43ad-e17c-4579-a47d-def253a01f2b,prca03,likert5,1) strongly disagree,5,True,recode,0
6bcd43ad-e17c-4579-a47d-def253a01f2b,prca04,likert5,1) strongly disagree,2,True,recode,1
6bcd43ad-e17c-4579-a47d-def253a01f2b,prca05,likert5,3) neutral,3,True,recode,0
6bcd43ad-e17c-4579-a47d-def253a01f2b,prca06,likert5,4) agree,2,True,recode,1
6bcd43ad-e17c-4579-a47d-def253a01f2b,prca13,likert5,3) neutral,4,True,recode,0
6bcd43ad-e17c-4579-a47d-def253a01f2b,prca14,likert5,3) neutral,2,True,recode,1
6bcd43ad-e17c-4579-a47d-def253a01f2b,prca15,likert5,3) neutral,4,True,recode,0
6bcd43ad-e17c-4579-a47d-def253a01f2b,prca16,likert5,2) disagree,2,True,recode,1
6bcd43ad-e17c-4579-a47d-def253a01f2b,prca17,likert5,1) strongly disagree,4,True,recode,1
6bcd43ad-e17c-4579-a47d-def253a01f2b,prca18,likert5,3) neutral,4,True,recode,0
8d0132ca-2699-4db6-8a39-4d2cbe6a7896,prca01,likert5,1) strongly disagree,5,True,recode,0
8d0132ca-2699-4db6-8a39-4d2cbe6a7896,prca02,likert5,3) neutral,2,True,recode,1
8d0132ca-2699-4db6-8a39-4d2cbe6a7896,prca03,likert5,3) neutral,4,True,recode,0
8d0132ca-2699-4db6-8a39-4d2cbe6a7896,prca04,likert5,3) neutral,1,True,recode,1
8d0132ca-2699-4db6-8a39-4d2cbe6a7896,prca05,likert5,4) agree,5,True,recode,0
8d0132ca-2699-4db6-8a39-4d2cbe6a7896,prca06,likert5,3) neutral,2,True,recode,1
8d0132ca-2699-4db6-8a39-4d2cbe6a7896,prca13,likert5,4) agree,4,True,recode,0
8d0132ca-2699-4db6-8a39-4d2cbe6a7896,prca14,likert5,3) neutral,2,True,recode,1
8d0132ca-2699-4db6-8a39-4d2cbe6a7896,prca15,likert5,4) agree,4,True,recode,0
8d0132ca-2699-4db6-8a39-4d2cbe6a7896,prca16,likert5,3) neutral,2,True,recode,1
8d0132ca-2699-4db6-8a39-4d2cbe6a7896,prca17,likert5,3) neutral,2,True,recode,1
8d0132ca-2699-4db6-8a39-4d2cbe6a7896,prca18,likert5,4) agree,4,True,recode,0
683bf313-c76d-440a-9efc-8a7a072a4d62,prca01,likert5,1) strongly disagree,5,True,recode,0
683bf313-c76d-440a-9efc-8a7a072a4d62,prca02,likert5,2) disagree,1,True,recode,1
683bf313-c76d-440a-9efc-8a7a072a4d62,prca03,likert5,2) disagree,5,True,recode,0
683bf313-c76d-440a-9efc-8a7a072a4d62,prca04,likert5,1) strongly disagree.,1,True,recode,1
683bf313-c76d-440a-9efc-8a7a072a4d62,prca05,likert5,1) strongly disagree,5,True,recode,0
683bf313-c76d-440a-9efc-8a7a072a4d62,prca06,likert5,3) neutral,2,True,recode,1
683bf313-c76d-440a-9efc-8a7a072a4d62,prca13,likert5,3) neutral,4,True,recode,0
683bf313-c76d-440a-9efc-8a7a072a4d62,prca14,likert5,3) neutral,1,True,recode,1
683bf313-c76d-440a-9efc-8a7a072a4d62,prca15,likert5,3) neutral,5,True,recode,0
683bf313-c76d-440a-9efc-8a7a072a4d62,prca16,likert5,3) neutral,2,True,recode,1
683bf313-c76d-440a-9efc-8a7a072a4d62,prca17,likert5,2) disagree,3,True,recode,1
683bf313-c76d-440a-9efc-8a7a072a4d62,prca18,likert5,3) neutral,4,True,recode,0
b84f1579-002e-4624-9ed3-8453873c4a85,prca01,likert5,1) strongly disagree,4,True,recode,0
b84f1579-002e-4624-9ed3-8453873c4a85,prca02,likert5,4) agree,2,True,recode,1
b84f1579-002e-4624-9ed3-8453873c4a85,prca03,likert5,3) neutral,4,True,recode,0
b84f1579-002e-4624-9ed3-8453873c4a85,prca04,likert5,2) disagree,3,True,recode,1
b84f1579-002e-4624-9ed3-8453873c4a85,prca05,likert5,4) agree,4,True,recode,0
b84f1579-002e-4624-9ed3-8453873c4a85,prca06,likert5,1) strongly disagree,1,True,recode,1
b84f1579-002e-4624-9ed3-8453873c4a85,prca13,likert5,1) strongly disagree,1,True,recode,0
b84f1579-002e-4624-9ed3-8453873c4a85,prca14,likert5,4,2,True,validated,1
b84f1579-002e-4624-9ed3-8453873c4a85,prca15,likert5,4) agree,4,True,recode,0
b84f1579-002e-4624-9ed3-8453873c4a85,prca16,likert5,5) strongly agree,3,True,recode,1
b84f1579-002e-4624-9ed3-8453873c4a85,prca17,likert5,3) neutral,2,True,recode,1
b84f1579-002e-4624-9ed3-8453873c4a85,prca18,likert5,3) neutral,4,True,recode,0
67a97dae-79f4-4887-81a9-b933327f7659,prca01,likert5,3) neutral,4,True,recode,0
67a97dae-79f4-4887-81a9-b933327f7659,prca02,likert5,2) disagree,2,True,recode,1
67a97dae-79f4-4887-81a9-b933327f7659,prca03,likert5,3) neutral,4,True,recode,0
67a97dae-79f4-4887-81a9-b933327f7659,prca04,likert5,4) agree,2,True,recode,1
67a97dae-79f4-4887-81a9-b933327f7659,prca05,likert5,2) disagree,3,True,recode,0
67a97dae-79f4-4887-81a9-b933327f7659,prca06,likert5,3) neutral,2,True,recode,1
67a97dae-79f4-4887-81a9-b933327f7659,prca13,likert5,1) strongly disagree,5,True,recode,0
67a97dae-79f4-4887-81a9-b933327f7659,prca14,likert5,4) agree,2,True,recode,1
67a97dae-79f4-4887-81a9-b933327f7659,prca15,likert5,1) strongly disagree,4,True,recode,0
67a97dae-79f4-4887-81a9-b933327f7659,prca16,likert5,3) neutral,1,True,recode,1
67a97dae-79f4-4887-81a9-b933327f7659,prca17,likert5,2) disagree,1,True,recode,1
67a97dae-79f4-4887-81a9-b933327f7659,prca18,likert5,1) strongly disagree,1,True,recode,0
f7c3a7b0-c9d8-49ef-ba9a-b9242e13ce9f,prca01,likert5,3) neutral,4,True,recode,0
f7c3a7b0-c9d8-49ef-ba9a-b9242e13ce9f,prca02,likert5,3) neutral,2,True,recode,1
f7c3a7b0-c9d8-49ef-ba9a-b9242e13ce9f,prca03,likert5,3) neutral,4,True,recode,0
f7c3a7b0-c9d8-49ef-ba9a-b9242e13ce9f,prca04,likert5,2) disagree,1,True,recode,1
f7c3a7b0-c9d8-49ef-ba9a-b9242e13ce9f,prca05,likert5,4) agree,4,True,recode,0
f7c3a7b0-c9d8-49ef-ba9a-b9242e13ce9f,prca06,likert5,2) disagree,2,True,recode,1
f7c3a7b0-c9d8-49ef-ba9a-b9242e13ce9f,prca13,likert5,2) disagree,5,True,recode,0
f7c3a7b0-c9d8-49ef-ba9a-b9242e13ce9f,prca14,likert5,2) disagree,1,True,recode,1
f7c3a7b0-c9d8-49ef-ba9a-b9242e13ce9f,prca15,likert5,1) strongly disagree,1,True,recode,0
f7c3a7b0-c9d8-49ef-ba9a-b9242e13ce9f,prca16,likert5,3) neutral,2,True,recode,1
f7c3a7b0-c9d8-49ef-ba9a-b9242e13ce9f,prca17,likert5,5) strongly agree,3,True,recode,1
f7c3a7b0-c9d8-49ef-ba9a-b9242e13ce9f,prca18,likert5,3) neutral,4,True,recode,0
8899a115-a31e-45a3-bbde-56e14a3692d6,prca01,likert5,2) disagree,4,True,recode,0
8899a115-a31e-45a3-bbde-56e14a3692d6,prca02,likert5,5) strongly agree,2,True,recode,1
8899a115-a31e-45a3-bbde-56e14a3692d6,prca03,likert5,2) disagree,4,True,recode,0
8899a115-a31e-45a3-bbde-56e14a3692d6,prca04,likert5,3) neutral,2,True,recode,1
8899a115-a31e-45a3-bbde-56e14a3692d6,prca05,likert5,4) agree,4,True,recode,0
8899a115-a31e-45a3-bbde-56e14a3692d6,prca06,likert5,3) neutral,2,True,recode,1
8899a115-a31e-45a3-bbde-56e14a3692d6,prca13,likert5,3) neutral,5,True,recode,0
8899a115-a31e-45a3-bbde-56e14a3692d6,prca14,likert5,3) neutral,1,True,recode,1
8899a115-a31e-45a3-bbde-56e14a3692d6,prca15,likert5,3) neutral,4,True,recode,0
8899a115-a31e-45a3-bbde-56e14a3692d6,prca16,likert5,4) agree,5,True,recode,1
8899a115-a31e-45a3-bbde-56e14a3692d6,prca17,likert5,2) disagree,5,True,recode,1
8899a115-a31e-45a3-bbde-56e14a3692d6,prca18,likert5,3) neutral,4,True,recode,0
dcc5b7e6-e2c4-4c60-854c-f8f28877019c,prca01,likert5,1) strongly disagree,5,True,recode,0
dcc5b7e6-e2c4-4c60-854c-f8f28877019c,prca02,likert5,3) neutral,2,True,recode,1
dcc5b7e6-e2c4-4c60-854c-f8f28877019c,prca03,likert5,1) strongly disagree,5,True,recode,0
dcc5b7e6-e2c4-4c60-854c-f8f28877019c,prca04,likert5,2) disagree,1,True,recode,1
dcc5b7e6-e2c4-4c60-854c-f8f28877019c,prca05,likert5,3) neutral,5,True,recode,0
dcc5b7e6-e2c4-4c60-854c-f8f28877019c,prca06,likert5,3) neutral,2,True,recode,1
dcc5b7e6-e2c4-4c60-854c-f8f28877019c,prca13,likert5,4) agree,2,True,recode,0
dcc5b7e6-e2c4-4c60-854c-f8f28877019c,prca14,likert5,1) strongly disagree,1,True,recode,1
dcc5b7e6-e2c4-4c60-854c-f8f28877019c,prca15,likert5,4) agree,4,True,recode,0
dcc5b7e6-e2c4-4c60-854c-f8f28877019c,prca16,likert5,2) disagree,2,True,recode,1
dcc5b7e6-e2c4-4c60-854c-f8f28877019c,prca17,likert5,2) disagree,3,True,recode,1
dcc5b7e6-e2c4-4c60-854c-f8f28877019c,prca18,likert5,4) agree,5,True,recode,0
9f9b34a5-c25a-4219-8293-7fd3438265cb,prca01,likert5,3) neutral,4,True,recode,0
9f9b34a5-c25a-4219-8293-7fd3438265cb,prca02,likert5,2) disagree,1,True,recode,1
9f9b34a5-c25a-4219-8293-7fd3438265cb,prca03,likert5,2) disagree,3,True,recode,0
9f9b34a5-c25a-4219-8293-7fd3438265cb,prca04,likert5,3) neutral,2,True,recode,1
9f9b34a5-c25a-4219-8293-7fd3438265cb,prca05,likert5,1) strongly disagree,5,True,recode,0
9f9b34a5-c25a-4219-8293-7fd3438265cb,prca06,likert5,3) neutral,5,True,recode,1
9f9b34a5-c25a-4219-8293-7fd3438265cb,prca13,likert5,1) strongly disagree,5,True,recode,0
9f9b34a5-c25a-4219-8293-7fd3438265cb,prca14,likert5,4) agree,2,True,recode,1
9f9b34a5-c25a-4219-8293-7fd3438265cb,prca15,likert5,3) neutral,4,True,recode,0
9f9b34a5-c25a-4219-8293-7fd3438265cb,prca16,likert5,2) disagree,2,True,recode,1
9f9b34a5-c25a-4219-8293-7fd3438265cb,prca17,likert5,2) disagree,2,True,recode,1
9f9b34a5-c25a-4219-8293-7fd3438265cb,prca18,likert5,3) neutral,4,True,recode,0
32171110-5db4-47b2-a7d4-447c8b318dbc,prca01,likert5,2) disagree,4,True,recode,0
32171110-5db4-47b2-a7d4-447c8b318dbc,prca02,likert5,3) neutral,2,True,recode,1
32171110-5db4-47b2-a7d4-447c8b318dbc,prca03,likert5,4) agree,4,True,recode,0
32171110-5db4-47b2-a7d4-447c8b318dbc,prca04,likert5,2) disagree,2,True,recode,1
32171110-5db4-47b2-a7d4-447c8b318dbc,prca05,likert5,3) neutral,4,True,recode,0
32171110-5db4-47b2-a7d4-447c8b318dbc,prca06,likert5,2) disagree,2,True,recode,1
32171110-5db4-47b2-a7d4-447c8b318dbc,prca13,likert5,3) neutral,5,True,recode,0
32171110-5db4-47b2-a7d4-447c8b318dbc,prca14,likert5,5) strongly agree,3,True,recode,1
32171110-5db4-47b2-a7d4-447c8b318dbc,prca15,likert5,4) agree,4,True,recode,0
32171110-5db4-47b2-a7d4-447c8b318dbc,prca16,likert5,4) agree,1,True,recode,1
32171110-5db4-47b2-a7d4-447c8b318dbc,prca17,likert5,2) disagree,1,True,recode,1
32171110-5db4-47b2-a7d4-447c8b318dbc,prca18,likert5,3) neutral,5,True,recode,0
ce597424-7259-4484-9df7-e2204e096c99,prca01,likert5,2) disagree,4,True,recode,0
ce597424-7259-4484-9df7-e2204e096c99,prca02,likert5,3) neutral,2,True,recode,1
ce597424-7259-4484-9df7-e2204e096c99,prca03,likert5,1) strongly disagree,5,True,recode,0
ce597424-7259-4484-9df7-e2204e096c99,prca04,likert5,3) neutral,1,True,recode,1
ce597424-7259-4484-9df7-e2204e096c99,prca05,likert5,4) agree,5,True,recode,0
ce597424-7259-4484-9df7-e2204e096c99,prca06,likert5,4) agree,1,True,recode,1
ce597424-7259-4484-9df7-e2204e096c99,prca13,likert5,4) agree,4,True,recode,0
ce597424-7259-4484-9df7-e2204e096c99,prca14,likert5,2) disagree,3,True,recode,1
ce597424-7259-4484-9df7-e2204e096c99,prca15,likert5,1) strongly disagree,5,True,recode,0
ce597424-7259-4484-9df7-e2204e096c99,prca16,likert5,3) neutral,3,True,recode,1
ce597424-7259-4484-9df7-e2204e096c99,prca17,likert5,1) strongly disagree,2,True,recode,1
ce597424-7259-4484-9df7-e2204e096c99,prca18,likert5,1) strongly disagree,4,True,recode,0
c19b08ce-5854-4703-8883-9f5c632f60e6,prca01,likert5,4) agree,5,True,recode,0
c19b08ce-5854-4703-8883-9f5c632f60e6,prca02,likert5,1) strongly disagree,1,True,recode,1
c19b08ce-5854-4703-8883-9f5c632f60e6,prca03,likert5,1) strongly disagree.,5,True,recode,0
c19b08ce-5854-4703-8883-9f5c632f60e6,prca04,likert5,3) neutral,2,True,recode,1
c19b08ce-5854-4703-8883-9f5c632f60e6,prca05,likert5,3) neutral,4,True,recode,0
c19b08ce-5854-4703-8883-9f5c632f60e6,prca06,likert5,2) disagree,2,True,recode,1
c19b08ce-5854-4703-8883-9f5c632f60e6,prca13,likert5,3) neutral,4,True,recode,0
c19b08ce-5854-4703-8883-9f5c632f60e6,prca14,likert5,"1) strongly disagree, 3) neutral, 5) strongly agree",2,True,recode,1
c19b08ce-5854-4703-8883-9f5c632f60e6,prca15,likert5,1) strongly disagree,5,True,recode,0
c19b08ce-5854-4703-8883-9f5c632f60e6,prca16,likert5,3) neutral,1,True,recode,1
c19b08ce-5854-4703-8883-9f5c632f60e6,prca17,likert5,2) disagree,1,True,recode,1
c19b08ce-5854-4703-8883-9f5c632f60e6,prca18,likert5,1) strongly disagree,5,True,recode,0
785bd4e6-2cbb-494c-a8d7-ac921ec4252a,prca01,likert5,2) disagree,3,True,recode,0
785bd4e6-2cbb-494c-a8d7-ac921ec4252a,prca02,likert5,4) agree,2,True,recode,1
785bd4e6-2cbb-494c-a8d7-ac921ec4252a,prca03,likert5,3) neutral,4,True,recode,0
785bd4e6-2cbb-494c-a8d7-ac921ec4252a,prca04,likert5,2) disagree,2,True,recode,1
785bd4e6-2cbb-494c-a8d7-ac921ec4252a,prca05,likert5,3) neutral,4,True,recode,0
785bd4e6-2cbb-494c-a8d7-ac921ec4252a,prca06,likert5,2) disagree,1,True,recode,1
785bd4e6-2cbb-494c-a8d7-ac921ec4252a,prca13,likert5,3) neutral,5,True,recode,0
785bd4e6-2cbb-494c-a8d7-ac921ec4252a,prca14,likert5,4) agree,2,True,recode,1
785bd4e6-2cbb-494c-a8d7-ac921ec4252a,prca15,likert5,4) agree,4,True,recode,0
785bd4e6-2cbb-494c-a8d7-ac921ec4252a,prca16,likert5,4) agree,5,True,recode,1
785bd4e6-2cbb-494c-a8d7-ac921ec4252a,prca17,likert5,2) disagree,2,True,recode,1
785bd4e6-2cbb-494c-a8d7-ac921ec4252a,prca18,likert5,1) strongly disagree,5,True,recode,0
398ee081-886c-4602-beb1-befb593d6e78,prca01,likert5,4) agree,4,True,recode,0
398ee081-886c-4602-beb1-befb593d6e78,prca02,likert5,4) agree,2,True,recode,1
398ee081-886c-4602-beb1-befb593d6e78,prca03,likert5,3) neutral,5,True,recode,0
398ee081-886c-4602-beb1-befb593d6e78,prca04,likert5,4) agree,1,True,recode,1
398ee081-886c-4602-beb1-befb593d6e78,prca05,likert5,2) disagree,4,True,recode,0
398ee081-886c-4602-beb1-befb593d6e78,prca06,likert5,3) neutral,2,True,recode,1
398ee081-886c-4602-beb1-befb593d6e78,prca13,likert5,3) neutral,4,True,recode,0
398ee081-886c-4602-beb1-befb593d6e78,prca14,likert5,4) agree,1,True,recode,1
398ee081-886c-4602-beb1-befb593d6e78,prca15,likert5,2) disagree,4,True,recode,0
398ee081-886c-4602-beb1-befb593d6e78,prca16,likert5,3) neutral,2,True,recode,1
398ee081-886c-4602-beb1-befb593d6e78,prca17,likert5,2) disagree,2,True,recode,1
398ee081-886c-4602-beb1-befb593d6e78,prca18,likert5,2) disagree,3,True,recode,0
38016146-dcf4-4544-a277-09e717a7a2ea,prca01,likert5,2) disagree,3,True,recode,0
38016146-dcf4-4544-a277-09e717a7a2ea,prca02,likert5,3) neutral,2,True,recode,1
38016146-dcf4-4544-a277-09e717a7a2ea,prca03,likert5,3) neutral,4,True,recode,0
38016146-dcf4-4544-a277-09e717a7a2ea,prca04,likert5,3) neutral,2,True,recode,1
38016146-dcf4-4544-a277-09e717a7a2ea,prca05,likert5,1) strongly disagree,5,True,recode,0
38016146-dcf4-4544-a277-09e717a7a2ea,prca06,likert5,4) agree,1,True,recode,1
38016146-dcf4-4544-a277-09e717a7a2ea,prca13,likert5,3) neutral,4,True,recode,0
38016146-dcf4-4544-a277-09e717a7a2ea,prca14,likert5,2) disagree,2,True,recode,1
38016146-dcf4-4544-a277-09e717a7a2ea,prca15,likert5,3) neutral,4,True,recode,0
38016146-dcf4-4544-a277-09e717a7a2ea,prca16,likert5,3) neutral,2,True,recode,1
38016146-dcf4-4544-a277-09e717a7a2ea,prca17,likert5,3) neutral,2,True,recode,1
38016146-dcf4-4544-a277-09e717a7a2ea,prca18,likert5,4) agree,4,True,recode,0
d5b94afa-5065-45c3-bb84-8b27772e4f73,prca01,likert5,3) neutral,1,True,recode,0
d5b94afa-5065-45c3-bb84-8b27772e4f73,prca02,likert5,3) neutral,2,True,recode,1
d5b94afa-5065-45c3-bb84-8b27772e4f73,prca03,likert5,3) neutral,5,True,recode,0
d5b94afa-5065-45c3-bb84-8b27772e4f73,prca04,likert5,4) agree,2,True,recode,1
d5b94afa-5065-45c3-bb84-8b27772e4f73,prca05,likert5,3) neutral,5,True,recode,0
d5b94afa-5065-45c3-bb84-8b27772e4f73,prca06,likert5,3) neutral,2,True,recode,1
d5b94afa-5065-45c3-bb84-8b27772e4f73,prca13,likert5,2) disagree,4,True,recode,0
d5b94afa-5065-45c3-bb84-8b27772e4f73,prca14,likert5,4) agree,2,True,recode,1
d5b94afa-5065-45c3-bb84-8b27772e4f73,prca15,likert5,3) neutral,4,True,recode,0
d5b94afa-5065-45c3-bb84-8b27772e4f73,prca16,likert5,3) neutral,2,True,recode,1
d5b94afa-5065-45c3-bb84-8b27772e4f73,prca17,likert5,1) strongly disagree,2,True,recode,1
d5b94afa-5065-45c3-bb84-8b27772e4f73,prca18,likert5,4) agree,5,True,recode,0
ab517a05-5940-4926-a766-05fe1b4c937a,prca01,likert5,1) strongly disagree,4,True,recode,0
ab517a05-5940-4926-a766-05fe1b4c937a,prca02,likert5,2) disagree,2,True,recode,1
ab517a05-5940-4926-a766-05fe1b4c937a,prca03,likert5,4) agree,4,True,recode,0
ab517a05-5940-4926-a766-05fe1b4c937a,prca04,likert5,4) agree,1,True,recode,1
ab517a05-5940-4926-a766-05fe1b4c937a,prca05,likert5,3) neutral,3,True,recode,0
ab517a05-5940-4926-a766-05fe1b4c937a,prca06,likert5,3) neutral,2,True,recode,1
ab517a05-5940-4926-a766-05fe1b4c937a,prca13,likert5,3) neutral,4,True,recode,0
ab517a05-5940-4926-a766-05fe1b4c937a,prca14,likert5,2) disagree,2,True,recode,1
ab517a05-5940-4926-a766-05fe1b4c937a,prca15,likert5,3) neutral,5,True,recode,0
ab517a05-5940-4926-a766-05fe1b4c937a,prca16,likert5,1) strongly disagree,3,True,recode,1
ab517a05-5940-4926-a766-05fe1b4c937a,prca17,likert5,3) neutral,2,True,recode,1
ab517a05-5940-4926-a766-05fe1b4c937a,prca18,likert5,3) neutral,4,True,recode,0
57d6f998-a4df-494d-a505-34184dbfe842,prca01,likert5,3) neutral,5,True,recode,0
57d6f998-a4df-494d-a505-34184dbfe842,prca02,likert5,3) neutral,2,True,recode,1
57d6f998-a4df-494d-a505-34184dbfe842,prca03,likert5,1) strongly disagree,5,True,recode,0
57d6f998-a4df-494d-a505-34184dbfe842,prca04,likert5,1) strongly disagree,2,True,recode,1
57d6f998-a4df-494d-a505-34184dbfe842,prca05,likert5,3) neutral,4,True,recode,0
57d6f998-a4df-494d-a505-34184dbfe842,prca06,likert5,4) agree,1,True,recode,1
57d6f998-a4df-494d-a505-34184dbfe842,prca13,likert5,1) strongly disagree,4,True,recode,0
57d6f998-a4df-494d-a505-34184dbfe842,prca14,likert5,2) disagree,2,True,recode,1
57d6f998-a4df-494d-a505-34184dbfe842,prca15,likert5,3) neutral,4,True,recode,0
57d6f998-a4df-494d-a505-34184dbfe842,prca16,likert5,3) neutral,2,True,recode,1
57d6f998-a4df-494d-a505-34184dbfe842,prca17,likert5,1) strongly disagree,3,True,recode,1
57d6f998-a4df-494d-a505-34184dbfe842,prca18,likert5,3) neutral,4,True,recode,0
298262f2-696e-4d5b-954d-fba07bf9ad78,prca01,likert5,3) neutral,5,True,recode,0
298262f2-696e-4d5b-954d-fba07bf9ad78,prca02,likert5,4) agree,2,True,recode,1
298262f2-696e-4d5b-954d-fba07bf9ad78,prca03,likert5,1) strongly disagree,4,True,recode,0
298262f2-696e-4d5b-954d-fba07bf9ad78,prca04,likert5,1) strongly disagree,2,True,recode,1
298262f2-696e-4d5b-954d-fba07bf9ad78,prca05,likert5,1) strongly disagree,3,True,recode,0
298262f2-696e-4d5b-954d-fba07bf9ad78,prca06,likert5,4) agree,2,True,recode,1
298262f2-696e-4d5b-954d-fba07bf9ad78,prca13,likert5,3) neutral,4,True,recode,0
298262f2-696e-4d5b-954d-fba07bf9ad78,prca14,likert5,1) strongly disagree,1,True,recode,1
298262f2-696e-4d5b-954d-fba07bf9ad78,prca15,likert5,1) strongly disagree,4,True,recode,0
298262f2-696e-4d5b-954d-fba07bf9ad78,prca16,likert5,1) strongly disagree,2,True,recode,1
298262f2-696e-4d5b-954d-fba07bf9ad78,prca17,likert5,4) agree,2,True,recode,1
298262f2-696e-4d5b-954d-fba07bf9ad78,prca18,likert5,3) neutral,4,True,recode,0
29a64cb8-f037-4afe-92d6-2c0bf47cca00,prca01,likert5,1) strongly disagree,5,True,recode,0
29a64cb8-f037-4afe-92d6-2c0bf47cca00,prca02,likert5,2) disagree,1,True,recode,1
29a64cb8-f037-4afe-92d6-2c0bf47cca00,prca03,likert5,3) neutral,2,True,recode,0
29a64cb8-f037-4afe-92d6-2c0bf47cca00,prca04,likert5,4) agree,2,True,recode,1
29a64cb8-f037-4afe-92d6-2c0bf47cca00,prca05,likert5,1) strongly disagree,5,True,recode,0
29a64cb8-f037-4afe-92d6-2c0bf47cca00,prca06,likert5,2) disagree,2,True,recode,1
29a64cb8-f037-4afe-92d6-2c0bf47cca00,prca13,likert5,3) neutral,4,True,recode,0
29a64cb8-f037-4afe-92d6-2c0bf47cca00,prca14,likert5,3) neutral,2,True,recode,1
29a64cb8-f037-4afe-92d6-2c0bf47cca00,prca15,likert5,4) agree,4,True,recode,0
29a64cb8-f037-4afe-92d6-2c0bf47cca00,prca16,likert5,3) neutral,2,True,recode,1
29a64cb8-f037-4afe-92d6-2c0bf47cca00,prca17,likert5,2) disagree,3,True,recode,1
29a64cb8-f037-4afe-92d6-2c0bf47cca00,prca18,likert5,2) disagree,5,True,recode,0
7472ce0f-b74d-4389-b58a-9be239f8c61b,prca01,likert5,2) disagree,4,True,recode,0
7472ce0f-b74d-4389-b58a-9be239f8c61b,prca02,likert5,2) disagree,2,True,recode,1
7472ce0f-b74d-4389-b58a-9be239f8c61b,prca03,likert5,3) neutral,4,True,recode,0
7472ce0f-b74d-4389-b58a-9be239f8c61b,prca04,likert5,3) neutral,2,True,recode,1
7472ce0f-b74d-4389-b58a-9be239f8c61b,prca05,likert5,3) neutral,4,True,recode,0
7472ce0f-b74d-4389-b58a-9be239f8c61b,prca06,likert5,3) neutral,2,True,recode,1
7472ce0f-b74d-4389-b58a-9be239f8c61b,prca13,likert5,3) neutral,4,True,recode,0
7472ce0f-b74d-4389-b58a-9be239f8c61b,prca14,likert5,3) neutral,2,True,recode,1
7472ce0f-b74d-4389-b58a-9be239f8c61b,prca15,likert5,3) neutral,4,True,recode,0
7472ce0f-b74d-4389-b58a-9be239f8c61b,prca16,likert5,4) agree,2,True,recode,1
7472ce0f-b74d-4389-b58a-9be239f8c61b,prca17,likert5,2) disagree,2,True,recode,1
7472ce0f-b74d-4389-b58a-9be239f8c61b,prca18,likert5,3) neutral,3,True,recode,0
d6946399-48c3-42a1-9e5e-110d82cab58e,prca01,likert5,1) strongly disagree,5,True,recode,0
d6946399-48c3-42a1-9e5e-110d82cab58e,prca02,likert5,1) strongly disagree,2,True,recode,1
d6946399-48c3-42a1-9e5e-110d82cab58e,prca03,likert5,2) disagree,4,True,recode,0
d6946399-48c3-42a1-9e5e-110d82cab58e,prca04,likert5,1) strongly disagree,1,True,recode,1
d6946399-48c3-42a1-9e5e-110d82cab58e,prca05,likert5,3) neutral,4,True,recode,0
d6946399-48c3-42a1-9e5e-110d82cab58e,prca06,likert5,4) agree,1,True,recode,1
d6946399-48c3-42a1-9e5e-110d82cab58e,prca13,likert5,1) strongly disagree,5,True,recode,0
d6946399-48c3-42a1-9e5e-110d82cab58e,prca14,likert5,4) agree,2,True,recode,1
d6946399-48c3-42a1-9e5e-110d82cab58e,prca15,likert5,3) neutral,4,True,recode,0
d6946399-48c3-42a1-9e5e-110d82cab58e,prca16,likert5,4) agree,2,True,recode,1
d6946399-48c3-42a1-9e5e-110d82cab58e,prca17,likert5,1) strongly disagree,2,True,recode,1
d6946399-48c3-42a1-9e5e-110d82cab58e,prca18,likert5,2) disagree,4,True,recode,0
c9a1eb0e-f44c-439f-884a-073830a0b6b7,prca01,likert5,3) neutral,5,True,recode,0
c9a1eb0e-f44c-439f-884a-073830a0b6b7,prca02,likert5,1) strongly disagree,1,True,recode,1
c9a1eb0e-f44c-439f-884a-073830a0b6b7,prca03,likert5,1) strongly disagree,4,True,recode,0
c9a1eb0e-f44c-439f-884a-073830a0b6b7,prca04,likert5,4) agree,1,True,recode,1
c9a1eb0e-f44c-439f-884a-073830a0b6b7,prca05,likert5,3) neutral,5,True,recode,0
c9a1eb0e-f44c-439f-884a-073830a0b6b7,prca06,likert5,4) agree,1,True,recode,1
c9a1eb0e-f44c-439f-884a-073830a0b6b7,prca13,likert5,2) disagree,4,True,recode,0
c9a1eb0e-f44c-439f-884a-073830a0b6b7,prca14,likert5,3) neutral,2,True,recode,1
c9a1eb0e-f44c-439f-884a-073830a0b6b7,prca15,likert5,3) neutral,4,True,recode,0
c9a1eb0e-f44c-439f-884a-073830a0b6b7,prca16,likert5,5) strongly agree,3,True,recode,1
c9a1eb0e-f44c-439f-884a-073830a0b6b7,prca17,likert5,2) disagree,1,True,recode,1
c9a1eb0e-f44c-439f-884a-073830a0b6b7,prca18,likert5,2) disagree,4,True,recode,0
914fa11d-6136-4586-87eb-e859bd18300d,prca01,likert5,4) agree,4,True,recode,0
914fa11d-6136-4586-87eb-e859bd18300d,prca02,likert5,3) neutral,2,True,recode,1
914fa11d-6136-4586-87eb-e859bd18300d,prca03,likert5,3) neutral,4,True,recode,0
914fa11d-6136-4586-87eb-e859bd18300d,prca04,likert5,4) agree,2,True,recode,1
914fa11d-6136-4586-87eb-e859bd18300d,prca05,likert5,3) neutral,4,True,recode,0
914fa11d-6136-4586-87eb-e859bd18300d,prca06,likert5,3) neutral,2,True,recode,1
914fa11d-6136-4586-87eb-e859bd18300d,prca13,likert5,1) strongly disagree,3,True,recode,0
914fa11d-6136-4586-87eb-e859bd18300d,prca14,likert5,3) neutral,2,True,recode,1
914fa11d-6136-4586-87eb-e859bd18300d,prca15,likert5,3) neutral,4,True,recode,0
914fa11d-6136-4586-87eb-e859bd18300d,prca16,likert5,2) disagree,1,True,recode,1
914fa11d-6136-4586-87eb-e859bd18300d,prca17,likert5,3) neutral,2,True,recode,1
914fa11d-6136-4586-87eb-e859bd18300d,prca18,likert5,3) neutral,5,True,recode,0
395fba9b-5e84-4f22-bc38-acdbe491f8f6,prca01,likert5,1) strongly disagree,5,True,recode,0
395fba9b-5e84-4f22-bc38-acdbe491f8f6,prca02,likert5,3) neutral,2,True,recode,1
395fba9b-5e84-4f22-bc38-acdbe491f8f6,prca03,likert5,2) disagree,5,True,recode,0
395fba9b-5e84-4f22-bc38-acdbe491f8f6,prca04,likert5,4) agree,1,True,recode,1
395fba9b-5e84-4f22-bc38-acdbe491f8f6,prca05,likert5,2) disagree,4,True,recode,0
395fba9b-5e84-4f22-bc38-acdbe491f8f6,prca06,likert5,3) neutral,2,True,recode,1
395fba9b-5e84-4f22-bc38-acdbe491f8f6,prca13,likert5,3) neutral,4,True,recode,0
395fba9b-5e84-4f22-bc38-acdbe491f8f6,prca14,likert5,1) strongly disagree,1,True,recode,1
395fba9b-5e84-4f22-bc38-acdbe491f8f6,prca15,likert5,2) disagree,4,True,recode,0
395fba9b-5e84-4f22-bc38-acdbe491f8f6,prca16,likert5,3) neutral,2,True,recode,1
395fba9b-5e84-4f22-bc38-acdbe491f8f6,prca17,likert5,4) agree,2,True,recode,1
395fba9b-5e84-4f22-bc38-acdbe491f8f6,prca18,likert5,3) neutral,4,True,recode,0
575621ea-4231-4230-9b28-d4c0095d90fa,prca01,likert5,4) agree,4,True,recode,0
575621ea-4231-4230-9b28-d4c0095d90fa,prca02,likert5,2) disagree,2,True,recode,1
575621ea-4231-4230-9b28-d4c0095d90fa,prca03,likert5,4) agree,4,True,recode,0
575621ea-4231-4230-9b28-d4c0095d90fa,prca04,likert5,5) strongly agree,3,True,recode,1
575621ea-4231-4230-9b28-d4c0095d90fa,prca05,likert5,1) strongly disagree,4,True,recode,0
575621ea-4231-4230-9b28-d4c0095d90fa,prca06,likert5,2) disagree,1,True,recode,1
575621ea-4231-4230-9b28-d4c0095d90fa,prca13,likert5,3) neutral,4,True,recode,0
575621ea-4231-4230-9b28-d4c0095d90fa,prca14,likert5,3) neutral,2,True,recode,1
575621ea-4231-4230-9b28-d4c0095d90fa,prca15,likert5,2) disagree,5,True,recode,0
575621ea-4231-4230-9b28-d4c0095d90fa,prca16,likert5,2) disagree,2,True,recode,1
575621ea-4231-4230-9b28-d4c0095d90fa,prca17,likert5,3) neutral,2,True,recode,1
575621ea-4231-4230-9b28-d4c0095d90fa,prca18,likert5,4) agree,4,True,recode,0
abd8b932-fd72-402c-811c-d6eeff4b8c96,prca01,likert5,2) disagree,3,True,recode,0
abd8b932-fd72-402c-811c-d6eeff4b8c96,prca02,likert5,3) neutral,2,True,recode,1
abd8b932-fd72-402c-811c-d6eeff4b8c96,prca03,likert5,1) strongly disagree,5,True,recode,0
abd8b932-fd72-402c-811c-d6eeff4b8c96,prca04,likert5,2) disagree,2,True,recode,1
abd8b932-fd72-402c-811c-d6eeff4b8c96,prca05,likert5,3) neutral,4,True,recode,0
abd8b932-fd72-402c-811c-d6eeff4b8c96,prca06,likert5,2) disagree,1,True,recode,1
abd8b932-fd72-402c-811c-d6eeff4b8c96,prca13,likert5,4) agree,4,True,recode,0
abd8b932-fd72-402c-811c-d6eeff4b8c96,prca14,likert5,1) strongly disagree,3,True,recode,1
abd8b932-fd72-402c-811c-d6eeff4b8c96,prca15,likert5,3) neutral,4,True,recode,0
abd8b932-fd72-402c-811c-d6eeff4b8c96,prca16,likert5,4) agree,2,True,recode,1
abd8b932-fd72-402c-811c-d6eeff4b8c96,prca17,likert5,2) disagree,1,True,recode,1
abd8b932-fd72-402c-811c-d6eeff4b8c96,prca18,likert5,4) agree,4,True,recode,0
7db4b3ae-8635-41f6-a970-278e9a8b4d8f,prca01,likert5,1),5,True,recode,0
7db4b3ae-8635-41f6-a970-278e9a8b4d8f,prca02,likert5,1) strongly disagree,3,True,recode,1
7db4b3ae-8635-41f6-a970-278e9a8b4d8f,prca03,likert5,2) disagree,4,True,recode,0
7db4b3ae-8635-41f6-a970-278e9a8b4d8f,prca04,likert5,3) neutral,2,True,recode,1
7db4b3ae-8635-41f6-a970-278e9a8b4d8f,prca05,likert5,3) neutral,5,True,recode,0
7db4b3ae-8635-41f6-a970-278e9a8b4d8f,prca06,likert5,3) neutral,1,True,recode,1
7db4b3ae-8635-41f6-a970-278e9a8b4d8f,prca13,likert5,1) strongly disagree,5,True,recode,0
7db4b3ae-8635-41f6-a970-278e9a8b4d8f,prca14,likert5,3) neutral,2,True,recode,1
7db4b3ae-8635-41f6-a970-278e9a8b4d8f,prca15,likert5,1) strongly disagree,5,True,recode,0
7db4b3ae-8635-41f6-a970-278e9a8b4d8f,prca16,likert5,3) neutral,4,True,recode,1
7db4b3ae-8635-41f6-a970-278e9a8b4d8f,prca17,likert5,2) disagree,2,True,recode,1
7db4b3ae-8635-41f6-a970-278e9a8b4d8f,prca18,likert5,3) neutral,2,True,recode,0
03f601aa-3731-4a9e-9d95-58085102e30c,prca01,likert5,3) neutral,4,True,recode,0
03f601aa-3731-4a9e-9d95-58085102e30c,prca02,likert5,3) neutral,3,True,recode,1
03f601aa-3731-4a9e-9d95-58085102e30c,prca03,likert5,4) agree,4,True,recode,0
03f601aa-3731-4a9e-9d95-58085102e30c,prca04,likert5,4) agree,2,True,recode,1
03f601aa-3731-4a9e-9d95-58085102e30c,prca05,likert5,4) agree,4,True,recode,0
03f601aa-3731-4a9e-9d95-58085102e30c,prca06,likert5,2) disagree,3,True,recode,1
03f601aa-3731-4a9e-9d95-58085102e30c,prca13,likert5,2) disagree,5,True,recode,0
03f601aa-3731-4a9e-9d95-58085102e30c,prca14,likert5,3) neutral,2,True,recode,1
03f601aa-3731-4a9e-9d95-58085102e30c,prca15,likert5,3) neutral,4,True,recode,0
03f601aa-3731-4a9e-9d95-58085102e30c,prca16,likert5,4) agree,2,True,recode,1
03f601aa-3731-4a9e-9d95-58085102e30c,prca17,likert5,2) disagree,1,True,recode,1
03f601aa-3731-4a9e-9d95-58085102e30c,prca18,likert5,2) disagree,4,True,recode,0
5a31e4f5-99c4-440c-bd02-90ed2d008f2d,prca01,likert5,1),5,True,recode,0
5a31e4f5-99c4-440c-bd02-90ed2d008f2d,prca02,likert5,2) disagree,2,True,recode,1
5a31e4f5-99c4-440c-bd02-90ed2d008f2d,prca03,likert5,3) neutral,4,True,recode,0
5a31e4f5-99c4-440c-bd02-90ed2d008f2d,prca04,likert5,4) agree,2,True,recode,1
5a31e4f5-99c4-440c-bd02-90ed2d008f2d,prca05,likert5,3) neutral,4,True,recode,0
5a31e4f5-99c4-440c-bd02-90ed2d008f2d,prca06,likert5,3) neutral,2,True,recode,1
5a31e4f5-99c4-440c-bd02-90ed2d008f2d,prca13,likert5,3) neutral,4,True,recode,0
5a31e4f5-99c4-440c-bd02-90ed2d008f2d,prca14,likert5,4) agree,4,True,recode,1
5a31e4f5-99c4-440c-bd02-90ed2d008f2d,prca15,likert5,4) agree,4,True,recode,0
5a31e4f5-99c4-440c-bd02-90ed2d008f2d,prca16,likert5,4) agree,2,True,recode,1
5a31e4f5-99c4-440c-bd02-90ed2d008f2d,prca17,likert5,4) agree,1,True,recode,1
5a31e4f5-99c4-440c-bd02-90ed2d008f2d,prca18,likert5,3) neutral,4,True,recode,0
2bd41918-cccc-4b44-8c52-0b6ad5d3f915,prca01,likert5,1) strongly disagree,4,True,recode,0
2bd41918-cccc-4b44-8c52-0b6ad5d3f915,prca02,likert5,3) neutral,2,True,recode,1
2bd41918-cccc-4b44-8c52-0b6ad5d3f915,prca03,likert5,3) neutral,5,True,recode,0
2bd41918-cccc-4b44-8c52-0b6ad5d3f915,prca04,likert5,4) agree,2,True,recode,1
2bd41918-cccc-4b44-8c52-0b6ad5d3f915,prca05,likert5,2) disagree,3,True,recode,0
2bd41918-cccc-4b44-8c52-0b6ad5d3f915,prca06,likert5,4) agree,1,True,recode,1
2bd41918-cccc-4b44-8c52-0b6ad5d3f915,prca13,likert5,3) neutral,3,True,recode,0
2bd41918-cccc-4b44-8c52-0b6ad5d3f915,prca14,likert5,3) neutral,2,True,recode,1
2bd41918-cccc-4b44-8c52-0b6ad5d3f915,prca15,likert5,3) neutral,4,True,recode,0
2bd41918-cccc-4b44-8c52-0b6ad5d3f915,prca16,likert5,4) agree,2,True,recode,1
2bd41918-cccc-4b44-8c52-0b6ad5d3f915,prca17,likert5,2) disagree,1,True,recode,1
2bd41918-cccc-4b44-8c52-0b6ad5d3f915,prca18,likert5,1) strongly disagree,5,True,recode,0
cf97ddcf-9902-49ea-8e10-12af71fc2c00,prca01,likert5,2) disagree,3,True,recode,0
cf97ddcf-9902-49ea-8e10-12af71fc2c00,prca02,likert5,1) strongly disagree,1,True,recode,1
cf97ddcf-9902-49ea-8e10-12af71fc2c00,prca03,likert5,3) neutral,4,True,recode,0
cf97ddcf-9902-49ea-8e10-12af71fc2c00,prca04,likert5,4) agree,2,True,recode,1
cf97ddcf-9902-49ea-8e10-12af71fc2c00,prca05,likert5,2) disagree,4,True,recode,0
cf97ddcf-9902-49ea-8e10-12af71fc2c00,prca06,likert5,2) disagree,1,True,recode,1
cf97ddcf-9902-49ea-8e10-12af71fc2c00,prca13,likert5,1) strongly disagree,5,True,recode,0
cf97ddcf-9902-49ea-8e10-12af71fc2c00,prca14,likert5,5) strongly agree,3,True,recode,1
cf97ddcf-9902-49ea-8e10-12af71fc2c00,prca15,likert5,3) neutral,4,True,recode,0
cf97ddcf-9902-49ea-8e10-12af71fc2c00,prca16,likert5,2) disagree,2,True,recode,1
cf97ddcf-9902-49ea-8e10-12af71fc2c00,prca17,likert5,2) disagree,5,True,recode,1
cf97ddcf-9902-49ea-8e10-12af71fc2c00,prca18,likert5,3) neutral,5,True,recode,0
f912b813-f9c6-4f89-8086-440181a116f2,prca01,likert5,3) neutral,4,True,recode,0
f912b813-f9c6-4f89-8086-440181a116f2,prca02,likert5,3) neutral,2,True,recode,1
f912b813-f9c6-4f89-8086-440181a116f2,prca03,likert5,1) strongly disagree,5,True,recode,0
f912b813-f9c6-4f89-8086-440181a116f2,prca04,likert5,2) disagree,3,True,recode,1
f912b813-f9c6-4f89-8086-440181a116f2,prca05,likert5,2) disagree,5,True,recode,0
f912b813-f9c6-4f89-8086-440181a116f2,prca06,likert5,3) neutral,1,True,recode,1
f912b813-f9c6-4f89-8086-440181a116f2,prca13,likert5,3) neutral,4,True,recode,0
f912b813-f9c6-4f89-8086-440181a116f2,prca14,likert5,2) disagree,2,True,recode,1
f912b813-f9c6-4f89-8086-440181a116f2,prca15,likert5,3) neutral,4,True,recode,0
f912b813-f9c6-4f89-8086-440181a116f2,prca16,likert5,3) neutral,2,True,recode,1
f912b813-f9c6-4f89-8086-440181a116f2,prca17,likert5,2) disagree,5,True,recode,1
f912b813-f9c6-4f89-8086-440181a116f2,prca18,likert5,4) agree,4,True,recode,0
77f3b4a2-1d1b-410e-a653-424069fd1a5c,prca01,likert5,3) neutral,4,True,recode,0
77f3b4a2-1d1b-410e-a653-424069fd1a5c,prca02,likert5,1) strongly disagree,1,True,recode,1
77f3b4a2-1d1b-410e-a653-424069fd1a5c,prca03,likert5,1) strongly disagree.,5,True,recode,0
77f3b4a2-1d1b-410e-a653-424069fd1a5c,prca04,likert5,2) disagree,2,True,recode,1
77f3b4a2-1d1b-410e-a653-424069fd1a5c,prca05,likert5,2) disagree,4,True,recode,0
77f3b4a2-1d1b-410e-a653-424069fd1a5c,prca06,likert5,1) strongly disagree.,2,True,recode,1
77f3b4a2-1d1b-410e-a653-424069fd1a5c,prca13,likert5,1) strongly disagree,5,True,recode,0
77f3b4a2-1d1b-410e-a653-424069fd1a5c,prca14,likert5,3) neutral,2,True,recode,1
77f3b4a2-1d1b-410e-a653-424069fd1a5c,prca15,likert5,2) disagree,5,True,recode,0
77f3b4a2-1d1b-410e-a653-424069fd1a5c,prca16,likert5,4) agree,2,True,recode,1
77f3b4a2-1d1b-410e-a653-424069fd1a5c,prca17,likert5,3) neutral,2,True,recode,1
77f3b4a2-1d1b-410e-a653-424069fd1a5c,prca18,likert5,3) neutral,4,True,recode,0
7c57d5b6-26c0-40d6-bad7-07dda30d2489,prca01,likert5,3) neutral,4,True,recode,0
7c57d5b6-26c0-40d6-bad7-07dda30d2489,prca02,likert5,2) disagree,1,True,recode,1
7c57d5b6-26c0-40d6-bad7-07dda30d2489,prca03,likert5,3) neutral,4,True,recode,0
7c57d5b6-26c0-40d6-bad7-07dda30d2489,prca04,likert5,2) disagree,1,True,recode,1
7c57d5b6-26c0-40d6-bad7-07dda30d2489,prca05,likert5,3) neutral,4,True,recode,0
7c57d5b6-26c0-40d6-bad7-07dda30d2489,prca06,likert5,3) neutral,1,True,recode,1
7c57d5b6-26c0-40d6-bad7-07dda30d2489,prca13,likert5,2) disagree,3,True,recode,0
7c57d5b6-26c0-40d6-bad7-07dda30d2489,prca14,likert5,4) agree,2,True,recode,1
7c57d5b6-26c0-40d6-bad7-07dda30d2489,prca15,likert5,1) strongly disagree,5,True,recode,0
7c57d5b6-26c0-40d6-bad7-07dda30d2489,prca16,likert5,2) disagree,5,True,recode,1
7c57d5b6-26c0-40d6-bad7-07dda30d2489,prca17,likert5,2) disagree,2,True,recode,1
7c57d5b6-26c0-40d6-bad7-07dda30d2489,prca18,likert5,3) neutral,4,True,recode,0
16cacc65-c5e3-48c2-a67a-586114d6dba4,prca01,likert5,4) agree,4,True,recode,0
16cacc65-c5e3-48c2-a67a-586114d6dba4,prca02,likert5,3) neutral,2,True,recode,1
16cacc65-c5e3-48c2-a67a-586114d6dba4,prca03,likert5,4) agree,4,True,recode,0
16cacc65-c5e3-48c2-a67a-586114d6dba4,prca04,likert5,3) neutral,2,True,recode,1
16cacc65-c5e3-48c2-a67a-586114d6dba4,prca05,likert5,3) neutral,4,True,recode,0
16cacc65-c5e3-48c2-a67a-586114d6dba4,prca06,likert5,4) agree,2,True,recode,1
16cacc65-c5e3-48c2-a67a-586114d6dba4,prca13,likert5,4) agree,4,True,recode,0
16cacc65-c5e3-48c2-a67a-586114d6dba4,prca14,likert5,5) strongly agree,3,True,recode,1
16cacc65-c5e3-48c2-a67a-586114d6dba4,prca15,likert5,1) strongly disagree,5,True,recode,0
16cacc65-c5e3-48c2-a67a-586114d6dba4,prca16,likert5,2) disagree,1,True,recode,1
16cacc65-c5e3-48c2-a67a-586114d6dba4,prca17,likert5,3) neutral,2,True,recode,1
16cacc65-c5e3-48c2-a67a-586114d6dba4,prca18,likert5,2) disagree,3,True,recode,0
ed48f085-5f7d-46b4-8234-5d524ba106c5,prca01,likert5,2) disagree,4,True,recode,0
ed48f085-5f7d-46b4-8234-5d524ba106c5,prca02,likert5,3) neutral,2,True,recode,1
ed48f085-5f7d-46b4-8234-5d524ba106c5,prca03,likert5,2) disagree,4,True,recode,0
ed48f085-5f7d-46b4-8234-5d524ba106c5,prca04,likert5,4) agree,2,True,recode,1
ed48f085-5f7d-46b4-8234-5d524ba106c5,prca05,likert5,3) neutral,4,True,recode,0
ed48f085-5f7d-46b4-8234-5d524ba106c5,prca06,likert5,3) neutral,2,True,recode,1
ed48f085-5f7d-46b4-8234-5d524ba106c5,prca13,likert5,1) strongly disagree,5,True,recode,0
ed48f085-5f7d-46b4-8234-5d524ba106c5,prca14,likert5,5) strongly agree,3,True,recode,1
ed48f085-5f7d-46b4-8234-5d524ba106c5,prca15,likert5,3) neutral,4,True,recode,0
ed48f085-5f7d-46b4-8234-5d524ba106c5,prca16,likert5,4) agree,2,True,recode,1
ed48f085-5f7d-46b4-8234-5d524ba106c5,prca17,likert5,3) neutral,2,True,recode,1
ed48f085-5f7d-46b4-8234-5d524ba106c5,prca18,likert5,2) disagree,5,True,recode,0
b1f2297e-17f3-46ac-83c7-10fe5cc6bdd4,prca01,likert5,4) agree,4,True,recode,0
b1f2297e-17f3-46ac-83c7-10fe5cc6bdd4,prca02,likert5,3) neutral,2,True,recode,1
b1f2297e-17f3-46ac-83c7-10fe5cc6bdd4,prca03,likert5,3) neutral,5,True,recode,0
b1f2297e-17f3-46ac-83c7-10fe5cc6bdd4,prca04,likert5,2) disagree,3,True,recode,1
b1f2297e-17f3-46ac-83c7-10fe5cc6bdd4,prca05,likert5,2) disagree,5,True,recode,0
b1f2297e-17f3-46ac-83c7-10fe5cc6bdd4,prca06,likert5,4) agree,2,True,recode,1
b1f2297e-17f3-46ac-83c7-10fe5cc6bdd4,prca13,likert5,2) disagree,4,True,recode,0
b1f2297e-17f3-46ac-83c7-10fe5cc6bdd4,prca14,likert5,1) strongly disagree,1,True,recode,1
b1f2297e-17f3-46ac-83c7-10fe5cc6bdd4,prca15,likert5,3) neutral,4,True,recode,0
b1f2297e-17f3-46ac-83c7-10fe5cc6bdd4,prca16,likert5,3) neutral,1,True,recode,1
b1f2297e-17f3-46ac-83c7-10fe5cc6bdd4,prca17,likert5,4) agree,1,True,recode,1
b1f2297e-17f3-46ac-83c7-10fe5cc6bdd4,prca18,likert5,2) disagree,5,True,recode,0
6c16c3b1-ccda-4929-b523-9a4e8d61b29d,prca01,likert5,2) disagree,4,True,recode,0
6c16c3b1-ccda-4929-b523-9a4e8d61b29d,prca02,likert5,2) disagree,2,True,recode,1
6c16c3b1-ccda-4929-b523-9a4e8d61b29d,prca03,likert5,2) disagree,4,True,recode,0
6c16c3b1-ccda-4929-b523-9a4e8d61b29d,prca04,likert5,1) strongly disagree,1,True,recode,1
6c16c3b1-ccda-4929-b523-9a4e8d61b29d,prca05,likert5,3) neutral,4,True,recode,0
6c16c3b1-ccda-4929-b523-9a4e8d61b29d,prca06,likert5,3) neutral,2,True,recode,1
6c16c3b1-ccda-4929-b523-9a4e8d61b29d,prca13,likert5,3) neutral,4,True,recode,0
6c16c3b1-ccda-4929-b523-9a4e8d61b29d,prca14,likert5,3) neutral,2,True,recode,1
6c16c3b1-ccda-4929-b523-9a4e8d61b29d,prca15,likert5,3) neutral,4,True,recode,0
6c16c3b1-ccda-4929-b523-9a4e8d61b29d,prca16,likert5,1) strongly disagree,1,True,recode,1
6c16c3b1-ccda-4929-b523-9a4e8d61b29d,prca17,likert5,3) neutral,2,True,recode,1
6c16c3b1-ccda-4929-b523-9a4e8d61b29d,prca18,likert5,3) neutral,4,True,recode,0
bc7b093f-c430-4bb6-b876-00fb04779c80,prca01,likert5,3) neutral,4,True,recode,0
bc7b093f-c430-4bb6-b876-00fb04779c80,prca02,likert5,3) neutral,2,True,recode,1
bc7b093f-c430-4bb6-b876-00fb04779c80,prca03,likert5,1) strongly disagree,5,True,recode,0
bc7b093f-c430-4bb6-b876-00fb04779c80,prca04,likert5,3) neutral,2,True,recode,1
bc7b093f-c430-4bb6-b876-00fb04779c80,prca05,likert5,2) disagree,4,True,recode,0
bc7b093f-c430-4bb6-b876-00fb04779c80,prca06,likert5,3) neutral,2,True,recode,1
bc7b093f-c430-4bb6-b876-00fb04779c80,prca13,likert5,4) agree,4,True,recode,0
bc7b093f-c430-4bb6-b876-00fb04779c80,prca14,likert5,3) neutral,2,True,recode,1
bc7b093f-c430-4bb6-b876-00fb04779c80,prca15,likert5,3) neutral,4,True,recode,0
bc7b093f-c430-4bb6-b876-00fb04779c80,prca16,likert5,3) neutral,2,True,recode,1
bc7b093f-c430-4bb6-b876-00fb04779c80,prca17,likert5,1) strongly disagree,2,True,recode,1
bc7b093f-c430-4bb6-b876-00fb04779c80,prca18,likert5,4) agree,5,True,recode,0
80cd26a0-72dd-4038-b817-5946d7b404b5,prca01,likert5,"1) strongly disagree, 2) disagree, 3) neutral, 4) agree, 5) strongly agree",2,True,recode,0
80cd26a0-72dd-4038-b817-5946d7b404b5,prca02,likert5,2) disagree,2,True,recode,1
80cd26a0-72dd-4038-b817-5946d7b404b5,prca03,likert5,4) agree,4,True,recode,0
80cd26a0-72dd-4038-b817-5946d7b404b5,prca04,likert5,3) neutral,2,True,recode,1
80cd26a0-72dd-4038-b817-5946d7b404b5,prca05,likert5,3) neutral,4,True,recode,0
80cd26a0-72dd-4038-b817-5946d7b404b5,prca06,likert5,2) disagree,2,True,recode,1
80cd26a0-72dd-4038-b817-5946d7b404b5,prca13,likert5,2) disagree,4,True,recode,0
80cd26a0-72dd-4038-b817-5946d7b404b5,prca14,likert5,3) neutral,2,True,recode,1
80cd26a0-72dd-4038-b817-5946d7b404b5,prca15,likert5,2) disagree,5,True,recode,0
80cd26a0-72dd-4038-b817-5946d7b404b5,prca16,likert5,3) neutral,2,True,recode,1
80cd26a0-72dd-4038-b817-5946d7b404b5,prca17,likert5,3) neutral,2,True,recode,1
80cd26a0-72dd-4038-b817-5946d7b404b5,prca18,likert5,4) agree,4,True,recode,0
06f45d1e-3265-442d-9916-f9ce4bd9d2b5,prca01,likert5,1) strongly disagree,1,True,recode,0
06f45d1e-3265-442d-9916-f9ce4bd9d2b5,prca02,likert5,3) neutral,2,True,recode,1
06f45d1e-3265-442d-9916-f9ce4bd9d2b5,prca03,likert5,1) strongly disagree,5,True,recode,0
06f45d1e-3265-442d-9916-f9ce4bd9d2b5,prca04,likert5,3) neutral,2,True,recode,1
06f45d1e-3265-442d-9916-f9ce4bd9d2b5,prca05,likert5,1) strongly disagree,4,True,recode,0
06f45d1e-3265-442d-9916-f9ce4bd9d2b5,prca06,likert5,2) disagree,1,True,recode,1
06f45d1e-3265-442d-9916-f9ce4bd9d2b5,prca13,likert5,3) neutral,4,True,recode,0
06f45d1e-3265-442d-9916-f9ce4bd9d2b5,prca14,likert5,3) neutral,2,True,recode,1
06f45d1e-3265-442d-9916-f9ce4bd9d2b5,prca15,likert5,1) strongly disagree,4,True,recode,0
06f45d1e-3265-442d-9916-f9ce4bd9d2b5,prca16,likert5,2) disagree,2,True,recode,1
06f45d1e-3265-442d-9916-f9ce4bd9d2b5,prca17,likert5,3) neutral,2,True,recode,1
06f45d1e-3265-442d-9916-f9ce4bd9d2b5,prca18,likert5,2) disagree,3,True,recode,0
db4c120a-9619-484d-8b1c-5b4d4783477b,prca01,likert5,3) neutral,4,True,recode,0
db4c120a-9619-484d-8b1c-5b4d4783477b,prca02,likert5,4) agree,1,True,recode,1
db4c120a-9619-484d-8b1c-5b4d4783477b,prca03,likert5,2) disagree,4,True,recode,0
db4c120a-9619-484d-8b1c-5b4d4783477b,prca04,likert5,4) agree,2,True,recode,1
db4c120a-9619-484d-8b1c-5b4d4783477b,prca05,likert5,2) disagree,5,True,recode,0
db4c120a-9619-484d-8b1c-5b4d4783477b,prca06,likert5,3) neutral,2,True,recode,1
db4c120a-9619-484d-8b1c-5b4d4783477b,prca13,likert5,3) neutral,4,True,recode,0
db4c120a-9619-484d-8b1c-5b4d4783477b,prca14,likert5,3) neutral,2,True,recode,1
db4c120a-9619-484d-8b1c-5b4d4783477b,prca15,likert5,3) neutral,5,True,recode,0
db4c120a-9619-484d-8b1c-5b4d4783477b,prca16,likert5,2) disagree,1,True,recode,1
db4c120a-9619-484d-8b1c-5b4d4783477b,prca17,likert5,3) neutral,2,True,recode,1
db4c120a-9619-484d-8b1c-5b4d4783477b,prca18,likert5,3) neutral,4,True,recode,0
3530da0c-2951-464a-98ba-601ed15834b0,prca01,likert5,3) neutral,5,True,recode,0
3530da0c-2951-464a-98ba-601ed15834b0,prca02,likert5,3) neutral,2,True,recode,1
3530da0c-2951-464a-98ba-601ed15834b0,prca03,likert5,1) strongly disagree,5,True,recode,0
3530da0c-2951-464a-98ba-601ed15834b0,prca04,likert5,2) disagree,1,True,recode,1
3530da0c-2951-464a-98ba-601ed15834b0,prca05,likert5,1) strongly disagree,4,True,recode,0
3530da0c-2951-464a-98ba-601ed15834b0,prca06,likert5,3) neutral,2,True,recode,1
3530da0c-2951-464a-98ba-601ed15834b0,prca13,likert5,3) neutral,4,True,recode,0
3530da0c-2951-464a-98ba-601ed15834b0,prca14,likert5,1) strongly disagree,1,True,recode,1
3530da0c-2951-464a-98ba-601ed15834b0,prca15,likert5,2) disagree,5,True,recode,0
3530da0c-2951-464a-98ba-601ed15834b0,prca16,likert5,2) disagree,3,True,recode,1
3530da0c-2951-464a-98ba-601ed15834b0,prca17,likert5,2) disagree,2,True,recode,1
3530da0c-2951-464a-98ba-601ed15834b0,prca18,likert5,4) agree,3,True,recode,0
86847b76-d22a-4467-b535-8feec91fb950,prca01,likert5,4) agree,5,True,recode,0
86847b76-d22a-4467-b535-8feec91fb950,prca02,likert5,3) neutral,2,True,recode,1
86847b76-d22a-4467-b535-8feec91fb950,prca03,likert5,2) disagree,5,True,recode,0
86847b76-d22a-4467-b535-8feec91fb950,prca04,likert5,3) neutral,1,True,recode,1
86847b76-d22a-4467-b535-8feec91fb950,prca05,likert5,3) neutral,4,True,recode,0
86847b76-d22a-4467-b535-8feec91fb950,prca06,likert5,4) agree,2,True,recode,1
86847b76-d22a-4467-b535-8feec91fb950,prca13,likert5,4) agree,5,True,recode,0
86847b76-d22a-4467-b535-8feec91fb950,prca14,likert5,5) strongly agree,3,True,recode,1
86847b76-d22a-4467-b535-8feec91fb950,prca15,likert5,3) neutral,1,True,recode,0
86847b76-d22a-4467-b535-8feec91fb950,prca16,likert5,3) neutral,2,True,recode,1
86847b76-d22a-4467-b535-8feec91fb950,prca17,likert5,3) neutral,2,True,recode,1
86847b76-d22a-4467-b535-8feec91fb950,prca18,likert5,2) disagree,4,True,recode,0
3aa2e920-fec4-4347-ac2b-f8659c59bd54,prca01,likert5,1) strongly disagree,5,True,recode,0
3aa2e920-fec4-4347-ac2b-f8659c59bd54,prca02,likert5,1) strongly disagree,2,True,recode,1
3aa2e920-fec4-4347-ac2b-f8659c59bd54,prca03,likert5,3) neutral,5,True,recode,0
3aa2e920-fec4-4347-ac2b-f8659c59bd54,prca04,likert5,3) neutral,2,True,recode,1
3aa2e920-fec4-4347-ac2b-f8659c59bd54,prca05,likert5,3) neutral,4,True,recode,0
3aa2e920-fec4-4347-ac2b-f8659c59bd54,prca06,likert5,3) neutral,2,True,recode,1
3aa2e920-fec4-4347-ac2b-f8659c59bd54,prca13,likert5,4) agree,4,True,recode,0
3aa2e920-fec4-4347-ac2b-f8659c59bd54,prca14,likert5,3) neutral,2,True,recode,1
3aa2e920-fec4-4347-ac2b-f8659c59bd54,prca15,likert5,2) disagree,3,True,recode,0
3aa2e920-fec4-4347-ac2b-f8659c59bd54,prca16,likert5,3) neutral,2,True,recode,1
3aa2e920-fec4-4347-ac2b-f8659c59bd54,prca17,likert5,3) neutral,2,True,recode,1
3aa2e920-fec4-4347-ac2b-f8659c59bd54,prca18,likert5,2) disagree,5,True,recode,0
36bcfb0d-1447-40fe-8809-9b8b54ea688b,prca01,likert5,1) strongly disagree,4,True,recode,0
36bcfb0d-1447-40fe-8809-9b8b54ea688b,prca02,likert5,3) neutral,2,True,recode,1
36bcfb0d-1447-40fe-8809-9b8b54ea688b,prca03,likert5,2) disagree,4,True,recode,0
36bcfb0d-1447-40fe-8809-9b8b54ea688b,prca04,likert5,3) neutral,1,True,recode,1
36bcfb0d-1447-40fe-8809-9b8b54ea688b,prca05,likert5,2) disagree,5,True,recode,0
36bcfb0d-1447-40fe-8809-9b8b54ea688b,prca06,likert5,3) neutral,2,True,recode,1
36bcfb0d-1447-40fe-8809-9b8b54ea688b,prca13,likert5,2) disagree,5,True,recode,0
36bcfb0d-1447-40fe-8809-9b8b54ea688b,prca14,likert5,3) neutral,2,True,recode,1
36bcfb0d-1447-40fe-8809-9b8b54ea688b,prca15,likert5,3) neutral,4,True,recode,0
36bcfb0d-1447-40fe-8809-9b8b54ea688b,prca16,likert5,2) disagree,2,True,recode,1
36bcfb0d-1447-40fe-8809-9b8b54ea688b,prca17,likert5,1) strongly disagree,1,True,recode,1
36bcfb0d-1447-40fe-8809-9b8b54ea688b,prca18,likert5,1) strongly disagree,5,True,recode,0
938f521d-39a5-467c-b703-39cd869c8ea5,prca01,likert5,1) strongly disagree,5,True,recode,0
938f521d-39a5-467c-b703-39cd869c8ea5,prca02,likert5,2) disagree,1,True,recode,1
938f521d-39a5-467c-b703-39cd869c8ea5,prca03,likert5,3) neutral,4,True,recode,0
938f521d-39a5-467c-b703-39cd869c8ea5,prca04,likert5,3) neutral,2,True,recode,1
938f521d-39a5-467c-b703-39cd869c8ea5,prca05,likert5,1) strongly disagree,5,True,recode,0
938f521d-39a5-467c-b703-39cd869c8ea5,prca06,likert5,4) agree,2,True,recode,1
938f521d-39a5-467c-b703-39cd869c8ea5,prca13,likert5,3) neutral,4,True,recode,0
938f521d-39a5-467c-b703-39cd869c8ea5,prca14,likert5,3) neutral,2,True,recode,1
938f521d-39a5-467c-b703-39cd869c8ea5,prca15,likert5,1) strongly disagree,4,True,recode,0
938f521d-39a5-467c-b703-39cd869c8ea5,prca16,likert5,2) disagree,1,True,recode,1
938f521d-39a5-467c-b703-39cd869c8ea5,prca17,likert5,2) disagree,3,True,recode,1
938f521d-39a5-467c-b703-39cd869c8ea5,prca18,likert5,3) neutral,4,True,recode,0
72712f1a-fbdd-4bc0-8123-d7e2c4732e30,prca01,likert5,3) neutral,4,True,recode,0
72712f1a-fbdd-4bc0-8123-d7e2c4732e30,prca02,likert5,4) agree,1,True,recode,1
72712f1a-fbdd-4bc0-8123-d7e2c4732e30,prca03,likert5,1) strongly disagree,5,True,recode,0
72712f1a-fbdd-4bc0-8123-d7e2c4732e30,prca04,likert5,2) disagree,2,True,recode,1
72712f1a-fbdd-4bc0-8123-d7e2c4732e30,prca05,likert5,3) neutral,4,True,recode,0
72712f1a-fbdd-4bc0-8123-d7e2c4732e30,prca06,likert5,3) neutral,2,True,recode,1
72712f1a-fbdd-4bc0-8123-d7e2c4732e30,prca13,likert5,3) neutral,4,True,recode,0
72712f1a-fbdd-4bc0-8123-d7e2c4732e30,prca14,likert5,3) neutral,2,True,recode,1
72712f1a-fbdd-4bc0-8123-d7e2c4732e30,prca15,likert5,2) disagree,4,True,recode,0
72712f1a-fbdd-4bc0-8123-d7e2c4732e30,prca16,likert5,4) agree,2,True,recode,1
72712f1a-fbdd-4bc0-8123-d7e2c4732e30,prca17,likert5,"1) strongly disagree, 3) neutral, 5) strongly agree",5,True,recode,1
72712f1a-fbdd-4bc0-8123-d7e2c4732e30,prca18,likert5,3) neutral,4,True,recode,0
c3dc526f-f19c-4556-a772-e0ece6bef401,prca01,likert5,1) strongly disagree,4,True,recode,0
c3dc526f-f19c-4556-a772-e0ece6bef401,prca02,likert5,4) agree,1,True,recode,1
c3dc526f-f19c-4556-a772-e0ece6bef401,prca03,likert5,3) neutral,4,True,recode,0
c3dc526f-f19c-4556-a772-e0ece6bef401,prca04,likert5,3) neutral,1,True,recode,1
c3dc526f-f19c-4556-a772-e0ece6bef401,prca05,likert5,2) disagree,5,True,recode,0
c3dc526f-f19c-4556-a772-e0ece6bef401,prca06,likert5,1) strongly disagree,1,True,recode,1
c3dc526f-f19c-4556-a772-e0ece6bef401,prca13,likert5,4) agree,5,True,recode,0
c3dc526f-f19c-4556-a772-e0ece6bef401,prca14,likert5,3) neutral,2,True,recode,1
c3dc526f-f19c-4556-a772-e0ece6bef401,prca15,likert5,4) agree,4,True,recode,0
c3dc526f-f19c-4556-a772-e0ece6bef401,prca16,likert5,4) agree,1,True,recode,1
c3dc526f-f19c-4556-a772-e0ece6bef401,prca17,likert5,3) neutral,3,True,recode,1
c3dc526f-f19c-4556-a772-e0ece6bef401,prca18,likert5,2) disagree,4,True,recode,0
3bffb39d-e322-41f3-be5e-93c463ee1bb9,prca01,likert5,2) disagree,5,True,recode,0
3bffb39d-e322-41f3-be5e-93c463ee1bb9,prca02,likert5,1) strongly disagree,1,True,recode,1
3bffb39d-e322-41f3-be5e-93c463ee1bb9,prca03,likert5,4) agree,5,True,recode,0
3bffb39d-e322-41f3-be5e-93c463ee1bb9,prca04,likert5,2) disagree,2,True,recode,1
3bffb39d-e322-41f3-be5e-93c463ee1bb9,prca05,likert5,1) strongly disagree,4,True,recode,0
3bffb39d-e322-41f3-be5e-93c463ee1bb9,prca06,likert5,4) agree,2,True,recode,1
3bffb39d-e322-41f3-be5e-93c463ee1bb9,prca13,likert5,3) neutral,4,True,recode,0
3bffb39d-e322-41f3-be5e-93c463ee1bb9,prca14,likert5,3) neutral,2,True,recode,1
3bffb39d-e322-41f3-be5e-93c463ee1bb9,prca15,likert5,2) disagree,5,True,recode,0
3bffb39d-e322-41f3-be5e-93c463ee1bb9,prca16,likert5,2) disagree,1,True,recode,1
3bffb39d-e322-41f3-be5e-93c463ee1bb9,prca17,likert5,1) strongly disagree,1,True,recode,1
3bffb39d-e322-41f3-be5e-93c463ee1bb9,prca18,likert5,4) agree,4,True,recode,0
48b78bd6-4025-4a53-96c6-6d8271fb7154,prca01,likert5,3) neutral,2,True,recode,0
48b78bd6-4025-4a53-96c6-6d8271fb7154,prca02,likert5,3) neutral,2,True,recode,1
48b78bd6-4025-4a53-96c6-6d8271fb7154,prca03,likert5,4) agree,5,True,recode,0
48b78bd6-4025-4a53-96c6-6d8271fb7154,prca04,likert5,3) neutral,2,True,recode,1
48b78bd6-4025-4a53-96c6-6d8271fb7154,prca05,likert5,3) neutral,5,True,recode,0
48b78bd6-4025-4a53-96c6-6d8271fb7154,prca06,likert5,4) agree,2,True,recode,1
48b78bd6-4025-4a53-96c6-6d8271fb7154,prca13,likert5,3) neutral,4,True,recode,0
48b78bd6-4025-4a53-96c6-6d8271fb7154,prca14,likert5,3) neutral,2,True,recode,1
48b78bd6-4025-4a53-96c6-6d8271fb7154,prca15,likert5,4) agree,4,True,recode,0
48b78bd6-4025-4a53-96c6-6d8271fb7154,prca16,likert5,4) agree,1,True,recode,1
48b78bd6-4025-4a53-96c6-6d8271fb7154,prca17,likert5,1) strongly disagree,1,True,recode,1
48b78bd6-4025-4a53-96c6-6d8271fb7154,prca18,likert5,3) neutral,4,True,recode,0
2a67629d-9b8c-4842-bfea-116c8401d500,prca01,likert5,3) neutral,4,True,recode,0
2a67629d-9b8c-4842-bfea-116c8401d500,prca02,likert5,4) agree,2,True,recode,1
2a67629d-9b8c-4842-bfea-116c8401d500,prca03,likert5,1) strongly disagree,5,True,recode,0
2a67629d-9b8c-4842-bfea-116c8401d500,prca04,likert5,3) neutral,2,True,recode,1
2a67629d-9b8c-4842-bfea-116c8401d500,prca05,likert5,3) neutral,4,True,recode,0
2a67629d-9b8c-4842-bfea-116c8401d500,prca06,likert5,2) disagree,2,True,recode,1
2a67629d-9b8c-4842-bfea-116c8401d500,prca13,likert5,2) disagree,1,True,recode,0
2a67629d-9b8c-4842-bfea-116c8401d500,prca14,likert5,4) agree,1,True,recode,1
2a67629d-9b8c-4842-bfea-116c8401d500,prca15,likert5,4) agree,4,True,recode,0
2a67629d-9b8c-4842-bfea-116c8401d500,prca16,likert5,3) neutral,2,True,recode,1
2a67629d-9b8c-4842-bfea-116c8401d500,prca17,likert5,2) disagree,2,True,recode,1
2a67629d-9b8c-4842-bfea-116c8401d500,prca18,likert5,4) agree,5,True,recode,0
6f7e0442-86b8-49da-ade5-06c875c51431,prca01,likert5,1) strongly disagree,1,True,recode,0
6f7e0442-86b8-49da-ade5-06c875c51431,prca02,likert5,3) neutral,2,True,recode,1
6f7e0442-86b8-49da-ade5-06c875c51431,prca03,likert5,3) neutral,4,True,recode,0
6f7e0442-86b8-49da-ade5-06c875c51431,prca04,likert5,2) disagree,2,True,recode,1
6f7e0442-86b8-49da-ade5-06c875c51431,prca05,likert5,3) neutral,4,True,recode,0
6f7e0442-86b8-49da-ade5-06c875c51431,prca06,likert5,3) neutral,2,True,recode,1
6f7e0442-86b8-49da-ade5-06c875c51431,prca13,likert5,3) neutral,4,True,recode,0
6f7e0442-86b8-49da-ade5-06c875c51431,prca14,likert5,5) strongly agree,2,True,recode,1
6f7e0442-86b8-49da-ade5-06c875c51431,prca15,likert5,1) strongly disagree,4,True,recode,0
6f7e0442-86b8-49da-ade5-06c875c51431,prca16,likert5,4) agree,2,True,recode,1
6f7e0442-86b8-49da-ade5-06c875c51431,prca17,likert5,3) neutral,2,True,recode,1
6f7e0442-86b8-49da-ade5-06c875c51431,prca18,likert5,1) strongly disagree,5,True,recode,0
eb1b26d3-92eb-4394-b518-724f9c0d2122,prca01,likert5,3) neutral,4,True,recode,0
eb1b26d3-92eb-4394-b518-724f9c0d2122,prca02,likert5,4) agree,2,True,recode,1
eb1b26d3-92eb-4394-b518-724f9c0d2122,prca03,likert5,2) disagree,4,True,recode,0
eb1b26d3-92eb-4394-b518-724f9c0d2122,prca04,likert5,2) disagree,1,True,recode,1
eb1b26d3-92eb-4394-b518-724f9c0d2122,prca05,likert5,1) strongly disagree,5,True,recode,0
eb1b26d3-92eb-4394-b518-724f9c0d2122,prca06,likert5,4) agree,1,True,recode,1
eb1b26d3-92eb-4394-b518-724f9c0d2122,prca13,likert5,2) disagree,5,True,recode,0
eb1b26d3-92eb-4394-b518-724f9c0d2122,prca14,likert5,3) neutral,2,True,recode,1
eb1b26d3-92eb-4394-b518-724f9c0d2122,prca15,likert5,2) disagree,5,True,recode,0
eb1b26d3-92eb-4394-b518-724f9c0d2122,prca16,likert5,3) neutral,2,True,recode,1
eb1b26d3-92eb-4394-b518-724f9c0d2122,prca17,likert5,3) neutral,2,True,recode,1
eb1b26d3-92eb-4394-b518-724f9c0d2122,prca18,likert5,3) neutral,5,True,recode,0
b1d78d80-c112-451c-a78a-9b7b14f3cfa1,prca01,likert5,3) neutral,4,True,recode,0
b1d78d80-c112-451c-a78a-9b7b14f3cfa1,prca02,likert5,3) neutral,2,True,recode,1
b1d78d80-c112-451c-a78a-9b7b14f3cfa1,prca03,likert5,4) agree,4,True,recode,0
b1d78d80-c112-451c-a78a-9b7b14f3cfa1,prca04,likert5,3) neutral,2,True,recode,1
b1d78d80-c112-451c-a78a-9b7b14f3cfa1,prca05,likert5,2) disagree,5,True,recode,0
b1d78d80-c112-451c-a78a-9b7b14f3cfa1,prca06,likert5,3) neutral,2,True,recode,1
b1d78d80-c112-451c-a78a-9b7b14f3cfa1,prca13,likert5,4) agree,4,True,recode,0
b1d78d80-c112-451c-a78a-9b7b14f3cfa1,prca14,likert5,1) strongly disagree,2,True,recode,1
b1d78d80-c112-451c-a78a-9b7b14f3cfa1,prca15,likert5,3) neutral,4,True,recode,0
b1d78d80-c112-451c-a78a-9b7b14f3cfa1,prca16,likert5,2) disagree,2,True,recode,1
b1d78d80-c112-451c-a78a-9b7b14f3cfa1,prca17,likert5,4) agree,2,True,recode,1
b1d78d80-c112-451c-a78a-9b7b14f3cfa1,prca18,likert5,3) neutral,4,True,recode,0
db60d5cd-638a-40b7-b4a9-161e74183f1f,prca01,likert5,3) neutral,4,True,recode,0
db60d5cd-638a-40b7-b4a9-161e74183f1f,prca02,likert5,2) disagree,1,True,recode,1
db60d5cd-638a-40b7-b4a9-161e74183f1f,prca03,likert5,3) neutral,4,True,recode,0
db60d5cd-638a-40b7-b4a9-161e74183f1f,prca04,likert5,4) agree,1,True,recode,1
db60d5cd-638a-40b7-b4a9-161e74183f1f,prca05,likert5,3) neutral,4,True,recode,0
db60d5cd-638a-40b7-b4a9-161e74183f1f,prca06,likert5,2) disagree,5,True,recode,1
db60d5cd-638a-40b7-b4a9-161e74183f1f,prca13,likert5,3) neutral,5,True,recode,0
db60d5cd-638a-40b7-b4a9-161e74183f1f,prca14,likert5,5) strongly agree,3,True,recode,1
db60d5cd-638a-40b7-b4a9-161e74183f1f,prca15,likert5,2) disagree,5,True,recode,0
db60d5cd-638a-40b7-b4a9-161e74183f1f,prca16,likert5,5) strongly agree,3,True,recode,1
db60d5cd-638a-40b7-b4a9-161e74183f1f,prca17,likert5,3) neutral,2,True,recode,1
db60d5cd-638a-40b7-b4a9-161e74183f1f,prca18,likert5,1) strongly disagree,4,True,recode,0
99c7aa74-d6b9-44bf-8920-5000f8429df9,prca01,likert5,4) agree,4,True,recode,0
99c7aa74-d6b9-44bf-8920-5000f8429df9,prca02,likert5,1) strongly disagree,2,True,recode,1
99c7aa74-d6b9-44bf-8920-5000f8429df9,prca03,likert5,3) neutral,4,True,recode,0
99c7aa74-d6b9-44bf-8920-5000f8429df9,prca04,likert5,4) agree,2,True,recode,1
99c7aa74-d6b9-44bf-8920-5000f8429df9,prca05,likert5,1) strongly disagree,5,True,recode,0
99c7aa74-d6b9-44bf-8920-5000f8429df9,prca06,likert5,4) agree,1,True,recode,1
99c7aa74-d6b9-44bf-8920-5000f8429df9,prca13,likert5,2) disagree,5,True,recode,0
99c7aa74-d6b9-44bf-8920-5000f8429df9,prca14,likert5,1) strongly disagree,2,True,recode,1
99c7aa74-d6b9-44bf-8920-5000f8429df9,prca15,likert5,2) disagree,4,True,recode,0
99c7aa74-d6b9-44bf-8920-5000f8429df9,prca16,likert5,3) neutral,2,True,recode,1
99c7aa74-d6b9-44bf-8920-5000f8429df9,prca17,likert5,3) neutral,2,True,recode,1
99c7aa74-d6b9-44bf-8920-5000f8429df9,prca18,likert5,1) strongly disagree,3,True,recode,0
b94dfa50-a9b2-47ed-89a0-318e504b9026,prca01,likert5,1) strongly disagree,5,True,recode,0
b94dfa50-a9b2-47ed-89a0-318e504b9026,prca02,likert5,4) agree,1,True,recode,1
b94dfa50-a9b2-47ed-89a0-318e504b9026,prca03,likert5,2) disagree,5,True,recode,0
b94dfa50-a9b2-47ed-89a0-318e504b9026,prca04,likert5,3) neutral,2,True,recode,1
b94dfa50-a9b2-47ed-89a0-318e504b9026,prca05,likert5,2) disagree,4,True,recode,0
b94dfa50-a9b2-47ed-89a0-318e504b9026,prca06,likert5,2) disagree,4,True,recode,1
b94dfa50-a9b2-47ed-89a0-318e504b9026,prca13,likert5,3) neutral,4,True,recode,0
b94dfa50-a9b2-47ed-89a0-318e504b9026,prca14,likert5,3) neutral,2,True,recode,1
b94dfa50-a9b2-47ed-89a0-318e504b9026,prca15,likert5,3) neutral,4,True,recode,0
b94dfa50-a9b2-47ed-89a0-318e504b9026,prca16,likert5,3) neutral,1,True,recode,1
b94dfa50-a9b2-47ed-89a0-318e504b9026,prca17,likert5,3) neutral,2,True,recode,1
b94dfa50-a9b2-47ed-89a0-318e504b9026,prca18,likert5,1) strongly disagree,5,True,recode,0
74947b86-92e7-4beb-9f7a-0876d687deba,prca01,likert5,3) neutral,4,True,recode,0
74947b86-92e7-4beb-9f7a-0876d687deba,prca02,likert5,4) agree,4,True,recode,1
74947b86-92e7-4beb-9f7a-0876d687deba,prca03,likert5,2) disagree,1,True,recode,0
74947b86-92e7-4beb-9f7a-0876d687deba,prca04,likert5,3) neutral,2,True,recode,1
74947b86-92e7-4beb-9f7a-0876d687deba,prca05,likert5,3) neutral,4,True,recode,0
74947b86-92e7-4beb-9f7a-0876d687deba,prca06,likert5,2) disagree,2,True,recode,1
74947b86-92e7-4beb-9f7a-0876d687deba,prca13,likert5,3) neutral,5,True,recode,0
74947b86-92e7-4beb-9f7a-0876d687deba,prca14,likert5,3) neutral,1,True,recode,1
74947b86-92e7-4beb-9f7a-0876d687deba,prca15,likert5,4) agree,4,True,recode,0
74947b86-92e7-4beb-9f7a-0876d687deba,prca16,likert5,3) neutral,2,True,recode,1
74947b86-92e7-4beb-9f7a-0876d687deba,prca17,likert5,4) agree,5,True,recode,1
74947b86-92e7-4beb-9f7a-0876d687deba,prca18,likert5,4) agree,5,True,recode,0
2cbe866d-adb6-4f2f-abb2-cacd7fde3ab5,prca01,likert5,1) strongly disagree,5,True,recode,0
2cbe866d-adb6-4f2f-abb2-cacd7fde3ab5,prca02,likert5,"1) strongly disagree, 2) disagree, 3) neutral, 4) agree, 5) strongly agree",3,True,recode,1
2cbe866d-adb6-4f2f-abb2-cacd7fde3ab5,prca03,likert5,3) neutral,4,True,recode,0
2cbe866d-adb6-4f2f-abb2-cacd7fde3ab5,prca04,likert5,3) neutral,2,True,recode,1
2cbe866d-adb6-4f2f-abb2-cacd7fde3ab5,prca05,likert5,1) strongly disagree,5,True,recode,0
2cbe866d-adb6-4f2f-abb2-cacd7fde3ab5,prca06,likert5,3) neutral,2,True,recode,1
2cbe866d-adb6-4f2f-abb2-cacd7fde3ab5,prca13,likert5,1) strongly disagree,5,True,recode,0
2cbe866d-adb6-4f2f-abb2-cacd7fde3ab5,prca14,likert5,4) agree,1,True,recode,1
2cbe866d-adb6-4f2f-abb2-cacd7fde3ab5,prca15,likert5,2) disagree,5,True,recode,0
2cbe866d-adb6-4f2f-abb2-cacd7fde3ab5,prca16,likert5,3) neutral,2,True,recode,1
2cbe866d-adb6-4f2f-abb2-cacd7fde3ab5,prca17,likert5,3) neutral,2,True,recode,1
2cbe866d-adb6-4f2f-abb2-cacd7fde3ab5,prca18,likert5,3) neutral,4,True,recode,0
d440c6dd-4ae8-44bc-9b69-329664c34078,prca01,likert5,3) neutral,4,True,recode,0
d440c6dd-4ae8-44bc-9b69-329664c34078,prca02,likert5,4) agree,2,True,recode,1
d440c6dd-4ae8-44bc-9b69-329664c34078,prca03,likert5,1) strongly disagree,5,True,recode,0
d440c6dd-4ae8-44bc-9b69-329664c34078,prca04,likert5,2) disagree,2,True,recode,1
d440c6dd-4ae8-44bc-9b69-329664c34078,prca05,likert5,3) neutral,4,True,recode,0
d440c6dd-4ae8-44bc-9b69-329664c34078,prca06,likert5,4) agree,2,True,recode,1
d440c6dd-4ae8-44bc-9b69-329664c34078,prca13,likert5,3) neutral,4,True,recode,0
d440c6dd-4ae8-44bc-9b69-329664c34078,prca14,likert5,4) agree,1,True,recode,1
d440c6dd-4ae8-44bc-9b69-329664c34078,prca15,likert5,3) neutral,4,True,recode,0
d440c6dd-4ae8-44bc-9b69-329664c34078,prca16,likert5,2) disagree,1,True,recode,1
d440c6dd-4ae8-44bc-9b69-329664c34078,prca17,likert5,1) strongly disagree,1,True,recode,1
d440c6dd-4ae8-44bc-9b69-329664c34078,prca18,likert5,3) neutral,4,True,recode,0
543bf0bf-1fef-4067-ac44-7b7e88dc8197,prca01,likert5,2) disagree,4,True,recode,0
543bf0bf-1fef-4067-ac44-7b7e88dc8197,prca02,likert5,2) disagree,2,True,recode,1
543bf0bf-1fef-4067-ac44-7b7e88dc8197,prca03,likert5,1) strongly disagree,4,True,recode,0
543bf0bf-1fef-4067-ac44-7b7e88dc8197,prca04,likert5,5) strongly agree,3,True,recode,1
543bf0bf-1fef-4067-ac44-7b7e88dc8197,prca05,likert5,3) neutral,4,True,recode,0
543bf0bf-1fef-4067-ac44-7b7e88dc8197,prca06,likert5,3) neutral,2,True,recode,1
543bf0bf-1fef-4067-ac44-7b7e88dc8197,prca13,likert5,3) neutral,4,True,recode,0
543bf0bf-1fef-4067-ac44-7b7e88dc8197,prca14,likert5,4) agree,2,True,recode,1
543bf0bf-1fef-4067-ac44-7b7e88dc8197,prca15,likert5,4) agree,4,True,recode,0
543bf0bf-1fef-4067-ac44-7b7e88dc8197,prca16,likert5,4) agree,1,True,recode,1
543bf0bf-1fef-4067-ac44-7b7e88dc8197,prca17,likert5,3) neutral,2,True,recode,1
543bf0bf-1fef-4067-ac44-7b7e88dc8197,prca18,likert5,3) neutral,4,True,recode,0
333e9320-9fac-4a97-a244-6d6407d95f7c,prca01,likert5,3) neutral,4,True,recode,0
333e9320-9fac-4a97-a244-6d6407d95f7c,prca02,likert5,2) disagree,2,True,recode,1
333e9320-9fac-4a97-a244-6d6407d95f7c,prca03,likert5,4) agree,5,True,recode,0
333e9320-9fac-4a97-a244-6d6407d95f7c,prca04,likert5,3) neutral,2,True,recode,1
333e9320-9fac-4a97-a244-6d6407d95f7c,prca05,likert5,2) disagree,3,True,recode,0
333e9320-9fac-4a97-a244-6d6407d95f7c,prca06,likert5,3) neutral,2,True,recode,1
333e9320-9fac-4a97-a244-6d6407d95f7c,prca13,likert5,4) agree,4,True,recode,0
333e9320-9fac-4a97-a244-6d6407d95f7c,prca14,likert5,3) neutral,2,True,recode,1
333e9320-9fac-4a97-a244-6d6407d95f7c,prca15,likert5,3) neutral,4,True,recode,0
333e9320-9fac-4a97-a244-6d6407d95f7c,prca16,likert5,4) agree,1,True,recode,1
333e9320-9fac-4a97-a244-6d6407d95f7c,prca17,likert5,4) agree,2,True,recode,1
333e9320-9fac-4a97-a244-6d6407d95f7c,prca18,likert5,3) neutral,5,True,recode,0
51ab635e-6690-4394-8065-024ddf69e632,prca01,likert5,4) agree,5,True,recode,0
51ab635e-6690-4394-8065-024ddf69e632,prca02,likert5,3) neutral,1,True,recode,1
51ab635e-6690-4394-8065-024ddf69e632,prca03,likert5,4) agree,4,True,recode,0
51ab635e-6690-4394-8065-024ddf69e632,prca04,likert5,2) disagree,1,True,recode,1
51ab635e-6690-4394-8065-024ddf69e632,prca05,likert5,2) disagree,4,True,recode,0
51ab635e-6690-4394-8065-024ddf69e632,prca06,likert5,1) strongly disagree,1,True,recode,1
51ab635e-6690-4394-8065-024ddf69e632,prca13,likert5,3) neutral,4,True,recode,0
51ab635e-6690-4394-8065-024ddf69e632,prca14,likert5,2) disagree,2,True,recode,1
51ab635e-6690-4394-8065-024ddf69e632,prca15,likert5,1) strongly disagree,5,True,recode,0
51ab635e-6690-4394-8065-024ddf69e632,prca16,likert5,3) neutral,1,True,recode,1
51ab635e-6690-4394-8065-024ddf69e632,prca17,likert5,2) disagree,4,True,recode,1
51ab635e-6690-4394-8065-024ddf69e632,prca18,likert5,3) neutral,4,True,recode,0
df063035-3444-4da9-98cf-bbc8bd0cbe5a,prca01,likert5,3) neutral,5,True,recode,0
df063035-3444-4da9-98cf-bbc8bd0cbe5a,prca02,likert5,2) disagree,2,True,recode,1
df063035-3444-4da9-98cf-bbc8bd0cbe5a,prca03,likert5,2) disagree,4,True,recode,0
df063035-3444-4da9-98cf-bbc8bd0cbe5a,prca04,likert5,3) neutral,2,True,recode,1
df063035-3444-4da9-98cf-bbc8bd0cbe5a,prca05,likert5,3) neutral,4,True,recode,0
df063035-3444-4da9-98cf-bbc8bd0cbe5a,prca06,likert5,3) neutral,1,True,recode,1
df063035-3444-4da9-98cf-bbc8bd0cbe5a,prca13,likert5,3) neutral,4,True,recode,0
df063035-3444-4da9-98cf-bbc8bd0cbe5a,prca14,likert5,3) neutral,2,True,recode,1
df063035-3444-4da9-98cf-bbc8bd0cbe5a,prca15,likert5,1) strongly disagree,1,True,recode,0
df063035-3444-4da9-98cf-bbc8bd0cbe5a,prca16,likert5,3) neutral,1,True,recode,1
df063035-3444-4da9-98cf-bbc8bd0cbe5a,prca17,likert5,4) agree,2,True,recode,1
df063035-3444-4da9-98cf-bbc8bd0cbe5a,prca18,likert5,2) disagree,4,True,recode,0
cd0a8d1a-bc18-44a8-aa2b-e9c3a04fef2e,prca01,likert5,3) neutral,4,True,recode,0
cd0a8d1a-bc18-44a8-aa2b-e9c3a04fef2e,prca02,likert5,3) neutral,1,True,recode,1
cd0a8d1a-bc18-44a8-aa2b-e9c3a04fef2e,prca03,likert5,4) agree,4,True,recode,0
cd0a8d1a-bc18-44a8-aa2b-e9c3a04fef2e,prca04,likert5,4) agree,1,True,recode,1
cd0a8d1a-bc18-44a8-aa2b-e9c3a04fef2e,prca05,likert5,3) neutral,4,True,recode,0
cd0a8d1a-bc18-44a8-aa2b-e9c3a04fef2e,prca06,likert5,3) neutral,2,True,recode,1
cd0a8d1a-bc18-44a8-aa2b-e9c3a04fef2e,prca13,likert5,3) neutral,4,True,recode,0
cd0a8d1a-bc18-44a8-aa2b-e9c3a04fef2e,prca14,likert5,3) neutral,1,True,recode,1
cd0a8d1a-bc18-44a8-aa2b-e9c3a04fef2e,prca15,likert5,4) agree,5,True,recode,0
cd0a8d1a-bc18-44a8-aa2b-e9c3a04fef2e,prca16,likert5,1) strongly disagree,1,True,recode,1
cd0a8d1a-bc18-44a8-aa2b-e9c3a04fef2e,prca17,likert5,3) neutral,2,True,recode,1
cd0a8d1a-bc18-44a8-aa2b-e9c3a04fef2e,prca18,likert5,3) neutral,3,True,recode,0
6c89c9c8-96b9-48a2-8e85-403a974e37a0,prca01,likert5,3) neutral,4,True,recode,0
6c89c9c8-96b9-48a2-8e85-403a974e37a0,prca02,likert5,2) disagree,2,True,recode,1
6c89c9c8-96b9-48a2-8e85-403a974e37a0,prca03,likert5,2) disagree,4,True,recode,0
6c89c9c8-96b9-48a2-8e85-403a974e37a0,prca04,likert5,3) neutral,2,True,recode,1
6c89c9c8-96b9-48a2-8e85-403a974e37a0,prca05,likert5,4) agree,5,True,recode,0
6c89c9c8-96b9-48a2-8e85-403a974e37a0,prca06,likert5,3) neutral,2,True,recode,1
6c89c9c8-96b9-48a2-8e85-403a974e37a0,prca13,likert5,3) neutral,4,True,recode,0
6c89c9c8-96b9-48a2-8e85-403a974e37a0,prca14,likert5,3) neutral,2,True,recode,1
6c89c9c8-96b9-48a2-8e85-403a974e37a0,prca15,likert5,4) agree,4,True,recode,0
6c89c9c8-96b9-48a2-8e85-403a974e37a0,prca16,likert5,2) disagree,1,True,recode,1
6c89c9c8-96b9-48a2-8e85-403a974e37a0,prca17,likert5,3) neutral,1,True,recode,1
6c89c9c8-96b9-48a2-8e85-403a974e37a0,prca18,likert5,4) agree,4,True,recode,0
3648c30c-afcd-46cb-9810-013afae299b2,prca01,likert5,2) disagree,4,True,recode,0
3648c30c-afcd-46cb-9810-013afae299b2,prca02,likert5,4) agree,5,True,recode,1
3648c30c-afcd-46cb-9810-013afae299b2,prca03,likert5,2) disagree,3,True,recode,0
3648c30c-afcd-46cb-9810-013afae299b2,prca04,likert5,3) neutral,3,True,recode,1
3648c30c-afcd-46cb-9810-013afae299b2,prca05,likert5,1) strongly disagree,5,True,recode,0
3648c30c-afcd-46cb-9810-013afae299b2,prca06,likert5,3) neutral,1,True,recode,1
3648c30c-afcd-46cb-9810-013afae299b2,prca13,likert5,2) disagree,4,True,recode,0
3648c30c-afcd-46cb-9810-013afae299b2,prca14,likert5,3) neutral,2,True,recode,1
3648c30c-afcd-46cb-9810-013afae299b2,prca15,likert5,4) agree,5,True,recode,0
3648c30c-afcd-46cb-9810-013afae299b2,prca16,likert5,2) disagree,2,True,recode,1
3648c30c-afcd-46cb-9810-013afae299b2,prca17,likert5,2) disagree,2,True,recode,1
3648c30c-afcd-46cb-9810-013afae299b2,prca18,likert5,2) disagree,4,True,recode,0
041b592b-6e19-4f2f-a59b-6a26583509a7,prca01,likert5,1) strongly disagree,4,True,recode,0
041b592b-6e19-4f2f-a59b-6a26583509a7,prca02,likert5,2) disagree,2,True,recode,1
041b592b-6e19-4f2f-a59b-6a26583509a7,prca03,likert5,3) neutral,4,True,recode,0
041b592b-6e19-4f2f-a59b-6a26583509a7,prca04,likert5,4) agree,2,True,recode,1
041b592b-6e19-4f2f-a59b-6a26583509a7,prca05,likert5,3) neutral,4,True,recode,0
041b592b-6e19-4f2f-a59b-6a26583509a7,prca06,likert5,3) neutral,2,True,recode,1
041b592b-6e19-4f2f-a59b-6a26583509a7,prca13,likert5,3) neutral,4,True,recode,0
041b592b-6e19-4f2f-a59b-6a26583509a7,prca14,likert5,3) neutral,2,True,recode,1
041b592b-6e19-4f2f-a59b-6a26583509a7,prca15,likert5,4) agree,4,True,recode,0
041b592b-6e19-4f2f-a59b-6a26583509a7,prca16,likert5,3) neutral,2,True,recode,1
041b592b-6e19-4f2f-a59b-6a26583509a7,prca17,likert5,4) agree,1,True,recode,1
041b592b-6e19-4f2f-a59b-6a26583509a7,prca18,likert5,1) strongly disagree,5,True,recode,0
dea66cf3-8348-40d8-8153-9084362ca97c,prca01,likert5,3) neutral,4,True,recode,0
dea66cf3-8348-40d8-8153-9084362ca97c,prca02,likert5,3) neutral,2,True,recode,1
dea66cf3-8348-40d8-8153-9084362ca97c,prca03,likert5,3) neutral,4,True,recode,0
dea66cf3-8348-40d8-8153-9084362ca97c,prca04,likert5,2) disagree,3,True,recode,1
dea66cf3-8348-40d8-8153-9084362ca97c,prca05,likert5,1) strongly disagree,5,True,recode,0
dea66cf3-8348-40d8-8153-9084362ca97c,prca06,likert5,3) neutral,2,True,recode,1
dea66cf3-8348-40d8-8153-9084362ca97c,prca13,likert5,2) disagree,4,True,recode,0
dea66cf3-8348-40d8-8153-9084362ca97c,prca14,likert5,1) strongly disagree,5,True,recode,1
dea66cf3-8348-40d8-8153-9084362ca97c,prca15,likert5,3) neutral,4,True,recode,0
dea66cf3-8348-40d8-8153-9084362ca97c,prca16,likert5,3) neutral,2,True,recode,1
dea66cf3-8348-40d8-8153-9084362ca97c,prca17,likert5,2) disagree,1,True,recode,1
dea66cf3-8348-40d8-8153-9084362ca97c,prca18,likert5,3) neutral,4,True,recode,0
fca5c6c0-74bc-46ae-bf8b-ba12ad72f327,prca01,likert5,4) agree,4,True,recode,0
fca5c6c0-74bc-46ae-bf8b-ba12ad72f327,prca02,likert5,1) strongly disagree,1,True,recode,1
fca5c6c0-74bc-46ae-bf8b-ba12ad72f327,prca03,likert5,2) disagree,5,True,recode,0
fca5c6c0-74bc-46ae-bf8b-ba12ad72f327,prca04,likert5,1) strongly disagree,2,True,recode,1
fca5c6c0-74bc-46ae-bf8b-ba12ad72f327,prca05,likert5,2) disagree,4,True,recode,0
fca5c6c0-74bc-46ae-bf8b-ba12ad72f327,prca06,likert5,2) disagree,3,True,recode,1
fca5c6c0-74bc-46ae-bf8b-ba12ad72f327,prca13,likert5,3) neutral,4,True,recode,0
fca5c6c0-74bc-46ae-bf8b-ba12ad72f327,prca14,likert5,3) neutral,2,True,recode,1
fca5c6c0-74bc-46ae-bf8b-ba12ad72f327,prca15,likert5,1) strongly disagree,5,True,recode,0
fca5c6c0-74bc-46ae-bf8b-ba12ad72f327,prca16,likert5,4) agree,2,True,recode,1
fca5c6c0-74bc-46ae-bf8b-ba12ad72f327,prca17,likert5,3) neutral,2,True,recode,1
fca5c6c0-74bc-46ae-bf8b-ba12ad72f327,prca18,likert5,4) agree,4,True,recode,0
d043be6a-6e0d-4f2b-9bbd-17cfb910e846,prca01,likert5,3) neutral,4,True,recode,0
d043be6a-6e0d-4f2b-9bbd-17cfb910e846,prca02,likert5,3) neutral,2,True,recode,1
d043be6a-6e0d-4f2b-9bbd-17cfb910e846,prca03,likert5,1) strongly disagree,1,True,recode,0
d043be6a-6e0d-4f2b-9bbd-17cfb910e846,prca04,likert5,4) agree,1,True,recode,1
d043be6a-6e0d-4f2b-9bbd-17cfb910e846,prca05,likert5,2) disagree,4,True,recode,0
d043be6a-6e0d-4f2b-9bbd-17cfb910e846,prca06,likert5,2) disagree,3,True,recode,1
d043be6a-6e0d-4f2b-9bbd-17cfb910e846,prca13,likert5,2) disagree,4,True,recode,0
d043be6a-6e0d-4f2b-9bbd-17cfb910e846,prca14,likert5,5) strongly agree,4,True,recode,1
d043be6a-6e0d-4f2b-9bbd-17cfb910e846,prca15,likert5,1) strongly disagree,3,True,recode,0
d043be6a-6e0d-4f2b-9bbd-17cfb910e846,prca16,likert5,4) agree,2,True,recode,1
d043be6a-6e0d-4f2b-9bbd-17cfb910e846,prca17,likert5,3) neutral,3,True,recode,1
d043be6a-6e0d-4f2b-9bbd-17cfb910e846,prca18,likert5,4) agree,4,True,recode,0
709a0be5-544f-4a1d-8276-8623e9809567,prca01,likert5,1) strongly disagree,5,True,recode,0
709a0be5-544f-4a1d-8276-8623e9809567,prca02,likert5,2) disagree,2,True,recode,1
709a0be5-544f-4a1d-8276-8623e9809567,prca03,likert5,2) disagree,4,True,recode,0
709a0be5-544f-4a1d-8276-8623e9809567,prca04,likert5,2) disagree,1,True,recode,1
709a0be5-544f-4a1d-8276-8623e9809567,prca05,likert5,3) neutral,4,True,recode,0
709a0be5-544f-4a1d-8276-8623e9809567,prca06,likert5,4) agree,2,True,recode,1
709a0be5-544f-4a1d-8276-8623e9809567,prca13,likert5,1) strongly disagree,5,True,recode,0
709a0be5-544f-4a1d-8276-8623e9809567,prca14,likert5,2) disagree,1,True,recode,1
709a0be5-544f-4a1d-8276-8623e9809567,prca15,likert5,1) strongly disagree,5,True,recode,0
709a0be5-544f-4a1d-8276-8623e9809567,prca16,likert5,2) disagree,2,True,recode,1
709a0be5-544f-4a1d-8276-8623e9809567,prca17,likert5,3) neutral,2,True,recode,1
709a0be5-544f-4a1d-8276-8623e9809567,prca18,likert5,2) disagree,4,True,recode,0
4ee0701a-1dac-40fc-b3ea-49a50bdf940b,prca01,likert5,2) disagree,5,True,recode,0
4ee0701a-1dac-40fc-b3ea-49a50bdf940b,prca02,likert5,4) agree,2,True,recode,1
4ee0701a-1dac-40fc-b3ea-49a50bdf940b,prca03,likert5,1) strongly disagree,5,True,recode,0
4ee0701a-1dac-40fc-b3ea-49a50bdf940b,prca04,likert5,3) neutral,2,True,recode,1
4ee0701a-1dac-40fc-b3ea-49a50bdf940b,prca05,likert5,2) disagree,4,True,recode,0
4ee0701a-1dac-40fc-b3ea-49a50bdf940b,prca06,likert5,3) neutral,2,True,recode,1
4ee0701a-1dac-40fc-b3ea-49a50bdf940b,prca13,likert5,1) strongly disagree,1,True,recode,0
4ee0701a-1dac-40fc-b3ea-49a50bdf940b,prca14,likert5,4) agree,1,True,recode,1
4ee0701a-1dac-40fc-b3ea-49a50bdf940b,prca15,likert5,2) disagree,4,True,recode,0
4ee0701a-1dac-40fc-b3ea-49a50bdf940b,prca16,likert5,1) strongly disagree,1,True,recode,1
4ee0701a-1dac-40fc-b3ea-49a50bdf940b,prca17,likert5,3) neutral,2,True,recode,1
4ee0701a-1dac-40fc-b3ea-49a50bdf940b,prca18,likert5,3) neutral,4,True,recode,0
2e915001-02de-4e32-8052-c1af6f5246c7,prca01,likert5,1) strongly disagree,5,True,recode,0
2e915001-02de-4e32-8052-c1af6f5246c7,prca02,likert5,1) strongly disagree,1,True,recode,1
2e915001-02de-4e32-8052-c1af6f5246c7,prca03,likert5,1) strongly disagree,5,True,recode,0
2e915001-02de-4e32-8052-c1af6f5246c7,prca04,likert5,2) disagree,2,True,recode,1
2e915001-02de-4e32-8052-c1af6f5246c7,prca05,likert5,3) neutral,4,True,recode,0
2e915001-02de-4e32-8052-c1af6f5246c7,prca06,likert5,3) neutral,2,True,recode,1
2e915001-02de-4e32-8052-c1af6f5246c7,prca13,likert5,3) neutral,4,True,recode,0
2e915001-02de-4e32-8052-c1af6f5246c7,prca14,likert5,4) agree,5,True,recode,1
2e915001-02de-4e32-8052-c1af6f5246c7,prca15,likert5,3) neutral,4,True,recode,0
2e915001-02de-4e32-8052-c1af6f5246c7,prca16,likert5,3) neutral,2,True,recode,1
2e915001-02de-4e32-8052-c1af6f5246c7,prca17,likert5,3) neutral,2,True,recode,1
2e915001-02de-4e32-8052-c1af6f5246c7,prca18,likert5,1) strongly disagree,5,True,recode,0
22b813a6-54fc-4a68-be77-dac676b7d631,prca01,likert5,3) neutral,5,True,recode,0
22b813a6-54fc-4a68-be77-dac676b7d631,prca02,likert5,4) agree,2,True,recode,1
22b813a6-54fc-4a68-be77-dac676b7d631,prca03,likert5,2) disagree,4,True,recode,0
22b813a6-54fc-4a68-be77-dac676b7d631,prca04,likert5,2) disagree,2,True,recode,1
22b813a6-54fc-4a68-be77-dac676b7d631,prca05,likert5,2) disagree,5,True,recode,0
22b813a6-54fc-4a68-be77-dac676b7d631,prca06,likert5,4) agree,2,True,recode,1
22b813a6-54fc-4a68-be77-dac676b7d631,prca13,likert5,2) disagree,4,True,recode,0
22b813a6-54fc-4a68-be77-dac676b7d631,prca14,likert5,3) neutral,2,True,recode,1
22b813a6-54fc-4a68-be77-dac676b7d631,prca15,likert5,3) neutral,5,True,recode,0
22b813a6-54fc-4a68-be77-dac676b7d631,prca16,likert5,3) neutral,2,True,recode,1
22b813a6-54fc-4a68-be77-dac676b7d631,prca17,likert5,3) neutral,2,True,recode,1
22b813a6-54fc-4a68-be77-dac676b7d631,prca18,likert5,3) neutral,4,True,recode,0
e9be6436-94ee-49c2-8795-f88c26910728,prca01,likert5,3) neutral,4,True,recode,0
e9be6436-94ee-49c2-8795-f88c26910728,prca02,likert5,1) strongly disagree,5,True,recode,1
e9be6436-94ee-49c2-8795-f88c26910728,prca03,likert5,3) neutral,4,True,recode,0
e9be6436-94ee-49c2-8795-f88c26910728,prca04,likert5,4) agree,2,True,recode,1
e9be6436-94ee-49c2-8795-f88c26910728,prca05,likert5,2) disagree,4,True,recode,0
e9be6436-94ee-49c2-8795-f88c26910728,prca06,likert5,3) neutral,2,True,recode,1
e9be6436-94ee-49c2-8795-f88c26910728,prca13,likert5,4) agree,5,True,recode,0
e9be6436-94ee-49c2-8795-f88c26910728,prca14,likert5,3) neutral,2,True,recode,1
e9be6436-94ee-49c2-8795-f88c26910728,prca15,likert5,1) strongly disagree,1,True,recode,0
e9be6436-94ee-49c2-8795-f88c26910728,prca16,likert5,3) neutral,2,True,recode,1
e9be6436-94ee-49c2-8795-f88c26910728,prca17,likert5,4) agree,2,True,recode,1
e9be6436-94ee-49c2-8795-f88c26910728,prca18,likert5,1) strongly disagree,5,True,recode,0
f80f7930-e5c8-4239-abf1-6edef3184d12,prca01,likert5,3) neutral,4,True,recode,0
f80f7930-e5c8-4239-abf1-6edef3184d12,prca02,likert5,2) disagree,1,True,recode,1
f80f7930-e5c8-4239-abf1-6edef3184d12,prca03,likert5,3) neutral,4,True,recode,0
f80f7930-e5c8-4239-abf1-6edef3184d12,prca04,likert5,1) strongly disagree,3,True,recode,1
f80f7930-e5c8-4239-abf1-6edef3184d12,prca05,likert5,3) neutral,4,True,recode,0
f80f7930-e5c8-4239-abf1-6edef3184d12,prca06,likert5,2) disagree,1,True,recode,1
f80f7930-e5c8-4239-abf1-6edef3184d12,prca13,likert5,3) neutral,4,True,recode,0
f80f7930-e5c8-4239-abf1-6edef3184d12,prca14,likert5,4) agree,2,True,recode,1
f80f7930-e5c8-4239-abf1-6edef3184d12,prca15,likert5,3) neutral,4,True,recode,0
f80f7930-e5c8-4239-abf1-6edef3184d12,prca16,likert5,3) neutral,2,True,recode,1
f80f7930-e5c8-4239-abf1-6edef3184d12,prca17,likert5,4) agree,2,True,recode,1
f80f7930-e5c8-4239-abf1-6edef3184d12,prca18,likert5,4) agree,4,True,recode,0
2e53f89e-0048-46d0-ad14-158daafdfe8b,prca01,likert5,3) neutral,4,True,recode,0
2e53f89e-0048-46d0-ad14-158daafdfe8b,prca02,likert5,2) disagree,2,True,recode,1
2e53f89e-0048-46d0-ad14-158daafdfe8b,prca03,likert5,1) strongly disagree,5,True,recode,0
2e53f89e-0048-46d0-ad14-158daafdfe8b,prca04,likert5,4) agree,2,True,recode,1
2e53f89e-0048-46d0-ad14-158daafdfe8b,prca05,likert5,1) strongly disagree,5,True,recode,0
2e53f89e-0048-46d0-ad14-158daafdfe8b,prca06,likert5,3) neutral,2,True,recode,1
2e53f89e-0048-46d0-ad14-158daafdfe8b,prca13,likert5,3) neutral,4,True,recode,0
2e53f89e-0048-46d0-ad14-158daafdfe8b,prca14,likert5,3) neutral,2,True,recode,1
2e53f89e-0048-46d0-ad14-158daafdfe8b,prca15,likert5,4) agree,4,True,recode,0
2e53f89e-0048-46d0-ad14-158daafdfe8b,prca16,likert5,3) neutral,2,True,recode,1
2e53f89e-0048-46d0-ad14-158daafdfe8b,prca17,likert5,3) neutral,1,True,recode,1
2e53f89e-0048-46d0-ad14-158daafdfe8b,prca18,likert5,2) disagree,4,True,recode,0
28bea544-6ae7-4207-95f1-3ed8f254205e,prca01,likert5,1) strongly disagree,5,True,recode,0
28bea544-6ae7-4207-95f1-3ed8f254205e,prca02,likert5,3) neutral,2,True,recode,1
28bea544-6ae7-4207-95f1-3ed8f254205e,prca03,likert5,1) strongly disagree,5,True,recode,0
28bea544-6ae7-4207-95f1-3ed8f254205e,prca04,likert5,3) neutral,2,True,recode,1
28bea544-6ae7-4207-95f1-3ed8f254205e,prca05,likert5,1) strongly disagree,5,True,recode,0
28bea544-6ae7-4207-95f1-3ed8f254205e,prca06,likert5,3) neutral,2,True,recode,1
28bea544-6ae7-4207-95f1-3ed8f254205e,prca13,likert5,1) strongly disagree,4,True,recode,0
28bea544-6ae7-4207-95f1-3ed8f254205e,prca14,likert5,2) disagree,1,True,recode,1
28bea544-6ae7-4207-95f1-3ed8f254205e,prca15,likert5,3) neutral,5,True,recode,0
28bea544-6ae7-4207-95f1-3ed8f254205e,prca16,likert5,2) disagree,2,True,recode,1
28bea544-6ae7-4207-95f1-3ed8f254205e,prca17,likert5,3) neutral,2,True,recode,1
28bea544-6ae7-4207-95f1-3ed8f254205e,prca18,likert5,3) neutral,4,True,recode,0
75ac09b9-9bbe-40bc-9d59-326e567830c4,prca01,likert5,4) agree,4,True,recode,0
75ac09b9-9bbe-40bc-9d59-326e567830c4,prca02,likert5,4) agree,3,True,recode,1
75ac09b9-9bbe-40bc-9d59-326e567830c4,prca03,likert5,1) strongly disagree,5,True,recode,0
75ac09b9-9bbe-40bc-9d59-326e567830c4,prca04,likert5,3) neutral,2,True,recode,1
75ac09b9-9bbe-40bc-9d59-326e567830c4,prca05,likert5,1) strongly disagree,5,True,recode,0
75ac09b9-9bbe-40bc-9d59-326e567830c4,prca06,likert5,3) neutral,2,True,recode,1
75ac09b9-9bbe-40bc-9d59-326e567830c4,prca13,likert5,1) strongly disagree,5,True,recode,0
75ac09b9-9bbe-40bc-9d59-326e567830c4,prca14,likert5,2) disagree,2,True,recode,1
75ac09b9-9bbe-40bc-9d59-326e567830c4,prca15,likert5,3) neutral,5,True,recode,0
75ac09b9-9bbe-40bc-9d59-326e567830c4,prca16,likert5,3) neutral,2,True,recode,1
75ac09b9-9bbe-40bc-9d59-326e567830c4,prca17,likert5,3) neutral,2,True,recode,1
75ac09b9-9bbe-40bc-9d59-326e567830c4,prca18,likert5,3) neutral,5,True,recode,0
0f43754b-42c6-4ea6-b1ff-5fac5527cf7d,prca01,likert5,1),5,True,recode,0
0f43754b-42c6-4ea6-b1ff-5fac5527cf7d,prca02,likert5,1) strongly disagree,1,True,recode,1
0f43754b-42c6-4ea6-b1ff-5fac5527cf7d,prca03,likert5,2) disagree,5,True,recode,0
0f43754b-42c6-4ea6-b1ff-5fac5527cf7d,prca04,likert5,3) neutral,2,True,recode,1
0f43754b-42c6-4ea6-b1ff-5fac5527cf7d,prca05,likert5,3) neutral,4,True,recode,0
0f43754b-42c6-4ea6-b1ff-5fac5527cf7d,prca06,likert5,1) strongly disagree,5,True,recode,1
0f43754b-42c6-4ea6-b1ff-5fac5527cf7d,prca13,likert5,4) agree,4,True,recode,0
0f43754b-42c6-4ea6-b1ff-5fac5527cf7d,prca14,likert5,4) agree,2,True,recode,1
0f43754b-42c6-4ea6-b1ff-5fac5527cf7d,prca15,likert5,3) neutral,5,True,recode,0
0f43754b-42c6-4ea6-b1ff-5fac5527cf7d,prca16,likert5,3) neutral,1,True,recode,1
0f43754b-42c6-4ea6-b1ff-5fac5527cf7d,prca17,likert5,3) neutral,2,True,recode,1
0f43754b-42c6-4ea6-b1ff-5fac5527cf7d,prca18,likert5,2) disagree,4,True,recode,0
8857aba0-2984-4900-9a50-0b9a850c013f,prca01,likert5,2) disagree,4,True,recode,0
8857aba0-2984-4900-9a50-0b9a850c013f,prca02,likert5,3) neutral,2,True,recode,1
8857aba0-2984-4900-9a50-0b9a850c013f,prca03,likert5,3) neutral,5,True,recode,0
8857aba0-2984-4900-9a50-0b9a850c013f,prca04,likert5,3) neutral,2,True,recode,1
8857aba0-2984-4900-9a50-0b9a850c013f,prca05,likert5,3) neutral,4,True,recode,0
8857aba0-2984-4900-9a50-0b9a850c013f,prca06,likert5,2) disagree,3,True,recode,1
8857aba0-2984-4900-9a50-0b9a850c013f,prca13,likert5,3) neutral,4,True,recode,0
8857aba0-2984-4900-9a50-0b9a850c013f,prca14,likert5,3) neutral,2,True,recode,1
8857aba0-2984-4900-9a50-0b9a850c013f,prca15,likert5,2) disagree,3,True,recode,0
8857aba0-2984-4900-9a50-0b9a850c013f,prca16,likert5,2) disagree,2,True,recode,1
8857aba0-2984-4900-9a50-0b9a850c013f,prca17,likert5,2) disagree,1,True,recode,1
8857aba0-2984-4900-9a50-0b9a850c013f,prca18,likert5,3) neutral,4,True,recode,0
365130e8-3299-48bb-9579-efc3657faf54,prca01,likert5,4) agree,4,True,recode,0
365130e8-3299-48bb-9579-efc3657faf54,prca02,likert5,3) neutral,2,True,recode,1
365130e8-3299-48bb-9579-efc3657faf54,prca03,likert5,3) neutral,5,True,recode,0
365130e8-3299-48bb-9579-efc3657faf54,prca04,likert5,3) neutral,2,True,recode,1
365130e8-3299-48bb-9579-efc3657faf54,prca05,likert5,2) disagree,4,True,recode,0
365130e8-3299-48bb-9579-efc3657faf54,prca06,likert5,3) neutral,2,True,recode,1
365130e8-3299-48bb-9579-efc3657faf54,prca13,likert5,3) neutral,4,True,recode,0
365130e8-3299-48bb-9579-efc3657faf54,prca14,likert5,4) agree,2,True,recode,1
365130e8-3299-48bb-9579-efc3657faf54,prca15,likert5,1) strongly disagree,5,True,recode,0
365130e8-3299-48bb-9579-efc3657faf54,prca16,likert5,2) disagree,1,True,recode,1
365130e8-3299-48bb-9579-efc3657faf54,prca17,likert5,4) agree,2,True,recode,1
365130e8-3299-48bb-9579-efc3657faf54,prca18,likert5,4) agree,4,True,recode,0
2d5045ab-3fbd-4da2-9aad-abc1db8bf8e7,prca01,likert5,1) strongly disagree,5,True,recode,0
2d5045ab-3fbd-4da2-9aad-abc1db8bf8e7,prca02,likert5,3) neutral,2,True,recode,1
2d5045ab-3fbd-4da2-9aad-abc1db8bf8e7,prca03,likert5,2) disagree,5,True,recode,0
2d5045ab-3fbd-4da2-9aad-abc1db8bf8e7,prca04,likert5,3) neutral,1,True,recode,1
2d5045ab-3fbd-4da2-9aad-abc1db8bf8e7,prca05,likert5,2) disagree,4,True,recode,0
2d5045ab-3fbd-4da2-9aad-abc1db8bf8e7,prca06,likert5,3) neutral,2,True,recode,1
2d5045ab-3fbd-4da2-9aad-abc1db8bf8e7,prca13,likert5,2) disagree,4,True,recode,0
2d5045ab-3fbd-4da2-9aad-abc1db8bf8e7,prca14,likert5,2) disagree,2,True,recode,1
2d5045ab-3fbd-4da2-9aad-abc1db8bf8e7,prca15,likert5,1) strongly disagree,5,True,recode,0
2d5045ab-3fbd-4da2-9aad-abc1db8bf8e7,prca16,likert5,4) agree,2,True,recode,1
2d5045ab-3fbd-4da2-9aad-abc1db8bf8e7,prca17,likert5,2) disagree,2,True,recode,1
2d5045ab-3fbd-4da2-9aad-abc1db8bf8e7,prca18,likert5,3) neutral,5,True,recode,0
dac05f73-2237-4bab-8cce-915204c1f908,prca01,likert5,1) strongly disagree,4,True,recode,0
dac05f73-2237-4bab-8cce-915204c1f908,prca02,likert5,4) agree,2,True,recode,1
dac05f73-2237-4bab-8cce-915204c1f908,prca03,likert5,2) disagree,4,True,recode,0
dac05f73-2237-4bab-8cce-915204c1f908,prca04,likert5,3) neutral,2,True,recode,1
dac05f73-2237-4bab-8cce-915204c1f908,prca05,likert5,3) neutral,4,True,recode,0
dac05f73-2237-4bab-8cce-915204c1f908,prca06,likert5,3) neutral,2,True,recode,1
dac05f73-2237-4bab-8cce-915204c1f908,prca13,likert5,4) agree,5,True,recode,0
dac05f73-2237-4bab-8cce-915204c1f908,prca14,likert5,3) neutral,2,True,recode,1
dac05f73-2237-4bab-8cce-915204c1f908,prca15,likert5,1) strongly disagree,4,True,recode,0
dac05f73-2237-4bab-8cce-915204c1f908,prca16,likert5,2) disagree,1,True,recode,1
dac05f73-2237-4bab-8cce-915204c1f908,prca17,likert5,3) neutral,1,True,recode,1
dac05f73-2237-4bab-8cce-915204c1f908,prca18,likert5,3) neutral,4,True,recode,0
e56c3afa-0f69-4d96-b5f3-0aa659fa4e5c,prca01,likert5,1),5,True,recode,0
e56c3afa-0f69-4d96-b5f3-0aa659fa4e5c,prca02,likert5,3) neutral,1,True,recode,1
e56c3afa-0f69-4d96-b5f3-0aa659fa4e5c,prca03,likert5,3) neutral,5,True,recode,0
e56c3afa-0f69-4d96-b5f3-0aa659fa4e5c,prca04,likert5,3) neutral,2,True,recode,1
e56c3afa-0f69-4d96-b5f3-0aa659fa4e5c,prca05,likert5,2) disagree,4,True,recode,0
e56c3afa-0f69-4d96-b5f3-0aa659fa4e5c,prca06,likert5,2) disagree,3,True,recode,1
e56c3afa-0f69-4d96-b5f3-0aa659fa4e5c,prca13,likert5,2) disagree,5,True,recode,0
e56c3afa-0f69-4d96-b5f3-0aa659fa4e5c,prca14,likert5,3) neutral,2,True,recode,1
e56c3afa-0f69-4d96-b5f3-0aa659fa4e5c,prca15,likert5,1) strongly disagree,5,True,recode,0
e56c3afa-0f69-4d96-b5f3-0aa659fa4e5c,prca16,likert5,3) neutral,2,True,recode,1
e56c3afa-0f69-4d96-b5f3-0aa659fa4e5c,prca17,likert5,2) disagree,3,True,recode,1
e56c3afa-0f69-4d96-b5f3-0aa659fa4e5c,prca18,likert5,1) strongly disagree,4,True,recode,0
94341b58-e8a9-4878-bc70-230bf4af3b08,prca01,likert5,3) neutral,4,True,recode,0
94341b58-e8a9-4878-bc70-230bf4af3b08,prca02,likert5,4) agree,1,True,recode,1
94341b58-e8a9-4878-bc70-230bf4af3b08,prca03,likert5,4) agree,4,True,recode,0
94341b58-e8a9-4878-bc70-230bf4af3b08,prca04,likert5,4) agree,2,True,recode,1
94341b58-e8a9-4878-bc70-230bf4af3b08,prca05,likert5,3) neutral,4,True,recode,0
94341b58-e8a9-4878-bc70-230bf4af3b08,prca06,likert5,1) strongly disagree,2,True,recode,1
94341b58-e8a9-4878-bc70-230bf4af3b08,prca13,likert5,2) disagree,4,True,recode,0
94341b58-e8a9-4878-bc70-230bf4af3b08,prca14,likert5,4) agree,2,True,recode,1
94341b58-e8a9-4878-bc70-230bf4af3b08,prca15,likert5,3) neutral,4,True,recode,0
94341b58-e8a9-4878-bc70-230bf4af3b08,prca16,likert5,3) neutral,1,True,recode,1
94341b58-e8a9-4878-bc70-230bf4af3b08,prca17,likert5,3) neutral,2,True,recode,1
94341b58-e8a9-4878-bc70-230bf4af3b08,prca18,likert5,3) neutral,5,True,recode,0
8904aaee-dc39-47f5-abf2-5d6b49d9ab19,prca01,likert5,2) disagree,5,True,recode,0
8904aaee-dc39-47f5-abf2-5d6b49d9ab19,prca02,likert5,3) neutral,2,True,recode,1
8904aaee-dc39-47f5-abf2-5d6b49d9ab19,prca03,likert5,2) disagree,4,True,recode,0
8904aaee-dc39-47f5-abf2-5d6b49d9ab19,prca04,likert5,3) neutral,2,True,recode,1
8904aaee-dc39-47f5-abf2-5d6b49d9ab19,prca05,likert5,3) neutral,3,True,recode,0
8904aaee-dc39-47f5-abf2-5d6b49d9ab19,prca06,likert5,3) neutral,4,True,recode,1
8904aaee-dc39-47f5-abf2-5d6b49d9ab19,prca13,likert5,2) disagree,3,True,recode,0
8904aaee-dc39-47f5-abf2-5d6b49d9ab19,prca14,likert5,5) strongly agree,3,True,recode,1
8904aaee-dc39-47f5-abf2-5d6b49d9ab19,prca15,likert5,3) neutral,4,True,recode,0
8904aaee-dc39-47f5-abf2-5d6b49d9ab19,prca16,likert5,3) neutral,2,True,recode,1
8904aaee-dc39-47f5-abf2-5d6b49d9ab19,prca17,likert5,2) disagree,1,True,recode,1
8904aaee-dc39-47f5-abf2-5d6b49d9ab19,prca18,likert5,2) disagree,5,True,recode,0
bb64ec79-1f4a-443c-9e54-54ab01b0f21b,prca01,likert5,4) agree,4,True,recode,0
bb64ec79-1f4a-443c-9e54-54ab01b0f21b,prca02,likert5,4) agree,1,True,recode,1
bb64ec79-1f4a-443c-9e54-54ab01b0f21b,prca03,likert5,3) neutral,4,True,recode,0
bb64ec79-1f4a-443c-9e54-54ab01b0f21b,prca04,likert5,1) strongly disagree,2,True,recode,1
bb64ec79-1f4a-443c-9e54-54ab01b0f21b,prca05,likert5,1) strongly disagree,5,True,recode,0
bb64ec79-1f4a-443c-9e54-54ab01b0f21b,prca06,likert5,4) agree,2,True,recode,1
bb64ec79-1f4a-443c-9e54-54ab01b0f21b,prca13,likert5,4) agree,4,True,recode,0
bb64ec79-1f4a-443c-9e54-54ab01b0f21b,prca14,likert5,4) agree,2,True,recode,1
bb64ec79-1f4a-443c-9e54-54ab01b0f21b,prca15,likert5,4) agree,4,True,recode,0
bb64ec79-1f4a-443c-9e54-54ab01b0f21b,prca16,likert5,3) neutral,2,True,recode,1
bb64ec79-1f4a-443c-9e54-54ab01b0f21b,prca17,likert5,4) agree,2,True,recode,1
bb64ec79-1f4a-443c-9e54-54ab01b0f21b,prca18,likert5,1) strongly disagree,5,True,recode,0
fe1942c1-0faf-43ab-9358-15b0ace2ee76,prca01,likert5,2) disagree,5,True,recode,0
fe1942c1-0faf-43ab-9358-15b0ace2ee76,prca02,likert5,1) strongly disagree,2,True,recode,1
fe1942c1-0faf-43ab-9358-15b0ace2ee76,prca03,likert5,3) neutral,5,True,recode,0
fe1942c1-0faf-43ab-9358-15b0ace2ee76,prca04,likert5,3) neutral,2,True,recode,1
fe1942c1-0faf-43ab-9358-15b0ace2ee76,prca05,likert5,3) neutral,4,True,recode,0
fe1942c1-0faf-43ab-9358-15b0ace2ee76,prca06,likert5,3) neutral,2,True,recode,1
fe1942c1-0faf-43ab-9358-15b0ace2ee76,prca13,likert5,3) neutral,4,True,recode,0
fe1942c1-0faf-43ab-9358-15b0ace2ee76,prca14,likert5,3) neutral,2,True,recode,1
fe1942c1-0faf-43ab-9358-15b0ace2ee76,prca15,likert5,3) neutral,4,True,recode,0
fe1942c1-0faf-43ab-9358-15b0ace2ee76,prca16,likert5,3) neutral,2,True,recode,1
fe1942c1-0faf-43ab-9358-15b0ace2ee76,prca17,likert5,3) neutral,2,True,recode,1
fe1942c1-0faf-43ab-9358-15b0ace2ee76,prca18,likert5,2) disagree,5,True,recode,0
8c5a4505-b0d5-4f76-bcb4-16f12f5c915c,prca01,likert5,2) disagree,3,True,recode,0
8c5a4505-b0d5-4f76-bcb4-16f12f5c915c,prca02,likert5,3) neutral,2,True,recode,1
8c5a4505-b0d5-4f76-bcb4-16f12f5c915c,prca03,likert5,1) strongly disagree.,5,True,recode,0
8c5a4505-b0d5-4f76-bcb4-16f12f5c915c,prca04,likert5,"1) strongly disagree, 2) disagree, 3) neutral, 4) agree, 5) strongly agree",5,True,recode,1
8c5a4505-b0d5-4f76-bcb4-16f12f5c915c,prca05,likert5,2) disagree,5,True,recode,0
8c5a4505-b0d5-4f76-bcb4-16f12f5c915c,prca06,likert5,2) disagree,2,True,recode,1
8c5a4505-b0d5-4f76-bcb4-16f12f5c915c,prca13,likert5,1) strongly disagree,5,True,recode,0
8c5a4505-b0d5-4f76-bcb4-16f12f5c915c,prca14,likert5,3) neutral,2,True,recode,1
8c5a4505-b0d5-4f76-bcb4-16f12f5c915c,prca15,likert5,1) strongly disagree,5,True,recode,0
8c5a4505-b0d5-4f76-bcb4-16f12f5c915c,prca16,likert5,4) agree,2,True,recode,1
8c5a4505-b0d5-4f76-bcb4-16f12f5c915c,prca17,likert5,3) neutral,1,True,recode,1
8c5a4505-b0d5-4f76-bcb4-16f12f5c915c,prca18,likert5,2) disagree,5,True,recode,0
a7bb49ea-b84a-4de5-8945-aae84112041b,prca01,likert5,3) neutral,5,True,recode,0
a7bb49ea-b84a-4de5-8945-aae84112041b,prca02,likert5,3) neutral,2,True,recode,1
a7bb49ea-b84a-4de5-8945-aae84112041b,prca03,likert5,3) neutral,4,True,recode,0
a7bb49ea-b84a-4de5-8945-aae84112041b,prca04,likert5,4) agree,2,True,recode,1
a7bb49ea-b84a-4de5-8945-aae84112041b,prca05,likert5,3) neutral,4,True,recode,0
a7bb49ea-b84a-4de5-8945-aae84112041b,prca06,likert5,2) disagree,1,True,recode,1
a7bb49ea-b84a-4de5-8945-aae84112041b,prca13,likert5,2) disagree,4,True,recode,0
a7bb49ea-b84a-4de5-8945-aae84112041b,prca14,likert5,3) neutral,2,True,recode,1
a7bb49ea-b84a-4de5-8945-aae84112041b,prca15,likert5,1) strongly disagree,4,True,recode,0
a7bb49ea-b84a-4de5-8945-aae84112041b,prca16,likert5,2) disagree,2,True,recode,1
a7bb49ea-b84a-4de5-8945-aae84112041b,prca17,likert5,2) disagree,2,True,recode,1
a7bb49ea-b84a-4de5-8945-aae84112041b,prca18,likert5,1) strongly disagree,5,True,recode,0
25814c4b-ee96-41f5-9a0a-ce50376a653d,prca01,likert5,3) neutral,4,True,recode,0
25814c4b-ee96-41f5-9a0a-ce50376a653d,prca02,likert5,3) neutral,2,True,recode,1
25814c4b-ee96-41f5-9a0a-ce50376a653d,prca03,likert5,1) strongly disagree,5,True,recode,0
25814c4b-ee96-41f5-9a0a-ce50376a653d,prca04,likert5,1) strongly disagree,1,True,recode,1
25814c4b-ee96-41f5-9a0a-ce50376a653d,prca05,likert5,3) neutral,3,True,recode,0
25814c4b-ee96-41f5-9a0a-ce50376a653d,prca06,likert5,3) neutral,2,True,recode,1
25814c4b-ee96-41f5-9a0a-ce50376a653d,prca13,likert5,3) neutral,4,True,recode,0
25814c4b-ee96-41f5-9a0a-ce50376a653d,prca14,likert5,4) agree,2,True,recode,1
25814c4b-ee96-41f5-9a0a-ce50376a653d,prca15,likert5,2) disagree,4,True,recode,0
25814c4b-ee96-41f5-9a0a-ce50376a653d,prca16,likert5,4) agree,2,True,recode,1
25814c4b-ee96-41f5-9a0a-ce50376a653d,prca17,likert5,2) disagree,2,True,recode,1
25814c4b-ee96-41f5-9a0a-ce50376a653d,prca18,likert5,3) neutral,4,True,recode,0
9a331f00-98b4-4fed-a0ba-3da54f66d893,prca01,likert5,3) neutral,5,True,recode,0
9a331f00-98b4-4fed-a0ba-3da54f66d893,prca02,likert5,5) strongly agree,2,True,recode,1
9a331f00-98b4-4fed-a0ba-3da54f66d893,prca03,likert5,4) agree,4,True,recode,0
9a331f00-98b4-4fed-a0ba-3da54f66d893,prca04,likert5,4) agree,4,True,recode,1
9a331f00-98b4-4fed-a0ba-3da54f66d893,prca05,likert5,2) disagree,5,True,recode,0
9a331f00-98b4-4fed-a0ba-3da54f66d893,prca06,likert5,1) strongly disagree,1,True,recode,1
9a331f00-98b4-4fed-a0ba-3da54f66d893,prca13,likert5,3) neutral,4,True,recode,0
9a331f00-98b4-4fed-a0ba-3da54f66d893,prca14,likert5,4) agree,2,True,recode,1
9a331f00-98b4-4fed-a0ba-3da54f66d893,prca15,likert5,1) strongly disagree,5,True,recode,0
9a331f00-98b4-4fed-a0ba-3da54f66d893,prca16,likert5,3) neutral,2,True,recode,1
9a331f00-98b4-4fed-a0ba-3da54f66d893,prca17,likert5,3) neutral,2,True,recode,1
9a331f00-98b4-4fed-a0ba-3da54f66d893,prca18,likert5,3) neutral,4,True,recode,0
9efa2c6b-ef30-4370-81fd-4a73a6fd6fa6,prca01,likert5,1) strongly disagree,4,True,recode,0
9efa2c6b-ef30-4370-81fd-4a73a6fd6fa6,prca02,likert5,5) strongly agree,3,True,recode,1
9efa2c6b-ef30-4370-81fd-4a73a6fd6fa6,prca03,likert5,1) strongly disagree,5,True,recode,0
9efa2c6b-ef30-4370-81fd-4a73a6fd6fa6,prca04,likert5,3) neutral,2,True,recode,1
9efa2c6b-ef30-4370-81fd-4a73a6fd6fa6,prca05,likert5,4) agree,4,True,recode,0
9efa2c6b-ef30-4370-81fd-4a73a6fd6fa6,prca06,likert5,4) agree,2,True,recode,1
9efa2c6b-ef30-4370-81fd-4a73a6fd6fa6,prca13,likert5,1) strongly disagree,5,True,recode,0
9efa2c6b-ef30-4370-81fd-4a73a6fd6fa6,prca14,likert5,4) agree,1,True,recode,1
9efa2c6b-ef30-4370-81fd-4a73a6fd6fa6,prca15,likert5,3) neutral,4,True,recode,0
9efa2c6b-ef30-4370-81fd-4a73a6fd6fa6,prca16,likert5,3) neutral,2,True,recode,1
9efa2c6b-ef30-4370-81fd-4a73a6fd6fa6,prca17,likert5,5) strongly agree,3,True,recode,1
9efa2c6b-ef30-4370-81fd-4a73a6fd6fa6,prca18,likert5,3) neutral,4,True,recode,0
87ff7855-a4c5-4ab2-b9d2-f1bc86a9b84d,prca01,likert5,3) neutral,4,True,recode,0
87ff7855-a4c5-4ab2-b9d2-f1bc86a9b84d,prca02,likert5,3) neutral,2,True,recode,1
87ff7855-a4c5-4ab2-b9d2-f1bc86a9b84d,prca03,likert5,1) strongly disagree,5,True,recode,0
87ff7855-a4c5-4ab2-b9d2-f1bc86a9b84d,prca04,likert5,3) neutral,2,True,recode,1
87ff7855-a4c5-4ab2-b9d2-f1bc86a9b84d,prca05,likert5,4) agree,5,True,recode,0
87ff7855-a4c5-4ab2-b9d2-f1bc86a9b84d,prca06,likert5,5) strongly agree,3,True,recode,1
87ff7855-a4c5-4ab2-b9d2-f1bc86a9b84d,prca13,likert5,2) disagree,4,True,recode,0
87ff7855-a4c5-4ab2-b9d2-f1bc86a9b84d,prca14,likert5,4) agree,2,True,recode,1
87ff7855-a4c5-4ab2-b9d2-f1bc86a9b84d,prca15,likert5,3) neutral,5,True,recode,0
87ff7855-a4c5-4ab2-b9d2-f1bc86a9b84d,prca16,likert5,3) neutral,2,True,recode,1
87ff7855-a4c5-4ab2-b9d2-f1bc86a9b84d,prca17,likert5,2) disagree,1,True,recode,1
87ff7855-a4c5-4ab2-b9d2-f1bc86a9b84d,prca18,likert5,4) agree,4,True,recode,0
aeac146a-3678-463f-a19e-c4f482acfe5b,prca01,likert5,3) neutral,4,True,recode,0
aeac146a-3678-463f-a19e-c4f482acfe5b,prca02,likert5,5) strongly agree,3,True,recode,1
aeac146a-3678-463f-a19e-c4f482acfe5b,prca03,likert5,2) disagree,4,True,recode,0
aeac146a-3678-463f-a19e-c4f482acfe5b,prca04,likert5,3) neutral,2,True,recode,1
aeac146a-3678-463f-a19e-c4f482acfe5b,prca05,likert5,1) strongly disagree,5,True,recode,0
aeac146a-3678-463f-a19e-c4f482acfe5b,prca06,likert5,3) neutral,2,True,recode,1
aeac146a-3678-463f-a19e-c4f482acfe5b,prca13,likert5,2) disagree,5,True,recode,0
aeac146a-3678-463f-a19e-c4f482acfe5b,prca14,likert5,2) disagree,1,True,recode,1
aeac146a-3678-463f-a19e-c4f482acfe5b,prca15,likert5,1) strongly disagree,5,True,recode,0
aeac146a-3678-463f-a19e-c4f482acfe5b,prca16,likert5,3) neutral,2,True,recode,1
aeac146a-3678-463f-a19e-c4f482acfe5b,prca17,likert5,3) neutral,2,True,recode,1
aeac146a-3678-463f-a19e-c4f482acfe5b,prca18,likert5,1) strongly disagree,5,True,recode,0
f870ab5f-4f16-466d-8c11-3ce9ccb13831,prca01,likert5,3) neutral,4,True,recode,0
f870ab5f-4f16-466d-8c11-3ce9ccb13831,prca02,likert5,3) neutral,2,True,recode,1
f870ab5f-4f16-466d-8c11-3ce9ccb13831,prca03,likert5,1) strongly disagree,3,True,recode,0
f870ab5f-4f16-466d-8c11-3ce9ccb13831,prca04,likert5,3) neutral,2,True,recode,1
f870ab5f-4f16-466d-8c11-3ce9ccb13831,prca05,likert5,2) disagree,4,True,recode,0
f870ab5f-4f16-466d-8c11-3ce9ccb13831,prca06,likert5,1) strongly disagree,1,True,recode,1
f870ab5f-4f16-466d-8c11-3ce9ccb13831,prca13,likert5,3) neutral,4,True,recode,0
f870ab5f-4f16-466d-8c11-3ce9ccb13831,prca14,likert5,5) strongly agree,5,True,recode,1
f870ab5f-4f16-466d-8c11-3ce9ccb13831,prca15,likert5,1) strongly disagree,4,True,recode,0
f870ab5f-4f16-466d-8c11-3ce9ccb13831,prca16,likert5,3) neutral,2,True,recode,1
f870ab5f-4f16-466d-8c11-3ce9ccb13831,prca17,likert5,3) neutral,1,True,recode,1
f870ab5f-4f16-466d-8c11-3ce9ccb13831,prca18,likert5,3) neutral,4,True,recode,0
bf51c653-09be-4011-836c-a23e456ea392,prca01,likert5,2) disagree,3,True,recode,0
bf51c653-09be-4011-836c-a23e456ea392,prca02,likert5,4) agree,2,True,recode,1
bf51c653-09be-4011-836c-a23e456ea392,prca03,likert5,2) disagree,4,True,recode,0
bf51c653-09be-4011-836c-a23e456ea392,prca04,likert5,3) neutral,2,True,recode,1
bf51c653-09be-4011-836c-a23e456ea392,prca05,likert5,3) neutral,1,True,recode,0
bf51c653-09be-4011-836c-a23e456ea392,prca06,likert5,3) neutral,2,True,recode,1
bf51c653-09be-4011-836c-a23e456ea392,prca13,likert5,1) strongly disagree,5,True,recode,0
bf51c653-09be-4011-836c-a23e456ea392,prca14,likert5,2) disagree,2,True,recode,1
bf51c653-09be-4011-836c-a23e456ea392,prca15,likert5,2) disagree,4,True,recode,0
bf51c653-09be-4011-836c-a23e456ea392,prca16,likert5,3) neutral,2,True,recode,1
bf51c653-09be-4011-836c-a23e456ea392,prca17,likert5,4) agree,2,True,recode,1
bf51c653-09be-4011-836c-a23e456ea392,prca18,likert5,4) agree,4,True,recode,0
fb2759b7-b2d2-4bdf-a8d7-2c8ef0f79745,prca01,likert5,3) neutral,4,True,recode,0
fb2759b7-b2d2-4bdf-a8d7-2c8ef0f79745,prca02,likert5,2) disagree,2,True,recode,1
fb2759b7-b2d2-4bdf-a8d7-2c8ef0f79745,prca03,likert5,3) neutral,4,True,recode,0
fb2759b7-b2d2-4bdf-a8d7-2c8ef0f79745,prca04,likert5,3) neutral,2,True,recode,1
fb2759b7-b2d2-4bdf-a8d7-2c8ef0f79745,prca05,likert5,3) neutral,4,True,recode,0
fb2759b7-b2d2-4bdf-a8d7-2c8ef0f79745,prca06,likert5,3) neutral,2,True,recode,1
fb2759b7-b2d2-4bdf-a8d7-2c8ef0f79745,prca13,likert5,2) disagree,1,True,recode,0
fb2759b7-b2d2-4bdf-a8d7-2c8ef0f79745,prca14,likert5,4) agree,2,True,recode,1
fb2759b7-b2d2-4bdf-a8d7-2c8ef0f79745,prca15,likert5,1) strongly disagree,1,True,recode,0
fb2759b7-b2d2-4bdf-a8d7-2c8ef0f79745,prca16,likert5,4) agree,2,True,recode,1
fb2759b7-b2d2-4bdf-a8d7-2c8ef0f79745,prca17,likert5,4) agree,4,True,recode,1
fb2759b7-b2d2-4bdf-a8d7-2c8ef0f79745,prca18,likert5,2) disagree,4,True,recode,0
3da504d9-1648-4a61-ad9d-6056a63ebd6c,prca01,likert5,1) strongly disagree,5,True,recode,0
3da504d9-1648-4a61-ad9d-6056a63ebd6c,prca02,likert5,4) agree,2,True,recode,1
3da504d9-1648-4a61-ad9d-6056a63ebd6c,prca03,likert5,3) neutral,4,True,recode,0
3da504d9-1648-4a61-ad9d-6056a63ebd6c,prca04,likert5,2) disagree,2,True,recode,1
3da504d9-1648-4a61-ad9d-6056a63ebd6c,prca05,likert5,3) neutral,4,True,recode,0
3da504d9-1648-4a61-ad9d-6056a63ebd6c,prca06,likert5,4) agree,2,True,recode,1
3da504d9-1648-4a61-ad9d-6056a63ebd6c,prca13,likert5,3) neutral,5,True,recode,0
3da504d9-1648-4a61-ad9d-6056a63ebd6c,prca14,likert5,4) agree,1,True,recode,1
3da504d9-1648-4a61-ad9d-6056a63ebd6c,prca15,likert5,2) disagree,3,True,recode,0
3da504d9-1648-4a61-ad9d-6056a63ebd6c,prca16,likert5,2) disagree,2,True,recode,1
3da504d9-1648-4a61-ad9d-6056a63ebd6c,prca17,likert5,3) neutral,2,True,recode,1
3da504d9-1648-4a61-ad9d-6056a63ebd6c,prca18,likert5,3) neutral,2,True,recode,0
7cafbc14-acc4-4d26-b828-28842b2916a3,prca01,likert5,3) neutral,4,True,recode,0
7cafbc14-acc4-4d26-b828-28842b2916a3,prca02,likert5,2) disagree,3,True,recode,1
7cafbc14-acc4-4d26-b828-28842b2916a3,prca03,likert5,3) neutral,4,True,recode,0
7cafbc14-acc4-4d26-b828-28842b2916a3,prca04,likert5,4) agree,2,True,recode,1
7cafbc14-acc4-4d26-b828-28842b2916a3,prca05,likert5,2) disagree,4,True,recode,0
7cafbc14-acc4-4d26-b828-28842b2916a3,prca06,likert5,3) neutral,2,True,recode,1
7cafbc14-acc4-4d26-b828-28842b2916a3,prca13,likert5,1) strongly disagree,4,True,recode,0
7cafbc14-acc4-4d26-b828-28842b2916a3,prca14,likert5,3) neutral,2,True,recode,1
7cafbc14-acc4-4d26-b828-28842b2916a3,prca15,likert5,4) agree,1,True,recode,0
7cafbc14-acc4-4d26-b828-28842b2916a3,prca16,likert5,3) neutral,2,True,recode,1
7cafbc14-acc4-4d26-b828-28842b2916a3,prca17,likert5,2) disagree,1,True,recode,1
7cafbc14-acc4-4d26-b828-28842b2916a3,prca18,likert5,1) strongly disagree,5,True,recode,0
409d7e4b-0ca4-4453-abd6-e6366f0747b5,prca01,likert5,1) strongly disagree,4,True,recode,0
409d7e4b-0ca4-4453-abd6-e6366f0747b5,prca02,likert5,4) agree,2,True,recode,1
409d7e4b-0ca4-4453-abd6-e6366f0747b5,prca03,likert5,3) neutral,4,True,recode,0
409d7e4b-0ca4-4453-abd6-e6366f0747b5,prca04,likert5,3) neutral,2,True,recode,1
409d7e4b-0ca4-4453-abd6-e6366f0747b5,prca05,likert5,2) disagree,4,True,recode,0
409d7e4b-0ca4-4453-abd6-e6366f0747b5,prca06,likert5,1) strongly disagree,1,True,recode,1
409d7e4b-0ca4-4453-abd6-e6366f0747b5,prca13,likert5,3) neutral,4,True,recode,0
409d7e4b-0ca4-4453-abd6-e6366f0747b5,prca14,likert5,3) neutral,2,True,recode,1
409d7e4b-0ca4-4453-abd6-e6366f0747b5,prca15,likert5,3) neutral,4,True,recode,0
409d7e4b-0ca4-4453-abd6-e6366f0747b5,prca16,likert5,2) disagree,1,True,recode,1
409d7e4b-0ca4-4453-abd6-e6366f0747b5,prca17,likert5,3) neutral,2,True,recode,1
409d7e4b-0ca4-4453-abd6-e6366f0747b5,prca18,likert5,2) disagree,4,True,recode,0
cab7297e-ed00-4723-95fd-e80dcb854a1d,prca01,likert5,3) neutral,4,True,recode,0
cab7297e-ed00-4723-95fd-e80dcb854a1d,prca02,likert5,4) agree,2,True,recode,1
cab7297e-ed00-4723-95fd-e80dcb854a1d,prca03,likert5,3) neutral,4,True,recode,0
cab7297e-ed00-4723-95fd-e80dcb854a1d,prca04,likert5,3) neutral,2,True,recode,1
cab7297e-ed00-4723-95fd-e80dcb854a1d,prca05,likert5,3) neutral,4,True,recode,0
cab7297e-ed00-4723-95fd-e80dcb854a1d,prca06,likert5,1) strongly disagree,1,True,recode,1
cab7297e-ed00-4723-95fd-e80dcb854a1d,prca13,likert5,1) strongly disagree,5,True,recode,0
cab7297e-ed00-4723-95fd-e80dcb854a1d,prca14,likert5,3) neutral,2,True,recode,1
cab7297e-ed00-4723-95fd-e80dcb854a1d,prca15,likert5,3) neutral,4,True,recode,0
cab7297e-ed00-4723-95fd-e80dcb854a1d,prca16,likert5,3) neutral,2,True,recode,1
cab7297e-ed00-4723-95fd-e80dcb854a1d,prca17,likert5,4) agree,2,True,recode,1
cab7297e-ed00-4723-95fd-e80dcb854a1d,prca18,likert5,3) neutral,4,True,recode,0
3fcdec88-36f8-4e57-81b1-b615757fb6b3,prca01,likert5,2) disagree,4,True,recode,0
3fcdec88-36f8-4e57-81b1-b615757fb6b3,prca02,likert5,1) strongly disagree,1,True,recode,1
3fcdec88-36f8-4e57-81b1-b615757fb6b3,prca03,likert5,3) neutral,4,True,recode,0
3fcdec88-36f8-4e57-81b1-b615757fb6b3,prca04,likert5,4) agree,2,True,recode,1
3fcdec88-36f8-4e57-81b1-b615757fb6b3,prca05,likert5,1) strongly disagree,4,True,recode,0
3fcdec88-36f8-4e57-81b1-b615757fb6b3,prca06,likert5,2) disagree,3,True,recode,1
3fcdec88-36f8-4e57-81b1-b615757fb6b3,prca13,likert5,2) disagree,5,True,recode,0
3fcdec88-36f8-4e57-81b1-b615757fb6b3,prca14,likert5,2) disagree,2,True,recode,1
3fcdec88-36f8-4e57-81b1-b615757fb6b3,prca15,likert5,2) disagree,4,True,recode,0
3fcdec88-36f8-4e57-81b1-b615757fb6b3,prca16,likert5,2) disagree,3,True,recode,1
3fcdec88-36f8-4e57-81b1-b615757fb6b3,prca17,likert5,3) neutral,2,True,recode,1
3fcdec88-36f8-4e57-81b1-b615757fb6b3,prca18,likert5,3) neutral,4,True,recode,0
19213507-d87a-4b55-bed3-8b60443dde6c,prca01,likert5,3) neutral,4,True,recode,0
19213507-d87a-4b55-bed3-8b60443dde6c,prca02,likert5,4) agree,2,True,recode,1
19213507-d87a-4b55-bed3-8b60443dde6c,prca03,likert5,1) strongly disagree,4,True,recode,0
19213507-d87a-4b55-bed3-8b60443dde6c,prca04,likert5,2) disagree,1,True,recode,1
19213507-d87a-4b55-bed3-8b60443dde6c,prca05,likert5,4) agree,4,True,recode,0
19213507-d87a-4b55-bed3-8b60443dde6c,prca06,likert5,1) strongly disagree,1,True,recode,1
19213507-d87a-4b55-bed3-8b60443dde6c,prca13,likert5,3) neutral,5,True,recode,0
19213507-d87a-4b55-bed3-8b60443dde6c,prca14,likert5,3) neutral,2,True,recode,1
19213507-d87a-4b55-bed3-8b60443dde6c,prca15,likert5,4) agree,5,True,recode,0
19213507-d87a-4b55-bed3-8b60443dde6c,prca16,likert5,2) disagree,1,True,recode,1
19213507-d87a-4b55-bed3-8b60443dde6c,prca17,likert5,3) neutral,2,True,recode,1
19213507-d87a-4b55-bed3-8b60443dde6c,prca18,likert5,1) strongly disagree,5,True,recode,0
baa7507d-1785-489d-83e7-915808c2373a,prca01,likert5,2) disagree,4,True,recode,0
baa7507d-1785-489d-83e7-915808c2373a,prca02,likert5,3) neutral,2,True,recode,1
baa7507d-1785-489d-83e7-915808c2373a,prca03,likert5,2) disagree,4,True,recode,0
baa7507d-1785-489d-83e7-915808c2373a,prca04,likert5,3) neutral,1,True,recode,1
baa7507d-1785-489d-83e7-915808c2373a,prca05,likert5,1) strongly disagree,5,True,recode,0
baa7507d-1785-489d-83e7-915808c2373a,prca06,likert5,4) agree,2,True,recode,1
baa7507d-1785-489d-83e7-915808c2373a,prca13,likert5,1) strongly disagree,1,True,recode,0
baa7507d-1785-489d-83e7-915808c2373a,prca14,likert5,3) neutral,2,True,recode,1
baa7507d-1785-489d-83e7-915808c2373a,prca15,likert5,2) disagree,5,True,recode,0
baa7507d-1785-489d-83e7-915808c2373a,prca16,likert5,3) neutral,2,True,recode,1
baa7507d-1785-489d-83e7-915808c2373a,prca17,likert5,4) agree,2,True,recode,1
baa7507d-1785-489d-83e7-915808c2373a,prca18,likert5,3) neutral,4,True,recode,0
08e76295-2fc3-4786-9907-4ffe39825448,prca01,likert5,2) disagree,4,True,recode,0
08e76295-2fc3-4786-9907-4ffe39825448,prca02,likert5,3) neutral,2,True,recode,1
08e76295-2fc3-4786-9907-4ffe39825448,prca03,likert5,3) neutral,4,True,recode,0
08e76295-2fc3-4786-9907-4ffe39825448,prca04,likert5,4) agree,2,True,recode,1
08e76295-2fc3-4786-9907-4ffe39825448,prca05,likert5,3) neutral,3,True,recode,0
08e76295-2fc3-4786-9907-4ffe39825448,prca06,likert5,3) neutral,2,True,recode,1
08e76295-2fc3-4786-9907-4ffe39825448,prca13,likert5,2) disagree,5,True,recode,0
08e76295-2fc3-4786-9907-4ffe39825448,prca14,likert5,5) strongly agree,3,True,recode,1
08e76295-2fc3-4786-9907-4ffe39825448,prca15,likert5,4) agree,4,True,recode,0
08e76295-2fc3-4786-9907-4ffe39825448,prca16,likert5,2) disagree,3,True,recode,1
08e76295-2fc3-4786-9907-4ffe39825448,prca17,likert5,4) agree,2,True,recode,1
08e76295-2fc3-4786-9907-4ffe39825448,prca18,likert5,3) neutral,4,True,recode,0
5c703f57-0b9c-49a6-8d89-99878b240ddc,prca01,likert5,3) neutral,4,True,recode,0
5c703f57-0b9c-49a6-8d89-99878b240ddc,prca02,likert5,2) disagree,5,True,recode,1
5c703f57-0b9c-49a6-8d89-99878b240ddc,prca03,likert5,1) strongly disagree,5,True,recode,0
5c703f57-0b9c-49a6-8d89-99878b240ddc,prca04,likert5,3) neutral,2,True,recode,1
5c703f57-0b9c-49a6-8d89-99878b240ddc,prca05,likert5,3) neutral,4,True,recode,0
5c703f57-0b9c-49a6-8d89-99878b240ddc,prca06,likert5,2) disagree,2,True,recode,1
5c703f57-0b9c-49a6-8d89-99878b240ddc,prca13,likert5,3) neutral,4,True,recode,0
5c703f57-0b9c-49a6-8d89-99878b240ddc,prca14,likert5,1) strongly disagree,1,True,recode,1
5c703f57-0b9c-49a6-8d89-99878b240ddc,prca15,likert5,2) disagree,4,True,recode,0
5c703f57-0b9c-49a6-8d89-99878b240ddc,prca16,likert5,1) strongly disagree,1,True,recode,1
5c703f57-0b9c-49a6-8d89-99878b240ddc,prca17,likert5,3) neutral,2,True,recode,1
5c703f57-0b9c-49a6-8d89-99878b240ddc,prca18,likert5,2) disagree,5,True,recode,0
c58bb94c-ac9e-4d03-b0c1-204cac6fe2d7,prca01,likert5,4) agree,5,True,recode,0
c58bb94c-ac9e-4d03-b0c1-204cac6fe2d7,prca02,likert5,4) agree,1,True,recode,1
c58bb94c-ac9e-4d03-b0c1-204cac6fe2d7,prca03,likert5,2) disagree,4,True,recode,0
c58bb94c-ac9e-4d03-b0c1-204cac6fe2d7,prca04,likert5,3) neutral,2,True,recode,1
c58bb94c-ac9e-4d03-b0c1-204cac6fe2d7,prca05,likert5,3) neutral,4,True,recode,0
c58bb94c-ac9e-4d03-b0c1-204cac6fe2d7,prca06,likert5,3) neutral,2,True,recode,1
c58bb94c-ac9e-4d03-b0c1-204cac6fe2d7,prca13,likert5,3) neutral,4,True,recode,0
c58bb94c-ac9e-4d03-b0c1-204cac6fe2d7,prca14,likert5,4) agree,2,True,recode,1
c58bb94c-ac9e-4d03-b0c1-204cac6fe2d7,prca15,likert5,3) neutral,4,True,recode,0
c58bb94c-ac9e-4d03-b0c1-204cac6fe2d7,prca16,likert5,1) strongly disagree,2,True,recode,1
c58bb94c-ac9e-4d03-b0c1-204cac6fe2d7,prca17,likert5,3) neutral,2,True,recode,1
c58bb94c-ac9e-4d03-b0c1-204cac6fe2d7,prca18,likert5,3) neutral,4,True,recode,0
8467bd76-eb23-4ffe-987c-518e0bc6c532,prca01,likert5,3) neutral,4,True,recode,0
8467bd76-eb23-4ffe-987c-518e0bc6c532,prca02,likert5,3) neutral,2,True,recode,1
8467bd76-eb23-4ffe-987c-518e0bc6c532,prca03,likert5,1) strongly disagree,5,True,recode,0
8467bd76-eb23-4ffe-987c-518e0bc6c532,prca04,likert5,3) neutral,1,True,recode,1
8467bd76-eb23-4ffe-987c-518e0bc6c532,prca05,likert5,1) strongly disagree,5,True,recode,0
8467bd76-eb23-4ffe-987c-518e0bc6c532,prca06,likert5,1) strongly disagree,1,True,recode,1
8467bd76-eb23-4ffe-987c-518e0bc6c532,prca13,likert5,3) neutral,4,True,recode,0
8467bd76-eb23-4ffe-987c-518e0bc6c532,prca14,likert5,4) agree,2,True,recode,1
8467bd76-eb23-4ffe-987c-518e0bc6c532,prca15,likert5,3) neutral,4,True,recode,0
8467bd76-eb23-4ffe-987c-518e0bc6c532,prca16,likert5,4) agree,2,True,recode,1
8467bd76-eb23-4ffe-987c-518e0bc6c532,prca17,likert5,3) neutral,2,True,recode,1
8467bd76-eb23-4ffe-987c-518e0bc6c532,prca18,likert5,2) disagree,5,True,recode,0
4d937278-5c64-486b-80f6-7dd8671ff34c,prca01,likert5,1),5,True,recode,0
4d937278-5c64-486b-80f6-7dd8671ff34c,prca02,likert5,3) neutral,2,True,recode,1
4d937278-5c64-486b-80f6-7dd8671ff34c,prca03,likert5,3) neutral,4,True,recode,0
4d937278-5c64-486b-80f6-7dd8671ff34c,prca04,likert5,2) disagree,3,True,recode,1
4d937278-5c64-486b-80f6-7dd8671ff34c,prca05,likert5,3) neutral,4,True,recode,0
4d937278-5c64-486b-80f6-7dd8671ff34c,prca06,likert5,4) agree,2,True,recode,1
4d937278-5c64-486b-80f6-7dd8671ff34c,prca13,likert5,3) neutral,4,True,recode,0
4d937278-5c64-486b-80f6-7dd8671ff34c,prca14,likert5,3) neutral,2,True,recode,1
4d937278-5c64-486b-80f6-7dd8671ff34c,prca15,likert5,1) strongly disagree,5,True,recode,0
4d937278-5c64-486b-80f6-7dd8671ff34c,prca16,likert5,3) neutral,2,True,recode,1
4d937278-5c64-486b-80f6-7dd8671ff34c,prca17,likert5,1) strongly disagree,1,True,recode,1
4d937278-5c64-486b-80f6-7dd8671ff34c,prca18,likert5,2) disagree,4,True,recode,0
66d18183-93db-42ef-8231-63804b65a716,prca01,likert5,3) neutral,5,True,recode,0
66d18183-93db-42ef-8231-63804b65a716,prca02,likert5,"1) strongly disagree, 3) neutral, 5) strongly agree","1) strongly disagree, 3) neutral, 5) strongly agree",False,invalid,0
66d18183-93db-42ef-8231-63804b65a716,prca03,likert5,3) neutral,4,True,recode,0
66d18183-93db-42ef-8231-63804b65a716,prca04,likert5,3) neutral,1,True,recode,1
66d18183-93db-42ef-8231-63804b65a716,prca05,likert5,2) disagree,4,True,recode,0
66d18183-93db-42ef-8231-63804b65a716,prca06,likert5,4) agree,1,True,recode,1
66d18183-93db-42ef-8231-63804b65a716,prca13,likert5,2) disagree,4,True,recode,0
66d18183-93db-42ef-8231-63804b65a716,prca14,likert5,2) disagree,2,True,recode,1
66d18183-93db-42ef-8231-63804b65a716,prca15,likert5,3) neutral,4,True,recode,0
66d18183-93db-42ef-8231-63804b65a716,prca16,likert5,3) neutral,2,True,recode,1
66d18183-93db-42ef-8231-63804b65a716,prca17,likert5,3) neutral,2,True,recode,1
66d18183-93db-42ef-8231-63804b65a716,prca18,likert5,3) neutral,4,True,recode,0
4ea2a4e6-2c8d-48f9-8fd8-2baa56de294c,prca01,likert5,3) neutral,5,True,recode,0
4ea2a4e6-2c8d-48f9-8fd8-2baa56de294c,prca02,likert5,3) neutral,2,True,recode,1
4ea2a4e6-2c8d-48f9-8fd8-2baa56de294c,prca03,likert5,2) disagree,5,True,recode,0
4ea2a4e6-2c8d-48f9-8fd8-2baa56de294c,prca04,likert5,2) disagree,2,True,recode,1
4ea2a4e6-2c8d-48f9-8fd8-2baa56de294c,prca05,likert5,1) strongly disagree,5,True,recode,0
4ea2a4e6-2c8d-48f9-8fd8-2baa56de294c,prca06,likert5,3) neutral,2,True,recode,1
4ea2a4e6-2c8d-48f9-8fd8-2baa56de294c,prca13,likert5,2) disagree,5,True,recode,0
4ea2a4e6-2c8d-48f9-8fd8-2baa56de294c,prca14,likert5,3) neutral,2,True,recode,1
4ea2a4e6-2c8d-48f9-8fd8-2baa56de294c,prca15,likert5,4) agree,4,True,recode,0
4ea2a4e6-2c8d-48f9-8fd8-2baa56de294c,prca16,likert5,3) neutral,2,True,recode,1
4ea2a4e6-2c8d-48f9-8fd8-2baa56de294c,prca17,likert5,2) disagree,1,True,recode,1
4ea2a4e6-2c8d-48f9-8fd8-2baa56de294c,prca18,likert5,1) strongly disagree,5,True,recode,0
df6de851-c5f9-4a93-8c96-e1b2cf6ff2b3,prca01,likert5,1) strongly disagree,5,True,recode,0
df6de851-c5f9-4a93-8c96-e1b2cf6ff2b3,prca02,likert5,4) agree,2,True,recode,1
df6de851-c5f9-4a93-8c96-e1b2cf6ff2b3,prca03,likert5,2) disagree,4,True,recode,0
df6de851-c5f9-4a93-8c96-e1b2cf6ff2b3,prca04,likert5,2) disagree,2,True,recode,1
df6de851-c5f9-4a93-8c96-e1b2cf6ff2b3,prca05,likert5,1) strongly disagree,4,True,recode,0
df6de851-c5f9-4a93-8c96-e1b2cf6ff2b3,prca06,likert5,1) strongly disagree,1,True,recode,1
df6de851-c5f9-4a93-8c96-e1b2cf6ff2b3,prca13,likert5,2) disagree,3,True,recode,0
df6de851-c5f9-4a93-8c96-e1b2cf6ff2b3,prca14,likert5,4) agree,2,True,recode,1
df6de851-c5f9-4a93-8c96-e1b2cf6ff2b3,prca15,likert5,3) neutral,4,True,recode,0
df6de851-c5f9-4a93-8c96-e1b2cf6ff2b3,prca16,likert5,2) disagree,3,True,recode,1
df6de851-c5f9-4a93-8c96-e1b2cf6ff2b3,prca17,likert5,3) neutral,2,True,recode,1
df6de851-c5f9-4a93-8c96-e1b2cf6ff2b3,prca18,likert5,4) agree,4,True,recode,0
9a942cf7-459d-4de2-aa4a-9b084cd8f59a,prca01,likert5,2) disagree,4,True,recode,0
9a942cf7-459d-4de2-aa4a-9b084cd8f59a,prca02,likert5,2) disagree,5,True,recode,1
9a942cf7-459d-4de2-aa4a-9b084cd8f59a,prca03,likert5,1) strongly disagree,5,True,recode,0
9a942cf7-459d-4de2-aa4a-9b084cd8f59a,prca04,likert5,4) agree,1,True,recode,1
9a942cf7-459d-4de2-aa4a-9b084cd8f59a,prca05,likert5,3) neutral,4,True,recode,0
9a942cf7-459d-4de2-aa4a-9b084cd8f59a,prca06,likert5,1) strongly disagree,1,True,recode,1
9a942cf7-459d-4de2-aa4a-9b084cd8f59a,prca13,likert5,2) disagree,4,True,recode,0
9a942cf7-459d-4de2-aa4a-9b084cd8f59a,prca14,likert5,4) agree,2,True,recode,1
9a942cf7-459d-4de2-aa4a-9b084cd8f59a,prca15,likert5,3) neutral,5,True,recode,0
9a942cf7-459d-4de2-aa4a-9b084cd8f59a,prca16,likert5,3) neutral,1,True,recode,1
9a942cf7-459d-4de2-aa4a-9b084cd8f59a,prca17,likert5,2) disagree,2,True,recode,1
9a942cf7-459d-4de2-aa4a-9b084cd8f59a,prca18,likert5,4) agree,4,True,recode,0
53877442-b8a9-483e-8758-bdd7a41c6d9f,prca01,likert5,2) disagree,4,True,recode,0
53877442-b8a9-483e-8758-bdd7a41c6d9f,prca02,likert5,3) neutral,1,True,recode,1
53877442-b8a9-483e-8758-bdd7a41c6d9f,prca03,likert5,3) neutral,4,True,recode,0
53877442-b8a9-483e-8758-bdd7a41c6d9f,prca04,likert5,3) neutral,2,True,recode,1
53877442-b8a9-483e-8758-bdd7a41c6d9f,prca05,likert5,3) neutral,4,True,recode,0
53877442-b8a9-483e-8758-bdd7a41c6d9f,prca06,likert5,3) neutral,2,True,recode,1
53877442-b8a9-483e-8758-bdd7a41c6d9f,prca13,likert5,1) strongly disagree,4,True,recode,0
53877442-b8a9-483e-8758-bdd7a41c6d9f,prca14,likert5,1) strongly disagree,2,True,recode,1
53877442-b8a9-483e-8758-bdd7a41c6d9f,prca15,likert5,2) disagree,1,True,recode,0
53877442-b8a9-483e-8758-bdd7a41c6d9f,prca16,likert5,1) strongly disagree,2,True,recode,1
53877442-b8a9-483e-8758-bdd7a41c6d9f,prca17,likert5,3) neutral,2,True,recode,1
53877442-b8a9-483e-8758-bdd7a41c6d9f,prca18,likert5,3) neutral,4,True,recode,0
e74669d6-c423-499d-b1b2-c2351f34469d,prca01,likert5,3) neutral,5,True,recode,0
e74669d6-c423-499d-b1b2-c2351f34469d,prca02,likert5,4) agree,2,True,recode,1
e74669d6-c423-499d-b1b2-c2351f34469d,prca03,likert5,3) neutral,4,True,recode,0
e74669d6-c423-499d-b1b2-c2351f34469d,prca04,likert5,2) disagree,2,True,recode,1
e74669d6-c423-499d-b1b2-c2351f34469d,prca05,likert5,4) agree,4,True,recode,0
e74669d6-c423-499d-b1b2-c2351f34469d,prca06,likert5,2) disagree,2,True,recode,1
e74669d6-c423-499d-b1b2-c2351f34469d,prca13,likert5,1) strongly disagree,5,True,recode,0
e74669d6-c423-499d-b1b2-c2351f34469d,prca14,likert5,4) agree,2,True,recode,1
e74669d6-c423-499d-b1b2-c2351f34469d,prca15,likert5,3) neutral,4,True,recode,0
e74669d6-c423-499d-b1b2-c2351f34469d,prca16,likert5,3) neutral,2,True,recode,1
e74669d6-c423-499d-b1b2-c2351f34469d,prca17,likert5,2) disagree,1,True,recode,1
e74669d6-c423-499d-b1b2-c2351f34469d,prca18,likert5,3) neutral,4,True,recode,0
fa65c210-337a-4e15-bbca-c2b886d45eab,prca01,likert5,1) strongly disagree,5,True,recode,0
fa65c210-337a-4e15-bbca-c2b886d45eab,prca02,likert5,3) neutral,1,True,recode,1
fa65c210-337a-4e15-bbca-c2b886d45eab,prca03,likert5,4) agree,4,True,recode,0
fa65c210-337a-4e15-bbca-c2b886d45eab,prca04,likert5,3) neutral,2,True,recode,1
fa65c210-337a-4e15-bbca-c2b886d45eab,prca05,likert5,2) disagree,5,True,recode,0
fa65c210-337a-4e15-bbca-c2b886d45eab,prca06,likert5,2) disagree,5,True,recode,1
fa65c210-337a-4e15-bbca-c2b886d45eab,prca13,likert5,2) disagree,4,True,recode,0
fa65c210-337a-4e15-bbca-c2b886d45eab,prca14,likert5,3) neutral,1,True,recode,1
fa65c210-337a-4e15-bbca-c2b886d45eab,prca15,likert5,3) neutral,4,True,recode,0
fa65c210-337a-4e15-bbca-c2b886d45eab,prca16,likert5,2) disagree,1,True,recode,1
fa65c210-337a-4e15-bbca-c2b886d45eab,prca17,likert5,4) agree,2,True,recode,1
fa65c210-337a-4e15-bbca-c2b886d45eab,prca18,likert5,1) strongly disagree,5,True,recode,0
6df7e724-8e43-4b58-a0bd-b5036b3f00bc,prca01,likert5,3) neutral,4,True,recode,0
6df7e724-8e43-4b58-a0bd-b5036b3f00bc,prca02,likert5,4) agree,2,True,recode,1
6df7e724-8e43-4b58-a0bd-b5036b3f00bc,prca03,likert5,3) neutral,4,True,recode,0
6df7e724-8e43-4b58-a0bd-b5036b3f00bc,prca04,likert5,2) disagree,2,True,recode,1
6df7e724-8e43-4b58-a0bd-b5036b3f00bc,prca05,likert5,1) strongly disagree,5,True,recode,0
6df7e724-8e43-4b58-a0bd-b5036b3f00bc,prca06,likert5,4) agree,2,True,recode,1
6df7e724-8e43-4b58-a0bd-b5036b3f00bc,prca13,likert5,3) neutral,4,True,recode,0
6df7e724-8e43-4b58-a0bd-b5036b3f00bc,prca14,likert5,3) neutral,2,True,recode,1
6df7e724-8e43-4b58-a0bd-b5036b3f00bc,prca15,likert5,3) neutral,4,True,recode,0
6df7e724-8e43-4b58-a0bd-b5036b3f00bc,prca16,likert5,3) neutral,2,True,recode,1
6df7e724-8e43-4b58-a0bd-b5036b3f00bc,prca17,likert5,3) neutral,2,True,recode,1
6df7e724-8e43-4b58-a0bd-b5036b3f00bc,prca18,likert5,1) strongly disagree,1,True,recode,0
8797be71-3cd1-488b-94d9-834e24301f1d,prca01,likert5,4) agree,4,True,recode,0
8797be71-3cd1-488b-94d9-834e24301f1d,prca02,likert5,4) agree,2,True,recode,1
8797be71-3cd1-488b-94d9-834e24301f1d,prca03,likert5,3) neutral,4,True,recode,0
8797be71-3cd1-488b-94d9-834e24301f1d,prca04,likert5,2) disagree,1,True,recode,1
8797be71-3cd1-488b-94d9-834e24301f1d,prca05,likert5,4) agree,4,True,recode,0
8797be71-3cd1-488b-94d9-834e24301f1d,prca06,likert5,2) disagree,1,True,recode,1
8797be71-3cd1-488b-94d9-834e24301f1d,prca13,likert5,4) agree,4,True,recode,0
8797be71-3cd1-488b-94d9-834e24301f1d,prca14,likert5,3) neutral,2,True,recode,1
8797be71-3cd1-488b-94d9-834e24301f1d,prca15,likert5,4) agree,4,True,recode,0
8797be71-3cd1-488b-94d9-834e24301f1d,prca16,likert5,3) neutral,2,True,recode,1
8797be71-3cd1-488b-94d9-834e24301f1d,prca17,likert5,3) neutral,2,True,recode,1
8797be71-3cd1-488b-94d9-834e24301f1d,prca18,likert5,1) strongly disagree,5,True,recode,0
ca4483a5-a6a8-47fc-9118-3b4ecbed7e18,prca01,likert5,4) agree,4,True,recode,0
ca4483a5-a6a8-47fc-9118-3b4ecbed7e18,prca02,likert5,1) strongly disagree,1,True,recode,1
ca4483a5-a6a8-47fc-9118-3b4ecbed7e18,prca03,likert5,2) disagree,4,True,recode,0
ca4483a5-a6a8-47fc-9118-3b4ecbed7e18,prca04,likert5,4) agree,1,True,recode,1
ca4483a5-a6a8-47fc-9118-3b4ecbed7e18,prca05,likert5,4) agree,5,True,recode,0
ca4483a5-a6a8-47fc-9118-3b4ecbed7e18,prca06,likert5,3) neutral,2,True,recode,1
ca4483a5-a6a8-47fc-9118-3b4ecbed7e18,prca13,likert5,3) neutral,4,True,recode,0
ca4483a5-a6a8-47fc-9118-3b4ecbed7e18,prca14,likert5,3) neutral,2,True,recode,1
ca4483a5-a6a8-47fc-9118-3b4ecbed7e18,prca15,likert5,4) agree,4,True,recode,0
ca4483a5-a6a8-47fc-9118-3b4ecbed7e18,prca16,likert5,3) neutral,2,True,recode,1
ca4483a5-a6a8-47fc-9118-3b4ecbed7e18,prca17,likert5,3) neutral,2,True,recode,1
ca4483a5-a6a8-47fc-9118-3b4ecbed7e18,prca18,likert5,4) agree,4,True,recode,0
ed9016b1-17dc-49e1-9d9f-87ecb0b0b640,prca01,likert5,3) neutral,4,True,recode,0
ed9016b1-17dc-49e1-9d9f-87ecb0b0b640,prca02,likert5,2) disagree,2,True,recode,1
ed9016b1-17dc-49e1-9d9f-87ecb0b0b640,prca03,likert5,2) disagree,4,True,recode,0
ed9016b1-17dc-49e1-9d9f-87ecb0b0b640,prca04,likert5,3) neutral,2,True,recode,1
ed9016b1-17dc-49e1-9d9f-87ecb0b0b640,prca05,likert5,3) neutral,4,True,recode,0
ed9016b1-17dc-49e1-9d9f-87ecb0b0b640,prca06,likert5,3) neutral,2,True,recode,1
ed9016b1-17dc-49e1-9d9f-87ecb0b0b640,prca13,likert5,2) disagree,2,True,recode,0
ed9016b1-17dc-49e1-9d9f-87ecb0b0b640,prca14,likert5,5) strongly agree,2,True,recode,1
ed9016b1-17dc-49e1-9d9f-87ecb0b0b640,prca15,likert5,2) disagree,4,True,recode,0
ed9016b1-17dc-49e1-9d9f-87ecb0b0b640,prca16,likert5,4) agree,2,True,recode,1
ed9016b1-17dc-49e1-9d9f-87ecb0b0b640,prca17,likert5,3) neutral,2,True,recode,1
ed9016b1-17dc-49e1-9d9f-87ecb0b0b640,prca18,likert5,2) disagree,5,True,recode,0
51e701ee-732d-4849-9ed9-ba502399547a,prca01,likert5,1) strongly disagree,4,True,recode,0
51e701ee-732d-4849-9ed9-ba502399547a,prca02,likert5,2) disagree,2,True,recode,1
51e701ee-732d-4849-9ed9-ba502399547a,prca03,likert5,2) disagree,5,True,recode,0
51e701ee-732d-4849-9ed9-ba502399547a,prca04,likert5,2) disagree,2,True,recode,1
51e701ee-732d-4849-9ed9-ba502399547a,prca05,likert5,3) neutral,5,True,recode,0
51e701ee-732d-4849-9ed9-ba502399547a,prca06,likert5,2) disagree,3,True,recode,1
51e701ee-732d-4849-9ed9-ba502399547a,prca13,likert5,4) agree,5,True,recode,0
51e701ee-732d-4849-9ed9-ba502399547a,prca14,likert5,4) agree,2,True,recode,1
51e701ee-732d-4849-9ed9-ba502399547a,prca15,likert5,2) disagree,4,True,recode,0
51e701ee-732d-4849-9ed9-ba502399547a,prca16,likert5,3) neutral,2,True,recode,1
51e701ee-732d-4849-9ed9-ba502399547a,prca17,likert5,3) neutral,1,True,recode,1
51e701ee-732d-4849-9ed9-ba502399547a,prca18,likert5,2) disagree,5,True,recode,0
39bfb450-59c8-43fd-8b0f-b4d33dad6eeb,prca01,likert5,4) agree,4,True,recode,0
39bfb450-59c8-43fd-8b0f-b4d33dad6eeb,prca02,likert5,1) strongly disagree,1,True,recode,1
39bfb450-59c8-43fd-8b0f-b4d33dad6eeb,prca03,likert5,2) disagree,5,True,recode,0
39bfb450-59c8-43fd-8b0f-b4d33dad6eeb,prca04,likert5,1) strongly disagree,1,True,recode,1
39bfb450-59c8-43fd-8b0f-b4d33dad6eeb,prca05,likert5,1) strongly disagree,5,True,recode,0
39bfb450-59c8-43fd-8b0f-b4d33dad6eeb,prca06,likert5,2) disagree,2,True,recode,1
39bfb450-59c8-43fd-8b0f-b4d33dad6eeb,prca13,likert5,1) strongly disagree,4,True,recode,0
39bfb450-59c8-43fd-8b0f-b4d33dad6eeb,prca14,likert5,5) strongly agree,2,True,recode,1
39bfb450-59c8-43fd-8b0f-b4d33dad6eeb,prca15,likert5,4) agree,4,True,recode,0
39bfb450-59c8-43fd-8b0f-b4d33dad6eeb,prca16,likert5,4) agree,1,True,recode,1
39bfb450-59c8-43fd-8b0f-b4d33dad6eeb,prca17,likert5,3) neutral,2,True,recode,1
39bfb450-59c8-43fd-8b0f-b4d33dad6eeb,prca18,likert5,2) disagree,5,True,recode,0
f3e8de96-bfb7-48ea-b3d3-c6fa3c72611c,prca01,likert5,1) strongly disagree,5,True,recode,0
f3e8de96-bfb7-48ea-b3d3-c6fa3c72611c,prca02,likert5,4) agree,1,True,recode,1
f3e8de96-bfb7-48ea-b3d3-c6fa3c72611c,prca03,likert5,2) disagree,4,True,recode,0
f3e8de96-bfb7-48ea-b3d3-c6fa3c72611c,prca04,likert5,1) strongly disagree,5,True,recode,1
f3e8de96-bfb7-48ea-b3d3-c6fa3c72611c,prca05,likert5,1) strongly disagree,5,True,recode,0
f3e8de96-bfb7-48ea-b3d3-c6fa3c72611c,prca06,likert5,3) neutral,2,True,recode,1
f3e8de96-bfb7-48ea-b3d3-c6fa3c72611c,prca13,likert5,2) disagree,4,True,recode,0
f3e8de96-bfb7-48ea-b3d3-c6fa3c72611c,prca14,likert5,3) neutral,4,True,recode,1
f3e8de96-bfb7-48ea-b3d3-c6fa3c72611c,prca15,likert5,3) neutral,4,True,recode,0
f3e8de96-bfb7-48ea-b3d3-c6fa3c72611c,prca16,likert5,2) disagree,1,True,recode,1
f3e8de96-bfb7-48ea-b3d3-c6fa3c72611c,prca17,likert5,3) neutral,2,True,recode,1
f3e8de96-bfb7-48ea-b3d3-c6fa3c72611c,prca18,likert5,4) agree,4,True,recode,0
a45c5782-68a6-48de-9973-5e34999d3552,prca01,likert5,3) neutral,4,True,recode,0
a45c5782-68a6-48de-9973-5e34999d3552,prca02,likert5,2) disagree,2,True,recode,1
a45c5782-68a6-48de-9973-5e34999d3552,prca03,likert5,2) disagree,5,True,recode,0
a45c5782-68a6-48de-9973-5e34999d3552,prca04,likert5,4) agree,2,True,recode,1
a45c5782-68a6-48de-9973-5e34999d3552,prca05,likert5,3) neutral,4,True,recode,0
a45c5782-68a6-48de-9973-5e34999d3552,prca06,likert5,3) neutral,2,True,recode,1
a45c5782-68a6-48de-9973-5e34999d3552,prca13,likert5,3) neutral,4,True,recode,0
a45c5782-68a6-48de-9973-5e34999d3552,prca14,likert5,1) strongly disagree,1,True,recode,1
a45c5782-68a6-48de-9973-5e34999d3552,prca15,likert5,1) strongly disagree,5,True,recode,0
a45c5782-68a6-48de-9973-5e34999d3552,prca16,likert5,2) disagree,2,True,recode,1
a45c5782-68a6-48de-9973-5e34999d3552,prca17,likert5,1) strongly disagree,1,True,recode,1
a45c5782-68a6-48de-9973-5e34999d3552,prca18,likert5,3) neutral,4,True,recode,0
1ff645d7-33a4-4931-8663-8e5fbdacedaa,prca01,likert5,1) strongly disagree,5,True,recode,0
1ff645d7-33a4-4931-8663-8e5fbdacedaa,prca02,likert5,2) disagree,1,True,recode,1
1ff645d7-33a4-4931-8663-8e5fbdacedaa,prca03,likert5,3) neutral,5,True,recode,0
1ff645d7-33a4-4931-8663-8e5fbdacedaa,prca04,likert5,4) agree,2,True,recode,1
1ff645d7-33a4-4931-8663-8e5fbdacedaa,prca05,likert5,2) disagree,5,True,recode,0
1ff645d7-33a4-4931-8663-8e5fbdacedaa,prca06,likert5,3) neutral,2,True,recode,1
1ff645d7-33a4-4931-8663-8e5fbdacedaa,prca13,likert5,2) disagree,4,True,recode,0
1ff645d7-33a4-4931-8663-8e5fbdacedaa,prca14,likert5,3) neutral,2,True,recode,1
1ff645d7-33a4-4931-8663-8e5fbdacedaa,prca15,likert5,3) neutral,4,True,recode,0
1ff645d7-33a4-4931-8663-8e5fbdacedaa,prca16,likert5,1) strongly disagree,5,True,recode,1
1ff645d7-33a4-4931-8663-8e5fbdacedaa,prca17,likert5,2) disagree,2,True,recode,1
1ff645d7-33a4-4931-8663-8e5fbdacedaa,prca18,likert5,3) neutral,4,True,recode,0
00745255-605f-4e20-94ff-04689d12ad0b,prca01,likert5,2) disagree,5,True,recode,0
00745255-605f-4e20-94ff-04689d12ad0b,prca02,likert5,3) neutral,2,True,recode,1
00745255-605f-4e20-94ff-04689d12ad0b,prca03,likert5,4) agree,5,True,recode,0
00745255-605f-4e20-94ff-04689d12ad0b,prca04,likert5,1) strongly disagree,1,True,recode,1
00745255-605f-4e20-94ff-04689d12ad0b,prca05,likert5,1) strongly disagree,5,True,recode,0
00745255-605f-4e20-94ff-04689d12ad0b,prca06,likert5,4) agree,2,True,recode,1
00745255-605f-4e20-94ff-04689d12ad0b,prca13,likert5,1) strongly disagree,5,True,recode,0
00745255-605f-4e20-94ff-04689d12ad0b,prca14,likert5,4) agree,1,True,recode,1
00745255-605f-4e20-94ff-04689d12ad0b,prca15,likert5,1) strongly disagree,5,True,recode,0
00745255-605f-4e20-94ff-04689d12ad0b,prca16,likert5,4) agree,2,True,recode,1
00745255-605f-4e20-94ff-04689d12ad0b,prca17,likert5,3) neutral,4,True,recode,1
00745255-605f-4e20-94ff-04689d12ad0b,prca18,likert5,2) disagree,5,True,recode,0
2d80f95e-b943-4217-8dc3-dc1493b1294b,prca01,likert5,4) agree,4,True,recode,0
2d80f95e-b943-4217-8dc3-dc1493b1294b,prca02,likert5,4) agree,1,True,recode,1
2d80f95e-b943-4217-8dc3-dc1493b1294b,prca03,likert5,2) disagree,4,True,recode,0
2d80f95e-b943-4217-8dc3-dc1493b1294b,prca04,likert5,3) neutral,2,True,recode,1
2d80f95e-b943-4217-8dc3-dc1493b1294b,prca05,likert5,3) neutral,4,True,recode,0
2d80f95e-b943-4217-8dc3-dc1493b1294b,prca06,likert5,3) neutral,3,True,recode,1
2d80f95e-b943-4217-8dc3-dc1493b1294b,prca13,likert5,2) disagree,4,True,recode,0
2d80f95e-b943-4217-8dc3-dc1493b1294b,prca14,likert5,3) neutral,2,True,recode,1
2d80f95e-b943-4217-8dc3-dc1493b1294b,prca15,likert5,4) agree,4,True,recode,0
2d80f95e-b943-4217-8dc3-dc1493b1294b,prca16,likert5,1) strongly disagree,2,True,recode,1
2d80f95e-b943-4217-8dc3-dc1493b1294b,prca17,likert5,4) agree,5,True,recode,1
2d80f95e-b943-4217-8dc3-dc1493b1294b,prca18,likert5,3) neutral,4,True,recode,0
2220b018-6bc3-4d07-8802-0175ed52de78,prca01,likert5,3) neutral,4,True,recode,0
2220b018-6bc3-4d07-8802-0175ed52de78,prca02,likert5,2) disagree,2,True,recode,1
2220b018-6bc3-4d07-8802-0175ed52de78,prca03,likert5,4) agree,4,True,recode,0
2220b018-6bc3-4d07-8802-0175ed52de78,prca04,likert5,4) agree,1,True,recode,1
2220b018-6bc3-4d07-8802-0175ed52de78,prca05,likert5,3) neutral,4,True,recode,0
2220b018-6bc3-4d07-8802-0175ed52de78,prca06,likert5,2) disagree,1,True,recode,1
2220b018-6bc3-4d07-8802-0175ed52de78,prca13,likert5,3) neutral,2,True,recode,0
2220b018-6bc3-4d07-8802-0175ed52de78,prca14,likert5,3) neutral,2,True,recode,1
2220b018-6bc3-4d07-8802-0175ed52de78,prca15,likert5,3) neutral,4,True,recode,0
2220b018-6bc3-4d07-8802-0175ed52de78,prca16,likert5,2) disagree,1,True,recode,1
2220b018-6bc3-4d07-8802-0175ed52de78,prca17,likert5,2) disagree,1,True,recode,1
2220b018-6bc3-4d07-8802-0175ed52de78,prca18,likert5,2) disagree,5,True,recode,0
de8a61b5-bbe2-4e8b-b8a0-25b1f443a8ec,prca01,likert5,3) neutral,4,True,recode,0
de8a61b5-bbe2-4e8b-b8a0-25b1f443a8ec,prca02,likert5,3) neutral,1,True,recode,1
de8a61b5-bbe2-4e8b-b8a0-25b1f443a8ec,prca03,likert5,2) disagree,5,True,recode,0
de8a61b5-bbe2-4e8b-b8a0-25b1f443a8ec,prca04,likert5,5) strongly agree,3,True,recode,1
de8a61b5-bbe2-4e8b-b8a0-25b1f443a8ec,prca05,likert5,1) strongly disagree,4,True,recode,0
de8a61b5-bbe2-4e8b-b8a0-25b1f443a8ec,prca06,likert5,3) neutral,2,True,recode,1
de8a61b5-bbe2-4e8b-b8a0-25b1f443a8ec,prca13,likert5,3) neutral,4,True,recode,0
de8a61b5-bbe2-4e8b-b8a0-25b1f443a8ec,prca14,likert5,4) agree,2,True,recode,1
de8a61b5-bbe2-4e8b-b8a0-25b1f443a8ec,prca15,likert5,1) strongly disagree,5,True,recode,0
de8a61b5-bbe2-4e8b-b8a0-25b1f443a8ec,prca16,likert5,2) disagree,5,True,recode,1
de8a61b5-bbe2-4e8b-b8a0-25b1f443a8ec,prca17,likert5,3) neutral,2,True,recode,1
de8a61b5-bbe2-4e8b-b8a0-25b1f443a8ec,prca18,likert5,3) neutral,5,True,recode,0
2bee6d5c-af99-44b1-b6aa-a67bd584f0bb,prca01,likert5,3) neutral,4,True,recode,0
2bee6d5c-af99-44b1-b6aa-a67bd584f0bb,prca02,likert5,2) disagree,1,True,recode,1
2bee6d5c-af99-44b1-b6aa-a67bd584f0bb,prca03,likert5,1) strongly disagree,5,True,recode,0
2bee6d5c-af99-44b1-b6aa-a67bd584f0bb,prca04,likert5,2) disagree,1,True,recode,1
2bee6d5c-af99-44b1-b6aa-a67bd584f0bb,prca05,likert5,2) disagree,4,True,recode,0
2bee6d5c-af99-44b1-b6aa-a67bd584f0bb,prca06,likert5,4) agree,2,True,recode,1
2bee6d5c-af99-44b1-b6aa-a67bd584f0bb,prca13,likert5,1) strongly disagree,5,True,recode,0
2bee6d5c-af99-44b1-b6aa-a67bd584f0bb,prca14,likert5,3) neutral,2,True,recode,1
2bee6d5c-af99-44b1-b6aa-a67bd584f0bb,prca15,likert5,1) strongly disagree,5,True,recode,0
2bee6d5c-af99-44b1-b6aa-a67bd584f0bb,prca16,likert5,4) agree,3,True,recode,1
2bee6d5c-af99-44b1-b6aa-a67bd584f0bb,prca17,likert5,3) neutral,2,True,recode,1
2bee6d5c-af99-44b1-b6aa-a67bd584f0bb,prca18,likert5,3) neutral,4,True,recode,0
f38edfb3-c02d-4b4f-b04a-778a419291e3,prca01,likert5,2) disagree,5,True,recode,0
f38edfb3-c02d-4b4f-b04a-778a419291e3,prca02,likert5,3) neutral,1,True,recode,1
f38edfb3-c02d-4b4f-b04a-778a419291e3,prca03,likert5,3) neutral,4,True,recode,0
f38edfb3-c02d-4b4f-b04a-778a419291e3,prca04,likert5,1) strongly disagree,5,True,recode,1
f38edfb3-c02d-4b4f-b04a-778a419291e3,prca05,likert5,3) neutral,4,True,recode,0
f38edfb3-c02d-4b4f-b04a-778a419291e3,prca06,likert5,3) neutral,2,True,recode,1
f38edfb3-c02d-4b4f-b04a-778a419291e3,prca13,likert5,3) neutral,4,True,recode,0
f38edfb3-c02d-4b4f-b04a-778a419291e3,prca14,likert5,4) agree,2,True,recode,1
f38edfb3-c02d-4b4f-b04a-778a419291e3,prca15,likert5,2) disagree,4,True,recode,0
f38edfb3-c02d-4b4f-b04a-778a419291e3,prca16,likert5,3) neutral,2,True,recode,1
f38edfb3-c02d-4b4f-b04a-778a419291e3,prca17,likert5,2) disagree,2,True,recode,1
f38edfb3-c02d-4b4f-b04a-778a419291e3,prca18,likert5,2) disagree,4,True,recode,0
34bfa95b-d4cb-44ea-9882-da400ab52dc3,prca01,likert5,2) disagree,4,True,recode,0
34bfa95b-d4cb-44ea-9882-da400ab52dc3,prca02,likert5,3) neutral,2,True,recode,1
34bfa95b-d4cb-44ea-9882-da400ab52dc3,prca03,likert5,3) neutral,4,True,recode,0
34bfa95b-d4cb-44ea-9882-da400ab52dc3,prca04,likert5,4) agree,2,True,recode,1
34bfa95b-d4cb-44ea-9882-da400ab52dc3,prca05,likert5,2) disagree,4,True,recode,0
34bfa95b-d4cb-44ea-9882-da400ab52dc3,prca06,likert5,2) disagree,2,True,recode,1
34bfa95b-d4cb-44ea-9882-da400ab52dc3,prca13,likert5,1) strongly disagree,5,True,recode,0
34bfa95b-d4cb-44ea-9882-da400ab52dc3,prca14,likert5,3) neutral,2,True,recode,1
34bfa95b-d4cb-44ea-9882-da400ab52dc3,prca15,likert5,3) neutral,4,True,recode,0
34bfa95b-d4cb-44ea-9882-da400ab52dc3,prca16,likert5,3) neutral,1,True,recode,1
34bfa95b-d4cb-44ea-9882-da400ab52dc3,prca17,likert5,4) agree,2,True,recode,1
34bfa95b-d4cb-44ea-9882-da400ab52dc3,prca18,likert5,4) agree,4,True,recode,0
0c56ca0e-37e2-4da3-91a1-b01852a5773f,prca01,likert5,3) neutral,4,True,recode,0
0c56ca0e-37e2-4da3-91a1-b01852a5773f,prca02,likert5,4) agree,2,True,recode,1
0c56ca0e-37e2-4da3-91a1-b01852a5773f,prca03,likert5,4) agree,4,True,recode,0
0c56ca0e-37e2-4da3-91a1-b01852a5773f,prca04,likert5,3) neutral,2,True,recode,1
0c56ca0e-37e2-4da3-91a1-b01852a5773f,prca05,likert5,3) neutral,4,True,recode,0
0c56ca0e-37e2-4da3-91a1-b01852a5773f,prca06,likert5,3) neutral,2,True,recode,1
0c56ca0e-37e2-4da3-91a1-b01852a5773f,prca13,likert5,1) strongly disagree,5,True,recode,0
0c56ca0e-37e2-4da3-91a1-b01852a5773f,prca14,likert5,2) disagree,2,True,recode,1
0c56ca0e-37e2-4da3-91a1-b01852a5773f,prca15,likert5,2) disagree,3,True,recode,0
0c56ca0e-37e2-4da3-91a1-b01852a5773f,prca16,likert5,3) neutral,2,True,recode,1
0c56ca0e-37e2-4da3-91a1-b01852a5773f,prca17,likert5,4) agree,2,True,recode,1
0c56ca0e-37e2-4da3-91a1-b01852a5773f,prca18,likert5,3) neutral,4,True,recode,0
68483012-e99b-495a-98ec-a91e336c6273,prca01,likert5,3) neutral,4,True,recode,0
68483012-e99b-495a-98ec-a91e336c6273,prca02,likert5,2) disagree,2,True,recode,1
68483012-e99b-495a-98ec-a91e336c6273,prca03,likert5,2) disagree,4,True,recode,0
68483012-e99b-495a-98ec-a91e336c6273,prca04,likert5,2) disagree,2,True,recode,1
68483012-e99b-495a-98ec-a91e336c6273,prca05,likert5,1) strongly disagree,5,True,recode,0
68483012-e99b-495a-98ec-a91e336c6273,prca06,likert5,3) neutral,2,True,recode,1
68483012-e99b-495a-98ec-a91e336c6273,prca13,likert5,4) agree,4,True,recode,0
68483012-e99b-495a-98ec-a91e336c6273,prca14,likert5,4) agree,1,True,recode,1
68483012-e99b-495a-98ec-a91e336c6273,prca15,likert5,3) neutral,4,True,recode,0
68483012-e99b-495a-98ec-a91e336c6273,prca16,likert5,3) neutral,2,True,recode,1
68483012-e99b-495a-98ec-a91e336c6273,prca17,likert5,2) disagree,2,True,recode,1
68483012-e99b-495a-98ec-a91e336c6273,prca18,likert5,4) agree,5,True,recode,0
165e4cfd-018a-41b5-be42-8423fc442153,prca01,likert5,1) strongly disagree,3,True,recode,0
165e4cfd-018a-41b5-be42-8423fc442153,prca02,likert5,2) disagree,3,True,recode,1
165e4cfd-018a-41b5-be42-8423fc442153,prca03,likert5,3) neutral,4,True,recode,0
165e4cfd-018a-41b5-be42-8423fc442153,prca04,likert5,3) neutral,1,True,recode,1
165e4cfd-018a-41b5-be42-8423fc442153,prca05,likert5,2) disagree,4,True,recode,0
165e4cfd-018a-41b5-be42-8423fc442153,prca06,likert5,3) neutral,2,True,recode,1
165e4cfd-018a-41b5-be42-8423fc442153,prca13,likert5,3) neutral,4,True,recode,0
165e4cfd-018a-41b5-be42-8423fc442153,prca14,likert5,2) disagree,1,True,recode,1
165e4cfd-018a-41b5-be42-8423fc442153,prca15,likert5,3) neutral,4,True,recode,0
165e4cfd-018a-41b5-be42-8423fc442153,prca16,likert5,2) disagree,2,True,recode,1
165e4cfd-018a-41b5-be42-8423fc442153,prca17,likert5,3) neutral,2,True,recode,1
165e4cfd-018a-41b5-be42-8423fc442153,prca18,likert5,1) strongly disagree,5,True,recode,0
9014fe1c-91ce-4844-929f-413452fc8b3e,prca01,likert5,2) disagree,4,True,recode,0
9014fe1c-91ce-4844-929f-413452fc8b3e,prca02,likert5,3) neutral,2,True,recode,1
9014fe1c-91ce-4844-929f-413452fc8b3e,prca03,likert5,3) neutral,4,True,recode,0
9014fe1c-91ce-4844-929f-413452fc8b3e,prca04,likert5,1,5,True,validated,1
9014fe1c-91ce-4844-929f-413452fc8b3e,prca05,likert5,2) disagree,4,True,recode,0
9014fe1c-91ce-4844-929f-413452fc8b3e,prca06,likert5,3) neutral,2,True,recode,1
9014fe1c-91ce-4844-929f-413452fc8b3e,prca13,likert5,3) neutral,5,True,recode,0
9014fe1c-91ce-4844-929f-413452fc8b3e,prca14,likert5,3) neutral,1,True,recode,1
9014fe1c-91ce-4844-929f-413452fc8b3e,prca15,likert5,4) agree,4,True,recode,0
9014fe1c-91ce-4844-929f-413452fc8b3e,prca16,likert5,3) neutral,2,True,recode,1
9014fe1c-91ce-4844-929f-413452fc8b3e,prca17,likert5,4) agree,2,True,recode,1
9014fe1c-91ce-4844-929f-413452fc8b3e,prca18,likert5,2) disagree,5,True,recode,0
3f55cc5d-e923-4a48-b691-3ba10d2872a9,prca01,likert5,3) neutral,4,True,recode,0
3f55cc5d-e923-4a48-b691-3ba10d2872a9,prca02,likert5,3) neutral,2,True,recode,1
3f55cc5d-e923-4a48-b691-3ba10d2872a9,prca03,likert5,2) disagree,5,True,recode,0
3f55cc5d-e923-4a48-b691-3ba10d2872a9,prca04,likert5,3) neutral,2,True,recode,1
3f55cc5d-e923-4a48-b691-3ba10d2872a9,prca05,likert5,3) neutral,4,True,recode,0
3f55cc5d-e923-4a48-b691-3ba10d2872a9,prca06,likert5,3) neutral,2,True,recode,1
3f55cc5d-e923-4a48-b691-3ba10d2872a9,prca13,likert5,3) neutral,4,True,recode,0
3f55cc5d-e923-4a48-b691-3ba10d2872a9,prca14,likert5,3) neutral,2,True,recode,1
3f55cc5d-e923-4a48-b691-3ba10d2872a9,prca15,likert5,3) neutral,4,True,recode,0
3f55cc5d-e923-4a48-b691-3ba10d2872a9,prca16,likert5,3) neutral,1,True,recode,1
3f55cc5d-e923-4a48-b691-3ba10d2872a9,prca17,likert5,2) disagree,2,True,recode,1
3f55cc5d-e923-4a48-b691-3ba10d2872a9,prca18,likert5,3) neutral,4,True,recode,0
3a72ec06-5a76-49f5-9e70-90e7f2b5f538,prca01,likert5,1) strongly disagree,5,True,recode,0
3a72ec06-5a76-49f5-9e70-90e7f2b5f538,prca02,likert5,3) neutral,2,True,recode,1
3a72ec06-5a76-49f5-9e70-90e7f2b5f538,prca03,likert5,4) agree,4,True,recode,0
3a72ec06-5a76-49f5-9e70-90e7f2b5f538,prca04,likert5,4) agree,2,True,recode,1
3a72ec06-5a76-49f5-9e70-90e7f2b5f538,prca05,likert5,2) disagree,3,True,recode,0
3a72ec06-5a76-49f5-9e70-90e7f2b5f538,prca06,likert5,5) strongly agree,4,True,recode,1
3a72ec06-5a76-49f5-9e70-90e7f2b5f538,prca13,likert5,3) neutral,5,True,recode,0
3a72ec06-5a76-49f5-9e70-90e7f2b5f538,prca14,likert5,3) neutral,1,True,recode,1
3a72ec06-5a76-49f5-9e70-90e7f2b5f538,prca15,likert5,1) strongly disagree,5,True,recode,0
3a72ec06-5a76-49f5-9e70-90e7f2b5f538,prca16,likert5,3) neutral,2,True,recode,1
3a72ec06-5a76-49f5-9e70-90e7f2b5f538,prca17,likert5,3) neutral,2,True,recode,1
3a72ec06-5a76-49f5-9e70-90e7f2b5f538,prca18,likert5,3) neutral,3,True,recode,0
1b4cbbdb-a204-4125-b988-b15519059d55,prca01,likert5,3) neutral,4,True,recode,0
1b4cbbdb-a204-4125-b988-b15519059d55,prca02,likert5,2) disagree,1,True,recode,1
1b4cbbdb-a204-4125-b988-b15519059d55,prca03,likert5,1) strongly disagree,5,True,recode,0
1b4cbbdb-a204-4125-b988-b15519059d55,prca04,likert5,4) agree,2,True,recode,1
1b4cbbdb-a204-4125-b988-b15519059d55,prca05,likert5,3) neutral,4,True,recode,0
1b4cbbdb-a204-4125-b988-b15519059d55,prca06,likert5,1) strongly disagree,1,True,recode,1
1b4cbbdb-a204-4125-b988-b15519059d55,prca13,likert5,1) strongly disagree,4,True,recode,0
1b4cbbdb-a204-4125-b988-b15519059d55,prca14,likert5,3) neutral,2,True,recode,1
1b4cbbdb-a204-4125-b988-b15519059d55,prca15,likert5,3) neutral,4,True,recode,0
1b4cbbdb-a204-4125-b988-b15519059d55,prca16,likert5,2) disagree,3,True,recode,1
1b4cbbdb-a204-4125-b988-b15519059d55,prca17,likert5,3) neutral,2,True,recode,1
1b4cbbdb-a204-4125-b988-b15519059d55,prca18,likert5,2) disagree,3,True,recode,0
19c70f11-c6dd-46db-9767-1a01e5a8b057,prca01,likert5,4) agree,4,True,recode,0
19c70f11-c6dd-46db-9767-1a01e5a8b057,prca02,likert5,3) neutral,2,True,recode,1
19c70f11-c6dd-46db-9767-1a01e5a8b057,prca03,likert5,1) strongly disagree.,5,True,recode,0
19c70f11-c6dd-46db-9767-1a01e5a8b057,prca04,likert5,3) neutral,2,True,recode,1
19c70f11-c6dd-46db-9767-1a01e5a8b057,prca05,likert5,3) neutral,4,True,recode,0
19c70f11-c6dd-46db-9767-1a01e5a8b057,prca06,likert5,1) strongly disagree,2,True,recode,1
19c70f11-c6dd-46db-9767-1a01e5a8b057,prca13,likert5,1) strongly disagree,5,True,recode,0
19c70f11-c6dd-46db-9767-1a01e5a8b057,prca14,likert5,5) strongly agree,2,True,recode,1
19c70f11-c6dd-46db-9767-1a01e5a8b057,prca15,likert5,4) agree,4,True,recode,0
19c70f11-c6dd-46db-9767-1a01e5a8b057,prca16,likert5,3) neutral,2,True,recode,1
19c70f11-c6dd-46db-9767-1a01e5a8b057,prca17,likert5,3) neutral,2,True,recode,1
19c70f11-c6dd-46db-9767-1a01e5a8b057,prca18,likert5,1) strongly disagree,4,True,recode,0
66d664f7-ce5d-4dfc-afe0-2ced3f9d6863,prca01,likert5,1) strongly disagree,5,True,recode,0
66d664f7-ce5d-4dfc-afe0-2ced3f9d6863,prca02,likert5,1) strongly disagree,5,True,recode,1
66d664f7-ce5d-4dfc-afe0-2ced3f9d6863,prca03,likert5,3) neutral,4,True,recode,0
66d664f7-ce5d-4dfc-afe0-2ced3f9d6863,prca04,likert5,2) disagree,2,True,recode,1
66d664f7-ce5d-4dfc-afe0-2ced3f9d6863,prca05,likert5,3) neutral,4,True,recode,0
66d664f7-ce5d-4dfc-afe0-2ced3f9d6863,prca06,likert5,3) neutral,2,True,recode,1
66d664f7-ce5d-4dfc-afe0-2ced3f9d6863,prca13,likert5,4) agree,4,True,recode,0
66d664f7-ce5d-4dfc-afe0-2ced3f9d6863,prca14,likert5,3) neutral,2,True,recode,1
66d664f7-ce5d-4dfc-afe0-2ced3f9d6863,prca15,likert5,1) strongly disagree,4,True,recode,0
66d664f7-ce5d-4dfc-afe0-2ced3f9d6863,prca16,likert5,3) neutral,2,True,recode,1
66d664f7-ce5d-4dfc-afe0-2ced3f9d6863,prca17,likert5,1) strongly disagree,3,True,recode,1
66d664f7-ce5d-4dfc-afe0-2ced3f9d6863,prca18,likert5,3) neutral,4,True,recode,0
384f599f-392b-454a-80d9-3d1e4f249f0b,prca01,likert5,1) strongly disagree,4,True,recode,0
384f599f-392b-454a-80d9-3d1e4f249f0b,prca02,likert5,4) agree,2,True,recode,1
384f599f-392b-454a-80d9-3d1e4f249f0b,prca03,likert5,3) neutral,4,True,recode,0
384f599f-392b-454a-80d9-3d1e4f249f0b,prca04,likert5,2) disagree,3,True,recode,1
384f599f-392b-454a-80d9-3d1e4f249f0b,prca05,likert5,3) neutral,4,True,recode,0
384f599f-392b-454a-80d9-3d1e4f249f0b,prca06,likert5,3) neutral,2,True,recode,1
384f599f-392b-454a-80d9-3d1e4f249f0b,prca13,likert5,3) neutral,5,True,recode,0
384f599f-392b-454a-80d9-3d1e4f249f0b,prca14,likert5,3) neutral,1,True,recode,1
384f599f-392b-454a-80d9-3d1e4f249f0b,prca15,likert5,3) neutral,4,True,recode,0
384f599f-392b-454a-80d9-3d1e4f249f0b,prca16,likert5,3) neutral,2,True,recode,1
384f599f-392b-454a-80d9-3d1e4f249f0b,prca17,likert5,3) neutral,2,True,recode,1
384f599f-392b-454a-80d9-3d1e4f249f0b,prca18,likert5,2) disagree,4,True,recode,0
0a1adf58-01a8-4b5e-bf86-a313636348e8,prca01,likert5,2) disagree,4,True,recode,0
0a1adf58-01a8-4b5e-bf86-a313636348e8,prca02,likert5,4) agree,2,True,recode,1
0a1adf58-01a8-4b5e-bf86-a313636348e8,prca03,likert5,2) disagree,5,True,recode,0
0a1adf58-01a8-4b5e-bf86-a313636348e8,prca04,likert5,3) neutral,2,True,recode,1
0a1adf58-01a8-4b5e-bf86-a313636348e8,prca05,likert5,3) neutral,4,True,recode,0
0a1adf58-01a8-4b5e-bf86-a313636348e8,prca06,likert5,3) neutral,1,True,recode,1
0a1adf58-01a8-4b5e-bf86-a313636348e8,prca13,likert5,3) neutral,4,True,recode,0
0a1adf58-01a8-4b5e-bf86-a313636348e8,prca14,likert5,4) agree,2,True,recode,1
0a1adf58-01a8-4b5e-bf86-a313636348e8,prca15,likert5,4) agree,4,True,recode,0
0a1adf58-01a8-4b5e-bf86-a313636348e8,prca16,likert5,4) agree,2,True,recode,1
0a1adf58-01a8-4b5e-bf86-a313636348e8,prca17,likert5,4) agree,2,True,recode,1
0a1adf58-01a8-4b5e-bf86-a313636348e8,prca18,likert5,3) neutral,4,True,recode,0
6fae9845-e1d7-482a-8f67-784358fc7887,prca01,likert5,2) disagree,4,True,recode,0
6fae9845-e1d7-482a-8f67-784358fc7887,prca02,likert5,3) neutral,2,True,recode,1
6fae9845-e1d7-482a-8f67-784358fc7887,prca03,likert5,4) agree,5,True,recode,0
6fae9845-e1d7-482a-8f67-784358fc7887,prca04,likert5,1) strongly disagree,1,True,recode,1
6fae9845-e1d7-482a-8f67-784358fc7887,prca05,likert5,3) neutral,4,True,recode,0
6fae9845-e1d7-482a-8f67-784358fc7887,prca06,likert5,4) agree,2,True,recode,1
6fae9845-e1d7-482a-8f67-784358fc7887,prca13,likert5,2) disagree,3,True,recode,0
6fae9845-e1d7-482a-8f67-784358fc7887,prca14,likert5,4) agree,2,True,recode,1
6fae9845-e1d7-482a-8f67-784358fc7887,prca15,likert5,4) agree,4,True,recode,0
6fae9845-e1d7-482a-8f67-784358fc7887,prca16,likert5,3) neutral,2,True,recode,1
6fae9845-e1d7-482a-8f67-784358fc7887,prca17,likert5,4) agree,2,True,recode,1
6fae9845-e1d7-482a-8f67-784358fc7887,prca18,likert5,2) disagree,5,True,recode,0
e7afd4cb-cc87-4775-a20d-670c52ff8ddc,prca01,likert5,3) neutral,3,True,recode,0
e7afd4cb-cc87-4775-a20d-670c52ff8ddc,prca02,likert5,4) agree,2,True,recode,1
e7afd4cb-cc87-4775-a20d-670c52ff8ddc,prca03,likert5,3) neutral,4,True,recode,0
e7afd4cb-cc87-4775-a20d-670c52ff8ddc,prca04,likert5,1),1,True,recode,1
e7afd4cb-cc87-4775-a20d-670c52ff8ddc,prca05,likert5,3) neutral,4,True,recode,0
e7afd4cb-cc87-4775-a20d-670c52ff8ddc,prca06,likert5,1) strongly disagree,1,True,recode,1
e7afd4cb-cc87-4775-a20d-670c52ff8ddc,prca13,likert5,2) disagree,5,True,recode,0
e7afd4cb-cc87-4775-a20d-670c52ff8ddc,prca14,likert5,2) disagree,1,True,recode,1
e7afd4cb-cc87-4775-a20d-670c52ff8ddc,prca15,likert5,3) neutral,4,True,recode,0
e7afd4cb-cc87-4775-a20d-670c52ff8ddc,prca16,likert5,3) neutral,2,True,recode,1
e7afd4cb-cc87-4775-a20d-670c52ff8ddc,prca17,likert5,2) disagree,2,True,recode,1
e7afd4cb-cc87-4775-a20d-670c52ff8ddc,prca18,likert5,3) neutral,4,True,recode,0
dabd9d2f-3b22-4563-a9ef-6b70d355f005,prca01,likert5,1) strongly disagree,5,True,recode,0
dabd9d2f-3b22-4563-a9ef-6b70d355f005,prca02,likert5,3) neutral,3,True,recode,1
dabd9d2f-3b22-4563-a9ef-6b70d355f005,prca03,likert5,3) neutral,4,True,recode,0
dabd9d2f-3b22-4563-a9ef-6b70d355f005,prca04,likert5,1,5,True,validated,1
dabd9d2f-3b22-4563-a9ef-6b70d355f005,prca05,likert5,1) strongly disagree,1,True,recode,0
dabd9d2f-3b22-4563-a9ef-6b70d355f005,prca06,likert5,2) disagree,2,True,recode,1
dabd9d2f-3b22-4563-a9ef-6b70d355f005,prca13,likert5,2) disagree,4,True,recode,0
dabd9d2f-3b22-4563-a9ef-6b70d355f005,prca14,likert5,4) agree,4,True,recode,1
dabd9d2f-3b22-4563-a9ef-6b70d355f005,prca15,likert5,4) agree,4,True,recode,0
dabd9d2f-3b22-4563-a9ef-6b70d355f005,prca16,likert5,3) neutral,1,True,recode,1
dabd9d2f-3b22-4563-a9ef-6b70d355f005,prca17,likert5,4) agree,2,True,recode,1
dabd9d2f-3b22-4563-a9ef-6b70d355f005,prca18,likert5,1,1,True,validated,0
067a4548-d0dd-4b5e-aafd-994aadb0ee17,prca01,likert5,4) agree,4,True,recode,0
067a4548-d0dd-4b5e-aafd-994aadb0ee17,prca02,likert5,4) agree,2,True,recode,1
067a4548-d0dd-4b5e-aafd-994aadb0ee17,prca03,likert5,3) neutral,4,True,recode,0
067a4548-d0dd-4b5e-aafd-994aadb0ee17,prca04,likert5,3) neutral,2,True,recode,1
067a4548-d0dd-4b5e-aafd-994aadb0ee17,prca05,likert5,2) disagree,5,True,recode,0
067a4548-d0dd-4b5e-aafd-994aadb0ee17,prca06,likert5,2) disagree,1,True,recode,1
067a4548-d0dd-4b5e-aafd-994aadb0ee17,prca13,likert5,2) disagree,4,True,recode,0
067a4548-d0dd-4b5e-aafd-994aadb0ee17,prca14,likert5,2) disagree,2,True,recode,1
067a4548-d0dd-4b5e-aafd-994aadb0ee17,prca15,likert5,1) strongly disagree,5,True,recode,0
067a4548-d0dd-4b5e-aafd-994aadb0ee17,prca16,likert5,4) agree,1,True,recode,1
067a4548-d0dd-4b5e-aafd-994aadb0ee17,prca17,likert5,1) strongly disagree,5,True,recode,1
067a4548-d0dd-4b5e-aafd-994aadb0ee17,prca18,likert5,2) disagree,4,True,recode,0
9042dc35-c7e3-4c84-bdf2-3290dac72712,prca01,likert5,3) neutral,4,True,recode,0
9042dc35-c7e3-4c84-bdf2-3290dac72712,prca02,likert5,2) disagree,2,True,recode,1
9042dc35-c7e3-4c84-bdf2-3290dac72712,prca03,likert5,4) agree,4,True,recode,0
9042dc35-c7e3-4c84-bdf2-3290dac72712,prca04,likert5,1) strongly disagree.,1,True,recode,1
9042dc35-c7e3-4c84-bdf2-3290dac72712,prca05,likert5,3) neutral,4,True,recode,0
9042dc35-c7e3-4c84-bdf2-3290dac72712,prca06,likert5,2) disagree,2,True,recode,1
9042dc35-c7e3-4c84-bdf2-3290dac72712,prca13,likert5,2) disagree,3,True,recode,0
9042dc35-c7e3-4c84-bdf2-3290dac72712,prca14,likert5,5) strongly agree,2,True,recode,1
9042dc35-c7e3-4c84-bdf2-3290dac72712,prca15,likert5,3) neutral,4,True,recode,0
9042dc35-c7e3-4c84-bdf2-3290dac72712,prca16,likert5,4) agree,1,True,recode,1
9042dc35-c7e3-4c84-bdf2-3290dac72712,prca17,likert5,3) neutral,2,True,recode,1
9042dc35-c7e3-4c84-bdf2-3290dac72712,prca18,likert5,3) neutral,4,True,recode,0
4722bec9-32fd-417d-86f0-82b53d01e703,prca01,likert5,3) neutral,5,True,recode,0
4722bec9-32fd-417d-86f0-82b53d01e703,prca02,likert5,2) disagree,2,True,recode,1
4722bec9-32fd-417d-86f0-82b53d01e703,prca03,likert5,1) strongly disagree,4,True,recode,0
4722bec9-32fd-417d-86f0-82b53d01e703,prca04,likert5,3) neutral,1,True,recode,1
4722bec9-32fd-417d-86f0-82b53d01e703,prca05,likert5,3) neutral,2,True,recode,0
4722bec9-32fd-417d-86f0-82b53d01e703,prca06,likert5,3) neutral,2,True,recode,1
4722bec9-32fd-417d-86f0-82b53d01e703,prca13,likert5,3) neutral,4,True,recode,0
4722bec9-32fd-417d-86f0-82b53d01e703,prca14,likert5,3) neutral,2,True,recode,1
4722bec9-32fd-417d-86f0-82b53d01e703,prca15,likert5,3) neutral,4,True,recode,0
4722bec9-32fd-417d-86f0-82b53d01e703,prca16,likert5,2) disagree,2,True,recode,1
4722bec9-32fd-417d-86f0-82b53d01e703,prca17,likert5,4) agree,2,True,recode,1
4722bec9-32fd-417d-86f0-82b53d01e703,prca18,likert5,2) disagree,3,True,recode,0
68727411-700f-497d-b159-cd11ba2b1caf,prca01,likert5,2) disagree,3,True,recode,0
68727411-700f-497d-b159-cd11ba2b1caf,prca02,likert5,3) neutral,2,True,recode,1
68727411-700f-497d-b159-cd11ba2b1caf,prca03,likert5,1) strongly disagree,4,True,recode,0
68727411-700f-497d-b159-cd11ba2b1caf,prca04,likert5,2) disagree,2,True,recode,1
68727411-700f-497d-b159-cd11ba2b1caf,prca05,likert5,2) disagree,5,True,recode,0
68727411-700f-497d-b159-cd11ba2b1caf,prca06,likert5,1) strongly disagree,1,True,recode,1
68727411-700f-497d-b159-cd11ba2b1caf,prca13,likert5,1) strongly disagree,5,True,recode,0
68727411-700f-497d-b159-cd11ba2b1caf,prca14,likert5,4) agree,2,True,recode,1
68727411-700f-497d-b159-cd11ba2b1caf,prca15,likert5,3) neutral,4,True,recode,0
68727411-700f-497d-b159-cd11ba2b1caf,prca16,likert5,3) neutral,2,True,recode,1
68727411-700f-497d-b159-cd11ba2b1caf,prca17,likert5,2) disagree,2,True,recode,1
68727411-700f-497d-b159-cd11ba2b1caf,prca18,likert5,3) neutral,4,True,recode,0
16b336ee-9ec4-4ccd-a94d-f6650c29f936,prca01,likert5,3) neutral,5,True,recode,0
16b336ee-9ec4-4ccd-a94d-f6650c29f936,prca02,likert5,4) agree,2,True,recode,1
16b336ee-9ec4-4ccd-a94d-f6650c29f936,prca03,likert5,2) disagree,4,True,recode,0
16b336ee-9ec4-4ccd-a94d-f6650c29f936,prca04,likert5,3) neutral,2,True,recode,1
16b336ee-9ec4-4ccd-a94d-f6650c29f936,prca05,likert5,3) neutral,4,True,recode,0
16b336ee-9ec4-4ccd-a94d-f6650c29f936,prca06,likert5,1) strongly disagree,2,True,recode,1
16b336ee-9ec4-4ccd-a94d-f6650c29f936,prca13,likert5,1) strongly disagree,5,True,recode,0
16b336ee-9ec4-4ccd-a94d-f6650c29f936,prca14,likert5,3) neutral,2,True,recode,1
16b336ee-9ec4-4ccd-a94d-f6650c29f936,prca15,likert5,1) strongly disagree,5,True,recode,0
16b336ee-9ec4-4ccd-a94d-f6650c29f936,prca16,likert5,3) neutral,2,True,recode,1
16b336ee-9ec4-4ccd-a94d-f6650c29f936,prca17,likert5,2) disagree,2,True,recode,1
16b336ee-9ec4-4ccd-a94d-f6650c29f936,prca18,likert5,4) agree,5,True,recode,0
1fed34e5-2d4d-42d5-8fb9-be7d311738eb,prca01,likert5,3) neutral,4,True,recode,0
1fed34e5-2d4d-42d5-8fb9-be7d311738eb,prca02,likert5,"1) strongly disagree, 2) disagree, 3) neutral, 4) agree, 5) strongly agree",5,True,recode,1
1fed34e5-2d4d-42d5-8fb9-be7d311738eb,prca03,likert5,4) agree,4,True,recode,0
1fed34e5-2d4d-42d5-8fb9-be7d311738eb,prca04,likert5,3) neutral,1,True,recode,1
1fed34e5-2d4d-42d5-8fb9-be7d311738eb,prca05,likert5,3) neutral,4,True,recode,0
1fed34e5-2d4d-42d5-8fb9-be7d311738eb,prca06,likert5,3) neutral,2,True,recode,1
1fed34e5-2d4d-42d5-8fb9-be7d311738eb,prca13,likert5,3) neutral,4,True,recode,0
1fed34e5-2d4d-42d5-8fb9-be7d311738eb,prca14,likert5,3) neutral,1,True,recode,1
1fed34e5-2d4d-42d5-8fb9-be7d311738eb,prca15,likert5,2) disagree,4,True,recode,0
1fed34e5-2d4d-42d5-8fb9-be7d311738eb,prca16,likert5,3) neutral,2,True,recode,1
1fed34e5-2d4d-42d5-8fb9-be7d311738eb,prca17,likert5,2) disagree,1,True,recode,1
1fed34e5-2d4d-42d5-8fb9-be7d311738eb,prca18,likert5,2) disagree,4,True,recode,0
3df11c1d-a1a1-445b-9434-f357242d9d5f,prca01,likert5,2) disagree,3,True,recode,0
3df11c1d-a1a1-445b-9434-f357242d9d5f,prca02,likert5,3) neutral,2,True,recode,1
3df11c1d-a1a1-445b-9434-f357242d9d5f,prca03,likert5,3) neutral,4,True,recode,0
3df11c1d-a1a1-445b-9434-f357242d9d5f,prca04,likert5,2) disagree,1,True,recode,1
3df11c1d-a1a1-445b-9434-f357242d9d5f,prca05,likert5,3) neutral,4,True,recode,0
3df11c1d-a1a1-445b-9434-f357242d9d5f,prca06,likert5,3) neutral,2,True,recode,1
3df11c1d-a1a1-445b-9434-f357242d9d5f,prca13,likert5,3) neutral,4,True,recode,0
3df11c1d-a1a1-445b-9434-f357242d9d5f,prca14,likert5,1) strongly disagree,1,True,recode,1
3df11c1d-a1a1-445b-9434-f357242d9d5f,prca15,likert5,1) strongly disagree,5,True,recode,0
3df11c1d-a1a1-445b-9434-f357242d9d5f,prca16,likert5,3) neutral,2,True,recode,1
3df11c1d-a1a1-445b-9434-f357242d9d5f,prca17,likert5,1) strongly disagree,1,True,recode,1
3df11c1d-a1a1-445b-9434-f357242d9d5f,prca18,likert5,3) neutral,4,True,recode,0
3c2d7933-6029-4f45-980b-38a9779b7321,prca01,likert5,4) agree,4,True,recode,0
3c2d7933-6029-4f45-980b-38a9779b7321,prca02,likert5,3) neutral,2,True,recode,1
3c2d7933-6029-4f45-980b-38a9779b7321,prca03,likert5,1) strongly disagree,5,True,recode,0
3c2d7933-6029-4f45-980b-38a9779b7321,prca04,likert5,1) strongly disagree,2,True,recode,1
3c2d7933-6029-4f45-980b-38a9779b7321,prca05,likert5,3) neutral,5,True,recode,0
3c2d7933-6029-4f45-980b-38a9779b7321,prca06,likert5,4) agree,2,True,recode,1
3c2d7933-6029-4f45-980b-38a9779b7321,prca13,likert5,3) neutral,4,True,recode,0
3c2d7933-6029-4f45-980b-38a9779b7321,prca14,likert5,4) agree,2,True,recode,1
3c2d7933-6029-4f45-980b-38a9779b7321,prca15,likert5,3) neutral,4,True,recode,0
3c2d7933-6029-4f45-980b-38a9779b7321,prca16,likert5,2) disagree,1,True,recode,1
3c2d7933-6029-4f45-980b-38a9779b7321,prca17,likert5,2) disagree,1,True,recode,1
3c2d7933-6029-4f45-980b-38a9779b7321,prca18,likert5,2) disagree,1,True,recode,0
77c9c773-9d72-4a98-a7b8-6e814cbc5bec,prca01,likert5,1) strongly disagree,4,True,recode,0
77c9c773-9d72-4a98-a7b8-6e814cbc5bec,prca02,likert5,3) neutral,2,True,recode,1
77c9c773-9d72-4a98-a7b8-6e814cbc5bec,prca03,likert5,4) agree,4,True,recode,0
77c9c773-9d72-4a98-a7b8-6e814cbc5bec,prca04,likert5,2) disagree,1,True,recode,1
77c9c773-9d72-4a98-a7b8-6e814cbc5bec,prca05,likert5,3) neutral,4,True,recode,0
77c9c773-9d72-4a98-a7b8-6e814cbc5bec,prca06,likert5,4) agree,2,True,recode,1
77c9c773-9d72-4a98-a7b8-6e814cbc5bec,prca13,likert5,2) disagree,4,True,recode,0
77c9c773-9d72-4a98-a7b8-6e814cbc5bec,prca14,likert5,3) neutral,2,True,recode,1
77c9c773-9d72-4a98-a7b8-6e814cbc5bec,prca15,likert5,3) neutral,4,True,recode,0
77c9c773-9d72-4a98-a7b8-6e814cbc5bec,prca16,likert5,3) neutral,2,True,recode,1
77c9c773-9d72-4a98-a7b8-6e814cbc5bec,prca17,likert5,2) disagree,2,True,recode,1
77c9c773-9d72-4a98-a7b8-6e814cbc5bec,prca18,likert5,3) neutral,4,True,recode,0
95083fbd-6008-4e82-90e6-a071ed87d297,prca01,likert5,3) neutral,4,True,recode,0
95083fbd-6008-4e82-90e6-a071ed87d297,prca02,likert5,2) disagree,3,True,recode,1
95083fbd-6008-4e82-90e6-a071ed87d297,prca03,likert5,1) strongly disagree,4,True,recode,0
95083fbd-6008-4e82-90e6-a071ed87d297,prca04,likert5,1) strongly disagree,1,True,recode,1
95083fbd-6008-4e82-90e6-a071ed87d297,prca05,likert5,1) strongly disagree,4,True,recode,0
95083fbd-6008-4e82-90e6-a071ed87d297,prca06,likert5,1) strongly disagree,5,True,recode,1
95083fbd-6008-4e82-90e6-a071ed87d297,prca13,likert5,4) agree,4,True,recode,0
95083fbd-6008-4e82-90e6-a071ed87d297,prca14,likert5,3) neutral,2,True,recode,1
95083fbd-6008-4e82-90e6-a071ed87d297,prca15,likert5,3) neutral,4,True,recode,0
95083fbd-6008-4e82-90e6-a071ed87d297,prca16,likert5,5) strongly agree,3,True,recode,1
95083fbd-6008-4e82-90e6-a071ed87d297,prca17,likert5,3) neutral,2,True,recode,1
95083fbd-6008-4e82-90e6-a071ed87d297,prca18,likert5,1) strongly disagree,4,True,recode,0
5feb2709-b5a0-4e6d-9d80-6f98540bae06,prca01,likert5,2) disagree,2,True,recode,0
5feb2709-b5a0-4e6d-9d80-6f98540bae06,prca02,likert5,4) agree,2,True,recode,1
5feb2709-b5a0-4e6d-9d80-6f98540bae06,prca03,likert5,3) neutral,4,True,recode,0
5feb2709-b5a0-4e6d-9d80-6f98540bae06,prca04,likert5,1,5,True,validated,1
5feb2709-b5a0-4e6d-9d80-6f98540bae06,prca05,likert5,2) disagree,4,True,recode,0
5feb2709-b5a0-4e6d-9d80-6f98540bae06,prca06,likert5,1) strongly disagree,1,True,recode,1
5feb2709-b5a0-4e6d-9d80-6f98540bae06,prca13,likert5,3) neutral,4,True,recode,0
5feb2709-b5a0-4e6d-9d80-6f98540bae06,prca14,likert5,1) strongly disagree,1,True,recode,1
5feb2709-b5a0-4e6d-9d80-6f98540bae06,prca15,likert5,4) agree,4,True,recode,0
5feb2709-b5a0-4e6d-9d80-6f98540bae06,prca16,likert5,3) neutral,2,True,recode,1
5feb2709-b5a0-4e6d-9d80-6f98540bae06,prca17,likert5,3) neutral,2,True,recode,1
5feb2709-b5a0-4e6d-9d80-6f98540bae06,prca18,likert5,3) neutral,4,True,recode,0
a6473013-403d-4f78-9802-e4937c768124,prca01,likert5,1) strongly disagree,5,True,recode,0
a6473013-403d-4f78-9802-e4937c768124,prca02,likert5,3) neutral,2,True,recode,1
a6473013-403d-4f78-9802-e4937c768124,prca03,likert5,3) neutral,4,True,recode,0
a6473013-403d-4f78-9802-e4937c768124,prca04,likert5,2) disagree,3,True,recode,1
a6473013-403d-4f78-9802-e4937c768124,prca05,likert5,3) neutral,4,True,recode,0
a6473013-403d-4f78-9802-e4937c768124,prca06,likert5,4) agree,2,True,recode,1
a6473013-403d-4f78-9802-e4937c768124,prca13,likert5,1) strongly disagree,4,True,recode,0
a6473013-403d-4f78-9802-e4937c768124,prca14,likert5,3) neutral,2,True,recode,1
a6473013-403d-4f78-9802-e4937c768124,prca15,likert5,3) neutral,4,True,recode,0
a6473013-403d-4f78-9802-e4937c768124,prca16,likert5,3) neutral,2,True,recode,1
a6473013-403d-4f78-9802-e4937c768124,prca17,likert5,3) neutral,2,True,recode,1
a6473013-403d-4f78-9802-e4937c768124,prca18,likert5,1) strongly disagree,1,True,recode,0
25b44bbb-42b0-4fc2-a3c0-8aa17b9eb079,prca01,likert5,2) disagree,5,True,recode,0
25b44bbb-42b0-4fc2-a3c0-8aa17b9eb079,prca02,likert5,2) disagree,2,True,recode,1
25b44bbb-42b0-4fc2-a3c0-8aa17b9eb079,prca03,likert5,3) neutral,2,True,recode,0
25b44bbb-42b0-4fc2-a3c0-8aa17b9eb079,prca04,likert5,2) disagree,1,True,recode,1
25b44bbb-42b0-4fc2-a3c0-8aa17b9eb079,prca05,likert5,3) neutral,4,True,recode,0
25b44bbb-42b0-4fc2-a3c0-8aa17b9eb079,prca06,likert5,1) strongly disagree,1,True,recode,1
25b44bbb-42b0-4fc2-a3c0-8aa17b9eb079,prca13,likert5,2) disagree,4,True,recode,0
25b44bbb-42b0-4fc2-a3c0-8aa17b9eb079,prca14,likert5,2) disagree,4,True,recode,1
25b44bbb-42b0-4fc2-a3c0-8aa17b9eb079,prca15,likert5,3) neutral,4,True,recode,0
25b44bbb-42b0-4fc2-a3c0-8aa17b9eb079,prca16,likert5,2) disagree,1,True,recode,1
25b44bbb-42b0-4fc2-a3c0-8aa17b9eb079,prca17,likert5,3) neutral,2,True,recode,1
25b44bbb-42b0-4fc2-a3c0-8aa17b9eb079,prca18,likert5,3) neutral,4,True,recode,0
bc1444a3-0e2b-4323-ab8f-3db179905894,prca01,likert5,3) neutral,4,True,recode,0
bc1444a3-0e2b-4323-ab8f-3db179905894,prca02,likert5,4) agree,2,True,recode,1
bc1444a3-0e2b-4323-ab8f-3db179905894,prca03,likert5,1) strongly disagree,3,True,recode,0
bc1444a3-0e2b-4323-ab8f-3db179905894,prca04,likert5,2) disagree,2,True,recode,1
bc1444a3-0e2b-4323-ab8f-3db179905894,prca05,likert5,1) strongly disagree,5,True,recode,0
bc1444a3-0e2b-4323-ab8f-3db179905894,prca06,likert5,2) disagree,2,True,recode,1
bc1444a3-0e2b-4323-ab8f-3db179905894,prca13,likert5,3) neutral,4,True,recode,0
bc1444a3-0e2b-4323-ab8f-3db179905894,prca14,likert5,3) neutral,2,True,recode,1
bc1444a3-0e2b-4323-ab8f-3db179905894,prca15,likert5,3) neutral,4,True,recode,0
bc1444a3-0e2b-4323-ab8f-3db179905894,prca16,likert5,2) disagree,2,True,recode,1
bc1444a3-0e2b-4323-ab8f-3db179905894,prca17,likert5,1) strongly disagree,1,True,recode,1
bc1444a3-0e2b-4323-ab8f-3db179905894,prca18,likert5,3) neutral,4,True,recode,0
c73c4012-598a-457f-b727-951ffb3090e2,prca01,likert5,3) neutral,4,True,recode,0
c73c4012-598a-457f-b727-951ffb3090e2,prca02,likert5,4) agree,2,True,recode,1
c73c4012-598a-457f-b727-951ffb3090e2,prca03,likert5,3) neutral,4,True,recode,0
c73c4012-598a-457f-b727-951ffb3090e2,prca04,likert5,3) neutral,1,True,recode,1
c73c4012-598a-457f-b727-951ffb3090e2,prca05,likert5,1) strongly disagree,5,True,recode,0
c73c4012-598a-457f-b727-951ffb3090e2,prca06,likert5,4) agree,1,True,recode,1
c73c4012-598a-457f-b727-951ffb3090e2,prca13,likert5,1) strongly disagree,5,True,recode,0
c73c4012-598a-457f-b727-951ffb3090e2,prca14,likert5,3) neutral,2,True,recode,1
c73c4012-598a-457f-b727-951ffb3090e2,prca15,likert5,3) neutral,5,True,recode,0
c73c4012-598a-457f-b727-951ffb3090e2,prca16,likert5,2) disagree,5,True,recode,1
c73c4012-598a-457f-b727-951ffb3090e2,prca17,likert5,1) strongly disagree,1,True,recode,1
c73c4012-598a-457f-b727-951ffb3090e2,prca18,likert5,4) agree,5,True,recode,0
f3631aad-6519-47f2-b357-faf0e94d6b70,prca01,likert5,2) disagree,4,True,recode,0
f3631aad-6519-47f2-b357-faf0e94d6b70,prca02,likert5,2) disagree,1,True,recode,1
f3631aad-6519-47f2-b357-faf0e94d6b70,prca03,likert5,3) neutral,4,True,recode,0
f3631aad-6519-47f2-b357-faf0e94d6b70,prca04,likert5,1) strongly disagree,1,True,recode,1
f3631aad-6519-47f2-b357-faf0e94d6b70,prca05,likert5,3) neutral,4,True,recode,0
f3631aad-6519-47f2-b357-faf0e94d6b70,prca06,likert5,1) strongly disagree,1,True,recode,1
f3631aad-6519-47f2-b357-faf0e94d6b70,prca13,likert5,1) strongly disagree,4,True,recode,0
f3631aad-6519-47f2-b357-faf0e94d6b70,prca14,likert5,2) disagree,2,True,recode,1
f3631aad-6519-47f2-b357-faf0e94d6b70,prca15,likert5,2) disagree,3,True,recode,0
f3631aad-6519-47f2-b357-faf0e94d6b70,prca16,likert5,3) neutral,2,True,recode,1
f3631aad-6519-47f2-b357-faf0e94d6b70,prca17,likert5,4) agree,2,True,recode,1
f3631aad-6519-47f2-b357-faf0e94d6b70,prca18,likert5,3) neutral,4,True,recode,0
e5163036-70f4-477f-b4b7-a8640fde21be,prca01,likert5,3) neutral,4,True,recode,0
e5163036-70f4-477f-b4b7-a8640fde21be,prca02,likert5,3) neutral,2,True,recode,1
e5163036-70f4-477f-b4b7-a8640fde21be,prca03,likert5,2) disagree,4,True,recode,0
e5163036-70f4-477f-b4b7-a8640fde21be,prca04,likert5,3) neutral,2,True,recode,1
e5163036-70f4-477f-b4b7-a8640fde21be,prca05,likert5,2) disagree,5,True,recode,0
e5163036-70f4-477f-b4b7-a8640fde21be,prca06,likert5,1) strongly disagree,1,True,recode,1
e5163036-70f4-477f-b4b7-a8640fde21be,prca13,likert5,2) disagree,4,True,recode,0
e5163036-70f4-477f-b4b7-a8640fde21be,prca14,likert5,5) strongly agree,2,True,recode,1
e5163036-70f4-477f-b4b7-a8640fde21be,prca15,likert5,3) neutral,4,True,recode,0
e5163036-70f4-477f-b4b7-a8640fde21be,prca16,likert5,1) strongly disagree,5,True,recode,1
e5163036-70f4-477f-b4b7-a8640fde21be,prca17,likert5,3) neutral,2,True,recode,1
e5163036-70f4-477f-b4b7-a8640fde21be,prca18,likert5,2) disagree,5,True,recode,0
6fc7894d-8fc1-494f-b22d-13cdc31e69b8,prca01,likert5,3) neutral,5,True,recode,0
6fc7894d-8fc1-494f-b22d-13cdc31e69b8,prca02,likert5,2) disagree,2,True,recode,1
6fc7894d-8fc1-494f-b22d-13cdc31e69b8,prca03,likert5,4) agree,5,True,recode,0
6fc7894d-8fc1-494f-b22d-13cdc31e69b8,prca04,likert5,3) neutral,2,True,recode,1
6fc7894d-8fc1-494f-b22d-13cdc31e69b8,prca05,likert5,3) neutral,4,True,recode,0
6fc7894d-8fc1-494f-b22d-13cdc31e69b8,prca06,likert5,2) disagree,2,True,recode,1
6fc7894d-8fc1-494f-b22d-13cdc31e69b8,prca13,likert5,1) strongly disagree,5,True,recode,0
6fc7894d-8fc1-494f-b22d-13cdc31e69b8,prca14,likert5,4) agree,2,True,recode,1
6fc7894d-8fc1-494f-b22d-13cdc31e69b8,prca15,likert5,3) neutral,4,True,recode,0
6fc7894d-8fc1-494f-b22d-13cdc31e69b8,prca16,likert5,2) disagree,2,True,recode,1
6fc7894d-8fc1-494f-b22d-13cdc31e69b8,prca17,likert5,1) strongly disagree,1,True,recode,1
6fc7894d-8fc1-494f-b22d-13cdc31e69b8,prca18,likert5,1) strongly disagree,5,True,recode,0
951f1358-aeed-495f-8774-e27d90113df6,prca01,likert5,1) strongly disagree,5,True,recode,0
951f1358-aeed-495f-8774-e27d90113df6,prca02,likert5,4) agree,2,True,recode,1
951f1358-aeed-495f-8774-e27d90113df6,prca03,likert5,1) strongly disagree,5,True,recode,0
951f1358-aeed-495f-8774-e27d90113df6,prca04,likert5,3) neutral,2,True,recode,1
951f1358-aeed-495f-8774-e27d90113df6,prca05,likert5,2) disagree,4,True,recode,0
951f1358-aeed-495f-8774-e27d90113df6,prca06,likert5,3) neutral,4,True,recode,1
951f1358-aeed-495f-8774-e27d90113df6,prca13,likert5,1) strongly disagree,5,True,recode,0
951f1358-aeed-495f-8774-e27d90113df6,prca14,likert5,2) disagree,2,True,recode,1
951f1358-aeed-495f-8774-e27d90113df6,prca15,likert5,1) strongly disagree,5,True,recode,0
951f1358-aeed-495f-8774-e27d90113df6,prca16,likert5,3) neutral,2,True,recode,1
951f1358-aeed-495f-8774-e27d90113df6,prca17,likert5,3) neutral,2,True,recode,1
951f1358-aeed-495f-8774-e27d90113df6,prca18,likert5,3) neutral,5,True,recode,0
8fa0f336-86f1-46d3-aedf-9978d447567b,prca01,likert5,2) disagree,5,True,recode,0
8fa0f336-86f1-46d3-aedf-9978d447567b,prca02,likert5,2) disagree,2,True,recode,1
8fa0f336-86f1-46d3-aedf-9978d447567b,prca03,likert5,2) disagree,5,True,recode,0
8fa0f336-86f1-46d3-aedf-9978d447567b,prca04,likert5,3) neutral,2,True,recode,1
8fa0f336-86f1-46d3-aedf-9978d447567b,prca05,likert5,1) strongly disagree,4,True,recode,0
8fa0f336-86f1-46d3-aedf-9978d447567b,prca06,likert5,3) neutral,2,True,recode,1
8fa0f336-86f1-46d3-aedf-9978d447567b,prca13,likert5,4) agree,5,True,recode,0
8fa0f336-86f1-46d3-aedf-9978d447567b,prca14,likert5,3) neutral,2,True,recode,1
8fa0f336-86f1-46d3-aedf-9978d447567b,prca15,likert5,1) strongly disagree,5,True,recode,0
8fa0f336-86f1-46d3-aedf-9978d447567b,prca16,likert5,1) strongly disagree,1,True,recode,1
8fa0f336-86f1-46d3-aedf-9978d447567b,prca17,likert5,4) agree,1,True,recode,1
8fa0f336-86f1-46d3-aedf-9978d447567b,prca18,likert5,3) neutral,4,True,recode,0
a6dc53a1-c97c-4f91-82c9-f5105c4cc716,prca01,likert5,2) disagree,5,True,recode,0
a6dc53a1-c97c-4f91-82c9-f5105c4cc716,prca02,likert5,3) neutral,2,True,recode,1
a6dc53a1-c97c-4f91-82c9-f5105c4cc716,prca03,likert5,3) neutral,5,True,recode,0
a6dc53a1-c97c-4f91-82c9-f5105c4cc716,prca04,likert5,3) neutral,2,True,recode,1
a6dc53a1-c97c-4f91-82c9-f5105c4cc716,prca05,likert5,3) neutral,4,True,recode,0
a6dc53a1-c97c-4f91-82c9-f5105c4cc716,prca06,likert5,2) disagree,1,True,recode,1
a6dc53a1-c97c-4f91-82c9-f5105c4cc716,prca13,likert5,3) neutral,4,True,recode,0
a6dc53a1-c97c-4f91-82c9-f5105c4cc716,prca14,likert5,4) agree,2,True,recode,1
a6dc53a1-c97c-4f91-82c9-f5105c4cc716,prca15,likert5,1) strongly disagree,5,True,recode,0
a6dc53a1-c97c-4f91-82c9-f5105c4cc716,prca16,likert5,3) neutral,1,True,recode,1
a6dc53a1-c97c-4f91-82c9-f5105c4cc716,prca17,likert5,3) neutral,2,True,recode,1
a6dc53a1-c97c-4f91-82c9-f5105c4cc716,prca18,likert5,1) strongly disagree,5,True,recode,0
2bf0f6e8-3bac-4330-9ece-54d7a0f7da54,prca01,likert5,1) strongly disagree,5,True,recode,0
2bf0f6e8-3bac-4330-9ece-54d7a0f7da54,prca02,likert5,2) disagree,2,True,recode,1
2bf0f6e8-3bac-4330-9ece-54d7a0f7da54,prca03,likert5,3) neutral,4,True,recode,0
2bf0f6e8-3bac-4330-9ece-54d7a0f7da54,prca04,likert5,1) strongly disagree,1,True,recode,1
2bf0f6e8-3bac-4330-9ece-54d7a0f7da54,prca05,likert5,2) disagree,5,True,recode,0
2bf0f6e8-3bac-4330-9ece-54d7a0f7da54,prca06,likert5,3) neutral,2,True,recode,1
2bf0f6e8-3bac-4330-9ece-54d7a0f7da54,prca13,likert5,4) agree,4,True,recode,0
2bf0f6e8-3bac-4330-9ece-54d7a0f7da54,prca14,likert5,4) agree,2,True,recode,1
2bf0f6e8-3bac-4330-9ece-54d7a0f7da54,prca15,likert5,2) disagree,4,True,recode,0
2bf0f6e8-3bac-4330-9ece-54d7a0f7da54,prca16,likert5,3) neutral,2,True,recode,1
2bf0f6e8-3bac-4330-9ece-54d7a0f7da54,prca17,likert5,4) agree,2,True,recode,1
2bf0f6e8-3bac-4330-9ece-54d7a0f7da54,prca18,likert5,2) disagree,5,True,recode,0
d46ed840-f983-4605-80aa-57989ae97a53,prca01,likert5,3) neutral,4,True,recode,0
d46ed840-f983-4605-80aa-57989ae97a53,prca02,likert5,1) strongly disagree,1,True,recode,1
d46ed840-f983-4605-80aa-57989ae97a53,prca03,likert5,2) disagree,4,True,recode,0
d46ed840-f983-4605-80aa-57989ae97a53,prca04,likert5,3) neutral,2,True,recode,1
d46ed840-f983-4605-80aa-57989ae97a53,prca05,likert5,1) strongly disagree,5,True,recode,0
d46ed840-f983-4605-80aa-57989ae97a53,prca06,likert5,3) neutral,2,True,recode,1
d46ed840-f983-4605-80aa-57989ae97a53,prca13,likert5,3) neutral,4,True,recode,0
d46ed840-f983-4605-80aa-57989ae97a53,prca14,likert5,2) disagree,1,True,recode,1
d46ed840-f983-4605-80aa-57989ae97a53,prca15,likert5,2) disagree,5,True,recode,0
d46ed840-f983-4605-80aa-57989ae97a53,prca16,likert5,3) neutral,2,True,recode,1
d46ed840-f983-4605-80aa-57989ae97a53,prca17,likert5,4) agree,2,True,recode,1
d46ed840-f983-4605-80aa-57989ae97a53,prca18,likert5,3) neutral,4,True,recode,0
bee3cdfb-0c36-4d11-b118-475c0603a711,prca01,likert5,3) neutral,5,True,recode,0
bee3cdfb-0c36-4d11-b118-475c0603a711,prca02,likert5,4) agree,2,True,recode,1
bee3cdfb-0c36-4d11-b118-475c0603a711,prca03,likert5,2) disagree,5,True,recode,0
bee3cdfb-0c36-4d11-b118-475c0603a711,prca04,likert5,4) agree,2,True,recode,1
bee3cdfb-0c36-4d11-b118-475c0603a711,prca05,likert5,1) strongly disagree,5,True,recode,0
bee3cdfb-0c36-4d11-b118-475c0603a711,prca06,likert5,4) agree,2,True,recode,1
bee3cdfb-0c36-4d11-b118-475c0603a711,prca13,likert5,1) strongly disagree,5,True,recode,0
bee3cdfb-0c36-4d11-b118-475c0603a711,prca14,likert5,1) strongly disagree.,1,True,recode,1
bee3cdfb-0c36-4d11-b118-475c0603a711,prca15,likert5,2) disagree,3,True,recode,0
bee3cdfb-0c36-4d11-b118-475c0603a711,prca16,likert5,4) agree,2,True,recode,1
bee3cdfb-0c36-4d11-b118-475c0603a711,prca17,likert5,3) neutral,2,True,recode,1
bee3cdfb-0c36-4d11-b118-475c0603a711,prca18,likert5,3) neutral,4,True,recode,0
c5b4a554-b3c1-4168-915a-b633f4b7452c,prca01,likert5,2) disagree,4,True,recode,0
c5b4a554-b3c1-4168-915a-b633f4b7452c,prca02,likert5,3) neutral,2,True,recode,1
c5b4a554-b3c1-4168-915a-b633f4b7452c,prca03,likert5,3) neutral,4,True,recode,0
c5b4a554-b3c1-4168-915a-b633f4b7452c,prca04,likert5,3) neutral,2,True,recode,1
c5b4a554-b3c1-4168-915a-b633f4b7452c,prca05,likert5,3) neutral,4,True,recode,0
c5b4a554-b3c1-4168-915a-b633f4b7452c,prca06,likert5,2) disagree,4,True,recode,1
c5b4a554-b3c1-4168-915a-b633f4b7452c,prca13,likert5,2) disagree,4,True,recode,0
c5b4a554-b3c1-4168-915a-b633f4b7452c,prca14,likert5,5) strongly agree,3,True,recode,1
c5b4a554-b3c1-4168-915a-b633f4b7452c,prca15,likert5,3) neutral,4,True,recode,0
c5b4a554-b3c1-4168-915a-b633f4b7452c,prca16,likert5,2) disagree,1,True,recode,1
c5b4a554-b3c1-4168-915a-b633f4b7452c,prca17,likert5,3) neutral,1,True,recode,1
c5b4a554-b3c1-4168-915a-b633f4b7452c,prca18,likert5,2) disagree,1,True,recode,0
6560a2a4-ad5e-4302-9155-7eaafb12a013,prca01,likert5,2) disagree,4,True,recode,0
6560a2a4-ad5e-4302-9155-7eaafb12a013,prca02,likert5,4) agree,2,True,recode,1
6560a2a4-ad5e-4302-9155-7eaafb12a013,prca03,likert5,2) disagree,4,True,recode,0
6560a2a4-ad5e-4302-9155-7eaafb12a013,prca04,likert5,3) neutral,2,True,recode,1
6560a2a4-ad5e-4302-9155-7eaafb12a013,prca05,likert5,2) disagree,4,True,recode,0
6560a2a4-ad5e-4302-9155-7eaafb12a013,prca06,likert5,4) agree,2,True,recode,1
6560a2a4-ad5e-4302-9155-7eaafb12a013,prca13,likert5,4) agree,4,True,recode,0
6560a2a4-ad5e-4302-9155-7eaafb12a013,prca14,likert5,4) agree,2,True,recode,1
6560a2a4-ad5e-4302-9155-7eaafb12a013,prca15,likert5,2) disagree,4,True,recode,0
6560a2a4-ad5e-4302-9155-7eaafb12a013,prca16,likert5,3) neutral,2,True,recode,1
6560a2a4-ad5e-4302-9155-7eaafb12a013,prca17,likert5,4) agree,2,True,recode,1
6560a2a4-ad5e-4302-9155-7eaafb12a013,prca18,likert5,3) neutral,3,True,recode,0
1cc2109f-1d6d-4483-b039-1d5165cd3c66,prca01,likert5,2) disagree,3,True,recode,0
1cc2109f-1d6d-4483-b039-1d5165cd3c66,prca02,likert5,3) neutral,1,True,recode,1
1cc2109f-1d6d-4483-b039-1d5165cd3c66,prca03,likert5,2) disagree,4,True,recode,0
1cc2109f-1d6d-4483-b039-1d5165cd3c66,prca04,likert5,4) agree,2,True,recode,1
1cc2109f-1d6d-4483-b039-1d5165cd3c66,prca05,likert5,3) neutral,4,True,recode,0
1cc2109f-1d6d-4483-b039-1d5165cd3c66,prca06,likert5,2) disagree,2,True,recode,1
1cc2109f-1d6d-4483-b039-1d5165cd3c66,prca13,likert5,1) strongly disagree,1,True,recode,0
1cc2109f-1d6d-4483-b039-1d5165cd3c66,prca14,likert5,4) agree,2,True,recode,1
1cc2109f-1d6d-4483-b039-1d5165cd3c66,prca15,likert5,1) strongly disagree,4,True,recode,0
1cc2109f-1d6d-4483-b039-1d5165cd3c66,prca16,likert5,3) neutral,2,True,recode,1
1cc2109f-1d6d-4483-b039-1d5165cd3c66,prca17,likert5,4) agree,2,True,recode,1
1cc2109f-1d6d-4483-b039-1d5165cd3c66,prca18,likert5,1) strongly disagree,4,True,recode,0
0d378b82-96da-49b7-8a11-8fd4a63f7c9c,prca01,likert5,3) neutral,4,True,recode,0
0d378b82-96da-49b7-8a11-8fd4a63f7c9c,prca02,likert5,3) neutral,1,True,recode,1
0d378b82-96da-49b7-8a11-8fd4a63f7c9c,prca03,likert5,3) neutral,5,True,recode,0
0d378b82-96da-49b7-8a11-8fd4a63f7c9c,prca04,likert5,4) agree,2,True,recode,1
0d378b82-96da-49b7-8a11-8fd4a63f7c9c,prca05,likert5,3) neutral,4,True,recode,0
0d378b82-96da-49b7-8a11-8fd4a63f7c9c,prca06,likert5,2) disagree,1,True,recode,1
0d378b82-96da-49b7-8a11-8fd4a63f7c9c,prca13,likert5,1) strongly disagree,4,True,recode,0
0d378b82-96da-49b7-8a11-8fd4a63f7c9c,prca14,likert5,2) disagree,2,True,recode,1
0d378b82-96da-49b7-8a11-8fd4a63f7c9c,prca15,likert5,4) agree,4,True,recode,0
0d378b82-96da-49b7-8a11-8fd4a63f7c9c,prca16,likert5,4) agree,2,True,recode,1
0d378b82-96da-49b7-8a11-8fd4a63f7c9c,prca17,likert5,3) neutral,2,True,recode,1
0d378b82-96da-49b7-8a11-8fd4a63f7c9c,prca18,likert5,3) neutral,4,True,recode,0
b854426b-ac4e-49f4-886e-234855c7120b,prca01,likert5,1) strongly disagree,5,True,recode,0
b854426b-ac4e-49f4-886e-234855c7120b,prca02,likert5,1) strongly disagree,1,True,recode,1
b854426b-ac4e-49f4-886e-234855c7120b,prca03,likert5,3) neutral,4,True,recode,0
b854426b-ac4e-49f4-886e-234855c7120b,prca04,likert5,3) neutral,2,True,recode,1
b854426b-ac4e-49f4-886e-234855c7120b,prca05,likert5,1) strongly disagree,5,True,recode,0
b854426b-ac4e-49f4-886e-234855c7120b,prca06,likert5,3) neutral,2,True,recode,1
b854426b-ac4e-49f4-886e-234855c7120b,prca13,likert5,2) disagree,5,True,recode,0
b854426b-ac4e-49f4-886e-234855c7120b,prca14,likert5,4) agree,2,True,recode,1
b854426b-ac4e-49f4-886e-234855c7120b,prca15,likert5,3) neutral,4,True,recode,0
b854426b-ac4e-49f4-886e-234855c7120b,prca16,likert5,3) neutral,2,True,recode,1
b854426b-ac4e-49f4-886e-234855c7120b,prca17,likert5,1) strongly disagree,1,True,recode,1
b854426b-ac4e-49f4-886e-234855c7120b,prca18,likert5,2) disagree,4,True,recode,0
cdfc1e15-ea57-4eb0-989f-926567439747,prca01,likert5,3) neutral,4,True,recode,0
cdfc1e15-ea57-4eb0-989f-926567439747,prca02,likert5,3) neutral,2,True,recode,1
cdfc1e15-ea57-4eb0-989f-926567439747,prca03,likert5,2) disagree,4,True,recode,0
cdfc1e15-ea57-4eb0-989f-926567439747,prca04,likert5,2) disagree,2,True,recode,1
cdfc1e15-ea57-4eb0-989f-926567439747,prca05,likert5,3) neutral,4,True,recode,0
cdfc1e15-ea57-4eb0-989f-926567439747,prca06,likert5,3) neutral,2,True,recode,1
cdfc1e15-ea57-4eb0-989f-926567439747,prca13,likert5,1) strongly disagree,5,True,recode,0
cdfc1e15-ea57-4eb0-989f-926567439747,prca14,likert5,2) disagree,1,True,recode,1
cdfc1e15-ea57-4eb0-989f-926567439747,prca15,likert5,3) neutral,4,True,recode,0
cdfc1e15-ea57-4eb0-989f-926567439747,prca16,likert5,3) neutral,1,True,recode,1
cdfc1e15-ea57-4eb0-989f-926567439747,prca17,likert5,3) neutral,2,True,recode,1
cdfc1e15-ea57-4eb0-989f-926567439747,prca18,likert5,2) disagree,4,True,recode,0
4fdb9922-4aa6-4578-b4b0-7fde1dad8085,prca01,likert5,3) neutral,4,True,recode,0
4fdb9922-4aa6-4578-b4b0-7fde1dad8085,prca02,likert5,3) neutral,2,True,recode,1
4fdb9922-4aa6-4578-b4b0-7fde1dad8085,prca03,likert5,2) disagree,5,True,recode,0
4fdb9922-4aa6-4578-b4b0-7fde1dad8085,prca04,likert5,3) neutral,2,True,recode,1
4fdb9922-4aa6-4578-b4b0-7fde1dad8085,prca05,likert5,3) neutral,5,True,recode,0
4fdb9922-4aa6-4578-b4b0-7fde1dad8085,prca06,likert5,1) strongly disagree,2,True,recode,1
4fdb9922-4aa6-4578-b4b0-7fde1dad8085,prca13,likert5,3) neutral,4,True,recode,0
4fdb9922-4aa6-4578-b4b0-7fde1dad8085,prca14,likert5,2) disagree,1,True,recode,1
4fdb9922-4aa6-4578-b4b0-7fde1dad8085,prca15,likert5,2) disagree,4,True,recode,0
4fdb9922-4aa6-4578-b4b0-7fde1dad8085,prca16,likert5,3) neutral,2,True,recode,1
4fdb9922-4aa6-4578-b4b0-7fde1dad8085,prca17,likert5,3) neutral,2,True,recode,1
4fdb9922-4aa6-4578-b4b0-7fde1dad8085,prca18,likert5,4) agree,4,True,recode,0
0c10af09-3f7f-49d4-b051-55204b59c3d0,prca01,likert5,3) neutral,4,True,recode,0
0c10af09-3f7f-49d4-b051-55204b59c3d0,prca02,likert5,1) strongly disagree,1,True,recode,1
0c10af09-3f7f-49d4-b051-55204b59c3d0,prca03,likert5,4) agree,4,True,recode,0
0c10af09-3f7f-49d4-b051-55204b59c3d0,prca04,likert5,3) neutral,2,True,recode,1
0c10af09-3f7f-49d4-b051-55204b59c3d0,prca05,likert5,3) neutral,4,True,recode,0
0c10af09-3f7f-49d4-b051-55204b59c3d0,prca06,likert5,2) disagree,2,True,recode,1
0c10af09-3f7f-49d4-b051-55204b59c3d0,prca13,likert5,1,1,True,validated,0
0c10af09-3f7f-49d4-b051-55204b59c3d0,prca14,likert5,3) neutral,4,True,recode,1
0c10af09-3f7f-49d4-b051-55204b59c3d0,prca15,likert5,2) disagree,5,True,recode,0
0c10af09-3f7f-49d4-b051-55204b59c3d0,prca16,likert5,3) neutral,2,True,recode,1
0c10af09-3f7f-49d4-b051-55204b59c3d0,prca17,likert5,4) agree,1,True,recode,1
0c10af09-3f7f-49d4-b051-55204b59c3d0,prca18,likert5,2) disagree,4,True,recode,0
d942c13b-5911-4ad3-adf1-074165bf1d06,prca01,likert5,3) neutral,4,True,recode,0
d942c13b-5911-4ad3-adf1-074165bf1d06,prca02,likert5,3) neutral,1,True,recode,1
d942c13b-5911-4ad3-adf1-074165bf1d06,prca03,likert5,2) disagree,4,True,recode,0
d942c13b-5911-4ad3-adf1-074165bf1d06,prca04,likert5,3) neutral,2,True,recode,1
d942c13b-5911-4ad3-adf1-074165bf1d06,prca05,likert5,3) neutral,3,True,recode,0
d942c13b-5911-4ad3-adf1-074165bf1d06,prca06,likert5,1) strongly disagree,3,True,recode,1
d942c13b-5911-4ad3-adf1-074165bf1d06,prca13,likert5,1) strongly disagree,5,True,recode,0
d942c13b-5911-4ad3-adf1-074165bf1d06,prca14,likert5,4) agree,2,True,recode,1
d942c13b-5911-4ad3-adf1-074165bf1d06,prca15,likert5,2) disagree,5,True,recode,0
d942c13b-5911-4ad3-adf1-074165bf1d06,prca16,likert5,4) agree,1,True,recode,1
d942c13b-5911-4ad3-adf1-074165bf1d06,prca17,likert5,3) neutral,2,True,recode,1
d942c13b-5911-4ad3-adf1-074165bf1d06,prca18,likert5,3) neutral,2,True,recode,0
26b36b72-de9c-41d6-a942-956961f113f6,prca01,likert5,1),5,True,recode,0
26b36b72-de9c-41d6-a942-956961f113f6,prca02,likert5,2) disagree,3,True,recode,1
26b36b72-de9c-41d6-a942-956961f113f6,prca03,likert5,2) disagree,4,True,recode,0
26b36b72-de9c-41d6-a942-956961f113f6,prca04,likert5,1) strongly disagree,3,True,recode,1
26b36b72-de9c-41d6-a942-956961f113f6,prca05,likert5,3) neutral,4,True,recode,0
26b36b72-de9c-41d6-a942-956961f113f6,prca06,likert5,2) disagree,2,True,recode,1
26b36b72-de9c-41d6-a942-956961f113f6,prca13,likert5,4) agree,4,True,recode,0
26b36b72-de9c-41d6-a942-956961f113f6,prca14,likert5,1) strongly disagree,1,True,recode,1
26b36b72-de9c-41d6-a942-956961f113f6,prca15,likert5,1) strongly disagree,5,True,recode,0
26b36b72-de9c-41d6-a942-956961f113f6,prca16,likert5,3) neutral,2,True,recode,1
26b36b72-de9c-41d6-a942-956961f113f6,prca17,likert5,1) strongly disagree,2,True,recode,1
26b36b72-de9c-41d6-a942-956961f113f6,prca18,likert5,3) neutral,4,True,recode,0
35ad39f9-324c-449f-b5ca-f19e9bc4acee,prca01,likert5,"1) strongly disagree, 3) neutral, 5) strongly agree","1) strongly disagree, 3) neutral, 5) strongly agree",False,invalid,0
35ad39f9-324c-449f-b5ca-f19e9bc4acee,prca02,likert5,3) neutral,2,True,recode,1
35ad39f9-324c-449f-b5ca-f19e9bc4acee,prca03,likert5,2) disagree,4,True,recode,0
35ad39f9-324c-449f-b5ca-f19e9bc4acee,prca04,likert5,"1) strongly disagree, 3) neutral, 4) agree, 5) strongly agree",2,True,recode,1
35ad39f9-324c-449f-b5ca-f19e9bc4acee,prca05,likert5,2) disagree,4,True,recode,0
35ad39f9-324c-449f-b5ca-f19e9bc4acee,prca06,likert5,3) neutral,2,True,recode,1
35ad39f9-324c-449f-b5ca-f19e9bc4acee,prca13,likert5,1) strongly disagree,5,True,recode,0
35ad39f9-324c-449f-b5ca-f19e9bc4acee,prca14,likert5,2) disagree,1,True,recode,1
35ad39f9-324c-449f-b5ca-f19e9bc4acee,prca15,likert5,1) strongly disagree,5,True,recode,0
35ad39f9-324c-449f-b5ca-f19e9bc4acee,prca16,likert5,2) disagree,1,True,recode,1
35ad39f9-324c-449f-b5ca-f19e9bc4acee,prca17,likert5,4) agree,2,True,recode,1
35ad39f9-324c-449f-b5ca-f19e9bc4acee,prca18,likert5,3) neutral,5,True,recode,0
f4588978-7c00-44ae-b747-83033a3b0f09,prca01,likert5,3) neutral,4,True,recode,0
f4588978-7c00-44ae-b747-83033a3b0f09,prca02,likert5,4) agree,2,True,recode,1
f4588978-7c00-44ae-b747-83033a3b0f09,prca03,likert5,3) neutral,4,True,recode,0
f4588978-7c00-44ae-b747-83033a3b0f09,prca04,likert5,4) agree,2,True,recode,1
f4588978-7c00-44ae-b747-83033a3b0f09,prca05,likert5,3) neutral,5,True,recode,0
f4588978-7c00-44ae-b747-83033a3b0f09,prca06,likert5,5) strongly agree,3,True,recode,1
f4588978-7c00-44ae-b747-83033a3b0f09,prca13,likert5,2) disagree,4,True,recode,0
f4588978-7c00-44ae-b747-83033a3b0f09,prca14,likert5,3) neutral,2,True,recode,1
f4588978-7c00-44ae-b747-83033a3b0f09,prca15,likert5,3) neutral,3,True,recode,0
f4588978-7c00-44ae-b747-83033a3b0f09,prca16,likert5,4) agree,3,True,recode,1
f4588978-7c00-44ae-b747-83033a3b0f09,prca17,likert5,3) neutral,2,True,recode,1
f4588978-7c00-44ae-b747-83033a3b0f09,prca18,likert5,3) neutral,4,True,recode,0
9aadf1a2-0578-4fac-ab1d-71c081dcaa27,prca01,likert5,3) neutral,4,True,recode,0
9aadf1a2-0578-4fac-ab1d-71c081dcaa27,prca02,likert5,1) strongly disagree,1,True,recode,1
9aadf1a2-0578-4fac-ab1d-71c081dcaa27,prca03,likert5,1) strongly disagree.,5,True,recode,0
9aadf1a2-0578-4fac-ab1d-71c081dcaa27,prca04,likert5,1) strongly disagree,1,True,recode,1
9aadf1a2-0578-4fac-ab1d-71c081dcaa27,prca05,likert5,2) disagree,4,True,recode,0
9aadf1a2-0578-4fac-ab1d-71c081dcaa27,prca06,likert5,2) disagree,2,True,recode,1
9aadf1a2-0578-4fac-ab1d-71c081dcaa27,prca13,likert5,3) neutral,4,True,recode,0
9aadf1a2-0578-4fac-ab1d-71c081dcaa27,prca14,likert5,2) disagree,2,True,recode,1
9aadf1a2-0578-4fac-ab1d-71c081dcaa27,prca15,likert5,3) neutral,4,True,recode,0
9aadf1a2-0578-4fac-ab1d-71c081dcaa27,prca16,likert5,3) neutral,2,True,recode,1
9aadf1a2-0578-4fac-ab1d-71c081dcaa27,prca17,likert5,3) neutral,2,True,recode,1
9aadf1a2-0578-4fac-ab1d-71c081dcaa27,prca18,likert5,3) neutral,4,True,recode,0
f3b6a62b-7f63-43a4-aec2-99360acc1f5a,prca01,likert5,3) neutral,4,True,recode,0
f3b6a62b-7f63-43a4-aec2-99360acc1f5a,prca02,likert5,2) disagree,1,True,recode,1
f3b6a62b-7f63-43a4-aec2-99360acc1f5a,prca03,likert5,2) disagree,5,True,recode,0
f3b6a62b-7f63-43a4-aec2-99360acc1f5a,prca04,likert5,2) disagree,4,True,recode,1
f3b6a62b-7f63-43a4-aec2-99360acc1f5a,prca05,likert5,1) strongly disagree,4,True,recode,0
f3b6a62b-7f63-43a4-aec2-99360acc1f5a,prca06,likert5,4) agree,2,True,recode,1
f3b6a62b-7f63-43a4-aec2-99360acc1f5a,prca13,likert5,1) strongly disagree,4,True,recode,0
f3b6a62b-7f63-43a4-aec2-99360acc1f5a,prca14,likert5,3) neutral,2,True,recode,1
f3b6a62b-7f63-43a4-aec2-99360acc1f5a,prca15,likert5,1) strongly disagree,5,True,recode,0
f3b6a62b-7f63-43a4-aec2-99360acc1f5a,prca16,likert5,3) neutral,2,True,recode,1
f3b6a62b-7f63-43a4-aec2-99360acc1f5a,prca17,likert5,1) strongly disagree,1,True,recode,1
f3b6a62b-7f63-43a4-aec2-99360acc1f5a,prca18,likert5,3) neutral,4,True,recode,0
ff3f0acb-fc4e-4abd-b31b-eaa07bca4693,prca01,likert5,3) neutral,4,True,recode,0
ff3f0acb-fc4e-4abd-b31b-eaa07bca4693,prca02,likert5,2) disagree,2,True,recode,1
ff3f0acb-fc4e-4abd-b31b-eaa07bca4693,prca03,likert5,2) disagree,5,True,recode,0
ff3f0acb-fc4e-4abd-b31b-eaa07bca4693,prca04,likert5,2) disagree,2,True,recode,1
ff3f0acb-fc4e-4abd-b31b-eaa07bca4693,prca05,likert5,3) neutral,4,True,recode,0
ff3f0acb-fc4e-4abd-b31b-eaa07bca4693,prca06,likert5,3) neutral,2,True,recode,1
ff3f0acb-fc4e-4abd-b31b-eaa07bca4693,prca13,likert5,3) neutral,4,True,recode,0
ff3f0acb-fc4e-4abd-b31b-eaa07bca4693,prca14,likert5,1) strongly disagree,1,True,recode,1
ff3f0acb-fc4e-4abd-b31b-eaa07bca4693,prca15,likert5,3) neutral,5,True,recode,0
ff3f0acb-fc4e-4abd-b31b-eaa07bca4693,prca16,likert5,3) neutral,2,True,recode,1
ff3f0acb-fc4e-4abd-b31b-eaa07bca4693,prca17,likert5,3) neutral,4,True,recode,1
ff3f0acb-fc4e-4abd-b31b-eaa07bca4693,prca18,likert5,4) agree,4,True,recode,0
b42961da-1cae-4106-b9b1-2b454c059597,prca01,likert5,3) neutral,4,True,recode,0
b42961da-1cae-4106-b9b1-2b454c059597,prca02,likert5,4) agree,2,True,recode,1
b42961da-1cae-4106-b9b1-2b454c059597,prca03,likert5,2) disagree,5,True,recode,0
b42961da-1cae-4106-b9b1-2b454c059597,prca04,likert5,2) disagree,2,True,recode,1
b42961da-1cae-4106-b9b1-2b454c059597,prca05,likert5,1) strongly disagree,5,True,recode,0
b42961da-1cae-4106-b9b1-2b454c059597,prca06,likert5,2) disagree,2,True,recode,1
b42961da-1cae-4106-b9b1-2b454c059597,prca13,likert5,4) agree,2,True,recode,0
b42961da-1cae-4106-b9b1-2b454c059597,prca14,likert5,1) strongly disagree,1,True,recode,1
b42961da-1cae-4106-b9b1-2b454c059597,prca15,likert5,2) disagree,3,True,recode,0
b42961da-1cae-4106-b9b1-2b454c059597,prca16,likert5,3) neutral,3,True,recode,1
b42961da-1cae-4106-b9b1-2b454c059597,prca17,likert5,3) neutral,2,True,recode,1
b42961da-1cae-4106-b9b1-2b454c059597,prca18,likert5,1) strongly disagree,5,True,recode,0
fd1b1099-ae54-4374-82d6-9dd4b2f644c9,prca01,likert5,3) neutral,4,True,recode,0
fd1b1099-ae54-4374-82d6-9dd4b2f644c9,prca02,likert5,2) disagree,1,True,recode,1
fd1b1099-ae54-4374-82d6-9dd4b2f644c9,prca03,likert5,2) disagree,3,True,recode,0
fd1b1099-ae54-4374-82d6-9dd4b2f644c9,prca04,likert5,1) strongly disagree,2,True,recode,1
fd1b1099-ae54-4374-82d6-9dd4b2f644c9,prca05,likert5,3) neutral,4,True,recode,0
fd1b1099-ae54-4374-82d6-9dd4b2f644c9,prca06,likert5,3) neutral,2,True,recode,1
fd1b1099-ae54-4374-82d6-9dd4b2f644c9,prca13,likert5,1) strongly disagree,4,True,recode,0
fd1b1099-ae54-4374-82d6-9dd4b2f644c9,prca14,likert5,5) strongly agree,2,True,recode,1
fd1b1099-ae54-4374-82d6-9dd4b2f644c9,prca15,likert5,1) strongly disagree,5,True,recode,0
fd1b1099-ae54-4374-82d6-9dd4b2f644c9,prca16,likert5,4) agree,2,True,recode,1
fd1b1099-ae54-4374-82d6-9dd4b2f644c9,prca17,likert5,2) disagree,2,True,recode,1
fd1b1099-ae54-4374-82d6-9dd4b2f644c9,prca18,likert5,2) disagree,5,True,recode,0
69739241-7669-4a24-866f-e71d139ad2f4,prca01,likert5,3) neutral,4,True,recode,0
69739241-7669-4a24-866f-e71d139ad2f4,prca02,likert5,1) strongly disagree,3,True,recode,1
69739241-7669-4a24-866f-e71d139ad2f4,prca03,likert5,2) disagree,5,True,recode,0
69739241-7669-4a24-866f-e71d139ad2f4,prca04,likert5,2) disagree,1,True,recode,1
69739241-7669-4a24-866f-e71d139ad2f4,prca05,likert5,1) strongly disagree,5,True,recode,0
69739241-7669-4a24-866f-e71d139ad2f4,prca06,likert5,2) disagree,2,True,recode,1
69739241-7669-4a24-866f-e71d139ad2f4,prca13,likert5,4) agree,4,True,recode,0
69739241-7669-4a24-866f-e71d139ad2f4,prca14,likert5,4) agree,2,True,recode,1
69739241-7669-4a24-866f-e71d139ad2f4,prca15,likert5,3) neutral,4,True,recode,0
69739241-7669-4a24-866f-e71d139ad2f4,prca16,likert5,1) strongly disagree,2,True,recode,1
69739241-7669-4a24-866f-e71d139ad2f4,prca17,likert5,4) agree,2,True,recode,1
69739241-7669-4a24-866f-e71d139ad2f4,prca18,likert5,2) disagree,4,True,recode,0
61612d62-6edd-403f-80ab-3d947fcd595e,prca01,likert5,1) strongly disagree,1,True,recode,0
61612d62-6edd-403f-80ab-3d947fcd595e,prca02,likert5,3) neutral,2,True,recode,1
61612d62-6edd-403f-80ab-3d947fcd595e,prca03,likert5,3) neutral,4,True,recode,0
61612d62-6edd-403f-80ab-3d947fcd595e,prca04,likert5,2) disagree,2,True,recode,1
61612d62-6edd-403f-80ab-3d947fcd595e,prca05,likert5,3) neutral,4,True,recode,0
61612d62-6edd-403f-80ab-3d947fcd595e,prca06,likert5,1) strongly disagree,2,True,recode,1
61612d62-6edd-403f-80ab-3d947fcd595e,prca13,likert5,3) neutral,4,True,recode,0
61612d62-6edd-403f-80ab-3d947fcd595e,prca14,likert5,1) strongly disagree,2,True,recode,1
61612d62-6edd-403f-80ab-3d947fcd595e,prca15,likert5,2) disagree,4,True,recode,0
61612d62-6edd-403f-80ab-3d947fcd595e,prca16,likert5,4) agree,2,True,recode,1
61612d62-6edd-403f-80ab-3d947fcd595e,prca17,likert5,3) neutral,1,True,recode,1
61612d62-6edd-403f-80ab-3d947fcd595e,prca18,likert5,4) agree,1,True,recode,0
9be43274-baa9-45f7-b06b-815567c65d77,prca01,likert5,2) disagree,5,True,recode,0
9be43274-baa9-45f7-b06b-815567c65d77,prca02,likert5,3) neutral,2,True,recode,1
9be43274-baa9-45f7-b06b-815567c65d77,prca03,likert5,3) neutral,4,True,recode,0
9be43274-baa9-45f7-b06b-815567c65d77,prca04,likert5,3) neutral,2,True,recode,1
9be43274-baa9-45f7-b06b-815567c65d77,prca05,likert5,1) strongly disagree,5,True,recode,0
9be43274-baa9-45f7-b06b-815567c65d77,prca06,likert5,3) neutral,2,True,recode,1
9be43274-baa9-45f7-b06b-815567c65d77,prca13,likert5,3) neutral,4,True,recode,0
9be43274-baa9-45f7-b06b-815567c65d77,prca14,likert5,3) neutral,3,True,recode,1
9be43274-baa9-45f7-b06b-815567c65d77,prca15,likert5,3) neutral,4,True,recode,0
9be43274-baa9-45f7-b06b-815567c65d77,prca16,likert5,4) agree,1,True,recode,1
9be43274-baa9-45f7-b06b-815567c65d77,prca17,likert5,4) agree,2,True,recode,1
9be43274-baa9-45f7-b06b-815567c65d77,prca18,likert5,4) agree,4,True,recode,0
62312bb7-25dd-4727-b8b5-6b8c065bcdb3,prca01,likert5,1) strongly disagree,5,True,recode,0
62312bb7-25dd-4727-b8b5-6b8c065bcdb3,prca02,likert5,3) neutral,2,True,recode,1
62312bb7-25dd-4727-b8b5-6b8c065bcdb3,prca03,likert5,1) strongly disagree,5,True,recode,0
62312bb7-25dd-4727-b8b5-6b8c065bcdb3,prca04,likert5,3) neutral,2,True,recode,1
62312bb7-25dd-4727-b8b5-6b8c065bcdb3,prca05,likert5,2) disagree,4,True,recode,0
62312bb7-25dd-4727-b8b5-6b8c065bcdb3,prca06,likert5,1) strongly disagree,2,True,recode,1
62312bb7-25dd-4727-b8b5-6b8c065bcdb3,prca13,likert5,4) agree,4,True,recode,0
62312bb7-25dd-4727-b8b5-6b8c065bcdb3,prca14,likert5,3) neutral,2,True,recode,1
62312bb7-25dd-4727-b8b5-6b8c065bcdb3,prca15,likert5,3) neutral,4,True,recode,0
62312bb7-25dd-4727-b8b5-6b8c065bcdb3,prca16,likert5,4) agree,2,True,recode,1
62312bb7-25dd-4727-b8b5-6b8c065bcdb3,prca17,likert5,5) strongly agree,3,True,recode,1
62312bb7-25dd-4727-b8b5-6b8c065bcdb3,prca18,likert5,1) strongly disagree,1,True,recode,0
740e3ab2-8107-4b35-b6b2-6827626d1af8,prca01,likert5,3) neutral,4,True,recode,0
740e3ab2-8107-4b35-b6b2-6827626d1af8,prca02,likert5,2) disagree,2,True,recode,1
740e3ab2-8107-4b35-b6b2-6827626d1af8,prca03,likert5,1) strongly disagree,5,True,recode,0
740e3ab2-8107-4b35-b6b2-6827626d1af8,prca04,likert5,4) agree,4,True,recode,1
740e3ab2-8107-4b35-b6b2-6827626d1af8,prca05,likert5,3) neutral,3,True,recode,0
740e3ab2-8107-4b35-b6b2-6827626d1af8,prca06,likert5,3) neutral,2,True,recode,1
740e3ab2-8107-4b35-b6b2-6827626d1af8,prca13,likert5,2) disagree,4,True,recode,0
740e3ab2-8107-4b35-b6b2-6827626d1af8,prca14,likert5,3) neutral,2,True,recode,1
740e3ab2-8107-4b35-b6b2-6827626d1af8,prca15,likert5,1) strongly disagree,5,True,recode,0
740e3ab2-8107-4b35-b6b2-6827626d1af8,prca16,likert5,1) strongly disagree,1,True,recode,1
740e3ab2-8107-4b35-b6b2-6827626d1af8,prca17,likert5,3) neutral,2,True,recode,1
740e3ab2-8107-4b35-b6b2-6827626d1af8,prca18,likert5,4) agree,5,True,recode,0
708d089f-5d12-4c41-9f92-8d1096badd15,prca01,likert5,2) disagree,5,True,recode,0
708d089f-5d12-4c41-9f92-8d1096badd15,prca02,likert5,2) disagree,2,True,recode,1
708d089f-5d12-4c41-9f92-8d1096badd15,prca03,likert5,4) agree,5,True,recode,0
708d089f-5d12-4c41-9f92-8d1096badd15,prca04,likert5,2) disagree,1,True,recode,1
708d089f-5d12-4c41-9f92-8d1096badd15,prca05,likert5,3) neutral,4,True,recode,0
708d089f-5d12-4c41-9f92-8d1096badd15,prca06,likert5,3) neutral,1,True,recode,1
708d089f-5d12-4c41-9f92-8d1096badd15,prca13,likert5,4) agree,4,True,recode,0
708d089f-5d12-4c41-9f92-8d1096badd15,prca14,likert5,2) disagree,2,True,recode,1
708d089f-5d12-4c41-9f92-8d1096badd15,prca15,likert5,1) strongly disagree,5,True,recode,0
708d089f-5d12-4c41-9f92-8d1096badd15,prca16,likert5,2) disagree,2,True,recode,1
708d089f-5d12-4c41-9f92-8d1096badd15,prca17,likert5,3) neutral,2,True,recode,1
708d089f-5d12-4c41-9f92-8d1096badd15,prca18,likert5,3) neutral,4,True,recode,0
d361d96f-d818-4579-8a1a-4034e5a6caf8,prca01,likert5,2) disagree,5,True,recode,0
d361d96f-d818-4579-8a1a-4034e5a6caf8,prca02,likert5,4) agree,2,True,recode,1
d361d96f-d818-4579-8a1a-4034e5a6caf8,prca03,likert5,3) neutral,4,True,recode,0
d361d96f-d818-4579-8a1a-4034e5a6caf8,prca04,likert5,3) neutral,2,True,recode,1
d361d96f-d818-4579-8a1a-4034e5a6caf8,prca05,likert5,3) neutral,4,True,recode,0
d361d96f-d818-4579-8a1a-4034e5a6caf8,prca06,likert5,3) neutral,2,True,recode,1
d361d96f-d818-4579-8a1a-4034e5a6caf8,prca13,likert5,3) neutral,4,True,recode,0
d361d96f-d818-4579-8a1a-4034e5a6caf8,prca14,likert5,2) disagree,2,True,recode,1
d361d96f-d818-4579-8a1a-4034e5a6caf8,prca15,likert5,1) strongly disagree,3,True,recode,0
d361d96f-d818-4579-8a1a-4034e5a6caf8,prca16,likert5,3) neutral,2,True,recode,1
d361d96f-d818-4579-8a1a-4034e5a6caf8,prca17,likert5,4) agree,2,True,recode,1
d361d96f-d818-4579-8a1a-4034e5a6caf8,prca18,likert5,4) agree,4,True,recode,0
20ac619b-8539-4148-a494-88caafc98aa7,prca01,likert5,3) neutral,4,True,recode,0
20ac619b-8539-4148-a494-88caafc98aa7,prca02,likert5,3) neutral,2,True,recode,1
20ac619b-8539-4148-a494-88caafc98aa7,prca03,likert5,1) strongly disagree.,5,True,recode,0
20ac619b-8539-4148-a494-88caafc98aa7,prca04,likert5,3) neutral,2,True,recode,1
20ac619b-8539-4148-a494-88caafc98aa7,prca05,likert5,3) neutral,4,True,recode,0
20ac619b-8539-4148-a494-88caafc98aa7,prca06,likert5,1) strongly disagree,1,True,recode,1
20ac619b-8539-4148-a494-88caafc98aa7,prca13,likert5,3) neutral,4,True,recode,0
20ac619b-8539-4148-a494-88caafc98aa7,prca14,likert5,2) disagree,1,True,recode,1
20ac619b-8539-4148-a494-88caafc98aa7,prca15,likert5,4) agree,4,True,recode,0
20ac619b-8539-4148-a494-88caafc98aa7,prca16,likert5,3) neutral,2,True,recode,1
20ac619b-8539-4148-a494-88caafc98aa7,prca17,likert5,3) neutral,2,True,recode,1
20ac619b-8539-4148-a494-88caafc98aa7,prca18,likert5,4) agree,4,True,recode,0
ff0474a4-e3ed-4193-87f6-1d665b8173b4,prca01,likert5,3) neutral,5,True,recode,0
ff0474a4-e3ed-4193-87f6-1d665b8173b4,prca02,likert5,3) neutral,1,True,recode,1
ff0474a4-e3ed-4193-87f6-1d665b8173b4,prca03,likert5,4) agree,4,True,recode,0
ff0474a4-e3ed-4193-87f6-1d665b8173b4,prca04,likert5,4) agree,2,True,recode,1
ff0474a4-e3ed-4193-87f6-1d665b8173b4,prca05,likert5,3) neutral,4,True,recode,0
ff0474a4-e3ed-4193-87f6-1d665b8173b4,prca06,likert5,3) neutral,2,True,recode,1
ff0474a4-e3ed-4193-87f6-1d665b8173b4,prca13,likert5,2) disagree,1,True,recode,0
ff0474a4-e3ed-4193-87f6-1d665b8173b4,prca14,likert5,4) agree,2,True,recode,1
ff0474a4-e3ed-4193-87f6-1d665b8173b4,prca15,likert5,2) disagree,5,True,recode,0
ff0474a4-e3ed-4193-87f6-1d665b8173b4,prca16,likert5,2) disagree,2,True,recode,1
ff0474a4-e3ed-4193-87f6-1d665b8173b4,prca17,likert5,4) agree,3,True,recode,1
ff0474a4-e3ed-4193-87f6-1d665b8173b4,prca18,likert5,2) disagree,5,True,recode,0
908153b3-6729-4add-ade4-c241fe9ec738,prca01,likert5,1) strongly disagree,5,True,recode,0
908153b3-6729-4add-ade4-c241fe9ec738,prca02,likert5,3) neutral,2,True,recode,1
908153b3-6729-4add-ade4-c241fe9ec738,prca03,likert5,2) disagree,5,True,recode,0
908153b3-6729-4add-ade4-c241fe9ec738,prca04,likert5,2) disagree,2,True,recode,1
908153b3-6729-4add-ade4-c241fe9ec738,prca05,likert5,3) neutral,4,True,recode,0
908153b3-6729-4add-ade4-c241fe9ec738,prca06,likert5,1) strongly disagree,1,True,recode,1
908153b3-6729-4add-ade4-c241fe9ec738,prca13,likert5,3) neutral,4,True,recode,0
908153b3-6729-4add-ade4-c241fe9ec738,prca14,likert5,4) agree,1,True,recode,1
908153b3-6729-4add-ade4-c241fe9ec738,prca15,likert5,3) neutral,4,True,recode,0
908153b3-6729-4add-ade4-c241fe9ec738,prca16,likert5,3) neutral,2,True,recode,1
908153b3-6729-4add-ade4-c241fe9ec738,prca17,likert5,3) neutral,1,True,recode,1
908153b3-6729-4add-ade4-c241fe9ec738,prca18,likert5,1) strongly disagree,5,True,recode,0
031398c7-d488-42c6-a732-c86341afd345,prca01,likert5,1) strongly disagree,4,True,recode,0
031398c7-d488-42c6-a732-c86341afd345,prca02,likert5,2) disagree,2,True,recode,1
031398c7-d488-42c6-a732-c86341afd345,prca03,likert5,1) strongly disagree,4,True,recode,0
031398c7-d488-42c6-a732-c86341afd345,prca04,likert5,4) agree,2,True,recode,1
031398c7-d488-42c6-a732-c86341afd345,prca05,likert5,4) agree,4,True,recode,0
031398c7-d488-42c6-a732-c86341afd345,prca06,likert5,2) disagree,2,True,recode,1
031398c7-d488-42c6-a732-c86341afd345,prca13,likert5,1) strongly disagree,3,True,recode,0
031398c7-d488-42c6-a732-c86341afd345,prca14,likert5,3) neutral,2,True,recode,1
031398c7-d488-42c6-a732-c86341afd345,prca15,likert5,1) strongly disagree,1,True,recode,0
031398c7-d488-42c6-a732-c86341afd345,prca16,likert5,4) agree,2,True,recode,1
031398c7-d488-42c6-a732-c86341afd345,prca17,likert5,2) disagree,2,True,recode,1
031398c7-d488-42c6-a732-c86341afd345,prca18,likert5,2) disagree,4,True,recode,0
5785f8b5-144d-4639-bd2f-9dda3093cf72,prca01,likert5,2) disagree,5,True,recode,0
5785f8b5-144d-4639-bd2f-9dda3093cf72,prca02,likert5,5) strongly agree,3,True,recode,1
5785f8b5-144d-4639-bd2f-9dda3093cf72,prca03,likert5,3) neutral,2,True,recode,0
5785f8b5-144d-4639-bd2f-9dda3093cf72,prca04,likert5,3) neutral,3,True,recode,1
5785f8b5-144d-4639-bd2f-9dda3093cf72,prca05,likert5,3) neutral,4,True,recode,0
5785f8b5-144d-4639-bd2f-9dda3093cf72,prca06,likert5,2) disagree,2,True,recode,1
5785f8b5-144d-4639-bd2f-9dda3093cf72,prca13,likert5,3) neutral,4,True,recode,0
5785f8b5-144d-4639-bd2f-9dda3093cf72,prca14,likert5,3) neutral,2,True,recode,1
5785f8b5-144d-4639-bd2f-9dda3093cf72,prca15,likert5,2) disagree,5,True,recode,0
5785f8b5-144d-4639-bd2f-9dda3093cf72,prca16,likert5,3) neutral,2,True,recode,1
5785f8b5-144d-4639-bd2f-9dda3093cf72,prca17,likert5,3) neutral,2,True,recode,1
5785f8b5-144d-4639-bd2f-9dda3093cf72,prca18,likert5,4) agree,4,True,recode,0
02cbbc03-9b75-47a5-86f0-c3e9b81e3d27,prca01,likert5,1) strongly disagree,5,True,recode,0
02cbbc03-9b75-47a5-86f0-c3e9b81e3d27,prca02,likert5,4) agree,2,True,recode,1
02cbbc03-9b75-47a5-86f0-c3e9b81e3d27,prca03,likert5,3) neutral,4,True,recode,0
02cbbc03-9b75-47a5-86f0-c3e9b81e3d27,prca04,likert5,1) strongly disagree,1,True,recode,1
02cbbc03-9b75-47a5-86f0-c3e9b81e3d27,prca05,likert5,3) neutral,4,True,recode,0
02cbbc03-9b75-47a5-86f0-c3e9b81e3d27,prca06,likert5,3) neutral,2,True,recode,1
02cbbc03-9b75-47a5-86f0-c3e9b81e3d27,prca13,likert5,1) strongly disagree,4,True,recode,0
02cbbc03-9b75-47a5-86f0-c3e9b81e3d27,prca14,likert5,3) neutral,2,True,recode,1
02cbbc03-9b75-47a5-86f0-c3e9b81e3d27,prca15,likert5,1) strongly disagree,4,True,recode,0
02cbbc03-9b75-47a5-86f0-c3e9b81e3d27,prca16,likert5,1) strongly disagree,2,True,recode,1
02cbbc03-9b75-47a5-86f0-c3e9b81e3d27,prca17,likert5,4) agree,2,True,recode,1
02cbbc03-9b75-47a5-86f0-c3e9b81e3d27,prca18,likert5,3) neutral,4,True,recode,0
9e4f453b-0984-4702-936a-1ca2c58a559f,prca01,likert5,2) disagree,4,True,recode,0
9e4f453b-0984-4702-936a-1ca2c58a559f,prca02,likert5,2) disagree,2,True,recode,1
9e4f453b-0984-4702-936a-1ca2c58a559f,prca03,likert5,3) neutral,4,True,recode,0
9e4f453b-0984-4702-936a-1ca2c58a559f,prca04,likert5,3) neutral,2,True,recode,1
9e4f453b-0984-4702-936a-1ca2c58a559f,prca05,likert5,1) strongly disagree,5,True,recode,0
9e4f453b-0984-4702-936a-1ca2c58a559f,prca06,likert5,2) disagree,1,True,recode,1
9e4f453b-0984-4702-936a-1ca2c58a559f,prca13,likert5,2) disagree,4,True,recode,0
9e4f453b-0984-4702-936a-1ca2c58a559f,prca14,likert5,1) strongly disagree,2,True,recode,1
9e4f453b-0984-4702-936a-1ca2c58a559f,prca15,likert5,1) strongly disagree,5,True,recode,0
9e4f453b-0984-4702-936a-1ca2c58a559f,prca16,likert5,3) neutral,1,True,recode,1
9e4f453b-0984-4702-936a-1ca2c58a559f,prca17,likert5,4) agree,2,True,recode,1
9e4f453b-0984-4702-936a-1ca2c58a559f,prca18,likert5,3) neutral,4,True,recode,0
c7ffcab2-5dc6-45bf-8979-afbde22cecd4,prca01,likert5,1) strongly disagree,4,True,recode,0
c7ffcab2-5dc6-45bf-8979-afbde22cecd4,prca02,likert5,3) neutral,3,True,recode,1
c7ffcab2-5dc6-45bf-8979-afbde22cecd4,prca03,likert5,3) neutral,4,True,recode,0
c7ffcab2-5dc6-45bf-8979-afbde22cecd4,prca04,likert5,3) neutral,1,True,recode,1
c7ffcab2-5dc6-45bf-8979-afbde22cecd4,prca05,likert5,3) neutral,4,True,recode,0
c7ffcab2-5dc6-45bf-8979-afbde22cecd4,prca06,likert5,3) neutral,2,True,recode,1
c7ffcab2-5dc6-45bf-8979-afbde22cecd4,prca13,likert5,3) neutral,5,True,recode,0
c7ffcab2-5dc6-45bf-8979-afbde22cecd4,prca14,likert5,4) agree,2,True,recode,1
c7ffcab2-5dc6-45bf-8979-afbde22cecd4,prca15,likert5,3) neutral,4,True,recode,0
c7ffcab2-5dc6-45bf-8979-afbde22cecd4,prca16,likert5,5) strongly agree,2,True,recode,1
c7ffcab2-5dc6-45bf-8979-afbde22cecd4,prca17,likert5,3) neutral,5,True,recode,1
c7ffcab2-5dc6-45bf-8979-afbde22cecd4,prca18,likert5,4) agree,4,True,recode,0
be1bc102-a383-40c7-898d-a6a67076017d,prca01,likert5,3) neutral,4,True,recode,0
be1bc102-a383-40c7-898d-a6a67076017d,prca02,likert5,4) agree,2,True,recode,1
be1bc102-a383-40c7-898d-a6a67076017d,prca03,likert5,3) neutral,4,True,recode,0
be1bc102-a383-40c7-898d-a6a67076017d,prca04,likert5,3) neutral,2,True,recode,1
be1bc102-a383-40c7-898d-a6a67076017d,prca05,likert5,3) neutral,4,True,recode,0
be1bc102-a383-40c7-898d-a6a67076017d,prca06,likert5,3) neutral,2,True,recode,1
be1bc102-a383-40c7-898d-a6a67076017d,prca13,likert5,2) disagree,5,True,recode,0
be1bc102-a383-40c7-898d-a6a67076017d,prca14,likert5,1) strongly disagree,1,True,recode,1
be1bc102-a383-40c7-898d-a6a67076017d,prca15,likert5,2) disagree,4,True,recode,0
be1bc102-a383-40c7-898d-a6a67076017d,prca16,likert5,2) disagree,2,True,recode,1
be1bc102-a383-40c7-898d-a6a67076017d,prca17,likert5,1) strongly disagree,1,True,recode,1
be1bc102-a383-40c7-898d-a6a67076017d,prca18,likert5,1) strongly disagree,5,True,recode,0
362483c7-a0ba-49dc-86bc-2fa92c485474,prca01,likert5,1) strongly disagree,5,True,recode,0
362483c7-a0ba-49dc-86bc-2fa92c485474,prca02,likert5,3) neutral,2,True,recode,1
362483c7-a0ba-49dc-86bc-2fa92c485474,prca03,likert5,1) strongly disagree,5,True,recode,0
362483c7-a0ba-49dc-86bc-2fa92c485474,prca04,likert5,4) agree,1,True,recode,1
362483c7-a0ba-49dc-86bc-2fa92c485474,prca05,likert5,3) neutral,4,True,recode,0
362483c7-a0ba-49dc-86bc-2fa92c485474,prca06,likert5,2) disagree,1,True,recode,1
362483c7-a0ba-49dc-86bc-2fa92c485474,prca13,likert5,3) neutral,4,True,recode,0
362483c7-a0ba-49dc-86bc-2fa92c485474,prca14,likert5,2) disagree,2,True,recode,1
362483c7-a0ba-49dc-86bc-2fa92c485474,prca15,likert5,1) strongly disagree,4,True,recode,0
362483c7-a0ba-49dc-86bc-2fa92c485474,prca16,likert5,3) neutral,2,True,recode,1
362483c7-a0ba-49dc-86bc-2fa92c485474,prca17,likert5,4) agree,2,True,recode,1
362483c7-a0ba-49dc-86bc-2fa92c485474,prca18,likert5,3) neutral,4,True,recode,0
047e9772-c52a-4d75-af38-7b94908b6094,prca01,likert5,4) agree,4,True,recode,0
047e9772-c52a-4d75-af38-7b94908b6094,prca02,likert5,3) neutral,2,True,recode,1
047e9772-c52a-4d75-af38-7b94908b6094,prca03,likert5,2) disagree,5,True,recode,0
047e9772-c52a-4d75-af38-7b94908b6094,prca04,likert5,2) disagree,1,True,recode,1
047e9772-c52a-4d75-af38-7b94908b6094,prca05,likert5,3) neutral,5,True,recode,0
047e9772-c52a-4d75-af38-7b94908b6094,prca06,likert5,3) neutral,2,True,recode,1
047e9772-c52a-4d75-af38-7b94908b6094,prca13,likert5,3) neutral,4,True,recode,0
047e9772-c52a-4d75-af38-7b94908b6094,prca14,likert5,4) agree,2,True,recode,1
047e9772-c52a-4d75-af38-7b94908b6094,prca15,likert5,4) agree,5,True,recode,0
047e9772-c52a-4d75-af38-7b94908b6094,prca16,likert5,3) neutral,2,True,recode,1
047e9772-c52a-4d75-af38-7b94908b6094,prca17,likert5,3) neutral,2,True,recode,1
047e9772-c52a-4d75-af38-7b94908b6094,prca18,likert5,3) neutral,4,True,recode,0
d58c015a-6009-4dee-8eed-c4b4a35de7de,prca01,likert5,2) disagree,1,True,recode,0
d58c015a-6009-4dee-8eed-c4b4a35de7de,prca02,likert5,2) disagree,3,True,recode,1
d58c015a-6009-4dee-8eed-c4b4a35de7de,prca03,likert5,3) neutral,4,True,recode,0
d58c015a-6009-4dee-8eed-c4b4a35de7de,prca04,likert5,2) disagree,2,True,recode,1
d58c015a-6009-4dee-8eed-c4b4a35de7de,prca05,likert5,1) strongly disagree,5,True,recode,0
d58c015a-6009-4dee-8eed-c4b4a35de7de,prca06,likert5,3) neutral,1,True,recode,1
d58c015a-6009-4dee-8eed-c4b4a35de7de,prca13,likert5,1) strongly disagree,5,True,recode,0
d58c015a-6009-4dee-8eed-c4b4a35de7de,prca14,likert5,3) neutral,2,True,recode,1
d58c015a-6009-4dee-8eed-c4b4a35de7de,prca15,likert5,4) agree,5,True,recode,0
d58c015a-6009-4dee-8eed-c4b4a35de7de,prca16,likert5,1) strongly disagree,1,True,recode,1
d58c015a-6009-4dee-8eed-c4b4a35de7de,prca17,likert5,3) neutral,2,True,recode,1
d58c015a-6009-4dee-8eed-c4b4a35de7de,prca18,likert5,3) neutral,4,True,recode,0
b06683bb-359b-4f7b-bde9-a5e450c894e7,prca01,likert5,3) neutral,4,True,recode,0
b06683bb-359b-4f7b-bde9-a5e450c894e7,prca02,likert5,2) disagree,5,True,recode,1
b06683bb-359b-4f7b-bde9-a5e450c894e7,prca03,likert5,3) neutral,4,True,recode,0
b06683bb-359b-4f7b-bde9-a5e450c894e7,prca04,likert5,4) agree,2,True,recode,1
b06683bb-359b-4f7b-bde9-a5e450c894e7,prca05,likert5,4) agree,5,True,recode,0
b06683bb-359b-4f7b-bde9-a5e450c894e7,prca06,likert5,2) disagree,1,True,recode,1
b06683bb-359b-4f7b-bde9-a5e450c894e7,prca13,likert5,3) neutral,5,True,recode,0
b06683bb-359b-4f7b-bde9-a5e450c894e7,prca14,likert5,1) strongly disagree,1,True,recode,1
b06683bb-359b-4f7b-bde9-a5e450c894e7,prca15,likert5,1) strongly disagree,1,True,recode,0
b06683bb-359b-4f7b-bde9-a5e450c894e7,prca16,likert5,3) neutral,2,True,recode,1
b06683bb-359b-4f7b-bde9-a5e450c894e7,prca17,likert5,2) disagree,2,True,recode,1
b06683bb-359b-4f7b-bde9-a5e450c894e7,prca18,likert5,1) strongly disagree,4,True,recode,0
ea74d204-c94c-4610-b4cb-c5c2dd201636,prca01,likert5,4) agree,4,True,recode,0
ea74d204-c94c-4610-b4cb-c5c2dd201636,prca02,likert5,3) neutral,2,True,recode,1
ea74d204-c94c-4610-b4cb-c5c2dd201636,prca03,likert5,1) strongly disagree,5,True,recode,0
ea74d204-c94c-4610-b4cb-c5c2dd201636,prca04,likert5,2) disagree,1,True,recode,1
ea74d204-c94c-4610-b4cb-c5c2dd201636,prca05,likert5,2) disagree,5,True,recode,0
ea74d204-c94c-4610-b4cb-c5c2dd201636,prca06,likert5,3) neutral,2,True,recode,1
ea74d204-c94c-4610-b4cb-c5c2dd201636,prca13,likert5,2) disagree,4,True,recode,0
ea74d204-c94c-4610-b4cb-c5c2dd201636,prca14,likert5,5) strongly agree,3,True,recode,1
ea74d204-c94c-4610-b4cb-c5c2dd201636,prca15,likert5,3) neutral,4,True,recode,0
ea74d204-c94c-4610-b4cb-c5c2dd201636,prca16,likert5,3) neutral,2,True,recode,1
ea74d204-c94c-4610-b4cb-c5c2dd201636,prca17,likert5,1) strongly disagree,3,True,recode,1
ea74d204-c94c-4610-b4cb-c5c2dd201636,prca18,likert5,2) disagree,3,True,recode,0
a9221a57-f4b1-45cc-a831-1a63390c720b,prca01,likert5,2) disagree,3,True,recode,0
a9221a57-f4b1-45cc-a831-1a63390c720b,prca02,likert5,3) neutral,2,True,recode,1
a9221a57-f4b1-45cc-a831-1a63390c720b,prca03,likert5,3) neutral,4,True,recode,0
a9221a57-f4b1-45cc-a831-1a63390c720b,prca04,likert5,2) disagree,3,True,recode,1
a9221a57-f4b1-45cc-a831-1a63390c720b,prca05,likert5,1) strongly disagree,5,True,recode,0
a9221a57-f4b1-45cc-a831-1a63390c720b,prca06,likert5,3) neutral,2,True,recode,1
a9221a57-f4b1-45cc-a831-1a63390c720b,prca13,likert5,4) agree,4,True,recode,0
a9221a57-f4b1-45cc-a831-1a63390c720b,prca14,likert5,3) neutral,2,True,recode,1
a9221a57-f4b1-45cc-a831-1a63390c720b,prca15,likert5,1) strongly disagree,5,True,recode,0
a9221a57-f4b1-45cc-a831-1a63390c720b,prca16,likert5,4) agree,3,True,recode,1
a9221a57-f4b1-45cc-a831-1a63390c720b,prca17,likert5,2) disagree,1,True,recode,1
a9221a57-f4b1-45cc-a831-1a63390c720b,prca18,likert5,4) agree,4,True,recode,0
9da54e2a-0d77-4058-9273-50919f341bc5,prca01,likert5,2) disagree,3,True,recode,0
9da54e2a-0d77-4058-9273-50919f341bc5,prca02,likert5,3) neutral,2,True,recode,1
9da54e2a-0d77-4058-9273-50919f341bc5,prca03,likert5,1,1,True,validated,0
9da54e2a-0d77-4058-9273-50919f341bc5,prca04,likert5,1) strongly disagree,2,True,recode,1
9da54e2a-0d77-4058-9273-50919f341bc5,prca05,likert5,3) neutral,4,True,recode,0
9da54e2a-0d77-4058-9273-50919f341bc5,prca06,likert5,1) strongly disagree,2,True,recode,1
9da54e2a-0d77-4058-9273-50919f341bc5,prca13,likert5,3) neutral,4,True,recode,0
9da54e2a-0d77-4058-9273-50919f341bc5,prca14,likert5,2) disagree,2,True,recode,1
9da54e2a-0d77-4058-9273-50919f341bc5,prca15,likert5,3) neutral,4,True,recode,0
9da54e2a-0d77-4058-9273-50919f341bc5,prca16,likert5,4) agree,2,True,recode,1
9da54e2a-0d77-4058-9273-50919f341bc5,prca17,likert5,4) agree,2,True,recode,1
9da54e2a-0d77-4058-9273-50919f341bc5,prca18,likert5,2) disagree,5,True,recode,0
57e4ed32-e6d9-4214-a853-a352e65c7eed,prca01,likert5,3) neutral,4,True,recode,0
57e4ed32-e6d9-4214-a853-a352e65c7eed,prca02,likert5,2) disagree,1,True,recode,1
57e4ed32-e6d9-4214-a853-a352e65c7eed,prca03,likert5,3) neutral,4,True,recode,0
57e4ed32-e6d9-4214-a853-a352e65c7eed,prca04,likert5,4) agree,1,True,recode,1
57e4ed32-e6d9-4214-a853-a352e65c7eed,prca05,likert5,3) neutral,4,True,recode,0
57e4ed32-e6d9-4214-a853-a352e65c7eed,prca06,likert5,3) neutral,2,True,recode,1
57e4ed32-e6d9-4214-a853-a352e65c7eed,prca13,likert5,1) strongly disagree,4,True,recode,0
57e4ed32-e6d9-4214-a853-a352e65c7eed,prca14,likert5,3) neutral,2,True,recode,1
57e4ed32-e6d9-4214-a853-a352e65c7eed,prca15,likert5,1) strongly disagree,5,True,recode,0
57e4ed32-e6d9-4214-a853-a352e65c7eed,prca16,likert5,4) agree,2,True,recode,1
57e4ed32-e6d9-4214-a853-a352e65c7eed,prca17,likert5,2) disagree,2,True,recode,1
57e4ed32-e6d9-4214-a853-a352e65c7eed,prca18,likert5,3) neutral,4,True,recode,0
b044f14f-ad86-4a2f-8efd-79f1544f232b,prca01,likert5,1) strongly disagree,5,True,recode,0
b044f14f-ad86-4a2f-8efd-79f1544f232b,prca02,likert5,2) disagree,3,True,recode,1
b044f14f-ad86-4a2f-8efd-79f1544f232b,prca03,likert5,3) neutral,4,True,recode,0
b044f14f-ad86-4a2f-8efd-79f1544f232b,prca04,likert5,4) agree,2,True,recode,1
b044f14f-ad86-4a2f-8efd-79f1544f232b,prca05,likert5,2) disagree,5,True,recode,0
b044f14f-ad86-4a2f-8efd-79f1544f232b,prca06,likert5,2) disagree,2,True,recode,1
b044f14f-ad86-4a2f-8efd-79f1544f232b,prca13,likert5,4) agree,5,True,recode,0
b044f14f-ad86-4a2f-8efd-79f1544f232b,prca14,likert5,1) strongly disagree,2,True,recode,1
b044f14f-ad86-4a2f-8efd-79f1544f232b,prca15,likert5,1) strongly disagree,4,True,recode,0
b044f14f-ad86-4a2f-8efd-79f1544f232b,prca16,likert5,3) neutral,1,True,recode,1
b044f14f-ad86-4a2f-8efd-79f1544f232b,prca17,likert5,4) agree,2,True,recode,1
b044f14f-ad86-4a2f-8efd-79f1544f232b,prca18,likert5,3) neutral,4,True,recode,0
9de05698-9d03-4b48-966c-6f72ef039a79,prca01,likert5,3) neutral,4,True,recode,0
9de05698-9d03-4b48-966c-6f72ef039a79,prca02,likert5,2) disagree,2,True,recode,1
9de05698-9d03-4b48-966c-6f72ef039a79,prca03,likert5,1) strongly disagree,5,True,recode,0
9de05698-9d03-4b48-966c-6f72ef039a79,prca04,likert5,4) agree,2,True,recode,1
9de05698-9d03-4b48-966c-6f72ef039a79,prca05,likert5,1) strongly disagree,5,True,recode,0
9de05698-9d03-4b48-966c-6f72ef039a79,prca06,likert5,4) agree,2,True,recode,1
9de05698-9d03-4b48-966c-6f72ef039a79,prca13,likert5,4) agree,4,True,recode,0
9de05698-9d03-4b48-966c-6f72ef039a79,prca14,likert5,3) neutral,2,True,recode,1
9de05698-9d03-4b48-966c-6f72ef039a79,prca15,likert5,1) strongly disagree,3,True,recode,0
9de05698-9d03-4b48-966c-6f72ef039a79,prca16,likert5,4) agree,2,True,recode,1
9de05698-9d03-4b48-966c-6f72ef039a79,prca17,likert5,2) disagree,3,True,recode,1
9de05698-9d03-4b48-966c-6f72ef039a79,prca18,likert5,2) disagree,4,True,recode,0
77738a09-ce4f-4734-aaf1-9a1b4a1dfa7d,prca01,likert5,2) disagree,4,True,recode,0
77738a09-ce4f-4734-aaf1-9a1b4a1dfa7d,prca02,likert5,4) agree,1,True,recode,1
77738a09-ce4f-4734-aaf1-9a1b4a1dfa7d,prca03,likert5,2) disagree,5,True,recode,0
77738a09-ce4f-4734-aaf1-9a1b4a1dfa7d,prca04,likert5,3) neutral,2,True,recode,1
77738a09-ce4f-4734-aaf1-9a1b4a1dfa7d,prca05,likert5,3) neutral,4,True,recode,0
77738a09-ce4f-4734-aaf1-9a1b4a1dfa7d,prca06,likert5,1) strongly disagree,1,True,recode,1
77738a09-ce4f-4734-aaf1-9a1b4a1dfa7d,prca13,likert5,3) neutral,4,True,recode,0
77738a09-ce4f-4734-aaf1-9a1b4a1dfa7d,prca14,likert5,2) disagree,1,True,recode,1
77738a09-ce4f-4734-aaf1-9a1b4a1dfa7d,prca15,likert5,3) neutral,4,True,recode,0
77738a09-ce4f-4734-aaf1-9a1b4a1dfa7d,prca16,likert5,3) neutral,2,True,recode,1
77738a09-ce4f-4734-aaf1-9a1b4a1dfa7d,prca17,likert5,4) agree,1,True,recode,1
77738a09-ce4f-4734-aaf1-9a1b4a1dfa7d,prca18,likert5,1) strongly disagree,5,True,recode,0
dc1eb70a-490f-4e02-8a88-17ef9df9d857,prca01,likert5,1) strongly disagree,4,True,recode,0
dc1eb70a-490f-4e02-8a88-17ef9df9d857,prca02,likert5,3) neutral,2,True,recode,1
dc1eb70a-490f-4e02-8a88-17ef9df9d857,prca03,likert5,2) disagree,4,True,recode,0
dc1eb70a-490f-4e02-8a88-17ef9df9d857,prca04,likert5,4) agree,2,True,recode,1
dc1eb70a-490f-4e02-8a88-17ef9df9d857,prca05,likert5,3) neutral,4,True,recode,0
dc1eb70a-490f-4e02-8a88-17ef9df9d857,prca06,likert5,4) agree,4,True,recode,1
dc1eb70a-490f-4e02-8a88-17ef9df9d857,prca13,likert5,4) agree,4,True,recode,0
dc1eb70a-490f-4e02-8a88-17ef9df9d857,prca14,likert5,3) neutral,2,True,recode,1
dc1eb70a-490f-4e02-8a88-17ef9df9d857,prca15,likert5,1) strongly disagree,4,True,recode,0
dc1eb70a-490f-4e02-8a88-17ef9df9d857,prca16,likert5,3) neutral,2,True,recode,1
dc1eb70a-490f-4e02-8a88-17ef9df9d857,prca17,likert5,1) strongly disagree,1,True,recode,1
dc1eb70a-490f-4e02-8a88-17ef9df9d857,prca18,likert5,2) disagree,4,True,recode,0
ecb7b29a-ca37-416d-8fa5-d74c79a397f3,prca01,likert5,1) strongly disagree,5,True,recode,0
ecb7b29a-ca37-416d-8fa5-d74c79a397f3,prca02,likert5,1) strongly disagree,1,True,recode,1
ecb7b29a-ca37-416d-8fa5-d74c79a397f3,prca03,likert5,3) neutral,4,True,recode,0
ecb7b29a-ca37-416d-8fa5-d74c79a397f3,prca04,likert5,3) neutral,1,True,recode,1
ecb7b29a-ca37-416d-8fa5-d74c79a397f3,prca05,likert5,1) strongly disagree,5,True,recode,0
ecb7b29a-ca37-416d-8fa5-d74c79a397f3,prca06,likert5,2) disagree,2,True,recode,1
ecb7b29a-ca37-416d-8fa5-d74c79a397f3,prca13,likert5,1) strongly disagree,5,True,recode,0
ecb7b29a-ca37-416d-8fa5-d74c79a397f3,prca14,likert5,3) neutral,2,True,recode,1
ecb7b29a-ca37-416d-8fa5-d74c79a397f3,prca15,likert5,3) neutral,4,True,recode,0
ecb7b29a-ca37-416d-8fa5-d74c79a397f3,prca16,likert5,4) agree,1,True,recode,1
ecb7b29a-ca37-416d-8fa5-d74c79a397f3,prca17,likert5,2) disagree,4,True,recode,1
ecb7b29a-ca37-416d-8fa5-d74c79a397f3,prca18,likert5,1) strongly disagree,3,True,recode,0
23caa3e7-b335-4eee-a52d-0bdecb22c664,prca01,likert5,3) neutral,4,True,recode,0
23caa3e7-b335-4eee-a52d-0bdecb22c664,prca02,likert5,3) neutral,2,True,recode,1
23caa3e7-b335-4eee-a52d-0bdecb22c664,prca03,likert5,2) disagree,4,True,recode,0
23caa3e7-b335-4eee-a52d-0bdecb22c664,prca04,likert5,2) disagree,2,True,recode,1
23caa3e7-b335-4eee-a52d-0bdecb22c664,prca05,likert5,3) neutral,4,True,recode,0
23caa3e7-b335-4eee-a52d-0bdecb22c664,prca06,likert5,2) disagree,1,True,recode,1
23caa3e7-b335-4eee-a52d-0bdecb22c664,prca13,likert5,3) neutral,4,True,recode,0
23caa3e7-b335-4eee-a52d-0bdecb22c664,prca14,likert5,4) agree,1,True,recode,1
23caa3e7-b335-4eee-a52d-0bdecb22c664,prca15,likert5,1) strongly disagree,5,True,recode,0
23caa3e7-b335-4eee-a52d-0bdecb22c664,prca16,likert5,3) neutral,2,True,recode,1
23caa3e7-b335-4eee-a52d-0bdecb22c664,prca17,likert5,4) agree,2,True,recode,1
23caa3e7-b335-4eee-a52d-0bdecb22c664,prca18,likert5,1) strongly disagree,5,True,recode,0
c2426227-ab60-43a0-9872-f5921daf1c8d,prca01,likert5,1) strongly disagree,5,True,recode,0
c2426227-ab60-43a0-9872-f5921daf1c8d,prca02,likert5,3) neutral,1,True,recode,1
c2426227-ab60-43a0-9872-f5921daf1c8d,prca03,likert5,3) neutral,4,True,recode,0
c2426227-ab60-43a0-9872-f5921daf1c8d,prca04,likert5,3) neutral,1,True,recode,1
c2426227-ab60-43a0-9872-f5921daf1c8d,prca05,likert5,3) neutral,4,True,recode,0
c2426227-ab60-43a0-9872-f5921daf1c8d,prca06,likert5,3) neutral,4,True,recode,1
c2426227-ab60-43a0-9872-f5921daf1c8d,prca13,likert5,3) neutral,4,True,recode,0
c2426227-ab60-43a0-9872-f5921daf1c8d,prca14,likert5,3) neutral,2,True,recode,1
c2426227-ab60-43a0-9872-f5921daf1c8d,prca15,likert5,4) agree,5,True,recode,0
c2426227-ab60-43a0-9872-f5921daf1c8d,prca16,likert5,1) strongly disagree,3,True,recode,1
c2426227-ab60-43a0-9872-f5921daf1c8d,prca17,likert5,3) neutral,2,True,recode,1
c2426227-ab60-43a0-9872-f5921daf1c8d,prca18,likert5,4) agree,4,True,recode,0
1aa35922-1e47-4188-b8c2-fc01e62cd2ab,prca01,likert5,2) disagree,3,True,recode,0
1aa35922-1e47-4188-b8c2-fc01e62cd2ab,prca02,likert5,4) agree,2,True,recode,1
1aa35922-1e47-4188-b8c2-fc01e62cd2ab,prca03,likert5,2) disagree,5,True,recode,0
1aa35922-1e47-4188-b8c2-fc01e62cd2ab,prca04,likert5,4) agree,1,True,recode,1
1aa35922-1e47-4188-b8c2-fc01e62cd2ab,prca05,likert5,2) disagree,5,True,recode,0
1aa35922-1e47-4188-b8c2-fc01e62cd2ab,prca06,likert5,2) disagree,1,True,recode,1
1aa35922-1e47-4188-b8c2-fc01e62cd2ab,prca13,likert5,3) neutral,3,True,recode,0
1aa35922-1e47-4188-b8c2-fc01e62cd2ab,prca14,likert5,2) disagree,1,True,recode,1
1aa35922-1e47-4188-b8c2-fc01e62cd2ab,prca15,likert5,3) neutral,4,True,recode,0
1aa35922-1e47-4188-b8c2-fc01e62cd2ab,prca16,likert5,2) disagree,2,True,recode,1
1aa35922-1e47-4188-b8c2-fc01e62cd2ab,prca17,likert5,3) neutral,1,True,recode,1
1aa35922-1e47-4188-b8c2-fc01e62cd2ab,prca18,likert5,1) strongly disagree,5,True,recode,0
39d0daa1-79a7-4f48-a8b7-6400b0e18444,prca01,likert5,1) strongly disagree,1,True,recode,0
39d0daa1-79a7-4f48-a8b7-6400b0e18444,prca02,likert5,4) agree,2,True,recode,1
39d0daa1-79a7-4f48-a8b7-6400b0e18444,prca03,likert5,2) disagree,3,True,recode,0
39d0daa1-79a7-4f48-a8b7-6400b0e18444,prca04,likert5,3) neutral,2,True,recode,1
39d0daa1-79a7-4f48-a8b7-6400b0e18444,prca05,likert5,3) neutral,4,True,recode,0
39d0daa1-79a7-4f48-a8b7-6400b0e18444,prca06,likert5,4) agree,1,True,recode,1
39d0daa1-79a7-4f48-a8b7-6400b0e18444,prca13,likert5,2) disagree,4,True,recode,0
39d0daa1-79a7-4f48-a8b7-6400b0e18444,prca14,likert5,3) neutral,2,True,recode,1
39d0daa1-79a7-4f48-a8b7-6400b0e18444,prca15,likert5,3) neutral,4,True,recode,0
39d0daa1-79a7-4f48-a8b7-6400b0e18444,prca16,likert5,3) neutral,2,True,recode,1
39d0daa1-79a7-4f48-a8b7-6400b0e18444,prca17,likert5,2) disagree,1,True,recode,1
39d0daa1-79a7-4f48-a8b7-6400b0e18444,prca18,likert5,3) neutral,4,True,recode,0
95160dda-697d-4dd5-9435-29d0099e448a,prca01,likert5,"1) strongly disagree, 2) disagree, 3) neutral, 4) agree, 5) strongly agree",1,True,recode,0
95160dda-697d-4dd5-9435-29d0099e448a,prca02,likert5,4) agree,2,True,recode,1
95160dda-697d-4dd5-9435-29d0099e448a,prca03,likert5,3) neutral,4,True,recode,0
95160dda-697d-4dd5-9435-29d0099e448a,prca04,likert5,4) agree,2,True,recode,1
95160dda-697d-4dd5-9435-29d0099e448a,prca05,likert5,1) strongly disagree,5,True,recode,0
95160dda-697d-4dd5-9435-29d0099e448a,prca06,likert5,3) neutral,2,True,recode,1
95160dda-697d-4dd5-9435-29d0099e448a,prca13,likert5,1) strongly disagree,4,True,recode,0
95160dda-697d-4dd5-9435-29d0099e448a,prca14,likert5,5) strongly agree,3,True,recode,1
95160dda-697d-4dd5-9435-29d0099e448a,prca15,likert5,1) strongly disagree,4,True,recode,0
95160dda-697d-4dd5-9435-29d0099e448a,prca16,likert5,3) neutral,2,True,recode,1
95160dda-697d-4dd5-9435-29d0099e448a,prca17,likert5,3) neutral,2,True,recode,1
95160dda-697d-4dd5-9435-29d0099e448a,prca18,likert5,3) neutral,4,True,recode,0
14c999ac-11c1-46f2-be4e-26d3d7d25dc2,prca01,likert5,3) neutral,5,True,recode,0
14c999ac-11c1-46f2-be4e-26d3d7d25dc2,prca02,likert5,3) neutral,2,True,recode,1
14c999ac-11c1-46f2-be4e-26d3d7d25dc2,prca03,likert5,3) neutral,4,True,recode,0
14c999ac-11c1-46f2-be4e-26d3d7d25dc2,prca04,likert5,3) neutral,2,True,recode,1
14c999ac-11c1-46f2-be4e-26d3d7d25dc2,prca05,likert5,1) strongly disagree,4,True,recode,0
14c999ac-11c1-46f2-be4e-26d3d7d25dc2,prca06,likert5,2) disagree,1,True,recode,1
14c999ac-11c1-46f2-be4e-26d3d7d25dc2,prca13,likert5,3) neutral,4,True,recode,0
14c999ac-11c1-46f2-be4e-26d3d7d25dc2,prca14,likert5,1) strongly disagree,1,True,recode,1
14c999ac-11c1-46f2-be4e-26d3d7d25dc2,prca15,likert5,4) agree,4,True,recode,0
14c999ac-11c1-46f2-be4e-26d3d7d25dc2,prca16,likert5,4) agree,2,True,recode,1
14c999ac-11c1-46f2-be4e-26d3d7d25dc2,prca17,likert5,4) agree,2,True,recode,1
14c999ac-11c1-46f2-be4e-26d3d7d25dc2,prca18,likert5,3) neutral,4,True,recode,0
886ba072-54fc-4104-964e-3ac3cb69fab7,prca01,likert5,4) agree,4,True,recode,0
886ba072-54fc-4104-964e-3ac3cb69fab7,prca02,likert5,3) neutral,2,True,recode,1
886ba072-54fc-4104-964e-3ac3cb69fab7,prca03,likert5,3) neutral,4,True,recode,0
886ba072-54fc-4104-964e-3ac3cb69fab7,prca04,likert5,4) agree,2,True,recode,1
886ba072-54fc-4104-964e-3ac3cb69fab7,prca05,likert5,2) disagree,4,True,recode,0
886ba072-54fc-4104-964e-3ac3cb69fab7,prca06,likert5,3) neutral,2,True,recode,1
886ba072-54fc-4104-964e-3ac3cb69fab7,prca13,likert5,3) neutral,4,True,recode,0
886ba072-54fc-4104-964e-3ac3cb69fab7,prca14,likert5,2) disagree,1,True,recode,1
886ba072-54fc-4104-964e-3ac3cb69fab7,prca15,likert5,1) strongly disagree,5,True,recode,0
886ba072-54fc-4104-964e-3ac3cb69fab7,prca16,likert5,3) neutral,2,True,recode,1
886ba072-54fc-4104-964e-3ac3cb69fab7,prca17,likert5,3) neutral,2,True,recode,1
886ba072-54fc-4104-964e-3ac3cb69fab7,prca18,likert5,1) strongly disagree,5,True,recode,0
98fd6ad9-759c-4c2c-9a55-ef3e7b857802,prca01,likert5,1) strongly disagree,5,True,recode,0
98fd6ad9-759c-4c2c-9a55-ef3e7b857802,prca02,likert5,4) agree,2,True,recode,1
98fd6ad9-759c-4c2c-9a55-ef3e7b857802,prca03,likert5,2) disagree,5,True,recode,0
98fd6ad9-759c-4c2c-9a55-ef3e7b857802,prca04,likert5,3) neutral,2,True,recode,1
98fd6ad9-759c-4c2c-9a55-ef3e7b857802,prca05,likert5,4) agree,4,True,recode,0
98fd6ad9-759c-4c2c-9a55-ef3e7b857802,prca06,likert5,3) neutral,2,True,recode,1
98fd6ad9-759c-4c2c-9a55-ef3e7b857802,prca13,likert5,3) neutral,5,True,recode,0
98fd6ad9-759c-4c2c-9a55-ef3e7b857802,prca14,likert5,2) disagree,2,True,recode,1
98fd6ad9-759c-4c2c-9a55-ef3e7b857802,prca15,likert5,2) disagree,4,True,recode,0
98fd6ad9-759c-4c2c-9a55-ef3e7b857802,prca16,likert5,3) neutral,2,True,recode,1
98fd6ad9-759c-4c2c-9a55-ef3e7b857802,prca17,likert5,3) neutral,2,True,recode,1
98fd6ad9-759c-4c2c-9a55-ef3e7b857802,prca18,likert5,2) disagree,4,True,recode,0
24ba76f7-03da-486a-93c5-9bfd0ce413cd,prca01,likert5,2) disagree,5,True,recode,0
24ba76f7-03da-486a-93c5-9bfd0ce413cd,prca02,likert5,3) neutral,2,True,recode,1
24ba76f7-03da-486a-93c5-9bfd0ce413cd,prca03,likert5,3) neutral,4,True,recode,0
24ba76f7-03da-486a-93c5-9bfd0ce413cd,prca04,likert5,3) neutral,1,True,recode,1
24ba76f7-03da-486a-93c5-9bfd0ce413cd,prca05,likert5,1) strongly disagree,4,True,recode,0
24ba76f7-03da-486a-93c5-9bfd0ce413cd,prca06,likert5,4) agree,2,True,recode,1
24ba76f7-03da-486a-93c5-9bfd0ce413cd,prca13,likert5,3) neutral,4,True,recode,0
24ba76f7-03da-486a-93c5-9bfd0ce413cd,prca14,likert5,2) disagree,2,True,recode,1
24ba76f7-03da-486a-93c5-9bfd0ce413cd,prca15,likert5,3) neutral,4,True,recode,0
24ba76f7-03da-486a-93c5-9bfd0ce413cd,prca16,likert5,4) agree,1,True,recode,1
24ba76f7-03da-486a-93c5-9bfd0ce413cd,prca17,likert5,3) neutral,2,True,recode,1
24ba76f7-03da-486a-93c5-9bfd0ce413cd,prca18,likert5,3) neutral,4,True,recode,0
2f6651fe-3226-4ca3-81f8-a52d11d060f5,prca01,likert5,3) neutral,4,True,recode,0
2f6651fe-3226-4ca3-81f8-a52d11d060f5,prca02,likert5,3) neutral,2,True,recode,1
2f6651fe-3226-4ca3-81f8-a52d11d060f5,prca03,likert5,2) disagree,4,True,recode,0
2f6651fe-3226-4ca3-81f8-a52d11d060f5,prca04,likert5,4) agree,2,True,recode,1
2f6651fe-3226-4ca3-81f8-a52d11d060f5,prca05,likert5,3) neutral,4,True,recode,0
2f6651fe-3226-4ca3-81f8-a52d11d060f5,prca06,likert5,3) neutral,1,True,recode,1
2f6651fe-3226-4ca3-81f8-a52d11d060f5,prca13,likert5,3) neutral,4,True,recode,0
2f6651fe-3226-4ca3-81f8-a52d11d060f5,prca14,likert5,4) agree,2,True,recode,1
2f6651fe-3226-4ca3-81f8-a52d11d060f5,prca15,likert5,4) agree,5,True,recode,0
2f6651fe-3226-4ca3-81f8-a52d11d060f5,prca16,likert5,4) agree,1,True,recode,1
2f6651fe-3226-4ca3-81f8-a52d11d060f5,prca17,likert5,4) agree,2,True,recode,1
2f6651fe-3226-4ca3-81f8-a52d11d060f5,prca18,likert5,4) agree,5,True,recode,0
55f064b4-a9ff-4129-bf95-52cc9a7c8b00,prca01,likert5,1) strongly disagree,5,True,recode,0
55f064b4-a9ff-4129-bf95-52cc9a7c8b00,prca02,likert5,5) strongly agree,4,True,recode,1
55f064b4-a9ff-4129-bf95-52cc9a7c8b00,prca03,likert5,4) agree,4,True,recode,0
55f064b4-a9ff-4129-bf95-52cc9a7c8b00,prca04,likert5,3) neutral,3,True,recode,1
55f064b4-a9ff-4129-bf95-52cc9a7c8b00,prca05,likert5,3) neutral,4,True,recode,0
55f064b4-a9ff-4129-bf95-52cc9a7c8b00,prca06,likert5,4) agree,2,True,recode,1
55f064b4-a9ff-4129-bf95-52cc9a7c8b00,prca13,likert5,3) neutral,3,True,recode,0
55f064b4-a9ff-4129-bf95-52cc9a7c8b00,prca14,likert5,3) neutral,2,True,recode,1
55f064b4-a9ff-4129-bf95-52cc9a7c8b00,prca15,likert5,3) neutral,4,True,recode,0
55f064b4-a9ff-4129-bf95-52cc9a7c8b00,prca16,likert5,2) disagree,3,True,recode,1
55f064b4-a9ff-4129-bf95-52cc9a7c8b00,prca17,likert5,3) neutral,2,True,recode,1
55f064b4-a9ff-4129-bf95-52cc9a7c8b00,prca18,likert5,4) agree,3,True,recode,0
1bfa091a-2673-47e0-bf73-7998aea85280,prca01,likert5,3) neutral,4,True,recode,0
1bfa091a-2673-47e0-bf73-7998aea85280,prca02,likert5,2) disagree,2,True,recode,1
1bfa091a-2673-47e0-bf73-7998aea85280,prca03,likert5,3) neutral,4,True,recode,0
1bfa091a-2673-47e0-bf73-7998aea85280,prca04,likert5,3) neutral,2,True,recode,1
1bfa091a-2673-47e0-bf73-7998aea85280,prca05,likert5,3) neutral,4,True,recode,0
1bfa091a-2673-47e0-bf73-7998aea85280,prca06,likert5,2) disagree,2,True,recode,1
1bfa091a-2673-47e0-bf73-7998aea85280,prca13,likert5,1) strongly disagree,1,True,recode,0
1bfa091a-2673-47e0-bf73-7998aea85280,prca14,likert5,3) neutral,2,True,recode,1
1bfa091a-2673-47e0-bf73-7998aea85280,prca15,likert5,4) agree,2,True,recode,0
1bfa091a-2673-47e0-bf73-7998aea85280,prca16,likert5,3) neutral,2,True,recode,1
1bfa091a-2673-47e0-bf73-7998aea85280,prca17,likert5,3) neutral,1,True,recode,1
1bfa091a-2673-47e0-bf73-7998aea85280,prca18,likert5,2) disagree,4,True,recode,0
2ff10797-b0a6-416a-b5ef-c5300d1aa694,prca01,likert5,3) neutral,4,True,recode,0
2ff10797-b0a6-416a-b5ef-c5300d1aa694,prca02,likert5,1) strongly disagree,1,True,recode,1
2ff10797-b0a6-416a-b5ef-c5300d1aa694,prca03,likert5,3) neutral,4,True,recode,0
2ff10797-b0a6-416a-b5ef-c5300d1aa694,prca04,likert5,1) strongly disagree,5,True,recode,1
2ff10797-b0a6-416a-b5ef-c5300d1aa694,prca05,likert5,3) neutral,4,True,recode,0
2ff10797-b0a6-416a-b5ef-c5300d1aa694,prca06,likert5,4) agree,2,True,recode,1
2ff10797-b0a6-416a-b5ef-c5300d1aa694,prca13,likert5,3) neutral,4,True,recode,0
2ff10797-b0a6-416a-b5ef-c5300d1aa694,prca14,likert5,3) neutral,2,True,recode,1
2ff10797-b0a6-416a-b5ef-c5300d1aa694,prca15,likert5,4) agree,4,True,recode,0
2ff10797-b0a6-416a-b5ef-c5300d1aa694,prca16,likert5,3) neutral,2,True,recode,1
2ff10797-b0a6-416a-b5ef-c5300d1aa694,prca17,likert5,4) agree,1,True,recode,1
2ff10797-b0a6-416a-b5ef-c5300d1aa694,prca18,likert5,1) strongly disagree,5,True,recode,0
344733dd-245b-4f81-b3f3-fc6317efd96f,prca01,likert5,1) strongly disagree,5,True,recode,0
344733dd-245b-4f81-b3f3-fc6317efd96f,prca02,likert5,1) strongly disagree,1,True,recode,1
344733dd-245b-4f81-b3f3-fc6317efd96f,prca03,likert5,3) neutral,4,True,recode,0
344733dd-245b-4f81-b3f3-fc6317efd96f,prca04,likert5,1) strongly disagree,3,True,recode,1
344733dd-245b-4f81-b3f3-fc6317efd96f,prca05,likert5,3) neutral,4,True,recode,0
344733dd-245b-4f81-b3f3-fc6317efd96f,prca06,likert5,3) neutral,1,True,recode,1
344733dd-245b-4f81-b3f3-fc6317efd96f,prca13,likert5,3) neutral,4,True,recode,0
344733dd-245b-4f81-b3f3-fc6317efd96f,prca14,likert5,4) agree,2,True,recode,1
344733dd-245b-4f81-b3f3-fc6317efd96f,prca15,likert5,3) neutral,4,True,recode,0
344733dd-245b-4f81-b3f3-fc6317efd96f,prca16,likert5,3) neutral,2,True,recode,1
344733dd-245b-4f81-b3f3-fc6317efd96f,prca17,likert5,1) strongly disagree,2,True,recode,1
344733dd-245b-4f81-b3f3-fc6317efd96f,prca18,likert5,2) disagree,4,True,recode,0
f97ac7f4-665a-4e5c-9c0a-1558c04efde5,prca01,likert5,1) strongly disagree,5,True,recode,0
f97ac7f4-665a-4e5c-9c0a-1558c04efde5,prca02,likert5,1) strongly disagree,2,True,recode,1
f97ac7f4-665a-4e5c-9c0a-1558c04efde5,prca03,likert5,3) neutral,4,True,recode,0
f97ac7f4-665a-4e5c-9c0a-1558c04efde5,prca04,likert5,3) neutral,2,True,recode,1
f97ac7f4-665a-4e5c-9c0a-1558c04efde5,prca05,likert5,2) disagree,4,True,recode,0
f97ac7f4-665a-4e5c-9c0a-1558c04efde5,prca06,likert5,4) agree,2,True,recode,1
f97ac7f4-665a-4e5c-9c0a-1558c04efde5,prca13,likert5,2) disagree,5,True,recode,0
f97ac7f4-665a-4e5c-9c0a-1558c04efde5,prca14,likert5,4) agree,4,True,recode,1
f97ac7f4-665a-4e5c-9c0a-1558c04efde5,prca15,likert5,3) neutral,4,True,recode,0
f97ac7f4-665a-4e5c-9c0a-1558c04efde5,prca16,likert5,3) neutral,2,True,recode,1
f97ac7f4-665a-4e5c-9c0a-1558c04efde5,prca17,likert5,1) strongly disagree,1,True,recode,1
f97ac7f4-665a-4e5c-9c0a-1558c04efde5,prca18,likert5,3) neutral,4,True,recode,0
363a508d-24a0-49b1-b1ff-1e0ddb5425dc,prca01,likert5,3) neutral,4,True,recode,0
363a508d-24a0-49b1-b1ff-1e0ddb5425dc,prca02,likert5,1) strongly disagree,1,True,recode,1
363a508d-24a0-49b1-b1ff-1e0ddb5425dc,prca03,likert5,1) strongly disagree,3,True,recode,0
363a508d-24a0-49b1-b1ff-1e0ddb5425dc,prca04,likert5,1) strongly disagree,1,True,recode,1
363a508d-24a0-49b1-b1ff-1e0ddb5425dc,prca05,likert5,3) neutral,4,True,recode,0
363a508d-24a0-49b1-b1ff-1e0ddb5425dc,prca06,likert5,3) neutral,2,True,recode,1
363a508d-24a0-49b1-b1ff-1e0ddb5425dc,prca13,likert5,1) strongly disagree,5,True,recode,0
363a508d-24a0-49b1-b1ff-1e0ddb5425dc,prca14,likert5,2) disagree,1,True,recode,1
363a508d-24a0-49b1-b1ff-1e0ddb5425dc,prca15,likert5,2) disagree,4,True,recode,0
363a508d-24a0-49b1-b1ff-1e0ddb5425dc,prca16,likert5,3) neutral,2,True,recode,1
363a508d-24a0-49b1-b1ff-1e0ddb5425dc,prca17,likert5,3) neutral,2,True,recode,1
363a508d-24a0-49b1-b1ff-1e0ddb5425dc,prca18,likert5,3) neutral,4,True,recode,0
a2eeb023-d33d-43d4-9cf2-b683875de842,prca01,likert5,1) strongly disagree,5,True,recode,0
a2eeb023-d33d-43d4-9cf2-b683875de842,prca02,likert5,3) neutral,2,True,recode,1
a2eeb023-d33d-43d4-9cf2-b683875de842,prca03,likert5,3) neutral,4,True,recode,0
a2eeb023-d33d-43d4-9cf2-b683875de842,prca04,likert5,3) neutral,3,True,recode,1
a2eeb023-d33d-43d4-9cf2-b683875de842,prca05,likert5,2) disagree,4,True,recode,0
a2eeb023-d33d-43d4-9cf2-b683875de842,prca06,likert5,3) neutral,2,True,recode,1
a2eeb023-d33d-43d4-9cf2-b683875de842,prca13,likert5,1) strongly disagree,5,True,recode,0
a2eeb023-d33d-43d4-9cf2-b683875de842,prca14,likert5,4) agree,2,True,recode,1
a2eeb023-d33d-43d4-9cf2-b683875de842,prca15,likert5,4) agree,4,True,recode,0
a2eeb023-d33d-43d4-9cf2-b683875de842,prca16,likert5,3) neutral,2,True,recode,1
a2eeb023-d33d-43d4-9cf2-b683875de842,prca17,likert5,2) disagree,1,True,recode,1
a2eeb023-d33d-43d4-9cf2-b683875de842,prca18,likert5,1) strongly disagree,5,True,recode,0
aef835b3-2309-44f6-bd15-e6adbb7e34d0,prca01,likert5,1) strongly disagree,4,True,recode,0
aef835b3-2309-44f6-bd15-e6adbb7e34d0,prca02,likert5,4) agree,2,True,recode,1
aef835b3-2309-44f6-bd15-e6adbb7e34d0,prca03,likert5,1) strongly disagree,3,True,recode,0
aef835b3-2309-44f6-bd15-e6adbb7e34d0,prca04,likert5,3) neutral,1,True,recode,1
aef835b3-2309-44f6-bd15-e6adbb7e34d0,prca05,likert5,4) agree,4,True,recode,0
aef835b3-2309-44f6-bd15-e6adbb7e34d0,prca06,likert5,3) neutral,2,True,recode,1
aef835b3-2309-44f6-bd15-e6adbb7e34d0,prca13,likert5,1) strongly disagree,5,True,recode,0
aef835b3-2309-44f6-bd15-e6adbb7e34d0,prca14,likert5,3) neutral,3,True,recode,1
aef835b3-2309-44f6-bd15-e6adbb7e34d0,prca15,likert5,4) agree,5,True,recode,0
aef835b3-2309-44f6-bd15-e6adbb7e34d0,prca16,likert5,3) neutral,2,True,recode,1
aef835b3-2309-44f6-bd15-e6adbb7e34d0,prca17,likert5,3) neutral,2,True,recode,1
aef835b3-2309-44f6-bd15-e6adbb7e34d0,prca18,likert5,3) neutral,4,True,recode,0
70f47644-c723-4792-9891-2883efc244f9,prca01,likert5,3) neutral,5,True,recode,0
70f47644-c723-4792-9891-2883efc244f9,prca02,likert5,1) strongly disagree,3,True,recode,1
70f47644-c723-4792-9891-2883efc244f9,prca03,likert5,3) neutral,4,True,recode,0
70f47644-c723-4792-9891-2883efc244f9,prca04,likert5,3) neutral,1,True,recode,1
70f47644-c723-4792-9891-2883efc244f9,prca05,likert5,3) neutral,4,True,recode,0
70f47644-c723-4792-9891-2883efc244f9,prca06,likert5,4) agree,1,True,recode,1
70f47644-c723-4792-9891-2883efc244f9,prca13,likert5,2) disagree,5,True,recode,0
70f47644-c723-4792-9891-2883efc244f9,prca14,likert5,4) agree,1,True,recode,1
70f47644-c723-4792-9891-2883efc244f9,prca15,likert5,3) neutral,4,True,recode,0
70f47644-c723-4792-9891-2883efc244f9,prca16,likert5,3) neutral,2,True,recode,1
70f47644-c723-4792-9891-2883efc244f9,prca17,likert5,2) disagree,1,True,recode,1
70f47644-c723-4792-9891-2883efc244f9,prca18,likert5,3) neutral,4,True,recode,0
c6f4f152-1a4e-4897-8bd4-d335d22df1c3,prca01,likert5,3) neutral,4,True,recode,0
c6f4f152-1a4e-4897-8bd4-d335d22df1c3,prca02,likert5,1) strongly disagree,1,True,recode,1
c6f4f152-1a4e-4897-8bd4-d335d22df1c3,prca03,likert5,2) disagree,4,True,recode,0
c6f4f152-1a4e-4897-8bd4-d335d22df1c3,prca04,likert5,4) agree,2,True,recode,1
c6f4f152-1a4e-4897-8bd4-d335d22df1c3,prca05,likert5,3) neutral,4,True,recode,0
c6f4f152-1a4e-4897-8bd4-d335d22df1c3,prca06,likert5,1) strongly disagree,3,True,recode,1
c6f4f152-1a4e-4897-8bd4-d335d22df1c3,prca13,likert5,4) agree,4,True,recode,0
c6f4f152-1a4e-4897-8bd4-d335d22df1c3,prca14,likert5,4) agree,2,True,recode,1
c6f4f152-1a4e-4897-8bd4-d335d22df1c3,prca15,likert5,3) neutral,4,True,recode,0
c6f4f152-1a4e-4897-8bd4-d335d22df1c3,prca16,likert5,1) strongly disagree,1,True,recode,1
c6f4f152-1a4e-4897-8bd4-d335d22df1c3,prca17,likert5,2) disagree,2,True,recode,1
c6f4f152-1a4e-4897-8bd4-d335d22df1c3,prca18,likert5,1) strongly disagree,5,True,recode,0
e89f8308-ffbe-4db8-8370-883d31415d22,prca01,likert5,1) strongly disagree,5,True,recode,0
e89f8308-ffbe-4db8-8370-883d31415d22,prca02,likert5,"1) strongly disagree, 3) neutral, 5) strongly agree",3,True,recode,1
e89f8308-ffbe-4db8-8370-883d31415d22,prca03,likert5,3) neutral,4,True,recode,0
e89f8308-ffbe-4db8-8370-883d31415d22,prca04,likert5,3) neutral,1,True,recode,1
e89f8308-ffbe-4db8-8370-883d31415d22,prca05,likert5,3) neutral,5,True,recode,0
e89f8308-ffbe-4db8-8370-883d31415d22,prca06,likert5,3) neutral,2,True,recode,1
e89f8308-ffbe-4db8-8370-883d31415d22,prca13,likert5,1) strongly disagree,5,True,recode,0
e89f8308-ffbe-4db8-8370-883d31415d22,prca14,likert5,3) neutral,2,True,recode,1
e89f8308-ffbe-4db8-8370-883d31415d22,prca15,likert5,3) neutral,4,True,recode,0
e89f8308-ffbe-4db8-8370-883d31415d22,prca16,likert5,4) agree,2,True,recode,1
e89f8308-ffbe-4db8-8370-883d31415d22,prca17,likert5,3) neutral,4,True,recode,1
e89f8308-ffbe-4db8-8370-883d31415d22,prca18,likert5,2) disagree,3,True,recode,0
82bd2bb6-9b04-4216-a8e3-cf3a2891daaa,prca01,likert5,2) disagree,5,True,recode,0
82bd2bb6-9b04-4216-a8e3-cf3a2891daaa,prca02,likert5,1) strongly disagree,3,True,recode,1
82bd2bb6-9b04-4216-a8e3-cf3a2891daaa,prca03,likert5,3) neutral,4,True,recode,0
82bd2bb6-9b04-4216-a8e3-cf3a2891daaa,prca04,likert5,4) agree,1,True,recode,1
82bd2bb6-9b04-4216-a8e3-cf3a2891daaa,prca05,likert5,1) strongly disagree,1,True,recode,0
82bd2bb6-9b04-4216-a8e3-cf3a2891daaa,prca06,likert5,4) agree,2,True,recode,1
82bd2bb6-9b04-4216-a8e3-cf3a2891daaa,prca13,likert5,2) disagree,4,True,recode,0
82bd2bb6-9b04-4216-a8e3-cf3a2891daaa,prca14,likert5,4) agree,1,True,recode,1
82bd2bb6-9b04-4216-a8e3-cf3a2891daaa,prca15,likert5,1) strongly disagree,1,True,recode,0
82bd2bb6-9b04-4216-a8e3-cf3a2891daaa,prca16,likert5,4) agree,2,True,recode,1
82bd2bb6-9b04-4216-a8e3-cf3a2891daaa,prca17,likert5,2) disagree,2,True,recode,1
82bd2bb6-9b04-4216-a8e3-cf3a2891daaa,prca18,likert5,3) neutral,4,True,recode,0
07979103-867b-4aac-92f2-10082e0749f2,prca01,likert5,3) neutral,4,True,recode,0
07979103-867b-4aac-92f2-10082e0749f2,prca02,likert5,3) neutral,2,True,recode,1
07979103-867b-4aac-92f2-10082e0749f2,prca03,likert5,3) neutral,5,True,recode,0
07979103-867b-4aac-92f2-10082e0749f2,prca04,likert5,3) neutral,2,True,recode,1
07979103-867b-4aac-92f2-10082e0749f2,prca05,likert5,3) neutral,4,True,recode,0
07979103-867b-4aac-92f2-10082e0749f2,prca06,likert5,3) neutral,2,True,recode,1
07979103-867b-4aac-92f2-10082e0749f2,prca13,likert5,3) neutral,4,True,recode,0
07979103-867b-4aac-92f2-10082e0749f2,prca14,likert5,3) neutral,2,True,recode,1
07979103-867b-4aac-92f2-10082e0749f2,prca15,likert5,2) disagree,4,True,recode,0
07979103-867b-4aac-92f2-10082e0749f2,prca16,likert5,4) agree,2,True,recode,1
07979103-867b-4aac-92f2-10082e0749f2,prca17,likert5,3) neutral,2,True,recode,1
07979103-867b-4aac-92f2-10082e0749f2,prca18,likert5,3) neutral,5,True,recode,0
21be6f60-d89d-4d66-9540-3056f968f204,prca01,likert5,3) neutral,4,True,recode,0
21be6f60-d89d-4d66-9540-3056f968f204,prca02,likert5,3) neutral,2,True,recode,1
21be6f60-d89d-4d66-9540-3056f968f204,prca03,likert5,3) neutral,5,True,recode,0
21be6f60-d89d-4d66-9540-3056f968f204,prca04,likert5,3) neutral,1,True,recode,1
21be6f60-d89d-4d66-9540-3056f968f204,prca05,likert5,3) neutral,5,True,recode,0
21be6f60-d89d-4d66-9540-3056f968f204,prca06,likert5,3) neutral,2,True,recode,1
21be6f60-d89d-4d66-9540-3056f968f204,prca13,likert5,3) neutral,4,True,recode,0
21be6f60-d89d-4d66-9540-3056f968f204,prca14,likert5,1) strongly disagree,1,True,recode,1
21be6f60-d89d-4d66-9540-3056f968f204,prca15,likert5,3) neutral,4,True,recode,0
21be6f60-d89d-4d66-9540-3056f968f204,prca16,likert5,3) neutral,2,True,recode,1
21be6f60-d89d-4d66-9540-3056f968f204,prca17,likert5,3) neutral,2,True,recode,1
21be6f60-d89d-4d66-9540-3056f968f204,prca18,likert5,2) disagree,4,True,recode,0
10ee84db-1677-40b7-8f61-a6677877e2ea,prca01,likert5,2) disagree,4,True,recode,0
10ee84db-1677-40b7-8f61-a6677877e2ea,prca02,likert5,1) strongly disagree,5,True,recode,1
10ee84db-1677-40b7-8f61-a6677877e2ea,prca03,likert5,3) neutral,5,True,recode,0
10ee84db-1677-40b7-8f61-a6677877e2ea,prca04,likert5,3) neutral,2,True,recode,1
10ee84db-1677-40b7-8f61-a6677877e2ea,prca05,likert5,2) disagree,5,True,recode,0
10ee84db-1677-40b7-8f61-a6677877e2ea,prca06,likert5,3) neutral,3,True,recode,1
10ee84db-1677-40b7-8f61-a6677877e2ea,prca13,likert5,1) strongly disagree,4,True,recode,0
10ee84db-1677-40b7-8f61-a6677877e2ea,prca14,likert5,3) neutral,2,True,recode,1
10ee84db-1677-40b7-8f61-a6677877e2ea,prca15,likert5,2) disagree,5,True,recode,0
10ee84db-1677-40b7-8f61-a6677877e2ea,prca16,likert5,3) neutral,2,True,recode,1
10ee84db-1677-40b7-8f61-a6677877e2ea,prca17,likert5,3) neutral,2,True,recode,1
10ee84db-1677-40b7-8f61-a6677877e2ea,prca18,likert5,3) neutral,4,True,recode,0
a0d3374c-4dcb-4c7b-bd4d-1f9f3f46bbee,prca01,likert5,4) agree,4,True,recode,0
a0d3374c-4dcb-4c7b-bd4d-1f9f3f46bbee,prca02,likert5,1) strongly disagree,5,True,recode,1
a0d3374c-4dcb-4c7b-bd4d-1f9f3f46bbee,prca03,likert5,3) neutral,4,True,recode,0
a0d3374c-4dcb-4c7b-bd4d-1f9f3f46bbee,prca04,likert5,2) disagree,1,True,recode,1
a0d3374c-4dcb-4c7b-bd4d-1f9f3f46bbee,prca05,likert5,2) disagree,4,True,recode,0
a0d3374c-4dcb-4c7b-bd4d-1f9f3f46bbee,prca06,likert5,3) neutral,1,True,recode,1
a0d3374c-4dcb-4c7b-bd4d-1f9f3f46bbee,prca13,likert5,1) strongly disagree,4,True,recode,0
a0d3374c-4dcb-4c7b-bd4d-1f9f3f46bbee,prca14,likert5,4) agree,2,True,recode,1
a0d3374c-4dcb-4c7b-bd4d-1f9f3f46bbee,prca15,likert5,1) strongly disagree,5,True,recode,0
a0d3374c-4dcb-4c7b-bd4d-1f9f3f46bbee,prca16,likert5,2) disagree,1,True,recode,1
a0d3374c-4dcb-4c7b-bd4d-1f9f3f46bbee,prca17,likert5,1) strongly disagree,2,True,recode,1
a0d3374c-4dcb-4c7b-bd4d-1f9f3f46bbee,prca18,likert5,2) disagree,3,True,recode,0
6cc43152-60d3-468b-8050-54c3937a1578,prca01,likert5,1) strongly disagree,5,True,recode,0
6cc43152-60d3-468b-8050-54c3937a1578,prca02,likert5,3) neutral,2,True,recode,1
6cc43152-60d3-468b-8050-54c3937a1578,prca03,likert5,2) disagree,4,True,recode,0
6cc43152-60d3-468b-8050-54c3937a1578,prca04,likert5,4) agree,2,True,recode,1
6cc43152-60d3-468b-8050-54c3937a1578,prca05,likert5,2) disagree,4,True,recode,0
6cc43152-60d3-468b-8050-54c3937a1578,prca06,likert5,2) disagree,2,True,recode,1
6cc43152-60d3-468b-8050-54c3937a1578,prca13,likert5,1) strongly disagree,5,True,recode,0
6cc43152-60d3-468b-8050-54c3937a1578,prca14,likert5,5) strongly agree,3,True,recode,1
6cc43152-60d3-468b-8050-54c3937a1578,prca15,likert5,2) disagree,4,True,recode,0
6cc43152-60d3-468b-8050-54c3937a1578,prca16,likert5,3) neutral,2,True,recode,1
6cc43152-60d3-468b-8050-54c3937a1578,prca17,likert5,5) strongly agree,4,True,recode,1
6cc43152-60d3-468b-8050-54c3937a1578,prca18,likert5,3) neutral,4,True,recode,0
df16ca9d-f0ec-4c20-87f4-9751ce892b8b,prca01,likert5,1) strongly disagree,5,True,recode,0
df16ca9d-f0ec-4c20-87f4-9751ce892b8b,prca02,likert5,3) neutral,2,True,recode,1
df16ca9d-f0ec-4c20-87f4-9751ce892b8b,prca03,likert5,1) strongly disagree,5,True,recode,0
df16ca9d-f0ec-4c20-87f4-9751ce892b8b,prca04,likert5,2) disagree,1,True,recode,1
df16ca9d-f0ec-4c20-87f4-9751ce892b8b,prca05,likert5,3) neutral,5,True,recode,0
df16ca9d-f0ec-4c20-87f4-9751ce892b8b,prca06,likert5,1) strongly disagree,2,True,recode,1
df16ca9d-f0ec-4c20-87f4-9751ce892b8b,prca13,likert5,2) disagree,5,True,recode,0
df16ca9d-f0ec-4c20-87f4-9751ce892b8b,prca14,likert5,4) agree,2,True,recode,1
df16ca9d-f0ec-4c20-87f4-9751ce892b8b,prca15,likert5,1) strongly disagree,4,True,recode,0
df16ca9d-f0ec-4c20-87f4-9751ce892b8b,prca16,likert5,3) neutral,2,True,recode,1
df16ca9d-f0ec-4c20-87f4-9751ce892b8b,prca17,likert5,1) strongly disagree,2,True,recode,1
df16ca9d-f0ec-4c20-87f4-9751ce892b8b,prca18,likert5,3) neutral,4,True,recode,0
79982eef-36cb-4145-979d-e5bba44cf01d,prca01,likert5,3) neutral,5,True,recode,0
79982eef-36cb-4145-979d-e5bba44cf01d,prca02,likert5,2) disagree,1,True,recode,1
79982eef-36cb-4145-979d-e5bba44cf01d,prca03,likert5,3) neutral,4,True,recode,0
79982eef-36cb-4145-979d-e5bba44cf01d,prca04,likert5,4) agree,2,True,recode,1
79982eef-36cb-4145-979d-e5bba44cf01d,prca05,likert5,3) neutral,4,True,recode,0
79982eef-36cb-4145-979d-e5bba44cf01d,prca06,likert5,2) disagree,2,True,recode,1
79982eef-36cb-4145-979d-e5bba44cf01d,prca13,likert5,3) neutral,5,True,recode,0
79982eef-36cb-4145-979d-e5bba44cf01d,prca14,likert5,2) disagree,2,True,recode,1
79982eef-36cb-4145-979d-e5bba44cf01d,prca15,likert5,3) neutral,3,True,recode,0
79982eef-36cb-4145-979d-e5bba44cf01d,prca16,likert5,2) disagree,2,True,recode,1
79982eef-36cb-4145-979d-e5bba44cf01d,prca17,likert5,2) disagree,2,True,recode,1
79982eef-36cb-4145-979d-e5bba44cf01d,prca18,likert5,4) agree,4,True,recode,0
d527f06f-0c03-4f15-9b62-deb32c932de0,prca01,likert5,1) strongly disagree,5,True,recode,0
d527f06f-0c03-4f15-9b62-deb32c932de0,prca02,likert5,3) neutral,2,True,recode,1
d527f06f-0c03-4f15-9b62-deb32c932de0,prca03,likert5,3) neutral,4,True,recode,0
d527f06f-0c03-4f15-9b62-deb32c932de0,prca04,likert5,1) strongly disagree,3,True,recode,1
d527f06f-0c03-4f15-9b62-deb32c932de0,prca05,likert5,2) disagree,4,True,recode,0
d527f06f-0c03-4f15-9b62-deb32c932de0,prca06,likert5,3) neutral,2,True,recode,1
d527f06f-0c03-4f15-9b62-deb32c932de0,prca13,likert5,3) neutral,4,True,recode,0
d527f06f-0c03-4f15-9b62-deb32c932de0,prca14,likert5,3) neutral,2,True,recode,1
d527f06f-0c03-4f15-9b62-deb32c932de0,prca15,likert5,3) neutral,4,True,recode,0
d527f06f-0c03-4f15-9b62-deb32c932de0,prca16,likert5,4) agree,1,True,recode,1
d527f06f-0c03-4f15-9b62-deb32c932de0,prca17,likert5,4) agree,1,True,recode,1
d527f06f-0c03-4f15-9b62-deb32c932de0,prca18,likert5,4) agree,5,True,recode,0
9f4b26ae-c594-427f-bea1-d9c27f75df89,prca01,likert5,3) neutral,4,True,recode,0
9f4b26ae-c594-427f-bea1-d9c27f75df89,prca02,likert5,3) neutral,2,True,recode,1
9f4b26ae-c594-427f-bea1-d9c27f75df89,prca03,likert5,3) neutral,4,True,recode,0
9f4b26ae-c594-427f-bea1-d9c27f75df89,prca04,likert5,3) neutral,1,True,recode,1
9f4b26ae-c594-427f-bea1-d9c27f75df89,prca05,likert5,4) agree,4,True,recode,0
9f4b26ae-c594-427f-bea1-d9c27f75df89,prca06,likert5,1) strongly disagree,1,True,recode,1
9f4b26ae-c594-427f-bea1-d9c27f75df89,prca13,likert5,2) disagree,4,True,recode,0
9f4b26ae-c594-427f-bea1-d9c27f75df89,prca14,likert5,4) agree,2,True,recode,1
9f4b26ae-c594-427f-bea1-d9c27f75df89,prca15,likert5,4) agree,5,True,recode,0
9f4b26ae-c594-427f-bea1-d9c27f75df89,prca16,likert5,2) disagree,2,True,recode,1
9f4b26ae-c594-427f-bea1-d9c27f75df89,prca17,likert5,2) disagree,1,True,recode,1
9f4b26ae-c594-427f-bea1-d9c27f75df89,prca18,likert5,3) neutral,4,True,recode,0
2fa2666b-71c5-400f-88a6-49c32b1f3ce0,prca01,likert5,2) disagree,5,True,recode,0
2fa2666b-71c5-400f-88a6-49c32b1f3ce0,prca02,likert5,1) strongly disagree,1,True,recode,1
2fa2666b-71c5-400f-88a6-49c32b1f3ce0,prca03,likert5,1) strongly disagree,5,True,recode,0
2fa2666b-71c5-400f-88a6-49c32b1f3ce0,prca04,likert5,2) disagree,2,True,recode,1
2fa2666b-71c5-400f-88a6-49c32b1f3ce0,prca05,likert5,1) strongly disagree,5,True,recode,0
2fa2666b-71c5-400f-88a6-49c32b1f3ce0,prca06,likert5,4) agree,1,True,recode,1
2fa2666b-71c5-400f-88a6-49c32b1f3ce0,prca13,likert5,3) neutral,5,True,recode,0
2fa2666b-71c5-400f-88a6-49c32b1f3ce0,prca14,likert5,5) strongly agree,3,True,recode,1
2fa2666b-71c5-400f-88a6-49c32b1f3ce0,prca15,likert5,4) agree,4,True,recode,0
2fa2666b-71c5-400f-88a6-49c32b1f3ce0,prca16,likert5,2) disagree,1,True,recode,1
2fa2666b-71c5-400f-88a6-49c32b1f3ce0,prca17,likert5,4) agree,2,True,recode,1
2fa2666b-71c5-400f-88a6-49c32b1f3ce0,prca18,likert5,3) neutral,4,True,recode,0
a3063c24-e152-4198-9b2e-c51059a05a32,prca01,likert5,3) neutral,4,True,recode,0
a3063c24-e152-4198-9b2e-c51059a05a32,prca02,likert5,4) agree,2,True,recode,1
a3063c24-e152-4198-9b2e-c51059a05a32,prca03,likert5,3) neutral,4,True,recode,0
a3063c24-e152-4198-9b2e-c51059a05a32,prca04,likert5,3) neutral,2,True,recode,1
a3063c24-e152-4198-9b2e-c51059a05a32,prca05,likert5,3) neutral,4,True,recode,0
a3063c24-e152-4198-9b2e-c51059a05a32,prca06,likert5,4) agree,2,True,recode,1
a3063c24-e152-4198-9b2e-c51059a05a32,prca13,likert5,1) strongly disagree,5,True,recode,0
a3063c24-e152-4198-9b2e-c51059a05a32,prca14,likert5,3) neutral,2,True,recode,1
a3063c24-e152-4198-9b2e-c51059a05a32,prca15,likert5,2) disagree,4,True,recode,0
a3063c24-e152-4198-9b2e-c51059a05a32,prca16,likert5,4) agree,2,True,recode,1
a3063c24-e152-4198-9b2e-c51059a05a32,prca17,likert5,1) strongly disagree,1,True,recode,1
a3063c24-e152-4198-9b2e-c51059a05a32,prca18,likert5,2) disagree,4,True,recode,0
536dfb4d-6b3b-4d64-af17-36c0e5864d46,prca01,likert5,2) disagree,4,True,recode,0
536dfb4d-6b3b-4d64-af17-36c0e5864d46,prca02,likert5,4) agree,2,True,recode,1
536dfb4d-6b3b-4d64-af17-36c0e5864d46,prca03,likert5,1) strongly disagree,4,True,recode,0
536dfb4d-6b3b-4d64-af17-36c0e5864d46,prca04,likert5,3) neutral,1,True,recode,1
536dfb4d-6b3b-4d64-af17-36c0e5864d46,prca05,likert5,3) neutral,4,True,recode,0
536dfb4d-6b3b-4d64-af17-36c0e5864d46,prca06,likert5,2) disagree,2,True,recode,1
536dfb4d-6b3b-4d64-af17-36c0e5864d46,prca13,likert5,3) neutral,4,True,recode,0
536dfb4d-6b3b-4d64-af17-36c0e5864d46,prca14,likert5,1) strongly disagree,1,True,recode,1
536dfb4d-6b3b-4d64-af17-36c0e5864d46,prca15,likert5,3) neutral,5,True,recode,0
536dfb4d-6b3b-4d64-af17-36c0e5864d46,prca16,likert5,2) disagree,2,True,recode,1
536dfb4d-6b3b-4d64-af17-36c0e5864d46,prca17,likert5,3) neutral,2,True,recode,1
536dfb4d-6b3b-4d64-af17-36c0e5864d46,prca18,likert5,2) disagree,4,True,recode,0
fe75eaf9-5a08-43e3-8b56-754319967f5b,prca01,likert5,3) neutral,4,True,recode,0
fe75eaf9-5a08-43e3-8b56-754319967f5b,prca02,likert5,3) neutral,2,True,recode,1
fe75eaf9-5a08-43e3-8b56-754319967f5b,prca03,likert5,3) neutral,4,True,recode,0
fe75eaf9-5a08-43e3-8b56-754319967f5b,prca04,likert5,2) disagree,1,True,recode,1
fe75eaf9-5a08-43e3-8b56-754319967f5b,prca05,likert5,1) strongly disagree,4,True,recode,0
fe75eaf9-5a08-43e3-8b56-754319967f5b,prca06,likert5,2) disagree,2,True,recode,1
fe75eaf9-5a08-43e3-8b56-754319967f5b,prca13,likert5,4) agree,4,True,recode,0
fe75eaf9-5a08-43e3-8b56-754319967f5b,prca14,likert5,3) neutral,2,True,recode,1
fe75eaf9-5a08-43e3-8b56-754319967f5b,prca15,likert5,3) neutral,5,True,recode,0
fe75eaf9-5a08-43e3-8b56-754319967f5b,prca16,likert5,5) strongly agree,2,True,recode,1
fe75eaf9-5a08-43e3-8b56-754319967f5b,prca17,likert5,1) strongly disagree,1,True,recode,1
fe75eaf9-5a08-43e3-8b56-754319967f5b,prca18,likert5,3) neutral,4,True,recode,0
1c20ee47-c9ed-4d09-bb1f-033f9ffe3d80,prca01,likert5,3) neutral,4,True,recode,0
1c20ee47-c9ed-4d09-bb1f-033f9ffe3d80,prca02,likert5,2) disagree,2,True,recode,1
1c20ee47-c9ed-4d09-bb1f-033f9ffe3d80,prca03,likert5,1) strongly disagree,5,True,recode,0
1c20ee47-c9ed-4d09-bb1f-033f9ffe3d80,prca04,likert5,1) strongly disagree,5,True,recode,1
1c20ee47-c9ed-4d09-bb1f-033f9ffe3d80,prca05,likert5,3) neutral,5,True,recode,0
1c20ee47-c9ed-4d09-bb1f-033f9ffe3d80,prca06,likert5,3) neutral,2,True,recode,1
1c20ee47-c9ed-4d09-bb1f-033f9ffe3d80,prca13,likert5,1) strongly disagree,4,True,recode,0
1c20ee47-c9ed-4d09-bb1f-033f9ffe3d80,prca14,likert5,2) disagree,1,True,recode,1
1c20ee47-c9ed-4d09-bb1f-033f9ffe3d80,prca15,likert5,1) strongly disagree,5,True,recode,0
1c20ee47-c9ed-4d09-bb1f-033f9ffe3d80,prca16,likert5,3) neutral,2,True,recode,1
1c20ee47-c9ed-4d09-bb1f-033f9ffe3d80,prca17,likert5,4) agree,2,True,recode,1
1c20ee47-c9ed-4d09-bb1f-033f9ffe3d80,prca18,likert5,4) agree,5,True,recode,0
78d1be38-aaa9-4333-8019-ce51f0f59c34,prca01,likert5,2) disagree,5,True,recode,0
78d1be38-aaa9-4333-8019-ce51f0f59c34,prca02,likert5,1) strongly disagree,1,True,recode,1
78d1be38-aaa9-4333-8019-ce51f0f59c34,prca03,likert5,3) neutral,4,True,recode,0
78d1be38-aaa9-4333-8019-ce51f0f59c34,prca04,likert5,1) strongly disagree,1,True,recode,1
78d1be38-aaa9-4333-8019-ce51f0f59c34,prca05,likert5,3) neutral,4,True,recode,0
78d1be38-aaa9-4333-8019-ce51f0f59c34,prca06,likert5,3) neutral,2,True,recode,1
78d1be38-aaa9-4333-8019-ce51f0f59c34,prca13,likert5,4) agree,5,True,recode,0
78d1be38-aaa9-4333-8019-ce51f0f59c34,prca14,likert5,4) agree,2,True,recode,1
78d1be38-aaa9-4333-8019-ce51f0f59c34,prca15,likert5,4) agree,4,True,recode,0
78d1be38-aaa9-4333-8019-ce51f0f59c34,prca16,likert5,4) agree,2,True,recode,1
78d1be38-aaa9-4333-8019-ce51f0f59c34,prca17,likert5,4) agree,1,True,recode,1
78d1be38-aaa9-4333-8019-ce51f0f59c34,prca18,likert5,2) disagree,5,True,recode,0
088fe984-2f9c-4cc4-b7de-b574499e633e,prca01,likert5,4) agree,4,True,recode,0
088fe984-2f9c-4cc4-b7de-b574499e633e,prca02,likert5,3) neutral,2,True,recode,1
088fe984-2f9c-4cc4-b7de-b574499e633e,prca03,likert5,1) strongly disagree,5,True,recode,0
088fe984-2f9c-4cc4-b7de-b574499e633e,prca04,likert5,4) agree,1,True,recode,1
088fe984-2f9c-4cc4-b7de-b574499e633e,prca05,likert5,3) neutral,4,True,recode,0
088fe984-2f9c-4cc4-b7de-b574499e633e,prca06,likert5,4) agree,2,True,recode,1
088fe984-2f9c-4cc4-b7de-b574499e633e,prca13,likert5,3) neutral,4,True,recode,0
088fe984-2f9c-4cc4-b7de-b574499e633e,prca14,likert5,4) agree,1,True,recode,1
088fe984-2f9c-4cc4-b7de-b574499e633e,prca15,likert5,2) disagree,4,True,recode,0
088fe984-2f9c-4cc4-b7de-b574499e633e,prca16,likert5,3) neutral,2,True,recode,1
088fe984-2f9c-4cc4-b7de-b574499e633e,prca17,likert5,3) neutral,2,True,recode,1
088fe984-2f9c-4cc4-b7de-b574499e633e,prca18,likert5,4) agree,4,True,recode,0
877eddcb-c0d7-48f5-8d6d-e4e72d7f1dd0,prca01,likert5,2) disagree,5,True,recode,0
877eddcb-c0d7-48f5-8d6d-e4e72d7f1dd0,prca02,likert5,3) neutral,3,True,recode,1
877eddcb-c0d7-48f5-8d6d-e4e72d7f1dd0,prca03,likert5,2) disagree,5,True,recode,0
877eddcb-c0d7-48f5-8d6d-e4e72d7f1dd0,prca04,likert5,2) disagree,1,True,recode,1
877eddcb-c0d7-48f5-8d6d-e4e72d7f1dd0,prca05,likert5,3) neutral,4,True,recode,0
877eddcb-c0d7-48f5-8d6d-e4e72d7f1dd0,prca06,likert5,3) neutral,2,True,recode,1
877eddcb-c0d7-48f5-8d6d-e4e72d7f1dd0,prca13,likert5,2) disagree,3,True,recode,0
877eddcb-c0d7-48f5-8d6d-e4e72d7f1dd0,prca14,likert5,2) disagree,1,True,recode,1
877eddcb-c0d7-48f5-8d6d-e4e72d7f1dd0,prca15,likert5,1) strongly disagree,4,True,recode,0
877eddcb-c0d7-48f5-8d6d-e4e72d7f1dd0,prca16,likert5,4) agree,2,True,recode,1
877eddcb-c0d7-48f5-8d6d-e4e72d7f1dd0,prca17,likert5,4) agree,2,True,recode,1
877eddcb-c0d7-48f5-8d6d-e4e72d7f1dd0,prca18,likert5,4) agree,4,True,recode,0
27bf51a2-2076-419a-a905-9b15eac5d045,prca01,likert5,4) agree,2,True,recode,0
27bf51a2-2076-419a-a905-9b15eac5d045,prca02,likert5,3) neutral,2,True,recode,1
27bf51a2-2076-419a-a905-9b15eac5d045,prca03,likert5,1) strongly disagree,3,True,recode,0
27bf51a2-2076-419a-a905-9b15eac5d045,prca04,likert5,4) agree,2,True,recode,1
27bf51a2-2076-419a-a905-9b15eac5d045,prca05,likert5,3) neutral,4,True,recode,0
27bf51a2-2076-419a-a905-9b15eac5d045,prca06,likert5,2) disagree,3,True,recode,1
27bf51a2-2076-419a-a905-9b15eac5d045,prca13,likert5,3) neutral,5,True,recode,0
27bf51a2-2076-419a-a905-9b15eac5d045,prca14,likert5,3) neutral,2,True,recode,1
27bf51a2-2076-419a-a905-9b15eac5d045,prca15,likert5,2) disagree,4,True,recode,0
27bf51a2-2076-419a-a905-9b15eac5d045,prca16,likert5,1) strongly disagree,1,True,recode,1
27bf51a2-2076-419a-a905-9b15eac5d045,prca17,likert5,3) neutral,2,True,recode,1
27bf51a2-2076-419a-a905-9b15eac5d045,prca18,likert5,3) neutral,4,True,recode,0
0dd94f22-0a3c-4ce0-a1b9-5583ccdb397e,prca01,likert5,1) strongly disagree,5,True,recode,0
0dd94f22-0a3c-4ce0-a1b9-5583ccdb397e,prca02,likert5,3) neutral,3,True,recode,1
0dd94f22-0a3c-4ce0-a1b9-5583ccdb397e,prca03,likert5,2) disagree,4,True,recode,0
0dd94f22-0a3c-4ce0-a1b9-5583ccdb397e,prca04,likert5,4) agree,1,True,recode,1
0dd94f22-0a3c-4ce0-a1b9-5583ccdb397e,prca05,likert5,3) neutral,4,True,recode,0
0dd94f22-0a3c-4ce0-a1b9-5583ccdb397e,prca06,likert5,1) strongly disagree,1,True,recode,1
0dd94f22-0a3c-4ce0-a1b9-5583ccdb397e,prca13,likert5,1) strongly disagree,5,True,recode,0
0dd94f22-0a3c-4ce0-a1b9-5583ccdb397e,prca14,likert5,2) disagree,5,True,recode,1
0dd94f22-0a3c-4ce0-a1b9-5583ccdb397e,prca15,likert5,2) disagree,4,True,recode,0
0dd94f22-0a3c-4ce0-a1b9-5583ccdb397e,prca16,likert5,3) neutral,4,True,recode,1
0dd94f22-0a3c-4ce0-a1b9-5583ccdb397e,prca17,likert5,2) disagree,2,True,recode,1
0dd94f22-0a3c-4ce0-a1b9-5583ccdb397e,prca18,likert5,1) strongly disagree,5,True,recode,0
1cd00e1a-6d28-4dab-92bb-85213da47fb7,prca01,likert5,1) strongly disagree,5,True,recode,0
1cd00e1a-6d28-4dab-92bb-85213da47fb7,prca02,likert5,3) neutral,2,True,recode,1
1cd00e1a-6d28-4dab-92bb-85213da47fb7,prca03,likert5,4) agree,4,True,recode,0
1cd00e1a-6d28-4dab-92bb-85213da47fb7,prca04,likert5,3) neutral,2,True,recode,1
1cd00e1a-6d28-4dab-92bb-85213da47fb7,prca05,likert5,3) neutral,4,True,recode,0
1cd00e1a-6d28-4dab-92bb-85213da47fb7,prca06,likert5,4) agree,2,True,recode,1
1cd00e1a-6d28-4dab-92bb-85213da47fb7,prca13,likert5,2) disagree,4,True,recode,0
1cd00e1a-6d28-4dab-92bb-85213da47fb7,prca14,likert5,1) strongly disagree,2,True,recode,1
1cd00e1a-6d28-4dab-92bb-85213da47fb7,prca15,likert5,2) disagree,4,True,recode,0
1cd00e1a-6d28-4dab-92bb-85213da47fb7,prca16,likert5,3) neutral,2,True,recode,1
1cd00e1a-6d28-4dab-92bb-85213da47fb7,prca17,likert5,3) neutral,2,True,recode,1
1cd00e1a-6d28-4dab-92bb-85213da47fb7,prca18,likert5,2) disagree,5,True,recode,0
cc7d92de-ced1-493f-b134-a65224e39ff6,prca01,likert5,2) disagree,4,True,recode,0
cc7d92de-ced1-493f-b134-a65224e39ff6,prca02,likert5,4) agree,2,True,recode,1
cc7d92de-ced1-493f-b134-a65224e39ff6,prca03,likert5,4) agree,4,True,recode,0
cc7d92de-ced1-493f-b134-a65224e39ff6,prca04,likert5,2) disagree,1,True,recode,1
cc7d92de-ced1-493f-b134-a65224e39ff6,prca05,likert5,4) agree,4,True,recode,0
cc7d92de-ced1-493f-b134-a65224e39ff6,prca06,likert5,4) agree,2,True,recode,1
cc7d92de-ced1-493f-b134-a65224e39ff6,prca13,likert5,4) agree,5,True,recode,0
cc7d92de-ced1-493f-b134-a65224e39ff6,prca14,likert5,3) neutral,2,True,recode,1
cc7d92de-ced1-493f-b134-a65224e39ff6,prca15,likert5,1) strongly disagree,5,True,recode,0
cc7d92de-ced1-493f-b134-a65224e39ff6,prca16,likert5,3) neutral,2,True,recode,1
cc7d92de-ced1-493f-b134-a65224e39ff6,prca17,likert5,4) agree,2,True,recode,1
cc7d92de-ced1-493f-b134-a65224e39ff6,prca18,likert5,3) neutral,5,True,recode,0
440746c7-bf63-46e8-9d23-dfc947d7e340,prca01,likert5,3) neutral,4,True,recode,0
440746c7-bf63-46e8-9d23-dfc947d7e340,prca02,likert5,3) neutral,1,True,recode,1
440746c7-bf63-46e8-9d23-dfc947d7e340,prca03,likert5,3) neutral,4,True,recode,0
440746c7-bf63-46e8-9d23-dfc947d7e340,prca04,likert5,3) neutral,2,True,recode,1
440746c7-bf63-46e8-9d23-dfc947d7e340,prca05,likert5,3) neutral,4,True,recode,0
440746c7-bf63-46e8-9d23-dfc947d7e340,prca06,likert5,3) neutral,2,True,recode,1
440746c7-bf63-46e8-9d23-dfc947d7e340,prca13,likert5,2) disagree,4,True,recode,0
440746c7-bf63-46e8-9d23-dfc947d7e340,prca14,likert5,1,5,True,validated,1
440746c7-bf63-46e8-9d23-dfc947d7e340,prca15,likert5,1) strongly disagree,4,True,recode,0
440746c7-bf63-46e8-9d23-dfc947d7e340,prca16,likert5,4) agree,2,True,recode,1
440746c7-bf63-46e8-9d23-dfc947d7e340,prca17,likert5,2) disagree,2,True,recode,1
440746c7-bf63-46e8-9d23-dfc947d7e340,prca18,likert5,4) agree,5,True,recode,0
76cd778e-2b89-4a6b-b469-51848a5e0681,prca01,likert5,3) neutral,4,True,recode,0
76cd778e-2b89-4a6b-b469-51848a5e0681,prca02,likert5,2) disagree,1,True,recode,1
76cd778e-2b89-4a6b-b469-51848a5e0681,prca03,likert5,1) strongly disagree,4,True,recode,0
76cd778e-2b89-4a6b-b469-51848a5e0681,prca04,likert5,3) neutral,2,True,recode,1
76cd778e-2b89-4a6b-b469-51848a5e0681,prca05,likert5,2) disagree,4,True,recode,0
76cd778e-2b89-4a6b-b469-51848a5e0681,prca06,likert5,4) agree,2,True,recode,1
76cd778e-2b89-4a6b-b469-51848a5e0681,prca13,likert5,3) neutral,4,True,recode,0
76cd778e-2b89-4a6b-b469-51848a5e0681,prca14,likert5,4) agree,2,True,recode,1
76cd778e-2b89-4a6b-b469-51848a5e0681,prca15,likert5,3) neutral,4,True,recode,0
76cd778e-2b89-4a6b-b469-51848a5e0681,prca16,likert5,3) neutral,2,True,recode,1
76cd778e-2b89-4a6b-b469-51848a5e0681,prca17,likert5,2) disagree,1,True,recode,1
76cd778e-2b89-4a6b-b469-51848a5e0681,prca18,likert5,1) strongly disagree,3,True,recode,0
20e17d99-0c64-4be1-b98a-6f2d15e8bc82,prca01,likert5,4) agree,5,True,recode,0
20e17d99-0c64-4be1-b98a-6f2d15e8bc82,prca02,likert5,3) neutral,2,True,recode,1
20e17d99-0c64-4be1-b98a-6f2d15e8bc82,prca03,likert5,1) strongly disagree,4,True,recode,0
20e17d99-0c64-4be1-b98a-6f2d15e8bc82,prca04,likert5,2) disagree,3,True,recode,1
20e17d99-0c64-4be1-b98a-6f2d15e8bc82,prca05,likert5,1) strongly disagree,4,True,recode,0
20e17d99-0c64-4be1-b98a-6f2d15e8bc82,prca06,likert5,3) neutral,2,True,recode,1
20e17d99-0c64-4be1-b98a-6f2d15e8bc82,prca13,likert5,4) agree,4,True,recode,0
20e17d99-0c64-4be1-b98a-6f2d15e8bc82,prca14,likert5,3) neutral,2,True,recode,1
20e17d99-0c64-4be1-b98a-6f2d15e8bc82,prca15,likert5,3) neutral,4,True,recode,0
20e17d99-0c64-4be1-b98a-6f2d15e8bc82,prca16,likert5,3) neutral,2,True,recode,1
20e17d99-0c64-4be1-b98a-6f2d15e8bc82,prca17,likert5,2) disagree,2,True,recode,1
20e17d99-0c64-4be1-b98a-6f2d15e8bc82,prca18,likert5,1) strongly disagree,5,True,recode,0
80139aac-982d-4ee2-96ad-616ab89c907c,prca01,likert5,2) disagree,4,True,recode,0
80139aac-982d-4ee2-96ad-616ab89c907c,prca02,likert5,3) neutral,2,True,recode,1
80139aac-982d-4ee2-96ad-616ab89c907c,prca03,likert5,4) agree,4,True,recode,0
80139aac-982d-4ee2-96ad-616ab89c907c,prca04,likert5,3) neutral,2,True,recode,1
80139aac-982d-4ee2-96ad-616ab89c907c,prca05,likert5,1) strongly disagree,5,True,recode,0
80139aac-982d-4ee2-96ad-616ab89c907c,prca06,likert5,2) disagree,1,True,recode,1
80139aac-982d-4ee2-96ad-616ab89c907c,prca13,likert5,2) disagree,4,True,recode,0
80139aac-982d-4ee2-96ad-616ab89c907c,prca14,likert5,3) neutral,2,True,recode,1
80139aac-982d-4ee2-96ad-616ab89c907c,prca15,likert5,3) neutral,4,True,recode,0
80139aac-982d-4ee2-96ad-616ab89c907c,prca16,likert5,3) neutral,2,True,recode,1
80139aac-982d-4ee2-96ad-616ab89c907c,prca17,likert5,3) neutral,1,True,recode,1
80139aac-982d-4ee2-96ad-616ab89c907c,prca18,likert5,3) neutral,4,True,recode,0
32fabcf3-bd18-47b0-a6fd-740ed7933096,prca01,likert5,3) neutral,4,True,recode,0
32fabcf3-bd18-47b0-a6fd-740ed7933096,prca02,likert5,2) disagree,2,True,recode,1
32fabcf3-bd18-47b0-a6fd-740ed7933096,prca03,likert5,1) strongly disagree,5,True,recode,0
32fabcf3-bd18-47b0-a6fd-740ed7933096,prca04,likert5,3) neutral,2,True,recode,1
32fabcf3-bd18-47b0-a6fd-740ed7933096,prca05,likert5,2) disagree,4,True,recode,0
32fabcf3-bd18-47b0-a6fd-740ed7933096,prca06,likert5,2) disagree,1,True,recode,1
32fabcf3-bd18-47b0-a6fd-740ed7933096,prca13,likert5,1) strongly disagree,4,True,recode,0
32fabcf3-bd18-47b0-a6fd-740ed7933096,prca14,likert5,4) agree,2,True,recode,1
32fabcf3-bd18-47b0-a6fd-740ed7933096,prca15,likert5,1) strongly disagree,4,True,recode,0
32fabcf3-bd18-47b0-a6fd-740ed7933096,prca16,likert5,3) neutral,2,True,recode,1
32fabcf3-bd18-47b0-a6fd-740ed7933096,prca17,likert5,3) neutral,2,True,recode,1
32fabcf3-bd18-47b0-a6fd-740ed7933096,prca18,likert5,3) neutral,4,True,recode,0
e034990b-cb82-42e6-a0b1-6351575d7383,prca01,likert5,4) agree,4,True,recode,0
e034990b-cb82-42e6-a0b1-6351575d7383,prca02,likert5,3) neutral,3,True,recode,1
e034990b-cb82-42e6-a0b1-6351575d7383,prca03,likert5,2) disagree,3,True,recode,0
e034990b-cb82-42e6-a0b1-6351575d7383,prca04,likert5,3) neutral,2,True,recode,1
e034990b-cb82-42e6-a0b1-6351575d7383,prca05,likert5,3) neutral,4,True,recode,0
e034990b-cb82-42e6-a0b1-6351575d7383,prca06,likert5,4) agree,1,True,recode,1
e034990b-cb82-42e6-a0b1-6351575d7383,prca13,likert5,3) neutral,4,True,recode,0
e034990b-cb82-42e6-a0b1-6351575d7383,prca14,likert5,4,2,True,validated,1
e034990b-cb82-42e6-a0b1-6351575d7383,prca15,likert5,3) neutral,4,True,recode,0
e034990b-cb82-42e6-a0b1-6351575d7383,prca16,likert5,3) neutral,2,True,recode,1
e034990b-cb82-42e6-a0b1-6351575d7383,prca17,likert5,4) agree,2,True,recode,1
e034990b-cb82-42e6-a0b1-6351575d7383,prca18,likert5,1) strongly disagree,5,True,recode,0
a712939d-a6c0-442e-b409-c50a5aea982b,prca01,likert5,2) disagree,4,True,recode,0
a712939d-a6c0-442e-b409-c50a5aea982b,prca02,likert5,4) agree,2,True,recode,1
a712939d-a6c0-442e-b409-c50a5aea982b,prca03,likert5,4) agree,4,True,recode,0
a712939d-a6c0-442e-b409-c50a5aea982b,prca04,likert5,3) neutral,2,True,recode,1
a712939d-a6c0-442e-b409-c50a5aea982b,prca05,likert5,2) disagree,5,True,recode,0
a712939d-a6c0-442e-b409-c50a5aea982b,prca06,likert5,1) strongly disagree,2,True,recode,1
a712939d-a6c0-442e-b409-c50a5aea982b,prca13,likert5,1) strongly disagree,5,True,recode,0
a712939d-a6c0-442e-b409-c50a5aea982b,prca14,likert5,4) agree,2,True,recode,1
a712939d-a6c0-442e-b409-c50a5aea982b,prca15,likert5,3) neutral,4,True,recode,0
a712939d-a6c0-442e-b409-c50a5aea982b,prca16,likert5,3) neutral,2,True,recode,1
a712939d-a6c0-442e-b409-c50a5aea982b,prca17,likert5,3) neutral,2,True,recode,1
a712939d-a6c0-442e-b409-c50a5aea982b,prca18,likert5,1) strongly disagree,5,True,recode,0
d4f979dc-de8e-4435-87f8-a6b39ade2cf5,prca01,likert5,2) disagree,4,True,recode,0
d4f979dc-de8e-4435-87f8-a6b39ade2cf5,prca02,likert5,4) agree,2,True,recode,1
d4f979dc-de8e-4435-87f8-a6b39ade2cf5,prca03,likert5,3) neutral,4,True,recode,0
d4f979dc-de8e-4435-87f8-a6b39ade2cf5,prca04,likert5,2) disagree,1,True,recode,1
d4f979dc-de8e-4435-87f8-a6b39ade2cf5,prca05,likert5,3) neutral,5,True,recode,0
d4f979dc-de8e-4435-87f8-a6b39ade2cf5,prca06,likert5,4) agree,2,True,recode,1
d4f979dc-de8e-4435-87f8-a6b39ade2cf5,prca13,likert5,3) neutral,4,True,recode,0
d4f979dc-de8e-4435-87f8-a6b39ade2cf5,prca14,likert5,2) disagree,2,True,recode,1
d4f979dc-de8e-4435-87f8-a6b39ade2cf5,prca15,likert5,4) agree,4,True,recode,0
d4f979dc-de8e-4435-87f8-a6b39ade2cf5,prca16,likert5,3) neutral,2,True,recode,1
d4f979dc-de8e-4435-87f8-a6b39ade2cf5,prca17,likert5,4) agree,2,True,recode,1
d4f979dc-de8e-4435-87f8-a6b39ade2cf5,prca18,likert5,1) strongly disagree,5,True,recode,0
