resid,question_id,scale,original_response,final_response,validated,action_taken,reverse_coded
955cc578-826c-4426-8fc2-66d41c7c3c3b,prca01,likert5,3,3,True,validated,0
955cc578-826c-4426-8fc2-66d41c7c3c3b,prca02,likert5,2,4,True,validated,1
955cc578-826c-4426-8fc2-66d41c7c3c3b,prca03,likert5,4,4,True,validated,0
955cc578-826c-4426-8fc2-66d41c7c3c3b,prca04,likert5,2,4,True,validated,1
955cc578-826c-4426-8fc2-66d41c7c3c3b,prca05,likert5,1,1,True,validated,0
955cc578-826c-4426-8fc2-66d41c7c3c3b,prca06,likert5,3,3,True,validated,1
955cc578-826c-4426-8fc2-66d41c7c3c3b,prca13,likert5,2,2,True,validated,0
955cc578-826c-4426-8fc2-66d41c7c3c3b,prca14,likert5,3,3,True,validated,1
955cc578-826c-4426-8fc2-66d41c7c3c3b,prca15,likert5,4,4,True,validated,0
955cc578-826c-4426-8fc2-66d41c7c3c3b,prca16,likert5,1,5,True,validated,1
955cc578-826c-4426-8fc2-66d41c7c3c3b,prca17,likert5,1,5,True,validated,1
955cc578-826c-4426-8fc2-66d41c7c3c3b,prca18,likert5,1,1,True,validated,0
743414fd-e2d8-4883-8e1b-5e62c40b68b1,prca01,likert5,3,3,True,validated,0
743414fd-e2d8-4883-8e1b-5e62c40b68b1,prca02,likert5,2,4,True,validated,1
743414fd-e2d8-4883-8e1b-5e62c40b68b1,prca03,likert5,3,3,True,validated,0
743414fd-e2d8-4883-8e1b-5e62c40b68b1,prca04,likert5,4,2,True,validated,1
743414fd-e2d8-4883-8e1b-5e62c40b68b1,prca05,likert5,4,4,True,validated,0
743414fd-e2d8-4883-8e1b-5e62c40b68b1,prca06,likert5,1,5,True,validated,1
743414fd-e2d8-4883-8e1b-5e62c40b68b1,prca13,likert5,2,2,True,validated,0
743414fd-e2d8-4883-8e1b-5e62c40b68b1,prca14,likert5,1,5,True,validated,1
743414fd-e2d8-4883-8e1b-5e62c40b68b1,prca15,likert5,4,4,True,validated,0
743414fd-e2d8-4883-8e1b-5e62c40b68b1,prca16,likert5,1,5,True,validated,1
743414fd-e2d8-4883-8e1b-5e62c40b68b1,prca17,likert5,4,2,True,validated,1
743414fd-e2d8-4883-8e1b-5e62c40b68b1,prca18,likert5,2,2,True,validated,0
7e4f4189-7c24-46fc-bfa4-83e598641523,prca01,likert5,1,1,True,validated,0
7e4f4189-7c24-46fc-bfa4-83e598641523,prca02,likert5,1,5,True,validated,1
7e4f4189-7c24-46fc-bfa4-83e598641523,prca03,likert5,1,1,True,validated,0
7e4f4189-7c24-46fc-bfa4-83e598641523,prca04,likert5,2,4,True,validated,1
7e4f4189-7c24-46fc-bfa4-83e598641523,prca05,likert5,1,1,True,validated,0
7e4f4189-7c24-46fc-bfa4-83e598641523,prca06,likert5,1,5,True,validated,1
7e4f4189-7c24-46fc-bfa4-83e598641523,prca13,likert5,2,2,True,validated,0
7e4f4189-7c24-46fc-bfa4-83e598641523,prca14,likert5,2,4,True,validated,1
7e4f4189-7c24-46fc-bfa4-83e598641523,prca15,likert5,1,1,True,validated,0
7e4f4189-7c24-46fc-bfa4-83e598641523,prca16,likert5,4,2,True,validated,1
7e4f4189-7c24-46fc-bfa4-83e598641523,prca17,likert5,2,4,True,validated,1
7e4f4189-7c24-46fc-bfa4-83e598641523,prca18,likert5,1,1,True,validated,0
526a5c22-23b9-4134-bebf-4dc23394c78e,prca01,likert5,1,1,True,validated,0
526a5c22-23b9-4134-bebf-4dc23394c78e,prca02,likert5,1,5,True,validated,1
526a5c22-23b9-4134-bebf-4dc23394c78e,prca03,likert5,1,1,True,validated,0
526a5c22-23b9-4134-bebf-4dc23394c78e,prca04,likert5,3,3,True,validated,1
526a5c22-23b9-4134-bebf-4dc23394c78e,prca05,likert5,4,4,True,validated,0
526a5c22-23b9-4134-bebf-4dc23394c78e,prca06,likert5,4,2,True,validated,1
526a5c22-23b9-4134-bebf-4dc23394c78e,prca13,likert5,2,2,True,validated,0
526a5c22-23b9-4134-bebf-4dc23394c78e,prca14,likert5,1,5,True,validated,1
526a5c22-23b9-4134-bebf-4dc23394c78e,prca15,likert5,4,4,True,validated,0
526a5c22-23b9-4134-bebf-4dc23394c78e,prca16,likert5,1,5,True,validated,1
526a5c22-23b9-4134-bebf-4dc23394c78e,prca17,likert5,1,5,True,validated,1
526a5c22-23b9-4134-bebf-4dc23394c78e,prca18,likert5,1,1,True,validated,0
26e039df-bf71-48a6-a309-c4a878f8ae87,prca01,likert5,1,1,True,validated,0
26e039df-bf71-48a6-a309-c4a878f8ae87,prca02,likert5,2,4,True,validated,1
26e039df-bf71-48a6-a309-c4a878f8ae87,prca03,likert5,4,4,True,validated,0
26e039df-bf71-48a6-a309-c4a878f8ae87,prca04,likert5,1,5,True,validated,1
26e039df-bf71-48a6-a309-c4a878f8ae87,prca05,likert5,1,1,True,validated,0
26e039df-bf71-48a6-a309-c4a878f8ae87,prca06,likert5,1,5,True,validated,1
26e039df-bf71-48a6-a309-c4a878f8ae87,prca13,likert5,1,1,True,validated,0
26e039df-bf71-48a6-a309-c4a878f8ae87,prca14,likert5,1,5,True,validated,1
26e039df-bf71-48a6-a309-c4a878f8ae87,prca15,likert5,4,4,True,validated,0
26e039df-bf71-48a6-a309-c4a878f8ae87,prca16,likert5,1,5,True,validated,1
26e039df-bf71-48a6-a309-c4a878f8ae87,prca17,likert5,2,4,True,validated,1
26e039df-bf71-48a6-a309-c4a878f8ae87,prca18,likert5,1,1,True,validated,0
610e2736-c3a6-40a8-9a44-a10bc5a84bcf,prca01,likert5,1,1,True,validated,0
610e2736-c3a6-40a8-9a44-a10bc5a84bcf,prca02,likert5,2,4,True,validated,1
610e2736-c3a6-40a8-9a44-a10bc5a84bcf,prca03,likert5,1,1,True,validated,0
610e2736-c3a6-40a8-9a44-a10bc5a84bcf,prca04,likert5,1,5,True,validated,1
610e2736-c3a6-40a8-9a44-a10bc5a84bcf,prca05,likert5,1,1,True,validated,0
610e2736-c3a6-40a8-9a44-a10bc5a84bcf,prca06,likert5,2,4,True,validated,1
610e2736-c3a6-40a8-9a44-a10bc5a84bcf,prca13,likert5,1,1,True,validated,0
610e2736-c3a6-40a8-9a44-a10bc5a84bcf,prca14,likert5,1,5,True,validated,1
610e2736-c3a6-40a8-9a44-a10bc5a84bcf,prca15,likert5,1,1,True,validated,0
610e2736-c3a6-40a8-9a44-a10bc5a84bcf,prca16,likert5,4,2,True,validated,1
610e2736-c3a6-40a8-9a44-a10bc5a84bcf,prca17,likert5,1,5,True,validated,1
610e2736-c3a6-40a8-9a44-a10bc5a84bcf,prca18,likert5,1,1,True,validated,0
91aaf49c-442c-4072-9987-dc2aa47488dd,prca01,likert5,2,2,True,validated,0
91aaf49c-442c-4072-9987-dc2aa47488dd,prca02,likert5,3,3,True,validated,1
91aaf49c-442c-4072-9987-dc2aa47488dd,prca03,likert5,1,1,True,validated,0
91aaf49c-442c-4072-9987-dc2aa47488dd,prca04,likert5,1,5,True,validated,1
91aaf49c-442c-4072-9987-dc2aa47488dd,prca05,likert5,1,1,True,validated,0
91aaf49c-442c-4072-9987-dc2aa47488dd,prca06,likert5,1,5,True,validated,1
91aaf49c-442c-4072-9987-dc2aa47488dd,prca13,likert5,1,1,True,validated,0
91aaf49c-442c-4072-9987-dc2aa47488dd,prca14,likert5,1,5,True,validated,1
91aaf49c-442c-4072-9987-dc2aa47488dd,prca15,likert5,1,1,True,validated,0
91aaf49c-442c-4072-9987-dc2aa47488dd,prca16,likert5,3,3,True,validated,1
91aaf49c-442c-4072-9987-dc2aa47488dd,prca17,likert5,1,5,True,validated,1
91aaf49c-442c-4072-9987-dc2aa47488dd,prca18,likert5,1,1,True,validated,0
106e4f5d-0b32-4297-aed3-986623dfbb17,prca01,likert5,4,4,True,validated,0
106e4f5d-0b32-4297-aed3-986623dfbb17,prca02,likert5,4,2,True,validated,1
106e4f5d-0b32-4297-aed3-986623dfbb17,prca03,likert5,4,4,True,validated,0
106e4f5d-0b32-4297-aed3-986623dfbb17,prca04,likert5,3,3,True,validated,1
106e4f5d-0b32-4297-aed3-986623dfbb17,prca05,likert5,1,1,True,validated,0
106e4f5d-0b32-4297-aed3-986623dfbb17,prca06,likert5,2,4,True,validated,1
106e4f5d-0b32-4297-aed3-986623dfbb17,prca13,likert5,1,1,True,validated,0
106e4f5d-0b32-4297-aed3-986623dfbb17,prca14,likert5,1,5,True,validated,1
106e4f5d-0b32-4297-aed3-986623dfbb17,prca15,likert5,1,1,True,validated,0
106e4f5d-0b32-4297-aed3-986623dfbb17,prca16,likert5,2,4,True,validated,1
106e4f5d-0b32-4297-aed3-986623dfbb17,prca17,likert5,4,2,True,validated,1
106e4f5d-0b32-4297-aed3-986623dfbb17,prca18,likert5,4,4,True,validated,0
cf936824-f004-4372-afa5-e208183078ee,prca01,likert5,3,3,True,validated,0
cf936824-f004-4372-afa5-e208183078ee,prca02,likert5,1,5,True,validated,1
cf936824-f004-4372-afa5-e208183078ee,prca03,likert5,4,4,True,validated,0
cf936824-f004-4372-afa5-e208183078ee,prca04,likert5,1,5,True,validated,1
cf936824-f004-4372-afa5-e208183078ee,prca05,likert5,1,1,True,validated,0
cf936824-f004-4372-afa5-e208183078ee,prca06,likert5,4,2,True,validated,1
cf936824-f004-4372-afa5-e208183078ee,prca13,likert5,2,2,True,validated,0
cf936824-f004-4372-afa5-e208183078ee,prca14,likert5,4,2,True,validated,1
cf936824-f004-4372-afa5-e208183078ee,prca15,likert5,4,4,True,validated,0
cf936824-f004-4372-afa5-e208183078ee,prca16,likert5,1,5,True,validated,1
cf936824-f004-4372-afa5-e208183078ee,prca17,likert5,4,2,True,validated,1
cf936824-f004-4372-afa5-e208183078ee,prca18,likert5,1,1,True,validated,0
633162fd-c4a0-46ea-b588-1128331a905b,prca01,likert5,1,1,True,validated,0
633162fd-c4a0-46ea-b588-1128331a905b,prca02,likert5,1,5,True,validated,1
633162fd-c4a0-46ea-b588-1128331a905b,prca03,likert5,1,1,True,validated,0
633162fd-c4a0-46ea-b588-1128331a905b,prca04,likert5,3,3,True,validated,1
633162fd-c4a0-46ea-b588-1128331a905b,prca05,likert5,1,1,True,validated,0
633162fd-c4a0-46ea-b588-1128331a905b,prca06,likert5,2,4,True,validated,1
633162fd-c4a0-46ea-b588-1128331a905b,prca13,likert5,1,1,True,validated,0
633162fd-c4a0-46ea-b588-1128331a905b,prca14,likert5,2,4,True,validated,1
633162fd-c4a0-46ea-b588-1128331a905b,prca15,likert5,4,4,True,validated,0
633162fd-c4a0-46ea-b588-1128331a905b,prca16,likert5,2,4,True,validated,1
633162fd-c4a0-46ea-b588-1128331a905b,prca17,likert5,1,5,True,validated,1
633162fd-c4a0-46ea-b588-1128331a905b,prca18,likert5,4,4,True,validated,0
fda5b26a-babe-426e-aab6-1ca3499cfb5e,prca01,likert5,4,4,True,validated,0
fda5b26a-babe-426e-aab6-1ca3499cfb5e,prca02,likert5,3,3,True,validated,1
fda5b26a-babe-426e-aab6-1ca3499cfb5e,prca03,likert5,1,1,True,validated,0
fda5b26a-babe-426e-aab6-1ca3499cfb5e,prca04,likert5,2,4,True,validated,1
fda5b26a-babe-426e-aab6-1ca3499cfb5e,prca05,likert5,4,4,True,validated,0
fda5b26a-babe-426e-aab6-1ca3499cfb5e,prca06,likert5,1,5,True,validated,1
fda5b26a-babe-426e-aab6-1ca3499cfb5e,prca13,likert5,2,2,True,validated,0
fda5b26a-babe-426e-aab6-1ca3499cfb5e,prca14,likert5,1,5,True,validated,1
fda5b26a-babe-426e-aab6-1ca3499cfb5e,prca15,likert5,1,1,True,validated,0
fda5b26a-babe-426e-aab6-1ca3499cfb5e,prca16,likert5,1,5,True,validated,1
fda5b26a-babe-426e-aab6-1ca3499cfb5e,prca17,likert5,1,5,True,validated,1
fda5b26a-babe-426e-aab6-1ca3499cfb5e,prca18,likert5,4,4,True,validated,0
e6a65189-b531-4db0-9e91-1ee306b567b3,prca01,likert5,3,3,True,validated,0
e6a65189-b531-4db0-9e91-1ee306b567b3,prca02,likert5,4,2,True,validated,1
e6a65189-b531-4db0-9e91-1ee306b567b3,prca03,likert5,2,2,True,validated,0
e6a65189-b531-4db0-9e91-1ee306b567b3,prca04,likert5,1,5,True,validated,1
e6a65189-b531-4db0-9e91-1ee306b567b3,prca05,likert5,1,1,True,validated,0
e6a65189-b531-4db0-9e91-1ee306b567b3,prca06,likert5,3,3,True,validated,1
e6a65189-b531-4db0-9e91-1ee306b567b3,prca13,likert5,2,2,True,validated,0
e6a65189-b531-4db0-9e91-1ee306b567b3,prca14,likert5,1,5,True,validated,1
e6a65189-b531-4db0-9e91-1ee306b567b3,prca15,likert5,1,1,True,validated,0
e6a65189-b531-4db0-9e91-1ee306b567b3,prca16,likert5,2,4,True,validated,1
e6a65189-b531-4db0-9e91-1ee306b567b3,prca17,likert5,4,2,True,validated,1
e6a65189-b531-4db0-9e91-1ee306b567b3,prca18,likert5,4,4,True,validated,0
12dd0256-7ef1-4e05-af8e-6abc3f4ce214,prca01,likert5,4,4,True,validated,0
12dd0256-7ef1-4e05-af8e-6abc3f4ce214,prca02,likert5,2,4,True,validated,1
12dd0256-7ef1-4e05-af8e-6abc3f4ce214,prca03,likert5,1,1,True,validated,0
12dd0256-7ef1-4e05-af8e-6abc3f4ce214,prca04,likert5,4,2,True,validated,1
12dd0256-7ef1-4e05-af8e-6abc3f4ce214,prca05,likert5,1,1,True,validated,0
12dd0256-7ef1-4e05-af8e-6abc3f4ce214,prca06,likert5,4,2,True,validated,1
12dd0256-7ef1-4e05-af8e-6abc3f4ce214,prca13,likert5,1,1,True,validated,0
12dd0256-7ef1-4e05-af8e-6abc3f4ce214,prca14,likert5,1,5,True,validated,1
12dd0256-7ef1-4e05-af8e-6abc3f4ce214,prca15,likert5,2,2,True,validated,0
12dd0256-7ef1-4e05-af8e-6abc3f4ce214,prca16,likert5,1,5,True,validated,1
12dd0256-7ef1-4e05-af8e-6abc3f4ce214,prca17,likert5,2,4,True,validated,1
12dd0256-7ef1-4e05-af8e-6abc3f4ce214,prca18,likert5,1,1,True,validated,0
85f8abe0-a3a5-4c8e-aac7-c96507ac0348,prca01,likert5,4,4,True,validated,0
85f8abe0-a3a5-4c8e-aac7-c96507ac0348,prca02,likert5,3,3,True,validated,1
85f8abe0-a3a5-4c8e-aac7-c96507ac0348,prca03,likert5,4,4,True,validated,0
85f8abe0-a3a5-4c8e-aac7-c96507ac0348,prca04,likert5,2,4,True,validated,1
85f8abe0-a3a5-4c8e-aac7-c96507ac0348,prca05,likert5,2,2,True,validated,0
85f8abe0-a3a5-4c8e-aac7-c96507ac0348,prca06,likert5,3,3,True,validated,1
85f8abe0-a3a5-4c8e-aac7-c96507ac0348,prca13,likert5,1,1,True,validated,0
85f8abe0-a3a5-4c8e-aac7-c96507ac0348,prca14,likert5,2,4,True,validated,1
85f8abe0-a3a5-4c8e-aac7-c96507ac0348,prca15,likert5,1,1,True,validated,0
85f8abe0-a3a5-4c8e-aac7-c96507ac0348,prca16,likert5,1,5,True,validated,1
85f8abe0-a3a5-4c8e-aac7-c96507ac0348,prca17,likert5,1,5,True,validated,1
85f8abe0-a3a5-4c8e-aac7-c96507ac0348,prca18,likert5,1,1,True,validated,0
0d9ccf17-3541-405b-9115-62572082a416,prca01,likert5,3,3,True,validated,0
0d9ccf17-3541-405b-9115-62572082a416,prca02,likert5,1,5,True,validated,1
0d9ccf17-3541-405b-9115-62572082a416,prca03,likert5,2,2,True,validated,0
0d9ccf17-3541-405b-9115-62572082a416,prca04,likert5,1,5,True,validated,1
0d9ccf17-3541-405b-9115-62572082a416,prca05,likert5,2,2,True,validated,0
0d9ccf17-3541-405b-9115-62572082a416,prca06,likert5,4,2,True,validated,1
0d9ccf17-3541-405b-9115-62572082a416,prca13,likert5,1,1,True,validated,0
0d9ccf17-3541-405b-9115-62572082a416,prca14,likert5,2,4,True,validated,1
0d9ccf17-3541-405b-9115-62572082a416,prca15,likert5,1,1,True,validated,0
0d9ccf17-3541-405b-9115-62572082a416,prca16,likert5,1,5,True,validated,1
0d9ccf17-3541-405b-9115-62572082a416,prca17,likert5,1,5,True,validated,1
0d9ccf17-3541-405b-9115-62572082a416,prca18,likert5,4,4,True,validated,0
17125876-b634-42ff-b687-4f29370c51d9,prca01,likert5,1,1,True,validated,0
17125876-b634-42ff-b687-4f29370c51d9,prca02,likert5,2,4,True,validated,1
17125876-b634-42ff-b687-4f29370c51d9,prca03,likert5,4,4,True,validated,0
17125876-b634-42ff-b687-4f29370c51d9,prca04,likert5,3,3,True,validated,1
17125876-b634-42ff-b687-4f29370c51d9,prca05,likert5,2,2,True,validated,0
17125876-b634-42ff-b687-4f29370c51d9,prca06,likert5,3,3,True,validated,1
17125876-b634-42ff-b687-4f29370c51d9,prca13,likert5,1,1,True,validated,0
17125876-b634-42ff-b687-4f29370c51d9,prca14,likert5,2,4,True,validated,1
17125876-b634-42ff-b687-4f29370c51d9,prca15,likert5,2,2,True,validated,0
17125876-b634-42ff-b687-4f29370c51d9,prca16,likert5,4,2,True,validated,1
17125876-b634-42ff-b687-4f29370c51d9,prca17,likert5,2,4,True,validated,1
17125876-b634-42ff-b687-4f29370c51d9,prca18,likert5,4,4,True,validated,0
cda45bfa-80e3-4700-983f-ad9e8b25de11,prca01,likert5,1,1,True,validated,0
cda45bfa-80e3-4700-983f-ad9e8b25de11,prca02,likert5,1,5,True,validated,1
cda45bfa-80e3-4700-983f-ad9e8b25de11,prca03,likert5,2,2,True,validated,0
cda45bfa-80e3-4700-983f-ad9e8b25de11,prca04,likert5,2,4,True,validated,1
cda45bfa-80e3-4700-983f-ad9e8b25de11,prca05,likert5,4,4,True,validated,0
cda45bfa-80e3-4700-983f-ad9e8b25de11,prca06,likert5,4,2,True,validated,1
cda45bfa-80e3-4700-983f-ad9e8b25de11,prca13,likert5,2,2,True,validated,0
cda45bfa-80e3-4700-983f-ad9e8b25de11,prca14,likert5,2,4,True,validated,1
cda45bfa-80e3-4700-983f-ad9e8b25de11,prca15,likert5,1,1,True,validated,0
cda45bfa-80e3-4700-983f-ad9e8b25de11,prca16,likert5,1,5,True,validated,1
cda45bfa-80e3-4700-983f-ad9e8b25de11,prca17,likert5,4,2,True,validated,1
cda45bfa-80e3-4700-983f-ad9e8b25de11,prca18,likert5,2,2,True,validated,0
9d2c9aca-7038-491f-91ce-40365997569e,prca01,likert5,4,4,True,validated,0
9d2c9aca-7038-491f-91ce-40365997569e,prca02,likert5,4,2,True,validated,1
9d2c9aca-7038-491f-91ce-40365997569e,prca03,likert5,1,1,True,validated,0
9d2c9aca-7038-491f-91ce-40365997569e,prca04,likert5,2,4,True,validated,1
9d2c9aca-7038-491f-91ce-40365997569e,prca05,likert5,1,1,True,validated,0
9d2c9aca-7038-491f-91ce-40365997569e,prca06,likert5,1,5,True,validated,1
9d2c9aca-7038-491f-91ce-40365997569e,prca13,likert5,2,2,True,validated,0
9d2c9aca-7038-491f-91ce-40365997569e,prca14,likert5,3,3,True,validated,1
9d2c9aca-7038-491f-91ce-40365997569e,prca15,likert5,1,1,True,validated,0
9d2c9aca-7038-491f-91ce-40365997569e,prca16,likert5,2,4,True,validated,1
9d2c9aca-7038-491f-91ce-40365997569e,prca17,likert5,1,5,True,validated,1
9d2c9aca-7038-491f-91ce-40365997569e,prca18,likert5,4,4,True,validated,0
8bccf0cc-a1e0-4f12-80a1-f0f7ed6789e3,prca01,likert5,1,1,True,validated,0
8bccf0cc-a1e0-4f12-80a1-f0f7ed6789e3,prca02,likert5,3,3,True,validated,1
8bccf0cc-a1e0-4f12-80a1-f0f7ed6789e3,prca03,likert5,1,1,True,validated,0
8bccf0cc-a1e0-4f12-80a1-f0f7ed6789e3,prca04,likert5,2,4,True,validated,1
8bccf0cc-a1e0-4f12-80a1-f0f7ed6789e3,prca05,likert5,1,1,True,validated,0
8bccf0cc-a1e0-4f12-80a1-f0f7ed6789e3,prca06,likert5,1,5,True,validated,1
8bccf0cc-a1e0-4f12-80a1-f0f7ed6789e3,prca13,likert5,2,2,True,validated,0
8bccf0cc-a1e0-4f12-80a1-f0f7ed6789e3,prca14,likert5,3,3,True,validated,1
8bccf0cc-a1e0-4f12-80a1-f0f7ed6789e3,prca15,likert5,2,2,True,validated,0
8bccf0cc-a1e0-4f12-80a1-f0f7ed6789e3,prca16,likert5,1,5,True,validated,1
8bccf0cc-a1e0-4f12-80a1-f0f7ed6789e3,prca17,likert5,2,4,True,validated,1
8bccf0cc-a1e0-4f12-80a1-f0f7ed6789e3,prca18,likert5,1,1,True,validated,0
e5e90d0e-d15e-4c72-a3d1-9fe5237e9485,prca01,likert5,2,2,True,validated,0
e5e90d0e-d15e-4c72-a3d1-9fe5237e9485,prca02,likert5,4,2,True,validated,1
e5e90d0e-d15e-4c72-a3d1-9fe5237e9485,prca03,likert5,2,2,True,validated,0
e5e90d0e-d15e-4c72-a3d1-9fe5237e9485,prca04,likert5,4,2,True,validated,1
e5e90d0e-d15e-4c72-a3d1-9fe5237e9485,prca05,likert5,2,2,True,validated,0
e5e90d0e-d15e-4c72-a3d1-9fe5237e9485,prca06,likert5,2,4,True,validated,1
e5e90d0e-d15e-4c72-a3d1-9fe5237e9485,prca13,likert5,4,4,True,validated,0
e5e90d0e-d15e-4c72-a3d1-9fe5237e9485,prca14,likert5,4,2,True,validated,1
e5e90d0e-d15e-4c72-a3d1-9fe5237e9485,prca15,likert5,1,1,True,validated,0
e5e90d0e-d15e-4c72-a3d1-9fe5237e9485,prca16,likert5,2,4,True,validated,1
e5e90d0e-d15e-4c72-a3d1-9fe5237e9485,prca17,likert5,1,5,True,validated,1
e5e90d0e-d15e-4c72-a3d1-9fe5237e9485,prca18,likert5,2,2,True,validated,0
e5390f46-7fe5-4142-ac8e-8d5e84a4d0b6,prca01,likert5,1,1,True,validated,0
e5390f46-7fe5-4142-ac8e-8d5e84a4d0b6,prca02,likert5,4,2,True,validated,1
e5390f46-7fe5-4142-ac8e-8d5e84a4d0b6,prca03,likert5,1,1,True,validated,0
e5390f46-7fe5-4142-ac8e-8d5e84a4d0b6,prca04,likert5,1,5,True,validated,1
e5390f46-7fe5-4142-ac8e-8d5e84a4d0b6,prca05,likert5,1,1,True,validated,0
e5390f46-7fe5-4142-ac8e-8d5e84a4d0b6,prca06,likert5,1,5,True,validated,1
e5390f46-7fe5-4142-ac8e-8d5e84a4d0b6,prca13,likert5,4,4,True,validated,0
e5390f46-7fe5-4142-ac8e-8d5e84a4d0b6,prca14,likert5,1,5,True,validated,1
e5390f46-7fe5-4142-ac8e-8d5e84a4d0b6,prca15,likert5,1,1,True,validated,0
e5390f46-7fe5-4142-ac8e-8d5e84a4d0b6,prca16,likert5,2,4,True,validated,1
e5390f46-7fe5-4142-ac8e-8d5e84a4d0b6,prca17,likert5,1,5,True,validated,1
e5390f46-7fe5-4142-ac8e-8d5e84a4d0b6,prca18,likert5,1,1,True,validated,0
df7772e2-b8d3-40cd-a76f-9765db5b635d,prca01,likert5,4,4,True,validated,0
df7772e2-b8d3-40cd-a76f-9765db5b635d,prca02,likert5,2,4,True,validated,1
df7772e2-b8d3-40cd-a76f-9765db5b635d,prca03,likert5,4,4,True,validated,0
df7772e2-b8d3-40cd-a76f-9765db5b635d,prca04,likert5,4,2,True,validated,1
df7772e2-b8d3-40cd-a76f-9765db5b635d,prca05,likert5,1,1,True,validated,0
df7772e2-b8d3-40cd-a76f-9765db5b635d,prca06,likert5,1,5,True,validated,1
df7772e2-b8d3-40cd-a76f-9765db5b635d,prca13,likert5,4,4,True,validated,0
df7772e2-b8d3-40cd-a76f-9765db5b635d,prca14,likert5,1,5,True,validated,1
df7772e2-b8d3-40cd-a76f-9765db5b635d,prca15,likert5,1,1,True,validated,0
df7772e2-b8d3-40cd-a76f-9765db5b635d,prca16,likert5,2,4,True,validated,1
df7772e2-b8d3-40cd-a76f-9765db5b635d,prca17,likert5,2,4,True,validated,1
df7772e2-b8d3-40cd-a76f-9765db5b635d,prca18,likert5,1,1,True,validated,0
5558e254-b4cb-47bd-b7d8-ed1cb73bbc59,prca01,likert5,4,4,True,validated,0
5558e254-b4cb-47bd-b7d8-ed1cb73bbc59,prca02,likert5,1,5,True,validated,1
5558e254-b4cb-47bd-b7d8-ed1cb73bbc59,prca03,likert5,2,2,True,validated,0
5558e254-b4cb-47bd-b7d8-ed1cb73bbc59,prca04,likert5,4,2,True,validated,1
5558e254-b4cb-47bd-b7d8-ed1cb73bbc59,prca05,likert5,1,1,True,validated,0
5558e254-b4cb-47bd-b7d8-ed1cb73bbc59,prca06,likert5,1,5,True,validated,1
5558e254-b4cb-47bd-b7d8-ed1cb73bbc59,prca13,likert5,1,1,True,validated,0
5558e254-b4cb-47bd-b7d8-ed1cb73bbc59,prca14,likert5,2,4,True,validated,1
5558e254-b4cb-47bd-b7d8-ed1cb73bbc59,prca15,likert5,1,1,True,validated,0
5558e254-b4cb-47bd-b7d8-ed1cb73bbc59,prca16,likert5,3,3,True,validated,1
5558e254-b4cb-47bd-b7d8-ed1cb73bbc59,prca17,likert5,2,4,True,validated,1
5558e254-b4cb-47bd-b7d8-ed1cb73bbc59,prca18,likert5,1,1,True,validated,0
ba931d8a-b313-45ef-b882-de0d746d8213,prca01,likert5,1,1,True,validated,0
ba931d8a-b313-45ef-b882-de0d746d8213,prca02,likert5,4,2,True,validated,1
ba931d8a-b313-45ef-b882-de0d746d8213,prca03,likert5,1,1,True,validated,0
ba931d8a-b313-45ef-b882-de0d746d8213,prca04,likert5,1,5,True,validated,1
ba931d8a-b313-45ef-b882-de0d746d8213,prca05,likert5,1,1,True,validated,0
ba931d8a-b313-45ef-b882-de0d746d8213,prca06,likert5,1,5,True,validated,1
ba931d8a-b313-45ef-b882-de0d746d8213,prca13,likert5,4,4,True,validated,0
ba931d8a-b313-45ef-b882-de0d746d8213,prca14,likert5,1,5,True,validated,1
ba931d8a-b313-45ef-b882-de0d746d8213,prca15,likert5,3,3,True,validated,0
ba931d8a-b313-45ef-b882-de0d746d8213,prca16,likert5,2,4,True,validated,1
ba931d8a-b313-45ef-b882-de0d746d8213,prca17,likert5,1,5,True,validated,1
ba931d8a-b313-45ef-b882-de0d746d8213,prca18,likert5,1,1,True,validated,0
df5dc136-9eb5-4306-872e-b8d9e6dd6367,prca01,likert5,1,1,True,validated,0
df5dc136-9eb5-4306-872e-b8d9e6dd6367,prca02,likert5,4,2,True,validated,1
df5dc136-9eb5-4306-872e-b8d9e6dd6367,prca03,likert5,4,4,True,validated,0
df5dc136-9eb5-4306-872e-b8d9e6dd6367,prca04,likert5,1,5,True,validated,1
df5dc136-9eb5-4306-872e-b8d9e6dd6367,prca05,likert5,1,1,True,validated,0
df5dc136-9eb5-4306-872e-b8d9e6dd6367,prca06,likert5,2,4,True,validated,1
df5dc136-9eb5-4306-872e-b8d9e6dd6367,prca13,likert5,1,1,True,validated,0
df5dc136-9eb5-4306-872e-b8d9e6dd6367,prca14,likert5,4,2,True,validated,1
df5dc136-9eb5-4306-872e-b8d9e6dd6367,prca15,likert5,2,2,True,validated,0
df5dc136-9eb5-4306-872e-b8d9e6dd6367,prca16,likert5,2,4,True,validated,1
df5dc136-9eb5-4306-872e-b8d9e6dd6367,prca17,likert5,1,5,True,validated,1
df5dc136-9eb5-4306-872e-b8d9e6dd6367,prca18,likert5,1,1,True,validated,0
bd780c31-b0d6-40af-bb86-3cba6a674ca0,prca01,likert5,4,4,True,validated,0
bd780c31-b0d6-40af-bb86-3cba6a674ca0,prca02,likert5,4,2,True,validated,1
bd780c31-b0d6-40af-bb86-3cba6a674ca0,prca03,likert5,2,2,True,validated,0
bd780c31-b0d6-40af-bb86-3cba6a674ca0,prca04,likert5,1,5,True,validated,1
bd780c31-b0d6-40af-bb86-3cba6a674ca0,prca05,likert5,2,2,True,validated,0
bd780c31-b0d6-40af-bb86-3cba6a674ca0,prca06,likert5,2,4,True,validated,1
bd780c31-b0d6-40af-bb86-3cba6a674ca0,prca13,likert5,2,2,True,validated,0
bd780c31-b0d6-40af-bb86-3cba6a674ca0,prca14,likert5,2,4,True,validated,1
bd780c31-b0d6-40af-bb86-3cba6a674ca0,prca15,likert5,1,1,True,validated,0
bd780c31-b0d6-40af-bb86-3cba6a674ca0,prca16,likert5,1,5,True,validated,1
bd780c31-b0d6-40af-bb86-3cba6a674ca0,prca17,likert5,2,4,True,validated,1
bd780c31-b0d6-40af-bb86-3cba6a674ca0,prca18,likert5,1,1,True,validated,0
428f68aa-a7cc-4f6b-aabd-9c82880f374b,prca01,likert5,4,4,True,validated,0
428f68aa-a7cc-4f6b-aabd-9c82880f374b,prca02,likert5,4,2,True,validated,1
428f68aa-a7cc-4f6b-aabd-9c82880f374b,prca03,likert5,4,4,True,validated,0
428f68aa-a7cc-4f6b-aabd-9c82880f374b,prca04,likert5,1,5,True,validated,1
428f68aa-a7cc-4f6b-aabd-9c82880f374b,prca05,likert5,2,2,True,validated,0
428f68aa-a7cc-4f6b-aabd-9c82880f374b,prca06,likert5,3,3,True,validated,1
428f68aa-a7cc-4f6b-aabd-9c82880f374b,prca13,likert5,4,4,True,validated,0
428f68aa-a7cc-4f6b-aabd-9c82880f374b,prca14,likert5,3,3,True,validated,1
428f68aa-a7cc-4f6b-aabd-9c82880f374b,prca15,likert5,2,2,True,validated,0
428f68aa-a7cc-4f6b-aabd-9c82880f374b,prca16,likert5,4,2,True,validated,1
428f68aa-a7cc-4f6b-aabd-9c82880f374b,prca17,likert5,1,5,True,validated,1
428f68aa-a7cc-4f6b-aabd-9c82880f374b,prca18,likert5,2,2,True,validated,0
4f708b2c-fda9-4ed0-a4e6-da3c4df44070,prca01,likert5,4,4,True,validated,0
4f708b2c-fda9-4ed0-a4e6-da3c4df44070,prca02,likert5,3,3,True,validated,1
4f708b2c-fda9-4ed0-a4e6-da3c4df44070,prca03,likert5,4,4,True,validated,0
4f708b2c-fda9-4ed0-a4e6-da3c4df44070,prca04,likert5,1,5,True,validated,1
4f708b2c-fda9-4ed0-a4e6-da3c4df44070,prca05,likert5,1,1,True,validated,0
4f708b2c-fda9-4ed0-a4e6-da3c4df44070,prca06,likert5,1,5,True,validated,1
4f708b2c-fda9-4ed0-a4e6-da3c4df44070,prca13,likert5,1,1,True,validated,0
4f708b2c-fda9-4ed0-a4e6-da3c4df44070,prca14,likert5,1,5,True,validated,1
4f708b2c-fda9-4ed0-a4e6-da3c4df44070,prca15,likert5,1,1,True,validated,0
4f708b2c-fda9-4ed0-a4e6-da3c4df44070,prca16,likert5,1,5,True,validated,1
4f708b2c-fda9-4ed0-a4e6-da3c4df44070,prca17,likert5,4,2,True,validated,1
4f708b2c-fda9-4ed0-a4e6-da3c4df44070,prca18,likert5,1,1,True,validated,0
79bf8765-2238-4c13-90a8-bbb6dc37539d,prca01,likert5,1,1,True,validated,0
79bf8765-2238-4c13-90a8-bbb6dc37539d,prca02,likert5,3,3,True,validated,1
79bf8765-2238-4c13-90a8-bbb6dc37539d,prca03,likert5,2,2,True,validated,0
79bf8765-2238-4c13-90a8-bbb6dc37539d,prca04,likert5,3,3,True,validated,1
79bf8765-2238-4c13-90a8-bbb6dc37539d,prca05,likert5,1,1,True,validated,0
79bf8765-2238-4c13-90a8-bbb6dc37539d,prca06,likert5,1,5,True,validated,1
79bf8765-2238-4c13-90a8-bbb6dc37539d,prca13,likert5,4,4,True,validated,0
79bf8765-2238-4c13-90a8-bbb6dc37539d,prca14,likert5,2,4,True,validated,1
79bf8765-2238-4c13-90a8-bbb6dc37539d,prca15,likert5,4,4,True,validated,0
79bf8765-2238-4c13-90a8-bbb6dc37539d,prca16,likert5,1,5,True,validated,1
79bf8765-2238-4c13-90a8-bbb6dc37539d,prca17,likert5,3,3,True,validated,1
79bf8765-2238-4c13-90a8-bbb6dc37539d,prca18,likert5,3,3,True,validated,0
d4bbb029-375a-40d0-87fa-0ac1c14e3b61,prca01,likert5,3,3,True,validated,0
d4bbb029-375a-40d0-87fa-0ac1c14e3b61,prca02,likert5,1,5,True,validated,1
d4bbb029-375a-40d0-87fa-0ac1c14e3b61,prca03,likert5,1,1,True,validated,0
d4bbb029-375a-40d0-87fa-0ac1c14e3b61,prca04,likert5,2,4,True,validated,1
d4bbb029-375a-40d0-87fa-0ac1c14e3b61,prca05,likert5,4,4,True,validated,0
d4bbb029-375a-40d0-87fa-0ac1c14e3b61,prca06,likert5,1,5,True,validated,1
d4bbb029-375a-40d0-87fa-0ac1c14e3b61,prca13,likert5,2,2,True,validated,0
d4bbb029-375a-40d0-87fa-0ac1c14e3b61,prca14,likert5,1,5,True,validated,1
d4bbb029-375a-40d0-87fa-0ac1c14e3b61,prca15,likert5,4,4,True,validated,0
d4bbb029-375a-40d0-87fa-0ac1c14e3b61,prca16,likert5,1,5,True,validated,1
d4bbb029-375a-40d0-87fa-0ac1c14e3b61,prca17,likert5,2,4,True,validated,1
d4bbb029-375a-40d0-87fa-0ac1c14e3b61,prca18,likert5,3,3,True,validated,0
8596f6f0-cc70-4e55-a59f-b6bdbe201fe7,prca01,likert5,4,4,True,validated,0
8596f6f0-cc70-4e55-a59f-b6bdbe201fe7,prca02,likert5,1,5,True,validated,1
8596f6f0-cc70-4e55-a59f-b6bdbe201fe7,prca03,likert5,3,3,True,validated,0
8596f6f0-cc70-4e55-a59f-b6bdbe201fe7,prca04,likert5,3,3,True,validated,1
8596f6f0-cc70-4e55-a59f-b6bdbe201fe7,prca05,likert5,1,1,True,validated,0
8596f6f0-cc70-4e55-a59f-b6bdbe201fe7,prca06,likert5,1,5,True,validated,1
8596f6f0-cc70-4e55-a59f-b6bdbe201fe7,prca13,likert5,4,4,True,validated,0
8596f6f0-cc70-4e55-a59f-b6bdbe201fe7,prca14,likert5,4,2,True,validated,1
8596f6f0-cc70-4e55-a59f-b6bdbe201fe7,prca15,likert5,3,3,True,validated,0
8596f6f0-cc70-4e55-a59f-b6bdbe201fe7,prca16,likert5,4,2,True,validated,1
8596f6f0-cc70-4e55-a59f-b6bdbe201fe7,prca17,likert5,2,4,True,validated,1
8596f6f0-cc70-4e55-a59f-b6bdbe201fe7,prca18,likert5,2,2,True,validated,0
8452d8cd-9124-4ad3-b07e-f2be361446a1,prca01,likert5,3,3,True,validated,0
8452d8cd-9124-4ad3-b07e-f2be361446a1,prca02,likert5,1,5,True,validated,1
8452d8cd-9124-4ad3-b07e-f2be361446a1,prca03,likert5,1,1,True,validated,0
8452d8cd-9124-4ad3-b07e-f2be361446a1,prca04,likert5,4,2,True,validated,1
8452d8cd-9124-4ad3-b07e-f2be361446a1,prca05,likert5,4,4,True,validated,0
8452d8cd-9124-4ad3-b07e-f2be361446a1,prca06,likert5,2,4,True,validated,1
8452d8cd-9124-4ad3-b07e-f2be361446a1,prca13,likert5,1,1,True,validated,0
8452d8cd-9124-4ad3-b07e-f2be361446a1,prca14,likert5,2,4,True,validated,1
8452d8cd-9124-4ad3-b07e-f2be361446a1,prca15,likert5,1,1,True,validated,0
8452d8cd-9124-4ad3-b07e-f2be361446a1,prca16,likert5,2,4,True,validated,1
8452d8cd-9124-4ad3-b07e-f2be361446a1,prca17,likert5,3,3,True,validated,1
8452d8cd-9124-4ad3-b07e-f2be361446a1,prca18,likert5,3,3,True,validated,0
bfc43071-0e18-4250-9442-581378fba625,prca01,likert5,2,2,True,validated,0
bfc43071-0e18-4250-9442-581378fba625,prca02,likert5,2,4,True,validated,1
bfc43071-0e18-4250-9442-581378fba625,prca03,likert5,2,2,True,validated,0
bfc43071-0e18-4250-9442-581378fba625,prca04,likert5,1,5,True,validated,1
bfc43071-0e18-4250-9442-581378fba625,prca05,likert5,1,1,True,validated,0
bfc43071-0e18-4250-9442-581378fba625,prca06,likert5,4,2,True,validated,1
bfc43071-0e18-4250-9442-581378fba625,prca13,likert5,4,4,True,validated,0
bfc43071-0e18-4250-9442-581378fba625,prca14,likert5,1,5,True,validated,1
bfc43071-0e18-4250-9442-581378fba625,prca15,likert5,1,1,True,validated,0
bfc43071-0e18-4250-9442-581378fba625,prca16,likert5,1,5,True,validated,1
bfc43071-0e18-4250-9442-581378fba625,prca17,likert5,4,2,True,validated,1
bfc43071-0e18-4250-9442-581378fba625,prca18,likert5,1,1,True,validated,0
75440ee5-c86a-46b6-82ad-8292e3f35dc3,prca01,likert5,1,1,True,validated,0
75440ee5-c86a-46b6-82ad-8292e3f35dc3,prca02,likert5,4,2,True,validated,1
75440ee5-c86a-46b6-82ad-8292e3f35dc3,prca03,likert5,2,2,True,validated,0
75440ee5-c86a-46b6-82ad-8292e3f35dc3,prca04,likert5,2,4,True,validated,1
75440ee5-c86a-46b6-82ad-8292e3f35dc3,prca05,likert5,4,4,True,validated,0
75440ee5-c86a-46b6-82ad-8292e3f35dc3,prca06,likert5,1,5,True,validated,1
75440ee5-c86a-46b6-82ad-8292e3f35dc3,prca13,likert5,4,4,True,validated,0
75440ee5-c86a-46b6-82ad-8292e3f35dc3,prca14,likert5,1,5,True,validated,1
75440ee5-c86a-46b6-82ad-8292e3f35dc3,prca15,likert5,4,4,True,validated,0
75440ee5-c86a-46b6-82ad-8292e3f35dc3,prca16,likert5,4,2,True,validated,1
75440ee5-c86a-46b6-82ad-8292e3f35dc3,prca17,likert5,1,5,True,validated,1
75440ee5-c86a-46b6-82ad-8292e3f35dc3,prca18,likert5,1,1,True,validated,0
b62bf65e-11d9-4555-a99a-9b1cfbe7539b,prca01,likert5,4,4,True,validated,0
b62bf65e-11d9-4555-a99a-9b1cfbe7539b,prca02,likert5,3,3,True,validated,1
b62bf65e-11d9-4555-a99a-9b1cfbe7539b,prca03,likert5,2,2,True,validated,0
b62bf65e-11d9-4555-a99a-9b1cfbe7539b,prca04,likert5,1,5,True,validated,1
b62bf65e-11d9-4555-a99a-9b1cfbe7539b,prca05,likert5,1,1,True,validated,0
b62bf65e-11d9-4555-a99a-9b1cfbe7539b,prca06,likert5,4,2,True,validated,1
b62bf65e-11d9-4555-a99a-9b1cfbe7539b,prca13,likert5,2,2,True,validated,0
b62bf65e-11d9-4555-a99a-9b1cfbe7539b,prca14,likert5,1,5,True,validated,1
b62bf65e-11d9-4555-a99a-9b1cfbe7539b,prca15,likert5,1,1,True,validated,0
b62bf65e-11d9-4555-a99a-9b1cfbe7539b,prca16,likert5,4,2,True,validated,1
b62bf65e-11d9-4555-a99a-9b1cfbe7539b,prca17,likert5,4,2,True,validated,1
b62bf65e-11d9-4555-a99a-9b1cfbe7539b,prca18,likert5,1,1,True,validated,0
a0894740-57be-4e2a-b971-cb8abe9fc26e,prca01,likert5,4,4,True,validated,0
a0894740-57be-4e2a-b971-cb8abe9fc26e,prca02,likert5,2,4,True,validated,1
a0894740-57be-4e2a-b971-cb8abe9fc26e,prca03,likert5,2,2,True,validated,0
a0894740-57be-4e2a-b971-cb8abe9fc26e,prca04,likert5,1,5,True,validated,1
a0894740-57be-4e2a-b971-cb8abe9fc26e,prca05,likert5,2,2,True,validated,0
a0894740-57be-4e2a-b971-cb8abe9fc26e,prca06,likert5,2,4,True,validated,1
a0894740-57be-4e2a-b971-cb8abe9fc26e,prca13,likert5,1,1,True,validated,0
a0894740-57be-4e2a-b971-cb8abe9fc26e,prca14,likert5,1,5,True,validated,1
a0894740-57be-4e2a-b971-cb8abe9fc26e,prca15,likert5,1,1,True,validated,0
a0894740-57be-4e2a-b971-cb8abe9fc26e,prca16,likert5,2,4,True,validated,1
a0894740-57be-4e2a-b971-cb8abe9fc26e,prca17,likert5,1,5,True,validated,1
a0894740-57be-4e2a-b971-cb8abe9fc26e,prca18,likert5,1,1,True,validated,0
824c4c7a-3fa2-4265-9ae4-b8ad128334fb,prca01,likert5,1,1,True,validated,0
824c4c7a-3fa2-4265-9ae4-b8ad128334fb,prca02,likert5,1,5,True,validated,1
824c4c7a-3fa2-4265-9ae4-b8ad128334fb,prca03,likert5,1,1,True,validated,0
824c4c7a-3fa2-4265-9ae4-b8ad128334fb,prca04,likert5,1,5,True,validated,1
824c4c7a-3fa2-4265-9ae4-b8ad128334fb,prca05,likert5,1,1,True,validated,0
824c4c7a-3fa2-4265-9ae4-b8ad128334fb,prca06,likert5,1,5,True,validated,1
824c4c7a-3fa2-4265-9ae4-b8ad128334fb,prca13,likert5,1,1,True,validated,0
824c4c7a-3fa2-4265-9ae4-b8ad128334fb,prca14,likert5,1,5,True,validated,1
824c4c7a-3fa2-4265-9ae4-b8ad128334fb,prca15,likert5,4,4,True,validated,0
824c4c7a-3fa2-4265-9ae4-b8ad128334fb,prca16,likert5,4,2,True,validated,1
824c4c7a-3fa2-4265-9ae4-b8ad128334fb,prca17,likert5,1,5,True,validated,1
824c4c7a-3fa2-4265-9ae4-b8ad128334fb,prca18,likert5,1,1,True,validated,0
28b42414-2b5b-4ee2-9fc0-0764dfd942e5,prca01,likert5,4,4,True,validated,0
28b42414-2b5b-4ee2-9fc0-0764dfd942e5,prca02,likert5,2,4,True,validated,1
28b42414-2b5b-4ee2-9fc0-0764dfd942e5,prca03,likert5,1,1,True,validated,0
28b42414-2b5b-4ee2-9fc0-0764dfd942e5,prca04,likert5,2,4,True,validated,1
28b42414-2b5b-4ee2-9fc0-0764dfd942e5,prca05,likert5,1,1,True,validated,0
28b42414-2b5b-4ee2-9fc0-0764dfd942e5,prca06,likert5,4,2,True,validated,1
28b42414-2b5b-4ee2-9fc0-0764dfd942e5,prca13,likert5,2,2,True,validated,0
28b42414-2b5b-4ee2-9fc0-0764dfd942e5,prca14,likert5,4,2,True,validated,1
28b42414-2b5b-4ee2-9fc0-0764dfd942e5,prca15,likert5,1,1,True,validated,0
28b42414-2b5b-4ee2-9fc0-0764dfd942e5,prca16,likert5,2,4,True,validated,1
28b42414-2b5b-4ee2-9fc0-0764dfd942e5,prca17,likert5,3,3,True,validated,1
28b42414-2b5b-4ee2-9fc0-0764dfd942e5,prca18,likert5,2,2,True,validated,0
2119f342-85c8-4b96-8403-567247058a88,prca01,likert5,1,1,True,validated,0
2119f342-85c8-4b96-8403-567247058a88,prca02,likert5,1,5,True,validated,1
2119f342-85c8-4b96-8403-567247058a88,prca03,likert5,2,2,True,validated,0
2119f342-85c8-4b96-8403-567247058a88,prca04,likert5,2,4,True,validated,1
2119f342-85c8-4b96-8403-567247058a88,prca05,likert5,1,1,True,validated,0
2119f342-85c8-4b96-8403-567247058a88,prca06,likert5,1,5,True,validated,1
2119f342-85c8-4b96-8403-567247058a88,prca13,likert5,2,2,True,validated,0
2119f342-85c8-4b96-8403-567247058a88,prca14,likert5,1,5,True,validated,1
2119f342-85c8-4b96-8403-567247058a88,prca15,likert5,1,1,True,validated,0
2119f342-85c8-4b96-8403-567247058a88,prca16,likert5,2,4,True,validated,1
2119f342-85c8-4b96-8403-567247058a88,prca17,likert5,2,4,True,validated,1
2119f342-85c8-4b96-8403-567247058a88,prca18,likert5,1,1,True,validated,0
2717bb70-d28b-42ad-a88c-e31f005bb54b,prca01,likert5,3,3,True,validated,0
2717bb70-d28b-42ad-a88c-e31f005bb54b,prca02,likert5,3,3,True,validated,1
2717bb70-d28b-42ad-a88c-e31f005bb54b,prca03,likert5,1,1,True,validated,0
2717bb70-d28b-42ad-a88c-e31f005bb54b,prca04,likert5,4,2,True,validated,1
2717bb70-d28b-42ad-a88c-e31f005bb54b,prca05,likert5,2,2,True,validated,0
2717bb70-d28b-42ad-a88c-e31f005bb54b,prca06,likert5,4,2,True,validated,1
2717bb70-d28b-42ad-a88c-e31f005bb54b,prca13,likert5,4,4,True,validated,0
2717bb70-d28b-42ad-a88c-e31f005bb54b,prca14,likert5,1,5,True,validated,1
2717bb70-d28b-42ad-a88c-e31f005bb54b,prca15,likert5,1,1,True,validated,0
2717bb70-d28b-42ad-a88c-e31f005bb54b,prca16,likert5,1,5,True,validated,1
2717bb70-d28b-42ad-a88c-e31f005bb54b,prca17,likert5,1,5,True,validated,1
2717bb70-d28b-42ad-a88c-e31f005bb54b,prca18,likert5,2,2,True,validated,0
5daa5ba8-1d14-401e-87b4-d9fe267f8d15,prca01,likert5,1,1,True,validated,0
5daa5ba8-1d14-401e-87b4-d9fe267f8d15,prca02,likert5,2,4,True,validated,1
5daa5ba8-1d14-401e-87b4-d9fe267f8d15,prca03,likert5,1,1,True,validated,0
5daa5ba8-1d14-401e-87b4-d9fe267f8d15,prca04,likert5,4,2,True,validated,1
5daa5ba8-1d14-401e-87b4-d9fe267f8d15,prca05,likert5,2,2,True,validated,0
5daa5ba8-1d14-401e-87b4-d9fe267f8d15,prca06,likert5,4,2,True,validated,1
5daa5ba8-1d14-401e-87b4-d9fe267f8d15,prca13,likert5,2,2,True,validated,0
5daa5ba8-1d14-401e-87b4-d9fe267f8d15,prca14,likert5,2,4,True,validated,1
5daa5ba8-1d14-401e-87b4-d9fe267f8d15,prca15,likert5,1,1,True,validated,0
5daa5ba8-1d14-401e-87b4-d9fe267f8d15,prca16,likert5,3,3,True,validated,1
5daa5ba8-1d14-401e-87b4-d9fe267f8d15,prca17,likert5,2,4,True,validated,1
5daa5ba8-1d14-401e-87b4-d9fe267f8d15,prca18,likert5,2,2,True,validated,0
dc80af99-2e4d-4d7e-9c42-5f4ff86f294f,prca01,likert5,1,1,True,validated,0
dc80af99-2e4d-4d7e-9c42-5f4ff86f294f,prca02,likert5,2,4,True,validated,1
dc80af99-2e4d-4d7e-9c42-5f4ff86f294f,prca03,likert5,2,2,True,validated,0
dc80af99-2e4d-4d7e-9c42-5f4ff86f294f,prca04,likert5,4,2,True,validated,1
dc80af99-2e4d-4d7e-9c42-5f4ff86f294f,prca05,likert5,1,1,True,validated,0
dc80af99-2e4d-4d7e-9c42-5f4ff86f294f,prca06,likert5,2,4,True,validated,1
dc80af99-2e4d-4d7e-9c42-5f4ff86f294f,prca13,likert5,1,1,True,validated,0
dc80af99-2e4d-4d7e-9c42-5f4ff86f294f,prca14,likert5,4,2,True,validated,1
dc80af99-2e4d-4d7e-9c42-5f4ff86f294f,prca15,likert5,1,1,True,validated,0
dc80af99-2e4d-4d7e-9c42-5f4ff86f294f,prca16,likert5,1,5,True,validated,1
dc80af99-2e4d-4d7e-9c42-5f4ff86f294f,prca17,likert5,1,5,True,validated,1
dc80af99-2e4d-4d7e-9c42-5f4ff86f294f,prca18,likert5,1,1,True,validated,0
fcfc3975-5a9b-4267-8b31-36eba8b54b03,prca01,likert5,1,1,True,validated,0
fcfc3975-5a9b-4267-8b31-36eba8b54b03,prca02,likert5,2,4,True,validated,1
fcfc3975-5a9b-4267-8b31-36eba8b54b03,prca03,likert5,2,2,True,validated,0
fcfc3975-5a9b-4267-8b31-36eba8b54b03,prca04,likert5,1,5,True,validated,1
fcfc3975-5a9b-4267-8b31-36eba8b54b03,prca05,likert5,2,2,True,validated,0
fcfc3975-5a9b-4267-8b31-36eba8b54b03,prca06,likert5,1,5,True,validated,1
fcfc3975-5a9b-4267-8b31-36eba8b54b03,prca13,likert5,1,1,True,validated,0
fcfc3975-5a9b-4267-8b31-36eba8b54b03,prca14,likert5,1,5,True,validated,1
fcfc3975-5a9b-4267-8b31-36eba8b54b03,prca15,likert5,1,1,True,validated,0
fcfc3975-5a9b-4267-8b31-36eba8b54b03,prca16,likert5,2,4,True,validated,1
fcfc3975-5a9b-4267-8b31-36eba8b54b03,prca17,likert5,1,5,True,validated,1
fcfc3975-5a9b-4267-8b31-36eba8b54b03,prca18,likert5,1,1,True,validated,0
e508f702-d3f6-46dd-8a1b-02b775f85f0f,prca01,likert5,4,4,True,validated,0
e508f702-d3f6-46dd-8a1b-02b775f85f0f,prca02,likert5,1,5,True,validated,1
e508f702-d3f6-46dd-8a1b-02b775f85f0f,prca03,likert5,2,2,True,validated,0
e508f702-d3f6-46dd-8a1b-02b775f85f0f,prca04,likert5,4,2,True,validated,1
e508f702-d3f6-46dd-8a1b-02b775f85f0f,prca05,likert5,1,1,True,validated,0
e508f702-d3f6-46dd-8a1b-02b775f85f0f,prca06,likert5,1,5,True,validated,1
e508f702-d3f6-46dd-8a1b-02b775f85f0f,prca13,likert5,1,1,True,validated,0
e508f702-d3f6-46dd-8a1b-02b775f85f0f,prca14,likert5,1,5,True,validated,1
e508f702-d3f6-46dd-8a1b-02b775f85f0f,prca15,likert5,4,4,True,validated,0
e508f702-d3f6-46dd-8a1b-02b775f85f0f,prca16,likert5,1,5,True,validated,1
e508f702-d3f6-46dd-8a1b-02b775f85f0f,prca17,likert5,2,4,True,validated,1
e508f702-d3f6-46dd-8a1b-02b775f85f0f,prca18,likert5,1,1,True,validated,0
79c8ce14-bbe6-426b-8734-bd3127222a55,prca01,likert5,1,1,True,validated,0
79c8ce14-bbe6-426b-8734-bd3127222a55,prca02,likert5,4,2,True,validated,1
79c8ce14-bbe6-426b-8734-bd3127222a55,prca03,likert5,2,2,True,validated,0
79c8ce14-bbe6-426b-8734-bd3127222a55,prca04,likert5,1,5,True,validated,1
79c8ce14-bbe6-426b-8734-bd3127222a55,prca05,likert5,1,1,True,validated,0
79c8ce14-bbe6-426b-8734-bd3127222a55,prca06,likert5,1,5,True,validated,1
79c8ce14-bbe6-426b-8734-bd3127222a55,prca13,likert5,1,1,True,validated,0
79c8ce14-bbe6-426b-8734-bd3127222a55,prca14,likert5,1,5,True,validated,1
79c8ce14-bbe6-426b-8734-bd3127222a55,prca15,likert5,1,1,True,validated,0
79c8ce14-bbe6-426b-8734-bd3127222a55,prca16,likert5,1,5,True,validated,1
79c8ce14-bbe6-426b-8734-bd3127222a55,prca17,likert5,2,4,True,validated,1
79c8ce14-bbe6-426b-8734-bd3127222a55,prca18,likert5,1,1,True,validated,0
5713adf5-3650-4b8b-b68d-82a2575e3d79,prca01,likert5,3,3,True,validated,0
5713adf5-3650-4b8b-b68d-82a2575e3d79,prca02,likert5,1,5,True,validated,1
5713adf5-3650-4b8b-b68d-82a2575e3d79,prca03,likert5,2,2,True,validated,0
5713adf5-3650-4b8b-b68d-82a2575e3d79,prca04,likert5,4,2,True,validated,1
5713adf5-3650-4b8b-b68d-82a2575e3d79,prca05,likert5,1,1,True,validated,0
5713adf5-3650-4b8b-b68d-82a2575e3d79,prca06,likert5,3,3,True,validated,1
5713adf5-3650-4b8b-b68d-82a2575e3d79,prca13,likert5,2,2,True,validated,0
5713adf5-3650-4b8b-b68d-82a2575e3d79,prca14,likert5,1,5,True,validated,1
5713adf5-3650-4b8b-b68d-82a2575e3d79,prca15,likert5,1,1,True,validated,0
5713adf5-3650-4b8b-b68d-82a2575e3d79,prca16,likert5,1,5,True,validated,1
5713adf5-3650-4b8b-b68d-82a2575e3d79,prca17,likert5,4,2,True,validated,1
5713adf5-3650-4b8b-b68d-82a2575e3d79,prca18,likert5,1,1,True,validated,0
545f9996-ff15-4544-8030-44f5140bcb55,prca01,likert5,4,4,True,validated,0
545f9996-ff15-4544-8030-44f5140bcb55,prca02,likert5,4,2,True,validated,1
545f9996-ff15-4544-8030-44f5140bcb55,prca03,likert5,1,1,True,validated,0
545f9996-ff15-4544-8030-44f5140bcb55,prca04,likert5,2,4,True,validated,1
545f9996-ff15-4544-8030-44f5140bcb55,prca05,likert5,2,2,True,validated,0
545f9996-ff15-4544-8030-44f5140bcb55,prca06,likert5,3,3,True,validated,1
545f9996-ff15-4544-8030-44f5140bcb55,prca13,likert5,1,1,True,validated,0
545f9996-ff15-4544-8030-44f5140bcb55,prca14,likert5,1,5,True,validated,1
545f9996-ff15-4544-8030-44f5140bcb55,prca15,likert5,4,4,True,validated,0
545f9996-ff15-4544-8030-44f5140bcb55,prca16,likert5,4,2,True,validated,1
545f9996-ff15-4544-8030-44f5140bcb55,prca17,likert5,1,5,True,validated,1
545f9996-ff15-4544-8030-44f5140bcb55,prca18,likert5,2,2,True,validated,0
b364d852-061e-4697-a2a7-9693bad69e5c,prca01,likert5,1,1,True,validated,0
b364d852-061e-4697-a2a7-9693bad69e5c,prca02,likert5,2,4,True,validated,1
b364d852-061e-4697-a2a7-9693bad69e5c,prca03,likert5,1,1,True,validated,0
b364d852-061e-4697-a2a7-9693bad69e5c,prca04,likert5,4,2,True,validated,1
b364d852-061e-4697-a2a7-9693bad69e5c,prca05,likert5,1,1,True,validated,0
b364d852-061e-4697-a2a7-9693bad69e5c,prca06,likert5,2,4,True,validated,1
b364d852-061e-4697-a2a7-9693bad69e5c,prca13,likert5,2,2,True,validated,0
b364d852-061e-4697-a2a7-9693bad69e5c,prca14,likert5,1,5,True,validated,1
b364d852-061e-4697-a2a7-9693bad69e5c,prca15,likert5,4,4,True,validated,0
b364d852-061e-4697-a2a7-9693bad69e5c,prca16,likert5,1,5,True,validated,1
b364d852-061e-4697-a2a7-9693bad69e5c,prca17,likert5,2,4,True,validated,1
b364d852-061e-4697-a2a7-9693bad69e5c,prca18,likert5,4,4,True,validated,0
3652610f-0d64-4431-87bb-5679c483ab4a,prca01,likert5,4,4,True,validated,0
3652610f-0d64-4431-87bb-5679c483ab4a,prca02,likert5,2,4,True,validated,1
3652610f-0d64-4431-87bb-5679c483ab4a,prca03,likert5,2,2,True,validated,0
3652610f-0d64-4431-87bb-5679c483ab4a,prca04,likert5,1,5,True,validated,1
3652610f-0d64-4431-87bb-5679c483ab4a,prca05,likert5,1,1,True,validated,0
3652610f-0d64-4431-87bb-5679c483ab4a,prca06,likert5,2,4,True,validated,1
3652610f-0d64-4431-87bb-5679c483ab4a,prca13,likert5,4,4,True,validated,0
3652610f-0d64-4431-87bb-5679c483ab4a,prca14,likert5,2,4,True,validated,1
3652610f-0d64-4431-87bb-5679c483ab4a,prca15,likert5,1,1,True,validated,0
3652610f-0d64-4431-87bb-5679c483ab4a,prca16,likert5,3,3,True,validated,1
3652610f-0d64-4431-87bb-5679c483ab4a,prca17,likert5,4,2,True,validated,1
3652610f-0d64-4431-87bb-5679c483ab4a,prca18,likert5,3,3,True,validated,0
6e49b5b1-23d4-4473-9cd8-c28250bb2d30,prca01,likert5,2,2,True,validated,0
6e49b5b1-23d4-4473-9cd8-c28250bb2d30,prca02,likert5,2,4,True,validated,1
6e49b5b1-23d4-4473-9cd8-c28250bb2d30,prca03,likert5,4,4,True,validated,0
6e49b5b1-23d4-4473-9cd8-c28250bb2d30,prca04,likert5,4,2,True,validated,1
6e49b5b1-23d4-4473-9cd8-c28250bb2d30,prca05,likert5,1,1,True,validated,0
6e49b5b1-23d4-4473-9cd8-c28250bb2d30,prca06,likert5,2,4,True,validated,1
6e49b5b1-23d4-4473-9cd8-c28250bb2d30,prca13,likert5,2,2,True,validated,0
6e49b5b1-23d4-4473-9cd8-c28250bb2d30,prca14,likert5,1,5,True,validated,1
6e49b5b1-23d4-4473-9cd8-c28250bb2d30,prca15,likert5,1,1,True,validated,0
6e49b5b1-23d4-4473-9cd8-c28250bb2d30,prca16,likert5,2,4,True,validated,1
6e49b5b1-23d4-4473-9cd8-c28250bb2d30,prca17,likert5,4,2,True,validated,1
6e49b5b1-23d4-4473-9cd8-c28250bb2d30,prca18,likert5,4,4,True,validated,0
f0dfe39b-cd6f-4c2e-89f6-a7550f764e6b,prca01,likert5,2,2,True,validated,0
f0dfe39b-cd6f-4c2e-89f6-a7550f764e6b,prca02,likert5,2,4,True,validated,1
f0dfe39b-cd6f-4c2e-89f6-a7550f764e6b,prca03,likert5,2,2,True,validated,0
f0dfe39b-cd6f-4c2e-89f6-a7550f764e6b,prca04,likert5,3,3,True,validated,1
f0dfe39b-cd6f-4c2e-89f6-a7550f764e6b,prca05,likert5,1,1,True,validated,0
f0dfe39b-cd6f-4c2e-89f6-a7550f764e6b,prca06,likert5,4,2,True,validated,1
f0dfe39b-cd6f-4c2e-89f6-a7550f764e6b,prca13,likert5,4,4,True,validated,0
f0dfe39b-cd6f-4c2e-89f6-a7550f764e6b,prca14,likert5,3,3,True,validated,1
f0dfe39b-cd6f-4c2e-89f6-a7550f764e6b,prca15,likert5,2,2,True,validated,0
f0dfe39b-cd6f-4c2e-89f6-a7550f764e6b,prca16,likert5,1,5,True,validated,1
f0dfe39b-cd6f-4c2e-89f6-a7550f764e6b,prca17,likert5,2,4,True,validated,1
f0dfe39b-cd6f-4c2e-89f6-a7550f764e6b,prca18,likert5,1,1,True,validated,0
53c8386a-9d81-4c9f-be1d-7c33fa0dfafa,prca01,likert5,1,1,True,validated,0
53c8386a-9d81-4c9f-be1d-7c33fa0dfafa,prca02,likert5,1,5,True,validated,1
53c8386a-9d81-4c9f-be1d-7c33fa0dfafa,prca03,likert5,1,1,True,validated,0
53c8386a-9d81-4c9f-be1d-7c33fa0dfafa,prca04,likert5,1,5,True,validated,1
53c8386a-9d81-4c9f-be1d-7c33fa0dfafa,prca05,likert5,1,1,True,validated,0
53c8386a-9d81-4c9f-be1d-7c33fa0dfafa,prca06,likert5,2,4,True,validated,1
53c8386a-9d81-4c9f-be1d-7c33fa0dfafa,prca13,likert5,4,4,True,validated,0
53c8386a-9d81-4c9f-be1d-7c33fa0dfafa,prca14,likert5,1,5,True,validated,1
53c8386a-9d81-4c9f-be1d-7c33fa0dfafa,prca15,likert5,1,1,True,validated,0
53c8386a-9d81-4c9f-be1d-7c33fa0dfafa,prca16,likert5,1,5,True,validated,1
53c8386a-9d81-4c9f-be1d-7c33fa0dfafa,prca17,likert5,2,4,True,validated,1
53c8386a-9d81-4c9f-be1d-7c33fa0dfafa,prca18,likert5,1,1,True,validated,0
ec01167f-a73f-48eb-b0f0-f8dc213a8ffb,prca01,likert5,1,1,True,validated,0
ec01167f-a73f-48eb-b0f0-f8dc213a8ffb,prca02,likert5,2,4,True,validated,1
ec01167f-a73f-48eb-b0f0-f8dc213a8ffb,prca03,likert5,1,1,True,validated,0
ec01167f-a73f-48eb-b0f0-f8dc213a8ffb,prca04,likert5,3,3,True,validated,1
ec01167f-a73f-48eb-b0f0-f8dc213a8ffb,prca05,likert5,2,2,True,validated,0
ec01167f-a73f-48eb-b0f0-f8dc213a8ffb,prca06,likert5,4,2,True,validated,1
ec01167f-a73f-48eb-b0f0-f8dc213a8ffb,prca13,likert5,4,4,True,validated,0
ec01167f-a73f-48eb-b0f0-f8dc213a8ffb,prca14,likert5,2,4,True,validated,1
ec01167f-a73f-48eb-b0f0-f8dc213a8ffb,prca15,likert5,1,1,True,validated,0
ec01167f-a73f-48eb-b0f0-f8dc213a8ffb,prca16,likert5,1,5,True,validated,1
ec01167f-a73f-48eb-b0f0-f8dc213a8ffb,prca17,likert5,1,5,True,validated,1
ec01167f-a73f-48eb-b0f0-f8dc213a8ffb,prca18,likert5,2,2,True,validated,0
cd8419f8-517c-447f-94fb-34c8baf787e2,prca01,likert5,4,4,True,validated,0
cd8419f8-517c-447f-94fb-34c8baf787e2,prca02,likert5,1,5,True,validated,1
cd8419f8-517c-447f-94fb-34c8baf787e2,prca03,likert5,1,1,True,validated,0
cd8419f8-517c-447f-94fb-34c8baf787e2,prca04,likert5,2,4,True,validated,1
cd8419f8-517c-447f-94fb-34c8baf787e2,prca05,likert5,1,1,True,validated,0
cd8419f8-517c-447f-94fb-34c8baf787e2,prca06,likert5,1,5,True,validated,1
cd8419f8-517c-447f-94fb-34c8baf787e2,prca13,likert5,1,1,True,validated,0
cd8419f8-517c-447f-94fb-34c8baf787e2,prca14,likert5,4,2,True,validated,1
cd8419f8-517c-447f-94fb-34c8baf787e2,prca15,likert5,1,1,True,validated,0
cd8419f8-517c-447f-94fb-34c8baf787e2,prca16,likert5,4,2,True,validated,1
cd8419f8-517c-447f-94fb-34c8baf787e2,prca17,likert5,4,2,True,validated,1
cd8419f8-517c-447f-94fb-34c8baf787e2,prca18,likert5,4,4,True,validated,0
557d2d2b-a52a-4959-a2e1-1ac6cd6feb77,prca01,likert5,1,1,True,validated,0
557d2d2b-a52a-4959-a2e1-1ac6cd6feb77,prca02,likert5,4,2,True,validated,1
557d2d2b-a52a-4959-a2e1-1ac6cd6feb77,prca03,likert5,2,2,True,validated,0
557d2d2b-a52a-4959-a2e1-1ac6cd6feb77,prca04,likert5,1,5,True,validated,1
557d2d2b-a52a-4959-a2e1-1ac6cd6feb77,prca05,likert5,1,1,True,validated,0
557d2d2b-a52a-4959-a2e1-1ac6cd6feb77,prca06,likert5,1,5,True,validated,1
557d2d2b-a52a-4959-a2e1-1ac6cd6feb77,prca13,likert5,1,1,True,validated,0
557d2d2b-a52a-4959-a2e1-1ac6cd6feb77,prca14,likert5,1,5,True,validated,1
557d2d2b-a52a-4959-a2e1-1ac6cd6feb77,prca15,likert5,4,4,True,validated,0
557d2d2b-a52a-4959-a2e1-1ac6cd6feb77,prca16,likert5,4,2,True,validated,1
557d2d2b-a52a-4959-a2e1-1ac6cd6feb77,prca17,likert5,1,5,True,validated,1
557d2d2b-a52a-4959-a2e1-1ac6cd6feb77,prca18,likert5,4,4,True,validated,0
7ea1d550-82ff-41c9-a50d-c514c2c33f15,prca01,likert5,4,4,True,validated,0
7ea1d550-82ff-41c9-a50d-c514c2c33f15,prca02,likert5,1,5,True,validated,1
7ea1d550-82ff-41c9-a50d-c514c2c33f15,prca03,likert5,1,1,True,validated,0
7ea1d550-82ff-41c9-a50d-c514c2c33f15,prca04,likert5,4,2,True,validated,1
7ea1d550-82ff-41c9-a50d-c514c2c33f15,prca05,likert5,4,4,True,validated,0
7ea1d550-82ff-41c9-a50d-c514c2c33f15,prca06,likert5,3,3,True,validated,1
7ea1d550-82ff-41c9-a50d-c514c2c33f15,prca13,likert5,1,1,True,validated,0
7ea1d550-82ff-41c9-a50d-c514c2c33f15,prca14,likert5,3,3,True,validated,1
7ea1d550-82ff-41c9-a50d-c514c2c33f15,prca15,likert5,2,2,True,validated,0
7ea1d550-82ff-41c9-a50d-c514c2c33f15,prca16,likert5,1,5,True,validated,1
7ea1d550-82ff-41c9-a50d-c514c2c33f15,prca17,likert5,1,5,True,validated,1
7ea1d550-82ff-41c9-a50d-c514c2c33f15,prca18,likert5,1,1,True,validated,0
b0b43358-97e0-4913-bde0-c841807143fb,prca01,likert5,1,1,True,validated,0
b0b43358-97e0-4913-bde0-c841807143fb,prca02,likert5,3,3,True,validated,1
b0b43358-97e0-4913-bde0-c841807143fb,prca03,likert5,3,3,True,validated,0
b0b43358-97e0-4913-bde0-c841807143fb,prca04,likert5,2,4,True,validated,1
b0b43358-97e0-4913-bde0-c841807143fb,prca05,likert5,1,1,True,validated,0
b0b43358-97e0-4913-bde0-c841807143fb,prca06,likert5,1,5,True,validated,1
b0b43358-97e0-4913-bde0-c841807143fb,prca13,likert5,4,4,True,validated,0
b0b43358-97e0-4913-bde0-c841807143fb,prca14,likert5,3,3,True,validated,1
b0b43358-97e0-4913-bde0-c841807143fb,prca15,likert5,1,1,True,validated,0
b0b43358-97e0-4913-bde0-c841807143fb,prca16,likert5,1,5,True,validated,1
b0b43358-97e0-4913-bde0-c841807143fb,prca17,likert5,1,5,True,validated,1
b0b43358-97e0-4913-bde0-c841807143fb,prca18,likert5,4,4,True,validated,0
2ba68750-9d21-43cc-b01f-fd95250e78bd,prca01,likert5,1,1,True,validated,0
2ba68750-9d21-43cc-b01f-fd95250e78bd,prca02,likert5,4,2,True,validated,1
2ba68750-9d21-43cc-b01f-fd95250e78bd,prca03,likert5,4,4,True,validated,0
2ba68750-9d21-43cc-b01f-fd95250e78bd,prca04,likert5,1,5,True,validated,1
2ba68750-9d21-43cc-b01f-fd95250e78bd,prca05,likert5,4,4,True,validated,0
2ba68750-9d21-43cc-b01f-fd95250e78bd,prca06,likert5,2,4,True,validated,1
2ba68750-9d21-43cc-b01f-fd95250e78bd,prca13,likert5,1,1,True,validated,0
2ba68750-9d21-43cc-b01f-fd95250e78bd,prca14,likert5,1,5,True,validated,1
2ba68750-9d21-43cc-b01f-fd95250e78bd,prca15,likert5,1,1,True,validated,0
2ba68750-9d21-43cc-b01f-fd95250e78bd,prca16,likert5,4,2,True,validated,1
2ba68750-9d21-43cc-b01f-fd95250e78bd,prca17,likert5,1,5,True,validated,1
2ba68750-9d21-43cc-b01f-fd95250e78bd,prca18,likert5,4,4,True,validated,0
8953fabb-2661-4fe8-940e-461754b1debd,prca01,likert5,1,1,True,validated,0
8953fabb-2661-4fe8-940e-461754b1debd,prca02,likert5,1,5,True,validated,1
8953fabb-2661-4fe8-940e-461754b1debd,prca03,likert5,4,4,True,validated,0
8953fabb-2661-4fe8-940e-461754b1debd,prca04,likert5,4,2,True,validated,1
8953fabb-2661-4fe8-940e-461754b1debd,prca05,likert5,4,4,True,validated,0
8953fabb-2661-4fe8-940e-461754b1debd,prca06,likert5,4,2,True,validated,1
8953fabb-2661-4fe8-940e-461754b1debd,prca13,likert5,1,1,True,validated,0
8953fabb-2661-4fe8-940e-461754b1debd,prca14,likert5,3,3,True,validated,1
8953fabb-2661-4fe8-940e-461754b1debd,prca15,likert5,1,1,True,validated,0
8953fabb-2661-4fe8-940e-461754b1debd,prca16,likert5,2,4,True,validated,1
8953fabb-2661-4fe8-940e-461754b1debd,prca17,likert5,4,2,True,validated,1
8953fabb-2661-4fe8-940e-461754b1debd,prca18,likert5,1,1,True,validated,0
57a2e827-75a9-4500-b30e-c49026cb6379,prca01,likert5,4,4,True,validated,0
57a2e827-75a9-4500-b30e-c49026cb6379,prca02,likert5,1,5,True,validated,1
57a2e827-75a9-4500-b30e-c49026cb6379,prca03,likert5,2,2,True,validated,0
57a2e827-75a9-4500-b30e-c49026cb6379,prca04,likert5,4,2,True,validated,1
57a2e827-75a9-4500-b30e-c49026cb6379,prca05,likert5,4,4,True,validated,0
57a2e827-75a9-4500-b30e-c49026cb6379,prca06,likert5,1,5,True,validated,1
57a2e827-75a9-4500-b30e-c49026cb6379,prca13,likert5,1,1,True,validated,0
57a2e827-75a9-4500-b30e-c49026cb6379,prca14,likert5,4,2,True,validated,1
57a2e827-75a9-4500-b30e-c49026cb6379,prca15,likert5,1,1,True,validated,0
57a2e827-75a9-4500-b30e-c49026cb6379,prca16,likert5,2,4,True,validated,1
57a2e827-75a9-4500-b30e-c49026cb6379,prca17,likert5,1,5,True,validated,1
57a2e827-75a9-4500-b30e-c49026cb6379,prca18,likert5,4,4,True,validated,0
4d9eb04f-cbaf-4323-848d-d0a55e12e3f2,prca01,likert5,1,1,True,validated,0
4d9eb04f-cbaf-4323-848d-d0a55e12e3f2,prca02,likert5,1,5,True,validated,1
4d9eb04f-cbaf-4323-848d-d0a55e12e3f2,prca03,likert5,2,2,True,validated,0
4d9eb04f-cbaf-4323-848d-d0a55e12e3f2,prca04,likert5,2,4,True,validated,1
4d9eb04f-cbaf-4323-848d-d0a55e12e3f2,prca05,likert5,4,4,True,validated,0
4d9eb04f-cbaf-4323-848d-d0a55e12e3f2,prca06,likert5,3,3,True,validated,1
4d9eb04f-cbaf-4323-848d-d0a55e12e3f2,prca13,likert5,2,2,True,validated,0
4d9eb04f-cbaf-4323-848d-d0a55e12e3f2,prca14,likert5,4,2,True,validated,1
4d9eb04f-cbaf-4323-848d-d0a55e12e3f2,prca15,likert5,1,1,True,validated,0
4d9eb04f-cbaf-4323-848d-d0a55e12e3f2,prca16,likert5,4,2,True,validated,1
4d9eb04f-cbaf-4323-848d-d0a55e12e3f2,prca17,likert5,1,5,True,validated,1
4d9eb04f-cbaf-4323-848d-d0a55e12e3f2,prca18,likert5,4,4,True,validated,0
01733ffb-d6ea-42dd-93cb-dac45aac5bd6,prca01,likert5,1,1,True,validated,0
01733ffb-d6ea-42dd-93cb-dac45aac5bd6,prca02,likert5,4,2,True,validated,1
01733ffb-d6ea-42dd-93cb-dac45aac5bd6,prca03,likert5,2,2,True,validated,0
01733ffb-d6ea-42dd-93cb-dac45aac5bd6,prca04,likert5,1,5,True,validated,1
01733ffb-d6ea-42dd-93cb-dac45aac5bd6,prca05,likert5,4,4,True,validated,0
01733ffb-d6ea-42dd-93cb-dac45aac5bd6,prca06,likert5,4,2,True,validated,1
01733ffb-d6ea-42dd-93cb-dac45aac5bd6,prca13,likert5,1,1,True,validated,0
01733ffb-d6ea-42dd-93cb-dac45aac5bd6,prca14,likert5,2,4,True,validated,1
01733ffb-d6ea-42dd-93cb-dac45aac5bd6,prca15,likert5,1,1,True,validated,0
01733ffb-d6ea-42dd-93cb-dac45aac5bd6,prca16,likert5,2,4,True,validated,1
01733ffb-d6ea-42dd-93cb-dac45aac5bd6,prca17,likert5,4,2,True,validated,1
01733ffb-d6ea-42dd-93cb-dac45aac5bd6,prca18,likert5,4,4,True,validated,0
dc7003a0-dd70-4584-bd2e-4ac35dda0b48,prca01,likert5,3,3,True,validated,0
dc7003a0-dd70-4584-bd2e-4ac35dda0b48,prca02,likert5,1,5,True,validated,1
dc7003a0-dd70-4584-bd2e-4ac35dda0b48,prca03,likert5,1,1,True,validated,0
dc7003a0-dd70-4584-bd2e-4ac35dda0b48,prca04,likert5,4,2,True,validated,1
dc7003a0-dd70-4584-bd2e-4ac35dda0b48,prca05,likert5,2,2,True,validated,0
dc7003a0-dd70-4584-bd2e-4ac35dda0b48,prca06,likert5,4,2,True,validated,1
dc7003a0-dd70-4584-bd2e-4ac35dda0b48,prca13,likert5,1,1,True,validated,0
dc7003a0-dd70-4584-bd2e-4ac35dda0b48,prca14,likert5,2,4,True,validated,1
dc7003a0-dd70-4584-bd2e-4ac35dda0b48,prca15,likert5,2,2,True,validated,0
dc7003a0-dd70-4584-bd2e-4ac35dda0b48,prca16,likert5,1,5,True,validated,1
dc7003a0-dd70-4584-bd2e-4ac35dda0b48,prca17,likert5,1,5,True,validated,1
dc7003a0-dd70-4584-bd2e-4ac35dda0b48,prca18,likert5,4,4,True,validated,0
6bd54608-55cc-423f-8f32-6b3530a8532c,prca01,likert5,2,2,True,validated,0
6bd54608-55cc-423f-8f32-6b3530a8532c,prca02,likert5,1,5,True,validated,1
6bd54608-55cc-423f-8f32-6b3530a8532c,prca03,likert5,4,4,True,validated,0
6bd54608-55cc-423f-8f32-6b3530a8532c,prca04,likert5,4,2,True,validated,1
6bd54608-55cc-423f-8f32-6b3530a8532c,prca05,likert5,1,1,True,validated,0
6bd54608-55cc-423f-8f32-6b3530a8532c,prca06,likert5,1,5,True,validated,1
6bd54608-55cc-423f-8f32-6b3530a8532c,prca13,likert5,4,4,True,validated,0
6bd54608-55cc-423f-8f32-6b3530a8532c,prca14,likert5,1,5,True,validated,1
6bd54608-55cc-423f-8f32-6b3530a8532c,prca15,likert5,4,4,True,validated,0
6bd54608-55cc-423f-8f32-6b3530a8532c,prca16,likert5,1,5,True,validated,1
6bd54608-55cc-423f-8f32-6b3530a8532c,prca17,likert5,1,5,True,validated,1
6bd54608-55cc-423f-8f32-6b3530a8532c,prca18,likert5,1,1,True,validated,0
008288ea-f42c-4ffd-8890-d6b2ac01a61c,prca01,likert5,1,1,True,validated,0
008288ea-f42c-4ffd-8890-d6b2ac01a61c,prca02,likert5,2,4,True,validated,1
008288ea-f42c-4ffd-8890-d6b2ac01a61c,prca03,likert5,1,1,True,validated,0
008288ea-f42c-4ffd-8890-d6b2ac01a61c,prca04,likert5,1,5,True,validated,1
008288ea-f42c-4ffd-8890-d6b2ac01a61c,prca05,likert5,4,4,True,validated,0
008288ea-f42c-4ffd-8890-d6b2ac01a61c,prca06,likert5,4,2,True,validated,1
008288ea-f42c-4ffd-8890-d6b2ac01a61c,prca13,likert5,4,4,True,validated,0
008288ea-f42c-4ffd-8890-d6b2ac01a61c,prca14,likert5,1,5,True,validated,1
008288ea-f42c-4ffd-8890-d6b2ac01a61c,prca15,likert5,4,4,True,validated,0
008288ea-f42c-4ffd-8890-d6b2ac01a61c,prca16,likert5,2,4,True,validated,1
008288ea-f42c-4ffd-8890-d6b2ac01a61c,prca17,likert5,2,4,True,validated,1
008288ea-f42c-4ffd-8890-d6b2ac01a61c,prca18,likert5,4,4,True,validated,0
0f6a48b2-7aa6-4cc5-bc5c-18191bfd8848,prca01,likert5,3,3,True,validated,0
0f6a48b2-7aa6-4cc5-bc5c-18191bfd8848,prca02,likert5,3,3,True,validated,1
0f6a48b2-7aa6-4cc5-bc5c-18191bfd8848,prca03,likert5,4,4,True,validated,0
0f6a48b2-7aa6-4cc5-bc5c-18191bfd8848,prca04,likert5,1,5,True,validated,1
0f6a48b2-7aa6-4cc5-bc5c-18191bfd8848,prca05,likert5,4,4,True,validated,0
0f6a48b2-7aa6-4cc5-bc5c-18191bfd8848,prca06,likert5,1,5,True,validated,1
0f6a48b2-7aa6-4cc5-bc5c-18191bfd8848,prca13,likert5,1,1,True,validated,0
0f6a48b2-7aa6-4cc5-bc5c-18191bfd8848,prca14,likert5,1,5,True,validated,1
0f6a48b2-7aa6-4cc5-bc5c-18191bfd8848,prca15,likert5,1,1,True,validated,0
0f6a48b2-7aa6-4cc5-bc5c-18191bfd8848,prca16,likert5,1,5,True,validated,1
0f6a48b2-7aa6-4cc5-bc5c-18191bfd8848,prca17,likert5,4,2,True,validated,1
0f6a48b2-7aa6-4cc5-bc5c-18191bfd8848,prca18,likert5,2,2,True,validated,0
6b0f0054-18e3-4ce6-8944-73e0159d9a74,prca01,likert5,3,3,True,validated,0
6b0f0054-18e3-4ce6-8944-73e0159d9a74,prca02,likert5,3,3,True,validated,1
6b0f0054-18e3-4ce6-8944-73e0159d9a74,prca03,likert5,1,1,True,validated,0
6b0f0054-18e3-4ce6-8944-73e0159d9a74,prca04,likert5,2,4,True,validated,1
6b0f0054-18e3-4ce6-8944-73e0159d9a74,prca05,likert5,1,1,True,validated,0
6b0f0054-18e3-4ce6-8944-73e0159d9a74,prca06,likert5,3,3,True,validated,1
6b0f0054-18e3-4ce6-8944-73e0159d9a74,prca13,likert5,4,4,True,validated,0
6b0f0054-18e3-4ce6-8944-73e0159d9a74,prca14,likert5,1,5,True,validated,1
6b0f0054-18e3-4ce6-8944-73e0159d9a74,prca15,likert5,1,1,True,validated,0
6b0f0054-18e3-4ce6-8944-73e0159d9a74,prca16,likert5,1,5,True,validated,1
6b0f0054-18e3-4ce6-8944-73e0159d9a74,prca17,likert5,1,5,True,validated,1
6b0f0054-18e3-4ce6-8944-73e0159d9a74,prca18,likert5,1,1,True,validated,0
acf2db61-6701-4d09-97c1-b9acb3b71e27,prca01,likert5,4,4,True,validated,0
acf2db61-6701-4d09-97c1-b9acb3b71e27,prca02,likert5,3,3,True,validated,1
acf2db61-6701-4d09-97c1-b9acb3b71e27,prca03,likert5,4,4,True,validated,0
acf2db61-6701-4d09-97c1-b9acb3b71e27,prca04,likert5,4,2,True,validated,1
acf2db61-6701-4d09-97c1-b9acb3b71e27,prca05,likert5,1,1,True,validated,0
acf2db61-6701-4d09-97c1-b9acb3b71e27,prca06,likert5,4,2,True,validated,1
acf2db61-6701-4d09-97c1-b9acb3b71e27,prca13,likert5,2,2,True,validated,0
acf2db61-6701-4d09-97c1-b9acb3b71e27,prca14,likert5,1,5,True,validated,1
acf2db61-6701-4d09-97c1-b9acb3b71e27,prca15,likert5,1,1,True,validated,0
acf2db61-6701-4d09-97c1-b9acb3b71e27,prca16,likert5,1,5,True,validated,1
acf2db61-6701-4d09-97c1-b9acb3b71e27,prca17,likert5,2,4,True,validated,1
acf2db61-6701-4d09-97c1-b9acb3b71e27,prca18,likert5,4,4,True,validated,0
02f440da-b006-4026-b46e-d744bf496a73,prca01,likert5,1,1,True,validated,0
02f440da-b006-4026-b46e-d744bf496a73,prca02,likert5,1,5,True,validated,1
02f440da-b006-4026-b46e-d744bf496a73,prca03,likert5,1,1,True,validated,0
02f440da-b006-4026-b46e-d744bf496a73,prca04,likert5,3,3,True,validated,1
02f440da-b006-4026-b46e-d744bf496a73,prca05,likert5,1,1,True,validated,0
02f440da-b006-4026-b46e-d744bf496a73,prca06,likert5,4,2,True,validated,1
02f440da-b006-4026-b46e-d744bf496a73,prca13,likert5,1,1,True,validated,0
02f440da-b006-4026-b46e-d744bf496a73,prca14,likert5,2,4,True,validated,1
02f440da-b006-4026-b46e-d744bf496a73,prca15,likert5,4,4,True,validated,0
02f440da-b006-4026-b46e-d744bf496a73,prca16,likert5,4,2,True,validated,1
02f440da-b006-4026-b46e-d744bf496a73,prca17,likert5,2,4,True,validated,1
02f440da-b006-4026-b46e-d744bf496a73,prca18,likert5,1,1,True,validated,0
3abc40e2-bd97-4835-a44f-c2068b9863fa,prca01,likert5,4,4,True,validated,0
3abc40e2-bd97-4835-a44f-c2068b9863fa,prca02,likert5,1,5,True,validated,1
3abc40e2-bd97-4835-a44f-c2068b9863fa,prca03,likert5,4,4,True,validated,0
3abc40e2-bd97-4835-a44f-c2068b9863fa,prca04,likert5,4,2,True,validated,1
3abc40e2-bd97-4835-a44f-c2068b9863fa,prca05,likert5,4,4,True,validated,0
3abc40e2-bd97-4835-a44f-c2068b9863fa,prca06,likert5,2,4,True,validated,1
3abc40e2-bd97-4835-a44f-c2068b9863fa,prca13,likert5,1,1,True,validated,0
3abc40e2-bd97-4835-a44f-c2068b9863fa,prca14,likert5,1,5,True,validated,1
3abc40e2-bd97-4835-a44f-c2068b9863fa,prca15,likert5,1,1,True,validated,0
3abc40e2-bd97-4835-a44f-c2068b9863fa,prca16,likert5,1,5,True,validated,1
3abc40e2-bd97-4835-a44f-c2068b9863fa,prca17,likert5,1,5,True,validated,1
3abc40e2-bd97-4835-a44f-c2068b9863fa,prca18,likert5,2,2,True,validated,0
9a75b5e2-03fd-4d5f-aca0-72dfbb7a8248,prca01,likert5,4,4,True,validated,0
9a75b5e2-03fd-4d5f-aca0-72dfbb7a8248,prca02,likert5,2,4,True,validated,1
9a75b5e2-03fd-4d5f-aca0-72dfbb7a8248,prca03,likert5,1,1,True,validated,0
9a75b5e2-03fd-4d5f-aca0-72dfbb7a8248,prca04,likert5,3,3,True,validated,1
9a75b5e2-03fd-4d5f-aca0-72dfbb7a8248,prca05,likert5,4,4,True,validated,0
9a75b5e2-03fd-4d5f-aca0-72dfbb7a8248,prca06,likert5,4,2,True,validated,1
9a75b5e2-03fd-4d5f-aca0-72dfbb7a8248,prca13,likert5,2,2,True,validated,0
9a75b5e2-03fd-4d5f-aca0-72dfbb7a8248,prca14,likert5,3,3,True,validated,1
9a75b5e2-03fd-4d5f-aca0-72dfbb7a8248,prca15,likert5,1,1,True,validated,0
9a75b5e2-03fd-4d5f-aca0-72dfbb7a8248,prca16,likert5,2,4,True,validated,1
9a75b5e2-03fd-4d5f-aca0-72dfbb7a8248,prca17,likert5,1,5,True,validated,1
9a75b5e2-03fd-4d5f-aca0-72dfbb7a8248,prca18,likert5,4,4,True,validated,0
7fe0d6f5-1abe-4a44-a1cd-dd6b32356193,prca01,likert5,2,2,True,validated,0
7fe0d6f5-1abe-4a44-a1cd-dd6b32356193,prca02,likert5,1,5,True,validated,1
7fe0d6f5-1abe-4a44-a1cd-dd6b32356193,prca03,likert5,1,1,True,validated,0
7fe0d6f5-1abe-4a44-a1cd-dd6b32356193,prca04,likert5,3,3,True,validated,1
7fe0d6f5-1abe-4a44-a1cd-dd6b32356193,prca05,likert5,1,1,True,validated,0
7fe0d6f5-1abe-4a44-a1cd-dd6b32356193,prca06,likert5,2,4,True,validated,1
7fe0d6f5-1abe-4a44-a1cd-dd6b32356193,prca13,likert5,1,1,True,validated,0
7fe0d6f5-1abe-4a44-a1cd-dd6b32356193,prca14,likert5,1,5,True,validated,1
7fe0d6f5-1abe-4a44-a1cd-dd6b32356193,prca15,likert5,1,1,True,validated,0
7fe0d6f5-1abe-4a44-a1cd-dd6b32356193,prca16,likert5,1,5,True,validated,1
7fe0d6f5-1abe-4a44-a1cd-dd6b32356193,prca17,likert5,4,2,True,validated,1
7fe0d6f5-1abe-4a44-a1cd-dd6b32356193,prca18,likert5,1,1,True,validated,0
296c2fb0-0d3f-4898-9506-b99ddf22d3b1,prca01,likert5,1,1,True,validated,0
296c2fb0-0d3f-4898-9506-b99ddf22d3b1,prca02,likert5,4,2,True,validated,1
296c2fb0-0d3f-4898-9506-b99ddf22d3b1,prca03,likert5,4,4,True,validated,0
296c2fb0-0d3f-4898-9506-b99ddf22d3b1,prca04,likert5,3,3,True,validated,1
296c2fb0-0d3f-4898-9506-b99ddf22d3b1,prca05,likert5,4,4,True,validated,0
296c2fb0-0d3f-4898-9506-b99ddf22d3b1,prca06,likert5,4,2,True,validated,1
296c2fb0-0d3f-4898-9506-b99ddf22d3b1,prca13,likert5,4,4,True,validated,0
296c2fb0-0d3f-4898-9506-b99ddf22d3b1,prca14,likert5,3,3,True,validated,1
296c2fb0-0d3f-4898-9506-b99ddf22d3b1,prca15,likert5,2,2,True,validated,0
296c2fb0-0d3f-4898-9506-b99ddf22d3b1,prca16,likert5,2,4,True,validated,1
296c2fb0-0d3f-4898-9506-b99ddf22d3b1,prca17,likert5,3,3,True,validated,1
296c2fb0-0d3f-4898-9506-b99ddf22d3b1,prca18,likert5,4,4,True,validated,0
d040a6bb-dc33-4351-9a00-6307a3afddec,prca01,likert5,1,1,True,validated,0
d040a6bb-dc33-4351-9a00-6307a3afddec,prca02,likert5,2,4,True,validated,1
d040a6bb-dc33-4351-9a00-6307a3afddec,prca03,likert5,2,2,True,validated,0
d040a6bb-dc33-4351-9a00-6307a3afddec,prca04,likert5,1,5,True,validated,1
d040a6bb-dc33-4351-9a00-6307a3afddec,prca05,likert5,4,4,True,validated,0
d040a6bb-dc33-4351-9a00-6307a3afddec,prca06,likert5,1,5,True,validated,1
d040a6bb-dc33-4351-9a00-6307a3afddec,prca13,likert5,2,2,True,validated,0
d040a6bb-dc33-4351-9a00-6307a3afddec,prca14,likert5,4,2,True,validated,1
d040a6bb-dc33-4351-9a00-6307a3afddec,prca15,likert5,4,4,True,validated,0
d040a6bb-dc33-4351-9a00-6307a3afddec,prca16,likert5,2,4,True,validated,1
d040a6bb-dc33-4351-9a00-6307a3afddec,prca17,likert5,2,4,True,validated,1
d040a6bb-dc33-4351-9a00-6307a3afddec,prca18,likert5,2,2,True,validated,0
c90ce4fb-83d0-47fe-933a-6fc189a1ba36,prca01,likert5,1,1,True,validated,0
c90ce4fb-83d0-47fe-933a-6fc189a1ba36,prca02,likert5,4,2,True,validated,1
c90ce4fb-83d0-47fe-933a-6fc189a1ba36,prca03,likert5,2,2,True,validated,0
c90ce4fb-83d0-47fe-933a-6fc189a1ba36,prca04,likert5,1,5,True,validated,1
c90ce4fb-83d0-47fe-933a-6fc189a1ba36,prca05,likert5,1,1,True,validated,0
c90ce4fb-83d0-47fe-933a-6fc189a1ba36,prca06,likert5,2,4,True,validated,1
c90ce4fb-83d0-47fe-933a-6fc189a1ba36,prca13,likert5,1,1,True,validated,0
c90ce4fb-83d0-47fe-933a-6fc189a1ba36,prca14,likert5,1,5,True,validated,1
c90ce4fb-83d0-47fe-933a-6fc189a1ba36,prca15,likert5,4,4,True,validated,0
c90ce4fb-83d0-47fe-933a-6fc189a1ba36,prca16,likert5,2,4,True,validated,1
c90ce4fb-83d0-47fe-933a-6fc189a1ba36,prca17,likert5,1,5,True,validated,1
c90ce4fb-83d0-47fe-933a-6fc189a1ba36,prca18,likert5,4,4,True,validated,0
95f1385c-7c6b-487e-a663-ee5e6aef2bce,prca01,likert5,3,3,True,validated,0
95f1385c-7c6b-487e-a663-ee5e6aef2bce,prca02,likert5,4,2,True,validated,1
95f1385c-7c6b-487e-a663-ee5e6aef2bce,prca03,likert5,2,2,True,validated,0
95f1385c-7c6b-487e-a663-ee5e6aef2bce,prca04,likert5,3,3,True,validated,1
95f1385c-7c6b-487e-a663-ee5e6aef2bce,prca05,likert5,1,1,True,validated,0
95f1385c-7c6b-487e-a663-ee5e6aef2bce,prca06,likert5,1,5,True,validated,1
95f1385c-7c6b-487e-a663-ee5e6aef2bce,prca13,likert5,1,1,True,validated,0
95f1385c-7c6b-487e-a663-ee5e6aef2bce,prca14,likert5,4,2,True,validated,1
95f1385c-7c6b-487e-a663-ee5e6aef2bce,prca15,likert5,1,1,True,validated,0
95f1385c-7c6b-487e-a663-ee5e6aef2bce,prca16,likert5,4,2,True,validated,1
95f1385c-7c6b-487e-a663-ee5e6aef2bce,prca17,likert5,4,2,True,validated,1
95f1385c-7c6b-487e-a663-ee5e6aef2bce,prca18,likert5,4,4,True,validated,0
d82bc7ae-8770-47ae-9c1f-46417a803b43,prca01,likert5,1,1,True,validated,0
d82bc7ae-8770-47ae-9c1f-46417a803b43,prca02,likert5,1,5,True,validated,1
d82bc7ae-8770-47ae-9c1f-46417a803b43,prca03,likert5,3,3,True,validated,0
d82bc7ae-8770-47ae-9c1f-46417a803b43,prca04,likert5,1,5,True,validated,1
d82bc7ae-8770-47ae-9c1f-46417a803b43,prca05,likert5,1,1,True,validated,0
d82bc7ae-8770-47ae-9c1f-46417a803b43,prca06,likert5,4,2,True,validated,1
d82bc7ae-8770-47ae-9c1f-46417a803b43,prca13,likert5,1,1,True,validated,0
d82bc7ae-8770-47ae-9c1f-46417a803b43,prca14,likert5,2,4,True,validated,1
d82bc7ae-8770-47ae-9c1f-46417a803b43,prca15,likert5,1,1,True,validated,0
d82bc7ae-8770-47ae-9c1f-46417a803b43,prca16,likert5,1,5,True,validated,1
d82bc7ae-8770-47ae-9c1f-46417a803b43,prca17,likert5,4,2,True,validated,1
d82bc7ae-8770-47ae-9c1f-46417a803b43,prca18,likert5,4,4,True,validated,0
359b8b45-641e-4b78-a9a5-43962534ae81,prca01,likert5,1,1,True,validated,0
359b8b45-641e-4b78-a9a5-43962534ae81,prca02,likert5,4,2,True,validated,1
359b8b45-641e-4b78-a9a5-43962534ae81,prca03,likert5,4,4,True,validated,0
359b8b45-641e-4b78-a9a5-43962534ae81,prca04,likert5,2,4,True,validated,1
359b8b45-641e-4b78-a9a5-43962534ae81,prca05,likert5,4,4,True,validated,0
359b8b45-641e-4b78-a9a5-43962534ae81,prca06,likert5,3,3,True,validated,1
359b8b45-641e-4b78-a9a5-43962534ae81,prca13,likert5,1,1,True,validated,0
359b8b45-641e-4b78-a9a5-43962534ae81,prca14,likert5,3,3,True,validated,1
359b8b45-641e-4b78-a9a5-43962534ae81,prca15,likert5,1,1,True,validated,0
359b8b45-641e-4b78-a9a5-43962534ae81,prca16,likert5,4,2,True,validated,1
359b8b45-641e-4b78-a9a5-43962534ae81,prca17,likert5,1,5,True,validated,1
359b8b45-641e-4b78-a9a5-43962534ae81,prca18,likert5,2,2,True,validated,0
e7695730-3c5e-454a-97be-147a5d5442bc,prca01,likert5,2,2,True,validated,0
e7695730-3c5e-454a-97be-147a5d5442bc,prca02,likert5,3,3,True,validated,1
e7695730-3c5e-454a-97be-147a5d5442bc,prca03,likert5,4,4,True,validated,0
e7695730-3c5e-454a-97be-147a5d5442bc,prca04,likert5,1,5,True,validated,1
e7695730-3c5e-454a-97be-147a5d5442bc,prca05,likert5,4,4,True,validated,0
e7695730-3c5e-454a-97be-147a5d5442bc,prca06,likert5,1,5,True,validated,1
e7695730-3c5e-454a-97be-147a5d5442bc,prca13,likert5,2,2,True,validated,0
e7695730-3c5e-454a-97be-147a5d5442bc,prca14,likert5,3,3,True,validated,1
e7695730-3c5e-454a-97be-147a5d5442bc,prca15,likert5,4,4,True,validated,0
e7695730-3c5e-454a-97be-147a5d5442bc,prca16,likert5,1,5,True,validated,1
e7695730-3c5e-454a-97be-147a5d5442bc,prca17,likert5,1,5,True,validated,1
e7695730-3c5e-454a-97be-147a5d5442bc,prca18,likert5,1,1,True,validated,0
019fc5c4-a433-434c-9805-ed4bf4288867,prca01,likert5,4,4,True,validated,0
019fc5c4-a433-434c-9805-ed4bf4288867,prca02,likert5,1,5,True,validated,1
019fc5c4-a433-434c-9805-ed4bf4288867,prca03,likert5,1,1,True,validated,0
019fc5c4-a433-434c-9805-ed4bf4288867,prca04,likert5,1,5,True,validated,1
019fc5c4-a433-434c-9805-ed4bf4288867,prca05,likert5,4,4,True,validated,0
019fc5c4-a433-434c-9805-ed4bf4288867,prca06,likert5,1,5,True,validated,1
019fc5c4-a433-434c-9805-ed4bf4288867,prca13,likert5,1,1,True,validated,0
019fc5c4-a433-434c-9805-ed4bf4288867,prca14,likert5,1,5,True,validated,1
019fc5c4-a433-434c-9805-ed4bf4288867,prca15,likert5,4,4,True,validated,0
019fc5c4-a433-434c-9805-ed4bf4288867,prca16,likert5,4,2,True,validated,1
019fc5c4-a433-434c-9805-ed4bf4288867,prca17,likert5,1,5,True,validated,1
019fc5c4-a433-434c-9805-ed4bf4288867,prca18,likert5,4,4,True,validated,0
7e0549ae-30d4-4ca3-a9f3-6c6b4c1b8c27,prca01,likert5,4,4,True,validated,0
7e0549ae-30d4-4ca3-a9f3-6c6b4c1b8c27,prca02,likert5,4,2,True,validated,1
7e0549ae-30d4-4ca3-a9f3-6c6b4c1b8c27,prca03,likert5,4,4,True,validated,0
7e0549ae-30d4-4ca3-a9f3-6c6b4c1b8c27,prca04,likert5,1,5,True,validated,1
7e0549ae-30d4-4ca3-a9f3-6c6b4c1b8c27,prca05,likert5,2,2,True,validated,0
7e0549ae-30d4-4ca3-a9f3-6c6b4c1b8c27,prca06,likert5,3,3,True,validated,1
7e0549ae-30d4-4ca3-a9f3-6c6b4c1b8c27,prca13,likert5,2,2,True,validated,0
7e0549ae-30d4-4ca3-a9f3-6c6b4c1b8c27,prca14,likert5,4,2,True,validated,1
7e0549ae-30d4-4ca3-a9f3-6c6b4c1b8c27,prca15,likert5,1,1,True,validated,0
7e0549ae-30d4-4ca3-a9f3-6c6b4c1b8c27,prca16,likert5,4,2,True,validated,1
7e0549ae-30d4-4ca3-a9f3-6c6b4c1b8c27,prca17,likert5,1,5,True,validated,1
7e0549ae-30d4-4ca3-a9f3-6c6b4c1b8c27,prca18,likert5,1,1,True,validated,0
60dcd864-dc3e-4a78-9eeb-5a89143acd40,prca01,likert5,4,4,True,validated,0
60dcd864-dc3e-4a78-9eeb-5a89143acd40,prca02,likert5,3,3,True,validated,1
60dcd864-dc3e-4a78-9eeb-5a89143acd40,prca03,likert5,1,1,True,validated,0
60dcd864-dc3e-4a78-9eeb-5a89143acd40,prca04,likert5,4,2,True,validated,1
60dcd864-dc3e-4a78-9eeb-5a89143acd40,prca05,likert5,4,4,True,validated,0
60dcd864-dc3e-4a78-9eeb-5a89143acd40,prca06,likert5,3,3,True,validated,1
60dcd864-dc3e-4a78-9eeb-5a89143acd40,prca13,likert5,4,4,True,validated,0
60dcd864-dc3e-4a78-9eeb-5a89143acd40,prca14,likert5,4,2,True,validated,1
60dcd864-dc3e-4a78-9eeb-5a89143acd40,prca15,likert5,4,4,True,validated,0
60dcd864-dc3e-4a78-9eeb-5a89143acd40,prca16,likert5,1,5,True,validated,1
60dcd864-dc3e-4a78-9eeb-5a89143acd40,prca17,likert5,1,5,True,validated,1
60dcd864-dc3e-4a78-9eeb-5a89143acd40,prca18,likert5,1,1,True,validated,0
e84b17db-adad-48af-8e1b-e0ab766a9bbb,prca01,likert5,4,4,True,validated,0
e84b17db-adad-48af-8e1b-e0ab766a9bbb,prca02,likert5,1,5,True,validated,1
e84b17db-adad-48af-8e1b-e0ab766a9bbb,prca03,likert5,4,4,True,validated,0
e84b17db-adad-48af-8e1b-e0ab766a9bbb,prca04,likert5,2,4,True,validated,1
e84b17db-adad-48af-8e1b-e0ab766a9bbb,prca05,likert5,4,4,True,validated,0
e84b17db-adad-48af-8e1b-e0ab766a9bbb,prca06,likert5,2,4,True,validated,1
e84b17db-adad-48af-8e1b-e0ab766a9bbb,prca13,likert5,1,1,True,validated,0
e84b17db-adad-48af-8e1b-e0ab766a9bbb,prca14,likert5,4,2,True,validated,1
e84b17db-adad-48af-8e1b-e0ab766a9bbb,prca15,likert5,1,1,True,validated,0
e84b17db-adad-48af-8e1b-e0ab766a9bbb,prca16,likert5,1,5,True,validated,1
e84b17db-adad-48af-8e1b-e0ab766a9bbb,prca17,likert5,1,5,True,validated,1
e84b17db-adad-48af-8e1b-e0ab766a9bbb,prca18,likert5,2,2,True,validated,0
7b2df1bc-9c21-4278-a78f-6ba6267cd096,prca01,likert5,1,1,True,validated,0
7b2df1bc-9c21-4278-a78f-6ba6267cd096,prca02,likert5,2,4,True,validated,1
7b2df1bc-9c21-4278-a78f-6ba6267cd096,prca03,likert5,1,1,True,validated,0
7b2df1bc-9c21-4278-a78f-6ba6267cd096,prca04,likert5,1,5,True,validated,1
7b2df1bc-9c21-4278-a78f-6ba6267cd096,prca05,likert5,4,4,True,validated,0
7b2df1bc-9c21-4278-a78f-6ba6267cd096,prca06,likert5,1,5,True,validated,1
7b2df1bc-9c21-4278-a78f-6ba6267cd096,prca13,likert5,2,2,True,validated,0
7b2df1bc-9c21-4278-a78f-6ba6267cd096,prca14,likert5,1,5,True,validated,1
7b2df1bc-9c21-4278-a78f-6ba6267cd096,prca15,likert5,1,1,True,validated,0
7b2df1bc-9c21-4278-a78f-6ba6267cd096,prca16,likert5,2,4,True,validated,1
7b2df1bc-9c21-4278-a78f-6ba6267cd096,prca17,likert5,1,5,True,validated,1
7b2df1bc-9c21-4278-a78f-6ba6267cd096,prca18,likert5,4,4,True,validated,0
a9e11b23-10bc-451c-84c0-324ec4781c93,prca01,likert5,3,3,True,validated,0
a9e11b23-10bc-451c-84c0-324ec4781c93,prca02,likert5,2,4,True,validated,1
a9e11b23-10bc-451c-84c0-324ec4781c93,prca03,likert5,4,4,True,validated,0
a9e11b23-10bc-451c-84c0-324ec4781c93,prca04,likert5,1,5,True,validated,1
a9e11b23-10bc-451c-84c0-324ec4781c93,prca05,likert5,4,4,True,validated,0
a9e11b23-10bc-451c-84c0-324ec4781c93,prca06,likert5,1,5,True,validated,1
a9e11b23-10bc-451c-84c0-324ec4781c93,prca13,likert5,1,1,True,validated,0
a9e11b23-10bc-451c-84c0-324ec4781c93,prca14,likert5,2,4,True,validated,1
a9e11b23-10bc-451c-84c0-324ec4781c93,prca15,likert5,1,1,True,validated,0
a9e11b23-10bc-451c-84c0-324ec4781c93,prca16,likert5,2,4,True,validated,1
a9e11b23-10bc-451c-84c0-324ec4781c93,prca17,likert5,2,4,True,validated,1
a9e11b23-10bc-451c-84c0-324ec4781c93,prca18,likert5,4,4,True,validated,0
6e830b68-c5b9-4d8c-b84b-1376d6e853b3,prca01,likert5,1,1,True,validated,0
6e830b68-c5b9-4d8c-b84b-1376d6e853b3,prca02,likert5,2,4,True,validated,1
6e830b68-c5b9-4d8c-b84b-1376d6e853b3,prca03,likert5,1,1,True,validated,0
6e830b68-c5b9-4d8c-b84b-1376d6e853b3,prca04,likert5,4,2,True,validated,1
6e830b68-c5b9-4d8c-b84b-1376d6e853b3,prca05,likert5,1,1,True,validated,0
6e830b68-c5b9-4d8c-b84b-1376d6e853b3,prca06,likert5,2,4,True,validated,1
6e830b68-c5b9-4d8c-b84b-1376d6e853b3,prca13,likert5,2,2,True,validated,0
6e830b68-c5b9-4d8c-b84b-1376d6e853b3,prca14,likert5,1,5,True,validated,1
6e830b68-c5b9-4d8c-b84b-1376d6e853b3,prca15,likert5,1,1,True,validated,0
6e830b68-c5b9-4d8c-b84b-1376d6e853b3,prca16,likert5,1,5,True,validated,1
6e830b68-c5b9-4d8c-b84b-1376d6e853b3,prca17,likert5,1,5,True,validated,1
6e830b68-c5b9-4d8c-b84b-1376d6e853b3,prca18,likert5,1,1,True,validated,0
f2f91cb8-1001-4f52-87f5-ece809729e04,prca01,likert5,2,2,True,validated,0
f2f91cb8-1001-4f52-87f5-ece809729e04,prca02,likert5,3,3,True,validated,1
f2f91cb8-1001-4f52-87f5-ece809729e04,prca03,likert5,4,4,True,validated,0
f2f91cb8-1001-4f52-87f5-ece809729e04,prca04,likert5,1,5,True,validated,1
f2f91cb8-1001-4f52-87f5-ece809729e04,prca05,likert5,2,2,True,validated,0
f2f91cb8-1001-4f52-87f5-ece809729e04,prca06,likert5,1,5,True,validated,1
f2f91cb8-1001-4f52-87f5-ece809729e04,prca13,likert5,1,1,True,validated,0
f2f91cb8-1001-4f52-87f5-ece809729e04,prca14,likert5,1,5,True,validated,1
f2f91cb8-1001-4f52-87f5-ece809729e04,prca15,likert5,1,1,True,validated,0
f2f91cb8-1001-4f52-87f5-ece809729e04,prca16,likert5,1,5,True,validated,1
f2f91cb8-1001-4f52-87f5-ece809729e04,prca17,likert5,1,5,True,validated,1
f2f91cb8-1001-4f52-87f5-ece809729e04,prca18,likert5,4,4,True,validated,0
f3a74917-378f-46bb-99c1-a4ec9b7201be,prca01,likert5,4,4,True,validated,0
f3a74917-378f-46bb-99c1-a4ec9b7201be,prca02,likert5,1,5,True,validated,1
f3a74917-378f-46bb-99c1-a4ec9b7201be,prca03,likert5,2,2,True,validated,0
f3a74917-378f-46bb-99c1-a4ec9b7201be,prca04,likert5,3,3,True,validated,1
f3a74917-378f-46bb-99c1-a4ec9b7201be,prca05,likert5,1,1,True,validated,0
f3a74917-378f-46bb-99c1-a4ec9b7201be,prca06,likert5,4,2,True,validated,1
f3a74917-378f-46bb-99c1-a4ec9b7201be,prca13,likert5,1,1,True,validated,0
f3a74917-378f-46bb-99c1-a4ec9b7201be,prca14,likert5,2,4,True,validated,1
f3a74917-378f-46bb-99c1-a4ec9b7201be,prca15,likert5,1,1,True,validated,0
f3a74917-378f-46bb-99c1-a4ec9b7201be,prca16,likert5,1,5,True,validated,1
f3a74917-378f-46bb-99c1-a4ec9b7201be,prca17,likert5,2,4,True,validated,1
f3a74917-378f-46bb-99c1-a4ec9b7201be,prca18,likert5,1,1,True,validated,0
4b32ceaa-0677-485c-9b4e-72f9c3f75e06,prca01,likert5,4,4,True,validated,0
4b32ceaa-0677-485c-9b4e-72f9c3f75e06,prca02,likert5,2,4,True,validated,1
4b32ceaa-0677-485c-9b4e-72f9c3f75e06,prca03,likert5,2,2,True,validated,0
4b32ceaa-0677-485c-9b4e-72f9c3f75e06,prca04,likert5,2,4,True,validated,1
4b32ceaa-0677-485c-9b4e-72f9c3f75e06,prca05,likert5,1,1,True,validated,0
4b32ceaa-0677-485c-9b4e-72f9c3f75e06,prca06,likert5,1,5,True,validated,1
4b32ceaa-0677-485c-9b4e-72f9c3f75e06,prca13,likert5,1,1,True,validated,0
4b32ceaa-0677-485c-9b4e-72f9c3f75e06,prca14,likert5,4,2,True,validated,1
4b32ceaa-0677-485c-9b4e-72f9c3f75e06,prca15,likert5,2,2,True,validated,0
4b32ceaa-0677-485c-9b4e-72f9c3f75e06,prca16,likert5,1,5,True,validated,1
4b32ceaa-0677-485c-9b4e-72f9c3f75e06,prca17,likert5,1,5,True,validated,1
4b32ceaa-0677-485c-9b4e-72f9c3f75e06,prca18,likert5,4,4,True,validated,0
28603ab9-f61a-4879-8f36-ecb5b1bafad8,prca01,likert5,4,4,True,validated,0
28603ab9-f61a-4879-8f36-ecb5b1bafad8,prca02,likert5,2,4,True,validated,1
28603ab9-f61a-4879-8f36-ecb5b1bafad8,prca03,likert5,1,1,True,validated,0
28603ab9-f61a-4879-8f36-ecb5b1bafad8,prca04,likert5,3,3,True,validated,1
28603ab9-f61a-4879-8f36-ecb5b1bafad8,prca05,likert5,2,2,True,validated,0
28603ab9-f61a-4879-8f36-ecb5b1bafad8,prca06,likert5,4,2,True,validated,1
28603ab9-f61a-4879-8f36-ecb5b1bafad8,prca13,likert5,2,2,True,validated,0
28603ab9-f61a-4879-8f36-ecb5b1bafad8,prca14,likert5,1,5,True,validated,1
28603ab9-f61a-4879-8f36-ecb5b1bafad8,prca15,likert5,1,1,True,validated,0
28603ab9-f61a-4879-8f36-ecb5b1bafad8,prca16,likert5,1,5,True,validated,1
28603ab9-f61a-4879-8f36-ecb5b1bafad8,prca17,likert5,1,5,True,validated,1
28603ab9-f61a-4879-8f36-ecb5b1bafad8,prca18,likert5,4,4,True,validated,0
55284813-4b8c-455b-8fa1-d2db6bff3426,prca01,likert5,2,2,True,validated,0
55284813-4b8c-455b-8fa1-d2db6bff3426,prca02,likert5,3,3,True,validated,1
55284813-4b8c-455b-8fa1-d2db6bff3426,prca03,likert5,2,2,True,validated,0
55284813-4b8c-455b-8fa1-d2db6bff3426,prca04,likert5,4,2,True,validated,1
55284813-4b8c-455b-8fa1-d2db6bff3426,prca05,likert5,2,2,True,validated,0
55284813-4b8c-455b-8fa1-d2db6bff3426,prca06,likert5,2,4,True,validated,1
55284813-4b8c-455b-8fa1-d2db6bff3426,prca13,likert5,1,1,True,validated,0
55284813-4b8c-455b-8fa1-d2db6bff3426,prca14,likert5,2,4,True,validated,1
55284813-4b8c-455b-8fa1-d2db6bff3426,prca15,likert5,4,4,True,validated,0
55284813-4b8c-455b-8fa1-d2db6bff3426,prca16,likert5,1,5,True,validated,1
55284813-4b8c-455b-8fa1-d2db6bff3426,prca17,likert5,2,4,True,validated,1
55284813-4b8c-455b-8fa1-d2db6bff3426,prca18,likert5,4,4,True,validated,0
01a82af6-ad74-4764-8c6d-721b08491fce,prca01,likert5,1,1,True,validated,0
01a82af6-ad74-4764-8c6d-721b08491fce,prca02,likert5,1,5,True,validated,1
01a82af6-ad74-4764-8c6d-721b08491fce,prca03,likert5,4,4,True,validated,0
01a82af6-ad74-4764-8c6d-721b08491fce,prca04,likert5,1,5,True,validated,1
01a82af6-ad74-4764-8c6d-721b08491fce,prca05,likert5,1,1,True,validated,0
01a82af6-ad74-4764-8c6d-721b08491fce,prca06,likert5,1,5,True,validated,1
01a82af6-ad74-4764-8c6d-721b08491fce,prca13,likert5,4,4,True,validated,0
01a82af6-ad74-4764-8c6d-721b08491fce,prca14,likert5,1,5,True,validated,1
01a82af6-ad74-4764-8c6d-721b08491fce,prca15,likert5,1,1,True,validated,0
01a82af6-ad74-4764-8c6d-721b08491fce,prca16,likert5,1,5,True,validated,1
01a82af6-ad74-4764-8c6d-721b08491fce,prca17,likert5,2,4,True,validated,1
01a82af6-ad74-4764-8c6d-721b08491fce,prca18,likert5,1,1,True,validated,0
3c5e4674-52e4-4cc8-81a2-50ef7f8c57c0,prca01,likert5,3,3,True,validated,0
3c5e4674-52e4-4cc8-81a2-50ef7f8c57c0,prca02,likert5,3,3,True,validated,1
3c5e4674-52e4-4cc8-81a2-50ef7f8c57c0,prca03,likert5,2,2,True,validated,0
3c5e4674-52e4-4cc8-81a2-50ef7f8c57c0,prca04,likert5,1,5,True,validated,1
3c5e4674-52e4-4cc8-81a2-50ef7f8c57c0,prca05,likert5,2,2,True,validated,0
3c5e4674-52e4-4cc8-81a2-50ef7f8c57c0,prca06,likert5,4,2,True,validated,1
3c5e4674-52e4-4cc8-81a2-50ef7f8c57c0,prca13,likert5,1,1,True,validated,0
3c5e4674-52e4-4cc8-81a2-50ef7f8c57c0,prca14,likert5,1,5,True,validated,1
3c5e4674-52e4-4cc8-81a2-50ef7f8c57c0,prca15,likert5,4,4,True,validated,0
3c5e4674-52e4-4cc8-81a2-50ef7f8c57c0,prca16,likert5,1,5,True,validated,1
3c5e4674-52e4-4cc8-81a2-50ef7f8c57c0,prca17,likert5,2,4,True,validated,1
3c5e4674-52e4-4cc8-81a2-50ef7f8c57c0,prca18,likert5,4,4,True,validated,0
54d2bfe4-98e8-4c57-ae5b-eed817a4edf5,prca01,likert5,4,4,True,validated,0
54d2bfe4-98e8-4c57-ae5b-eed817a4edf5,prca02,likert5,2,4,True,validated,1
54d2bfe4-98e8-4c57-ae5b-eed817a4edf5,prca03,likert5,2,2,True,validated,0
54d2bfe4-98e8-4c57-ae5b-eed817a4edf5,prca04,likert5,3,3,True,validated,1
54d2bfe4-98e8-4c57-ae5b-eed817a4edf5,prca05,likert5,1,1,True,validated,0
54d2bfe4-98e8-4c57-ae5b-eed817a4edf5,prca06,likert5,1,5,True,validated,1
54d2bfe4-98e8-4c57-ae5b-eed817a4edf5,prca13,likert5,4,4,True,validated,0
54d2bfe4-98e8-4c57-ae5b-eed817a4edf5,prca14,likert5,1,5,True,validated,1
54d2bfe4-98e8-4c57-ae5b-eed817a4edf5,prca15,likert5,1,1,True,validated,0
54d2bfe4-98e8-4c57-ae5b-eed817a4edf5,prca16,likert5,2,4,True,validated,1
54d2bfe4-98e8-4c57-ae5b-eed817a4edf5,prca17,likert5,2,4,True,validated,1
54d2bfe4-98e8-4c57-ae5b-eed817a4edf5,prca18,likert5,1,1,True,validated,0
74df3102-3f14-4bdd-952d-89d92e84c2a2,prca01,likert5,1,1,True,validated,0
74df3102-3f14-4bdd-952d-89d92e84c2a2,prca02,likert5,2,4,True,validated,1
74df3102-3f14-4bdd-952d-89d92e84c2a2,prca03,likert5,2,2,True,validated,0
74df3102-3f14-4bdd-952d-89d92e84c2a2,prca04,likert5,1,5,True,validated,1
74df3102-3f14-4bdd-952d-89d92e84c2a2,prca05,likert5,1,1,True,validated,0
74df3102-3f14-4bdd-952d-89d92e84c2a2,prca06,likert5,4,2,True,validated,1
74df3102-3f14-4bdd-952d-89d92e84c2a2,prca13,likert5,4,4,True,validated,0
74df3102-3f14-4bdd-952d-89d92e84c2a2,prca14,likert5,3,3,True,validated,1
74df3102-3f14-4bdd-952d-89d92e84c2a2,prca15,likert5,2,2,True,validated,0
74df3102-3f14-4bdd-952d-89d92e84c2a2,prca16,likert5,4,2,True,validated,1
74df3102-3f14-4bdd-952d-89d92e84c2a2,prca17,likert5,3,3,True,validated,1
74df3102-3f14-4bdd-952d-89d92e84c2a2,prca18,likert5,2,2,True,validated,0
12a88a47-42e1-4c83-9ef8-6901e1e54262,prca01,likert5,4,4,True,validated,0
12a88a47-42e1-4c83-9ef8-6901e1e54262,prca02,likert5,4,2,True,validated,1
12a88a47-42e1-4c83-9ef8-6901e1e54262,prca03,likert5,1,1,True,validated,0
12a88a47-42e1-4c83-9ef8-6901e1e54262,prca04,likert5,2,4,True,validated,1
12a88a47-42e1-4c83-9ef8-6901e1e54262,prca05,likert5,4,4,True,validated,0
12a88a47-42e1-4c83-9ef8-6901e1e54262,prca06,likert5,1,5,True,validated,1
12a88a47-42e1-4c83-9ef8-6901e1e54262,prca13,likert5,4,4,True,validated,0
12a88a47-42e1-4c83-9ef8-6901e1e54262,prca14,likert5,4,2,True,validated,1
12a88a47-42e1-4c83-9ef8-6901e1e54262,prca15,likert5,4,4,True,validated,0
12a88a47-42e1-4c83-9ef8-6901e1e54262,prca16,likert5,1,5,True,validated,1
12a88a47-42e1-4c83-9ef8-6901e1e54262,prca17,likert5,1,5,True,validated,1
12a88a47-42e1-4c83-9ef8-6901e1e54262,prca18,likert5,4,4,True,validated,0
e8e77443-42b0-4f4d-9cf8-0d73025f3912,prca01,likert5,4,4,True,validated,0
e8e77443-42b0-4f4d-9cf8-0d73025f3912,prca02,likert5,2,4,True,validated,1
e8e77443-42b0-4f4d-9cf8-0d73025f3912,prca03,likert5,1,1,True,validated,0
e8e77443-42b0-4f4d-9cf8-0d73025f3912,prca04,likert5,3,3,True,validated,1
e8e77443-42b0-4f4d-9cf8-0d73025f3912,prca05,likert5,4,4,True,validated,0
e8e77443-42b0-4f4d-9cf8-0d73025f3912,prca06,likert5,2,4,True,validated,1
e8e77443-42b0-4f4d-9cf8-0d73025f3912,prca13,likert5,1,1,True,validated,0
e8e77443-42b0-4f4d-9cf8-0d73025f3912,prca14,likert5,3,3,True,validated,1
e8e77443-42b0-4f4d-9cf8-0d73025f3912,prca15,likert5,2,2,True,validated,0
e8e77443-42b0-4f4d-9cf8-0d73025f3912,prca16,likert5,1,5,True,validated,1
e8e77443-42b0-4f4d-9cf8-0d73025f3912,prca17,likert5,2,4,True,validated,1
e8e77443-42b0-4f4d-9cf8-0d73025f3912,prca18,likert5,1,1,True,validated,0
39aec3dd-7ad3-4063-b487-d879af5cff9f,prca01,likert5,1,1,True,validated,0
39aec3dd-7ad3-4063-b487-d879af5cff9f,prca02,likert5,2,4,True,validated,1
39aec3dd-7ad3-4063-b487-d879af5cff9f,prca03,likert5,4,4,True,validated,0
39aec3dd-7ad3-4063-b487-d879af5cff9f,prca04,likert5,1,5,True,validated,1
39aec3dd-7ad3-4063-b487-d879af5cff9f,prca05,likert5,1,1,True,validated,0
39aec3dd-7ad3-4063-b487-d879af5cff9f,prca06,likert5,3,3,True,validated,1
39aec3dd-7ad3-4063-b487-d879af5cff9f,prca13,likert5,4,4,True,validated,0
39aec3dd-7ad3-4063-b487-d879af5cff9f,prca14,likert5,1,5,True,validated,1
39aec3dd-7ad3-4063-b487-d879af5cff9f,prca15,likert5,2,2,True,validated,0
39aec3dd-7ad3-4063-b487-d879af5cff9f,prca16,likert5,1,5,True,validated,1
39aec3dd-7ad3-4063-b487-d879af5cff9f,prca17,likert5,1,5,True,validated,1
39aec3dd-7ad3-4063-b487-d879af5cff9f,prca18,likert5,1,1,True,validated,0
710b7be2-0323-4ab4-b908-e5fcc65234a9,prca01,likert5,1,1,True,validated,0
710b7be2-0323-4ab4-b908-e5fcc65234a9,prca02,likert5,4,2,True,validated,1
710b7be2-0323-4ab4-b908-e5fcc65234a9,prca03,likert5,2,2,True,validated,0
710b7be2-0323-4ab4-b908-e5fcc65234a9,prca04,likert5,2,4,True,validated,1
710b7be2-0323-4ab4-b908-e5fcc65234a9,prca05,likert5,4,4,True,validated,0
710b7be2-0323-4ab4-b908-e5fcc65234a9,prca06,likert5,1,5,True,validated,1
710b7be2-0323-4ab4-b908-e5fcc65234a9,prca13,likert5,1,1,True,validated,0
710b7be2-0323-4ab4-b908-e5fcc65234a9,prca14,likert5,4,2,True,validated,1
710b7be2-0323-4ab4-b908-e5fcc65234a9,prca15,likert5,4,4,True,validated,0
710b7be2-0323-4ab4-b908-e5fcc65234a9,prca16,likert5,4,2,True,validated,1
710b7be2-0323-4ab4-b908-e5fcc65234a9,prca17,likert5,2,4,True,validated,1
710b7be2-0323-4ab4-b908-e5fcc65234a9,prca18,likert5,3,3,True,validated,0
b1af2260-82a6-4b33-a207-fd825ad72405,prca01,likert5,4,4,True,validated,0
b1af2260-82a6-4b33-a207-fd825ad72405,prca02,likert5,3,3,True,validated,1
b1af2260-82a6-4b33-a207-fd825ad72405,prca03,likert5,1,1,True,validated,0
b1af2260-82a6-4b33-a207-fd825ad72405,prca04,likert5,1,5,True,validated,1
b1af2260-82a6-4b33-a207-fd825ad72405,prca05,likert5,4,4,True,validated,0
b1af2260-82a6-4b33-a207-fd825ad72405,prca06,likert5,4,2,True,validated,1
b1af2260-82a6-4b33-a207-fd825ad72405,prca13,likert5,4,4,True,validated,0
b1af2260-82a6-4b33-a207-fd825ad72405,prca14,likert5,4,2,True,validated,1
b1af2260-82a6-4b33-a207-fd825ad72405,prca15,likert5,1,1,True,validated,0
b1af2260-82a6-4b33-a207-fd825ad72405,prca16,likert5,4,2,True,validated,1
b1af2260-82a6-4b33-a207-fd825ad72405,prca17,likert5,2,4,True,validated,1
b1af2260-82a6-4b33-a207-fd825ad72405,prca18,likert5,2,2,True,validated,0
d3fdcdd2-f881-4865-b263-e4ec8f88b4bc,prca01,likert5,1,1,True,validated,0
d3fdcdd2-f881-4865-b263-e4ec8f88b4bc,prca02,likert5,3,3,True,validated,1
d3fdcdd2-f881-4865-b263-e4ec8f88b4bc,prca03,likert5,1,1,True,validated,0
d3fdcdd2-f881-4865-b263-e4ec8f88b4bc,prca04,likert5,4,2,True,validated,1
d3fdcdd2-f881-4865-b263-e4ec8f88b4bc,prca05,likert5,2,2,True,validated,0
d3fdcdd2-f881-4865-b263-e4ec8f88b4bc,prca06,likert5,1,5,True,validated,1
d3fdcdd2-f881-4865-b263-e4ec8f88b4bc,prca13,likert5,1,1,True,validated,0
d3fdcdd2-f881-4865-b263-e4ec8f88b4bc,prca14,likert5,3,3,True,validated,1
d3fdcdd2-f881-4865-b263-e4ec8f88b4bc,prca15,likert5,4,4,True,validated,0
d3fdcdd2-f881-4865-b263-e4ec8f88b4bc,prca16,likert5,1,5,True,validated,1
d3fdcdd2-f881-4865-b263-e4ec8f88b4bc,prca17,likert5,4,2,True,validated,1
d3fdcdd2-f881-4865-b263-e4ec8f88b4bc,prca18,likert5,1,1,True,validated,0
e413ee40-64ed-434f-bd28-005c69b777f0,prca01,likert5,1,1,True,validated,0
e413ee40-64ed-434f-bd28-005c69b777f0,prca02,likert5,1,5,True,validated,1
e413ee40-64ed-434f-bd28-005c69b777f0,prca03,likert5,1,1,True,validated,0
e413ee40-64ed-434f-bd28-005c69b777f0,prca04,likert5,3,3,True,validated,1
e413ee40-64ed-434f-bd28-005c69b777f0,prca05,likert5,1,1,True,validated,0
e413ee40-64ed-434f-bd28-005c69b777f0,prca06,likert5,1,5,True,validated,1
e413ee40-64ed-434f-bd28-005c69b777f0,prca13,likert5,1,1,True,validated,0
e413ee40-64ed-434f-bd28-005c69b777f0,prca14,likert5,1,5,True,validated,1
e413ee40-64ed-434f-bd28-005c69b777f0,prca15,likert5,4,4,True,validated,0
e413ee40-64ed-434f-bd28-005c69b777f0,prca16,likert5,1,5,True,validated,1
e413ee40-64ed-434f-bd28-005c69b777f0,prca17,likert5,4,2,True,validated,1
e413ee40-64ed-434f-bd28-005c69b777f0,prca18,likert5,4,4,True,validated,0
6b419f9b-d034-42f2-86ac-cb8b8bc9dc0e,prca01,likert5,2,2,True,validated,0
6b419f9b-d034-42f2-86ac-cb8b8bc9dc0e,prca02,likert5,1,5,True,validated,1
6b419f9b-d034-42f2-86ac-cb8b8bc9dc0e,prca03,likert5,1,1,True,validated,0
6b419f9b-d034-42f2-86ac-cb8b8bc9dc0e,prca04,likert5,1,5,True,validated,1
6b419f9b-d034-42f2-86ac-cb8b8bc9dc0e,prca05,likert5,2,2,True,validated,0
6b419f9b-d034-42f2-86ac-cb8b8bc9dc0e,prca06,likert5,3,3,True,validated,1
6b419f9b-d034-42f2-86ac-cb8b8bc9dc0e,prca13,likert5,1,1,True,validated,0
6b419f9b-d034-42f2-86ac-cb8b8bc9dc0e,prca14,likert5,2,4,True,validated,1
6b419f9b-d034-42f2-86ac-cb8b8bc9dc0e,prca15,likert5,2,2,True,validated,0
6b419f9b-d034-42f2-86ac-cb8b8bc9dc0e,prca16,likert5,4,2,True,validated,1
6b419f9b-d034-42f2-86ac-cb8b8bc9dc0e,prca17,likert5,3,3,True,validated,1
6b419f9b-d034-42f2-86ac-cb8b8bc9dc0e,prca18,likert5,2,2,True,validated,0
1ef35a7c-b013-4161-974f-e9ba7a5e61cc,prca01,likert5,2,2,True,validated,0
1ef35a7c-b013-4161-974f-e9ba7a5e61cc,prca02,likert5,1,5,True,validated,1
1ef35a7c-b013-4161-974f-e9ba7a5e61cc,prca03,likert5,1,1,True,validated,0
1ef35a7c-b013-4161-974f-e9ba7a5e61cc,prca04,likert5,3,3,True,validated,1
1ef35a7c-b013-4161-974f-e9ba7a5e61cc,prca05,likert5,2,2,True,validated,0
1ef35a7c-b013-4161-974f-e9ba7a5e61cc,prca06,likert5,4,2,True,validated,1
1ef35a7c-b013-4161-974f-e9ba7a5e61cc,prca13,likert5,1,1,True,validated,0
1ef35a7c-b013-4161-974f-e9ba7a5e61cc,prca14,likert5,2,4,True,validated,1
1ef35a7c-b013-4161-974f-e9ba7a5e61cc,prca15,likert5,3,3,True,validated,0
1ef35a7c-b013-4161-974f-e9ba7a5e61cc,prca16,likert5,3,3,True,validated,1
1ef35a7c-b013-4161-974f-e9ba7a5e61cc,prca17,likert5,4,2,True,validated,1
1ef35a7c-b013-4161-974f-e9ba7a5e61cc,prca18,likert5,3,3,True,validated,0
601f8153-1cc8-4381-90c9-4661761e85a3,prca01,likert5,1,1,True,validated,0
601f8153-1cc8-4381-90c9-4661761e85a3,prca02,likert5,1,5,True,validated,1
601f8153-1cc8-4381-90c9-4661761e85a3,prca03,likert5,4,4,True,validated,0
601f8153-1cc8-4381-90c9-4661761e85a3,prca04,likert5,2,4,True,validated,1
601f8153-1cc8-4381-90c9-4661761e85a3,prca05,likert5,4,4,True,validated,0
601f8153-1cc8-4381-90c9-4661761e85a3,prca06,likert5,1,5,True,validated,1
601f8153-1cc8-4381-90c9-4661761e85a3,prca13,likert5,1,1,True,validated,0
601f8153-1cc8-4381-90c9-4661761e85a3,prca14,likert5,4,2,True,validated,1
601f8153-1cc8-4381-90c9-4661761e85a3,prca15,likert5,2,2,True,validated,0
601f8153-1cc8-4381-90c9-4661761e85a3,prca16,likert5,4,2,True,validated,1
601f8153-1cc8-4381-90c9-4661761e85a3,prca17,likert5,4,2,True,validated,1
601f8153-1cc8-4381-90c9-4661761e85a3,prca18,likert5,1,1,True,validated,0
0a75525c-b7b6-4503-b34c-f80f045c3daf,prca01,likert5,2,2,True,validated,0
0a75525c-b7b6-4503-b34c-f80f045c3daf,prca02,likert5,1,5,True,validated,1
0a75525c-b7b6-4503-b34c-f80f045c3daf,prca03,likert5,4,4,True,validated,0
0a75525c-b7b6-4503-b34c-f80f045c3daf,prca04,likert5,3,3,True,validated,1
0a75525c-b7b6-4503-b34c-f80f045c3daf,prca05,likert5,1,1,True,validated,0
0a75525c-b7b6-4503-b34c-f80f045c3daf,prca06,likert5,1,5,True,validated,1
0a75525c-b7b6-4503-b34c-f80f045c3daf,prca13,likert5,1,1,True,validated,0
0a75525c-b7b6-4503-b34c-f80f045c3daf,prca14,likert5,2,4,True,validated,1
0a75525c-b7b6-4503-b34c-f80f045c3daf,prca15,likert5,4,4,True,validated,0
0a75525c-b7b6-4503-b34c-f80f045c3daf,prca16,likert5,2,4,True,validated,1
0a75525c-b7b6-4503-b34c-f80f045c3daf,prca17,likert5,1,5,True,validated,1
0a75525c-b7b6-4503-b34c-f80f045c3daf,prca18,likert5,2,2,True,validated,0
6040db9a-45b2-4794-acee-f710a7b22778,prca01,likert5,1,1,True,validated,0
6040db9a-45b2-4794-acee-f710a7b22778,prca02,likert5,2,4,True,validated,1
6040db9a-45b2-4794-acee-f710a7b22778,prca03,likert5,1,1,True,validated,0
6040db9a-45b2-4794-acee-f710a7b22778,prca04,likert5,1,5,True,validated,1
6040db9a-45b2-4794-acee-f710a7b22778,prca05,likert5,4,4,True,validated,0
6040db9a-45b2-4794-acee-f710a7b22778,prca06,likert5,1,5,True,validated,1
6040db9a-45b2-4794-acee-f710a7b22778,prca13,likert5,2,2,True,validated,0
6040db9a-45b2-4794-acee-f710a7b22778,prca14,likert5,1,5,True,validated,1
6040db9a-45b2-4794-acee-f710a7b22778,prca15,likert5,2,2,True,validated,0
6040db9a-45b2-4794-acee-f710a7b22778,prca16,likert5,2,4,True,validated,1
6040db9a-45b2-4794-acee-f710a7b22778,prca17,likert5,4,2,True,validated,1
6040db9a-45b2-4794-acee-f710a7b22778,prca18,likert5,1,1,True,validated,0
937493dc-754b-4fab-910f-5e68ac430c31,prca01,likert5,4,4,True,validated,0
937493dc-754b-4fab-910f-5e68ac430c31,prca02,likert5,2,4,True,validated,1
937493dc-754b-4fab-910f-5e68ac430c31,prca03,likert5,1,1,True,validated,0
937493dc-754b-4fab-910f-5e68ac430c31,prca04,likert5,4,2,True,validated,1
937493dc-754b-4fab-910f-5e68ac430c31,prca05,likert5,1,1,True,validated,0
937493dc-754b-4fab-910f-5e68ac430c31,prca06,likert5,3,3,True,validated,1
937493dc-754b-4fab-910f-5e68ac430c31,prca13,likert5,1,1,True,validated,0
937493dc-754b-4fab-910f-5e68ac430c31,prca14,likert5,4,2,True,validated,1
937493dc-754b-4fab-910f-5e68ac430c31,prca15,likert5,1,1,True,validated,0
937493dc-754b-4fab-910f-5e68ac430c31,prca16,likert5,3,3,True,validated,1
937493dc-754b-4fab-910f-5e68ac430c31,prca17,likert5,4,2,True,validated,1
937493dc-754b-4fab-910f-5e68ac430c31,prca18,likert5,1,1,True,validated,0
7052c0bb-5227-4818-8786-812e8c54688d,prca01,likert5,4,4,True,validated,0
7052c0bb-5227-4818-8786-812e8c54688d,prca02,likert5,1,5,True,validated,1
7052c0bb-5227-4818-8786-812e8c54688d,prca03,likert5,1,1,True,validated,0
7052c0bb-5227-4818-8786-812e8c54688d,prca04,likert5,2,4,True,validated,1
7052c0bb-5227-4818-8786-812e8c54688d,prca05,likert5,1,1,True,validated,0
7052c0bb-5227-4818-8786-812e8c54688d,prca06,likert5,2,4,True,validated,1
7052c0bb-5227-4818-8786-812e8c54688d,prca13,likert5,1,1,True,validated,0
7052c0bb-5227-4818-8786-812e8c54688d,prca14,likert5,2,4,True,validated,1
7052c0bb-5227-4818-8786-812e8c54688d,prca15,likert5,1,1,True,validated,0
7052c0bb-5227-4818-8786-812e8c54688d,prca16,likert5,2,4,True,validated,1
7052c0bb-5227-4818-8786-812e8c54688d,prca17,likert5,2,4,True,validated,1
7052c0bb-5227-4818-8786-812e8c54688d,prca18,likert5,4,4,True,validated,0
db1b5566-adf1-4f36-8884-e7fcf1f85acf,prca01,likert5,1,1,True,validated,0
db1b5566-adf1-4f36-8884-e7fcf1f85acf,prca02,likert5,1,5,True,validated,1
db1b5566-adf1-4f36-8884-e7fcf1f85acf,prca03,likert5,4,4,True,validated,0
db1b5566-adf1-4f36-8884-e7fcf1f85acf,prca04,likert5,2,4,True,validated,1
db1b5566-adf1-4f36-8884-e7fcf1f85acf,prca05,likert5,4,4,True,validated,0
db1b5566-adf1-4f36-8884-e7fcf1f85acf,prca06,likert5,4,2,True,validated,1
db1b5566-adf1-4f36-8884-e7fcf1f85acf,prca13,likert5,1,1,True,validated,0
db1b5566-adf1-4f36-8884-e7fcf1f85acf,prca14,likert5,1,5,True,validated,1
db1b5566-adf1-4f36-8884-e7fcf1f85acf,prca15,likert5,1,1,True,validated,0
db1b5566-adf1-4f36-8884-e7fcf1f85acf,prca16,likert5,4,2,True,validated,1
db1b5566-adf1-4f36-8884-e7fcf1f85acf,prca17,likert5,4,2,True,validated,1
db1b5566-adf1-4f36-8884-e7fcf1f85acf,prca18,likert5,2,2,True,validated,0
803fc1d0-340e-40e8-829f-3613a7254dd9,prca01,likert5,4,4,True,validated,0
803fc1d0-340e-40e8-829f-3613a7254dd9,prca02,likert5,2,4,True,validated,1
803fc1d0-340e-40e8-829f-3613a7254dd9,prca03,likert5,2,2,True,validated,0
803fc1d0-340e-40e8-829f-3613a7254dd9,prca04,likert5,1,5,True,validated,1
803fc1d0-340e-40e8-829f-3613a7254dd9,prca05,likert5,1,1,True,validated,0
803fc1d0-340e-40e8-829f-3613a7254dd9,prca06,likert5,2,4,True,validated,1
803fc1d0-340e-40e8-829f-3613a7254dd9,prca13,likert5,4,4,True,validated,0
803fc1d0-340e-40e8-829f-3613a7254dd9,prca14,likert5,2,4,True,validated,1
803fc1d0-340e-40e8-829f-3613a7254dd9,prca15,likert5,1,1,True,validated,0
803fc1d0-340e-40e8-829f-3613a7254dd9,prca16,likert5,1,5,True,validated,1
803fc1d0-340e-40e8-829f-3613a7254dd9,prca17,likert5,1,5,True,validated,1
803fc1d0-340e-40e8-829f-3613a7254dd9,prca18,likert5,4,4,True,validated,0
1b071a6b-35e9-4ed5-b532-fe4fc0dd4753,prca01,likert5,4,4,True,validated,0
1b071a6b-35e9-4ed5-b532-fe4fc0dd4753,prca02,likert5,4,2,True,validated,1
1b071a6b-35e9-4ed5-b532-fe4fc0dd4753,prca03,likert5,3,3,True,validated,0
1b071a6b-35e9-4ed5-b532-fe4fc0dd4753,prca04,likert5,4,2,True,validated,1
1b071a6b-35e9-4ed5-b532-fe4fc0dd4753,prca05,likert5,1,1,True,validated,0
1b071a6b-35e9-4ed5-b532-fe4fc0dd4753,prca06,likert5,3,3,True,validated,1
1b071a6b-35e9-4ed5-b532-fe4fc0dd4753,prca13,likert5,4,4,True,validated,0
1b071a6b-35e9-4ed5-b532-fe4fc0dd4753,prca14,likert5,4,2,True,validated,1
1b071a6b-35e9-4ed5-b532-fe4fc0dd4753,prca15,likert5,2,2,True,validated,0
1b071a6b-35e9-4ed5-b532-fe4fc0dd4753,prca16,likert5,1,5,True,validated,1
1b071a6b-35e9-4ed5-b532-fe4fc0dd4753,prca17,likert5,4,2,True,validated,1
1b071a6b-35e9-4ed5-b532-fe4fc0dd4753,prca18,likert5,1,1,True,validated,0
26a8f2a9-3d97-4734-930e-74769708da27,prca01,likert5,4,4,True,validated,0
26a8f2a9-3d97-4734-930e-74769708da27,prca02,likert5,4,2,True,validated,1
26a8f2a9-3d97-4734-930e-74769708da27,prca03,likert5,1,1,True,validated,0
26a8f2a9-3d97-4734-930e-74769708da27,prca04,likert5,4,2,True,validated,1
26a8f2a9-3d97-4734-930e-74769708da27,prca05,likert5,4,4,True,validated,0
26a8f2a9-3d97-4734-930e-74769708da27,prca06,likert5,2,4,True,validated,1
26a8f2a9-3d97-4734-930e-74769708da27,prca13,likert5,4,4,True,validated,0
26a8f2a9-3d97-4734-930e-74769708da27,prca14,likert5,4,2,True,validated,1
26a8f2a9-3d97-4734-930e-74769708da27,prca15,likert5,4,4,True,validated,0
26a8f2a9-3d97-4734-930e-74769708da27,prca16,likert5,1,5,True,validated,1
26a8f2a9-3d97-4734-930e-74769708da27,prca17,likert5,1,5,True,validated,1
26a8f2a9-3d97-4734-930e-74769708da27,prca18,likert5,1,1,True,validated,0
388b7f74-9e50-4d1a-9059-51357ceedbc1,prca01,likert5,1,1,True,validated,0
388b7f74-9e50-4d1a-9059-51357ceedbc1,prca02,likert5,4,2,True,validated,1
388b7f74-9e50-4d1a-9059-51357ceedbc1,prca03,likert5,1,1,True,validated,0
388b7f74-9e50-4d1a-9059-51357ceedbc1,prca04,likert5,1,5,True,validated,1
388b7f74-9e50-4d1a-9059-51357ceedbc1,prca05,likert5,1,1,True,validated,0
388b7f74-9e50-4d1a-9059-51357ceedbc1,prca06,likert5,1,5,True,validated,1
388b7f74-9e50-4d1a-9059-51357ceedbc1,prca13,likert5,1,1,True,validated,0
388b7f74-9e50-4d1a-9059-51357ceedbc1,prca14,likert5,4,2,True,validated,1
388b7f74-9e50-4d1a-9059-51357ceedbc1,prca15,likert5,1,1,True,validated,0
388b7f74-9e50-4d1a-9059-51357ceedbc1,prca16,likert5,4,2,True,validated,1
388b7f74-9e50-4d1a-9059-51357ceedbc1,prca17,likert5,1,5,True,validated,1
388b7f74-9e50-4d1a-9059-51357ceedbc1,prca18,likert5,2,2,True,validated,0
fe3bf4f6-efc4-476f-a555-721f4b7ad927,prca01,likert5,1,1,True,validated,0
fe3bf4f6-efc4-476f-a555-721f4b7ad927,prca02,likert5,2,4,True,validated,1
fe3bf4f6-efc4-476f-a555-721f4b7ad927,prca03,likert5,1,1,True,validated,0
fe3bf4f6-efc4-476f-a555-721f4b7ad927,prca04,likert5,1,5,True,validated,1
fe3bf4f6-efc4-476f-a555-721f4b7ad927,prca05,likert5,1,1,True,validated,0
fe3bf4f6-efc4-476f-a555-721f4b7ad927,prca06,likert5,1,5,True,validated,1
fe3bf4f6-efc4-476f-a555-721f4b7ad927,prca13,likert5,1,1,True,validated,0
fe3bf4f6-efc4-476f-a555-721f4b7ad927,prca14,likert5,2,4,True,validated,1
fe3bf4f6-efc4-476f-a555-721f4b7ad927,prca15,likert5,2,2,True,validated,0
fe3bf4f6-efc4-476f-a555-721f4b7ad927,prca16,likert5,4,2,True,validated,1
fe3bf4f6-efc4-476f-a555-721f4b7ad927,prca17,likert5,2,4,True,validated,1
fe3bf4f6-efc4-476f-a555-721f4b7ad927,prca18,likert5,4,4,True,validated,0
d27c5ff1-f6df-469e-b327-8c46a9e59168,prca01,likert5,4,4,True,validated,0
d27c5ff1-f6df-469e-b327-8c46a9e59168,prca02,likert5,1,5,True,validated,1
d27c5ff1-f6df-469e-b327-8c46a9e59168,prca03,likert5,2,2,True,validated,0
d27c5ff1-f6df-469e-b327-8c46a9e59168,prca04,likert5,2,4,True,validated,1
d27c5ff1-f6df-469e-b327-8c46a9e59168,prca05,likert5,4,4,True,validated,0
d27c5ff1-f6df-469e-b327-8c46a9e59168,prca06,likert5,1,5,True,validated,1
d27c5ff1-f6df-469e-b327-8c46a9e59168,prca13,likert5,4,4,True,validated,0
d27c5ff1-f6df-469e-b327-8c46a9e59168,prca14,likert5,2,4,True,validated,1
d27c5ff1-f6df-469e-b327-8c46a9e59168,prca15,likert5,1,1,True,validated,0
d27c5ff1-f6df-469e-b327-8c46a9e59168,prca16,likert5,4,2,True,validated,1
d27c5ff1-f6df-469e-b327-8c46a9e59168,prca17,likert5,2,4,True,validated,1
d27c5ff1-f6df-469e-b327-8c46a9e59168,prca18,likert5,2,2,True,validated,0
3b6afb3f-0f8b-4644-9c5a-8f10f35af547,prca01,likert5,4,4,True,validated,0
3b6afb3f-0f8b-4644-9c5a-8f10f35af547,prca02,likert5,4,2,True,validated,1
3b6afb3f-0f8b-4644-9c5a-8f10f35af547,prca03,likert5,2,2,True,validated,0
3b6afb3f-0f8b-4644-9c5a-8f10f35af547,prca04,likert5,1,5,True,validated,1
3b6afb3f-0f8b-4644-9c5a-8f10f35af547,prca05,likert5,2,2,True,validated,0
3b6afb3f-0f8b-4644-9c5a-8f10f35af547,prca06,likert5,2,4,True,validated,1
3b6afb3f-0f8b-4644-9c5a-8f10f35af547,prca13,likert5,1,1,True,validated,0
3b6afb3f-0f8b-4644-9c5a-8f10f35af547,prca14,likert5,4,2,True,validated,1
3b6afb3f-0f8b-4644-9c5a-8f10f35af547,prca15,likert5,2,2,True,validated,0
3b6afb3f-0f8b-4644-9c5a-8f10f35af547,prca16,likert5,2,4,True,validated,1
3b6afb3f-0f8b-4644-9c5a-8f10f35af547,prca17,likert5,2,4,True,validated,1
3b6afb3f-0f8b-4644-9c5a-8f10f35af547,prca18,likert5,2,2,True,validated,0
850b81fb-7e0a-490d-a0b4-65a3e2218257,prca01,likert5,4,4,True,validated,0
850b81fb-7e0a-490d-a0b4-65a3e2218257,prca02,likert5,2,4,True,validated,1
850b81fb-7e0a-490d-a0b4-65a3e2218257,prca03,likert5,1,1,True,validated,0
850b81fb-7e0a-490d-a0b4-65a3e2218257,prca04,likert5,1,5,True,validated,1
850b81fb-7e0a-490d-a0b4-65a3e2218257,prca05,likert5,1,1,True,validated,0
850b81fb-7e0a-490d-a0b4-65a3e2218257,prca06,likert5,3,3,True,validated,1
850b81fb-7e0a-490d-a0b4-65a3e2218257,prca13,likert5,2,2,True,validated,0
850b81fb-7e0a-490d-a0b4-65a3e2218257,prca14,likert5,4,2,True,validated,1
850b81fb-7e0a-490d-a0b4-65a3e2218257,prca15,likert5,1,1,True,validated,0
850b81fb-7e0a-490d-a0b4-65a3e2218257,prca16,likert5,1,5,True,validated,1
850b81fb-7e0a-490d-a0b4-65a3e2218257,prca17,likert5,1,5,True,validated,1
850b81fb-7e0a-490d-a0b4-65a3e2218257,prca18,likert5,4,4,True,validated,0
d2aaddc0-a9a3-4c23-ba7c-1fe7901c3d58,prca01,likert5,2,2,True,validated,0
d2aaddc0-a9a3-4c23-ba7c-1fe7901c3d58,prca02,likert5,4,2,True,validated,1
d2aaddc0-a9a3-4c23-ba7c-1fe7901c3d58,prca03,likert5,1,1,True,validated,0
d2aaddc0-a9a3-4c23-ba7c-1fe7901c3d58,prca04,likert5,1,5,True,validated,1
d2aaddc0-a9a3-4c23-ba7c-1fe7901c3d58,prca05,likert5,4,4,True,validated,0
d2aaddc0-a9a3-4c23-ba7c-1fe7901c3d58,prca06,likert5,3,3,True,validated,1
d2aaddc0-a9a3-4c23-ba7c-1fe7901c3d58,prca13,likert5,1,1,True,validated,0
d2aaddc0-a9a3-4c23-ba7c-1fe7901c3d58,prca14,likert5,1,5,True,validated,1
d2aaddc0-a9a3-4c23-ba7c-1fe7901c3d58,prca15,likert5,1,1,True,validated,0
d2aaddc0-a9a3-4c23-ba7c-1fe7901c3d58,prca16,likert5,4,2,True,validated,1
d2aaddc0-a9a3-4c23-ba7c-1fe7901c3d58,prca17,likert5,1,5,True,validated,1
d2aaddc0-a9a3-4c23-ba7c-1fe7901c3d58,prca18,likert5,1,1,True,validated,0
47392eaa-c790-4022-ab94-9b7aaf1ba65e,prca01,likert5,1,1,True,validated,0
47392eaa-c790-4022-ab94-9b7aaf1ba65e,prca02,likert5,1,5,True,validated,1
47392eaa-c790-4022-ab94-9b7aaf1ba65e,prca03,likert5,1,1,True,validated,0
47392eaa-c790-4022-ab94-9b7aaf1ba65e,prca04,likert5,3,3,True,validated,1
47392eaa-c790-4022-ab94-9b7aaf1ba65e,prca05,likert5,1,1,True,validated,0
47392eaa-c790-4022-ab94-9b7aaf1ba65e,prca06,likert5,2,4,True,validated,1
47392eaa-c790-4022-ab94-9b7aaf1ba65e,prca13,likert5,4,4,True,validated,0
47392eaa-c790-4022-ab94-9b7aaf1ba65e,prca14,likert5,1,5,True,validated,1
47392eaa-c790-4022-ab94-9b7aaf1ba65e,prca15,likert5,1,1,True,validated,0
47392eaa-c790-4022-ab94-9b7aaf1ba65e,prca16,likert5,1,5,True,validated,1
47392eaa-c790-4022-ab94-9b7aaf1ba65e,prca17,likert5,1,5,True,validated,1
47392eaa-c790-4022-ab94-9b7aaf1ba65e,prca18,likert5,2,2,True,validated,0
6d62956a-b8ac-4521-949b-f1e703bafafd,prca01,likert5,4,4,True,validated,0
6d62956a-b8ac-4521-949b-f1e703bafafd,prca02,likert5,2,4,True,validated,1
6d62956a-b8ac-4521-949b-f1e703bafafd,prca03,likert5,1,1,True,validated,0
6d62956a-b8ac-4521-949b-f1e703bafafd,prca04,likert5,1,5,True,validated,1
6d62956a-b8ac-4521-949b-f1e703bafafd,prca05,likert5,1,1,True,validated,0
6d62956a-b8ac-4521-949b-f1e703bafafd,prca06,likert5,1,5,True,validated,1
6d62956a-b8ac-4521-949b-f1e703bafafd,prca13,likert5,2,2,True,validated,0
6d62956a-b8ac-4521-949b-f1e703bafafd,prca14,likert5,1,5,True,validated,1
6d62956a-b8ac-4521-949b-f1e703bafafd,prca15,likert5,1,1,True,validated,0
6d62956a-b8ac-4521-949b-f1e703bafafd,prca16,likert5,1,5,True,validated,1
6d62956a-b8ac-4521-949b-f1e703bafafd,prca17,likert5,2,4,True,validated,1
6d62956a-b8ac-4521-949b-f1e703bafafd,prca18,likert5,2,2,True,validated,0
d330ebb6-26da-48ff-a919-b408b75a7558,prca01,likert5,1,1,True,validated,0
d330ebb6-26da-48ff-a919-b408b75a7558,prca02,likert5,4,2,True,validated,1
d330ebb6-26da-48ff-a919-b408b75a7558,prca03,likert5,1,1,True,validated,0
d330ebb6-26da-48ff-a919-b408b75a7558,prca04,likert5,1,5,True,validated,1
d330ebb6-26da-48ff-a919-b408b75a7558,prca05,likert5,4,4,True,validated,0
d330ebb6-26da-48ff-a919-b408b75a7558,prca06,likert5,2,4,True,validated,1
d330ebb6-26da-48ff-a919-b408b75a7558,prca13,likert5,1,1,True,validated,0
d330ebb6-26da-48ff-a919-b408b75a7558,prca14,likert5,1,5,True,validated,1
d330ebb6-26da-48ff-a919-b408b75a7558,prca15,likert5,1,1,True,validated,0
d330ebb6-26da-48ff-a919-b408b75a7558,prca16,likert5,1,5,True,validated,1
d330ebb6-26da-48ff-a919-b408b75a7558,prca17,likert5,4,2,True,validated,1
d330ebb6-26da-48ff-a919-b408b75a7558,prca18,likert5,4,4,True,validated,0
58255bd5-a1c4-49b8-ba06-7a3748f4a595,prca01,likert5,1,1,True,validated,0
58255bd5-a1c4-49b8-ba06-7a3748f4a595,prca02,likert5,2,4,True,validated,1
58255bd5-a1c4-49b8-ba06-7a3748f4a595,prca03,likert5,4,4,True,validated,0
58255bd5-a1c4-49b8-ba06-7a3748f4a595,prca04,likert5,2,4,True,validated,1
58255bd5-a1c4-49b8-ba06-7a3748f4a595,prca05,likert5,4,4,True,validated,0
58255bd5-a1c4-49b8-ba06-7a3748f4a595,prca06,likert5,4,2,True,validated,1
58255bd5-a1c4-49b8-ba06-7a3748f4a595,prca13,likert5,1,1,True,validated,0
58255bd5-a1c4-49b8-ba06-7a3748f4a595,prca14,likert5,3,3,True,validated,1
58255bd5-a1c4-49b8-ba06-7a3748f4a595,prca15,likert5,4,4,True,validated,0
58255bd5-a1c4-49b8-ba06-7a3748f4a595,prca16,likert5,2,4,True,validated,1
58255bd5-a1c4-49b8-ba06-7a3748f4a595,prca17,likert5,2,4,True,validated,1
58255bd5-a1c4-49b8-ba06-7a3748f4a595,prca18,likert5,1,1,True,validated,0
ce7d7f13-842d-438e-a8d1-c5ef6ea67d62,prca01,likert5,4,4,True,validated,0
ce7d7f13-842d-438e-a8d1-c5ef6ea67d62,prca02,likert5,4,2,True,validated,1
ce7d7f13-842d-438e-a8d1-c5ef6ea67d62,prca03,likert5,1,1,True,validated,0
ce7d7f13-842d-438e-a8d1-c5ef6ea67d62,prca04,likert5,4,2,True,validated,1
ce7d7f13-842d-438e-a8d1-c5ef6ea67d62,prca05,likert5,4,4,True,validated,0
ce7d7f13-842d-438e-a8d1-c5ef6ea67d62,prca06,likert5,1,5,True,validated,1
ce7d7f13-842d-438e-a8d1-c5ef6ea67d62,prca13,likert5,1,1,True,validated,0
ce7d7f13-842d-438e-a8d1-c5ef6ea67d62,prca14,likert5,2,4,True,validated,1
ce7d7f13-842d-438e-a8d1-c5ef6ea67d62,prca15,likert5,1,1,True,validated,0
ce7d7f13-842d-438e-a8d1-c5ef6ea67d62,prca16,likert5,2,4,True,validated,1
ce7d7f13-842d-438e-a8d1-c5ef6ea67d62,prca17,likert5,1,5,True,validated,1
ce7d7f13-842d-438e-a8d1-c5ef6ea67d62,prca18,likert5,1,1,True,validated,0
cf6df131-b888-44f1-94ef-a60aff05811e,prca01,likert5,1,1,True,validated,0
cf6df131-b888-44f1-94ef-a60aff05811e,prca02,likert5,3,3,True,validated,1
cf6df131-b888-44f1-94ef-a60aff05811e,prca03,likert5,4,4,True,validated,0
cf6df131-b888-44f1-94ef-a60aff05811e,prca04,likert5,4,2,True,validated,1
cf6df131-b888-44f1-94ef-a60aff05811e,prca05,likert5,4,4,True,validated,0
cf6df131-b888-44f1-94ef-a60aff05811e,prca06,likert5,2,4,True,validated,1
cf6df131-b888-44f1-94ef-a60aff05811e,prca13,likert5,1,1,True,validated,0
cf6df131-b888-44f1-94ef-a60aff05811e,prca14,likert5,2,4,True,validated,1
cf6df131-b888-44f1-94ef-a60aff05811e,prca15,likert5,4,4,True,validated,0
cf6df131-b888-44f1-94ef-a60aff05811e,prca16,likert5,2,4,True,validated,1
cf6df131-b888-44f1-94ef-a60aff05811e,prca17,likert5,2,4,True,validated,1
cf6df131-b888-44f1-94ef-a60aff05811e,prca18,likert5,1,1,True,validated,0
b7f293c5-f6e2-4456-96f2-f1328c84df5c,prca01,likert5,4,4,True,validated,0
b7f293c5-f6e2-4456-96f2-f1328c84df5c,prca02,likert5,2,4,True,validated,1
b7f293c5-f6e2-4456-96f2-f1328c84df5c,prca03,likert5,1,1,True,validated,0
b7f293c5-f6e2-4456-96f2-f1328c84df5c,prca04,likert5,2,4,True,validated,1
b7f293c5-f6e2-4456-96f2-f1328c84df5c,prca05,likert5,4,4,True,validated,0
b7f293c5-f6e2-4456-96f2-f1328c84df5c,prca06,likert5,1,5,True,validated,1
b7f293c5-f6e2-4456-96f2-f1328c84df5c,prca13,likert5,2,2,True,validated,0
b7f293c5-f6e2-4456-96f2-f1328c84df5c,prca14,likert5,4,2,True,validated,1
b7f293c5-f6e2-4456-96f2-f1328c84df5c,prca15,likert5,2,2,True,validated,0
b7f293c5-f6e2-4456-96f2-f1328c84df5c,prca16,likert5,2,4,True,validated,1
b7f293c5-f6e2-4456-96f2-f1328c84df5c,prca17,likert5,1,5,True,validated,1
b7f293c5-f6e2-4456-96f2-f1328c84df5c,prca18,likert5,4,4,True,validated,0
2860f84b-ce95-41c1-b894-e0c9e4b6496a,prca01,likert5,1,1,True,validated,0
2860f84b-ce95-41c1-b894-e0c9e4b6496a,prca02,likert5,2,4,True,validated,1
2860f84b-ce95-41c1-b894-e0c9e4b6496a,prca03,likert5,2,2,True,validated,0
2860f84b-ce95-41c1-b894-e0c9e4b6496a,prca04,likert5,2,4,True,validated,1
2860f84b-ce95-41c1-b894-e0c9e4b6496a,prca05,likert5,2,2,True,validated,0
2860f84b-ce95-41c1-b894-e0c9e4b6496a,prca06,likert5,1,5,True,validated,1
2860f84b-ce95-41c1-b894-e0c9e4b6496a,prca13,likert5,1,1,True,validated,0
2860f84b-ce95-41c1-b894-e0c9e4b6496a,prca14,likert5,2,4,True,validated,1
2860f84b-ce95-41c1-b894-e0c9e4b6496a,prca15,likert5,1,1,True,validated,0
2860f84b-ce95-41c1-b894-e0c9e4b6496a,prca16,likert5,1,5,True,validated,1
2860f84b-ce95-41c1-b894-e0c9e4b6496a,prca17,likert5,1,5,True,validated,1
2860f84b-ce95-41c1-b894-e0c9e4b6496a,prca18,likert5,1,1,True,validated,0
2b23afa2-6784-4922-a2f9-780bffe66a7e,prca01,likert5,2,2,True,validated,0
2b23afa2-6784-4922-a2f9-780bffe66a7e,prca02,likert5,1,5,True,validated,1
2b23afa2-6784-4922-a2f9-780bffe66a7e,prca03,likert5,2,2,True,validated,0
2b23afa2-6784-4922-a2f9-780bffe66a7e,prca04,likert5,1,5,True,validated,1
2b23afa2-6784-4922-a2f9-780bffe66a7e,prca05,likert5,4,4,True,validated,0
2b23afa2-6784-4922-a2f9-780bffe66a7e,prca06,likert5,2,4,True,validated,1
2b23afa2-6784-4922-a2f9-780bffe66a7e,prca13,likert5,4,4,True,validated,0
2b23afa2-6784-4922-a2f9-780bffe66a7e,prca14,likert5,4,2,True,validated,1
2b23afa2-6784-4922-a2f9-780bffe66a7e,prca15,likert5,1,1,True,validated,0
2b23afa2-6784-4922-a2f9-780bffe66a7e,prca16,likert5,1,5,True,validated,1
2b23afa2-6784-4922-a2f9-780bffe66a7e,prca17,likert5,1,5,True,validated,1
2b23afa2-6784-4922-a2f9-780bffe66a7e,prca18,likert5,1,1,True,validated,0
3010c80d-1b09-4e6a-b610-22b9b2d27866,prca01,likert5,4,4,True,validated,0
3010c80d-1b09-4e6a-b610-22b9b2d27866,prca02,likert5,2,4,True,validated,1
3010c80d-1b09-4e6a-b610-22b9b2d27866,prca03,likert5,2,2,True,validated,0
3010c80d-1b09-4e6a-b610-22b9b2d27866,prca04,likert5,3,3,True,validated,1
3010c80d-1b09-4e6a-b610-22b9b2d27866,prca05,likert5,4,4,True,validated,0
3010c80d-1b09-4e6a-b610-22b9b2d27866,prca06,likert5,1,5,True,validated,1
3010c80d-1b09-4e6a-b610-22b9b2d27866,prca13,likert5,1,1,True,validated,0
3010c80d-1b09-4e6a-b610-22b9b2d27866,prca14,likert5,4,2,True,validated,1
3010c80d-1b09-4e6a-b610-22b9b2d27866,prca15,likert5,4,4,True,validated,0
3010c80d-1b09-4e6a-b610-22b9b2d27866,prca16,likert5,4,2,True,validated,1
3010c80d-1b09-4e6a-b610-22b9b2d27866,prca17,likert5,3,3,True,validated,1
3010c80d-1b09-4e6a-b610-22b9b2d27866,prca18,likert5,1,1,True,validated,0
a8d80717-2aea-4c40-b0b9-7430264017cb,prca01,likert5,4,4,True,validated,0
a8d80717-2aea-4c40-b0b9-7430264017cb,prca02,likert5,1,5,True,validated,1
a8d80717-2aea-4c40-b0b9-7430264017cb,prca03,likert5,2,2,True,validated,0
a8d80717-2aea-4c40-b0b9-7430264017cb,prca04,likert5,1,5,True,validated,1
a8d80717-2aea-4c40-b0b9-7430264017cb,prca05,likert5,4,4,True,validated,0
a8d80717-2aea-4c40-b0b9-7430264017cb,prca06,likert5,4,2,True,validated,1
a8d80717-2aea-4c40-b0b9-7430264017cb,prca13,likert5,4,4,True,validated,0
a8d80717-2aea-4c40-b0b9-7430264017cb,prca14,likert5,2,4,True,validated,1
a8d80717-2aea-4c40-b0b9-7430264017cb,prca15,likert5,1,1,True,validated,0
a8d80717-2aea-4c40-b0b9-7430264017cb,prca16,likert5,4,2,True,validated,1
a8d80717-2aea-4c40-b0b9-7430264017cb,prca17,likert5,2,4,True,validated,1
a8d80717-2aea-4c40-b0b9-7430264017cb,prca18,likert5,1,1,True,validated,0
f75a8b61-c5f3-47b7-b137-cb923b8c9487,prca01,likert5,1,1,True,validated,0
f75a8b61-c5f3-47b7-b137-cb923b8c9487,prca02,likert5,1,5,True,validated,1
f75a8b61-c5f3-47b7-b137-cb923b8c9487,prca03,likert5,1,1,True,validated,0
f75a8b61-c5f3-47b7-b137-cb923b8c9487,prca04,likert5,4,2,True,validated,1
f75a8b61-c5f3-47b7-b137-cb923b8c9487,prca05,likert5,1,1,True,validated,0
f75a8b61-c5f3-47b7-b137-cb923b8c9487,prca06,likert5,4,2,True,validated,1
f75a8b61-c5f3-47b7-b137-cb923b8c9487,prca13,likert5,1,1,True,validated,0
f75a8b61-c5f3-47b7-b137-cb923b8c9487,prca14,likert5,1,5,True,validated,1
f75a8b61-c5f3-47b7-b137-cb923b8c9487,prca15,likert5,4,4,True,validated,0
f75a8b61-c5f3-47b7-b137-cb923b8c9487,prca16,likert5,1,5,True,validated,1
f75a8b61-c5f3-47b7-b137-cb923b8c9487,prca17,likert5,1,5,True,validated,1
f75a8b61-c5f3-47b7-b137-cb923b8c9487,prca18,likert5,2,2,True,validated,0
9fd467e3-4834-497d-a1ef-8ed043899b08,prca01,likert5,1,1,True,validated,0
9fd467e3-4834-497d-a1ef-8ed043899b08,prca02,likert5,3,3,True,validated,1
9fd467e3-4834-497d-a1ef-8ed043899b08,prca03,likert5,2,2,True,validated,0
9fd467e3-4834-497d-a1ef-8ed043899b08,prca04,likert5,2,4,True,validated,1
9fd467e3-4834-497d-a1ef-8ed043899b08,prca05,likert5,1,1,True,validated,0
9fd467e3-4834-497d-a1ef-8ed043899b08,prca06,likert5,3,3,True,validated,1
9fd467e3-4834-497d-a1ef-8ed043899b08,prca13,likert5,2,2,True,validated,0
9fd467e3-4834-497d-a1ef-8ed043899b08,prca14,likert5,4,2,True,validated,1
9fd467e3-4834-497d-a1ef-8ed043899b08,prca15,likert5,1,1,True,validated,0
9fd467e3-4834-497d-a1ef-8ed043899b08,prca16,likert5,2,4,True,validated,1
9fd467e3-4834-497d-a1ef-8ed043899b08,prca17,likert5,4,2,True,validated,1
9fd467e3-4834-497d-a1ef-8ed043899b08,prca18,likert5,4,4,True,validated,0
364f6417-fd6e-41f1-a27c-e7908b6f7846,prca01,likert5,1,1,True,validated,0
364f6417-fd6e-41f1-a27c-e7908b6f7846,prca02,likert5,1,5,True,validated,1
364f6417-fd6e-41f1-a27c-e7908b6f7846,prca03,likert5,1,1,True,validated,0
364f6417-fd6e-41f1-a27c-e7908b6f7846,prca04,likert5,4,2,True,validated,1
364f6417-fd6e-41f1-a27c-e7908b6f7846,prca05,likert5,1,1,True,validated,0
364f6417-fd6e-41f1-a27c-e7908b6f7846,prca06,likert5,1,5,True,validated,1
364f6417-fd6e-41f1-a27c-e7908b6f7846,prca13,likert5,1,1,True,validated,0
364f6417-fd6e-41f1-a27c-e7908b6f7846,prca14,likert5,2,4,True,validated,1
364f6417-fd6e-41f1-a27c-e7908b6f7846,prca15,likert5,1,1,True,validated,0
364f6417-fd6e-41f1-a27c-e7908b6f7846,prca16,likert5,4,2,True,validated,1
364f6417-fd6e-41f1-a27c-e7908b6f7846,prca17,likert5,4,2,True,validated,1
364f6417-fd6e-41f1-a27c-e7908b6f7846,prca18,likert5,1,1,True,validated,0
6623cfff-87c8-4a48-a379-d8d640d83388,prca01,likert5,4,4,True,validated,0
6623cfff-87c8-4a48-a379-d8d640d83388,prca02,likert5,4,2,True,validated,1
6623cfff-87c8-4a48-a379-d8d640d83388,prca03,likert5,2,2,True,validated,0
6623cfff-87c8-4a48-a379-d8d640d83388,prca04,likert5,3,3,True,validated,1
6623cfff-87c8-4a48-a379-d8d640d83388,prca05,likert5,1,1,True,validated,0
6623cfff-87c8-4a48-a379-d8d640d83388,prca06,likert5,1,5,True,validated,1
6623cfff-87c8-4a48-a379-d8d640d83388,prca13,likert5,4,4,True,validated,0
6623cfff-87c8-4a48-a379-d8d640d83388,prca14,likert5,4,2,True,validated,1
6623cfff-87c8-4a48-a379-d8d640d83388,prca15,likert5,1,1,True,validated,0
6623cfff-87c8-4a48-a379-d8d640d83388,prca16,likert5,4,2,True,validated,1
6623cfff-87c8-4a48-a379-d8d640d83388,prca17,likert5,2,4,True,validated,1
6623cfff-87c8-4a48-a379-d8d640d83388,prca18,likert5,1,1,True,validated,0
796c3309-8068-40ed-a603-ece2fe80c6dc,prca01,likert5,2,2,True,validated,0
796c3309-8068-40ed-a603-ece2fe80c6dc,prca02,likert5,1,5,True,validated,1
796c3309-8068-40ed-a603-ece2fe80c6dc,prca03,likert5,4,4,True,validated,0
796c3309-8068-40ed-a603-ece2fe80c6dc,prca04,likert5,2,4,True,validated,1
796c3309-8068-40ed-a603-ece2fe80c6dc,prca05,likert5,2,2,True,validated,0
796c3309-8068-40ed-a603-ece2fe80c6dc,prca06,likert5,1,5,True,validated,1
796c3309-8068-40ed-a603-ece2fe80c6dc,prca13,likert5,4,4,True,validated,0
796c3309-8068-40ed-a603-ece2fe80c6dc,prca14,likert5,4,2,True,validated,1
796c3309-8068-40ed-a603-ece2fe80c6dc,prca15,likert5,4,4,True,validated,0
796c3309-8068-40ed-a603-ece2fe80c6dc,prca16,likert5,2,4,True,validated,1
796c3309-8068-40ed-a603-ece2fe80c6dc,prca17,likert5,2,4,True,validated,1
796c3309-8068-40ed-a603-ece2fe80c6dc,prca18,likert5,4,4,True,validated,0
3732fb83-ebf9-46ac-ab5d-8ac7fa5c17ce,prca01,likert5,3,3,True,validated,0
3732fb83-ebf9-46ac-ab5d-8ac7fa5c17ce,prca02,likert5,2,4,True,validated,1
3732fb83-ebf9-46ac-ab5d-8ac7fa5c17ce,prca03,likert5,1,1,True,validated,0
3732fb83-ebf9-46ac-ab5d-8ac7fa5c17ce,prca04,likert5,1,5,True,validated,1
3732fb83-ebf9-46ac-ab5d-8ac7fa5c17ce,prca05,likert5,1,1,True,validated,0
3732fb83-ebf9-46ac-ab5d-8ac7fa5c17ce,prca06,likert5,1,5,True,validated,1
3732fb83-ebf9-46ac-ab5d-8ac7fa5c17ce,prca13,likert5,4,4,True,validated,0
3732fb83-ebf9-46ac-ab5d-8ac7fa5c17ce,prca14,likert5,1,5,True,validated,1
3732fb83-ebf9-46ac-ab5d-8ac7fa5c17ce,prca15,likert5,1,1,True,validated,0
3732fb83-ebf9-46ac-ab5d-8ac7fa5c17ce,prca16,likert5,4,2,True,validated,1
3732fb83-ebf9-46ac-ab5d-8ac7fa5c17ce,prca17,likert5,3,3,True,validated,1
3732fb83-ebf9-46ac-ab5d-8ac7fa5c17ce,prca18,likert5,3,3,True,validated,0
e5eed8da-af02-4798-9472-21ce1530418d,prca01,likert5,4,4,True,validated,0
e5eed8da-af02-4798-9472-21ce1530418d,prca02,likert5,1,5,True,validated,1
e5eed8da-af02-4798-9472-21ce1530418d,prca03,likert5,4,4,True,validated,0
e5eed8da-af02-4798-9472-21ce1530418d,prca04,likert5,4,2,True,validated,1
e5eed8da-af02-4798-9472-21ce1530418d,prca05,likert5,1,1,True,validated,0
e5eed8da-af02-4798-9472-21ce1530418d,prca06,likert5,2,4,True,validated,1
e5eed8da-af02-4798-9472-21ce1530418d,prca13,likert5,4,4,True,validated,0
e5eed8da-af02-4798-9472-21ce1530418d,prca14,likert5,1,5,True,validated,1
e5eed8da-af02-4798-9472-21ce1530418d,prca15,likert5,4,4,True,validated,0
e5eed8da-af02-4798-9472-21ce1530418d,prca16,likert5,1,5,True,validated,1
e5eed8da-af02-4798-9472-21ce1530418d,prca17,likert5,2,4,True,validated,1
e5eed8da-af02-4798-9472-21ce1530418d,prca18,likert5,1,1,True,validated,0
ec19f421-bbe8-4e02-8b5e-b875746258bc,prca01,likert5,1,1,True,validated,0
ec19f421-bbe8-4e02-8b5e-b875746258bc,prca02,likert5,2,4,True,validated,1
ec19f421-bbe8-4e02-8b5e-b875746258bc,prca03,likert5,1,1,True,validated,0
ec19f421-bbe8-4e02-8b5e-b875746258bc,prca04,likert5,3,3,True,validated,1
ec19f421-bbe8-4e02-8b5e-b875746258bc,prca05,likert5,4,4,True,validated,0
ec19f421-bbe8-4e02-8b5e-b875746258bc,prca06,likert5,2,4,True,validated,1
ec19f421-bbe8-4e02-8b5e-b875746258bc,prca13,likert5,1,1,True,validated,0
ec19f421-bbe8-4e02-8b5e-b875746258bc,prca14,likert5,2,4,True,validated,1
ec19f421-bbe8-4e02-8b5e-b875746258bc,prca15,likert5,2,2,True,validated,0
ec19f421-bbe8-4e02-8b5e-b875746258bc,prca16,likert5,1,5,True,validated,1
ec19f421-bbe8-4e02-8b5e-b875746258bc,prca17,likert5,1,5,True,validated,1
ec19f421-bbe8-4e02-8b5e-b875746258bc,prca18,likert5,2,2,True,validated,0
09c29b32-13de-409f-9372-fb7bb5f8ee45,prca01,likert5,4,4,True,validated,0
09c29b32-13de-409f-9372-fb7bb5f8ee45,prca02,likert5,4,2,True,validated,1
09c29b32-13de-409f-9372-fb7bb5f8ee45,prca03,likert5,2,2,True,validated,0
09c29b32-13de-409f-9372-fb7bb5f8ee45,prca04,likert5,4,2,True,validated,1
09c29b32-13de-409f-9372-fb7bb5f8ee45,prca05,likert5,1,1,True,validated,0
09c29b32-13de-409f-9372-fb7bb5f8ee45,prca06,likert5,1,5,True,validated,1
09c29b32-13de-409f-9372-fb7bb5f8ee45,prca13,likert5,2,2,True,validated,0
09c29b32-13de-409f-9372-fb7bb5f8ee45,prca14,likert5,2,4,True,validated,1
09c29b32-13de-409f-9372-fb7bb5f8ee45,prca15,likert5,1,1,True,validated,0
09c29b32-13de-409f-9372-fb7bb5f8ee45,prca16,likert5,1,5,True,validated,1
09c29b32-13de-409f-9372-fb7bb5f8ee45,prca17,likert5,1,5,True,validated,1
09c29b32-13de-409f-9372-fb7bb5f8ee45,prca18,likert5,2,2,True,validated,0
631868a6-b9c1-448f-bd96-21bb3d27d54e,prca01,likert5,1,1,True,validated,0
631868a6-b9c1-448f-bd96-21bb3d27d54e,prca02,likert5,2,4,True,validated,1
631868a6-b9c1-448f-bd96-21bb3d27d54e,prca03,likert5,4,4,True,validated,0
631868a6-b9c1-448f-bd96-21bb3d27d54e,prca04,likert5,4,2,True,validated,1
631868a6-b9c1-448f-bd96-21bb3d27d54e,prca05,likert5,1,1,True,validated,0
631868a6-b9c1-448f-bd96-21bb3d27d54e,prca06,likert5,4,2,True,validated,1
631868a6-b9c1-448f-bd96-21bb3d27d54e,prca13,likert5,1,1,True,validated,0
631868a6-b9c1-448f-bd96-21bb3d27d54e,prca14,likert5,1,5,True,validated,1
631868a6-b9c1-448f-bd96-21bb3d27d54e,prca15,likert5,1,1,True,validated,0
631868a6-b9c1-448f-bd96-21bb3d27d54e,prca16,likert5,1,5,True,validated,1
631868a6-b9c1-448f-bd96-21bb3d27d54e,prca17,likert5,1,5,True,validated,1
631868a6-b9c1-448f-bd96-21bb3d27d54e,prca18,likert5,4,4,True,validated,0
0039bca0-656e-4a28-82f5-7da182e6cff8,prca01,likert5,2,2,True,validated,0
0039bca0-656e-4a28-82f5-7da182e6cff8,prca02,likert5,4,2,True,validated,1
0039bca0-656e-4a28-82f5-7da182e6cff8,prca03,likert5,1,1,True,validated,0
0039bca0-656e-4a28-82f5-7da182e6cff8,prca04,likert5,3,3,True,validated,1
0039bca0-656e-4a28-82f5-7da182e6cff8,prca05,likert5,1,1,True,validated,0
0039bca0-656e-4a28-82f5-7da182e6cff8,prca06,likert5,1,5,True,validated,1
0039bca0-656e-4a28-82f5-7da182e6cff8,prca13,likert5,4,4,True,validated,0
0039bca0-656e-4a28-82f5-7da182e6cff8,prca14,likert5,2,4,True,validated,1
0039bca0-656e-4a28-82f5-7da182e6cff8,prca15,likert5,4,4,True,validated,0
0039bca0-656e-4a28-82f5-7da182e6cff8,prca16,likert5,1,5,True,validated,1
0039bca0-656e-4a28-82f5-7da182e6cff8,prca17,likert5,4,2,True,validated,1
0039bca0-656e-4a28-82f5-7da182e6cff8,prca18,likert5,4,4,True,validated,0
c42e7f7b-4744-4ce9-93d9-22d9bacccde1,prca01,likert5,4,4,True,validated,0
c42e7f7b-4744-4ce9-93d9-22d9bacccde1,prca02,likert5,1,5,True,validated,1
c42e7f7b-4744-4ce9-93d9-22d9bacccde1,prca03,likert5,1,1,True,validated,0
c42e7f7b-4744-4ce9-93d9-22d9bacccde1,prca04,likert5,3,3,True,validated,1
c42e7f7b-4744-4ce9-93d9-22d9bacccde1,prca05,likert5,4,4,True,validated,0
c42e7f7b-4744-4ce9-93d9-22d9bacccde1,prca06,likert5,2,4,True,validated,1
c42e7f7b-4744-4ce9-93d9-22d9bacccde1,prca13,likert5,2,2,True,validated,0
c42e7f7b-4744-4ce9-93d9-22d9bacccde1,prca14,likert5,4,2,True,validated,1
c42e7f7b-4744-4ce9-93d9-22d9bacccde1,prca15,likert5,2,2,True,validated,0
c42e7f7b-4744-4ce9-93d9-22d9bacccde1,prca16,likert5,1,5,True,validated,1
c42e7f7b-4744-4ce9-93d9-22d9bacccde1,prca17,likert5,3,3,True,validated,1
c42e7f7b-4744-4ce9-93d9-22d9bacccde1,prca18,likert5,4,4,True,validated,0
a02369b7-7f34-47da-9239-178a37fca353,prca01,likert5,4,4,True,validated,0
a02369b7-7f34-47da-9239-178a37fca353,prca02,likert5,1,5,True,validated,1
a02369b7-7f34-47da-9239-178a37fca353,prca03,likert5,1,1,True,validated,0
a02369b7-7f34-47da-9239-178a37fca353,prca04,likert5,1,5,True,validated,1
a02369b7-7f34-47da-9239-178a37fca353,prca05,likert5,2,2,True,validated,0
a02369b7-7f34-47da-9239-178a37fca353,prca06,likert5,4,2,True,validated,1
a02369b7-7f34-47da-9239-178a37fca353,prca13,likert5,4,4,True,validated,0
a02369b7-7f34-47da-9239-178a37fca353,prca14,likert5,1,5,True,validated,1
a02369b7-7f34-47da-9239-178a37fca353,prca15,likert5,1,1,True,validated,0
a02369b7-7f34-47da-9239-178a37fca353,prca16,likert5,2,4,True,validated,1
a02369b7-7f34-47da-9239-178a37fca353,prca17,likert5,2,4,True,validated,1
a02369b7-7f34-47da-9239-178a37fca353,prca18,likert5,1,1,True,validated,0
f9208d0b-65a4-412c-b395-9f4b36a10078,prca01,likert5,3,3,True,validated,0
f9208d0b-65a4-412c-b395-9f4b36a10078,prca02,likert5,1,5,True,validated,1
f9208d0b-65a4-412c-b395-9f4b36a10078,prca03,likert5,2,2,True,validated,0
f9208d0b-65a4-412c-b395-9f4b36a10078,prca04,likert5,1,5,True,validated,1
f9208d0b-65a4-412c-b395-9f4b36a10078,prca05,likert5,1,1,True,validated,0
f9208d0b-65a4-412c-b395-9f4b36a10078,prca06,likert5,4,2,True,validated,1
f9208d0b-65a4-412c-b395-9f4b36a10078,prca13,likert5,2,2,True,validated,0
f9208d0b-65a4-412c-b395-9f4b36a10078,prca14,likert5,2,4,True,validated,1
f9208d0b-65a4-412c-b395-9f4b36a10078,prca15,likert5,2,2,True,validated,0
f9208d0b-65a4-412c-b395-9f4b36a10078,prca16,likert5,4,2,True,validated,1
f9208d0b-65a4-412c-b395-9f4b36a10078,prca17,likert5,2,4,True,validated,1
f9208d0b-65a4-412c-b395-9f4b36a10078,prca18,likert5,2,2,True,validated,0
e667392a-6b9e-4a2a-8080-803a65e74008,prca01,likert5,4,4,True,validated,0
e667392a-6b9e-4a2a-8080-803a65e74008,prca02,likert5,2,4,True,validated,1
e667392a-6b9e-4a2a-8080-803a65e74008,prca03,likert5,1,1,True,validated,0
e667392a-6b9e-4a2a-8080-803a65e74008,prca04,likert5,2,4,True,validated,1
e667392a-6b9e-4a2a-8080-803a65e74008,prca05,likert5,1,1,True,validated,0
e667392a-6b9e-4a2a-8080-803a65e74008,prca06,likert5,4,2,True,validated,1
e667392a-6b9e-4a2a-8080-803a65e74008,prca13,likert5,4,4,True,validated,0
e667392a-6b9e-4a2a-8080-803a65e74008,prca14,likert5,1,5,True,validated,1
e667392a-6b9e-4a2a-8080-803a65e74008,prca15,likert5,2,2,True,validated,0
e667392a-6b9e-4a2a-8080-803a65e74008,prca16,likert5,1,5,True,validated,1
e667392a-6b9e-4a2a-8080-803a65e74008,prca17,likert5,1,5,True,validated,1
e667392a-6b9e-4a2a-8080-803a65e74008,prca18,likert5,1,1,True,validated,0
2c8f1a94-b0c8-404c-bfa1-910a53eafd2a,prca01,likert5,1,1,True,validated,0
2c8f1a94-b0c8-404c-bfa1-910a53eafd2a,prca02,likert5,4,2,True,validated,1
2c8f1a94-b0c8-404c-bfa1-910a53eafd2a,prca03,likert5,1,1,True,validated,0
2c8f1a94-b0c8-404c-bfa1-910a53eafd2a,prca04,likert5,2,4,True,validated,1
2c8f1a94-b0c8-404c-bfa1-910a53eafd2a,prca05,likert5,2,2,True,validated,0
2c8f1a94-b0c8-404c-bfa1-910a53eafd2a,prca06,likert5,1,5,True,validated,1
2c8f1a94-b0c8-404c-bfa1-910a53eafd2a,prca13,likert5,2,2,True,validated,0
2c8f1a94-b0c8-404c-bfa1-910a53eafd2a,prca14,likert5,1,5,True,validated,1
2c8f1a94-b0c8-404c-bfa1-910a53eafd2a,prca15,likert5,1,1,True,validated,0
2c8f1a94-b0c8-404c-bfa1-910a53eafd2a,prca16,likert5,1,5,True,validated,1
2c8f1a94-b0c8-404c-bfa1-910a53eafd2a,prca17,likert5,2,4,True,validated,1
2c8f1a94-b0c8-404c-bfa1-910a53eafd2a,prca18,likert5,1,1,True,validated,0
d1353fc8-78cd-4a98-b317-32751595e3d0,prca01,likert5,2,2,True,validated,0
d1353fc8-78cd-4a98-b317-32751595e3d0,prca02,likert5,3,3,True,validated,1
d1353fc8-78cd-4a98-b317-32751595e3d0,prca03,likert5,1,1,True,validated,0
d1353fc8-78cd-4a98-b317-32751595e3d0,prca04,likert5,1,5,True,validated,1
d1353fc8-78cd-4a98-b317-32751595e3d0,prca05,likert5,1,1,True,validated,0
d1353fc8-78cd-4a98-b317-32751595e3d0,prca06,likert5,1,5,True,validated,1
d1353fc8-78cd-4a98-b317-32751595e3d0,prca13,likert5,4,4,True,validated,0
d1353fc8-78cd-4a98-b317-32751595e3d0,prca14,likert5,1,5,True,validated,1
d1353fc8-78cd-4a98-b317-32751595e3d0,prca15,likert5,1,1,True,validated,0
d1353fc8-78cd-4a98-b317-32751595e3d0,prca16,likert5,4,2,True,validated,1
d1353fc8-78cd-4a98-b317-32751595e3d0,prca17,likert5,1,5,True,validated,1
d1353fc8-78cd-4a98-b317-32751595e3d0,prca18,likert5,2,2,True,validated,0
3315c124-bf23-4e83-a05f-1695e1657215,prca01,likert5,1,1,True,validated,0
3315c124-bf23-4e83-a05f-1695e1657215,prca02,likert5,4,2,True,validated,1
3315c124-bf23-4e83-a05f-1695e1657215,prca03,likert5,1,1,True,validated,0
3315c124-bf23-4e83-a05f-1695e1657215,prca04,likert5,2,4,True,validated,1
3315c124-bf23-4e83-a05f-1695e1657215,prca05,likert5,2,2,True,validated,0
3315c124-bf23-4e83-a05f-1695e1657215,prca06,likert5,2,4,True,validated,1
3315c124-bf23-4e83-a05f-1695e1657215,prca13,likert5,4,4,True,validated,0
3315c124-bf23-4e83-a05f-1695e1657215,prca14,likert5,1,5,True,validated,1
3315c124-bf23-4e83-a05f-1695e1657215,prca15,likert5,1,1,True,validated,0
3315c124-bf23-4e83-a05f-1695e1657215,prca16,likert5,1,5,True,validated,1
3315c124-bf23-4e83-a05f-1695e1657215,prca17,likert5,4,2,True,validated,1
3315c124-bf23-4e83-a05f-1695e1657215,prca18,likert5,4,4,True,validated,0
b10ac01a-3c78-423a-95a3-bb6984016772,prca01,likert5,4,4,True,validated,0
b10ac01a-3c78-423a-95a3-bb6984016772,prca02,likert5,4,2,True,validated,1
b10ac01a-3c78-423a-95a3-bb6984016772,prca03,likert5,4,4,True,validated,0
b10ac01a-3c78-423a-95a3-bb6984016772,prca04,likert5,4,2,True,validated,1
b10ac01a-3c78-423a-95a3-bb6984016772,prca05,likert5,4,4,True,validated,0
b10ac01a-3c78-423a-95a3-bb6984016772,prca06,likert5,4,2,True,validated,1
b10ac01a-3c78-423a-95a3-bb6984016772,prca13,likert5,4,4,True,validated,0
b10ac01a-3c78-423a-95a3-bb6984016772,prca14,likert5,1,5,True,validated,1
b10ac01a-3c78-423a-95a3-bb6984016772,prca15,likert5,1,1,True,validated,0
b10ac01a-3c78-423a-95a3-bb6984016772,prca16,likert5,1,5,True,validated,1
b10ac01a-3c78-423a-95a3-bb6984016772,prca17,likert5,1,5,True,validated,1
b10ac01a-3c78-423a-95a3-bb6984016772,prca18,likert5,1,1,True,validated,0
50146000-48c8-463b-894b-b284cc58d2ba,prca01,likert5,1,1,True,validated,0
50146000-48c8-463b-894b-b284cc58d2ba,prca02,likert5,3,3,True,validated,1
50146000-48c8-463b-894b-b284cc58d2ba,prca03,likert5,4,4,True,validated,0
50146000-48c8-463b-894b-b284cc58d2ba,prca04,likert5,4,2,True,validated,1
50146000-48c8-463b-894b-b284cc58d2ba,prca05,likert5,4,4,True,validated,0
50146000-48c8-463b-894b-b284cc58d2ba,prca06,likert5,1,5,True,validated,1
50146000-48c8-463b-894b-b284cc58d2ba,prca13,likert5,4,4,True,validated,0
50146000-48c8-463b-894b-b284cc58d2ba,prca14,likert5,1,5,True,validated,1
50146000-48c8-463b-894b-b284cc58d2ba,prca15,likert5,4,4,True,validated,0
50146000-48c8-463b-894b-b284cc58d2ba,prca16,likert5,2,4,True,validated,1
50146000-48c8-463b-894b-b284cc58d2ba,prca17,likert5,3,3,True,validated,1
50146000-48c8-463b-894b-b284cc58d2ba,prca18,likert5,1,1,True,validated,0
2ac2125f-a0a0-417c-999f-ebaaa8b80240,prca01,likert5,1,1,True,validated,0
2ac2125f-a0a0-417c-999f-ebaaa8b80240,prca02,likert5,2,4,True,validated,1
2ac2125f-a0a0-417c-999f-ebaaa8b80240,prca03,likert5,4,4,True,validated,0
2ac2125f-a0a0-417c-999f-ebaaa8b80240,prca04,likert5,1,5,True,validated,1
2ac2125f-a0a0-417c-999f-ebaaa8b80240,prca05,likert5,2,2,True,validated,0
2ac2125f-a0a0-417c-999f-ebaaa8b80240,prca06,likert5,1,5,True,validated,1
2ac2125f-a0a0-417c-999f-ebaaa8b80240,prca13,likert5,2,2,True,validated,0
2ac2125f-a0a0-417c-999f-ebaaa8b80240,prca14,likert5,2,4,True,validated,1
2ac2125f-a0a0-417c-999f-ebaaa8b80240,prca15,likert5,1,1,True,validated,0
2ac2125f-a0a0-417c-999f-ebaaa8b80240,prca16,likert5,4,2,True,validated,1
2ac2125f-a0a0-417c-999f-ebaaa8b80240,prca17,likert5,1,5,True,validated,1
2ac2125f-a0a0-417c-999f-ebaaa8b80240,prca18,likert5,4,4,True,validated,0
4a7fc3b4-3ad1-485a-9571-3ef49fbc611e,prca01,likert5,1,1,True,validated,0
4a7fc3b4-3ad1-485a-9571-3ef49fbc611e,prca02,likert5,1,5,True,validated,1
4a7fc3b4-3ad1-485a-9571-3ef49fbc611e,prca03,likert5,4,4,True,validated,0
4a7fc3b4-3ad1-485a-9571-3ef49fbc611e,prca04,likert5,3,3,True,validated,1
4a7fc3b4-3ad1-485a-9571-3ef49fbc611e,prca05,likert5,1,1,True,validated,0
4a7fc3b4-3ad1-485a-9571-3ef49fbc611e,prca06,likert5,4,2,True,validated,1
4a7fc3b4-3ad1-485a-9571-3ef49fbc611e,prca13,likert5,4,4,True,validated,0
4a7fc3b4-3ad1-485a-9571-3ef49fbc611e,prca14,likert5,4,2,True,validated,1
4a7fc3b4-3ad1-485a-9571-3ef49fbc611e,prca15,likert5,1,1,True,validated,0
4a7fc3b4-3ad1-485a-9571-3ef49fbc611e,prca16,likert5,2,4,True,validated,1
4a7fc3b4-3ad1-485a-9571-3ef49fbc611e,prca17,likert5,1,5,True,validated,1
4a7fc3b4-3ad1-485a-9571-3ef49fbc611e,prca18,likert5,2,2,True,validated,0
31a9457f-ecc6-413a-946a-36a0a9a5ebb3,prca01,likert5,2,2,True,validated,0
31a9457f-ecc6-413a-946a-36a0a9a5ebb3,prca02,likert5,2,4,True,validated,1
31a9457f-ecc6-413a-946a-36a0a9a5ebb3,prca03,likert5,1,1,True,validated,0
31a9457f-ecc6-413a-946a-36a0a9a5ebb3,prca04,likert5,1,5,True,validated,1
31a9457f-ecc6-413a-946a-36a0a9a5ebb3,prca05,likert5,1,1,True,validated,0
31a9457f-ecc6-413a-946a-36a0a9a5ebb3,prca06,likert5,1,5,True,validated,1
31a9457f-ecc6-413a-946a-36a0a9a5ebb3,prca13,likert5,1,1,True,validated,0
31a9457f-ecc6-413a-946a-36a0a9a5ebb3,prca14,likert5,1,5,True,validated,1
31a9457f-ecc6-413a-946a-36a0a9a5ebb3,prca15,likert5,1,1,True,validated,0
31a9457f-ecc6-413a-946a-36a0a9a5ebb3,prca16,likert5,2,4,True,validated,1
31a9457f-ecc6-413a-946a-36a0a9a5ebb3,prca17,likert5,2,4,True,validated,1
31a9457f-ecc6-413a-946a-36a0a9a5ebb3,prca18,likert5,1,1,True,validated,0
38fdd72b-8729-432a-b9b4-26ccf8669734,prca01,likert5,1,1,True,validated,0
38fdd72b-8729-432a-b9b4-26ccf8669734,prca02,likert5,2,4,True,validated,1
38fdd72b-8729-432a-b9b4-26ccf8669734,prca03,likert5,1,1,True,validated,0
38fdd72b-8729-432a-b9b4-26ccf8669734,prca04,likert5,2,4,True,validated,1
38fdd72b-8729-432a-b9b4-26ccf8669734,prca05,likert5,2,2,True,validated,0
38fdd72b-8729-432a-b9b4-26ccf8669734,prca06,likert5,4,2,True,validated,1
38fdd72b-8729-432a-b9b4-26ccf8669734,prca13,likert5,2,2,True,validated,0
38fdd72b-8729-432a-b9b4-26ccf8669734,prca14,likert5,4,2,True,validated,1
38fdd72b-8729-432a-b9b4-26ccf8669734,prca15,likert5,2,2,True,validated,0
38fdd72b-8729-432a-b9b4-26ccf8669734,prca16,likert5,4,2,True,validated,1
38fdd72b-8729-432a-b9b4-26ccf8669734,prca17,likert5,4,2,True,validated,1
38fdd72b-8729-432a-b9b4-26ccf8669734,prca18,likert5,1,1,True,validated,0
92b1d951-287d-4931-b868-12ee972e93fc,prca01,likert5,4,4,True,validated,0
92b1d951-287d-4931-b868-12ee972e93fc,prca02,likert5,1,5,True,validated,1
92b1d951-287d-4931-b868-12ee972e93fc,prca03,likert5,1,1,True,validated,0
92b1d951-287d-4931-b868-12ee972e93fc,prca04,likert5,2,4,True,validated,1
92b1d951-287d-4931-b868-12ee972e93fc,prca05,likert5,2,2,True,validated,0
92b1d951-287d-4931-b868-12ee972e93fc,prca06,likert5,4,2,True,validated,1
92b1d951-287d-4931-b868-12ee972e93fc,prca13,likert5,1,1,True,validated,0
92b1d951-287d-4931-b868-12ee972e93fc,prca14,likert5,4,2,True,validated,1
92b1d951-287d-4931-b868-12ee972e93fc,prca15,likert5,1,1,True,validated,0
92b1d951-287d-4931-b868-12ee972e93fc,prca16,likert5,4,2,True,validated,1
92b1d951-287d-4931-b868-12ee972e93fc,prca17,likert5,4,2,True,validated,1
92b1d951-287d-4931-b868-12ee972e93fc,prca18,likert5,1,1,True,validated,0
83753be4-8a95-4a17-a9a1-2735130565e8,prca01,likert5,4,4,True,validated,0
83753be4-8a95-4a17-a9a1-2735130565e8,prca02,likert5,1,5,True,validated,1
83753be4-8a95-4a17-a9a1-2735130565e8,prca03,likert5,2,2,True,validated,0
83753be4-8a95-4a17-a9a1-2735130565e8,prca04,likert5,1,5,True,validated,1
83753be4-8a95-4a17-a9a1-2735130565e8,prca05,likert5,4,4,True,validated,0
83753be4-8a95-4a17-a9a1-2735130565e8,prca06,likert5,4,2,True,validated,1
83753be4-8a95-4a17-a9a1-2735130565e8,prca13,likert5,4,4,True,validated,0
83753be4-8a95-4a17-a9a1-2735130565e8,prca14,likert5,2,4,True,validated,1
83753be4-8a95-4a17-a9a1-2735130565e8,prca15,likert5,4,4,True,validated,0
83753be4-8a95-4a17-a9a1-2735130565e8,prca16,likert5,4,2,True,validated,1
83753be4-8a95-4a17-a9a1-2735130565e8,prca17,likert5,2,4,True,validated,1
83753be4-8a95-4a17-a9a1-2735130565e8,prca18,likert5,2,2,True,validated,0
e73c2a87-8fea-4bb8-be17-b4df342fb980,prca01,likert5,4,4,True,validated,0
e73c2a87-8fea-4bb8-be17-b4df342fb980,prca02,likert5,1,5,True,validated,1
e73c2a87-8fea-4bb8-be17-b4df342fb980,prca03,likert5,1,1,True,validated,0
e73c2a87-8fea-4bb8-be17-b4df342fb980,prca04,likert5,1,5,True,validated,1
e73c2a87-8fea-4bb8-be17-b4df342fb980,prca05,likert5,2,2,True,validated,0
e73c2a87-8fea-4bb8-be17-b4df342fb980,prca06,likert5,2,4,True,validated,1
e73c2a87-8fea-4bb8-be17-b4df342fb980,prca13,likert5,2,2,True,validated,0
e73c2a87-8fea-4bb8-be17-b4df342fb980,prca14,likert5,2,4,True,validated,1
e73c2a87-8fea-4bb8-be17-b4df342fb980,prca15,likert5,1,1,True,validated,0
e73c2a87-8fea-4bb8-be17-b4df342fb980,prca16,likert5,1,5,True,validated,1
e73c2a87-8fea-4bb8-be17-b4df342fb980,prca17,likert5,4,2,True,validated,1
e73c2a87-8fea-4bb8-be17-b4df342fb980,prca18,likert5,2,2,True,validated,0
4b201422-ea09-4eb3-92aa-ede931ba1561,prca01,likert5,1,1,True,validated,0
4b201422-ea09-4eb3-92aa-ede931ba1561,prca02,likert5,3,3,True,validated,1
4b201422-ea09-4eb3-92aa-ede931ba1561,prca03,likert5,4,4,True,validated,0
4b201422-ea09-4eb3-92aa-ede931ba1561,prca04,likert5,1,5,True,validated,1
4b201422-ea09-4eb3-92aa-ede931ba1561,prca05,likert5,1,1,True,validated,0
4b201422-ea09-4eb3-92aa-ede931ba1561,prca06,likert5,2,4,True,validated,1
4b201422-ea09-4eb3-92aa-ede931ba1561,prca13,likert5,4,4,True,validated,0
4b201422-ea09-4eb3-92aa-ede931ba1561,prca14,likert5,2,4,True,validated,1
4b201422-ea09-4eb3-92aa-ede931ba1561,prca15,likert5,2,2,True,validated,0
4b201422-ea09-4eb3-92aa-ede931ba1561,prca16,likert5,4,2,True,validated,1
4b201422-ea09-4eb3-92aa-ede931ba1561,prca17,likert5,1,5,True,validated,1
4b201422-ea09-4eb3-92aa-ede931ba1561,prca18,likert5,4,4,True,validated,0
6d8a02fb-6985-46c9-87c8-0660e5339eb2,prca01,likert5,1,1,True,validated,0
6d8a02fb-6985-46c9-87c8-0660e5339eb2,prca02,likert5,2,4,True,validated,1
6d8a02fb-6985-46c9-87c8-0660e5339eb2,prca03,likert5,1,1,True,validated,0
6d8a02fb-6985-46c9-87c8-0660e5339eb2,prca04,likert5,1,5,True,validated,1
6d8a02fb-6985-46c9-87c8-0660e5339eb2,prca05,likert5,2,2,True,validated,0
6d8a02fb-6985-46c9-87c8-0660e5339eb2,prca06,likert5,4,2,True,validated,1
6d8a02fb-6985-46c9-87c8-0660e5339eb2,prca13,likert5,1,1,True,validated,0
6d8a02fb-6985-46c9-87c8-0660e5339eb2,prca14,likert5,1,5,True,validated,1
6d8a02fb-6985-46c9-87c8-0660e5339eb2,prca15,likert5,1,1,True,validated,0
6d8a02fb-6985-46c9-87c8-0660e5339eb2,prca16,likert5,4,2,True,validated,1
6d8a02fb-6985-46c9-87c8-0660e5339eb2,prca17,likert5,1,5,True,validated,1
6d8a02fb-6985-46c9-87c8-0660e5339eb2,prca18,likert5,2,2,True,validated,0
44095a15-7f91-4cf8-b7f1-2173d0c20506,prca01,likert5,4,4,True,validated,0
44095a15-7f91-4cf8-b7f1-2173d0c20506,prca02,likert5,4,2,True,validated,1
44095a15-7f91-4cf8-b7f1-2173d0c20506,prca03,likert5,1,1,True,validated,0
44095a15-7f91-4cf8-b7f1-2173d0c20506,prca04,likert5,4,2,True,validated,1
44095a15-7f91-4cf8-b7f1-2173d0c20506,prca05,likert5,1,1,True,validated,0
44095a15-7f91-4cf8-b7f1-2173d0c20506,prca06,likert5,1,5,True,validated,1
44095a15-7f91-4cf8-b7f1-2173d0c20506,prca13,likert5,2,2,True,validated,0
44095a15-7f91-4cf8-b7f1-2173d0c20506,prca14,likert5,4,2,True,validated,1
44095a15-7f91-4cf8-b7f1-2173d0c20506,prca15,likert5,1,1,True,validated,0
44095a15-7f91-4cf8-b7f1-2173d0c20506,prca16,likert5,1,5,True,validated,1
44095a15-7f91-4cf8-b7f1-2173d0c20506,prca17,likert5,2,4,True,validated,1
44095a15-7f91-4cf8-b7f1-2173d0c20506,prca18,likert5,1,1,True,validated,0
feffe4a0-7bf1-4b66-9e3c-34ee67597440,prca01,likert5,3,3,True,validated,0
feffe4a0-7bf1-4b66-9e3c-34ee67597440,prca02,likert5,1,5,True,validated,1
feffe4a0-7bf1-4b66-9e3c-34ee67597440,prca03,likert5,3,3,True,validated,0
feffe4a0-7bf1-4b66-9e3c-34ee67597440,prca04,likert5,4,2,True,validated,1
feffe4a0-7bf1-4b66-9e3c-34ee67597440,prca05,likert5,1,1,True,validated,0
feffe4a0-7bf1-4b66-9e3c-34ee67597440,prca06,likert5,1,5,True,validated,1
feffe4a0-7bf1-4b66-9e3c-34ee67597440,prca13,likert5,1,1,True,validated,0
feffe4a0-7bf1-4b66-9e3c-34ee67597440,prca14,likert5,1,5,True,validated,1
feffe4a0-7bf1-4b66-9e3c-34ee67597440,prca15,likert5,1,1,True,validated,0
feffe4a0-7bf1-4b66-9e3c-34ee67597440,prca16,likert5,2,4,True,validated,1
feffe4a0-7bf1-4b66-9e3c-34ee67597440,prca17,likert5,2,4,True,validated,1
feffe4a0-7bf1-4b66-9e3c-34ee67597440,prca18,likert5,4,4,True,validated,0
81990469-7507-4718-9cfe-e02eb40ea328,prca01,likert5,2,2,True,validated,0
81990469-7507-4718-9cfe-e02eb40ea328,prca02,likert5,4,2,True,validated,1
81990469-7507-4718-9cfe-e02eb40ea328,prca03,likert5,1,1,True,validated,0
81990469-7507-4718-9cfe-e02eb40ea328,prca04,likert5,1,5,True,validated,1
81990469-7507-4718-9cfe-e02eb40ea328,prca05,likert5,1,1,True,validated,0
81990469-7507-4718-9cfe-e02eb40ea328,prca06,likert5,1,5,True,validated,1
81990469-7507-4718-9cfe-e02eb40ea328,prca13,likert5,1,1,True,validated,0
81990469-7507-4718-9cfe-e02eb40ea328,prca14,likert5,2,4,True,validated,1
81990469-7507-4718-9cfe-e02eb40ea328,prca15,likert5,2,2,True,validated,0
81990469-7507-4718-9cfe-e02eb40ea328,prca16,likert5,4,2,True,validated,1
81990469-7507-4718-9cfe-e02eb40ea328,prca17,likert5,4,2,True,validated,1
81990469-7507-4718-9cfe-e02eb40ea328,prca18,likert5,4,4,True,validated,0
288c865c-266c-4831-8624-f36756b6b4ff,prca01,likert5,1,1,True,validated,0
288c865c-266c-4831-8624-f36756b6b4ff,prca02,likert5,2,4,True,validated,1
288c865c-266c-4831-8624-f36756b6b4ff,prca03,likert5,4,4,True,validated,0
288c865c-266c-4831-8624-f36756b6b4ff,prca04,likert5,1,5,True,validated,1
288c865c-266c-4831-8624-f36756b6b4ff,prca05,likert5,2,2,True,validated,0
288c865c-266c-4831-8624-f36756b6b4ff,prca06,likert5,1,5,True,validated,1
288c865c-266c-4831-8624-f36756b6b4ff,prca13,likert5,1,1,True,validated,0
288c865c-266c-4831-8624-f36756b6b4ff,prca14,likert5,4,2,True,validated,1
288c865c-266c-4831-8624-f36756b6b4ff,prca15,likert5,1,1,True,validated,0
288c865c-266c-4831-8624-f36756b6b4ff,prca16,likert5,4,2,True,validated,1
288c865c-266c-4831-8624-f36756b6b4ff,prca17,likert5,1,5,True,validated,1
288c865c-266c-4831-8624-f36756b6b4ff,prca18,likert5,2,2,True,validated,0
d6323618-709c-47cd-a81a-7c4fba270d20,prca01,likert5,1,1,True,validated,0
d6323618-709c-47cd-a81a-7c4fba270d20,prca02,likert5,1,5,True,validated,1
d6323618-709c-47cd-a81a-7c4fba270d20,prca03,likert5,4,4,True,validated,0
d6323618-709c-47cd-a81a-7c4fba270d20,prca04,likert5,3,3,True,validated,1
d6323618-709c-47cd-a81a-7c4fba270d20,prca05,likert5,4,4,True,validated,0
d6323618-709c-47cd-a81a-7c4fba270d20,prca06,likert5,4,2,True,validated,1
d6323618-709c-47cd-a81a-7c4fba270d20,prca13,likert5,4,4,True,validated,0
d6323618-709c-47cd-a81a-7c4fba270d20,prca14,likert5,1,5,True,validated,1
d6323618-709c-47cd-a81a-7c4fba270d20,prca15,likert5,1,1,True,validated,0
d6323618-709c-47cd-a81a-7c4fba270d20,prca16,likert5,2,4,True,validated,1
d6323618-709c-47cd-a81a-7c4fba270d20,prca17,likert5,1,5,True,validated,1
d6323618-709c-47cd-a81a-7c4fba270d20,prca18,likert5,2,2,True,validated,0
7358362b-ae35-4f6a-bb15-bec4dbe3a5e1,prca01,likert5,2,2,True,validated,0
7358362b-ae35-4f6a-bb15-bec4dbe3a5e1,prca02,likert5,4,2,True,validated,1
7358362b-ae35-4f6a-bb15-bec4dbe3a5e1,prca03,likert5,4,4,True,validated,0
7358362b-ae35-4f6a-bb15-bec4dbe3a5e1,prca04,likert5,1,5,True,validated,1
7358362b-ae35-4f6a-bb15-bec4dbe3a5e1,prca05,likert5,1,1,True,validated,0
7358362b-ae35-4f6a-bb15-bec4dbe3a5e1,prca06,likert5,4,2,True,validated,1
7358362b-ae35-4f6a-bb15-bec4dbe3a5e1,prca13,likert5,4,4,True,validated,0
7358362b-ae35-4f6a-bb15-bec4dbe3a5e1,prca14,likert5,4,2,True,validated,1
7358362b-ae35-4f6a-bb15-bec4dbe3a5e1,prca15,likert5,1,1,True,validated,0
7358362b-ae35-4f6a-bb15-bec4dbe3a5e1,prca16,likert5,4,2,True,validated,1
7358362b-ae35-4f6a-bb15-bec4dbe3a5e1,prca17,likert5,2,4,True,validated,1
7358362b-ae35-4f6a-bb15-bec4dbe3a5e1,prca18,likert5,4,4,True,validated,0
76bae058-acac-45c4-815d-b5370470df7c,prca01,likert5,1,1,True,validated,0
76bae058-acac-45c4-815d-b5370470df7c,prca02,likert5,4,2,True,validated,1
76bae058-acac-45c4-815d-b5370470df7c,prca03,likert5,1,1,True,validated,0
76bae058-acac-45c4-815d-b5370470df7c,prca04,likert5,1,5,True,validated,1
76bae058-acac-45c4-815d-b5370470df7c,prca05,likert5,2,2,True,validated,0
76bae058-acac-45c4-815d-b5370470df7c,prca06,likert5,2,4,True,validated,1
76bae058-acac-45c4-815d-b5370470df7c,prca13,likert5,1,1,True,validated,0
76bae058-acac-45c4-815d-b5370470df7c,prca14,likert5,1,5,True,validated,1
76bae058-acac-45c4-815d-b5370470df7c,prca15,likert5,1,1,True,validated,0
76bae058-acac-45c4-815d-b5370470df7c,prca16,likert5,2,4,True,validated,1
76bae058-acac-45c4-815d-b5370470df7c,prca17,likert5,1,5,True,validated,1
76bae058-acac-45c4-815d-b5370470df7c,prca18,likert5,4,4,True,validated,0
e79a3a26-fc8a-4e57-a00c-386ab9cda026,prca01,likert5,1,1,True,validated,0
e79a3a26-fc8a-4e57-a00c-386ab9cda026,prca02,likert5,2,4,True,validated,1
e79a3a26-fc8a-4e57-a00c-386ab9cda026,prca03,likert5,1,1,True,validated,0
e79a3a26-fc8a-4e57-a00c-386ab9cda026,prca04,likert5,4,2,True,validated,1
e79a3a26-fc8a-4e57-a00c-386ab9cda026,prca05,likert5,2,2,True,validated,0
e79a3a26-fc8a-4e57-a00c-386ab9cda026,prca06,likert5,4,2,True,validated,1
e79a3a26-fc8a-4e57-a00c-386ab9cda026,prca13,likert5,4,4,True,validated,0
e79a3a26-fc8a-4e57-a00c-386ab9cda026,prca14,likert5,1,5,True,validated,1
e79a3a26-fc8a-4e57-a00c-386ab9cda026,prca15,likert5,4,4,True,validated,0
e79a3a26-fc8a-4e57-a00c-386ab9cda026,prca16,likert5,1,5,True,validated,1
e79a3a26-fc8a-4e57-a00c-386ab9cda026,prca17,likert5,2,4,True,validated,1
e79a3a26-fc8a-4e57-a00c-386ab9cda026,prca18,likert5,2,2,True,validated,0
17ca844d-fbcd-4e7f-87ce-5231d910641c,prca01,likert5,1,1,True,validated,0
17ca844d-fbcd-4e7f-87ce-5231d910641c,prca02,likert5,1,5,True,validated,1
17ca844d-fbcd-4e7f-87ce-5231d910641c,prca03,likert5,2,2,True,validated,0
17ca844d-fbcd-4e7f-87ce-5231d910641c,prca04,likert5,1,5,True,validated,1
17ca844d-fbcd-4e7f-87ce-5231d910641c,prca05,likert5,4,4,True,validated,0
17ca844d-fbcd-4e7f-87ce-5231d910641c,prca06,likert5,2,4,True,validated,1
17ca844d-fbcd-4e7f-87ce-5231d910641c,prca13,likert5,2,2,True,validated,0
17ca844d-fbcd-4e7f-87ce-5231d910641c,prca14,likert5,2,4,True,validated,1
17ca844d-fbcd-4e7f-87ce-5231d910641c,prca15,likert5,4,4,True,validated,0
17ca844d-fbcd-4e7f-87ce-5231d910641c,prca16,likert5,1,5,True,validated,1
17ca844d-fbcd-4e7f-87ce-5231d910641c,prca17,likert5,2,4,True,validated,1
17ca844d-fbcd-4e7f-87ce-5231d910641c,prca18,likert5,1,1,True,validated,0
c73549e7-1be1-4795-ad24-22acec5565cb,prca01,likert5,1,1,True,validated,0
c73549e7-1be1-4795-ad24-22acec5565cb,prca02,likert5,4,2,True,validated,1
c73549e7-1be1-4795-ad24-22acec5565cb,prca03,likert5,1,1,True,validated,0
c73549e7-1be1-4795-ad24-22acec5565cb,prca04,likert5,3,3,True,validated,1
c73549e7-1be1-4795-ad24-22acec5565cb,prca05,likert5,4,4,True,validated,0
c73549e7-1be1-4795-ad24-22acec5565cb,prca06,likert5,4,2,True,validated,1
c73549e7-1be1-4795-ad24-22acec5565cb,prca13,likert5,1,1,True,validated,0
c73549e7-1be1-4795-ad24-22acec5565cb,prca14,likert5,3,3,True,validated,1
c73549e7-1be1-4795-ad24-22acec5565cb,prca15,likert5,4,4,True,validated,0
c73549e7-1be1-4795-ad24-22acec5565cb,prca16,likert5,3,3,True,validated,1
c73549e7-1be1-4795-ad24-22acec5565cb,prca17,likert5,4,2,True,validated,1
c73549e7-1be1-4795-ad24-22acec5565cb,prca18,likert5,1,1,True,validated,0
5bcb9270-a397-43cf-a25c-4045af11495b,prca01,likert5,1,1,True,validated,0
5bcb9270-a397-43cf-a25c-4045af11495b,prca02,likert5,4,2,True,validated,1
5bcb9270-a397-43cf-a25c-4045af11495b,prca03,likert5,1,1,True,validated,0
5bcb9270-a397-43cf-a25c-4045af11495b,prca04,likert5,2,4,True,validated,1
5bcb9270-a397-43cf-a25c-4045af11495b,prca05,likert5,4,4,True,validated,0
5bcb9270-a397-43cf-a25c-4045af11495b,prca06,likert5,1,5,True,validated,1
5bcb9270-a397-43cf-a25c-4045af11495b,prca13,likert5,4,4,True,validated,0
5bcb9270-a397-43cf-a25c-4045af11495b,prca14,likert5,1,5,True,validated,1
5bcb9270-a397-43cf-a25c-4045af11495b,prca15,likert5,2,2,True,validated,0
5bcb9270-a397-43cf-a25c-4045af11495b,prca16,likert5,1,5,True,validated,1
5bcb9270-a397-43cf-a25c-4045af11495b,prca17,likert5,1,5,True,validated,1
5bcb9270-a397-43cf-a25c-4045af11495b,prca18,likert5,4,4,True,validated,0
a2db2415-e8a8-4b3a-87d0-b90ae6c17735,prca01,likert5,2,2,True,validated,0
a2db2415-e8a8-4b3a-87d0-b90ae6c17735,prca02,likert5,1,5,True,validated,1
a2db2415-e8a8-4b3a-87d0-b90ae6c17735,prca03,likert5,1,1,True,validated,0
a2db2415-e8a8-4b3a-87d0-b90ae6c17735,prca04,likert5,3,3,True,validated,1
a2db2415-e8a8-4b3a-87d0-b90ae6c17735,prca05,likert5,4,4,True,validated,0
a2db2415-e8a8-4b3a-87d0-b90ae6c17735,prca06,likert5,1,5,True,validated,1
a2db2415-e8a8-4b3a-87d0-b90ae6c17735,prca13,likert5,1,1,True,validated,0
a2db2415-e8a8-4b3a-87d0-b90ae6c17735,prca14,likert5,2,4,True,validated,1
a2db2415-e8a8-4b3a-87d0-b90ae6c17735,prca15,likert5,1,1,True,validated,0
a2db2415-e8a8-4b3a-87d0-b90ae6c17735,prca16,likert5,4,2,True,validated,1
a2db2415-e8a8-4b3a-87d0-b90ae6c17735,prca17,likert5,2,4,True,validated,1
a2db2415-e8a8-4b3a-87d0-b90ae6c17735,prca18,likert5,4,4,True,validated,0
0627038b-c961-42c3-92a3-84ac29d59332,prca01,likert5,1,1,True,validated,0
0627038b-c961-42c3-92a3-84ac29d59332,prca02,likert5,1,5,True,validated,1
0627038b-c961-42c3-92a3-84ac29d59332,prca03,likert5,2,2,True,validated,0
0627038b-c961-42c3-92a3-84ac29d59332,prca04,likert5,1,5,True,validated,1
0627038b-c961-42c3-92a3-84ac29d59332,prca05,likert5,2,2,True,validated,0
0627038b-c961-42c3-92a3-84ac29d59332,prca06,likert5,4,2,True,validated,1
0627038b-c961-42c3-92a3-84ac29d59332,prca13,likert5,2,2,True,validated,0
0627038b-c961-42c3-92a3-84ac29d59332,prca14,likert5,4,2,True,validated,1
0627038b-c961-42c3-92a3-84ac29d59332,prca15,likert5,2,2,True,validated,0
0627038b-c961-42c3-92a3-84ac29d59332,prca16,likert5,4,2,True,validated,1
0627038b-c961-42c3-92a3-84ac29d59332,prca17,likert5,2,4,True,validated,1
0627038b-c961-42c3-92a3-84ac29d59332,prca18,likert5,1,1,True,validated,0
2b3faad6-e26d-4097-a860-60b65ce7fdfb,prca01,likert5,1,1,True,validated,0
2b3faad6-e26d-4097-a860-60b65ce7fdfb,prca02,likert5,1,5,True,validated,1
2b3faad6-e26d-4097-a860-60b65ce7fdfb,prca03,likert5,1,1,True,validated,0
2b3faad6-e26d-4097-a860-60b65ce7fdfb,prca04,likert5,2,4,True,validated,1
2b3faad6-e26d-4097-a860-60b65ce7fdfb,prca05,likert5,1,1,True,validated,0
2b3faad6-e26d-4097-a860-60b65ce7fdfb,prca06,likert5,4,2,True,validated,1
2b3faad6-e26d-4097-a860-60b65ce7fdfb,prca13,likert5,1,1,True,validated,0
2b3faad6-e26d-4097-a860-60b65ce7fdfb,prca14,likert5,4,2,True,validated,1
2b3faad6-e26d-4097-a860-60b65ce7fdfb,prca15,likert5,2,2,True,validated,0
2b3faad6-e26d-4097-a860-60b65ce7fdfb,prca16,likert5,2,4,True,validated,1
2b3faad6-e26d-4097-a860-60b65ce7fdfb,prca17,likert5,4,2,True,validated,1
2b3faad6-e26d-4097-a860-60b65ce7fdfb,prca18,likert5,1,1,True,validated,0
97385e65-7661-4a0b-876b-26bef87d7975,prca01,likert5,2,2,True,validated,0
97385e65-7661-4a0b-876b-26bef87d7975,prca02,likert5,4,2,True,validated,1
97385e65-7661-4a0b-876b-26bef87d7975,prca03,likert5,1,1,True,validated,0
97385e65-7661-4a0b-876b-26bef87d7975,prca04,likert5,1,5,True,validated,1
97385e65-7661-4a0b-876b-26bef87d7975,prca05,likert5,4,4,True,validated,0
97385e65-7661-4a0b-876b-26bef87d7975,prca06,likert5,1,5,True,validated,1
97385e65-7661-4a0b-876b-26bef87d7975,prca13,likert5,2,2,True,validated,0
97385e65-7661-4a0b-876b-26bef87d7975,prca14,likert5,2,4,True,validated,1
97385e65-7661-4a0b-876b-26bef87d7975,prca15,likert5,1,1,True,validated,0
97385e65-7661-4a0b-876b-26bef87d7975,prca16,likert5,2,4,True,validated,1
97385e65-7661-4a0b-876b-26bef87d7975,prca17,likert5,1,5,True,validated,1
97385e65-7661-4a0b-876b-26bef87d7975,prca18,likert5,4,4,True,validated,0
00b4bfb9-ff3d-42f2-a109-31998cd12792,prca01,likert5,4,4,True,validated,0
00b4bfb9-ff3d-42f2-a109-31998cd12792,prca02,likert5,4,2,True,validated,1
00b4bfb9-ff3d-42f2-a109-31998cd12792,prca03,likert5,2,2,True,validated,0
00b4bfb9-ff3d-42f2-a109-31998cd12792,prca04,likert5,1,5,True,validated,1
00b4bfb9-ff3d-42f2-a109-31998cd12792,prca05,likert5,2,2,True,validated,0
00b4bfb9-ff3d-42f2-a109-31998cd12792,prca06,likert5,2,4,True,validated,1
00b4bfb9-ff3d-42f2-a109-31998cd12792,prca13,likert5,1,1,True,validated,0
00b4bfb9-ff3d-42f2-a109-31998cd12792,prca14,likert5,4,2,True,validated,1
00b4bfb9-ff3d-42f2-a109-31998cd12792,prca15,likert5,2,2,True,validated,0
00b4bfb9-ff3d-42f2-a109-31998cd12792,prca16,likert5,1,5,True,validated,1
00b4bfb9-ff3d-42f2-a109-31998cd12792,prca17,likert5,3,3,True,validated,1
00b4bfb9-ff3d-42f2-a109-31998cd12792,prca18,likert5,1,1,True,validated,0
35398ec3-57ef-4fce-8318-8df62c657d94,prca01,likert5,1,1,True,validated,0
35398ec3-57ef-4fce-8318-8df62c657d94,prca02,likert5,1,5,True,validated,1
35398ec3-57ef-4fce-8318-8df62c657d94,prca03,likert5,4,4,True,validated,0
35398ec3-57ef-4fce-8318-8df62c657d94,prca04,likert5,4,2,True,validated,1
35398ec3-57ef-4fce-8318-8df62c657d94,prca05,likert5,1,1,True,validated,0
35398ec3-57ef-4fce-8318-8df62c657d94,prca06,likert5,1,5,True,validated,1
35398ec3-57ef-4fce-8318-8df62c657d94,prca13,likert5,2,2,True,validated,0
35398ec3-57ef-4fce-8318-8df62c657d94,prca14,likert5,4,2,True,validated,1
35398ec3-57ef-4fce-8318-8df62c657d94,prca15,likert5,2,2,True,validated,0
35398ec3-57ef-4fce-8318-8df62c657d94,prca16,likert5,1,5,True,validated,1
35398ec3-57ef-4fce-8318-8df62c657d94,prca17,likert5,2,4,True,validated,1
35398ec3-57ef-4fce-8318-8df62c657d94,prca18,likert5,2,2,True,validated,0
bb097d16-454c-48a1-beb6-bb5b44de4f58,prca01,likert5,4,4,True,validated,0
bb097d16-454c-48a1-beb6-bb5b44de4f58,prca02,likert5,1,5,True,validated,1
bb097d16-454c-48a1-beb6-bb5b44de4f58,prca03,likert5,3,3,True,validated,0
bb097d16-454c-48a1-beb6-bb5b44de4f58,prca04,likert5,1,5,True,validated,1
bb097d16-454c-48a1-beb6-bb5b44de4f58,prca05,likert5,2,2,True,validated,0
bb097d16-454c-48a1-beb6-bb5b44de4f58,prca06,likert5,1,5,True,validated,1
bb097d16-454c-48a1-beb6-bb5b44de4f58,prca13,likert5,4,4,True,validated,0
bb097d16-454c-48a1-beb6-bb5b44de4f58,prca14,likert5,1,5,True,validated,1
bb097d16-454c-48a1-beb6-bb5b44de4f58,prca15,likert5,4,4,True,validated,0
bb097d16-454c-48a1-beb6-bb5b44de4f58,prca16,likert5,1,5,True,validated,1
bb097d16-454c-48a1-beb6-bb5b44de4f58,prca17,likert5,2,4,True,validated,1
bb097d16-454c-48a1-beb6-bb5b44de4f58,prca18,likert5,4,4,True,validated,0
dc1c97b9-f6e5-4a05-b115-cb64b304704d,prca01,likert5,1,1,True,validated,0
dc1c97b9-f6e5-4a05-b115-cb64b304704d,prca02,likert5,2,4,True,validated,1
dc1c97b9-f6e5-4a05-b115-cb64b304704d,prca03,likert5,4,4,True,validated,0
dc1c97b9-f6e5-4a05-b115-cb64b304704d,prca04,likert5,3,3,True,validated,1
dc1c97b9-f6e5-4a05-b115-cb64b304704d,prca05,likert5,1,1,True,validated,0
dc1c97b9-f6e5-4a05-b115-cb64b304704d,prca06,likert5,1,5,True,validated,1
dc1c97b9-f6e5-4a05-b115-cb64b304704d,prca13,likert5,1,1,True,validated,0
dc1c97b9-f6e5-4a05-b115-cb64b304704d,prca14,likert5,1,5,True,validated,1
dc1c97b9-f6e5-4a05-b115-cb64b304704d,prca15,likert5,1,1,True,validated,0
dc1c97b9-f6e5-4a05-b115-cb64b304704d,prca16,likert5,1,5,True,validated,1
dc1c97b9-f6e5-4a05-b115-cb64b304704d,prca17,likert5,2,4,True,validated,1
dc1c97b9-f6e5-4a05-b115-cb64b304704d,prca18,likert5,2,2,True,validated,0
ad213afe-5b0d-4c86-88d0-1a3770cc2a1a,prca01,likert5,4,4,True,validated,0
ad213afe-5b0d-4c86-88d0-1a3770cc2a1a,prca02,likert5,2,4,True,validated,1
ad213afe-5b0d-4c86-88d0-1a3770cc2a1a,prca03,likert5,4,4,True,validated,0
ad213afe-5b0d-4c86-88d0-1a3770cc2a1a,prca04,likert5,4,2,True,validated,1
ad213afe-5b0d-4c86-88d0-1a3770cc2a1a,prca05,likert5,1,1,True,validated,0
ad213afe-5b0d-4c86-88d0-1a3770cc2a1a,prca06,likert5,4,2,True,validated,1
ad213afe-5b0d-4c86-88d0-1a3770cc2a1a,prca13,likert5,1,1,True,validated,0
ad213afe-5b0d-4c86-88d0-1a3770cc2a1a,prca14,likert5,1,5,True,validated,1
ad213afe-5b0d-4c86-88d0-1a3770cc2a1a,prca15,likert5,1,1,True,validated,0
ad213afe-5b0d-4c86-88d0-1a3770cc2a1a,prca16,likert5,4,2,True,validated,1
ad213afe-5b0d-4c86-88d0-1a3770cc2a1a,prca17,likert5,1,5,True,validated,1
ad213afe-5b0d-4c86-88d0-1a3770cc2a1a,prca18,likert5,4,4,True,validated,0
92847515-4134-4c32-89bb-3d14712f1ee4,prca01,likert5,2,2,True,validated,0
92847515-4134-4c32-89bb-3d14712f1ee4,prca02,likert5,1,5,True,validated,1
92847515-4134-4c32-89bb-3d14712f1ee4,prca03,likert5,2,2,True,validated,0
92847515-4134-4c32-89bb-3d14712f1ee4,prca04,likert5,3,3,True,validated,1
92847515-4134-4c32-89bb-3d14712f1ee4,prca05,likert5,1,1,True,validated,0
92847515-4134-4c32-89bb-3d14712f1ee4,prca06,likert5,2,4,True,validated,1
92847515-4134-4c32-89bb-3d14712f1ee4,prca13,likert5,2,2,True,validated,0
92847515-4134-4c32-89bb-3d14712f1ee4,prca14,likert5,2,4,True,validated,1
92847515-4134-4c32-89bb-3d14712f1ee4,prca15,likert5,2,2,True,validated,0
92847515-4134-4c32-89bb-3d14712f1ee4,prca16,likert5,1,5,True,validated,1
92847515-4134-4c32-89bb-3d14712f1ee4,prca17,likert5,3,3,True,validated,1
92847515-4134-4c32-89bb-3d14712f1ee4,prca18,likert5,4,4,True,validated,0
88322117-a401-4cfe-a881-60483023fdec,prca01,likert5,1,1,True,validated,0
88322117-a401-4cfe-a881-60483023fdec,prca02,likert5,2,4,True,validated,1
88322117-a401-4cfe-a881-60483023fdec,prca03,likert5,1,1,True,validated,0
88322117-a401-4cfe-a881-60483023fdec,prca04,likert5,1,5,True,validated,1
88322117-a401-4cfe-a881-60483023fdec,prca05,likert5,4,4,True,validated,0
88322117-a401-4cfe-a881-60483023fdec,prca06,likert5,4,2,True,validated,1
88322117-a401-4cfe-a881-60483023fdec,prca13,likert5,1,1,True,validated,0
88322117-a401-4cfe-a881-60483023fdec,prca14,likert5,2,4,True,validated,1
88322117-a401-4cfe-a881-60483023fdec,prca15,likert5,4,4,True,validated,0
88322117-a401-4cfe-a881-60483023fdec,prca16,likert5,4,2,True,validated,1
88322117-a401-4cfe-a881-60483023fdec,prca17,likert5,4,2,True,validated,1
88322117-a401-4cfe-a881-60483023fdec,prca18,likert5,1,1,True,validated,0
d1c2cd22-320a-4c4f-9276-4b64758a58f3,prca01,likert5,4,4,True,validated,0
d1c2cd22-320a-4c4f-9276-4b64758a58f3,prca02,likert5,4,2,True,validated,1
d1c2cd22-320a-4c4f-9276-4b64758a58f3,prca03,likert5,2,2,True,validated,0
d1c2cd22-320a-4c4f-9276-4b64758a58f3,prca04,likert5,2,4,True,validated,1
d1c2cd22-320a-4c4f-9276-4b64758a58f3,prca05,likert5,2,2,True,validated,0
d1c2cd22-320a-4c4f-9276-4b64758a58f3,prca06,likert5,1,5,True,validated,1
d1c2cd22-320a-4c4f-9276-4b64758a58f3,prca13,likert5,1,1,True,validated,0
d1c2cd22-320a-4c4f-9276-4b64758a58f3,prca14,likert5,2,4,True,validated,1
d1c2cd22-320a-4c4f-9276-4b64758a58f3,prca15,likert5,4,4,True,validated,0
d1c2cd22-320a-4c4f-9276-4b64758a58f3,prca16,likert5,1,5,True,validated,1
d1c2cd22-320a-4c4f-9276-4b64758a58f3,prca17,likert5,4,2,True,validated,1
d1c2cd22-320a-4c4f-9276-4b64758a58f3,prca18,likert5,2,2,True,validated,0
d1af1acf-5f1d-4fa0-bf8d-a81ae9d794ad,prca01,likert5,2,2,True,validated,0
d1af1acf-5f1d-4fa0-bf8d-a81ae9d794ad,prca02,likert5,2,4,True,validated,1
d1af1acf-5f1d-4fa0-bf8d-a81ae9d794ad,prca03,likert5,2,2,True,validated,0
d1af1acf-5f1d-4fa0-bf8d-a81ae9d794ad,prca04,likert5,1,5,True,validated,1
d1af1acf-5f1d-4fa0-bf8d-a81ae9d794ad,prca05,likert5,2,2,True,validated,0
d1af1acf-5f1d-4fa0-bf8d-a81ae9d794ad,prca06,likert5,3,3,True,validated,1
d1af1acf-5f1d-4fa0-bf8d-a81ae9d794ad,prca13,likert5,2,2,True,validated,0
d1af1acf-5f1d-4fa0-bf8d-a81ae9d794ad,prca14,likert5,2,4,True,validated,1
d1af1acf-5f1d-4fa0-bf8d-a81ae9d794ad,prca15,likert5,4,4,True,validated,0
d1af1acf-5f1d-4fa0-bf8d-a81ae9d794ad,prca16,likert5,1,5,True,validated,1
d1af1acf-5f1d-4fa0-bf8d-a81ae9d794ad,prca17,likert5,1,5,True,validated,1
d1af1acf-5f1d-4fa0-bf8d-a81ae9d794ad,prca18,likert5,4,4,True,validated,0
41d8666d-3068-4b2a-a509-69f85e9cf349,prca01,likert5,1,1,True,validated,0
41d8666d-3068-4b2a-a509-69f85e9cf349,prca02,likert5,1,5,True,validated,1
41d8666d-3068-4b2a-a509-69f85e9cf349,prca03,likert5,4,4,True,validated,0
41d8666d-3068-4b2a-a509-69f85e9cf349,prca04,likert5,1,5,True,validated,1
41d8666d-3068-4b2a-a509-69f85e9cf349,prca05,likert5,1,1,True,validated,0
41d8666d-3068-4b2a-a509-69f85e9cf349,prca06,likert5,4,2,True,validated,1
41d8666d-3068-4b2a-a509-69f85e9cf349,prca13,likert5,4,4,True,validated,0
41d8666d-3068-4b2a-a509-69f85e9cf349,prca14,likert5,2,4,True,validated,1
41d8666d-3068-4b2a-a509-69f85e9cf349,prca15,likert5,1,1,True,validated,0
41d8666d-3068-4b2a-a509-69f85e9cf349,prca16,likert5,1,5,True,validated,1
41d8666d-3068-4b2a-a509-69f85e9cf349,prca17,likert5,4,2,True,validated,1
41d8666d-3068-4b2a-a509-69f85e9cf349,prca18,likert5,2,2,True,validated,0
886f4013-0e3e-4f97-8b5b-90a9f72feb7f,prca01,likert5,4,4,True,validated,0
886f4013-0e3e-4f97-8b5b-90a9f72feb7f,prca02,likert5,4,2,True,validated,1
886f4013-0e3e-4f97-8b5b-90a9f72feb7f,prca03,likert5,2,2,True,validated,0
886f4013-0e3e-4f97-8b5b-90a9f72feb7f,prca04,likert5,4,2,True,validated,1
886f4013-0e3e-4f97-8b5b-90a9f72feb7f,prca05,likert5,2,2,True,validated,0
886f4013-0e3e-4f97-8b5b-90a9f72feb7f,prca06,likert5,1,5,True,validated,1
886f4013-0e3e-4f97-8b5b-90a9f72feb7f,prca13,likert5,1,1,True,validated,0
886f4013-0e3e-4f97-8b5b-90a9f72feb7f,prca14,likert5,2,4,True,validated,1
886f4013-0e3e-4f97-8b5b-90a9f72feb7f,prca15,likert5,4,4,True,validated,0
886f4013-0e3e-4f97-8b5b-90a9f72feb7f,prca16,likert5,1,5,True,validated,1
886f4013-0e3e-4f97-8b5b-90a9f72feb7f,prca17,likert5,1,5,True,validated,1
886f4013-0e3e-4f97-8b5b-90a9f72feb7f,prca18,likert5,2,2,True,validated,0
4e33bb34-b83e-4f2a-aae3-15b59f07cf5b,prca01,likert5,2,2,True,validated,0
4e33bb34-b83e-4f2a-aae3-15b59f07cf5b,prca02,likert5,1,5,True,validated,1
4e33bb34-b83e-4f2a-aae3-15b59f07cf5b,prca03,likert5,1,1,True,validated,0
4e33bb34-b83e-4f2a-aae3-15b59f07cf5b,prca04,likert5,2,4,True,validated,1
4e33bb34-b83e-4f2a-aae3-15b59f07cf5b,prca05,likert5,1,1,True,validated,0
4e33bb34-b83e-4f2a-aae3-15b59f07cf5b,prca06,likert5,1,5,True,validated,1
4e33bb34-b83e-4f2a-aae3-15b59f07cf5b,prca13,likert5,1,1,True,validated,0
4e33bb34-b83e-4f2a-aae3-15b59f07cf5b,prca14,likert5,4,2,True,validated,1
4e33bb34-b83e-4f2a-aae3-15b59f07cf5b,prca15,likert5,2,2,True,validated,0
4e33bb34-b83e-4f2a-aae3-15b59f07cf5b,prca16,likert5,1,5,True,validated,1
4e33bb34-b83e-4f2a-aae3-15b59f07cf5b,prca17,likert5,1,5,True,validated,1
4e33bb34-b83e-4f2a-aae3-15b59f07cf5b,prca18,likert5,4,4,True,validated,0
08b6f292-3b5e-4321-95d9-54ea3577ecf2,prca01,likert5,4,4,True,validated,0
08b6f292-3b5e-4321-95d9-54ea3577ecf2,prca02,likert5,2,4,True,validated,1
08b6f292-3b5e-4321-95d9-54ea3577ecf2,prca03,likert5,1,1,True,validated,0
08b6f292-3b5e-4321-95d9-54ea3577ecf2,prca04,likert5,1,5,True,validated,1
08b6f292-3b5e-4321-95d9-54ea3577ecf2,prca05,likert5,4,4,True,validated,0
08b6f292-3b5e-4321-95d9-54ea3577ecf2,prca06,likert5,1,5,True,validated,1
08b6f292-3b5e-4321-95d9-54ea3577ecf2,prca13,likert5,4,4,True,validated,0
08b6f292-3b5e-4321-95d9-54ea3577ecf2,prca14,likert5,1,5,True,validated,1
08b6f292-3b5e-4321-95d9-54ea3577ecf2,prca15,likert5,1,1,True,validated,0
08b6f292-3b5e-4321-95d9-54ea3577ecf2,prca16,likert5,1,5,True,validated,1
08b6f292-3b5e-4321-95d9-54ea3577ecf2,prca17,likert5,4,2,True,validated,1
08b6f292-3b5e-4321-95d9-54ea3577ecf2,prca18,likert5,4,4,True,validated,0
256c037a-d108-42a8-8740-22422550344b,prca01,likert5,4,4,True,validated,0
256c037a-d108-42a8-8740-22422550344b,prca02,likert5,4,2,True,validated,1
256c037a-d108-42a8-8740-22422550344b,prca03,likert5,1,1,True,validated,0
256c037a-d108-42a8-8740-22422550344b,prca04,likert5,3,3,True,validated,1
256c037a-d108-42a8-8740-22422550344b,prca05,likert5,4,4,True,validated,0
256c037a-d108-42a8-8740-22422550344b,prca06,likert5,1,5,True,validated,1
256c037a-d108-42a8-8740-22422550344b,prca13,likert5,4,4,True,validated,0
256c037a-d108-42a8-8740-22422550344b,prca14,likert5,3,3,True,validated,1
256c037a-d108-42a8-8740-22422550344b,prca15,likert5,2,2,True,validated,0
256c037a-d108-42a8-8740-22422550344b,prca16,likert5,2,4,True,validated,1
256c037a-d108-42a8-8740-22422550344b,prca17,likert5,2,4,True,validated,1
256c037a-d108-42a8-8740-22422550344b,prca18,likert5,4,4,True,validated,0
e84820f2-c986-41dd-b9fa-ac6f6dc315f5,prca01,likert5,4,4,True,validated,0
e84820f2-c986-41dd-b9fa-ac6f6dc315f5,prca02,likert5,1,5,True,validated,1
e84820f2-c986-41dd-b9fa-ac6f6dc315f5,prca03,likert5,1,1,True,validated,0
e84820f2-c986-41dd-b9fa-ac6f6dc315f5,prca04,likert5,1,5,True,validated,1
e84820f2-c986-41dd-b9fa-ac6f6dc315f5,prca05,likert5,4,4,True,validated,0
e84820f2-c986-41dd-b9fa-ac6f6dc315f5,prca06,likert5,1,5,True,validated,1
e84820f2-c986-41dd-b9fa-ac6f6dc315f5,prca13,likert5,4,4,True,validated,0
e84820f2-c986-41dd-b9fa-ac6f6dc315f5,prca14,likert5,4,2,True,validated,1
e84820f2-c986-41dd-b9fa-ac6f6dc315f5,prca15,likert5,1,1,True,validated,0
e84820f2-c986-41dd-b9fa-ac6f6dc315f5,prca16,likert5,1,5,True,validated,1
e84820f2-c986-41dd-b9fa-ac6f6dc315f5,prca17,likert5,2,4,True,validated,1
e84820f2-c986-41dd-b9fa-ac6f6dc315f5,prca18,likert5,4,4,True,validated,0
4f9a450e-8dde-4e6f-9187-cc1f15baceed,prca01,likert5,2,2,True,validated,0
4f9a450e-8dde-4e6f-9187-cc1f15baceed,prca02,likert5,4,2,True,validated,1
4f9a450e-8dde-4e6f-9187-cc1f15baceed,prca03,likert5,4,4,True,validated,0
4f9a450e-8dde-4e6f-9187-cc1f15baceed,prca04,likert5,4,2,True,validated,1
4f9a450e-8dde-4e6f-9187-cc1f15baceed,prca05,likert5,2,2,True,validated,0
4f9a450e-8dde-4e6f-9187-cc1f15baceed,prca06,likert5,4,2,True,validated,1
4f9a450e-8dde-4e6f-9187-cc1f15baceed,prca13,likert5,1,1,True,validated,0
4f9a450e-8dde-4e6f-9187-cc1f15baceed,prca14,likert5,1,5,True,validated,1
4f9a450e-8dde-4e6f-9187-cc1f15baceed,prca15,likert5,1,1,True,validated,0
4f9a450e-8dde-4e6f-9187-cc1f15baceed,prca16,likert5,1,5,True,validated,1
4f9a450e-8dde-4e6f-9187-cc1f15baceed,prca17,likert5,2,4,True,validated,1
4f9a450e-8dde-4e6f-9187-cc1f15baceed,prca18,likert5,1,1,True,validated,0
e08e4983-4412-464f-a6cf-47ba430e797c,prca01,likert5,4,4,True,validated,0
e08e4983-4412-464f-a6cf-47ba430e797c,prca02,likert5,4,2,True,validated,1
e08e4983-4412-464f-a6cf-47ba430e797c,prca03,likert5,1,1,True,validated,0
e08e4983-4412-464f-a6cf-47ba430e797c,prca04,likert5,3,3,True,validated,1
e08e4983-4412-464f-a6cf-47ba430e797c,prca05,likert5,1,1,True,validated,0
e08e4983-4412-464f-a6cf-47ba430e797c,prca06,likert5,2,4,True,validated,1
e08e4983-4412-464f-a6cf-47ba430e797c,prca13,likert5,2,2,True,validated,0
e08e4983-4412-464f-a6cf-47ba430e797c,prca14,likert5,1,5,True,validated,1
e08e4983-4412-464f-a6cf-47ba430e797c,prca15,likert5,2,2,True,validated,0
e08e4983-4412-464f-a6cf-47ba430e797c,prca16,likert5,2,4,True,validated,1
e08e4983-4412-464f-a6cf-47ba430e797c,prca17,likert5,1,5,True,validated,1
e08e4983-4412-464f-a6cf-47ba430e797c,prca18,likert5,4,4,True,validated,0
38cd6e95-85f4-491c-8762-2cd828b65675,prca01,likert5,1,1,True,validated,0
38cd6e95-85f4-491c-8762-2cd828b65675,prca02,likert5,1,5,True,validated,1
38cd6e95-85f4-491c-8762-2cd828b65675,prca03,likert5,4,4,True,validated,0
38cd6e95-85f4-491c-8762-2cd828b65675,prca04,likert5,4,2,True,validated,1
38cd6e95-85f4-491c-8762-2cd828b65675,prca05,likert5,1,1,True,validated,0
38cd6e95-85f4-491c-8762-2cd828b65675,prca06,likert5,4,2,True,validated,1
38cd6e95-85f4-491c-8762-2cd828b65675,prca13,likert5,4,4,True,validated,0
38cd6e95-85f4-491c-8762-2cd828b65675,prca14,likert5,4,2,True,validated,1
38cd6e95-85f4-491c-8762-2cd828b65675,prca15,likert5,1,1,True,validated,0
38cd6e95-85f4-491c-8762-2cd828b65675,prca16,likert5,4,2,True,validated,1
38cd6e95-85f4-491c-8762-2cd828b65675,prca17,likert5,4,2,True,validated,1
38cd6e95-85f4-491c-8762-2cd828b65675,prca18,likert5,1,1,True,validated,0
b3c91f53-b26c-4ad5-8e18-a5373cf6528f,prca01,likert5,1,1,True,validated,0
b3c91f53-b26c-4ad5-8e18-a5373cf6528f,prca02,likert5,2,4,True,validated,1
b3c91f53-b26c-4ad5-8e18-a5373cf6528f,prca03,likert5,1,1,True,validated,0
b3c91f53-b26c-4ad5-8e18-a5373cf6528f,prca04,likert5,1,5,True,validated,1
b3c91f53-b26c-4ad5-8e18-a5373cf6528f,prca05,likert5,4,4,True,validated,0
b3c91f53-b26c-4ad5-8e18-a5373cf6528f,prca06,likert5,4,2,True,validated,1
b3c91f53-b26c-4ad5-8e18-a5373cf6528f,prca13,likert5,1,1,True,validated,0
b3c91f53-b26c-4ad5-8e18-a5373cf6528f,prca14,likert5,1,5,True,validated,1
b3c91f53-b26c-4ad5-8e18-a5373cf6528f,prca15,likert5,1,1,True,validated,0
b3c91f53-b26c-4ad5-8e18-a5373cf6528f,prca16,likert5,4,2,True,validated,1
b3c91f53-b26c-4ad5-8e18-a5373cf6528f,prca17,likert5,3,3,True,validated,1
b3c91f53-b26c-4ad5-8e18-a5373cf6528f,prca18,likert5,2,2,True,validated,0
30c4f965-fec3-4412-8535-ce36eb09659b,prca01,likert5,3,3,True,validated,0
30c4f965-fec3-4412-8535-ce36eb09659b,prca02,likert5,4,2,True,validated,1
30c4f965-fec3-4412-8535-ce36eb09659b,prca03,likert5,4,4,True,validated,0
30c4f965-fec3-4412-8535-ce36eb09659b,prca04,likert5,1,5,True,validated,1
30c4f965-fec3-4412-8535-ce36eb09659b,prca05,likert5,1,1,True,validated,0
30c4f965-fec3-4412-8535-ce36eb09659b,prca06,likert5,1,5,True,validated,1
30c4f965-fec3-4412-8535-ce36eb09659b,prca13,likert5,4,4,True,validated,0
30c4f965-fec3-4412-8535-ce36eb09659b,prca14,likert5,1,5,True,validated,1
30c4f965-fec3-4412-8535-ce36eb09659b,prca15,likert5,1,1,True,validated,0
30c4f965-fec3-4412-8535-ce36eb09659b,prca16,likert5,4,2,True,validated,1
30c4f965-fec3-4412-8535-ce36eb09659b,prca17,likert5,2,4,True,validated,1
30c4f965-fec3-4412-8535-ce36eb09659b,prca18,likert5,1,1,True,validated,0
608447b6-0bf7-4a4b-b99a-ad9ed9e52664,prca01,likert5,2,2,True,validated,0
608447b6-0bf7-4a4b-b99a-ad9ed9e52664,prca02,likert5,4,2,True,validated,1
608447b6-0bf7-4a4b-b99a-ad9ed9e52664,prca03,likert5,4,4,True,validated,0
608447b6-0bf7-4a4b-b99a-ad9ed9e52664,prca04,likert5,3,3,True,validated,1
608447b6-0bf7-4a4b-b99a-ad9ed9e52664,prca05,likert5,4,4,True,validated,0
608447b6-0bf7-4a4b-b99a-ad9ed9e52664,prca06,likert5,1,5,True,validated,1
608447b6-0bf7-4a4b-b99a-ad9ed9e52664,prca13,likert5,2,2,True,validated,0
608447b6-0bf7-4a4b-b99a-ad9ed9e52664,prca14,likert5,4,2,True,validated,1
608447b6-0bf7-4a4b-b99a-ad9ed9e52664,prca15,likert5,4,4,True,validated,0
608447b6-0bf7-4a4b-b99a-ad9ed9e52664,prca16,likert5,2,4,True,validated,1
608447b6-0bf7-4a4b-b99a-ad9ed9e52664,prca17,likert5,1,5,True,validated,1
608447b6-0bf7-4a4b-b99a-ad9ed9e52664,prca18,likert5,4,4,True,validated,0
d8b848c2-8f2b-4e45-935a-917226fab1a5,prca01,likert5,1,1,True,validated,0
d8b848c2-8f2b-4e45-935a-917226fab1a5,prca02,likert5,1,5,True,validated,1
d8b848c2-8f2b-4e45-935a-917226fab1a5,prca03,likert5,4,4,True,validated,0
d8b848c2-8f2b-4e45-935a-917226fab1a5,prca04,likert5,3,3,True,validated,1
d8b848c2-8f2b-4e45-935a-917226fab1a5,prca05,likert5,1,1,True,validated,0
d8b848c2-8f2b-4e45-935a-917226fab1a5,prca06,likert5,2,4,True,validated,1
d8b848c2-8f2b-4e45-935a-917226fab1a5,prca13,likert5,1,1,True,validated,0
d8b848c2-8f2b-4e45-935a-917226fab1a5,prca14,likert5,4,2,True,validated,1
d8b848c2-8f2b-4e45-935a-917226fab1a5,prca15,likert5,3,3,True,validated,0
d8b848c2-8f2b-4e45-935a-917226fab1a5,prca16,likert5,2,4,True,validated,1
d8b848c2-8f2b-4e45-935a-917226fab1a5,prca17,likert5,1,5,True,validated,1
d8b848c2-8f2b-4e45-935a-917226fab1a5,prca18,likert5,1,1,True,validated,0
176e6b3a-eac9-45ba-8df3-bbe1a277737a,prca01,likert5,1,1,True,validated,0
176e6b3a-eac9-45ba-8df3-bbe1a277737a,prca02,likert5,1,5,True,validated,1
176e6b3a-eac9-45ba-8df3-bbe1a277737a,prca03,likert5,4,4,True,validated,0
176e6b3a-eac9-45ba-8df3-bbe1a277737a,prca04,likert5,4,2,True,validated,1
176e6b3a-eac9-45ba-8df3-bbe1a277737a,prca05,likert5,2,2,True,validated,0
176e6b3a-eac9-45ba-8df3-bbe1a277737a,prca06,likert5,2,4,True,validated,1
176e6b3a-eac9-45ba-8df3-bbe1a277737a,prca13,likert5,1,1,True,validated,0
176e6b3a-eac9-45ba-8df3-bbe1a277737a,prca14,likert5,1,5,True,validated,1
176e6b3a-eac9-45ba-8df3-bbe1a277737a,prca15,likert5,1,1,True,validated,0
176e6b3a-eac9-45ba-8df3-bbe1a277737a,prca16,likert5,1,5,True,validated,1
176e6b3a-eac9-45ba-8df3-bbe1a277737a,prca17,likert5,4,2,True,validated,1
176e6b3a-eac9-45ba-8df3-bbe1a277737a,prca18,likert5,2,2,True,validated,0
efe08ca1-cb88-4ea8-a249-b07d43ca6ac6,prca01,likert5,4,4,True,validated,0
efe08ca1-cb88-4ea8-a249-b07d43ca6ac6,prca02,likert5,1,5,True,validated,1
efe08ca1-cb88-4ea8-a249-b07d43ca6ac6,prca03,likert5,1,1,True,validated,0
efe08ca1-cb88-4ea8-a249-b07d43ca6ac6,prca04,likert5,2,4,True,validated,1
efe08ca1-cb88-4ea8-a249-b07d43ca6ac6,prca05,likert5,1,1,True,validated,0
efe08ca1-cb88-4ea8-a249-b07d43ca6ac6,prca06,likert5,2,4,True,validated,1
efe08ca1-cb88-4ea8-a249-b07d43ca6ac6,prca13,likert5,4,4,True,validated,0
efe08ca1-cb88-4ea8-a249-b07d43ca6ac6,prca14,likert5,4,2,True,validated,1
efe08ca1-cb88-4ea8-a249-b07d43ca6ac6,prca15,likert5,4,4,True,validated,0
efe08ca1-cb88-4ea8-a249-b07d43ca6ac6,prca16,likert5,1,5,True,validated,1
efe08ca1-cb88-4ea8-a249-b07d43ca6ac6,prca17,likert5,1,5,True,validated,1
efe08ca1-cb88-4ea8-a249-b07d43ca6ac6,prca18,likert5,1,1,True,validated,0
c0459d01-1a7e-40ff-b1b9-73c7fa3f9a5e,prca01,likert5,1,1,True,validated,0
c0459d01-1a7e-40ff-b1b9-73c7fa3f9a5e,prca02,likert5,2,4,True,validated,1
c0459d01-1a7e-40ff-b1b9-73c7fa3f9a5e,prca03,likert5,4,4,True,validated,0
c0459d01-1a7e-40ff-b1b9-73c7fa3f9a5e,prca04,likert5,2,4,True,validated,1
c0459d01-1a7e-40ff-b1b9-73c7fa3f9a5e,prca05,likert5,4,4,True,validated,0
c0459d01-1a7e-40ff-b1b9-73c7fa3f9a5e,prca06,likert5,1,5,True,validated,1
c0459d01-1a7e-40ff-b1b9-73c7fa3f9a5e,prca13,likert5,2,2,True,validated,0
c0459d01-1a7e-40ff-b1b9-73c7fa3f9a5e,prca14,likert5,4,2,True,validated,1
c0459d01-1a7e-40ff-b1b9-73c7fa3f9a5e,prca15,likert5,1,1,True,validated,0
c0459d01-1a7e-40ff-b1b9-73c7fa3f9a5e,prca16,likert5,4,2,True,validated,1
c0459d01-1a7e-40ff-b1b9-73c7fa3f9a5e,prca17,likert5,4,2,True,validated,1
c0459d01-1a7e-40ff-b1b9-73c7fa3f9a5e,prca18,likert5,4,4,True,validated,0
9bfdf62a-c3ef-479e-90aa-04211f63d4c4,prca01,likert5,1,1,True,validated,0
9bfdf62a-c3ef-479e-90aa-04211f63d4c4,prca02,likert5,4,2,True,validated,1
9bfdf62a-c3ef-479e-90aa-04211f63d4c4,prca03,likert5,1,1,True,validated,0
9bfdf62a-c3ef-479e-90aa-04211f63d4c4,prca04,likert5,1,5,True,validated,1
9bfdf62a-c3ef-479e-90aa-04211f63d4c4,prca05,likert5,2,2,True,validated,0
9bfdf62a-c3ef-479e-90aa-04211f63d4c4,prca06,likert5,1,5,True,validated,1
9bfdf62a-c3ef-479e-90aa-04211f63d4c4,prca13,likert5,2,2,True,validated,0
9bfdf62a-c3ef-479e-90aa-04211f63d4c4,prca14,likert5,1,5,True,validated,1
9bfdf62a-c3ef-479e-90aa-04211f63d4c4,prca15,likert5,4,4,True,validated,0
9bfdf62a-c3ef-479e-90aa-04211f63d4c4,prca16,likert5,1,5,True,validated,1
9bfdf62a-c3ef-479e-90aa-04211f63d4c4,prca17,likert5,2,4,True,validated,1
9bfdf62a-c3ef-479e-90aa-04211f63d4c4,prca18,likert5,1,1,True,validated,0
de9acda0-bec8-4192-85aa-3c67ba553fc7,prca01,likert5,1,1,True,validated,0
de9acda0-bec8-4192-85aa-3c67ba553fc7,prca02,likert5,3,3,True,validated,1
de9acda0-bec8-4192-85aa-3c67ba553fc7,prca03,likert5,2,2,True,validated,0
de9acda0-bec8-4192-85aa-3c67ba553fc7,prca04,likert5,4,2,True,validated,1
de9acda0-bec8-4192-85aa-3c67ba553fc7,prca05,likert5,1,1,True,validated,0
de9acda0-bec8-4192-85aa-3c67ba553fc7,prca06,likert5,2,4,True,validated,1
de9acda0-bec8-4192-85aa-3c67ba553fc7,prca13,likert5,1,1,True,validated,0
de9acda0-bec8-4192-85aa-3c67ba553fc7,prca14,likert5,2,4,True,validated,1
de9acda0-bec8-4192-85aa-3c67ba553fc7,prca15,likert5,1,1,True,validated,0
de9acda0-bec8-4192-85aa-3c67ba553fc7,prca16,likert5,1,5,True,validated,1
de9acda0-bec8-4192-85aa-3c67ba553fc7,prca17,likert5,1,5,True,validated,1
de9acda0-bec8-4192-85aa-3c67ba553fc7,prca18,likert5,1,1,True,validated,0
4cc8189d-edde-4d8a-8345-c417a56c57f1,prca01,likert5,4,4,True,validated,0
4cc8189d-edde-4d8a-8345-c417a56c57f1,prca02,likert5,4,2,True,validated,1
4cc8189d-edde-4d8a-8345-c417a56c57f1,prca03,likert5,4,4,True,validated,0
4cc8189d-edde-4d8a-8345-c417a56c57f1,prca04,likert5,3,3,True,validated,1
4cc8189d-edde-4d8a-8345-c417a56c57f1,prca05,likert5,4,4,True,validated,0
4cc8189d-edde-4d8a-8345-c417a56c57f1,prca06,likert5,2,4,True,validated,1
4cc8189d-edde-4d8a-8345-c417a56c57f1,prca13,likert5,4,4,True,validated,0
4cc8189d-edde-4d8a-8345-c417a56c57f1,prca14,likert5,2,4,True,validated,1
4cc8189d-edde-4d8a-8345-c417a56c57f1,prca15,likert5,1,1,True,validated,0
4cc8189d-edde-4d8a-8345-c417a56c57f1,prca16,likert5,1,5,True,validated,1
4cc8189d-edde-4d8a-8345-c417a56c57f1,prca17,likert5,1,5,True,validated,1
4cc8189d-edde-4d8a-8345-c417a56c57f1,prca18,likert5,1,1,True,validated,0
71045640-599c-4873-b9ac-e9312cbed8e5,prca01,likert5,4,4,True,validated,0
71045640-599c-4873-b9ac-e9312cbed8e5,prca02,likert5,2,4,True,validated,1
71045640-599c-4873-b9ac-e9312cbed8e5,prca03,likert5,4,4,True,validated,0
71045640-599c-4873-b9ac-e9312cbed8e5,prca04,likert5,2,4,True,validated,1
71045640-599c-4873-b9ac-e9312cbed8e5,prca05,likert5,2,2,True,validated,0
71045640-599c-4873-b9ac-e9312cbed8e5,prca06,likert5,4,2,True,validated,1
71045640-599c-4873-b9ac-e9312cbed8e5,prca13,likert5,4,4,True,validated,0
71045640-599c-4873-b9ac-e9312cbed8e5,prca14,likert5,2,4,True,validated,1
71045640-599c-4873-b9ac-e9312cbed8e5,prca15,likert5,2,2,True,validated,0
71045640-599c-4873-b9ac-e9312cbed8e5,prca16,likert5,1,5,True,validated,1
71045640-599c-4873-b9ac-e9312cbed8e5,prca17,likert5,1,5,True,validated,1
71045640-599c-4873-b9ac-e9312cbed8e5,prca18,likert5,4,4,True,validated,0
3b8fec1e-2b77-4cc5-a9c6-b97287bc2476,prca01,likert5,1,1,True,validated,0
3b8fec1e-2b77-4cc5-a9c6-b97287bc2476,prca02,likert5,1,5,True,validated,1
3b8fec1e-2b77-4cc5-a9c6-b97287bc2476,prca03,likert5,1,1,True,validated,0
3b8fec1e-2b77-4cc5-a9c6-b97287bc2476,prca04,likert5,2,4,True,validated,1
3b8fec1e-2b77-4cc5-a9c6-b97287bc2476,prca05,likert5,4,4,True,validated,0
3b8fec1e-2b77-4cc5-a9c6-b97287bc2476,prca06,likert5,2,4,True,validated,1
3b8fec1e-2b77-4cc5-a9c6-b97287bc2476,prca13,likert5,2,2,True,validated,0
3b8fec1e-2b77-4cc5-a9c6-b97287bc2476,prca14,likert5,3,3,True,validated,1
3b8fec1e-2b77-4cc5-a9c6-b97287bc2476,prca15,likert5,4,4,True,validated,0
3b8fec1e-2b77-4cc5-a9c6-b97287bc2476,prca16,likert5,1,5,True,validated,1
3b8fec1e-2b77-4cc5-a9c6-b97287bc2476,prca17,likert5,1,5,True,validated,1
3b8fec1e-2b77-4cc5-a9c6-b97287bc2476,prca18,likert5,1,1,True,validated,0
1c6d8783-fa73-4035-aaf7-1ab309fe7c9e,prca01,likert5,1,1,True,validated,0
1c6d8783-fa73-4035-aaf7-1ab309fe7c9e,prca02,likert5,1,5,True,validated,1
1c6d8783-fa73-4035-aaf7-1ab309fe7c9e,prca03,likert5,1,1,True,validated,0
1c6d8783-fa73-4035-aaf7-1ab309fe7c9e,prca04,likert5,2,4,True,validated,1
1c6d8783-fa73-4035-aaf7-1ab309fe7c9e,prca05,likert5,4,4,True,validated,0
1c6d8783-fa73-4035-aaf7-1ab309fe7c9e,prca06,likert5,1,5,True,validated,1
1c6d8783-fa73-4035-aaf7-1ab309fe7c9e,prca13,likert5,1,1,True,validated,0
1c6d8783-fa73-4035-aaf7-1ab309fe7c9e,prca14,likert5,4,2,True,validated,1
1c6d8783-fa73-4035-aaf7-1ab309fe7c9e,prca15,likert5,1,1,True,validated,0
1c6d8783-fa73-4035-aaf7-1ab309fe7c9e,prca16,likert5,1,5,True,validated,1
1c6d8783-fa73-4035-aaf7-1ab309fe7c9e,prca17,likert5,1,5,True,validated,1
1c6d8783-fa73-4035-aaf7-1ab309fe7c9e,prca18,likert5,1,1,True,validated,0
3914df24-5c83-4acc-b70f-1be5b6018284,prca01,likert5,1,1,True,validated,0
3914df24-5c83-4acc-b70f-1be5b6018284,prca02,likert5,1,5,True,validated,1
3914df24-5c83-4acc-b70f-1be5b6018284,prca03,likert5,1,1,True,validated,0
3914df24-5c83-4acc-b70f-1be5b6018284,prca04,likert5,3,3,True,validated,1
3914df24-5c83-4acc-b70f-1be5b6018284,prca05,likert5,1,1,True,validated,0
3914df24-5c83-4acc-b70f-1be5b6018284,prca06,likert5,1,5,True,validated,1
3914df24-5c83-4acc-b70f-1be5b6018284,prca13,likert5,1,1,True,validated,0
3914df24-5c83-4acc-b70f-1be5b6018284,prca14,likert5,3,3,True,validated,1
3914df24-5c83-4acc-b70f-1be5b6018284,prca15,likert5,4,4,True,validated,0
3914df24-5c83-4acc-b70f-1be5b6018284,prca16,likert5,3,3,True,validated,1
3914df24-5c83-4acc-b70f-1be5b6018284,prca17,likert5,1,5,True,validated,1
3914df24-5c83-4acc-b70f-1be5b6018284,prca18,likert5,1,1,True,validated,0
3b3e9fdf-93ea-4281-890c-d42a289639fe,prca01,likert5,1,1,True,validated,0
3b3e9fdf-93ea-4281-890c-d42a289639fe,prca02,likert5,2,4,True,validated,1
3b3e9fdf-93ea-4281-890c-d42a289639fe,prca03,likert5,4,4,True,validated,0
3b3e9fdf-93ea-4281-890c-d42a289639fe,prca04,likert5,1,5,True,validated,1
3b3e9fdf-93ea-4281-890c-d42a289639fe,prca05,likert5,2,2,True,validated,0
3b3e9fdf-93ea-4281-890c-d42a289639fe,prca06,likert5,2,4,True,validated,1
3b3e9fdf-93ea-4281-890c-d42a289639fe,prca13,likert5,1,1,True,validated,0
3b3e9fdf-93ea-4281-890c-d42a289639fe,prca14,likert5,4,2,True,validated,1
3b3e9fdf-93ea-4281-890c-d42a289639fe,prca15,likert5,1,1,True,validated,0
3b3e9fdf-93ea-4281-890c-d42a289639fe,prca16,likert5,1,5,True,validated,1
3b3e9fdf-93ea-4281-890c-d42a289639fe,prca17,likert5,1,5,True,validated,1
3b3e9fdf-93ea-4281-890c-d42a289639fe,prca18,likert5,4,4,True,validated,0
d1e2c7de-7adf-4af2-b49b-3f4854339372,prca01,likert5,4,4,True,validated,0
d1e2c7de-7adf-4af2-b49b-3f4854339372,prca02,likert5,3,3,True,validated,1
d1e2c7de-7adf-4af2-b49b-3f4854339372,prca03,likert5,4,4,True,validated,0
d1e2c7de-7adf-4af2-b49b-3f4854339372,prca04,likert5,1,5,True,validated,1
d1e2c7de-7adf-4af2-b49b-3f4854339372,prca05,likert5,1,1,True,validated,0
d1e2c7de-7adf-4af2-b49b-3f4854339372,prca06,likert5,1,5,True,validated,1
d1e2c7de-7adf-4af2-b49b-3f4854339372,prca13,likert5,1,1,True,validated,0
d1e2c7de-7adf-4af2-b49b-3f4854339372,prca14,likert5,3,3,True,validated,1
d1e2c7de-7adf-4af2-b49b-3f4854339372,prca15,likert5,1,1,True,validated,0
d1e2c7de-7adf-4af2-b49b-3f4854339372,prca16,likert5,4,2,True,validated,1
d1e2c7de-7adf-4af2-b49b-3f4854339372,prca17,likert5,1,5,True,validated,1
d1e2c7de-7adf-4af2-b49b-3f4854339372,prca18,likert5,1,1,True,validated,0
bbca17dd-c2f2-43c9-b413-2e3b6592f4e8,prca01,likert5,1,1,True,validated,0
bbca17dd-c2f2-43c9-b413-2e3b6592f4e8,prca02,likert5,1,5,True,validated,1
bbca17dd-c2f2-43c9-b413-2e3b6592f4e8,prca03,likert5,4,4,True,validated,0
bbca17dd-c2f2-43c9-b413-2e3b6592f4e8,prca04,likert5,1,5,True,validated,1
bbca17dd-c2f2-43c9-b413-2e3b6592f4e8,prca05,likert5,1,1,True,validated,0
bbca17dd-c2f2-43c9-b413-2e3b6592f4e8,prca06,likert5,2,4,True,validated,1
bbca17dd-c2f2-43c9-b413-2e3b6592f4e8,prca13,likert5,1,1,True,validated,0
bbca17dd-c2f2-43c9-b413-2e3b6592f4e8,prca14,likert5,4,2,True,validated,1
bbca17dd-c2f2-43c9-b413-2e3b6592f4e8,prca15,likert5,1,1,True,validated,0
bbca17dd-c2f2-43c9-b413-2e3b6592f4e8,prca16,likert5,4,2,True,validated,1
bbca17dd-c2f2-43c9-b413-2e3b6592f4e8,prca17,likert5,4,2,True,validated,1
bbca17dd-c2f2-43c9-b413-2e3b6592f4e8,prca18,likert5,1,1,True,validated,0
605cbac9-46e8-4eac-aa93-535f24236a5e,prca01,likert5,4,4,True,validated,0
605cbac9-46e8-4eac-aa93-535f24236a5e,prca02,likert5,4,2,True,validated,1
605cbac9-46e8-4eac-aa93-535f24236a5e,prca03,likert5,1,1,True,validated,0
605cbac9-46e8-4eac-aa93-535f24236a5e,prca04,likert5,2,4,True,validated,1
605cbac9-46e8-4eac-aa93-535f24236a5e,prca05,likert5,4,4,True,validated,0
605cbac9-46e8-4eac-aa93-535f24236a5e,prca06,likert5,2,4,True,validated,1
605cbac9-46e8-4eac-aa93-535f24236a5e,prca13,likert5,1,1,True,validated,0
605cbac9-46e8-4eac-aa93-535f24236a5e,prca14,likert5,2,4,True,validated,1
605cbac9-46e8-4eac-aa93-535f24236a5e,prca15,likert5,1,1,True,validated,0
605cbac9-46e8-4eac-aa93-535f24236a5e,prca16,likert5,2,4,True,validated,1
605cbac9-46e8-4eac-aa93-535f24236a5e,prca17,likert5,2,4,True,validated,1
605cbac9-46e8-4eac-aa93-535f24236a5e,prca18,likert5,3,3,True,validated,0
1bde3bea-7aa7-4bf3-999d-64ca11fa3aa1,prca01,likert5,1,1,True,validated,0
1bde3bea-7aa7-4bf3-999d-64ca11fa3aa1,prca02,likert5,2,4,True,validated,1
1bde3bea-7aa7-4bf3-999d-64ca11fa3aa1,prca03,likert5,1,1,True,validated,0
1bde3bea-7aa7-4bf3-999d-64ca11fa3aa1,prca04,likert5,1,5,True,validated,1
1bde3bea-7aa7-4bf3-999d-64ca11fa3aa1,prca05,likert5,1,1,True,validated,0
1bde3bea-7aa7-4bf3-999d-64ca11fa3aa1,prca06,likert5,4,2,True,validated,1
1bde3bea-7aa7-4bf3-999d-64ca11fa3aa1,prca13,likert5,1,1,True,validated,0
1bde3bea-7aa7-4bf3-999d-64ca11fa3aa1,prca14,likert5,4,2,True,validated,1
1bde3bea-7aa7-4bf3-999d-64ca11fa3aa1,prca15,likert5,2,2,True,validated,0
1bde3bea-7aa7-4bf3-999d-64ca11fa3aa1,prca16,likert5,1,5,True,validated,1
1bde3bea-7aa7-4bf3-999d-64ca11fa3aa1,prca17,likert5,4,2,True,validated,1
1bde3bea-7aa7-4bf3-999d-64ca11fa3aa1,prca18,likert5,1,1,True,validated,0
3403ac32-ae2a-4de1-ac37-7e52d36719c5,prca01,likert5,1,1,True,validated,0
3403ac32-ae2a-4de1-ac37-7e52d36719c5,prca02,likert5,1,5,True,validated,1
3403ac32-ae2a-4de1-ac37-7e52d36719c5,prca03,likert5,4,4,True,validated,0
3403ac32-ae2a-4de1-ac37-7e52d36719c5,prca04,likert5,2,4,True,validated,1
3403ac32-ae2a-4de1-ac37-7e52d36719c5,prca05,likert5,1,1,True,validated,0
3403ac32-ae2a-4de1-ac37-7e52d36719c5,prca06,likert5,4,2,True,validated,1
3403ac32-ae2a-4de1-ac37-7e52d36719c5,prca13,likert5,2,2,True,validated,0
3403ac32-ae2a-4de1-ac37-7e52d36719c5,prca14,likert5,4,2,True,validated,1
3403ac32-ae2a-4de1-ac37-7e52d36719c5,prca15,likert5,1,1,True,validated,0
3403ac32-ae2a-4de1-ac37-7e52d36719c5,prca16,likert5,2,4,True,validated,1
3403ac32-ae2a-4de1-ac37-7e52d36719c5,prca17,likert5,1,5,True,validated,1
3403ac32-ae2a-4de1-ac37-7e52d36719c5,prca18,likert5,1,1,True,validated,0
4ab83007-947a-413d-9b76-2b8d686ca35c,prca01,likert5,1,1,True,validated,0
4ab83007-947a-413d-9b76-2b8d686ca35c,prca02,likert5,3,3,True,validated,1
4ab83007-947a-413d-9b76-2b8d686ca35c,prca03,likert5,2,2,True,validated,0
4ab83007-947a-413d-9b76-2b8d686ca35c,prca04,likert5,2,4,True,validated,1
4ab83007-947a-413d-9b76-2b8d686ca35c,prca05,likert5,1,1,True,validated,0
4ab83007-947a-413d-9b76-2b8d686ca35c,prca06,likert5,1,5,True,validated,1
4ab83007-947a-413d-9b76-2b8d686ca35c,prca13,likert5,2,2,True,validated,0
4ab83007-947a-413d-9b76-2b8d686ca35c,prca14,likert5,4,2,True,validated,1
4ab83007-947a-413d-9b76-2b8d686ca35c,prca15,likert5,4,4,True,validated,0
4ab83007-947a-413d-9b76-2b8d686ca35c,prca16,likert5,2,4,True,validated,1
4ab83007-947a-413d-9b76-2b8d686ca35c,prca17,likert5,1,5,True,validated,1
4ab83007-947a-413d-9b76-2b8d686ca35c,prca18,likert5,1,1,True,validated,0
12188221-9e7f-42d8-9697-40a941e35aad,prca01,likert5,4,4,True,validated,0
12188221-9e7f-42d8-9697-40a941e35aad,prca02,likert5,1,5,True,validated,1
12188221-9e7f-42d8-9697-40a941e35aad,prca03,likert5,4,4,True,validated,0
12188221-9e7f-42d8-9697-40a941e35aad,prca04,likert5,2,4,True,validated,1
12188221-9e7f-42d8-9697-40a941e35aad,prca05,likert5,1,1,True,validated,0
12188221-9e7f-42d8-9697-40a941e35aad,prca06,likert5,1,5,True,validated,1
12188221-9e7f-42d8-9697-40a941e35aad,prca13,likert5,1,1,True,validated,0
12188221-9e7f-42d8-9697-40a941e35aad,prca14,likert5,1,5,True,validated,1
12188221-9e7f-42d8-9697-40a941e35aad,prca15,likert5,1,1,True,validated,0
12188221-9e7f-42d8-9697-40a941e35aad,prca16,likert5,2,4,True,validated,1
12188221-9e7f-42d8-9697-40a941e35aad,prca17,likert5,2,4,True,validated,1
12188221-9e7f-42d8-9697-40a941e35aad,prca18,likert5,1,1,True,validated,0
7496d0ae-f29d-414d-b5c7-15b1b9700c55,prca01,likert5,2,2,True,validated,0
7496d0ae-f29d-414d-b5c7-15b1b9700c55,prca02,likert5,1,5,True,validated,1
7496d0ae-f29d-414d-b5c7-15b1b9700c55,prca03,likert5,1,1,True,validated,0
7496d0ae-f29d-414d-b5c7-15b1b9700c55,prca04,likert5,1,5,True,validated,1
7496d0ae-f29d-414d-b5c7-15b1b9700c55,prca05,likert5,4,4,True,validated,0
7496d0ae-f29d-414d-b5c7-15b1b9700c55,prca06,likert5,4,2,True,validated,1
7496d0ae-f29d-414d-b5c7-15b1b9700c55,prca13,likert5,4,4,True,validated,0
7496d0ae-f29d-414d-b5c7-15b1b9700c55,prca14,likert5,1,5,True,validated,1
7496d0ae-f29d-414d-b5c7-15b1b9700c55,prca15,likert5,1,1,True,validated,0
7496d0ae-f29d-414d-b5c7-15b1b9700c55,prca16,likert5,3,3,True,validated,1
7496d0ae-f29d-414d-b5c7-15b1b9700c55,prca17,likert5,2,4,True,validated,1
7496d0ae-f29d-414d-b5c7-15b1b9700c55,prca18,likert5,1,1,True,validated,0
e003c25f-cd72-49b2-bdf6-63edd9988fc2,prca01,likert5,4,4,True,validated,0
e003c25f-cd72-49b2-bdf6-63edd9988fc2,prca02,likert5,4,2,True,validated,1
e003c25f-cd72-49b2-bdf6-63edd9988fc2,prca03,likert5,1,1,True,validated,0
e003c25f-cd72-49b2-bdf6-63edd9988fc2,prca04,likert5,3,3,True,validated,1
e003c25f-cd72-49b2-bdf6-63edd9988fc2,prca05,likert5,1,1,True,validated,0
e003c25f-cd72-49b2-bdf6-63edd9988fc2,prca06,likert5,1,5,True,validated,1
e003c25f-cd72-49b2-bdf6-63edd9988fc2,prca13,likert5,2,2,True,validated,0
e003c25f-cd72-49b2-bdf6-63edd9988fc2,prca14,likert5,1,5,True,validated,1
e003c25f-cd72-49b2-bdf6-63edd9988fc2,prca15,likert5,1,1,True,validated,0
e003c25f-cd72-49b2-bdf6-63edd9988fc2,prca16,likert5,4,2,True,validated,1
e003c25f-cd72-49b2-bdf6-63edd9988fc2,prca17,likert5,1,5,True,validated,1
e003c25f-cd72-49b2-bdf6-63edd9988fc2,prca18,likert5,2,2,True,validated,0
d021e80c-4812-4bbb-b850-7f040d603710,prca01,likert5,4,4,True,validated,0
d021e80c-4812-4bbb-b850-7f040d603710,prca02,likert5,2,4,True,validated,1
d021e80c-4812-4bbb-b850-7f040d603710,prca03,likert5,1,1,True,validated,0
d021e80c-4812-4bbb-b850-7f040d603710,prca04,likert5,3,3,True,validated,1
d021e80c-4812-4bbb-b850-7f040d603710,prca05,likert5,1,1,True,validated,0
d021e80c-4812-4bbb-b850-7f040d603710,prca06,likert5,4,2,True,validated,1
d021e80c-4812-4bbb-b850-7f040d603710,prca13,likert5,4,4,True,validated,0
d021e80c-4812-4bbb-b850-7f040d603710,prca14,likert5,2,4,True,validated,1
d021e80c-4812-4bbb-b850-7f040d603710,prca15,likert5,2,2,True,validated,0
d021e80c-4812-4bbb-b850-7f040d603710,prca16,likert5,1,5,True,validated,1
d021e80c-4812-4bbb-b850-7f040d603710,prca17,likert5,1,5,True,validated,1
d021e80c-4812-4bbb-b850-7f040d603710,prca18,likert5,4,4,True,validated,0
e8cf8678-1e00-424e-bc83-1084f5d0c032,prca01,likert5,4,4,True,validated,0
e8cf8678-1e00-424e-bc83-1084f5d0c032,prca02,likert5,1,5,True,validated,1
e8cf8678-1e00-424e-bc83-1084f5d0c032,prca03,likert5,4,4,True,validated,0
e8cf8678-1e00-424e-bc83-1084f5d0c032,prca04,likert5,4,2,True,validated,1
e8cf8678-1e00-424e-bc83-1084f5d0c032,prca05,likert5,2,2,True,validated,0
e8cf8678-1e00-424e-bc83-1084f5d0c032,prca06,likert5,1,5,True,validated,1
e8cf8678-1e00-424e-bc83-1084f5d0c032,prca13,likert5,4,4,True,validated,0
e8cf8678-1e00-424e-bc83-1084f5d0c032,prca14,likert5,4,2,True,validated,1
e8cf8678-1e00-424e-bc83-1084f5d0c032,prca15,likert5,4,4,True,validated,0
e8cf8678-1e00-424e-bc83-1084f5d0c032,prca16,likert5,4,2,True,validated,1
e8cf8678-1e00-424e-bc83-1084f5d0c032,prca17,likert5,4,2,True,validated,1
e8cf8678-1e00-424e-bc83-1084f5d0c032,prca18,likert5,1,1,True,validated,0
fb619516-38cd-48e9-bd71-254d3d04fb85,prca01,likert5,1,1,True,validated,0
fb619516-38cd-48e9-bd71-254d3d04fb85,prca02,likert5,1,5,True,validated,1
fb619516-38cd-48e9-bd71-254d3d04fb85,prca03,likert5,1,1,True,validated,0
fb619516-38cd-48e9-bd71-254d3d04fb85,prca04,likert5,1,5,True,validated,1
fb619516-38cd-48e9-bd71-254d3d04fb85,prca05,likert5,1,1,True,validated,0
fb619516-38cd-48e9-bd71-254d3d04fb85,prca06,likert5,2,4,True,validated,1
fb619516-38cd-48e9-bd71-254d3d04fb85,prca13,likert5,4,4,True,validated,0
fb619516-38cd-48e9-bd71-254d3d04fb85,prca14,likert5,2,4,True,validated,1
fb619516-38cd-48e9-bd71-254d3d04fb85,prca15,likert5,1,1,True,validated,0
fb619516-38cd-48e9-bd71-254d3d04fb85,prca16,likert5,2,4,True,validated,1
fb619516-38cd-48e9-bd71-254d3d04fb85,prca17,likert5,4,2,True,validated,1
fb619516-38cd-48e9-bd71-254d3d04fb85,prca18,likert5,2,2,True,validated,0
32c9b21f-7885-49c3-ab0c-f893bd474323,prca01,likert5,1,1,True,validated,0
32c9b21f-7885-49c3-ab0c-f893bd474323,prca02,likert5,4,2,True,validated,1
32c9b21f-7885-49c3-ab0c-f893bd474323,prca03,likert5,2,2,True,validated,0
32c9b21f-7885-49c3-ab0c-f893bd474323,prca04,likert5,2,4,True,validated,1
32c9b21f-7885-49c3-ab0c-f893bd474323,prca05,likert5,2,2,True,validated,0
32c9b21f-7885-49c3-ab0c-f893bd474323,prca06,likert5,1,5,True,validated,1
32c9b21f-7885-49c3-ab0c-f893bd474323,prca13,likert5,1,1,True,validated,0
32c9b21f-7885-49c3-ab0c-f893bd474323,prca14,likert5,1,5,True,validated,1
32c9b21f-7885-49c3-ab0c-f893bd474323,prca15,likert5,4,4,True,validated,0
32c9b21f-7885-49c3-ab0c-f893bd474323,prca16,likert5,4,2,True,validated,1
32c9b21f-7885-49c3-ab0c-f893bd474323,prca17,likert5,4,2,True,validated,1
32c9b21f-7885-49c3-ab0c-f893bd474323,prca18,likert5,2,2,True,validated,0
4850c10b-1804-4e15-b412-9c8132d95964,prca01,likert5,4,4,True,validated,0
4850c10b-1804-4e15-b412-9c8132d95964,prca02,likert5,4,2,True,validated,1
4850c10b-1804-4e15-b412-9c8132d95964,prca03,likert5,4,4,True,validated,0
4850c10b-1804-4e15-b412-9c8132d95964,prca04,likert5,3,3,True,validated,1
4850c10b-1804-4e15-b412-9c8132d95964,prca05,likert5,2,2,True,validated,0
4850c10b-1804-4e15-b412-9c8132d95964,prca06,likert5,1,5,True,validated,1
4850c10b-1804-4e15-b412-9c8132d95964,prca13,likert5,2,2,True,validated,0
4850c10b-1804-4e15-b412-9c8132d95964,prca14,likert5,4,2,True,validated,1
4850c10b-1804-4e15-b412-9c8132d95964,prca15,likert5,2,2,True,validated,0
4850c10b-1804-4e15-b412-9c8132d95964,prca16,likert5,4,2,True,validated,1
4850c10b-1804-4e15-b412-9c8132d95964,prca17,likert5,4,2,True,validated,1
4850c10b-1804-4e15-b412-9c8132d95964,prca18,likert5,1,1,True,validated,0
df2cc8c0-9f0d-46b8-85ee-2591e3e0ecd3,prca01,likert5,1,1,True,validated,0
df2cc8c0-9f0d-46b8-85ee-2591e3e0ecd3,prca02,likert5,2,4,True,validated,1
df2cc8c0-9f0d-46b8-85ee-2591e3e0ecd3,prca03,likert5,1,1,True,validated,0
df2cc8c0-9f0d-46b8-85ee-2591e3e0ecd3,prca04,likert5,1,5,True,validated,1
df2cc8c0-9f0d-46b8-85ee-2591e3e0ecd3,prca05,likert5,2,2,True,validated,0
df2cc8c0-9f0d-46b8-85ee-2591e3e0ecd3,prca06,likert5,1,5,True,validated,1
df2cc8c0-9f0d-46b8-85ee-2591e3e0ecd3,prca13,likert5,2,2,True,validated,0
df2cc8c0-9f0d-46b8-85ee-2591e3e0ecd3,prca14,likert5,2,4,True,validated,1
df2cc8c0-9f0d-46b8-85ee-2591e3e0ecd3,prca15,likert5,1,1,True,validated,0
df2cc8c0-9f0d-46b8-85ee-2591e3e0ecd3,prca16,likert5,4,2,True,validated,1
df2cc8c0-9f0d-46b8-85ee-2591e3e0ecd3,prca17,likert5,2,4,True,validated,1
df2cc8c0-9f0d-46b8-85ee-2591e3e0ecd3,prca18,likert5,1,1,True,validated,0
e290cb93-6a78-4ad7-bda6-9e9ff47ce5d9,prca01,likert5,1,1,True,validated,0
e290cb93-6a78-4ad7-bda6-9e9ff47ce5d9,prca02,likert5,2,4,True,validated,1
e290cb93-6a78-4ad7-bda6-9e9ff47ce5d9,prca03,likert5,4,4,True,validated,0
e290cb93-6a78-4ad7-bda6-9e9ff47ce5d9,prca04,likert5,3,3,True,validated,1
e290cb93-6a78-4ad7-bda6-9e9ff47ce5d9,prca05,likert5,4,4,True,validated,0
e290cb93-6a78-4ad7-bda6-9e9ff47ce5d9,prca06,likert5,2,4,True,validated,1
e290cb93-6a78-4ad7-bda6-9e9ff47ce5d9,prca13,likert5,4,4,True,validated,0
e290cb93-6a78-4ad7-bda6-9e9ff47ce5d9,prca14,likert5,4,2,True,validated,1
e290cb93-6a78-4ad7-bda6-9e9ff47ce5d9,prca15,likert5,1,1,True,validated,0
e290cb93-6a78-4ad7-bda6-9e9ff47ce5d9,prca16,likert5,1,5,True,validated,1
e290cb93-6a78-4ad7-bda6-9e9ff47ce5d9,prca17,likert5,1,5,True,validated,1
e290cb93-6a78-4ad7-bda6-9e9ff47ce5d9,prca18,likert5,4,4,True,validated,0
af889ec4-64d6-465d-aa5e-8892bef28ff1,prca01,likert5,4,4,True,validated,0
af889ec4-64d6-465d-aa5e-8892bef28ff1,prca02,likert5,1,5,True,validated,1
af889ec4-64d6-465d-aa5e-8892bef28ff1,prca03,likert5,1,1,True,validated,0
af889ec4-64d6-465d-aa5e-8892bef28ff1,prca04,likert5,1,5,True,validated,1
af889ec4-64d6-465d-aa5e-8892bef28ff1,prca05,likert5,4,4,True,validated,0
af889ec4-64d6-465d-aa5e-8892bef28ff1,prca06,likert5,4,2,True,validated,1
af889ec4-64d6-465d-aa5e-8892bef28ff1,prca13,likert5,2,2,True,validated,0
af889ec4-64d6-465d-aa5e-8892bef28ff1,prca14,likert5,1,5,True,validated,1
af889ec4-64d6-465d-aa5e-8892bef28ff1,prca15,likert5,1,1,True,validated,0
af889ec4-64d6-465d-aa5e-8892bef28ff1,prca16,likert5,1,5,True,validated,1
af889ec4-64d6-465d-aa5e-8892bef28ff1,prca17,likert5,1,5,True,validated,1
af889ec4-64d6-465d-aa5e-8892bef28ff1,prca18,likert5,1,1,True,validated,0
c91d6d5e-4363-45d7-9730-afc4f80c53ee,prca01,likert5,1,1,True,validated,0
c91d6d5e-4363-45d7-9730-afc4f80c53ee,prca02,likert5,1,5,True,validated,1
c91d6d5e-4363-45d7-9730-afc4f80c53ee,prca03,likert5,2,2,True,validated,0
c91d6d5e-4363-45d7-9730-afc4f80c53ee,prca04,likert5,3,3,True,validated,1
c91d6d5e-4363-45d7-9730-afc4f80c53ee,prca05,likert5,4,4,True,validated,0
c91d6d5e-4363-45d7-9730-afc4f80c53ee,prca06,likert5,3,3,True,validated,1
c91d6d5e-4363-45d7-9730-afc4f80c53ee,prca13,likert5,1,1,True,validated,0
c91d6d5e-4363-45d7-9730-afc4f80c53ee,prca14,likert5,3,3,True,validated,1
c91d6d5e-4363-45d7-9730-afc4f80c53ee,prca15,likert5,1,1,True,validated,0
c91d6d5e-4363-45d7-9730-afc4f80c53ee,prca16,likert5,4,2,True,validated,1
c91d6d5e-4363-45d7-9730-afc4f80c53ee,prca17,likert5,4,2,True,validated,1
c91d6d5e-4363-45d7-9730-afc4f80c53ee,prca18,likert5,2,2,True,validated,0
560d8961-041a-406a-97f9-b6f0224af404,prca01,likert5,1,1,True,validated,0
560d8961-041a-406a-97f9-b6f0224af404,prca02,likert5,1,5,True,validated,1
560d8961-041a-406a-97f9-b6f0224af404,prca03,likert5,1,1,True,validated,0
560d8961-041a-406a-97f9-b6f0224af404,prca04,likert5,1,5,True,validated,1
560d8961-041a-406a-97f9-b6f0224af404,prca05,likert5,4,4,True,validated,0
560d8961-041a-406a-97f9-b6f0224af404,prca06,likert5,4,2,True,validated,1
560d8961-041a-406a-97f9-b6f0224af404,prca13,likert5,2,2,True,validated,0
560d8961-041a-406a-97f9-b6f0224af404,prca14,likert5,1,5,True,validated,1
560d8961-041a-406a-97f9-b6f0224af404,prca15,likert5,1,1,True,validated,0
560d8961-041a-406a-97f9-b6f0224af404,prca16,likert5,2,4,True,validated,1
560d8961-041a-406a-97f9-b6f0224af404,prca17,likert5,1,5,True,validated,1
560d8961-041a-406a-97f9-b6f0224af404,prca18,likert5,1,1,True,validated,0
e5d7d524-0dae-4f3c-95d2-02a9e212fe68,prca01,likert5,3,3,True,validated,0
e5d7d524-0dae-4f3c-95d2-02a9e212fe68,prca02,likert5,4,2,True,validated,1
e5d7d524-0dae-4f3c-95d2-02a9e212fe68,prca03,likert5,4,4,True,validated,0
e5d7d524-0dae-4f3c-95d2-02a9e212fe68,prca04,likert5,3,3,True,validated,1
e5d7d524-0dae-4f3c-95d2-02a9e212fe68,prca05,likert5,1,1,True,validated,0
e5d7d524-0dae-4f3c-95d2-02a9e212fe68,prca06,likert5,2,4,True,validated,1
e5d7d524-0dae-4f3c-95d2-02a9e212fe68,prca13,likert5,1,1,True,validated,0
e5d7d524-0dae-4f3c-95d2-02a9e212fe68,prca14,likert5,4,2,True,validated,1
e5d7d524-0dae-4f3c-95d2-02a9e212fe68,prca15,likert5,1,1,True,validated,0
e5d7d524-0dae-4f3c-95d2-02a9e212fe68,prca16,likert5,1,5,True,validated,1
e5d7d524-0dae-4f3c-95d2-02a9e212fe68,prca17,likert5,1,5,True,validated,1
e5d7d524-0dae-4f3c-95d2-02a9e212fe68,prca18,likert5,2,2,True,validated,0
64558ca9-a65b-4366-b449-19b3768ef30d,prca01,likert5,3,3,True,validated,0
64558ca9-a65b-4366-b449-19b3768ef30d,prca02,likert5,1,5,True,validated,1
64558ca9-a65b-4366-b449-19b3768ef30d,prca03,likert5,1,1,True,validated,0
64558ca9-a65b-4366-b449-19b3768ef30d,prca04,likert5,1,5,True,validated,1
64558ca9-a65b-4366-b449-19b3768ef30d,prca05,likert5,4,4,True,validated,0
64558ca9-a65b-4366-b449-19b3768ef30d,prca06,likert5,2,4,True,validated,1
64558ca9-a65b-4366-b449-19b3768ef30d,prca13,likert5,1,1,True,validated,0
64558ca9-a65b-4366-b449-19b3768ef30d,prca14,likert5,2,4,True,validated,1
64558ca9-a65b-4366-b449-19b3768ef30d,prca15,likert5,1,1,True,validated,0
64558ca9-a65b-4366-b449-19b3768ef30d,prca16,likert5,1,5,True,validated,1
64558ca9-a65b-4366-b449-19b3768ef30d,prca17,likert5,1,5,True,validated,1
64558ca9-a65b-4366-b449-19b3768ef30d,prca18,likert5,1,1,True,validated,0
9272ae4a-ebea-4eb9-b470-de1bcd1f5900,prca01,likert5,3,3,True,validated,0
9272ae4a-ebea-4eb9-b470-de1bcd1f5900,prca02,likert5,2,4,True,validated,1
9272ae4a-ebea-4eb9-b470-de1bcd1f5900,prca03,likert5,1,1,True,validated,0
9272ae4a-ebea-4eb9-b470-de1bcd1f5900,prca04,likert5,4,2,True,validated,1
9272ae4a-ebea-4eb9-b470-de1bcd1f5900,prca05,likert5,4,4,True,validated,0
9272ae4a-ebea-4eb9-b470-de1bcd1f5900,prca06,likert5,3,3,True,validated,1
9272ae4a-ebea-4eb9-b470-de1bcd1f5900,prca13,likert5,2,2,True,validated,0
9272ae4a-ebea-4eb9-b470-de1bcd1f5900,prca14,likert5,4,2,True,validated,1
9272ae4a-ebea-4eb9-b470-de1bcd1f5900,prca15,likert5,1,1,True,validated,0
9272ae4a-ebea-4eb9-b470-de1bcd1f5900,prca16,likert5,3,3,True,validated,1
9272ae4a-ebea-4eb9-b470-de1bcd1f5900,prca17,likert5,1,5,True,validated,1
9272ae4a-ebea-4eb9-b470-de1bcd1f5900,prca18,likert5,1,1,True,validated,0
b2447848-6312-4d1b-b84a-d133b84bd38a,prca01,likert5,1,1,True,validated,0
b2447848-6312-4d1b-b84a-d133b84bd38a,prca02,likert5,1,5,True,validated,1
b2447848-6312-4d1b-b84a-d133b84bd38a,prca03,likert5,2,2,True,validated,0
b2447848-6312-4d1b-b84a-d133b84bd38a,prca04,likert5,4,2,True,validated,1
b2447848-6312-4d1b-b84a-d133b84bd38a,prca05,likert5,1,1,True,validated,0
b2447848-6312-4d1b-b84a-d133b84bd38a,prca06,likert5,1,5,True,validated,1
b2447848-6312-4d1b-b84a-d133b84bd38a,prca13,likert5,1,1,True,validated,0
b2447848-6312-4d1b-b84a-d133b84bd38a,prca14,likert5,3,3,True,validated,1
b2447848-6312-4d1b-b84a-d133b84bd38a,prca15,likert5,1,1,True,validated,0
b2447848-6312-4d1b-b84a-d133b84bd38a,prca16,likert5,2,4,True,validated,1
b2447848-6312-4d1b-b84a-d133b84bd38a,prca17,likert5,1,5,True,validated,1
b2447848-6312-4d1b-b84a-d133b84bd38a,prca18,likert5,2,2,True,validated,0
4ea18be0-0485-40f6-ae80-78246fd0e598,prca01,likert5,2,2,True,validated,0
4ea18be0-0485-40f6-ae80-78246fd0e598,prca02,likert5,3,3,True,validated,1
4ea18be0-0485-40f6-ae80-78246fd0e598,prca03,likert5,4,4,True,validated,0
4ea18be0-0485-40f6-ae80-78246fd0e598,prca04,likert5,1,5,True,validated,1
4ea18be0-0485-40f6-ae80-78246fd0e598,prca05,likert5,1,1,True,validated,0
4ea18be0-0485-40f6-ae80-78246fd0e598,prca06,likert5,2,4,True,validated,1
4ea18be0-0485-40f6-ae80-78246fd0e598,prca13,likert5,1,1,True,validated,0
4ea18be0-0485-40f6-ae80-78246fd0e598,prca14,likert5,4,2,True,validated,1
4ea18be0-0485-40f6-ae80-78246fd0e598,prca15,likert5,4,4,True,validated,0
4ea18be0-0485-40f6-ae80-78246fd0e598,prca16,likert5,3,3,True,validated,1
4ea18be0-0485-40f6-ae80-78246fd0e598,prca17,likert5,2,4,True,validated,1
4ea18be0-0485-40f6-ae80-78246fd0e598,prca18,likert5,1,1,True,validated,0
3ec9cb77-d928-493b-a684-26ed4f2cf8db,prca01,likert5,4,4,True,validated,0
3ec9cb77-d928-493b-a684-26ed4f2cf8db,prca02,likert5,3,3,True,validated,1
3ec9cb77-d928-493b-a684-26ed4f2cf8db,prca03,likert5,1,1,True,validated,0
3ec9cb77-d928-493b-a684-26ed4f2cf8db,prca04,likert5,3,3,True,validated,1
3ec9cb77-d928-493b-a684-26ed4f2cf8db,prca05,likert5,4,4,True,validated,0
3ec9cb77-d928-493b-a684-26ed4f2cf8db,prca06,likert5,3,3,True,validated,1
3ec9cb77-d928-493b-a684-26ed4f2cf8db,prca13,likert5,4,4,True,validated,0
3ec9cb77-d928-493b-a684-26ed4f2cf8db,prca14,likert5,3,3,True,validated,1
3ec9cb77-d928-493b-a684-26ed4f2cf8db,prca15,likert5,1,1,True,validated,0
3ec9cb77-d928-493b-a684-26ed4f2cf8db,prca16,likert5,1,5,True,validated,1
3ec9cb77-d928-493b-a684-26ed4f2cf8db,prca17,likert5,2,4,True,validated,1
3ec9cb77-d928-493b-a684-26ed4f2cf8db,prca18,likert5,4,4,True,validated,0
a8bfee5e-8d33-4a0e-8f55-dda01dfc2152,prca01,likert5,1,1,True,validated,0
a8bfee5e-8d33-4a0e-8f55-dda01dfc2152,prca02,likert5,2,4,True,validated,1
a8bfee5e-8d33-4a0e-8f55-dda01dfc2152,prca03,likert5,4,4,True,validated,0
a8bfee5e-8d33-4a0e-8f55-dda01dfc2152,prca04,likert5,3,3,True,validated,1
a8bfee5e-8d33-4a0e-8f55-dda01dfc2152,prca05,likert5,1,1,True,validated,0
a8bfee5e-8d33-4a0e-8f55-dda01dfc2152,prca06,likert5,2,4,True,validated,1
a8bfee5e-8d33-4a0e-8f55-dda01dfc2152,prca13,likert5,1,1,True,validated,0
a8bfee5e-8d33-4a0e-8f55-dda01dfc2152,prca14,likert5,2,4,True,validated,1
a8bfee5e-8d33-4a0e-8f55-dda01dfc2152,prca15,likert5,1,1,True,validated,0
a8bfee5e-8d33-4a0e-8f55-dda01dfc2152,prca16,likert5,4,2,True,validated,1
a8bfee5e-8d33-4a0e-8f55-dda01dfc2152,prca17,likert5,1,5,True,validated,1
a8bfee5e-8d33-4a0e-8f55-dda01dfc2152,prca18,likert5,4,4,True,validated,0
e0a70d3b-c6d7-4b2a-b14b-e4339467d94b,prca01,likert5,1,1,True,validated,0
e0a70d3b-c6d7-4b2a-b14b-e4339467d94b,prca02,likert5,2,4,True,validated,1
e0a70d3b-c6d7-4b2a-b14b-e4339467d94b,prca03,likert5,1,1,True,validated,0
e0a70d3b-c6d7-4b2a-b14b-e4339467d94b,prca04,likert5,4,2,True,validated,1
e0a70d3b-c6d7-4b2a-b14b-e4339467d94b,prca05,likert5,1,1,True,validated,0
e0a70d3b-c6d7-4b2a-b14b-e4339467d94b,prca06,likert5,2,4,True,validated,1
e0a70d3b-c6d7-4b2a-b14b-e4339467d94b,prca13,likert5,2,2,True,validated,0
e0a70d3b-c6d7-4b2a-b14b-e4339467d94b,prca14,likert5,1,5,True,validated,1
e0a70d3b-c6d7-4b2a-b14b-e4339467d94b,prca15,likert5,1,1,True,validated,0
e0a70d3b-c6d7-4b2a-b14b-e4339467d94b,prca16,likert5,4,2,True,validated,1
e0a70d3b-c6d7-4b2a-b14b-e4339467d94b,prca17,likert5,2,4,True,validated,1
e0a70d3b-c6d7-4b2a-b14b-e4339467d94b,prca18,likert5,2,2,True,validated,0
87cdc25e-8107-4c55-9164-e35980744bd0,prca01,likert5,1,1,True,validated,0
87cdc25e-8107-4c55-9164-e35980744bd0,prca02,likert5,4,2,True,validated,1
87cdc25e-8107-4c55-9164-e35980744bd0,prca03,likert5,4,4,True,validated,0
87cdc25e-8107-4c55-9164-e35980744bd0,prca04,likert5,3,3,True,validated,1
87cdc25e-8107-4c55-9164-e35980744bd0,prca05,likert5,1,1,True,validated,0
87cdc25e-8107-4c55-9164-e35980744bd0,prca06,likert5,1,5,True,validated,1
87cdc25e-8107-4c55-9164-e35980744bd0,prca13,likert5,4,4,True,validated,0
87cdc25e-8107-4c55-9164-e35980744bd0,prca14,likert5,4,2,True,validated,1
87cdc25e-8107-4c55-9164-e35980744bd0,prca15,likert5,2,2,True,validated,0
87cdc25e-8107-4c55-9164-e35980744bd0,prca16,likert5,4,2,True,validated,1
87cdc25e-8107-4c55-9164-e35980744bd0,prca17,likert5,4,2,True,validated,1
87cdc25e-8107-4c55-9164-e35980744bd0,prca18,likert5,1,1,True,validated,0
2940239b-8a3a-49c3-b3c4-4839d43f3c4a,prca01,likert5,4,4,True,validated,0
2940239b-8a3a-49c3-b3c4-4839d43f3c4a,prca02,likert5,4,2,True,validated,1
2940239b-8a3a-49c3-b3c4-4839d43f3c4a,prca03,likert5,2,2,True,validated,0
2940239b-8a3a-49c3-b3c4-4839d43f3c4a,prca04,likert5,4,2,True,validated,1
2940239b-8a3a-49c3-b3c4-4839d43f3c4a,prca05,likert5,4,4,True,validated,0
2940239b-8a3a-49c3-b3c4-4839d43f3c4a,prca06,likert5,2,4,True,validated,1
2940239b-8a3a-49c3-b3c4-4839d43f3c4a,prca13,likert5,2,2,True,validated,0
2940239b-8a3a-49c3-b3c4-4839d43f3c4a,prca14,likert5,1,5,True,validated,1
2940239b-8a3a-49c3-b3c4-4839d43f3c4a,prca15,likert5,1,1,True,validated,0
2940239b-8a3a-49c3-b3c4-4839d43f3c4a,prca16,likert5,2,4,True,validated,1
2940239b-8a3a-49c3-b3c4-4839d43f3c4a,prca17,likert5,1,5,True,validated,1
2940239b-8a3a-49c3-b3c4-4839d43f3c4a,prca18,likert5,4,4,True,validated,0
ac81d50b-2d59-46f9-9def-1547d123eb2c,prca01,likert5,4,4,True,validated,0
ac81d50b-2d59-46f9-9def-1547d123eb2c,prca02,likert5,2,4,True,validated,1
ac81d50b-2d59-46f9-9def-1547d123eb2c,prca03,likert5,1,1,True,validated,0
ac81d50b-2d59-46f9-9def-1547d123eb2c,prca04,likert5,4,2,True,validated,1
ac81d50b-2d59-46f9-9def-1547d123eb2c,prca05,likert5,1,1,True,validated,0
ac81d50b-2d59-46f9-9def-1547d123eb2c,prca06,likert5,2,4,True,validated,1
ac81d50b-2d59-46f9-9def-1547d123eb2c,prca13,likert5,4,4,True,validated,0
ac81d50b-2d59-46f9-9def-1547d123eb2c,prca14,likert5,2,4,True,validated,1
ac81d50b-2d59-46f9-9def-1547d123eb2c,prca15,likert5,4,4,True,validated,0
ac81d50b-2d59-46f9-9def-1547d123eb2c,prca16,likert5,2,4,True,validated,1
ac81d50b-2d59-46f9-9def-1547d123eb2c,prca17,likert5,1,5,True,validated,1
ac81d50b-2d59-46f9-9def-1547d123eb2c,prca18,likert5,1,1,True,validated,0
dce9d1ae-8b3c-406f-bdff-e54606602607,prca01,likert5,1,1,True,validated,0
dce9d1ae-8b3c-406f-bdff-e54606602607,prca02,likert5,3,3,True,validated,1
dce9d1ae-8b3c-406f-bdff-e54606602607,prca03,likert5,4,4,True,validated,0
dce9d1ae-8b3c-406f-bdff-e54606602607,prca04,likert5,3,3,True,validated,1
dce9d1ae-8b3c-406f-bdff-e54606602607,prca05,likert5,1,1,True,validated,0
dce9d1ae-8b3c-406f-bdff-e54606602607,prca06,likert5,1,5,True,validated,1
dce9d1ae-8b3c-406f-bdff-e54606602607,prca13,likert5,2,2,True,validated,0
dce9d1ae-8b3c-406f-bdff-e54606602607,prca14,likert5,4,2,True,validated,1
dce9d1ae-8b3c-406f-bdff-e54606602607,prca15,likert5,4,4,True,validated,0
dce9d1ae-8b3c-406f-bdff-e54606602607,prca16,likert5,4,2,True,validated,1
dce9d1ae-8b3c-406f-bdff-e54606602607,prca17,likert5,2,4,True,validated,1
dce9d1ae-8b3c-406f-bdff-e54606602607,prca18,likert5,4,4,True,validated,0
1b2f2d7d-1f8f-453a-8398-14c94cdfc3a3,prca01,likert5,4,4,True,validated,0
1b2f2d7d-1f8f-453a-8398-14c94cdfc3a3,prca02,likert5,1,5,True,validated,1
1b2f2d7d-1f8f-453a-8398-14c94cdfc3a3,prca03,likert5,1,1,True,validated,0
1b2f2d7d-1f8f-453a-8398-14c94cdfc3a3,prca04,likert5,1,5,True,validated,1
1b2f2d7d-1f8f-453a-8398-14c94cdfc3a3,prca05,likert5,4,4,True,validated,0
1b2f2d7d-1f8f-453a-8398-14c94cdfc3a3,prca06,likert5,2,4,True,validated,1
1b2f2d7d-1f8f-453a-8398-14c94cdfc3a3,prca13,likert5,2,2,True,validated,0
1b2f2d7d-1f8f-453a-8398-14c94cdfc3a3,prca14,likert5,4,2,True,validated,1
1b2f2d7d-1f8f-453a-8398-14c94cdfc3a3,prca15,likert5,1,1,True,validated,0
1b2f2d7d-1f8f-453a-8398-14c94cdfc3a3,prca16,likert5,1,5,True,validated,1
1b2f2d7d-1f8f-453a-8398-14c94cdfc3a3,prca17,likert5,1,5,True,validated,1
1b2f2d7d-1f8f-453a-8398-14c94cdfc3a3,prca18,likert5,1,1,True,validated,0
902cf2c0-05c6-44b9-bb20-8dfe459f0688,prca01,likert5,1,1,True,validated,0
902cf2c0-05c6-44b9-bb20-8dfe459f0688,prca02,likert5,1,5,True,validated,1
902cf2c0-05c6-44b9-bb20-8dfe459f0688,prca03,likert5,1,1,True,validated,0
902cf2c0-05c6-44b9-bb20-8dfe459f0688,prca04,likert5,4,2,True,validated,1
902cf2c0-05c6-44b9-bb20-8dfe459f0688,prca05,likert5,1,1,True,validated,0
902cf2c0-05c6-44b9-bb20-8dfe459f0688,prca06,likert5,2,4,True,validated,1
902cf2c0-05c6-44b9-bb20-8dfe459f0688,prca13,likert5,1,1,True,validated,0
902cf2c0-05c6-44b9-bb20-8dfe459f0688,prca14,likert5,1,5,True,validated,1
902cf2c0-05c6-44b9-bb20-8dfe459f0688,prca15,likert5,2,2,True,validated,0
902cf2c0-05c6-44b9-bb20-8dfe459f0688,prca16,likert5,4,2,True,validated,1
902cf2c0-05c6-44b9-bb20-8dfe459f0688,prca17,likert5,4,2,True,validated,1
902cf2c0-05c6-44b9-bb20-8dfe459f0688,prca18,likert5,1,1,True,validated,0
1dd6cbc8-a1ee-4e6b-bb0e-097db6953af1,prca01,likert5,2,2,True,validated,0
1dd6cbc8-a1ee-4e6b-bb0e-097db6953af1,prca02,likert5,4,2,True,validated,1
1dd6cbc8-a1ee-4e6b-bb0e-097db6953af1,prca03,likert5,4,4,True,validated,0
1dd6cbc8-a1ee-4e6b-bb0e-097db6953af1,prca04,likert5,4,2,True,validated,1
1dd6cbc8-a1ee-4e6b-bb0e-097db6953af1,prca05,likert5,1,1,True,validated,0
1dd6cbc8-a1ee-4e6b-bb0e-097db6953af1,prca06,likert5,2,4,True,validated,1
1dd6cbc8-a1ee-4e6b-bb0e-097db6953af1,prca13,likert5,4,4,True,validated,0
1dd6cbc8-a1ee-4e6b-bb0e-097db6953af1,prca14,likert5,4,2,True,validated,1
1dd6cbc8-a1ee-4e6b-bb0e-097db6953af1,prca15,likert5,1,1,True,validated,0
1dd6cbc8-a1ee-4e6b-bb0e-097db6953af1,prca16,likert5,3,3,True,validated,1
1dd6cbc8-a1ee-4e6b-bb0e-097db6953af1,prca17,likert5,2,4,True,validated,1
1dd6cbc8-a1ee-4e6b-bb0e-097db6953af1,prca18,likert5,2,2,True,validated,0
6b19159b-dc7d-4dd1-82c5-988359b7e4b5,prca01,likert5,4,4,True,validated,0
6b19159b-dc7d-4dd1-82c5-988359b7e4b5,prca02,likert5,4,2,True,validated,1
6b19159b-dc7d-4dd1-82c5-988359b7e4b5,prca03,likert5,1,1,True,validated,0
6b19159b-dc7d-4dd1-82c5-988359b7e4b5,prca04,likert5,3,3,True,validated,1
6b19159b-dc7d-4dd1-82c5-988359b7e4b5,prca05,likert5,1,1,True,validated,0
6b19159b-dc7d-4dd1-82c5-988359b7e4b5,prca06,likert5,1,5,True,validated,1
6b19159b-dc7d-4dd1-82c5-988359b7e4b5,prca13,likert5,4,4,True,validated,0
6b19159b-dc7d-4dd1-82c5-988359b7e4b5,prca14,likert5,2,4,True,validated,1
6b19159b-dc7d-4dd1-82c5-988359b7e4b5,prca15,likert5,1,1,True,validated,0
6b19159b-dc7d-4dd1-82c5-988359b7e4b5,prca16,likert5,1,5,True,validated,1
6b19159b-dc7d-4dd1-82c5-988359b7e4b5,prca17,likert5,1,5,True,validated,1
6b19159b-dc7d-4dd1-82c5-988359b7e4b5,prca18,likert5,1,1,True,validated,0
9391e772-d435-498c-b3a1-40104ee1a27c,prca01,likert5,1,1,True,validated,0
9391e772-d435-498c-b3a1-40104ee1a27c,prca02,likert5,1,5,True,validated,1
9391e772-d435-498c-b3a1-40104ee1a27c,prca03,likert5,1,1,True,validated,0
9391e772-d435-498c-b3a1-40104ee1a27c,prca04,likert5,4,2,True,validated,1
9391e772-d435-498c-b3a1-40104ee1a27c,prca05,likert5,1,1,True,validated,0
9391e772-d435-498c-b3a1-40104ee1a27c,prca06,likert5,3,3,True,validated,1
9391e772-d435-498c-b3a1-40104ee1a27c,prca13,likert5,1,1,True,validated,0
9391e772-d435-498c-b3a1-40104ee1a27c,prca14,likert5,1,5,True,validated,1
9391e772-d435-498c-b3a1-40104ee1a27c,prca15,likert5,4,4,True,validated,0
9391e772-d435-498c-b3a1-40104ee1a27c,prca16,likert5,4,2,True,validated,1
9391e772-d435-498c-b3a1-40104ee1a27c,prca17,likert5,1,5,True,validated,1
9391e772-d435-498c-b3a1-40104ee1a27c,prca18,likert5,2,2,True,validated,0
c478dcc2-58a5-4c82-8b9c-9b05cae97876,prca01,likert5,1,1,True,validated,0
c478dcc2-58a5-4c82-8b9c-9b05cae97876,prca02,likert5,2,4,True,validated,1
c478dcc2-58a5-4c82-8b9c-9b05cae97876,prca03,likert5,1,1,True,validated,0
c478dcc2-58a5-4c82-8b9c-9b05cae97876,prca04,likert5,4,2,True,validated,1
c478dcc2-58a5-4c82-8b9c-9b05cae97876,prca05,likert5,1,1,True,validated,0
c478dcc2-58a5-4c82-8b9c-9b05cae97876,prca06,likert5,2,4,True,validated,1
c478dcc2-58a5-4c82-8b9c-9b05cae97876,prca13,likert5,4,4,True,validated,0
c478dcc2-58a5-4c82-8b9c-9b05cae97876,prca14,likert5,4,2,True,validated,1
c478dcc2-58a5-4c82-8b9c-9b05cae97876,prca15,likert5,2,2,True,validated,0
c478dcc2-58a5-4c82-8b9c-9b05cae97876,prca16,likert5,1,5,True,validated,1
c478dcc2-58a5-4c82-8b9c-9b05cae97876,prca17,likert5,1,5,True,validated,1
c478dcc2-58a5-4c82-8b9c-9b05cae97876,prca18,likert5,4,4,True,validated,0
b5c3d59d-ee0e-490e-968d-6c893a59b5f9,prca01,likert5,2,2,True,validated,0
b5c3d59d-ee0e-490e-968d-6c893a59b5f9,prca02,likert5,2,4,True,validated,1
b5c3d59d-ee0e-490e-968d-6c893a59b5f9,prca03,likert5,4,4,True,validated,0
b5c3d59d-ee0e-490e-968d-6c893a59b5f9,prca04,likert5,1,5,True,validated,1
b5c3d59d-ee0e-490e-968d-6c893a59b5f9,prca05,likert5,1,1,True,validated,0
b5c3d59d-ee0e-490e-968d-6c893a59b5f9,prca06,likert5,1,5,True,validated,1
b5c3d59d-ee0e-490e-968d-6c893a59b5f9,prca13,likert5,4,4,True,validated,0
b5c3d59d-ee0e-490e-968d-6c893a59b5f9,prca14,likert5,1,5,True,validated,1
b5c3d59d-ee0e-490e-968d-6c893a59b5f9,prca15,likert5,2,2,True,validated,0
b5c3d59d-ee0e-490e-968d-6c893a59b5f9,prca16,likert5,1,5,True,validated,1
b5c3d59d-ee0e-490e-968d-6c893a59b5f9,prca17,likert5,1,5,True,validated,1
b5c3d59d-ee0e-490e-968d-6c893a59b5f9,prca18,likert5,1,1,True,validated,0
057bb779-fae9-43eb-86bb-b8c442a454df,prca01,likert5,1,1,True,validated,0
057bb779-fae9-43eb-86bb-b8c442a454df,prca02,likert5,2,4,True,validated,1
057bb779-fae9-43eb-86bb-b8c442a454df,prca03,likert5,1,1,True,validated,0
057bb779-fae9-43eb-86bb-b8c442a454df,prca04,likert5,3,3,True,validated,1
057bb779-fae9-43eb-86bb-b8c442a454df,prca05,likert5,4,4,True,validated,0
057bb779-fae9-43eb-86bb-b8c442a454df,prca06,likert5,2,4,True,validated,1
057bb779-fae9-43eb-86bb-b8c442a454df,prca13,likert5,1,1,True,validated,0
057bb779-fae9-43eb-86bb-b8c442a454df,prca14,likert5,1,5,True,validated,1
057bb779-fae9-43eb-86bb-b8c442a454df,prca15,likert5,2,2,True,validated,0
057bb779-fae9-43eb-86bb-b8c442a454df,prca16,likert5,1,5,True,validated,1
057bb779-fae9-43eb-86bb-b8c442a454df,prca17,likert5,1,5,True,validated,1
057bb779-fae9-43eb-86bb-b8c442a454df,prca18,likert5,4,4,True,validated,0
fa177ba7-b672-406c-8ab6-a6367aa7c3b4,prca01,likert5,2,2,True,validated,0
fa177ba7-b672-406c-8ab6-a6367aa7c3b4,prca02,likert5,2,4,True,validated,1
fa177ba7-b672-406c-8ab6-a6367aa7c3b4,prca03,likert5,4,4,True,validated,0
fa177ba7-b672-406c-8ab6-a6367aa7c3b4,prca04,likert5,1,5,True,validated,1
fa177ba7-b672-406c-8ab6-a6367aa7c3b4,prca05,likert5,4,4,True,validated,0
fa177ba7-b672-406c-8ab6-a6367aa7c3b4,prca06,likert5,1,5,True,validated,1
fa177ba7-b672-406c-8ab6-a6367aa7c3b4,prca13,likert5,1,1,True,validated,0
fa177ba7-b672-406c-8ab6-a6367aa7c3b4,prca14,likert5,4,2,True,validated,1
fa177ba7-b672-406c-8ab6-a6367aa7c3b4,prca15,likert5,4,4,True,validated,0
fa177ba7-b672-406c-8ab6-a6367aa7c3b4,prca16,likert5,1,5,True,validated,1
fa177ba7-b672-406c-8ab6-a6367aa7c3b4,prca17,likert5,1,5,True,validated,1
fa177ba7-b672-406c-8ab6-a6367aa7c3b4,prca18,likert5,1,1,True,validated,0
1c06f1d3-2041-4047-9cdb-c351fd768f32,prca01,likert5,2,2,True,validated,0
1c06f1d3-2041-4047-9cdb-c351fd768f32,prca02,likert5,1,5,True,validated,1
1c06f1d3-2041-4047-9cdb-c351fd768f32,prca03,likert5,1,1,True,validated,0
1c06f1d3-2041-4047-9cdb-c351fd768f32,prca04,likert5,1,5,True,validated,1
1c06f1d3-2041-4047-9cdb-c351fd768f32,prca05,likert5,4,4,True,validated,0
1c06f1d3-2041-4047-9cdb-c351fd768f32,prca06,likert5,2,4,True,validated,1
1c06f1d3-2041-4047-9cdb-c351fd768f32,prca13,likert5,4,4,True,validated,0
1c06f1d3-2041-4047-9cdb-c351fd768f32,prca14,likert5,1,5,True,validated,1
1c06f1d3-2041-4047-9cdb-c351fd768f32,prca15,likert5,1,1,True,validated,0
1c06f1d3-2041-4047-9cdb-c351fd768f32,prca16,likert5,4,2,True,validated,1
1c06f1d3-2041-4047-9cdb-c351fd768f32,prca17,likert5,2,4,True,validated,1
1c06f1d3-2041-4047-9cdb-c351fd768f32,prca18,likert5,1,1,True,validated,0
6b12a066-f35a-4a9a-afc0-9046132cadb1,prca01,likert5,1,1,True,validated,0
6b12a066-f35a-4a9a-afc0-9046132cadb1,prca02,likert5,2,4,True,validated,1
6b12a066-f35a-4a9a-afc0-9046132cadb1,prca03,likert5,2,2,True,validated,0
6b12a066-f35a-4a9a-afc0-9046132cadb1,prca04,likert5,3,3,True,validated,1
6b12a066-f35a-4a9a-afc0-9046132cadb1,prca05,likert5,1,1,True,validated,0
6b12a066-f35a-4a9a-afc0-9046132cadb1,prca06,likert5,2,4,True,validated,1
6b12a066-f35a-4a9a-afc0-9046132cadb1,prca13,likert5,1,1,True,validated,0
6b12a066-f35a-4a9a-afc0-9046132cadb1,prca14,likert5,1,5,True,validated,1
6b12a066-f35a-4a9a-afc0-9046132cadb1,prca15,likert5,2,2,True,validated,0
6b12a066-f35a-4a9a-afc0-9046132cadb1,prca16,likert5,1,5,True,validated,1
6b12a066-f35a-4a9a-afc0-9046132cadb1,prca17,likert5,1,5,True,validated,1
6b12a066-f35a-4a9a-afc0-9046132cadb1,prca18,likert5,1,1,True,validated,0
c5a4e249-8de9-431f-8b53-5deeab56bc9e,prca01,likert5,3,3,True,validated,0
c5a4e249-8de9-431f-8b53-5deeab56bc9e,prca02,likert5,1,5,True,validated,1
c5a4e249-8de9-431f-8b53-5deeab56bc9e,prca03,likert5,1,1,True,validated,0
c5a4e249-8de9-431f-8b53-5deeab56bc9e,prca04,likert5,1,5,True,validated,1
c5a4e249-8de9-431f-8b53-5deeab56bc9e,prca05,likert5,1,1,True,validated,0
c5a4e249-8de9-431f-8b53-5deeab56bc9e,prca06,likert5,4,2,True,validated,1
c5a4e249-8de9-431f-8b53-5deeab56bc9e,prca13,likert5,1,1,True,validated,0
c5a4e249-8de9-431f-8b53-5deeab56bc9e,prca14,likert5,4,2,True,validated,1
c5a4e249-8de9-431f-8b53-5deeab56bc9e,prca15,likert5,1,1,True,validated,0
c5a4e249-8de9-431f-8b53-5deeab56bc9e,prca16,likert5,1,5,True,validated,1
c5a4e249-8de9-431f-8b53-5deeab56bc9e,prca17,likert5,2,4,True,validated,1
c5a4e249-8de9-431f-8b53-5deeab56bc9e,prca18,likert5,1,1,True,validated,0
c5061aff-7787-4950-9a5e-5a8183ebfd06,prca01,likert5,1,1,True,validated,0
c5061aff-7787-4950-9a5e-5a8183ebfd06,prca02,likert5,2,4,True,validated,1
c5061aff-7787-4950-9a5e-5a8183ebfd06,prca03,likert5,4,4,True,validated,0
c5061aff-7787-4950-9a5e-5a8183ebfd06,prca04,likert5,2,4,True,validated,1
c5061aff-7787-4950-9a5e-5a8183ebfd06,prca05,likert5,1,1,True,validated,0
c5061aff-7787-4950-9a5e-5a8183ebfd06,prca06,likert5,1,5,True,validated,1
c5061aff-7787-4950-9a5e-5a8183ebfd06,prca13,likert5,4,4,True,validated,0
c5061aff-7787-4950-9a5e-5a8183ebfd06,prca14,likert5,2,4,True,validated,1
c5061aff-7787-4950-9a5e-5a8183ebfd06,prca15,likert5,1,1,True,validated,0
c5061aff-7787-4950-9a5e-5a8183ebfd06,prca16,likert5,4,2,True,validated,1
c5061aff-7787-4950-9a5e-5a8183ebfd06,prca17,likert5,4,2,True,validated,1
c5061aff-7787-4950-9a5e-5a8183ebfd06,prca18,likert5,1,1,True,validated,0
2ee37e30-3462-4ead-8e45-a811bb3aee1b,prca01,likert5,2,2,True,validated,0
2ee37e30-3462-4ead-8e45-a811bb3aee1b,prca02,likert5,2,4,True,validated,1
2ee37e30-3462-4ead-8e45-a811bb3aee1b,prca03,likert5,4,4,True,validated,0
2ee37e30-3462-4ead-8e45-a811bb3aee1b,prca04,likert5,1,5,True,validated,1
2ee37e30-3462-4ead-8e45-a811bb3aee1b,prca05,likert5,1,1,True,validated,0
2ee37e30-3462-4ead-8e45-a811bb3aee1b,prca06,likert5,2,4,True,validated,1
2ee37e30-3462-4ead-8e45-a811bb3aee1b,prca13,likert5,1,1,True,validated,0
2ee37e30-3462-4ead-8e45-a811bb3aee1b,prca14,likert5,1,5,True,validated,1
2ee37e30-3462-4ead-8e45-a811bb3aee1b,prca15,likert5,4,4,True,validated,0
2ee37e30-3462-4ead-8e45-a811bb3aee1b,prca16,likert5,2,4,True,validated,1
2ee37e30-3462-4ead-8e45-a811bb3aee1b,prca17,likert5,1,5,True,validated,1
2ee37e30-3462-4ead-8e45-a811bb3aee1b,prca18,likert5,1,1,True,validated,0
314353c4-8cd9-4bd2-8bde-5f32a6724a6a,prca01,likert5,1,1,True,validated,0
314353c4-8cd9-4bd2-8bde-5f32a6724a6a,prca02,likert5,3,3,True,validated,1
314353c4-8cd9-4bd2-8bde-5f32a6724a6a,prca03,likert5,1,1,True,validated,0
314353c4-8cd9-4bd2-8bde-5f32a6724a6a,prca04,likert5,1,5,True,validated,1
314353c4-8cd9-4bd2-8bde-5f32a6724a6a,prca05,likert5,2,2,True,validated,0
314353c4-8cd9-4bd2-8bde-5f32a6724a6a,prca06,likert5,4,2,True,validated,1
314353c4-8cd9-4bd2-8bde-5f32a6724a6a,prca13,likert5,1,1,True,validated,0
314353c4-8cd9-4bd2-8bde-5f32a6724a6a,prca14,likert5,2,4,True,validated,1
314353c4-8cd9-4bd2-8bde-5f32a6724a6a,prca15,likert5,4,4,True,validated,0
314353c4-8cd9-4bd2-8bde-5f32a6724a6a,prca16,likert5,1,5,True,validated,1
314353c4-8cd9-4bd2-8bde-5f32a6724a6a,prca17,likert5,2,4,True,validated,1
314353c4-8cd9-4bd2-8bde-5f32a6724a6a,prca18,likert5,2,2,True,validated,0
cf2416c8-e7e8-4d8f-ad27-703b8699f5dc,prca01,likert5,1,1,True,validated,0
cf2416c8-e7e8-4d8f-ad27-703b8699f5dc,prca02,likert5,2,4,True,validated,1
cf2416c8-e7e8-4d8f-ad27-703b8699f5dc,prca03,likert5,1,1,True,validated,0
cf2416c8-e7e8-4d8f-ad27-703b8699f5dc,prca04,likert5,1,5,True,validated,1
cf2416c8-e7e8-4d8f-ad27-703b8699f5dc,prca05,likert5,4,4,True,validated,0
cf2416c8-e7e8-4d8f-ad27-703b8699f5dc,prca06,likert5,1,5,True,validated,1
cf2416c8-e7e8-4d8f-ad27-703b8699f5dc,prca13,likert5,1,1,True,validated,0
cf2416c8-e7e8-4d8f-ad27-703b8699f5dc,prca14,likert5,2,4,True,validated,1
cf2416c8-e7e8-4d8f-ad27-703b8699f5dc,prca15,likert5,4,4,True,validated,0
cf2416c8-e7e8-4d8f-ad27-703b8699f5dc,prca16,likert5,1,5,True,validated,1
cf2416c8-e7e8-4d8f-ad27-703b8699f5dc,prca17,likert5,1,5,True,validated,1
cf2416c8-e7e8-4d8f-ad27-703b8699f5dc,prca18,likert5,4,4,True,validated,0
61735bb4-9aaa-4ddc-87f2-5c2cde7c0eea,prca01,likert5,1,1,True,validated,0
61735bb4-9aaa-4ddc-87f2-5c2cde7c0eea,prca02,likert5,1,5,True,validated,1
61735bb4-9aaa-4ddc-87f2-5c2cde7c0eea,prca03,likert5,1,1,True,validated,0
61735bb4-9aaa-4ddc-87f2-5c2cde7c0eea,prca04,likert5,2,4,True,validated,1
61735bb4-9aaa-4ddc-87f2-5c2cde7c0eea,prca05,likert5,2,2,True,validated,0
61735bb4-9aaa-4ddc-87f2-5c2cde7c0eea,prca06,likert5,1,5,True,validated,1
61735bb4-9aaa-4ddc-87f2-5c2cde7c0eea,prca13,likert5,1,1,True,validated,0
61735bb4-9aaa-4ddc-87f2-5c2cde7c0eea,prca14,likert5,2,4,True,validated,1
61735bb4-9aaa-4ddc-87f2-5c2cde7c0eea,prca15,likert5,4,4,True,validated,0
61735bb4-9aaa-4ddc-87f2-5c2cde7c0eea,prca16,likert5,1,5,True,validated,1
61735bb4-9aaa-4ddc-87f2-5c2cde7c0eea,prca17,likert5,1,5,True,validated,1
61735bb4-9aaa-4ddc-87f2-5c2cde7c0eea,prca18,likert5,4,4,True,validated,0
aec9cd56-f734-4dc8-aa73-5bda3c315bba,prca01,likert5,2,2,True,validated,0
aec9cd56-f734-4dc8-aa73-5bda3c315bba,prca02,likert5,1,5,True,validated,1
aec9cd56-f734-4dc8-aa73-5bda3c315bba,prca03,likert5,2,2,True,validated,0
aec9cd56-f734-4dc8-aa73-5bda3c315bba,prca04,likert5,2,4,True,validated,1
aec9cd56-f734-4dc8-aa73-5bda3c315bba,prca05,likert5,4,4,True,validated,0
aec9cd56-f734-4dc8-aa73-5bda3c315bba,prca06,likert5,1,5,True,validated,1
aec9cd56-f734-4dc8-aa73-5bda3c315bba,prca13,likert5,1,1,True,validated,0
aec9cd56-f734-4dc8-aa73-5bda3c315bba,prca14,likert5,2,4,True,validated,1
aec9cd56-f734-4dc8-aa73-5bda3c315bba,prca15,likert5,1,1,True,validated,0
aec9cd56-f734-4dc8-aa73-5bda3c315bba,prca16,likert5,1,5,True,validated,1
aec9cd56-f734-4dc8-aa73-5bda3c315bba,prca17,likert5,1,5,True,validated,1
aec9cd56-f734-4dc8-aa73-5bda3c315bba,prca18,likert5,4,4,True,validated,0
47f90263-fa00-48d0-a966-3500226dae6f,prca01,likert5,3,3,True,validated,0
47f90263-fa00-48d0-a966-3500226dae6f,prca02,likert5,2,4,True,validated,1
47f90263-fa00-48d0-a966-3500226dae6f,prca03,likert5,4,4,True,validated,0
47f90263-fa00-48d0-a966-3500226dae6f,prca04,likert5,1,5,True,validated,1
47f90263-fa00-48d0-a966-3500226dae6f,prca05,likert5,1,1,True,validated,0
47f90263-fa00-48d0-a966-3500226dae6f,prca06,likert5,2,4,True,validated,1
47f90263-fa00-48d0-a966-3500226dae6f,prca13,likert5,2,2,True,validated,0
47f90263-fa00-48d0-a966-3500226dae6f,prca14,likert5,1,5,True,validated,1
47f90263-fa00-48d0-a966-3500226dae6f,prca15,likert5,1,1,True,validated,0
47f90263-fa00-48d0-a966-3500226dae6f,prca16,likert5,4,2,True,validated,1
47f90263-fa00-48d0-a966-3500226dae6f,prca17,likert5,4,2,True,validated,1
47f90263-fa00-48d0-a966-3500226dae6f,prca18,likert5,1,1,True,validated,0
0a3ef7f2-75e9-4d8d-994a-962b0b2b9a8b,prca01,likert5,4,4,True,validated,0
0a3ef7f2-75e9-4d8d-994a-962b0b2b9a8b,prca02,likert5,1,5,True,validated,1
0a3ef7f2-75e9-4d8d-994a-962b0b2b9a8b,prca03,likert5,4,4,True,validated,0
0a3ef7f2-75e9-4d8d-994a-962b0b2b9a8b,prca04,likert5,3,3,True,validated,1
0a3ef7f2-75e9-4d8d-994a-962b0b2b9a8b,prca05,likert5,1,1,True,validated,0
0a3ef7f2-75e9-4d8d-994a-962b0b2b9a8b,prca06,likert5,1,5,True,validated,1
0a3ef7f2-75e9-4d8d-994a-962b0b2b9a8b,prca13,likert5,4,4,True,validated,0
0a3ef7f2-75e9-4d8d-994a-962b0b2b9a8b,prca14,likert5,2,4,True,validated,1
0a3ef7f2-75e9-4d8d-994a-962b0b2b9a8b,prca15,likert5,2,2,True,validated,0
0a3ef7f2-75e9-4d8d-994a-962b0b2b9a8b,prca16,likert5,1,5,True,validated,1
0a3ef7f2-75e9-4d8d-994a-962b0b2b9a8b,prca17,likert5,2,4,True,validated,1
0a3ef7f2-75e9-4d8d-994a-962b0b2b9a8b,prca18,likert5,4,4,True,validated,0
8e30f65b-0e08-43b6-9b9b-a14a4107c464,prca01,likert5,4,4,True,validated,0
8e30f65b-0e08-43b6-9b9b-a14a4107c464,prca02,likert5,4,2,True,validated,1
8e30f65b-0e08-43b6-9b9b-a14a4107c464,prca03,likert5,4,4,True,validated,0
8e30f65b-0e08-43b6-9b9b-a14a4107c464,prca04,likert5,4,2,True,validated,1
8e30f65b-0e08-43b6-9b9b-a14a4107c464,prca05,likert5,1,1,True,validated,0
8e30f65b-0e08-43b6-9b9b-a14a4107c464,prca06,likert5,2,4,True,validated,1
8e30f65b-0e08-43b6-9b9b-a14a4107c464,prca13,likert5,1,1,True,validated,0
8e30f65b-0e08-43b6-9b9b-a14a4107c464,prca14,likert5,2,4,True,validated,1
8e30f65b-0e08-43b6-9b9b-a14a4107c464,prca15,likert5,2,2,True,validated,0
8e30f65b-0e08-43b6-9b9b-a14a4107c464,prca16,likert5,4,2,True,validated,1
8e30f65b-0e08-43b6-9b9b-a14a4107c464,prca17,likert5,2,4,True,validated,1
8e30f65b-0e08-43b6-9b9b-a14a4107c464,prca18,likert5,1,1,True,validated,0
f2a55182-8afc-4ccc-8527-20fb1849e159,prca01,likert5,4,4,True,validated,0
f2a55182-8afc-4ccc-8527-20fb1849e159,prca02,likert5,2,4,True,validated,1
f2a55182-8afc-4ccc-8527-20fb1849e159,prca03,likert5,4,4,True,validated,0
f2a55182-8afc-4ccc-8527-20fb1849e159,prca04,likert5,4,2,True,validated,1
f2a55182-8afc-4ccc-8527-20fb1849e159,prca05,likert5,4,4,True,validated,0
f2a55182-8afc-4ccc-8527-20fb1849e159,prca06,likert5,2,4,True,validated,1
f2a55182-8afc-4ccc-8527-20fb1849e159,prca13,likert5,4,4,True,validated,0
f2a55182-8afc-4ccc-8527-20fb1849e159,prca14,likert5,4,2,True,validated,1
f2a55182-8afc-4ccc-8527-20fb1849e159,prca15,likert5,2,2,True,validated,0
f2a55182-8afc-4ccc-8527-20fb1849e159,prca16,likert5,2,4,True,validated,1
f2a55182-8afc-4ccc-8527-20fb1849e159,prca17,likert5,4,2,True,validated,1
f2a55182-8afc-4ccc-8527-20fb1849e159,prca18,likert5,4,4,True,validated,0
b706e24e-e3a2-46e2-8ed0-019d2f15e224,prca01,likert5,1,1,True,validated,0
b706e24e-e3a2-46e2-8ed0-019d2f15e224,prca02,likert5,1,5,True,validated,1
b706e24e-e3a2-46e2-8ed0-019d2f15e224,prca03,likert5,4,4,True,validated,0
b706e24e-e3a2-46e2-8ed0-019d2f15e224,prca04,likert5,1,5,True,validated,1
b706e24e-e3a2-46e2-8ed0-019d2f15e224,prca05,likert5,4,4,True,validated,0
b706e24e-e3a2-46e2-8ed0-019d2f15e224,prca06,likert5,3,3,True,validated,1
b706e24e-e3a2-46e2-8ed0-019d2f15e224,prca13,likert5,2,2,True,validated,0
b706e24e-e3a2-46e2-8ed0-019d2f15e224,prca14,likert5,2,4,True,validated,1
b706e24e-e3a2-46e2-8ed0-019d2f15e224,prca15,likert5,1,1,True,validated,0
b706e24e-e3a2-46e2-8ed0-019d2f15e224,prca16,likert5,4,2,True,validated,1
b706e24e-e3a2-46e2-8ed0-019d2f15e224,prca17,likert5,2,4,True,validated,1
b706e24e-e3a2-46e2-8ed0-019d2f15e224,prca18,likert5,1,1,True,validated,0
6056159c-82ca-49bb-9dc9-6e202edf78d2,prca01,likert5,4,4,True,validated,0
6056159c-82ca-49bb-9dc9-6e202edf78d2,prca02,likert5,2,4,True,validated,1
6056159c-82ca-49bb-9dc9-6e202edf78d2,prca03,likert5,4,4,True,validated,0
6056159c-82ca-49bb-9dc9-6e202edf78d2,prca04,likert5,3,3,True,validated,1
6056159c-82ca-49bb-9dc9-6e202edf78d2,prca05,likert5,4,4,True,validated,0
6056159c-82ca-49bb-9dc9-6e202edf78d2,prca06,likert5,2,4,True,validated,1
6056159c-82ca-49bb-9dc9-6e202edf78d2,prca13,likert5,1,1,True,validated,0
6056159c-82ca-49bb-9dc9-6e202edf78d2,prca14,likert5,1,5,True,validated,1
6056159c-82ca-49bb-9dc9-6e202edf78d2,prca15,likert5,1,1,True,validated,0
6056159c-82ca-49bb-9dc9-6e202edf78d2,prca16,likert5,1,5,True,validated,1
6056159c-82ca-49bb-9dc9-6e202edf78d2,prca17,likert5,1,5,True,validated,1
6056159c-82ca-49bb-9dc9-6e202edf78d2,prca18,likert5,1,1,True,validated,0
44337309-cfbc-4579-b290-cf68343687c7,prca01,likert5,1,1,True,validated,0
44337309-cfbc-4579-b290-cf68343687c7,prca02,likert5,1,5,True,validated,1
44337309-cfbc-4579-b290-cf68343687c7,prca03,likert5,3,3,True,validated,0
44337309-cfbc-4579-b290-cf68343687c7,prca04,likert5,1,5,True,validated,1
44337309-cfbc-4579-b290-cf68343687c7,prca05,likert5,1,1,True,validated,0
44337309-cfbc-4579-b290-cf68343687c7,prca06,likert5,2,4,True,validated,1
44337309-cfbc-4579-b290-cf68343687c7,prca13,likert5,4,4,True,validated,0
44337309-cfbc-4579-b290-cf68343687c7,prca14,likert5,1,5,True,validated,1
44337309-cfbc-4579-b290-cf68343687c7,prca15,likert5,1,1,True,validated,0
44337309-cfbc-4579-b290-cf68343687c7,prca16,likert5,1,5,True,validated,1
44337309-cfbc-4579-b290-cf68343687c7,prca17,likert5,1,5,True,validated,1
44337309-cfbc-4579-b290-cf68343687c7,prca18,likert5,2,2,True,validated,0
b8170947-706b-48db-a0e5-44fa35885e4e,prca01,likert5,2,2,True,validated,0
b8170947-706b-48db-a0e5-44fa35885e4e,prca02,likert5,4,2,True,validated,1
b8170947-706b-48db-a0e5-44fa35885e4e,prca03,likert5,4,4,True,validated,0
b8170947-706b-48db-a0e5-44fa35885e4e,prca04,likert5,3,3,True,validated,1
b8170947-706b-48db-a0e5-44fa35885e4e,prca05,likert5,1,1,True,validated,0
b8170947-706b-48db-a0e5-44fa35885e4e,prca06,likert5,2,4,True,validated,1
b8170947-706b-48db-a0e5-44fa35885e4e,prca13,likert5,1,1,True,validated,0
b8170947-706b-48db-a0e5-44fa35885e4e,prca14,likert5,4,2,True,validated,1
b8170947-706b-48db-a0e5-44fa35885e4e,prca15,likert5,4,4,True,validated,0
b8170947-706b-48db-a0e5-44fa35885e4e,prca16,likert5,2,4,True,validated,1
b8170947-706b-48db-a0e5-44fa35885e4e,prca17,likert5,2,4,True,validated,1
b8170947-706b-48db-a0e5-44fa35885e4e,prca18,likert5,4,4,True,validated,0
5ef47f86-1574-4735-9579-2aad192b446b,prca01,likert5,1,1,True,validated,0
5ef47f86-1574-4735-9579-2aad192b446b,prca02,likert5,4,2,True,validated,1
5ef47f86-1574-4735-9579-2aad192b446b,prca03,likert5,4,4,True,validated,0
5ef47f86-1574-4735-9579-2aad192b446b,prca04,likert5,3,3,True,validated,1
5ef47f86-1574-4735-9579-2aad192b446b,prca05,likert5,1,1,True,validated,0
5ef47f86-1574-4735-9579-2aad192b446b,prca06,likert5,1,5,True,validated,1
5ef47f86-1574-4735-9579-2aad192b446b,prca13,likert5,1,1,True,validated,0
5ef47f86-1574-4735-9579-2aad192b446b,prca14,likert5,4,2,True,validated,1
5ef47f86-1574-4735-9579-2aad192b446b,prca15,likert5,1,1,True,validated,0
5ef47f86-1574-4735-9579-2aad192b446b,prca16,likert5,1,5,True,validated,1
5ef47f86-1574-4735-9579-2aad192b446b,prca17,likert5,1,5,True,validated,1
5ef47f86-1574-4735-9579-2aad192b446b,prca18,likert5,1,1,True,validated,0
b642b5fb-0ab7-4a65-9b6f-11ffed0eb4ca,prca01,likert5,4,4,True,validated,0
b642b5fb-0ab7-4a65-9b6f-11ffed0eb4ca,prca02,likert5,3,3,True,validated,1
b642b5fb-0ab7-4a65-9b6f-11ffed0eb4ca,prca03,likert5,1,1,True,validated,0
b642b5fb-0ab7-4a65-9b6f-11ffed0eb4ca,prca04,likert5,1,5,True,validated,1
b642b5fb-0ab7-4a65-9b6f-11ffed0eb4ca,prca05,likert5,2,2,True,validated,0
b642b5fb-0ab7-4a65-9b6f-11ffed0eb4ca,prca06,likert5,1,5,True,validated,1
b642b5fb-0ab7-4a65-9b6f-11ffed0eb4ca,prca13,likert5,1,1,True,validated,0
b642b5fb-0ab7-4a65-9b6f-11ffed0eb4ca,prca14,likert5,4,2,True,validated,1
b642b5fb-0ab7-4a65-9b6f-11ffed0eb4ca,prca15,likert5,4,4,True,validated,0
b642b5fb-0ab7-4a65-9b6f-11ffed0eb4ca,prca16,likert5,1,5,True,validated,1
b642b5fb-0ab7-4a65-9b6f-11ffed0eb4ca,prca17,likert5,1,5,True,validated,1
b642b5fb-0ab7-4a65-9b6f-11ffed0eb4ca,prca18,likert5,1,1,True,validated,0
dafeb787-b083-4e11-aa43-77ea85f00a86,prca01,likert5,1,1,True,validated,0
dafeb787-b083-4e11-aa43-77ea85f00a86,prca02,likert5,4,2,True,validated,1
dafeb787-b083-4e11-aa43-77ea85f00a86,prca03,likert5,4,4,True,validated,0
dafeb787-b083-4e11-aa43-77ea85f00a86,prca04,likert5,1,5,True,validated,1
dafeb787-b083-4e11-aa43-77ea85f00a86,prca05,likert5,4,4,True,validated,0
dafeb787-b083-4e11-aa43-77ea85f00a86,prca06,likert5,1,5,True,validated,1
dafeb787-b083-4e11-aa43-77ea85f00a86,prca13,likert5,2,2,True,validated,0
dafeb787-b083-4e11-aa43-77ea85f00a86,prca14,likert5,2,4,True,validated,1
dafeb787-b083-4e11-aa43-77ea85f00a86,prca15,likert5,1,1,True,validated,0
dafeb787-b083-4e11-aa43-77ea85f00a86,prca16,likert5,1,5,True,validated,1
dafeb787-b083-4e11-aa43-77ea85f00a86,prca17,likert5,4,2,True,validated,1
dafeb787-b083-4e11-aa43-77ea85f00a86,prca18,likert5,1,1,True,validated,0
f4f481f8-5dff-4d6d-a4dc-faa49df3634b,prca01,likert5,1,1,True,validated,0
f4f481f8-5dff-4d6d-a4dc-faa49df3634b,prca02,likert5,3,3,True,validated,1
f4f481f8-5dff-4d6d-a4dc-faa49df3634b,prca03,likert5,2,2,True,validated,0
f4f481f8-5dff-4d6d-a4dc-faa49df3634b,prca04,likert5,2,4,True,validated,1
f4f481f8-5dff-4d6d-a4dc-faa49df3634b,prca05,likert5,4,4,True,validated,0
f4f481f8-5dff-4d6d-a4dc-faa49df3634b,prca06,likert5,1,5,True,validated,1
f4f481f8-5dff-4d6d-a4dc-faa49df3634b,prca13,likert5,2,2,True,validated,0
f4f481f8-5dff-4d6d-a4dc-faa49df3634b,prca14,likert5,4,2,True,validated,1
f4f481f8-5dff-4d6d-a4dc-faa49df3634b,prca15,likert5,2,2,True,validated,0
f4f481f8-5dff-4d6d-a4dc-faa49df3634b,prca16,likert5,2,4,True,validated,1
f4f481f8-5dff-4d6d-a4dc-faa49df3634b,prca17,likert5,4,2,True,validated,1
f4f481f8-5dff-4d6d-a4dc-faa49df3634b,prca18,likert5,2,2,True,validated,0
e1c2f069-974f-4a12-8a94-96b2e9323bfb,prca01,likert5,2,2,True,validated,0
e1c2f069-974f-4a12-8a94-96b2e9323bfb,prca02,likert5,1,5,True,validated,1
e1c2f069-974f-4a12-8a94-96b2e9323bfb,prca03,likert5,2,2,True,validated,0
e1c2f069-974f-4a12-8a94-96b2e9323bfb,prca04,likert5,1,5,True,validated,1
e1c2f069-974f-4a12-8a94-96b2e9323bfb,prca05,likert5,4,4,True,validated,0
e1c2f069-974f-4a12-8a94-96b2e9323bfb,prca06,likert5,1,5,True,validated,1
e1c2f069-974f-4a12-8a94-96b2e9323bfb,prca13,likert5,4,4,True,validated,0
e1c2f069-974f-4a12-8a94-96b2e9323bfb,prca14,likert5,1,5,True,validated,1
e1c2f069-974f-4a12-8a94-96b2e9323bfb,prca15,likert5,4,4,True,validated,0
e1c2f069-974f-4a12-8a94-96b2e9323bfb,prca16,likert5,1,5,True,validated,1
e1c2f069-974f-4a12-8a94-96b2e9323bfb,prca17,likert5,1,5,True,validated,1
e1c2f069-974f-4a12-8a94-96b2e9323bfb,prca18,likert5,1,1,True,validated,0
99eeaf56-93ca-44ff-856c-9a179cc97beb,prca01,likert5,4,4,True,validated,0
99eeaf56-93ca-44ff-856c-9a179cc97beb,prca02,likert5,4,2,True,validated,1
99eeaf56-93ca-44ff-856c-9a179cc97beb,prca03,likert5,2,2,True,validated,0
99eeaf56-93ca-44ff-856c-9a179cc97beb,prca04,likert5,3,3,True,validated,1
99eeaf56-93ca-44ff-856c-9a179cc97beb,prca05,likert5,4,4,True,validated,0
99eeaf56-93ca-44ff-856c-9a179cc97beb,prca06,likert5,2,4,True,validated,1
99eeaf56-93ca-44ff-856c-9a179cc97beb,prca13,likert5,1,1,True,validated,0
99eeaf56-93ca-44ff-856c-9a179cc97beb,prca14,likert5,4,2,True,validated,1
99eeaf56-93ca-44ff-856c-9a179cc97beb,prca15,likert5,1,1,True,validated,0
99eeaf56-93ca-44ff-856c-9a179cc97beb,prca16,likert5,1,5,True,validated,1
99eeaf56-93ca-44ff-856c-9a179cc97beb,prca17,likert5,1,5,True,validated,1
99eeaf56-93ca-44ff-856c-9a179cc97beb,prca18,likert5,4,4,True,validated,0
540dffce-8d8f-41fe-9db2-bda7db72e65f,prca01,likert5,1,1,True,validated,0
540dffce-8d8f-41fe-9db2-bda7db72e65f,prca02,likert5,1,5,True,validated,1
540dffce-8d8f-41fe-9db2-bda7db72e65f,prca03,likert5,4,4,True,validated,0
540dffce-8d8f-41fe-9db2-bda7db72e65f,prca04,likert5,1,5,True,validated,1
540dffce-8d8f-41fe-9db2-bda7db72e65f,prca05,likert5,2,2,True,validated,0
540dffce-8d8f-41fe-9db2-bda7db72e65f,prca06,likert5,1,5,True,validated,1
540dffce-8d8f-41fe-9db2-bda7db72e65f,prca13,likert5,2,2,True,validated,0
540dffce-8d8f-41fe-9db2-bda7db72e65f,prca14,likert5,4,2,True,validated,1
540dffce-8d8f-41fe-9db2-bda7db72e65f,prca15,likert5,1,1,True,validated,0
540dffce-8d8f-41fe-9db2-bda7db72e65f,prca16,likert5,1,5,True,validated,1
540dffce-8d8f-41fe-9db2-bda7db72e65f,prca17,likert5,4,2,True,validated,1
540dffce-8d8f-41fe-9db2-bda7db72e65f,prca18,likert5,1,1,True,validated,0
20804bcf-8b42-4031-8c03-cb124e22c520,prca01,likert5,1,1,True,validated,0
20804bcf-8b42-4031-8c03-cb124e22c520,prca02,likert5,1,5,True,validated,1
20804bcf-8b42-4031-8c03-cb124e22c520,prca03,likert5,2,2,True,validated,0
20804bcf-8b42-4031-8c03-cb124e22c520,prca04,likert5,4,2,True,validated,1
20804bcf-8b42-4031-8c03-cb124e22c520,prca05,likert5,1,1,True,validated,0
20804bcf-8b42-4031-8c03-cb124e22c520,prca06,likert5,1,5,True,validated,1
20804bcf-8b42-4031-8c03-cb124e22c520,prca13,likert5,4,4,True,validated,0
20804bcf-8b42-4031-8c03-cb124e22c520,prca14,likert5,2,4,True,validated,1
20804bcf-8b42-4031-8c03-cb124e22c520,prca15,likert5,1,1,True,validated,0
20804bcf-8b42-4031-8c03-cb124e22c520,prca16,likert5,3,3,True,validated,1
20804bcf-8b42-4031-8c03-cb124e22c520,prca17,likert5,3,3,True,validated,1
20804bcf-8b42-4031-8c03-cb124e22c520,prca18,likert5,1,1,True,validated,0
5ca63e7e-bae2-4bf5-ae39-8dfc0c10f959,prca01,likert5,2,2,True,validated,0
5ca63e7e-bae2-4bf5-ae39-8dfc0c10f959,prca02,likert5,4,2,True,validated,1
5ca63e7e-bae2-4bf5-ae39-8dfc0c10f959,prca03,likert5,4,4,True,validated,0
5ca63e7e-bae2-4bf5-ae39-8dfc0c10f959,prca04,likert5,1,5,True,validated,1
5ca63e7e-bae2-4bf5-ae39-8dfc0c10f959,prca05,likert5,1,1,True,validated,0
5ca63e7e-bae2-4bf5-ae39-8dfc0c10f959,prca06,likert5,2,4,True,validated,1
5ca63e7e-bae2-4bf5-ae39-8dfc0c10f959,prca13,likert5,1,1,True,validated,0
5ca63e7e-bae2-4bf5-ae39-8dfc0c10f959,prca14,likert5,2,4,True,validated,1
5ca63e7e-bae2-4bf5-ae39-8dfc0c10f959,prca15,likert5,1,1,True,validated,0
5ca63e7e-bae2-4bf5-ae39-8dfc0c10f959,prca16,likert5,1,5,True,validated,1
5ca63e7e-bae2-4bf5-ae39-8dfc0c10f959,prca17,likert5,2,4,True,validated,1
5ca63e7e-bae2-4bf5-ae39-8dfc0c10f959,prca18,likert5,4,4,True,validated,0
20afb11e-5da7-466a-b207-c1a97090c47a,prca01,likert5,4,4,True,validated,0
20afb11e-5da7-466a-b207-c1a97090c47a,prca02,likert5,1,5,True,validated,1
20afb11e-5da7-466a-b207-c1a97090c47a,prca03,likert5,4,4,True,validated,0
20afb11e-5da7-466a-b207-c1a97090c47a,prca04,likert5,4,2,True,validated,1
20afb11e-5da7-466a-b207-c1a97090c47a,prca05,likert5,1,1,True,validated,0
20afb11e-5da7-466a-b207-c1a97090c47a,prca06,likert5,1,5,True,validated,1
20afb11e-5da7-466a-b207-c1a97090c47a,prca13,likert5,2,2,True,validated,0
20afb11e-5da7-466a-b207-c1a97090c47a,prca14,likert5,1,5,True,validated,1
20afb11e-5da7-466a-b207-c1a97090c47a,prca15,likert5,1,1,True,validated,0
20afb11e-5da7-466a-b207-c1a97090c47a,prca16,likert5,1,5,True,validated,1
20afb11e-5da7-466a-b207-c1a97090c47a,prca17,likert5,2,4,True,validated,1
20afb11e-5da7-466a-b207-c1a97090c47a,prca18,likert5,2,2,True,validated,0
b7603619-bf95-4520-91af-27a317e4fec6,prca01,likert5,1,1,True,validated,0
b7603619-bf95-4520-91af-27a317e4fec6,prca02,likert5,1,5,True,validated,1
b7603619-bf95-4520-91af-27a317e4fec6,prca03,likert5,2,2,True,validated,0
b7603619-bf95-4520-91af-27a317e4fec6,prca04,likert5,3,3,True,validated,1
b7603619-bf95-4520-91af-27a317e4fec6,prca05,likert5,3,3,True,validated,0
b7603619-bf95-4520-91af-27a317e4fec6,prca06,likert5,1,5,True,validated,1
b7603619-bf95-4520-91af-27a317e4fec6,prca13,likert5,2,2,True,validated,0
b7603619-bf95-4520-91af-27a317e4fec6,prca14,likert5,2,4,True,validated,1
b7603619-bf95-4520-91af-27a317e4fec6,prca15,likert5,1,1,True,validated,0
b7603619-bf95-4520-91af-27a317e4fec6,prca16,likert5,1,5,True,validated,1
b7603619-bf95-4520-91af-27a317e4fec6,prca17,likert5,1,5,True,validated,1
b7603619-bf95-4520-91af-27a317e4fec6,prca18,likert5,2,2,True,validated,0
5bab1cbf-b4e6-408d-8d32-ea011c1005a7,prca01,likert5,1,1,True,validated,0
5bab1cbf-b4e6-408d-8d32-ea011c1005a7,prca02,likert5,2,4,True,validated,1
5bab1cbf-b4e6-408d-8d32-ea011c1005a7,prca03,likert5,1,1,True,validated,0
5bab1cbf-b4e6-408d-8d32-ea011c1005a7,prca04,likert5,4,2,True,validated,1
5bab1cbf-b4e6-408d-8d32-ea011c1005a7,prca05,likert5,4,4,True,validated,0
5bab1cbf-b4e6-408d-8d32-ea011c1005a7,prca06,likert5,1,5,True,validated,1
5bab1cbf-b4e6-408d-8d32-ea011c1005a7,prca13,likert5,2,2,True,validated,0
5bab1cbf-b4e6-408d-8d32-ea011c1005a7,prca14,likert5,4,2,True,validated,1
5bab1cbf-b4e6-408d-8d32-ea011c1005a7,prca15,likert5,1,1,True,validated,0
5bab1cbf-b4e6-408d-8d32-ea011c1005a7,prca16,likert5,1,5,True,validated,1
5bab1cbf-b4e6-408d-8d32-ea011c1005a7,prca17,likert5,1,5,True,validated,1
5bab1cbf-b4e6-408d-8d32-ea011c1005a7,prca18,likert5,1,1,True,validated,0
b66a09f7-22e1-40be-8bfe-1c9e9d9676de,prca01,likert5,1,1,True,validated,0
b66a09f7-22e1-40be-8bfe-1c9e9d9676de,prca02,likert5,1,5,True,validated,1
b66a09f7-22e1-40be-8bfe-1c9e9d9676de,prca03,likert5,1,1,True,validated,0
b66a09f7-22e1-40be-8bfe-1c9e9d9676de,prca04,likert5,4,2,True,validated,1
b66a09f7-22e1-40be-8bfe-1c9e9d9676de,prca05,likert5,1,1,True,validated,0
b66a09f7-22e1-40be-8bfe-1c9e9d9676de,prca06,likert5,1,5,True,validated,1
b66a09f7-22e1-40be-8bfe-1c9e9d9676de,prca13,likert5,1,1,True,validated,0
b66a09f7-22e1-40be-8bfe-1c9e9d9676de,prca14,likert5,4,2,True,validated,1
b66a09f7-22e1-40be-8bfe-1c9e9d9676de,prca15,likert5,1,1,True,validated,0
b66a09f7-22e1-40be-8bfe-1c9e9d9676de,prca16,likert5,4,2,True,validated,1
b66a09f7-22e1-40be-8bfe-1c9e9d9676de,prca17,likert5,1,5,True,validated,1
b66a09f7-22e1-40be-8bfe-1c9e9d9676de,prca18,likert5,1,1,True,validated,0
48a564d7-8240-4ad4-99ef-f3a9f3162cec,prca01,likert5,2,2,True,validated,0
48a564d7-8240-4ad4-99ef-f3a9f3162cec,prca02,likert5,3,3,True,validated,1
48a564d7-8240-4ad4-99ef-f3a9f3162cec,prca03,likert5,1,1,True,validated,0
48a564d7-8240-4ad4-99ef-f3a9f3162cec,prca04,likert5,2,4,True,validated,1
48a564d7-8240-4ad4-99ef-f3a9f3162cec,prca05,likert5,2,2,True,validated,0
48a564d7-8240-4ad4-99ef-f3a9f3162cec,prca06,likert5,1,5,True,validated,1
48a564d7-8240-4ad4-99ef-f3a9f3162cec,prca13,likert5,4,4,True,validated,0
48a564d7-8240-4ad4-99ef-f3a9f3162cec,prca14,likert5,4,2,True,validated,1
48a564d7-8240-4ad4-99ef-f3a9f3162cec,prca15,likert5,1,1,True,validated,0
48a564d7-8240-4ad4-99ef-f3a9f3162cec,prca16,likert5,1,5,True,validated,1
48a564d7-8240-4ad4-99ef-f3a9f3162cec,prca17,likert5,1,5,True,validated,1
48a564d7-8240-4ad4-99ef-f3a9f3162cec,prca18,likert5,1,1,True,validated,0
8c5c1c3e-dc58-4427-a092-c856bd338fa3,prca01,likert5,2,2,True,validated,0
8c5c1c3e-dc58-4427-a092-c856bd338fa3,prca02,likert5,4,2,True,validated,1
8c5c1c3e-dc58-4427-a092-c856bd338fa3,prca03,likert5,4,4,True,validated,0
8c5c1c3e-dc58-4427-a092-c856bd338fa3,prca04,likert5,3,3,True,validated,1
8c5c1c3e-dc58-4427-a092-c856bd338fa3,prca05,likert5,1,1,True,validated,0
8c5c1c3e-dc58-4427-a092-c856bd338fa3,prca06,likert5,1,5,True,validated,1
8c5c1c3e-dc58-4427-a092-c856bd338fa3,prca13,likert5,1,1,True,validated,0
8c5c1c3e-dc58-4427-a092-c856bd338fa3,prca14,likert5,1,5,True,validated,1
8c5c1c3e-dc58-4427-a092-c856bd338fa3,prca15,likert5,2,2,True,validated,0
8c5c1c3e-dc58-4427-a092-c856bd338fa3,prca16,likert5,4,2,True,validated,1
8c5c1c3e-dc58-4427-a092-c856bd338fa3,prca17,likert5,1,5,True,validated,1
8c5c1c3e-dc58-4427-a092-c856bd338fa3,prca18,likert5,4,4,True,validated,0
e6a6b784-4744-41b4-994e-466501c31c10,prca01,likert5,1,1,True,validated,0
e6a6b784-4744-41b4-994e-466501c31c10,prca02,likert5,2,4,True,validated,1
e6a6b784-4744-41b4-994e-466501c31c10,prca03,likert5,1,1,True,validated,0
e6a6b784-4744-41b4-994e-466501c31c10,prca04,likert5,1,5,True,validated,1
e6a6b784-4744-41b4-994e-466501c31c10,prca05,likert5,1,1,True,validated,0
e6a6b784-4744-41b4-994e-466501c31c10,prca06,likert5,2,4,True,validated,1
e6a6b784-4744-41b4-994e-466501c31c10,prca13,likert5,1,1,True,validated,0
e6a6b784-4744-41b4-994e-466501c31c10,prca14,likert5,1,5,True,validated,1
e6a6b784-4744-41b4-994e-466501c31c10,prca15,likert5,4,4,True,validated,0
e6a6b784-4744-41b4-994e-466501c31c10,prca16,likert5,4,2,True,validated,1
e6a6b784-4744-41b4-994e-466501c31c10,prca17,likert5,1,5,True,validated,1
e6a6b784-4744-41b4-994e-466501c31c10,prca18,likert5,2,2,True,validated,0
81afbe0e-f5c5-453b-8a5d-7c78c6bee78f,prca01,likert5,3,3,True,validated,0
81afbe0e-f5c5-453b-8a5d-7c78c6bee78f,prca02,likert5,4,2,True,validated,1
81afbe0e-f5c5-453b-8a5d-7c78c6bee78f,prca03,likert5,3,3,True,validated,0
81afbe0e-f5c5-453b-8a5d-7c78c6bee78f,prca04,likert5,2,4,True,validated,1
81afbe0e-f5c5-453b-8a5d-7c78c6bee78f,prca05,likert5,1,1,True,validated,0
81afbe0e-f5c5-453b-8a5d-7c78c6bee78f,prca06,likert5,1,5,True,validated,1
81afbe0e-f5c5-453b-8a5d-7c78c6bee78f,prca13,likert5,1,1,True,validated,0
81afbe0e-f5c5-453b-8a5d-7c78c6bee78f,prca14,likert5,1,5,True,validated,1
81afbe0e-f5c5-453b-8a5d-7c78c6bee78f,prca15,likert5,1,1,True,validated,0
81afbe0e-f5c5-453b-8a5d-7c78c6bee78f,prca16,likert5,4,2,True,validated,1
81afbe0e-f5c5-453b-8a5d-7c78c6bee78f,prca17,likert5,4,2,True,validated,1
81afbe0e-f5c5-453b-8a5d-7c78c6bee78f,prca18,likert5,4,4,True,validated,0
533c4eb1-37c1-4f44-bdf6-c27c3a76007d,prca01,likert5,2,2,True,validated,0
533c4eb1-37c1-4f44-bdf6-c27c3a76007d,prca02,likert5,2,4,True,validated,1
533c4eb1-37c1-4f44-bdf6-c27c3a76007d,prca03,likert5,2,2,True,validated,0
533c4eb1-37c1-4f44-bdf6-c27c3a76007d,prca04,likert5,1,5,True,validated,1
533c4eb1-37c1-4f44-bdf6-c27c3a76007d,prca05,likert5,1,1,True,validated,0
533c4eb1-37c1-4f44-bdf6-c27c3a76007d,prca06,likert5,2,4,True,validated,1
533c4eb1-37c1-4f44-bdf6-c27c3a76007d,prca13,likert5,1,1,True,validated,0
533c4eb1-37c1-4f44-bdf6-c27c3a76007d,prca14,likert5,3,3,True,validated,1
533c4eb1-37c1-4f44-bdf6-c27c3a76007d,prca15,likert5,2,2,True,validated,0
533c4eb1-37c1-4f44-bdf6-c27c3a76007d,prca16,likert5,2,4,True,validated,1
533c4eb1-37c1-4f44-bdf6-c27c3a76007d,prca17,likert5,4,2,True,validated,1
533c4eb1-37c1-4f44-bdf6-c27c3a76007d,prca18,likert5,1,1,True,validated,0
e9c1f862-7405-4446-a1ed-a9a2e69a8750,prca01,likert5,4,4,True,validated,0
e9c1f862-7405-4446-a1ed-a9a2e69a8750,prca02,likert5,1,5,True,validated,1
e9c1f862-7405-4446-a1ed-a9a2e69a8750,prca03,likert5,3,3,True,validated,0
e9c1f862-7405-4446-a1ed-a9a2e69a8750,prca04,likert5,3,3,True,validated,1
e9c1f862-7405-4446-a1ed-a9a2e69a8750,prca05,likert5,2,2,True,validated,0
e9c1f862-7405-4446-a1ed-a9a2e69a8750,prca06,likert5,1,5,True,validated,1
e9c1f862-7405-4446-a1ed-a9a2e69a8750,prca13,likert5,1,1,True,validated,0
e9c1f862-7405-4446-a1ed-a9a2e69a8750,prca14,likert5,2,4,True,validated,1
e9c1f862-7405-4446-a1ed-a9a2e69a8750,prca15,likert5,1,1,True,validated,0
e9c1f862-7405-4446-a1ed-a9a2e69a8750,prca16,likert5,1,5,True,validated,1
e9c1f862-7405-4446-a1ed-a9a2e69a8750,prca17,likert5,3,3,True,validated,1
e9c1f862-7405-4446-a1ed-a9a2e69a8750,prca18,likert5,2,2,True,validated,0
5c96e716-7959-4bff-bc89-51c05a9f972f,prca01,likert5,4,4,True,validated,0
5c96e716-7959-4bff-bc89-51c05a9f972f,prca02,likert5,4,2,True,validated,1
5c96e716-7959-4bff-bc89-51c05a9f972f,prca03,likert5,4,4,True,validated,0
5c96e716-7959-4bff-bc89-51c05a9f972f,prca04,likert5,1,5,True,validated,1
5c96e716-7959-4bff-bc89-51c05a9f972f,prca05,likert5,1,1,True,validated,0
5c96e716-7959-4bff-bc89-51c05a9f972f,prca06,likert5,2,4,True,validated,1
5c96e716-7959-4bff-bc89-51c05a9f972f,prca13,likert5,1,1,True,validated,0
5c96e716-7959-4bff-bc89-51c05a9f972f,prca14,likert5,1,5,True,validated,1
5c96e716-7959-4bff-bc89-51c05a9f972f,prca15,likert5,1,1,True,validated,0
5c96e716-7959-4bff-bc89-51c05a9f972f,prca16,likert5,1,5,True,validated,1
5c96e716-7959-4bff-bc89-51c05a9f972f,prca17,likert5,2,4,True,validated,1
5c96e716-7959-4bff-bc89-51c05a9f972f,prca18,likert5,1,1,True,validated,0
1770fea6-dee4-4b32-8ffc-fbd3e2f7a659,prca01,likert5,3,3,True,validated,0
1770fea6-dee4-4b32-8ffc-fbd3e2f7a659,prca02,likert5,4,2,True,validated,1
1770fea6-dee4-4b32-8ffc-fbd3e2f7a659,prca03,likert5,1,1,True,validated,0
1770fea6-dee4-4b32-8ffc-fbd3e2f7a659,prca04,likert5,3,3,True,validated,1
1770fea6-dee4-4b32-8ffc-fbd3e2f7a659,prca05,likert5,1,1,True,validated,0
1770fea6-dee4-4b32-8ffc-fbd3e2f7a659,prca06,likert5,2,4,True,validated,1
1770fea6-dee4-4b32-8ffc-fbd3e2f7a659,prca13,likert5,4,4,True,validated,0
1770fea6-dee4-4b32-8ffc-fbd3e2f7a659,prca14,likert5,3,3,True,validated,1
1770fea6-dee4-4b32-8ffc-fbd3e2f7a659,prca15,likert5,2,2,True,validated,0
1770fea6-dee4-4b32-8ffc-fbd3e2f7a659,prca16,likert5,3,3,True,validated,1
1770fea6-dee4-4b32-8ffc-fbd3e2f7a659,prca17,likert5,1,5,True,validated,1
1770fea6-dee4-4b32-8ffc-fbd3e2f7a659,prca18,likert5,1,1,True,validated,0
20e17f04-c91c-4966-9b45-fbf71d446f82,prca01,likert5,4,4,True,validated,0
20e17f04-c91c-4966-9b45-fbf71d446f82,prca02,likert5,1,5,True,validated,1
20e17f04-c91c-4966-9b45-fbf71d446f82,prca03,likert5,1,1,True,validated,0
20e17f04-c91c-4966-9b45-fbf71d446f82,prca04,likert5,1,5,True,validated,1
20e17f04-c91c-4966-9b45-fbf71d446f82,prca05,likert5,1,1,True,validated,0
20e17f04-c91c-4966-9b45-fbf71d446f82,prca06,likert5,1,5,True,validated,1
20e17f04-c91c-4966-9b45-fbf71d446f82,prca13,likert5,2,2,True,validated,0
20e17f04-c91c-4966-9b45-fbf71d446f82,prca14,likert5,4,2,True,validated,1
20e17f04-c91c-4966-9b45-fbf71d446f82,prca15,likert5,4,4,True,validated,0
20e17f04-c91c-4966-9b45-fbf71d446f82,prca16,likert5,2,4,True,validated,1
20e17f04-c91c-4966-9b45-fbf71d446f82,prca17,likert5,2,4,True,validated,1
20e17f04-c91c-4966-9b45-fbf71d446f82,prca18,likert5,4,4,True,validated,0
535e5f93-cc33-4774-838b-fc532b44f9d0,prca01,likert5,2,2,True,validated,0
535e5f93-cc33-4774-838b-fc532b44f9d0,prca02,likert5,2,4,True,validated,1
535e5f93-cc33-4774-838b-fc532b44f9d0,prca03,likert5,2,2,True,validated,0
535e5f93-cc33-4774-838b-fc532b44f9d0,prca04,likert5,4,2,True,validated,1
535e5f93-cc33-4774-838b-fc532b44f9d0,prca05,likert5,1,1,True,validated,0
535e5f93-cc33-4774-838b-fc532b44f9d0,prca06,likert5,4,2,True,validated,1
535e5f93-cc33-4774-838b-fc532b44f9d0,prca13,likert5,1,1,True,validated,0
535e5f93-cc33-4774-838b-fc532b44f9d0,prca14,likert5,2,4,True,validated,1
535e5f93-cc33-4774-838b-fc532b44f9d0,prca15,likert5,1,1,True,validated,0
535e5f93-cc33-4774-838b-fc532b44f9d0,prca16,likert5,2,4,True,validated,1
535e5f93-cc33-4774-838b-fc532b44f9d0,prca17,likert5,4,2,True,validated,1
535e5f93-cc33-4774-838b-fc532b44f9d0,prca18,likert5,1,1,True,validated,0
f7403c93-9902-44aa-ab8f-a96eaca25304,prca01,likert5,1,1,True,validated,0
f7403c93-9902-44aa-ab8f-a96eaca25304,prca02,likert5,1,5,True,validated,1
f7403c93-9902-44aa-ab8f-a96eaca25304,prca03,likert5,1,1,True,validated,0
f7403c93-9902-44aa-ab8f-a96eaca25304,prca04,likert5,4,2,True,validated,1
f7403c93-9902-44aa-ab8f-a96eaca25304,prca05,likert5,4,4,True,validated,0
f7403c93-9902-44aa-ab8f-a96eaca25304,prca06,likert5,1,5,True,validated,1
f7403c93-9902-44aa-ab8f-a96eaca25304,prca13,likert5,2,2,True,validated,0
f7403c93-9902-44aa-ab8f-a96eaca25304,prca14,likert5,1,5,True,validated,1
f7403c93-9902-44aa-ab8f-a96eaca25304,prca15,likert5,4,4,True,validated,0
f7403c93-9902-44aa-ab8f-a96eaca25304,prca16,likert5,1,5,True,validated,1
f7403c93-9902-44aa-ab8f-a96eaca25304,prca17,likert5,4,2,True,validated,1
f7403c93-9902-44aa-ab8f-a96eaca25304,prca18,likert5,4,4,True,validated,0
8335bf38-4794-4ead-9018-26bdde4a6a25,prca01,likert5,3,3,True,validated,0
8335bf38-4794-4ead-9018-26bdde4a6a25,prca02,likert5,2,4,True,validated,1
8335bf38-4794-4ead-9018-26bdde4a6a25,prca03,likert5,1,1,True,validated,0
8335bf38-4794-4ead-9018-26bdde4a6a25,prca04,likert5,2,4,True,validated,1
8335bf38-4794-4ead-9018-26bdde4a6a25,prca05,likert5,2,2,True,validated,0
8335bf38-4794-4ead-9018-26bdde4a6a25,prca06,likert5,4,2,True,validated,1
8335bf38-4794-4ead-9018-26bdde4a6a25,prca13,likert5,1,1,True,validated,0
8335bf38-4794-4ead-9018-26bdde4a6a25,prca14,likert5,4,2,True,validated,1
8335bf38-4794-4ead-9018-26bdde4a6a25,prca15,likert5,2,2,True,validated,0
8335bf38-4794-4ead-9018-26bdde4a6a25,prca16,likert5,3,3,True,validated,1
8335bf38-4794-4ead-9018-26bdde4a6a25,prca17,likert5,3,3,True,validated,1
8335bf38-4794-4ead-9018-26bdde4a6a25,prca18,likert5,1,1,True,validated,0
7e999446-586a-4193-b960-13cdc5eb3292,prca01,likert5,2,2,True,validated,0
7e999446-586a-4193-b960-13cdc5eb3292,prca02,likert5,3,3,True,validated,1
7e999446-586a-4193-b960-13cdc5eb3292,prca03,likert5,4,4,True,validated,0
7e999446-586a-4193-b960-13cdc5eb3292,prca04,likert5,1,5,True,validated,1
7e999446-586a-4193-b960-13cdc5eb3292,prca05,likert5,4,4,True,validated,0
7e999446-586a-4193-b960-13cdc5eb3292,prca06,likert5,4,2,True,validated,1
7e999446-586a-4193-b960-13cdc5eb3292,prca13,likert5,1,1,True,validated,0
7e999446-586a-4193-b960-13cdc5eb3292,prca14,likert5,4,2,True,validated,1
7e999446-586a-4193-b960-13cdc5eb3292,prca15,likert5,4,4,True,validated,0
7e999446-586a-4193-b960-13cdc5eb3292,prca16,likert5,1,5,True,validated,1
7e999446-586a-4193-b960-13cdc5eb3292,prca17,likert5,3,3,True,validated,1
7e999446-586a-4193-b960-13cdc5eb3292,prca18,likert5,4,4,True,validated,0
250b293c-1e6e-4d21-af37-2820931dc83e,prca01,likert5,4,4,True,validated,0
250b293c-1e6e-4d21-af37-2820931dc83e,prca02,likert5,4,2,True,validated,1
250b293c-1e6e-4d21-af37-2820931dc83e,prca03,likert5,4,4,True,validated,0
250b293c-1e6e-4d21-af37-2820931dc83e,prca04,likert5,1,5,True,validated,1
250b293c-1e6e-4d21-af37-2820931dc83e,prca05,likert5,1,1,True,validated,0
250b293c-1e6e-4d21-af37-2820931dc83e,prca06,likert5,1,5,True,validated,1
250b293c-1e6e-4d21-af37-2820931dc83e,prca13,likert5,2,2,True,validated,0
250b293c-1e6e-4d21-af37-2820931dc83e,prca14,likert5,3,3,True,validated,1
250b293c-1e6e-4d21-af37-2820931dc83e,prca15,likert5,1,1,True,validated,0
250b293c-1e6e-4d21-af37-2820931dc83e,prca16,likert5,2,4,True,validated,1
250b293c-1e6e-4d21-af37-2820931dc83e,prca17,likert5,1,5,True,validated,1
250b293c-1e6e-4d21-af37-2820931dc83e,prca18,likert5,2,2,True,validated,0
7fc23b68-4c75-4026-b9b6-913a986b3d72,prca01,likert5,1,1,True,validated,0
7fc23b68-4c75-4026-b9b6-913a986b3d72,prca02,likert5,2,4,True,validated,1
7fc23b68-4c75-4026-b9b6-913a986b3d72,prca03,likert5,4,4,True,validated,0
7fc23b68-4c75-4026-b9b6-913a986b3d72,prca04,likert5,4,2,True,validated,1
7fc23b68-4c75-4026-b9b6-913a986b3d72,prca05,likert5,2,2,True,validated,0
7fc23b68-4c75-4026-b9b6-913a986b3d72,prca06,likert5,1,5,True,validated,1
7fc23b68-4c75-4026-b9b6-913a986b3d72,prca13,likert5,1,1,True,validated,0
7fc23b68-4c75-4026-b9b6-913a986b3d72,prca14,likert5,3,3,True,validated,1
7fc23b68-4c75-4026-b9b6-913a986b3d72,prca15,likert5,1,1,True,validated,0
7fc23b68-4c75-4026-b9b6-913a986b3d72,prca16,likert5,2,4,True,validated,1
7fc23b68-4c75-4026-b9b6-913a986b3d72,prca17,likert5,3,3,True,validated,1
7fc23b68-4c75-4026-b9b6-913a986b3d72,prca18,likert5,2,2,True,validated,0
8bbefd78-d220-4d43-908a-5a68befc71b8,prca01,likert5,4,4,True,validated,0
8bbefd78-d220-4d43-908a-5a68befc71b8,prca02,likert5,1,5,True,validated,1
8bbefd78-d220-4d43-908a-5a68befc71b8,prca03,likert5,3,3,True,validated,0
8bbefd78-d220-4d43-908a-5a68befc71b8,prca04,likert5,4,2,True,validated,1
8bbefd78-d220-4d43-908a-5a68befc71b8,prca05,likert5,4,4,True,validated,0
8bbefd78-d220-4d43-908a-5a68befc71b8,prca06,likert5,3,3,True,validated,1
8bbefd78-d220-4d43-908a-5a68befc71b8,prca13,likert5,2,2,True,validated,0
8bbefd78-d220-4d43-908a-5a68befc71b8,prca14,likert5,1,5,True,validated,1
8bbefd78-d220-4d43-908a-5a68befc71b8,prca15,likert5,2,2,True,validated,0
8bbefd78-d220-4d43-908a-5a68befc71b8,prca16,likert5,1,5,True,validated,1
8bbefd78-d220-4d43-908a-5a68befc71b8,prca17,likert5,1,5,True,validated,1
8bbefd78-d220-4d43-908a-5a68befc71b8,prca18,likert5,4,4,True,validated,0
b4c07a38-c514-4e1a-903e-5bf2257b6843,prca01,likert5,1,1,True,validated,0
b4c07a38-c514-4e1a-903e-5bf2257b6843,prca02,likert5,3,3,True,validated,1
b4c07a38-c514-4e1a-903e-5bf2257b6843,prca03,likert5,1,1,True,validated,0
b4c07a38-c514-4e1a-903e-5bf2257b6843,prca04,likert5,3,3,True,validated,1
b4c07a38-c514-4e1a-903e-5bf2257b6843,prca05,likert5,2,2,True,validated,0
b4c07a38-c514-4e1a-903e-5bf2257b6843,prca06,likert5,1,5,True,validated,1
b4c07a38-c514-4e1a-903e-5bf2257b6843,prca13,likert5,4,4,True,validated,0
b4c07a38-c514-4e1a-903e-5bf2257b6843,prca14,likert5,3,3,True,validated,1
b4c07a38-c514-4e1a-903e-5bf2257b6843,prca15,likert5,2,2,True,validated,0
b4c07a38-c514-4e1a-903e-5bf2257b6843,prca16,likert5,4,2,True,validated,1
b4c07a38-c514-4e1a-903e-5bf2257b6843,prca17,likert5,1,5,True,validated,1
b4c07a38-c514-4e1a-903e-5bf2257b6843,prca18,likert5,1,1,True,validated,0
1d1a2a49-0fc9-43d3-b43d-21d5f67d3bf8,prca01,likert5,2,2,True,validated,0
1d1a2a49-0fc9-43d3-b43d-21d5f67d3bf8,prca02,likert5,1,5,True,validated,1
1d1a2a49-0fc9-43d3-b43d-21d5f67d3bf8,prca03,likert5,4,4,True,validated,0
1d1a2a49-0fc9-43d3-b43d-21d5f67d3bf8,prca04,likert5,3,3,True,validated,1
1d1a2a49-0fc9-43d3-b43d-21d5f67d3bf8,prca05,likert5,2,2,True,validated,0
1d1a2a49-0fc9-43d3-b43d-21d5f67d3bf8,prca06,likert5,1,5,True,validated,1
1d1a2a49-0fc9-43d3-b43d-21d5f67d3bf8,prca13,likert5,4,4,True,validated,0
1d1a2a49-0fc9-43d3-b43d-21d5f67d3bf8,prca14,likert5,2,4,True,validated,1
1d1a2a49-0fc9-43d3-b43d-21d5f67d3bf8,prca15,likert5,2,2,True,validated,0
1d1a2a49-0fc9-43d3-b43d-21d5f67d3bf8,prca16,likert5,1,5,True,validated,1
1d1a2a49-0fc9-43d3-b43d-21d5f67d3bf8,prca17,likert5,1,5,True,validated,1
1d1a2a49-0fc9-43d3-b43d-21d5f67d3bf8,prca18,likert5,4,4,True,validated,0
db85a019-c548-4835-8ca3-f0f0e7902506,prca01,likert5,1,1,True,validated,0
db85a019-c548-4835-8ca3-f0f0e7902506,prca02,likert5,1,5,True,validated,1
db85a019-c548-4835-8ca3-f0f0e7902506,prca03,likert5,1,1,True,validated,0
db85a019-c548-4835-8ca3-f0f0e7902506,prca04,likert5,4,2,True,validated,1
db85a019-c548-4835-8ca3-f0f0e7902506,prca05,likert5,2,2,True,validated,0
db85a019-c548-4835-8ca3-f0f0e7902506,prca06,likert5,1,5,True,validated,1
db85a019-c548-4835-8ca3-f0f0e7902506,prca13,likert5,1,1,True,validated,0
db85a019-c548-4835-8ca3-f0f0e7902506,prca14,likert5,2,4,True,validated,1
db85a019-c548-4835-8ca3-f0f0e7902506,prca15,likert5,2,2,True,validated,0
db85a019-c548-4835-8ca3-f0f0e7902506,prca16,likert5,2,4,True,validated,1
db85a019-c548-4835-8ca3-f0f0e7902506,prca17,likert5,2,4,True,validated,1
db85a019-c548-4835-8ca3-f0f0e7902506,prca18,likert5,4,4,True,validated,0
d72efc33-e556-4fa2-80fc-f8f9dfa4a787,prca01,likert5,2,2,True,validated,0
d72efc33-e556-4fa2-80fc-f8f9dfa4a787,prca02,likert5,2,4,True,validated,1
d72efc33-e556-4fa2-80fc-f8f9dfa4a787,prca03,likert5,1,1,True,validated,0
d72efc33-e556-4fa2-80fc-f8f9dfa4a787,prca04,likert5,1,5,True,validated,1
d72efc33-e556-4fa2-80fc-f8f9dfa4a787,prca05,likert5,1,1,True,validated,0
d72efc33-e556-4fa2-80fc-f8f9dfa4a787,prca06,likert5,2,4,True,validated,1
d72efc33-e556-4fa2-80fc-f8f9dfa4a787,prca13,likert5,1,1,True,validated,0
d72efc33-e556-4fa2-80fc-f8f9dfa4a787,prca14,likert5,1,5,True,validated,1
d72efc33-e556-4fa2-80fc-f8f9dfa4a787,prca15,likert5,1,1,True,validated,0
d72efc33-e556-4fa2-80fc-f8f9dfa4a787,prca16,likert5,4,2,True,validated,1
d72efc33-e556-4fa2-80fc-f8f9dfa4a787,prca17,likert5,2,4,True,validated,1
d72efc33-e556-4fa2-80fc-f8f9dfa4a787,prca18,likert5,1,1,True,validated,0
1580c238-50c9-42f3-ab02-1c01d06900bb,prca01,likert5,1,1,True,validated,0
1580c238-50c9-42f3-ab02-1c01d06900bb,prca02,likert5,4,2,True,validated,1
1580c238-50c9-42f3-ab02-1c01d06900bb,prca03,likert5,1,1,True,validated,0
1580c238-50c9-42f3-ab02-1c01d06900bb,prca04,likert5,1,5,True,validated,1
1580c238-50c9-42f3-ab02-1c01d06900bb,prca05,likert5,4,4,True,validated,0
1580c238-50c9-42f3-ab02-1c01d06900bb,prca06,likert5,1,5,True,validated,1
1580c238-50c9-42f3-ab02-1c01d06900bb,prca13,likert5,4,4,True,validated,0
1580c238-50c9-42f3-ab02-1c01d06900bb,prca14,likert5,2,4,True,validated,1
1580c238-50c9-42f3-ab02-1c01d06900bb,prca15,likert5,1,1,True,validated,0
1580c238-50c9-42f3-ab02-1c01d06900bb,prca16,likert5,2,4,True,validated,1
1580c238-50c9-42f3-ab02-1c01d06900bb,prca17,likert5,2,4,True,validated,1
1580c238-50c9-42f3-ab02-1c01d06900bb,prca18,likert5,4,4,True,validated,0
82800132-43c3-4e90-ae80-8e851769b3e7,prca01,likert5,2,2,True,validated,0
82800132-43c3-4e90-ae80-8e851769b3e7,prca02,likert5,4,2,True,validated,1
82800132-43c3-4e90-ae80-8e851769b3e7,prca03,likert5,2,2,True,validated,0
82800132-43c3-4e90-ae80-8e851769b3e7,prca04,likert5,4,2,True,validated,1
82800132-43c3-4e90-ae80-8e851769b3e7,prca05,likert5,1,1,True,validated,0
82800132-43c3-4e90-ae80-8e851769b3e7,prca06,likert5,1,5,True,validated,1
82800132-43c3-4e90-ae80-8e851769b3e7,prca13,likert5,2,2,True,validated,0
82800132-43c3-4e90-ae80-8e851769b3e7,prca14,likert5,2,4,True,validated,1
82800132-43c3-4e90-ae80-8e851769b3e7,prca15,likert5,2,2,True,validated,0
82800132-43c3-4e90-ae80-8e851769b3e7,prca16,likert5,2,4,True,validated,1
82800132-43c3-4e90-ae80-8e851769b3e7,prca17,likert5,1,5,True,validated,1
82800132-43c3-4e90-ae80-8e851769b3e7,prca18,likert5,2,2,True,validated,0
e5e56067-31f5-4807-9193-911e2ede7e2b,prca01,likert5,4,4,True,validated,0
e5e56067-31f5-4807-9193-911e2ede7e2b,prca02,likert5,3,3,True,validated,1
e5e56067-31f5-4807-9193-911e2ede7e2b,prca03,likert5,2,2,True,validated,0
e5e56067-31f5-4807-9193-911e2ede7e2b,prca04,likert5,2,4,True,validated,1
e5e56067-31f5-4807-9193-911e2ede7e2b,prca05,likert5,4,4,True,validated,0
e5e56067-31f5-4807-9193-911e2ede7e2b,prca06,likert5,1,5,True,validated,1
e5e56067-31f5-4807-9193-911e2ede7e2b,prca13,likert5,4,4,True,validated,0
e5e56067-31f5-4807-9193-911e2ede7e2b,prca14,likert5,3,3,True,validated,1
e5e56067-31f5-4807-9193-911e2ede7e2b,prca15,likert5,1,1,True,validated,0
e5e56067-31f5-4807-9193-911e2ede7e2b,prca16,likert5,3,3,True,validated,1
e5e56067-31f5-4807-9193-911e2ede7e2b,prca17,likert5,3,3,True,validated,1
e5e56067-31f5-4807-9193-911e2ede7e2b,prca18,likert5,4,4,True,validated,0
