resid,question_id,scale,original_response,final_response,validated,action_taken,reverse_coded
59ff9c06-8df6-426b-8cc3-516e334841d4,prca01,likert5,1,1,True,validated,0
59ff9c06-8df6-426b-8cc3-516e334841d4,prca02,likert5,1,5,True,validated,1
59ff9c06-8df6-426b-8cc3-516e334841d4,prca03,likert5,1,1,True,validated,0
59ff9c06-8df6-426b-8cc3-516e334841d4,prca04,likert5,2,4,True,validated,1
59ff9c06-8df6-426b-8cc3-516e334841d4,prca05,likert5,1,1,True,validated,0
59ff9c06-8df6-426b-8cc3-516e334841d4,prca06,likert5,4,2,True,validated,1
59ff9c06-8df6-426b-8cc3-516e334841d4,prca13,likert5,4,4,True,validated,0
59ff9c06-8df6-426b-8cc3-516e334841d4,prca14,likert5,1,5,True,validated,1
59ff9c06-8df6-426b-8cc3-516e334841d4,prca15,likert5,2,2,True,validated,0
59ff9c06-8df6-426b-8cc3-516e334841d4,prca16,likert5,1,5,True,validated,1
59ff9c06-8df6-426b-8cc3-516e334841d4,prca17,likert5,2,4,True,validated,1
59ff9c06-8df6-426b-8cc3-516e334841d4,prca18,likert5,1,1,True,validated,0
46e059c8-4858-4b52-a016-0f010cbd4d31,prca01,likert5,3,3,True,validated,0
46e059c8-4858-4b52-a016-0f010cbd4d31,prca02,likert5,2,4,True,validated,1
46e059c8-4858-4b52-a016-0f010cbd4d31,prca03,likert5,2,2,True,validated,0
46e059c8-4858-4b52-a016-0f010cbd4d31,prca04,likert5,1,5,True,validated,1
46e059c8-4858-4b52-a016-0f010cbd4d31,prca05,likert5,2,2,True,validated,0
46e059c8-4858-4b52-a016-0f010cbd4d31,prca06,likert5,3,3,True,validated,1
46e059c8-4858-4b52-a016-0f010cbd4d31,prca13,likert5,1,1,True,validated,0
46e059c8-4858-4b52-a016-0f010cbd4d31,prca14,likert5,4,2,True,validated,1
46e059c8-4858-4b52-a016-0f010cbd4d31,prca15,likert5,1,1,True,validated,0
46e059c8-4858-4b52-a016-0f010cbd4d31,prca16,likert5,4,2,True,validated,1
46e059c8-4858-4b52-a016-0f010cbd4d31,prca17,likert5,2,4,True,validated,1
46e059c8-4858-4b52-a016-0f010cbd4d31,prca18,likert5,1,1,True,validated,0
7c66999d-74bf-4f85-9e88-8b428d741d5e,prca01,likert5,4,4,True,validated,0
7c66999d-74bf-4f85-9e88-8b428d741d5e,prca02,likert5,1,5,True,validated,1
7c66999d-74bf-4f85-9e88-8b428d741d5e,prca03,likert5,1,1,True,validated,0
7c66999d-74bf-4f85-9e88-8b428d741d5e,prca04,likert5,4,2,True,validated,1
7c66999d-74bf-4f85-9e88-8b428d741d5e,prca05,likert5,1,1,True,validated,0
7c66999d-74bf-4f85-9e88-8b428d741d5e,prca06,likert5,1,5,True,validated,1
7c66999d-74bf-4f85-9e88-8b428d741d5e,prca13,likert5,4,4,True,validated,0
7c66999d-74bf-4f85-9e88-8b428d741d5e,prca14,likert5,4,2,True,validated,1
7c66999d-74bf-4f85-9e88-8b428d741d5e,prca15,likert5,1,1,True,validated,0
7c66999d-74bf-4f85-9e88-8b428d741d5e,prca16,likert5,2,4,True,validated,1
7c66999d-74bf-4f85-9e88-8b428d741d5e,prca17,likert5,1,5,True,validated,1
7c66999d-74bf-4f85-9e88-8b428d741d5e,prca18,likert5,1,1,True,validated,0
726a7519-6756-408e-b1fc-45af9fe854ee,prca01,likert5,1,1,True,validated,0
726a7519-6756-408e-b1fc-45af9fe854ee,prca02,likert5,1,5,True,validated,1
726a7519-6756-408e-b1fc-45af9fe854ee,prca03,likert5,4,4,True,validated,0
726a7519-6756-408e-b1fc-45af9fe854ee,prca04,likert5,1,5,True,validated,1
726a7519-6756-408e-b1fc-45af9fe854ee,prca05,likert5,4,4,True,validated,0
726a7519-6756-408e-b1fc-45af9fe854ee,prca06,likert5,4,2,True,validated,1
726a7519-6756-408e-b1fc-45af9fe854ee,prca13,likert5,4,4,True,validated,0
726a7519-6756-408e-b1fc-45af9fe854ee,prca14,likert5,1,5,True,validated,1
726a7519-6756-408e-b1fc-45af9fe854ee,prca15,likert5,2,2,True,validated,0
726a7519-6756-408e-b1fc-45af9fe854ee,prca16,likert5,1,5,True,validated,1
726a7519-6756-408e-b1fc-45af9fe854ee,prca17,likert5,1,5,True,validated,1
726a7519-6756-408e-b1fc-45af9fe854ee,prca18,likert5,4,4,True,validated,0
0e0874ab-0ad1-4d75-8146-97efe6efbf25,prca01,likert5,1,1,True,validated,0
0e0874ab-0ad1-4d75-8146-97efe6efbf25,prca02,likert5,2,4,True,validated,1
0e0874ab-0ad1-4d75-8146-97efe6efbf25,prca03,likert5,1,1,True,validated,0
0e0874ab-0ad1-4d75-8146-97efe6efbf25,prca04,likert5,1,5,True,validated,1
0e0874ab-0ad1-4d75-8146-97efe6efbf25,prca05,likert5,2,2,True,validated,0
0e0874ab-0ad1-4d75-8146-97efe6efbf25,prca06,likert5,2,4,True,validated,1
0e0874ab-0ad1-4d75-8146-97efe6efbf25,prca13,likert5,1,1,True,validated,0
0e0874ab-0ad1-4d75-8146-97efe6efbf25,prca14,likert5,2,4,True,validated,1
0e0874ab-0ad1-4d75-8146-97efe6efbf25,prca15,likert5,1,1,True,validated,0
0e0874ab-0ad1-4d75-8146-97efe6efbf25,prca16,likert5,1,5,True,validated,1
0e0874ab-0ad1-4d75-8146-97efe6efbf25,prca17,likert5,1,5,True,validated,1
0e0874ab-0ad1-4d75-8146-97efe6efbf25,prca18,likert5,1,1,True,validated,0
b0f03daa-65d0-4691-9203-14ca8e065512,prca01,likert5,1,1,True,validated,0
b0f03daa-65d0-4691-9203-14ca8e065512,prca02,likert5,2,4,True,validated,1
b0f03daa-65d0-4691-9203-14ca8e065512,prca03,likert5,1,1,True,validated,0
b0f03daa-65d0-4691-9203-14ca8e065512,prca04,likert5,4,2,True,validated,1
b0f03daa-65d0-4691-9203-14ca8e065512,prca05,likert5,1,1,True,validated,0
b0f03daa-65d0-4691-9203-14ca8e065512,prca06,likert5,4,2,True,validated,1
b0f03daa-65d0-4691-9203-14ca8e065512,prca13,likert5,1,1,True,validated,0
b0f03daa-65d0-4691-9203-14ca8e065512,prca14,likert5,1,5,True,validated,1
b0f03daa-65d0-4691-9203-14ca8e065512,prca15,likert5,1,1,True,validated,0
b0f03daa-65d0-4691-9203-14ca8e065512,prca16,likert5,1,5,True,validated,1
b0f03daa-65d0-4691-9203-14ca8e065512,prca17,likert5,1,5,True,validated,1
b0f03daa-65d0-4691-9203-14ca8e065512,prca18,likert5,2,2,True,validated,0
00a7db81-d780-4cd8-9e42-148f6b1eb034,prca01,likert5,4,4,True,validated,0
00a7db81-d780-4cd8-9e42-148f6b1eb034,prca02,likert5,4,2,True,validated,1
00a7db81-d780-4cd8-9e42-148f6b1eb034,prca03,likert5,3,3,True,validated,0
00a7db81-d780-4cd8-9e42-148f6b1eb034,prca04,likert5,1,5,True,validated,1
00a7db81-d780-4cd8-9e42-148f6b1eb034,prca05,likert5,1,1,True,validated,0
00a7db81-d780-4cd8-9e42-148f6b1eb034,prca06,likert5,4,2,True,validated,1
00a7db81-d780-4cd8-9e42-148f6b1eb034,prca13,likert5,2,2,True,validated,0
00a7db81-d780-4cd8-9e42-148f6b1eb034,prca14,likert5,1,5,True,validated,1
00a7db81-d780-4cd8-9e42-148f6b1eb034,prca15,likert5,4,4,True,validated,0
00a7db81-d780-4cd8-9e42-148f6b1eb034,prca16,likert5,1,5,True,validated,1
00a7db81-d780-4cd8-9e42-148f6b1eb034,prca17,likert5,1,5,True,validated,1
00a7db81-d780-4cd8-9e42-148f6b1eb034,prca18,likert5,4,4,True,validated,0
b2bfd5de-10fa-4f04-ada1-62bb8b4f96de,prca01,likert5,4,4,True,validated,0
b2bfd5de-10fa-4f04-ada1-62bb8b4f96de,prca02,likert5,4,2,True,validated,1
b2bfd5de-10fa-4f04-ada1-62bb8b4f96de,prca03,likert5,3,3,True,validated,0
b2bfd5de-10fa-4f04-ada1-62bb8b4f96de,prca04,likert5,2,4,True,validated,1
b2bfd5de-10fa-4f04-ada1-62bb8b4f96de,prca05,likert5,4,4,True,validated,0
b2bfd5de-10fa-4f04-ada1-62bb8b4f96de,prca06,likert5,2,4,True,validated,1
b2bfd5de-10fa-4f04-ada1-62bb8b4f96de,prca13,likert5,1,1,True,validated,0
b2bfd5de-10fa-4f04-ada1-62bb8b4f96de,prca14,likert5,2,4,True,validated,1
b2bfd5de-10fa-4f04-ada1-62bb8b4f96de,prca15,likert5,2,2,True,validated,0
b2bfd5de-10fa-4f04-ada1-62bb8b4f96de,prca16,likert5,4,2,True,validated,1
b2bfd5de-10fa-4f04-ada1-62bb8b4f96de,prca17,likert5,1,5,True,validated,1
b2bfd5de-10fa-4f04-ada1-62bb8b4f96de,prca18,likert5,4,4,True,validated,0
031aa68d-8f1c-4544-8972-a500b8b2544d,prca01,likert5,1,1,True,validated,0
031aa68d-8f1c-4544-8972-a500b8b2544d,prca02,likert5,2,4,True,validated,1
031aa68d-8f1c-4544-8972-a500b8b2544d,prca03,likert5,2,2,True,validated,0
031aa68d-8f1c-4544-8972-a500b8b2544d,prca04,likert5,4,2,True,validated,1
031aa68d-8f1c-4544-8972-a500b8b2544d,prca05,likert5,1,1,True,validated,0
031aa68d-8f1c-4544-8972-a500b8b2544d,prca06,likert5,4,2,True,validated,1
031aa68d-8f1c-4544-8972-a500b8b2544d,prca13,likert5,1,1,True,validated,0
031aa68d-8f1c-4544-8972-a500b8b2544d,prca14,likert5,4,2,True,validated,1
031aa68d-8f1c-4544-8972-a500b8b2544d,prca15,likert5,1,1,True,validated,0
031aa68d-8f1c-4544-8972-a500b8b2544d,prca16,likert5,2,4,True,validated,1
031aa68d-8f1c-4544-8972-a500b8b2544d,prca17,likert5,1,5,True,validated,1
031aa68d-8f1c-4544-8972-a500b8b2544d,prca18,likert5,4,4,True,validated,0
eedac1e2-4423-4e99-a17d-460e1c788859,prca01,likert5,2,2,True,validated,0
eedac1e2-4423-4e99-a17d-460e1c788859,prca02,likert5,2,4,True,validated,1
eedac1e2-4423-4e99-a17d-460e1c788859,prca03,likert5,2,2,True,validated,0
eedac1e2-4423-4e99-a17d-460e1c788859,prca04,likert5,1,5,True,validated,1
eedac1e2-4423-4e99-a17d-460e1c788859,prca05,likert5,4,4,True,validated,0
eedac1e2-4423-4e99-a17d-460e1c788859,prca06,likert5,1,5,True,validated,1
eedac1e2-4423-4e99-a17d-460e1c788859,prca13,likert5,4,4,True,validated,0
eedac1e2-4423-4e99-a17d-460e1c788859,prca14,likert5,2,4,True,validated,1
eedac1e2-4423-4e99-a17d-460e1c788859,prca15,likert5,1,1,True,validated,0
eedac1e2-4423-4e99-a17d-460e1c788859,prca16,likert5,4,2,True,validated,1
eedac1e2-4423-4e99-a17d-460e1c788859,prca17,likert5,1,5,True,validated,1
eedac1e2-4423-4e99-a17d-460e1c788859,prca18,likert5,4,4,True,validated,0
24dd71cf-ae10-4b04-9a25-58beccd1496f,prca01,likert5,1,1,True,validated,0
24dd71cf-ae10-4b04-9a25-58beccd1496f,prca02,likert5,1,5,True,validated,1
24dd71cf-ae10-4b04-9a25-58beccd1496f,prca03,likert5,2,2,True,validated,0
24dd71cf-ae10-4b04-9a25-58beccd1496f,prca04,likert5,3,3,True,validated,1
24dd71cf-ae10-4b04-9a25-58beccd1496f,prca05,likert5,4,4,True,validated,0
24dd71cf-ae10-4b04-9a25-58beccd1496f,prca06,likert5,3,3,True,validated,1
24dd71cf-ae10-4b04-9a25-58beccd1496f,prca13,likert5,1,1,True,validated,0
24dd71cf-ae10-4b04-9a25-58beccd1496f,prca14,likert5,4,2,True,validated,1
24dd71cf-ae10-4b04-9a25-58beccd1496f,prca15,likert5,1,1,True,validated,0
24dd71cf-ae10-4b04-9a25-58beccd1496f,prca16,likert5,4,2,True,validated,1
24dd71cf-ae10-4b04-9a25-58beccd1496f,prca17,likert5,1,5,True,validated,1
24dd71cf-ae10-4b04-9a25-58beccd1496f,prca18,likert5,1,1,True,validated,0
33a681a3-11fd-48e3-9dd7-dd4aad0d1832,prca01,likert5,1,1,True,validated,0
33a681a3-11fd-48e3-9dd7-dd4aad0d1832,prca02,likert5,1,5,True,validated,1
33a681a3-11fd-48e3-9dd7-dd4aad0d1832,prca03,likert5,1,1,True,validated,0
33a681a3-11fd-48e3-9dd7-dd4aad0d1832,prca04,likert5,3,3,True,validated,1
33a681a3-11fd-48e3-9dd7-dd4aad0d1832,prca05,likert5,1,1,True,validated,0
33a681a3-11fd-48e3-9dd7-dd4aad0d1832,prca06,likert5,1,5,True,validated,1
33a681a3-11fd-48e3-9dd7-dd4aad0d1832,prca13,likert5,4,4,True,validated,0
33a681a3-11fd-48e3-9dd7-dd4aad0d1832,prca14,likert5,1,5,True,validated,1
33a681a3-11fd-48e3-9dd7-dd4aad0d1832,prca15,likert5,4,4,True,validated,0
33a681a3-11fd-48e3-9dd7-dd4aad0d1832,prca16,likert5,1,5,True,validated,1
33a681a3-11fd-48e3-9dd7-dd4aad0d1832,prca17,likert5,2,4,True,validated,1
33a681a3-11fd-48e3-9dd7-dd4aad0d1832,prca18,likert5,1,1,True,validated,0
8d356f94-738b-4def-b791-adf8f52ff07b,prca01,likert5,4,4,True,validated,0
8d356f94-738b-4def-b791-adf8f52ff07b,prca02,likert5,3,3,True,validated,1
8d356f94-738b-4def-b791-adf8f52ff07b,prca03,likert5,1,1,True,validated,0
8d356f94-738b-4def-b791-adf8f52ff07b,prca04,likert5,3,3,True,validated,1
8d356f94-738b-4def-b791-adf8f52ff07b,prca05,likert5,1,1,True,validated,0
8d356f94-738b-4def-b791-adf8f52ff07b,prca06,likert5,4,2,True,validated,1
8d356f94-738b-4def-b791-adf8f52ff07b,prca13,likert5,1,1,True,validated,0
8d356f94-738b-4def-b791-adf8f52ff07b,prca14,likert5,2,4,True,validated,1
8d356f94-738b-4def-b791-adf8f52ff07b,prca15,likert5,4,4,True,validated,0
8d356f94-738b-4def-b791-adf8f52ff07b,prca16,likert5,2,4,True,validated,1
8d356f94-738b-4def-b791-adf8f52ff07b,prca17,likert5,2,4,True,validated,1
8d356f94-738b-4def-b791-adf8f52ff07b,prca18,likert5,2,2,True,validated,0
7b1552cd-378b-4a76-884d-0ebadeb54714,prca01,likert5,2,2,True,validated,0
7b1552cd-378b-4a76-884d-0ebadeb54714,prca02,likert5,1,5,True,validated,1
7b1552cd-378b-4a76-884d-0ebadeb54714,prca03,likert5,1,1,True,validated,0
7b1552cd-378b-4a76-884d-0ebadeb54714,prca04,likert5,4,2,True,validated,1
7b1552cd-378b-4a76-884d-0ebadeb54714,prca05,likert5,1,1,True,validated,0
7b1552cd-378b-4a76-884d-0ebadeb54714,prca06,likert5,1,5,True,validated,1
7b1552cd-378b-4a76-884d-0ebadeb54714,prca13,likert5,1,1,True,validated,0
7b1552cd-378b-4a76-884d-0ebadeb54714,prca14,likert5,1,5,True,validated,1
7b1552cd-378b-4a76-884d-0ebadeb54714,prca15,likert5,1,1,True,validated,0
7b1552cd-378b-4a76-884d-0ebadeb54714,prca16,likert5,4,2,True,validated,1
7b1552cd-378b-4a76-884d-0ebadeb54714,prca17,likert5,1,5,True,validated,1
7b1552cd-378b-4a76-884d-0ebadeb54714,prca18,likert5,4,4,True,validated,0
cbbc2b17-cf9d-4c89-9d82-f35b0a33a9e7,prca01,likert5,1,1,True,validated,0
cbbc2b17-cf9d-4c89-9d82-f35b0a33a9e7,prca02,likert5,4,2,True,validated,1
cbbc2b17-cf9d-4c89-9d82-f35b0a33a9e7,prca03,likert5,2,2,True,validated,0
cbbc2b17-cf9d-4c89-9d82-f35b0a33a9e7,prca04,likert5,2,4,True,validated,1
cbbc2b17-cf9d-4c89-9d82-f35b0a33a9e7,prca05,likert5,4,4,True,validated,0
cbbc2b17-cf9d-4c89-9d82-f35b0a33a9e7,prca06,likert5,1,5,True,validated,1
cbbc2b17-cf9d-4c89-9d82-f35b0a33a9e7,prca13,likert5,1,1,True,validated,0
cbbc2b17-cf9d-4c89-9d82-f35b0a33a9e7,prca14,likert5,4,2,True,validated,1
cbbc2b17-cf9d-4c89-9d82-f35b0a33a9e7,prca15,likert5,3,3,True,validated,0
cbbc2b17-cf9d-4c89-9d82-f35b0a33a9e7,prca16,likert5,1,5,True,validated,1
cbbc2b17-cf9d-4c89-9d82-f35b0a33a9e7,prca17,likert5,3,3,True,validated,1
cbbc2b17-cf9d-4c89-9d82-f35b0a33a9e7,prca18,likert5,1,1,True,validated,0
da97c1ee-bdf9-4967-9067-075b06539cb5,prca01,likert5,1,1,True,validated,0
da97c1ee-bdf9-4967-9067-075b06539cb5,prca02,likert5,1,5,True,validated,1
da97c1ee-bdf9-4967-9067-075b06539cb5,prca03,likert5,4,4,True,validated,0
da97c1ee-bdf9-4967-9067-075b06539cb5,prca04,likert5,4,2,True,validated,1
da97c1ee-bdf9-4967-9067-075b06539cb5,prca05,likert5,1,1,True,validated,0
da97c1ee-bdf9-4967-9067-075b06539cb5,prca06,likert5,4,2,True,validated,1
da97c1ee-bdf9-4967-9067-075b06539cb5,prca13,likert5,2,2,True,validated,0
da97c1ee-bdf9-4967-9067-075b06539cb5,prca14,likert5,1,5,True,validated,1
da97c1ee-bdf9-4967-9067-075b06539cb5,prca15,likert5,1,1,True,validated,0
da97c1ee-bdf9-4967-9067-075b06539cb5,prca16,likert5,2,4,True,validated,1
da97c1ee-bdf9-4967-9067-075b06539cb5,prca17,likert5,4,2,True,validated,1
da97c1ee-bdf9-4967-9067-075b06539cb5,prca18,likert5,2,2,True,validated,0
b7e4f1c2-098b-4c51-a599-e8db0af54431,prca01,likert5,2,2,True,validated,0
b7e4f1c2-098b-4c51-a599-e8db0af54431,prca02,likert5,1,5,True,validated,1
b7e4f1c2-098b-4c51-a599-e8db0af54431,prca03,likert5,3,3,True,validated,0
b7e4f1c2-098b-4c51-a599-e8db0af54431,prca04,likert5,3,3,True,validated,1
b7e4f1c2-098b-4c51-a599-e8db0af54431,prca05,likert5,1,1,True,validated,0
b7e4f1c2-098b-4c51-a599-e8db0af54431,prca06,likert5,4,2,True,validated,1
b7e4f1c2-098b-4c51-a599-e8db0af54431,prca13,likert5,2,2,True,validated,0
b7e4f1c2-098b-4c51-a599-e8db0af54431,prca14,likert5,3,3,True,validated,1
b7e4f1c2-098b-4c51-a599-e8db0af54431,prca15,likert5,2,2,True,validated,0
b7e4f1c2-098b-4c51-a599-e8db0af54431,prca16,likert5,1,5,True,validated,1
b7e4f1c2-098b-4c51-a599-e8db0af54431,prca17,likert5,2,4,True,validated,1
b7e4f1c2-098b-4c51-a599-e8db0af54431,prca18,likert5,4,4,True,validated,0
912d43e7-9260-4bbb-a4cf-9682551b528d,prca01,likert5,2,2,True,validated,0
912d43e7-9260-4bbb-a4cf-9682551b528d,prca02,likert5,3,3,True,validated,1
912d43e7-9260-4bbb-a4cf-9682551b528d,prca03,likert5,1,1,True,validated,0
912d43e7-9260-4bbb-a4cf-9682551b528d,prca04,likert5,2,4,True,validated,1
912d43e7-9260-4bbb-a4cf-9682551b528d,prca05,likert5,1,1,True,validated,0
912d43e7-9260-4bbb-a4cf-9682551b528d,prca06,likert5,4,2,True,validated,1
912d43e7-9260-4bbb-a4cf-9682551b528d,prca13,likert5,2,2,True,validated,0
912d43e7-9260-4bbb-a4cf-9682551b528d,prca14,likert5,4,2,True,validated,1
912d43e7-9260-4bbb-a4cf-9682551b528d,prca15,likert5,3,3,True,validated,0
912d43e7-9260-4bbb-a4cf-9682551b528d,prca16,likert5,4,2,True,validated,1
912d43e7-9260-4bbb-a4cf-9682551b528d,prca17,likert5,3,3,True,validated,1
912d43e7-9260-4bbb-a4cf-9682551b528d,prca18,likert5,4,4,True,validated,0
70ce1bb1-1c93-4aea-ab41-23d9a22478d0,prca01,likert5,4,4,True,validated,0
70ce1bb1-1c93-4aea-ab41-23d9a22478d0,prca02,likert5,4,2,True,validated,1
70ce1bb1-1c93-4aea-ab41-23d9a22478d0,prca03,likert5,1,1,True,validated,0
70ce1bb1-1c93-4aea-ab41-23d9a22478d0,prca04,likert5,2,4,True,validated,1
70ce1bb1-1c93-4aea-ab41-23d9a22478d0,prca05,likert5,4,4,True,validated,0
70ce1bb1-1c93-4aea-ab41-23d9a22478d0,prca06,likert5,4,2,True,validated,1
70ce1bb1-1c93-4aea-ab41-23d9a22478d0,prca13,likert5,4,4,True,validated,0
70ce1bb1-1c93-4aea-ab41-23d9a22478d0,prca14,likert5,2,4,True,validated,1
70ce1bb1-1c93-4aea-ab41-23d9a22478d0,prca15,likert5,1,1,True,validated,0
70ce1bb1-1c93-4aea-ab41-23d9a22478d0,prca16,likert5,1,5,True,validated,1
70ce1bb1-1c93-4aea-ab41-23d9a22478d0,prca17,likert5,1,5,True,validated,1
70ce1bb1-1c93-4aea-ab41-23d9a22478d0,prca18,likert5,4,4,True,validated,0
8524e708-93a9-4faf-9f57-b7d33295ae86,prca01,likert5,1,1,True,validated,0
8524e708-93a9-4faf-9f57-b7d33295ae86,prca02,likert5,1,5,True,validated,1
8524e708-93a9-4faf-9f57-b7d33295ae86,prca03,likert5,1,1,True,validated,0
8524e708-93a9-4faf-9f57-b7d33295ae86,prca04,likert5,1,5,True,validated,1
8524e708-93a9-4faf-9f57-b7d33295ae86,prca05,likert5,4,4,True,validated,0
8524e708-93a9-4faf-9f57-b7d33295ae86,prca06,likert5,2,4,True,validated,1
8524e708-93a9-4faf-9f57-b7d33295ae86,prca13,likert5,1,1,True,validated,0
8524e708-93a9-4faf-9f57-b7d33295ae86,prca14,likert5,1,5,True,validated,1
8524e708-93a9-4faf-9f57-b7d33295ae86,prca15,likert5,2,2,True,validated,0
8524e708-93a9-4faf-9f57-b7d33295ae86,prca16,likert5,1,5,True,validated,1
8524e708-93a9-4faf-9f57-b7d33295ae86,prca17,likert5,1,5,True,validated,1
8524e708-93a9-4faf-9f57-b7d33295ae86,prca18,likert5,4,4,True,validated,0
a42576e2-b2cf-4537-956c-7cce96313371,prca01,likert5,4,4,True,validated,0
a42576e2-b2cf-4537-956c-7cce96313371,prca02,likert5,2,4,True,validated,1
a42576e2-b2cf-4537-956c-7cce96313371,prca03,likert5,1,1,True,validated,0
a42576e2-b2cf-4537-956c-7cce96313371,prca04,likert5,4,2,True,validated,1
a42576e2-b2cf-4537-956c-7cce96313371,prca05,likert5,4,4,True,validated,0
a42576e2-b2cf-4537-956c-7cce96313371,prca06,likert5,2,4,True,validated,1
a42576e2-b2cf-4537-956c-7cce96313371,prca13,likert5,1,1,True,validated,0
a42576e2-b2cf-4537-956c-7cce96313371,prca14,likert5,2,4,True,validated,1
a42576e2-b2cf-4537-956c-7cce96313371,prca15,likert5,1,1,True,validated,0
a42576e2-b2cf-4537-956c-7cce96313371,prca16,likert5,2,4,True,validated,1
a42576e2-b2cf-4537-956c-7cce96313371,prca17,likert5,4,2,True,validated,1
a42576e2-b2cf-4537-956c-7cce96313371,prca18,likert5,1,1,True,validated,0
b711a835-f9b3-4043-b4ce-1e0bdc2f65d5,prca01,likert5,2,2,True,validated,0
b711a835-f9b3-4043-b4ce-1e0bdc2f65d5,prca02,likert5,4,2,True,validated,1
b711a835-f9b3-4043-b4ce-1e0bdc2f65d5,prca03,likert5,4,4,True,validated,0
b711a835-f9b3-4043-b4ce-1e0bdc2f65d5,prca04,likert5,1,5,True,validated,1
b711a835-f9b3-4043-b4ce-1e0bdc2f65d5,prca05,likert5,1,1,True,validated,0
b711a835-f9b3-4043-b4ce-1e0bdc2f65d5,prca06,likert5,1,5,True,validated,1
b711a835-f9b3-4043-b4ce-1e0bdc2f65d5,prca13,likert5,4,4,True,validated,0
b711a835-f9b3-4043-b4ce-1e0bdc2f65d5,prca14,likert5,4,2,True,validated,1
b711a835-f9b3-4043-b4ce-1e0bdc2f65d5,prca15,likert5,4,4,True,validated,0
b711a835-f9b3-4043-b4ce-1e0bdc2f65d5,prca16,likert5,4,2,True,validated,1
b711a835-f9b3-4043-b4ce-1e0bdc2f65d5,prca17,likert5,1,5,True,validated,1
b711a835-f9b3-4043-b4ce-1e0bdc2f65d5,prca18,likert5,1,1,True,validated,0
673c0445-034a-4593-a389-48b0d5f3411f,prca01,likert5,4,4,True,validated,0
673c0445-034a-4593-a389-48b0d5f3411f,prca02,likert5,3,3,True,validated,1
673c0445-034a-4593-a389-48b0d5f3411f,prca03,likert5,4,4,True,validated,0
673c0445-034a-4593-a389-48b0d5f3411f,prca04,likert5,2,4,True,validated,1
673c0445-034a-4593-a389-48b0d5f3411f,prca05,likert5,1,1,True,validated,0
673c0445-034a-4593-a389-48b0d5f3411f,prca06,likert5,1,5,True,validated,1
673c0445-034a-4593-a389-48b0d5f3411f,prca13,likert5,4,4,True,validated,0
673c0445-034a-4593-a389-48b0d5f3411f,prca14,likert5,4,2,True,validated,1
673c0445-034a-4593-a389-48b0d5f3411f,prca15,likert5,4,4,True,validated,0
673c0445-034a-4593-a389-48b0d5f3411f,prca16,likert5,1,5,True,validated,1
673c0445-034a-4593-a389-48b0d5f3411f,prca17,likert5,2,4,True,validated,1
673c0445-034a-4593-a389-48b0d5f3411f,prca18,likert5,4,4,True,validated,0
2f1f3381-9cb0-48b5-85fa-a152abccb89a,prca01,likert5,1,1,True,validated,0
2f1f3381-9cb0-48b5-85fa-a152abccb89a,prca02,likert5,2,4,True,validated,1
2f1f3381-9cb0-48b5-85fa-a152abccb89a,prca03,likert5,1,1,True,validated,0
2f1f3381-9cb0-48b5-85fa-a152abccb89a,prca04,likert5,4,2,True,validated,1
2f1f3381-9cb0-48b5-85fa-a152abccb89a,prca05,likert5,1,1,True,validated,0
2f1f3381-9cb0-48b5-85fa-a152abccb89a,prca06,likert5,2,4,True,validated,1
2f1f3381-9cb0-48b5-85fa-a152abccb89a,prca13,likert5,1,1,True,validated,0
2f1f3381-9cb0-48b5-85fa-a152abccb89a,prca14,likert5,1,5,True,validated,1
2f1f3381-9cb0-48b5-85fa-a152abccb89a,prca15,likert5,4,4,True,validated,0
2f1f3381-9cb0-48b5-85fa-a152abccb89a,prca16,likert5,1,5,True,validated,1
2f1f3381-9cb0-48b5-85fa-a152abccb89a,prca17,likert5,1,5,True,validated,1
2f1f3381-9cb0-48b5-85fa-a152abccb89a,prca18,likert5,4,4,True,validated,0
07ecba55-4435-43c5-bbaf-2ad6151371b9,prca01,likert5,1,1,True,validated,0
07ecba55-4435-43c5-bbaf-2ad6151371b9,prca02,likert5,4,2,True,validated,1
07ecba55-4435-43c5-bbaf-2ad6151371b9,prca03,likert5,1,1,True,validated,0
07ecba55-4435-43c5-bbaf-2ad6151371b9,prca04,likert5,1,5,True,validated,1
07ecba55-4435-43c5-bbaf-2ad6151371b9,prca05,likert5,2,2,True,validated,0
07ecba55-4435-43c5-bbaf-2ad6151371b9,prca06,likert5,1,5,True,validated,1
07ecba55-4435-43c5-bbaf-2ad6151371b9,prca13,likert5,4,4,True,validated,0
07ecba55-4435-43c5-bbaf-2ad6151371b9,prca14,likert5,4,2,True,validated,1
07ecba55-4435-43c5-bbaf-2ad6151371b9,prca15,likert5,1,1,True,validated,0
07ecba55-4435-43c5-bbaf-2ad6151371b9,prca16,likert5,2,4,True,validated,1
07ecba55-4435-43c5-bbaf-2ad6151371b9,prca17,likert5,1,5,True,validated,1
07ecba55-4435-43c5-bbaf-2ad6151371b9,prca18,likert5,1,1,True,validated,0
32f7d5fa-b125-40b6-b15b-fb02c2df470f,prca01,likert5,4,4,True,validated,0
32f7d5fa-b125-40b6-b15b-fb02c2df470f,prca02,likert5,2,4,True,validated,1
32f7d5fa-b125-40b6-b15b-fb02c2df470f,prca03,likert5,4,4,True,validated,0
32f7d5fa-b125-40b6-b15b-fb02c2df470f,prca04,likert5,1,5,True,validated,1
32f7d5fa-b125-40b6-b15b-fb02c2df470f,prca05,likert5,1,1,True,validated,0
32f7d5fa-b125-40b6-b15b-fb02c2df470f,prca06,likert5,1,5,True,validated,1
32f7d5fa-b125-40b6-b15b-fb02c2df470f,prca13,likert5,1,1,True,validated,0
32f7d5fa-b125-40b6-b15b-fb02c2df470f,prca14,likert5,4,2,True,validated,1
32f7d5fa-b125-40b6-b15b-fb02c2df470f,prca15,likert5,1,1,True,validated,0
32f7d5fa-b125-40b6-b15b-fb02c2df470f,prca16,likert5,2,4,True,validated,1
32f7d5fa-b125-40b6-b15b-fb02c2df470f,prca17,likert5,1,5,True,validated,1
32f7d5fa-b125-40b6-b15b-fb02c2df470f,prca18,likert5,4,4,True,validated,0
c6e28695-b4f4-4d58-ac5e-1696cc9f6198,prca01,likert5,1,1,True,validated,0
c6e28695-b4f4-4d58-ac5e-1696cc9f6198,prca02,likert5,1,5,True,validated,1
c6e28695-b4f4-4d58-ac5e-1696cc9f6198,prca03,likert5,1,1,True,validated,0
c6e28695-b4f4-4d58-ac5e-1696cc9f6198,prca04,likert5,1,5,True,validated,1
c6e28695-b4f4-4d58-ac5e-1696cc9f6198,prca05,likert5,1,1,True,validated,0
c6e28695-b4f4-4d58-ac5e-1696cc9f6198,prca06,likert5,1,5,True,validated,1
c6e28695-b4f4-4d58-ac5e-1696cc9f6198,prca13,likert5,2,2,True,validated,0
c6e28695-b4f4-4d58-ac5e-1696cc9f6198,prca14,likert5,2,4,True,validated,1
c6e28695-b4f4-4d58-ac5e-1696cc9f6198,prca15,likert5,4,4,True,validated,0
c6e28695-b4f4-4d58-ac5e-1696cc9f6198,prca16,likert5,1,5,True,validated,1
c6e28695-b4f4-4d58-ac5e-1696cc9f6198,prca17,likert5,4,2,True,validated,1
c6e28695-b4f4-4d58-ac5e-1696cc9f6198,prca18,likert5,4,4,True,validated,0
821561ab-9664-4264-806d-ed6f108e5e37,prca01,likert5,4,4,True,validated,0
821561ab-9664-4264-806d-ed6f108e5e37,prca02,likert5,2,4,True,validated,1
821561ab-9664-4264-806d-ed6f108e5e37,prca03,likert5,2,2,True,validated,0
821561ab-9664-4264-806d-ed6f108e5e37,prca04,likert5,4,2,True,validated,1
821561ab-9664-4264-806d-ed6f108e5e37,prca05,likert5,4,4,True,validated,0
821561ab-9664-4264-806d-ed6f108e5e37,prca06,likert5,4,2,True,validated,1
821561ab-9664-4264-806d-ed6f108e5e37,prca13,likert5,4,4,True,validated,0
821561ab-9664-4264-806d-ed6f108e5e37,prca14,likert5,1,5,True,validated,1
821561ab-9664-4264-806d-ed6f108e5e37,prca15,likert5,3,3,True,validated,0
821561ab-9664-4264-806d-ed6f108e5e37,prca16,likert5,2,4,True,validated,1
821561ab-9664-4264-806d-ed6f108e5e37,prca17,likert5,3,3,True,validated,1
821561ab-9664-4264-806d-ed6f108e5e37,prca18,likert5,1,1,True,validated,0
7b2b456e-d614-4d8f-87ea-c74860db531c,prca01,likert5,4,4,True,validated,0
7b2b456e-d614-4d8f-87ea-c74860db531c,prca02,likert5,2,4,True,validated,1
7b2b456e-d614-4d8f-87ea-c74860db531c,prca03,likert5,2,2,True,validated,0
7b2b456e-d614-4d8f-87ea-c74860db531c,prca04,likert5,3,3,True,validated,1
7b2b456e-d614-4d8f-87ea-c74860db531c,prca05,likert5,1,1,True,validated,0
7b2b456e-d614-4d8f-87ea-c74860db531c,prca06,likert5,1,5,True,validated,1
7b2b456e-d614-4d8f-87ea-c74860db531c,prca13,likert5,2,2,True,validated,0
7b2b456e-d614-4d8f-87ea-c74860db531c,prca14,likert5,4,2,True,validated,1
7b2b456e-d614-4d8f-87ea-c74860db531c,prca15,likert5,2,2,True,validated,0
7b2b456e-d614-4d8f-87ea-c74860db531c,prca16,likert5,1,5,True,validated,1
7b2b456e-d614-4d8f-87ea-c74860db531c,prca17,likert5,2,4,True,validated,1
7b2b456e-d614-4d8f-87ea-c74860db531c,prca18,likert5,1,1,True,validated,0
a6f24855-e503-4612-91ed-fda26b328424,prca01,likert5,4,4,True,validated,0
a6f24855-e503-4612-91ed-fda26b328424,prca02,likert5,4,2,True,validated,1
a6f24855-e503-4612-91ed-fda26b328424,prca03,likert5,1,1,True,validated,0
a6f24855-e503-4612-91ed-fda26b328424,prca04,likert5,3,3,True,validated,1
a6f24855-e503-4612-91ed-fda26b328424,prca05,likert5,1,1,True,validated,0
a6f24855-e503-4612-91ed-fda26b328424,prca06,likert5,1,5,True,validated,1
a6f24855-e503-4612-91ed-fda26b328424,prca13,likert5,2,2,True,validated,0
a6f24855-e503-4612-91ed-fda26b328424,prca14,likert5,4,2,True,validated,1
a6f24855-e503-4612-91ed-fda26b328424,prca15,likert5,1,1,True,validated,0
a6f24855-e503-4612-91ed-fda26b328424,prca16,likert5,1,5,True,validated,1
a6f24855-e503-4612-91ed-fda26b328424,prca17,likert5,2,4,True,validated,1
a6f24855-e503-4612-91ed-fda26b328424,prca18,likert5,1,1,True,validated,0
69d270d2-9159-41b3-90c5-7b2209474f3a,prca01,likert5,3,3,True,validated,0
69d270d2-9159-41b3-90c5-7b2209474f3a,prca02,likert5,1,5,True,validated,1
69d270d2-9159-41b3-90c5-7b2209474f3a,prca03,likert5,1,1,True,validated,0
69d270d2-9159-41b3-90c5-7b2209474f3a,prca04,likert5,2,4,True,validated,1
69d270d2-9159-41b3-90c5-7b2209474f3a,prca05,likert5,1,1,True,validated,0
69d270d2-9159-41b3-90c5-7b2209474f3a,prca06,likert5,2,4,True,validated,1
69d270d2-9159-41b3-90c5-7b2209474f3a,prca13,likert5,1,1,True,validated,0
69d270d2-9159-41b3-90c5-7b2209474f3a,prca14,likert5,1,5,True,validated,1
69d270d2-9159-41b3-90c5-7b2209474f3a,prca15,likert5,4,4,True,validated,0
69d270d2-9159-41b3-90c5-7b2209474f3a,prca16,likert5,1,5,True,validated,1
69d270d2-9159-41b3-90c5-7b2209474f3a,prca17,likert5,1,5,True,validated,1
69d270d2-9159-41b3-90c5-7b2209474f3a,prca18,likert5,4,4,True,validated,0
30f05454-e8ac-49cd-bc98-b46b1ae0e47c,prca01,likert5,4,4,True,validated,0
30f05454-e8ac-49cd-bc98-b46b1ae0e47c,prca02,likert5,2,4,True,validated,1
30f05454-e8ac-49cd-bc98-b46b1ae0e47c,prca03,likert5,1,1,True,validated,0
30f05454-e8ac-49cd-bc98-b46b1ae0e47c,prca04,likert5,3,3,True,validated,1
30f05454-e8ac-49cd-bc98-b46b1ae0e47c,prca05,likert5,1,1,True,validated,0
30f05454-e8ac-49cd-bc98-b46b1ae0e47c,prca06,likert5,1,5,True,validated,1
30f05454-e8ac-49cd-bc98-b46b1ae0e47c,prca13,likert5,1,1,True,validated,0
30f05454-e8ac-49cd-bc98-b46b1ae0e47c,prca14,likert5,3,3,True,validated,1
30f05454-e8ac-49cd-bc98-b46b1ae0e47c,prca15,likert5,1,1,True,validated,0
30f05454-e8ac-49cd-bc98-b46b1ae0e47c,prca16,likert5,1,5,True,validated,1
30f05454-e8ac-49cd-bc98-b46b1ae0e47c,prca17,likert5,1,5,True,validated,1
30f05454-e8ac-49cd-bc98-b46b1ae0e47c,prca18,likert5,1,1,True,validated,0
4fe89b21-bc00-47f4-9f4a-4190a85d0170,prca01,likert5,1,1,True,validated,0
4fe89b21-bc00-47f4-9f4a-4190a85d0170,prca02,likert5,1,5,True,validated,1
4fe89b21-bc00-47f4-9f4a-4190a85d0170,prca03,likert5,1,1,True,validated,0
4fe89b21-bc00-47f4-9f4a-4190a85d0170,prca04,likert5,1,5,True,validated,1
4fe89b21-bc00-47f4-9f4a-4190a85d0170,prca05,likert5,1,1,True,validated,0
4fe89b21-bc00-47f4-9f4a-4190a85d0170,prca06,likert5,1,5,True,validated,1
4fe89b21-bc00-47f4-9f4a-4190a85d0170,prca13,likert5,2,2,True,validated,0
4fe89b21-bc00-47f4-9f4a-4190a85d0170,prca14,likert5,1,5,True,validated,1
4fe89b21-bc00-47f4-9f4a-4190a85d0170,prca15,likert5,4,4,True,validated,0
4fe89b21-bc00-47f4-9f4a-4190a85d0170,prca16,likert5,1,5,True,validated,1
4fe89b21-bc00-47f4-9f4a-4190a85d0170,prca17,likert5,1,5,True,validated,1
4fe89b21-bc00-47f4-9f4a-4190a85d0170,prca18,likert5,4,4,True,validated,0
14cb3bc1-e47a-4a55-b92e-c354abd51fdf,prca01,likert5,4,4,True,validated,0
14cb3bc1-e47a-4a55-b92e-c354abd51fdf,prca02,likert5,4,2,True,validated,1
14cb3bc1-e47a-4a55-b92e-c354abd51fdf,prca03,likert5,1,1,True,validated,0
14cb3bc1-e47a-4a55-b92e-c354abd51fdf,prca04,likert5,1,5,True,validated,1
14cb3bc1-e47a-4a55-b92e-c354abd51fdf,prca05,likert5,4,4,True,validated,0
14cb3bc1-e47a-4a55-b92e-c354abd51fdf,prca06,likert5,1,5,True,validated,1
14cb3bc1-e47a-4a55-b92e-c354abd51fdf,prca13,likert5,4,4,True,validated,0
14cb3bc1-e47a-4a55-b92e-c354abd51fdf,prca14,likert5,1,5,True,validated,1
14cb3bc1-e47a-4a55-b92e-c354abd51fdf,prca15,likert5,1,1,True,validated,0
14cb3bc1-e47a-4a55-b92e-c354abd51fdf,prca16,likert5,1,5,True,validated,1
14cb3bc1-e47a-4a55-b92e-c354abd51fdf,prca17,likert5,1,5,True,validated,1
14cb3bc1-e47a-4a55-b92e-c354abd51fdf,prca18,likert5,4,4,True,validated,0
a3d9e398-f6ba-43db-b78e-4436a5778539,prca01,likert5,1,1,True,validated,0
a3d9e398-f6ba-43db-b78e-4436a5778539,prca02,likert5,1,5,True,validated,1
a3d9e398-f6ba-43db-b78e-4436a5778539,prca03,likert5,1,1,True,validated,0
a3d9e398-f6ba-43db-b78e-4436a5778539,prca04,likert5,4,2,True,validated,1
a3d9e398-f6ba-43db-b78e-4436a5778539,prca05,likert5,1,1,True,validated,0
a3d9e398-f6ba-43db-b78e-4436a5778539,prca06,likert5,4,2,True,validated,1
a3d9e398-f6ba-43db-b78e-4436a5778539,prca13,likert5,4,4,True,validated,0
a3d9e398-f6ba-43db-b78e-4436a5778539,prca14,likert5,4,2,True,validated,1
a3d9e398-f6ba-43db-b78e-4436a5778539,prca15,likert5,1,1,True,validated,0
a3d9e398-f6ba-43db-b78e-4436a5778539,prca16,likert5,4,2,True,validated,1
a3d9e398-f6ba-43db-b78e-4436a5778539,prca17,likert5,1,5,True,validated,1
a3d9e398-f6ba-43db-b78e-4436a5778539,prca18,likert5,1,1,True,validated,0
ec1cb9d7-a37b-4ae5-8377-7766624a38b2,prca01,likert5,1,1,True,validated,0
ec1cb9d7-a37b-4ae5-8377-7766624a38b2,prca02,likert5,1,5,True,validated,1
ec1cb9d7-a37b-4ae5-8377-7766624a38b2,prca03,likert5,1,1,True,validated,0
ec1cb9d7-a37b-4ae5-8377-7766624a38b2,prca04,likert5,1,5,True,validated,1
ec1cb9d7-a37b-4ae5-8377-7766624a38b2,prca05,likert5,1,1,True,validated,0
ec1cb9d7-a37b-4ae5-8377-7766624a38b2,prca06,likert5,1,5,True,validated,1
ec1cb9d7-a37b-4ae5-8377-7766624a38b2,prca13,likert5,1,1,True,validated,0
ec1cb9d7-a37b-4ae5-8377-7766624a38b2,prca14,likert5,1,5,True,validated,1
ec1cb9d7-a37b-4ae5-8377-7766624a38b2,prca15,likert5,1,1,True,validated,0
ec1cb9d7-a37b-4ae5-8377-7766624a38b2,prca16,likert5,4,2,True,validated,1
ec1cb9d7-a37b-4ae5-8377-7766624a38b2,prca17,likert5,2,4,True,validated,1
ec1cb9d7-a37b-4ae5-8377-7766624a38b2,prca18,likert5,1,1,True,validated,0
511d4602-b4ee-4ed2-8eb0-2c1aac38d811,prca01,likert5,4,4,True,validated,0
511d4602-b4ee-4ed2-8eb0-2c1aac38d811,prca02,likert5,1,5,True,validated,1
511d4602-b4ee-4ed2-8eb0-2c1aac38d811,prca03,likert5,1,1,True,validated,0
511d4602-b4ee-4ed2-8eb0-2c1aac38d811,prca04,likert5,3,3,True,validated,1
511d4602-b4ee-4ed2-8eb0-2c1aac38d811,prca05,likert5,1,1,True,validated,0
511d4602-b4ee-4ed2-8eb0-2c1aac38d811,prca06,likert5,1,5,True,validated,1
511d4602-b4ee-4ed2-8eb0-2c1aac38d811,prca13,likert5,1,1,True,validated,0
511d4602-b4ee-4ed2-8eb0-2c1aac38d811,prca14,likert5,2,4,True,validated,1
511d4602-b4ee-4ed2-8eb0-2c1aac38d811,prca15,likert5,4,4,True,validated,0
511d4602-b4ee-4ed2-8eb0-2c1aac38d811,prca16,likert5,1,5,True,validated,1
511d4602-b4ee-4ed2-8eb0-2c1aac38d811,prca17,likert5,1,5,True,validated,1
511d4602-b4ee-4ed2-8eb0-2c1aac38d811,prca18,likert5,4,4,True,validated,0
5bb9c88f-485c-445c-b04d-6591f0a83925,prca01,likert5,1,1,True,validated,0
5bb9c88f-485c-445c-b04d-6591f0a83925,prca02,likert5,1,5,True,validated,1
5bb9c88f-485c-445c-b04d-6591f0a83925,prca03,likert5,1,1,True,validated,0
5bb9c88f-485c-445c-b04d-6591f0a83925,prca04,likert5,4,2,True,validated,1
5bb9c88f-485c-445c-b04d-6591f0a83925,prca05,likert5,4,4,True,validated,0
5bb9c88f-485c-445c-b04d-6591f0a83925,prca06,likert5,1,5,True,validated,1
5bb9c88f-485c-445c-b04d-6591f0a83925,prca13,likert5,1,1,True,validated,0
5bb9c88f-485c-445c-b04d-6591f0a83925,prca14,likert5,4,2,True,validated,1
5bb9c88f-485c-445c-b04d-6591f0a83925,prca15,likert5,1,1,True,validated,0
5bb9c88f-485c-445c-b04d-6591f0a83925,prca16,likert5,4,2,True,validated,1
5bb9c88f-485c-445c-b04d-6591f0a83925,prca17,likert5,2,4,True,validated,1
5bb9c88f-485c-445c-b04d-6591f0a83925,prca18,likert5,1,1,True,validated,0
7f55e160-93a9-4143-b6b7-77b059525fbc,prca01,likert5,1,1,True,validated,0
7f55e160-93a9-4143-b6b7-77b059525fbc,prca02,likert5,1,5,True,validated,1
7f55e160-93a9-4143-b6b7-77b059525fbc,prca03,likert5,1,1,True,validated,0
7f55e160-93a9-4143-b6b7-77b059525fbc,prca04,likert5,2,4,True,validated,1
7f55e160-93a9-4143-b6b7-77b059525fbc,prca05,likert5,4,4,True,validated,0
7f55e160-93a9-4143-b6b7-77b059525fbc,prca06,likert5,2,4,True,validated,1
7f55e160-93a9-4143-b6b7-77b059525fbc,prca13,likert5,1,1,True,validated,0
7f55e160-93a9-4143-b6b7-77b059525fbc,prca14,likert5,1,5,True,validated,1
7f55e160-93a9-4143-b6b7-77b059525fbc,prca15,likert5,1,1,True,validated,0
7f55e160-93a9-4143-b6b7-77b059525fbc,prca16,likert5,1,5,True,validated,1
7f55e160-93a9-4143-b6b7-77b059525fbc,prca17,likert5,2,4,True,validated,1
7f55e160-93a9-4143-b6b7-77b059525fbc,prca18,likert5,2,2,True,validated,0
02232736-2bc3-4c20-a975-7181c8725554,prca01,likert5,4,4,True,validated,0
02232736-2bc3-4c20-a975-7181c8725554,prca02,likert5,4,2,True,validated,1
02232736-2bc3-4c20-a975-7181c8725554,prca03,likert5,4,4,True,validated,0
02232736-2bc3-4c20-a975-7181c8725554,prca04,likert5,1,5,True,validated,1
02232736-2bc3-4c20-a975-7181c8725554,prca05,likert5,4,4,True,validated,0
02232736-2bc3-4c20-a975-7181c8725554,prca06,likert5,1,5,True,validated,1
02232736-2bc3-4c20-a975-7181c8725554,prca13,likert5,2,2,True,validated,0
02232736-2bc3-4c20-a975-7181c8725554,prca14,likert5,2,4,True,validated,1
02232736-2bc3-4c20-a975-7181c8725554,prca15,likert5,2,2,True,validated,0
02232736-2bc3-4c20-a975-7181c8725554,prca16,likert5,2,4,True,validated,1
02232736-2bc3-4c20-a975-7181c8725554,prca17,likert5,2,4,True,validated,1
02232736-2bc3-4c20-a975-7181c8725554,prca18,likert5,1,1,True,validated,0
e3f4900f-8c39-468d-8b56-4cc01d10e1ae,prca01,likert5,4,4,True,validated,0
e3f4900f-8c39-468d-8b56-4cc01d10e1ae,prca02,likert5,2,4,True,validated,1
e3f4900f-8c39-468d-8b56-4cc01d10e1ae,prca03,likert5,1,1,True,validated,0
e3f4900f-8c39-468d-8b56-4cc01d10e1ae,prca04,likert5,3,3,True,validated,1
e3f4900f-8c39-468d-8b56-4cc01d10e1ae,prca05,likert5,4,4,True,validated,0
e3f4900f-8c39-468d-8b56-4cc01d10e1ae,prca06,likert5,4,2,True,validated,1
e3f4900f-8c39-468d-8b56-4cc01d10e1ae,prca13,likert5,1,1,True,validated,0
e3f4900f-8c39-468d-8b56-4cc01d10e1ae,prca14,likert5,1,5,True,validated,1
e3f4900f-8c39-468d-8b56-4cc01d10e1ae,prca15,likert5,2,2,True,validated,0
e3f4900f-8c39-468d-8b56-4cc01d10e1ae,prca16,likert5,1,5,True,validated,1
e3f4900f-8c39-468d-8b56-4cc01d10e1ae,prca17,likert5,1,5,True,validated,1
e3f4900f-8c39-468d-8b56-4cc01d10e1ae,prca18,likert5,4,4,True,validated,0
01796ede-8564-4ba9-8771-de674a1666f7,prca01,likert5,1,1,True,validated,0
01796ede-8564-4ba9-8771-de674a1666f7,prca02,likert5,3,3,True,validated,1
01796ede-8564-4ba9-8771-de674a1666f7,prca03,likert5,1,1,True,validated,0
01796ede-8564-4ba9-8771-de674a1666f7,prca04,likert5,1,5,True,validated,1
01796ede-8564-4ba9-8771-de674a1666f7,prca05,likert5,1,1,True,validated,0
01796ede-8564-4ba9-8771-de674a1666f7,prca06,likert5,1,5,True,validated,1
01796ede-8564-4ba9-8771-de674a1666f7,prca13,likert5,2,2,True,validated,0
01796ede-8564-4ba9-8771-de674a1666f7,prca14,likert5,4,2,True,validated,1
01796ede-8564-4ba9-8771-de674a1666f7,prca15,likert5,1,1,True,validated,0
01796ede-8564-4ba9-8771-de674a1666f7,prca16,likert5,1,5,True,validated,1
01796ede-8564-4ba9-8771-de674a1666f7,prca17,likert5,2,4,True,validated,1
01796ede-8564-4ba9-8771-de674a1666f7,prca18,likert5,1,1,True,validated,0
cdf01511-15da-4db6-8ee8-a5908cb4704d,prca01,likert5,2,2,True,validated,0
cdf01511-15da-4db6-8ee8-a5908cb4704d,prca02,likert5,3,3,True,validated,1
cdf01511-15da-4db6-8ee8-a5908cb4704d,prca03,likert5,1,1,True,validated,0
cdf01511-15da-4db6-8ee8-a5908cb4704d,prca04,likert5,2,4,True,validated,1
cdf01511-15da-4db6-8ee8-a5908cb4704d,prca05,likert5,1,1,True,validated,0
cdf01511-15da-4db6-8ee8-a5908cb4704d,prca06,likert5,4,2,True,validated,1
cdf01511-15da-4db6-8ee8-a5908cb4704d,prca13,likert5,4,4,True,validated,0
cdf01511-15da-4db6-8ee8-a5908cb4704d,prca14,likert5,1,5,True,validated,1
cdf01511-15da-4db6-8ee8-a5908cb4704d,prca15,likert5,1,1,True,validated,0
cdf01511-15da-4db6-8ee8-a5908cb4704d,prca16,likert5,1,5,True,validated,1
cdf01511-15da-4db6-8ee8-a5908cb4704d,prca17,likert5,3,3,True,validated,1
cdf01511-15da-4db6-8ee8-a5908cb4704d,prca18,likert5,1,1,True,validated,0
695b8e75-b6d1-4743-aaac-be2425d6324f,prca01,likert5,1,1,True,validated,0
695b8e75-b6d1-4743-aaac-be2425d6324f,prca02,likert5,3,3,True,validated,1
695b8e75-b6d1-4743-aaac-be2425d6324f,prca03,likert5,2,2,True,validated,0
695b8e75-b6d1-4743-aaac-be2425d6324f,prca04,likert5,3,3,True,validated,1
695b8e75-b6d1-4743-aaac-be2425d6324f,prca05,likert5,2,2,True,validated,0
695b8e75-b6d1-4743-aaac-be2425d6324f,prca06,likert5,1,5,True,validated,1
695b8e75-b6d1-4743-aaac-be2425d6324f,prca13,likert5,1,1,True,validated,0
695b8e75-b6d1-4743-aaac-be2425d6324f,prca14,likert5,1,5,True,validated,1
695b8e75-b6d1-4743-aaac-be2425d6324f,prca15,likert5,2,2,True,validated,0
695b8e75-b6d1-4743-aaac-be2425d6324f,prca16,likert5,2,4,True,validated,1
695b8e75-b6d1-4743-aaac-be2425d6324f,prca17,likert5,2,4,True,validated,1
695b8e75-b6d1-4743-aaac-be2425d6324f,prca18,likert5,2,2,True,validated,0
b0bfbfa5-74ec-4574-a05d-00e2bb2bbc4b,prca01,likert5,4,4,True,validated,0
b0bfbfa5-74ec-4574-a05d-00e2bb2bbc4b,prca02,likert5,4,2,True,validated,1
b0bfbfa5-74ec-4574-a05d-00e2bb2bbc4b,prca03,likert5,2,2,True,validated,0
b0bfbfa5-74ec-4574-a05d-00e2bb2bbc4b,prca04,likert5,1,5,True,validated,1
b0bfbfa5-74ec-4574-a05d-00e2bb2bbc4b,prca05,likert5,1,1,True,validated,0
b0bfbfa5-74ec-4574-a05d-00e2bb2bbc4b,prca06,likert5,4,2,True,validated,1
b0bfbfa5-74ec-4574-a05d-00e2bb2bbc4b,prca13,likert5,1,1,True,validated,0
b0bfbfa5-74ec-4574-a05d-00e2bb2bbc4b,prca14,likert5,1,5,True,validated,1
b0bfbfa5-74ec-4574-a05d-00e2bb2bbc4b,prca15,likert5,2,2,True,validated,0
b0bfbfa5-74ec-4574-a05d-00e2bb2bbc4b,prca16,likert5,1,5,True,validated,1
b0bfbfa5-74ec-4574-a05d-00e2bb2bbc4b,prca17,likert5,1,5,True,validated,1
b0bfbfa5-74ec-4574-a05d-00e2bb2bbc4b,prca18,likert5,1,1,True,validated,0
2dbeba4b-e7ad-45fb-a8a4-5a56546e207f,prca01,likert5,4,4,True,validated,0
2dbeba4b-e7ad-45fb-a8a4-5a56546e207f,prca02,likert5,1,5,True,validated,1
2dbeba4b-e7ad-45fb-a8a4-5a56546e207f,prca03,likert5,4,4,True,validated,0
2dbeba4b-e7ad-45fb-a8a4-5a56546e207f,prca04,likert5,1,5,True,validated,1
2dbeba4b-e7ad-45fb-a8a4-5a56546e207f,prca05,likert5,4,4,True,validated,0
2dbeba4b-e7ad-45fb-a8a4-5a56546e207f,prca06,likert5,1,5,True,validated,1
2dbeba4b-e7ad-45fb-a8a4-5a56546e207f,prca13,likert5,2,2,True,validated,0
2dbeba4b-e7ad-45fb-a8a4-5a56546e207f,prca14,likert5,1,5,True,validated,1
2dbeba4b-e7ad-45fb-a8a4-5a56546e207f,prca15,likert5,1,1,True,validated,0
2dbeba4b-e7ad-45fb-a8a4-5a56546e207f,prca16,likert5,1,5,True,validated,1
2dbeba4b-e7ad-45fb-a8a4-5a56546e207f,prca17,likert5,1,5,True,validated,1
2dbeba4b-e7ad-45fb-a8a4-5a56546e207f,prca18,likert5,1,1,True,validated,0
ee6fe7c0-7ee0-497e-b6ff-133fb1883573,prca01,likert5,1,1,True,validated,0
ee6fe7c0-7ee0-497e-b6ff-133fb1883573,prca02,likert5,4,2,True,validated,1
ee6fe7c0-7ee0-497e-b6ff-133fb1883573,prca03,likert5,4,4,True,validated,0
ee6fe7c0-7ee0-497e-b6ff-133fb1883573,prca04,likert5,4,2,True,validated,1
ee6fe7c0-7ee0-497e-b6ff-133fb1883573,prca05,likert5,4,4,True,validated,0
ee6fe7c0-7ee0-497e-b6ff-133fb1883573,prca06,likert5,2,4,True,validated,1
ee6fe7c0-7ee0-497e-b6ff-133fb1883573,prca13,likert5,1,1,True,validated,0
ee6fe7c0-7ee0-497e-b6ff-133fb1883573,prca14,likert5,1,5,True,validated,1
ee6fe7c0-7ee0-497e-b6ff-133fb1883573,prca15,likert5,1,1,True,validated,0
ee6fe7c0-7ee0-497e-b6ff-133fb1883573,prca16,likert5,2,4,True,validated,1
ee6fe7c0-7ee0-497e-b6ff-133fb1883573,prca17,likert5,1,5,True,validated,1
ee6fe7c0-7ee0-497e-b6ff-133fb1883573,prca18,likert5,4,4,True,validated,0
77a330f9-af12-42f0-b3af-f6d56b5b1d1b,prca01,likert5,2,2,True,validated,0
77a330f9-af12-42f0-b3af-f6d56b5b1d1b,prca02,likert5,4,2,True,validated,1
77a330f9-af12-42f0-b3af-f6d56b5b1d1b,prca03,likert5,1,1,True,validated,0
77a330f9-af12-42f0-b3af-f6d56b5b1d1b,prca04,likert5,3,3,True,validated,1
77a330f9-af12-42f0-b3af-f6d56b5b1d1b,prca05,likert5,1,1,True,validated,0
77a330f9-af12-42f0-b3af-f6d56b5b1d1b,prca06,likert5,2,4,True,validated,1
77a330f9-af12-42f0-b3af-f6d56b5b1d1b,prca13,likert5,1.,1.,False,invalid,0
77a330f9-af12-42f0-b3af-f6d56b5b1d1b,prca14,likert5,4,2,True,validated,1
77a330f9-af12-42f0-b3af-f6d56b5b1d1b,prca15,likert5,4,4,True,validated,0
77a330f9-af12-42f0-b3af-f6d56b5b1d1b,prca16,likert5,2,4,True,validated,1
77a330f9-af12-42f0-b3af-f6d56b5b1d1b,prca17,likert5,4,2,True,validated,1
77a330f9-af12-42f0-b3af-f6d56b5b1d1b,prca18,likert5,1,1,True,validated,0
12b30ec8-d0ef-44c8-9625-a4aaa7be6201,prca01,likert5,4,4,True,validated,0
12b30ec8-d0ef-44c8-9625-a4aaa7be6201,prca02,likert5,1,5,True,validated,1
12b30ec8-d0ef-44c8-9625-a4aaa7be6201,prca03,likert5,4,4,True,validated,0
12b30ec8-d0ef-44c8-9625-a4aaa7be6201,prca04,likert5,2,4,True,validated,1
12b30ec8-d0ef-44c8-9625-a4aaa7be6201,prca05,likert5,1,1,True,validated,0
12b30ec8-d0ef-44c8-9625-a4aaa7be6201,prca06,likert5,1,5,True,validated,1
12b30ec8-d0ef-44c8-9625-a4aaa7be6201,prca13,likert5,4,4,True,validated,0
12b30ec8-d0ef-44c8-9625-a4aaa7be6201,prca14,likert5,2,4,True,validated,1
12b30ec8-d0ef-44c8-9625-a4aaa7be6201,prca15,likert5,1,1,True,validated,0
12b30ec8-d0ef-44c8-9625-a4aaa7be6201,prca16,likert5,1,5,True,validated,1
12b30ec8-d0ef-44c8-9625-a4aaa7be6201,prca17,likert5,2,4,True,validated,1
12b30ec8-d0ef-44c8-9625-a4aaa7be6201,prca18,likert5,4,4,True,validated,0
32446f7b-7693-49d1-99ae-0592daf05687,prca01,likert5,1,1,True,validated,0
32446f7b-7693-49d1-99ae-0592daf05687,prca02,likert5,4,2,True,validated,1
32446f7b-7693-49d1-99ae-0592daf05687,prca03,likert5,1,1,True,validated,0
32446f7b-7693-49d1-99ae-0592daf05687,prca04,likert5,2,4,True,validated,1
32446f7b-7693-49d1-99ae-0592daf05687,prca05,likert5,4,4,True,validated,0
32446f7b-7693-49d1-99ae-0592daf05687,prca06,likert5,2,4,True,validated,1
32446f7b-7693-49d1-99ae-0592daf05687,prca13,likert5,1,1,True,validated,0
32446f7b-7693-49d1-99ae-0592daf05687,prca14,likert5,2,4,True,validated,1
32446f7b-7693-49d1-99ae-0592daf05687,prca15,likert5,1,1,True,validated,0
32446f7b-7693-49d1-99ae-0592daf05687,prca16,likert5,4,2,True,validated,1
32446f7b-7693-49d1-99ae-0592daf05687,prca17,likert5,2,4,True,validated,1
32446f7b-7693-49d1-99ae-0592daf05687,prca18,likert5,2,2,True,validated,0
c171f5a8-4f6d-44b0-b137-7ae8e7082804,prca01,likert5,1,1,True,validated,0
c171f5a8-4f6d-44b0-b137-7ae8e7082804,prca02,likert5,1,5,True,validated,1
c171f5a8-4f6d-44b0-b137-7ae8e7082804,prca03,likert5,1,1,True,validated,0
c171f5a8-4f6d-44b0-b137-7ae8e7082804,prca04,likert5,4,2,True,validated,1
c171f5a8-4f6d-44b0-b137-7ae8e7082804,prca05,likert5,4,4,True,validated,0
c171f5a8-4f6d-44b0-b137-7ae8e7082804,prca06,likert5,3,3,True,validated,1
c171f5a8-4f6d-44b0-b137-7ae8e7082804,prca13,likert5,1,1,True,validated,0
c171f5a8-4f6d-44b0-b137-7ae8e7082804,prca14,likert5,4,2,True,validated,1
c171f5a8-4f6d-44b0-b137-7ae8e7082804,prca15,likert5,1,1,True,validated,0
c171f5a8-4f6d-44b0-b137-7ae8e7082804,prca16,likert5,1,5,True,validated,1
c171f5a8-4f6d-44b0-b137-7ae8e7082804,prca17,likert5,2,4,True,validated,1
c171f5a8-4f6d-44b0-b137-7ae8e7082804,prca18,likert5,1,1,True,validated,0
a46bbb18-1cf2-4f4b-942d-281651bffd4b,prca01,likert5,1,1,True,validated,0
a46bbb18-1cf2-4f4b-942d-281651bffd4b,prca02,likert5,2,4,True,validated,1
a46bbb18-1cf2-4f4b-942d-281651bffd4b,prca03,likert5,4,4,True,validated,0
a46bbb18-1cf2-4f4b-942d-281651bffd4b,prca04,likert5,2,4,True,validated,1
a46bbb18-1cf2-4f4b-942d-281651bffd4b,prca05,likert5,4,4,True,validated,0
a46bbb18-1cf2-4f4b-942d-281651bffd4b,prca06,likert5,2,4,True,validated,1
a46bbb18-1cf2-4f4b-942d-281651bffd4b,prca13,likert5,2,2,True,validated,0
a46bbb18-1cf2-4f4b-942d-281651bffd4b,prca14,likert5,1,5,True,validated,1
a46bbb18-1cf2-4f4b-942d-281651bffd4b,prca15,likert5,2,2,True,validated,0
a46bbb18-1cf2-4f4b-942d-281651bffd4b,prca16,likert5,1,5,True,validated,1
a46bbb18-1cf2-4f4b-942d-281651bffd4b,prca17,likert5,2,4,True,validated,1
a46bbb18-1cf2-4f4b-942d-281651bffd4b,prca18,likert5,1,1,True,validated,0
fe54f528-d3fb-4b3c-a8a5-673c9524ab18,prca01,likert5,2,2,True,validated,0
fe54f528-d3fb-4b3c-a8a5-673c9524ab18,prca02,likert5,4,2,True,validated,1
fe54f528-d3fb-4b3c-a8a5-673c9524ab18,prca03,likert5,1,1,True,validated,0
fe54f528-d3fb-4b3c-a8a5-673c9524ab18,prca04,likert5,4,2,True,validated,1
fe54f528-d3fb-4b3c-a8a5-673c9524ab18,prca05,likert5,1,1,True,validated,0
fe54f528-d3fb-4b3c-a8a5-673c9524ab18,prca06,likert5,2,4,True,validated,1
fe54f528-d3fb-4b3c-a8a5-673c9524ab18,prca13,likert5,1,1,True,validated,0
fe54f528-d3fb-4b3c-a8a5-673c9524ab18,prca14,likert5,4,2,True,validated,1
fe54f528-d3fb-4b3c-a8a5-673c9524ab18,prca15,likert5,1,1,True,validated,0
fe54f528-d3fb-4b3c-a8a5-673c9524ab18,prca16,likert5,1,5,True,validated,1
fe54f528-d3fb-4b3c-a8a5-673c9524ab18,prca17,likert5,4,2,True,validated,1
fe54f528-d3fb-4b3c-a8a5-673c9524ab18,prca18,likert5,1,1,True,validated,0
667c1804-cc45-47e0-b1ac-819af494c544,prca01,likert5,2,2,True,validated,0
667c1804-cc45-47e0-b1ac-819af494c544,prca02,likert5,4,2,True,validated,1
667c1804-cc45-47e0-b1ac-819af494c544,prca03,likert5,1,1,True,validated,0
667c1804-cc45-47e0-b1ac-819af494c544,prca04,likert5,3,3,True,validated,1
667c1804-cc45-47e0-b1ac-819af494c544,prca05,likert5,1,1,True,validated,0
667c1804-cc45-47e0-b1ac-819af494c544,prca06,likert5,4,2,True,validated,1
667c1804-cc45-47e0-b1ac-819af494c544,prca13,likert5,4,4,True,validated,0
667c1804-cc45-47e0-b1ac-819af494c544,prca14,likert5,2,4,True,validated,1
667c1804-cc45-47e0-b1ac-819af494c544,prca15,likert5,2,2,True,validated,0
667c1804-cc45-47e0-b1ac-819af494c544,prca16,likert5,1,5,True,validated,1
667c1804-cc45-47e0-b1ac-819af494c544,prca17,likert5,4,2,True,validated,1
667c1804-cc45-47e0-b1ac-819af494c544,prca18,likert5,1,1,True,validated,0
149a25cb-2b06-4ec6-b3fd-c096656325fd,prca01,likert5,4,4,True,validated,0
149a25cb-2b06-4ec6-b3fd-c096656325fd,prca02,likert5,1,5,True,validated,1
149a25cb-2b06-4ec6-b3fd-c096656325fd,prca03,likert5,1,1,True,validated,0
149a25cb-2b06-4ec6-b3fd-c096656325fd,prca04,likert5,2,4,True,validated,1
149a25cb-2b06-4ec6-b3fd-c096656325fd,prca05,likert5,1,1,True,validated,0
149a25cb-2b06-4ec6-b3fd-c096656325fd,prca06,likert5,2,4,True,validated,1
149a25cb-2b06-4ec6-b3fd-c096656325fd,prca13,likert5,1,1,True,validated,0
149a25cb-2b06-4ec6-b3fd-c096656325fd,prca14,likert5,4,2,True,validated,1
149a25cb-2b06-4ec6-b3fd-c096656325fd,prca15,likert5,2,2,True,validated,0
149a25cb-2b06-4ec6-b3fd-c096656325fd,prca16,likert5,2,4,True,validated,1
149a25cb-2b06-4ec6-b3fd-c096656325fd,prca17,likert5,1,5,True,validated,1
149a25cb-2b06-4ec6-b3fd-c096656325fd,prca18,likert5,4,4,True,validated,0
52e81c2a-4d36-49ee-ac34-33b85a79bf7e,prca01,likert5,1,1,True,validated,0
52e81c2a-4d36-49ee-ac34-33b85a79bf7e,prca02,likert5,1,5,True,validated,1
52e81c2a-4d36-49ee-ac34-33b85a79bf7e,prca03,likert5,4,4,True,validated,0
52e81c2a-4d36-49ee-ac34-33b85a79bf7e,prca04,likert5,4,2,True,validated,1
52e81c2a-4d36-49ee-ac34-33b85a79bf7e,prca05,likert5,1,1,True,validated,0
52e81c2a-4d36-49ee-ac34-33b85a79bf7e,prca06,likert5,1,5,True,validated,1
52e81c2a-4d36-49ee-ac34-33b85a79bf7e,prca13,likert5,1,1,True,validated,0
52e81c2a-4d36-49ee-ac34-33b85a79bf7e,prca14,likert5,3,3,True,validated,1
52e81c2a-4d36-49ee-ac34-33b85a79bf7e,prca15,likert5,1,1,True,validated,0
52e81c2a-4d36-49ee-ac34-33b85a79bf7e,prca16,likert5,2,4,True,validated,1
52e81c2a-4d36-49ee-ac34-33b85a79bf7e,prca17,likert5,4,2,True,validated,1
52e81c2a-4d36-49ee-ac34-33b85a79bf7e,prca18,likert5,2,2,True,validated,0
614e5a1d-8f80-447b-a631-5ad39d35f744,prca01,likert5,4,4,True,validated,0
614e5a1d-8f80-447b-a631-5ad39d35f744,prca02,likert5,2,4,True,validated,1
614e5a1d-8f80-447b-a631-5ad39d35f744,prca03,likert5,1,1,True,validated,0
614e5a1d-8f80-447b-a631-5ad39d35f744,prca04,likert5,4,2,True,validated,1
614e5a1d-8f80-447b-a631-5ad39d35f744,prca05,likert5,1,1,True,validated,0
614e5a1d-8f80-447b-a631-5ad39d35f744,prca06,likert5,4,2,True,validated,1
614e5a1d-8f80-447b-a631-5ad39d35f744,prca13,likert5,1,1,True,validated,0
614e5a1d-8f80-447b-a631-5ad39d35f744,prca14,likert5,4,2,True,validated,1
614e5a1d-8f80-447b-a631-5ad39d35f744,prca15,likert5,2,2,True,validated,0
614e5a1d-8f80-447b-a631-5ad39d35f744,prca16,likert5,3,3,True,validated,1
614e5a1d-8f80-447b-a631-5ad39d35f744,prca17,likert5,3,3,True,validated,1
614e5a1d-8f80-447b-a631-5ad39d35f744,prca18,likert5,4,4,True,validated,0
45630e43-a235-48d0-a71c-ef97d0e80374,prca01,likert5,2,2,True,validated,0
45630e43-a235-48d0-a71c-ef97d0e80374,prca02,likert5,2,4,True,validated,1
45630e43-a235-48d0-a71c-ef97d0e80374,prca03,likert5,1,1,True,validated,0
45630e43-a235-48d0-a71c-ef97d0e80374,prca04,likert5,4,2,True,validated,1
45630e43-a235-48d0-a71c-ef97d0e80374,prca05,likert5,1,1,True,validated,0
45630e43-a235-48d0-a71c-ef97d0e80374,prca06,likert5,4,2,True,validated,1
45630e43-a235-48d0-a71c-ef97d0e80374,prca13,likert5,4,4,True,validated,0
45630e43-a235-48d0-a71c-ef97d0e80374,prca14,likert5,1,5,True,validated,1
45630e43-a235-48d0-a71c-ef97d0e80374,prca15,likert5,1,1,True,validated,0
45630e43-a235-48d0-a71c-ef97d0e80374,prca16,likert5,1,5,True,validated,1
45630e43-a235-48d0-a71c-ef97d0e80374,prca17,likert5,1,5,True,validated,1
45630e43-a235-48d0-a71c-ef97d0e80374,prca18,likert5,1,1,True,validated,0
bded7fc4-cf34-4636-a529-44e44f8abf3a,prca01,likert5,4,4,True,validated,0
bded7fc4-cf34-4636-a529-44e44f8abf3a,prca02,likert5,2,4,True,validated,1
bded7fc4-cf34-4636-a529-44e44f8abf3a,prca03,likert5,1,1,True,validated,0
bded7fc4-cf34-4636-a529-44e44f8abf3a,prca04,likert5,4,2,True,validated,1
bded7fc4-cf34-4636-a529-44e44f8abf3a,prca05,likert5,1,1,True,validated,0
bded7fc4-cf34-4636-a529-44e44f8abf3a,prca06,likert5,2,4,True,validated,1
bded7fc4-cf34-4636-a529-44e44f8abf3a,prca13,likert5,4,4,True,validated,0
bded7fc4-cf34-4636-a529-44e44f8abf3a,prca14,likert5,1,5,True,validated,1
bded7fc4-cf34-4636-a529-44e44f8abf3a,prca15,likert5,4,4,True,validated,0
bded7fc4-cf34-4636-a529-44e44f8abf3a,prca16,likert5,1,5,True,validated,1
bded7fc4-cf34-4636-a529-44e44f8abf3a,prca17,likert5,1,5,True,validated,1
bded7fc4-cf34-4636-a529-44e44f8abf3a,prca18,likert5,1,1,True,validated,0
de8633f2-de60-425f-8746-38347bfa7170,prca01,likert5,1,1,True,validated,0
de8633f2-de60-425f-8746-38347bfa7170,prca02,likert5,1,5,True,validated,1
de8633f2-de60-425f-8746-38347bfa7170,prca03,likert5,4,4,True,validated,0
de8633f2-de60-425f-8746-38347bfa7170,prca04,likert5,2,4,True,validated,1
de8633f2-de60-425f-8746-38347bfa7170,prca05,likert5,1,1,True,validated,0
de8633f2-de60-425f-8746-38347bfa7170,prca06,likert5,2,4,True,validated,1
de8633f2-de60-425f-8746-38347bfa7170,prca13,likert5,2,2,True,validated,0
de8633f2-de60-425f-8746-38347bfa7170,prca14,likert5,3,3,True,validated,1
de8633f2-de60-425f-8746-38347bfa7170,prca15,likert5,1,1,True,validated,0
de8633f2-de60-425f-8746-38347bfa7170,prca16,likert5,2,4,True,validated,1
de8633f2-de60-425f-8746-38347bfa7170,prca17,likert5,4,2,True,validated,1
de8633f2-de60-425f-8746-38347bfa7170,prca18,likert5,1,1,True,validated,0
b58c02ab-9c14-4787-8938-6787ad2bb67e,prca01,likert5,1,1,True,validated,0
b58c02ab-9c14-4787-8938-6787ad2bb67e,prca02,likert5,1,5,True,validated,1
b58c02ab-9c14-4787-8938-6787ad2bb67e,prca03,likert5,1,1,True,validated,0
b58c02ab-9c14-4787-8938-6787ad2bb67e,prca04,likert5,1,5,True,validated,1
b58c02ab-9c14-4787-8938-6787ad2bb67e,prca05,likert5,2,2,True,validated,0
b58c02ab-9c14-4787-8938-6787ad2bb67e,prca06,likert5,2,4,True,validated,1
b58c02ab-9c14-4787-8938-6787ad2bb67e,prca13,likert5,1,1,True,validated,0
b58c02ab-9c14-4787-8938-6787ad2bb67e,prca14,likert5,1,5,True,validated,1
b58c02ab-9c14-4787-8938-6787ad2bb67e,prca15,likert5,1,1,True,validated,0
b58c02ab-9c14-4787-8938-6787ad2bb67e,prca16,likert5,1,5,True,validated,1
b58c02ab-9c14-4787-8938-6787ad2bb67e,prca17,likert5,2,4,True,validated,1
b58c02ab-9c14-4787-8938-6787ad2bb67e,prca18,likert5,1,1,True,validated,0
c38cf962-5fbb-4fc6-8f1e-e04073bb1b16,prca01,likert5,3,3,True,validated,0
c38cf962-5fbb-4fc6-8f1e-e04073bb1b16,prca02,likert5,1,5,True,validated,1
c38cf962-5fbb-4fc6-8f1e-e04073bb1b16,prca03,likert5,1,1,True,validated,0
c38cf962-5fbb-4fc6-8f1e-e04073bb1b16,prca04,likert5,4,2,True,validated,1
c38cf962-5fbb-4fc6-8f1e-e04073bb1b16,prca05,likert5,2,2,True,validated,0
c38cf962-5fbb-4fc6-8f1e-e04073bb1b16,prca06,likert5,4,2,True,validated,1
c38cf962-5fbb-4fc6-8f1e-e04073bb1b16,prca13,likert5,4,4,True,validated,0
c38cf962-5fbb-4fc6-8f1e-e04073bb1b16,prca14,likert5,2,4,True,validated,1
c38cf962-5fbb-4fc6-8f1e-e04073bb1b16,prca15,likert5,4,4,True,validated,0
c38cf962-5fbb-4fc6-8f1e-e04073bb1b16,prca16,likert5,1,5,True,validated,1
c38cf962-5fbb-4fc6-8f1e-e04073bb1b16,prca17,likert5,4,2,True,validated,1
c38cf962-5fbb-4fc6-8f1e-e04073bb1b16,prca18,likert5,4,4,True,validated,0
754a1198-2ffa-4f25-8046-40058c405199,prca01,likert5,4,4,True,validated,0
754a1198-2ffa-4f25-8046-40058c405199,prca02,likert5,1,5,True,validated,1
754a1198-2ffa-4f25-8046-40058c405199,prca03,likert5,1,1,True,validated,0
754a1198-2ffa-4f25-8046-40058c405199,prca04,likert5,2,4,True,validated,1
754a1198-2ffa-4f25-8046-40058c405199,prca05,likert5,2,2,True,validated,0
754a1198-2ffa-4f25-8046-40058c405199,prca06,likert5,1,5,True,validated,1
754a1198-2ffa-4f25-8046-40058c405199,prca13,likert5,1,1,True,validated,0
754a1198-2ffa-4f25-8046-40058c405199,prca14,likert5,4,2,True,validated,1
754a1198-2ffa-4f25-8046-40058c405199,prca15,likert5,1,1,True,validated,0
754a1198-2ffa-4f25-8046-40058c405199,prca16,likert5,1,5,True,validated,1
754a1198-2ffa-4f25-8046-40058c405199,prca17,likert5,2,4,True,validated,1
754a1198-2ffa-4f25-8046-40058c405199,prca18,likert5,1,1,True,validated,0
089e11e6-3d2a-4ac9-b232-08335383d82f,prca01,likert5,1,1,True,validated,0
089e11e6-3d2a-4ac9-b232-08335383d82f,prca02,likert5,4,2,True,validated,1
089e11e6-3d2a-4ac9-b232-08335383d82f,prca03,likert5,1,1,True,validated,0
089e11e6-3d2a-4ac9-b232-08335383d82f,prca04,likert5,1,5,True,validated,1
089e11e6-3d2a-4ac9-b232-08335383d82f,prca05,likert5,1,1,True,validated,0
089e11e6-3d2a-4ac9-b232-08335383d82f,prca06,likert5,2,4,True,validated,1
089e11e6-3d2a-4ac9-b232-08335383d82f,prca13,likert5,4,4,True,validated,0
089e11e6-3d2a-4ac9-b232-08335383d82f,prca14,likert5,2,4,True,validated,1
089e11e6-3d2a-4ac9-b232-08335383d82f,prca15,likert5,1,1,True,validated,0
089e11e6-3d2a-4ac9-b232-08335383d82f,prca16,likert5,2,4,True,validated,1
089e11e6-3d2a-4ac9-b232-08335383d82f,prca17,likert5,1,5,True,validated,1
089e11e6-3d2a-4ac9-b232-08335383d82f,prca18,likert5,4,4,True,validated,0
e9fedb96-dc84-41e8-b663-ab5347e25905,prca01,likert5,1,1,True,validated,0
e9fedb96-dc84-41e8-b663-ab5347e25905,prca02,likert5,4,2,True,validated,1
e9fedb96-dc84-41e8-b663-ab5347e25905,prca03,likert5,3,3,True,validated,0
e9fedb96-dc84-41e8-b663-ab5347e25905,prca04,likert5,4,2,True,validated,1
e9fedb96-dc84-41e8-b663-ab5347e25905,prca05,likert5,1,1,True,validated,0
e9fedb96-dc84-41e8-b663-ab5347e25905,prca06,likert5,4,2,True,validated,1
e9fedb96-dc84-41e8-b663-ab5347e25905,prca13,likert5,2,2,True,validated,0
e9fedb96-dc84-41e8-b663-ab5347e25905,prca14,likert5,3,3,True,validated,1
e9fedb96-dc84-41e8-b663-ab5347e25905,prca15,likert5,1,1,True,validated,0
e9fedb96-dc84-41e8-b663-ab5347e25905,prca16,likert5,1,5,True,validated,1
e9fedb96-dc84-41e8-b663-ab5347e25905,prca17,likert5,3,3,True,validated,1
e9fedb96-dc84-41e8-b663-ab5347e25905,prca18,likert5,1,1,True,validated,0
2edf89ae-4228-4d89-b6c0-a6a6f2c4c46d,prca01,likert5,3,3,True,validated,0
2edf89ae-4228-4d89-b6c0-a6a6f2c4c46d,prca02,likert5,4,2,True,validated,1
2edf89ae-4228-4d89-b6c0-a6a6f2c4c46d,prca03,likert5,1,1,True,validated,0
2edf89ae-4228-4d89-b6c0-a6a6f2c4c46d,prca04,likert5,4,2,True,validated,1
2edf89ae-4228-4d89-b6c0-a6a6f2c4c46d,prca05,likert5,1,1,True,validated,0
2edf89ae-4228-4d89-b6c0-a6a6f2c4c46d,prca06,likert5,4,2,True,validated,1
2edf89ae-4228-4d89-b6c0-a6a6f2c4c46d,prca13,likert5,4,4,True,validated,0
2edf89ae-4228-4d89-b6c0-a6a6f2c4c46d,prca14,likert5,1,5,True,validated,1
2edf89ae-4228-4d89-b6c0-a6a6f2c4c46d,prca15,likert5,4,4,True,validated,0
2edf89ae-4228-4d89-b6c0-a6a6f2c4c46d,prca16,likert5,2,4,True,validated,1
2edf89ae-4228-4d89-b6c0-a6a6f2c4c46d,prca17,likert5,3,3,True,validated,1
2edf89ae-4228-4d89-b6c0-a6a6f2c4c46d,prca18,likert5,1,1,True,validated,0
0dfd885f-e842-4163-988b-1d6809b9d94f,prca01,likert5,1,1,True,validated,0
0dfd885f-e842-4163-988b-1d6809b9d94f,prca02,likert5,4,2,True,validated,1
0dfd885f-e842-4163-988b-1d6809b9d94f,prca03,likert5,1,1,True,validated,0
0dfd885f-e842-4163-988b-1d6809b9d94f,prca04,likert5,3,3,True,validated,1
0dfd885f-e842-4163-988b-1d6809b9d94f,prca05,likert5,1,1,True,validated,0
0dfd885f-e842-4163-988b-1d6809b9d94f,prca06,likert5,4,2,True,validated,1
0dfd885f-e842-4163-988b-1d6809b9d94f,prca13,likert5,4,4,True,validated,0
0dfd885f-e842-4163-988b-1d6809b9d94f,prca14,likert5,1,5,True,validated,1
0dfd885f-e842-4163-988b-1d6809b9d94f,prca15,likert5,1,1,True,validated,0
0dfd885f-e842-4163-988b-1d6809b9d94f,prca16,likert5,3,3,True,validated,1
0dfd885f-e842-4163-988b-1d6809b9d94f,prca17,likert5,1,5,True,validated,1
0dfd885f-e842-4163-988b-1d6809b9d94f,prca18,likert5,1,1,True,validated,0
f255efbe-5c77-4cae-aabf-b776027ff4ee,prca01,likert5,1,1,True,validated,0
f255efbe-5c77-4cae-aabf-b776027ff4ee,prca02,likert5,1,5,True,validated,1
f255efbe-5c77-4cae-aabf-b776027ff4ee,prca03,likert5,4,4,True,validated,0
f255efbe-5c77-4cae-aabf-b776027ff4ee,prca04,likert5,4,2,True,validated,1
f255efbe-5c77-4cae-aabf-b776027ff4ee,prca05,likert5,1,1,True,validated,0
f255efbe-5c77-4cae-aabf-b776027ff4ee,prca06,likert5,1,5,True,validated,1
f255efbe-5c77-4cae-aabf-b776027ff4ee,prca13,likert5,1,1,True,validated,0
f255efbe-5c77-4cae-aabf-b776027ff4ee,prca14,likert5,2,4,True,validated,1
f255efbe-5c77-4cae-aabf-b776027ff4ee,prca15,likert5,1,1,True,validated,0
f255efbe-5c77-4cae-aabf-b776027ff4ee,prca16,likert5,1,5,True,validated,1
f255efbe-5c77-4cae-aabf-b776027ff4ee,prca17,likert5,1,5,True,validated,1
f255efbe-5c77-4cae-aabf-b776027ff4ee,prca18,likert5,1,1,True,validated,0
f2996dc3-2c69-4d09-a2d7-148d35506427,prca01,likert5,1,1,True,validated,0
f2996dc3-2c69-4d09-a2d7-148d35506427,prca02,likert5,2,4,True,validated,1
f2996dc3-2c69-4d09-a2d7-148d35506427,prca03,likert5,3,3,True,validated,0
f2996dc3-2c69-4d09-a2d7-148d35506427,prca04,likert5,1,5,True,validated,1
f2996dc3-2c69-4d09-a2d7-148d35506427,prca05,likert5,2,2,True,validated,0
f2996dc3-2c69-4d09-a2d7-148d35506427,prca06,likert5,2,4,True,validated,1
f2996dc3-2c69-4d09-a2d7-148d35506427,prca13,likert5,2,2,True,validated,0
f2996dc3-2c69-4d09-a2d7-148d35506427,prca14,likert5,1,5,True,validated,1
f2996dc3-2c69-4d09-a2d7-148d35506427,prca15,likert5,2,2,True,validated,0
f2996dc3-2c69-4d09-a2d7-148d35506427,prca16,likert5,1,5,True,validated,1
f2996dc3-2c69-4d09-a2d7-148d35506427,prca17,likert5,2,4,True,validated,1
f2996dc3-2c69-4d09-a2d7-148d35506427,prca18,likert5,2,2,True,validated,0
50468c06-0db2-4ad2-80d9-ffe0bb9ae374,prca01,likert5,1,1,True,validated,0
50468c06-0db2-4ad2-80d9-ffe0bb9ae374,prca02,likert5,1,5,True,validated,1
50468c06-0db2-4ad2-80d9-ffe0bb9ae374,prca03,likert5,1,1,True,validated,0
50468c06-0db2-4ad2-80d9-ffe0bb9ae374,prca04,likert5,1,5,True,validated,1
50468c06-0db2-4ad2-80d9-ffe0bb9ae374,prca05,likert5,2,2,True,validated,0
50468c06-0db2-4ad2-80d9-ffe0bb9ae374,prca06,likert5,2,4,True,validated,1
50468c06-0db2-4ad2-80d9-ffe0bb9ae374,prca13,likert5,1,1,True,validated,0
50468c06-0db2-4ad2-80d9-ffe0bb9ae374,prca14,likert5,1,5,True,validated,1
50468c06-0db2-4ad2-80d9-ffe0bb9ae374,prca15,likert5,1,1,True,validated,0
50468c06-0db2-4ad2-80d9-ffe0bb9ae374,prca16,likert5,4,2,True,validated,1
50468c06-0db2-4ad2-80d9-ffe0bb9ae374,prca17,likert5,1,5,True,validated,1
50468c06-0db2-4ad2-80d9-ffe0bb9ae374,prca18,likert5,4,4,True,validated,0
f109de20-8dd5-4775-a5a7-5fbf36b52572,prca01,likert5,1,1,True,validated,0
f109de20-8dd5-4775-a5a7-5fbf36b52572,prca02,likert5,4,2,True,validated,1
f109de20-8dd5-4775-a5a7-5fbf36b52572,prca03,likert5,4,4,True,validated,0
f109de20-8dd5-4775-a5a7-5fbf36b52572,prca04,likert5,2,4,True,validated,1
f109de20-8dd5-4775-a5a7-5fbf36b52572,prca05,likert5,1,1,True,validated,0
f109de20-8dd5-4775-a5a7-5fbf36b52572,prca06,likert5,4,2,True,validated,1
f109de20-8dd5-4775-a5a7-5fbf36b52572,prca13,likert5,1,1,True,validated,0
f109de20-8dd5-4775-a5a7-5fbf36b52572,prca14,likert5,4,2,True,validated,1
f109de20-8dd5-4775-a5a7-5fbf36b52572,prca15,likert5,1,1,True,validated,0
f109de20-8dd5-4775-a5a7-5fbf36b52572,prca16,likert5,1,5,True,validated,1
f109de20-8dd5-4775-a5a7-5fbf36b52572,prca17,likert5,1,5,True,validated,1
f109de20-8dd5-4775-a5a7-5fbf36b52572,prca18,likert5,1,1,True,validated,0
ccd44e3a-42aa-4356-ba09-a4ca06733ef0,prca01,likert5,1,1,True,validated,0
ccd44e3a-42aa-4356-ba09-a4ca06733ef0,prca02,likert5,2,4,True,validated,1
ccd44e3a-42aa-4356-ba09-a4ca06733ef0,prca03,likert5,4,4,True,validated,0
ccd44e3a-42aa-4356-ba09-a4ca06733ef0,prca04,likert5,2,4,True,validated,1
ccd44e3a-42aa-4356-ba09-a4ca06733ef0,prca05,likert5,1,1,True,validated,0
ccd44e3a-42aa-4356-ba09-a4ca06733ef0,prca06,likert5,1,5,True,validated,1
ccd44e3a-42aa-4356-ba09-a4ca06733ef0,prca13,likert5,1,1,True,validated,0
ccd44e3a-42aa-4356-ba09-a4ca06733ef0,prca14,likert5,2,4,True,validated,1
ccd44e3a-42aa-4356-ba09-a4ca06733ef0,prca15,likert5,1,1,True,validated,0
ccd44e3a-42aa-4356-ba09-a4ca06733ef0,prca16,likert5,1,5,True,validated,1
ccd44e3a-42aa-4356-ba09-a4ca06733ef0,prca17,likert5,1,5,True,validated,1
ccd44e3a-42aa-4356-ba09-a4ca06733ef0,prca18,likert5,1,1,True,validated,0
f27c2bc6-faa1-45ec-84d2-3ef8a2d8e955,prca01,likert5,4,4,True,validated,0
f27c2bc6-faa1-45ec-84d2-3ef8a2d8e955,prca02,likert5,1,5,True,validated,1
f27c2bc6-faa1-45ec-84d2-3ef8a2d8e955,prca03,likert5,2,2,True,validated,0
f27c2bc6-faa1-45ec-84d2-3ef8a2d8e955,prca04,likert5,2,4,True,validated,1
f27c2bc6-faa1-45ec-84d2-3ef8a2d8e955,prca05,likert5,2,2,True,validated,0
f27c2bc6-faa1-45ec-84d2-3ef8a2d8e955,prca06,likert5,1,5,True,validated,1
f27c2bc6-faa1-45ec-84d2-3ef8a2d8e955,prca13,likert5,2,2,True,validated,0
f27c2bc6-faa1-45ec-84d2-3ef8a2d8e955,prca14,likert5,4,2,True,validated,1
f27c2bc6-faa1-45ec-84d2-3ef8a2d8e955,prca15,likert5,1,1,True,validated,0
f27c2bc6-faa1-45ec-84d2-3ef8a2d8e955,prca16,likert5,1,5,True,validated,1
f27c2bc6-faa1-45ec-84d2-3ef8a2d8e955,prca17,likert5,1,5,True,validated,1
f27c2bc6-faa1-45ec-84d2-3ef8a2d8e955,prca18,likert5,1,1,True,validated,0
8ec8ad6f-e9b9-4420-a8d8-7fa194ad85f4,prca01,likert5,1,1,True,validated,0
8ec8ad6f-e9b9-4420-a8d8-7fa194ad85f4,prca02,likert5,4,2,True,validated,1
8ec8ad6f-e9b9-4420-a8d8-7fa194ad85f4,prca03,likert5,1,1,True,validated,0
8ec8ad6f-e9b9-4420-a8d8-7fa194ad85f4,prca04,likert5,1,5,True,validated,1
8ec8ad6f-e9b9-4420-a8d8-7fa194ad85f4,prca05,likert5,1,1,True,validated,0
8ec8ad6f-e9b9-4420-a8d8-7fa194ad85f4,prca06,likert5,2,4,True,validated,1
8ec8ad6f-e9b9-4420-a8d8-7fa194ad85f4,prca13,likert5,4,4,True,validated,0
8ec8ad6f-e9b9-4420-a8d8-7fa194ad85f4,prca14,likert5,2,4,True,validated,1
8ec8ad6f-e9b9-4420-a8d8-7fa194ad85f4,prca15,likert5,4,4,True,validated,0
8ec8ad6f-e9b9-4420-a8d8-7fa194ad85f4,prca16,likert5,2,4,True,validated,1
8ec8ad6f-e9b9-4420-a8d8-7fa194ad85f4,prca17,likert5,1,5,True,validated,1
8ec8ad6f-e9b9-4420-a8d8-7fa194ad85f4,prca18,likert5,4,4,True,validated,0
8d24dabe-d1ac-4047-8afb-954d903d13cf,prca01,likert5,1,1,True,validated,0
8d24dabe-d1ac-4047-8afb-954d903d13cf,prca02,likert5,1,5,True,validated,1
8d24dabe-d1ac-4047-8afb-954d903d13cf,prca03,likert5,4,4,True,validated,0
8d24dabe-d1ac-4047-8afb-954d903d13cf,prca04,likert5,1,5,True,validated,1
8d24dabe-d1ac-4047-8afb-954d903d13cf,prca05,likert5,1,1,True,validated,0
8d24dabe-d1ac-4047-8afb-954d903d13cf,prca06,likert5,1,5,True,validated,1
8d24dabe-d1ac-4047-8afb-954d903d13cf,prca13,likert5,1,1,True,validated,0
8d24dabe-d1ac-4047-8afb-954d903d13cf,prca14,likert5,4,2,True,validated,1
8d24dabe-d1ac-4047-8afb-954d903d13cf,prca15,likert5,3,3,True,validated,0
8d24dabe-d1ac-4047-8afb-954d903d13cf,prca16,likert5,2,4,True,validated,1
8d24dabe-d1ac-4047-8afb-954d903d13cf,prca17,likert5,2,4,True,validated,1
8d24dabe-d1ac-4047-8afb-954d903d13cf,prca18,likert5,4,4,True,validated,0
0fc44d50-c93b-49be-b9c0-871e7f8c2928,prca01,likert5,2,2,True,validated,0
0fc44d50-c93b-49be-b9c0-871e7f8c2928,prca02,likert5,1,5,True,validated,1
0fc44d50-c93b-49be-b9c0-871e7f8c2928,prca03,likert5,2,2,True,validated,0
0fc44d50-c93b-49be-b9c0-871e7f8c2928,prca04,likert5,3,3,True,validated,1
0fc44d50-c93b-49be-b9c0-871e7f8c2928,prca05,likert5,1,1,True,validated,0
0fc44d50-c93b-49be-b9c0-871e7f8c2928,prca06,likert5,4,2,True,validated,1
0fc44d50-c93b-49be-b9c0-871e7f8c2928,prca13,likert5,1,1,True,validated,0
0fc44d50-c93b-49be-b9c0-871e7f8c2928,prca14,likert5,1,5,True,validated,1
0fc44d50-c93b-49be-b9c0-871e7f8c2928,prca15,likert5,4,4,True,validated,0
0fc44d50-c93b-49be-b9c0-871e7f8c2928,prca16,likert5,1,5,True,validated,1
0fc44d50-c93b-49be-b9c0-871e7f8c2928,prca17,likert5,4,2,True,validated,1
0fc44d50-c93b-49be-b9c0-871e7f8c2928,prca18,likert5,4,4,True,validated,0
308e318f-36ac-45cf-addd-225bfd585bc2,prca01,likert5,1,1,True,validated,0
308e318f-36ac-45cf-addd-225bfd585bc2,prca02,likert5,1,5,True,validated,1
308e318f-36ac-45cf-addd-225bfd585bc2,prca03,likert5,4,4,True,validated,0
308e318f-36ac-45cf-addd-225bfd585bc2,prca04,likert5,2,4,True,validated,1
308e318f-36ac-45cf-addd-225bfd585bc2,prca05,likert5,4,4,True,validated,0
308e318f-36ac-45cf-addd-225bfd585bc2,prca06,likert5,2,4,True,validated,1
308e318f-36ac-45cf-addd-225bfd585bc2,prca13,likert5,4,4,True,validated,0
308e318f-36ac-45cf-addd-225bfd585bc2,prca14,likert5,1,5,True,validated,1
308e318f-36ac-45cf-addd-225bfd585bc2,prca15,likert5,1,1,True,validated,0
308e318f-36ac-45cf-addd-225bfd585bc2,prca16,likert5,1,5,True,validated,1
308e318f-36ac-45cf-addd-225bfd585bc2,prca17,likert5,4,2,True,validated,1
308e318f-36ac-45cf-addd-225bfd585bc2,prca18,likert5,2,2,True,validated,0
6c42a6b8-68c7-4281-8251-dec171531259,prca01,likert5,4,4,True,validated,0
6c42a6b8-68c7-4281-8251-dec171531259,prca02,likert5,1,5,True,validated,1
6c42a6b8-68c7-4281-8251-dec171531259,prca03,likert5,1,1,True,validated,0
6c42a6b8-68c7-4281-8251-dec171531259,prca04,likert5,4,2,True,validated,1
6c42a6b8-68c7-4281-8251-dec171531259,prca05,likert5,4,4,True,validated,0
6c42a6b8-68c7-4281-8251-dec171531259,prca06,likert5,2,4,True,validated,1
6c42a6b8-68c7-4281-8251-dec171531259,prca13,likert5,1,1,True,validated,0
6c42a6b8-68c7-4281-8251-dec171531259,prca14,likert5,4,2,True,validated,1
6c42a6b8-68c7-4281-8251-dec171531259,prca15,likert5,2,2,True,validated,0
6c42a6b8-68c7-4281-8251-dec171531259,prca16,likert5,1,5,True,validated,1
6c42a6b8-68c7-4281-8251-dec171531259,prca17,likert5,1,5,True,validated,1
6c42a6b8-68c7-4281-8251-dec171531259,prca18,likert5,1,1,True,validated,0
f1302946-f8d7-4fe3-a827-a8951c0bf471,prca01,likert5,1,1,True,validated,0
f1302946-f8d7-4fe3-a827-a8951c0bf471,prca02,likert5,1,5,True,validated,1
f1302946-f8d7-4fe3-a827-a8951c0bf471,prca03,likert5,2,2,True,validated,0
f1302946-f8d7-4fe3-a827-a8951c0bf471,prca04,likert5,4,2,True,validated,1
f1302946-f8d7-4fe3-a827-a8951c0bf471,prca05,likert5,1,1,True,validated,0
f1302946-f8d7-4fe3-a827-a8951c0bf471,prca06,likert5,2,4,True,validated,1
f1302946-f8d7-4fe3-a827-a8951c0bf471,prca13,likert5,1,1,True,validated,0
f1302946-f8d7-4fe3-a827-a8951c0bf471,prca14,likert5,4,2,True,validated,1
f1302946-f8d7-4fe3-a827-a8951c0bf471,prca15,likert5,1,1,True,validated,0
f1302946-f8d7-4fe3-a827-a8951c0bf471,prca16,likert5,1,5,True,validated,1
f1302946-f8d7-4fe3-a827-a8951c0bf471,prca17,likert5,3,3,True,validated,1
f1302946-f8d7-4fe3-a827-a8951c0bf471,prca18,likert5,4,4,True,validated,0
08ac7422-1ead-4369-8ee5-3755467db545,prca01,likert5,1,1,True,validated,0
08ac7422-1ead-4369-8ee5-3755467db545,prca02,likert5,1,5,True,validated,1
08ac7422-1ead-4369-8ee5-3755467db545,prca03,likert5,1,1,True,validated,0
08ac7422-1ead-4369-8ee5-3755467db545,prca04,likert5,1,5,True,validated,1
08ac7422-1ead-4369-8ee5-3755467db545,prca05,likert5,1,1,True,validated,0
08ac7422-1ead-4369-8ee5-3755467db545,prca06,likert5,1,5,True,validated,1
08ac7422-1ead-4369-8ee5-3755467db545,prca13,likert5,1,1,True,validated,0
08ac7422-1ead-4369-8ee5-3755467db545,prca14,likert5,4,2,True,validated,1
08ac7422-1ead-4369-8ee5-3755467db545,prca15,likert5,2,2,True,validated,0
08ac7422-1ead-4369-8ee5-3755467db545,prca16,likert5,1,5,True,validated,1
08ac7422-1ead-4369-8ee5-3755467db545,prca17,likert5,2,4,True,validated,1
08ac7422-1ead-4369-8ee5-3755467db545,prca18,likert5,1,1,True,validated,0
9d3c53ba-55c9-481a-b85b-f2c59cba8a58,prca01,likert5,3,3,True,validated,0
9d3c53ba-55c9-481a-b85b-f2c59cba8a58,prca02,likert5,1,5,True,validated,1
9d3c53ba-55c9-481a-b85b-f2c59cba8a58,prca03,likert5,2,2,True,validated,0
9d3c53ba-55c9-481a-b85b-f2c59cba8a58,prca04,likert5,3,3,True,validated,1
9d3c53ba-55c9-481a-b85b-f2c59cba8a58,prca05,likert5,4,4,True,validated,0
9d3c53ba-55c9-481a-b85b-f2c59cba8a58,prca06,likert5,1,5,True,validated,1
9d3c53ba-55c9-481a-b85b-f2c59cba8a58,prca13,likert5,1,1,True,validated,0
9d3c53ba-55c9-481a-b85b-f2c59cba8a58,prca14,likert5,1,5,True,validated,1
9d3c53ba-55c9-481a-b85b-f2c59cba8a58,prca15,likert5,4,4,True,validated,0
9d3c53ba-55c9-481a-b85b-f2c59cba8a58,prca16,likert5,4,2,True,validated,1
9d3c53ba-55c9-481a-b85b-f2c59cba8a58,prca17,likert5,1,5,True,validated,1
9d3c53ba-55c9-481a-b85b-f2c59cba8a58,prca18,likert5,2,2,True,validated,0
f2d331aa-8df1-4740-94b4-f80d314e25c9,prca01,likert5,1,1,True,validated,0
f2d331aa-8df1-4740-94b4-f80d314e25c9,prca02,likert5,1,5,True,validated,1
f2d331aa-8df1-4740-94b4-f80d314e25c9,prca03,likert5,1,1,True,validated,0
f2d331aa-8df1-4740-94b4-f80d314e25c9,prca04,likert5,4,2,True,validated,1
f2d331aa-8df1-4740-94b4-f80d314e25c9,prca05,likert5,2,2,True,validated,0
f2d331aa-8df1-4740-94b4-f80d314e25c9,prca06,likert5,2,4,True,validated,1
f2d331aa-8df1-4740-94b4-f80d314e25c9,prca13,likert5,1,1,True,validated,0
f2d331aa-8df1-4740-94b4-f80d314e25c9,prca14,likert5,2,4,True,validated,1
f2d331aa-8df1-4740-94b4-f80d314e25c9,prca15,likert5,4,4,True,validated,0
f2d331aa-8df1-4740-94b4-f80d314e25c9,prca16,likert5,4,2,True,validated,1
f2d331aa-8df1-4740-94b4-f80d314e25c9,prca17,likert5,1,5,True,validated,1
f2d331aa-8df1-4740-94b4-f80d314e25c9,prca18,likert5,1,1,True,validated,0
c7a53360-b0c2-49d1-9685-11d4a4542e56,prca01,likert5,1,1,True,validated,0
c7a53360-b0c2-49d1-9685-11d4a4542e56,prca02,likert5,2,4,True,validated,1
c7a53360-b0c2-49d1-9685-11d4a4542e56,prca03,likert5,4,4,True,validated,0
c7a53360-b0c2-49d1-9685-11d4a4542e56,prca04,likert5,4,2,True,validated,1
c7a53360-b0c2-49d1-9685-11d4a4542e56,prca05,likert5,1,1,True,validated,0
c7a53360-b0c2-49d1-9685-11d4a4542e56,prca06,likert5,1,5,True,validated,1
c7a53360-b0c2-49d1-9685-11d4a4542e56,prca13,likert5,4,4,True,validated,0
c7a53360-b0c2-49d1-9685-11d4a4542e56,prca14,likert5,3,3,True,validated,1
c7a53360-b0c2-49d1-9685-11d4a4542e56,prca15,likert5,4,4,True,validated,0
c7a53360-b0c2-49d1-9685-11d4a4542e56,prca16,likert5,2,4,True,validated,1
c7a53360-b0c2-49d1-9685-11d4a4542e56,prca17,likert5,4,2,True,validated,1
c7a53360-b0c2-49d1-9685-11d4a4542e56,prca18,likert5,4,4,True,validated,0
ca618a8f-aa32-4045-99b8-20cf00e3c975,prca01,likert5,1,1,True,validated,0
ca618a8f-aa32-4045-99b8-20cf00e3c975,prca02,likert5,1,5,True,validated,1
ca618a8f-aa32-4045-99b8-20cf00e3c975,prca03,likert5,1,1,True,validated,0
ca618a8f-aa32-4045-99b8-20cf00e3c975,prca04,likert5,4,2,True,validated,1
ca618a8f-aa32-4045-99b8-20cf00e3c975,prca05,likert5,1,1,True,validated,0
ca618a8f-aa32-4045-99b8-20cf00e3c975,prca06,likert5,1,5,True,validated,1
ca618a8f-aa32-4045-99b8-20cf00e3c975,prca13,likert5,1,1,True,validated,0
ca618a8f-aa32-4045-99b8-20cf00e3c975,prca14,likert5,3,3,True,validated,1
ca618a8f-aa32-4045-99b8-20cf00e3c975,prca15,likert5,1,1,True,validated,0
ca618a8f-aa32-4045-99b8-20cf00e3c975,prca16,likert5,3,3,True,validated,1
ca618a8f-aa32-4045-99b8-20cf00e3c975,prca17,likert5,4,2,True,validated,1
ca618a8f-aa32-4045-99b8-20cf00e3c975,prca18,likert5,1,1,True,validated,0
793be858-dd40-452d-914b-9e48578b33f1,prca01,likert5,4,4,True,validated,0
793be858-dd40-452d-914b-9e48578b33f1,prca02,likert5,1,5,True,validated,1
793be858-dd40-452d-914b-9e48578b33f1,prca03,likert5,4,4,True,validated,0
793be858-dd40-452d-914b-9e48578b33f1,prca04,likert5,1,5,True,validated,1
793be858-dd40-452d-914b-9e48578b33f1,prca05,likert5,2,2,True,validated,0
793be858-dd40-452d-914b-9e48578b33f1,prca06,likert5,4,2,True,validated,1
793be858-dd40-452d-914b-9e48578b33f1,prca13,likert5,4,4,True,validated,0
793be858-dd40-452d-914b-9e48578b33f1,prca14,likert5,2,4,True,validated,1
793be858-dd40-452d-914b-9e48578b33f1,prca15,likert5,1,1,True,validated,0
793be858-dd40-452d-914b-9e48578b33f1,prca16,likert5,1,5,True,validated,1
793be858-dd40-452d-914b-9e48578b33f1,prca17,likert5,1,5,True,validated,1
793be858-dd40-452d-914b-9e48578b33f1,prca18,likert5,1,1,True,validated,0
d2efde64-d34c-4eda-a3ca-9a1b148a0304,prca01,likert5,1,1,True,validated,0
d2efde64-d34c-4eda-a3ca-9a1b148a0304,prca02,likert5,2,4,True,validated,1
d2efde64-d34c-4eda-a3ca-9a1b148a0304,prca03,likert5,2,2,True,validated,0
d2efde64-d34c-4eda-a3ca-9a1b148a0304,prca04,likert5,1,5,True,validated,1
d2efde64-d34c-4eda-a3ca-9a1b148a0304,prca05,likert5,1,1,True,validated,0
d2efde64-d34c-4eda-a3ca-9a1b148a0304,prca06,likert5,1,5,True,validated,1
d2efde64-d34c-4eda-a3ca-9a1b148a0304,prca13,likert5,1,1,True,validated,0
d2efde64-d34c-4eda-a3ca-9a1b148a0304,prca14,likert5,2,4,True,validated,1
d2efde64-d34c-4eda-a3ca-9a1b148a0304,prca15,likert5,1,1,True,validated,0
d2efde64-d34c-4eda-a3ca-9a1b148a0304,prca16,likert5,2,4,True,validated,1
d2efde64-d34c-4eda-a3ca-9a1b148a0304,prca17,likert5,2,4,True,validated,1
d2efde64-d34c-4eda-a3ca-9a1b148a0304,prca18,likert5,4,4,True,validated,0
e0c2e523-471a-43de-8760-8d75bd6db6d6,prca01,likert5,1,1,True,validated,0
e0c2e523-471a-43de-8760-8d75bd6db6d6,prca02,likert5,4,2,True,validated,1
e0c2e523-471a-43de-8760-8d75bd6db6d6,prca03,likert5,2,2,True,validated,0
e0c2e523-471a-43de-8760-8d75bd6db6d6,prca04,likert5,1,5,True,validated,1
e0c2e523-471a-43de-8760-8d75bd6db6d6,prca05,likert5,2,2,True,validated,0
e0c2e523-471a-43de-8760-8d75bd6db6d6,prca06,likert5,2,4,True,validated,1
e0c2e523-471a-43de-8760-8d75bd6db6d6,prca13,likert5,1,1,True,validated,0
e0c2e523-471a-43de-8760-8d75bd6db6d6,prca14,likert5,1,5,True,validated,1
e0c2e523-471a-43de-8760-8d75bd6db6d6,prca15,likert5,1,1,True,validated,0
e0c2e523-471a-43de-8760-8d75bd6db6d6,prca16,likert5,1,5,True,validated,1
e0c2e523-471a-43de-8760-8d75bd6db6d6,prca17,likert5,3,3,True,validated,1
e0c2e523-471a-43de-8760-8d75bd6db6d6,prca18,likert5,1,1,True,validated,0
cdf70a51-6fb7-4fc1-a8a5-805f653acdcf,prca01,likert5,1,1,True,validated,0
cdf70a51-6fb7-4fc1-a8a5-805f653acdcf,prca02,likert5,2,4,True,validated,1
cdf70a51-6fb7-4fc1-a8a5-805f653acdcf,prca03,likert5,1,1,True,validated,0
cdf70a51-6fb7-4fc1-a8a5-805f653acdcf,prca04,likert5,4,2,True,validated,1
cdf70a51-6fb7-4fc1-a8a5-805f653acdcf,prca05,likert5,4,4,True,validated,0
cdf70a51-6fb7-4fc1-a8a5-805f653acdcf,prca06,likert5,1,5,True,validated,1
cdf70a51-6fb7-4fc1-a8a5-805f653acdcf,prca13,likert5,1,1,True,validated,0
cdf70a51-6fb7-4fc1-a8a5-805f653acdcf,prca14,likert5,1,5,True,validated,1
cdf70a51-6fb7-4fc1-a8a5-805f653acdcf,prca15,likert5,1,1,True,validated,0
cdf70a51-6fb7-4fc1-a8a5-805f653acdcf,prca16,likert5,1,5,True,validated,1
cdf70a51-6fb7-4fc1-a8a5-805f653acdcf,prca17,likert5,4,2,True,validated,1
cdf70a51-6fb7-4fc1-a8a5-805f653acdcf,prca18,likert5,1,1,True,validated,0
de5585d8-8aed-4575-a9ad-9864d63eb69c,prca01,likert5,2,2,True,validated,0
de5585d8-8aed-4575-a9ad-9864d63eb69c,prca02,likert5,1,5,True,validated,1
de5585d8-8aed-4575-a9ad-9864d63eb69c,prca03,likert5,1,1,True,validated,0
de5585d8-8aed-4575-a9ad-9864d63eb69c,prca04,likert5,4,2,True,validated,1
de5585d8-8aed-4575-a9ad-9864d63eb69c,prca05,likert5,2,2,True,validated,0
de5585d8-8aed-4575-a9ad-9864d63eb69c,prca06,likert5,4,2,True,validated,1
de5585d8-8aed-4575-a9ad-9864d63eb69c,prca13,likert5,1,1,True,validated,0
de5585d8-8aed-4575-a9ad-9864d63eb69c,prca14,likert5,4,2,True,validated,1
de5585d8-8aed-4575-a9ad-9864d63eb69c,prca15,likert5,1,1,True,validated,0
de5585d8-8aed-4575-a9ad-9864d63eb69c,prca16,likert5,2,4,True,validated,1
de5585d8-8aed-4575-a9ad-9864d63eb69c,prca17,likert5,1,5,True,validated,1
de5585d8-8aed-4575-a9ad-9864d63eb69c,prca18,likert5,2,2,True,validated,0
bf125979-2e6e-4743-bc2c-0f3f714d2257,prca01,likert5,4,4,True,validated,0
bf125979-2e6e-4743-bc2c-0f3f714d2257,prca02,likert5,1,5,True,validated,1
bf125979-2e6e-4743-bc2c-0f3f714d2257,prca03,likert5,2,2,True,validated,0
bf125979-2e6e-4743-bc2c-0f3f714d2257,prca04,likert5,1,5,True,validated,1
bf125979-2e6e-4743-bc2c-0f3f714d2257,prca05,likert5,2,2,True,validated,0
bf125979-2e6e-4743-bc2c-0f3f714d2257,prca06,likert5,2,4,True,validated,1
bf125979-2e6e-4743-bc2c-0f3f714d2257,prca13,likert5,1,1,True,validated,0
bf125979-2e6e-4743-bc2c-0f3f714d2257,prca14,likert5,2,4,True,validated,1
bf125979-2e6e-4743-bc2c-0f3f714d2257,prca15,likert5,1,1,True,validated,0
bf125979-2e6e-4743-bc2c-0f3f714d2257,prca16,likert5,2,4,True,validated,1
bf125979-2e6e-4743-bc2c-0f3f714d2257,prca17,likert5,1,5,True,validated,1
bf125979-2e6e-4743-bc2c-0f3f714d2257,prca18,likert5,1,1,True,validated,0
f93e9634-54a8-41e3-bf23-87a8c8b6852b,prca01,likert5,4,4,True,validated,0
f93e9634-54a8-41e3-bf23-87a8c8b6852b,prca02,likert5,1,5,True,validated,1
f93e9634-54a8-41e3-bf23-87a8c8b6852b,prca03,likert5,1,1,True,validated,0
f93e9634-54a8-41e3-bf23-87a8c8b6852b,prca04,likert5,1,5,True,validated,1
f93e9634-54a8-41e3-bf23-87a8c8b6852b,prca05,likert5,1,1,True,validated,0
f93e9634-54a8-41e3-bf23-87a8c8b6852b,prca06,likert5,3,3,True,validated,1
f93e9634-54a8-41e3-bf23-87a8c8b6852b,prca13,likert5,4,4,True,validated,0
f93e9634-54a8-41e3-bf23-87a8c8b6852b,prca14,likert5,4,2,True,validated,1
f93e9634-54a8-41e3-bf23-87a8c8b6852b,prca15,likert5,2,2,True,validated,0
f93e9634-54a8-41e3-bf23-87a8c8b6852b,prca16,likert5,1,5,True,validated,1
f93e9634-54a8-41e3-bf23-87a8c8b6852b,prca17,likert5,1,5,True,validated,1
f93e9634-54a8-41e3-bf23-87a8c8b6852b,prca18,likert5,3,3,True,validated,0
fd541574-0d95-41e4-8ad8-f6b58b5bea3c,prca01,likert5,1,1,True,validated,0
fd541574-0d95-41e4-8ad8-f6b58b5bea3c,prca02,likert5,3,3,True,validated,1
fd541574-0d95-41e4-8ad8-f6b58b5bea3c,prca03,likert5,2,2,True,validated,0
fd541574-0d95-41e4-8ad8-f6b58b5bea3c,prca04,likert5,4,2,True,validated,1
fd541574-0d95-41e4-8ad8-f6b58b5bea3c,prca05,likert5,1,1,True,validated,0
fd541574-0d95-41e4-8ad8-f6b58b5bea3c,prca06,likert5,2,4,True,validated,1
fd541574-0d95-41e4-8ad8-f6b58b5bea3c,prca13,likert5,1,1,True,validated,0
fd541574-0d95-41e4-8ad8-f6b58b5bea3c,prca14,likert5,3,3,True,validated,1
fd541574-0d95-41e4-8ad8-f6b58b5bea3c,prca15,likert5,1,1,True,validated,0
fd541574-0d95-41e4-8ad8-f6b58b5bea3c,prca16,likert5,4,2,True,validated,1
fd541574-0d95-41e4-8ad8-f6b58b5bea3c,prca17,likert5,1,5,True,validated,1
fd541574-0d95-41e4-8ad8-f6b58b5bea3c,prca18,likert5,1,1,True,validated,0
afbd58d7-3c4f-4cf1-9df6-dffeea79adb5,prca01,likert5,1,1,True,validated,0
afbd58d7-3c4f-4cf1-9df6-dffeea79adb5,prca02,likert5,4,2,True,validated,1
afbd58d7-3c4f-4cf1-9df6-dffeea79adb5,prca03,likert5,1,1,True,validated,0
afbd58d7-3c4f-4cf1-9df6-dffeea79adb5,prca04,likert5,1,5,True,validated,1
afbd58d7-3c4f-4cf1-9df6-dffeea79adb5,prca05,likert5,4,4,True,validated,0
afbd58d7-3c4f-4cf1-9df6-dffeea79adb5,prca06,likert5,2,4,True,validated,1
afbd58d7-3c4f-4cf1-9df6-dffeea79adb5,prca13,likert5,4,4,True,validated,0
afbd58d7-3c4f-4cf1-9df6-dffeea79adb5,prca14,likert5,4,2,True,validated,1
afbd58d7-3c4f-4cf1-9df6-dffeea79adb5,prca15,likert5,2,2,True,validated,0
afbd58d7-3c4f-4cf1-9df6-dffeea79adb5,prca16,likert5,4,2,True,validated,1
afbd58d7-3c4f-4cf1-9df6-dffeea79adb5,prca17,likert5,1,5,True,validated,1
afbd58d7-3c4f-4cf1-9df6-dffeea79adb5,prca18,likert5,4,4,True,validated,0
18e9a2f8-4dcc-469c-9e42-d28e76089236,prca01,likert5,1,1,True,validated,0
18e9a2f8-4dcc-469c-9e42-d28e76089236,prca02,likert5,1,5,True,validated,1
18e9a2f8-4dcc-469c-9e42-d28e76089236,prca03,likert5,2,2,True,validated,0
18e9a2f8-4dcc-469c-9e42-d28e76089236,prca04,likert5,1,5,True,validated,1
18e9a2f8-4dcc-469c-9e42-d28e76089236,prca05,likert5,4,4,True,validated,0
18e9a2f8-4dcc-469c-9e42-d28e76089236,prca06,likert5,1,5,True,validated,1
18e9a2f8-4dcc-469c-9e42-d28e76089236,prca13,likert5,2,2,True,validated,0
18e9a2f8-4dcc-469c-9e42-d28e76089236,prca14,likert5,4,2,True,validated,1
18e9a2f8-4dcc-469c-9e42-d28e76089236,prca15,likert5,1,1,True,validated,0
18e9a2f8-4dcc-469c-9e42-d28e76089236,prca16,likert5,4,2,True,validated,1
18e9a2f8-4dcc-469c-9e42-d28e76089236,prca17,likert5,4,2,True,validated,1
18e9a2f8-4dcc-469c-9e42-d28e76089236,prca18,likert5,1,1,True,validated,0
44632158-dcc4-4141-8d0f-e48a9b56f364,prca01,likert5,1,1,True,validated,0
44632158-dcc4-4141-8d0f-e48a9b56f364,prca02,likert5,2,4,True,validated,1
44632158-dcc4-4141-8d0f-e48a9b56f364,prca03,likert5,1,1,True,validated,0
44632158-dcc4-4141-8d0f-e48a9b56f364,prca04,likert5,1,5,True,validated,1
44632158-dcc4-4141-8d0f-e48a9b56f364,prca05,likert5,1,1,True,validated,0
44632158-dcc4-4141-8d0f-e48a9b56f364,prca06,likert5,2,4,True,validated,1
44632158-dcc4-4141-8d0f-e48a9b56f364,prca13,likert5,1,1,True,validated,0
44632158-dcc4-4141-8d0f-e48a9b56f364,prca14,likert5,1,5,True,validated,1
44632158-dcc4-4141-8d0f-e48a9b56f364,prca15,likert5,1,1,True,validated,0
44632158-dcc4-4141-8d0f-e48a9b56f364,prca16,likert5,1,5,True,validated,1
44632158-dcc4-4141-8d0f-e48a9b56f364,prca17,likert5,1,5,True,validated,1
44632158-dcc4-4141-8d0f-e48a9b56f364,prca18,likert5,2,2,True,validated,0
c711f5c5-2761-40ba-ad6f-9f262f49bbe2,prca01,likert5,4,4,True,validated,0
c711f5c5-2761-40ba-ad6f-9f262f49bbe2,prca02,likert5,1,5,True,validated,1
c711f5c5-2761-40ba-ad6f-9f262f49bbe2,prca03,likert5,4,4,True,validated,0
c711f5c5-2761-40ba-ad6f-9f262f49bbe2,prca04,likert5,4,2,True,validated,1
c711f5c5-2761-40ba-ad6f-9f262f49bbe2,prca05,likert5,4,4,True,validated,0
c711f5c5-2761-40ba-ad6f-9f262f49bbe2,prca06,likert5,1,5,True,validated,1
c711f5c5-2761-40ba-ad6f-9f262f49bbe2,prca13,likert5,1,1,True,validated,0
c711f5c5-2761-40ba-ad6f-9f262f49bbe2,prca14,likert5,1,5,True,validated,1
c711f5c5-2761-40ba-ad6f-9f262f49bbe2,prca15,likert5,4,4,True,validated,0
c711f5c5-2761-40ba-ad6f-9f262f49bbe2,prca16,likert5,1,5,True,validated,1
c711f5c5-2761-40ba-ad6f-9f262f49bbe2,prca17,likert5,4,2,True,validated,1
c711f5c5-2761-40ba-ad6f-9f262f49bbe2,prca18,likert5,1,1,True,validated,0
14ded555-5828-4fff-8089-31d0a6093900,prca01,likert5,1,1,True,validated,0
14ded555-5828-4fff-8089-31d0a6093900,prca02,likert5,1,5,True,validated,1
14ded555-5828-4fff-8089-31d0a6093900,prca03,likert5,4,4,True,validated,0
14ded555-5828-4fff-8089-31d0a6093900,prca04,likert5,4,2,True,validated,1
14ded555-5828-4fff-8089-31d0a6093900,prca05,likert5,4,4,True,validated,0
14ded555-5828-4fff-8089-31d0a6093900,prca06,likert5,1,5,True,validated,1
14ded555-5828-4fff-8089-31d0a6093900,prca13,likert5,4,4,True,validated,0
14ded555-5828-4fff-8089-31d0a6093900,prca14,likert5,4,2,True,validated,1
14ded555-5828-4fff-8089-31d0a6093900,prca15,likert5,1,1,True,validated,0
14ded555-5828-4fff-8089-31d0a6093900,prca16,likert5,1,5,True,validated,1
14ded555-5828-4fff-8089-31d0a6093900,prca17,likert5,4,2,True,validated,1
14ded555-5828-4fff-8089-31d0a6093900,prca18,likert5,4,4,True,validated,0
4e4eaf11-1d6d-48e2-8a3f-b0b60770f101,prca01,likert5,2,2,True,validated,0
4e4eaf11-1d6d-48e2-8a3f-b0b60770f101,prca02,likert5,4,2,True,validated,1
4e4eaf11-1d6d-48e2-8a3f-b0b60770f101,prca03,likert5,1,1,True,validated,0
4e4eaf11-1d6d-48e2-8a3f-b0b60770f101,prca04,likert5,1,5,True,validated,1
4e4eaf11-1d6d-48e2-8a3f-b0b60770f101,prca05,likert5,4,4,True,validated,0
4e4eaf11-1d6d-48e2-8a3f-b0b60770f101,prca06,likert5,1,5,True,validated,1
4e4eaf11-1d6d-48e2-8a3f-b0b60770f101,prca13,likert5,4,4,True,validated,0
4e4eaf11-1d6d-48e2-8a3f-b0b60770f101,prca14,likert5,1,5,True,validated,1
4e4eaf11-1d6d-48e2-8a3f-b0b60770f101,prca15,likert5,1,1,True,validated,0
4e4eaf11-1d6d-48e2-8a3f-b0b60770f101,prca16,likert5,2,4,True,validated,1
4e4eaf11-1d6d-48e2-8a3f-b0b60770f101,prca17,likert5,1,5,True,validated,1
4e4eaf11-1d6d-48e2-8a3f-b0b60770f101,prca18,likert5,1,1,True,validated,0
a3b4143a-cd66-48db-a26b-b996a019ce52,prca01,likert5,1,1,True,validated,0
a3b4143a-cd66-48db-a26b-b996a019ce52,prca02,likert5,1,5,True,validated,1
a3b4143a-cd66-48db-a26b-b996a019ce52,prca03,likert5,2,2,True,validated,0
a3b4143a-cd66-48db-a26b-b996a019ce52,prca04,likert5,2,4,True,validated,1
a3b4143a-cd66-48db-a26b-b996a019ce52,prca05,likert5,2,2,True,validated,0
a3b4143a-cd66-48db-a26b-b996a019ce52,prca06,likert5,4,2,True,validated,1
a3b4143a-cd66-48db-a26b-b996a019ce52,prca13,likert5,1,1,True,validated,0
a3b4143a-cd66-48db-a26b-b996a019ce52,prca14,likert5,4,2,True,validated,1
a3b4143a-cd66-48db-a26b-b996a019ce52,prca15,likert5,1,1,True,validated,0
a3b4143a-cd66-48db-a26b-b996a019ce52,prca16,likert5,1,5,True,validated,1
a3b4143a-cd66-48db-a26b-b996a019ce52,prca17,likert5,1,5,True,validated,1
a3b4143a-cd66-48db-a26b-b996a019ce52,prca18,likert5,4,4,True,validated,0
730e1af4-b013-497a-9cf8-5caeac97233c,prca01,likert5,4,4,True,validated,0
730e1af4-b013-497a-9cf8-5caeac97233c,prca02,likert5,2,4,True,validated,1
730e1af4-b013-497a-9cf8-5caeac97233c,prca03,likert5,2,2,True,validated,0
730e1af4-b013-497a-9cf8-5caeac97233c,prca04,likert5,3,3,True,validated,1
730e1af4-b013-497a-9cf8-5caeac97233c,prca05,likert5,1,1,True,validated,0
730e1af4-b013-497a-9cf8-5caeac97233c,prca06,likert5,2,4,True,validated,1
730e1af4-b013-497a-9cf8-5caeac97233c,prca13,likert5,4,4,True,validated,0
730e1af4-b013-497a-9cf8-5caeac97233c,prca14,likert5,3,3,True,validated,1
730e1af4-b013-497a-9cf8-5caeac97233c,prca15,likert5,1,1,True,validated,0
730e1af4-b013-497a-9cf8-5caeac97233c,prca16,likert5,1,5,True,validated,1
730e1af4-b013-497a-9cf8-5caeac97233c,prca17,likert5,4,2,True,validated,1
730e1af4-b013-497a-9cf8-5caeac97233c,prca18,likert5,4,4,True,validated,0
53f1cca8-bb1f-4f55-8cac-44a2af49f54b,prca01,likert5,1,1,True,validated,0
53f1cca8-bb1f-4f55-8cac-44a2af49f54b,prca02,likert5,1,5,True,validated,1
53f1cca8-bb1f-4f55-8cac-44a2af49f54b,prca03,likert5,1,1,True,validated,0
53f1cca8-bb1f-4f55-8cac-44a2af49f54b,prca04,likert5,4,2,True,validated,1
53f1cca8-bb1f-4f55-8cac-44a2af49f54b,prca05,likert5,1,1,True,validated,0
53f1cca8-bb1f-4f55-8cac-44a2af49f54b,prca06,likert5,1,5,True,validated,1
53f1cca8-bb1f-4f55-8cac-44a2af49f54b,prca13,likert5,1,1,True,validated,0
53f1cca8-bb1f-4f55-8cac-44a2af49f54b,prca14,likert5,4,2,True,validated,1
53f1cca8-bb1f-4f55-8cac-44a2af49f54b,prca15,likert5,4,4,True,validated,0
53f1cca8-bb1f-4f55-8cac-44a2af49f54b,prca16,likert5,1,5,True,validated,1
53f1cca8-bb1f-4f55-8cac-44a2af49f54b,prca17,likert5,4,2,True,validated,1
53f1cca8-bb1f-4f55-8cac-44a2af49f54b,prca18,likert5,1,1,True,validated,0
193bf8b8-45e3-41e6-9738-600926f6b50f,prca01,likert5,3,3,True,validated,0
193bf8b8-45e3-41e6-9738-600926f6b50f,prca02,likert5,1,5,True,validated,1
193bf8b8-45e3-41e6-9738-600926f6b50f,prca03,likert5,4,4,True,validated,0
193bf8b8-45e3-41e6-9738-600926f6b50f,prca04,likert5,3,3,True,validated,1
193bf8b8-45e3-41e6-9738-600926f6b50f,prca05,likert5,4,4,True,validated,0
193bf8b8-45e3-41e6-9738-600926f6b50f,prca06,likert5,1,5,True,validated,1
193bf8b8-45e3-41e6-9738-600926f6b50f,prca13,likert5,2,2,True,validated,0
193bf8b8-45e3-41e6-9738-600926f6b50f,prca14,likert5,2,4,True,validated,1
193bf8b8-45e3-41e6-9738-600926f6b50f,prca15,likert5,1,1,True,validated,0
193bf8b8-45e3-41e6-9738-600926f6b50f,prca16,likert5,2,4,True,validated,1
193bf8b8-45e3-41e6-9738-600926f6b50f,prca17,likert5,4,2,True,validated,1
193bf8b8-45e3-41e6-9738-600926f6b50f,prca18,likert5,1,1,True,validated,0
cc204189-5351-4d66-9536-0cdc39e1d3b6,prca01,likert5,1,1,True,validated,0
cc204189-5351-4d66-9536-0cdc39e1d3b6,prca02,likert5,4,2,True,validated,1
cc204189-5351-4d66-9536-0cdc39e1d3b6,prca03,likert5,2,2,True,validated,0
cc204189-5351-4d66-9536-0cdc39e1d3b6,prca04,likert5,4,2,True,validated,1
cc204189-5351-4d66-9536-0cdc39e1d3b6,prca05,likert5,1,1,True,validated,0
cc204189-5351-4d66-9536-0cdc39e1d3b6,prca06,likert5,1,5,True,validated,1
cc204189-5351-4d66-9536-0cdc39e1d3b6,prca13,likert5,1,1,True,validated,0
cc204189-5351-4d66-9536-0cdc39e1d3b6,prca14,likert5,1,5,True,validated,1
cc204189-5351-4d66-9536-0cdc39e1d3b6,prca15,likert5,1,1,True,validated,0
cc204189-5351-4d66-9536-0cdc39e1d3b6,prca16,likert5,1,5,True,validated,1
cc204189-5351-4d66-9536-0cdc39e1d3b6,prca17,likert5,1,5,True,validated,1
cc204189-5351-4d66-9536-0cdc39e1d3b6,prca18,likert5,1,1,True,validated,0
b7a02797-7439-43a3-a639-08fbc511d364,prca01,likert5,1,1,True,validated,0
b7a02797-7439-43a3-a639-08fbc511d364,prca02,likert5,2,4,True,validated,1
b7a02797-7439-43a3-a639-08fbc511d364,prca03,likert5,1,1,True,validated,0
b7a02797-7439-43a3-a639-08fbc511d364,prca04,likert5,1,5,True,validated,1
b7a02797-7439-43a3-a639-08fbc511d364,prca05,likert5,1,1,True,validated,0
b7a02797-7439-43a3-a639-08fbc511d364,prca06,likert5,2,4,True,validated,1
b7a02797-7439-43a3-a639-08fbc511d364,prca13,likert5,2,2,True,validated,0
b7a02797-7439-43a3-a639-08fbc511d364,prca14,likert5,1,5,True,validated,1
b7a02797-7439-43a3-a639-08fbc511d364,prca15,likert5,4,4,True,validated,0
b7a02797-7439-43a3-a639-08fbc511d364,prca16,likert5,1,5,True,validated,1
b7a02797-7439-43a3-a639-08fbc511d364,prca17,likert5,1,5,True,validated,1
b7a02797-7439-43a3-a639-08fbc511d364,prca18,likert5,4,4,True,validated,0
a590c89c-5e03-4e81-bdda-45f40559458c,prca01,likert5,1,1,True,validated,0
a590c89c-5e03-4e81-bdda-45f40559458c,prca02,likert5,1,5,True,validated,1
a590c89c-5e03-4e81-bdda-45f40559458c,prca03,likert5,1,1,True,validated,0
a590c89c-5e03-4e81-bdda-45f40559458c,prca04,likert5,4,2,True,validated,1
a590c89c-5e03-4e81-bdda-45f40559458c,prca05,likert5,1,1,True,validated,0
a590c89c-5e03-4e81-bdda-45f40559458c,prca06,likert5,4,2,True,validated,1
a590c89c-5e03-4e81-bdda-45f40559458c,prca13,likert5,4,4,True,validated,0
a590c89c-5e03-4e81-bdda-45f40559458c,prca14,likert5,1,5,True,validated,1
a590c89c-5e03-4e81-bdda-45f40559458c,prca15,likert5,1,1,True,validated,0
a590c89c-5e03-4e81-bdda-45f40559458c,prca16,likert5,1,5,True,validated,1
a590c89c-5e03-4e81-bdda-45f40559458c,prca17,likert5,1,5,True,validated,1
a590c89c-5e03-4e81-bdda-45f40559458c,prca18,likert5,1,1,True,validated,0
cef11b10-c407-4f6f-8e18-4e5dcec02323,prca01,likert5,2,2,True,validated,0
cef11b10-c407-4f6f-8e18-4e5dcec02323,prca02,likert5,4,2,True,validated,1
cef11b10-c407-4f6f-8e18-4e5dcec02323,prca03,likert5,1,1,True,validated,0
cef11b10-c407-4f6f-8e18-4e5dcec02323,prca04,likert5,4,2,True,validated,1
cef11b10-c407-4f6f-8e18-4e5dcec02323,prca05,likert5,2,2,True,validated,0
cef11b10-c407-4f6f-8e18-4e5dcec02323,prca06,likert5,1,5,True,validated,1
cef11b10-c407-4f6f-8e18-4e5dcec02323,prca13,likert5,1,1,True,validated,0
cef11b10-c407-4f6f-8e18-4e5dcec02323,prca14,likert5,4,2,True,validated,1
cef11b10-c407-4f6f-8e18-4e5dcec02323,prca15,likert5,2,2,True,validated,0
cef11b10-c407-4f6f-8e18-4e5dcec02323,prca16,likert5,1,5,True,validated,1
cef11b10-c407-4f6f-8e18-4e5dcec02323,prca17,likert5,4,2,True,validated,1
cef11b10-c407-4f6f-8e18-4e5dcec02323,prca18,likert5,4,4,True,validated,0
83e463da-e1e3-416d-b871-fa667b259b46,prca01,likert5,4,4,True,validated,0
83e463da-e1e3-416d-b871-fa667b259b46,prca02,likert5,4,2,True,validated,1
83e463da-e1e3-416d-b871-fa667b259b46,prca03,likert5,2,2,True,validated,0
83e463da-e1e3-416d-b871-fa667b259b46,prca04,likert5,1,5,True,validated,1
83e463da-e1e3-416d-b871-fa667b259b46,prca05,likert5,4,4,True,validated,0
83e463da-e1e3-416d-b871-fa667b259b46,prca06,likert5,1,5,True,validated,1
83e463da-e1e3-416d-b871-fa667b259b46,prca13,likert5,1,1,True,validated,0
83e463da-e1e3-416d-b871-fa667b259b46,prca14,likert5,1,5,True,validated,1
83e463da-e1e3-416d-b871-fa667b259b46,prca15,likert5,1,1,True,validated,0
83e463da-e1e3-416d-b871-fa667b259b46,prca16,likert5,4,2,True,validated,1
83e463da-e1e3-416d-b871-fa667b259b46,prca17,likert5,2,4,True,validated,1
83e463da-e1e3-416d-b871-fa667b259b46,prca18,likert5,2,2,True,validated,0
11738062-2aac-4412-b511-a379cb1642e5,prca01,likert5,1,1,True,validated,0
11738062-2aac-4412-b511-a379cb1642e5,prca02,likert5,1,5,True,validated,1
11738062-2aac-4412-b511-a379cb1642e5,prca03,likert5,1,1,True,validated,0
11738062-2aac-4412-b511-a379cb1642e5,prca04,likert5,2,4,True,validated,1
11738062-2aac-4412-b511-a379cb1642e5,prca05,likert5,1,1,True,validated,0
11738062-2aac-4412-b511-a379cb1642e5,prca06,likert5,1,5,True,validated,1
11738062-2aac-4412-b511-a379cb1642e5,prca13,likert5,1,1,True,validated,0
11738062-2aac-4412-b511-a379cb1642e5,prca14,likert5,4,2,True,validated,1
11738062-2aac-4412-b511-a379cb1642e5,prca15,likert5,1,1,True,validated,0
11738062-2aac-4412-b511-a379cb1642e5,prca16,likert5,1,5,True,validated,1
11738062-2aac-4412-b511-a379cb1642e5,prca17,likert5,1,5,True,validated,1
11738062-2aac-4412-b511-a379cb1642e5,prca18,likert5,1,1,True,validated,0
9c4f2408-1ee2-48c8-9556-2ee360ba4bea,prca01,likert5,1,1,True,validated,0
9c4f2408-1ee2-48c8-9556-2ee360ba4bea,prca02,likert5,1,5,True,validated,1
9c4f2408-1ee2-48c8-9556-2ee360ba4bea,prca03,likert5,4,4,True,validated,0
9c4f2408-1ee2-48c8-9556-2ee360ba4bea,prca04,likert5,1,5,True,validated,1
9c4f2408-1ee2-48c8-9556-2ee360ba4bea,prca05,likert5,1,1,True,validated,0
9c4f2408-1ee2-48c8-9556-2ee360ba4bea,prca06,likert5,2,4,True,validated,1
9c4f2408-1ee2-48c8-9556-2ee360ba4bea,prca13,likert5,2,2,True,validated,0
9c4f2408-1ee2-48c8-9556-2ee360ba4bea,prca14,likert5,2,4,True,validated,1
9c4f2408-1ee2-48c8-9556-2ee360ba4bea,prca15,likert5,1,1,True,validated,0
9c4f2408-1ee2-48c8-9556-2ee360ba4bea,prca16,likert5,1,5,True,validated,1
9c4f2408-1ee2-48c8-9556-2ee360ba4bea,prca17,likert5,2,4,True,validated,1
9c4f2408-1ee2-48c8-9556-2ee360ba4bea,prca18,likert5,1,1,True,validated,0
53ae62d9-4e28-4f85-ac62-ee0718369c81,prca01,likert5,4,4,True,validated,0
53ae62d9-4e28-4f85-ac62-ee0718369c81,prca02,likert5,4,2,True,validated,1
53ae62d9-4e28-4f85-ac62-ee0718369c81,prca03,likert5,1,1,True,validated,0
53ae62d9-4e28-4f85-ac62-ee0718369c81,prca04,likert5,1,5,True,validated,1
53ae62d9-4e28-4f85-ac62-ee0718369c81,prca05,likert5,2,2,True,validated,0
53ae62d9-4e28-4f85-ac62-ee0718369c81,prca06,likert5,3,3,True,validated,1
53ae62d9-4e28-4f85-ac62-ee0718369c81,prca13,likert5,1,1,True,validated,0
53ae62d9-4e28-4f85-ac62-ee0718369c81,prca14,likert5,2,4,True,validated,1
53ae62d9-4e28-4f85-ac62-ee0718369c81,prca15,likert5,1,1,True,validated,0
53ae62d9-4e28-4f85-ac62-ee0718369c81,prca16,likert5,1,5,True,validated,1
53ae62d9-4e28-4f85-ac62-ee0718369c81,prca17,likert5,1,5,True,validated,1
53ae62d9-4e28-4f85-ac62-ee0718369c81,prca18,likert5,4,4,True,validated,0
a4cfb191-84f6-4950-8584-38ba04ed7041,prca01,likert5,1,1,True,validated,0
a4cfb191-84f6-4950-8584-38ba04ed7041,prca02,likert5,1,5,True,validated,1
a4cfb191-84f6-4950-8584-38ba04ed7041,prca03,likert5,2,2,True,validated,0
a4cfb191-84f6-4950-8584-38ba04ed7041,prca04,likert5,1,5,True,validated,1
a4cfb191-84f6-4950-8584-38ba04ed7041,prca05,likert5,4,4,True,validated,0
a4cfb191-84f6-4950-8584-38ba04ed7041,prca06,likert5,1,5,True,validated,1
a4cfb191-84f6-4950-8584-38ba04ed7041,prca13,likert5,1,1,True,validated,0
a4cfb191-84f6-4950-8584-38ba04ed7041,prca14,likert5,1,5,True,validated,1
a4cfb191-84f6-4950-8584-38ba04ed7041,prca15,likert5,1,1,True,validated,0
a4cfb191-84f6-4950-8584-38ba04ed7041,prca16,likert5,2,4,True,validated,1
a4cfb191-84f6-4950-8584-38ba04ed7041,prca17,likert5,4,2,True,validated,1
a4cfb191-84f6-4950-8584-38ba04ed7041,prca18,likert5,1,1,True,validated,0
a6073033-e6a3-4e5c-8027-bdd17cf0bb41,prca01,likert5,1,1,True,validated,0
a6073033-e6a3-4e5c-8027-bdd17cf0bb41,prca02,likert5,2,4,True,validated,1
a6073033-e6a3-4e5c-8027-bdd17cf0bb41,prca03,likert5,1,1,True,validated,0
a6073033-e6a3-4e5c-8027-bdd17cf0bb41,prca04,likert5,1,5,True,validated,1
a6073033-e6a3-4e5c-8027-bdd17cf0bb41,prca05,likert5,2,2,True,validated,0
a6073033-e6a3-4e5c-8027-bdd17cf0bb41,prca06,likert5,1,5,True,validated,1
a6073033-e6a3-4e5c-8027-bdd17cf0bb41,prca13,likert5,1,1,True,validated,0
a6073033-e6a3-4e5c-8027-bdd17cf0bb41,prca14,likert5,4,2,True,validated,1
a6073033-e6a3-4e5c-8027-bdd17cf0bb41,prca15,likert5,1,1,True,validated,0
a6073033-e6a3-4e5c-8027-bdd17cf0bb41,prca16,likert5,2,4,True,validated,1
a6073033-e6a3-4e5c-8027-bdd17cf0bb41,prca17,likert5,1,5,True,validated,1
a6073033-e6a3-4e5c-8027-bdd17cf0bb41,prca18,likert5,1,1,True,validated,0
94747199-ef01-46d2-b970-cdc1ea3fd2fe,prca01,likert5,4,4,True,validated,0
94747199-ef01-46d2-b970-cdc1ea3fd2fe,prca02,likert5,4,2,True,validated,1
94747199-ef01-46d2-b970-cdc1ea3fd2fe,prca03,likert5,4,4,True,validated,0
94747199-ef01-46d2-b970-cdc1ea3fd2fe,prca04,likert5,4,2,True,validated,1
94747199-ef01-46d2-b970-cdc1ea3fd2fe,prca05,likert5,2,2,True,validated,0
94747199-ef01-46d2-b970-cdc1ea3fd2fe,prca06,likert5,4,2,True,validated,1
94747199-ef01-46d2-b970-cdc1ea3fd2fe,prca13,likert5,2,2,True,validated,0
94747199-ef01-46d2-b970-cdc1ea3fd2fe,prca14,likert5,1,5,True,validated,1
94747199-ef01-46d2-b970-cdc1ea3fd2fe,prca15,likert5,1,1,True,validated,0
94747199-ef01-46d2-b970-cdc1ea3fd2fe,prca16,likert5,1,5,True,validated,1
94747199-ef01-46d2-b970-cdc1ea3fd2fe,prca17,likert5,2,4,True,validated,1
94747199-ef01-46d2-b970-cdc1ea3fd2fe,prca18,likert5,1,1,True,validated,0
8ba4454b-1d43-411f-8b6a-fe3f6e9de7eb,prca01,likert5,3,3,True,validated,0
8ba4454b-1d43-411f-8b6a-fe3f6e9de7eb,prca02,likert5,4,2,True,validated,1
8ba4454b-1d43-411f-8b6a-fe3f6e9de7eb,prca03,likert5,4,4,True,validated,0
8ba4454b-1d43-411f-8b6a-fe3f6e9de7eb,prca04,likert5,4,2,True,validated,1
8ba4454b-1d43-411f-8b6a-fe3f6e9de7eb,prca05,likert5,4,4,True,validated,0
8ba4454b-1d43-411f-8b6a-fe3f6e9de7eb,prca06,likert5,1,5,True,validated,1
8ba4454b-1d43-411f-8b6a-fe3f6e9de7eb,prca13,likert5,1,1,True,validated,0
8ba4454b-1d43-411f-8b6a-fe3f6e9de7eb,prca14,likert5,2,4,True,validated,1
8ba4454b-1d43-411f-8b6a-fe3f6e9de7eb,prca15,likert5,1,1,True,validated,0
8ba4454b-1d43-411f-8b6a-fe3f6e9de7eb,prca16,likert5,4,2,True,validated,1
8ba4454b-1d43-411f-8b6a-fe3f6e9de7eb,prca17,likert5,4,2,True,validated,1
8ba4454b-1d43-411f-8b6a-fe3f6e9de7eb,prca18,likert5,1,1,True,validated,0
468ba0f4-800f-49ef-b811-2158511159ca,prca01,likert5,4,4,True,validated,0
468ba0f4-800f-49ef-b811-2158511159ca,prca02,likert5,1,5,True,validated,1
468ba0f4-800f-49ef-b811-2158511159ca,prca03,likert5,1,1,True,validated,0
468ba0f4-800f-49ef-b811-2158511159ca,prca04,likert5,1,5,True,validated,1
468ba0f4-800f-49ef-b811-2158511159ca,prca05,likert5,4,4,True,validated,0
468ba0f4-800f-49ef-b811-2158511159ca,prca06,likert5,2,4,True,validated,1
468ba0f4-800f-49ef-b811-2158511159ca,prca13,likert5,1,1,True,validated,0
468ba0f4-800f-49ef-b811-2158511159ca,prca14,likert5,4,2,True,validated,1
468ba0f4-800f-49ef-b811-2158511159ca,prca15,likert5,1,1,True,validated,0
468ba0f4-800f-49ef-b811-2158511159ca,prca16,likert5,1,5,True,validated,1
468ba0f4-800f-49ef-b811-2158511159ca,prca17,likert5,1,5,True,validated,1
468ba0f4-800f-49ef-b811-2158511159ca,prca18,likert5,4,4,True,validated,0
96a88149-984a-4e92-bd10-6caba41a6c92,prca01,likert5,1,1,True,validated,0
96a88149-984a-4e92-bd10-6caba41a6c92,prca02,likert5,4,2,True,validated,1
96a88149-984a-4e92-bd10-6caba41a6c92,prca03,likert5,4,4,True,validated,0
96a88149-984a-4e92-bd10-6caba41a6c92,prca04,likert5,1,5,True,validated,1
96a88149-984a-4e92-bd10-6caba41a6c92,prca05,likert5,4,4,True,validated,0
96a88149-984a-4e92-bd10-6caba41a6c92,prca06,likert5,1,5,True,validated,1
96a88149-984a-4e92-bd10-6caba41a6c92,prca13,likert5,4,4,True,validated,0
96a88149-984a-4e92-bd10-6caba41a6c92,prca14,likert5,4,2,True,validated,1
96a88149-984a-4e92-bd10-6caba41a6c92,prca15,likert5,1,1,True,validated,0
96a88149-984a-4e92-bd10-6caba41a6c92,prca16,likert5,1,5,True,validated,1
96a88149-984a-4e92-bd10-6caba41a6c92,prca17,likert5,1,5,True,validated,1
96a88149-984a-4e92-bd10-6caba41a6c92,prca18,likert5,1,1,True,validated,0
21f8742e-f543-46c8-b8bb-860e851db553,prca01,likert5,4,4,True,validated,0
21f8742e-f543-46c8-b8bb-860e851db553,prca02,likert5,1,5,True,validated,1
21f8742e-f543-46c8-b8bb-860e851db553,prca03,likert5,4,4,True,validated,0
21f8742e-f543-46c8-b8bb-860e851db553,prca04,likert5,3,3,True,validated,1
21f8742e-f543-46c8-b8bb-860e851db553,prca05,likert5,1,1,True,validated,0
21f8742e-f543-46c8-b8bb-860e851db553,prca06,likert5,2,4,True,validated,1
21f8742e-f543-46c8-b8bb-860e851db553,prca13,likert5,2,2,True,validated,0
21f8742e-f543-46c8-b8bb-860e851db553,prca14,likert5,2,4,True,validated,1
21f8742e-f543-46c8-b8bb-860e851db553,prca15,likert5,1,1,True,validated,0
21f8742e-f543-46c8-b8bb-860e851db553,prca16,likert5,1,5,True,validated,1
21f8742e-f543-46c8-b8bb-860e851db553,prca17,likert5,2,4,True,validated,1
21f8742e-f543-46c8-b8bb-860e851db553,prca18,likert5,1,1,True,validated,0
7108822e-b495-4bef-97b9-10479ffcdeb8,prca01,likert5,1,1,True,validated,0
7108822e-b495-4bef-97b9-10479ffcdeb8,prca02,likert5,1,5,True,validated,1
7108822e-b495-4bef-97b9-10479ffcdeb8,prca03,likert5,1,1,True,validated,0
7108822e-b495-4bef-97b9-10479ffcdeb8,prca04,likert5,2,4,True,validated,1
7108822e-b495-4bef-97b9-10479ffcdeb8,prca05,likert5,2,2,True,validated,0
7108822e-b495-4bef-97b9-10479ffcdeb8,prca06,likert5,1,5,True,validated,1
7108822e-b495-4bef-97b9-10479ffcdeb8,prca13,likert5,2,2,True,validated,0
7108822e-b495-4bef-97b9-10479ffcdeb8,prca14,likert5,1,5,True,validated,1
7108822e-b495-4bef-97b9-10479ffcdeb8,prca15,likert5,4,4,True,validated,0
7108822e-b495-4bef-97b9-10479ffcdeb8,prca16,likert5,1,5,True,validated,1
7108822e-b495-4bef-97b9-10479ffcdeb8,prca17,likert5,1,5,True,validated,1
7108822e-b495-4bef-97b9-10479ffcdeb8,prca18,likert5,4,4,True,validated,0
cf57f6fd-4f8c-41d8-9df8-f0f85f0c8de7,prca01,likert5,2,2,True,validated,0
cf57f6fd-4f8c-41d8-9df8-f0f85f0c8de7,prca02,likert5,4,2,True,validated,1
cf57f6fd-4f8c-41d8-9df8-f0f85f0c8de7,prca03,likert5,1,1,True,validated,0
cf57f6fd-4f8c-41d8-9df8-f0f85f0c8de7,prca04,likert5,1,5,True,validated,1
cf57f6fd-4f8c-41d8-9df8-f0f85f0c8de7,prca05,likert5,4,4,True,validated,0
cf57f6fd-4f8c-41d8-9df8-f0f85f0c8de7,prca06,likert5,1,5,True,validated,1
cf57f6fd-4f8c-41d8-9df8-f0f85f0c8de7,prca13,likert5,2,2,True,validated,0
cf57f6fd-4f8c-41d8-9df8-f0f85f0c8de7,prca14,likert5,4,2,True,validated,1
cf57f6fd-4f8c-41d8-9df8-f0f85f0c8de7,prca15,likert5,1,1,True,validated,0
cf57f6fd-4f8c-41d8-9df8-f0f85f0c8de7,prca16,likert5,4,2,True,validated,1
cf57f6fd-4f8c-41d8-9df8-f0f85f0c8de7,prca17,likert5,2,4,True,validated,1
cf57f6fd-4f8c-41d8-9df8-f0f85f0c8de7,prca18,likert5,2,2,True,validated,0
440c197f-1cdb-4e51-81c4-747c372ebf94,prca01,likert5,2,2,True,validated,0
440c197f-1cdb-4e51-81c4-747c372ebf94,prca02,likert5,4,2,True,validated,1
440c197f-1cdb-4e51-81c4-747c372ebf94,prca03,likert5,1,1,True,validated,0
440c197f-1cdb-4e51-81c4-747c372ebf94,prca04,likert5,1,5,True,validated,1
440c197f-1cdb-4e51-81c4-747c372ebf94,prca05,likert5,1,1,True,validated,0
440c197f-1cdb-4e51-81c4-747c372ebf94,prca06,likert5,1,5,True,validated,1
440c197f-1cdb-4e51-81c4-747c372ebf94,prca13,likert5,1,1,True,validated,0
440c197f-1cdb-4e51-81c4-747c372ebf94,prca14,likert5,1,5,True,validated,1
440c197f-1cdb-4e51-81c4-747c372ebf94,prca15,likert5,1,1,True,validated,0
440c197f-1cdb-4e51-81c4-747c372ebf94,prca16,likert5,1,5,True,validated,1
440c197f-1cdb-4e51-81c4-747c372ebf94,prca17,likert5,1,5,True,validated,1
440c197f-1cdb-4e51-81c4-747c372ebf94,prca18,likert5,4,4,True,validated,0
a0094255-7378-45e6-b85d-f1c502b0451a,prca01,likert5,1,1,True,validated,0
a0094255-7378-45e6-b85d-f1c502b0451a,prca02,likert5,1,5,True,validated,1
a0094255-7378-45e6-b85d-f1c502b0451a,prca03,likert5,1,1,True,validated,0
a0094255-7378-45e6-b85d-f1c502b0451a,prca04,likert5,3,3,True,validated,1
a0094255-7378-45e6-b85d-f1c502b0451a,prca05,likert5,2,2,True,validated,0
a0094255-7378-45e6-b85d-f1c502b0451a,prca06,likert5,4,2,True,validated,1
a0094255-7378-45e6-b85d-f1c502b0451a,prca13,likert5,4,4,True,validated,0
a0094255-7378-45e6-b85d-f1c502b0451a,prca14,likert5,4,2,True,validated,1
a0094255-7378-45e6-b85d-f1c502b0451a,prca15,likert5,1,1,True,validated,0
a0094255-7378-45e6-b85d-f1c502b0451a,prca16,likert5,2,4,True,validated,1
a0094255-7378-45e6-b85d-f1c502b0451a,prca17,likert5,3,3,True,validated,1
a0094255-7378-45e6-b85d-f1c502b0451a,prca18,likert5,1,1,True,validated,0
2932dd30-7842-4f0d-9636-93611f60494c,prca01,likert5,3,3,True,validated,0
2932dd30-7842-4f0d-9636-93611f60494c,prca02,likert5,1,5,True,validated,1
2932dd30-7842-4f0d-9636-93611f60494c,prca03,likert5,1,1,True,validated,0
2932dd30-7842-4f0d-9636-93611f60494c,prca04,likert5,3,3,True,validated,1
2932dd30-7842-4f0d-9636-93611f60494c,prca05,likert5,1,1,True,validated,0
2932dd30-7842-4f0d-9636-93611f60494c,prca06,likert5,1,5,True,validated,1
2932dd30-7842-4f0d-9636-93611f60494c,prca13,likert5,4,4,True,validated,0
2932dd30-7842-4f0d-9636-93611f60494c,prca14,likert5,4,2,True,validated,1
2932dd30-7842-4f0d-9636-93611f60494c,prca15,likert5,1,1,True,validated,0
2932dd30-7842-4f0d-9636-93611f60494c,prca16,likert5,4,2,True,validated,1
2932dd30-7842-4f0d-9636-93611f60494c,prca17,likert5,1,5,True,validated,1
2932dd30-7842-4f0d-9636-93611f60494c,prca18,likert5,1,1,True,validated,0
d143c1d5-8bf1-4383-b8cd-b0875d7106ac,prca01,likert5,2,2,True,validated,0
d143c1d5-8bf1-4383-b8cd-b0875d7106ac,prca02,likert5,4,2,True,validated,1
d143c1d5-8bf1-4383-b8cd-b0875d7106ac,prca03,likert5,2,2,True,validated,0
d143c1d5-8bf1-4383-b8cd-b0875d7106ac,prca04,likert5,2,4,True,validated,1
d143c1d5-8bf1-4383-b8cd-b0875d7106ac,prca05,likert5,2,2,True,validated,0
d143c1d5-8bf1-4383-b8cd-b0875d7106ac,prca06,likert5,2,4,True,validated,1
d143c1d5-8bf1-4383-b8cd-b0875d7106ac,prca13,likert5,2,2,True,validated,0
d143c1d5-8bf1-4383-b8cd-b0875d7106ac,prca14,likert5,1,5,True,validated,1
d143c1d5-8bf1-4383-b8cd-b0875d7106ac,prca15,likert5,4,4,True,validated,0
d143c1d5-8bf1-4383-b8cd-b0875d7106ac,prca16,likert5,4,2,True,validated,1
d143c1d5-8bf1-4383-b8cd-b0875d7106ac,prca17,likert5,1,5,True,validated,1
d143c1d5-8bf1-4383-b8cd-b0875d7106ac,prca18,likert5,2,2,True,validated,0
c63b1645-0240-4d37-a7b2-b701992a6ea5,prca01,likert5,1,1,True,validated,0
c63b1645-0240-4d37-a7b2-b701992a6ea5,prca02,likert5,4,2,True,validated,1
c63b1645-0240-4d37-a7b2-b701992a6ea5,prca03,likert5,1,1,True,validated,0
c63b1645-0240-4d37-a7b2-b701992a6ea5,prca04,likert5,4,2,True,validated,1
c63b1645-0240-4d37-a7b2-b701992a6ea5,prca05,likert5,1,1,True,validated,0
c63b1645-0240-4d37-a7b2-b701992a6ea5,prca06,likert5,1,5,True,validated,1
c63b1645-0240-4d37-a7b2-b701992a6ea5,prca13,likert5,1,1,True,validated,0
c63b1645-0240-4d37-a7b2-b701992a6ea5,prca14,likert5,1,5,True,validated,1
c63b1645-0240-4d37-a7b2-b701992a6ea5,prca15,likert5,1,1,True,validated,0
c63b1645-0240-4d37-a7b2-b701992a6ea5,prca16,likert5,1,5,True,validated,1
c63b1645-0240-4d37-a7b2-b701992a6ea5,prca17,likert5,4,2,True,validated,1
c63b1645-0240-4d37-a7b2-b701992a6ea5,prca18,likert5,1,1,True,validated,0
b2a2ec4d-773b-4eb8-b195-c7786e557488,prca01,likert5,1,1,True,validated,0
b2a2ec4d-773b-4eb8-b195-c7786e557488,prca02,likert5,1,5,True,validated,1
b2a2ec4d-773b-4eb8-b195-c7786e557488,prca03,likert5,1,1,True,validated,0
b2a2ec4d-773b-4eb8-b195-c7786e557488,prca04,likert5,2,4,True,validated,1
b2a2ec4d-773b-4eb8-b195-c7786e557488,prca05,likert5,1,1,True,validated,0
b2a2ec4d-773b-4eb8-b195-c7786e557488,prca06,likert5,1,5,True,validated,1
b2a2ec4d-773b-4eb8-b195-c7786e557488,prca13,likert5,1,1,True,validated,0
b2a2ec4d-773b-4eb8-b195-c7786e557488,prca14,likert5,2,4,True,validated,1
b2a2ec4d-773b-4eb8-b195-c7786e557488,prca15,likert5,1,1,True,validated,0
b2a2ec4d-773b-4eb8-b195-c7786e557488,prca16,likert5,1,5,True,validated,1
b2a2ec4d-773b-4eb8-b195-c7786e557488,prca17,likert5,1,5,True,validated,1
b2a2ec4d-773b-4eb8-b195-c7786e557488,prca18,likert5,1,1,True,validated,0
8ab92c66-5a9c-433a-b36b-0f1936c36347,prca01,likert5,4,4,True,validated,0
8ab92c66-5a9c-433a-b36b-0f1936c36347,prca02,likert5,1,5,True,validated,1
8ab92c66-5a9c-433a-b36b-0f1936c36347,prca03,likert5,2,2,True,validated,0
8ab92c66-5a9c-433a-b36b-0f1936c36347,prca04,likert5,4,2,True,validated,1
8ab92c66-5a9c-433a-b36b-0f1936c36347,prca05,likert5,1,1,True,validated,0
8ab92c66-5a9c-433a-b36b-0f1936c36347,prca06,likert5,1,5,True,validated,1
8ab92c66-5a9c-433a-b36b-0f1936c36347,prca13,likert5,4,4,True,validated,0
8ab92c66-5a9c-433a-b36b-0f1936c36347,prca14,likert5,2,4,True,validated,1
8ab92c66-5a9c-433a-b36b-0f1936c36347,prca15,likert5,4,4,True,validated,0
8ab92c66-5a9c-433a-b36b-0f1936c36347,prca16,likert5,1,5,True,validated,1
8ab92c66-5a9c-433a-b36b-0f1936c36347,prca17,likert5,4,2,True,validated,1
8ab92c66-5a9c-433a-b36b-0f1936c36347,prca18,likert5,1,1,True,validated,0
66bc14b5-dba9-45f8-9a9a-eda5ca97b2f9,prca01,likert5,1,1,True,validated,0
66bc14b5-dba9-45f8-9a9a-eda5ca97b2f9,prca02,likert5,1,5,True,validated,1
66bc14b5-dba9-45f8-9a9a-eda5ca97b2f9,prca03,likert5,1,1,True,validated,0
66bc14b5-dba9-45f8-9a9a-eda5ca97b2f9,prca04,likert5,3,3,True,validated,1
66bc14b5-dba9-45f8-9a9a-eda5ca97b2f9,prca05,likert5,2,2,True,validated,0
66bc14b5-dba9-45f8-9a9a-eda5ca97b2f9,prca06,likert5,1,5,True,validated,1
66bc14b5-dba9-45f8-9a9a-eda5ca97b2f9,prca13,likert5,1,1,True,validated,0
66bc14b5-dba9-45f8-9a9a-eda5ca97b2f9,prca14,likert5,1,5,True,validated,1
66bc14b5-dba9-45f8-9a9a-eda5ca97b2f9,prca15,likert5,2,2,True,validated,0
66bc14b5-dba9-45f8-9a9a-eda5ca97b2f9,prca16,likert5,2,4,True,validated,1
66bc14b5-dba9-45f8-9a9a-eda5ca97b2f9,prca17,likert5,1,5,True,validated,1
66bc14b5-dba9-45f8-9a9a-eda5ca97b2f9,prca18,likert5,4,4,True,validated,0
7b8149ce-6495-48c8-a3e0-f4e3f8882701,prca01,likert5,1,1,True,validated,0
7b8149ce-6495-48c8-a3e0-f4e3f8882701,prca02,likert5,1,5,True,validated,1
7b8149ce-6495-48c8-a3e0-f4e3f8882701,prca03,likert5,1,1,True,validated,0
7b8149ce-6495-48c8-a3e0-f4e3f8882701,prca04,likert5,1,5,True,validated,1
7b8149ce-6495-48c8-a3e0-f4e3f8882701,prca05,likert5,1,1,True,validated,0
7b8149ce-6495-48c8-a3e0-f4e3f8882701,prca06,likert5,2,4,True,validated,1
7b8149ce-6495-48c8-a3e0-f4e3f8882701,prca13,likert5,1,1,True,validated,0
7b8149ce-6495-48c8-a3e0-f4e3f8882701,prca14,likert5,4,2,True,validated,1
7b8149ce-6495-48c8-a3e0-f4e3f8882701,prca15,likert5,1,1,True,validated,0
7b8149ce-6495-48c8-a3e0-f4e3f8882701,prca16,likert5,2,4,True,validated,1
7b8149ce-6495-48c8-a3e0-f4e3f8882701,prca17,likert5,1,5,True,validated,1
7b8149ce-6495-48c8-a3e0-f4e3f8882701,prca18,likert5,1,1,True,validated,0
4b2acc97-aa8e-4426-8a2b-e2457f8645cb,prca01,likert5,2,2,True,validated,0
4b2acc97-aa8e-4426-8a2b-e2457f8645cb,prca02,likert5,4,2,True,validated,1
4b2acc97-aa8e-4426-8a2b-e2457f8645cb,prca03,likert5,4,4,True,validated,0
4b2acc97-aa8e-4426-8a2b-e2457f8645cb,prca04,likert5,1,5,True,validated,1
4b2acc97-aa8e-4426-8a2b-e2457f8645cb,prca05,likert5,1,1,True,validated,0
4b2acc97-aa8e-4426-8a2b-e2457f8645cb,prca06,likert5,1,5,True,validated,1
4b2acc97-aa8e-4426-8a2b-e2457f8645cb,prca13,likert5,4,4,True,validated,0
4b2acc97-aa8e-4426-8a2b-e2457f8645cb,prca14,likert5,1,5,True,validated,1
4b2acc97-aa8e-4426-8a2b-e2457f8645cb,prca15,likert5,1,1,True,validated,0
4b2acc97-aa8e-4426-8a2b-e2457f8645cb,prca16,likert5,2,4,True,validated,1
4b2acc97-aa8e-4426-8a2b-e2457f8645cb,prca17,likert5,4,2,True,validated,1
4b2acc97-aa8e-4426-8a2b-e2457f8645cb,prca18,likert5,1,1,True,validated,0
811aad95-d9b2-49f4-8818-7a150c3b57db,prca01,likert5,1,1,True,validated,0
811aad95-d9b2-49f4-8818-7a150c3b57db,prca02,likert5,1,5,True,validated,1
811aad95-d9b2-49f4-8818-7a150c3b57db,prca03,likert5,4,4,True,validated,0
811aad95-d9b2-49f4-8818-7a150c3b57db,prca04,likert5,3,3,True,validated,1
811aad95-d9b2-49f4-8818-7a150c3b57db,prca05,likert5,1,1,True,validated,0
811aad95-d9b2-49f4-8818-7a150c3b57db,prca06,likert5,1,5,True,validated,1
811aad95-d9b2-49f4-8818-7a150c3b57db,prca13,likert5,4,4,True,validated,0
811aad95-d9b2-49f4-8818-7a150c3b57db,prca14,likert5,4,2,True,validated,1
811aad95-d9b2-49f4-8818-7a150c3b57db,prca15,likert5,4,4,True,validated,0
811aad95-d9b2-49f4-8818-7a150c3b57db,prca16,likert5,1,5,True,validated,1
811aad95-d9b2-49f4-8818-7a150c3b57db,prca17,likert5,2,4,True,validated,1
811aad95-d9b2-49f4-8818-7a150c3b57db,prca18,likert5,4,4,True,validated,0
7882b7bf-8c7e-4586-8d7d-5182836d4101,prca01,likert5,4,4,True,validated,0
7882b7bf-8c7e-4586-8d7d-5182836d4101,prca02,likert5,1,5,True,validated,1
7882b7bf-8c7e-4586-8d7d-5182836d4101,prca03,likert5,4,4,True,validated,0
7882b7bf-8c7e-4586-8d7d-5182836d4101,prca04,likert5,2,4,True,validated,1
7882b7bf-8c7e-4586-8d7d-5182836d4101,prca05,likert5,2,2,True,validated,0
7882b7bf-8c7e-4586-8d7d-5182836d4101,prca06,likert5,1,5,True,validated,1
7882b7bf-8c7e-4586-8d7d-5182836d4101,prca13,likert5,1,1,True,validated,0
7882b7bf-8c7e-4586-8d7d-5182836d4101,prca14,likert5,1,5,True,validated,1
7882b7bf-8c7e-4586-8d7d-5182836d4101,prca15,likert5,1,1,True,validated,0
7882b7bf-8c7e-4586-8d7d-5182836d4101,prca16,likert5,1,5,True,validated,1
7882b7bf-8c7e-4586-8d7d-5182836d4101,prca17,likert5,1,5,True,validated,1
7882b7bf-8c7e-4586-8d7d-5182836d4101,prca18,likert5,1,1,True,validated,0
07ecbe31-d99a-4e59-b663-5954da583222,prca01,likert5,4,4,True,validated,0
07ecbe31-d99a-4e59-b663-5954da583222,prca02,likert5,1,5,True,validated,1
07ecbe31-d99a-4e59-b663-5954da583222,prca03,likert5,1,1,True,validated,0
07ecbe31-d99a-4e59-b663-5954da583222,prca04,likert5,2,4,True,validated,1
07ecbe31-d99a-4e59-b663-5954da583222,prca05,likert5,4,4,True,validated,0
07ecbe31-d99a-4e59-b663-5954da583222,prca06,likert5,3,3,True,validated,1
07ecbe31-d99a-4e59-b663-5954da583222,prca13,likert5,1,1,True,validated,0
07ecbe31-d99a-4e59-b663-5954da583222,prca14,likert5,1,5,True,validated,1
07ecbe31-d99a-4e59-b663-5954da583222,prca15,likert5,2,2,True,validated,0
07ecbe31-d99a-4e59-b663-5954da583222,prca16,likert5,1,5,True,validated,1
07ecbe31-d99a-4e59-b663-5954da583222,prca17,likert5,1,5,True,validated,1
07ecbe31-d99a-4e59-b663-5954da583222,prca18,likert5,3,3,True,validated,0
ce82d33a-01ed-46c1-a0b4-3983078de91b,prca01,likert5,2,2,True,validated,0
ce82d33a-01ed-46c1-a0b4-3983078de91b,prca02,likert5,1,5,True,validated,1
ce82d33a-01ed-46c1-a0b4-3983078de91b,prca03,likert5,4,4,True,validated,0
ce82d33a-01ed-46c1-a0b4-3983078de91b,prca04,likert5,4,2,True,validated,1
ce82d33a-01ed-46c1-a0b4-3983078de91b,prca05,likert5,1,1,True,validated,0
ce82d33a-01ed-46c1-a0b4-3983078de91b,prca06,likert5,4,2,True,validated,1
ce82d33a-01ed-46c1-a0b4-3983078de91b,prca13,likert5,1,1,True,validated,0
ce82d33a-01ed-46c1-a0b4-3983078de91b,prca14,likert5,1,5,True,validated,1
ce82d33a-01ed-46c1-a0b4-3983078de91b,prca15,likert5,4,4,True,validated,0
ce82d33a-01ed-46c1-a0b4-3983078de91b,prca16,likert5,4,2,True,validated,1
ce82d33a-01ed-46c1-a0b4-3983078de91b,prca17,likert5,1,5,True,validated,1
ce82d33a-01ed-46c1-a0b4-3983078de91b,prca18,likert5,1,1,True,validated,0
cab6487f-7af1-4d97-b1ae-d554be6c3716,prca01,likert5,4,4,True,validated,0
cab6487f-7af1-4d97-b1ae-d554be6c3716,prca02,likert5,1,5,True,validated,1
cab6487f-7af1-4d97-b1ae-d554be6c3716,prca03,likert5,4,4,True,validated,0
cab6487f-7af1-4d97-b1ae-d554be6c3716,prca04,likert5,2,4,True,validated,1
cab6487f-7af1-4d97-b1ae-d554be6c3716,prca05,likert5,1,1,True,validated,0
cab6487f-7af1-4d97-b1ae-d554be6c3716,prca06,likert5,4,2,True,validated,1
cab6487f-7af1-4d97-b1ae-d554be6c3716,prca13,likert5,1,1,True,validated,0
cab6487f-7af1-4d97-b1ae-d554be6c3716,prca14,likert5,4,2,True,validated,1
cab6487f-7af1-4d97-b1ae-d554be6c3716,prca15,likert5,1,1,True,validated,0
cab6487f-7af1-4d97-b1ae-d554be6c3716,prca16,likert5,1,5,True,validated,1
cab6487f-7af1-4d97-b1ae-d554be6c3716,prca17,likert5,1,5,True,validated,1
cab6487f-7af1-4d97-b1ae-d554be6c3716,prca18,likert5,1,1,True,validated,0
ea1893d5-3195-4153-9403-fa388f11bc31,prca01,likert5,4,4,True,validated,0
ea1893d5-3195-4153-9403-fa388f11bc31,prca02,likert5,1,5,True,validated,1
ea1893d5-3195-4153-9403-fa388f11bc31,prca03,likert5,1,1,True,validated,0
ea1893d5-3195-4153-9403-fa388f11bc31,prca04,likert5,4,2,True,validated,1
ea1893d5-3195-4153-9403-fa388f11bc31,prca05,likert5,1,1,True,validated,0
ea1893d5-3195-4153-9403-fa388f11bc31,prca06,likert5,4,2,True,validated,1
ea1893d5-3195-4153-9403-fa388f11bc31,prca13,likert5,4,4,True,validated,0
ea1893d5-3195-4153-9403-fa388f11bc31,prca14,likert5,4,2,True,validated,1
ea1893d5-3195-4153-9403-fa388f11bc31,prca15,likert5,4,4,True,validated,0
ea1893d5-3195-4153-9403-fa388f11bc31,prca16,likert5,3,3,True,validated,1
ea1893d5-3195-4153-9403-fa388f11bc31,prca17,likert5,1,5,True,validated,1
ea1893d5-3195-4153-9403-fa388f11bc31,prca18,likert5,4,4,True,validated,0
8e06e54a-bfa2-4720-8955-5bda5b6d783b,prca01,likert5,4,4,True,validated,0
8e06e54a-bfa2-4720-8955-5bda5b6d783b,prca02,likert5,4,2,True,validated,1
8e06e54a-bfa2-4720-8955-5bda5b6d783b,prca03,likert5,2,2,True,validated,0
8e06e54a-bfa2-4720-8955-5bda5b6d783b,prca04,likert5,2,4,True,validated,1
8e06e54a-bfa2-4720-8955-5bda5b6d783b,prca05,likert5,1,1,True,validated,0
8e06e54a-bfa2-4720-8955-5bda5b6d783b,prca06,likert5,1,5,True,validated,1
8e06e54a-bfa2-4720-8955-5bda5b6d783b,prca13,likert5,2,2,True,validated,0
8e06e54a-bfa2-4720-8955-5bda5b6d783b,prca14,likert5,3,3,True,validated,1
8e06e54a-bfa2-4720-8955-5bda5b6d783b,prca15,likert5,2,2,True,validated,0
8e06e54a-bfa2-4720-8955-5bda5b6d783b,prca16,likert5,3,3,True,validated,1
8e06e54a-bfa2-4720-8955-5bda5b6d783b,prca17,likert5,4,2,True,validated,1
8e06e54a-bfa2-4720-8955-5bda5b6d783b,prca18,likert5,4,4,True,validated,0
483052cf-cf04-4021-aa53-cb50684ebbce,prca01,likert5,1,1,True,validated,0
483052cf-cf04-4021-aa53-cb50684ebbce,prca02,likert5,1,5,True,validated,1
483052cf-cf04-4021-aa53-cb50684ebbce,prca03,likert5,1,1,True,validated,0
483052cf-cf04-4021-aa53-cb50684ebbce,prca04,likert5,4,2,True,validated,1
483052cf-cf04-4021-aa53-cb50684ebbce,prca05,likert5,1,1,True,validated,0
483052cf-cf04-4021-aa53-cb50684ebbce,prca06,likert5,1,5,True,validated,1
483052cf-cf04-4021-aa53-cb50684ebbce,prca13,likert5,1,1,True,validated,0
483052cf-cf04-4021-aa53-cb50684ebbce,prca14,likert5,1,5,True,validated,1
483052cf-cf04-4021-aa53-cb50684ebbce,prca15,likert5,2,2,True,validated,0
483052cf-cf04-4021-aa53-cb50684ebbce,prca16,likert5,4,2,True,validated,1
483052cf-cf04-4021-aa53-cb50684ebbce,prca17,likert5,1,5,True,validated,1
483052cf-cf04-4021-aa53-cb50684ebbce,prca18,likert5,1,1,True,validated,0
d2e49a35-ef59-453a-99c3-207013c746f6,prca01,likert5,1,1,True,validated,0
d2e49a35-ef59-453a-99c3-207013c746f6,prca02,likert5,4,2,True,validated,1
d2e49a35-ef59-453a-99c3-207013c746f6,prca03,likert5,2,2,True,validated,0
d2e49a35-ef59-453a-99c3-207013c746f6,prca04,likert5,1,5,True,validated,1
d2e49a35-ef59-453a-99c3-207013c746f6,prca05,likert5,4,4,True,validated,0
d2e49a35-ef59-453a-99c3-207013c746f6,prca06,likert5,3,3,True,validated,1
d2e49a35-ef59-453a-99c3-207013c746f6,prca13,likert5,2,2,True,validated,0
d2e49a35-ef59-453a-99c3-207013c746f6,prca14,likert5,4,2,True,validated,1
d2e49a35-ef59-453a-99c3-207013c746f6,prca15,likert5,4,4,True,validated,0
d2e49a35-ef59-453a-99c3-207013c746f6,prca16,likert5,3,3,True,validated,1
d2e49a35-ef59-453a-99c3-207013c746f6,prca17,likert5,1,5,True,validated,1
d2e49a35-ef59-453a-99c3-207013c746f6,prca18,likert5,1,1,True,validated,0
4b0fb979-527d-417f-a988-18caca046abf,prca01,likert5,2,2,True,validated,0
4b0fb979-527d-417f-a988-18caca046abf,prca02,likert5,4,2,True,validated,1
4b0fb979-527d-417f-a988-18caca046abf,prca03,likert5,1,1,True,validated,0
4b0fb979-527d-417f-a988-18caca046abf,prca04,likert5,1,5,True,validated,1
4b0fb979-527d-417f-a988-18caca046abf,prca05,likert5,2,2,True,validated,0
4b0fb979-527d-417f-a988-18caca046abf,prca06,likert5,1,5,True,validated,1
4b0fb979-527d-417f-a988-18caca046abf,prca13,likert5,1,1,True,validated,0
4b0fb979-527d-417f-a988-18caca046abf,prca14,likert5,4,2,True,validated,1
4b0fb979-527d-417f-a988-18caca046abf,prca15,likert5,2,2,True,validated,0
4b0fb979-527d-417f-a988-18caca046abf,prca16,likert5,4,2,True,validated,1
4b0fb979-527d-417f-a988-18caca046abf,prca17,likert5,1,5,True,validated,1
4b0fb979-527d-417f-a988-18caca046abf,prca18,likert5,1,1,True,validated,0
8d03da96-3738-40e5-bea4-9db1d2ea5f93,prca01,likert5,1,1,True,validated,0
8d03da96-3738-40e5-bea4-9db1d2ea5f93,prca02,likert5,4,2,True,validated,1
8d03da96-3738-40e5-bea4-9db1d2ea5f93,prca03,likert5,1,1,True,validated,0
8d03da96-3738-40e5-bea4-9db1d2ea5f93,prca04,likert5,4,2,True,validated,1
8d03da96-3738-40e5-bea4-9db1d2ea5f93,prca05,likert5,4,4,True,validated,0
8d03da96-3738-40e5-bea4-9db1d2ea5f93,prca06,likert5,3,3,True,validated,1
8d03da96-3738-40e5-bea4-9db1d2ea5f93,prca13,likert5,1,1,True,validated,0
8d03da96-3738-40e5-bea4-9db1d2ea5f93,prca14,likert5,2,4,True,validated,1
8d03da96-3738-40e5-bea4-9db1d2ea5f93,prca15,likert5,2,2,True,validated,0
8d03da96-3738-40e5-bea4-9db1d2ea5f93,prca16,likert5,1,5,True,validated,1
8d03da96-3738-40e5-bea4-9db1d2ea5f93,prca17,likert5,1,5,True,validated,1
8d03da96-3738-40e5-bea4-9db1d2ea5f93,prca18,likert5,4,4,True,validated,0
342b1255-890f-42eb-874d-b4e81bc7e7be,prca01,likert5,3,3,True,validated,0
342b1255-890f-42eb-874d-b4e81bc7e7be,prca02,likert5,2,4,True,validated,1
342b1255-890f-42eb-874d-b4e81bc7e7be,prca03,likert5,1,1,True,validated,0
342b1255-890f-42eb-874d-b4e81bc7e7be,prca04,likert5,1,5,True,validated,1
342b1255-890f-42eb-874d-b4e81bc7e7be,prca05,likert5,1,1,True,validated,0
342b1255-890f-42eb-874d-b4e81bc7e7be,prca06,likert5,4,2,True,validated,1
342b1255-890f-42eb-874d-b4e81bc7e7be,prca13,likert5,2,2,True,validated,0
342b1255-890f-42eb-874d-b4e81bc7e7be,prca14,likert5,4,2,True,validated,1
342b1255-890f-42eb-874d-b4e81bc7e7be,prca15,likert5,2,2,True,validated,0
342b1255-890f-42eb-874d-b4e81bc7e7be,prca16,likert5,1,5,True,validated,1
342b1255-890f-42eb-874d-b4e81bc7e7be,prca17,likert5,2,4,True,validated,1
342b1255-890f-42eb-874d-b4e81bc7e7be,prca18,likert5,1,1,True,validated,0
85fdb4fe-eac2-4efa-bf47-71796468eba5,prca01,likert5,1,1,True,validated,0
85fdb4fe-eac2-4efa-bf47-71796468eba5,prca02,likert5,2,4,True,validated,1
85fdb4fe-eac2-4efa-bf47-71796468eba5,prca03,likert5,4,4,True,validated,0
85fdb4fe-eac2-4efa-bf47-71796468eba5,prca04,likert5,1,5,True,validated,1
85fdb4fe-eac2-4efa-bf47-71796468eba5,prca05,likert5,1,1,True,validated,0
85fdb4fe-eac2-4efa-bf47-71796468eba5,prca06,likert5,1,5,True,validated,1
85fdb4fe-eac2-4efa-bf47-71796468eba5,prca13,likert5,1,1,True,validated,0
85fdb4fe-eac2-4efa-bf47-71796468eba5,prca14,likert5,4,2,True,validated,1
85fdb4fe-eac2-4efa-bf47-71796468eba5,prca15,likert5,1,1,True,validated,0
85fdb4fe-eac2-4efa-bf47-71796468eba5,prca16,likert5,1,5,True,validated,1
85fdb4fe-eac2-4efa-bf47-71796468eba5,prca17,likert5,4,2,True,validated,1
85fdb4fe-eac2-4efa-bf47-71796468eba5,prca18,likert5,4,4,True,validated,0
bcdbd7bb-6ce5-4af9-ad4c-bf47132f9466,prca01,likert5,4,4,True,validated,0
bcdbd7bb-6ce5-4af9-ad4c-bf47132f9466,prca02,likert5,1,5,True,validated,1
bcdbd7bb-6ce5-4af9-ad4c-bf47132f9466,prca03,likert5,1,1,True,validated,0
bcdbd7bb-6ce5-4af9-ad4c-bf47132f9466,prca04,likert5,1,5,True,validated,1
bcdbd7bb-6ce5-4af9-ad4c-bf47132f9466,prca05,likert5,1,1,True,validated,0
bcdbd7bb-6ce5-4af9-ad4c-bf47132f9466,prca06,likert5,1,5,True,validated,1
bcdbd7bb-6ce5-4af9-ad4c-bf47132f9466,prca13,likert5,2,2,True,validated,0
bcdbd7bb-6ce5-4af9-ad4c-bf47132f9466,prca14,likert5,3,3,True,validated,1
bcdbd7bb-6ce5-4af9-ad4c-bf47132f9466,prca15,likert5,2,2,True,validated,0
bcdbd7bb-6ce5-4af9-ad4c-bf47132f9466,prca16,likert5,1,5,True,validated,1
bcdbd7bb-6ce5-4af9-ad4c-bf47132f9466,prca17,likert5,2,4,True,validated,1
bcdbd7bb-6ce5-4af9-ad4c-bf47132f9466,prca18,likert5,1,1,True,validated,0
f52bd7e4-52d6-4d3c-aba1-389e71ba7d28,prca01,likert5,1,1,True,validated,0
f52bd7e4-52d6-4d3c-aba1-389e71ba7d28,prca02,likert5,1,5,True,validated,1
f52bd7e4-52d6-4d3c-aba1-389e71ba7d28,prca03,likert5,1,1,True,validated,0
f52bd7e4-52d6-4d3c-aba1-389e71ba7d28,prca04,likert5,3,3,True,validated,1
f52bd7e4-52d6-4d3c-aba1-389e71ba7d28,prca05,likert5,2,2,True,validated,0
f52bd7e4-52d6-4d3c-aba1-389e71ba7d28,prca06,likert5,4,2,True,validated,1
f52bd7e4-52d6-4d3c-aba1-389e71ba7d28,prca13,likert5,1,1,True,validated,0
f52bd7e4-52d6-4d3c-aba1-389e71ba7d28,prca14,likert5,4,2,True,validated,1
f52bd7e4-52d6-4d3c-aba1-389e71ba7d28,prca15,likert5,1,1,True,validated,0
f52bd7e4-52d6-4d3c-aba1-389e71ba7d28,prca16,likert5,1,5,True,validated,1
f52bd7e4-52d6-4d3c-aba1-389e71ba7d28,prca17,likert5,1,5,True,validated,1
f52bd7e4-52d6-4d3c-aba1-389e71ba7d28,prca18,likert5,2,2,True,validated,0
b8e99273-f5e6-426e-89e2-93d8d9598dd1,prca01,likert5,2,2,True,validated,0
b8e99273-f5e6-426e-89e2-93d8d9598dd1,prca02,likert5,2,4,True,validated,1
b8e99273-f5e6-426e-89e2-93d8d9598dd1,prca03,likert5,2,2,True,validated,0
b8e99273-f5e6-426e-89e2-93d8d9598dd1,prca04,likert5,2,4,True,validated,1
b8e99273-f5e6-426e-89e2-93d8d9598dd1,prca05,likert5,1,1,True,validated,0
b8e99273-f5e6-426e-89e2-93d8d9598dd1,prca06,likert5,1,5,True,validated,1
b8e99273-f5e6-426e-89e2-93d8d9598dd1,prca13,likert5,4,4,True,validated,0
b8e99273-f5e6-426e-89e2-93d8d9598dd1,prca14,likert5,1,5,True,validated,1
b8e99273-f5e6-426e-89e2-93d8d9598dd1,prca15,likert5,1,1,True,validated,0
b8e99273-f5e6-426e-89e2-93d8d9598dd1,prca16,likert5,1,5,True,validated,1
b8e99273-f5e6-426e-89e2-93d8d9598dd1,prca17,likert5,4,2,True,validated,1
b8e99273-f5e6-426e-89e2-93d8d9598dd1,prca18,likert5,4,4,True,validated,0
0bf096b3-6171-496a-930b-9670c07693e2,prca01,likert5,4,4,True,validated,0
0bf096b3-6171-496a-930b-9670c07693e2,prca02,likert5,2,4,True,validated,1
0bf096b3-6171-496a-930b-9670c07693e2,prca03,likert5,1,1,True,validated,0
0bf096b3-6171-496a-930b-9670c07693e2,prca04,likert5,1,5,True,validated,1
0bf096b3-6171-496a-930b-9670c07693e2,prca05,likert5,1,1,True,validated,0
0bf096b3-6171-496a-930b-9670c07693e2,prca06,likert5,2,4,True,validated,1
0bf096b3-6171-496a-930b-9670c07693e2,prca13,likert5,4,4,True,validated,0
0bf096b3-6171-496a-930b-9670c07693e2,prca14,likert5,2,4,True,validated,1
0bf096b3-6171-496a-930b-9670c07693e2,prca15,likert5,2,2,True,validated,0
0bf096b3-6171-496a-930b-9670c07693e2,prca16,likert5,1,5,True,validated,1
0bf096b3-6171-496a-930b-9670c07693e2,prca17,likert5,2,4,True,validated,1
0bf096b3-6171-496a-930b-9670c07693e2,prca18,likert5,1,1,True,validated,0
768704ad-ec31-4345-bd12-98356aface89,prca01,likert5,2,2,True,validated,0
768704ad-ec31-4345-bd12-98356aface89,prca02,likert5,1,5,True,validated,1
768704ad-ec31-4345-bd12-98356aface89,prca03,likert5,1,1,True,validated,0
768704ad-ec31-4345-bd12-98356aface89,prca04,likert5,1,5,True,validated,1
768704ad-ec31-4345-bd12-98356aface89,prca05,likert5,2,2,True,validated,0
768704ad-ec31-4345-bd12-98356aface89,prca06,likert5,1,5,True,validated,1
768704ad-ec31-4345-bd12-98356aface89,prca13,likert5,1,1,True,validated,0
768704ad-ec31-4345-bd12-98356aface89,prca14,likert5,1,5,True,validated,1
768704ad-ec31-4345-bd12-98356aface89,prca15,likert5,1,1,True,validated,0
768704ad-ec31-4345-bd12-98356aface89,prca16,likert5,1,5,True,validated,1
768704ad-ec31-4345-bd12-98356aface89,prca17,likert5,4,2,True,validated,1
768704ad-ec31-4345-bd12-98356aface89,prca18,likert5,4,4,True,validated,0
2bb335ac-866d-4314-98a0-ab45ca7ac33a,prca01,likert5,2,2,True,validated,0
2bb335ac-866d-4314-98a0-ab45ca7ac33a,prca02,likert5,4,2,True,validated,1
2bb335ac-866d-4314-98a0-ab45ca7ac33a,prca03,likert5,1,1,True,validated,0
2bb335ac-866d-4314-98a0-ab45ca7ac33a,prca04,likert5,1,5,True,validated,1
2bb335ac-866d-4314-98a0-ab45ca7ac33a,prca05,likert5,1,1,True,validated,0
2bb335ac-866d-4314-98a0-ab45ca7ac33a,prca06,likert5,1,5,True,validated,1
2bb335ac-866d-4314-98a0-ab45ca7ac33a,prca13,likert5,1,1,True,validated,0
2bb335ac-866d-4314-98a0-ab45ca7ac33a,prca14,likert5,2,4,True,validated,1
2bb335ac-866d-4314-98a0-ab45ca7ac33a,prca15,likert5,1,1,True,validated,0
2bb335ac-866d-4314-98a0-ab45ca7ac33a,prca16,likert5,1,5,True,validated,1
2bb335ac-866d-4314-98a0-ab45ca7ac33a,prca17,likert5,1,5,True,validated,1
2bb335ac-866d-4314-98a0-ab45ca7ac33a,prca18,likert5,1,1,True,validated,0
389d5275-ac5d-48dd-892a-acf67e01cb70,prca01,likert5,1,1,True,validated,0
389d5275-ac5d-48dd-892a-acf67e01cb70,prca02,likert5,1,5,True,validated,1
389d5275-ac5d-48dd-892a-acf67e01cb70,prca03,likert5,1,1,True,validated,0
389d5275-ac5d-48dd-892a-acf67e01cb70,prca04,likert5,2,4,True,validated,1
389d5275-ac5d-48dd-892a-acf67e01cb70,prca05,likert5,4,4,True,validated,0
389d5275-ac5d-48dd-892a-acf67e01cb70,prca06,likert5,1,5,True,validated,1
389d5275-ac5d-48dd-892a-acf67e01cb70,prca13,likert5,1,1,True,validated,0
389d5275-ac5d-48dd-892a-acf67e01cb70,prca14,likert5,4,2,True,validated,1
389d5275-ac5d-48dd-892a-acf67e01cb70,prca15,likert5,2,2,True,validated,0
389d5275-ac5d-48dd-892a-acf67e01cb70,prca16,likert5,4,2,True,validated,1
389d5275-ac5d-48dd-892a-acf67e01cb70,prca17,likert5,4,2,True,validated,1
389d5275-ac5d-48dd-892a-acf67e01cb70,prca18,likert5,1,1,True,validated,0
3b750202-ecf8-4616-8fbe-99b7a788c09b,prca01,likert5,1,1,True,validated,0
3b750202-ecf8-4616-8fbe-99b7a788c09b,prca02,likert5,1,5,True,validated,1
3b750202-ecf8-4616-8fbe-99b7a788c09b,prca03,likert5,1,1,True,validated,0
3b750202-ecf8-4616-8fbe-99b7a788c09b,prca04,likert5,4,2,True,validated,1
3b750202-ecf8-4616-8fbe-99b7a788c09b,prca05,likert5,4,4,True,validated,0
3b750202-ecf8-4616-8fbe-99b7a788c09b,prca06,likert5,2,4,True,validated,1
3b750202-ecf8-4616-8fbe-99b7a788c09b,prca13,likert5,4,4,True,validated,0
3b750202-ecf8-4616-8fbe-99b7a788c09b,prca14,likert5,1,5,True,validated,1
3b750202-ecf8-4616-8fbe-99b7a788c09b,prca15,likert5,2,2,True,validated,0
3b750202-ecf8-4616-8fbe-99b7a788c09b,prca16,likert5,1,5,True,validated,1
3b750202-ecf8-4616-8fbe-99b7a788c09b,prca17,likert5,1,5,True,validated,1
3b750202-ecf8-4616-8fbe-99b7a788c09b,prca18,likert5,1,1,True,validated,0
29db35c9-b5f6-421f-b9b4-3c0f4c0bc1d4,prca01,likert5,1,1,True,validated,0
29db35c9-b5f6-421f-b9b4-3c0f4c0bc1d4,prca02,likert5,1,5,True,validated,1
29db35c9-b5f6-421f-b9b4-3c0f4c0bc1d4,prca03,likert5,4,4,True,validated,0
29db35c9-b5f6-421f-b9b4-3c0f4c0bc1d4,prca04,likert5,1,5,True,validated,1
29db35c9-b5f6-421f-b9b4-3c0f4c0bc1d4,prca05,likert5,4,4,True,validated,0
29db35c9-b5f6-421f-b9b4-3c0f4c0bc1d4,prca06,likert5,2,4,True,validated,1
29db35c9-b5f6-421f-b9b4-3c0f4c0bc1d4,prca13,likert5,4,4,True,validated,0
29db35c9-b5f6-421f-b9b4-3c0f4c0bc1d4,prca14,likert5,2,4,True,validated,1
29db35c9-b5f6-421f-b9b4-3c0f4c0bc1d4,prca15,likert5,4,4,True,validated,0
29db35c9-b5f6-421f-b9b4-3c0f4c0bc1d4,prca16,likert5,1,5,True,validated,1
29db35c9-b5f6-421f-b9b4-3c0f4c0bc1d4,prca17,likert5,1,5,True,validated,1
29db35c9-b5f6-421f-b9b4-3c0f4c0bc1d4,prca18,likert5,1,1,True,validated,0
2d9c8240-e2be-4f0b-be8d-5e59006c54b8,prca01,likert5,1,1,True,validated,0
2d9c8240-e2be-4f0b-be8d-5e59006c54b8,prca02,likert5,4,2,True,validated,1
2d9c8240-e2be-4f0b-be8d-5e59006c54b8,prca03,likert5,1,1,True,validated,0
2d9c8240-e2be-4f0b-be8d-5e59006c54b8,prca04,likert5,1,5,True,validated,1
2d9c8240-e2be-4f0b-be8d-5e59006c54b8,prca05,likert5,1,1,True,validated,0
2d9c8240-e2be-4f0b-be8d-5e59006c54b8,prca06,likert5,2,4,True,validated,1
2d9c8240-e2be-4f0b-be8d-5e59006c54b8,prca13,likert5,1,1,True,validated,0
2d9c8240-e2be-4f0b-be8d-5e59006c54b8,prca14,likert5,4,2,True,validated,1
2d9c8240-e2be-4f0b-be8d-5e59006c54b8,prca15,likert5,4,4,True,validated,0
2d9c8240-e2be-4f0b-be8d-5e59006c54b8,prca16,likert5,4,2,True,validated,1
2d9c8240-e2be-4f0b-be8d-5e59006c54b8,prca17,likert5,1,5,True,validated,1
2d9c8240-e2be-4f0b-be8d-5e59006c54b8,prca18,likert5,1,1,True,validated,0
60ef1e17-4f63-46c4-8df7-881d7ec9761b,prca01,likert5,1,1,True,validated,0
60ef1e17-4f63-46c4-8df7-881d7ec9761b,prca02,likert5,2,4,True,validated,1
60ef1e17-4f63-46c4-8df7-881d7ec9761b,prca03,likert5,3,3,True,validated,0
60ef1e17-4f63-46c4-8df7-881d7ec9761b,prca04,likert5,4,2,True,validated,1
60ef1e17-4f63-46c4-8df7-881d7ec9761b,prca05,likert5,1,1,True,validated,0
60ef1e17-4f63-46c4-8df7-881d7ec9761b,prca06,likert5,2,4,True,validated,1
60ef1e17-4f63-46c4-8df7-881d7ec9761b,prca13,likert5,1,1,True,validated,0
60ef1e17-4f63-46c4-8df7-881d7ec9761b,prca14,likert5,1,5,True,validated,1
60ef1e17-4f63-46c4-8df7-881d7ec9761b,prca15,likert5,4,4,True,validated,0
60ef1e17-4f63-46c4-8df7-881d7ec9761b,prca16,likert5,1,5,True,validated,1
60ef1e17-4f63-46c4-8df7-881d7ec9761b,prca17,likert5,4,2,True,validated,1
60ef1e17-4f63-46c4-8df7-881d7ec9761b,prca18,likert5,1,1,True,validated,0
4fdecdac-baee-4202-86f2-75b16fc40bd5,prca01,likert5,2,2,True,validated,0
4fdecdac-baee-4202-86f2-75b16fc40bd5,prca02,likert5,4,2,True,validated,1
4fdecdac-baee-4202-86f2-75b16fc40bd5,prca03,likert5,4,4,True,validated,0
4fdecdac-baee-4202-86f2-75b16fc40bd5,prca04,likert5,2,4,True,validated,1
4fdecdac-baee-4202-86f2-75b16fc40bd5,prca05,likert5,4,4,True,validated,0
4fdecdac-baee-4202-86f2-75b16fc40bd5,prca06,likert5,1,5,True,validated,1
4fdecdac-baee-4202-86f2-75b16fc40bd5,prca13,likert5,1,1,True,validated,0
4fdecdac-baee-4202-86f2-75b16fc40bd5,prca14,likert5,3,3,True,validated,1
4fdecdac-baee-4202-86f2-75b16fc40bd5,prca15,likert5,2,2,True,validated,0
4fdecdac-baee-4202-86f2-75b16fc40bd5,prca16,likert5,2,4,True,validated,1
4fdecdac-baee-4202-86f2-75b16fc40bd5,prca17,likert5,4,2,True,validated,1
4fdecdac-baee-4202-86f2-75b16fc40bd5,prca18,likert5,1,1,True,validated,0
a5d22123-bdbd-49c6-ba26-c0cd03d7ad11,prca01,likert5,4,4,True,validated,0
a5d22123-bdbd-49c6-ba26-c0cd03d7ad11,prca02,likert5,2,4,True,validated,1
a5d22123-bdbd-49c6-ba26-c0cd03d7ad11,prca03,likert5,2,2,True,validated,0
a5d22123-bdbd-49c6-ba26-c0cd03d7ad11,prca04,likert5,4,2,True,validated,1
a5d22123-bdbd-49c6-ba26-c0cd03d7ad11,prca05,likert5,1,1,True,validated,0
a5d22123-bdbd-49c6-ba26-c0cd03d7ad11,prca06,likert5,2,4,True,validated,1
a5d22123-bdbd-49c6-ba26-c0cd03d7ad11,prca13,likert5,4,4,True,validated,0
a5d22123-bdbd-49c6-ba26-c0cd03d7ad11,prca14,likert5,2,4,True,validated,1
a5d22123-bdbd-49c6-ba26-c0cd03d7ad11,prca15,likert5,4,4,True,validated,0
a5d22123-bdbd-49c6-ba26-c0cd03d7ad11,prca16,likert5,2,4,True,validated,1
a5d22123-bdbd-49c6-ba26-c0cd03d7ad11,prca17,likert5,2,4,True,validated,1
a5d22123-bdbd-49c6-ba26-c0cd03d7ad11,prca18,likert5,1,1,True,validated,0
8dff8783-37bb-43d6-9b08-63232de164ce,prca01,likert5,4,4,True,validated,0
8dff8783-37bb-43d6-9b08-63232de164ce,prca02,likert5,2,4,True,validated,1
8dff8783-37bb-43d6-9b08-63232de164ce,prca03,likert5,4,4,True,validated,0
8dff8783-37bb-43d6-9b08-63232de164ce,prca04,likert5,3,3,True,validated,1
8dff8783-37bb-43d6-9b08-63232de164ce,prca05,likert5,4,4,True,validated,0
8dff8783-37bb-43d6-9b08-63232de164ce,prca06,likert5,2,4,True,validated,1
8dff8783-37bb-43d6-9b08-63232de164ce,prca13,likert5,4,4,True,validated,0
8dff8783-37bb-43d6-9b08-63232de164ce,prca14,likert5,4,2,True,validated,1
8dff8783-37bb-43d6-9b08-63232de164ce,prca15,likert5,1,1,True,validated,0
8dff8783-37bb-43d6-9b08-63232de164ce,prca16,likert5,1,5,True,validated,1
8dff8783-37bb-43d6-9b08-63232de164ce,prca17,likert5,1,5,True,validated,1
8dff8783-37bb-43d6-9b08-63232de164ce,prca18,likert5,4,4,True,validated,0
b88241be-70ef-4d3c-a336-5edb39b1873c,prca01,likert5,1,1,True,validated,0
b88241be-70ef-4d3c-a336-5edb39b1873c,prca02,likert5,4,2,True,validated,1
b88241be-70ef-4d3c-a336-5edb39b1873c,prca03,likert5,4,4,True,validated,0
b88241be-70ef-4d3c-a336-5edb39b1873c,prca04,likert5,3,3,True,validated,1
b88241be-70ef-4d3c-a336-5edb39b1873c,prca05,likert5,2,2,True,validated,0
b88241be-70ef-4d3c-a336-5edb39b1873c,prca06,likert5,2,4,True,validated,1
b88241be-70ef-4d3c-a336-5edb39b1873c,prca13,likert5,1,1,True,validated,0
b88241be-70ef-4d3c-a336-5edb39b1873c,prca14,likert5,1,5,True,validated,1
b88241be-70ef-4d3c-a336-5edb39b1873c,prca15,likert5,2,2,True,validated,0
b88241be-70ef-4d3c-a336-5edb39b1873c,prca16,likert5,3,3,True,validated,1
b88241be-70ef-4d3c-a336-5edb39b1873c,prca17,likert5,1,5,True,validated,1
b88241be-70ef-4d3c-a336-5edb39b1873c,prca18,likert5,1,1,True,validated,0
e4595d8b-0d2d-4e95-9479-f649f94aab0a,prca01,likert5,4,4,True,validated,0
e4595d8b-0d2d-4e95-9479-f649f94aab0a,prca02,likert5,3,3,True,validated,1
e4595d8b-0d2d-4e95-9479-f649f94aab0a,prca03,likert5,1,1,True,validated,0
e4595d8b-0d2d-4e95-9479-f649f94aab0a,prca04,likert5,4,2,True,validated,1
e4595d8b-0d2d-4e95-9479-f649f94aab0a,prca05,likert5,4,4,True,validated,0
e4595d8b-0d2d-4e95-9479-f649f94aab0a,prca06,likert5,1,5,True,validated,1
e4595d8b-0d2d-4e95-9479-f649f94aab0a,prca13,likert5,2,2,True,validated,0
e4595d8b-0d2d-4e95-9479-f649f94aab0a,prca14,likert5,4,2,True,validated,1
e4595d8b-0d2d-4e95-9479-f649f94aab0a,prca15,likert5,2,2,True,validated,0
e4595d8b-0d2d-4e95-9479-f649f94aab0a,prca16,likert5,1,5,True,validated,1
e4595d8b-0d2d-4e95-9479-f649f94aab0a,prca17,likert5,3,3,True,validated,1
e4595d8b-0d2d-4e95-9479-f649f94aab0a,prca18,likert5,4,4,True,validated,0
c7f70502-78a5-4881-afe8-aa686950c1a8,prca01,likert5,1,1,True,validated,0
c7f70502-78a5-4881-afe8-aa686950c1a8,prca02,likert5,2,4,True,validated,1
c7f70502-78a5-4881-afe8-aa686950c1a8,prca03,likert5,4,4,True,validated,0
c7f70502-78a5-4881-afe8-aa686950c1a8,prca04,likert5,4,2,True,validated,1
c7f70502-78a5-4881-afe8-aa686950c1a8,prca05,likert5,1,1,True,validated,0
c7f70502-78a5-4881-afe8-aa686950c1a8,prca06,likert5,3,3,True,validated,1
c7f70502-78a5-4881-afe8-aa686950c1a8,prca13,likert5,1,1,True,validated,0
c7f70502-78a5-4881-afe8-aa686950c1a8,prca14,likert5,4,2,True,validated,1
c7f70502-78a5-4881-afe8-aa686950c1a8,prca15,likert5,1,1,True,validated,0
c7f70502-78a5-4881-afe8-aa686950c1a8,prca16,likert5,4,2,True,validated,1
c7f70502-78a5-4881-afe8-aa686950c1a8,prca17,likert5,1,5,True,validated,1
c7f70502-78a5-4881-afe8-aa686950c1a8,prca18,likert5,1,1,True,validated,0
e4d400fb-b1c3-4865-9427-da82a96b19c3,prca01,likert5,2,2,True,validated,0
e4d400fb-b1c3-4865-9427-da82a96b19c3,prca02,likert5,4,2,True,validated,1
e4d400fb-b1c3-4865-9427-da82a96b19c3,prca03,likert5,1,1,True,validated,0
e4d400fb-b1c3-4865-9427-da82a96b19c3,prca04,likert5,4,2,True,validated,1
e4d400fb-b1c3-4865-9427-da82a96b19c3,prca05,likert5,4,4,True,validated,0
e4d400fb-b1c3-4865-9427-da82a96b19c3,prca06,likert5,2,4,True,validated,1
e4d400fb-b1c3-4865-9427-da82a96b19c3,prca13,likert5,2,2,True,validated,0
e4d400fb-b1c3-4865-9427-da82a96b19c3,prca14,likert5,2,4,True,validated,1
e4d400fb-b1c3-4865-9427-da82a96b19c3,prca15,likert5,1,1,True,validated,0
e4d400fb-b1c3-4865-9427-da82a96b19c3,prca16,likert5,3,3,True,validated,1
e4d400fb-b1c3-4865-9427-da82a96b19c3,prca17,likert5,2,4,True,validated,1
e4d400fb-b1c3-4865-9427-da82a96b19c3,prca18,likert5,1,1,True,validated,0
25054ac5-ae5e-4f03-953c-6f3f816c9d5a,prca01,likert5,4,4,True,validated,0
25054ac5-ae5e-4f03-953c-6f3f816c9d5a,prca02,likert5,2,4,True,validated,1
25054ac5-ae5e-4f03-953c-6f3f816c9d5a,prca03,likert5,1,1,True,validated,0
25054ac5-ae5e-4f03-953c-6f3f816c9d5a,prca04,likert5,2,4,True,validated,1
25054ac5-ae5e-4f03-953c-6f3f816c9d5a,prca05,likert5,2,2,True,validated,0
25054ac5-ae5e-4f03-953c-6f3f816c9d5a,prca06,likert5,1,5,True,validated,1
25054ac5-ae5e-4f03-953c-6f3f816c9d5a,prca13,likert5,2,2,True,validated,0
25054ac5-ae5e-4f03-953c-6f3f816c9d5a,prca14,likert5,3,3,True,validated,1
25054ac5-ae5e-4f03-953c-6f3f816c9d5a,prca15,likert5,1,1,True,validated,0
25054ac5-ae5e-4f03-953c-6f3f816c9d5a,prca16,likert5,2,4,True,validated,1
25054ac5-ae5e-4f03-953c-6f3f816c9d5a,prca17,likert5,1,5,True,validated,1
25054ac5-ae5e-4f03-953c-6f3f816c9d5a,prca18,likert5,1,1,True,validated,0
41a526d2-9101-4afe-91c0-7e02e77071a3,prca01,likert5,2,2,True,validated,0
41a526d2-9101-4afe-91c0-7e02e77071a3,prca02,likert5,2,4,True,validated,1
41a526d2-9101-4afe-91c0-7e02e77071a3,prca03,likert5,1,1,True,validated,0
41a526d2-9101-4afe-91c0-7e02e77071a3,prca04,likert5,4,2,True,validated,1
41a526d2-9101-4afe-91c0-7e02e77071a3,prca05,likert5,1,1,True,validated,0
41a526d2-9101-4afe-91c0-7e02e77071a3,prca06,likert5,1,5,True,validated,1
41a526d2-9101-4afe-91c0-7e02e77071a3,prca13,likert5,4,4,True,validated,0
41a526d2-9101-4afe-91c0-7e02e77071a3,prca14,likert5,4,2,True,validated,1
41a526d2-9101-4afe-91c0-7e02e77071a3,prca15,likert5,1,1,True,validated,0
41a526d2-9101-4afe-91c0-7e02e77071a3,prca16,likert5,1,5,True,validated,1
41a526d2-9101-4afe-91c0-7e02e77071a3,prca17,likert5,2,4,True,validated,1
41a526d2-9101-4afe-91c0-7e02e77071a3,prca18,likert5,4,4,True,validated,0
3f4002bf-739e-4d3a-9479-ef82179b249d,prca01,likert5,1,1,True,validated,0
3f4002bf-739e-4d3a-9479-ef82179b249d,prca02,likert5,2,4,True,validated,1
3f4002bf-739e-4d3a-9479-ef82179b249d,prca03,likert5,1,1,True,validated,0
3f4002bf-739e-4d3a-9479-ef82179b249d,prca04,likert5,1,5,True,validated,1
3f4002bf-739e-4d3a-9479-ef82179b249d,prca05,likert5,1,1,True,validated,0
3f4002bf-739e-4d3a-9479-ef82179b249d,prca06,likert5,3,3,True,validated,1
3f4002bf-739e-4d3a-9479-ef82179b249d,prca13,likert5,2,2,True,validated,0
3f4002bf-739e-4d3a-9479-ef82179b249d,prca14,likert5,2,4,True,validated,1
3f4002bf-739e-4d3a-9479-ef82179b249d,prca15,likert5,2,2,True,validated,0
3f4002bf-739e-4d3a-9479-ef82179b249d,prca16,likert5,1,5,True,validated,1
3f4002bf-739e-4d3a-9479-ef82179b249d,prca17,likert5,2,4,True,validated,1
3f4002bf-739e-4d3a-9479-ef82179b249d,prca18,likert5,4,4,True,validated,0
d6633183-38f4-4b71-b10a-c0a5f5fcc8b1,prca01,likert5,3,3,True,validated,0
d6633183-38f4-4b71-b10a-c0a5f5fcc8b1,prca02,likert5,4,2,True,validated,1
d6633183-38f4-4b71-b10a-c0a5f5fcc8b1,prca03,likert5,2,2,True,validated,0
d6633183-38f4-4b71-b10a-c0a5f5fcc8b1,prca04,likert5,4,2,True,validated,1
d6633183-38f4-4b71-b10a-c0a5f5fcc8b1,prca05,likert5,2,2,True,validated,0
d6633183-38f4-4b71-b10a-c0a5f5fcc8b1,prca06,likert5,1,5,True,validated,1
d6633183-38f4-4b71-b10a-c0a5f5fcc8b1,prca13,likert5,1,1,True,validated,0
d6633183-38f4-4b71-b10a-c0a5f5fcc8b1,prca14,likert5,1,5,True,validated,1
d6633183-38f4-4b71-b10a-c0a5f5fcc8b1,prca15,likert5,1,1,True,validated,0
d6633183-38f4-4b71-b10a-c0a5f5fcc8b1,prca16,likert5,1,5,True,validated,1
d6633183-38f4-4b71-b10a-c0a5f5fcc8b1,prca17,likert5,1,5,True,validated,1
d6633183-38f4-4b71-b10a-c0a5f5fcc8b1,prca18,likert5,1,1,True,validated,0
2759bdbd-5491-45c4-982a-a88f48b59a6c,prca01,likert5,1,1,True,validated,0
2759bdbd-5491-45c4-982a-a88f48b59a6c,prca02,likert5,1,5,True,validated,1
2759bdbd-5491-45c4-982a-a88f48b59a6c,prca03,likert5,4,4,True,validated,0
2759bdbd-5491-45c4-982a-a88f48b59a6c,prca04,likert5,4,2,True,validated,1
2759bdbd-5491-45c4-982a-a88f48b59a6c,prca05,likert5,4,4,True,validated,0
2759bdbd-5491-45c4-982a-a88f48b59a6c,prca06,likert5,1,5,True,validated,1
2759bdbd-5491-45c4-982a-a88f48b59a6c,prca13,likert5,3,3,True,validated,0
2759bdbd-5491-45c4-982a-a88f48b59a6c,prca14,likert5,1,5,True,validated,1
2759bdbd-5491-45c4-982a-a88f48b59a6c,prca15,likert5,1,1,True,validated,0
2759bdbd-5491-45c4-982a-a88f48b59a6c,prca16,likert5,1,5,True,validated,1
2759bdbd-5491-45c4-982a-a88f48b59a6c,prca17,likert5,2,4,True,validated,1
2759bdbd-5491-45c4-982a-a88f48b59a6c,prca18,likert5,3,3,True,validated,0
4b60cbc4-ef3f-44bd-8540-d4fcb21375ee,prca01,likert5,1,1,True,validated,0
4b60cbc4-ef3f-44bd-8540-d4fcb21375ee,prca02,likert5,2,4,True,validated,1
4b60cbc4-ef3f-44bd-8540-d4fcb21375ee,prca03,likert5,2,2,True,validated,0
4b60cbc4-ef3f-44bd-8540-d4fcb21375ee,prca04,likert5,4,2,True,validated,1
4b60cbc4-ef3f-44bd-8540-d4fcb21375ee,prca05,likert5,4,4,True,validated,0
4b60cbc4-ef3f-44bd-8540-d4fcb21375ee,prca06,likert5,4,2,True,validated,1
4b60cbc4-ef3f-44bd-8540-d4fcb21375ee,prca13,likert5,1,1,True,validated,0
4b60cbc4-ef3f-44bd-8540-d4fcb21375ee,prca14,likert5,4,2,True,validated,1
4b60cbc4-ef3f-44bd-8540-d4fcb21375ee,prca15,likert5,1,1,True,validated,0
4b60cbc4-ef3f-44bd-8540-d4fcb21375ee,prca16,likert5,4,2,True,validated,1
4b60cbc4-ef3f-44bd-8540-d4fcb21375ee,prca17,likert5,4,2,True,validated,1
4b60cbc4-ef3f-44bd-8540-d4fcb21375ee,prca18,likert5,4,4,True,validated,0
a1573a35-fc0d-47eb-9e24-3ede6ef685da,prca01,likert5,2,2,True,validated,0
a1573a35-fc0d-47eb-9e24-3ede6ef685da,prca02,likert5,1,5,True,validated,1
a1573a35-fc0d-47eb-9e24-3ede6ef685da,prca03,likert5,3,3,True,validated,0
a1573a35-fc0d-47eb-9e24-3ede6ef685da,prca04,likert5,3,3,True,validated,1
a1573a35-fc0d-47eb-9e24-3ede6ef685da,prca05,likert5,1,1,True,validated,0
a1573a35-fc0d-47eb-9e24-3ede6ef685da,prca06,likert5,1,5,True,validated,1
a1573a35-fc0d-47eb-9e24-3ede6ef685da,prca13,likert5,1,1,True,validated,0
a1573a35-fc0d-47eb-9e24-3ede6ef685da,prca14,likert5,1,5,True,validated,1
a1573a35-fc0d-47eb-9e24-3ede6ef685da,prca15,likert5,1,1,True,validated,0
a1573a35-fc0d-47eb-9e24-3ede6ef685da,prca16,likert5,4,2,True,validated,1
a1573a35-fc0d-47eb-9e24-3ede6ef685da,prca17,likert5,2,4,True,validated,1
a1573a35-fc0d-47eb-9e24-3ede6ef685da,prca18,likert5,4,4,True,validated,0
2917fb85-44f2-46b6-9a6a-f778c6b6a142,prca01,likert5,1,1,True,validated,0
2917fb85-44f2-46b6-9a6a-f778c6b6a142,prca02,likert5,1,5,True,validated,1
2917fb85-44f2-46b6-9a6a-f778c6b6a142,prca03,likert5,4,4,True,validated,0
2917fb85-44f2-46b6-9a6a-f778c6b6a142,prca04,likert5,2,4,True,validated,1
2917fb85-44f2-46b6-9a6a-f778c6b6a142,prca05,likert5,1,1,True,validated,0
2917fb85-44f2-46b6-9a6a-f778c6b6a142,prca06,likert5,1,5,True,validated,1
2917fb85-44f2-46b6-9a6a-f778c6b6a142,prca13,likert5,1,1,True,validated,0
2917fb85-44f2-46b6-9a6a-f778c6b6a142,prca14,likert5,4,2,True,validated,1
2917fb85-44f2-46b6-9a6a-f778c6b6a142,prca15,likert5,1,1,True,validated,0
2917fb85-44f2-46b6-9a6a-f778c6b6a142,prca16,likert5,2,4,True,validated,1
2917fb85-44f2-46b6-9a6a-f778c6b6a142,prca17,likert5,2,4,True,validated,1
2917fb85-44f2-46b6-9a6a-f778c6b6a142,prca18,likert5,2,2,True,validated,0
7237a7ca-533b-42b3-b333-873cfa89eb43,prca01,likert5,1,1,True,validated,0
7237a7ca-533b-42b3-b333-873cfa89eb43,prca02,likert5,2,4,True,validated,1
7237a7ca-533b-42b3-b333-873cfa89eb43,prca03,likert5,4,4,True,validated,0
7237a7ca-533b-42b3-b333-873cfa89eb43,prca04,likert5,1,5,True,validated,1
7237a7ca-533b-42b3-b333-873cfa89eb43,prca05,likert5,1,1,True,validated,0
7237a7ca-533b-42b3-b333-873cfa89eb43,prca06,likert5,4,2,True,validated,1
7237a7ca-533b-42b3-b333-873cfa89eb43,prca13,likert5,4,4,True,validated,0
7237a7ca-533b-42b3-b333-873cfa89eb43,prca14,likert5,1,5,True,validated,1
7237a7ca-533b-42b3-b333-873cfa89eb43,prca15,likert5,1,1,True,validated,0
7237a7ca-533b-42b3-b333-873cfa89eb43,prca16,likert5,2,4,True,validated,1
7237a7ca-533b-42b3-b333-873cfa89eb43,prca17,likert5,2,4,True,validated,1
7237a7ca-533b-42b3-b333-873cfa89eb43,prca18,likert5,1,1,True,validated,0
0d4cadb3-8db4-4ae4-ae8b-3812e12d0ef5,prca01,likert5,4,4,True,validated,0
0d4cadb3-8db4-4ae4-ae8b-3812e12d0ef5,prca02,likert5,4,2,True,validated,1
0d4cadb3-8db4-4ae4-ae8b-3812e12d0ef5,prca03,likert5,1,1,True,validated,0
0d4cadb3-8db4-4ae4-ae8b-3812e12d0ef5,prca04,likert5,1,5,True,validated,1
0d4cadb3-8db4-4ae4-ae8b-3812e12d0ef5,prca05,likert5,1,1,True,validated,0
0d4cadb3-8db4-4ae4-ae8b-3812e12d0ef5,prca06,likert5,4,2,True,validated,1
0d4cadb3-8db4-4ae4-ae8b-3812e12d0ef5,prca13,likert5,1,1,True,validated,0
0d4cadb3-8db4-4ae4-ae8b-3812e12d0ef5,prca14,likert5,2,4,True,validated,1
0d4cadb3-8db4-4ae4-ae8b-3812e12d0ef5,prca15,likert5,4,4,True,validated,0
0d4cadb3-8db4-4ae4-ae8b-3812e12d0ef5,prca16,likert5,1,5,True,validated,1
0d4cadb3-8db4-4ae4-ae8b-3812e12d0ef5,prca17,likert5,1,5,True,validated,1
0d4cadb3-8db4-4ae4-ae8b-3812e12d0ef5,prca18,likert5,2,2,True,validated,0
55eaaf35-5ade-4e5d-abf1-9c9a8bb699ce,prca01,likert5,1,1,True,validated,0
55eaaf35-5ade-4e5d-abf1-9c9a8bb699ce,prca02,likert5,1,5,True,validated,1
55eaaf35-5ade-4e5d-abf1-9c9a8bb699ce,prca03,likert5,4,4,True,validated,0
55eaaf35-5ade-4e5d-abf1-9c9a8bb699ce,prca04,likert5,2,4,True,validated,1
55eaaf35-5ade-4e5d-abf1-9c9a8bb699ce,prca05,likert5,1,1,True,validated,0
55eaaf35-5ade-4e5d-abf1-9c9a8bb699ce,prca06,likert5,4,2,True,validated,1
55eaaf35-5ade-4e5d-abf1-9c9a8bb699ce,prca13,likert5,4,4,True,validated,0
55eaaf35-5ade-4e5d-abf1-9c9a8bb699ce,prca14,likert5,4,2,True,validated,1
55eaaf35-5ade-4e5d-abf1-9c9a8bb699ce,prca15,likert5,2,2,True,validated,0
55eaaf35-5ade-4e5d-abf1-9c9a8bb699ce,prca16,likert5,1,5,True,validated,1
55eaaf35-5ade-4e5d-abf1-9c9a8bb699ce,prca17,likert5,4,2,True,validated,1
55eaaf35-5ade-4e5d-abf1-9c9a8bb699ce,prca18,likert5,1,1,True,validated,0
001e98f5-e9ba-4698-b1e4-64b459ac8df5,prca01,likert5,1,1,True,validated,0
001e98f5-e9ba-4698-b1e4-64b459ac8df5,prca02,likert5,4,2,True,validated,1
001e98f5-e9ba-4698-b1e4-64b459ac8df5,prca03,likert5,2,2,True,validated,0
001e98f5-e9ba-4698-b1e4-64b459ac8df5,prca04,likert5,3,3,True,validated,1
001e98f5-e9ba-4698-b1e4-64b459ac8df5,prca05,likert5,4,4,True,validated,0
001e98f5-e9ba-4698-b1e4-64b459ac8df5,prca06,likert5,4,2,True,validated,1
001e98f5-e9ba-4698-b1e4-64b459ac8df5,prca13,likert5,1,1,True,validated,0
001e98f5-e9ba-4698-b1e4-64b459ac8df5,prca14,likert5,4,2,True,validated,1
001e98f5-e9ba-4698-b1e4-64b459ac8df5,prca15,likert5,1,1,True,validated,0
001e98f5-e9ba-4698-b1e4-64b459ac8df5,prca16,likert5,2,4,True,validated,1
001e98f5-e9ba-4698-b1e4-64b459ac8df5,prca17,likert5,2,4,True,validated,1
001e98f5-e9ba-4698-b1e4-64b459ac8df5,prca18,likert5,4,4,True,validated,0
2c188b05-55b8-4f97-a4ff-4bb68a482544,prca01,likert5,4,4,True,validated,0
2c188b05-55b8-4f97-a4ff-4bb68a482544,prca02,likert5,2,4,True,validated,1
2c188b05-55b8-4f97-a4ff-4bb68a482544,prca03,likert5,1,1,True,validated,0
2c188b05-55b8-4f97-a4ff-4bb68a482544,prca04,likert5,2,4,True,validated,1
2c188b05-55b8-4f97-a4ff-4bb68a482544,prca05,likert5,1,1,True,validated,0
2c188b05-55b8-4f97-a4ff-4bb68a482544,prca06,likert5,1,5,True,validated,1
2c188b05-55b8-4f97-a4ff-4bb68a482544,prca13,likert5,4,4,True,validated,0
2c188b05-55b8-4f97-a4ff-4bb68a482544,prca14,likert5,1,5,True,validated,1
2c188b05-55b8-4f97-a4ff-4bb68a482544,prca15,likert5,4,4,True,validated,0
2c188b05-55b8-4f97-a4ff-4bb68a482544,prca16,likert5,3,3,True,validated,1
2c188b05-55b8-4f97-a4ff-4bb68a482544,prca17,likert5,2,4,True,validated,1
2c188b05-55b8-4f97-a4ff-4bb68a482544,prca18,likert5,2,2,True,validated,0
80bd962a-8acb-42a3-92ae-e161a6b7e72d,prca01,likert5,1,1,True,validated,0
80bd962a-8acb-42a3-92ae-e161a6b7e72d,prca02,likert5,2,4,True,validated,1
80bd962a-8acb-42a3-92ae-e161a6b7e72d,prca03,likert5,2,2,True,validated,0
80bd962a-8acb-42a3-92ae-e161a6b7e72d,prca04,likert5,1,5,True,validated,1
80bd962a-8acb-42a3-92ae-e161a6b7e72d,prca05,likert5,1,1,True,validated,0
80bd962a-8acb-42a3-92ae-e161a6b7e72d,prca06,likert5,1,5,True,validated,1
80bd962a-8acb-42a3-92ae-e161a6b7e72d,prca13,likert5,1,1,True,validated,0
80bd962a-8acb-42a3-92ae-e161a6b7e72d,prca14,likert5,4,2,True,validated,1
80bd962a-8acb-42a3-92ae-e161a6b7e72d,prca15,likert5,2,2,True,validated,0
80bd962a-8acb-42a3-92ae-e161a6b7e72d,prca16,likert5,2,4,True,validated,1
80bd962a-8acb-42a3-92ae-e161a6b7e72d,prca17,likert5,1,5,True,validated,1
80bd962a-8acb-42a3-92ae-e161a6b7e72d,prca18,likert5,1,1,True,validated,0
73738b2f-d3a6-4833-b18d-5326a58f5856,prca01,likert5,1,1,True,validated,0
73738b2f-d3a6-4833-b18d-5326a58f5856,prca02,likert5,3,3,True,validated,1
73738b2f-d3a6-4833-b18d-5326a58f5856,prca03,likert5,1,1,True,validated,0
73738b2f-d3a6-4833-b18d-5326a58f5856,prca04,likert5,2,4,True,validated,1
73738b2f-d3a6-4833-b18d-5326a58f5856,prca05,likert5,1,1,True,validated,0
73738b2f-d3a6-4833-b18d-5326a58f5856,prca06,likert5,4,2,True,validated,1
73738b2f-d3a6-4833-b18d-5326a58f5856,prca13,likert5,2,2,True,validated,0
73738b2f-d3a6-4833-b18d-5326a58f5856,prca14,likert5,1,5,True,validated,1
73738b2f-d3a6-4833-b18d-5326a58f5856,prca15,likert5,1,1,True,validated,0
73738b2f-d3a6-4833-b18d-5326a58f5856,prca16,likert5,1,5,True,validated,1
73738b2f-d3a6-4833-b18d-5326a58f5856,prca17,likert5,2,4,True,validated,1
73738b2f-d3a6-4833-b18d-5326a58f5856,prca18,likert5,2,2,True,validated,0
ab59f918-aa40-4af6-a27a-730c790e6a50,prca01,likert5,1,1,True,validated,0
ab59f918-aa40-4af6-a27a-730c790e6a50,prca02,likert5,1,5,True,validated,1
ab59f918-aa40-4af6-a27a-730c790e6a50,prca03,likert5,4,4,True,validated,0
ab59f918-aa40-4af6-a27a-730c790e6a50,prca04,likert5,1,5,True,validated,1
ab59f918-aa40-4af6-a27a-730c790e6a50,prca05,likert5,4,4,True,validated,0
ab59f918-aa40-4af6-a27a-730c790e6a50,prca06,likert5,1,5,True,validated,1
ab59f918-aa40-4af6-a27a-730c790e6a50,prca13,likert5,1,1,True,validated,0
ab59f918-aa40-4af6-a27a-730c790e6a50,prca14,likert5,4,2,True,validated,1
ab59f918-aa40-4af6-a27a-730c790e6a50,prca15,likert5,1,1,True,validated,0
ab59f918-aa40-4af6-a27a-730c790e6a50,prca16,likert5,1,5,True,validated,1
ab59f918-aa40-4af6-a27a-730c790e6a50,prca17,likert5,2,4,True,validated,1
ab59f918-aa40-4af6-a27a-730c790e6a50,prca18,likert5,1,1,True,validated,0
c469bb04-fcd1-49e1-b02f-4e06651eeba9,prca01,likert5,1,1,True,validated,0
c469bb04-fcd1-49e1-b02f-4e06651eeba9,prca02,likert5,1,5,True,validated,1
c469bb04-fcd1-49e1-b02f-4e06651eeba9,prca03,likert5,1,1,True,validated,0
c469bb04-fcd1-49e1-b02f-4e06651eeba9,prca04,likert5,3,3,True,validated,1
c469bb04-fcd1-49e1-b02f-4e06651eeba9,prca05,likert5,4,4,True,validated,0
c469bb04-fcd1-49e1-b02f-4e06651eeba9,prca06,likert5,2,4,True,validated,1
c469bb04-fcd1-49e1-b02f-4e06651eeba9,prca13,likert5,2,2,True,validated,0
c469bb04-fcd1-49e1-b02f-4e06651eeba9,prca14,likert5,4,2,True,validated,1
c469bb04-fcd1-49e1-b02f-4e06651eeba9,prca15,likert5,1,1,True,validated,0
c469bb04-fcd1-49e1-b02f-4e06651eeba9,prca16,likert5,1,5,True,validated,1
c469bb04-fcd1-49e1-b02f-4e06651eeba9,prca17,likert5,1,5,True,validated,1
c469bb04-fcd1-49e1-b02f-4e06651eeba9,prca18,likert5,1,1,True,validated,0
c0cfd158-50a1-4cb5-8d0b-b76614cb05c9,prca01,likert5,4,4,True,validated,0
c0cfd158-50a1-4cb5-8d0b-b76614cb05c9,prca02,likert5,2,4,True,validated,1
c0cfd158-50a1-4cb5-8d0b-b76614cb05c9,prca03,likert5,1,1,True,validated,0
c0cfd158-50a1-4cb5-8d0b-b76614cb05c9,prca04,likert5,1,5,True,validated,1
c0cfd158-50a1-4cb5-8d0b-b76614cb05c9,prca05,likert5,1,1,True,validated,0
c0cfd158-50a1-4cb5-8d0b-b76614cb05c9,prca06,likert5,2,4,True,validated,1
c0cfd158-50a1-4cb5-8d0b-b76614cb05c9,prca13,likert5,4,4,True,validated,0
c0cfd158-50a1-4cb5-8d0b-b76614cb05c9,prca14,likert5,1,5,True,validated,1
c0cfd158-50a1-4cb5-8d0b-b76614cb05c9,prca15,likert5,1,1,True,validated,0
c0cfd158-50a1-4cb5-8d0b-b76614cb05c9,prca16,likert5,3,3,True,validated,1
c0cfd158-50a1-4cb5-8d0b-b76614cb05c9,prca17,likert5,1,5,True,validated,1
c0cfd158-50a1-4cb5-8d0b-b76614cb05c9,prca18,likert5,2,2,True,validated,0
df477d14-9248-4f07-96d3-c91239702e69,prca01,likert5,2,2,True,validated,0
df477d14-9248-4f07-96d3-c91239702e69,prca02,likert5,1,5,True,validated,1
df477d14-9248-4f07-96d3-c91239702e69,prca03,likert5,4,4,True,validated,0
df477d14-9248-4f07-96d3-c91239702e69,prca04,likert5,3,3,True,validated,1
df477d14-9248-4f07-96d3-c91239702e69,prca05,likert5,2,2,True,validated,0
df477d14-9248-4f07-96d3-c91239702e69,prca06,likert5,1,5,True,validated,1
df477d14-9248-4f07-96d3-c91239702e69,prca13,likert5,1,1,True,validated,0
df477d14-9248-4f07-96d3-c91239702e69,prca14,likert5,1,5,True,validated,1
df477d14-9248-4f07-96d3-c91239702e69,prca15,likert5,2,2,True,validated,0
df477d14-9248-4f07-96d3-c91239702e69,prca16,likert5,4,2,True,validated,1
df477d14-9248-4f07-96d3-c91239702e69,prca17,likert5,4,2,True,validated,1
df477d14-9248-4f07-96d3-c91239702e69,prca18,likert5,1,1,True,validated,0
2db54318-309b-4787-a303-606a87bf040f,prca01,likert5,2,2,True,validated,0
2db54318-309b-4787-a303-606a87bf040f,prca02,likert5,4,2,True,validated,1
2db54318-309b-4787-a303-606a87bf040f,prca03,likert5,1,1,True,validated,0
2db54318-309b-4787-a303-606a87bf040f,prca04,likert5,1,5,True,validated,1
2db54318-309b-4787-a303-606a87bf040f,prca05,likert5,1,1,True,validated,0
2db54318-309b-4787-a303-606a87bf040f,prca06,likert5,2,4,True,validated,1
2db54318-309b-4787-a303-606a87bf040f,prca13,likert5,1,1,True,validated,0
2db54318-309b-4787-a303-606a87bf040f,prca14,likert5,3,3,True,validated,1
2db54318-309b-4787-a303-606a87bf040f,prca15,likert5,2,2,True,validated,0
2db54318-309b-4787-a303-606a87bf040f,prca16,likert5,1,5,True,validated,1
2db54318-309b-4787-a303-606a87bf040f,prca17,likert5,1,5,True,validated,1
2db54318-309b-4787-a303-606a87bf040f,prca18,likert5,2,2,True,validated,0
d3467d6b-4fa2-455c-a360-eab3ff70ad94,prca01,likert5,4,4,True,validated,0
d3467d6b-4fa2-455c-a360-eab3ff70ad94,prca02,likert5,1,5,True,validated,1
d3467d6b-4fa2-455c-a360-eab3ff70ad94,prca03,likert5,2,2,True,validated,0
d3467d6b-4fa2-455c-a360-eab3ff70ad94,prca04,likert5,1,5,True,validated,1
d3467d6b-4fa2-455c-a360-eab3ff70ad94,prca05,likert5,1,1,True,validated,0
d3467d6b-4fa2-455c-a360-eab3ff70ad94,prca06,likert5,1,5,True,validated,1
d3467d6b-4fa2-455c-a360-eab3ff70ad94,prca13,likert5,1,1,True,validated,0
d3467d6b-4fa2-455c-a360-eab3ff70ad94,prca14,likert5,1,5,True,validated,1
d3467d6b-4fa2-455c-a360-eab3ff70ad94,prca15,likert5,1,1,True,validated,0
d3467d6b-4fa2-455c-a360-eab3ff70ad94,prca16,likert5,1,5,True,validated,1
d3467d6b-4fa2-455c-a360-eab3ff70ad94,prca17,likert5,1,5,True,validated,1
d3467d6b-4fa2-455c-a360-eab3ff70ad94,prca18,likert5,1,1,True,validated,0
3c026a14-4fb9-40ce-8961-dbff0c1443c0,prca01,likert5,1,1,True,validated,0
3c026a14-4fb9-40ce-8961-dbff0c1443c0,prca02,likert5,4,2,True,validated,1
3c026a14-4fb9-40ce-8961-dbff0c1443c0,prca03,likert5,1,1,True,validated,0
3c026a14-4fb9-40ce-8961-dbff0c1443c0,prca04,likert5,4,2,True,validated,1
3c026a14-4fb9-40ce-8961-dbff0c1443c0,prca05,likert5,4,4,True,validated,0
3c026a14-4fb9-40ce-8961-dbff0c1443c0,prca06,likert5,1,5,True,validated,1
3c026a14-4fb9-40ce-8961-dbff0c1443c0,prca13,likert5,4,4,True,validated,0
3c026a14-4fb9-40ce-8961-dbff0c1443c0,prca14,likert5,1,5,True,validated,1
3c026a14-4fb9-40ce-8961-dbff0c1443c0,prca15,likert5,1,1,True,validated,0
3c026a14-4fb9-40ce-8961-dbff0c1443c0,prca16,likert5,1,5,True,validated,1
3c026a14-4fb9-40ce-8961-dbff0c1443c0,prca17,likert5,1,5,True,validated,1
3c026a14-4fb9-40ce-8961-dbff0c1443c0,prca18,likert5,1,1,True,validated,0
e4b34ccb-5b3c-42d8-9c12-a511610e122c,prca01,likert5,1,1,True,validated,0
e4b34ccb-5b3c-42d8-9c12-a511610e122c,prca02,likert5,2,4,True,validated,1
e4b34ccb-5b3c-42d8-9c12-a511610e122c,prca03,likert5,4,4,True,validated,0
e4b34ccb-5b3c-42d8-9c12-a511610e122c,prca04,likert5,2,4,True,validated,1
e4b34ccb-5b3c-42d8-9c12-a511610e122c,prca05,likert5,1,1,True,validated,0
e4b34ccb-5b3c-42d8-9c12-a511610e122c,prca06,likert5,1,5,True,validated,1
e4b34ccb-5b3c-42d8-9c12-a511610e122c,prca13,likert5,4,4,True,validated,0
e4b34ccb-5b3c-42d8-9c12-a511610e122c,prca14,likert5,1,5,True,validated,1
e4b34ccb-5b3c-42d8-9c12-a511610e122c,prca15,likert5,4,4,True,validated,0
e4b34ccb-5b3c-42d8-9c12-a511610e122c,prca16,likert5,1,5,True,validated,1
e4b34ccb-5b3c-42d8-9c12-a511610e122c,prca17,likert5,1,5,True,validated,1
e4b34ccb-5b3c-42d8-9c12-a511610e122c,prca18,likert5,1,1,True,validated,0
a43b2367-be70-429c-bf44-21d48e79ecde,prca01,likert5,1,1,True,validated,0
a43b2367-be70-429c-bf44-21d48e79ecde,prca02,likert5,4,2,True,validated,1
a43b2367-be70-429c-bf44-21d48e79ecde,prca03,likert5,2,2,True,validated,0
a43b2367-be70-429c-bf44-21d48e79ecde,prca04,likert5,2,4,True,validated,1
a43b2367-be70-429c-bf44-21d48e79ecde,prca05,likert5,1,1,True,validated,0
a43b2367-be70-429c-bf44-21d48e79ecde,prca06,likert5,1,5,True,validated,1
a43b2367-be70-429c-bf44-21d48e79ecde,prca13,likert5,1,1,True,validated,0
a43b2367-be70-429c-bf44-21d48e79ecde,prca14,likert5,1,5,True,validated,1
a43b2367-be70-429c-bf44-21d48e79ecde,prca15,likert5,1,1,True,validated,0
a43b2367-be70-429c-bf44-21d48e79ecde,prca16,likert5,4,2,True,validated,1
a43b2367-be70-429c-bf44-21d48e79ecde,prca17,likert5,1,5,True,validated,1
a43b2367-be70-429c-bf44-21d48e79ecde,prca18,likert5,4,4,True,validated,0
0e600db5-5ae8-41c7-9bf6-d9b6ba02ff83,prca01,likert5,1,1,True,validated,0
0e600db5-5ae8-41c7-9bf6-d9b6ba02ff83,prca02,likert5,2,4,True,validated,1
0e600db5-5ae8-41c7-9bf6-d9b6ba02ff83,prca03,likert5,1,1,True,validated,0
0e600db5-5ae8-41c7-9bf6-d9b6ba02ff83,prca04,likert5,1,5,True,validated,1
0e600db5-5ae8-41c7-9bf6-d9b6ba02ff83,prca05,likert5,4,4,True,validated,0
0e600db5-5ae8-41c7-9bf6-d9b6ba02ff83,prca06,likert5,1,5,True,validated,1
0e600db5-5ae8-41c7-9bf6-d9b6ba02ff83,prca13,likert5,2,2,True,validated,0
0e600db5-5ae8-41c7-9bf6-d9b6ba02ff83,prca14,likert5,1,5,True,validated,1
0e600db5-5ae8-41c7-9bf6-d9b6ba02ff83,prca15,likert5,1,1,True,validated,0
0e600db5-5ae8-41c7-9bf6-d9b6ba02ff83,prca16,likert5,4,2,True,validated,1
0e600db5-5ae8-41c7-9bf6-d9b6ba02ff83,prca17,likert5,4,2,True,validated,1
0e600db5-5ae8-41c7-9bf6-d9b6ba02ff83,prca18,likert5,1,1,True,validated,0
496063b8-a8d9-4212-8849-8acbe388380f,prca01,likert5,4,4,True,validated,0
496063b8-a8d9-4212-8849-8acbe388380f,prca02,likert5,1,5,True,validated,1
496063b8-a8d9-4212-8849-8acbe388380f,prca03,likert5,1,1,True,validated,0
496063b8-a8d9-4212-8849-8acbe388380f,prca04,likert5,2,4,True,validated,1
496063b8-a8d9-4212-8849-8acbe388380f,prca05,likert5,4,4,True,validated,0
496063b8-a8d9-4212-8849-8acbe388380f,prca06,likert5,1,5,True,validated,1
496063b8-a8d9-4212-8849-8acbe388380f,prca13,likert5,2,2,True,validated,0
496063b8-a8d9-4212-8849-8acbe388380f,prca14,likert5,4,2,True,validated,1
496063b8-a8d9-4212-8849-8acbe388380f,prca15,likert5,1,1,True,validated,0
496063b8-a8d9-4212-8849-8acbe388380f,prca16,likert5,4,2,True,validated,1
496063b8-a8d9-4212-8849-8acbe388380f,prca17,likert5,1,5,True,validated,1
496063b8-a8d9-4212-8849-8acbe388380f,prca18,likert5,1,1,True,validated,0
fe2771e6-e8c9-41e2-9eae-d52524380405,prca01,likert5,1,1,True,validated,0
fe2771e6-e8c9-41e2-9eae-d52524380405,prca02,likert5,3,3,True,validated,1
fe2771e6-e8c9-41e2-9eae-d52524380405,prca03,likert5,1,1,True,validated,0
fe2771e6-e8c9-41e2-9eae-d52524380405,prca04,likert5,1,5,True,validated,1
fe2771e6-e8c9-41e2-9eae-d52524380405,prca05,likert5,1,1,True,validated,0
fe2771e6-e8c9-41e2-9eae-d52524380405,prca06,likert5,3,3,True,validated,1
fe2771e6-e8c9-41e2-9eae-d52524380405,prca13,likert5,1,1,True,validated,0
fe2771e6-e8c9-41e2-9eae-d52524380405,prca14,likert5,1,5,True,validated,1
fe2771e6-e8c9-41e2-9eae-d52524380405,prca15,likert5,2,2,True,validated,0
fe2771e6-e8c9-41e2-9eae-d52524380405,prca16,likert5,4,2,True,validated,1
fe2771e6-e8c9-41e2-9eae-d52524380405,prca17,likert5,1,5,True,validated,1
fe2771e6-e8c9-41e2-9eae-d52524380405,prca18,likert5,1,1,True,validated,0
1b0e9a3a-f631-4c8b-a091-54f4e3ed7724,prca01,likert5,1,1,True,validated,0
1b0e9a3a-f631-4c8b-a091-54f4e3ed7724,prca02,likert5,3,3,True,validated,1
1b0e9a3a-f631-4c8b-a091-54f4e3ed7724,prca03,likert5,1,1,True,validated,0
1b0e9a3a-f631-4c8b-a091-54f4e3ed7724,prca04,likert5,4,2,True,validated,1
1b0e9a3a-f631-4c8b-a091-54f4e3ed7724,prca05,likert5,1,1,True,validated,0
1b0e9a3a-f631-4c8b-a091-54f4e3ed7724,prca06,likert5,1,5,True,validated,1
1b0e9a3a-f631-4c8b-a091-54f4e3ed7724,prca13,likert5,1,1,True,validated,0
1b0e9a3a-f631-4c8b-a091-54f4e3ed7724,prca14,likert5,4,2,True,validated,1
1b0e9a3a-f631-4c8b-a091-54f4e3ed7724,prca15,likert5,4,4,True,validated,0
1b0e9a3a-f631-4c8b-a091-54f4e3ed7724,prca16,likert5,2,4,True,validated,1
1b0e9a3a-f631-4c8b-a091-54f4e3ed7724,prca17,likert5,1,5,True,validated,1
1b0e9a3a-f631-4c8b-a091-54f4e3ed7724,prca18,likert5,1,1,True,validated,0
23e8beda-92b0-450d-ae1c-01e0579d616f,prca01,likert5,1,1,True,validated,0
23e8beda-92b0-450d-ae1c-01e0579d616f,prca02,likert5,4,2,True,validated,1
23e8beda-92b0-450d-ae1c-01e0579d616f,prca03,likert5,2,2,True,validated,0
23e8beda-92b0-450d-ae1c-01e0579d616f,prca04,likert5,1,5,True,validated,1
23e8beda-92b0-450d-ae1c-01e0579d616f,prca05,likert5,1,1,True,validated,0
23e8beda-92b0-450d-ae1c-01e0579d616f,prca06,likert5,1,5,True,validated,1
23e8beda-92b0-450d-ae1c-01e0579d616f,prca13,likert5,1,1,True,validated,0
23e8beda-92b0-450d-ae1c-01e0579d616f,prca14,likert5,1,5,True,validated,1
23e8beda-92b0-450d-ae1c-01e0579d616f,prca15,likert5,2,2,True,validated,0
23e8beda-92b0-450d-ae1c-01e0579d616f,prca16,likert5,4,2,True,validated,1
23e8beda-92b0-450d-ae1c-01e0579d616f,prca17,likert5,4,2,True,validated,1
23e8beda-92b0-450d-ae1c-01e0579d616f,prca18,likert5,2,2,True,validated,0
f1f85383-813a-4ca3-a153-e38df727c600,prca01,likert5,2,2,True,validated,0
f1f85383-813a-4ca3-a153-e38df727c600,prca02,likert5,1,5,True,validated,1
f1f85383-813a-4ca3-a153-e38df727c600,prca03,likert5,1,1,True,validated,0
f1f85383-813a-4ca3-a153-e38df727c600,prca04,likert5,1,5,True,validated,1
f1f85383-813a-4ca3-a153-e38df727c600,prca05,likert5,1,1,True,validated,0
f1f85383-813a-4ca3-a153-e38df727c600,prca06,likert5,1,5,True,validated,1
f1f85383-813a-4ca3-a153-e38df727c600,prca13,likert5,2,2,True,validated,0
f1f85383-813a-4ca3-a153-e38df727c600,prca14,likert5,2,4,True,validated,1
f1f85383-813a-4ca3-a153-e38df727c600,prca15,likert5,1,1,True,validated,0
f1f85383-813a-4ca3-a153-e38df727c600,prca16,likert5,1,5,True,validated,1
f1f85383-813a-4ca3-a153-e38df727c600,prca17,likert5,1,5,True,validated,1
f1f85383-813a-4ca3-a153-e38df727c600,prca18,likert5,1,1,True,validated,0
00fcd9fe-e41d-4896-bcd2-78efd1f132a5,prca01,likert5,2,2,True,validated,0
00fcd9fe-e41d-4896-bcd2-78efd1f132a5,prca02,likert5,3,3,True,validated,1
00fcd9fe-e41d-4896-bcd2-78efd1f132a5,prca03,likert5,2,2,True,validated,0
00fcd9fe-e41d-4896-bcd2-78efd1f132a5,prca04,likert5,4,2,True,validated,1
00fcd9fe-e41d-4896-bcd2-78efd1f132a5,prca05,likert5,1,1,True,validated,0
00fcd9fe-e41d-4896-bcd2-78efd1f132a5,prca06,likert5,2,4,True,validated,1
00fcd9fe-e41d-4896-bcd2-78efd1f132a5,prca13,likert5,2,2,True,validated,0
00fcd9fe-e41d-4896-bcd2-78efd1f132a5,prca14,likert5,2,4,True,validated,1
00fcd9fe-e41d-4896-bcd2-78efd1f132a5,prca15,likert5,1,1,True,validated,0
00fcd9fe-e41d-4896-bcd2-78efd1f132a5,prca16,likert5,1,5,True,validated,1
00fcd9fe-e41d-4896-bcd2-78efd1f132a5,prca17,likert5,4,2,True,validated,1
00fcd9fe-e41d-4896-bcd2-78efd1f132a5,prca18,likert5,1,1,True,validated,0
15f0660c-b462-444c-81bb-3866524e11e2,prca01,likert5,1,1,True,validated,0
15f0660c-b462-444c-81bb-3866524e11e2,prca02,likert5,2,4,True,validated,1
15f0660c-b462-444c-81bb-3866524e11e2,prca03,likert5,1,1,True,validated,0
15f0660c-b462-444c-81bb-3866524e11e2,prca04,likert5,1,5,True,validated,1
15f0660c-b462-444c-81bb-3866524e11e2,prca05,likert5,1,1,True,validated,0
15f0660c-b462-444c-81bb-3866524e11e2,prca06,likert5,1,5,True,validated,1
15f0660c-b462-444c-81bb-3866524e11e2,prca13,likert5,1,1,True,validated,0
15f0660c-b462-444c-81bb-3866524e11e2,prca14,likert5,1,5,True,validated,1
15f0660c-b462-444c-81bb-3866524e11e2,prca15,likert5,2,2,True,validated,0
15f0660c-b462-444c-81bb-3866524e11e2,prca16,likert5,4,2,True,validated,1
15f0660c-b462-444c-81bb-3866524e11e2,prca17,likert5,2,4,True,validated,1
15f0660c-b462-444c-81bb-3866524e11e2,prca18,likert5,2,2,True,validated,0
00130f0a-1942-484b-8585-be381077bafe,prca01,likert5,2,2,True,validated,0
00130f0a-1942-484b-8585-be381077bafe,prca02,likert5,2,4,True,validated,1
00130f0a-1942-484b-8585-be381077bafe,prca03,likert5,4,4,True,validated,0
00130f0a-1942-484b-8585-be381077bafe,prca04,likert5,4,2,True,validated,1
00130f0a-1942-484b-8585-be381077bafe,prca05,likert5,2,2,True,validated,0
00130f0a-1942-484b-8585-be381077bafe,prca06,likert5,1,5,True,validated,1
00130f0a-1942-484b-8585-be381077bafe,prca13,likert5,4,4,True,validated,0
00130f0a-1942-484b-8585-be381077bafe,prca14,likert5,4,2,True,validated,1
00130f0a-1942-484b-8585-be381077bafe,prca15,likert5,3,3,True,validated,0
00130f0a-1942-484b-8585-be381077bafe,prca16,likert5,4,2,True,validated,1
00130f0a-1942-484b-8585-be381077bafe,prca17,likert5,2,4,True,validated,1
00130f0a-1942-484b-8585-be381077bafe,prca18,likert5,2,2,True,validated,0
6d83eaa9-e8dd-4af1-aab4-fdce20a0af1c,prca01,likert5,1,1,True,validated,0
6d83eaa9-e8dd-4af1-aab4-fdce20a0af1c,prca02,likert5,1,5,True,validated,1
6d83eaa9-e8dd-4af1-aab4-fdce20a0af1c,prca03,likert5,1,1,True,validated,0
6d83eaa9-e8dd-4af1-aab4-fdce20a0af1c,prca04,likert5,1,5,True,validated,1
6d83eaa9-e8dd-4af1-aab4-fdce20a0af1c,prca05,likert5,4,4,True,validated,0
6d83eaa9-e8dd-4af1-aab4-fdce20a0af1c,prca06,likert5,1,5,True,validated,1
6d83eaa9-e8dd-4af1-aab4-fdce20a0af1c,prca13,likert5,1,1,True,validated,0
6d83eaa9-e8dd-4af1-aab4-fdce20a0af1c,prca14,likert5,1,5,True,validated,1
6d83eaa9-e8dd-4af1-aab4-fdce20a0af1c,prca15,likert5,1,1,True,validated,0
6d83eaa9-e8dd-4af1-aab4-fdce20a0af1c,prca16,likert5,4,2,True,validated,1
6d83eaa9-e8dd-4af1-aab4-fdce20a0af1c,prca17,likert5,4,2,True,validated,1
6d83eaa9-e8dd-4af1-aab4-fdce20a0af1c,prca18,likert5,1,1,True,validated,0
0075a4c6-ed26-460f-bbfc-748f26d768e4,prca01,likert5,1,1,True,validated,0
0075a4c6-ed26-460f-bbfc-748f26d768e4,prca02,likert5,4,2,True,validated,1
0075a4c6-ed26-460f-bbfc-748f26d768e4,prca03,likert5,2,2,True,validated,0
0075a4c6-ed26-460f-bbfc-748f26d768e4,prca04,likert5,4,2,True,validated,1
0075a4c6-ed26-460f-bbfc-748f26d768e4,prca05,likert5,1,1,True,validated,0
0075a4c6-ed26-460f-bbfc-748f26d768e4,prca06,likert5,2,4,True,validated,1
0075a4c6-ed26-460f-bbfc-748f26d768e4,prca13,likert5,1,1,True,validated,0
0075a4c6-ed26-460f-bbfc-748f26d768e4,prca14,likert5,4,2,True,validated,1
0075a4c6-ed26-460f-bbfc-748f26d768e4,prca15,likert5,1,1,True,validated,0
0075a4c6-ed26-460f-bbfc-748f26d768e4,prca16,likert5,2,4,True,validated,1
0075a4c6-ed26-460f-bbfc-748f26d768e4,prca17,likert5,1,5,True,validated,1
0075a4c6-ed26-460f-bbfc-748f26d768e4,prca18,likert5,2,2,True,validated,0
7050f896-9cc9-4507-af5a-a254e7a12f55,prca01,likert5,1,1,True,validated,0
7050f896-9cc9-4507-af5a-a254e7a12f55,prca02,likert5,1,5,True,validated,1
7050f896-9cc9-4507-af5a-a254e7a12f55,prca03,likert5,1,1,True,validated,0
7050f896-9cc9-4507-af5a-a254e7a12f55,prca04,likert5,4,2,True,validated,1
7050f896-9cc9-4507-af5a-a254e7a12f55,prca05,likert5,1,1,True,validated,0
7050f896-9cc9-4507-af5a-a254e7a12f55,prca06,likert5,1,5,True,validated,1
7050f896-9cc9-4507-af5a-a254e7a12f55,prca13,likert5,1,1,True,validated,0
7050f896-9cc9-4507-af5a-a254e7a12f55,prca14,likert5,1,5,True,validated,1
7050f896-9cc9-4507-af5a-a254e7a12f55,prca15,likert5,1,1,True,validated,0
7050f896-9cc9-4507-af5a-a254e7a12f55,prca16,likert5,1,5,True,validated,1
7050f896-9cc9-4507-af5a-a254e7a12f55,prca17,likert5,2,4,True,validated,1
7050f896-9cc9-4507-af5a-a254e7a12f55,prca18,likert5,1,1,True,validated,0
08dac2d4-9e9b-4091-92b2-3a045a1272ba,prca01,likert5,4,4,True,validated,0
08dac2d4-9e9b-4091-92b2-3a045a1272ba,prca02,likert5,2,4,True,validated,1
08dac2d4-9e9b-4091-92b2-3a045a1272ba,prca03,likert5,2,2,True,validated,0
08dac2d4-9e9b-4091-92b2-3a045a1272ba,prca04,likert5,2,4,True,validated,1
08dac2d4-9e9b-4091-92b2-3a045a1272ba,prca05,likert5,2,2,True,validated,0
08dac2d4-9e9b-4091-92b2-3a045a1272ba,prca06,likert5,3,3,True,validated,1
08dac2d4-9e9b-4091-92b2-3a045a1272ba,prca13,likert5,1,1,True,validated,0
08dac2d4-9e9b-4091-92b2-3a045a1272ba,prca14,likert5,4,2,True,validated,1
08dac2d4-9e9b-4091-92b2-3a045a1272ba,prca15,likert5,1,1,True,validated,0
08dac2d4-9e9b-4091-92b2-3a045a1272ba,prca16,likert5,4,2,True,validated,1
08dac2d4-9e9b-4091-92b2-3a045a1272ba,prca17,likert5,3,3,True,validated,1
08dac2d4-9e9b-4091-92b2-3a045a1272ba,prca18,likert5,1,1,True,validated,0
b7a99ac0-8a8b-4e39-9051-18068e800d26,prca01,likert5,1,1,True,validated,0
b7a99ac0-8a8b-4e39-9051-18068e800d26,prca02,likert5,1,5,True,validated,1
b7a99ac0-8a8b-4e39-9051-18068e800d26,prca03,likert5,1,1,True,validated,0
b7a99ac0-8a8b-4e39-9051-18068e800d26,prca04,likert5,1,5,True,validated,1
b7a99ac0-8a8b-4e39-9051-18068e800d26,prca05,likert5,1,1,True,validated,0
b7a99ac0-8a8b-4e39-9051-18068e800d26,prca06,likert5,3,3,True,validated,1
b7a99ac0-8a8b-4e39-9051-18068e800d26,prca13,likert5,1,1,True,validated,0
b7a99ac0-8a8b-4e39-9051-18068e800d26,prca14,likert5,4,2,True,validated,1
b7a99ac0-8a8b-4e39-9051-18068e800d26,prca15,likert5,2,2,True,validated,0
b7a99ac0-8a8b-4e39-9051-18068e800d26,prca16,likert5,4,2,True,validated,1
b7a99ac0-8a8b-4e39-9051-18068e800d26,prca17,likert5,4,2,True,validated,1
b7a99ac0-8a8b-4e39-9051-18068e800d26,prca18,likert5,4,4,True,validated,0
7bec330a-eacb-4021-adc2-16105f69ec21,prca01,likert5,4,4,True,validated,0
7bec330a-eacb-4021-adc2-16105f69ec21,prca02,likert5,2,4,True,validated,1
7bec330a-eacb-4021-adc2-16105f69ec21,prca03,likert5,4,4,True,validated,0
7bec330a-eacb-4021-adc2-16105f69ec21,prca04,likert5,2,4,True,validated,1
7bec330a-eacb-4021-adc2-16105f69ec21,prca05,likert5,4,4,True,validated,0
7bec330a-eacb-4021-adc2-16105f69ec21,prca06,likert5,4,2,True,validated,1
7bec330a-eacb-4021-adc2-16105f69ec21,prca13,likert5,1,1,True,validated,0
7bec330a-eacb-4021-adc2-16105f69ec21,prca14,likert5,2,4,True,validated,1
7bec330a-eacb-4021-adc2-16105f69ec21,prca15,likert5,4,4,True,validated,0
7bec330a-eacb-4021-adc2-16105f69ec21,prca16,likert5,3,3,True,validated,1
7bec330a-eacb-4021-adc2-16105f69ec21,prca17,likert5,4,2,True,validated,1
7bec330a-eacb-4021-adc2-16105f69ec21,prca18,likert5,2,2,True,validated,0
e7c8e93a-cc12-4b93-a7c1-26e19102a329,prca01,likert5,1,1,True,validated,0
e7c8e93a-cc12-4b93-a7c1-26e19102a329,prca02,likert5,1,5,True,validated,1
e7c8e93a-cc12-4b93-a7c1-26e19102a329,prca03,likert5,1,1,True,validated,0
e7c8e93a-cc12-4b93-a7c1-26e19102a329,prca04,likert5,4,2,True,validated,1
e7c8e93a-cc12-4b93-a7c1-26e19102a329,prca05,likert5,1,1,True,validated,0
e7c8e93a-cc12-4b93-a7c1-26e19102a329,prca06,likert5,2,4,True,validated,1
e7c8e93a-cc12-4b93-a7c1-26e19102a329,prca13,likert5,2,2,True,validated,0
e7c8e93a-cc12-4b93-a7c1-26e19102a329,prca14,likert5,1,5,True,validated,1
e7c8e93a-cc12-4b93-a7c1-26e19102a329,prca15,likert5,4,4,True,validated,0
e7c8e93a-cc12-4b93-a7c1-26e19102a329,prca16,likert5,1,5,True,validated,1
e7c8e93a-cc12-4b93-a7c1-26e19102a329,prca17,likert5,1,5,True,validated,1
e7c8e93a-cc12-4b93-a7c1-26e19102a329,prca18,likert5,1,1,True,validated,0
fbefea11-750a-483d-9b5f-f367a763c8b9,prca01,likert5,2,2,True,validated,0
fbefea11-750a-483d-9b5f-f367a763c8b9,prca02,likert5,4,2,True,validated,1
fbefea11-750a-483d-9b5f-f367a763c8b9,prca03,likert5,2,2,True,validated,0
fbefea11-750a-483d-9b5f-f367a763c8b9,prca04,likert5,1,5,True,validated,1
fbefea11-750a-483d-9b5f-f367a763c8b9,prca05,likert5,1,1,True,validated,0
fbefea11-750a-483d-9b5f-f367a763c8b9,prca06,likert5,3,3,True,validated,1
fbefea11-750a-483d-9b5f-f367a763c8b9,prca13,likert5,4,4,True,validated,0
fbefea11-750a-483d-9b5f-f367a763c8b9,prca14,likert5,1,5,True,validated,1
fbefea11-750a-483d-9b5f-f367a763c8b9,prca15,likert5,4,4,True,validated,0
fbefea11-750a-483d-9b5f-f367a763c8b9,prca16,likert5,2,4,True,validated,1
fbefea11-750a-483d-9b5f-f367a763c8b9,prca17,likert5,1,5,True,validated,1
fbefea11-750a-483d-9b5f-f367a763c8b9,prca18,likert5,1,1,True,validated,0
32df7772-1220-4bdf-8690-c8f328309ca6,prca01,likert5,2,2,True,validated,0
32df7772-1220-4bdf-8690-c8f328309ca6,prca02,likert5,1,5,True,validated,1
32df7772-1220-4bdf-8690-c8f328309ca6,prca03,likert5,1,1,True,validated,0
32df7772-1220-4bdf-8690-c8f328309ca6,prca04,likert5,2,4,True,validated,1
32df7772-1220-4bdf-8690-c8f328309ca6,prca05,likert5,4,4,True,validated,0
32df7772-1220-4bdf-8690-c8f328309ca6,prca06,likert5,1,5,True,validated,1
32df7772-1220-4bdf-8690-c8f328309ca6,prca13,likert5,1,1,True,validated,0
32df7772-1220-4bdf-8690-c8f328309ca6,prca14,likert5,4,2,True,validated,1
32df7772-1220-4bdf-8690-c8f328309ca6,prca15,likert5,1,1,True,validated,0
32df7772-1220-4bdf-8690-c8f328309ca6,prca16,likert5,1,5,True,validated,1
32df7772-1220-4bdf-8690-c8f328309ca6,prca17,likert5,1,5,True,validated,1
32df7772-1220-4bdf-8690-c8f328309ca6,prca18,likert5,2,2,True,validated,0
ef99adcf-9d49-49ae-9071-c9242e5cc7d8,prca01,likert5,4,4,True,validated,0
ef99adcf-9d49-49ae-9071-c9242e5cc7d8,prca02,likert5,4,2,True,validated,1
ef99adcf-9d49-49ae-9071-c9242e5cc7d8,prca03,likert5,4,4,True,validated,0
ef99adcf-9d49-49ae-9071-c9242e5cc7d8,prca04,likert5,3,3,True,validated,1
ef99adcf-9d49-49ae-9071-c9242e5cc7d8,prca05,likert5,2,2,True,validated,0
ef99adcf-9d49-49ae-9071-c9242e5cc7d8,prca06,likert5,1,5,True,validated,1
ef99adcf-9d49-49ae-9071-c9242e5cc7d8,prca13,likert5,2,2,True,validated,0
ef99adcf-9d49-49ae-9071-c9242e5cc7d8,prca14,likert5,4,2,True,validated,1
ef99adcf-9d49-49ae-9071-c9242e5cc7d8,prca15,likert5,2,2,True,validated,0
ef99adcf-9d49-49ae-9071-c9242e5cc7d8,prca16,likert5,2,4,True,validated,1
ef99adcf-9d49-49ae-9071-c9242e5cc7d8,prca17,likert5,1,5,True,validated,1
ef99adcf-9d49-49ae-9071-c9242e5cc7d8,prca18,likert5,1,1,True,validated,0
df0cb9ca-4cb5-4aa1-a171-f19621301e4b,prca01,likert5,1,1,True,validated,0
df0cb9ca-4cb5-4aa1-a171-f19621301e4b,prca02,likert5,3,3,True,validated,1
df0cb9ca-4cb5-4aa1-a171-f19621301e4b,prca03,likert5,1,1,True,validated,0
df0cb9ca-4cb5-4aa1-a171-f19621301e4b,prca04,likert5,4,2,True,validated,1
df0cb9ca-4cb5-4aa1-a171-f19621301e4b,prca05,likert5,1,1,True,validated,0
df0cb9ca-4cb5-4aa1-a171-f19621301e4b,prca06,likert5,4,2,True,validated,1
df0cb9ca-4cb5-4aa1-a171-f19621301e4b,prca13,likert5,4,4,True,validated,0
df0cb9ca-4cb5-4aa1-a171-f19621301e4b,prca14,likert5,4,2,True,validated,1
df0cb9ca-4cb5-4aa1-a171-f19621301e4b,prca15,likert5,4,4,True,validated,0
df0cb9ca-4cb5-4aa1-a171-f19621301e4b,prca16,likert5,4,2,True,validated,1
df0cb9ca-4cb5-4aa1-a171-f19621301e4b,prca17,likert5,2,4,True,validated,1
df0cb9ca-4cb5-4aa1-a171-f19621301e4b,prca18,likert5,1,1,True,validated,0
c3358e81-f369-48d4-8aae-94d3013d4fe6,prca01,likert5,1,1,True,validated,0
c3358e81-f369-48d4-8aae-94d3013d4fe6,prca02,likert5,1,5,True,validated,1
c3358e81-f369-48d4-8aae-94d3013d4fe6,prca03,likert5,2,2,True,validated,0
c3358e81-f369-48d4-8aae-94d3013d4fe6,prca04,likert5,1,5,True,validated,1
c3358e81-f369-48d4-8aae-94d3013d4fe6,prca05,likert5,1,1,True,validated,0
c3358e81-f369-48d4-8aae-94d3013d4fe6,prca06,likert5,2,4,True,validated,1
c3358e81-f369-48d4-8aae-94d3013d4fe6,prca13,likert5,1,1,True,validated,0
c3358e81-f369-48d4-8aae-94d3013d4fe6,prca14,likert5,1,5,True,validated,1
c3358e81-f369-48d4-8aae-94d3013d4fe6,prca15,likert5,1,1,True,validated,0
c3358e81-f369-48d4-8aae-94d3013d4fe6,prca16,likert5,4,2,True,validated,1
c3358e81-f369-48d4-8aae-94d3013d4fe6,prca17,likert5,1,5,True,validated,1
c3358e81-f369-48d4-8aae-94d3013d4fe6,prca18,likert5,1,1,True,validated,0
c7fa13dd-dbfc-4262-bb6b-f4c90fa3553c,prca01,likert5,2,2,True,validated,0
c7fa13dd-dbfc-4262-bb6b-f4c90fa3553c,prca02,likert5,1,5,True,validated,1
c7fa13dd-dbfc-4262-bb6b-f4c90fa3553c,prca03,likert5,1,1,True,validated,0
c7fa13dd-dbfc-4262-bb6b-f4c90fa3553c,prca04,likert5,4,2,True,validated,1
c7fa13dd-dbfc-4262-bb6b-f4c90fa3553c,prca05,likert5,2,2,True,validated,0
c7fa13dd-dbfc-4262-bb6b-f4c90fa3553c,prca06,likert5,1,5,True,validated,1
c7fa13dd-dbfc-4262-bb6b-f4c90fa3553c,prca13,likert5,1,1,True,validated,0
c7fa13dd-dbfc-4262-bb6b-f4c90fa3553c,prca14,likert5,2,4,True,validated,1
c7fa13dd-dbfc-4262-bb6b-f4c90fa3553c,prca15,likert5,1,1,True,validated,0
c7fa13dd-dbfc-4262-bb6b-f4c90fa3553c,prca16,likert5,1,5,True,validated,1
c7fa13dd-dbfc-4262-bb6b-f4c90fa3553c,prca17,likert5,1,5,True,validated,1
c7fa13dd-dbfc-4262-bb6b-f4c90fa3553c,prca18,likert5,2,2,True,validated,0
ac7efb87-7473-41c3-9c2d-5772fef7a611,prca01,likert5,1,1,True,validated,0
ac7efb87-7473-41c3-9c2d-5772fef7a611,prca02,likert5,4,2,True,validated,1
ac7efb87-7473-41c3-9c2d-5772fef7a611,prca03,likert5,1,1,True,validated,0
ac7efb87-7473-41c3-9c2d-5772fef7a611,prca04,likert5,4,2,True,validated,1
ac7efb87-7473-41c3-9c2d-5772fef7a611,prca05,likert5,1,1,True,validated,0
ac7efb87-7473-41c3-9c2d-5772fef7a611,prca06,likert5,2,4,True,validated,1
ac7efb87-7473-41c3-9c2d-5772fef7a611,prca13,likert5,4,4,True,validated,0
ac7efb87-7473-41c3-9c2d-5772fef7a611,prca14,likert5,1,5,True,validated,1
ac7efb87-7473-41c3-9c2d-5772fef7a611,prca15,likert5,1,1,True,validated,0
ac7efb87-7473-41c3-9c2d-5772fef7a611,prca16,likert5,1,5,True,validated,1
ac7efb87-7473-41c3-9c2d-5772fef7a611,prca17,likert5,1,5,True,validated,1
ac7efb87-7473-41c3-9c2d-5772fef7a611,prca18,likert5,1,1,True,validated,0
5738fdaa-d5d8-483c-bdca-b93ca4de4d64,prca01,likert5,1,1,True,validated,0
5738fdaa-d5d8-483c-bdca-b93ca4de4d64,prca02,likert5,2,4,True,validated,1
5738fdaa-d5d8-483c-bdca-b93ca4de4d64,prca03,likert5,1,1,True,validated,0
5738fdaa-d5d8-483c-bdca-b93ca4de4d64,prca04,likert5,1,5,True,validated,1
5738fdaa-d5d8-483c-bdca-b93ca4de4d64,prca05,likert5,4,4,True,validated,0
5738fdaa-d5d8-483c-bdca-b93ca4de4d64,prca06,likert5,1,5,True,validated,1
5738fdaa-d5d8-483c-bdca-b93ca4de4d64,prca13,likert5,1,1,True,validated,0
5738fdaa-d5d8-483c-bdca-b93ca4de4d64,prca14,likert5,1,5,True,validated,1
5738fdaa-d5d8-483c-bdca-b93ca4de4d64,prca15,likert5,4,4,True,validated,0
5738fdaa-d5d8-483c-bdca-b93ca4de4d64,prca16,likert5,1,5,True,validated,1
5738fdaa-d5d8-483c-bdca-b93ca4de4d64,prca17,likert5,1,5,True,validated,1
5738fdaa-d5d8-483c-bdca-b93ca4de4d64,prca18,likert5,1,1,True,validated,0
b1b96cfd-9b8a-4481-a5b5-998d932f8d15,prca01,likert5,1,1,True,validated,0
b1b96cfd-9b8a-4481-a5b5-998d932f8d15,prca02,likert5,1,5,True,validated,1
b1b96cfd-9b8a-4481-a5b5-998d932f8d15,prca03,likert5,1,1,True,validated,0
b1b96cfd-9b8a-4481-a5b5-998d932f8d15,prca04,likert5,1,5,True,validated,1
b1b96cfd-9b8a-4481-a5b5-998d932f8d15,prca05,likert5,1,1,True,validated,0
b1b96cfd-9b8a-4481-a5b5-998d932f8d15,prca06,likert5,1,5,True,validated,1
b1b96cfd-9b8a-4481-a5b5-998d932f8d15,prca13,likert5,4,4,True,validated,0
b1b96cfd-9b8a-4481-a5b5-998d932f8d15,prca14,likert5,4,2,True,validated,1
b1b96cfd-9b8a-4481-a5b5-998d932f8d15,prca15,likert5,1,1,True,validated,0
b1b96cfd-9b8a-4481-a5b5-998d932f8d15,prca16,likert5,2,4,True,validated,1
b1b96cfd-9b8a-4481-a5b5-998d932f8d15,prca17,likert5,2,4,True,validated,1
b1b96cfd-9b8a-4481-a5b5-998d932f8d15,prca18,likert5,4,4,True,validated,0
b8ab7e17-db23-4d84-9e52-69b4957b871d,prca01,likert5,1,1,True,validated,0
b8ab7e17-db23-4d84-9e52-69b4957b871d,prca02,likert5,4,2,True,validated,1
b8ab7e17-db23-4d84-9e52-69b4957b871d,prca03,likert5,2,2,True,validated,0
b8ab7e17-db23-4d84-9e52-69b4957b871d,prca04,likert5,1,5,True,validated,1
b8ab7e17-db23-4d84-9e52-69b4957b871d,prca05,likert5,4,4,True,validated,0
b8ab7e17-db23-4d84-9e52-69b4957b871d,prca06,likert5,3,3,True,validated,1
b8ab7e17-db23-4d84-9e52-69b4957b871d,prca13,likert5,1,1,True,validated,0
b8ab7e17-db23-4d84-9e52-69b4957b871d,prca14,likert5,4,2,True,validated,1
b8ab7e17-db23-4d84-9e52-69b4957b871d,prca15,likert5,2,2,True,validated,0
b8ab7e17-db23-4d84-9e52-69b4957b871d,prca16,likert5,4,2,True,validated,1
b8ab7e17-db23-4d84-9e52-69b4957b871d,prca17,likert5,1,5,True,validated,1
b8ab7e17-db23-4d84-9e52-69b4957b871d,prca18,likert5,1,1,True,validated,0
0cea425e-c5de-4a19-96de-b6b6456afb33,prca01,likert5,1,1,True,validated,0
0cea425e-c5de-4a19-96de-b6b6456afb33,prca02,likert5,4,2,True,validated,1
0cea425e-c5de-4a19-96de-b6b6456afb33,prca03,likert5,1,1,True,validated,0
0cea425e-c5de-4a19-96de-b6b6456afb33,prca04,likert5,1,5,True,validated,1
0cea425e-c5de-4a19-96de-b6b6456afb33,prca05,likert5,2,2,True,validated,0
0cea425e-c5de-4a19-96de-b6b6456afb33,prca06,likert5,1,5,True,validated,1
0cea425e-c5de-4a19-96de-b6b6456afb33,prca13,likert5,1,1,True,validated,0
0cea425e-c5de-4a19-96de-b6b6456afb33,prca14,likert5,3,3,True,validated,1
0cea425e-c5de-4a19-96de-b6b6456afb33,prca15,likert5,2,2,True,validated,0
0cea425e-c5de-4a19-96de-b6b6456afb33,prca16,likert5,4,2,True,validated,1
0cea425e-c5de-4a19-96de-b6b6456afb33,prca17,likert5,1,5,True,validated,1
0cea425e-c5de-4a19-96de-b6b6456afb33,prca18,likert5,1,1,True,validated,0
98afcaec-4ea6-4024-ac59-58c5179a48cb,prca01,likert5,3,3,True,validated,0
98afcaec-4ea6-4024-ac59-58c5179a48cb,prca02,likert5,3,3,True,validated,1
98afcaec-4ea6-4024-ac59-58c5179a48cb,prca03,likert5,1,1,True,validated,0
98afcaec-4ea6-4024-ac59-58c5179a48cb,prca04,likert5,3,3,True,validated,1
98afcaec-4ea6-4024-ac59-58c5179a48cb,prca05,likert5,1,1,True,validated,0
98afcaec-4ea6-4024-ac59-58c5179a48cb,prca06,likert5,2,4,True,validated,1
98afcaec-4ea6-4024-ac59-58c5179a48cb,prca13,likert5,4,4,True,validated,0
98afcaec-4ea6-4024-ac59-58c5179a48cb,prca14,likert5,1,5,True,validated,1
98afcaec-4ea6-4024-ac59-58c5179a48cb,prca15,likert5,3,3,True,validated,0
98afcaec-4ea6-4024-ac59-58c5179a48cb,prca16,likert5,1,5,True,validated,1
98afcaec-4ea6-4024-ac59-58c5179a48cb,prca17,likert5,1,5,True,validated,1
98afcaec-4ea6-4024-ac59-58c5179a48cb,prca18,likert5,1,1,True,validated,0
5c18a90c-7a05-4d6f-8d1c-cfe256d3524a,prca01,likert5,1,1,True,validated,0
5c18a90c-7a05-4d6f-8d1c-cfe256d3524a,prca02,likert5,2,4,True,validated,1
5c18a90c-7a05-4d6f-8d1c-cfe256d3524a,prca03,likert5,3,3,True,validated,0
5c18a90c-7a05-4d6f-8d1c-cfe256d3524a,prca04,likert5,1,5,True,validated,1
5c18a90c-7a05-4d6f-8d1c-cfe256d3524a,prca05,likert5,1,1,True,validated,0
5c18a90c-7a05-4d6f-8d1c-cfe256d3524a,prca06,likert5,4,2,True,validated,1
5c18a90c-7a05-4d6f-8d1c-cfe256d3524a,prca13,likert5,1,1,True,validated,0
5c18a90c-7a05-4d6f-8d1c-cfe256d3524a,prca14,likert5,3,3,True,validated,1
5c18a90c-7a05-4d6f-8d1c-cfe256d3524a,prca15,likert5,4,4,True,validated,0
5c18a90c-7a05-4d6f-8d1c-cfe256d3524a,prca16,likert5,4,2,True,validated,1
5c18a90c-7a05-4d6f-8d1c-cfe256d3524a,prca17,likert5,1,5,True,validated,1
5c18a90c-7a05-4d6f-8d1c-cfe256d3524a,prca18,likert5,4,4,True,validated,0
ba15f4af-be6e-46cf-a353-6697e78d16ec,prca01,likert5,3,3,True,validated,0
ba15f4af-be6e-46cf-a353-6697e78d16ec,prca02,likert5,2,4,True,validated,1
ba15f4af-be6e-46cf-a353-6697e78d16ec,prca03,likert5,1,1,True,validated,0
ba15f4af-be6e-46cf-a353-6697e78d16ec,prca04,likert5,1,5,True,validated,1
ba15f4af-be6e-46cf-a353-6697e78d16ec,prca05,likert5,4,4,True,validated,0
ba15f4af-be6e-46cf-a353-6697e78d16ec,prca06,likert5,1,5,True,validated,1
ba15f4af-be6e-46cf-a353-6697e78d16ec,prca13,likert5,1,1,True,validated,0
ba15f4af-be6e-46cf-a353-6697e78d16ec,prca14,likert5,4,2,True,validated,1
ba15f4af-be6e-46cf-a353-6697e78d16ec,prca15,likert5,2,2,True,validated,0
ba15f4af-be6e-46cf-a353-6697e78d16ec,prca16,likert5,4,2,True,validated,1
ba15f4af-be6e-46cf-a353-6697e78d16ec,prca17,likert5,2,4,True,validated,1
ba15f4af-be6e-46cf-a353-6697e78d16ec,prca18,likert5,1,1,True,validated,0
2044674f-75e8-44bc-a82d-990f76a55672,prca01,likert5,3,3,True,validated,0
2044674f-75e8-44bc-a82d-990f76a55672,prca02,likert5,1,5,True,validated,1
2044674f-75e8-44bc-a82d-990f76a55672,prca03,likert5,2,2,True,validated,0
2044674f-75e8-44bc-a82d-990f76a55672,prca04,likert5,1,5,True,validated,1
2044674f-75e8-44bc-a82d-990f76a55672,prca05,likert5,1,1,True,validated,0
2044674f-75e8-44bc-a82d-990f76a55672,prca06,likert5,2,4,True,validated,1
2044674f-75e8-44bc-a82d-990f76a55672,prca13,likert5,1,1,True,validated,0
2044674f-75e8-44bc-a82d-990f76a55672,prca14,likert5,2,4,True,validated,1
2044674f-75e8-44bc-a82d-990f76a55672,prca15,likert5,1,1,True,validated,0
2044674f-75e8-44bc-a82d-990f76a55672,prca16,likert5,2,4,True,validated,1
2044674f-75e8-44bc-a82d-990f76a55672,prca17,likert5,2,4,True,validated,1
2044674f-75e8-44bc-a82d-990f76a55672,prca18,likert5,1,1,True,validated,0
65df1bac-4327-4b48-b9c6-f34f6083fa39,prca01,likert5,2,2,True,validated,0
65df1bac-4327-4b48-b9c6-f34f6083fa39,prca02,likert5,4,2,True,validated,1
65df1bac-4327-4b48-b9c6-f34f6083fa39,prca03,likert5,2,2,True,validated,0
65df1bac-4327-4b48-b9c6-f34f6083fa39,prca04,likert5,4,2,True,validated,1
65df1bac-4327-4b48-b9c6-f34f6083fa39,prca05,likert5,4,4,True,validated,0
65df1bac-4327-4b48-b9c6-f34f6083fa39,prca06,likert5,1,5,True,validated,1
65df1bac-4327-4b48-b9c6-f34f6083fa39,prca13,likert5,1,1,True,validated,0
65df1bac-4327-4b48-b9c6-f34f6083fa39,prca14,likert5,4,2,True,validated,1
65df1bac-4327-4b48-b9c6-f34f6083fa39,prca15,likert5,4,4,True,validated,0
65df1bac-4327-4b48-b9c6-f34f6083fa39,prca16,likert5,1,5,True,validated,1
65df1bac-4327-4b48-b9c6-f34f6083fa39,prca17,likert5,1,5,True,validated,1
65df1bac-4327-4b48-b9c6-f34f6083fa39,prca18,likert5,4,4,True,validated,0
90837e9c-b8b5-49d1-b79e-c8c31bd170e0,prca01,likert5,1,1,True,validated,0
90837e9c-b8b5-49d1-b79e-c8c31bd170e0,prca02,likert5,4,2,True,validated,1
90837e9c-b8b5-49d1-b79e-c8c31bd170e0,prca03,likert5,4,4,True,validated,0
90837e9c-b8b5-49d1-b79e-c8c31bd170e0,prca04,likert5,2,4,True,validated,1
90837e9c-b8b5-49d1-b79e-c8c31bd170e0,prca05,likert5,1,1,True,validated,0
90837e9c-b8b5-49d1-b79e-c8c31bd170e0,prca06,likert5,1,5,True,validated,1
90837e9c-b8b5-49d1-b79e-c8c31bd170e0,prca13,likert5,1,1,True,validated,0
90837e9c-b8b5-49d1-b79e-c8c31bd170e0,prca14,likert5,1,5,True,validated,1
90837e9c-b8b5-49d1-b79e-c8c31bd170e0,prca15,likert5,1,1,True,validated,0
90837e9c-b8b5-49d1-b79e-c8c31bd170e0,prca16,likert5,1,5,True,validated,1
90837e9c-b8b5-49d1-b79e-c8c31bd170e0,prca17,likert5,2,4,True,validated,1
90837e9c-b8b5-49d1-b79e-c8c31bd170e0,prca18,likert5,4,4,True,validated,0
12b58b21-1d69-47ee-a926-6373dbf2402f,prca01,likert5,4,4,True,validated,0
12b58b21-1d69-47ee-a926-6373dbf2402f,prca02,likert5,1,5,True,validated,1
12b58b21-1d69-47ee-a926-6373dbf2402f,prca03,likert5,2,2,True,validated,0
12b58b21-1d69-47ee-a926-6373dbf2402f,prca04,likert5,2,4,True,validated,1
12b58b21-1d69-47ee-a926-6373dbf2402f,prca05,likert5,4,4,True,validated,0
12b58b21-1d69-47ee-a926-6373dbf2402f,prca06,likert5,4,2,True,validated,1
12b58b21-1d69-47ee-a926-6373dbf2402f,prca13,likert5,1,1,True,validated,0
12b58b21-1d69-47ee-a926-6373dbf2402f,prca14,likert5,4,2,True,validated,1
12b58b21-1d69-47ee-a926-6373dbf2402f,prca15,likert5,1,1,True,validated,0
12b58b21-1d69-47ee-a926-6373dbf2402f,prca16,likert5,1,5,True,validated,1
12b58b21-1d69-47ee-a926-6373dbf2402f,prca17,likert5,1,5,True,validated,1
12b58b21-1d69-47ee-a926-6373dbf2402f,prca18,likert5,1,1,True,validated,0
a0e35f18-4df0-4e41-ae0e-a7aec2c8a2c6,prca01,likert5,1,1,True,validated,0
a0e35f18-4df0-4e41-ae0e-a7aec2c8a2c6,prca02,likert5,1,5,True,validated,1
a0e35f18-4df0-4e41-ae0e-a7aec2c8a2c6,prca03,likert5,1,1,True,validated,0
a0e35f18-4df0-4e41-ae0e-a7aec2c8a2c6,prca04,likert5,4,2,True,validated,1
a0e35f18-4df0-4e41-ae0e-a7aec2c8a2c6,prca05,likert5,1,1,True,validated,0
a0e35f18-4df0-4e41-ae0e-a7aec2c8a2c6,prca06,likert5,2,4,True,validated,1
a0e35f18-4df0-4e41-ae0e-a7aec2c8a2c6,prca13,likert5,1,1,True,validated,0
a0e35f18-4df0-4e41-ae0e-a7aec2c8a2c6,prca14,likert5,4,2,True,validated,1
a0e35f18-4df0-4e41-ae0e-a7aec2c8a2c6,prca15,likert5,1,1,True,validated,0
a0e35f18-4df0-4e41-ae0e-a7aec2c8a2c6,prca16,likert5,4,2,True,validated,1
a0e35f18-4df0-4e41-ae0e-a7aec2c8a2c6,prca17,likert5,2,4,True,validated,1
a0e35f18-4df0-4e41-ae0e-a7aec2c8a2c6,prca18,likert5,1,1,True,validated,0
d1467618-7bd4-46ca-a079-f6d5d4a80237,prca01,likert5,1,1,True,validated,0
d1467618-7bd4-46ca-a079-f6d5d4a80237,prca02,likert5,2,4,True,validated,1
d1467618-7bd4-46ca-a079-f6d5d4a80237,prca03,likert5,4,4,True,validated,0
d1467618-7bd4-46ca-a079-f6d5d4a80237,prca04,likert5,4,2,True,validated,1
d1467618-7bd4-46ca-a079-f6d5d4a80237,prca05,likert5,1,1,True,validated,0
d1467618-7bd4-46ca-a079-f6d5d4a80237,prca06,likert5,2,4,True,validated,1
d1467618-7bd4-46ca-a079-f6d5d4a80237,prca13,likert5,1,1,True,validated,0
d1467618-7bd4-46ca-a079-f6d5d4a80237,prca14,likert5,4,2,True,validated,1
d1467618-7bd4-46ca-a079-f6d5d4a80237,prca15,likert5,1,1,True,validated,0
d1467618-7bd4-46ca-a079-f6d5d4a80237,prca16,likert5,1,5,True,validated,1
d1467618-7bd4-46ca-a079-f6d5d4a80237,prca17,likert5,1,5,True,validated,1
d1467618-7bd4-46ca-a079-f6d5d4a80237,prca18,likert5,4,4,True,validated,0
e290974b-4360-474e-bf60-84dc34cb42b2,prca01,likert5,1,1,True,validated,0
e290974b-4360-474e-bf60-84dc34cb42b2,prca02,likert5,1,5,True,validated,1
e290974b-4360-474e-bf60-84dc34cb42b2,prca03,likert5,4,4,True,validated,0
e290974b-4360-474e-bf60-84dc34cb42b2,prca04,likert5,4,2,True,validated,1
e290974b-4360-474e-bf60-84dc34cb42b2,prca05,likert5,1,1,True,validated,0
e290974b-4360-474e-bf60-84dc34cb42b2,prca06,likert5,4,2,True,validated,1
e290974b-4360-474e-bf60-84dc34cb42b2,prca13,likert5,2,2,True,validated,0
e290974b-4360-474e-bf60-84dc34cb42b2,prca14,likert5,1,5,True,validated,1
e290974b-4360-474e-bf60-84dc34cb42b2,prca15,likert5,3,3,True,validated,0
e290974b-4360-474e-bf60-84dc34cb42b2,prca16,likert5,1,5,True,validated,1
e290974b-4360-474e-bf60-84dc34cb42b2,prca17,likert5,1,5,True,validated,1
e290974b-4360-474e-bf60-84dc34cb42b2,prca18,likert5,4,4,True,validated,0
6dbac65a-38fe-486d-9801-48fc2cf2540c,prca01,likert5,1,1,True,validated,0
6dbac65a-38fe-486d-9801-48fc2cf2540c,prca02,likert5,4,2,True,validated,1
6dbac65a-38fe-486d-9801-48fc2cf2540c,prca03,likert5,1,1,True,validated,0
6dbac65a-38fe-486d-9801-48fc2cf2540c,prca04,likert5,4,2,True,validated,1
6dbac65a-38fe-486d-9801-48fc2cf2540c,prca05,likert5,2,2,True,validated,0
6dbac65a-38fe-486d-9801-48fc2cf2540c,prca06,likert5,2,4,True,validated,1
6dbac65a-38fe-486d-9801-48fc2cf2540c,prca13,likert5,1,1,True,validated,0
6dbac65a-38fe-486d-9801-48fc2cf2540c,prca14,likert5,1,5,True,validated,1
6dbac65a-38fe-486d-9801-48fc2cf2540c,prca15,likert5,1,1,True,validated,0
6dbac65a-38fe-486d-9801-48fc2cf2540c,prca16,likert5,1,5,True,validated,1
6dbac65a-38fe-486d-9801-48fc2cf2540c,prca17,likert5,1,5,True,validated,1
6dbac65a-38fe-486d-9801-48fc2cf2540c,prca18,likert5,1,1,True,validated,0
5c6cf63f-9609-4e1a-87c1-7a4b378c9e71,prca01,likert5,1,1,True,validated,0
5c6cf63f-9609-4e1a-87c1-7a4b378c9e71,prca02,likert5,1,5,True,validated,1
5c6cf63f-9609-4e1a-87c1-7a4b378c9e71,prca03,likert5,1,1,True,validated,0
5c6cf63f-9609-4e1a-87c1-7a4b378c9e71,prca04,likert5,1,5,True,validated,1
5c6cf63f-9609-4e1a-87c1-7a4b378c9e71,prca05,likert5,1,1,True,validated,0
5c6cf63f-9609-4e1a-87c1-7a4b378c9e71,prca06,likert5,1,5,True,validated,1
5c6cf63f-9609-4e1a-87c1-7a4b378c9e71,prca13,likert5,1,1,True,validated,0
5c6cf63f-9609-4e1a-87c1-7a4b378c9e71,prca14,likert5,1,5,True,validated,1
5c6cf63f-9609-4e1a-87c1-7a4b378c9e71,prca15,likert5,1,1,True,validated,0
5c6cf63f-9609-4e1a-87c1-7a4b378c9e71,prca16,likert5,4,2,True,validated,1
5c6cf63f-9609-4e1a-87c1-7a4b378c9e71,prca17,likert5,2,4,True,validated,1
5c6cf63f-9609-4e1a-87c1-7a4b378c9e71,prca18,likert5,4,4,True,validated,0
e14fe1ee-77cc-436b-82c4-0646a80a0fac,prca01,likert5,4,4,True,validated,0
e14fe1ee-77cc-436b-82c4-0646a80a0fac,prca02,likert5,2,4,True,validated,1
e14fe1ee-77cc-436b-82c4-0646a80a0fac,prca03,likert5,4,4,True,validated,0
e14fe1ee-77cc-436b-82c4-0646a80a0fac,prca04,likert5,1,5,True,validated,1
e14fe1ee-77cc-436b-82c4-0646a80a0fac,prca05,likert5,4,4,True,validated,0
e14fe1ee-77cc-436b-82c4-0646a80a0fac,prca06,likert5,1,5,True,validated,1
e14fe1ee-77cc-436b-82c4-0646a80a0fac,prca13,likert5,2,2,True,validated,0
e14fe1ee-77cc-436b-82c4-0646a80a0fac,prca14,likert5,1,5,True,validated,1
e14fe1ee-77cc-436b-82c4-0646a80a0fac,prca15,likert5,4,4,True,validated,0
e14fe1ee-77cc-436b-82c4-0646a80a0fac,prca16,likert5,2,4,True,validated,1
e14fe1ee-77cc-436b-82c4-0646a80a0fac,prca17,likert5,4,2,True,validated,1
e14fe1ee-77cc-436b-82c4-0646a80a0fac,prca18,likert5,2,2,True,validated,0
6d0ab8ec-0b04-49db-aa15-8875297c2383,prca01,likert5,1,1,True,validated,0
6d0ab8ec-0b04-49db-aa15-8875297c2383,prca02,likert5,1,5,True,validated,1
6d0ab8ec-0b04-49db-aa15-8875297c2383,prca03,likert5,1,1,True,validated,0
6d0ab8ec-0b04-49db-aa15-8875297c2383,prca04,likert5,2,4,True,validated,1
6d0ab8ec-0b04-49db-aa15-8875297c2383,prca05,likert5,1,1,True,validated,0
6d0ab8ec-0b04-49db-aa15-8875297c2383,prca06,likert5,1,5,True,validated,1
6d0ab8ec-0b04-49db-aa15-8875297c2383,prca13,likert5,2,2,True,validated,0
6d0ab8ec-0b04-49db-aa15-8875297c2383,prca14,likert5,3,3,True,validated,1
6d0ab8ec-0b04-49db-aa15-8875297c2383,prca15,likert5,1,1,True,validated,0
6d0ab8ec-0b04-49db-aa15-8875297c2383,prca16,likert5,4,2,True,validated,1
6d0ab8ec-0b04-49db-aa15-8875297c2383,prca17,likert5,1,5,True,validated,1
6d0ab8ec-0b04-49db-aa15-8875297c2383,prca18,likert5,1,1,True,validated,0
f994865e-c27e-4ae6-bb51-e90bd8ef8088,prca01,likert5,1,1,True,validated,0
f994865e-c27e-4ae6-bb51-e90bd8ef8088,prca02,likert5,2,4,True,validated,1
f994865e-c27e-4ae6-bb51-e90bd8ef8088,prca03,likert5,1,1,True,validated,0
f994865e-c27e-4ae6-bb51-e90bd8ef8088,prca04,likert5,1,5,True,validated,1
f994865e-c27e-4ae6-bb51-e90bd8ef8088,prca05,likert5,4,4,True,validated,0
f994865e-c27e-4ae6-bb51-e90bd8ef8088,prca06,likert5,1,5,True,validated,1
f994865e-c27e-4ae6-bb51-e90bd8ef8088,prca13,likert5,2,2,True,validated,0
f994865e-c27e-4ae6-bb51-e90bd8ef8088,prca14,likert5,4,2,True,validated,1
f994865e-c27e-4ae6-bb51-e90bd8ef8088,prca15,likert5,1,1,True,validated,0
f994865e-c27e-4ae6-bb51-e90bd8ef8088,prca16,likert5,1,5,True,validated,1
f994865e-c27e-4ae6-bb51-e90bd8ef8088,prca17,likert5,2,4,True,validated,1
f994865e-c27e-4ae6-bb51-e90bd8ef8088,prca18,likert5,1,1,True,validated,0
376827b5-6baf-46d2-be43-a5e0c7435f8f,prca01,likert5,3,3,True,validated,0
376827b5-6baf-46d2-be43-a5e0c7435f8f,prca02,likert5,3,3,True,validated,1
376827b5-6baf-46d2-be43-a5e0c7435f8f,prca03,likert5,4,4,True,validated,0
376827b5-6baf-46d2-be43-a5e0c7435f8f,prca04,likert5,1,5,True,validated,1
376827b5-6baf-46d2-be43-a5e0c7435f8f,prca05,likert5,1,1,True,validated,0
376827b5-6baf-46d2-be43-a5e0c7435f8f,prca06,likert5,4,2,True,validated,1
376827b5-6baf-46d2-be43-a5e0c7435f8f,prca13,likert5,2,2,True,validated,0
376827b5-6baf-46d2-be43-a5e0c7435f8f,prca14,likert5,1,5,True,validated,1
376827b5-6baf-46d2-be43-a5e0c7435f8f,prca15,likert5,2,2,True,validated,0
376827b5-6baf-46d2-be43-a5e0c7435f8f,prca16,likert5,1,5,True,validated,1
376827b5-6baf-46d2-be43-a5e0c7435f8f,prca17,likert5,1,5,True,validated,1
376827b5-6baf-46d2-be43-a5e0c7435f8f,prca18,likert5,4,4,True,validated,0
12f9107a-a52f-4520-886d-cf73370eb679,prca01,likert5,4,4,True,validated,0
12f9107a-a52f-4520-886d-cf73370eb679,prca02,likert5,4,2,True,validated,1
12f9107a-a52f-4520-886d-cf73370eb679,prca03,likert5,4,4,True,validated,0
12f9107a-a52f-4520-886d-cf73370eb679,prca04,likert5,1,5,True,validated,1
12f9107a-a52f-4520-886d-cf73370eb679,prca05,likert5,2,2,True,validated,0
12f9107a-a52f-4520-886d-cf73370eb679,prca06,likert5,1,5,True,validated,1
12f9107a-a52f-4520-886d-cf73370eb679,prca13,likert5,1,1,True,validated,0
12f9107a-a52f-4520-886d-cf73370eb679,prca14,likert5,1,5,True,validated,1
12f9107a-a52f-4520-886d-cf73370eb679,prca15,likert5,4,4,True,validated,0
12f9107a-a52f-4520-886d-cf73370eb679,prca16,likert5,1,5,True,validated,1
12f9107a-a52f-4520-886d-cf73370eb679,prca17,likert5,1,5,True,validated,1
12f9107a-a52f-4520-886d-cf73370eb679,prca18,likert5,1,1,True,validated,0
02e059fc-a5bb-4d82-a81d-0ef006599dfe,prca01,likert5,2,2,True,validated,0
02e059fc-a5bb-4d82-a81d-0ef006599dfe,prca02,likert5,1,5,True,validated,1
02e059fc-a5bb-4d82-a81d-0ef006599dfe,prca03,likert5,4,4,True,validated,0
02e059fc-a5bb-4d82-a81d-0ef006599dfe,prca04,likert5,1,5,True,validated,1
02e059fc-a5bb-4d82-a81d-0ef006599dfe,prca05,likert5,1,1,True,validated,0
02e059fc-a5bb-4d82-a81d-0ef006599dfe,prca06,likert5,2,4,True,validated,1
02e059fc-a5bb-4d82-a81d-0ef006599dfe,prca13,likert5,4,4,True,validated,0
02e059fc-a5bb-4d82-a81d-0ef006599dfe,prca14,likert5,4,2,True,validated,1
02e059fc-a5bb-4d82-a81d-0ef006599dfe,prca15,likert5,4,4,True,validated,0
02e059fc-a5bb-4d82-a81d-0ef006599dfe,prca16,likert5,1,5,True,validated,1
02e059fc-a5bb-4d82-a81d-0ef006599dfe,prca17,likert5,1,5,True,validated,1
02e059fc-a5bb-4d82-a81d-0ef006599dfe,prca18,likert5,4,4,True,validated,0
b0cc068b-ccb8-4d9c-9c42-14e9d0802844,prca01,likert5,2,2,True,validated,0
b0cc068b-ccb8-4d9c-9c42-14e9d0802844,prca02,likert5,2,4,True,validated,1
b0cc068b-ccb8-4d9c-9c42-14e9d0802844,prca03,likert5,2,2,True,validated,0
b0cc068b-ccb8-4d9c-9c42-14e9d0802844,prca04,likert5,1,5,True,validated,1
b0cc068b-ccb8-4d9c-9c42-14e9d0802844,prca05,likert5,1,1,True,validated,0
b0cc068b-ccb8-4d9c-9c42-14e9d0802844,prca06,likert5,1,5,True,validated,1
b0cc068b-ccb8-4d9c-9c42-14e9d0802844,prca13,likert5,3,3,True,validated,0
b0cc068b-ccb8-4d9c-9c42-14e9d0802844,prca14,likert5,1,5,True,validated,1
b0cc068b-ccb8-4d9c-9c42-14e9d0802844,prca15,likert5,1,1,True,validated,0
b0cc068b-ccb8-4d9c-9c42-14e9d0802844,prca16,likert5,1,5,True,validated,1
b0cc068b-ccb8-4d9c-9c42-14e9d0802844,prca17,likert5,4,2,True,validated,1
b0cc068b-ccb8-4d9c-9c42-14e9d0802844,prca18,likert5,4,4,True,validated,0
05df3a46-cedf-42a3-9419-c1ab320dc970,prca01,likert5,1,1,True,validated,0
05df3a46-cedf-42a3-9419-c1ab320dc970,prca02,likert5,3,3,True,validated,1
05df3a46-cedf-42a3-9419-c1ab320dc970,prca03,likert5,2,2,True,validated,0
05df3a46-cedf-42a3-9419-c1ab320dc970,prca04,likert5,1,5,True,validated,1
05df3a46-cedf-42a3-9419-c1ab320dc970,prca05,likert5,4,4,True,validated,0
05df3a46-cedf-42a3-9419-c1ab320dc970,prca06,likert5,4,2,True,validated,1
05df3a46-cedf-42a3-9419-c1ab320dc970,prca13,likert5,4,4,True,validated,0
05df3a46-cedf-42a3-9419-c1ab320dc970,prca14,likert5,1,5,True,validated,1
05df3a46-cedf-42a3-9419-c1ab320dc970,prca15,likert5,2,2,True,validated,0
05df3a46-cedf-42a3-9419-c1ab320dc970,prca16,likert5,4,2,True,validated,1
05df3a46-cedf-42a3-9419-c1ab320dc970,prca17,likert5,1,5,True,validated,1
05df3a46-cedf-42a3-9419-c1ab320dc970,prca18,likert5,1,1,True,validated,0
4cda0d29-1d04-4664-b030-460dfdac5dda,prca01,likert5,4,4,True,validated,0
4cda0d29-1d04-4664-b030-460dfdac5dda,prca02,likert5,1,5,True,validated,1
4cda0d29-1d04-4664-b030-460dfdac5dda,prca03,likert5,1,1,True,validated,0
4cda0d29-1d04-4664-b030-460dfdac5dda,prca04,likert5,2,4,True,validated,1
4cda0d29-1d04-4664-b030-460dfdac5dda,prca05,likert5,1,1,True,validated,0
4cda0d29-1d04-4664-b030-460dfdac5dda,prca06,likert5,1,5,True,validated,1
4cda0d29-1d04-4664-b030-460dfdac5dda,prca13,likert5,4,4,True,validated,0
4cda0d29-1d04-4664-b030-460dfdac5dda,prca14,likert5,3,3,True,validated,1
4cda0d29-1d04-4664-b030-460dfdac5dda,prca15,likert5,1,1,True,validated,0
4cda0d29-1d04-4664-b030-460dfdac5dda,prca16,likert5,1,5,True,validated,1
4cda0d29-1d04-4664-b030-460dfdac5dda,prca17,likert5,1,5,True,validated,1
4cda0d29-1d04-4664-b030-460dfdac5dda,prca18,likert5,4,4,True,validated,0
f918e9c5-bc71-4428-8fdc-811c6a5261ed,prca01,likert5,1,1,True,validated,0
f918e9c5-bc71-4428-8fdc-811c6a5261ed,prca02,likert5,2,4,True,validated,1
f918e9c5-bc71-4428-8fdc-811c6a5261ed,prca03,likert5,1,1,True,validated,0
f918e9c5-bc71-4428-8fdc-811c6a5261ed,prca04,likert5,1,5,True,validated,1
f918e9c5-bc71-4428-8fdc-811c6a5261ed,prca05,likert5,1,1,True,validated,0
f918e9c5-bc71-4428-8fdc-811c6a5261ed,prca06,likert5,4,2,True,validated,1
f918e9c5-bc71-4428-8fdc-811c6a5261ed,prca13,likert5,4,4,True,validated,0
f918e9c5-bc71-4428-8fdc-811c6a5261ed,prca14,likert5,4,2,True,validated,1
f918e9c5-bc71-4428-8fdc-811c6a5261ed,prca15,likert5,1,1,True,validated,0
f918e9c5-bc71-4428-8fdc-811c6a5261ed,prca16,likert5,4,2,True,validated,1
f918e9c5-bc71-4428-8fdc-811c6a5261ed,prca17,likert5,4,2,True,validated,1
f918e9c5-bc71-4428-8fdc-811c6a5261ed,prca18,likert5,2,2,True,validated,0
ed937e62-5238-4f4e-a9c7-2a87e7565f7c,prca01,likert5,4,4,True,validated,0
ed937e62-5238-4f4e-a9c7-2a87e7565f7c,prca02,likert5,2,4,True,validated,1
ed937e62-5238-4f4e-a9c7-2a87e7565f7c,prca03,likert5,2,2,True,validated,0
ed937e62-5238-4f4e-a9c7-2a87e7565f7c,prca04,likert5,2,4,True,validated,1
ed937e62-5238-4f4e-a9c7-2a87e7565f7c,prca05,likert5,4,4,True,validated,0
ed937e62-5238-4f4e-a9c7-2a87e7565f7c,prca06,likert5,1,5,True,validated,1
ed937e62-5238-4f4e-a9c7-2a87e7565f7c,prca13,likert5,1,1,True,validated,0
ed937e62-5238-4f4e-a9c7-2a87e7565f7c,prca14,likert5,1,5,True,validated,1
ed937e62-5238-4f4e-a9c7-2a87e7565f7c,prca15,likert5,2,2,True,validated,0
ed937e62-5238-4f4e-a9c7-2a87e7565f7c,prca16,likert5,1,5,True,validated,1
ed937e62-5238-4f4e-a9c7-2a87e7565f7c,prca17,likert5,1,5,True,validated,1
ed937e62-5238-4f4e-a9c7-2a87e7565f7c,prca18,likert5,1,1,True,validated,0
35fb071e-ebb4-411a-8e6b-24fbc5b5d94b,prca01,likert5,4,4,True,validated,0
35fb071e-ebb4-411a-8e6b-24fbc5b5d94b,prca02,likert5,4,2,True,validated,1
35fb071e-ebb4-411a-8e6b-24fbc5b5d94b,prca03,likert5,3,3,True,validated,0
35fb071e-ebb4-411a-8e6b-24fbc5b5d94b,prca04,likert5,2,4,True,validated,1
35fb071e-ebb4-411a-8e6b-24fbc5b5d94b,prca05,likert5,2,2,True,validated,0
35fb071e-ebb4-411a-8e6b-24fbc5b5d94b,prca06,likert5,1,5,True,validated,1
35fb071e-ebb4-411a-8e6b-24fbc5b5d94b,prca13,likert5,2,2,True,validated,0
35fb071e-ebb4-411a-8e6b-24fbc5b5d94b,prca14,likert5,4,2,True,validated,1
35fb071e-ebb4-411a-8e6b-24fbc5b5d94b,prca15,likert5,1,1,True,validated,0
35fb071e-ebb4-411a-8e6b-24fbc5b5d94b,prca16,likert5,1,5,True,validated,1
35fb071e-ebb4-411a-8e6b-24fbc5b5d94b,prca17,likert5,2,4,True,validated,1
35fb071e-ebb4-411a-8e6b-24fbc5b5d94b,prca18,likert5,4,4,True,validated,0
6c9d34d4-1eec-49c8-85eb-6feefc208ddf,prca01,likert5,4,4,True,validated,0
6c9d34d4-1eec-49c8-85eb-6feefc208ddf,prca02,likert5,1,5,True,validated,1
6c9d34d4-1eec-49c8-85eb-6feefc208ddf,prca03,likert5,1,1,True,validated,0
6c9d34d4-1eec-49c8-85eb-6feefc208ddf,prca04,likert5,4,2,True,validated,1
6c9d34d4-1eec-49c8-85eb-6feefc208ddf,prca05,likert5,1,1,True,validated,0
6c9d34d4-1eec-49c8-85eb-6feefc208ddf,prca06,likert5,4,2,True,validated,1
6c9d34d4-1eec-49c8-85eb-6feefc208ddf,prca13,likert5,1,1,True,validated,0
6c9d34d4-1eec-49c8-85eb-6feefc208ddf,prca14,likert5,1,5,True,validated,1
6c9d34d4-1eec-49c8-85eb-6feefc208ddf,prca15,likert5,1,1,True,validated,0
6c9d34d4-1eec-49c8-85eb-6feefc208ddf,prca16,likert5,4,2,True,validated,1
6c9d34d4-1eec-49c8-85eb-6feefc208ddf,prca17,likert5,1,5,True,validated,1
6c9d34d4-1eec-49c8-85eb-6feefc208ddf,prca18,likert5,1,1,True,validated,0
cc5ee345-c8de-4a7d-8826-afa461e41a80,prca01,likert5,1,1,True,validated,0
cc5ee345-c8de-4a7d-8826-afa461e41a80,prca02,likert5,2,4,True,validated,1
cc5ee345-c8de-4a7d-8826-afa461e41a80,prca03,likert5,1,1,True,validated,0
cc5ee345-c8de-4a7d-8826-afa461e41a80,prca04,likert5,2,4,True,validated,1
cc5ee345-c8de-4a7d-8826-afa461e41a80,prca05,likert5,4,4,True,validated,0
cc5ee345-c8de-4a7d-8826-afa461e41a80,prca06,likert5,2,4,True,validated,1
cc5ee345-c8de-4a7d-8826-afa461e41a80,prca13,likert5,1,1,True,validated,0
cc5ee345-c8de-4a7d-8826-afa461e41a80,prca14,likert5,2,4,True,validated,1
cc5ee345-c8de-4a7d-8826-afa461e41a80,prca15,likert5,1,1,True,validated,0
cc5ee345-c8de-4a7d-8826-afa461e41a80,prca16,likert5,3,3,True,validated,1
cc5ee345-c8de-4a7d-8826-afa461e41a80,prca17,likert5,2,4,True,validated,1
cc5ee345-c8de-4a7d-8826-afa461e41a80,prca18,likert5,1,1,True,validated,0
36e8c691-051d-4c9e-97c0-c8e2e80ae923,prca01,likert5,2,2,True,validated,0
36e8c691-051d-4c9e-97c0-c8e2e80ae923,prca02,likert5,2,4,True,validated,1
36e8c691-051d-4c9e-97c0-c8e2e80ae923,prca03,likert5,4,4,True,validated,0
36e8c691-051d-4c9e-97c0-c8e2e80ae923,prca04,likert5,4,2,True,validated,1
36e8c691-051d-4c9e-97c0-c8e2e80ae923,prca05,likert5,2,2,True,validated,0
36e8c691-051d-4c9e-97c0-c8e2e80ae923,prca06,likert5,1,5,True,validated,1
36e8c691-051d-4c9e-97c0-c8e2e80ae923,prca13,likert5,1,1,True,validated,0
36e8c691-051d-4c9e-97c0-c8e2e80ae923,prca14,likert5,4,2,True,validated,1
36e8c691-051d-4c9e-97c0-c8e2e80ae923,prca15,likert5,1,1,True,validated,0
36e8c691-051d-4c9e-97c0-c8e2e80ae923,prca16,likert5,1,5,True,validated,1
36e8c691-051d-4c9e-97c0-c8e2e80ae923,prca17,likert5,1,5,True,validated,1
36e8c691-051d-4c9e-97c0-c8e2e80ae923,prca18,likert5,1,1,True,validated,0
6c36833f-8711-4ccd-8093-2207b936bbfd,prca01,likert5,4,4,True,validated,0
6c36833f-8711-4ccd-8093-2207b936bbfd,prca02,likert5,3,3,True,validated,1
6c36833f-8711-4ccd-8093-2207b936bbfd,prca03,likert5,1,1,True,validated,0
6c36833f-8711-4ccd-8093-2207b936bbfd,prca04,likert5,4,2,True,validated,1
6c36833f-8711-4ccd-8093-2207b936bbfd,prca05,likert5,4,4,True,validated,0
6c36833f-8711-4ccd-8093-2207b936bbfd,prca06,likert5,1,5,True,validated,1
6c36833f-8711-4ccd-8093-2207b936bbfd,prca13,likert5,4,4,True,validated,0
6c36833f-8711-4ccd-8093-2207b936bbfd,prca14,likert5,2,4,True,validated,1
6c36833f-8711-4ccd-8093-2207b936bbfd,prca15,likert5,1,1,True,validated,0
6c36833f-8711-4ccd-8093-2207b936bbfd,prca16,likert5,4,2,True,validated,1
6c36833f-8711-4ccd-8093-2207b936bbfd,prca17,likert5,2,4,True,validated,1
6c36833f-8711-4ccd-8093-2207b936bbfd,prca18,likert5,1,1,True,validated,0
509aae10-5d57-4b4f-9071-9645514cad8d,prca01,likert5,4,4,True,validated,0
509aae10-5d57-4b4f-9071-9645514cad8d,prca02,likert5,2,4,True,validated,1
509aae10-5d57-4b4f-9071-9645514cad8d,prca03,likert5,1,1,True,validated,0
509aae10-5d57-4b4f-9071-9645514cad8d,prca04,likert5,4,2,True,validated,1
509aae10-5d57-4b4f-9071-9645514cad8d,prca05,likert5,4,4,True,validated,0
509aae10-5d57-4b4f-9071-9645514cad8d,prca06,likert5,1,5,True,validated,1
509aae10-5d57-4b4f-9071-9645514cad8d,prca13,likert5,4,4,True,validated,0
509aae10-5d57-4b4f-9071-9645514cad8d,prca14,likert5,1,5,True,validated,1
509aae10-5d57-4b4f-9071-9645514cad8d,prca15,likert5,1,1,True,validated,0
509aae10-5d57-4b4f-9071-9645514cad8d,prca16,likert5,1,5,True,validated,1
509aae10-5d57-4b4f-9071-9645514cad8d,prca17,likert5,1,5,True,validated,1
509aae10-5d57-4b4f-9071-9645514cad8d,prca18,likert5,1,1,True,validated,0
5792f918-5008-4a63-a858-13b243eb166f,prca01,likert5,1,1,True,validated,0
5792f918-5008-4a63-a858-13b243eb166f,prca02,likert5,2,4,True,validated,1
5792f918-5008-4a63-a858-13b243eb166f,prca03,likert5,4,4,True,validated,0
5792f918-5008-4a63-a858-13b243eb166f,prca04,likert5,4,2,True,validated,1
5792f918-5008-4a63-a858-13b243eb166f,prca05,likert5,1,1,True,validated,0
5792f918-5008-4a63-a858-13b243eb166f,prca06,likert5,1,5,True,validated,1
5792f918-5008-4a63-a858-13b243eb166f,prca13,likert5,2,2,True,validated,0
5792f918-5008-4a63-a858-13b243eb166f,prca14,likert5,2,4,True,validated,1
5792f918-5008-4a63-a858-13b243eb166f,prca15,likert5,1,1,True,validated,0
5792f918-5008-4a63-a858-13b243eb166f,prca16,likert5,4,2,True,validated,1
5792f918-5008-4a63-a858-13b243eb166f,prca17,likert5,1,5,True,validated,1
5792f918-5008-4a63-a858-13b243eb166f,prca18,likert5,1,1,True,validated,0
b5d859a0-bdd1-43ba-81f0-493e4efc88e0,prca01,likert5,1,1,True,validated,0
b5d859a0-bdd1-43ba-81f0-493e4efc88e0,prca02,likert5,3,3,True,validated,1
b5d859a0-bdd1-43ba-81f0-493e4efc88e0,prca03,likert5,1,1,True,validated,0
b5d859a0-bdd1-43ba-81f0-493e4efc88e0,prca04,likert5,2,4,True,validated,1
b5d859a0-bdd1-43ba-81f0-493e4efc88e0,prca05,likert5,4,4,True,validated,0
b5d859a0-bdd1-43ba-81f0-493e4efc88e0,prca06,likert5,4,2,True,validated,1
b5d859a0-bdd1-43ba-81f0-493e4efc88e0,prca13,likert5,1,1,True,validated,0
b5d859a0-bdd1-43ba-81f0-493e4efc88e0,prca14,likert5,3,3,True,validated,1
b5d859a0-bdd1-43ba-81f0-493e4efc88e0,prca15,likert5,1,1,True,validated,0
b5d859a0-bdd1-43ba-81f0-493e4efc88e0,prca16,likert5,3,3,True,validated,1
b5d859a0-bdd1-43ba-81f0-493e4efc88e0,prca17,likert5,1,5,True,validated,1
b5d859a0-bdd1-43ba-81f0-493e4efc88e0,prca18,likert5,3,3,True,validated,0
72f445a7-77cd-4bba-8814-f9ebca368969,prca01,likert5,1,1,True,validated,0
72f445a7-77cd-4bba-8814-f9ebca368969,prca02,likert5,3,3,True,validated,1
72f445a7-77cd-4bba-8814-f9ebca368969,prca03,likert5,1,1,True,validated,0
72f445a7-77cd-4bba-8814-f9ebca368969,prca04,likert5,4,2,True,validated,1
72f445a7-77cd-4bba-8814-f9ebca368969,prca05,likert5,4,4,True,validated,0
72f445a7-77cd-4bba-8814-f9ebca368969,prca06,likert5,1,5,True,validated,1
72f445a7-77cd-4bba-8814-f9ebca368969,prca13,likert5,1,1,True,validated,0
72f445a7-77cd-4bba-8814-f9ebca368969,prca14,likert5,1,5,True,validated,1
72f445a7-77cd-4bba-8814-f9ebca368969,prca15,likert5,4,4,True,validated,0
72f445a7-77cd-4bba-8814-f9ebca368969,prca16,likert5,1,5,True,validated,1
72f445a7-77cd-4bba-8814-f9ebca368969,prca17,likert5,2,4,True,validated,1
72f445a7-77cd-4bba-8814-f9ebca368969,prca18,likert5,4,4,True,validated,0
050a604b-4564-4287-8b6d-dd3187ccfc72,prca01,likert5,4,4,True,validated,0
050a604b-4564-4287-8b6d-dd3187ccfc72,prca02,likert5,4,2,True,validated,1
050a604b-4564-4287-8b6d-dd3187ccfc72,prca03,likert5,1,1,True,validated,0
050a604b-4564-4287-8b6d-dd3187ccfc72,prca04,likert5,2,4,True,validated,1
050a604b-4564-4287-8b6d-dd3187ccfc72,prca05,likert5,1,1,True,validated,0
050a604b-4564-4287-8b6d-dd3187ccfc72,prca06,likert5,1,5,True,validated,1
050a604b-4564-4287-8b6d-dd3187ccfc72,prca13,likert5,1,1,True,validated,0
050a604b-4564-4287-8b6d-dd3187ccfc72,prca14,likert5,1,5,True,validated,1
050a604b-4564-4287-8b6d-dd3187ccfc72,prca15,likert5,4,4,True,validated,0
050a604b-4564-4287-8b6d-dd3187ccfc72,prca16,likert5,1,5,True,validated,1
050a604b-4564-4287-8b6d-dd3187ccfc72,prca17,likert5,1,5,True,validated,1
050a604b-4564-4287-8b6d-dd3187ccfc72,prca18,likert5,1,1,True,validated,0
fbc4c2ff-3dfd-4f4c-99b7-b81dad0745e3,prca01,likert5,1,1,True,validated,0
fbc4c2ff-3dfd-4f4c-99b7-b81dad0745e3,prca02,likert5,1,5,True,validated,1
fbc4c2ff-3dfd-4f4c-99b7-b81dad0745e3,prca03,likert5,1,1,True,validated,0
fbc4c2ff-3dfd-4f4c-99b7-b81dad0745e3,prca04,likert5,3,3,True,validated,1
fbc4c2ff-3dfd-4f4c-99b7-b81dad0745e3,prca05,likert5,4,4,True,validated,0
fbc4c2ff-3dfd-4f4c-99b7-b81dad0745e3,prca06,likert5,1,5,True,validated,1
fbc4c2ff-3dfd-4f4c-99b7-b81dad0745e3,prca13,likert5,1,1,True,validated,0
fbc4c2ff-3dfd-4f4c-99b7-b81dad0745e3,prca14,likert5,4,2,True,validated,1
fbc4c2ff-3dfd-4f4c-99b7-b81dad0745e3,prca15,likert5,4,4,True,validated,0
fbc4c2ff-3dfd-4f4c-99b7-b81dad0745e3,prca16,likert5,2,4,True,validated,1
fbc4c2ff-3dfd-4f4c-99b7-b81dad0745e3,prca17,likert5,1,5,True,validated,1
fbc4c2ff-3dfd-4f4c-99b7-b81dad0745e3,prca18,likert5,1,1,True,validated,0
6e262431-c997-432e-8463-542c8d349aea,prca01,likert5,4,4,True,validated,0
6e262431-c997-432e-8463-542c8d349aea,prca02,likert5,1,5,True,validated,1
6e262431-c997-432e-8463-542c8d349aea,prca03,likert5,1,1,True,validated,0
6e262431-c997-432e-8463-542c8d349aea,prca04,likert5,1,5,True,validated,1
6e262431-c997-432e-8463-542c8d349aea,prca05,likert5,1,1,True,validated,0
6e262431-c997-432e-8463-542c8d349aea,prca06,likert5,3,3,True,validated,1
6e262431-c997-432e-8463-542c8d349aea,prca13,likert5,4,4,True,validated,0
6e262431-c997-432e-8463-542c8d349aea,prca14,likert5,3,3,True,validated,1
6e262431-c997-432e-8463-542c8d349aea,prca15,likert5,2,2,True,validated,0
6e262431-c997-432e-8463-542c8d349aea,prca16,likert5,3,3,True,validated,1
6e262431-c997-432e-8463-542c8d349aea,prca17,likert5,4,2,True,validated,1
6e262431-c997-432e-8463-542c8d349aea,prca18,likert5,1,1,True,validated,0
5cedb98f-747e-4ba6-8ea9-0a44ce57c8ad,prca01,likert5,1,1,True,validated,0
5cedb98f-747e-4ba6-8ea9-0a44ce57c8ad,prca02,likert5,3,3,True,validated,1
5cedb98f-747e-4ba6-8ea9-0a44ce57c8ad,prca03,likert5,1,1,True,validated,0
5cedb98f-747e-4ba6-8ea9-0a44ce57c8ad,prca04,likert5,4,2,True,validated,1
5cedb98f-747e-4ba6-8ea9-0a44ce57c8ad,prca05,likert5,2,2,True,validated,0
5cedb98f-747e-4ba6-8ea9-0a44ce57c8ad,prca06,likert5,2,4,True,validated,1
5cedb98f-747e-4ba6-8ea9-0a44ce57c8ad,prca13,likert5,2,2,True,validated,0
5cedb98f-747e-4ba6-8ea9-0a44ce57c8ad,prca14,likert5,2,4,True,validated,1
5cedb98f-747e-4ba6-8ea9-0a44ce57c8ad,prca15,likert5,1,1,True,validated,0
5cedb98f-747e-4ba6-8ea9-0a44ce57c8ad,prca16,likert5,4,2,True,validated,1
5cedb98f-747e-4ba6-8ea9-0a44ce57c8ad,prca17,likert5,2,4,True,validated,1
5cedb98f-747e-4ba6-8ea9-0a44ce57c8ad,prca18,likert5,1,1,True,validated,0
0652e16f-9bd6-4cc9-b605-e3a5fd20d598,prca01,likert5,4,4,True,validated,0
0652e16f-9bd6-4cc9-b605-e3a5fd20d598,prca02,likert5,2,4,True,validated,1
0652e16f-9bd6-4cc9-b605-e3a5fd20d598,prca03,likert5,4,4,True,validated,0
0652e16f-9bd6-4cc9-b605-e3a5fd20d598,prca04,likert5,4,2,True,validated,1
0652e16f-9bd6-4cc9-b605-e3a5fd20d598,prca05,likert5,1,1,True,validated,0
0652e16f-9bd6-4cc9-b605-e3a5fd20d598,prca06,likert5,1,5,True,validated,1
0652e16f-9bd6-4cc9-b605-e3a5fd20d598,prca13,likert5,4,4,True,validated,0
0652e16f-9bd6-4cc9-b605-e3a5fd20d598,prca14,likert5,4,2,True,validated,1
0652e16f-9bd6-4cc9-b605-e3a5fd20d598,prca15,likert5,4,4,True,validated,0
0652e16f-9bd6-4cc9-b605-e3a5fd20d598,prca16,likert5,1,5,True,validated,1
0652e16f-9bd6-4cc9-b605-e3a5fd20d598,prca17,likert5,3,3,True,validated,1
0652e16f-9bd6-4cc9-b605-e3a5fd20d598,prca18,likert5,4,4,True,validated,0
bc05c00e-4a00-4b9e-8447-869fa69670a0,prca01,likert5,1,1,True,validated,0
bc05c00e-4a00-4b9e-8447-869fa69670a0,prca02,likert5,2,4,True,validated,1
bc05c00e-4a00-4b9e-8447-869fa69670a0,prca03,likert5,2,2,True,validated,0
bc05c00e-4a00-4b9e-8447-869fa69670a0,prca04,likert5,3,3,True,validated,1
bc05c00e-4a00-4b9e-8447-869fa69670a0,prca05,likert5,4,4,True,validated,0
bc05c00e-4a00-4b9e-8447-869fa69670a0,prca06,likert5,2,4,True,validated,1
bc05c00e-4a00-4b9e-8447-869fa69670a0,prca13,likert5,1,1,True,validated,0
bc05c00e-4a00-4b9e-8447-869fa69670a0,prca14,likert5,2,4,True,validated,1
bc05c00e-4a00-4b9e-8447-869fa69670a0,prca15,likert5,1,1,True,validated,0
bc05c00e-4a00-4b9e-8447-869fa69670a0,prca16,likert5,3,3,True,validated,1
bc05c00e-4a00-4b9e-8447-869fa69670a0,prca17,likert5,2,4,True,validated,1
bc05c00e-4a00-4b9e-8447-869fa69670a0,prca18,likert5,4,4,True,validated,0
affdb8bd-f3d1-493a-a33e-ac6437970ca1,prca01,likert5,1,1,True,validated,0
affdb8bd-f3d1-493a-a33e-ac6437970ca1,prca02,likert5,1,5,True,validated,1
affdb8bd-f3d1-493a-a33e-ac6437970ca1,prca03,likert5,1,1,True,validated,0
affdb8bd-f3d1-493a-a33e-ac6437970ca1,prca04,likert5,1,5,True,validated,1
affdb8bd-f3d1-493a-a33e-ac6437970ca1,prca05,likert5,1,1,True,validated,0
affdb8bd-f3d1-493a-a33e-ac6437970ca1,prca06,likert5,4,2,True,validated,1
affdb8bd-f3d1-493a-a33e-ac6437970ca1,prca13,likert5,4,4,True,validated,0
affdb8bd-f3d1-493a-a33e-ac6437970ca1,prca14,likert5,1,5,True,validated,1
affdb8bd-f3d1-493a-a33e-ac6437970ca1,prca15,likert5,4,4,True,validated,0
affdb8bd-f3d1-493a-a33e-ac6437970ca1,prca16,likert5,1,5,True,validated,1
affdb8bd-f3d1-493a-a33e-ac6437970ca1,prca17,likert5,1,5,True,validated,1
affdb8bd-f3d1-493a-a33e-ac6437970ca1,prca18,likert5,1,1,True,validated,0
de8bd6fa-bb41-4db6-812c-7ab4e31fa74f,prca01,likert5,1,1,True,validated,0
de8bd6fa-bb41-4db6-812c-7ab4e31fa74f,prca02,likert5,1,5,True,validated,1
de8bd6fa-bb41-4db6-812c-7ab4e31fa74f,prca03,likert5,2,2,True,validated,0
de8bd6fa-bb41-4db6-812c-7ab4e31fa74f,prca04,likert5,1,5,True,validated,1
de8bd6fa-bb41-4db6-812c-7ab4e31fa74f,prca05,likert5,1,1,True,validated,0
de8bd6fa-bb41-4db6-812c-7ab4e31fa74f,prca06,likert5,3,3,True,validated,1
de8bd6fa-bb41-4db6-812c-7ab4e31fa74f,prca13,likert5,1,1,True,validated,0
de8bd6fa-bb41-4db6-812c-7ab4e31fa74f,prca14,likert5,2,4,True,validated,1
de8bd6fa-bb41-4db6-812c-7ab4e31fa74f,prca15,likert5,1,1,True,validated,0
de8bd6fa-bb41-4db6-812c-7ab4e31fa74f,prca16,likert5,2,4,True,validated,1
de8bd6fa-bb41-4db6-812c-7ab4e31fa74f,prca17,likert5,2,4,True,validated,1
de8bd6fa-bb41-4db6-812c-7ab4e31fa74f,prca18,likert5,1,1,True,validated,0
b8589d22-485b-490f-9ae1-3e2f7a40d6a3,prca01,likert5,1,1,True,validated,0
b8589d22-485b-490f-9ae1-3e2f7a40d6a3,prca02,likert5,4,2,True,validated,1
b8589d22-485b-490f-9ae1-3e2f7a40d6a3,prca03,likert5,1,1,True,validated,0
b8589d22-485b-490f-9ae1-3e2f7a40d6a3,prca04,likert5,1,5,True,validated,1
b8589d22-485b-490f-9ae1-3e2f7a40d6a3,prca05,likert5,1,1,True,validated,0
b8589d22-485b-490f-9ae1-3e2f7a40d6a3,prca06,likert5,2,4,True,validated,1
b8589d22-485b-490f-9ae1-3e2f7a40d6a3,prca13,likert5,1,1,True,validated,0
b8589d22-485b-490f-9ae1-3e2f7a40d6a3,prca14,likert5,1,5,True,validated,1
b8589d22-485b-490f-9ae1-3e2f7a40d6a3,prca15,likert5,1,1,True,validated,0
b8589d22-485b-490f-9ae1-3e2f7a40d6a3,prca16,likert5,1,5,True,validated,1
b8589d22-485b-490f-9ae1-3e2f7a40d6a3,prca17,likert5,1,5,True,validated,1
b8589d22-485b-490f-9ae1-3e2f7a40d6a3,prca18,likert5,4,4,True,validated,0
feb8db40-5a53-4840-bc7a-e0411bf01eed,prca01,likert5,2,2,True,validated,0
feb8db40-5a53-4840-bc7a-e0411bf01eed,prca02,likert5,1,5,True,validated,1
feb8db40-5a53-4840-bc7a-e0411bf01eed,prca03,likert5,3,3,True,validated,0
feb8db40-5a53-4840-bc7a-e0411bf01eed,prca04,likert5,1,5,True,validated,1
feb8db40-5a53-4840-bc7a-e0411bf01eed,prca05,likert5,2,2,True,validated,0
feb8db40-5a53-4840-bc7a-e0411bf01eed,prca06,likert5,2,4,True,validated,1
feb8db40-5a53-4840-bc7a-e0411bf01eed,prca13,likert5,1,1,True,validated,0
feb8db40-5a53-4840-bc7a-e0411bf01eed,prca14,likert5,2,4,True,validated,1
feb8db40-5a53-4840-bc7a-e0411bf01eed,prca15,likert5,2,2,True,validated,0
feb8db40-5a53-4840-bc7a-e0411bf01eed,prca16,likert5,1,5,True,validated,1
feb8db40-5a53-4840-bc7a-e0411bf01eed,prca17,likert5,4,2,True,validated,1
feb8db40-5a53-4840-bc7a-e0411bf01eed,prca18,likert5,4,4,True,validated,0
ff4e6040-e738-49a9-80bb-1c6c5dc9855b,prca01,likert5,4,4,True,validated,0
ff4e6040-e738-49a9-80bb-1c6c5dc9855b,prca02,likert5,4,2,True,validated,1
ff4e6040-e738-49a9-80bb-1c6c5dc9855b,prca03,likert5,1,1,True,validated,0
ff4e6040-e738-49a9-80bb-1c6c5dc9855b,prca04,likert5,1,5,True,validated,1
ff4e6040-e738-49a9-80bb-1c6c5dc9855b,prca05,likert5,2,2,True,validated,0
ff4e6040-e738-49a9-80bb-1c6c5dc9855b,prca06,likert5,2,4,True,validated,1
ff4e6040-e738-49a9-80bb-1c6c5dc9855b,prca13,likert5,1,1,True,validated,0
ff4e6040-e738-49a9-80bb-1c6c5dc9855b,prca14,likert5,4,2,True,validated,1
ff4e6040-e738-49a9-80bb-1c6c5dc9855b,prca15,likert5,2,2,True,validated,0
ff4e6040-e738-49a9-80bb-1c6c5dc9855b,prca16,likert5,1,5,True,validated,1
ff4e6040-e738-49a9-80bb-1c6c5dc9855b,prca17,likert5,1,5,True,validated,1
ff4e6040-e738-49a9-80bb-1c6c5dc9855b,prca18,likert5,1,1,True,validated,0
fb18ae1d-a03e-4dca-a25a-3919d800c66e,prca01,likert5,3,3,True,validated,0
fb18ae1d-a03e-4dca-a25a-3919d800c66e,prca02,likert5,3,3,True,validated,1
fb18ae1d-a03e-4dca-a25a-3919d800c66e,prca03,likert5,1,1,True,validated,0
fb18ae1d-a03e-4dca-a25a-3919d800c66e,prca04,likert5,3,3,True,validated,1
fb18ae1d-a03e-4dca-a25a-3919d800c66e,prca05,likert5,1,1,True,validated,0
fb18ae1d-a03e-4dca-a25a-3919d800c66e,prca06,likert5,4,2,True,validated,1
fb18ae1d-a03e-4dca-a25a-3919d800c66e,prca13,likert5,4,4,True,validated,0
fb18ae1d-a03e-4dca-a25a-3919d800c66e,prca14,likert5,4,2,True,validated,1
fb18ae1d-a03e-4dca-a25a-3919d800c66e,prca15,likert5,1,1,True,validated,0
fb18ae1d-a03e-4dca-a25a-3919d800c66e,prca16,likert5,1,5,True,validated,1
fb18ae1d-a03e-4dca-a25a-3919d800c66e,prca17,likert5,1,5,True,validated,1
fb18ae1d-a03e-4dca-a25a-3919d800c66e,prca18,likert5,3,3,True,validated,0
b2cef829-1625-4fbb-89fb-db1a87185f6c,prca01,likert5,1,1,True,validated,0
b2cef829-1625-4fbb-89fb-db1a87185f6c,prca02,likert5,4,2,True,validated,1
b2cef829-1625-4fbb-89fb-db1a87185f6c,prca03,likert5,4,4,True,validated,0
b2cef829-1625-4fbb-89fb-db1a87185f6c,prca04,likert5,1,5,True,validated,1
b2cef829-1625-4fbb-89fb-db1a87185f6c,prca05,likert5,1,1,True,validated,0
b2cef829-1625-4fbb-89fb-db1a87185f6c,prca06,likert5,1,5,True,validated,1
b2cef829-1625-4fbb-89fb-db1a87185f6c,prca13,likert5,1,1,True,validated,0
b2cef829-1625-4fbb-89fb-db1a87185f6c,prca14,likert5,1,5,True,validated,1
b2cef829-1625-4fbb-89fb-db1a87185f6c,prca15,likert5,1,1,True,validated,0
b2cef829-1625-4fbb-89fb-db1a87185f6c,prca16,likert5,1,5,True,validated,1
b2cef829-1625-4fbb-89fb-db1a87185f6c,prca17,likert5,1,5,True,validated,1
b2cef829-1625-4fbb-89fb-db1a87185f6c,prca18,likert5,1,1,True,validated,0
0aa1c6b2-4d2c-489d-8925-02fd6dec4954,prca01,likert5,4,4,True,validated,0
0aa1c6b2-4d2c-489d-8925-02fd6dec4954,prca02,likert5,4,2,True,validated,1
0aa1c6b2-4d2c-489d-8925-02fd6dec4954,prca03,likert5,2,2,True,validated,0
0aa1c6b2-4d2c-489d-8925-02fd6dec4954,prca04,likert5,2,4,True,validated,1
0aa1c6b2-4d2c-489d-8925-02fd6dec4954,prca05,likert5,4,4,True,validated,0
0aa1c6b2-4d2c-489d-8925-02fd6dec4954,prca06,likert5,4,2,True,validated,1
0aa1c6b2-4d2c-489d-8925-02fd6dec4954,prca13,likert5,1,1,True,validated,0
0aa1c6b2-4d2c-489d-8925-02fd6dec4954,prca14,likert5,4,2,True,validated,1
0aa1c6b2-4d2c-489d-8925-02fd6dec4954,prca15,likert5,1,1,True,validated,0
0aa1c6b2-4d2c-489d-8925-02fd6dec4954,prca16,likert5,1,5,True,validated,1
0aa1c6b2-4d2c-489d-8925-02fd6dec4954,prca17,likert5,2,4,True,validated,1
0aa1c6b2-4d2c-489d-8925-02fd6dec4954,prca18,likert5,1,1,True,validated,0
a2fc84d0-b26c-4b7a-9149-1ca66e711ff6,prca01,likert5,1,1,True,validated,0
a2fc84d0-b26c-4b7a-9149-1ca66e711ff6,prca02,likert5,4,2,True,validated,1
a2fc84d0-b26c-4b7a-9149-1ca66e711ff6,prca03,likert5,2,2,True,validated,0
a2fc84d0-b26c-4b7a-9149-1ca66e711ff6,prca04,likert5,1,5,True,validated,1
a2fc84d0-b26c-4b7a-9149-1ca66e711ff6,prca05,likert5,1,1,True,validated,0
a2fc84d0-b26c-4b7a-9149-1ca66e711ff6,prca06,likert5,1,5,True,validated,1
a2fc84d0-b26c-4b7a-9149-1ca66e711ff6,prca13,likert5,4,4,True,validated,0
a2fc84d0-b26c-4b7a-9149-1ca66e711ff6,prca14,likert5,4,2,True,validated,1
a2fc84d0-b26c-4b7a-9149-1ca66e711ff6,prca15,likert5,1,1,True,validated,0
a2fc84d0-b26c-4b7a-9149-1ca66e711ff6,prca16,likert5,1,5,True,validated,1
a2fc84d0-b26c-4b7a-9149-1ca66e711ff6,prca17,likert5,1,5,True,validated,1
a2fc84d0-b26c-4b7a-9149-1ca66e711ff6,prca18,likert5,2,2,True,validated,0
0f269ad2-834d-4666-bf19-7c1344fa8053,prca01,likert5,2,2,True,validated,0
0f269ad2-834d-4666-bf19-7c1344fa8053,prca02,likert5,3,3,True,validated,1
0f269ad2-834d-4666-bf19-7c1344fa8053,prca03,likert5,2,2,True,validated,0
0f269ad2-834d-4666-bf19-7c1344fa8053,prca04,likert5,1,5,True,validated,1
0f269ad2-834d-4666-bf19-7c1344fa8053,prca05,likert5,1,1,True,validated,0
0f269ad2-834d-4666-bf19-7c1344fa8053,prca06,likert5,1,5,True,validated,1
0f269ad2-834d-4666-bf19-7c1344fa8053,prca13,likert5,1,1,True,validated,0
0f269ad2-834d-4666-bf19-7c1344fa8053,prca14,likert5,1,5,True,validated,1
0f269ad2-834d-4666-bf19-7c1344fa8053,prca15,likert5,1,1,True,validated,0
0f269ad2-834d-4666-bf19-7c1344fa8053,prca16,likert5,1,5,True,validated,1
0f269ad2-834d-4666-bf19-7c1344fa8053,prca17,likert5,1,5,True,validated,1
0f269ad2-834d-4666-bf19-7c1344fa8053,prca18,likert5,1,1,True,validated,0
43ddbb2d-1c84-4de7-a52c-664a13725c81,prca01,likert5,1,1,True,validated,0
43ddbb2d-1c84-4de7-a52c-664a13725c81,prca02,likert5,1,5,True,validated,1
43ddbb2d-1c84-4de7-a52c-664a13725c81,prca03,likert5,1,1,True,validated,0
43ddbb2d-1c84-4de7-a52c-664a13725c81,prca04,likert5,3,3,True,validated,1
43ddbb2d-1c84-4de7-a52c-664a13725c81,prca05,likert5,4,4,True,validated,0
43ddbb2d-1c84-4de7-a52c-664a13725c81,prca06,likert5,2,4,True,validated,1
43ddbb2d-1c84-4de7-a52c-664a13725c81,prca13,likert5,1,1,True,validated,0
43ddbb2d-1c84-4de7-a52c-664a13725c81,prca14,likert5,1,5,True,validated,1
43ddbb2d-1c84-4de7-a52c-664a13725c81,prca15,likert5,4,4,True,validated,0
43ddbb2d-1c84-4de7-a52c-664a13725c81,prca16,likert5,1,5,True,validated,1
43ddbb2d-1c84-4de7-a52c-664a13725c81,prca17,likert5,2,4,True,validated,1
43ddbb2d-1c84-4de7-a52c-664a13725c81,prca18,likert5,1,1,True,validated,0
02e16958-0cbb-4fed-b023-023baad6e247,prca01,likert5,3,3,True,validated,0
02e16958-0cbb-4fed-b023-023baad6e247,prca02,likert5,2,4,True,validated,1
02e16958-0cbb-4fed-b023-023baad6e247,prca03,likert5,2,2,True,validated,0
02e16958-0cbb-4fed-b023-023baad6e247,prca04,likert5,1,5,True,validated,1
02e16958-0cbb-4fed-b023-023baad6e247,prca05,likert5,1,1,True,validated,0
02e16958-0cbb-4fed-b023-023baad6e247,prca06,likert5,4,2,True,validated,1
02e16958-0cbb-4fed-b023-023baad6e247,prca13,likert5,1,1,True,validated,0
02e16958-0cbb-4fed-b023-023baad6e247,prca14,likert5,2,4,True,validated,1
02e16958-0cbb-4fed-b023-023baad6e247,prca15,likert5,1,1,True,validated,0
02e16958-0cbb-4fed-b023-023baad6e247,prca16,likert5,2,4,True,validated,1
02e16958-0cbb-4fed-b023-023baad6e247,prca17,likert5,2,4,True,validated,1
02e16958-0cbb-4fed-b023-023baad6e247,prca18,likert5,4,4,True,validated,0
ee7e4dd2-e993-4629-81bd-3d0a54265814,prca01,likert5,1,1,True,validated,0
ee7e4dd2-e993-4629-81bd-3d0a54265814,prca02,likert5,4,2,True,validated,1
ee7e4dd2-e993-4629-81bd-3d0a54265814,prca03,likert5,1,1,True,validated,0
ee7e4dd2-e993-4629-81bd-3d0a54265814,prca04,likert5,4,2,True,validated,1
ee7e4dd2-e993-4629-81bd-3d0a54265814,prca05,likert5,4,4,True,validated,0
ee7e4dd2-e993-4629-81bd-3d0a54265814,prca06,likert5,4,2,True,validated,1
ee7e4dd2-e993-4629-81bd-3d0a54265814,prca13,likert5,1,1,True,validated,0
ee7e4dd2-e993-4629-81bd-3d0a54265814,prca14,likert5,1,5,True,validated,1
ee7e4dd2-e993-4629-81bd-3d0a54265814,prca15,likert5,1,1,True,validated,0
ee7e4dd2-e993-4629-81bd-3d0a54265814,prca16,likert5,4,2,True,validated,1
ee7e4dd2-e993-4629-81bd-3d0a54265814,prca17,likert5,1,5,True,validated,1
ee7e4dd2-e993-4629-81bd-3d0a54265814,prca18,likert5,4,4,True,validated,0
f05cfe56-d063-4836-85e3-04ac80db07dc,prca01,likert5,1,1,True,validated,0
f05cfe56-d063-4836-85e3-04ac80db07dc,prca02,likert5,4,2,True,validated,1
f05cfe56-d063-4836-85e3-04ac80db07dc,prca03,likert5,2,2,True,validated,0
f05cfe56-d063-4836-85e3-04ac80db07dc,prca04,likert5,4,2,True,validated,1
f05cfe56-d063-4836-85e3-04ac80db07dc,prca05,likert5,4,4,True,validated,0
f05cfe56-d063-4836-85e3-04ac80db07dc,prca06,likert5,1,5,True,validated,1
f05cfe56-d063-4836-85e3-04ac80db07dc,prca13,likert5,1,1,True,validated,0
f05cfe56-d063-4836-85e3-04ac80db07dc,prca14,likert5,2,4,True,validated,1
f05cfe56-d063-4836-85e3-04ac80db07dc,prca15,likert5,1,1,True,validated,0
f05cfe56-d063-4836-85e3-04ac80db07dc,prca16,likert5,1,5,True,validated,1
f05cfe56-d063-4836-85e3-04ac80db07dc,prca17,likert5,4,2,True,validated,1
f05cfe56-d063-4836-85e3-04ac80db07dc,prca18,likert5,1,1,True,validated,0
49b1c4c3-30ff-423a-aaf7-3ee3785cf948,prca01,likert5,1,1,True,validated,0
49b1c4c3-30ff-423a-aaf7-3ee3785cf948,prca02,likert5,1,5,True,validated,1
49b1c4c3-30ff-423a-aaf7-3ee3785cf948,prca03,likert5,1,1,True,validated,0
49b1c4c3-30ff-423a-aaf7-3ee3785cf948,prca04,likert5,4,2,True,validated,1
49b1c4c3-30ff-423a-aaf7-3ee3785cf948,prca05,likert5,1,1,True,validated,0
49b1c4c3-30ff-423a-aaf7-3ee3785cf948,prca06,likert5,2,4,True,validated,1
49b1c4c3-30ff-423a-aaf7-3ee3785cf948,prca13,likert5,1,1,True,validated,0
49b1c4c3-30ff-423a-aaf7-3ee3785cf948,prca14,likert5,1,5,True,validated,1
49b1c4c3-30ff-423a-aaf7-3ee3785cf948,prca15,likert5,1,1,True,validated,0
49b1c4c3-30ff-423a-aaf7-3ee3785cf948,prca16,likert5,1,5,True,validated,1
49b1c4c3-30ff-423a-aaf7-3ee3785cf948,prca17,likert5,4,2,True,validated,1
49b1c4c3-30ff-423a-aaf7-3ee3785cf948,prca18,likert5,4,4,True,validated,0
df71f46c-53d7-4075-b8e8-ce938dcecc6e,prca01,likert5,2,2,True,validated,0
df71f46c-53d7-4075-b8e8-ce938dcecc6e,prca02,likert5,1,5,True,validated,1
df71f46c-53d7-4075-b8e8-ce938dcecc6e,prca03,likert5,1,1,True,validated,0
df71f46c-53d7-4075-b8e8-ce938dcecc6e,prca04,likert5,1,5,True,validated,1
df71f46c-53d7-4075-b8e8-ce938dcecc6e,prca05,likert5,2,2,True,validated,0
df71f46c-53d7-4075-b8e8-ce938dcecc6e,prca06,likert5,2,4,True,validated,1
df71f46c-53d7-4075-b8e8-ce938dcecc6e,prca13,likert5,2,2,True,validated,0
df71f46c-53d7-4075-b8e8-ce938dcecc6e,prca14,likert5,3,3,True,validated,1
df71f46c-53d7-4075-b8e8-ce938dcecc6e,prca15,likert5,1,1,True,validated,0
df71f46c-53d7-4075-b8e8-ce938dcecc6e,prca16,likert5,1,5,True,validated,1
df71f46c-53d7-4075-b8e8-ce938dcecc6e,prca17,likert5,1,5,True,validated,1
df71f46c-53d7-4075-b8e8-ce938dcecc6e,prca18,likert5,1,1,True,validated,0
555386ac-475d-4be8-80e3-088a662e7ed0,prca01,likert5,1,1,True,validated,0
555386ac-475d-4be8-80e3-088a662e7ed0,prca02,likert5,2,4,True,validated,1
555386ac-475d-4be8-80e3-088a662e7ed0,prca03,likert5,4,4,True,validated,0
555386ac-475d-4be8-80e3-088a662e7ed0,prca04,likert5,2,4,True,validated,1
555386ac-475d-4be8-80e3-088a662e7ed0,prca05,likert5,2,2,True,validated,0
555386ac-475d-4be8-80e3-088a662e7ed0,prca06,likert5,1,5,True,validated,1
555386ac-475d-4be8-80e3-088a662e7ed0,prca13,likert5,4,4,True,validated,0
555386ac-475d-4be8-80e3-088a662e7ed0,prca14,likert5,3,3,True,validated,1
555386ac-475d-4be8-80e3-088a662e7ed0,prca15,likert5,4,4,True,validated,0
555386ac-475d-4be8-80e3-088a662e7ed0,prca16,likert5,2,4,True,validated,1
555386ac-475d-4be8-80e3-088a662e7ed0,prca17,likert5,1,5,True,validated,1
555386ac-475d-4be8-80e3-088a662e7ed0,prca18,likert5,4,4,True,validated,0
ca3fd81f-a589-4f63-9213-2c75654b2663,prca01,likert5,2,2,True,validated,0
ca3fd81f-a589-4f63-9213-2c75654b2663,prca02,likert5,1,5,True,validated,1
ca3fd81f-a589-4f63-9213-2c75654b2663,prca03,likert5,2,2,True,validated,0
ca3fd81f-a589-4f63-9213-2c75654b2663,prca04,likert5,2,4,True,validated,1
ca3fd81f-a589-4f63-9213-2c75654b2663,prca05,likert5,1,1,True,validated,0
ca3fd81f-a589-4f63-9213-2c75654b2663,prca06,likert5,2,4,True,validated,1
ca3fd81f-a589-4f63-9213-2c75654b2663,prca13,likert5,4,4,True,validated,0
ca3fd81f-a589-4f63-9213-2c75654b2663,prca14,likert5,2,4,True,validated,1
ca3fd81f-a589-4f63-9213-2c75654b2663,prca15,likert5,1,1,True,validated,0
ca3fd81f-a589-4f63-9213-2c75654b2663,prca16,likert5,4,2,True,validated,1
ca3fd81f-a589-4f63-9213-2c75654b2663,prca17,likert5,4,2,True,validated,1
ca3fd81f-a589-4f63-9213-2c75654b2663,prca18,likert5,2,2,True,validated,0
93bda89f-fdef-4bb1-9dbd-9b9a16ce0213,prca01,likert5,1,1,True,validated,0
93bda89f-fdef-4bb1-9dbd-9b9a16ce0213,prca02,likert5,2,4,True,validated,1
93bda89f-fdef-4bb1-9dbd-9b9a16ce0213,prca03,likert5,4,4,True,validated,0
93bda89f-fdef-4bb1-9dbd-9b9a16ce0213,prca04,likert5,1,5,True,validated,1
93bda89f-fdef-4bb1-9dbd-9b9a16ce0213,prca05,likert5,1,1,True,validated,0
93bda89f-fdef-4bb1-9dbd-9b9a16ce0213,prca06,likert5,4,2,True,validated,1
93bda89f-fdef-4bb1-9dbd-9b9a16ce0213,prca13,likert5,4,4,True,validated,0
93bda89f-fdef-4bb1-9dbd-9b9a16ce0213,prca14,likert5,2,4,True,validated,1
93bda89f-fdef-4bb1-9dbd-9b9a16ce0213,prca15,likert5,2,2,True,validated,0
93bda89f-fdef-4bb1-9dbd-9b9a16ce0213,prca16,likert5,1,5,True,validated,1
93bda89f-fdef-4bb1-9dbd-9b9a16ce0213,prca17,likert5,2,4,True,validated,1
93bda89f-fdef-4bb1-9dbd-9b9a16ce0213,prca18,likert5,4,4,True,validated,0
d3d57578-d580-4a86-9d9c-754e9df7f2fd,prca01,likert5,4,4,True,validated,0
d3d57578-d580-4a86-9d9c-754e9df7f2fd,prca02,likert5,1,5,True,validated,1
d3d57578-d580-4a86-9d9c-754e9df7f2fd,prca03,likert5,4,4,True,validated,0
d3d57578-d580-4a86-9d9c-754e9df7f2fd,prca04,likert5,4,2,True,validated,1
d3d57578-d580-4a86-9d9c-754e9df7f2fd,prca05,likert5,1,1,True,validated,0
d3d57578-d580-4a86-9d9c-754e9df7f2fd,prca06,likert5,4,2,True,validated,1
d3d57578-d580-4a86-9d9c-754e9df7f2fd,prca13,likert5,1,1,True,validated,0
d3d57578-d580-4a86-9d9c-754e9df7f2fd,prca14,likert5,2,4,True,validated,1
d3d57578-d580-4a86-9d9c-754e9df7f2fd,prca15,likert5,4,4,True,validated,0
d3d57578-d580-4a86-9d9c-754e9df7f2fd,prca16,likert5,4,2,True,validated,1
d3d57578-d580-4a86-9d9c-754e9df7f2fd,prca17,likert5,4,2,True,validated,1
d3d57578-d580-4a86-9d9c-754e9df7f2fd,prca18,likert5,4,4,True,validated,0
7890ada4-8c27-4804-ad5e-4c5f2cf7fb94,prca01,likert5,1,1,True,validated,0
7890ada4-8c27-4804-ad5e-4c5f2cf7fb94,prca02,likert5,1,5,True,validated,1
7890ada4-8c27-4804-ad5e-4c5f2cf7fb94,prca03,likert5,1,1,True,validated,0
7890ada4-8c27-4804-ad5e-4c5f2cf7fb94,prca04,likert5,1,5,True,validated,1
7890ada4-8c27-4804-ad5e-4c5f2cf7fb94,prca05,likert5,1,1,True,validated,0
7890ada4-8c27-4804-ad5e-4c5f2cf7fb94,prca06,likert5,4,2,True,validated,1
7890ada4-8c27-4804-ad5e-4c5f2cf7fb94,prca13,likert5,1,1,True,validated,0
7890ada4-8c27-4804-ad5e-4c5f2cf7fb94,prca14,likert5,2,4,True,validated,1
7890ada4-8c27-4804-ad5e-4c5f2cf7fb94,prca15,likert5,4,4,True,validated,0
7890ada4-8c27-4804-ad5e-4c5f2cf7fb94,prca16,likert5,1,5,True,validated,1
7890ada4-8c27-4804-ad5e-4c5f2cf7fb94,prca17,likert5,4,2,True,validated,1
7890ada4-8c27-4804-ad5e-4c5f2cf7fb94,prca18,likert5,1,1,True,validated,0
8f3ddaf1-8b81-48bf-b3c8-9c432cc3c6e2,prca01,likert5,4,4,True,validated,0
8f3ddaf1-8b81-48bf-b3c8-9c432cc3c6e2,prca02,likert5,1,5,True,validated,1
8f3ddaf1-8b81-48bf-b3c8-9c432cc3c6e2,prca03,likert5,1,1,True,validated,0
8f3ddaf1-8b81-48bf-b3c8-9c432cc3c6e2,prca04,likert5,2,4,True,validated,1
8f3ddaf1-8b81-48bf-b3c8-9c432cc3c6e2,prca05,likert5,4,4,True,validated,0
8f3ddaf1-8b81-48bf-b3c8-9c432cc3c6e2,prca06,likert5,1,5,True,validated,1
8f3ddaf1-8b81-48bf-b3c8-9c432cc3c6e2,prca13,likert5,2,2,True,validated,0
8f3ddaf1-8b81-48bf-b3c8-9c432cc3c6e2,prca14,likert5,1,5,True,validated,1
8f3ddaf1-8b81-48bf-b3c8-9c432cc3c6e2,prca15,likert5,1,1,True,validated,0
8f3ddaf1-8b81-48bf-b3c8-9c432cc3c6e2,prca16,likert5,1,5,True,validated,1
8f3ddaf1-8b81-48bf-b3c8-9c432cc3c6e2,prca17,likert5,1,5,True,validated,1
8f3ddaf1-8b81-48bf-b3c8-9c432cc3c6e2,prca18,likert5,4,4,True,validated,0
bd710fc1-b31d-459a-aea6-cdb3dd3ba7f5,prca01,likert5,1,1,True,validated,0
bd710fc1-b31d-459a-aea6-cdb3dd3ba7f5,prca02,likert5,1,5,True,validated,1
bd710fc1-b31d-459a-aea6-cdb3dd3ba7f5,prca03,likert5,1,1,True,validated,0
bd710fc1-b31d-459a-aea6-cdb3dd3ba7f5,prca04,likert5,3,3,True,validated,1
bd710fc1-b31d-459a-aea6-cdb3dd3ba7f5,prca05,likert5,1,1,True,validated,0
bd710fc1-b31d-459a-aea6-cdb3dd3ba7f5,prca06,likert5,4,2,True,validated,1
bd710fc1-b31d-459a-aea6-cdb3dd3ba7f5,prca13,likert5,4,4,True,validated,0
bd710fc1-b31d-459a-aea6-cdb3dd3ba7f5,prca14,likert5,1,5,True,validated,1
bd710fc1-b31d-459a-aea6-cdb3dd3ba7f5,prca15,likert5,1,1,True,validated,0
bd710fc1-b31d-459a-aea6-cdb3dd3ba7f5,prca16,likert5,2,4,True,validated,1
bd710fc1-b31d-459a-aea6-cdb3dd3ba7f5,prca17,likert5,1,5,True,validated,1
bd710fc1-b31d-459a-aea6-cdb3dd3ba7f5,prca18,likert5,1,1,True,validated,0
8aab24fb-2a45-435f-844c-6f8fbcfbb14a,prca01,likert5,1,1,True,validated,0
8aab24fb-2a45-435f-844c-6f8fbcfbb14a,prca02,likert5,2,4,True,validated,1
8aab24fb-2a45-435f-844c-6f8fbcfbb14a,prca03,likert5,1,1,True,validated,0
8aab24fb-2a45-435f-844c-6f8fbcfbb14a,prca04,likert5,2,4,True,validated,1
8aab24fb-2a45-435f-844c-6f8fbcfbb14a,prca05,likert5,1,1,True,validated,0
8aab24fb-2a45-435f-844c-6f8fbcfbb14a,prca06,likert5,1,5,True,validated,1
8aab24fb-2a45-435f-844c-6f8fbcfbb14a,prca13,likert5,1,1,True,validated,0
8aab24fb-2a45-435f-844c-6f8fbcfbb14a,prca14,likert5,1,5,True,validated,1
8aab24fb-2a45-435f-844c-6f8fbcfbb14a,prca15,likert5,1,1,True,validated,0
8aab24fb-2a45-435f-844c-6f8fbcfbb14a,prca16,likert5,1,5,True,validated,1
8aab24fb-2a45-435f-844c-6f8fbcfbb14a,prca17,likert5,1,5,True,validated,1
8aab24fb-2a45-435f-844c-6f8fbcfbb14a,prca18,likert5,1,1,True,validated,0
bce04631-d6f6-4ed3-ab32-4ff548be736e,prca01,likert5,1,1,True,validated,0
bce04631-d6f6-4ed3-ab32-4ff548be736e,prca02,likert5,1,5,True,validated,1
bce04631-d6f6-4ed3-ab32-4ff548be736e,prca03,likert5,2,2,True,validated,0
bce04631-d6f6-4ed3-ab32-4ff548be736e,prca04,likert5,4,2,True,validated,1
bce04631-d6f6-4ed3-ab32-4ff548be736e,prca05,likert5,2,2,True,validated,0
bce04631-d6f6-4ed3-ab32-4ff548be736e,prca06,likert5,1,5,True,validated,1
bce04631-d6f6-4ed3-ab32-4ff548be736e,prca13,likert5,1,1,True,validated,0
bce04631-d6f6-4ed3-ab32-4ff548be736e,prca14,likert5,1,5,True,validated,1
bce04631-d6f6-4ed3-ab32-4ff548be736e,prca15,likert5,4,4,True,validated,0
bce04631-d6f6-4ed3-ab32-4ff548be736e,prca16,likert5,2,4,True,validated,1
bce04631-d6f6-4ed3-ab32-4ff548be736e,prca17,likert5,4,2,True,validated,1
bce04631-d6f6-4ed3-ab32-4ff548be736e,prca18,likert5,1,1,True,validated,0
def5105d-e0f3-447d-a835-707bbe743282,prca01,likert5,2,2,True,validated,0
def5105d-e0f3-447d-a835-707bbe743282,prca02,likert5,3,3,True,validated,1
def5105d-e0f3-447d-a835-707bbe743282,prca03,likert5,4,4,True,validated,0
def5105d-e0f3-447d-a835-707bbe743282,prca04,likert5,3,3,True,validated,1
def5105d-e0f3-447d-a835-707bbe743282,prca05,likert5,4,4,True,validated,0
def5105d-e0f3-447d-a835-707bbe743282,prca06,likert5,4,2,True,validated,1
def5105d-e0f3-447d-a835-707bbe743282,prca13,likert5,1,1,True,validated,0
def5105d-e0f3-447d-a835-707bbe743282,prca14,likert5,2,4,True,validated,1
def5105d-e0f3-447d-a835-707bbe743282,prca15,likert5,2,2,True,validated,0
def5105d-e0f3-447d-a835-707bbe743282,prca16,likert5,4,2,True,validated,1
def5105d-e0f3-447d-a835-707bbe743282,prca17,likert5,1,5,True,validated,1
def5105d-e0f3-447d-a835-707bbe743282,prca18,likert5,1,1,True,validated,0
acd6ff58-4f93-430d-b9db-73f36b3eed7c,prca01,likert5,2,2,True,validated,0
acd6ff58-4f93-430d-b9db-73f36b3eed7c,prca02,likert5,1,5,True,validated,1
acd6ff58-4f93-430d-b9db-73f36b3eed7c,prca03,likert5,1,1,True,validated,0
acd6ff58-4f93-430d-b9db-73f36b3eed7c,prca04,likert5,1,5,True,validated,1
acd6ff58-4f93-430d-b9db-73f36b3eed7c,prca05,likert5,1,1,True,validated,0
acd6ff58-4f93-430d-b9db-73f36b3eed7c,prca06,likert5,1,5,True,validated,1
acd6ff58-4f93-430d-b9db-73f36b3eed7c,prca13,likert5,1,1,True,validated,0
acd6ff58-4f93-430d-b9db-73f36b3eed7c,prca14,likert5,3,3,True,validated,1
acd6ff58-4f93-430d-b9db-73f36b3eed7c,prca15,likert5,1,1,True,validated,0
acd6ff58-4f93-430d-b9db-73f36b3eed7c,prca16,likert5,4,2,True,validated,1
acd6ff58-4f93-430d-b9db-73f36b3eed7c,prca17,likert5,1,5,True,validated,1
acd6ff58-4f93-430d-b9db-73f36b3eed7c,prca18,likert5,4,4,True,validated,0
67be25f3-a46d-4985-bc5b-e205052bb684,prca01,likert5,3,3,True,validated,0
67be25f3-a46d-4985-bc5b-e205052bb684,prca02,likert5,4,2,True,validated,1
67be25f3-a46d-4985-bc5b-e205052bb684,prca03,likert5,2,2,True,validated,0
67be25f3-a46d-4985-bc5b-e205052bb684,prca04,likert5,1,5,True,validated,1
67be25f3-a46d-4985-bc5b-e205052bb684,prca05,likert5,4,4,True,validated,0
67be25f3-a46d-4985-bc5b-e205052bb684,prca06,likert5,4,2,True,validated,1
67be25f3-a46d-4985-bc5b-e205052bb684,prca13,likert5,1,1,True,validated,0
67be25f3-a46d-4985-bc5b-e205052bb684,prca14,likert5,2,4,True,validated,1
67be25f3-a46d-4985-bc5b-e205052bb684,prca15,likert5,1,1,True,validated,0
67be25f3-a46d-4985-bc5b-e205052bb684,prca16,likert5,1,5,True,validated,1
67be25f3-a46d-4985-bc5b-e205052bb684,prca17,likert5,3,3,True,validated,1
67be25f3-a46d-4985-bc5b-e205052bb684,prca18,likert5,1,1,True,validated,0
9f0cf6e3-e9d9-4c94-b15d-44d6d5161b29,prca01,likert5,1,1,True,validated,0
9f0cf6e3-e9d9-4c94-b15d-44d6d5161b29,prca02,likert5,4,2,True,validated,1
9f0cf6e3-e9d9-4c94-b15d-44d6d5161b29,prca03,likert5,1,1,True,validated,0
9f0cf6e3-e9d9-4c94-b15d-44d6d5161b29,prca04,likert5,2,4,True,validated,1
9f0cf6e3-e9d9-4c94-b15d-44d6d5161b29,prca05,likert5,2,2,True,validated,0
9f0cf6e3-e9d9-4c94-b15d-44d6d5161b29,prca06,likert5,1,5,True,validated,1
9f0cf6e3-e9d9-4c94-b15d-44d6d5161b29,prca13,likert5,1,1,True,validated,0
9f0cf6e3-e9d9-4c94-b15d-44d6d5161b29,prca14,likert5,1,5,True,validated,1
9f0cf6e3-e9d9-4c94-b15d-44d6d5161b29,prca15,likert5,1,1,True,validated,0
9f0cf6e3-e9d9-4c94-b15d-44d6d5161b29,prca16,likert5,4,2,True,validated,1
9f0cf6e3-e9d9-4c94-b15d-44d6d5161b29,prca17,likert5,2,4,True,validated,1
9f0cf6e3-e9d9-4c94-b15d-44d6d5161b29,prca18,likert5,1,1,True,validated,0
dc32e24d-5b2b-4b68-9fae-a902c05b1a7f,prca01,likert5,4,4,True,validated,0
dc32e24d-5b2b-4b68-9fae-a902c05b1a7f,prca02,likert5,3,3,True,validated,1
dc32e24d-5b2b-4b68-9fae-a902c05b1a7f,prca03,likert5,1,1,True,validated,0
dc32e24d-5b2b-4b68-9fae-a902c05b1a7f,prca04,likert5,4,2,True,validated,1
dc32e24d-5b2b-4b68-9fae-a902c05b1a7f,prca05,likert5,1,1,True,validated,0
dc32e24d-5b2b-4b68-9fae-a902c05b1a7f,prca06,likert5,2,4,True,validated,1
dc32e24d-5b2b-4b68-9fae-a902c05b1a7f,prca13,likert5,4,4,True,validated,0
dc32e24d-5b2b-4b68-9fae-a902c05b1a7f,prca14,likert5,4,2,True,validated,1
dc32e24d-5b2b-4b68-9fae-a902c05b1a7f,prca15,likert5,2,2,True,validated,0
dc32e24d-5b2b-4b68-9fae-a902c05b1a7f,prca16,likert5,2,4,True,validated,1
dc32e24d-5b2b-4b68-9fae-a902c05b1a7f,prca17,likert5,1,5,True,validated,1
dc32e24d-5b2b-4b68-9fae-a902c05b1a7f,prca18,likert5,1,1,True,validated,0
0201e7b4-fa67-45e6-9504-e7fc337340ce,prca01,likert5,4,4,True,validated,0
0201e7b4-fa67-45e6-9504-e7fc337340ce,prca02,likert5,4,2,True,validated,1
0201e7b4-fa67-45e6-9504-e7fc337340ce,prca03,likert5,1,1,True,validated,0
0201e7b4-fa67-45e6-9504-e7fc337340ce,prca04,likert5,2,4,True,validated,1
0201e7b4-fa67-45e6-9504-e7fc337340ce,prca05,likert5,1,1,True,validated,0
0201e7b4-fa67-45e6-9504-e7fc337340ce,prca06,likert5,2,4,True,validated,1
0201e7b4-fa67-45e6-9504-e7fc337340ce,prca13,likert5,2,2,True,validated,0
0201e7b4-fa67-45e6-9504-e7fc337340ce,prca14,likert5,4,2,True,validated,1
0201e7b4-fa67-45e6-9504-e7fc337340ce,prca15,likert5,1,1,True,validated,0
0201e7b4-fa67-45e6-9504-e7fc337340ce,prca16,likert5,4,2,True,validated,1
0201e7b4-fa67-45e6-9504-e7fc337340ce,prca17,likert5,4,2,True,validated,1
0201e7b4-fa67-45e6-9504-e7fc337340ce,prca18,likert5,4,4,True,validated,0
9e5c36ea-e6a2-4140-93a7-1a4b4a96a4b9,prca01,likert5,1,1,True,validated,0
9e5c36ea-e6a2-4140-93a7-1a4b4a96a4b9,prca02,likert5,4,2,True,validated,1
9e5c36ea-e6a2-4140-93a7-1a4b4a96a4b9,prca03,likert5,4,4,True,validated,0
9e5c36ea-e6a2-4140-93a7-1a4b4a96a4b9,prca04,likert5,2,4,True,validated,1
9e5c36ea-e6a2-4140-93a7-1a4b4a96a4b9,prca05,likert5,2,2,True,validated,0
9e5c36ea-e6a2-4140-93a7-1a4b4a96a4b9,prca06,likert5,2,4,True,validated,1
9e5c36ea-e6a2-4140-93a7-1a4b4a96a4b9,prca13,likert5,1,1,True,validated,0
9e5c36ea-e6a2-4140-93a7-1a4b4a96a4b9,prca14,likert5,1,5,True,validated,1
9e5c36ea-e6a2-4140-93a7-1a4b4a96a4b9,prca15,likert5,2,2,True,validated,0
9e5c36ea-e6a2-4140-93a7-1a4b4a96a4b9,prca16,likert5,2,4,True,validated,1
9e5c36ea-e6a2-4140-93a7-1a4b4a96a4b9,prca17,likert5,1,5,True,validated,1
9e5c36ea-e6a2-4140-93a7-1a4b4a96a4b9,prca18,likert5,1,1,True,validated,0
109eccae-d2c4-42ed-a610-18a515d84291,prca01,likert5,1,1,True,validated,0
109eccae-d2c4-42ed-a610-18a515d84291,prca02,likert5,4,2,True,validated,1
109eccae-d2c4-42ed-a610-18a515d84291,prca03,likert5,1,1,True,validated,0
109eccae-d2c4-42ed-a610-18a515d84291,prca04,likert5,2,4,True,validated,1
109eccae-d2c4-42ed-a610-18a515d84291,prca05,likert5,1,1,True,validated,0
109eccae-d2c4-42ed-a610-18a515d84291,prca06,likert5,1,5,True,validated,1
109eccae-d2c4-42ed-a610-18a515d84291,prca13,likert5,2,2,True,validated,0
109eccae-d2c4-42ed-a610-18a515d84291,prca14,likert5,1,5,True,validated,1
109eccae-d2c4-42ed-a610-18a515d84291,prca15,likert5,1,1,True,validated,0
109eccae-d2c4-42ed-a610-18a515d84291,prca16,likert5,2,4,True,validated,1
109eccae-d2c4-42ed-a610-18a515d84291,prca17,likert5,2,4,True,validated,1
109eccae-d2c4-42ed-a610-18a515d84291,prca18,likert5,1,1,True,validated,0
93b214c6-1123-4a85-a803-41827801685d,prca01,likert5,4,4,True,validated,0
93b214c6-1123-4a85-a803-41827801685d,prca02,likert5,4,2,True,validated,1
93b214c6-1123-4a85-a803-41827801685d,prca03,likert5,1,1,True,validated,0
93b214c6-1123-4a85-a803-41827801685d,prca04,likert5,4,2,True,validated,1
93b214c6-1123-4a85-a803-41827801685d,prca05,likert5,2,2,True,validated,0
93b214c6-1123-4a85-a803-41827801685d,prca06,likert5,1,5,True,validated,1
93b214c6-1123-4a85-a803-41827801685d,prca13,likert5,2,2,True,validated,0
93b214c6-1123-4a85-a803-41827801685d,prca14,likert5,1,5,True,validated,1
93b214c6-1123-4a85-a803-41827801685d,prca15,likert5,4,4,True,validated,0
93b214c6-1123-4a85-a803-41827801685d,prca16,likert5,1,5,True,validated,1
93b214c6-1123-4a85-a803-41827801685d,prca17,likert5,2,4,True,validated,1
93b214c6-1123-4a85-a803-41827801685d,prca18,likert5,4,4,True,validated,0
19e87967-47bf-4fe4-9b57-967f590b947b,prca01,likert5,4,4,True,validated,0
19e87967-47bf-4fe4-9b57-967f590b947b,prca02,likert5,2,4,True,validated,1
19e87967-47bf-4fe4-9b57-967f590b947b,prca03,likert5,2,2,True,validated,0
19e87967-47bf-4fe4-9b57-967f590b947b,prca04,likert5,1,5,True,validated,1
19e87967-47bf-4fe4-9b57-967f590b947b,prca05,likert5,2,2,True,validated,0
19e87967-47bf-4fe4-9b57-967f590b947b,prca06,likert5,1,5,True,validated,1
19e87967-47bf-4fe4-9b57-967f590b947b,prca13,likert5,2,2,True,validated,0
19e87967-47bf-4fe4-9b57-967f590b947b,prca14,likert5,1,5,True,validated,1
19e87967-47bf-4fe4-9b57-967f590b947b,prca15,likert5,4,4,True,validated,0
19e87967-47bf-4fe4-9b57-967f590b947b,prca16,likert5,4,2,True,validated,1
19e87967-47bf-4fe4-9b57-967f590b947b,prca17,likert5,1,5,True,validated,1
19e87967-47bf-4fe4-9b57-967f590b947b,prca18,likert5,1,1,True,validated,0
26ffdfbd-ecda-409b-a780-c158954d30e6,prca01,likert5,4,4,True,validated,0
26ffdfbd-ecda-409b-a780-c158954d30e6,prca02,likert5,4,2,True,validated,1
26ffdfbd-ecda-409b-a780-c158954d30e6,prca03,likert5,1,1,True,validated,0
26ffdfbd-ecda-409b-a780-c158954d30e6,prca04,likert5,1,5,True,validated,1
26ffdfbd-ecda-409b-a780-c158954d30e6,prca05,likert5,1,1,True,validated,0
26ffdfbd-ecda-409b-a780-c158954d30e6,prca06,likert5,2,4,True,validated,1
26ffdfbd-ecda-409b-a780-c158954d30e6,prca13,likert5,1,1,True,validated,0
26ffdfbd-ecda-409b-a780-c158954d30e6,prca14,likert5,4,2,True,validated,1
26ffdfbd-ecda-409b-a780-c158954d30e6,prca15,likert5,1,1,True,validated,0
26ffdfbd-ecda-409b-a780-c158954d30e6,prca16,likert5,1,5,True,validated,1
26ffdfbd-ecda-409b-a780-c158954d30e6,prca17,likert5,1,5,True,validated,1
26ffdfbd-ecda-409b-a780-c158954d30e6,prca18,likert5,4,4,True,validated,0
d5feba6f-2c11-4077-b087-76fab33aa64a,prca01,likert5,4,4,True,validated,0
d5feba6f-2c11-4077-b087-76fab33aa64a,prca02,likert5,1,5,True,validated,1
d5feba6f-2c11-4077-b087-76fab33aa64a,prca03,likert5,3,3,True,validated,0
d5feba6f-2c11-4077-b087-76fab33aa64a,prca04,likert5,4,2,True,validated,1
d5feba6f-2c11-4077-b087-76fab33aa64a,prca05,likert5,1,1,True,validated,0
d5feba6f-2c11-4077-b087-76fab33aa64a,prca06,likert5,2,4,True,validated,1
d5feba6f-2c11-4077-b087-76fab33aa64a,prca13,likert5,1,1,True,validated,0
d5feba6f-2c11-4077-b087-76fab33aa64a,prca14,likert5,4,2,True,validated,1
d5feba6f-2c11-4077-b087-76fab33aa64a,prca15,likert5,4,4,True,validated,0
d5feba6f-2c11-4077-b087-76fab33aa64a,prca16,likert5,1,5,True,validated,1
d5feba6f-2c11-4077-b087-76fab33aa64a,prca17,likert5,1,5,True,validated,1
d5feba6f-2c11-4077-b087-76fab33aa64a,prca18,likert5,4,4,True,validated,0
46898126-55cd-47d8-9413-b6eff7770d8e,prca01,likert5,2,2,True,validated,0
46898126-55cd-47d8-9413-b6eff7770d8e,prca02,likert5,1,5,True,validated,1
46898126-55cd-47d8-9413-b6eff7770d8e,prca03,likert5,1,1,True,validated,0
46898126-55cd-47d8-9413-b6eff7770d8e,prca04,likert5,4,2,True,validated,1
46898126-55cd-47d8-9413-b6eff7770d8e,prca05,likert5,1,1,True,validated,0
46898126-55cd-47d8-9413-b6eff7770d8e,prca06,likert5,1,5,True,validated,1
46898126-55cd-47d8-9413-b6eff7770d8e,prca13,likert5,1,1,True,validated,0
46898126-55cd-47d8-9413-b6eff7770d8e,prca14,likert5,1,5,True,validated,1
46898126-55cd-47d8-9413-b6eff7770d8e,prca15,likert5,1,1,True,validated,0
46898126-55cd-47d8-9413-b6eff7770d8e,prca16,likert5,1,5,True,validated,1
46898126-55cd-47d8-9413-b6eff7770d8e,prca17,likert5,1,5,True,validated,1
46898126-55cd-47d8-9413-b6eff7770d8e,prca18,likert5,1,1,True,validated,0
65c013ee-9775-40a4-85a7-1f9c4924f6de,prca01,likert5,2,2,True,validated,0
65c013ee-9775-40a4-85a7-1f9c4924f6de,prca02,likert5,1,5,True,validated,1
65c013ee-9775-40a4-85a7-1f9c4924f6de,prca03,likert5,2,2,True,validated,0
65c013ee-9775-40a4-85a7-1f9c4924f6de,prca04,likert5,3,3,True,validated,1
65c013ee-9775-40a4-85a7-1f9c4924f6de,prca05,likert5,4,4,True,validated,0
65c013ee-9775-40a4-85a7-1f9c4924f6de,prca06,likert5,1,5,True,validated,1
65c013ee-9775-40a4-85a7-1f9c4924f6de,prca13,likert5,4,4,True,validated,0
65c013ee-9775-40a4-85a7-1f9c4924f6de,prca14,likert5,3,3,True,validated,1
65c013ee-9775-40a4-85a7-1f9c4924f6de,prca15,likert5,1,1,True,validated,0
65c013ee-9775-40a4-85a7-1f9c4924f6de,prca16,likert5,1,5,True,validated,1
65c013ee-9775-40a4-85a7-1f9c4924f6de,prca17,likert5,2,4,True,validated,1
65c013ee-9775-40a4-85a7-1f9c4924f6de,prca18,likert5,1,1,True,validated,0
47c54eec-87d4-45ed-bced-81eed4844c39,prca01,likert5,1,1,True,validated,0
47c54eec-87d4-45ed-bced-81eed4844c39,prca02,likert5,4,2,True,validated,1
47c54eec-87d4-45ed-bced-81eed4844c39,prca03,likert5,1,1,True,validated,0
47c54eec-87d4-45ed-bced-81eed4844c39,prca04,likert5,3,3,True,validated,1
47c54eec-87d4-45ed-bced-81eed4844c39,prca05,likert5,2,2,True,validated,0
47c54eec-87d4-45ed-bced-81eed4844c39,prca06,likert5,4,2,True,validated,1
47c54eec-87d4-45ed-bced-81eed4844c39,prca13,likert5,2,2,True,validated,0
47c54eec-87d4-45ed-bced-81eed4844c39,prca14,likert5,4,2,True,validated,1
47c54eec-87d4-45ed-bced-81eed4844c39,prca15,likert5,2,2,True,validated,0
47c54eec-87d4-45ed-bced-81eed4844c39,prca16,likert5,1,5,True,validated,1
47c54eec-87d4-45ed-bced-81eed4844c39,prca17,likert5,2,4,True,validated,1
47c54eec-87d4-45ed-bced-81eed4844c39,prca18,likert5,1,1,True,validated,0
e33d5647-d7f9-4b0f-ab55-9f556470354e,prca01,likert5,1,1,True,validated,0
e33d5647-d7f9-4b0f-ab55-9f556470354e,prca02,likert5,2,4,True,validated,1
e33d5647-d7f9-4b0f-ab55-9f556470354e,prca03,likert5,1,1,True,validated,0
e33d5647-d7f9-4b0f-ab55-9f556470354e,prca04,likert5,1,5,True,validated,1
e33d5647-d7f9-4b0f-ab55-9f556470354e,prca05,likert5,1,1,True,validated,0
e33d5647-d7f9-4b0f-ab55-9f556470354e,prca06,likert5,1,5,True,validated,1
e33d5647-d7f9-4b0f-ab55-9f556470354e,prca13,likert5,1,1,True,validated,0
e33d5647-d7f9-4b0f-ab55-9f556470354e,prca14,likert5,2,4,True,validated,1
e33d5647-d7f9-4b0f-ab55-9f556470354e,prca15,likert5,1,1,True,validated,0
e33d5647-d7f9-4b0f-ab55-9f556470354e,prca16,likert5,1,5,True,validated,1
e33d5647-d7f9-4b0f-ab55-9f556470354e,prca17,likert5,2,4,True,validated,1
e33d5647-d7f9-4b0f-ab55-9f556470354e,prca18,likert5,1,1,True,validated,0
c53cabf4-6339-4ecc-9da7-435bf0fcf189,prca01,likert5,2,2,True,validated,0
c53cabf4-6339-4ecc-9da7-435bf0fcf189,prca02,likert5,1,5,True,validated,1
c53cabf4-6339-4ecc-9da7-435bf0fcf189,prca03,likert5,1,1,True,validated,0
c53cabf4-6339-4ecc-9da7-435bf0fcf189,prca04,likert5,3,3,True,validated,1
c53cabf4-6339-4ecc-9da7-435bf0fcf189,prca05,likert5,1,1,True,validated,0
c53cabf4-6339-4ecc-9da7-435bf0fcf189,prca06,likert5,2,4,True,validated,1
c53cabf4-6339-4ecc-9da7-435bf0fcf189,prca13,likert5,2,2,True,validated,0
c53cabf4-6339-4ecc-9da7-435bf0fcf189,prca14,likert5,4,2,True,validated,1
c53cabf4-6339-4ecc-9da7-435bf0fcf189,prca15,likert5,1,1,True,validated,0
c53cabf4-6339-4ecc-9da7-435bf0fcf189,prca16,likert5,1,5,True,validated,1
c53cabf4-6339-4ecc-9da7-435bf0fcf189,prca17,likert5,1,5,True,validated,1
c53cabf4-6339-4ecc-9da7-435bf0fcf189,prca18,likert5,2,2,True,validated,0
c620a0cd-854f-4b66-9bc5-65fc72ece59b,prca01,likert5,2,2,True,validated,0
c620a0cd-854f-4b66-9bc5-65fc72ece59b,prca02,likert5,2,4,True,validated,1
c620a0cd-854f-4b66-9bc5-65fc72ece59b,prca03,likert5,1,1,True,validated,0
c620a0cd-854f-4b66-9bc5-65fc72ece59b,prca04,likert5,2,4,True,validated,1
c620a0cd-854f-4b66-9bc5-65fc72ece59b,prca05,likert5,1,1,True,validated,0
c620a0cd-854f-4b66-9bc5-65fc72ece59b,prca06,likert5,1,5,True,validated,1
c620a0cd-854f-4b66-9bc5-65fc72ece59b,prca13,likert5,4,4,True,validated,0
c620a0cd-854f-4b66-9bc5-65fc72ece59b,prca14,likert5,2,4,True,validated,1
c620a0cd-854f-4b66-9bc5-65fc72ece59b,prca15,likert5,2,2,True,validated,0
c620a0cd-854f-4b66-9bc5-65fc72ece59b,prca16,likert5,2,4,True,validated,1
c620a0cd-854f-4b66-9bc5-65fc72ece59b,prca17,likert5,1,5,True,validated,1
c620a0cd-854f-4b66-9bc5-65fc72ece59b,prca18,likert5,1,1,True,validated,0
03e05cd6-81f1-4242-9eec-c8b103ba4210,prca01,likert5,4,4,True,validated,0
03e05cd6-81f1-4242-9eec-c8b103ba4210,prca02,likert5,2,4,True,validated,1
03e05cd6-81f1-4242-9eec-c8b103ba4210,prca03,likert5,1,1,True,validated,0
03e05cd6-81f1-4242-9eec-c8b103ba4210,prca04,likert5,2,4,True,validated,1
03e05cd6-81f1-4242-9eec-c8b103ba4210,prca05,likert5,1,1,True,validated,0
03e05cd6-81f1-4242-9eec-c8b103ba4210,prca06,likert5,4,2,True,validated,1
03e05cd6-81f1-4242-9eec-c8b103ba4210,prca13,likert5,1,1,True,validated,0
03e05cd6-81f1-4242-9eec-c8b103ba4210,prca14,likert5,4,2,True,validated,1
03e05cd6-81f1-4242-9eec-c8b103ba4210,prca15,likert5,2,2,True,validated,0
03e05cd6-81f1-4242-9eec-c8b103ba4210,prca16,likert5,1,5,True,validated,1
03e05cd6-81f1-4242-9eec-c8b103ba4210,prca17,likert5,4,2,True,validated,1
03e05cd6-81f1-4242-9eec-c8b103ba4210,prca18,likert5,1,1,True,validated,0
3a480a06-aaa7-4d85-8229-172623b75e8c,prca01,likert5,4,4,True,validated,0
3a480a06-aaa7-4d85-8229-172623b75e8c,prca02,likert5,1,5,True,validated,1
3a480a06-aaa7-4d85-8229-172623b75e8c,prca03,likert5,1,1,True,validated,0
3a480a06-aaa7-4d85-8229-172623b75e8c,prca04,likert5,4,2,True,validated,1
3a480a06-aaa7-4d85-8229-172623b75e8c,prca05,likert5,1,1,True,validated,0
3a480a06-aaa7-4d85-8229-172623b75e8c,prca06,likert5,4,2,True,validated,1
3a480a06-aaa7-4d85-8229-172623b75e8c,prca13,likert5,1,1,True,validated,0
3a480a06-aaa7-4d85-8229-172623b75e8c,prca14,likert5,1,5,True,validated,1
3a480a06-aaa7-4d85-8229-172623b75e8c,prca15,likert5,1,1,True,validated,0
3a480a06-aaa7-4d85-8229-172623b75e8c,prca16,likert5,1,5,True,validated,1
3a480a06-aaa7-4d85-8229-172623b75e8c,prca17,likert5,4,2,True,validated,1
3a480a06-aaa7-4d85-8229-172623b75e8c,prca18,likert5,1,1,True,validated,0
910037c5-bad7-4013-8e8f-d7dec3df5958,prca01,likert5,1,1,True,validated,0
910037c5-bad7-4013-8e8f-d7dec3df5958,prca02,likert5,4,2,True,validated,1
910037c5-bad7-4013-8e8f-d7dec3df5958,prca03,likert5,1,1,True,validated,0
910037c5-bad7-4013-8e8f-d7dec3df5958,prca04,likert5,4,2,True,validated,1
910037c5-bad7-4013-8e8f-d7dec3df5958,prca05,likert5,1,1,True,validated,0
910037c5-bad7-4013-8e8f-d7dec3df5958,prca06,likert5,2,4,True,validated,1
910037c5-bad7-4013-8e8f-d7dec3df5958,prca13,likert5,4,4,True,validated,0
910037c5-bad7-4013-8e8f-d7dec3df5958,prca14,likert5,4,2,True,validated,1
910037c5-bad7-4013-8e8f-d7dec3df5958,prca15,likert5,1,1,True,validated,0
910037c5-bad7-4013-8e8f-d7dec3df5958,prca16,likert5,1,5,True,validated,1
910037c5-bad7-4013-8e8f-d7dec3df5958,prca17,likert5,1,5,True,validated,1
910037c5-bad7-4013-8e8f-d7dec3df5958,prca18,likert5,4,4,True,validated,0
98446956-a909-4c16-a0d2-d5126feb61d7,prca01,likert5,4,4,True,validated,0
98446956-a909-4c16-a0d2-d5126feb61d7,prca02,likert5,3,3,True,validated,1
98446956-a909-4c16-a0d2-d5126feb61d7,prca03,likert5,2,2,True,validated,0
98446956-a909-4c16-a0d2-d5126feb61d7,prca04,likert5,1,5,True,validated,1
98446956-a909-4c16-a0d2-d5126feb61d7,prca05,likert5,1,1,True,validated,0
98446956-a909-4c16-a0d2-d5126feb61d7,prca06,likert5,2,4,True,validated,1
98446956-a909-4c16-a0d2-d5126feb61d7,prca13,likert5,1,1,True,validated,0
98446956-a909-4c16-a0d2-d5126feb61d7,prca14,likert5,4,2,True,validated,1
98446956-a909-4c16-a0d2-d5126feb61d7,prca15,likert5,2,2,True,validated,0
98446956-a909-4c16-a0d2-d5126feb61d7,prca16,likert5,1,5,True,validated,1
98446956-a909-4c16-a0d2-d5126feb61d7,prca17,likert5,1,5,True,validated,1
98446956-a909-4c16-a0d2-d5126feb61d7,prca18,likert5,2,2,True,validated,0
0716415f-8837-4f94-a5b3-78e4f760a051,prca01,likert5,1,1,True,validated,0
0716415f-8837-4f94-a5b3-78e4f760a051,prca02,likert5,4,2,True,validated,1
0716415f-8837-4f94-a5b3-78e4f760a051,prca03,likert5,1,1,True,validated,0
0716415f-8837-4f94-a5b3-78e4f760a051,prca04,likert5,1,5,True,validated,1
0716415f-8837-4f94-a5b3-78e4f760a051,prca05,likert5,1,1,True,validated,0
0716415f-8837-4f94-a5b3-78e4f760a051,prca06,likert5,1,5,True,validated,1
0716415f-8837-4f94-a5b3-78e4f760a051,prca13,likert5,1,1,True,validated,0
0716415f-8837-4f94-a5b3-78e4f760a051,prca14,likert5,1,5,True,validated,1
0716415f-8837-4f94-a5b3-78e4f760a051,prca15,likert5,2,2,True,validated,0
0716415f-8837-4f94-a5b3-78e4f760a051,prca16,likert5,2,4,True,validated,1
0716415f-8837-4f94-a5b3-78e4f760a051,prca17,likert5,1,5,True,validated,1
0716415f-8837-4f94-a5b3-78e4f760a051,prca18,likert5,4,4,True,validated,0
7312f949-7f5f-400f-b169-64d1bb987207,prca01,likert5,1,1,True,validated,0
7312f949-7f5f-400f-b169-64d1bb987207,prca02,likert5,2,4,True,validated,1
7312f949-7f5f-400f-b169-64d1bb987207,prca03,likert5,4,4,True,validated,0
7312f949-7f5f-400f-b169-64d1bb987207,prca04,likert5,1,5,True,validated,1
7312f949-7f5f-400f-b169-64d1bb987207,prca05,likert5,4,4,True,validated,0
7312f949-7f5f-400f-b169-64d1bb987207,prca06,likert5,1,5,True,validated,1
7312f949-7f5f-400f-b169-64d1bb987207,prca13,likert5,1,1,True,validated,0
7312f949-7f5f-400f-b169-64d1bb987207,prca14,likert5,1,5,True,validated,1
7312f949-7f5f-400f-b169-64d1bb987207,prca15,likert5,2,2,True,validated,0
7312f949-7f5f-400f-b169-64d1bb987207,prca16,likert5,4,2,True,validated,1
7312f949-7f5f-400f-b169-64d1bb987207,prca17,likert5,4,2,True,validated,1
7312f949-7f5f-400f-b169-64d1bb987207,prca18,likert5,1,1,True,validated,0
3ffd8e0b-0d16-4acd-8c4b-380ffc0ddeb9,prca01,likert5,1,1,True,validated,0
3ffd8e0b-0d16-4acd-8c4b-380ffc0ddeb9,prca02,likert5,4,2,True,validated,1
3ffd8e0b-0d16-4acd-8c4b-380ffc0ddeb9,prca03,likert5,2,2,True,validated,0
3ffd8e0b-0d16-4acd-8c4b-380ffc0ddeb9,prca04,likert5,1,5,True,validated,1
3ffd8e0b-0d16-4acd-8c4b-380ffc0ddeb9,prca05,likert5,1,1,True,validated,0
3ffd8e0b-0d16-4acd-8c4b-380ffc0ddeb9,prca06,likert5,1,5,True,validated,1
3ffd8e0b-0d16-4acd-8c4b-380ffc0ddeb9,prca13,likert5,2,2,True,validated,0
3ffd8e0b-0d16-4acd-8c4b-380ffc0ddeb9,prca14,likert5,1,5,True,validated,1
3ffd8e0b-0d16-4acd-8c4b-380ffc0ddeb9,prca15,likert5,1,1,True,validated,0
3ffd8e0b-0d16-4acd-8c4b-380ffc0ddeb9,prca16,likert5,4,2,True,validated,1
3ffd8e0b-0d16-4acd-8c4b-380ffc0ddeb9,prca17,likert5,1,5,True,validated,1
3ffd8e0b-0d16-4acd-8c4b-380ffc0ddeb9,prca18,likert5,4,4,True,validated,0
40f7ad92-33aa-45ad-b262-8acf0e8d0931,prca01,likert5,1,1,True,validated,0
40f7ad92-33aa-45ad-b262-8acf0e8d0931,prca02,likert5,4,2,True,validated,1
40f7ad92-33aa-45ad-b262-8acf0e8d0931,prca03,likert5,4,4,True,validated,0
40f7ad92-33aa-45ad-b262-8acf0e8d0931,prca04,likert5,4,2,True,validated,1
40f7ad92-33aa-45ad-b262-8acf0e8d0931,prca05,likert5,1,1,True,validated,0
40f7ad92-33aa-45ad-b262-8acf0e8d0931,prca06,likert5,1,5,True,validated,1
40f7ad92-33aa-45ad-b262-8acf0e8d0931,prca13,likert5,2,2,True,validated,0
40f7ad92-33aa-45ad-b262-8acf0e8d0931,prca14,likert5,2,4,True,validated,1
40f7ad92-33aa-45ad-b262-8acf0e8d0931,prca15,likert5,4,4,True,validated,0
40f7ad92-33aa-45ad-b262-8acf0e8d0931,prca16,likert5,1,5,True,validated,1
40f7ad92-33aa-45ad-b262-8acf0e8d0931,prca17,likert5,1,5,True,validated,1
40f7ad92-33aa-45ad-b262-8acf0e8d0931,prca18,likert5,4,4,True,validated,0
