resid,question_id,scale,original_response,final_response,validated,action_taken,reverse_coded
7e990ecf-2d4b-4883-a5df-38ae8ff10fa8,prca01,likert5,1,1,True,validated,0
7e990ecf-2d4b-4883-a5df-38ae8ff10fa8,prca02,likert5,1,5,True,validated,1
7e990ecf-2d4b-4883-a5df-38ae8ff10fa8,prca03,likert5,1,1,True,validated,0
7e990ecf-2d4b-4883-a5df-38ae8ff10fa8,prca04,likert5,1,5,True,validated,1
7e990ecf-2d4b-4883-a5df-38ae8ff10fa8,prca05,likert5,1,1,True,validated,0
7e990ecf-2d4b-4883-a5df-38ae8ff10fa8,prca06,likert5,1,5,True,validated,1
7e990ecf-2d4b-4883-a5df-38ae8ff10fa8,prca13,likert5,1,1,True,validated,0
7e990ecf-2d4b-4883-a5df-38ae8ff10fa8,prca14,likert5,1,5,True,validated,1
7e990ecf-2d4b-4883-a5df-38ae8ff10fa8,prca15,likert5,1,1,True,validated,0
7e990ecf-2d4b-4883-a5df-38ae8ff10fa8,prca16,likert5,1,5,True,validated,1
7e990ecf-2d4b-4883-a5df-38ae8ff10fa8,prca17,likert5,1,5,True,validated,1
7e990ecf-2d4b-4883-a5df-38ae8ff10fa8,prca18,likert5,1,1,True,validated,0
c36c5e19-978c-4776-91d5-620fb46934fa,prca01,likert5,1,1,True,validated,0
c36c5e19-978c-4776-91d5-620fb46934fa,prca02,likert5,1,5,True,validated,1
c36c5e19-978c-4776-91d5-620fb46934fa,prca03,likert5,1,1,True,validated,0
c36c5e19-978c-4776-91d5-620fb46934fa,prca04,likert5,1,5,True,validated,1
c36c5e19-978c-4776-91d5-620fb46934fa,prca05,likert5,1,1,True,validated,0
c36c5e19-978c-4776-91d5-620fb46934fa,prca06,likert5,1,5,True,validated,1
c36c5e19-978c-4776-91d5-620fb46934fa,prca13,likert5,1,1,True,validated,0
c36c5e19-978c-4776-91d5-620fb46934fa,prca14,likert5,1,5,True,validated,1
c36c5e19-978c-4776-91d5-620fb46934fa,prca15,likert5,1,1,True,validated,0
c36c5e19-978c-4776-91d5-620fb46934fa,prca16,likert5,1,5,True,validated,1
c36c5e19-978c-4776-91d5-620fb46934fa,prca17,likert5,1,5,True,validated,1
c36c5e19-978c-4776-91d5-620fb46934fa,prca18,likert5,1,1,True,validated,0
e0b87d2d-d9c5-4728-8b01-2375fa5d7c53,prca01,likert5,1,1,True,validated,0
e0b87d2d-d9c5-4728-8b01-2375fa5d7c53,prca02,likert5,1,5,True,validated,1
e0b87d2d-d9c5-4728-8b01-2375fa5d7c53,prca03,likert5,1,1,True,validated,0
e0b87d2d-d9c5-4728-8b01-2375fa5d7c53,prca04,likert5,1,5,True,validated,1
e0b87d2d-d9c5-4728-8b01-2375fa5d7c53,prca05,likert5,1,1,True,validated,0
e0b87d2d-d9c5-4728-8b01-2375fa5d7c53,prca06,likert5,1,5,True,validated,1
e0b87d2d-d9c5-4728-8b01-2375fa5d7c53,prca13,likert5,1,1,True,validated,0
e0b87d2d-d9c5-4728-8b01-2375fa5d7c53,prca14,likert5,1,5,True,validated,1
e0b87d2d-d9c5-4728-8b01-2375fa5d7c53,prca15,likert5,1,1,True,validated,0
e0b87d2d-d9c5-4728-8b01-2375fa5d7c53,prca16,likert5,1,5,True,validated,1
e0b87d2d-d9c5-4728-8b01-2375fa5d7c53,prca17,likert5,1,5,True,validated,1
e0b87d2d-d9c5-4728-8b01-2375fa5d7c53,prca18,likert5,1,1,True,validated,0
649e0356-f0e6-4ea8-933e-c5c18f4f836a,prca01,likert5,1,1,True,validated,0
649e0356-f0e6-4ea8-933e-c5c18f4f836a,prca02,likert5,1,5,True,validated,1
649e0356-f0e6-4ea8-933e-c5c18f4f836a,prca03,likert5,1,1,True,validated,0
649e0356-f0e6-4ea8-933e-c5c18f4f836a,prca04,likert5,1,5,True,validated,1
649e0356-f0e6-4ea8-933e-c5c18f4f836a,prca05,likert5,1,1,True,validated,0
649e0356-f0e6-4ea8-933e-c5c18f4f836a,prca06,likert5,1,5,True,validated,1
649e0356-f0e6-4ea8-933e-c5c18f4f836a,prca13,likert5,1,1,True,validated,0
649e0356-f0e6-4ea8-933e-c5c18f4f836a,prca14,likert5,1,5,True,validated,1
649e0356-f0e6-4ea8-933e-c5c18f4f836a,prca15,likert5,1,1,True,validated,0
649e0356-f0e6-4ea8-933e-c5c18f4f836a,prca16,likert5,1,5,True,validated,1
649e0356-f0e6-4ea8-933e-c5c18f4f836a,prca17,likert5,1,5,True,validated,1
649e0356-f0e6-4ea8-933e-c5c18f4f836a,prca18,likert5,1,1,True,validated,0
34495eb0-ef04-45d5-a36a-3242c45b4fb8,prca01,likert5,1,1,True,validated,0
34495eb0-ef04-45d5-a36a-3242c45b4fb8,prca02,likert5,1,5,True,validated,1
34495eb0-ef04-45d5-a36a-3242c45b4fb8,prca03,likert5,1,1,True,validated,0
34495eb0-ef04-45d5-a36a-3242c45b4fb8,prca04,likert5,1,5,True,validated,1
34495eb0-ef04-45d5-a36a-3242c45b4fb8,prca05,likert5,1,1,True,validated,0
34495eb0-ef04-45d5-a36a-3242c45b4fb8,prca06,likert5,1,5,True,validated,1
34495eb0-ef04-45d5-a36a-3242c45b4fb8,prca13,likert5,1,1,True,validated,0
34495eb0-ef04-45d5-a36a-3242c45b4fb8,prca14,likert5,1,5,True,validated,1
34495eb0-ef04-45d5-a36a-3242c45b4fb8,prca15,likert5,1,1,True,validated,0
34495eb0-ef04-45d5-a36a-3242c45b4fb8,prca16,likert5,1,5,True,validated,1
34495eb0-ef04-45d5-a36a-3242c45b4fb8,prca17,likert5,1,5,True,validated,1
34495eb0-ef04-45d5-a36a-3242c45b4fb8,prca18,likert5,1,1,True,validated,0
5a9a2625-2309-4f57-95e9-a758c66e4c12,prca01,likert5,1,1,True,validated,0
5a9a2625-2309-4f57-95e9-a758c66e4c12,prca02,likert5,1,5,True,validated,1
5a9a2625-2309-4f57-95e9-a758c66e4c12,prca03,likert5,1,1,True,validated,0
5a9a2625-2309-4f57-95e9-a758c66e4c12,prca04,likert5,1,5,True,validated,1
5a9a2625-2309-4f57-95e9-a758c66e4c12,prca05,likert5,1,1,True,validated,0
5a9a2625-2309-4f57-95e9-a758c66e4c12,prca06,likert5,1,5,True,validated,1
5a9a2625-2309-4f57-95e9-a758c66e4c12,prca13,likert5,1,1,True,validated,0
5a9a2625-2309-4f57-95e9-a758c66e4c12,prca14,likert5,1,5,True,validated,1
5a9a2625-2309-4f57-95e9-a758c66e4c12,prca15,likert5,1,1,True,validated,0
5a9a2625-2309-4f57-95e9-a758c66e4c12,prca16,likert5,1,5,True,validated,1
5a9a2625-2309-4f57-95e9-a758c66e4c12,prca17,likert5,1,5,True,validated,1
5a9a2625-2309-4f57-95e9-a758c66e4c12,prca18,likert5,1,1,True,validated,0
925db20d-016d-4340-9954-d18f75a10be3,prca01,likert5,1,1,True,validated,0
925db20d-016d-4340-9954-d18f75a10be3,prca02,likert5,1,5,True,validated,1
925db20d-016d-4340-9954-d18f75a10be3,prca03,likert5,1,1,True,validated,0
925db20d-016d-4340-9954-d18f75a10be3,prca04,likert5,1,5,True,validated,1
925db20d-016d-4340-9954-d18f75a10be3,prca05,likert5,1,1,True,validated,0
925db20d-016d-4340-9954-d18f75a10be3,prca06,likert5,1,5,True,validated,1
925db20d-016d-4340-9954-d18f75a10be3,prca13,likert5,1,1,True,validated,0
925db20d-016d-4340-9954-d18f75a10be3,prca14,likert5,1,5,True,validated,1
925db20d-016d-4340-9954-d18f75a10be3,prca15,likert5,1,1,True,validated,0
925db20d-016d-4340-9954-d18f75a10be3,prca16,likert5,1,5,True,validated,1
925db20d-016d-4340-9954-d18f75a10be3,prca17,likert5,1,5,True,validated,1
925db20d-016d-4340-9954-d18f75a10be3,prca18,likert5,1,1,True,validated,0
01b142e2-45b1-4f49-998b-aec0e32c3d8c,prca01,likert5,1,1,True,validated,0
01b142e2-45b1-4f49-998b-aec0e32c3d8c,prca02,likert5,1,5,True,validated,1
01b142e2-45b1-4f49-998b-aec0e32c3d8c,prca03,likert5,1,1,True,validated,0
01b142e2-45b1-4f49-998b-aec0e32c3d8c,prca04,likert5,1,5,True,validated,1
01b142e2-45b1-4f49-998b-aec0e32c3d8c,prca05,likert5,1,1,True,validated,0
01b142e2-45b1-4f49-998b-aec0e32c3d8c,prca06,likert5,1,5,True,validated,1
01b142e2-45b1-4f49-998b-aec0e32c3d8c,prca13,likert5,1,1,True,validated,0
01b142e2-45b1-4f49-998b-aec0e32c3d8c,prca14,likert5,1,5,True,validated,1
01b142e2-45b1-4f49-998b-aec0e32c3d8c,prca15,likert5,1,1,True,validated,0
01b142e2-45b1-4f49-998b-aec0e32c3d8c,prca16,likert5,1,5,True,validated,1
01b142e2-45b1-4f49-998b-aec0e32c3d8c,prca17,likert5,1,5,True,validated,1
01b142e2-45b1-4f49-998b-aec0e32c3d8c,prca18,likert5,1,1,True,validated,0
c0d97137-a31c-496c-8d73-219a465000db,prca01,likert5,1,1,True,validated,0
c0d97137-a31c-496c-8d73-219a465000db,prca02,likert5,1,5,True,validated,1
c0d97137-a31c-496c-8d73-219a465000db,prca03,likert5,1,1,True,validated,0
c0d97137-a31c-496c-8d73-219a465000db,prca04,likert5,1,5,True,validated,1
c0d97137-a31c-496c-8d73-219a465000db,prca05,likert5,1,1,True,validated,0
c0d97137-a31c-496c-8d73-219a465000db,prca06,likert5,1,5,True,validated,1
c0d97137-a31c-496c-8d73-219a465000db,prca13,likert5,1,1,True,validated,0
c0d97137-a31c-496c-8d73-219a465000db,prca14,likert5,1,5,True,validated,1
c0d97137-a31c-496c-8d73-219a465000db,prca15,likert5,1,1,True,validated,0
c0d97137-a31c-496c-8d73-219a465000db,prca16,likert5,1,5,True,validated,1
c0d97137-a31c-496c-8d73-219a465000db,prca17,likert5,1,5,True,validated,1
c0d97137-a31c-496c-8d73-219a465000db,prca18,likert5,1,1,True,validated,0
7caf4f01-242c-4b2d-b9b3-5fa7576b19bf,prca01,likert5,1,1,True,validated,0
7caf4f01-242c-4b2d-b9b3-5fa7576b19bf,prca02,likert5,1,5,True,validated,1
7caf4f01-242c-4b2d-b9b3-5fa7576b19bf,prca03,likert5,1,1,True,validated,0
7caf4f01-242c-4b2d-b9b3-5fa7576b19bf,prca04,likert5,1,5,True,validated,1
7caf4f01-242c-4b2d-b9b3-5fa7576b19bf,prca05,likert5,1,1,True,validated,0
7caf4f01-242c-4b2d-b9b3-5fa7576b19bf,prca06,likert5,1,5,True,validated,1
7caf4f01-242c-4b2d-b9b3-5fa7576b19bf,prca13,likert5,1,1,True,validated,0
7caf4f01-242c-4b2d-b9b3-5fa7576b19bf,prca14,likert5,1,5,True,validated,1
7caf4f01-242c-4b2d-b9b3-5fa7576b19bf,prca15,likert5,1,1,True,validated,0
7caf4f01-242c-4b2d-b9b3-5fa7576b19bf,prca16,likert5,1,5,True,validated,1
7caf4f01-242c-4b2d-b9b3-5fa7576b19bf,prca17,likert5,1,5,True,validated,1
7caf4f01-242c-4b2d-b9b3-5fa7576b19bf,prca18,likert5,1,1,True,validated,0
5053f7d0-fe36-44c0-91e7-bbaeb7adb79b,prca01,likert5,1,1,True,validated,0
5053f7d0-fe36-44c0-91e7-bbaeb7adb79b,prca02,likert5,1,5,True,validated,1
5053f7d0-fe36-44c0-91e7-bbaeb7adb79b,prca03,likert5,1,1,True,validated,0
5053f7d0-fe36-44c0-91e7-bbaeb7adb79b,prca04,likert5,1,5,True,validated,1
5053f7d0-fe36-44c0-91e7-bbaeb7adb79b,prca05,likert5,1,1,True,validated,0
5053f7d0-fe36-44c0-91e7-bbaeb7adb79b,prca06,likert5,1,5,True,validated,1
5053f7d0-fe36-44c0-91e7-bbaeb7adb79b,prca13,likert5,1,1,True,validated,0
5053f7d0-fe36-44c0-91e7-bbaeb7adb79b,prca14,likert5,1,5,True,validated,1
5053f7d0-fe36-44c0-91e7-bbaeb7adb79b,prca15,likert5,1,1,True,validated,0
5053f7d0-fe36-44c0-91e7-bbaeb7adb79b,prca16,likert5,1,5,True,validated,1
5053f7d0-fe36-44c0-91e7-bbaeb7adb79b,prca17,likert5,1,5,True,validated,1
5053f7d0-fe36-44c0-91e7-bbaeb7adb79b,prca18,likert5,1,1,True,validated,0
43968309-f5b1-43f8-a678-d14902ca720b,prca01,likert5,1,1,True,validated,0
43968309-f5b1-43f8-a678-d14902ca720b,prca02,likert5,1,5,True,validated,1
43968309-f5b1-43f8-a678-d14902ca720b,prca03,likert5,1,1,True,validated,0
43968309-f5b1-43f8-a678-d14902ca720b,prca04,likert5,1,5,True,validated,1
43968309-f5b1-43f8-a678-d14902ca720b,prca05,likert5,1,1,True,validated,0
43968309-f5b1-43f8-a678-d14902ca720b,prca06,likert5,1,5,True,validated,1
43968309-f5b1-43f8-a678-d14902ca720b,prca13,likert5,1,1,True,validated,0
43968309-f5b1-43f8-a678-d14902ca720b,prca14,likert5,1,5,True,validated,1
43968309-f5b1-43f8-a678-d14902ca720b,prca15,likert5,1,1,True,validated,0
43968309-f5b1-43f8-a678-d14902ca720b,prca16,likert5,1,5,True,validated,1
43968309-f5b1-43f8-a678-d14902ca720b,prca17,likert5,1,5,True,validated,1
43968309-f5b1-43f8-a678-d14902ca720b,prca18,likert5,1,1,True,validated,0
6cddecf2-346d-46b7-a197-760c8a8eabe2,prca01,likert5,1,1,True,validated,0
6cddecf2-346d-46b7-a197-760c8a8eabe2,prca02,likert5,1,5,True,validated,1
6cddecf2-346d-46b7-a197-760c8a8eabe2,prca03,likert5,1,1,True,validated,0
6cddecf2-346d-46b7-a197-760c8a8eabe2,prca04,likert5,1,5,True,validated,1
6cddecf2-346d-46b7-a197-760c8a8eabe2,prca05,likert5,1,1,True,validated,0
6cddecf2-346d-46b7-a197-760c8a8eabe2,prca06,likert5,1,5,True,validated,1
6cddecf2-346d-46b7-a197-760c8a8eabe2,prca13,likert5,1,1,True,validated,0
6cddecf2-346d-46b7-a197-760c8a8eabe2,prca14,likert5,1,5,True,validated,1
6cddecf2-346d-46b7-a197-760c8a8eabe2,prca15,likert5,1,1,True,validated,0
6cddecf2-346d-46b7-a197-760c8a8eabe2,prca16,likert5,1,5,True,validated,1
6cddecf2-346d-46b7-a197-760c8a8eabe2,prca17,likert5,1,5,True,validated,1
6cddecf2-346d-46b7-a197-760c8a8eabe2,prca18,likert5,1,1,True,validated,0
0d8c2eae-36d4-4272-9d60-630b2cd3313b,prca01,likert5,1,1,True,validated,0
0d8c2eae-36d4-4272-9d60-630b2cd3313b,prca02,likert5,1,5,True,validated,1
0d8c2eae-36d4-4272-9d60-630b2cd3313b,prca03,likert5,1,1,True,validated,0
0d8c2eae-36d4-4272-9d60-630b2cd3313b,prca04,likert5,1,5,True,validated,1
0d8c2eae-36d4-4272-9d60-630b2cd3313b,prca05,likert5,1,1,True,validated,0
0d8c2eae-36d4-4272-9d60-630b2cd3313b,prca06,likert5,1,5,True,validated,1
0d8c2eae-36d4-4272-9d60-630b2cd3313b,prca13,likert5,1,1,True,validated,0
0d8c2eae-36d4-4272-9d60-630b2cd3313b,prca14,likert5,1,5,True,validated,1
0d8c2eae-36d4-4272-9d60-630b2cd3313b,prca15,likert5,1,1,True,validated,0
0d8c2eae-36d4-4272-9d60-630b2cd3313b,prca16,likert5,1,5,True,validated,1
0d8c2eae-36d4-4272-9d60-630b2cd3313b,prca17,likert5,1,5,True,validated,1
0d8c2eae-36d4-4272-9d60-630b2cd3313b,prca18,likert5,1,1,True,validated,0
74b28a8f-cbc0-43c5-8fc5-c0bf92ba4d08,prca01,likert5,1,1,True,validated,0
74b28a8f-cbc0-43c5-8fc5-c0bf92ba4d08,prca02,likert5,1,5,True,validated,1
74b28a8f-cbc0-43c5-8fc5-c0bf92ba4d08,prca03,likert5,1,1,True,validated,0
74b28a8f-cbc0-43c5-8fc5-c0bf92ba4d08,prca04,likert5,1,5,True,validated,1
74b28a8f-cbc0-43c5-8fc5-c0bf92ba4d08,prca05,likert5,1,1,True,validated,0
74b28a8f-cbc0-43c5-8fc5-c0bf92ba4d08,prca06,likert5,1,5,True,validated,1
74b28a8f-cbc0-43c5-8fc5-c0bf92ba4d08,prca13,likert5,1,1,True,validated,0
74b28a8f-cbc0-43c5-8fc5-c0bf92ba4d08,prca14,likert5,1,5,True,validated,1
74b28a8f-cbc0-43c5-8fc5-c0bf92ba4d08,prca15,likert5,1,1,True,validated,0
74b28a8f-cbc0-43c5-8fc5-c0bf92ba4d08,prca16,likert5,1,5,True,validated,1
74b28a8f-cbc0-43c5-8fc5-c0bf92ba4d08,prca17,likert5,1,5,True,validated,1
74b28a8f-cbc0-43c5-8fc5-c0bf92ba4d08,prca18,likert5,1,1,True,validated,0
34cfba29-33e2-4d28-8fe6-49c4c223243f,prca01,likert5,1,1,True,validated,0
34cfba29-33e2-4d28-8fe6-49c4c223243f,prca02,likert5,1,5,True,validated,1
34cfba29-33e2-4d28-8fe6-49c4c223243f,prca03,likert5,1,1,True,validated,0
34cfba29-33e2-4d28-8fe6-49c4c223243f,prca04,likert5,1,5,True,validated,1
34cfba29-33e2-4d28-8fe6-49c4c223243f,prca05,likert5,1,1,True,validated,0
34cfba29-33e2-4d28-8fe6-49c4c223243f,prca06,likert5,1,5,True,validated,1
34cfba29-33e2-4d28-8fe6-49c4c223243f,prca13,likert5,1,1,True,validated,0
34cfba29-33e2-4d28-8fe6-49c4c223243f,prca14,likert5,1,5,True,validated,1
34cfba29-33e2-4d28-8fe6-49c4c223243f,prca15,likert5,1,1,True,validated,0
34cfba29-33e2-4d28-8fe6-49c4c223243f,prca16,likert5,1,5,True,validated,1
34cfba29-33e2-4d28-8fe6-49c4c223243f,prca17,likert5,1,5,True,validated,1
34cfba29-33e2-4d28-8fe6-49c4c223243f,prca18,likert5,1,1,True,validated,0
e77d3dfa-a049-4b5f-861e-e40a0525523b,prca01,likert5,1,1,True,validated,0
e77d3dfa-a049-4b5f-861e-e40a0525523b,prca02,likert5,1,5,True,validated,1
e77d3dfa-a049-4b5f-861e-e40a0525523b,prca03,likert5,1,1,True,validated,0
e77d3dfa-a049-4b5f-861e-e40a0525523b,prca04,likert5,1,5,True,validated,1
e77d3dfa-a049-4b5f-861e-e40a0525523b,prca05,likert5,1,1,True,validated,0
e77d3dfa-a049-4b5f-861e-e40a0525523b,prca06,likert5,1,5,True,validated,1
e77d3dfa-a049-4b5f-861e-e40a0525523b,prca13,likert5,1,1,True,validated,0
e77d3dfa-a049-4b5f-861e-e40a0525523b,prca14,likert5,1,5,True,validated,1
e77d3dfa-a049-4b5f-861e-e40a0525523b,prca15,likert5,1,1,True,validated,0
e77d3dfa-a049-4b5f-861e-e40a0525523b,prca16,likert5,1,5,True,validated,1
e77d3dfa-a049-4b5f-861e-e40a0525523b,prca17,likert5,1,5,True,validated,1
e77d3dfa-a049-4b5f-861e-e40a0525523b,prca18,likert5,1,1,True,validated,0
40140dcf-6b8d-4813-9290-cc5e0d1a4d42,prca01,likert5,1,1,True,validated,0
40140dcf-6b8d-4813-9290-cc5e0d1a4d42,prca02,likert5,1,5,True,validated,1
40140dcf-6b8d-4813-9290-cc5e0d1a4d42,prca03,likert5,1,1,True,validated,0
40140dcf-6b8d-4813-9290-cc5e0d1a4d42,prca04,likert5,1,5,True,validated,1
40140dcf-6b8d-4813-9290-cc5e0d1a4d42,prca05,likert5,1,1,True,validated,0
40140dcf-6b8d-4813-9290-cc5e0d1a4d42,prca06,likert5,1,5,True,validated,1
40140dcf-6b8d-4813-9290-cc5e0d1a4d42,prca13,likert5,1,1,True,validated,0
40140dcf-6b8d-4813-9290-cc5e0d1a4d42,prca14,likert5,1,5,True,validated,1
40140dcf-6b8d-4813-9290-cc5e0d1a4d42,prca15,likert5,1,1,True,validated,0
40140dcf-6b8d-4813-9290-cc5e0d1a4d42,prca16,likert5,1,5,True,validated,1
40140dcf-6b8d-4813-9290-cc5e0d1a4d42,prca17,likert5,1,5,True,validated,1
40140dcf-6b8d-4813-9290-cc5e0d1a4d42,prca18,likert5,1,1,True,validated,0
0246333a-9e19-404a-8caf-0169915ab3a1,prca01,likert5,1,1,True,validated,0
0246333a-9e19-404a-8caf-0169915ab3a1,prca02,likert5,1,5,True,validated,1
0246333a-9e19-404a-8caf-0169915ab3a1,prca03,likert5,1,1,True,validated,0
0246333a-9e19-404a-8caf-0169915ab3a1,prca04,likert5,1,5,True,validated,1
0246333a-9e19-404a-8caf-0169915ab3a1,prca05,likert5,1,1,True,validated,0
0246333a-9e19-404a-8caf-0169915ab3a1,prca06,likert5,1,5,True,validated,1
0246333a-9e19-404a-8caf-0169915ab3a1,prca13,likert5,1,1,True,validated,0
0246333a-9e19-404a-8caf-0169915ab3a1,prca14,likert5,1,5,True,validated,1
0246333a-9e19-404a-8caf-0169915ab3a1,prca15,likert5,1,1,True,validated,0
0246333a-9e19-404a-8caf-0169915ab3a1,prca16,likert5,1,5,True,validated,1
0246333a-9e19-404a-8caf-0169915ab3a1,prca17,likert5,1,5,True,validated,1
0246333a-9e19-404a-8caf-0169915ab3a1,prca18,likert5,1,1,True,validated,0
e30298e0-d99d-4a9b-be36-568d641a4937,prca01,likert5,1,1,True,validated,0
e30298e0-d99d-4a9b-be36-568d641a4937,prca02,likert5,1,5,True,validated,1
e30298e0-d99d-4a9b-be36-568d641a4937,prca03,likert5,1,1,True,validated,0
e30298e0-d99d-4a9b-be36-568d641a4937,prca04,likert5,1,5,True,validated,1
e30298e0-d99d-4a9b-be36-568d641a4937,prca05,likert5,1,1,True,validated,0
e30298e0-d99d-4a9b-be36-568d641a4937,prca06,likert5,1,5,True,validated,1
e30298e0-d99d-4a9b-be36-568d641a4937,prca13,likert5,1,1,True,validated,0
e30298e0-d99d-4a9b-be36-568d641a4937,prca14,likert5,1,5,True,validated,1
e30298e0-d99d-4a9b-be36-568d641a4937,prca15,likert5,1,1,True,validated,0
e30298e0-d99d-4a9b-be36-568d641a4937,prca16,likert5,1,5,True,validated,1
e30298e0-d99d-4a9b-be36-568d641a4937,prca17,likert5,1,5,True,validated,1
e30298e0-d99d-4a9b-be36-568d641a4937,prca18,likert5,1,1,True,validated,0
9a27f748-bf5b-4c4e-b0e9-e4b510e13d47,prca01,likert5,1,1,True,validated,0
9a27f748-bf5b-4c4e-b0e9-e4b510e13d47,prca02,likert5,1,5,True,validated,1
9a27f748-bf5b-4c4e-b0e9-e4b510e13d47,prca03,likert5,1,1,True,validated,0
9a27f748-bf5b-4c4e-b0e9-e4b510e13d47,prca04,likert5,1,5,True,validated,1
9a27f748-bf5b-4c4e-b0e9-e4b510e13d47,prca05,likert5,1,1,True,validated,0
9a27f748-bf5b-4c4e-b0e9-e4b510e13d47,prca06,likert5,1,5,True,validated,1
9a27f748-bf5b-4c4e-b0e9-e4b510e13d47,prca13,likert5,1,1,True,validated,0
9a27f748-bf5b-4c4e-b0e9-e4b510e13d47,prca14,likert5,1,5,True,validated,1
9a27f748-bf5b-4c4e-b0e9-e4b510e13d47,prca15,likert5,1,1,True,validated,0
9a27f748-bf5b-4c4e-b0e9-e4b510e13d47,prca16,likert5,1,5,True,validated,1
9a27f748-bf5b-4c4e-b0e9-e4b510e13d47,prca17,likert5,1,5,True,validated,1
9a27f748-bf5b-4c4e-b0e9-e4b510e13d47,prca18,likert5,1,1,True,validated,0
65e71c95-1e6a-4190-abe7-8c8fd541fef4,prca01,likert5,1,1,True,validated,0
65e71c95-1e6a-4190-abe7-8c8fd541fef4,prca02,likert5,1,5,True,validated,1
65e71c95-1e6a-4190-abe7-8c8fd541fef4,prca03,likert5,1,1,True,validated,0
65e71c95-1e6a-4190-abe7-8c8fd541fef4,prca04,likert5,1,5,True,validated,1
65e71c95-1e6a-4190-abe7-8c8fd541fef4,prca05,likert5,1,1,True,validated,0
65e71c95-1e6a-4190-abe7-8c8fd541fef4,prca06,likert5,1,5,True,validated,1
65e71c95-1e6a-4190-abe7-8c8fd541fef4,prca13,likert5,1,1,True,validated,0
65e71c95-1e6a-4190-abe7-8c8fd541fef4,prca14,likert5,1,5,True,validated,1
65e71c95-1e6a-4190-abe7-8c8fd541fef4,prca15,likert5,1,1,True,validated,0
65e71c95-1e6a-4190-abe7-8c8fd541fef4,prca16,likert5,1,5,True,validated,1
65e71c95-1e6a-4190-abe7-8c8fd541fef4,prca17,likert5,1,5,True,validated,1
65e71c95-1e6a-4190-abe7-8c8fd541fef4,prca18,likert5,1,1,True,validated,0
bb518b23-8940-4ca6-924e-4aa4acf93d61,prca01,likert5,1,1,True,validated,0
bb518b23-8940-4ca6-924e-4aa4acf93d61,prca02,likert5,1,5,True,validated,1
bb518b23-8940-4ca6-924e-4aa4acf93d61,prca03,likert5,1,1,True,validated,0
bb518b23-8940-4ca6-924e-4aa4acf93d61,prca04,likert5,1,5,True,validated,1
bb518b23-8940-4ca6-924e-4aa4acf93d61,prca05,likert5,1,1,True,validated,0
bb518b23-8940-4ca6-924e-4aa4acf93d61,prca06,likert5,1,5,True,validated,1
bb518b23-8940-4ca6-924e-4aa4acf93d61,prca13,likert5,1,1,True,validated,0
bb518b23-8940-4ca6-924e-4aa4acf93d61,prca14,likert5,1,5,True,validated,1
bb518b23-8940-4ca6-924e-4aa4acf93d61,prca15,likert5,1,1,True,validated,0
bb518b23-8940-4ca6-924e-4aa4acf93d61,prca16,likert5,1,5,True,validated,1
bb518b23-8940-4ca6-924e-4aa4acf93d61,prca17,likert5,1,5,True,validated,1
bb518b23-8940-4ca6-924e-4aa4acf93d61,prca18,likert5,1,1,True,validated,0
bf9b3580-75b1-461e-a028-698e6f6ff758,prca01,likert5,1,1,True,validated,0
bf9b3580-75b1-461e-a028-698e6f6ff758,prca02,likert5,1,5,True,validated,1
bf9b3580-75b1-461e-a028-698e6f6ff758,prca03,likert5,1,1,True,validated,0
bf9b3580-75b1-461e-a028-698e6f6ff758,prca04,likert5,1,5,True,validated,1
bf9b3580-75b1-461e-a028-698e6f6ff758,prca05,likert5,1,1,True,validated,0
bf9b3580-75b1-461e-a028-698e6f6ff758,prca06,likert5,1,5,True,validated,1
bf9b3580-75b1-461e-a028-698e6f6ff758,prca13,likert5,1,1,True,validated,0
bf9b3580-75b1-461e-a028-698e6f6ff758,prca14,likert5,1,5,True,validated,1
bf9b3580-75b1-461e-a028-698e6f6ff758,prca15,likert5,1,1,True,validated,0
bf9b3580-75b1-461e-a028-698e6f6ff758,prca16,likert5,1,5,True,validated,1
bf9b3580-75b1-461e-a028-698e6f6ff758,prca17,likert5,1,5,True,validated,1
bf9b3580-75b1-461e-a028-698e6f6ff758,prca18,likert5,1,1,True,validated,0
2ed0c93f-b77e-4591-9e90-a5cb81cf099a,prca01,likert5,1,1,True,validated,0
2ed0c93f-b77e-4591-9e90-a5cb81cf099a,prca02,likert5,1,5,True,validated,1
2ed0c93f-b77e-4591-9e90-a5cb81cf099a,prca03,likert5,1,1,True,validated,0
2ed0c93f-b77e-4591-9e90-a5cb81cf099a,prca04,likert5,1,5,True,validated,1
2ed0c93f-b77e-4591-9e90-a5cb81cf099a,prca05,likert5,1,1,True,validated,0
2ed0c93f-b77e-4591-9e90-a5cb81cf099a,prca06,likert5,1,5,True,validated,1
2ed0c93f-b77e-4591-9e90-a5cb81cf099a,prca13,likert5,1,1,True,validated,0
2ed0c93f-b77e-4591-9e90-a5cb81cf099a,prca14,likert5,1,5,True,validated,1
2ed0c93f-b77e-4591-9e90-a5cb81cf099a,prca15,likert5,1,1,True,validated,0
2ed0c93f-b77e-4591-9e90-a5cb81cf099a,prca16,likert5,1,5,True,validated,1
2ed0c93f-b77e-4591-9e90-a5cb81cf099a,prca17,likert5,1,5,True,validated,1
2ed0c93f-b77e-4591-9e90-a5cb81cf099a,prca18,likert5,1,1,True,validated,0
43ddb4a8-2a1e-4375-aab7-2017852113dc,prca01,likert5,1,1,True,validated,0
43ddb4a8-2a1e-4375-aab7-2017852113dc,prca02,likert5,1,5,True,validated,1
43ddb4a8-2a1e-4375-aab7-2017852113dc,prca03,likert5,1,1,True,validated,0
43ddb4a8-2a1e-4375-aab7-2017852113dc,prca04,likert5,1,5,True,validated,1
43ddb4a8-2a1e-4375-aab7-2017852113dc,prca05,likert5,1,1,True,validated,0
43ddb4a8-2a1e-4375-aab7-2017852113dc,prca06,likert5,1,5,True,validated,1
43ddb4a8-2a1e-4375-aab7-2017852113dc,prca13,likert5,1,1,True,validated,0
43ddb4a8-2a1e-4375-aab7-2017852113dc,prca14,likert5,1,5,True,validated,1
43ddb4a8-2a1e-4375-aab7-2017852113dc,prca15,likert5,1,1,True,validated,0
43ddb4a8-2a1e-4375-aab7-2017852113dc,prca16,likert5,1,5,True,validated,1
43ddb4a8-2a1e-4375-aab7-2017852113dc,prca17,likert5,1,5,True,validated,1
43ddb4a8-2a1e-4375-aab7-2017852113dc,prca18,likert5,1,1,True,validated,0
8a1944fb-889a-4ed0-8981-9f73c3bbf2a8,prca01,likert5,1,1,True,validated,0
8a1944fb-889a-4ed0-8981-9f73c3bbf2a8,prca02,likert5,1,5,True,validated,1
8a1944fb-889a-4ed0-8981-9f73c3bbf2a8,prca03,likert5,1,1,True,validated,0
8a1944fb-889a-4ed0-8981-9f73c3bbf2a8,prca04,likert5,1,5,True,validated,1
8a1944fb-889a-4ed0-8981-9f73c3bbf2a8,prca05,likert5,1,1,True,validated,0
8a1944fb-889a-4ed0-8981-9f73c3bbf2a8,prca06,likert5,1,5,True,validated,1
8a1944fb-889a-4ed0-8981-9f73c3bbf2a8,prca13,likert5,1,1,True,validated,0
8a1944fb-889a-4ed0-8981-9f73c3bbf2a8,prca14,likert5,1,5,True,validated,1
8a1944fb-889a-4ed0-8981-9f73c3bbf2a8,prca15,likert5,1,1,True,validated,0
8a1944fb-889a-4ed0-8981-9f73c3bbf2a8,prca16,likert5,1,5,True,validated,1
8a1944fb-889a-4ed0-8981-9f73c3bbf2a8,prca17,likert5,1,5,True,validated,1
8a1944fb-889a-4ed0-8981-9f73c3bbf2a8,prca18,likert5,1,1,True,validated,0
01bc5215-e756-4f67-865d-b7d34e323714,prca01,likert5,1,1,True,validated,0
01bc5215-e756-4f67-865d-b7d34e323714,prca02,likert5,1,5,True,validated,1
01bc5215-e756-4f67-865d-b7d34e323714,prca03,likert5,1,1,True,validated,0
01bc5215-e756-4f67-865d-b7d34e323714,prca04,likert5,1,5,True,validated,1
01bc5215-e756-4f67-865d-b7d34e323714,prca05,likert5,1,1,True,validated,0
01bc5215-e756-4f67-865d-b7d34e323714,prca06,likert5,1,5,True,validated,1
01bc5215-e756-4f67-865d-b7d34e323714,prca13,likert5,1,1,True,validated,0
01bc5215-e756-4f67-865d-b7d34e323714,prca14,likert5,1,5,True,validated,1
01bc5215-e756-4f67-865d-b7d34e323714,prca15,likert5,1,1,True,validated,0
01bc5215-e756-4f67-865d-b7d34e323714,prca16,likert5,1,5,True,validated,1
01bc5215-e756-4f67-865d-b7d34e323714,prca17,likert5,1,5,True,validated,1
01bc5215-e756-4f67-865d-b7d34e323714,prca18,likert5,1,1,True,validated,0
9563c37c-a271-4a3c-8f40-bb2d440430db,prca01,likert5,1,1,True,validated,0
9563c37c-a271-4a3c-8f40-bb2d440430db,prca02,likert5,1,5,True,validated,1
9563c37c-a271-4a3c-8f40-bb2d440430db,prca03,likert5,1,1,True,validated,0
9563c37c-a271-4a3c-8f40-bb2d440430db,prca04,likert5,1,5,True,validated,1
9563c37c-a271-4a3c-8f40-bb2d440430db,prca05,likert5,1,1,True,validated,0
9563c37c-a271-4a3c-8f40-bb2d440430db,prca06,likert5,1,5,True,validated,1
9563c37c-a271-4a3c-8f40-bb2d440430db,prca13,likert5,1,1,True,validated,0
9563c37c-a271-4a3c-8f40-bb2d440430db,prca14,likert5,1,5,True,validated,1
9563c37c-a271-4a3c-8f40-bb2d440430db,prca15,likert5,1,1,True,validated,0
9563c37c-a271-4a3c-8f40-bb2d440430db,prca16,likert5,1,5,True,validated,1
9563c37c-a271-4a3c-8f40-bb2d440430db,prca17,likert5,1,5,True,validated,1
9563c37c-a271-4a3c-8f40-bb2d440430db,prca18,likert5,1,1,True,validated,0
a5f32c49-e5c3-4978-b6b7-55c557bdd052,prca01,likert5,1,1,True,validated,0
a5f32c49-e5c3-4978-b6b7-55c557bdd052,prca02,likert5,1,5,True,validated,1
a5f32c49-e5c3-4978-b6b7-55c557bdd052,prca03,likert5,1,1,True,validated,0
a5f32c49-e5c3-4978-b6b7-55c557bdd052,prca04,likert5,1,5,True,validated,1
a5f32c49-e5c3-4978-b6b7-55c557bdd052,prca05,likert5,1,1,True,validated,0
a5f32c49-e5c3-4978-b6b7-55c557bdd052,prca06,likert5,1,5,True,validated,1
a5f32c49-e5c3-4978-b6b7-55c557bdd052,prca13,likert5,1,1,True,validated,0
a5f32c49-e5c3-4978-b6b7-55c557bdd052,prca14,likert5,1,5,True,validated,1
a5f32c49-e5c3-4978-b6b7-55c557bdd052,prca15,likert5,1,1,True,validated,0
a5f32c49-e5c3-4978-b6b7-55c557bdd052,prca16,likert5,1,5,True,validated,1
a5f32c49-e5c3-4978-b6b7-55c557bdd052,prca17,likert5,1,5,True,validated,1
a5f32c49-e5c3-4978-b6b7-55c557bdd052,prca18,likert5,1,1,True,validated,0
0caddedc-3ce4-4b8f-bddd-6ad7aa54bb3a,prca01,likert5,1,1,True,validated,0
0caddedc-3ce4-4b8f-bddd-6ad7aa54bb3a,prca02,likert5,1,5,True,validated,1
0caddedc-3ce4-4b8f-bddd-6ad7aa54bb3a,prca03,likert5,1,1,True,validated,0
0caddedc-3ce4-4b8f-bddd-6ad7aa54bb3a,prca04,likert5,4,2,True,validated,1
0caddedc-3ce4-4b8f-bddd-6ad7aa54bb3a,prca05,likert5,1,1,True,validated,0
0caddedc-3ce4-4b8f-bddd-6ad7aa54bb3a,prca06,likert5,1,5,True,validated,1
0caddedc-3ce4-4b8f-bddd-6ad7aa54bb3a,prca13,likert5,1,1,True,validated,0
0caddedc-3ce4-4b8f-bddd-6ad7aa54bb3a,prca14,likert5,1,5,True,validated,1
0caddedc-3ce4-4b8f-bddd-6ad7aa54bb3a,prca15,likert5,1,1,True,validated,0
0caddedc-3ce4-4b8f-bddd-6ad7aa54bb3a,prca16,likert5,1,5,True,validated,1
0caddedc-3ce4-4b8f-bddd-6ad7aa54bb3a,prca17,likert5,1,5,True,validated,1
0caddedc-3ce4-4b8f-bddd-6ad7aa54bb3a,prca18,likert5,1,1,True,validated,0
4989494e-62ed-4db4-ad22-82ae2b907ab3,prca01,likert5,1,1,True,validated,0
4989494e-62ed-4db4-ad22-82ae2b907ab3,prca02,likert5,1,5,True,validated,1
4989494e-62ed-4db4-ad22-82ae2b907ab3,prca03,likert5,1,1,True,validated,0
4989494e-62ed-4db4-ad22-82ae2b907ab3,prca04,likert5,1,5,True,validated,1
4989494e-62ed-4db4-ad22-82ae2b907ab3,prca05,likert5,1,1,True,validated,0
4989494e-62ed-4db4-ad22-82ae2b907ab3,prca06,likert5,1,5,True,validated,1
4989494e-62ed-4db4-ad22-82ae2b907ab3,prca13,likert5,1,1,True,validated,0
4989494e-62ed-4db4-ad22-82ae2b907ab3,prca14,likert5,1,5,True,validated,1
4989494e-62ed-4db4-ad22-82ae2b907ab3,prca15,likert5,1,1,True,validated,0
4989494e-62ed-4db4-ad22-82ae2b907ab3,prca16,likert5,1,5,True,validated,1
4989494e-62ed-4db4-ad22-82ae2b907ab3,prca17,likert5,1,5,True,validated,1
4989494e-62ed-4db4-ad22-82ae2b907ab3,prca18,likert5,1,1,True,validated,0
dfc104fe-b70e-4558-913e-e41dfc565bf4,prca01,likert5,1,1,True,validated,0
dfc104fe-b70e-4558-913e-e41dfc565bf4,prca02,likert5,1,5,True,validated,1
dfc104fe-b70e-4558-913e-e41dfc565bf4,prca03,likert5,1,1,True,validated,0
dfc104fe-b70e-4558-913e-e41dfc565bf4,prca04,likert5,1,5,True,validated,1
dfc104fe-b70e-4558-913e-e41dfc565bf4,prca05,likert5,1,1,True,validated,0
dfc104fe-b70e-4558-913e-e41dfc565bf4,prca06,likert5,1,5,True,validated,1
dfc104fe-b70e-4558-913e-e41dfc565bf4,prca13,likert5,1,1,True,validated,0
dfc104fe-b70e-4558-913e-e41dfc565bf4,prca14,likert5,1,5,True,validated,1
dfc104fe-b70e-4558-913e-e41dfc565bf4,prca15,likert5,1,1,True,validated,0
dfc104fe-b70e-4558-913e-e41dfc565bf4,prca16,likert5,1,5,True,validated,1
dfc104fe-b70e-4558-913e-e41dfc565bf4,prca17,likert5,1,5,True,validated,1
dfc104fe-b70e-4558-913e-e41dfc565bf4,prca18,likert5,1,1,True,validated,0
da487c11-a067-4626-8ddc-15796225278e,prca01,likert5,1,1,True,validated,0
da487c11-a067-4626-8ddc-15796225278e,prca02,likert5,1,5,True,validated,1
da487c11-a067-4626-8ddc-15796225278e,prca03,likert5,1,1,True,validated,0
da487c11-a067-4626-8ddc-15796225278e,prca04,likert5,1,5,True,validated,1
da487c11-a067-4626-8ddc-15796225278e,prca05,likert5,1,1,True,validated,0
da487c11-a067-4626-8ddc-15796225278e,prca06,likert5,1,5,True,validated,1
da487c11-a067-4626-8ddc-15796225278e,prca13,likert5,1,1,True,validated,0
da487c11-a067-4626-8ddc-15796225278e,prca14,likert5,1,5,True,validated,1
da487c11-a067-4626-8ddc-15796225278e,prca15,likert5,1,1,True,validated,0
da487c11-a067-4626-8ddc-15796225278e,prca16,likert5,1,5,True,validated,1
da487c11-a067-4626-8ddc-15796225278e,prca17,likert5,1,5,True,validated,1
da487c11-a067-4626-8ddc-15796225278e,prca18,likert5,1,1,True,validated,0
d871463d-2712-4c16-897f-a626f672778d,prca01,likert5,1,1,True,validated,0
d871463d-2712-4c16-897f-a626f672778d,prca02,likert5,1,5,True,validated,1
d871463d-2712-4c16-897f-a626f672778d,prca03,likert5,1,1,True,validated,0
d871463d-2712-4c16-897f-a626f672778d,prca04,likert5,1,5,True,validated,1
d871463d-2712-4c16-897f-a626f672778d,prca05,likert5,1,1,True,validated,0
d871463d-2712-4c16-897f-a626f672778d,prca06,likert5,1,5,True,validated,1
d871463d-2712-4c16-897f-a626f672778d,prca13,likert5,1,1,True,validated,0
d871463d-2712-4c16-897f-a626f672778d,prca14,likert5,1,5,True,validated,1
d871463d-2712-4c16-897f-a626f672778d,prca15,likert5,1,1,True,validated,0
d871463d-2712-4c16-897f-a626f672778d,prca16,likert5,1,5,True,validated,1
d871463d-2712-4c16-897f-a626f672778d,prca17,likert5,1,5,True,validated,1
d871463d-2712-4c16-897f-a626f672778d,prca18,likert5,1,1,True,validated,0
1df25ea9-fd21-41a4-b955-869aacbe8508,prca01,likert5,1,1,True,validated,0
1df25ea9-fd21-41a4-b955-869aacbe8508,prca02,likert5,1,5,True,validated,1
1df25ea9-fd21-41a4-b955-869aacbe8508,prca03,likert5,1,1,True,validated,0
1df25ea9-fd21-41a4-b955-869aacbe8508,prca04,likert5,1,5,True,validated,1
1df25ea9-fd21-41a4-b955-869aacbe8508,prca05,likert5,1,1,True,validated,0
1df25ea9-fd21-41a4-b955-869aacbe8508,prca06,likert5,1,5,True,validated,1
1df25ea9-fd21-41a4-b955-869aacbe8508,prca13,likert5,1,1,True,validated,0
1df25ea9-fd21-41a4-b955-869aacbe8508,prca14,likert5,1,5,True,validated,1
1df25ea9-fd21-41a4-b955-869aacbe8508,prca15,likert5,1,1,True,validated,0
1df25ea9-fd21-41a4-b955-869aacbe8508,prca16,likert5,1,5,True,validated,1
1df25ea9-fd21-41a4-b955-869aacbe8508,prca17,likert5,1,5,True,validated,1
1df25ea9-fd21-41a4-b955-869aacbe8508,prca18,likert5,1,1,True,validated,0
bdb69b4d-385a-4c0e-9f71-8a44c0fb1008,prca01,likert5,1,1,True,validated,0
bdb69b4d-385a-4c0e-9f71-8a44c0fb1008,prca02,likert5,1,5,True,validated,1
bdb69b4d-385a-4c0e-9f71-8a44c0fb1008,prca03,likert5,1,1,True,validated,0
bdb69b4d-385a-4c0e-9f71-8a44c0fb1008,prca04,likert5,1,5,True,validated,1
bdb69b4d-385a-4c0e-9f71-8a44c0fb1008,prca05,likert5,1,1,True,validated,0
bdb69b4d-385a-4c0e-9f71-8a44c0fb1008,prca06,likert5,1,5,True,validated,1
bdb69b4d-385a-4c0e-9f71-8a44c0fb1008,prca13,likert5,1,1,True,validated,0
bdb69b4d-385a-4c0e-9f71-8a44c0fb1008,prca14,likert5,1,5,True,validated,1
bdb69b4d-385a-4c0e-9f71-8a44c0fb1008,prca15,likert5,1,1,True,validated,0
bdb69b4d-385a-4c0e-9f71-8a44c0fb1008,prca16,likert5,1,5,True,validated,1
bdb69b4d-385a-4c0e-9f71-8a44c0fb1008,prca17,likert5,1,5,True,validated,1
bdb69b4d-385a-4c0e-9f71-8a44c0fb1008,prca18,likert5,1,1,True,validated,0
df2bdc24-3978-4778-a4e9-4cf3e5daaae8,prca01,likert5,1,1,True,validated,0
df2bdc24-3978-4778-a4e9-4cf3e5daaae8,prca02,likert5,1,5,True,validated,1
df2bdc24-3978-4778-a4e9-4cf3e5daaae8,prca03,likert5,1,1,True,validated,0
df2bdc24-3978-4778-a4e9-4cf3e5daaae8,prca04,likert5,1,5,True,validated,1
df2bdc24-3978-4778-a4e9-4cf3e5daaae8,prca05,likert5,1,1,True,validated,0
df2bdc24-3978-4778-a4e9-4cf3e5daaae8,prca06,likert5,1,5,True,validated,1
df2bdc24-3978-4778-a4e9-4cf3e5daaae8,prca13,likert5,1,1,True,validated,0
df2bdc24-3978-4778-a4e9-4cf3e5daaae8,prca14,likert5,1,5,True,validated,1
df2bdc24-3978-4778-a4e9-4cf3e5daaae8,prca15,likert5,1,1,True,validated,0
df2bdc24-3978-4778-a4e9-4cf3e5daaae8,prca16,likert5,1,5,True,validated,1
df2bdc24-3978-4778-a4e9-4cf3e5daaae8,prca17,likert5,1,5,True,validated,1
df2bdc24-3978-4778-a4e9-4cf3e5daaae8,prca18,likert5,1,1,True,validated,0
d1073e6d-3448-4a5d-8ce8-2de3a626f2f6,prca01,likert5,1,1,True,validated,0
d1073e6d-3448-4a5d-8ce8-2de3a626f2f6,prca02,likert5,1,5,True,validated,1
d1073e6d-3448-4a5d-8ce8-2de3a626f2f6,prca03,likert5,1,1,True,validated,0
d1073e6d-3448-4a5d-8ce8-2de3a626f2f6,prca04,likert5,1,5,True,validated,1
d1073e6d-3448-4a5d-8ce8-2de3a626f2f6,prca05,likert5,1,1,True,validated,0
d1073e6d-3448-4a5d-8ce8-2de3a626f2f6,prca06,likert5,1,5,True,validated,1
d1073e6d-3448-4a5d-8ce8-2de3a626f2f6,prca13,likert5,1,1,True,validated,0
d1073e6d-3448-4a5d-8ce8-2de3a626f2f6,prca14,likert5,1,5,True,validated,1
d1073e6d-3448-4a5d-8ce8-2de3a626f2f6,prca15,likert5,1,1,True,validated,0
d1073e6d-3448-4a5d-8ce8-2de3a626f2f6,prca16,likert5,1,5,True,validated,1
d1073e6d-3448-4a5d-8ce8-2de3a626f2f6,prca17,likert5,1,5,True,validated,1
d1073e6d-3448-4a5d-8ce8-2de3a626f2f6,prca18,likert5,1,1,True,validated,0
781b8a50-2833-4a44-a170-e8b5f9a375d9,prca01,likert5,1,1,True,validated,0
781b8a50-2833-4a44-a170-e8b5f9a375d9,prca02,likert5,1,5,True,validated,1
781b8a50-2833-4a44-a170-e8b5f9a375d9,prca03,likert5,1,1,True,validated,0
781b8a50-2833-4a44-a170-e8b5f9a375d9,prca04,likert5,1,5,True,validated,1
781b8a50-2833-4a44-a170-e8b5f9a375d9,prca05,likert5,1,1,True,validated,0
781b8a50-2833-4a44-a170-e8b5f9a375d9,prca06,likert5,1,5,True,validated,1
781b8a50-2833-4a44-a170-e8b5f9a375d9,prca13,likert5,1,1,True,validated,0
781b8a50-2833-4a44-a170-e8b5f9a375d9,prca14,likert5,1,5,True,validated,1
781b8a50-2833-4a44-a170-e8b5f9a375d9,prca15,likert5,1,1,True,validated,0
781b8a50-2833-4a44-a170-e8b5f9a375d9,prca16,likert5,1,5,True,validated,1
781b8a50-2833-4a44-a170-e8b5f9a375d9,prca17,likert5,1,5,True,validated,1
781b8a50-2833-4a44-a170-e8b5f9a375d9,prca18,likert5,1,1,True,validated,0
e05176d4-7190-42f4-9807-ca63f12ca8a5,prca01,likert5,1,1,True,validated,0
e05176d4-7190-42f4-9807-ca63f12ca8a5,prca02,likert5,1,5,True,validated,1
e05176d4-7190-42f4-9807-ca63f12ca8a5,prca03,likert5,1,1,True,validated,0
e05176d4-7190-42f4-9807-ca63f12ca8a5,prca04,likert5,1,5,True,validated,1
e05176d4-7190-42f4-9807-ca63f12ca8a5,prca05,likert5,1,1,True,validated,0
e05176d4-7190-42f4-9807-ca63f12ca8a5,prca06,likert5,1,5,True,validated,1
e05176d4-7190-42f4-9807-ca63f12ca8a5,prca13,likert5,1,1,True,validated,0
e05176d4-7190-42f4-9807-ca63f12ca8a5,prca14,likert5,1,5,True,validated,1
e05176d4-7190-42f4-9807-ca63f12ca8a5,prca15,likert5,1,1,True,validated,0
e05176d4-7190-42f4-9807-ca63f12ca8a5,prca16,likert5,1,5,True,validated,1
e05176d4-7190-42f4-9807-ca63f12ca8a5,prca17,likert5,1,5,True,validated,1
e05176d4-7190-42f4-9807-ca63f12ca8a5,prca18,likert5,1,1,True,validated,0
75e5fd20-4e6a-49a1-8939-29f9fc0f3654,prca01,likert5,1,1,True,validated,0
75e5fd20-4e6a-49a1-8939-29f9fc0f3654,prca02,likert5,1,5,True,validated,1
75e5fd20-4e6a-49a1-8939-29f9fc0f3654,prca03,likert5,1,1,True,validated,0
75e5fd20-4e6a-49a1-8939-29f9fc0f3654,prca04,likert5,1,5,True,validated,1
75e5fd20-4e6a-49a1-8939-29f9fc0f3654,prca05,likert5,1,1,True,validated,0
75e5fd20-4e6a-49a1-8939-29f9fc0f3654,prca06,likert5,1,5,True,validated,1
75e5fd20-4e6a-49a1-8939-29f9fc0f3654,prca13,likert5,1,1,True,validated,0
75e5fd20-4e6a-49a1-8939-29f9fc0f3654,prca14,likert5,1,5,True,validated,1
75e5fd20-4e6a-49a1-8939-29f9fc0f3654,prca15,likert5,1,1,True,validated,0
75e5fd20-4e6a-49a1-8939-29f9fc0f3654,prca16,likert5,1,5,True,validated,1
75e5fd20-4e6a-49a1-8939-29f9fc0f3654,prca17,likert5,1,5,True,validated,1
75e5fd20-4e6a-49a1-8939-29f9fc0f3654,prca18,likert5,1,1,True,validated,0
1589e866-1b9a-4fe2-8c08-4c0324b7da00,prca01,likert5,1,1,True,validated,0
1589e866-1b9a-4fe2-8c08-4c0324b7da00,prca02,likert5,1,5,True,validated,1
1589e866-1b9a-4fe2-8c08-4c0324b7da00,prca03,likert5,1,1,True,validated,0
1589e866-1b9a-4fe2-8c08-4c0324b7da00,prca04,likert5,1,5,True,validated,1
1589e866-1b9a-4fe2-8c08-4c0324b7da00,prca05,likert5,1,1,True,validated,0
1589e866-1b9a-4fe2-8c08-4c0324b7da00,prca06,likert5,1,5,True,validated,1
1589e866-1b9a-4fe2-8c08-4c0324b7da00,prca13,likert5,1,1,True,validated,0
1589e866-1b9a-4fe2-8c08-4c0324b7da00,prca14,likert5,1,5,True,validated,1
1589e866-1b9a-4fe2-8c08-4c0324b7da00,prca15,likert5,1,1,True,validated,0
1589e866-1b9a-4fe2-8c08-4c0324b7da00,prca16,likert5,1,5,True,validated,1
1589e866-1b9a-4fe2-8c08-4c0324b7da00,prca17,likert5,1,5,True,validated,1
1589e866-1b9a-4fe2-8c08-4c0324b7da00,prca18,likert5,1,1,True,validated,0
b86bcecc-0c49-442e-b2a2-6fac40b5242d,prca01,likert5,1,1,True,validated,0
b86bcecc-0c49-442e-b2a2-6fac40b5242d,prca02,likert5,1,5,True,validated,1
b86bcecc-0c49-442e-b2a2-6fac40b5242d,prca03,likert5,1,1,True,validated,0
b86bcecc-0c49-442e-b2a2-6fac40b5242d,prca04,likert5,1,5,True,validated,1
b86bcecc-0c49-442e-b2a2-6fac40b5242d,prca05,likert5,1,1,True,validated,0
b86bcecc-0c49-442e-b2a2-6fac40b5242d,prca06,likert5,1,5,True,validated,1
b86bcecc-0c49-442e-b2a2-6fac40b5242d,prca13,likert5,1,1,True,validated,0
b86bcecc-0c49-442e-b2a2-6fac40b5242d,prca14,likert5,1,5,True,validated,1
b86bcecc-0c49-442e-b2a2-6fac40b5242d,prca15,likert5,1,1,True,validated,0
b86bcecc-0c49-442e-b2a2-6fac40b5242d,prca16,likert5,1,5,True,validated,1
b86bcecc-0c49-442e-b2a2-6fac40b5242d,prca17,likert5,1,5,True,validated,1
b86bcecc-0c49-442e-b2a2-6fac40b5242d,prca18,likert5,1,1,True,validated,0
ebac86cc-bfb4-4e52-bade-44fd2dda9967,prca01,likert5,1,1,True,validated,0
ebac86cc-bfb4-4e52-bade-44fd2dda9967,prca02,likert5,1,5,True,validated,1
ebac86cc-bfb4-4e52-bade-44fd2dda9967,prca03,likert5,1,1,True,validated,0
ebac86cc-bfb4-4e52-bade-44fd2dda9967,prca04,likert5,1,5,True,validated,1
ebac86cc-bfb4-4e52-bade-44fd2dda9967,prca05,likert5,1,1,True,validated,0
ebac86cc-bfb4-4e52-bade-44fd2dda9967,prca06,likert5,1,5,True,validated,1
ebac86cc-bfb4-4e52-bade-44fd2dda9967,prca13,likert5,1,1,True,validated,0
ebac86cc-bfb4-4e52-bade-44fd2dda9967,prca14,likert5,1,5,True,validated,1
ebac86cc-bfb4-4e52-bade-44fd2dda9967,prca15,likert5,1,1,True,validated,0
ebac86cc-bfb4-4e52-bade-44fd2dda9967,prca16,likert5,1,5,True,validated,1
ebac86cc-bfb4-4e52-bade-44fd2dda9967,prca17,likert5,1,5,True,validated,1
ebac86cc-bfb4-4e52-bade-44fd2dda9967,prca18,likert5,1,1,True,validated,0
e66eedaa-6f55-48ab-ad22-2b568ca4d57e,prca01,likert5,1,1,True,validated,0
e66eedaa-6f55-48ab-ad22-2b568ca4d57e,prca02,likert5,1,5,True,validated,1
e66eedaa-6f55-48ab-ad22-2b568ca4d57e,prca03,likert5,1,1,True,validated,0
e66eedaa-6f55-48ab-ad22-2b568ca4d57e,prca04,likert5,1,5,True,validated,1
e66eedaa-6f55-48ab-ad22-2b568ca4d57e,prca05,likert5,1,1,True,validated,0
e66eedaa-6f55-48ab-ad22-2b568ca4d57e,prca06,likert5,1,5,True,validated,1
e66eedaa-6f55-48ab-ad22-2b568ca4d57e,prca13,likert5,1,1,True,validated,0
e66eedaa-6f55-48ab-ad22-2b568ca4d57e,prca14,likert5,1,5,True,validated,1
e66eedaa-6f55-48ab-ad22-2b568ca4d57e,prca15,likert5,1,1,True,validated,0
e66eedaa-6f55-48ab-ad22-2b568ca4d57e,prca16,likert5,1,5,True,validated,1
e66eedaa-6f55-48ab-ad22-2b568ca4d57e,prca17,likert5,1,5,True,validated,1
e66eedaa-6f55-48ab-ad22-2b568ca4d57e,prca18,likert5,1,1,True,validated,0
a930d85b-2d00-4fe7-a30d-a7e10d90fff6,prca01,likert5,1,1,True,validated,0
a930d85b-2d00-4fe7-a30d-a7e10d90fff6,prca02,likert5,1,5,True,validated,1
a930d85b-2d00-4fe7-a30d-a7e10d90fff6,prca03,likert5,1,1,True,validated,0
a930d85b-2d00-4fe7-a30d-a7e10d90fff6,prca04,likert5,1,5,True,validated,1
a930d85b-2d00-4fe7-a30d-a7e10d90fff6,prca05,likert5,1,1,True,validated,0
a930d85b-2d00-4fe7-a30d-a7e10d90fff6,prca06,likert5,1,5,True,validated,1
a930d85b-2d00-4fe7-a30d-a7e10d90fff6,prca13,likert5,1,1,True,validated,0
a930d85b-2d00-4fe7-a30d-a7e10d90fff6,prca14,likert5,1,5,True,validated,1
a930d85b-2d00-4fe7-a30d-a7e10d90fff6,prca15,likert5,1,1,True,validated,0
a930d85b-2d00-4fe7-a30d-a7e10d90fff6,prca16,likert5,1,5,True,validated,1
a930d85b-2d00-4fe7-a30d-a7e10d90fff6,prca17,likert5,1,5,True,validated,1
a930d85b-2d00-4fe7-a30d-a7e10d90fff6,prca18,likert5,1,1,True,validated,0
ee1e67c2-b54c-4d1d-b8c0-c15beb7f0311,prca01,likert5,1,1,True,validated,0
ee1e67c2-b54c-4d1d-b8c0-c15beb7f0311,prca02,likert5,1,5,True,validated,1
ee1e67c2-b54c-4d1d-b8c0-c15beb7f0311,prca03,likert5,1,1,True,validated,0
ee1e67c2-b54c-4d1d-b8c0-c15beb7f0311,prca04,likert5,1,5,True,validated,1
ee1e67c2-b54c-4d1d-b8c0-c15beb7f0311,prca05,likert5,1,1,True,validated,0
ee1e67c2-b54c-4d1d-b8c0-c15beb7f0311,prca06,likert5,1,5,True,validated,1
ee1e67c2-b54c-4d1d-b8c0-c15beb7f0311,prca13,likert5,1,1,True,validated,0
ee1e67c2-b54c-4d1d-b8c0-c15beb7f0311,prca14,likert5,1,5,True,validated,1
ee1e67c2-b54c-4d1d-b8c0-c15beb7f0311,prca15,likert5,1,1,True,validated,0
ee1e67c2-b54c-4d1d-b8c0-c15beb7f0311,prca16,likert5,1,5,True,validated,1
ee1e67c2-b54c-4d1d-b8c0-c15beb7f0311,prca17,likert5,1,5,True,validated,1
ee1e67c2-b54c-4d1d-b8c0-c15beb7f0311,prca18,likert5,1,1,True,validated,0
07bae64f-c470-4faa-b113-95467d60cb5f,prca01,likert5,1,1,True,validated,0
07bae64f-c470-4faa-b113-95467d60cb5f,prca02,likert5,1,5,True,validated,1
07bae64f-c470-4faa-b113-95467d60cb5f,prca03,likert5,1,1,True,validated,0
07bae64f-c470-4faa-b113-95467d60cb5f,prca04,likert5,1,5,True,validated,1
07bae64f-c470-4faa-b113-95467d60cb5f,prca05,likert5,1,1,True,validated,0
07bae64f-c470-4faa-b113-95467d60cb5f,prca06,likert5,1,5,True,validated,1
07bae64f-c470-4faa-b113-95467d60cb5f,prca13,likert5,1,1,True,validated,0
07bae64f-c470-4faa-b113-95467d60cb5f,prca14,likert5,1,5,True,validated,1
07bae64f-c470-4faa-b113-95467d60cb5f,prca15,likert5,1,1,True,validated,0
07bae64f-c470-4faa-b113-95467d60cb5f,prca16,likert5,1,5,True,validated,1
07bae64f-c470-4faa-b113-95467d60cb5f,prca17,likert5,1,5,True,validated,1
07bae64f-c470-4faa-b113-95467d60cb5f,prca18,likert5,1,1,True,validated,0
f71facfd-9b3e-4500-a916-28dc896f5d5c,prca01,likert5,1,1,True,validated,0
f71facfd-9b3e-4500-a916-28dc896f5d5c,prca02,likert5,1,5,True,validated,1
f71facfd-9b3e-4500-a916-28dc896f5d5c,prca03,likert5,1,1,True,validated,0
f71facfd-9b3e-4500-a916-28dc896f5d5c,prca04,likert5,1,5,True,validated,1
f71facfd-9b3e-4500-a916-28dc896f5d5c,prca05,likert5,1,1,True,validated,0
f71facfd-9b3e-4500-a916-28dc896f5d5c,prca06,likert5,1,5,True,validated,1
f71facfd-9b3e-4500-a916-28dc896f5d5c,prca13,likert5,1,1,True,validated,0
f71facfd-9b3e-4500-a916-28dc896f5d5c,prca14,likert5,1,5,True,validated,1
f71facfd-9b3e-4500-a916-28dc896f5d5c,prca15,likert5,1,1,True,validated,0
f71facfd-9b3e-4500-a916-28dc896f5d5c,prca16,likert5,1,5,True,validated,1
f71facfd-9b3e-4500-a916-28dc896f5d5c,prca17,likert5,1,5,True,validated,1
f71facfd-9b3e-4500-a916-28dc896f5d5c,prca18,likert5,1,1,True,validated,0
878d77b8-d2fc-4d5e-951a-56acf0a651d6,prca01,likert5,1,1,True,validated,0
878d77b8-d2fc-4d5e-951a-56acf0a651d6,prca02,likert5,1,5,True,validated,1
878d77b8-d2fc-4d5e-951a-56acf0a651d6,prca03,likert5,1,1,True,validated,0
878d77b8-d2fc-4d5e-951a-56acf0a651d6,prca04,likert5,1,5,True,validated,1
878d77b8-d2fc-4d5e-951a-56acf0a651d6,prca05,likert5,1,1,True,validated,0
878d77b8-d2fc-4d5e-951a-56acf0a651d6,prca06,likert5,1,5,True,validated,1
878d77b8-d2fc-4d5e-951a-56acf0a651d6,prca13,likert5,1,1,True,validated,0
878d77b8-d2fc-4d5e-951a-56acf0a651d6,prca14,likert5,1,5,True,validated,1
878d77b8-d2fc-4d5e-951a-56acf0a651d6,prca15,likert5,1,1,True,validated,0
878d77b8-d2fc-4d5e-951a-56acf0a651d6,prca16,likert5,1,5,True,validated,1
878d77b8-d2fc-4d5e-951a-56acf0a651d6,prca17,likert5,1,5,True,validated,1
878d77b8-d2fc-4d5e-951a-56acf0a651d6,prca18,likert5,1,1,True,validated,0
d81aecba-c6c4-49ce-a9f4-7948fd028abf,prca01,likert5,1,1,True,validated,0
d81aecba-c6c4-49ce-a9f4-7948fd028abf,prca02,likert5,1,5,True,validated,1
d81aecba-c6c4-49ce-a9f4-7948fd028abf,prca03,likert5,1,1,True,validated,0
d81aecba-c6c4-49ce-a9f4-7948fd028abf,prca04,likert5,1,5,True,validated,1
d81aecba-c6c4-49ce-a9f4-7948fd028abf,prca05,likert5,1,1,True,validated,0
d81aecba-c6c4-49ce-a9f4-7948fd028abf,prca06,likert5,1,5,True,validated,1
d81aecba-c6c4-49ce-a9f4-7948fd028abf,prca13,likert5,1,1,True,validated,0
d81aecba-c6c4-49ce-a9f4-7948fd028abf,prca14,likert5,1,5,True,validated,1
d81aecba-c6c4-49ce-a9f4-7948fd028abf,prca15,likert5,1,1,True,validated,0
d81aecba-c6c4-49ce-a9f4-7948fd028abf,prca16,likert5,1,5,True,validated,1
d81aecba-c6c4-49ce-a9f4-7948fd028abf,prca17,likert5,1,5,True,validated,1
d81aecba-c6c4-49ce-a9f4-7948fd028abf,prca18,likert5,1,1,True,validated,0
8f6391e5-2a5c-4c31-890f-ff302a4b85bd,prca01,likert5,1,1,True,validated,0
8f6391e5-2a5c-4c31-890f-ff302a4b85bd,prca02,likert5,1,5,True,validated,1
8f6391e5-2a5c-4c31-890f-ff302a4b85bd,prca03,likert5,1,1,True,validated,0
8f6391e5-2a5c-4c31-890f-ff302a4b85bd,prca04,likert5,1,5,True,validated,1
8f6391e5-2a5c-4c31-890f-ff302a4b85bd,prca05,likert5,1,1,True,validated,0
8f6391e5-2a5c-4c31-890f-ff302a4b85bd,prca06,likert5,1,5,True,validated,1
8f6391e5-2a5c-4c31-890f-ff302a4b85bd,prca13,likert5,1,1,True,validated,0
8f6391e5-2a5c-4c31-890f-ff302a4b85bd,prca14,likert5,1,5,True,validated,1
8f6391e5-2a5c-4c31-890f-ff302a4b85bd,prca15,likert5,1,1,True,validated,0
8f6391e5-2a5c-4c31-890f-ff302a4b85bd,prca16,likert5,1,5,True,validated,1
8f6391e5-2a5c-4c31-890f-ff302a4b85bd,prca17,likert5,1,5,True,validated,1
8f6391e5-2a5c-4c31-890f-ff302a4b85bd,prca18,likert5,1,1,True,validated,0
c77bb992-917d-4833-a02a-bc290e21da4d,prca01,likert5,1,1,True,validated,0
c77bb992-917d-4833-a02a-bc290e21da4d,prca02,likert5,1,5,True,validated,1
c77bb992-917d-4833-a02a-bc290e21da4d,prca03,likert5,1,1,True,validated,0
c77bb992-917d-4833-a02a-bc290e21da4d,prca04,likert5,1,5,True,validated,1
c77bb992-917d-4833-a02a-bc290e21da4d,prca05,likert5,1,1,True,validated,0
c77bb992-917d-4833-a02a-bc290e21da4d,prca06,likert5,1,5,True,validated,1
c77bb992-917d-4833-a02a-bc290e21da4d,prca13,likert5,1,1,True,validated,0
c77bb992-917d-4833-a02a-bc290e21da4d,prca14,likert5,1,5,True,validated,1
c77bb992-917d-4833-a02a-bc290e21da4d,prca15,likert5,1,1,True,validated,0
c77bb992-917d-4833-a02a-bc290e21da4d,prca16,likert5,1,5,True,validated,1
c77bb992-917d-4833-a02a-bc290e21da4d,prca17,likert5,1,5,True,validated,1
c77bb992-917d-4833-a02a-bc290e21da4d,prca18,likert5,1,1,True,validated,0
9b6f83b2-80f9-497f-b587-3126b966211c,prca01,likert5,1,1,True,validated,0
9b6f83b2-80f9-497f-b587-3126b966211c,prca02,likert5,1,5,True,validated,1
9b6f83b2-80f9-497f-b587-3126b966211c,prca03,likert5,1,1,True,validated,0
9b6f83b2-80f9-497f-b587-3126b966211c,prca04,likert5,1,5,True,validated,1
9b6f83b2-80f9-497f-b587-3126b966211c,prca05,likert5,1,1,True,validated,0
9b6f83b2-80f9-497f-b587-3126b966211c,prca06,likert5,1,5,True,validated,1
9b6f83b2-80f9-497f-b587-3126b966211c,prca13,likert5,1,1,True,validated,0
9b6f83b2-80f9-497f-b587-3126b966211c,prca14,likert5,1,5,True,validated,1
9b6f83b2-80f9-497f-b587-3126b966211c,prca15,likert5,1,1,True,validated,0
9b6f83b2-80f9-497f-b587-3126b966211c,prca16,likert5,1,5,True,validated,1
9b6f83b2-80f9-497f-b587-3126b966211c,prca17,likert5,1,5,True,validated,1
9b6f83b2-80f9-497f-b587-3126b966211c,prca18,likert5,1,1,True,validated,0
9f10be41-ac17-4008-8722-376d896d84ac,prca01,likert5,1,1,True,validated,0
9f10be41-ac17-4008-8722-376d896d84ac,prca02,likert5,1,5,True,validated,1
9f10be41-ac17-4008-8722-376d896d84ac,prca03,likert5,1,1,True,validated,0
9f10be41-ac17-4008-8722-376d896d84ac,prca04,likert5,1,5,True,validated,1
9f10be41-ac17-4008-8722-376d896d84ac,prca05,likert5,1,1,True,validated,0
9f10be41-ac17-4008-8722-376d896d84ac,prca06,likert5,1,5,True,validated,1
9f10be41-ac17-4008-8722-376d896d84ac,prca13,likert5,1,1,True,validated,0
9f10be41-ac17-4008-8722-376d896d84ac,prca14,likert5,1,5,True,validated,1
9f10be41-ac17-4008-8722-376d896d84ac,prca15,likert5,1,1,True,validated,0
9f10be41-ac17-4008-8722-376d896d84ac,prca16,likert5,1,5,True,validated,1
9f10be41-ac17-4008-8722-376d896d84ac,prca17,likert5,1,5,True,validated,1
9f10be41-ac17-4008-8722-376d896d84ac,prca18,likert5,1,1,True,validated,0
3b70c1e5-ce0c-4039-b73e-945a3a33e334,prca01,likert5,1,1,True,validated,0
3b70c1e5-ce0c-4039-b73e-945a3a33e334,prca02,likert5,1,5,True,validated,1
3b70c1e5-ce0c-4039-b73e-945a3a33e334,prca03,likert5,1,1,True,validated,0
3b70c1e5-ce0c-4039-b73e-945a3a33e334,prca04,likert5,1,5,True,validated,1
3b70c1e5-ce0c-4039-b73e-945a3a33e334,prca05,likert5,1,1,True,validated,0
3b70c1e5-ce0c-4039-b73e-945a3a33e334,prca06,likert5,1,5,True,validated,1
3b70c1e5-ce0c-4039-b73e-945a3a33e334,prca13,likert5,1,1,True,validated,0
3b70c1e5-ce0c-4039-b73e-945a3a33e334,prca14,likert5,1,5,True,validated,1
3b70c1e5-ce0c-4039-b73e-945a3a33e334,prca15,likert5,1,1,True,validated,0
3b70c1e5-ce0c-4039-b73e-945a3a33e334,prca16,likert5,1,5,True,validated,1
3b70c1e5-ce0c-4039-b73e-945a3a33e334,prca17,likert5,1,5,True,validated,1
3b70c1e5-ce0c-4039-b73e-945a3a33e334,prca18,likert5,1,1,True,validated,0
c44b969b-3d88-4733-86f8-314231d1c907,prca01,likert5,1,1,True,validated,0
c44b969b-3d88-4733-86f8-314231d1c907,prca02,likert5,1,5,True,validated,1
c44b969b-3d88-4733-86f8-314231d1c907,prca03,likert5,1,1,True,validated,0
c44b969b-3d88-4733-86f8-314231d1c907,prca04,likert5,1,5,True,validated,1
c44b969b-3d88-4733-86f8-314231d1c907,prca05,likert5,1,1,True,validated,0
c44b969b-3d88-4733-86f8-314231d1c907,prca06,likert5,1,5,True,validated,1
c44b969b-3d88-4733-86f8-314231d1c907,prca13,likert5,1,1,True,validated,0
c44b969b-3d88-4733-86f8-314231d1c907,prca14,likert5,1,5,True,validated,1
c44b969b-3d88-4733-86f8-314231d1c907,prca15,likert5,1,1,True,validated,0
c44b969b-3d88-4733-86f8-314231d1c907,prca16,likert5,1,5,True,validated,1
c44b969b-3d88-4733-86f8-314231d1c907,prca17,likert5,1,5,True,validated,1
c44b969b-3d88-4733-86f8-314231d1c907,prca18,likert5,1,1,True,validated,0
30b62e59-384c-48b9-9e6f-5e2294a6c394,prca01,likert5,1,1,True,validated,0
30b62e59-384c-48b9-9e6f-5e2294a6c394,prca02,likert5,1,5,True,validated,1
30b62e59-384c-48b9-9e6f-5e2294a6c394,prca03,likert5,1,1,True,validated,0
30b62e59-384c-48b9-9e6f-5e2294a6c394,prca04,likert5,1,5,True,validated,1
30b62e59-384c-48b9-9e6f-5e2294a6c394,prca05,likert5,1,1,True,validated,0
30b62e59-384c-48b9-9e6f-5e2294a6c394,prca06,likert5,1,5,True,validated,1
30b62e59-384c-48b9-9e6f-5e2294a6c394,prca13,likert5,1,1,True,validated,0
30b62e59-384c-48b9-9e6f-5e2294a6c394,prca14,likert5,1,5,True,validated,1
30b62e59-384c-48b9-9e6f-5e2294a6c394,prca15,likert5,1,1,True,validated,0
30b62e59-384c-48b9-9e6f-5e2294a6c394,prca16,likert5,1,5,True,validated,1
30b62e59-384c-48b9-9e6f-5e2294a6c394,prca17,likert5,1,5,True,validated,1
30b62e59-384c-48b9-9e6f-5e2294a6c394,prca18,likert5,1,1,True,validated,0
9e83d3c1-e2bd-4363-be1c-49fb58654b4b,prca01,likert5,1,1,True,validated,0
9e83d3c1-e2bd-4363-be1c-49fb58654b4b,prca02,likert5,1,5,True,validated,1
9e83d3c1-e2bd-4363-be1c-49fb58654b4b,prca03,likert5,1,1,True,validated,0
9e83d3c1-e2bd-4363-be1c-49fb58654b4b,prca04,likert5,1,5,True,validated,1
9e83d3c1-e2bd-4363-be1c-49fb58654b4b,prca05,likert5,1,1,True,validated,0
9e83d3c1-e2bd-4363-be1c-49fb58654b4b,prca06,likert5,1,5,True,validated,1
9e83d3c1-e2bd-4363-be1c-49fb58654b4b,prca13,likert5,1,1,True,validated,0
9e83d3c1-e2bd-4363-be1c-49fb58654b4b,prca14,likert5,1,5,True,validated,1
9e83d3c1-e2bd-4363-be1c-49fb58654b4b,prca15,likert5,1,1,True,validated,0
9e83d3c1-e2bd-4363-be1c-49fb58654b4b,prca16,likert5,1,5,True,validated,1
9e83d3c1-e2bd-4363-be1c-49fb58654b4b,prca17,likert5,1,5,True,validated,1
9e83d3c1-e2bd-4363-be1c-49fb58654b4b,prca18,likert5,1,1,True,validated,0
e015b2e6-6d22-4bb5-9e1d-1962679161b1,prca01,likert5,1,1,True,validated,0
e015b2e6-6d22-4bb5-9e1d-1962679161b1,prca02,likert5,1,5,True,validated,1
e015b2e6-6d22-4bb5-9e1d-1962679161b1,prca03,likert5,1,1,True,validated,0
e015b2e6-6d22-4bb5-9e1d-1962679161b1,prca04,likert5,1,5,True,validated,1
e015b2e6-6d22-4bb5-9e1d-1962679161b1,prca05,likert5,1,1,True,validated,0
e015b2e6-6d22-4bb5-9e1d-1962679161b1,prca06,likert5,1,5,True,validated,1
e015b2e6-6d22-4bb5-9e1d-1962679161b1,prca13,likert5,1,1,True,validated,0
e015b2e6-6d22-4bb5-9e1d-1962679161b1,prca14,likert5,1,5,True,validated,1
e015b2e6-6d22-4bb5-9e1d-1962679161b1,prca15,likert5,1,1,True,validated,0
e015b2e6-6d22-4bb5-9e1d-1962679161b1,prca16,likert5,1,5,True,validated,1
e015b2e6-6d22-4bb5-9e1d-1962679161b1,prca17,likert5,1,5,True,validated,1
e015b2e6-6d22-4bb5-9e1d-1962679161b1,prca18,likert5,1,1,True,validated,0
522d1ab9-aac9-421e-81eb-08b0d71e886b,prca01,likert5,1,1,True,validated,0
522d1ab9-aac9-421e-81eb-08b0d71e886b,prca02,likert5,1,5,True,validated,1
522d1ab9-aac9-421e-81eb-08b0d71e886b,prca03,likert5,1,1,True,validated,0
522d1ab9-aac9-421e-81eb-08b0d71e886b,prca04,likert5,1,5,True,validated,1
522d1ab9-aac9-421e-81eb-08b0d71e886b,prca05,likert5,1,1,True,validated,0
522d1ab9-aac9-421e-81eb-08b0d71e886b,prca06,likert5,1,5,True,validated,1
522d1ab9-aac9-421e-81eb-08b0d71e886b,prca13,likert5,1,1,True,validated,0
522d1ab9-aac9-421e-81eb-08b0d71e886b,prca14,likert5,1,5,True,validated,1
522d1ab9-aac9-421e-81eb-08b0d71e886b,prca15,likert5,1,1,True,validated,0
522d1ab9-aac9-421e-81eb-08b0d71e886b,prca16,likert5,1,5,True,validated,1
522d1ab9-aac9-421e-81eb-08b0d71e886b,prca17,likert5,1,5,True,validated,1
522d1ab9-aac9-421e-81eb-08b0d71e886b,prca18,likert5,1,1,True,validated,0
010c69f7-1daf-4c05-b356-4c903b067065,prca01,likert5,1,1,True,validated,0
010c69f7-1daf-4c05-b356-4c903b067065,prca02,likert5,1,5,True,validated,1
010c69f7-1daf-4c05-b356-4c903b067065,prca03,likert5,1,1,True,validated,0
010c69f7-1daf-4c05-b356-4c903b067065,prca04,likert5,1,5,True,validated,1
010c69f7-1daf-4c05-b356-4c903b067065,prca05,likert5,1,1,True,validated,0
010c69f7-1daf-4c05-b356-4c903b067065,prca06,likert5,1,5,True,validated,1
010c69f7-1daf-4c05-b356-4c903b067065,prca13,likert5,1,1,True,validated,0
010c69f7-1daf-4c05-b356-4c903b067065,prca14,likert5,1,5,True,validated,1
010c69f7-1daf-4c05-b356-4c903b067065,prca15,likert5,1,1,True,validated,0
010c69f7-1daf-4c05-b356-4c903b067065,prca16,likert5,1,5,True,validated,1
010c69f7-1daf-4c05-b356-4c903b067065,prca17,likert5,1,5,True,validated,1
010c69f7-1daf-4c05-b356-4c903b067065,prca18,likert5,1,1,True,validated,0
0cd8bd3e-e19a-450b-8346-885896fca1d9,prca01,likert5,1,1,True,validated,0
0cd8bd3e-e19a-450b-8346-885896fca1d9,prca02,likert5,1,5,True,validated,1
0cd8bd3e-e19a-450b-8346-885896fca1d9,prca03,likert5,1,1,True,validated,0
0cd8bd3e-e19a-450b-8346-885896fca1d9,prca04,likert5,1,5,True,validated,1
0cd8bd3e-e19a-450b-8346-885896fca1d9,prca05,likert5,1,1,True,validated,0
0cd8bd3e-e19a-450b-8346-885896fca1d9,prca06,likert5,1,5,True,validated,1
0cd8bd3e-e19a-450b-8346-885896fca1d9,prca13,likert5,1,1,True,validated,0
0cd8bd3e-e19a-450b-8346-885896fca1d9,prca14,likert5,1,5,True,validated,1
0cd8bd3e-e19a-450b-8346-885896fca1d9,prca15,likert5,1,1,True,validated,0
0cd8bd3e-e19a-450b-8346-885896fca1d9,prca16,likert5,1,5,True,validated,1
0cd8bd3e-e19a-450b-8346-885896fca1d9,prca17,likert5,1,5,True,validated,1
0cd8bd3e-e19a-450b-8346-885896fca1d9,prca18,likert5,1,1,True,validated,0
a369f91f-ca31-4ac6-8089-c410257ffd60,prca01,likert5,1,1,True,validated,0
a369f91f-ca31-4ac6-8089-c410257ffd60,prca02,likert5,1,5,True,validated,1
a369f91f-ca31-4ac6-8089-c410257ffd60,prca03,likert5,1,1,True,validated,0
a369f91f-ca31-4ac6-8089-c410257ffd60,prca04,likert5,1,5,True,validated,1
a369f91f-ca31-4ac6-8089-c410257ffd60,prca05,likert5,1,1,True,validated,0
a369f91f-ca31-4ac6-8089-c410257ffd60,prca06,likert5,1,5,True,validated,1
a369f91f-ca31-4ac6-8089-c410257ffd60,prca13,likert5,1,1,True,validated,0
a369f91f-ca31-4ac6-8089-c410257ffd60,prca14,likert5,1,5,True,validated,1
a369f91f-ca31-4ac6-8089-c410257ffd60,prca15,likert5,1,1,True,validated,0
a369f91f-ca31-4ac6-8089-c410257ffd60,prca16,likert5,1,5,True,validated,1
a369f91f-ca31-4ac6-8089-c410257ffd60,prca17,likert5,1,5,True,validated,1
a369f91f-ca31-4ac6-8089-c410257ffd60,prca18,likert5,1,1,True,validated,0
a369046f-ad30-4e6c-90bb-2a50d5a0ce7e,prca01,likert5,1,1,True,validated,0
a369046f-ad30-4e6c-90bb-2a50d5a0ce7e,prca02,likert5,1,5,True,validated,1
a369046f-ad30-4e6c-90bb-2a50d5a0ce7e,prca03,likert5,1,1,True,validated,0
a369046f-ad30-4e6c-90bb-2a50d5a0ce7e,prca04,likert5,1,5,True,validated,1
a369046f-ad30-4e6c-90bb-2a50d5a0ce7e,prca05,likert5,1,1,True,validated,0
a369046f-ad30-4e6c-90bb-2a50d5a0ce7e,prca06,likert5,1,5,True,validated,1
a369046f-ad30-4e6c-90bb-2a50d5a0ce7e,prca13,likert5,1,1,True,validated,0
a369046f-ad30-4e6c-90bb-2a50d5a0ce7e,prca14,likert5,1,5,True,validated,1
a369046f-ad30-4e6c-90bb-2a50d5a0ce7e,prca15,likert5,1,1,True,validated,0
a369046f-ad30-4e6c-90bb-2a50d5a0ce7e,prca16,likert5,1,5,True,validated,1
a369046f-ad30-4e6c-90bb-2a50d5a0ce7e,prca17,likert5,1,5,True,validated,1
a369046f-ad30-4e6c-90bb-2a50d5a0ce7e,prca18,likert5,1,1,True,validated,0
df650e25-a429-4e04-b63f-de332fb36009,prca01,likert5,1,1,True,validated,0
df650e25-a429-4e04-b63f-de332fb36009,prca02,likert5,1,5,True,validated,1
df650e25-a429-4e04-b63f-de332fb36009,prca03,likert5,1,1,True,validated,0
df650e25-a429-4e04-b63f-de332fb36009,prca04,likert5,4,2,True,validated,1
df650e25-a429-4e04-b63f-de332fb36009,prca05,likert5,1,1,True,validated,0
df650e25-a429-4e04-b63f-de332fb36009,prca06,likert5,1,5,True,validated,1
df650e25-a429-4e04-b63f-de332fb36009,prca13,likert5,1,1,True,validated,0
df650e25-a429-4e04-b63f-de332fb36009,prca14,likert5,1,5,True,validated,1
df650e25-a429-4e04-b63f-de332fb36009,prca15,likert5,1,1,True,validated,0
df650e25-a429-4e04-b63f-de332fb36009,prca16,likert5,1,5,True,validated,1
df650e25-a429-4e04-b63f-de332fb36009,prca17,likert5,1,5,True,validated,1
df650e25-a429-4e04-b63f-de332fb36009,prca18,likert5,1,1,True,validated,0
2d585821-4a97-442e-959b-504adb3ff15c,prca01,likert5,1,1,True,validated,0
2d585821-4a97-442e-959b-504adb3ff15c,prca02,likert5,1,5,True,validated,1
2d585821-4a97-442e-959b-504adb3ff15c,prca03,likert5,1,1,True,validated,0
2d585821-4a97-442e-959b-504adb3ff15c,prca04,likert5,1,5,True,validated,1
2d585821-4a97-442e-959b-504adb3ff15c,prca05,likert5,1,1,True,validated,0
2d585821-4a97-442e-959b-504adb3ff15c,prca06,likert5,1,5,True,validated,1
2d585821-4a97-442e-959b-504adb3ff15c,prca13,likert5,1,1,True,validated,0
2d585821-4a97-442e-959b-504adb3ff15c,prca14,likert5,1,5,True,validated,1
2d585821-4a97-442e-959b-504adb3ff15c,prca15,likert5,1,1,True,validated,0
2d585821-4a97-442e-959b-504adb3ff15c,prca16,likert5,1,5,True,validated,1
2d585821-4a97-442e-959b-504adb3ff15c,prca17,likert5,1,5,True,validated,1
2d585821-4a97-442e-959b-504adb3ff15c,prca18,likert5,1,1,True,validated,0
4e24422e-0ac9-42c2-a8c4-f3357dbeb3b4,prca01,likert5,1,1,True,validated,0
4e24422e-0ac9-42c2-a8c4-f3357dbeb3b4,prca02,likert5,1,5,True,validated,1
4e24422e-0ac9-42c2-a8c4-f3357dbeb3b4,prca03,likert5,1,1,True,validated,0
4e24422e-0ac9-42c2-a8c4-f3357dbeb3b4,prca04,likert5,1,5,True,validated,1
4e24422e-0ac9-42c2-a8c4-f3357dbeb3b4,prca05,likert5,1,1,True,validated,0
4e24422e-0ac9-42c2-a8c4-f3357dbeb3b4,prca06,likert5,1,5,True,validated,1
4e24422e-0ac9-42c2-a8c4-f3357dbeb3b4,prca13,likert5,1,1,True,validated,0
4e24422e-0ac9-42c2-a8c4-f3357dbeb3b4,prca14,likert5,1,5,True,validated,1
4e24422e-0ac9-42c2-a8c4-f3357dbeb3b4,prca15,likert5,1,1,True,validated,0
4e24422e-0ac9-42c2-a8c4-f3357dbeb3b4,prca16,likert5,1,5,True,validated,1
4e24422e-0ac9-42c2-a8c4-f3357dbeb3b4,prca17,likert5,1,5,True,validated,1
4e24422e-0ac9-42c2-a8c4-f3357dbeb3b4,prca18,likert5,1,1,True,validated,0
868b2976-310b-4c36-9baa-c83601df5369,prca01,likert5,1,1,True,validated,0
868b2976-310b-4c36-9baa-c83601df5369,prca02,likert5,1,5,True,validated,1
868b2976-310b-4c36-9baa-c83601df5369,prca03,likert5,1,1,True,validated,0
868b2976-310b-4c36-9baa-c83601df5369,prca04,likert5,1,5,True,validated,1
868b2976-310b-4c36-9baa-c83601df5369,prca05,likert5,1,1,True,validated,0
868b2976-310b-4c36-9baa-c83601df5369,prca06,likert5,1,5,True,validated,1
868b2976-310b-4c36-9baa-c83601df5369,prca13,likert5,1,1,True,validated,0
868b2976-310b-4c36-9baa-c83601df5369,prca14,likert5,1,5,True,validated,1
868b2976-310b-4c36-9baa-c83601df5369,prca15,likert5,1,1,True,validated,0
868b2976-310b-4c36-9baa-c83601df5369,prca16,likert5,1,5,True,validated,1
868b2976-310b-4c36-9baa-c83601df5369,prca17,likert5,1,5,True,validated,1
868b2976-310b-4c36-9baa-c83601df5369,prca18,likert5,1,1,True,validated,0
a05f71b5-bc4b-4409-9967-6b5c95669e27,prca01,likert5,1,1,True,validated,0
a05f71b5-bc4b-4409-9967-6b5c95669e27,prca02,likert5,1,5,True,validated,1
a05f71b5-bc4b-4409-9967-6b5c95669e27,prca03,likert5,1,1,True,validated,0
a05f71b5-bc4b-4409-9967-6b5c95669e27,prca04,likert5,1,5,True,validated,1
a05f71b5-bc4b-4409-9967-6b5c95669e27,prca05,likert5,1,1,True,validated,0
a05f71b5-bc4b-4409-9967-6b5c95669e27,prca06,likert5,1,5,True,validated,1
a05f71b5-bc4b-4409-9967-6b5c95669e27,prca13,likert5,1,1,True,validated,0
a05f71b5-bc4b-4409-9967-6b5c95669e27,prca14,likert5,1,5,True,validated,1
a05f71b5-bc4b-4409-9967-6b5c95669e27,prca15,likert5,1,1,True,validated,0
a05f71b5-bc4b-4409-9967-6b5c95669e27,prca16,likert5,1,5,True,validated,1
a05f71b5-bc4b-4409-9967-6b5c95669e27,prca17,likert5,1,5,True,validated,1
a05f71b5-bc4b-4409-9967-6b5c95669e27,prca18,likert5,1,1,True,validated,0
b5684712-0bbe-4ba3-8592-7ed02e2081da,prca01,likert5,1,1,True,validated,0
b5684712-0bbe-4ba3-8592-7ed02e2081da,prca02,likert5,1,5,True,validated,1
b5684712-0bbe-4ba3-8592-7ed02e2081da,prca03,likert5,1,1,True,validated,0
b5684712-0bbe-4ba3-8592-7ed02e2081da,prca04,likert5,1,5,True,validated,1
b5684712-0bbe-4ba3-8592-7ed02e2081da,prca05,likert5,1,1,True,validated,0
b5684712-0bbe-4ba3-8592-7ed02e2081da,prca06,likert5,1,5,True,validated,1
b5684712-0bbe-4ba3-8592-7ed02e2081da,prca13,likert5,1,1,True,validated,0
b5684712-0bbe-4ba3-8592-7ed02e2081da,prca14,likert5,1,5,True,validated,1
b5684712-0bbe-4ba3-8592-7ed02e2081da,prca15,likert5,1,1,True,validated,0
b5684712-0bbe-4ba3-8592-7ed02e2081da,prca16,likert5,1,5,True,validated,1
b5684712-0bbe-4ba3-8592-7ed02e2081da,prca17,likert5,1,5,True,validated,1
b5684712-0bbe-4ba3-8592-7ed02e2081da,prca18,likert5,1,1,True,validated,0
301ee4f0-d55b-4d8f-a5aa-326b433841f6,prca01,likert5,1,1,True,validated,0
301ee4f0-d55b-4d8f-a5aa-326b433841f6,prca02,likert5,1,5,True,validated,1
301ee4f0-d55b-4d8f-a5aa-326b433841f6,prca03,likert5,1,1,True,validated,0
301ee4f0-d55b-4d8f-a5aa-326b433841f6,prca04,likert5,1,5,True,validated,1
301ee4f0-d55b-4d8f-a5aa-326b433841f6,prca05,likert5,1,1,True,validated,0
301ee4f0-d55b-4d8f-a5aa-326b433841f6,prca06,likert5,1,5,True,validated,1
301ee4f0-d55b-4d8f-a5aa-326b433841f6,prca13,likert5,1,1,True,validated,0
301ee4f0-d55b-4d8f-a5aa-326b433841f6,prca14,likert5,1,5,True,validated,1
301ee4f0-d55b-4d8f-a5aa-326b433841f6,prca15,likert5,1,1,True,validated,0
301ee4f0-d55b-4d8f-a5aa-326b433841f6,prca16,likert5,1,5,True,validated,1
301ee4f0-d55b-4d8f-a5aa-326b433841f6,prca17,likert5,1,5,True,validated,1
301ee4f0-d55b-4d8f-a5aa-326b433841f6,prca18,likert5,1,1,True,validated,0
e3c89c2c-611d-402f-9b10-b5a6c4d16ec6,prca01,likert5,1,1,True,validated,0
e3c89c2c-611d-402f-9b10-b5a6c4d16ec6,prca02,likert5,1,5,True,validated,1
e3c89c2c-611d-402f-9b10-b5a6c4d16ec6,prca03,likert5,1,1,True,validated,0
e3c89c2c-611d-402f-9b10-b5a6c4d16ec6,prca04,likert5,1,5,True,validated,1
e3c89c2c-611d-402f-9b10-b5a6c4d16ec6,prca05,likert5,1,1,True,validated,0
e3c89c2c-611d-402f-9b10-b5a6c4d16ec6,prca06,likert5,1,5,True,validated,1
e3c89c2c-611d-402f-9b10-b5a6c4d16ec6,prca13,likert5,1,1,True,validated,0
e3c89c2c-611d-402f-9b10-b5a6c4d16ec6,prca14,likert5,1,5,True,validated,1
e3c89c2c-611d-402f-9b10-b5a6c4d16ec6,prca15,likert5,1,1,True,validated,0
e3c89c2c-611d-402f-9b10-b5a6c4d16ec6,prca16,likert5,1,5,True,validated,1
e3c89c2c-611d-402f-9b10-b5a6c4d16ec6,prca17,likert5,1,5,True,validated,1
e3c89c2c-611d-402f-9b10-b5a6c4d16ec6,prca18,likert5,1,1,True,validated,0
85bce34f-7e2a-47ce-a07c-3b91202f88c2,prca01,likert5,1,1,True,validated,0
85bce34f-7e2a-47ce-a07c-3b91202f88c2,prca02,likert5,1,5,True,validated,1
85bce34f-7e2a-47ce-a07c-3b91202f88c2,prca03,likert5,1,1,True,validated,0
85bce34f-7e2a-47ce-a07c-3b91202f88c2,prca04,likert5,1,5,True,validated,1
85bce34f-7e2a-47ce-a07c-3b91202f88c2,prca05,likert5,1,1,True,validated,0
85bce34f-7e2a-47ce-a07c-3b91202f88c2,prca06,likert5,1,5,True,validated,1
85bce34f-7e2a-47ce-a07c-3b91202f88c2,prca13,likert5,1,1,True,validated,0
85bce34f-7e2a-47ce-a07c-3b91202f88c2,prca14,likert5,1,5,True,validated,1
85bce34f-7e2a-47ce-a07c-3b91202f88c2,prca15,likert5,1,1,True,validated,0
85bce34f-7e2a-47ce-a07c-3b91202f88c2,prca16,likert5,1,5,True,validated,1
85bce34f-7e2a-47ce-a07c-3b91202f88c2,prca17,likert5,1,5,True,validated,1
85bce34f-7e2a-47ce-a07c-3b91202f88c2,prca18,likert5,1,1,True,validated,0
0b0575f2-6e4a-4503-9e00-6f977da383e0,prca01,likert5,1,1,True,validated,0
0b0575f2-6e4a-4503-9e00-6f977da383e0,prca02,likert5,1,5,True,validated,1
0b0575f2-6e4a-4503-9e00-6f977da383e0,prca03,likert5,1,1,True,validated,0
0b0575f2-6e4a-4503-9e00-6f977da383e0,prca04,likert5,1,5,True,validated,1
0b0575f2-6e4a-4503-9e00-6f977da383e0,prca05,likert5,1,1,True,validated,0
0b0575f2-6e4a-4503-9e00-6f977da383e0,prca06,likert5,1,5,True,validated,1
0b0575f2-6e4a-4503-9e00-6f977da383e0,prca13,likert5,1,1,True,validated,0
0b0575f2-6e4a-4503-9e00-6f977da383e0,prca14,likert5,1,5,True,validated,1
0b0575f2-6e4a-4503-9e00-6f977da383e0,prca15,likert5,1,1,True,validated,0
0b0575f2-6e4a-4503-9e00-6f977da383e0,prca16,likert5,1,5,True,validated,1
0b0575f2-6e4a-4503-9e00-6f977da383e0,prca17,likert5,1,5,True,validated,1
0b0575f2-6e4a-4503-9e00-6f977da383e0,prca18,likert5,1,1,True,validated,0
4337057e-2aaa-4715-9c59-61a29e9a98fa,prca01,likert5,1,1,True,validated,0
4337057e-2aaa-4715-9c59-61a29e9a98fa,prca02,likert5,1,5,True,validated,1
4337057e-2aaa-4715-9c59-61a29e9a98fa,prca03,likert5,1,1,True,validated,0
4337057e-2aaa-4715-9c59-61a29e9a98fa,prca04,likert5,1,5,True,validated,1
4337057e-2aaa-4715-9c59-61a29e9a98fa,prca05,likert5,1,1,True,validated,0
4337057e-2aaa-4715-9c59-61a29e9a98fa,prca06,likert5,1,5,True,validated,1
4337057e-2aaa-4715-9c59-61a29e9a98fa,prca13,likert5,1,1,True,validated,0
4337057e-2aaa-4715-9c59-61a29e9a98fa,prca14,likert5,1,5,True,validated,1
4337057e-2aaa-4715-9c59-61a29e9a98fa,prca15,likert5,1,1,True,validated,0
4337057e-2aaa-4715-9c59-61a29e9a98fa,prca16,likert5,1,5,True,validated,1
4337057e-2aaa-4715-9c59-61a29e9a98fa,prca17,likert5,1,5,True,validated,1
4337057e-2aaa-4715-9c59-61a29e9a98fa,prca18,likert5,1,1,True,validated,0
60ba6854-9280-4eef-91c2-f08b76997838,prca01,likert5,1,1,True,validated,0
60ba6854-9280-4eef-91c2-f08b76997838,prca02,likert5,1,5,True,validated,1
60ba6854-9280-4eef-91c2-f08b76997838,prca03,likert5,1,1,True,validated,0
60ba6854-9280-4eef-91c2-f08b76997838,prca04,likert5,1,5,True,validated,1
60ba6854-9280-4eef-91c2-f08b76997838,prca05,likert5,1,1,True,validated,0
60ba6854-9280-4eef-91c2-f08b76997838,prca06,likert5,1,5,True,validated,1
60ba6854-9280-4eef-91c2-f08b76997838,prca13,likert5,1,1,True,validated,0
60ba6854-9280-4eef-91c2-f08b76997838,prca14,likert5,1,5,True,validated,1
60ba6854-9280-4eef-91c2-f08b76997838,prca15,likert5,1,1,True,validated,0
60ba6854-9280-4eef-91c2-f08b76997838,prca16,likert5,1,5,True,validated,1
60ba6854-9280-4eef-91c2-f08b76997838,prca17,likert5,1,5,True,validated,1
60ba6854-9280-4eef-91c2-f08b76997838,prca18,likert5,1,1,True,validated,0
f97df123-355d-44ea-bbb0-cbebbf09a184,prca01,likert5,1,1,True,validated,0
f97df123-355d-44ea-bbb0-cbebbf09a184,prca02,likert5,1,5,True,validated,1
f97df123-355d-44ea-bbb0-cbebbf09a184,prca03,likert5,1,1,True,validated,0
f97df123-355d-44ea-bbb0-cbebbf09a184,prca04,likert5,1,5,True,validated,1
f97df123-355d-44ea-bbb0-cbebbf09a184,prca05,likert5,1,1,True,validated,0
f97df123-355d-44ea-bbb0-cbebbf09a184,prca06,likert5,1,5,True,validated,1
f97df123-355d-44ea-bbb0-cbebbf09a184,prca13,likert5,1,1,True,validated,0
f97df123-355d-44ea-bbb0-cbebbf09a184,prca14,likert5,1,5,True,validated,1
f97df123-355d-44ea-bbb0-cbebbf09a184,prca15,likert5,1,1,True,validated,0
f97df123-355d-44ea-bbb0-cbebbf09a184,prca16,likert5,1,5,True,validated,1
f97df123-355d-44ea-bbb0-cbebbf09a184,prca17,likert5,1,5,True,validated,1
f97df123-355d-44ea-bbb0-cbebbf09a184,prca18,likert5,1,1,True,validated,0
b21d1c99-feec-47af-a86b-c95822d6c3aa,prca01,likert5,1,1,True,validated,0
b21d1c99-feec-47af-a86b-c95822d6c3aa,prca02,likert5,1,5,True,validated,1
b21d1c99-feec-47af-a86b-c95822d6c3aa,prca03,likert5,1,1,True,validated,0
b21d1c99-feec-47af-a86b-c95822d6c3aa,prca04,likert5,1,5,True,validated,1
b21d1c99-feec-47af-a86b-c95822d6c3aa,prca05,likert5,1,1,True,validated,0
b21d1c99-feec-47af-a86b-c95822d6c3aa,prca06,likert5,1,5,True,validated,1
b21d1c99-feec-47af-a86b-c95822d6c3aa,prca13,likert5,1,1,True,validated,0
b21d1c99-feec-47af-a86b-c95822d6c3aa,prca14,likert5,1,5,True,validated,1
b21d1c99-feec-47af-a86b-c95822d6c3aa,prca15,likert5,1,1,True,validated,0
b21d1c99-feec-47af-a86b-c95822d6c3aa,prca16,likert5,1,5,True,validated,1
b21d1c99-feec-47af-a86b-c95822d6c3aa,prca17,likert5,1,5,True,validated,1
b21d1c99-feec-47af-a86b-c95822d6c3aa,prca18,likert5,1,1,True,validated,0
02d7186e-180a-4acd-b5de-ed1b7c150223,prca01,likert5,1,1,True,validated,0
02d7186e-180a-4acd-b5de-ed1b7c150223,prca02,likert5,1,5,True,validated,1
02d7186e-180a-4acd-b5de-ed1b7c150223,prca03,likert5,1,1,True,validated,0
02d7186e-180a-4acd-b5de-ed1b7c150223,prca04,likert5,1,5,True,validated,1
02d7186e-180a-4acd-b5de-ed1b7c150223,prca05,likert5,1,1,True,validated,0
02d7186e-180a-4acd-b5de-ed1b7c150223,prca06,likert5,1,5,True,validated,1
02d7186e-180a-4acd-b5de-ed1b7c150223,prca13,likert5,1,1,True,validated,0
02d7186e-180a-4acd-b5de-ed1b7c150223,prca14,likert5,1,5,True,validated,1
02d7186e-180a-4acd-b5de-ed1b7c150223,prca15,likert5,1,1,True,validated,0
02d7186e-180a-4acd-b5de-ed1b7c150223,prca16,likert5,1,5,True,validated,1
02d7186e-180a-4acd-b5de-ed1b7c150223,prca17,likert5,1,5,True,validated,1
02d7186e-180a-4acd-b5de-ed1b7c150223,prca18,likert5,1,1,True,validated,0
fefdbefe-4cbb-45b4-9dad-c7e1c3b357ce,prca01,likert5,1,1,True,validated,0
fefdbefe-4cbb-45b4-9dad-c7e1c3b357ce,prca02,likert5,1,5,True,validated,1
fefdbefe-4cbb-45b4-9dad-c7e1c3b357ce,prca03,likert5,1,1,True,validated,0
fefdbefe-4cbb-45b4-9dad-c7e1c3b357ce,prca04,likert5,1,5,True,validated,1
fefdbefe-4cbb-45b4-9dad-c7e1c3b357ce,prca05,likert5,1,1,True,validated,0
fefdbefe-4cbb-45b4-9dad-c7e1c3b357ce,prca06,likert5,1,5,True,validated,1
fefdbefe-4cbb-45b4-9dad-c7e1c3b357ce,prca13,likert5,1,1,True,validated,0
fefdbefe-4cbb-45b4-9dad-c7e1c3b357ce,prca14,likert5,1,5,True,validated,1
fefdbefe-4cbb-45b4-9dad-c7e1c3b357ce,prca15,likert5,1,1,True,validated,0
fefdbefe-4cbb-45b4-9dad-c7e1c3b357ce,prca16,likert5,1,5,True,validated,1
fefdbefe-4cbb-45b4-9dad-c7e1c3b357ce,prca17,likert5,1,5,True,validated,1
fefdbefe-4cbb-45b4-9dad-c7e1c3b357ce,prca18,likert5,1,1,True,validated,0
853ea9c7-0f24-41c8-8076-4b250504ad2f,prca01,likert5,1,1,True,validated,0
853ea9c7-0f24-41c8-8076-4b250504ad2f,prca02,likert5,1,5,True,validated,1
853ea9c7-0f24-41c8-8076-4b250504ad2f,prca03,likert5,1,1,True,validated,0
853ea9c7-0f24-41c8-8076-4b250504ad2f,prca04,likert5,1,5,True,validated,1
853ea9c7-0f24-41c8-8076-4b250504ad2f,prca05,likert5,1,1,True,validated,0
853ea9c7-0f24-41c8-8076-4b250504ad2f,prca06,likert5,1,5,True,validated,1
853ea9c7-0f24-41c8-8076-4b250504ad2f,prca13,likert5,1,1,True,validated,0
853ea9c7-0f24-41c8-8076-4b250504ad2f,prca14,likert5,1,5,True,validated,1
853ea9c7-0f24-41c8-8076-4b250504ad2f,prca15,likert5,1,1,True,validated,0
853ea9c7-0f24-41c8-8076-4b250504ad2f,prca16,likert5,1,5,True,validated,1
853ea9c7-0f24-41c8-8076-4b250504ad2f,prca17,likert5,1,5,True,validated,1
853ea9c7-0f24-41c8-8076-4b250504ad2f,prca18,likert5,1,1,True,validated,0
1ba68d02-32d4-493a-aee7-662a9e1a70f2,prca01,likert5,1,1,True,validated,0
1ba68d02-32d4-493a-aee7-662a9e1a70f2,prca02,likert5,1,5,True,validated,1
1ba68d02-32d4-493a-aee7-662a9e1a70f2,prca03,likert5,1,1,True,validated,0
1ba68d02-32d4-493a-aee7-662a9e1a70f2,prca04,likert5,1,5,True,validated,1
1ba68d02-32d4-493a-aee7-662a9e1a70f2,prca05,likert5,1,1,True,validated,0
1ba68d02-32d4-493a-aee7-662a9e1a70f2,prca06,likert5,1,5,True,validated,1
1ba68d02-32d4-493a-aee7-662a9e1a70f2,prca13,likert5,1,1,True,validated,0
1ba68d02-32d4-493a-aee7-662a9e1a70f2,prca14,likert5,1,5,True,validated,1
1ba68d02-32d4-493a-aee7-662a9e1a70f2,prca15,likert5,1,1,True,validated,0
1ba68d02-32d4-493a-aee7-662a9e1a70f2,prca16,likert5,1,5,True,validated,1
1ba68d02-32d4-493a-aee7-662a9e1a70f2,prca17,likert5,1,5,True,validated,1
1ba68d02-32d4-493a-aee7-662a9e1a70f2,prca18,likert5,1,1,True,validated,0
197d5ed1-5dab-492d-ac80-8281d56a74d1,prca01,likert5,1,1,True,validated,0
197d5ed1-5dab-492d-ac80-8281d56a74d1,prca02,likert5,1,5,True,validated,1
197d5ed1-5dab-492d-ac80-8281d56a74d1,prca03,likert5,1,1,True,validated,0
197d5ed1-5dab-492d-ac80-8281d56a74d1,prca04,likert5,1,5,True,validated,1
197d5ed1-5dab-492d-ac80-8281d56a74d1,prca05,likert5,1,1,True,validated,0
197d5ed1-5dab-492d-ac80-8281d56a74d1,prca06,likert5,1,5,True,validated,1
197d5ed1-5dab-492d-ac80-8281d56a74d1,prca13,likert5,1,1,True,validated,0
197d5ed1-5dab-492d-ac80-8281d56a74d1,prca14,likert5,1,5,True,validated,1
197d5ed1-5dab-492d-ac80-8281d56a74d1,prca15,likert5,1,1,True,validated,0
197d5ed1-5dab-492d-ac80-8281d56a74d1,prca16,likert5,1,5,True,validated,1
197d5ed1-5dab-492d-ac80-8281d56a74d1,prca17,likert5,1,5,True,validated,1
197d5ed1-5dab-492d-ac80-8281d56a74d1,prca18,likert5,1,1,True,validated,0
9fa3a7e2-d335-4c7e-ae15-cca0b480f203,prca01,likert5,1,1,True,validated,0
9fa3a7e2-d335-4c7e-ae15-cca0b480f203,prca02,likert5,1,5,True,validated,1
9fa3a7e2-d335-4c7e-ae15-cca0b480f203,prca03,likert5,1,1,True,validated,0
9fa3a7e2-d335-4c7e-ae15-cca0b480f203,prca04,likert5,1,5,True,validated,1
9fa3a7e2-d335-4c7e-ae15-cca0b480f203,prca05,likert5,1,1,True,validated,0
9fa3a7e2-d335-4c7e-ae15-cca0b480f203,prca06,likert5,1,5,True,validated,1
9fa3a7e2-d335-4c7e-ae15-cca0b480f203,prca13,likert5,1,1,True,validated,0
9fa3a7e2-d335-4c7e-ae15-cca0b480f203,prca14,likert5,1,5,True,validated,1
9fa3a7e2-d335-4c7e-ae15-cca0b480f203,prca15,likert5,1,1,True,validated,0
9fa3a7e2-d335-4c7e-ae15-cca0b480f203,prca16,likert5,1,5,True,validated,1
9fa3a7e2-d335-4c7e-ae15-cca0b480f203,prca17,likert5,1,5,True,validated,1
9fa3a7e2-d335-4c7e-ae15-cca0b480f203,prca18,likert5,1,1,True,validated,0
052b86a6-bd71-4045-8a1b-b8a79db0da9b,prca01,likert5,1,1,True,validated,0
052b86a6-bd71-4045-8a1b-b8a79db0da9b,prca02,likert5,1,5,True,validated,1
052b86a6-bd71-4045-8a1b-b8a79db0da9b,prca03,likert5,1,1,True,validated,0
052b86a6-bd71-4045-8a1b-b8a79db0da9b,prca04,likert5,1,5,True,validated,1
052b86a6-bd71-4045-8a1b-b8a79db0da9b,prca05,likert5,1,1,True,validated,0
052b86a6-bd71-4045-8a1b-b8a79db0da9b,prca06,likert5,1,5,True,validated,1
052b86a6-bd71-4045-8a1b-b8a79db0da9b,prca13,likert5,1,1,True,validated,0
052b86a6-bd71-4045-8a1b-b8a79db0da9b,prca14,likert5,1,5,True,validated,1
052b86a6-bd71-4045-8a1b-b8a79db0da9b,prca15,likert5,1,1,True,validated,0
052b86a6-bd71-4045-8a1b-b8a79db0da9b,prca16,likert5,1,5,True,validated,1
052b86a6-bd71-4045-8a1b-b8a79db0da9b,prca17,likert5,1,5,True,validated,1
052b86a6-bd71-4045-8a1b-b8a79db0da9b,prca18,likert5,1,1,True,validated,0
d353827b-704e-48b1-b938-e7cb151e8d27,prca01,likert5,1,1,True,validated,0
d353827b-704e-48b1-b938-e7cb151e8d27,prca02,likert5,1,5,True,validated,1
d353827b-704e-48b1-b938-e7cb151e8d27,prca03,likert5,1,1,True,validated,0
d353827b-704e-48b1-b938-e7cb151e8d27,prca04,likert5,1,5,True,validated,1
d353827b-704e-48b1-b938-e7cb151e8d27,prca05,likert5,1,1,True,validated,0
d353827b-704e-48b1-b938-e7cb151e8d27,prca06,likert5,1,5,True,validated,1
d353827b-704e-48b1-b938-e7cb151e8d27,prca13,likert5,1,1,True,validated,0
d353827b-704e-48b1-b938-e7cb151e8d27,prca14,likert5,1,5,True,validated,1
d353827b-704e-48b1-b938-e7cb151e8d27,prca15,likert5,1,1,True,validated,0
d353827b-704e-48b1-b938-e7cb151e8d27,prca16,likert5,1,5,True,validated,1
d353827b-704e-48b1-b938-e7cb151e8d27,prca17,likert5,1,5,True,validated,1
d353827b-704e-48b1-b938-e7cb151e8d27,prca18,likert5,1,1,True,validated,0
bc7dea17-0c17-42a8-92f8-f07a5084c7c4,prca01,likert5,1,1,True,validated,0
bc7dea17-0c17-42a8-92f8-f07a5084c7c4,prca02,likert5,1,5,True,validated,1
bc7dea17-0c17-42a8-92f8-f07a5084c7c4,prca03,likert5,1,1,True,validated,0
bc7dea17-0c17-42a8-92f8-f07a5084c7c4,prca04,likert5,1,5,True,validated,1
bc7dea17-0c17-42a8-92f8-f07a5084c7c4,prca05,likert5,1,1,True,validated,0
bc7dea17-0c17-42a8-92f8-f07a5084c7c4,prca06,likert5,1,5,True,validated,1
bc7dea17-0c17-42a8-92f8-f07a5084c7c4,prca13,likert5,1,1,True,validated,0
bc7dea17-0c17-42a8-92f8-f07a5084c7c4,prca14,likert5,1,5,True,validated,1
bc7dea17-0c17-42a8-92f8-f07a5084c7c4,prca15,likert5,1,1,True,validated,0
bc7dea17-0c17-42a8-92f8-f07a5084c7c4,prca16,likert5,1,5,True,validated,1
bc7dea17-0c17-42a8-92f8-f07a5084c7c4,prca17,likert5,1,5,True,validated,1
bc7dea17-0c17-42a8-92f8-f07a5084c7c4,prca18,likert5,1,1,True,validated,0
2b91acb2-c78c-449d-b594-b8284633998f,prca01,likert5,1,1,True,validated,0
2b91acb2-c78c-449d-b594-b8284633998f,prca02,likert5,1,5,True,validated,1
2b91acb2-c78c-449d-b594-b8284633998f,prca03,likert5,1,1,True,validated,0
2b91acb2-c78c-449d-b594-b8284633998f,prca04,likert5,1,5,True,validated,1
2b91acb2-c78c-449d-b594-b8284633998f,prca05,likert5,1,1,True,validated,0
2b91acb2-c78c-449d-b594-b8284633998f,prca06,likert5,1,5,True,validated,1
2b91acb2-c78c-449d-b594-b8284633998f,prca13,likert5,1,1,True,validated,0
2b91acb2-c78c-449d-b594-b8284633998f,prca14,likert5,1,5,True,validated,1
2b91acb2-c78c-449d-b594-b8284633998f,prca15,likert5,1,1,True,validated,0
2b91acb2-c78c-449d-b594-b8284633998f,prca16,likert5,1,5,True,validated,1
2b91acb2-c78c-449d-b594-b8284633998f,prca17,likert5,1,5,True,validated,1
2b91acb2-c78c-449d-b594-b8284633998f,prca18,likert5,1,1,True,validated,0
fa3cbedb-8221-4e1f-a67c-e6a016b3a0a0,prca01,likert5,1,1,True,validated,0
fa3cbedb-8221-4e1f-a67c-e6a016b3a0a0,prca02,likert5,1,5,True,validated,1
fa3cbedb-8221-4e1f-a67c-e6a016b3a0a0,prca03,likert5,1,1,True,validated,0
fa3cbedb-8221-4e1f-a67c-e6a016b3a0a0,prca04,likert5,1,5,True,validated,1
fa3cbedb-8221-4e1f-a67c-e6a016b3a0a0,prca05,likert5,1,1,True,validated,0
fa3cbedb-8221-4e1f-a67c-e6a016b3a0a0,prca06,likert5,1,5,True,validated,1
fa3cbedb-8221-4e1f-a67c-e6a016b3a0a0,prca13,likert5,1,1,True,validated,0
fa3cbedb-8221-4e1f-a67c-e6a016b3a0a0,prca14,likert5,1,5,True,validated,1
fa3cbedb-8221-4e1f-a67c-e6a016b3a0a0,prca15,likert5,1,1,True,validated,0
fa3cbedb-8221-4e1f-a67c-e6a016b3a0a0,prca16,likert5,1,5,True,validated,1
fa3cbedb-8221-4e1f-a67c-e6a016b3a0a0,prca17,likert5,1,5,True,validated,1
fa3cbedb-8221-4e1f-a67c-e6a016b3a0a0,prca18,likert5,1,1,True,validated,0
b88ef967-ef5f-4a27-97f5-a9cea5753630,prca01,likert5,1,1,True,validated,0
b88ef967-ef5f-4a27-97f5-a9cea5753630,prca02,likert5,1,5,True,validated,1
b88ef967-ef5f-4a27-97f5-a9cea5753630,prca03,likert5,1,1,True,validated,0
b88ef967-ef5f-4a27-97f5-a9cea5753630,prca04,likert5,1,5,True,validated,1
b88ef967-ef5f-4a27-97f5-a9cea5753630,prca05,likert5,1,1,True,validated,0
b88ef967-ef5f-4a27-97f5-a9cea5753630,prca06,likert5,1,5,True,validated,1
b88ef967-ef5f-4a27-97f5-a9cea5753630,prca13,likert5,1,1,True,validated,0
b88ef967-ef5f-4a27-97f5-a9cea5753630,prca14,likert5,1,5,True,validated,1
b88ef967-ef5f-4a27-97f5-a9cea5753630,prca15,likert5,1,1,True,validated,0
b88ef967-ef5f-4a27-97f5-a9cea5753630,prca16,likert5,1,5,True,validated,1
b88ef967-ef5f-4a27-97f5-a9cea5753630,prca17,likert5,1,5,True,validated,1
b88ef967-ef5f-4a27-97f5-a9cea5753630,prca18,likert5,1,1,True,validated,0
695a7cf6-0fd7-4721-b061-7c09b502c0d8,prca01,likert5,1,1,True,validated,0
695a7cf6-0fd7-4721-b061-7c09b502c0d8,prca02,likert5,1,5,True,validated,1
695a7cf6-0fd7-4721-b061-7c09b502c0d8,prca03,likert5,1,1,True,validated,0
695a7cf6-0fd7-4721-b061-7c09b502c0d8,prca04,likert5,1,5,True,validated,1
695a7cf6-0fd7-4721-b061-7c09b502c0d8,prca05,likert5,1,1,True,validated,0
695a7cf6-0fd7-4721-b061-7c09b502c0d8,prca06,likert5,1,5,True,validated,1
695a7cf6-0fd7-4721-b061-7c09b502c0d8,prca13,likert5,1,1,True,validated,0
695a7cf6-0fd7-4721-b061-7c09b502c0d8,prca14,likert5,1,5,True,validated,1
695a7cf6-0fd7-4721-b061-7c09b502c0d8,prca15,likert5,1,1,True,validated,0
695a7cf6-0fd7-4721-b061-7c09b502c0d8,prca16,likert5,1,5,True,validated,1
695a7cf6-0fd7-4721-b061-7c09b502c0d8,prca17,likert5,1,5,True,validated,1
695a7cf6-0fd7-4721-b061-7c09b502c0d8,prca18,likert5,1,1,True,validated,0
63f580df-ed17-4179-ac95-b21c6548f052,prca01,likert5,1,1,True,validated,0
63f580df-ed17-4179-ac95-b21c6548f052,prca02,likert5,1,5,True,validated,1
63f580df-ed17-4179-ac95-b21c6548f052,prca03,likert5,1,1,True,validated,0
63f580df-ed17-4179-ac95-b21c6548f052,prca04,likert5,1,5,True,validated,1
63f580df-ed17-4179-ac95-b21c6548f052,prca05,likert5,1,1,True,validated,0
63f580df-ed17-4179-ac95-b21c6548f052,prca06,likert5,1,5,True,validated,1
63f580df-ed17-4179-ac95-b21c6548f052,prca13,likert5,1,1,True,validated,0
63f580df-ed17-4179-ac95-b21c6548f052,prca14,likert5,1,5,True,validated,1
63f580df-ed17-4179-ac95-b21c6548f052,prca15,likert5,1,1,True,validated,0
63f580df-ed17-4179-ac95-b21c6548f052,prca16,likert5,1,5,True,validated,1
63f580df-ed17-4179-ac95-b21c6548f052,prca17,likert5,1,5,True,validated,1
63f580df-ed17-4179-ac95-b21c6548f052,prca18,likert5,1,1,True,validated,0
88ef4e91-d155-4548-8f4f-9d851f7c9a14,prca01,likert5,1,1,True,validated,0
88ef4e91-d155-4548-8f4f-9d851f7c9a14,prca02,likert5,1,5,True,validated,1
88ef4e91-d155-4548-8f4f-9d851f7c9a14,prca03,likert5,1,1,True,validated,0
88ef4e91-d155-4548-8f4f-9d851f7c9a14,prca04,likert5,1,5,True,validated,1
88ef4e91-d155-4548-8f4f-9d851f7c9a14,prca05,likert5,1,1,True,validated,0
88ef4e91-d155-4548-8f4f-9d851f7c9a14,prca06,likert5,1,5,True,validated,1
88ef4e91-d155-4548-8f4f-9d851f7c9a14,prca13,likert5,1,1,True,validated,0
88ef4e91-d155-4548-8f4f-9d851f7c9a14,prca14,likert5,1,5,True,validated,1
88ef4e91-d155-4548-8f4f-9d851f7c9a14,prca15,likert5,1,1,True,validated,0
88ef4e91-d155-4548-8f4f-9d851f7c9a14,prca16,likert5,1,5,True,validated,1
88ef4e91-d155-4548-8f4f-9d851f7c9a14,prca17,likert5,1,5,True,validated,1
88ef4e91-d155-4548-8f4f-9d851f7c9a14,prca18,likert5,1,1,True,validated,0
5adad83e-e5b7-4d5e-9504-2a6543186c98,prca01,likert5,1,1,True,validated,0
5adad83e-e5b7-4d5e-9504-2a6543186c98,prca02,likert5,1,5,True,validated,1
5adad83e-e5b7-4d5e-9504-2a6543186c98,prca03,likert5,1,1,True,validated,0
5adad83e-e5b7-4d5e-9504-2a6543186c98,prca04,likert5,1,5,True,validated,1
5adad83e-e5b7-4d5e-9504-2a6543186c98,prca05,likert5,1,1,True,validated,0
5adad83e-e5b7-4d5e-9504-2a6543186c98,prca06,likert5,1,5,True,validated,1
5adad83e-e5b7-4d5e-9504-2a6543186c98,prca13,likert5,1,1,True,validated,0
5adad83e-e5b7-4d5e-9504-2a6543186c98,prca14,likert5,1,5,True,validated,1
5adad83e-e5b7-4d5e-9504-2a6543186c98,prca15,likert5,1,1,True,validated,0
5adad83e-e5b7-4d5e-9504-2a6543186c98,prca16,likert5,1,5,True,validated,1
5adad83e-e5b7-4d5e-9504-2a6543186c98,prca17,likert5,1,5,True,validated,1
5adad83e-e5b7-4d5e-9504-2a6543186c98,prca18,likert5,1,1,True,validated,0
bf86ce42-ad08-4c80-a741-26772b130a60,prca01,likert5,1,1,True,validated,0
bf86ce42-ad08-4c80-a741-26772b130a60,prca02,likert5,1,5,True,validated,1
bf86ce42-ad08-4c80-a741-26772b130a60,prca03,likert5,1,1,True,validated,0
bf86ce42-ad08-4c80-a741-26772b130a60,prca04,likert5,1,5,True,validated,1
bf86ce42-ad08-4c80-a741-26772b130a60,prca05,likert5,1,1,True,validated,0
bf86ce42-ad08-4c80-a741-26772b130a60,prca06,likert5,1,5,True,validated,1
bf86ce42-ad08-4c80-a741-26772b130a60,prca13,likert5,1,1,True,validated,0
bf86ce42-ad08-4c80-a741-26772b130a60,prca14,likert5,1,5,True,validated,1
bf86ce42-ad08-4c80-a741-26772b130a60,prca15,likert5,1,1,True,validated,0
bf86ce42-ad08-4c80-a741-26772b130a60,prca16,likert5,1,5,True,validated,1
bf86ce42-ad08-4c80-a741-26772b130a60,prca17,likert5,1,5,True,validated,1
bf86ce42-ad08-4c80-a741-26772b130a60,prca18,likert5,1,1,True,validated,0
47dcee1a-3d91-4a83-a6c7-eb2d0294f7c7,prca01,likert5,1,1,True,validated,0
47dcee1a-3d91-4a83-a6c7-eb2d0294f7c7,prca02,likert5,1,5,True,validated,1
47dcee1a-3d91-4a83-a6c7-eb2d0294f7c7,prca03,likert5,1,1,True,validated,0
47dcee1a-3d91-4a83-a6c7-eb2d0294f7c7,prca04,likert5,1,5,True,validated,1
47dcee1a-3d91-4a83-a6c7-eb2d0294f7c7,prca05,likert5,1,1,True,validated,0
47dcee1a-3d91-4a83-a6c7-eb2d0294f7c7,prca06,likert5,1,5,True,validated,1
47dcee1a-3d91-4a83-a6c7-eb2d0294f7c7,prca13,likert5,1,1,True,validated,0
47dcee1a-3d91-4a83-a6c7-eb2d0294f7c7,prca14,likert5,1,5,True,validated,1
47dcee1a-3d91-4a83-a6c7-eb2d0294f7c7,prca15,likert5,1,1,True,validated,0
47dcee1a-3d91-4a83-a6c7-eb2d0294f7c7,prca16,likert5,1,5,True,validated,1
47dcee1a-3d91-4a83-a6c7-eb2d0294f7c7,prca17,likert5,1,5,True,validated,1
47dcee1a-3d91-4a83-a6c7-eb2d0294f7c7,prca18,likert5,1,1,True,validated,0
b361f005-6ed5-4dd4-8a42-5238db8f9f1f,prca01,likert5,1,1,True,validated,0
b361f005-6ed5-4dd4-8a42-5238db8f9f1f,prca02,likert5,1,5,True,validated,1
b361f005-6ed5-4dd4-8a42-5238db8f9f1f,prca03,likert5,1,1,True,validated,0
b361f005-6ed5-4dd4-8a42-5238db8f9f1f,prca04,likert5,1,5,True,validated,1
b361f005-6ed5-4dd4-8a42-5238db8f9f1f,prca05,likert5,1,1,True,validated,0
b361f005-6ed5-4dd4-8a42-5238db8f9f1f,prca06,likert5,1,5,True,validated,1
b361f005-6ed5-4dd4-8a42-5238db8f9f1f,prca13,likert5,1,1,True,validated,0
b361f005-6ed5-4dd4-8a42-5238db8f9f1f,prca14,likert5,1,5,True,validated,1
b361f005-6ed5-4dd4-8a42-5238db8f9f1f,prca15,likert5,1,1,True,validated,0
b361f005-6ed5-4dd4-8a42-5238db8f9f1f,prca16,likert5,1,5,True,validated,1
b361f005-6ed5-4dd4-8a42-5238db8f9f1f,prca17,likert5,1,5,True,validated,1
b361f005-6ed5-4dd4-8a42-5238db8f9f1f,prca18,likert5,1,1,True,validated,0
b930a323-62ae-49a0-90c4-45c28a0bf40c,prca01,likert5,1,1,True,validated,0
b930a323-62ae-49a0-90c4-45c28a0bf40c,prca02,likert5,1,5,True,validated,1
b930a323-62ae-49a0-90c4-45c28a0bf40c,prca03,likert5,1,1,True,validated,0
b930a323-62ae-49a0-90c4-45c28a0bf40c,prca04,likert5,1,5,True,validated,1
b930a323-62ae-49a0-90c4-45c28a0bf40c,prca05,likert5,1,1,True,validated,0
b930a323-62ae-49a0-90c4-45c28a0bf40c,prca06,likert5,1,5,True,validated,1
b930a323-62ae-49a0-90c4-45c28a0bf40c,prca13,likert5,1,1,True,validated,0
b930a323-62ae-49a0-90c4-45c28a0bf40c,prca14,likert5,1,5,True,validated,1
b930a323-62ae-49a0-90c4-45c28a0bf40c,prca15,likert5,1,1,True,validated,0
b930a323-62ae-49a0-90c4-45c28a0bf40c,prca16,likert5,1,5,True,validated,1
b930a323-62ae-49a0-90c4-45c28a0bf40c,prca17,likert5,1,5,True,validated,1
b930a323-62ae-49a0-90c4-45c28a0bf40c,prca18,likert5,1,1,True,validated,0
fa971ec0-d75c-48e2-ab39-41abbbff4d32,prca01,likert5,1,1,True,validated,0
fa971ec0-d75c-48e2-ab39-41abbbff4d32,prca02,likert5,1,5,True,validated,1
fa971ec0-d75c-48e2-ab39-41abbbff4d32,prca03,likert5,1,1,True,validated,0
fa971ec0-d75c-48e2-ab39-41abbbff4d32,prca04,likert5,1,5,True,validated,1
fa971ec0-d75c-48e2-ab39-41abbbff4d32,prca05,likert5,1,1,True,validated,0
fa971ec0-d75c-48e2-ab39-41abbbff4d32,prca06,likert5,1,5,True,validated,1
fa971ec0-d75c-48e2-ab39-41abbbff4d32,prca13,likert5,1,1,True,validated,0
fa971ec0-d75c-48e2-ab39-41abbbff4d32,prca14,likert5,1,5,True,validated,1
fa971ec0-d75c-48e2-ab39-41abbbff4d32,prca15,likert5,1,1,True,validated,0
fa971ec0-d75c-48e2-ab39-41abbbff4d32,prca16,likert5,1,5,True,validated,1
fa971ec0-d75c-48e2-ab39-41abbbff4d32,prca17,likert5,1,5,True,validated,1
fa971ec0-d75c-48e2-ab39-41abbbff4d32,prca18,likert5,1,1,True,validated,0
45bd8fc6-c1e2-433b-84b9-34cc420a7369,prca01,likert5,1,1,True,validated,0
45bd8fc6-c1e2-433b-84b9-34cc420a7369,prca02,likert5,1,5,True,validated,1
45bd8fc6-c1e2-433b-84b9-34cc420a7369,prca03,likert5,1,1,True,validated,0
45bd8fc6-c1e2-433b-84b9-34cc420a7369,prca04,likert5,1,5,True,validated,1
45bd8fc6-c1e2-433b-84b9-34cc420a7369,prca05,likert5,1,1,True,validated,0
45bd8fc6-c1e2-433b-84b9-34cc420a7369,prca06,likert5,1,5,True,validated,1
45bd8fc6-c1e2-433b-84b9-34cc420a7369,prca13,likert5,1,1,True,validated,0
45bd8fc6-c1e2-433b-84b9-34cc420a7369,prca14,likert5,1,5,True,validated,1
45bd8fc6-c1e2-433b-84b9-34cc420a7369,prca15,likert5,1,1,True,validated,0
45bd8fc6-c1e2-433b-84b9-34cc420a7369,prca16,likert5,1,5,True,validated,1
45bd8fc6-c1e2-433b-84b9-34cc420a7369,prca17,likert5,1,5,True,validated,1
45bd8fc6-c1e2-433b-84b9-34cc420a7369,prca18,likert5,1,1,True,validated,0
bf9f17ba-6f05-44b0-b45e-221484599a50,prca01,likert5,1,1,True,validated,0
bf9f17ba-6f05-44b0-b45e-221484599a50,prca02,likert5,1,5,True,validated,1
bf9f17ba-6f05-44b0-b45e-221484599a50,prca03,likert5,1,1,True,validated,0
bf9f17ba-6f05-44b0-b45e-221484599a50,prca04,likert5,1,5,True,validated,1
bf9f17ba-6f05-44b0-b45e-221484599a50,prca05,likert5,1,1,True,validated,0
bf9f17ba-6f05-44b0-b45e-221484599a50,prca06,likert5,1,5,True,validated,1
bf9f17ba-6f05-44b0-b45e-221484599a50,prca13,likert5,1,1,True,validated,0
bf9f17ba-6f05-44b0-b45e-221484599a50,prca14,likert5,1,5,True,validated,1
bf9f17ba-6f05-44b0-b45e-221484599a50,prca15,likert5,1,1,True,validated,0
bf9f17ba-6f05-44b0-b45e-221484599a50,prca16,likert5,1,5,True,validated,1
bf9f17ba-6f05-44b0-b45e-221484599a50,prca17,likert5,1,5,True,validated,1
bf9f17ba-6f05-44b0-b45e-221484599a50,prca18,likert5,1,1,True,validated,0
6214d976-72c6-495c-b8e1-59292dd7f77c,prca01,likert5,1,1,True,validated,0
6214d976-72c6-495c-b8e1-59292dd7f77c,prca02,likert5,1,5,True,validated,1
6214d976-72c6-495c-b8e1-59292dd7f77c,prca03,likert5,1,1,True,validated,0
6214d976-72c6-495c-b8e1-59292dd7f77c,prca04,likert5,1,5,True,validated,1
6214d976-72c6-495c-b8e1-59292dd7f77c,prca05,likert5,1,1,True,validated,0
6214d976-72c6-495c-b8e1-59292dd7f77c,prca06,likert5,1,5,True,validated,1
6214d976-72c6-495c-b8e1-59292dd7f77c,prca13,likert5,1,1,True,validated,0
6214d976-72c6-495c-b8e1-59292dd7f77c,prca14,likert5,1,5,True,validated,1
6214d976-72c6-495c-b8e1-59292dd7f77c,prca15,likert5,1,1,True,validated,0
6214d976-72c6-495c-b8e1-59292dd7f77c,prca16,likert5,1,5,True,validated,1
6214d976-72c6-495c-b8e1-59292dd7f77c,prca17,likert5,1,5,True,validated,1
6214d976-72c6-495c-b8e1-59292dd7f77c,prca18,likert5,1,1,True,validated,0
524c3e54-220b-4a39-90ef-11b1c250a099,prca01,likert5,1,1,True,validated,0
524c3e54-220b-4a39-90ef-11b1c250a099,prca02,likert5,1,5,True,validated,1
524c3e54-220b-4a39-90ef-11b1c250a099,prca03,likert5,1,1,True,validated,0
524c3e54-220b-4a39-90ef-11b1c250a099,prca04,likert5,1,5,True,validated,1
524c3e54-220b-4a39-90ef-11b1c250a099,prca05,likert5,1,1,True,validated,0
524c3e54-220b-4a39-90ef-11b1c250a099,prca06,likert5,1,5,True,validated,1
524c3e54-220b-4a39-90ef-11b1c250a099,prca13,likert5,1,1,True,validated,0
524c3e54-220b-4a39-90ef-11b1c250a099,prca14,likert5,1,5,True,validated,1
524c3e54-220b-4a39-90ef-11b1c250a099,prca15,likert5,1,1,True,validated,0
524c3e54-220b-4a39-90ef-11b1c250a099,prca16,likert5,1,5,True,validated,1
524c3e54-220b-4a39-90ef-11b1c250a099,prca17,likert5,1,5,True,validated,1
524c3e54-220b-4a39-90ef-11b1c250a099,prca18,likert5,1,1,True,validated,0
25d1728e-600c-4136-9978-ce7bcffd9a0f,prca01,likert5,1,1,True,validated,0
25d1728e-600c-4136-9978-ce7bcffd9a0f,prca02,likert5,1,5,True,validated,1
25d1728e-600c-4136-9978-ce7bcffd9a0f,prca03,likert5,1,1,True,validated,0
25d1728e-600c-4136-9978-ce7bcffd9a0f,prca04,likert5,1,5,True,validated,1
25d1728e-600c-4136-9978-ce7bcffd9a0f,prca05,likert5,1,1,True,validated,0
25d1728e-600c-4136-9978-ce7bcffd9a0f,prca06,likert5,1,5,True,validated,1
25d1728e-600c-4136-9978-ce7bcffd9a0f,prca13,likert5,1,1,True,validated,0
25d1728e-600c-4136-9978-ce7bcffd9a0f,prca14,likert5,1,5,True,validated,1
25d1728e-600c-4136-9978-ce7bcffd9a0f,prca15,likert5,1,1,True,validated,0
25d1728e-600c-4136-9978-ce7bcffd9a0f,prca16,likert5,1,5,True,validated,1
25d1728e-600c-4136-9978-ce7bcffd9a0f,prca17,likert5,1,5,True,validated,1
25d1728e-600c-4136-9978-ce7bcffd9a0f,prca18,likert5,1,1,True,validated,0
1e279752-71e6-432c-bff5-442c9c24ff11,prca01,likert5,1,1,True,validated,0
1e279752-71e6-432c-bff5-442c9c24ff11,prca02,likert5,1,5,True,validated,1
1e279752-71e6-432c-bff5-442c9c24ff11,prca03,likert5,1,1,True,validated,0
1e279752-71e6-432c-bff5-442c9c24ff11,prca04,likert5,1,5,True,validated,1
1e279752-71e6-432c-bff5-442c9c24ff11,prca05,likert5,1,1,True,validated,0
1e279752-71e6-432c-bff5-442c9c24ff11,prca06,likert5,1,5,True,validated,1
1e279752-71e6-432c-bff5-442c9c24ff11,prca13,likert5,1,1,True,validated,0
1e279752-71e6-432c-bff5-442c9c24ff11,prca14,likert5,1,5,True,validated,1
1e279752-71e6-432c-bff5-442c9c24ff11,prca15,likert5,1,1,True,validated,0
1e279752-71e6-432c-bff5-442c9c24ff11,prca16,likert5,1,5,True,validated,1
1e279752-71e6-432c-bff5-442c9c24ff11,prca17,likert5,1,5,True,validated,1
1e279752-71e6-432c-bff5-442c9c24ff11,prca18,likert5,1,1,True,validated,0
8c460fe8-613a-4fb5-bae0-6087891088b4,prca01,likert5,1,1,True,validated,0
8c460fe8-613a-4fb5-bae0-6087891088b4,prca02,likert5,1,5,True,validated,1
8c460fe8-613a-4fb5-bae0-6087891088b4,prca03,likert5,1,1,True,validated,0
8c460fe8-613a-4fb5-bae0-6087891088b4,prca04,likert5,1,5,True,validated,1
8c460fe8-613a-4fb5-bae0-6087891088b4,prca05,likert5,1,1,True,validated,0
8c460fe8-613a-4fb5-bae0-6087891088b4,prca06,likert5,1,5,True,validated,1
8c460fe8-613a-4fb5-bae0-6087891088b4,prca13,likert5,1,1,True,validated,0
8c460fe8-613a-4fb5-bae0-6087891088b4,prca14,likert5,1,5,True,validated,1
8c460fe8-613a-4fb5-bae0-6087891088b4,prca15,likert5,1,1,True,validated,0
8c460fe8-613a-4fb5-bae0-6087891088b4,prca16,likert5,1,5,True,validated,1
8c460fe8-613a-4fb5-bae0-6087891088b4,prca17,likert5,1,5,True,validated,1
8c460fe8-613a-4fb5-bae0-6087891088b4,prca18,likert5,1,1,True,validated,0
6a4468a4-77ad-4d97-a185-a8b877df9b08,prca01,likert5,1,1,True,validated,0
6a4468a4-77ad-4d97-a185-a8b877df9b08,prca02,likert5,1,5,True,validated,1
6a4468a4-77ad-4d97-a185-a8b877df9b08,prca03,likert5,1,1,True,validated,0
6a4468a4-77ad-4d97-a185-a8b877df9b08,prca04,likert5,1,5,True,validated,1
6a4468a4-77ad-4d97-a185-a8b877df9b08,prca05,likert5,1,1,True,validated,0
6a4468a4-77ad-4d97-a185-a8b877df9b08,prca06,likert5,1,5,True,validated,1
6a4468a4-77ad-4d97-a185-a8b877df9b08,prca13,likert5,1,1,True,validated,0
6a4468a4-77ad-4d97-a185-a8b877df9b08,prca14,likert5,1,5,True,validated,1
6a4468a4-77ad-4d97-a185-a8b877df9b08,prca15,likert5,1,1,True,validated,0
6a4468a4-77ad-4d97-a185-a8b877df9b08,prca16,likert5,1,5,True,validated,1
6a4468a4-77ad-4d97-a185-a8b877df9b08,prca17,likert5,1,5,True,validated,1
6a4468a4-77ad-4d97-a185-a8b877df9b08,prca18,likert5,1,1,True,validated,0
a2451906-508d-4b2a-ae21-125d0feb2b88,prca01,likert5,1,1,True,validated,0
a2451906-508d-4b2a-ae21-125d0feb2b88,prca02,likert5,1,5,True,validated,1
a2451906-508d-4b2a-ae21-125d0feb2b88,prca03,likert5,1,1,True,validated,0
a2451906-508d-4b2a-ae21-125d0feb2b88,prca04,likert5,1,5,True,validated,1
a2451906-508d-4b2a-ae21-125d0feb2b88,prca05,likert5,1,1,True,validated,0
a2451906-508d-4b2a-ae21-125d0feb2b88,prca06,likert5,1,5,True,validated,1
a2451906-508d-4b2a-ae21-125d0feb2b88,prca13,likert5,1,1,True,validated,0
a2451906-508d-4b2a-ae21-125d0feb2b88,prca14,likert5,1,5,True,validated,1
a2451906-508d-4b2a-ae21-125d0feb2b88,prca15,likert5,1,1,True,validated,0
a2451906-508d-4b2a-ae21-125d0feb2b88,prca16,likert5,1,5,True,validated,1
a2451906-508d-4b2a-ae21-125d0feb2b88,prca17,likert5,1,5,True,validated,1
a2451906-508d-4b2a-ae21-125d0feb2b88,prca18,likert5,1,1,True,validated,0
97851341-7f3b-478f-ace6-d0bd50628d7d,prca01,likert5,1,1,True,validated,0
97851341-7f3b-478f-ace6-d0bd50628d7d,prca02,likert5,1,5,True,validated,1
97851341-7f3b-478f-ace6-d0bd50628d7d,prca03,likert5,1,1,True,validated,0
97851341-7f3b-478f-ace6-d0bd50628d7d,prca04,likert5,1,5,True,validated,1
97851341-7f3b-478f-ace6-d0bd50628d7d,prca05,likert5,1,1,True,validated,0
97851341-7f3b-478f-ace6-d0bd50628d7d,prca06,likert5,1,5,True,validated,1
97851341-7f3b-478f-ace6-d0bd50628d7d,prca13,likert5,1,1,True,validated,0
97851341-7f3b-478f-ace6-d0bd50628d7d,prca14,likert5,1,5,True,validated,1
97851341-7f3b-478f-ace6-d0bd50628d7d,prca15,likert5,1,1,True,validated,0
97851341-7f3b-478f-ace6-d0bd50628d7d,prca16,likert5,1,5,True,validated,1
97851341-7f3b-478f-ace6-d0bd50628d7d,prca17,likert5,1,5,True,validated,1
97851341-7f3b-478f-ace6-d0bd50628d7d,prca18,likert5,1,1,True,validated,0
2c6e3fc6-5cfc-4b4a-959e-67956c51eeac,prca01,likert5,1,1,True,validated,0
2c6e3fc6-5cfc-4b4a-959e-67956c51eeac,prca02,likert5,1,5,True,validated,1
2c6e3fc6-5cfc-4b4a-959e-67956c51eeac,prca03,likert5,1,1,True,validated,0
2c6e3fc6-5cfc-4b4a-959e-67956c51eeac,prca04,likert5,1,5,True,validated,1
2c6e3fc6-5cfc-4b4a-959e-67956c51eeac,prca05,likert5,1,1,True,validated,0
2c6e3fc6-5cfc-4b4a-959e-67956c51eeac,prca06,likert5,1,5,True,validated,1
2c6e3fc6-5cfc-4b4a-959e-67956c51eeac,prca13,likert5,1,1,True,validated,0
2c6e3fc6-5cfc-4b4a-959e-67956c51eeac,prca14,likert5,1,5,True,validated,1
2c6e3fc6-5cfc-4b4a-959e-67956c51eeac,prca15,likert5,1,1,True,validated,0
2c6e3fc6-5cfc-4b4a-959e-67956c51eeac,prca16,likert5,1,5,True,validated,1
2c6e3fc6-5cfc-4b4a-959e-67956c51eeac,prca17,likert5,1,5,True,validated,1
2c6e3fc6-5cfc-4b4a-959e-67956c51eeac,prca18,likert5,1,1,True,validated,0
c81f78c2-4ba9-4204-b978-5e7dab568a0d,prca01,likert5,1,1,True,validated,0
c81f78c2-4ba9-4204-b978-5e7dab568a0d,prca02,likert5,1,5,True,validated,1
c81f78c2-4ba9-4204-b978-5e7dab568a0d,prca03,likert5,1,1,True,validated,0
c81f78c2-4ba9-4204-b978-5e7dab568a0d,prca04,likert5,1,5,True,validated,1
c81f78c2-4ba9-4204-b978-5e7dab568a0d,prca05,likert5,1,1,True,validated,0
c81f78c2-4ba9-4204-b978-5e7dab568a0d,prca06,likert5,1,5,True,validated,1
c81f78c2-4ba9-4204-b978-5e7dab568a0d,prca13,likert5,1,1,True,validated,0
c81f78c2-4ba9-4204-b978-5e7dab568a0d,prca14,likert5,1,5,True,validated,1
c81f78c2-4ba9-4204-b978-5e7dab568a0d,prca15,likert5,1,1,True,validated,0
c81f78c2-4ba9-4204-b978-5e7dab568a0d,prca16,likert5,1,5,True,validated,1
c81f78c2-4ba9-4204-b978-5e7dab568a0d,prca17,likert5,1,5,True,validated,1
c81f78c2-4ba9-4204-b978-5e7dab568a0d,prca18,likert5,1,1,True,validated,0
acf90656-4135-4dfd-9180-b7cc3dd344ea,prca01,likert5,1,1,True,validated,0
acf90656-4135-4dfd-9180-b7cc3dd344ea,prca02,likert5,1,5,True,validated,1
acf90656-4135-4dfd-9180-b7cc3dd344ea,prca03,likert5,1,1,True,validated,0
acf90656-4135-4dfd-9180-b7cc3dd344ea,prca04,likert5,1,5,True,validated,1
acf90656-4135-4dfd-9180-b7cc3dd344ea,prca05,likert5,1,1,True,validated,0
acf90656-4135-4dfd-9180-b7cc3dd344ea,prca06,likert5,1,5,True,validated,1
acf90656-4135-4dfd-9180-b7cc3dd344ea,prca13,likert5,1,1,True,validated,0
acf90656-4135-4dfd-9180-b7cc3dd344ea,prca14,likert5,1,5,True,validated,1
acf90656-4135-4dfd-9180-b7cc3dd344ea,prca15,likert5,1,1,True,validated,0
acf90656-4135-4dfd-9180-b7cc3dd344ea,prca16,likert5,1,5,True,validated,1
acf90656-4135-4dfd-9180-b7cc3dd344ea,prca17,likert5,1,5,True,validated,1
acf90656-4135-4dfd-9180-b7cc3dd344ea,prca18,likert5,1,1,True,validated,0
914b6dc8-0fa1-47e0-929f-f654edc4e0a8,prca01,likert5,1,1,True,validated,0
914b6dc8-0fa1-47e0-929f-f654edc4e0a8,prca02,likert5,1,5,True,validated,1
914b6dc8-0fa1-47e0-929f-f654edc4e0a8,prca03,likert5,1,1,True,validated,0
914b6dc8-0fa1-47e0-929f-f654edc4e0a8,prca04,likert5,1,5,True,validated,1
914b6dc8-0fa1-47e0-929f-f654edc4e0a8,prca05,likert5,1,1,True,validated,0
914b6dc8-0fa1-47e0-929f-f654edc4e0a8,prca06,likert5,1,5,True,validated,1
914b6dc8-0fa1-47e0-929f-f654edc4e0a8,prca13,likert5,1,1,True,validated,0
914b6dc8-0fa1-47e0-929f-f654edc4e0a8,prca14,likert5,1,5,True,validated,1
914b6dc8-0fa1-47e0-929f-f654edc4e0a8,prca15,likert5,1,1,True,validated,0
914b6dc8-0fa1-47e0-929f-f654edc4e0a8,prca16,likert5,1,5,True,validated,1
914b6dc8-0fa1-47e0-929f-f654edc4e0a8,prca17,likert5,1,5,True,validated,1
914b6dc8-0fa1-47e0-929f-f654edc4e0a8,prca18,likert5,1,1,True,validated,0
20c1fa3e-d1c9-4415-9694-ff07d1b0a36a,prca01,likert5,1,1,True,validated,0
20c1fa3e-d1c9-4415-9694-ff07d1b0a36a,prca02,likert5,1,5,True,validated,1
20c1fa3e-d1c9-4415-9694-ff07d1b0a36a,prca03,likert5,1,1,True,validated,0
20c1fa3e-d1c9-4415-9694-ff07d1b0a36a,prca04,likert5,1,5,True,validated,1
20c1fa3e-d1c9-4415-9694-ff07d1b0a36a,prca05,likert5,1,1,True,validated,0
20c1fa3e-d1c9-4415-9694-ff07d1b0a36a,prca06,likert5,1,5,True,validated,1
20c1fa3e-d1c9-4415-9694-ff07d1b0a36a,prca13,likert5,1,1,True,validated,0
20c1fa3e-d1c9-4415-9694-ff07d1b0a36a,prca14,likert5,1,5,True,validated,1
20c1fa3e-d1c9-4415-9694-ff07d1b0a36a,prca15,likert5,1,1,True,validated,0
20c1fa3e-d1c9-4415-9694-ff07d1b0a36a,prca16,likert5,1,5,True,validated,1
20c1fa3e-d1c9-4415-9694-ff07d1b0a36a,prca17,likert5,1,5,True,validated,1
20c1fa3e-d1c9-4415-9694-ff07d1b0a36a,prca18,likert5,1,1,True,validated,0
938c99e4-3110-4b3d-8636-e81db0666b18,prca01,likert5,1,1,True,validated,0
938c99e4-3110-4b3d-8636-e81db0666b18,prca02,likert5,1,5,True,validated,1
938c99e4-3110-4b3d-8636-e81db0666b18,prca03,likert5,1,1,True,validated,0
938c99e4-3110-4b3d-8636-e81db0666b18,prca04,likert5,1,5,True,validated,1
938c99e4-3110-4b3d-8636-e81db0666b18,prca05,likert5,1,1,True,validated,0
938c99e4-3110-4b3d-8636-e81db0666b18,prca06,likert5,1,5,True,validated,1
938c99e4-3110-4b3d-8636-e81db0666b18,prca13,likert5,1,1,True,validated,0
938c99e4-3110-4b3d-8636-e81db0666b18,prca14,likert5,1,5,True,validated,1
938c99e4-3110-4b3d-8636-e81db0666b18,prca15,likert5,1,1,True,validated,0
938c99e4-3110-4b3d-8636-e81db0666b18,prca16,likert5,1,5,True,validated,1
938c99e4-3110-4b3d-8636-e81db0666b18,prca17,likert5,1,5,True,validated,1
938c99e4-3110-4b3d-8636-e81db0666b18,prca18,likert5,1,1,True,validated,0
dfeee0c1-61ef-42fa-8d61-b23201729ed9,prca01,likert5,1,1,True,validated,0
dfeee0c1-61ef-42fa-8d61-b23201729ed9,prca02,likert5,1,5,True,validated,1
dfeee0c1-61ef-42fa-8d61-b23201729ed9,prca03,likert5,1,1,True,validated,0
dfeee0c1-61ef-42fa-8d61-b23201729ed9,prca04,likert5,1,5,True,validated,1
dfeee0c1-61ef-42fa-8d61-b23201729ed9,prca05,likert5,1,1,True,validated,0
dfeee0c1-61ef-42fa-8d61-b23201729ed9,prca06,likert5,1,5,True,validated,1
dfeee0c1-61ef-42fa-8d61-b23201729ed9,prca13,likert5,1,1,True,validated,0
dfeee0c1-61ef-42fa-8d61-b23201729ed9,prca14,likert5,1,5,True,validated,1
dfeee0c1-61ef-42fa-8d61-b23201729ed9,prca15,likert5,1,1,True,validated,0
dfeee0c1-61ef-42fa-8d61-b23201729ed9,prca16,likert5,1,5,True,validated,1
dfeee0c1-61ef-42fa-8d61-b23201729ed9,prca17,likert5,1,5,True,validated,1
dfeee0c1-61ef-42fa-8d61-b23201729ed9,prca18,likert5,1,1,True,validated,0
0ca33245-4b17-46af-9c0c-377ff21c67a1,prca01,likert5,1,1,True,validated,0
0ca33245-4b17-46af-9c0c-377ff21c67a1,prca02,likert5,1,5,True,validated,1
0ca33245-4b17-46af-9c0c-377ff21c67a1,prca03,likert5,1,1,True,validated,0
0ca33245-4b17-46af-9c0c-377ff21c67a1,prca04,likert5,1,5,True,validated,1
0ca33245-4b17-46af-9c0c-377ff21c67a1,prca05,likert5,1,1,True,validated,0
0ca33245-4b17-46af-9c0c-377ff21c67a1,prca06,likert5,1,5,True,validated,1
0ca33245-4b17-46af-9c0c-377ff21c67a1,prca13,likert5,1,1,True,validated,0
0ca33245-4b17-46af-9c0c-377ff21c67a1,prca14,likert5,1,5,True,validated,1
0ca33245-4b17-46af-9c0c-377ff21c67a1,prca15,likert5,1,1,True,validated,0
0ca33245-4b17-46af-9c0c-377ff21c67a1,prca16,likert5,1,5,True,validated,1
0ca33245-4b17-46af-9c0c-377ff21c67a1,prca17,likert5,1,5,True,validated,1
0ca33245-4b17-46af-9c0c-377ff21c67a1,prca18,likert5,1,1,True,validated,0
a37de30b-a087-40d8-b806-d9897d604822,prca01,likert5,1,1,True,validated,0
a37de30b-a087-40d8-b806-d9897d604822,prca02,likert5,1,5,True,validated,1
a37de30b-a087-40d8-b806-d9897d604822,prca03,likert5,1,1,True,validated,0
a37de30b-a087-40d8-b806-d9897d604822,prca04,likert5,1,5,True,validated,1
a37de30b-a087-40d8-b806-d9897d604822,prca05,likert5,1,1,True,validated,0
a37de30b-a087-40d8-b806-d9897d604822,prca06,likert5,1,5,True,validated,1
a37de30b-a087-40d8-b806-d9897d604822,prca13,likert5,1,1,True,validated,0
a37de30b-a087-40d8-b806-d9897d604822,prca14,likert5,1,5,True,validated,1
a37de30b-a087-40d8-b806-d9897d604822,prca15,likert5,1,1,True,validated,0
a37de30b-a087-40d8-b806-d9897d604822,prca16,likert5,1,5,True,validated,1
a37de30b-a087-40d8-b806-d9897d604822,prca17,likert5,1,5,True,validated,1
a37de30b-a087-40d8-b806-d9897d604822,prca18,likert5,1,1,True,validated,0
394a4f3a-bd65-4b4e-bd0c-64a8a7aad297,prca01,likert5,1,1,True,validated,0
394a4f3a-bd65-4b4e-bd0c-64a8a7aad297,prca02,likert5,1,5,True,validated,1
394a4f3a-bd65-4b4e-bd0c-64a8a7aad297,prca03,likert5,1,1,True,validated,0
394a4f3a-bd65-4b4e-bd0c-64a8a7aad297,prca04,likert5,1,5,True,validated,1
394a4f3a-bd65-4b4e-bd0c-64a8a7aad297,prca05,likert5,1,1,True,validated,0
394a4f3a-bd65-4b4e-bd0c-64a8a7aad297,prca06,likert5,1,5,True,validated,1
394a4f3a-bd65-4b4e-bd0c-64a8a7aad297,prca13,likert5,1,1,True,validated,0
394a4f3a-bd65-4b4e-bd0c-64a8a7aad297,prca14,likert5,1,5,True,validated,1
394a4f3a-bd65-4b4e-bd0c-64a8a7aad297,prca15,likert5,1,1,True,validated,0
394a4f3a-bd65-4b4e-bd0c-64a8a7aad297,prca16,likert5,1,5,True,validated,1
394a4f3a-bd65-4b4e-bd0c-64a8a7aad297,prca17,likert5,1,5,True,validated,1
394a4f3a-bd65-4b4e-bd0c-64a8a7aad297,prca18,likert5,1,1,True,validated,0
bcd4d282-c08f-40ae-968a-4806faaa9b46,prca01,likert5,1,1,True,validated,0
bcd4d282-c08f-40ae-968a-4806faaa9b46,prca02,likert5,1,5,True,validated,1
bcd4d282-c08f-40ae-968a-4806faaa9b46,prca03,likert5,1,1,True,validated,0
bcd4d282-c08f-40ae-968a-4806faaa9b46,prca04,likert5,1,5,True,validated,1
bcd4d282-c08f-40ae-968a-4806faaa9b46,prca05,likert5,1,1,True,validated,0
bcd4d282-c08f-40ae-968a-4806faaa9b46,prca06,likert5,1,5,True,validated,1
bcd4d282-c08f-40ae-968a-4806faaa9b46,prca13,likert5,1,1,True,validated,0
bcd4d282-c08f-40ae-968a-4806faaa9b46,prca14,likert5,1,5,True,validated,1
bcd4d282-c08f-40ae-968a-4806faaa9b46,prca15,likert5,1,1,True,validated,0
bcd4d282-c08f-40ae-968a-4806faaa9b46,prca16,likert5,1,5,True,validated,1
bcd4d282-c08f-40ae-968a-4806faaa9b46,prca17,likert5,1,5,True,validated,1
bcd4d282-c08f-40ae-968a-4806faaa9b46,prca18,likert5,1,1,True,validated,0
98af4b69-c08b-421e-824f-47f41ea1f00e,prca01,likert5,1,1,True,validated,0
98af4b69-c08b-421e-824f-47f41ea1f00e,prca02,likert5,1,5,True,validated,1
98af4b69-c08b-421e-824f-47f41ea1f00e,prca03,likert5,1,1,True,validated,0
98af4b69-c08b-421e-824f-47f41ea1f00e,prca04,likert5,1,5,True,validated,1
98af4b69-c08b-421e-824f-47f41ea1f00e,prca05,likert5,1,1,True,validated,0
98af4b69-c08b-421e-824f-47f41ea1f00e,prca06,likert5,1,5,True,validated,1
98af4b69-c08b-421e-824f-47f41ea1f00e,prca13,likert5,1,1,True,validated,0
98af4b69-c08b-421e-824f-47f41ea1f00e,prca14,likert5,1,5,True,validated,1
98af4b69-c08b-421e-824f-47f41ea1f00e,prca15,likert5,1,1,True,validated,0
98af4b69-c08b-421e-824f-47f41ea1f00e,prca16,likert5,1,5,True,validated,1
98af4b69-c08b-421e-824f-47f41ea1f00e,prca17,likert5,1,5,True,validated,1
98af4b69-c08b-421e-824f-47f41ea1f00e,prca18,likert5,1,1,True,validated,0
477a66a4-f7aa-429b-9758-df84e4dc3409,prca01,likert5,1,1,True,validated,0
477a66a4-f7aa-429b-9758-df84e4dc3409,prca02,likert5,1,5,True,validated,1
477a66a4-f7aa-429b-9758-df84e4dc3409,prca03,likert5,1,1,True,validated,0
477a66a4-f7aa-429b-9758-df84e4dc3409,prca04,likert5,1,5,True,validated,1
477a66a4-f7aa-429b-9758-df84e4dc3409,prca05,likert5,1,1,True,validated,0
477a66a4-f7aa-429b-9758-df84e4dc3409,prca06,likert5,1,5,True,validated,1
477a66a4-f7aa-429b-9758-df84e4dc3409,prca13,likert5,1,1,True,validated,0
477a66a4-f7aa-429b-9758-df84e4dc3409,prca14,likert5,1,5,True,validated,1
477a66a4-f7aa-429b-9758-df84e4dc3409,prca15,likert5,1,1,True,validated,0
477a66a4-f7aa-429b-9758-df84e4dc3409,prca16,likert5,1,5,True,validated,1
477a66a4-f7aa-429b-9758-df84e4dc3409,prca17,likert5,1,5,True,validated,1
477a66a4-f7aa-429b-9758-df84e4dc3409,prca18,likert5,1,1,True,validated,0
2738f5cc-765a-4418-96cd-4752a3f6b2d3,prca01,likert5,1,1,True,validated,0
2738f5cc-765a-4418-96cd-4752a3f6b2d3,prca02,likert5,1,5,True,validated,1
2738f5cc-765a-4418-96cd-4752a3f6b2d3,prca03,likert5,1,1,True,validated,0
2738f5cc-765a-4418-96cd-4752a3f6b2d3,prca04,likert5,1,5,True,validated,1
2738f5cc-765a-4418-96cd-4752a3f6b2d3,prca05,likert5,1,1,True,validated,0
2738f5cc-765a-4418-96cd-4752a3f6b2d3,prca06,likert5,1,5,True,validated,1
2738f5cc-765a-4418-96cd-4752a3f6b2d3,prca13,likert5,1,1,True,validated,0
2738f5cc-765a-4418-96cd-4752a3f6b2d3,prca14,likert5,1,5,True,validated,1
2738f5cc-765a-4418-96cd-4752a3f6b2d3,prca15,likert5,1,1,True,validated,0
2738f5cc-765a-4418-96cd-4752a3f6b2d3,prca16,likert5,1,5,True,validated,1
2738f5cc-765a-4418-96cd-4752a3f6b2d3,prca17,likert5,1,5,True,validated,1
2738f5cc-765a-4418-96cd-4752a3f6b2d3,prca18,likert5,1,1,True,validated,0
6085c975-e6a9-4bce-bc1f-212ad8170768,prca01,likert5,1,1,True,validated,0
6085c975-e6a9-4bce-bc1f-212ad8170768,prca02,likert5,1,5,True,validated,1
6085c975-e6a9-4bce-bc1f-212ad8170768,prca03,likert5,1,1,True,validated,0
6085c975-e6a9-4bce-bc1f-212ad8170768,prca04,likert5,1,5,True,validated,1
6085c975-e6a9-4bce-bc1f-212ad8170768,prca05,likert5,1,1,True,validated,0
6085c975-e6a9-4bce-bc1f-212ad8170768,prca06,likert5,1,5,True,validated,1
6085c975-e6a9-4bce-bc1f-212ad8170768,prca13,likert5,1,1,True,validated,0
6085c975-e6a9-4bce-bc1f-212ad8170768,prca14,likert5,1,5,True,validated,1
6085c975-e6a9-4bce-bc1f-212ad8170768,prca15,likert5,1,1,True,validated,0
6085c975-e6a9-4bce-bc1f-212ad8170768,prca16,likert5,1,5,True,validated,1
6085c975-e6a9-4bce-bc1f-212ad8170768,prca17,likert5,1,5,True,validated,1
6085c975-e6a9-4bce-bc1f-212ad8170768,prca18,likert5,1,1,True,validated,0
1e966a7f-5c3e-4c33-9a4b-2bb482dee93d,prca01,likert5,1,1,True,validated,0
1e966a7f-5c3e-4c33-9a4b-2bb482dee93d,prca02,likert5,1,5,True,validated,1
1e966a7f-5c3e-4c33-9a4b-2bb482dee93d,prca03,likert5,1,1,True,validated,0
1e966a7f-5c3e-4c33-9a4b-2bb482dee93d,prca04,likert5,1,5,True,validated,1
1e966a7f-5c3e-4c33-9a4b-2bb482dee93d,prca05,likert5,1,1,True,validated,0
1e966a7f-5c3e-4c33-9a4b-2bb482dee93d,prca06,likert5,1,5,True,validated,1
1e966a7f-5c3e-4c33-9a4b-2bb482dee93d,prca13,likert5,1,1,True,validated,0
1e966a7f-5c3e-4c33-9a4b-2bb482dee93d,prca14,likert5,1,5,True,validated,1
1e966a7f-5c3e-4c33-9a4b-2bb482dee93d,prca15,likert5,1,1,True,validated,0
1e966a7f-5c3e-4c33-9a4b-2bb482dee93d,prca16,likert5,1,5,True,validated,1
1e966a7f-5c3e-4c33-9a4b-2bb482dee93d,prca17,likert5,1,5,True,validated,1
1e966a7f-5c3e-4c33-9a4b-2bb482dee93d,prca18,likert5,1,1,True,validated,0
650c11af-02c7-4a7b-ade9-96b17846384e,prca01,likert5,1,1,True,validated,0
650c11af-02c7-4a7b-ade9-96b17846384e,prca02,likert5,1,5,True,validated,1
650c11af-02c7-4a7b-ade9-96b17846384e,prca03,likert5,1,1,True,validated,0
650c11af-02c7-4a7b-ade9-96b17846384e,prca04,likert5,1,5,True,validated,1
650c11af-02c7-4a7b-ade9-96b17846384e,prca05,likert5,1,1,True,validated,0
650c11af-02c7-4a7b-ade9-96b17846384e,prca06,likert5,1,5,True,validated,1
650c11af-02c7-4a7b-ade9-96b17846384e,prca13,likert5,1,1,True,validated,0
650c11af-02c7-4a7b-ade9-96b17846384e,prca14,likert5,1,5,True,validated,1
650c11af-02c7-4a7b-ade9-96b17846384e,prca15,likert5,1,1,True,validated,0
650c11af-02c7-4a7b-ade9-96b17846384e,prca16,likert5,1,5,True,validated,1
650c11af-02c7-4a7b-ade9-96b17846384e,prca17,likert5,1,5,True,validated,1
650c11af-02c7-4a7b-ade9-96b17846384e,prca18,likert5,1,1,True,validated,0
fa7804a1-2a0e-4f08-a1d9-365ac6da78a8,prca01,likert5,1,1,True,validated,0
fa7804a1-2a0e-4f08-a1d9-365ac6da78a8,prca02,likert5,1,5,True,validated,1
fa7804a1-2a0e-4f08-a1d9-365ac6da78a8,prca03,likert5,1,1,True,validated,0
fa7804a1-2a0e-4f08-a1d9-365ac6da78a8,prca04,likert5,1,5,True,validated,1
fa7804a1-2a0e-4f08-a1d9-365ac6da78a8,prca05,likert5,1,1,True,validated,0
fa7804a1-2a0e-4f08-a1d9-365ac6da78a8,prca06,likert5,1,5,True,validated,1
fa7804a1-2a0e-4f08-a1d9-365ac6da78a8,prca13,likert5,1,1,True,validated,0
fa7804a1-2a0e-4f08-a1d9-365ac6da78a8,prca14,likert5,1,5,True,validated,1
fa7804a1-2a0e-4f08-a1d9-365ac6da78a8,prca15,likert5,1,1,True,validated,0
fa7804a1-2a0e-4f08-a1d9-365ac6da78a8,prca16,likert5,1,5,True,validated,1
fa7804a1-2a0e-4f08-a1d9-365ac6da78a8,prca17,likert5,1,5,True,validated,1
fa7804a1-2a0e-4f08-a1d9-365ac6da78a8,prca18,likert5,1,1,True,validated,0
168a7825-19e5-49b8-b939-a096fbd26398,prca01,likert5,1,1,True,validated,0
168a7825-19e5-49b8-b939-a096fbd26398,prca02,likert5,1,5,True,validated,1
168a7825-19e5-49b8-b939-a096fbd26398,prca03,likert5,1,1,True,validated,0
168a7825-19e5-49b8-b939-a096fbd26398,prca04,likert5,1,5,True,validated,1
168a7825-19e5-49b8-b939-a096fbd26398,prca05,likert5,1,1,True,validated,0
168a7825-19e5-49b8-b939-a096fbd26398,prca06,likert5,1,5,True,validated,1
168a7825-19e5-49b8-b939-a096fbd26398,prca13,likert5,1,1,True,validated,0
168a7825-19e5-49b8-b939-a096fbd26398,prca14,likert5,1,5,True,validated,1
168a7825-19e5-49b8-b939-a096fbd26398,prca15,likert5,1,1,True,validated,0
168a7825-19e5-49b8-b939-a096fbd26398,prca16,likert5,1,5,True,validated,1
168a7825-19e5-49b8-b939-a096fbd26398,prca17,likert5,1,5,True,validated,1
168a7825-19e5-49b8-b939-a096fbd26398,prca18,likert5,1,1,True,validated,0
c1ccb3ea-fa04-4203-af96-53707c6cc63b,prca01,likert5,1,1,True,validated,0
c1ccb3ea-fa04-4203-af96-53707c6cc63b,prca02,likert5,1,5,True,validated,1
c1ccb3ea-fa04-4203-af96-53707c6cc63b,prca03,likert5,1,1,True,validated,0
c1ccb3ea-fa04-4203-af96-53707c6cc63b,prca04,likert5,4,2,True,validated,1
c1ccb3ea-fa04-4203-af96-53707c6cc63b,prca05,likert5,1,1,True,validated,0
c1ccb3ea-fa04-4203-af96-53707c6cc63b,prca06,likert5,1,5,True,validated,1
c1ccb3ea-fa04-4203-af96-53707c6cc63b,prca13,likert5,1,1,True,validated,0
c1ccb3ea-fa04-4203-af96-53707c6cc63b,prca14,likert5,1,5,True,validated,1
c1ccb3ea-fa04-4203-af96-53707c6cc63b,prca15,likert5,1,1,True,validated,0
c1ccb3ea-fa04-4203-af96-53707c6cc63b,prca16,likert5,1,5,True,validated,1
c1ccb3ea-fa04-4203-af96-53707c6cc63b,prca17,likert5,1,5,True,validated,1
c1ccb3ea-fa04-4203-af96-53707c6cc63b,prca18,likert5,1,1,True,validated,0
fd4daf2d-c260-46d7-87c8-e454174c45fd,prca01,likert5,1,1,True,validated,0
fd4daf2d-c260-46d7-87c8-e454174c45fd,prca02,likert5,1,5,True,validated,1
fd4daf2d-c260-46d7-87c8-e454174c45fd,prca03,likert5,1,1,True,validated,0
fd4daf2d-c260-46d7-87c8-e454174c45fd,prca04,likert5,1,5,True,validated,1
fd4daf2d-c260-46d7-87c8-e454174c45fd,prca05,likert5,1,1,True,validated,0
fd4daf2d-c260-46d7-87c8-e454174c45fd,prca06,likert5,1,5,True,validated,1
fd4daf2d-c260-46d7-87c8-e454174c45fd,prca13,likert5,1,1,True,validated,0
fd4daf2d-c260-46d7-87c8-e454174c45fd,prca14,likert5,1,5,True,validated,1
fd4daf2d-c260-46d7-87c8-e454174c45fd,prca15,likert5,1,1,True,validated,0
fd4daf2d-c260-46d7-87c8-e454174c45fd,prca16,likert5,1,5,True,validated,1
fd4daf2d-c260-46d7-87c8-e454174c45fd,prca17,likert5,1,5,True,validated,1
fd4daf2d-c260-46d7-87c8-e454174c45fd,prca18,likert5,1,1,True,validated,0
ea0e322b-33c7-4715-aaa7-d2b3a426f8f5,prca01,likert5,1,1,True,validated,0
ea0e322b-33c7-4715-aaa7-d2b3a426f8f5,prca02,likert5,1,5,True,validated,1
ea0e322b-33c7-4715-aaa7-d2b3a426f8f5,prca03,likert5,1,1,True,validated,0
ea0e322b-33c7-4715-aaa7-d2b3a426f8f5,prca04,likert5,1,5,True,validated,1
ea0e322b-33c7-4715-aaa7-d2b3a426f8f5,prca05,likert5,1,1,True,validated,0
ea0e322b-33c7-4715-aaa7-d2b3a426f8f5,prca06,likert5,1,5,True,validated,1
ea0e322b-33c7-4715-aaa7-d2b3a426f8f5,prca13,likert5,1,1,True,validated,0
ea0e322b-33c7-4715-aaa7-d2b3a426f8f5,prca14,likert5,1,5,True,validated,1
ea0e322b-33c7-4715-aaa7-d2b3a426f8f5,prca15,likert5,1,1,True,validated,0
ea0e322b-33c7-4715-aaa7-d2b3a426f8f5,prca16,likert5,1,5,True,validated,1
ea0e322b-33c7-4715-aaa7-d2b3a426f8f5,prca17,likert5,1,5,True,validated,1
ea0e322b-33c7-4715-aaa7-d2b3a426f8f5,prca18,likert5,1,1,True,validated,0
2718c731-ab89-4c67-b2a6-6146954d5cb1,prca01,likert5,1,1,True,validated,0
2718c731-ab89-4c67-b2a6-6146954d5cb1,prca02,likert5,1,5,True,validated,1
2718c731-ab89-4c67-b2a6-6146954d5cb1,prca03,likert5,1,1,True,validated,0
2718c731-ab89-4c67-b2a6-6146954d5cb1,prca04,likert5,1,5,True,validated,1
2718c731-ab89-4c67-b2a6-6146954d5cb1,prca05,likert5,1,1,True,validated,0
2718c731-ab89-4c67-b2a6-6146954d5cb1,prca06,likert5,1,5,True,validated,1
2718c731-ab89-4c67-b2a6-6146954d5cb1,prca13,likert5,1,1,True,validated,0
2718c731-ab89-4c67-b2a6-6146954d5cb1,prca14,likert5,1,5,True,validated,1
2718c731-ab89-4c67-b2a6-6146954d5cb1,prca15,likert5,1,1,True,validated,0
2718c731-ab89-4c67-b2a6-6146954d5cb1,prca16,likert5,1,5,True,validated,1
2718c731-ab89-4c67-b2a6-6146954d5cb1,prca17,likert5,1,5,True,validated,1
2718c731-ab89-4c67-b2a6-6146954d5cb1,prca18,likert5,1,1,True,validated,0
e89609bd-cd55-466a-b50c-04cec956495a,prca01,likert5,1,1,True,validated,0
e89609bd-cd55-466a-b50c-04cec956495a,prca02,likert5,1,5,True,validated,1
e89609bd-cd55-466a-b50c-04cec956495a,prca03,likert5,1,1,True,validated,0
e89609bd-cd55-466a-b50c-04cec956495a,prca04,likert5,1,5,True,validated,1
e89609bd-cd55-466a-b50c-04cec956495a,prca05,likert5,1,1,True,validated,0
e89609bd-cd55-466a-b50c-04cec956495a,prca06,likert5,1,5,True,validated,1
e89609bd-cd55-466a-b50c-04cec956495a,prca13,likert5,1,1,True,validated,0
e89609bd-cd55-466a-b50c-04cec956495a,prca14,likert5,1,5,True,validated,1
e89609bd-cd55-466a-b50c-04cec956495a,prca15,likert5,1,1,True,validated,0
e89609bd-cd55-466a-b50c-04cec956495a,prca16,likert5,1,5,True,validated,1
e89609bd-cd55-466a-b50c-04cec956495a,prca17,likert5,1,5,True,validated,1
e89609bd-cd55-466a-b50c-04cec956495a,prca18,likert5,1,1,True,validated,0
fcb3fa53-45ee-4c73-99e3-dbd01001e228,prca01,likert5,1,1,True,validated,0
fcb3fa53-45ee-4c73-99e3-dbd01001e228,prca02,likert5,1,5,True,validated,1
fcb3fa53-45ee-4c73-99e3-dbd01001e228,prca03,likert5,1,1,True,validated,0
fcb3fa53-45ee-4c73-99e3-dbd01001e228,prca04,likert5,1,5,True,validated,1
fcb3fa53-45ee-4c73-99e3-dbd01001e228,prca05,likert5,1,1,True,validated,0
fcb3fa53-45ee-4c73-99e3-dbd01001e228,prca06,likert5,1,5,True,validated,1
fcb3fa53-45ee-4c73-99e3-dbd01001e228,prca13,likert5,1,1,True,validated,0
fcb3fa53-45ee-4c73-99e3-dbd01001e228,prca14,likert5,1,5,True,validated,1
fcb3fa53-45ee-4c73-99e3-dbd01001e228,prca15,likert5,1,1,True,validated,0
fcb3fa53-45ee-4c73-99e3-dbd01001e228,prca16,likert5,1,5,True,validated,1
fcb3fa53-45ee-4c73-99e3-dbd01001e228,prca17,likert5,1,5,True,validated,1
fcb3fa53-45ee-4c73-99e3-dbd01001e228,prca18,likert5,1,1,True,validated,0
4c85728a-27ab-48a5-ba71-52beee2da67f,prca01,likert5,1,1,True,validated,0
4c85728a-27ab-48a5-ba71-52beee2da67f,prca02,likert5,1,5,True,validated,1
4c85728a-27ab-48a5-ba71-52beee2da67f,prca03,likert5,1,1,True,validated,0
4c85728a-27ab-48a5-ba71-52beee2da67f,prca04,likert5,1,5,True,validated,1
4c85728a-27ab-48a5-ba71-52beee2da67f,prca05,likert5,1,1,True,validated,0
4c85728a-27ab-48a5-ba71-52beee2da67f,prca06,likert5,1,5,True,validated,1
4c85728a-27ab-48a5-ba71-52beee2da67f,prca13,likert5,1,1,True,validated,0
4c85728a-27ab-48a5-ba71-52beee2da67f,prca14,likert5,1,5,True,validated,1
4c85728a-27ab-48a5-ba71-52beee2da67f,prca15,likert5,1,1,True,validated,0
4c85728a-27ab-48a5-ba71-52beee2da67f,prca16,likert5,1,5,True,validated,1
4c85728a-27ab-48a5-ba71-52beee2da67f,prca17,likert5,1,5,True,validated,1
4c85728a-27ab-48a5-ba71-52beee2da67f,prca18,likert5,1,1,True,validated,0
373121e3-f202-48e3-bed0-6d69f756781d,prca01,likert5,1,1,True,validated,0
373121e3-f202-48e3-bed0-6d69f756781d,prca02,likert5,1,5,True,validated,1
373121e3-f202-48e3-bed0-6d69f756781d,prca03,likert5,1,1,True,validated,0
373121e3-f202-48e3-bed0-6d69f756781d,prca04,likert5,1,5,True,validated,1
373121e3-f202-48e3-bed0-6d69f756781d,prca05,likert5,1,1,True,validated,0
373121e3-f202-48e3-bed0-6d69f756781d,prca06,likert5,1,5,True,validated,1
373121e3-f202-48e3-bed0-6d69f756781d,prca13,likert5,1,1,True,validated,0
373121e3-f202-48e3-bed0-6d69f756781d,prca14,likert5,1,5,True,validated,1
373121e3-f202-48e3-bed0-6d69f756781d,prca15,likert5,1,1,True,validated,0
373121e3-f202-48e3-bed0-6d69f756781d,prca16,likert5,1,5,True,validated,1
373121e3-f202-48e3-bed0-6d69f756781d,prca17,likert5,1,5,True,validated,1
373121e3-f202-48e3-bed0-6d69f756781d,prca18,likert5,1,1,True,validated,0
010187cd-1ad8-48e1-a660-37b644f16959,prca01,likert5,1,1,True,validated,0
010187cd-1ad8-48e1-a660-37b644f16959,prca02,likert5,1,5,True,validated,1
010187cd-1ad8-48e1-a660-37b644f16959,prca03,likert5,1,1,True,validated,0
010187cd-1ad8-48e1-a660-37b644f16959,prca04,likert5,1,5,True,validated,1
010187cd-1ad8-48e1-a660-37b644f16959,prca05,likert5,1,1,True,validated,0
010187cd-1ad8-48e1-a660-37b644f16959,prca06,likert5,1,5,True,validated,1
010187cd-1ad8-48e1-a660-37b644f16959,prca13,likert5,1,1,True,validated,0
010187cd-1ad8-48e1-a660-37b644f16959,prca14,likert5,1,5,True,validated,1
010187cd-1ad8-48e1-a660-37b644f16959,prca15,likert5,1,1,True,validated,0
010187cd-1ad8-48e1-a660-37b644f16959,prca16,likert5,1,5,True,validated,1
010187cd-1ad8-48e1-a660-37b644f16959,prca17,likert5,1,5,True,validated,1
010187cd-1ad8-48e1-a660-37b644f16959,prca18,likert5,1,1,True,validated,0
1367f508-7f90-47ea-be49-0931a55bfddf,prca01,likert5,1,1,True,validated,0
1367f508-7f90-47ea-be49-0931a55bfddf,prca02,likert5,1,5,True,validated,1
1367f508-7f90-47ea-be49-0931a55bfddf,prca03,likert5,1,1,True,validated,0
1367f508-7f90-47ea-be49-0931a55bfddf,prca04,likert5,1,5,True,validated,1
1367f508-7f90-47ea-be49-0931a55bfddf,prca05,likert5,1,1,True,validated,0
1367f508-7f90-47ea-be49-0931a55bfddf,prca06,likert5,1,5,True,validated,1
1367f508-7f90-47ea-be49-0931a55bfddf,prca13,likert5,1,1,True,validated,0
1367f508-7f90-47ea-be49-0931a55bfddf,prca14,likert5,1,5,True,validated,1
1367f508-7f90-47ea-be49-0931a55bfddf,prca15,likert5,1,1,True,validated,0
1367f508-7f90-47ea-be49-0931a55bfddf,prca16,likert5,1,5,True,validated,1
1367f508-7f90-47ea-be49-0931a55bfddf,prca17,likert5,1,5,True,validated,1
1367f508-7f90-47ea-be49-0931a55bfddf,prca18,likert5,1,1,True,validated,0
1228b849-2164-46fa-95a1-1f22f7b226a2,prca01,likert5,1,1,True,validated,0
1228b849-2164-46fa-95a1-1f22f7b226a2,prca02,likert5,1,5,True,validated,1
1228b849-2164-46fa-95a1-1f22f7b226a2,prca03,likert5,1,1,True,validated,0
1228b849-2164-46fa-95a1-1f22f7b226a2,prca04,likert5,1,5,True,validated,1
1228b849-2164-46fa-95a1-1f22f7b226a2,prca05,likert5,1,1,True,validated,0
1228b849-2164-46fa-95a1-1f22f7b226a2,prca06,likert5,1,5,True,validated,1
1228b849-2164-46fa-95a1-1f22f7b226a2,prca13,likert5,1,1,True,validated,0
1228b849-2164-46fa-95a1-1f22f7b226a2,prca14,likert5,1,5,True,validated,1
1228b849-2164-46fa-95a1-1f22f7b226a2,prca15,likert5,1,1,True,validated,0
1228b849-2164-46fa-95a1-1f22f7b226a2,prca16,likert5,1,5,True,validated,1
1228b849-2164-46fa-95a1-1f22f7b226a2,prca17,likert5,1,5,True,validated,1
1228b849-2164-46fa-95a1-1f22f7b226a2,prca18,likert5,1,1,True,validated,0
b2f300a9-b034-4345-828b-7b27156126ec,prca01,likert5,1,1,True,validated,0
b2f300a9-b034-4345-828b-7b27156126ec,prca02,likert5,1,5,True,validated,1
b2f300a9-b034-4345-828b-7b27156126ec,prca03,likert5,1,1,True,validated,0
b2f300a9-b034-4345-828b-7b27156126ec,prca04,likert5,1,5,True,validated,1
b2f300a9-b034-4345-828b-7b27156126ec,prca05,likert5,1,1,True,validated,0
b2f300a9-b034-4345-828b-7b27156126ec,prca06,likert5,1,5,True,validated,1
b2f300a9-b034-4345-828b-7b27156126ec,prca13,likert5,1,1,True,validated,0
b2f300a9-b034-4345-828b-7b27156126ec,prca14,likert5,1,5,True,validated,1
b2f300a9-b034-4345-828b-7b27156126ec,prca15,likert5,1,1,True,validated,0
b2f300a9-b034-4345-828b-7b27156126ec,prca16,likert5,1,5,True,validated,1
b2f300a9-b034-4345-828b-7b27156126ec,prca17,likert5,1,5,True,validated,1
b2f300a9-b034-4345-828b-7b27156126ec,prca18,likert5,1,1,True,validated,0
fb8029cd-c792-4b36-9aed-e508472c8c91,prca01,likert5,1,1,True,validated,0
fb8029cd-c792-4b36-9aed-e508472c8c91,prca02,likert5,1,5,True,validated,1
fb8029cd-c792-4b36-9aed-e508472c8c91,prca03,likert5,1,1,True,validated,0
fb8029cd-c792-4b36-9aed-e508472c8c91,prca04,likert5,1,5,True,validated,1
fb8029cd-c792-4b36-9aed-e508472c8c91,prca05,likert5,1,1,True,validated,0
fb8029cd-c792-4b36-9aed-e508472c8c91,prca06,likert5,1,5,True,validated,1
fb8029cd-c792-4b36-9aed-e508472c8c91,prca13,likert5,1,1,True,validated,0
fb8029cd-c792-4b36-9aed-e508472c8c91,prca14,likert5,1,5,True,validated,1
fb8029cd-c792-4b36-9aed-e508472c8c91,prca15,likert5,1,1,True,validated,0
fb8029cd-c792-4b36-9aed-e508472c8c91,prca16,likert5,1,5,True,validated,1
fb8029cd-c792-4b36-9aed-e508472c8c91,prca17,likert5,1,5,True,validated,1
fb8029cd-c792-4b36-9aed-e508472c8c91,prca18,likert5,1,1,True,validated,0
03e0d8e2-e753-47b4-a284-e2e04595a4b7,prca01,likert5,1,1,True,validated,0
03e0d8e2-e753-47b4-a284-e2e04595a4b7,prca02,likert5,1,5,True,validated,1
03e0d8e2-e753-47b4-a284-e2e04595a4b7,prca03,likert5,1,1,True,validated,0
03e0d8e2-e753-47b4-a284-e2e04595a4b7,prca04,likert5,1,5,True,validated,1
03e0d8e2-e753-47b4-a284-e2e04595a4b7,prca05,likert5,1,1,True,validated,0
03e0d8e2-e753-47b4-a284-e2e04595a4b7,prca06,likert5,1,5,True,validated,1
03e0d8e2-e753-47b4-a284-e2e04595a4b7,prca13,likert5,1,1,True,validated,0
03e0d8e2-e753-47b4-a284-e2e04595a4b7,prca14,likert5,1,5,True,validated,1
03e0d8e2-e753-47b4-a284-e2e04595a4b7,prca15,likert5,1,1,True,validated,0
03e0d8e2-e753-47b4-a284-e2e04595a4b7,prca16,likert5,1,5,True,validated,1
03e0d8e2-e753-47b4-a284-e2e04595a4b7,prca17,likert5,1,5,True,validated,1
03e0d8e2-e753-47b4-a284-e2e04595a4b7,prca18,likert5,1,1,True,validated,0
bdf863c8-0994-4e06-ae42-b5817d5c2b5b,prca01,likert5,1,1,True,validated,0
bdf863c8-0994-4e06-ae42-b5817d5c2b5b,prca02,likert5,1,5,True,validated,1
bdf863c8-0994-4e06-ae42-b5817d5c2b5b,prca03,likert5,1,1,True,validated,0
bdf863c8-0994-4e06-ae42-b5817d5c2b5b,prca04,likert5,1,5,True,validated,1
bdf863c8-0994-4e06-ae42-b5817d5c2b5b,prca05,likert5,1,1,True,validated,0
bdf863c8-0994-4e06-ae42-b5817d5c2b5b,prca06,likert5,1,5,True,validated,1
bdf863c8-0994-4e06-ae42-b5817d5c2b5b,prca13,likert5,1,1,True,validated,0
bdf863c8-0994-4e06-ae42-b5817d5c2b5b,prca14,likert5,1,5,True,validated,1
bdf863c8-0994-4e06-ae42-b5817d5c2b5b,prca15,likert5,1,1,True,validated,0
bdf863c8-0994-4e06-ae42-b5817d5c2b5b,prca16,likert5,1,5,True,validated,1
bdf863c8-0994-4e06-ae42-b5817d5c2b5b,prca17,likert5,1,5,True,validated,1
bdf863c8-0994-4e06-ae42-b5817d5c2b5b,prca18,likert5,1,1,True,validated,0
e2431635-f2a1-4099-a6dc-b431356b10b2,prca01,likert5,1,1,True,validated,0
e2431635-f2a1-4099-a6dc-b431356b10b2,prca02,likert5,1,5,True,validated,1
e2431635-f2a1-4099-a6dc-b431356b10b2,prca03,likert5,1,1,True,validated,0
e2431635-f2a1-4099-a6dc-b431356b10b2,prca04,likert5,1,5,True,validated,1
e2431635-f2a1-4099-a6dc-b431356b10b2,prca05,likert5,1,1,True,validated,0
e2431635-f2a1-4099-a6dc-b431356b10b2,prca06,likert5,1,5,True,validated,1
e2431635-f2a1-4099-a6dc-b431356b10b2,prca13,likert5,1,1,True,validated,0
e2431635-f2a1-4099-a6dc-b431356b10b2,prca14,likert5,1,5,True,validated,1
e2431635-f2a1-4099-a6dc-b431356b10b2,prca15,likert5,1,1,True,validated,0
e2431635-f2a1-4099-a6dc-b431356b10b2,prca16,likert5,1,5,True,validated,1
e2431635-f2a1-4099-a6dc-b431356b10b2,prca17,likert5,1,5,True,validated,1
e2431635-f2a1-4099-a6dc-b431356b10b2,prca18,likert5,1,1,True,validated,0
12a78d28-59ae-4c96-b589-fd6282dbe9e5,prca01,likert5,1,1,True,validated,0
12a78d28-59ae-4c96-b589-fd6282dbe9e5,prca02,likert5,1,5,True,validated,1
12a78d28-59ae-4c96-b589-fd6282dbe9e5,prca03,likert5,1,1,True,validated,0
12a78d28-59ae-4c96-b589-fd6282dbe9e5,prca04,likert5,1,5,True,validated,1
12a78d28-59ae-4c96-b589-fd6282dbe9e5,prca05,likert5,1,1,True,validated,0
12a78d28-59ae-4c96-b589-fd6282dbe9e5,prca06,likert5,1,5,True,validated,1
12a78d28-59ae-4c96-b589-fd6282dbe9e5,prca13,likert5,1,1,True,validated,0
12a78d28-59ae-4c96-b589-fd6282dbe9e5,prca14,likert5,1,5,True,validated,1
12a78d28-59ae-4c96-b589-fd6282dbe9e5,prca15,likert5,1,1,True,validated,0
12a78d28-59ae-4c96-b589-fd6282dbe9e5,prca16,likert5,1,5,True,validated,1
12a78d28-59ae-4c96-b589-fd6282dbe9e5,prca17,likert5,1,5,True,validated,1
12a78d28-59ae-4c96-b589-fd6282dbe9e5,prca18,likert5,1,1,True,validated,0
7098a761-91a9-4615-a6d5-597efc80fe61,prca01,likert5,1,1,True,validated,0
7098a761-91a9-4615-a6d5-597efc80fe61,prca02,likert5,1,5,True,validated,1
7098a761-91a9-4615-a6d5-597efc80fe61,prca03,likert5,1,1,True,validated,0
7098a761-91a9-4615-a6d5-597efc80fe61,prca04,likert5,1,5,True,validated,1
7098a761-91a9-4615-a6d5-597efc80fe61,prca05,likert5,1,1,True,validated,0
7098a761-91a9-4615-a6d5-597efc80fe61,prca06,likert5,1,5,True,validated,1
7098a761-91a9-4615-a6d5-597efc80fe61,prca13,likert5,1,1,True,validated,0
7098a761-91a9-4615-a6d5-597efc80fe61,prca14,likert5,1,5,True,validated,1
7098a761-91a9-4615-a6d5-597efc80fe61,prca15,likert5,1,1,True,validated,0
7098a761-91a9-4615-a6d5-597efc80fe61,prca16,likert5,1,5,True,validated,1
7098a761-91a9-4615-a6d5-597efc80fe61,prca17,likert5,1,5,True,validated,1
7098a761-91a9-4615-a6d5-597efc80fe61,prca18,likert5,1,1,True,validated,0
b369f767-eb45-421d-a984-1a94d817911e,prca01,likert5,1,1,True,validated,0
b369f767-eb45-421d-a984-1a94d817911e,prca02,likert5,1,5,True,validated,1
b369f767-eb45-421d-a984-1a94d817911e,prca03,likert5,1,1,True,validated,0
b369f767-eb45-421d-a984-1a94d817911e,prca04,likert5,1,5,True,validated,1
b369f767-eb45-421d-a984-1a94d817911e,prca05,likert5,1,1,True,validated,0
b369f767-eb45-421d-a984-1a94d817911e,prca06,likert5,1,5,True,validated,1
b369f767-eb45-421d-a984-1a94d817911e,prca13,likert5,1,1,True,validated,0
b369f767-eb45-421d-a984-1a94d817911e,prca14,likert5,1,5,True,validated,1
b369f767-eb45-421d-a984-1a94d817911e,prca15,likert5,1,1,True,validated,0
b369f767-eb45-421d-a984-1a94d817911e,prca16,likert5,1,5,True,validated,1
b369f767-eb45-421d-a984-1a94d817911e,prca17,likert5,1,5,True,validated,1
b369f767-eb45-421d-a984-1a94d817911e,prca18,likert5,1,1,True,validated,0
402d5a09-e4cd-466c-8db3-b6d15871deb8,prca01,likert5,1,1,True,validated,0
402d5a09-e4cd-466c-8db3-b6d15871deb8,prca02,likert5,1,5,True,validated,1
402d5a09-e4cd-466c-8db3-b6d15871deb8,prca03,likert5,1,1,True,validated,0
402d5a09-e4cd-466c-8db3-b6d15871deb8,prca04,likert5,1,5,True,validated,1
402d5a09-e4cd-466c-8db3-b6d15871deb8,prca05,likert5,1,1,True,validated,0
402d5a09-e4cd-466c-8db3-b6d15871deb8,prca06,likert5,1,5,True,validated,1
402d5a09-e4cd-466c-8db3-b6d15871deb8,prca13,likert5,1,1,True,validated,0
402d5a09-e4cd-466c-8db3-b6d15871deb8,prca14,likert5,1,5,True,validated,1
402d5a09-e4cd-466c-8db3-b6d15871deb8,prca15,likert5,1,1,True,validated,0
402d5a09-e4cd-466c-8db3-b6d15871deb8,prca16,likert5,1,5,True,validated,1
402d5a09-e4cd-466c-8db3-b6d15871deb8,prca17,likert5,1,5,True,validated,1
402d5a09-e4cd-466c-8db3-b6d15871deb8,prca18,likert5,1,1,True,validated,0
29746062-7eba-4189-b091-0787707f018b,prca01,likert5,1,1,True,validated,0
29746062-7eba-4189-b091-0787707f018b,prca02,likert5,1,5,True,validated,1
29746062-7eba-4189-b091-0787707f018b,prca03,likert5,1,1,True,validated,0
29746062-7eba-4189-b091-0787707f018b,prca04,likert5,1,5,True,validated,1
29746062-7eba-4189-b091-0787707f018b,prca05,likert5,1,1,True,validated,0
29746062-7eba-4189-b091-0787707f018b,prca06,likert5,1,5,True,validated,1
29746062-7eba-4189-b091-0787707f018b,prca13,likert5,1,1,True,validated,0
29746062-7eba-4189-b091-0787707f018b,prca14,likert5,1,5,True,validated,1
29746062-7eba-4189-b091-0787707f018b,prca15,likert5,1,1,True,validated,0
29746062-7eba-4189-b091-0787707f018b,prca16,likert5,1,5,True,validated,1
29746062-7eba-4189-b091-0787707f018b,prca17,likert5,1,5,True,validated,1
29746062-7eba-4189-b091-0787707f018b,prca18,likert5,1,1,True,validated,0
2b2a5109-e1fd-4f34-8f02-e6e8aca2e681,prca01,likert5,1,1,True,validated,0
2b2a5109-e1fd-4f34-8f02-e6e8aca2e681,prca02,likert5,1,5,True,validated,1
2b2a5109-e1fd-4f34-8f02-e6e8aca2e681,prca03,likert5,1,1,True,validated,0
2b2a5109-e1fd-4f34-8f02-e6e8aca2e681,prca04,likert5,1,5,True,validated,1
2b2a5109-e1fd-4f34-8f02-e6e8aca2e681,prca05,likert5,1,1,True,validated,0
2b2a5109-e1fd-4f34-8f02-e6e8aca2e681,prca06,likert5,1,5,True,validated,1
2b2a5109-e1fd-4f34-8f02-e6e8aca2e681,prca13,likert5,1,1,True,validated,0
2b2a5109-e1fd-4f34-8f02-e6e8aca2e681,prca14,likert5,1,5,True,validated,1
2b2a5109-e1fd-4f34-8f02-e6e8aca2e681,prca15,likert5,1,1,True,validated,0
2b2a5109-e1fd-4f34-8f02-e6e8aca2e681,prca16,likert5,1,5,True,validated,1
2b2a5109-e1fd-4f34-8f02-e6e8aca2e681,prca17,likert5,1,5,True,validated,1
2b2a5109-e1fd-4f34-8f02-e6e8aca2e681,prca18,likert5,1,1,True,validated,0
54616d72-4546-489e-988b-ddc465730c8d,prca01,likert5,1,1,True,validated,0
54616d72-4546-489e-988b-ddc465730c8d,prca02,likert5,1,5,True,validated,1
54616d72-4546-489e-988b-ddc465730c8d,prca03,likert5,1,1,True,validated,0
54616d72-4546-489e-988b-ddc465730c8d,prca04,likert5,1,5,True,validated,1
54616d72-4546-489e-988b-ddc465730c8d,prca05,likert5,1,1,True,validated,0
54616d72-4546-489e-988b-ddc465730c8d,prca06,likert5,1,5,True,validated,1
54616d72-4546-489e-988b-ddc465730c8d,prca13,likert5,1,1,True,validated,0
54616d72-4546-489e-988b-ddc465730c8d,prca14,likert5,1,5,True,validated,1
54616d72-4546-489e-988b-ddc465730c8d,prca15,likert5,1,1,True,validated,0
54616d72-4546-489e-988b-ddc465730c8d,prca16,likert5,1,5,True,validated,1
54616d72-4546-489e-988b-ddc465730c8d,prca17,likert5,1,5,True,validated,1
54616d72-4546-489e-988b-ddc465730c8d,prca18,likert5,1,1,True,validated,0
f1b613c7-98af-4d65-9ecd-784225204da3,prca01,likert5,1,1,True,validated,0
f1b613c7-98af-4d65-9ecd-784225204da3,prca02,likert5,1,5,True,validated,1
f1b613c7-98af-4d65-9ecd-784225204da3,prca03,likert5,1,1,True,validated,0
f1b613c7-98af-4d65-9ecd-784225204da3,prca04,likert5,1,5,True,validated,1
f1b613c7-98af-4d65-9ecd-784225204da3,prca05,likert5,1,1,True,validated,0
f1b613c7-98af-4d65-9ecd-784225204da3,prca06,likert5,1,5,True,validated,1
f1b613c7-98af-4d65-9ecd-784225204da3,prca13,likert5,1,1,True,validated,0
f1b613c7-98af-4d65-9ecd-784225204da3,prca14,likert5,1,5,True,validated,1
f1b613c7-98af-4d65-9ecd-784225204da3,prca15,likert5,1,1,True,validated,0
f1b613c7-98af-4d65-9ecd-784225204da3,prca16,likert5,1,5,True,validated,1
f1b613c7-98af-4d65-9ecd-784225204da3,prca17,likert5,1,5,True,validated,1
f1b613c7-98af-4d65-9ecd-784225204da3,prca18,likert5,1,1,True,validated,0
df57ab99-0002-4d8d-92c8-b0ffe150295e,prca01,likert5,1,1,True,validated,0
df57ab99-0002-4d8d-92c8-b0ffe150295e,prca02,likert5,1,5,True,validated,1
df57ab99-0002-4d8d-92c8-b0ffe150295e,prca03,likert5,1,1,True,validated,0
df57ab99-0002-4d8d-92c8-b0ffe150295e,prca04,likert5,1,5,True,validated,1
df57ab99-0002-4d8d-92c8-b0ffe150295e,prca05,likert5,1,1,True,validated,0
df57ab99-0002-4d8d-92c8-b0ffe150295e,prca06,likert5,1,5,True,validated,1
df57ab99-0002-4d8d-92c8-b0ffe150295e,prca13,likert5,1,1,True,validated,0
df57ab99-0002-4d8d-92c8-b0ffe150295e,prca14,likert5,1,5,True,validated,1
df57ab99-0002-4d8d-92c8-b0ffe150295e,prca15,likert5,1,1,True,validated,0
df57ab99-0002-4d8d-92c8-b0ffe150295e,prca16,likert5,1,5,True,validated,1
df57ab99-0002-4d8d-92c8-b0ffe150295e,prca17,likert5,1,5,True,validated,1
df57ab99-0002-4d8d-92c8-b0ffe150295e,prca18,likert5,1,1,True,validated,0
6f4e4e26-efda-443a-af61-8f321e4cac79,prca01,likert5,1,1,True,validated,0
6f4e4e26-efda-443a-af61-8f321e4cac79,prca02,likert5,4,2,True,validated,1
6f4e4e26-efda-443a-af61-8f321e4cac79,prca03,likert5,1,1,True,validated,0
6f4e4e26-efda-443a-af61-8f321e4cac79,prca04,likert5,4,2,True,validated,1
6f4e4e26-efda-443a-af61-8f321e4cac79,prca05,likert5,1,1,True,validated,0
6f4e4e26-efda-443a-af61-8f321e4cac79,prca06,likert5,1,5,True,validated,1
6f4e4e26-efda-443a-af61-8f321e4cac79,prca13,likert5,1,1,True,validated,0
6f4e4e26-efda-443a-af61-8f321e4cac79,prca14,likert5,1,5,True,validated,1
6f4e4e26-efda-443a-af61-8f321e4cac79,prca15,likert5,1,1,True,validated,0
6f4e4e26-efda-443a-af61-8f321e4cac79,prca16,likert5,1,5,True,validated,1
6f4e4e26-efda-443a-af61-8f321e4cac79,prca17,likert5,1,5,True,validated,1
6f4e4e26-efda-443a-af61-8f321e4cac79,prca18,likert5,1,1,True,validated,0
26a276bb-a4e6-4998-adff-3d59507fd11d,prca01,likert5,1,1,True,validated,0
26a276bb-a4e6-4998-adff-3d59507fd11d,prca02,likert5,1,5,True,validated,1
26a276bb-a4e6-4998-adff-3d59507fd11d,prca03,likert5,1,1,True,validated,0
26a276bb-a4e6-4998-adff-3d59507fd11d,prca04,likert5,1,5,True,validated,1
26a276bb-a4e6-4998-adff-3d59507fd11d,prca05,likert5,1,1,True,validated,0
26a276bb-a4e6-4998-adff-3d59507fd11d,prca06,likert5,1,5,True,validated,1
26a276bb-a4e6-4998-adff-3d59507fd11d,prca13,likert5,1,1,True,validated,0
26a276bb-a4e6-4998-adff-3d59507fd11d,prca14,likert5,1,5,True,validated,1
26a276bb-a4e6-4998-adff-3d59507fd11d,prca15,likert5,1,1,True,validated,0
26a276bb-a4e6-4998-adff-3d59507fd11d,prca16,likert5,1,5,True,validated,1
26a276bb-a4e6-4998-adff-3d59507fd11d,prca17,likert5,1,5,True,validated,1
26a276bb-a4e6-4998-adff-3d59507fd11d,prca18,likert5,1,1,True,validated,0
b99b26b0-119b-4f72-a1bd-fad59ec787be,prca01,likert5,1,1,True,validated,0
b99b26b0-119b-4f72-a1bd-fad59ec787be,prca02,likert5,1,5,True,validated,1
b99b26b0-119b-4f72-a1bd-fad59ec787be,prca03,likert5,1,1,True,validated,0
b99b26b0-119b-4f72-a1bd-fad59ec787be,prca04,likert5,1,5,True,validated,1
b99b26b0-119b-4f72-a1bd-fad59ec787be,prca05,likert5,1,1,True,validated,0
b99b26b0-119b-4f72-a1bd-fad59ec787be,prca06,likert5,1,5,True,validated,1
b99b26b0-119b-4f72-a1bd-fad59ec787be,prca13,likert5,1,1,True,validated,0
b99b26b0-119b-4f72-a1bd-fad59ec787be,prca14,likert5,1,5,True,validated,1
b99b26b0-119b-4f72-a1bd-fad59ec787be,prca15,likert5,1,1,True,validated,0
b99b26b0-119b-4f72-a1bd-fad59ec787be,prca16,likert5,1,5,True,validated,1
b99b26b0-119b-4f72-a1bd-fad59ec787be,prca17,likert5,1,5,True,validated,1
b99b26b0-119b-4f72-a1bd-fad59ec787be,prca18,likert5,1,1,True,validated,0
84593d17-03b5-4efd-af11-41c867d582dd,prca01,likert5,1,1,True,validated,0
84593d17-03b5-4efd-af11-41c867d582dd,prca02,likert5,1,5,True,validated,1
84593d17-03b5-4efd-af11-41c867d582dd,prca03,likert5,1,1,True,validated,0
84593d17-03b5-4efd-af11-41c867d582dd,prca04,likert5,1,5,True,validated,1
84593d17-03b5-4efd-af11-41c867d582dd,prca05,likert5,1,1,True,validated,0
84593d17-03b5-4efd-af11-41c867d582dd,prca06,likert5,1,5,True,validated,1
84593d17-03b5-4efd-af11-41c867d582dd,prca13,likert5,1,1,True,validated,0
84593d17-03b5-4efd-af11-41c867d582dd,prca14,likert5,1,5,True,validated,1
84593d17-03b5-4efd-af11-41c867d582dd,prca15,likert5,1,1,True,validated,0
84593d17-03b5-4efd-af11-41c867d582dd,prca16,likert5,1,5,True,validated,1
84593d17-03b5-4efd-af11-41c867d582dd,prca17,likert5,1,5,True,validated,1
84593d17-03b5-4efd-af11-41c867d582dd,prca18,likert5,1,1,True,validated,0
07198781-9574-46d0-acc0-8a8bfc1645e2,prca01,likert5,1,1,True,validated,0
07198781-9574-46d0-acc0-8a8bfc1645e2,prca02,likert5,1,5,True,validated,1
07198781-9574-46d0-acc0-8a8bfc1645e2,prca03,likert5,1,1,True,validated,0
07198781-9574-46d0-acc0-8a8bfc1645e2,prca04,likert5,1,5,True,validated,1
07198781-9574-46d0-acc0-8a8bfc1645e2,prca05,likert5,1,1,True,validated,0
07198781-9574-46d0-acc0-8a8bfc1645e2,prca06,likert5,1,5,True,validated,1
07198781-9574-46d0-acc0-8a8bfc1645e2,prca13,likert5,1,1,True,validated,0
07198781-9574-46d0-acc0-8a8bfc1645e2,prca14,likert5,1,5,True,validated,1
07198781-9574-46d0-acc0-8a8bfc1645e2,prca15,likert5,1,1,True,validated,0
07198781-9574-46d0-acc0-8a8bfc1645e2,prca16,likert5,1,5,True,validated,1
07198781-9574-46d0-acc0-8a8bfc1645e2,prca17,likert5,1,5,True,validated,1
07198781-9574-46d0-acc0-8a8bfc1645e2,prca18,likert5,1,1,True,validated,0
08cbf270-ed84-4017-98a0-50c64f8af6f8,prca01,likert5,1,1,True,validated,0
08cbf270-ed84-4017-98a0-50c64f8af6f8,prca02,likert5,1,5,True,validated,1
08cbf270-ed84-4017-98a0-50c64f8af6f8,prca03,likert5,1,1,True,validated,0
08cbf270-ed84-4017-98a0-50c64f8af6f8,prca04,likert5,1,5,True,validated,1
08cbf270-ed84-4017-98a0-50c64f8af6f8,prca05,likert5,1,1,True,validated,0
08cbf270-ed84-4017-98a0-50c64f8af6f8,prca06,likert5,1,5,True,validated,1
08cbf270-ed84-4017-98a0-50c64f8af6f8,prca13,likert5,1,1,True,validated,0
08cbf270-ed84-4017-98a0-50c64f8af6f8,prca14,likert5,1,5,True,validated,1
08cbf270-ed84-4017-98a0-50c64f8af6f8,prca15,likert5,1,1,True,validated,0
08cbf270-ed84-4017-98a0-50c64f8af6f8,prca16,likert5,1,5,True,validated,1
08cbf270-ed84-4017-98a0-50c64f8af6f8,prca17,likert5,1,5,True,validated,1
08cbf270-ed84-4017-98a0-50c64f8af6f8,prca18,likert5,1,1,True,validated,0
d72060cb-7414-46cd-8c52-071be61c2252,prca01,likert5,1,1,True,validated,0
d72060cb-7414-46cd-8c52-071be61c2252,prca02,likert5,1,5,True,validated,1
d72060cb-7414-46cd-8c52-071be61c2252,prca03,likert5,1,1,True,validated,0
d72060cb-7414-46cd-8c52-071be61c2252,prca04,likert5,1,5,True,validated,1
d72060cb-7414-46cd-8c52-071be61c2252,prca05,likert5,1,1,True,validated,0
d72060cb-7414-46cd-8c52-071be61c2252,prca06,likert5,1,5,True,validated,1
d72060cb-7414-46cd-8c52-071be61c2252,prca13,likert5,1,1,True,validated,0
d72060cb-7414-46cd-8c52-071be61c2252,prca14,likert5,1,5,True,validated,1
d72060cb-7414-46cd-8c52-071be61c2252,prca15,likert5,1,1,True,validated,0
d72060cb-7414-46cd-8c52-071be61c2252,prca16,likert5,1,5,True,validated,1
d72060cb-7414-46cd-8c52-071be61c2252,prca17,likert5,1,5,True,validated,1
d72060cb-7414-46cd-8c52-071be61c2252,prca18,likert5,1,1,True,validated,0
5b855275-b40b-42b6-92bb-2356e7f0b106,prca01,likert5,1,1,True,validated,0
5b855275-b40b-42b6-92bb-2356e7f0b106,prca02,likert5,1,5,True,validated,1
5b855275-b40b-42b6-92bb-2356e7f0b106,prca03,likert5,1,1,True,validated,0
5b855275-b40b-42b6-92bb-2356e7f0b106,prca04,likert5,1,5,True,validated,1
5b855275-b40b-42b6-92bb-2356e7f0b106,prca05,likert5,1,1,True,validated,0
5b855275-b40b-42b6-92bb-2356e7f0b106,prca06,likert5,1,5,True,validated,1
5b855275-b40b-42b6-92bb-2356e7f0b106,prca13,likert5,1,1,True,validated,0
5b855275-b40b-42b6-92bb-2356e7f0b106,prca14,likert5,1,5,True,validated,1
5b855275-b40b-42b6-92bb-2356e7f0b106,prca15,likert5,1,1,True,validated,0
5b855275-b40b-42b6-92bb-2356e7f0b106,prca16,likert5,1,5,True,validated,1
5b855275-b40b-42b6-92bb-2356e7f0b106,prca17,likert5,1,5,True,validated,1
5b855275-b40b-42b6-92bb-2356e7f0b106,prca18,likert5,1,1,True,validated,0
5bb81e2b-f188-428f-94d7-e282956f3256,prca01,likert5,1,1,True,validated,0
5bb81e2b-f188-428f-94d7-e282956f3256,prca02,likert5,1,5,True,validated,1
5bb81e2b-f188-428f-94d7-e282956f3256,prca03,likert5,1,1,True,validated,0
5bb81e2b-f188-428f-94d7-e282956f3256,prca04,likert5,1,5,True,validated,1
5bb81e2b-f188-428f-94d7-e282956f3256,prca05,likert5,1,1,True,validated,0
5bb81e2b-f188-428f-94d7-e282956f3256,prca06,likert5,1,5,True,validated,1
5bb81e2b-f188-428f-94d7-e282956f3256,prca13,likert5,1,1,True,validated,0
5bb81e2b-f188-428f-94d7-e282956f3256,prca14,likert5,1,5,True,validated,1
5bb81e2b-f188-428f-94d7-e282956f3256,prca15,likert5,1,1,True,validated,0
5bb81e2b-f188-428f-94d7-e282956f3256,prca16,likert5,1,5,True,validated,1
5bb81e2b-f188-428f-94d7-e282956f3256,prca17,likert5,1,5,True,validated,1
5bb81e2b-f188-428f-94d7-e282956f3256,prca18,likert5,1,1,True,validated,0
8b79489b-0b46-4936-ab61-ce4c07de7074,prca01,likert5,1,1,True,validated,0
8b79489b-0b46-4936-ab61-ce4c07de7074,prca02,likert5,1,5,True,validated,1
8b79489b-0b46-4936-ab61-ce4c07de7074,prca03,likert5,1,1,True,validated,0
8b79489b-0b46-4936-ab61-ce4c07de7074,prca04,likert5,1,5,True,validated,1
8b79489b-0b46-4936-ab61-ce4c07de7074,prca05,likert5,1,1,True,validated,0
8b79489b-0b46-4936-ab61-ce4c07de7074,prca06,likert5,1,5,True,validated,1
8b79489b-0b46-4936-ab61-ce4c07de7074,prca13,likert5,1,1,True,validated,0
8b79489b-0b46-4936-ab61-ce4c07de7074,prca14,likert5,1,5,True,validated,1
8b79489b-0b46-4936-ab61-ce4c07de7074,prca15,likert5,1,1,True,validated,0
8b79489b-0b46-4936-ab61-ce4c07de7074,prca16,likert5,1,5,True,validated,1
8b79489b-0b46-4936-ab61-ce4c07de7074,prca17,likert5,1,5,True,validated,1
8b79489b-0b46-4936-ab61-ce4c07de7074,prca18,likert5,1,1,True,validated,0
237eb06f-9c33-4cca-bd64-cf03d4d14761,prca01,likert5,1,1,True,validated,0
237eb06f-9c33-4cca-bd64-cf03d4d14761,prca02,likert5,1,5,True,validated,1
237eb06f-9c33-4cca-bd64-cf03d4d14761,prca03,likert5,1,1,True,validated,0
237eb06f-9c33-4cca-bd64-cf03d4d14761,prca04,likert5,1,5,True,validated,1
237eb06f-9c33-4cca-bd64-cf03d4d14761,prca05,likert5,1,1,True,validated,0
237eb06f-9c33-4cca-bd64-cf03d4d14761,prca06,likert5,1,5,True,validated,1
237eb06f-9c33-4cca-bd64-cf03d4d14761,prca13,likert5,1,1,True,validated,0
237eb06f-9c33-4cca-bd64-cf03d4d14761,prca14,likert5,1,5,True,validated,1
237eb06f-9c33-4cca-bd64-cf03d4d14761,prca15,likert5,1,1,True,validated,0
237eb06f-9c33-4cca-bd64-cf03d4d14761,prca16,likert5,1,5,True,validated,1
237eb06f-9c33-4cca-bd64-cf03d4d14761,prca17,likert5,1,5,True,validated,1
237eb06f-9c33-4cca-bd64-cf03d4d14761,prca18,likert5,1,1,True,validated,0
6652fd54-b6f7-40b3-9cd2-9ad99cf73685,prca01,likert5,1,1,True,validated,0
6652fd54-b6f7-40b3-9cd2-9ad99cf73685,prca02,likert5,1,5,True,validated,1
6652fd54-b6f7-40b3-9cd2-9ad99cf73685,prca03,likert5,1,1,True,validated,0
6652fd54-b6f7-40b3-9cd2-9ad99cf73685,prca04,likert5,1,5,True,validated,1
6652fd54-b6f7-40b3-9cd2-9ad99cf73685,prca05,likert5,1,1,True,validated,0
6652fd54-b6f7-40b3-9cd2-9ad99cf73685,prca06,likert5,1,5,True,validated,1
6652fd54-b6f7-40b3-9cd2-9ad99cf73685,prca13,likert5,1,1,True,validated,0
6652fd54-b6f7-40b3-9cd2-9ad99cf73685,prca14,likert5,1,5,True,validated,1
6652fd54-b6f7-40b3-9cd2-9ad99cf73685,prca15,likert5,1,1,True,validated,0
6652fd54-b6f7-40b3-9cd2-9ad99cf73685,prca16,likert5,1,5,True,validated,1
6652fd54-b6f7-40b3-9cd2-9ad99cf73685,prca17,likert5,1,5,True,validated,1
6652fd54-b6f7-40b3-9cd2-9ad99cf73685,prca18,likert5,1,1,True,validated,0
a6646774-6199-4114-b15d-62b3fbaf75de,prca01,likert5,1,1,True,validated,0
a6646774-6199-4114-b15d-62b3fbaf75de,prca02,likert5,1,5,True,validated,1
a6646774-6199-4114-b15d-62b3fbaf75de,prca03,likert5,1,1,True,validated,0
a6646774-6199-4114-b15d-62b3fbaf75de,prca04,likert5,1,5,True,validated,1
a6646774-6199-4114-b15d-62b3fbaf75de,prca05,likert5,1,1,True,validated,0
a6646774-6199-4114-b15d-62b3fbaf75de,prca06,likert5,1,5,True,validated,1
a6646774-6199-4114-b15d-62b3fbaf75de,prca13,likert5,1,1,True,validated,0
a6646774-6199-4114-b15d-62b3fbaf75de,prca14,likert5,1,5,True,validated,1
a6646774-6199-4114-b15d-62b3fbaf75de,prca15,likert5,1,1,True,validated,0
a6646774-6199-4114-b15d-62b3fbaf75de,prca16,likert5,1,5,True,validated,1
a6646774-6199-4114-b15d-62b3fbaf75de,prca17,likert5,1,5,True,validated,1
a6646774-6199-4114-b15d-62b3fbaf75de,prca18,likert5,1,1,True,validated,0
8ff6f0dd-8d5d-47a3-866d-dbec50b5665e,prca01,likert5,1,1,True,validated,0
8ff6f0dd-8d5d-47a3-866d-dbec50b5665e,prca02,likert5,1,5,True,validated,1
8ff6f0dd-8d5d-47a3-866d-dbec50b5665e,prca03,likert5,1,1,True,validated,0
8ff6f0dd-8d5d-47a3-866d-dbec50b5665e,prca04,likert5,1,5,True,validated,1
8ff6f0dd-8d5d-47a3-866d-dbec50b5665e,prca05,likert5,1,1,True,validated,0
8ff6f0dd-8d5d-47a3-866d-dbec50b5665e,prca06,likert5,1,5,True,validated,1
8ff6f0dd-8d5d-47a3-866d-dbec50b5665e,prca13,likert5,1,1,True,validated,0
8ff6f0dd-8d5d-47a3-866d-dbec50b5665e,prca14,likert5,1,5,True,validated,1
8ff6f0dd-8d5d-47a3-866d-dbec50b5665e,prca15,likert5,1,1,True,validated,0
8ff6f0dd-8d5d-47a3-866d-dbec50b5665e,prca16,likert5,1,5,True,validated,1
8ff6f0dd-8d5d-47a3-866d-dbec50b5665e,prca17,likert5,1,5,True,validated,1
8ff6f0dd-8d5d-47a3-866d-dbec50b5665e,prca18,likert5,1,1,True,validated,0
db694a89-0033-4fa4-a0eb-a98ffc49dc27,prca01,likert5,1,1,True,validated,0
db694a89-0033-4fa4-a0eb-a98ffc49dc27,prca02,likert5,1,5,True,validated,1
db694a89-0033-4fa4-a0eb-a98ffc49dc27,prca03,likert5,1,1,True,validated,0
db694a89-0033-4fa4-a0eb-a98ffc49dc27,prca04,likert5,1,5,True,validated,1
db694a89-0033-4fa4-a0eb-a98ffc49dc27,prca05,likert5,1,1,True,validated,0
db694a89-0033-4fa4-a0eb-a98ffc49dc27,prca06,likert5,1,5,True,validated,1
db694a89-0033-4fa4-a0eb-a98ffc49dc27,prca13,likert5,1,1,True,validated,0
db694a89-0033-4fa4-a0eb-a98ffc49dc27,prca14,likert5,1,5,True,validated,1
db694a89-0033-4fa4-a0eb-a98ffc49dc27,prca15,likert5,1,1,True,validated,0
db694a89-0033-4fa4-a0eb-a98ffc49dc27,prca16,likert5,1,5,True,validated,1
db694a89-0033-4fa4-a0eb-a98ffc49dc27,prca17,likert5,1,5,True,validated,1
db694a89-0033-4fa4-a0eb-a98ffc49dc27,prca18,likert5,1,1,True,validated,0
2d1b5ea4-2d73-4a10-9b07-17ada9903f56,prca01,likert5,1,1,True,validated,0
2d1b5ea4-2d73-4a10-9b07-17ada9903f56,prca02,likert5,1,5,True,validated,1
2d1b5ea4-2d73-4a10-9b07-17ada9903f56,prca03,likert5,1,1,True,validated,0
2d1b5ea4-2d73-4a10-9b07-17ada9903f56,prca04,likert5,1,5,True,validated,1
2d1b5ea4-2d73-4a10-9b07-17ada9903f56,prca05,likert5,1,1,True,validated,0
2d1b5ea4-2d73-4a10-9b07-17ada9903f56,prca06,likert5,1,5,True,validated,1
2d1b5ea4-2d73-4a10-9b07-17ada9903f56,prca13,likert5,1,1,True,validated,0
2d1b5ea4-2d73-4a10-9b07-17ada9903f56,prca14,likert5,1,5,True,validated,1
2d1b5ea4-2d73-4a10-9b07-17ada9903f56,prca15,likert5,1,1,True,validated,0
2d1b5ea4-2d73-4a10-9b07-17ada9903f56,prca16,likert5,1,5,True,validated,1
2d1b5ea4-2d73-4a10-9b07-17ada9903f56,prca17,likert5,1,5,True,validated,1
2d1b5ea4-2d73-4a10-9b07-17ada9903f56,prca18,likert5,1,1,True,validated,0
13e2adb2-ae4a-4160-bf83-0c087070ef0f,prca01,likert5,1,1,True,validated,0
13e2adb2-ae4a-4160-bf83-0c087070ef0f,prca02,likert5,1,5,True,validated,1
13e2adb2-ae4a-4160-bf83-0c087070ef0f,prca03,likert5,1,1,True,validated,0
13e2adb2-ae4a-4160-bf83-0c087070ef0f,prca04,likert5,1,5,True,validated,1
13e2adb2-ae4a-4160-bf83-0c087070ef0f,prca05,likert5,1,1,True,validated,0
13e2adb2-ae4a-4160-bf83-0c087070ef0f,prca06,likert5,1,5,True,validated,1
13e2adb2-ae4a-4160-bf83-0c087070ef0f,prca13,likert5,1,1,True,validated,0
13e2adb2-ae4a-4160-bf83-0c087070ef0f,prca14,likert5,1,5,True,validated,1
13e2adb2-ae4a-4160-bf83-0c087070ef0f,prca15,likert5,1,1,True,validated,0
13e2adb2-ae4a-4160-bf83-0c087070ef0f,prca16,likert5,1,5,True,validated,1
13e2adb2-ae4a-4160-bf83-0c087070ef0f,prca17,likert5,1,5,True,validated,1
13e2adb2-ae4a-4160-bf83-0c087070ef0f,prca18,likert5,1,1,True,validated,0
6cf527f3-d694-4b07-9017-195e69535c58,prca01,likert5,1,1,True,validated,0
6cf527f3-d694-4b07-9017-195e69535c58,prca02,likert5,1,5,True,validated,1
6cf527f3-d694-4b07-9017-195e69535c58,prca03,likert5,1,1,True,validated,0
6cf527f3-d694-4b07-9017-195e69535c58,prca04,likert5,1,5,True,validated,1
6cf527f3-d694-4b07-9017-195e69535c58,prca05,likert5,1,1,True,validated,0
6cf527f3-d694-4b07-9017-195e69535c58,prca06,likert5,1,5,True,validated,1
6cf527f3-d694-4b07-9017-195e69535c58,prca13,likert5,1,1,True,validated,0
6cf527f3-d694-4b07-9017-195e69535c58,prca14,likert5,1,5,True,validated,1
6cf527f3-d694-4b07-9017-195e69535c58,prca15,likert5,1,1,True,validated,0
6cf527f3-d694-4b07-9017-195e69535c58,prca16,likert5,1,5,True,validated,1
6cf527f3-d694-4b07-9017-195e69535c58,prca17,likert5,1,5,True,validated,1
6cf527f3-d694-4b07-9017-195e69535c58,prca18,likert5,1,1,True,validated,0
cf886686-ea46-4ec5-b7af-d7a48c60056b,prca01,likert5,1,1,True,validated,0
cf886686-ea46-4ec5-b7af-d7a48c60056b,prca02,likert5,1,5,True,validated,1
cf886686-ea46-4ec5-b7af-d7a48c60056b,prca03,likert5,1,1,True,validated,0
cf886686-ea46-4ec5-b7af-d7a48c60056b,prca04,likert5,1,5,True,validated,1
cf886686-ea46-4ec5-b7af-d7a48c60056b,prca05,likert5,1,1,True,validated,0
cf886686-ea46-4ec5-b7af-d7a48c60056b,prca06,likert5,1,5,True,validated,1
cf886686-ea46-4ec5-b7af-d7a48c60056b,prca13,likert5,1,1,True,validated,0
cf886686-ea46-4ec5-b7af-d7a48c60056b,prca14,likert5,1,5,True,validated,1
cf886686-ea46-4ec5-b7af-d7a48c60056b,prca15,likert5,1,1,True,validated,0
cf886686-ea46-4ec5-b7af-d7a48c60056b,prca16,likert5,1,5,True,validated,1
cf886686-ea46-4ec5-b7af-d7a48c60056b,prca17,likert5,1,5,True,validated,1
cf886686-ea46-4ec5-b7af-d7a48c60056b,prca18,likert5,1,1,True,validated,0
7b34cc33-9414-4169-9645-8b11b56c03c5,prca01,likert5,1,1,True,validated,0
7b34cc33-9414-4169-9645-8b11b56c03c5,prca02,likert5,1,5,True,validated,1
7b34cc33-9414-4169-9645-8b11b56c03c5,prca03,likert5,1,1,True,validated,0
7b34cc33-9414-4169-9645-8b11b56c03c5,prca04,likert5,1,5,True,validated,1
7b34cc33-9414-4169-9645-8b11b56c03c5,prca05,likert5,1,1,True,validated,0
7b34cc33-9414-4169-9645-8b11b56c03c5,prca06,likert5,1,5,True,validated,1
7b34cc33-9414-4169-9645-8b11b56c03c5,prca13,likert5,1,1,True,validated,0
7b34cc33-9414-4169-9645-8b11b56c03c5,prca14,likert5,1,5,True,validated,1
7b34cc33-9414-4169-9645-8b11b56c03c5,prca15,likert5,1,1,True,validated,0
7b34cc33-9414-4169-9645-8b11b56c03c5,prca16,likert5,1,5,True,validated,1
7b34cc33-9414-4169-9645-8b11b56c03c5,prca17,likert5,1,5,True,validated,1
7b34cc33-9414-4169-9645-8b11b56c03c5,prca18,likert5,1,1,True,validated,0
099fbf35-d901-40a9-9df6-142f9fac95be,prca01,likert5,1,1,True,validated,0
099fbf35-d901-40a9-9df6-142f9fac95be,prca02,likert5,1,5,True,validated,1
099fbf35-d901-40a9-9df6-142f9fac95be,prca03,likert5,1,1,True,validated,0
099fbf35-d901-40a9-9df6-142f9fac95be,prca04,likert5,1,5,True,validated,1
099fbf35-d901-40a9-9df6-142f9fac95be,prca05,likert5,1,1,True,validated,0
099fbf35-d901-40a9-9df6-142f9fac95be,prca06,likert5,1,5,True,validated,1
099fbf35-d901-40a9-9df6-142f9fac95be,prca13,likert5,1,1,True,validated,0
099fbf35-d901-40a9-9df6-142f9fac95be,prca14,likert5,1,5,True,validated,1
099fbf35-d901-40a9-9df6-142f9fac95be,prca15,likert5,1,1,True,validated,0
099fbf35-d901-40a9-9df6-142f9fac95be,prca16,likert5,1,5,True,validated,1
099fbf35-d901-40a9-9df6-142f9fac95be,prca17,likert5,1,5,True,validated,1
099fbf35-d901-40a9-9df6-142f9fac95be,prca18,likert5,1,1,True,validated,0
6eff02c2-35f9-437a-9f6c-982acfd72a93,prca01,likert5,1,1,True,validated,0
6eff02c2-35f9-437a-9f6c-982acfd72a93,prca02,likert5,1,5,True,validated,1
6eff02c2-35f9-437a-9f6c-982acfd72a93,prca03,likert5,1,1,True,validated,0
6eff02c2-35f9-437a-9f6c-982acfd72a93,prca04,likert5,1,5,True,validated,1
6eff02c2-35f9-437a-9f6c-982acfd72a93,prca05,likert5,1,1,True,validated,0
6eff02c2-35f9-437a-9f6c-982acfd72a93,prca06,likert5,1,5,True,validated,1
6eff02c2-35f9-437a-9f6c-982acfd72a93,prca13,likert5,1,1,True,validated,0
6eff02c2-35f9-437a-9f6c-982acfd72a93,prca14,likert5,1,5,True,validated,1
6eff02c2-35f9-437a-9f6c-982acfd72a93,prca15,likert5,1,1,True,validated,0
6eff02c2-35f9-437a-9f6c-982acfd72a93,prca16,likert5,1,5,True,validated,1
6eff02c2-35f9-437a-9f6c-982acfd72a93,prca17,likert5,1,5,True,validated,1
6eff02c2-35f9-437a-9f6c-982acfd72a93,prca18,likert5,1,1,True,validated,0
4fdaf71e-b489-4f96-a8b5-25c064c940f9,prca01,likert5,1,1,True,validated,0
4fdaf71e-b489-4f96-a8b5-25c064c940f9,prca02,likert5,1,5,True,validated,1
4fdaf71e-b489-4f96-a8b5-25c064c940f9,prca03,likert5,1,1,True,validated,0
4fdaf71e-b489-4f96-a8b5-25c064c940f9,prca04,likert5,1,5,True,validated,1
4fdaf71e-b489-4f96-a8b5-25c064c940f9,prca05,likert5,1,1,True,validated,0
4fdaf71e-b489-4f96-a8b5-25c064c940f9,prca06,likert5,1,5,True,validated,1
4fdaf71e-b489-4f96-a8b5-25c064c940f9,prca13,likert5,1,1,True,validated,0
4fdaf71e-b489-4f96-a8b5-25c064c940f9,prca14,likert5,1,5,True,validated,1
4fdaf71e-b489-4f96-a8b5-25c064c940f9,prca15,likert5,1,1,True,validated,0
4fdaf71e-b489-4f96-a8b5-25c064c940f9,prca16,likert5,1,5,True,validated,1
4fdaf71e-b489-4f96-a8b5-25c064c940f9,prca17,likert5,1,5,True,validated,1
4fdaf71e-b489-4f96-a8b5-25c064c940f9,prca18,likert5,1,1,True,validated,0
e1e944ac-c377-4f79-9f52-e3772026b64c,prca01,likert5,1,1,True,validated,0
e1e944ac-c377-4f79-9f52-e3772026b64c,prca02,likert5,1,5,True,validated,1
e1e944ac-c377-4f79-9f52-e3772026b64c,prca03,likert5,1,1,True,validated,0
e1e944ac-c377-4f79-9f52-e3772026b64c,prca04,likert5,1,5,True,validated,1
e1e944ac-c377-4f79-9f52-e3772026b64c,prca05,likert5,1,1,True,validated,0
e1e944ac-c377-4f79-9f52-e3772026b64c,prca06,likert5,1,5,True,validated,1
e1e944ac-c377-4f79-9f52-e3772026b64c,prca13,likert5,1,1,True,validated,0
e1e944ac-c377-4f79-9f52-e3772026b64c,prca14,likert5,1,5,True,validated,1
e1e944ac-c377-4f79-9f52-e3772026b64c,prca15,likert5,1,1,True,validated,0
e1e944ac-c377-4f79-9f52-e3772026b64c,prca16,likert5,1,5,True,validated,1
e1e944ac-c377-4f79-9f52-e3772026b64c,prca17,likert5,1,5,True,validated,1
e1e944ac-c377-4f79-9f52-e3772026b64c,prca18,likert5,1,1,True,validated,0
d19bfed7-0744-4d9b-9f68-c9480da43920,prca01,likert5,1,1,True,validated,0
d19bfed7-0744-4d9b-9f68-c9480da43920,prca02,likert5,1,5,True,validated,1
d19bfed7-0744-4d9b-9f68-c9480da43920,prca03,likert5,1,1,True,validated,0
d19bfed7-0744-4d9b-9f68-c9480da43920,prca04,likert5,1,5,True,validated,1
d19bfed7-0744-4d9b-9f68-c9480da43920,prca05,likert5,1,1,True,validated,0
d19bfed7-0744-4d9b-9f68-c9480da43920,prca06,likert5,1,5,True,validated,1
d19bfed7-0744-4d9b-9f68-c9480da43920,prca13,likert5,1,1,True,validated,0
d19bfed7-0744-4d9b-9f68-c9480da43920,prca14,likert5,1,5,True,validated,1
d19bfed7-0744-4d9b-9f68-c9480da43920,prca15,likert5,1,1,True,validated,0
d19bfed7-0744-4d9b-9f68-c9480da43920,prca16,likert5,1,5,True,validated,1
d19bfed7-0744-4d9b-9f68-c9480da43920,prca17,likert5,1,5,True,validated,1
d19bfed7-0744-4d9b-9f68-c9480da43920,prca18,likert5,1,1,True,validated,0
87a171e8-70b6-4419-b391-7d9b32b4d481,prca01,likert5,1,1,True,validated,0
87a171e8-70b6-4419-b391-7d9b32b4d481,prca02,likert5,1,5,True,validated,1
87a171e8-70b6-4419-b391-7d9b32b4d481,prca03,likert5,1,1,True,validated,0
87a171e8-70b6-4419-b391-7d9b32b4d481,prca04,likert5,1,5,True,validated,1
87a171e8-70b6-4419-b391-7d9b32b4d481,prca05,likert5,1,1,True,validated,0
87a171e8-70b6-4419-b391-7d9b32b4d481,prca06,likert5,1,5,True,validated,1
87a171e8-70b6-4419-b391-7d9b32b4d481,prca13,likert5,1,1,True,validated,0
87a171e8-70b6-4419-b391-7d9b32b4d481,prca14,likert5,1,5,True,validated,1
87a171e8-70b6-4419-b391-7d9b32b4d481,prca15,likert5,1,1,True,validated,0
87a171e8-70b6-4419-b391-7d9b32b4d481,prca16,likert5,1,5,True,validated,1
87a171e8-70b6-4419-b391-7d9b32b4d481,prca17,likert5,1,5,True,validated,1
87a171e8-70b6-4419-b391-7d9b32b4d481,prca18,likert5,1,1,True,validated,0
3350a568-4943-4ccb-ac3e-cadcf15c4c24,prca01,likert5,1,1,True,validated,0
3350a568-4943-4ccb-ac3e-cadcf15c4c24,prca02,likert5,1,5,True,validated,1
3350a568-4943-4ccb-ac3e-cadcf15c4c24,prca03,likert5,1,1,True,validated,0
3350a568-4943-4ccb-ac3e-cadcf15c4c24,prca04,likert5,1,5,True,validated,1
3350a568-4943-4ccb-ac3e-cadcf15c4c24,prca05,likert5,1,1,True,validated,0
3350a568-4943-4ccb-ac3e-cadcf15c4c24,prca06,likert5,1,5,True,validated,1
3350a568-4943-4ccb-ac3e-cadcf15c4c24,prca13,likert5,1,1,True,validated,0
3350a568-4943-4ccb-ac3e-cadcf15c4c24,prca14,likert5,1,5,True,validated,1
3350a568-4943-4ccb-ac3e-cadcf15c4c24,prca15,likert5,1,1,True,validated,0
3350a568-4943-4ccb-ac3e-cadcf15c4c24,prca16,likert5,1,5,True,validated,1
3350a568-4943-4ccb-ac3e-cadcf15c4c24,prca17,likert5,1,5,True,validated,1
3350a568-4943-4ccb-ac3e-cadcf15c4c24,prca18,likert5,1,1,True,validated,0
f9021900-7abf-43d8-bd55-37294f3177d7,prca01,likert5,1,1,True,validated,0
f9021900-7abf-43d8-bd55-37294f3177d7,prca02,likert5,1,5,True,validated,1
f9021900-7abf-43d8-bd55-37294f3177d7,prca03,likert5,1,1,True,validated,0
f9021900-7abf-43d8-bd55-37294f3177d7,prca04,likert5,1,5,True,validated,1
f9021900-7abf-43d8-bd55-37294f3177d7,prca05,likert5,1,1,True,validated,0
f9021900-7abf-43d8-bd55-37294f3177d7,prca06,likert5,1,5,True,validated,1
f9021900-7abf-43d8-bd55-37294f3177d7,prca13,likert5,1,1,True,validated,0
f9021900-7abf-43d8-bd55-37294f3177d7,prca14,likert5,1,5,True,validated,1
f9021900-7abf-43d8-bd55-37294f3177d7,prca15,likert5,1,1,True,validated,0
f9021900-7abf-43d8-bd55-37294f3177d7,prca16,likert5,1,5,True,validated,1
f9021900-7abf-43d8-bd55-37294f3177d7,prca17,likert5,1,5,True,validated,1
f9021900-7abf-43d8-bd55-37294f3177d7,prca18,likert5,1,1,True,validated,0
2b007b0f-894c-40b1-8c2b-0c90dd7f812c,prca01,likert5,1,1,True,validated,0
2b007b0f-894c-40b1-8c2b-0c90dd7f812c,prca02,likert5,1,5,True,validated,1
2b007b0f-894c-40b1-8c2b-0c90dd7f812c,prca03,likert5,1,1,True,validated,0
2b007b0f-894c-40b1-8c2b-0c90dd7f812c,prca04,likert5,1,5,True,validated,1
2b007b0f-894c-40b1-8c2b-0c90dd7f812c,prca05,likert5,1,1,True,validated,0
2b007b0f-894c-40b1-8c2b-0c90dd7f812c,prca06,likert5,1,5,True,validated,1
2b007b0f-894c-40b1-8c2b-0c90dd7f812c,prca13,likert5,1,1,True,validated,0
2b007b0f-894c-40b1-8c2b-0c90dd7f812c,prca14,likert5,1,5,True,validated,1
2b007b0f-894c-40b1-8c2b-0c90dd7f812c,prca15,likert5,1,1,True,validated,0
2b007b0f-894c-40b1-8c2b-0c90dd7f812c,prca16,likert5,1,5,True,validated,1
2b007b0f-894c-40b1-8c2b-0c90dd7f812c,prca17,likert5,1,5,True,validated,1
2b007b0f-894c-40b1-8c2b-0c90dd7f812c,prca18,likert5,1,1,True,validated,0
94c71c48-6759-4f35-b960-93091c0eb941,prca01,likert5,1,1,True,validated,0
94c71c48-6759-4f35-b960-93091c0eb941,prca02,likert5,1,5,True,validated,1
94c71c48-6759-4f35-b960-93091c0eb941,prca03,likert5,1,1,True,validated,0
94c71c48-6759-4f35-b960-93091c0eb941,prca04,likert5,1,5,True,validated,1
94c71c48-6759-4f35-b960-93091c0eb941,prca05,likert5,1,1,True,validated,0
94c71c48-6759-4f35-b960-93091c0eb941,prca06,likert5,1,5,True,validated,1
94c71c48-6759-4f35-b960-93091c0eb941,prca13,likert5,1,1,True,validated,0
94c71c48-6759-4f35-b960-93091c0eb941,prca14,likert5,1,5,True,validated,1
94c71c48-6759-4f35-b960-93091c0eb941,prca15,likert5,1,1,True,validated,0
94c71c48-6759-4f35-b960-93091c0eb941,prca16,likert5,1,5,True,validated,1
94c71c48-6759-4f35-b960-93091c0eb941,prca17,likert5,1,5,True,validated,1
94c71c48-6759-4f35-b960-93091c0eb941,prca18,likert5,1,1,True,validated,0
e34f822a-6e6d-483e-a4d4-d63a9347bf30,prca01,likert5,1,1,True,validated,0
e34f822a-6e6d-483e-a4d4-d63a9347bf30,prca02,likert5,1,5,True,validated,1
e34f822a-6e6d-483e-a4d4-d63a9347bf30,prca03,likert5,1,1,True,validated,0
e34f822a-6e6d-483e-a4d4-d63a9347bf30,prca04,likert5,1,5,True,validated,1
e34f822a-6e6d-483e-a4d4-d63a9347bf30,prca05,likert5,1,1,True,validated,0
e34f822a-6e6d-483e-a4d4-d63a9347bf30,prca06,likert5,1,5,True,validated,1
e34f822a-6e6d-483e-a4d4-d63a9347bf30,prca13,likert5,1,1,True,validated,0
e34f822a-6e6d-483e-a4d4-d63a9347bf30,prca14,likert5,1,5,True,validated,1
e34f822a-6e6d-483e-a4d4-d63a9347bf30,prca15,likert5,1,1,True,validated,0
e34f822a-6e6d-483e-a4d4-d63a9347bf30,prca16,likert5,1,5,True,validated,1
e34f822a-6e6d-483e-a4d4-d63a9347bf30,prca17,likert5,1,5,True,validated,1
e34f822a-6e6d-483e-a4d4-d63a9347bf30,prca18,likert5,1,1,True,validated,0
bed39172-26c0-4849-93f3-801b9900a45f,prca01,likert5,1,1,True,validated,0
bed39172-26c0-4849-93f3-801b9900a45f,prca02,likert5,1,5,True,validated,1
bed39172-26c0-4849-93f3-801b9900a45f,prca03,likert5,1,1,True,validated,0
bed39172-26c0-4849-93f3-801b9900a45f,prca04,likert5,1,5,True,validated,1
bed39172-26c0-4849-93f3-801b9900a45f,prca05,likert5,1,1,True,validated,0
bed39172-26c0-4849-93f3-801b9900a45f,prca06,likert5,1,5,True,validated,1
bed39172-26c0-4849-93f3-801b9900a45f,prca13,likert5,1,1,True,validated,0
bed39172-26c0-4849-93f3-801b9900a45f,prca14,likert5,1,5,True,validated,1
bed39172-26c0-4849-93f3-801b9900a45f,prca15,likert5,1,1,True,validated,0
bed39172-26c0-4849-93f3-801b9900a45f,prca16,likert5,1,5,True,validated,1
bed39172-26c0-4849-93f3-801b9900a45f,prca17,likert5,1,5,True,validated,1
bed39172-26c0-4849-93f3-801b9900a45f,prca18,likert5,1,1,True,validated,0
ff4bb9a8-789a-4564-84ed-2b520439448e,prca01,likert5,1,1,True,validated,0
ff4bb9a8-789a-4564-84ed-2b520439448e,prca02,likert5,1,5,True,validated,1
ff4bb9a8-789a-4564-84ed-2b520439448e,prca03,likert5,1,1,True,validated,0
ff4bb9a8-789a-4564-84ed-2b520439448e,prca04,likert5,1,5,True,validated,1
ff4bb9a8-789a-4564-84ed-2b520439448e,prca05,likert5,1,1,True,validated,0
ff4bb9a8-789a-4564-84ed-2b520439448e,prca06,likert5,1,5,True,validated,1
ff4bb9a8-789a-4564-84ed-2b520439448e,prca13,likert5,1,1,True,validated,0
ff4bb9a8-789a-4564-84ed-2b520439448e,prca14,likert5,1,5,True,validated,1
ff4bb9a8-789a-4564-84ed-2b520439448e,prca15,likert5,1,1,True,validated,0
ff4bb9a8-789a-4564-84ed-2b520439448e,prca16,likert5,1,5,True,validated,1
ff4bb9a8-789a-4564-84ed-2b520439448e,prca17,likert5,1,5,True,validated,1
ff4bb9a8-789a-4564-84ed-2b520439448e,prca18,likert5,1,1,True,validated,0
f800674e-c42e-430c-a735-b68c3901c541,prca01,likert5,1,1,True,validated,0
f800674e-c42e-430c-a735-b68c3901c541,prca02,likert5,1,5,True,validated,1
f800674e-c42e-430c-a735-b68c3901c541,prca03,likert5,1,1,True,validated,0
f800674e-c42e-430c-a735-b68c3901c541,prca04,likert5,1,5,True,validated,1
f800674e-c42e-430c-a735-b68c3901c541,prca05,likert5,1,1,True,validated,0
f800674e-c42e-430c-a735-b68c3901c541,prca06,likert5,1,5,True,validated,1
f800674e-c42e-430c-a735-b68c3901c541,prca13,likert5,1,1,True,validated,0
f800674e-c42e-430c-a735-b68c3901c541,prca14,likert5,1,5,True,validated,1
f800674e-c42e-430c-a735-b68c3901c541,prca15,likert5,1,1,True,validated,0
f800674e-c42e-430c-a735-b68c3901c541,prca16,likert5,1,5,True,validated,1
f800674e-c42e-430c-a735-b68c3901c541,prca17,likert5,1,5,True,validated,1
f800674e-c42e-430c-a735-b68c3901c541,prca18,likert5,1,1,True,validated,0
4194bf57-b317-4154-be1b-37aa20498d43,prca01,likert5,1,1,True,validated,0
4194bf57-b317-4154-be1b-37aa20498d43,prca02,likert5,1,5,True,validated,1
4194bf57-b317-4154-be1b-37aa20498d43,prca03,likert5,1,1,True,validated,0
4194bf57-b317-4154-be1b-37aa20498d43,prca04,likert5,1,5,True,validated,1
4194bf57-b317-4154-be1b-37aa20498d43,prca05,likert5,1,1,True,validated,0
4194bf57-b317-4154-be1b-37aa20498d43,prca06,likert5,1,5,True,validated,1
4194bf57-b317-4154-be1b-37aa20498d43,prca13,likert5,1,1,True,validated,0
4194bf57-b317-4154-be1b-37aa20498d43,prca14,likert5,1,5,True,validated,1
4194bf57-b317-4154-be1b-37aa20498d43,prca15,likert5,1,1,True,validated,0
4194bf57-b317-4154-be1b-37aa20498d43,prca16,likert5,1,5,True,validated,1
4194bf57-b317-4154-be1b-37aa20498d43,prca17,likert5,1,5,True,validated,1
4194bf57-b317-4154-be1b-37aa20498d43,prca18,likert5,1,1,True,validated,0
8725b013-2520-4feb-a170-f04ceade0faf,prca01,likert5,1,1,True,validated,0
8725b013-2520-4feb-a170-f04ceade0faf,prca02,likert5,1,5,True,validated,1
8725b013-2520-4feb-a170-f04ceade0faf,prca03,likert5,1,1,True,validated,0
8725b013-2520-4feb-a170-f04ceade0faf,prca04,likert5,1,5,True,validated,1
8725b013-2520-4feb-a170-f04ceade0faf,prca05,likert5,1,1,True,validated,0
8725b013-2520-4feb-a170-f04ceade0faf,prca06,likert5,1,5,True,validated,1
8725b013-2520-4feb-a170-f04ceade0faf,prca13,likert5,1,1,True,validated,0
8725b013-2520-4feb-a170-f04ceade0faf,prca14,likert5,1,5,True,validated,1
8725b013-2520-4feb-a170-f04ceade0faf,prca15,likert5,1,1,True,validated,0
8725b013-2520-4feb-a170-f04ceade0faf,prca16,likert5,1,5,True,validated,1
8725b013-2520-4feb-a170-f04ceade0faf,prca17,likert5,1,5,True,validated,1
8725b013-2520-4feb-a170-f04ceade0faf,prca18,likert5,1,1,True,validated,0
04760c3d-3eea-40da-839a-016041223536,prca01,likert5,1,1,True,validated,0
04760c3d-3eea-40da-839a-016041223536,prca02,likert5,1,5,True,validated,1
04760c3d-3eea-40da-839a-016041223536,prca03,likert5,1,1,True,validated,0
04760c3d-3eea-40da-839a-016041223536,prca04,likert5,1,5,True,validated,1
04760c3d-3eea-40da-839a-016041223536,prca05,likert5,1,1,True,validated,0
04760c3d-3eea-40da-839a-016041223536,prca06,likert5,1,5,True,validated,1
04760c3d-3eea-40da-839a-016041223536,prca13,likert5,1,1,True,validated,0
04760c3d-3eea-40da-839a-016041223536,prca14,likert5,1,5,True,validated,1
04760c3d-3eea-40da-839a-016041223536,prca15,likert5,1,1,True,validated,0
04760c3d-3eea-40da-839a-016041223536,prca16,likert5,1,5,True,validated,1
04760c3d-3eea-40da-839a-016041223536,prca17,likert5,1,5,True,validated,1
04760c3d-3eea-40da-839a-016041223536,prca18,likert5,1,1,True,validated,0
7f8398c0-7b77-42d5-9681-e4b05c25fc7f,prca01,likert5,1,1,True,validated,0
7f8398c0-7b77-42d5-9681-e4b05c25fc7f,prca02,likert5,1,5,True,validated,1
7f8398c0-7b77-42d5-9681-e4b05c25fc7f,prca03,likert5,1,1,True,validated,0
7f8398c0-7b77-42d5-9681-e4b05c25fc7f,prca04,likert5,1,5,True,validated,1
7f8398c0-7b77-42d5-9681-e4b05c25fc7f,prca05,likert5,1,1,True,validated,0
7f8398c0-7b77-42d5-9681-e4b05c25fc7f,prca06,likert5,1,5,True,validated,1
7f8398c0-7b77-42d5-9681-e4b05c25fc7f,prca13,likert5,1,1,True,validated,0
7f8398c0-7b77-42d5-9681-e4b05c25fc7f,prca14,likert5,1,5,True,validated,1
7f8398c0-7b77-42d5-9681-e4b05c25fc7f,prca15,likert5,1,1,True,validated,0
7f8398c0-7b77-42d5-9681-e4b05c25fc7f,prca16,likert5,1,5,True,validated,1
7f8398c0-7b77-42d5-9681-e4b05c25fc7f,prca17,likert5,1,5,True,validated,1
7f8398c0-7b77-42d5-9681-e4b05c25fc7f,prca18,likert5,1,1,True,validated,0
517cdb6b-bddc-4af8-8701-304cb693729a,prca01,likert5,1,1,True,validated,0
517cdb6b-bddc-4af8-8701-304cb693729a,prca02,likert5,1,5,True,validated,1
517cdb6b-bddc-4af8-8701-304cb693729a,prca03,likert5,1,1,True,validated,0
517cdb6b-bddc-4af8-8701-304cb693729a,prca04,likert5,1,5,True,validated,1
517cdb6b-bddc-4af8-8701-304cb693729a,prca05,likert5,1,1,True,validated,0
517cdb6b-bddc-4af8-8701-304cb693729a,prca06,likert5,1,5,True,validated,1
517cdb6b-bddc-4af8-8701-304cb693729a,prca13,likert5,1,1,True,validated,0
517cdb6b-bddc-4af8-8701-304cb693729a,prca14,likert5,1,5,True,validated,1
517cdb6b-bddc-4af8-8701-304cb693729a,prca15,likert5,1,1,True,validated,0
517cdb6b-bddc-4af8-8701-304cb693729a,prca16,likert5,1,5,True,validated,1
517cdb6b-bddc-4af8-8701-304cb693729a,prca17,likert5,1,5,True,validated,1
517cdb6b-bddc-4af8-8701-304cb693729a,prca18,likert5,1,1,True,validated,0
9d9d7507-95d4-4244-a6f6-997e54ebfb60,prca01,likert5,1,1,True,validated,0
9d9d7507-95d4-4244-a6f6-997e54ebfb60,prca02,likert5,1,5,True,validated,1
9d9d7507-95d4-4244-a6f6-997e54ebfb60,prca03,likert5,1,1,True,validated,0
9d9d7507-95d4-4244-a6f6-997e54ebfb60,prca04,likert5,1,5,True,validated,1
9d9d7507-95d4-4244-a6f6-997e54ebfb60,prca05,likert5,1,1,True,validated,0
9d9d7507-95d4-4244-a6f6-997e54ebfb60,prca06,likert5,1,5,True,validated,1
9d9d7507-95d4-4244-a6f6-997e54ebfb60,prca13,likert5,1,1,True,validated,0
9d9d7507-95d4-4244-a6f6-997e54ebfb60,prca14,likert5,1,5,True,validated,1
9d9d7507-95d4-4244-a6f6-997e54ebfb60,prca15,likert5,1,1,True,validated,0
9d9d7507-95d4-4244-a6f6-997e54ebfb60,prca16,likert5,1,5,True,validated,1
9d9d7507-95d4-4244-a6f6-997e54ebfb60,prca17,likert5,1,5,True,validated,1
9d9d7507-95d4-4244-a6f6-997e54ebfb60,prca18,likert5,1,1,True,validated,0
73da03fb-dc77-40a6-aaaf-b43c514ca5f1,prca01,likert5,1,1,True,validated,0
73da03fb-dc77-40a6-aaaf-b43c514ca5f1,prca02,likert5,1,5,True,validated,1
73da03fb-dc77-40a6-aaaf-b43c514ca5f1,prca03,likert5,1,1,True,validated,0
73da03fb-dc77-40a6-aaaf-b43c514ca5f1,prca04,likert5,1,5,True,validated,1
73da03fb-dc77-40a6-aaaf-b43c514ca5f1,prca05,likert5,1,1,True,validated,0
73da03fb-dc77-40a6-aaaf-b43c514ca5f1,prca06,likert5,1,5,True,validated,1
73da03fb-dc77-40a6-aaaf-b43c514ca5f1,prca13,likert5,1,1,True,validated,0
73da03fb-dc77-40a6-aaaf-b43c514ca5f1,prca14,likert5,1,5,True,validated,1
73da03fb-dc77-40a6-aaaf-b43c514ca5f1,prca15,likert5,1,1,True,validated,0
73da03fb-dc77-40a6-aaaf-b43c514ca5f1,prca16,likert5,1,5,True,validated,1
73da03fb-dc77-40a6-aaaf-b43c514ca5f1,prca17,likert5,1,5,True,validated,1
73da03fb-dc77-40a6-aaaf-b43c514ca5f1,prca18,likert5,1,1,True,validated,0
bfd8bfa1-9ddc-45fe-8bb8-72d3a1dcd967,prca01,likert5,1,1,True,validated,0
bfd8bfa1-9ddc-45fe-8bb8-72d3a1dcd967,prca02,likert5,1,5,True,validated,1
bfd8bfa1-9ddc-45fe-8bb8-72d3a1dcd967,prca03,likert5,1,1,True,validated,0
bfd8bfa1-9ddc-45fe-8bb8-72d3a1dcd967,prca04,likert5,1,5,True,validated,1
bfd8bfa1-9ddc-45fe-8bb8-72d3a1dcd967,prca05,likert5,1,1,True,validated,0
bfd8bfa1-9ddc-45fe-8bb8-72d3a1dcd967,prca06,likert5,1,5,True,validated,1
bfd8bfa1-9ddc-45fe-8bb8-72d3a1dcd967,prca13,likert5,1,1,True,validated,0
bfd8bfa1-9ddc-45fe-8bb8-72d3a1dcd967,prca14,likert5,1,5,True,validated,1
bfd8bfa1-9ddc-45fe-8bb8-72d3a1dcd967,prca15,likert5,1,1,True,validated,0
bfd8bfa1-9ddc-45fe-8bb8-72d3a1dcd967,prca16,likert5,1,5,True,validated,1
bfd8bfa1-9ddc-45fe-8bb8-72d3a1dcd967,prca17,likert5,1,5,True,validated,1
bfd8bfa1-9ddc-45fe-8bb8-72d3a1dcd967,prca18,likert5,1,1,True,validated,0
2de07ab3-169a-4c4d-b8a3-c665f09cc6fb,prca01,likert5,1,1,True,validated,0
2de07ab3-169a-4c4d-b8a3-c665f09cc6fb,prca02,likert5,1,5,True,validated,1
2de07ab3-169a-4c4d-b8a3-c665f09cc6fb,prca03,likert5,1,1,True,validated,0
2de07ab3-169a-4c4d-b8a3-c665f09cc6fb,prca04,likert5,1,5,True,validated,1
2de07ab3-169a-4c4d-b8a3-c665f09cc6fb,prca05,likert5,1,1,True,validated,0
2de07ab3-169a-4c4d-b8a3-c665f09cc6fb,prca06,likert5,1,5,True,validated,1
2de07ab3-169a-4c4d-b8a3-c665f09cc6fb,prca13,likert5,1,1,True,validated,0
2de07ab3-169a-4c4d-b8a3-c665f09cc6fb,prca14,likert5,1,5,True,validated,1
2de07ab3-169a-4c4d-b8a3-c665f09cc6fb,prca15,likert5,1,1,True,validated,0
2de07ab3-169a-4c4d-b8a3-c665f09cc6fb,prca16,likert5,1,5,True,validated,1
2de07ab3-169a-4c4d-b8a3-c665f09cc6fb,prca17,likert5,1,5,True,validated,1
2de07ab3-169a-4c4d-b8a3-c665f09cc6fb,prca18,likert5,1,1,True,validated,0
2cb4c090-7c10-4c86-b2cf-532bb93dd1ff,prca01,likert5,1,1,True,validated,0
2cb4c090-7c10-4c86-b2cf-532bb93dd1ff,prca02,likert5,1,5,True,validated,1
2cb4c090-7c10-4c86-b2cf-532bb93dd1ff,prca03,likert5,1,1,True,validated,0
2cb4c090-7c10-4c86-b2cf-532bb93dd1ff,prca04,likert5,1,5,True,validated,1
2cb4c090-7c10-4c86-b2cf-532bb93dd1ff,prca05,likert5,1,1,True,validated,0
2cb4c090-7c10-4c86-b2cf-532bb93dd1ff,prca06,likert5,1,5,True,validated,1
2cb4c090-7c10-4c86-b2cf-532bb93dd1ff,prca13,likert5,1,1,True,validated,0
2cb4c090-7c10-4c86-b2cf-532bb93dd1ff,prca14,likert5,1,5,True,validated,1
2cb4c090-7c10-4c86-b2cf-532bb93dd1ff,prca15,likert5,1,1,True,validated,0
2cb4c090-7c10-4c86-b2cf-532bb93dd1ff,prca16,likert5,1,5,True,validated,1
2cb4c090-7c10-4c86-b2cf-532bb93dd1ff,prca17,likert5,1,5,True,validated,1
2cb4c090-7c10-4c86-b2cf-532bb93dd1ff,prca18,likert5,1,1,True,validated,0
01c646bb-a7f3-43df-bb1c-889af6d255d7,prca01,likert5,1,1,True,validated,0
01c646bb-a7f3-43df-bb1c-889af6d255d7,prca02,likert5,1,5,True,validated,1
01c646bb-a7f3-43df-bb1c-889af6d255d7,prca03,likert5,1,1,True,validated,0
01c646bb-a7f3-43df-bb1c-889af6d255d7,prca04,likert5,1,5,True,validated,1
01c646bb-a7f3-43df-bb1c-889af6d255d7,prca05,likert5,1,1,True,validated,0
01c646bb-a7f3-43df-bb1c-889af6d255d7,prca06,likert5,1,5,True,validated,1
01c646bb-a7f3-43df-bb1c-889af6d255d7,prca13,likert5,1,1,True,validated,0
01c646bb-a7f3-43df-bb1c-889af6d255d7,prca14,likert5,1,5,True,validated,1
01c646bb-a7f3-43df-bb1c-889af6d255d7,prca15,likert5,1,1,True,validated,0
01c646bb-a7f3-43df-bb1c-889af6d255d7,prca16,likert5,1,5,True,validated,1
01c646bb-a7f3-43df-bb1c-889af6d255d7,prca17,likert5,1,5,True,validated,1
01c646bb-a7f3-43df-bb1c-889af6d255d7,prca18,likert5,1,1,True,validated,0
5598da9d-33cc-4cc4-8174-b04f4e8290ec,prca01,likert5,1,1,True,validated,0
5598da9d-33cc-4cc4-8174-b04f4e8290ec,prca02,likert5,1,5,True,validated,1
5598da9d-33cc-4cc4-8174-b04f4e8290ec,prca03,likert5,1,1,True,validated,0
5598da9d-33cc-4cc4-8174-b04f4e8290ec,prca04,likert5,1,5,True,validated,1
5598da9d-33cc-4cc4-8174-b04f4e8290ec,prca05,likert5,1,1,True,validated,0
5598da9d-33cc-4cc4-8174-b04f4e8290ec,prca06,likert5,1,5,True,validated,1
5598da9d-33cc-4cc4-8174-b04f4e8290ec,prca13,likert5,1,1,True,validated,0
5598da9d-33cc-4cc4-8174-b04f4e8290ec,prca14,likert5,1,5,True,validated,1
5598da9d-33cc-4cc4-8174-b04f4e8290ec,prca15,likert5,1,1,True,validated,0
5598da9d-33cc-4cc4-8174-b04f4e8290ec,prca16,likert5,1,5,True,validated,1
5598da9d-33cc-4cc4-8174-b04f4e8290ec,prca17,likert5,1,5,True,validated,1
5598da9d-33cc-4cc4-8174-b04f4e8290ec,prca18,likert5,1,1,True,validated,0
b8153d49-4f5a-47ea-985c-9b6a0b823765,prca01,likert5,1,1,True,validated,0
b8153d49-4f5a-47ea-985c-9b6a0b823765,prca02,likert5,1,5,True,validated,1
b8153d49-4f5a-47ea-985c-9b6a0b823765,prca03,likert5,1,1,True,validated,0
b8153d49-4f5a-47ea-985c-9b6a0b823765,prca04,likert5,1,5,True,validated,1
b8153d49-4f5a-47ea-985c-9b6a0b823765,prca05,likert5,1,1,True,validated,0
b8153d49-4f5a-47ea-985c-9b6a0b823765,prca06,likert5,1,5,True,validated,1
b8153d49-4f5a-47ea-985c-9b6a0b823765,prca13,likert5,1,1,True,validated,0
b8153d49-4f5a-47ea-985c-9b6a0b823765,prca14,likert5,1,5,True,validated,1
b8153d49-4f5a-47ea-985c-9b6a0b823765,prca15,likert5,1,1,True,validated,0
b8153d49-4f5a-47ea-985c-9b6a0b823765,prca16,likert5,1,5,True,validated,1
b8153d49-4f5a-47ea-985c-9b6a0b823765,prca17,likert5,1,5,True,validated,1
b8153d49-4f5a-47ea-985c-9b6a0b823765,prca18,likert5,1,1,True,validated,0
4d06c6dd-1344-4ae5-a0ef-a2ef4d7f0caf,prca01,likert5,1,1,True,validated,0
4d06c6dd-1344-4ae5-a0ef-a2ef4d7f0caf,prca02,likert5,1,5,True,validated,1
4d06c6dd-1344-4ae5-a0ef-a2ef4d7f0caf,prca03,likert5,1,1,True,validated,0
4d06c6dd-1344-4ae5-a0ef-a2ef4d7f0caf,prca04,likert5,1,5,True,validated,1
4d06c6dd-1344-4ae5-a0ef-a2ef4d7f0caf,prca05,likert5,1,1,True,validated,0
4d06c6dd-1344-4ae5-a0ef-a2ef4d7f0caf,prca06,likert5,1,5,True,validated,1
4d06c6dd-1344-4ae5-a0ef-a2ef4d7f0caf,prca13,likert5,1,1,True,validated,0
4d06c6dd-1344-4ae5-a0ef-a2ef4d7f0caf,prca14,likert5,1,5,True,validated,1
4d06c6dd-1344-4ae5-a0ef-a2ef4d7f0caf,prca15,likert5,1,1,True,validated,0
4d06c6dd-1344-4ae5-a0ef-a2ef4d7f0caf,prca16,likert5,1,5,True,validated,1
4d06c6dd-1344-4ae5-a0ef-a2ef4d7f0caf,prca17,likert5,1,5,True,validated,1
4d06c6dd-1344-4ae5-a0ef-a2ef4d7f0caf,prca18,likert5,1,1,True,validated,0
68569d0e-858b-46c0-978f-1e2f8d37319b,prca01,likert5,1,1,True,validated,0
68569d0e-858b-46c0-978f-1e2f8d37319b,prca02,likert5,1,5,True,validated,1
68569d0e-858b-46c0-978f-1e2f8d37319b,prca03,likert5,1,1,True,validated,0
68569d0e-858b-46c0-978f-1e2f8d37319b,prca04,likert5,1,5,True,validated,1
68569d0e-858b-46c0-978f-1e2f8d37319b,prca05,likert5,1,1,True,validated,0
68569d0e-858b-46c0-978f-1e2f8d37319b,prca06,likert5,1,5,True,validated,1
68569d0e-858b-46c0-978f-1e2f8d37319b,prca13,likert5,1,1,True,validated,0
68569d0e-858b-46c0-978f-1e2f8d37319b,prca14,likert5,1,5,True,validated,1
68569d0e-858b-46c0-978f-1e2f8d37319b,prca15,likert5,1,1,True,validated,0
68569d0e-858b-46c0-978f-1e2f8d37319b,prca16,likert5,1,5,True,validated,1
68569d0e-858b-46c0-978f-1e2f8d37319b,prca17,likert5,1,5,True,validated,1
68569d0e-858b-46c0-978f-1e2f8d37319b,prca18,likert5,1,1,True,validated,0
8b16aca2-ee11-4567-a87a-5872b4f67eed,prca01,likert5,1,1,True,validated,0
8b16aca2-ee11-4567-a87a-5872b4f67eed,prca02,likert5,1,5,True,validated,1
8b16aca2-ee11-4567-a87a-5872b4f67eed,prca03,likert5,1,1,True,validated,0
8b16aca2-ee11-4567-a87a-5872b4f67eed,prca04,likert5,1,5,True,validated,1
8b16aca2-ee11-4567-a87a-5872b4f67eed,prca05,likert5,1,1,True,validated,0
8b16aca2-ee11-4567-a87a-5872b4f67eed,prca06,likert5,1,5,True,validated,1
8b16aca2-ee11-4567-a87a-5872b4f67eed,prca13,likert5,1,1,True,validated,0
8b16aca2-ee11-4567-a87a-5872b4f67eed,prca14,likert5,1,5,True,validated,1
8b16aca2-ee11-4567-a87a-5872b4f67eed,prca15,likert5,1,1,True,validated,0
8b16aca2-ee11-4567-a87a-5872b4f67eed,prca16,likert5,1,5,True,validated,1
8b16aca2-ee11-4567-a87a-5872b4f67eed,prca17,likert5,1,5,True,validated,1
8b16aca2-ee11-4567-a87a-5872b4f67eed,prca18,likert5,1,1,True,validated,0
f73bac86-8048-41c7-9447-5613cb8e0400,prca01,likert5,1,1,True,validated,0
f73bac86-8048-41c7-9447-5613cb8e0400,prca02,likert5,1,5,True,validated,1
f73bac86-8048-41c7-9447-5613cb8e0400,prca03,likert5,1,1,True,validated,0
f73bac86-8048-41c7-9447-5613cb8e0400,prca04,likert5,1,5,True,validated,1
f73bac86-8048-41c7-9447-5613cb8e0400,prca05,likert5,1,1,True,validated,0
f73bac86-8048-41c7-9447-5613cb8e0400,prca06,likert5,1,5,True,validated,1
f73bac86-8048-41c7-9447-5613cb8e0400,prca13,likert5,1,1,True,validated,0
f73bac86-8048-41c7-9447-5613cb8e0400,prca14,likert5,1,5,True,validated,1
f73bac86-8048-41c7-9447-5613cb8e0400,prca15,likert5,1,1,True,validated,0
f73bac86-8048-41c7-9447-5613cb8e0400,prca16,likert5,1,5,True,validated,1
f73bac86-8048-41c7-9447-5613cb8e0400,prca17,likert5,1,5,True,validated,1
f73bac86-8048-41c7-9447-5613cb8e0400,prca18,likert5,1,1,True,validated,0
e85a1fe4-f7fb-4da6-80de-ffbc3d0bfb43,prca01,likert5,1,1,True,validated,0
e85a1fe4-f7fb-4da6-80de-ffbc3d0bfb43,prca02,likert5,1,5,True,validated,1
e85a1fe4-f7fb-4da6-80de-ffbc3d0bfb43,prca03,likert5,1,1,True,validated,0
e85a1fe4-f7fb-4da6-80de-ffbc3d0bfb43,prca04,likert5,1,5,True,validated,1
e85a1fe4-f7fb-4da6-80de-ffbc3d0bfb43,prca05,likert5,1,1,True,validated,0
e85a1fe4-f7fb-4da6-80de-ffbc3d0bfb43,prca06,likert5,1,5,True,validated,1
e85a1fe4-f7fb-4da6-80de-ffbc3d0bfb43,prca13,likert5,1,1,True,validated,0
e85a1fe4-f7fb-4da6-80de-ffbc3d0bfb43,prca14,likert5,1,5,True,validated,1
e85a1fe4-f7fb-4da6-80de-ffbc3d0bfb43,prca15,likert5,1,1,True,validated,0
e85a1fe4-f7fb-4da6-80de-ffbc3d0bfb43,prca16,likert5,1,5,True,validated,1
e85a1fe4-f7fb-4da6-80de-ffbc3d0bfb43,prca17,likert5,1,5,True,validated,1
e85a1fe4-f7fb-4da6-80de-ffbc3d0bfb43,prca18,likert5,1,1,True,validated,0
795d95d1-bb3c-457e-9022-bbba71b1eb18,prca01,likert5,1,1,True,validated,0
795d95d1-bb3c-457e-9022-bbba71b1eb18,prca02,likert5,1,5,True,validated,1
795d95d1-bb3c-457e-9022-bbba71b1eb18,prca03,likert5,1,1,True,validated,0
795d95d1-bb3c-457e-9022-bbba71b1eb18,prca04,likert5,1,5,True,validated,1
795d95d1-bb3c-457e-9022-bbba71b1eb18,prca05,likert5,1,1,True,validated,0
795d95d1-bb3c-457e-9022-bbba71b1eb18,prca06,likert5,1,5,True,validated,1
795d95d1-bb3c-457e-9022-bbba71b1eb18,prca13,likert5,1,1,True,validated,0
795d95d1-bb3c-457e-9022-bbba71b1eb18,prca14,likert5,1,5,True,validated,1
795d95d1-bb3c-457e-9022-bbba71b1eb18,prca15,likert5,1,1,True,validated,0
795d95d1-bb3c-457e-9022-bbba71b1eb18,prca16,likert5,1,5,True,validated,1
795d95d1-bb3c-457e-9022-bbba71b1eb18,prca17,likert5,1,5,True,validated,1
795d95d1-bb3c-457e-9022-bbba71b1eb18,prca18,likert5,1,1,True,validated,0
69c4a0ab-e164-4b0f-8ae3-733870cc305d,prca01,likert5,1,1,True,validated,0
69c4a0ab-e164-4b0f-8ae3-733870cc305d,prca02,likert5,1,5,True,validated,1
69c4a0ab-e164-4b0f-8ae3-733870cc305d,prca03,likert5,1,1,True,validated,0
69c4a0ab-e164-4b0f-8ae3-733870cc305d,prca04,likert5,1,5,True,validated,1
69c4a0ab-e164-4b0f-8ae3-733870cc305d,prca05,likert5,1,1,True,validated,0
69c4a0ab-e164-4b0f-8ae3-733870cc305d,prca06,likert5,1,5,True,validated,1
69c4a0ab-e164-4b0f-8ae3-733870cc305d,prca13,likert5,1,1,True,validated,0
69c4a0ab-e164-4b0f-8ae3-733870cc305d,prca14,likert5,1,5,True,validated,1
69c4a0ab-e164-4b0f-8ae3-733870cc305d,prca15,likert5,1,1,True,validated,0
69c4a0ab-e164-4b0f-8ae3-733870cc305d,prca16,likert5,1,5,True,validated,1
69c4a0ab-e164-4b0f-8ae3-733870cc305d,prca17,likert5,1,5,True,validated,1
69c4a0ab-e164-4b0f-8ae3-733870cc305d,prca18,likert5,1,1,True,validated,0
df1fbdbb-1116-49c2-b7df-cb041a0ac7cf,prca01,likert5,1,1,True,validated,0
df1fbdbb-1116-49c2-b7df-cb041a0ac7cf,prca02,likert5,1,5,True,validated,1
df1fbdbb-1116-49c2-b7df-cb041a0ac7cf,prca03,likert5,1,1,True,validated,0
df1fbdbb-1116-49c2-b7df-cb041a0ac7cf,prca04,likert5,1,5,True,validated,1
df1fbdbb-1116-49c2-b7df-cb041a0ac7cf,prca05,likert5,1,1,True,validated,0
df1fbdbb-1116-49c2-b7df-cb041a0ac7cf,prca06,likert5,1,5,True,validated,1
df1fbdbb-1116-49c2-b7df-cb041a0ac7cf,prca13,likert5,1,1,True,validated,0
df1fbdbb-1116-49c2-b7df-cb041a0ac7cf,prca14,likert5,1,5,True,validated,1
df1fbdbb-1116-49c2-b7df-cb041a0ac7cf,prca15,likert5,1,1,True,validated,0
df1fbdbb-1116-49c2-b7df-cb041a0ac7cf,prca16,likert5,1,5,True,validated,1
df1fbdbb-1116-49c2-b7df-cb041a0ac7cf,prca17,likert5,1,5,True,validated,1
df1fbdbb-1116-49c2-b7df-cb041a0ac7cf,prca18,likert5,1,1,True,validated,0
1b9f11d5-5462-44eb-a2a3-06d33dec48d7,prca01,likert5,1,1,True,validated,0
1b9f11d5-5462-44eb-a2a3-06d33dec48d7,prca02,likert5,1,5,True,validated,1
1b9f11d5-5462-44eb-a2a3-06d33dec48d7,prca03,likert5,1,1,True,validated,0
1b9f11d5-5462-44eb-a2a3-06d33dec48d7,prca04,likert5,1,5,True,validated,1
1b9f11d5-5462-44eb-a2a3-06d33dec48d7,prca05,likert5,1,1,True,validated,0
1b9f11d5-5462-44eb-a2a3-06d33dec48d7,prca06,likert5,1,5,True,validated,1
1b9f11d5-5462-44eb-a2a3-06d33dec48d7,prca13,likert5,1,1,True,validated,0
1b9f11d5-5462-44eb-a2a3-06d33dec48d7,prca14,likert5,1,5,True,validated,1
1b9f11d5-5462-44eb-a2a3-06d33dec48d7,prca15,likert5,1,1,True,validated,0
1b9f11d5-5462-44eb-a2a3-06d33dec48d7,prca16,likert5,1,5,True,validated,1
1b9f11d5-5462-44eb-a2a3-06d33dec48d7,prca17,likert5,1,5,True,validated,1
1b9f11d5-5462-44eb-a2a3-06d33dec48d7,prca18,likert5,1,1,True,validated,0
8eddb07d-3616-473f-92f6-ad420a157681,prca01,likert5,1,1,True,validated,0
8eddb07d-3616-473f-92f6-ad420a157681,prca02,likert5,1,5,True,validated,1
8eddb07d-3616-473f-92f6-ad420a157681,prca03,likert5,1,1,True,validated,0
8eddb07d-3616-473f-92f6-ad420a157681,prca04,likert5,1,5,True,validated,1
8eddb07d-3616-473f-92f6-ad420a157681,prca05,likert5,1,1,True,validated,0
8eddb07d-3616-473f-92f6-ad420a157681,prca06,likert5,1,5,True,validated,1
8eddb07d-3616-473f-92f6-ad420a157681,prca13,likert5,1,1,True,validated,0
8eddb07d-3616-473f-92f6-ad420a157681,prca14,likert5,1,5,True,validated,1
8eddb07d-3616-473f-92f6-ad420a157681,prca15,likert5,1,1,True,validated,0
8eddb07d-3616-473f-92f6-ad420a157681,prca16,likert5,1,5,True,validated,1
8eddb07d-3616-473f-92f6-ad420a157681,prca17,likert5,1,5,True,validated,1
8eddb07d-3616-473f-92f6-ad420a157681,prca18,likert5,1,1,True,validated,0
135f9d79-894c-4ec6-b0ee-c9755dd392bb,prca01,likert5,1,1,True,validated,0
135f9d79-894c-4ec6-b0ee-c9755dd392bb,prca02,likert5,1,5,True,validated,1
135f9d79-894c-4ec6-b0ee-c9755dd392bb,prca03,likert5,1,1,True,validated,0
135f9d79-894c-4ec6-b0ee-c9755dd392bb,prca04,likert5,4,2,True,validated,1
135f9d79-894c-4ec6-b0ee-c9755dd392bb,prca05,likert5,1,1,True,validated,0
135f9d79-894c-4ec6-b0ee-c9755dd392bb,prca06,likert5,1,5,True,validated,1
135f9d79-894c-4ec6-b0ee-c9755dd392bb,prca13,likert5,1,1,True,validated,0
135f9d79-894c-4ec6-b0ee-c9755dd392bb,prca14,likert5,1,5,True,validated,1
135f9d79-894c-4ec6-b0ee-c9755dd392bb,prca15,likert5,1,1,True,validated,0
135f9d79-894c-4ec6-b0ee-c9755dd392bb,prca16,likert5,1,5,True,validated,1
135f9d79-894c-4ec6-b0ee-c9755dd392bb,prca17,likert5,1,5,True,validated,1
135f9d79-894c-4ec6-b0ee-c9755dd392bb,prca18,likert5,1,1,True,validated,0
694c2daf-06e4-4bbc-a7e8-3908ffceba51,prca01,likert5,1,1,True,validated,0
694c2daf-06e4-4bbc-a7e8-3908ffceba51,prca02,likert5,1,5,True,validated,1
694c2daf-06e4-4bbc-a7e8-3908ffceba51,prca03,likert5,1,1,True,validated,0
694c2daf-06e4-4bbc-a7e8-3908ffceba51,prca04,likert5,1,5,True,validated,1
694c2daf-06e4-4bbc-a7e8-3908ffceba51,prca05,likert5,1,1,True,validated,0
694c2daf-06e4-4bbc-a7e8-3908ffceba51,prca06,likert5,1,5,True,validated,1
694c2daf-06e4-4bbc-a7e8-3908ffceba51,prca13,likert5,1,1,True,validated,0
694c2daf-06e4-4bbc-a7e8-3908ffceba51,prca14,likert5,1,5,True,validated,1
694c2daf-06e4-4bbc-a7e8-3908ffceba51,prca15,likert5,1,1,True,validated,0
694c2daf-06e4-4bbc-a7e8-3908ffceba51,prca16,likert5,1,5,True,validated,1
694c2daf-06e4-4bbc-a7e8-3908ffceba51,prca17,likert5,1,5,True,validated,1
694c2daf-06e4-4bbc-a7e8-3908ffceba51,prca18,likert5,1,1,True,validated,0
9de98fd5-9b9f-4c4b-82b2-8f3729a452a5,prca01,likert5,1,1,True,validated,0
9de98fd5-9b9f-4c4b-82b2-8f3729a452a5,prca02,likert5,1,5,True,validated,1
9de98fd5-9b9f-4c4b-82b2-8f3729a452a5,prca03,likert5,1,1,True,validated,0
9de98fd5-9b9f-4c4b-82b2-8f3729a452a5,prca04,likert5,1,5,True,validated,1
9de98fd5-9b9f-4c4b-82b2-8f3729a452a5,prca05,likert5,1,1,True,validated,0
9de98fd5-9b9f-4c4b-82b2-8f3729a452a5,prca06,likert5,1,5,True,validated,1
9de98fd5-9b9f-4c4b-82b2-8f3729a452a5,prca13,likert5,1,1,True,validated,0
9de98fd5-9b9f-4c4b-82b2-8f3729a452a5,prca14,likert5,1,5,True,validated,1
9de98fd5-9b9f-4c4b-82b2-8f3729a452a5,prca15,likert5,1,1,True,validated,0
9de98fd5-9b9f-4c4b-82b2-8f3729a452a5,prca16,likert5,1,5,True,validated,1
9de98fd5-9b9f-4c4b-82b2-8f3729a452a5,prca17,likert5,1,5,True,validated,1
9de98fd5-9b9f-4c4b-82b2-8f3729a452a5,prca18,likert5,1,1,True,validated,0
aa27176a-7cb1-49ad-8f1c-84bbd294d49a,prca01,likert5,1,1,True,validated,0
aa27176a-7cb1-49ad-8f1c-84bbd294d49a,prca02,likert5,1,5,True,validated,1
aa27176a-7cb1-49ad-8f1c-84bbd294d49a,prca03,likert5,1,1,True,validated,0
aa27176a-7cb1-49ad-8f1c-84bbd294d49a,prca04,likert5,1,5,True,validated,1
aa27176a-7cb1-49ad-8f1c-84bbd294d49a,prca05,likert5,1,1,True,validated,0
aa27176a-7cb1-49ad-8f1c-84bbd294d49a,prca06,likert5,1,5,True,validated,1
aa27176a-7cb1-49ad-8f1c-84bbd294d49a,prca13,likert5,1,1,True,validated,0
aa27176a-7cb1-49ad-8f1c-84bbd294d49a,prca14,likert5,1,5,True,validated,1
aa27176a-7cb1-49ad-8f1c-84bbd294d49a,prca15,likert5,1,1,True,validated,0
aa27176a-7cb1-49ad-8f1c-84bbd294d49a,prca16,likert5,1,5,True,validated,1
aa27176a-7cb1-49ad-8f1c-84bbd294d49a,prca17,likert5,1,5,True,validated,1
aa27176a-7cb1-49ad-8f1c-84bbd294d49a,prca18,likert5,1,1,True,validated,0
20399fa8-4101-4204-a711-f8d5f954a58b,prca01,likert5,1,1,True,validated,0
20399fa8-4101-4204-a711-f8d5f954a58b,prca02,likert5,1,5,True,validated,1
20399fa8-4101-4204-a711-f8d5f954a58b,prca03,likert5,1,1,True,validated,0
20399fa8-4101-4204-a711-f8d5f954a58b,prca04,likert5,1,5,True,validated,1
20399fa8-4101-4204-a711-f8d5f954a58b,prca05,likert5,1,1,True,validated,0
20399fa8-4101-4204-a711-f8d5f954a58b,prca06,likert5,1,5,True,validated,1
20399fa8-4101-4204-a711-f8d5f954a58b,prca13,likert5,1,1,True,validated,0
20399fa8-4101-4204-a711-f8d5f954a58b,prca14,likert5,1,5,True,validated,1
20399fa8-4101-4204-a711-f8d5f954a58b,prca15,likert5,1,1,True,validated,0
20399fa8-4101-4204-a711-f8d5f954a58b,prca16,likert5,1,5,True,validated,1
20399fa8-4101-4204-a711-f8d5f954a58b,prca17,likert5,1,5,True,validated,1
20399fa8-4101-4204-a711-f8d5f954a58b,prca18,likert5,1,1,True,validated,0
18aaa02e-34ea-474d-8372-2df9759bd43e,prca01,likert5,1,1,True,validated,0
18aaa02e-34ea-474d-8372-2df9759bd43e,prca02,likert5,1,5,True,validated,1
18aaa02e-34ea-474d-8372-2df9759bd43e,prca03,likert5,1,1,True,validated,0
18aaa02e-34ea-474d-8372-2df9759bd43e,prca04,likert5,1,5,True,validated,1
18aaa02e-34ea-474d-8372-2df9759bd43e,prca05,likert5,1,1,True,validated,0
18aaa02e-34ea-474d-8372-2df9759bd43e,prca06,likert5,1,5,True,validated,1
18aaa02e-34ea-474d-8372-2df9759bd43e,prca13,likert5,1,1,True,validated,0
18aaa02e-34ea-474d-8372-2df9759bd43e,prca14,likert5,1,5,True,validated,1
18aaa02e-34ea-474d-8372-2df9759bd43e,prca15,likert5,1,1,True,validated,0
18aaa02e-34ea-474d-8372-2df9759bd43e,prca16,likert5,1,5,True,validated,1
18aaa02e-34ea-474d-8372-2df9759bd43e,prca17,likert5,1,5,True,validated,1
18aaa02e-34ea-474d-8372-2df9759bd43e,prca18,likert5,1,1,True,validated,0
64cd67fd-1aea-470c-84c5-6c85dec2d4b4,prca01,likert5,1,1,True,validated,0
64cd67fd-1aea-470c-84c5-6c85dec2d4b4,prca02,likert5,1,5,True,validated,1
64cd67fd-1aea-470c-84c5-6c85dec2d4b4,prca03,likert5,1,1,True,validated,0
64cd67fd-1aea-470c-84c5-6c85dec2d4b4,prca04,likert5,1,5,True,validated,1
64cd67fd-1aea-470c-84c5-6c85dec2d4b4,prca05,likert5,1,1,True,validated,0
64cd67fd-1aea-470c-84c5-6c85dec2d4b4,prca06,likert5,1,5,True,validated,1
64cd67fd-1aea-470c-84c5-6c85dec2d4b4,prca13,likert5,1,1,True,validated,0
64cd67fd-1aea-470c-84c5-6c85dec2d4b4,prca14,likert5,1,5,True,validated,1
64cd67fd-1aea-470c-84c5-6c85dec2d4b4,prca15,likert5,1,1,True,validated,0
64cd67fd-1aea-470c-84c5-6c85dec2d4b4,prca16,likert5,1,5,True,validated,1
64cd67fd-1aea-470c-84c5-6c85dec2d4b4,prca17,likert5,1,5,True,validated,1
64cd67fd-1aea-470c-84c5-6c85dec2d4b4,prca18,likert5,1,1,True,validated,0
10d392de-5923-42c6-aa01-8cf1dff0e866,prca01,likert5,1,1,True,validated,0
10d392de-5923-42c6-aa01-8cf1dff0e866,prca02,likert5,1,5,True,validated,1
10d392de-5923-42c6-aa01-8cf1dff0e866,prca03,likert5,1,1,True,validated,0
10d392de-5923-42c6-aa01-8cf1dff0e866,prca04,likert5,1,5,True,validated,1
10d392de-5923-42c6-aa01-8cf1dff0e866,prca05,likert5,1,1,True,validated,0
10d392de-5923-42c6-aa01-8cf1dff0e866,prca06,likert5,1,5,True,validated,1
10d392de-5923-42c6-aa01-8cf1dff0e866,prca13,likert5,1,1,True,validated,0
10d392de-5923-42c6-aa01-8cf1dff0e866,prca14,likert5,1,5,True,validated,1
10d392de-5923-42c6-aa01-8cf1dff0e866,prca15,likert5,1,1,True,validated,0
10d392de-5923-42c6-aa01-8cf1dff0e866,prca16,likert5,1,5,True,validated,1
10d392de-5923-42c6-aa01-8cf1dff0e866,prca17,likert5,1,5,True,validated,1
10d392de-5923-42c6-aa01-8cf1dff0e866,prca18,likert5,1,1,True,validated,0
029bb2ff-c8b9-4645-a812-b2fe77b3fa67,prca01,likert5,1,1,True,validated,0
029bb2ff-c8b9-4645-a812-b2fe77b3fa67,prca02,likert5,1,5,True,validated,1
029bb2ff-c8b9-4645-a812-b2fe77b3fa67,prca03,likert5,1,1,True,validated,0
029bb2ff-c8b9-4645-a812-b2fe77b3fa67,prca04,likert5,1,5,True,validated,1
029bb2ff-c8b9-4645-a812-b2fe77b3fa67,prca05,likert5,1,1,True,validated,0
029bb2ff-c8b9-4645-a812-b2fe77b3fa67,prca06,likert5,1,5,True,validated,1
029bb2ff-c8b9-4645-a812-b2fe77b3fa67,prca13,likert5,1,1,True,validated,0
029bb2ff-c8b9-4645-a812-b2fe77b3fa67,prca14,likert5,1,5,True,validated,1
029bb2ff-c8b9-4645-a812-b2fe77b3fa67,prca15,likert5,1,1,True,validated,0
029bb2ff-c8b9-4645-a812-b2fe77b3fa67,prca16,likert5,1,5,True,validated,1
029bb2ff-c8b9-4645-a812-b2fe77b3fa67,prca17,likert5,1,5,True,validated,1
029bb2ff-c8b9-4645-a812-b2fe77b3fa67,prca18,likert5,1,1,True,validated,0
d514b79f-f04b-48ee-a14f-e8f9b6a69ee6,prca01,likert5,1,1,True,validated,0
d514b79f-f04b-48ee-a14f-e8f9b6a69ee6,prca02,likert5,1,5,True,validated,1
d514b79f-f04b-48ee-a14f-e8f9b6a69ee6,prca03,likert5,1,1,True,validated,0
d514b79f-f04b-48ee-a14f-e8f9b6a69ee6,prca04,likert5,1,5,True,validated,1
d514b79f-f04b-48ee-a14f-e8f9b6a69ee6,prca05,likert5,1,1,True,validated,0
d514b79f-f04b-48ee-a14f-e8f9b6a69ee6,prca06,likert5,1,5,True,validated,1
d514b79f-f04b-48ee-a14f-e8f9b6a69ee6,prca13,likert5,1,1,True,validated,0
d514b79f-f04b-48ee-a14f-e8f9b6a69ee6,prca14,likert5,1,5,True,validated,1
d514b79f-f04b-48ee-a14f-e8f9b6a69ee6,prca15,likert5,1,1,True,validated,0
d514b79f-f04b-48ee-a14f-e8f9b6a69ee6,prca16,likert5,1,5,True,validated,1
d514b79f-f04b-48ee-a14f-e8f9b6a69ee6,prca17,likert5,1,5,True,validated,1
d514b79f-f04b-48ee-a14f-e8f9b6a69ee6,prca18,likert5,1,1,True,validated,0
e07fe6f1-58f7-484e-91b3-c28aa6d52036,prca01,likert5,1,1,True,validated,0
e07fe6f1-58f7-484e-91b3-c28aa6d52036,prca02,likert5,1,5,True,validated,1
e07fe6f1-58f7-484e-91b3-c28aa6d52036,prca03,likert5,1,1,True,validated,0
e07fe6f1-58f7-484e-91b3-c28aa6d52036,prca04,likert5,1,5,True,validated,1
e07fe6f1-58f7-484e-91b3-c28aa6d52036,prca05,likert5,1,1,True,validated,0
e07fe6f1-58f7-484e-91b3-c28aa6d52036,prca06,likert5,1,5,True,validated,1
e07fe6f1-58f7-484e-91b3-c28aa6d52036,prca13,likert5,1,1,True,validated,0
e07fe6f1-58f7-484e-91b3-c28aa6d52036,prca14,likert5,1,5,True,validated,1
e07fe6f1-58f7-484e-91b3-c28aa6d52036,prca15,likert5,1,1,True,validated,0
e07fe6f1-58f7-484e-91b3-c28aa6d52036,prca16,likert5,1,5,True,validated,1
e07fe6f1-58f7-484e-91b3-c28aa6d52036,prca17,likert5,1,5,True,validated,1
e07fe6f1-58f7-484e-91b3-c28aa6d52036,prca18,likert5,1,1,True,validated,0
58d93727-7076-4129-b8fb-dc802f7dd19a,prca01,likert5,1,1,True,validated,0
58d93727-7076-4129-b8fb-dc802f7dd19a,prca02,likert5,1,5,True,validated,1
58d93727-7076-4129-b8fb-dc802f7dd19a,prca03,likert5,1,1,True,validated,0
58d93727-7076-4129-b8fb-dc802f7dd19a,prca04,likert5,1,5,True,validated,1
58d93727-7076-4129-b8fb-dc802f7dd19a,prca05,likert5,1,1,True,validated,0
58d93727-7076-4129-b8fb-dc802f7dd19a,prca06,likert5,1,5,True,validated,1
58d93727-7076-4129-b8fb-dc802f7dd19a,prca13,likert5,1,1,True,validated,0
58d93727-7076-4129-b8fb-dc802f7dd19a,prca14,likert5,1,5,True,validated,1
58d93727-7076-4129-b8fb-dc802f7dd19a,prca15,likert5,1,1,True,validated,0
58d93727-7076-4129-b8fb-dc802f7dd19a,prca16,likert5,1,5,True,validated,1
58d93727-7076-4129-b8fb-dc802f7dd19a,prca17,likert5,1,5,True,validated,1
58d93727-7076-4129-b8fb-dc802f7dd19a,prca18,likert5,1,1,True,validated,0
8228b6a8-6733-4fd7-8601-e3a906e4b933,prca01,likert5,1,1,True,validated,0
8228b6a8-6733-4fd7-8601-e3a906e4b933,prca02,likert5,1,5,True,validated,1
8228b6a8-6733-4fd7-8601-e3a906e4b933,prca03,likert5,1,1,True,validated,0
8228b6a8-6733-4fd7-8601-e3a906e4b933,prca04,likert5,1,5,True,validated,1
8228b6a8-6733-4fd7-8601-e3a906e4b933,prca05,likert5,1,1,True,validated,0
8228b6a8-6733-4fd7-8601-e3a906e4b933,prca06,likert5,1,5,True,validated,1
8228b6a8-6733-4fd7-8601-e3a906e4b933,prca13,likert5,1,1,True,validated,0
8228b6a8-6733-4fd7-8601-e3a906e4b933,prca14,likert5,1,5,True,validated,1
8228b6a8-6733-4fd7-8601-e3a906e4b933,prca15,likert5,1,1,True,validated,0
8228b6a8-6733-4fd7-8601-e3a906e4b933,prca16,likert5,1,5,True,validated,1
8228b6a8-6733-4fd7-8601-e3a906e4b933,prca17,likert5,1,5,True,validated,1
8228b6a8-6733-4fd7-8601-e3a906e4b933,prca18,likert5,1,1,True,validated,0
3e0c2d11-f2bd-431a-b226-2166a1377ed6,prca01,likert5,1,1,True,validated,0
3e0c2d11-f2bd-431a-b226-2166a1377ed6,prca02,likert5,1,5,True,validated,1
3e0c2d11-f2bd-431a-b226-2166a1377ed6,prca03,likert5,1,1,True,validated,0
3e0c2d11-f2bd-431a-b226-2166a1377ed6,prca04,likert5,1,5,True,validated,1
3e0c2d11-f2bd-431a-b226-2166a1377ed6,prca05,likert5,1,1,True,validated,0
3e0c2d11-f2bd-431a-b226-2166a1377ed6,prca06,likert5,1,5,True,validated,1
3e0c2d11-f2bd-431a-b226-2166a1377ed6,prca13,likert5,1,1,True,validated,0
3e0c2d11-f2bd-431a-b226-2166a1377ed6,prca14,likert5,1,5,True,validated,1
3e0c2d11-f2bd-431a-b226-2166a1377ed6,prca15,likert5,1,1,True,validated,0
3e0c2d11-f2bd-431a-b226-2166a1377ed6,prca16,likert5,1,5,True,validated,1
3e0c2d11-f2bd-431a-b226-2166a1377ed6,prca17,likert5,1,5,True,validated,1
3e0c2d11-f2bd-431a-b226-2166a1377ed6,prca18,likert5,1,1,True,validated,0
2dacf5d3-d94c-4278-a10b-36ba30d6feab,prca01,likert5,1,1,True,validated,0
2dacf5d3-d94c-4278-a10b-36ba30d6feab,prca02,likert5,1,5,True,validated,1
2dacf5d3-d94c-4278-a10b-36ba30d6feab,prca03,likert5,1,1,True,validated,0
2dacf5d3-d94c-4278-a10b-36ba30d6feab,prca04,likert5,1,5,True,validated,1
2dacf5d3-d94c-4278-a10b-36ba30d6feab,prca05,likert5,1,1,True,validated,0
2dacf5d3-d94c-4278-a10b-36ba30d6feab,prca06,likert5,1,5,True,validated,1
2dacf5d3-d94c-4278-a10b-36ba30d6feab,prca13,likert5,1,1,True,validated,0
2dacf5d3-d94c-4278-a10b-36ba30d6feab,prca14,likert5,1,5,True,validated,1
2dacf5d3-d94c-4278-a10b-36ba30d6feab,prca15,likert5,1,1,True,validated,0
2dacf5d3-d94c-4278-a10b-36ba30d6feab,prca16,likert5,1,5,True,validated,1
2dacf5d3-d94c-4278-a10b-36ba30d6feab,prca17,likert5,1,5,True,validated,1
2dacf5d3-d94c-4278-a10b-36ba30d6feab,prca18,likert5,1,1,True,validated,0
24f84c0f-3c11-4cb5-8232-1d1a33310279,prca01,likert5,1,1,True,validated,0
24f84c0f-3c11-4cb5-8232-1d1a33310279,prca02,likert5,1,5,True,validated,1
24f84c0f-3c11-4cb5-8232-1d1a33310279,prca03,likert5,1,1,True,validated,0
24f84c0f-3c11-4cb5-8232-1d1a33310279,prca04,likert5,1,5,True,validated,1
24f84c0f-3c11-4cb5-8232-1d1a33310279,prca05,likert5,1,1,True,validated,0
24f84c0f-3c11-4cb5-8232-1d1a33310279,prca06,likert5,1,5,True,validated,1
24f84c0f-3c11-4cb5-8232-1d1a33310279,prca13,likert5,1,1,True,validated,0
24f84c0f-3c11-4cb5-8232-1d1a33310279,prca14,likert5,1,5,True,validated,1
24f84c0f-3c11-4cb5-8232-1d1a33310279,prca15,likert5,1,1,True,validated,0
24f84c0f-3c11-4cb5-8232-1d1a33310279,prca16,likert5,1,5,True,validated,1
24f84c0f-3c11-4cb5-8232-1d1a33310279,prca17,likert5,1,5,True,validated,1
24f84c0f-3c11-4cb5-8232-1d1a33310279,prca18,likert5,1,1,True,validated,0
1ef42e74-2ade-4742-a950-1e3e2f44ef8f,prca01,likert5,1,1,True,validated,0
1ef42e74-2ade-4742-a950-1e3e2f44ef8f,prca02,likert5,1,5,True,validated,1
1ef42e74-2ade-4742-a950-1e3e2f44ef8f,prca03,likert5,1,1,True,validated,0
1ef42e74-2ade-4742-a950-1e3e2f44ef8f,prca04,likert5,1,5,True,validated,1
1ef42e74-2ade-4742-a950-1e3e2f44ef8f,prca05,likert5,1,1,True,validated,0
1ef42e74-2ade-4742-a950-1e3e2f44ef8f,prca06,likert5,1,5,True,validated,1
1ef42e74-2ade-4742-a950-1e3e2f44ef8f,prca13,likert5,1,1,True,validated,0
1ef42e74-2ade-4742-a950-1e3e2f44ef8f,prca14,likert5,1,5,True,validated,1
1ef42e74-2ade-4742-a950-1e3e2f44ef8f,prca15,likert5,1,1,True,validated,0
1ef42e74-2ade-4742-a950-1e3e2f44ef8f,prca16,likert5,1,5,True,validated,1
1ef42e74-2ade-4742-a950-1e3e2f44ef8f,prca17,likert5,1,5,True,validated,1
1ef42e74-2ade-4742-a950-1e3e2f44ef8f,prca18,likert5,1,1,True,validated,0
423c33d1-849f-47f9-a7b5-825db7b9be17,prca01,likert5,1,1,True,validated,0
423c33d1-849f-47f9-a7b5-825db7b9be17,prca02,likert5,1,5,True,validated,1
423c33d1-849f-47f9-a7b5-825db7b9be17,prca03,likert5,1,1,True,validated,0
423c33d1-849f-47f9-a7b5-825db7b9be17,prca04,likert5,1,5,True,validated,1
423c33d1-849f-47f9-a7b5-825db7b9be17,prca05,likert5,1,1,True,validated,0
423c33d1-849f-47f9-a7b5-825db7b9be17,prca06,likert5,1,5,True,validated,1
423c33d1-849f-47f9-a7b5-825db7b9be17,prca13,likert5,1,1,True,validated,0
423c33d1-849f-47f9-a7b5-825db7b9be17,prca14,likert5,1,5,True,validated,1
423c33d1-849f-47f9-a7b5-825db7b9be17,prca15,likert5,1,1,True,validated,0
423c33d1-849f-47f9-a7b5-825db7b9be17,prca16,likert5,1,5,True,validated,1
423c33d1-849f-47f9-a7b5-825db7b9be17,prca17,likert5,1,5,True,validated,1
423c33d1-849f-47f9-a7b5-825db7b9be17,prca18,likert5,1,1,True,validated,0
65534bf7-8f63-424b-8b0b-7cc4826c62d4,prca01,likert5,1,1,True,validated,0
65534bf7-8f63-424b-8b0b-7cc4826c62d4,prca02,likert5,1,5,True,validated,1
65534bf7-8f63-424b-8b0b-7cc4826c62d4,prca03,likert5,1,1,True,validated,0
65534bf7-8f63-424b-8b0b-7cc4826c62d4,prca04,likert5,1,5,True,validated,1
65534bf7-8f63-424b-8b0b-7cc4826c62d4,prca05,likert5,1,1,True,validated,0
65534bf7-8f63-424b-8b0b-7cc4826c62d4,prca06,likert5,1,5,True,validated,1
65534bf7-8f63-424b-8b0b-7cc4826c62d4,prca13,likert5,1,1,True,validated,0
65534bf7-8f63-424b-8b0b-7cc4826c62d4,prca14,likert5,1,5,True,validated,1
65534bf7-8f63-424b-8b0b-7cc4826c62d4,prca15,likert5,1,1,True,validated,0
65534bf7-8f63-424b-8b0b-7cc4826c62d4,prca16,likert5,1,5,True,validated,1
65534bf7-8f63-424b-8b0b-7cc4826c62d4,prca17,likert5,1,5,True,validated,1
65534bf7-8f63-424b-8b0b-7cc4826c62d4,prca18,likert5,1,1,True,validated,0
20a13b44-6482-437e-baec-0f68190e32ba,prca01,likert5,1,1,True,validated,0
20a13b44-6482-437e-baec-0f68190e32ba,prca02,likert5,1,5,True,validated,1
20a13b44-6482-437e-baec-0f68190e32ba,prca03,likert5,1,1,True,validated,0
20a13b44-6482-437e-baec-0f68190e32ba,prca04,likert5,1,5,True,validated,1
20a13b44-6482-437e-baec-0f68190e32ba,prca05,likert5,1,1,True,validated,0
20a13b44-6482-437e-baec-0f68190e32ba,prca06,likert5,1,5,True,validated,1
20a13b44-6482-437e-baec-0f68190e32ba,prca13,likert5,1,1,True,validated,0
20a13b44-6482-437e-baec-0f68190e32ba,prca14,likert5,1,5,True,validated,1
20a13b44-6482-437e-baec-0f68190e32ba,prca15,likert5,1,1,True,validated,0
20a13b44-6482-437e-baec-0f68190e32ba,prca16,likert5,1,5,True,validated,1
20a13b44-6482-437e-baec-0f68190e32ba,prca17,likert5,1,5,True,validated,1
20a13b44-6482-437e-baec-0f68190e32ba,prca18,likert5,1,1,True,validated,0
302b1cc2-be67-40a2-ab2d-cf46e03af054,prca01,likert5,1,1,True,validated,0
302b1cc2-be67-40a2-ab2d-cf46e03af054,prca02,likert5,1,5,True,validated,1
302b1cc2-be67-40a2-ab2d-cf46e03af054,prca03,likert5,1,1,True,validated,0
302b1cc2-be67-40a2-ab2d-cf46e03af054,prca04,likert5,1,5,True,validated,1
302b1cc2-be67-40a2-ab2d-cf46e03af054,prca05,likert5,1,1,True,validated,0
302b1cc2-be67-40a2-ab2d-cf46e03af054,prca06,likert5,1,5,True,validated,1
302b1cc2-be67-40a2-ab2d-cf46e03af054,prca13,likert5,1,1,True,validated,0
302b1cc2-be67-40a2-ab2d-cf46e03af054,prca14,likert5,1,5,True,validated,1
302b1cc2-be67-40a2-ab2d-cf46e03af054,prca15,likert5,1,1,True,validated,0
302b1cc2-be67-40a2-ab2d-cf46e03af054,prca16,likert5,1,5,True,validated,1
302b1cc2-be67-40a2-ab2d-cf46e03af054,prca17,likert5,1,5,True,validated,1
302b1cc2-be67-40a2-ab2d-cf46e03af054,prca18,likert5,1,1,True,validated,0
688c4f5e-1786-4734-ad52-9acd40d200ac,prca01,likert5,1,1,True,validated,0
688c4f5e-1786-4734-ad52-9acd40d200ac,prca02,likert5,1,5,True,validated,1
688c4f5e-1786-4734-ad52-9acd40d200ac,prca03,likert5,1,1,True,validated,0
688c4f5e-1786-4734-ad52-9acd40d200ac,prca04,likert5,1,5,True,validated,1
688c4f5e-1786-4734-ad52-9acd40d200ac,prca05,likert5,1,1,True,validated,0
688c4f5e-1786-4734-ad52-9acd40d200ac,prca06,likert5,1,5,True,validated,1
688c4f5e-1786-4734-ad52-9acd40d200ac,prca13,likert5,1,1,True,validated,0
688c4f5e-1786-4734-ad52-9acd40d200ac,prca14,likert5,1,5,True,validated,1
688c4f5e-1786-4734-ad52-9acd40d200ac,prca15,likert5,1,1,True,validated,0
688c4f5e-1786-4734-ad52-9acd40d200ac,prca16,likert5,1,5,True,validated,1
688c4f5e-1786-4734-ad52-9acd40d200ac,prca17,likert5,1,5,True,validated,1
688c4f5e-1786-4734-ad52-9acd40d200ac,prca18,likert5,1,1,True,validated,0
e951d385-9a33-447f-8d05-c96699d5f43d,prca01,likert5,1,1,True,validated,0
e951d385-9a33-447f-8d05-c96699d5f43d,prca02,likert5,1,5,True,validated,1
e951d385-9a33-447f-8d05-c96699d5f43d,prca03,likert5,1,1,True,validated,0
e951d385-9a33-447f-8d05-c96699d5f43d,prca04,likert5,1,5,True,validated,1
e951d385-9a33-447f-8d05-c96699d5f43d,prca05,likert5,1,1,True,validated,0
e951d385-9a33-447f-8d05-c96699d5f43d,prca06,likert5,1,5,True,validated,1
e951d385-9a33-447f-8d05-c96699d5f43d,prca13,likert5,1,1,True,validated,0
e951d385-9a33-447f-8d05-c96699d5f43d,prca14,likert5,1,5,True,validated,1
e951d385-9a33-447f-8d05-c96699d5f43d,prca15,likert5,1,1,True,validated,0
e951d385-9a33-447f-8d05-c96699d5f43d,prca16,likert5,1,5,True,validated,1
e951d385-9a33-447f-8d05-c96699d5f43d,prca17,likert5,1,5,True,validated,1
e951d385-9a33-447f-8d05-c96699d5f43d,prca18,likert5,1,1,True,validated,0
313a37ae-69fe-49ce-97be-161ae87a6814,prca01,likert5,1,1,True,validated,0
313a37ae-69fe-49ce-97be-161ae87a6814,prca02,likert5,1,5,True,validated,1
313a37ae-69fe-49ce-97be-161ae87a6814,prca03,likert5,1,1,True,validated,0
313a37ae-69fe-49ce-97be-161ae87a6814,prca04,likert5,1,5,True,validated,1
313a37ae-69fe-49ce-97be-161ae87a6814,prca05,likert5,1,1,True,validated,0
313a37ae-69fe-49ce-97be-161ae87a6814,prca06,likert5,1,5,True,validated,1
313a37ae-69fe-49ce-97be-161ae87a6814,prca13,likert5,1,1,True,validated,0
313a37ae-69fe-49ce-97be-161ae87a6814,prca14,likert5,1,5,True,validated,1
313a37ae-69fe-49ce-97be-161ae87a6814,prca15,likert5,1,1,True,validated,0
313a37ae-69fe-49ce-97be-161ae87a6814,prca16,likert5,1,5,True,validated,1
313a37ae-69fe-49ce-97be-161ae87a6814,prca17,likert5,1,5,True,validated,1
313a37ae-69fe-49ce-97be-161ae87a6814,prca18,likert5,1,1,True,validated,0
8365fde8-7ce9-42f1-8b36-4858e71bc4f4,prca01,likert5,1,1,True,validated,0
8365fde8-7ce9-42f1-8b36-4858e71bc4f4,prca02,likert5,1,5,True,validated,1
8365fde8-7ce9-42f1-8b36-4858e71bc4f4,prca03,likert5,1,1,True,validated,0
8365fde8-7ce9-42f1-8b36-4858e71bc4f4,prca04,likert5,1,5,True,validated,1
8365fde8-7ce9-42f1-8b36-4858e71bc4f4,prca05,likert5,1,1,True,validated,0
8365fde8-7ce9-42f1-8b36-4858e71bc4f4,prca06,likert5,1,5,True,validated,1
8365fde8-7ce9-42f1-8b36-4858e71bc4f4,prca13,likert5,1,1,True,validated,0
8365fde8-7ce9-42f1-8b36-4858e71bc4f4,prca14,likert5,1,5,True,validated,1
8365fde8-7ce9-42f1-8b36-4858e71bc4f4,prca15,likert5,1,1,True,validated,0
8365fde8-7ce9-42f1-8b36-4858e71bc4f4,prca16,likert5,1,5,True,validated,1
8365fde8-7ce9-42f1-8b36-4858e71bc4f4,prca17,likert5,1,5,True,validated,1
8365fde8-7ce9-42f1-8b36-4858e71bc4f4,prca18,likert5,1,1,True,validated,0
487de9f7-ab7d-4af6-b918-49956e77e417,prca01,likert5,1,1,True,validated,0
487de9f7-ab7d-4af6-b918-49956e77e417,prca02,likert5,1,5,True,validated,1
487de9f7-ab7d-4af6-b918-49956e77e417,prca03,likert5,1,1,True,validated,0
487de9f7-ab7d-4af6-b918-49956e77e417,prca04,likert5,1,5,True,validated,1
487de9f7-ab7d-4af6-b918-49956e77e417,prca05,likert5,1,1,True,validated,0
487de9f7-ab7d-4af6-b918-49956e77e417,prca06,likert5,1,5,True,validated,1
487de9f7-ab7d-4af6-b918-49956e77e417,prca13,likert5,1,1,True,validated,0
487de9f7-ab7d-4af6-b918-49956e77e417,prca14,likert5,1,5,True,validated,1
487de9f7-ab7d-4af6-b918-49956e77e417,prca15,likert5,1,1,True,validated,0
487de9f7-ab7d-4af6-b918-49956e77e417,prca16,likert5,1,5,True,validated,1
487de9f7-ab7d-4af6-b918-49956e77e417,prca17,likert5,1,5,True,validated,1
487de9f7-ab7d-4af6-b918-49956e77e417,prca18,likert5,1,1,True,validated,0
d9a1ef0e-21be-4c04-8232-a652a363849e,prca01,likert5,1,1,True,validated,0
d9a1ef0e-21be-4c04-8232-a652a363849e,prca02,likert5,1,5,True,validated,1
d9a1ef0e-21be-4c04-8232-a652a363849e,prca03,likert5,1,1,True,validated,0
d9a1ef0e-21be-4c04-8232-a652a363849e,prca04,likert5,1,5,True,validated,1
d9a1ef0e-21be-4c04-8232-a652a363849e,prca05,likert5,1,1,True,validated,0
d9a1ef0e-21be-4c04-8232-a652a363849e,prca06,likert5,1,5,True,validated,1
d9a1ef0e-21be-4c04-8232-a652a363849e,prca13,likert5,1,1,True,validated,0
d9a1ef0e-21be-4c04-8232-a652a363849e,prca14,likert5,1,5,True,validated,1
d9a1ef0e-21be-4c04-8232-a652a363849e,prca15,likert5,1,1,True,validated,0
d9a1ef0e-21be-4c04-8232-a652a363849e,prca16,likert5,1,5,True,validated,1
d9a1ef0e-21be-4c04-8232-a652a363849e,prca17,likert5,1,5,True,validated,1
d9a1ef0e-21be-4c04-8232-a652a363849e,prca18,likert5,1,1,True,validated,0
cd4fbab9-b6c7-4069-986b-f4b1df5b6292,prca01,likert5,1,1,True,validated,0
cd4fbab9-b6c7-4069-986b-f4b1df5b6292,prca02,likert5,1,5,True,validated,1
cd4fbab9-b6c7-4069-986b-f4b1df5b6292,prca03,likert5,1,1,True,validated,0
cd4fbab9-b6c7-4069-986b-f4b1df5b6292,prca04,likert5,1,5,True,validated,1
cd4fbab9-b6c7-4069-986b-f4b1df5b6292,prca05,likert5,1,1,True,validated,0
cd4fbab9-b6c7-4069-986b-f4b1df5b6292,prca06,likert5,1,5,True,validated,1
cd4fbab9-b6c7-4069-986b-f4b1df5b6292,prca13,likert5,1,1,True,validated,0
cd4fbab9-b6c7-4069-986b-f4b1df5b6292,prca14,likert5,1,5,True,validated,1
cd4fbab9-b6c7-4069-986b-f4b1df5b6292,prca15,likert5,1,1,True,validated,0
cd4fbab9-b6c7-4069-986b-f4b1df5b6292,prca16,likert5,1,5,True,validated,1
cd4fbab9-b6c7-4069-986b-f4b1df5b6292,prca17,likert5,1,5,True,validated,1
cd4fbab9-b6c7-4069-986b-f4b1df5b6292,prca18,likert5,1,1,True,validated,0
606dddb8-f152-4d0e-9510-8662490e7ba0,prca01,likert5,1,1,True,validated,0
606dddb8-f152-4d0e-9510-8662490e7ba0,prca02,likert5,1,5,True,validated,1
606dddb8-f152-4d0e-9510-8662490e7ba0,prca03,likert5,1,1,True,validated,0
606dddb8-f152-4d0e-9510-8662490e7ba0,prca04,likert5,1,5,True,validated,1
606dddb8-f152-4d0e-9510-8662490e7ba0,prca05,likert5,1,1,True,validated,0
606dddb8-f152-4d0e-9510-8662490e7ba0,prca06,likert5,1,5,True,validated,1
606dddb8-f152-4d0e-9510-8662490e7ba0,prca13,likert5,1,1,True,validated,0
606dddb8-f152-4d0e-9510-8662490e7ba0,prca14,likert5,1,5,True,validated,1
606dddb8-f152-4d0e-9510-8662490e7ba0,prca15,likert5,1,1,True,validated,0
606dddb8-f152-4d0e-9510-8662490e7ba0,prca16,likert5,1,5,True,validated,1
606dddb8-f152-4d0e-9510-8662490e7ba0,prca17,likert5,1,5,True,validated,1
606dddb8-f152-4d0e-9510-8662490e7ba0,prca18,likert5,1,1,True,validated,0
513a5965-74c4-49b7-9e3b-1f473947e14c,prca01,likert5,1,1,True,validated,0
513a5965-74c4-49b7-9e3b-1f473947e14c,prca02,likert5,1,5,True,validated,1
513a5965-74c4-49b7-9e3b-1f473947e14c,prca03,likert5,1,1,True,validated,0
513a5965-74c4-49b7-9e3b-1f473947e14c,prca04,likert5,1,5,True,validated,1
513a5965-74c4-49b7-9e3b-1f473947e14c,prca05,likert5,1,1,True,validated,0
513a5965-74c4-49b7-9e3b-1f473947e14c,prca06,likert5,1,5,True,validated,1
513a5965-74c4-49b7-9e3b-1f473947e14c,prca13,likert5,1,1,True,validated,0
513a5965-74c4-49b7-9e3b-1f473947e14c,prca14,likert5,1,5,True,validated,1
513a5965-74c4-49b7-9e3b-1f473947e14c,prca15,likert5,1,1,True,validated,0
513a5965-74c4-49b7-9e3b-1f473947e14c,prca16,likert5,1,5,True,validated,1
513a5965-74c4-49b7-9e3b-1f473947e14c,prca17,likert5,1,5,True,validated,1
513a5965-74c4-49b7-9e3b-1f473947e14c,prca18,likert5,1,1,True,validated,0
7967a8ca-d2d1-4f8b-9b6d-4b8416fa6310,prca01,likert5,1,1,True,validated,0
7967a8ca-d2d1-4f8b-9b6d-4b8416fa6310,prca02,likert5,1,5,True,validated,1
7967a8ca-d2d1-4f8b-9b6d-4b8416fa6310,prca03,likert5,1,1,True,validated,0
7967a8ca-d2d1-4f8b-9b6d-4b8416fa6310,prca04,likert5,1,5,True,validated,1
7967a8ca-d2d1-4f8b-9b6d-4b8416fa6310,prca05,likert5,1,1,True,validated,0
7967a8ca-d2d1-4f8b-9b6d-4b8416fa6310,prca06,likert5,1,5,True,validated,1
7967a8ca-d2d1-4f8b-9b6d-4b8416fa6310,prca13,likert5,1,1,True,validated,0
7967a8ca-d2d1-4f8b-9b6d-4b8416fa6310,prca14,likert5,1,5,True,validated,1
7967a8ca-d2d1-4f8b-9b6d-4b8416fa6310,prca15,likert5,1,1,True,validated,0
7967a8ca-d2d1-4f8b-9b6d-4b8416fa6310,prca16,likert5,1,5,True,validated,1
7967a8ca-d2d1-4f8b-9b6d-4b8416fa6310,prca17,likert5,1,5,True,validated,1
7967a8ca-d2d1-4f8b-9b6d-4b8416fa6310,prca18,likert5,1,1,True,validated,0
721d602b-bc23-46fe-b985-9357e6dba0e6,prca01,likert5,1,1,True,validated,0
721d602b-bc23-46fe-b985-9357e6dba0e6,prca02,likert5,1,5,True,validated,1
721d602b-bc23-46fe-b985-9357e6dba0e6,prca03,likert5,1,1,True,validated,0
721d602b-bc23-46fe-b985-9357e6dba0e6,prca04,likert5,1,5,True,validated,1
721d602b-bc23-46fe-b985-9357e6dba0e6,prca05,likert5,1,1,True,validated,0
721d602b-bc23-46fe-b985-9357e6dba0e6,prca06,likert5,1,5,True,validated,1
721d602b-bc23-46fe-b985-9357e6dba0e6,prca13,likert5,1,1,True,validated,0
721d602b-bc23-46fe-b985-9357e6dba0e6,prca14,likert5,1,5,True,validated,1
721d602b-bc23-46fe-b985-9357e6dba0e6,prca15,likert5,1,1,True,validated,0
721d602b-bc23-46fe-b985-9357e6dba0e6,prca16,likert5,1,5,True,validated,1
721d602b-bc23-46fe-b985-9357e6dba0e6,prca17,likert5,1,5,True,validated,1
721d602b-bc23-46fe-b985-9357e6dba0e6,prca18,likert5,1,1,True,validated,0
314cea19-0553-4461-8191-518857c75382,prca01,likert5,1,1,True,validated,0
314cea19-0553-4461-8191-518857c75382,prca02,likert5,1,5,True,validated,1
314cea19-0553-4461-8191-518857c75382,prca03,likert5,1,1,True,validated,0
314cea19-0553-4461-8191-518857c75382,prca04,likert5,1,5,True,validated,1
314cea19-0553-4461-8191-518857c75382,prca05,likert5,1,1,True,validated,0
314cea19-0553-4461-8191-518857c75382,prca06,likert5,1,5,True,validated,1
314cea19-0553-4461-8191-518857c75382,prca13,likert5,1,1,True,validated,0
314cea19-0553-4461-8191-518857c75382,prca14,likert5,1,5,True,validated,1
314cea19-0553-4461-8191-518857c75382,prca15,likert5,1,1,True,validated,0
314cea19-0553-4461-8191-518857c75382,prca16,likert5,1,5,True,validated,1
314cea19-0553-4461-8191-518857c75382,prca17,likert5,1,5,True,validated,1
314cea19-0553-4461-8191-518857c75382,prca18,likert5,1,1,True,validated,0
efe57be4-2dd7-417c-91e8-65fdf3c2b6b2,prca01,likert5,1,1,True,validated,0
efe57be4-2dd7-417c-91e8-65fdf3c2b6b2,prca02,likert5,1,5,True,validated,1
efe57be4-2dd7-417c-91e8-65fdf3c2b6b2,prca03,likert5,1,1,True,validated,0
efe57be4-2dd7-417c-91e8-65fdf3c2b6b2,prca04,likert5,1,5,True,validated,1
efe57be4-2dd7-417c-91e8-65fdf3c2b6b2,prca05,likert5,1,1,True,validated,0
efe57be4-2dd7-417c-91e8-65fdf3c2b6b2,prca06,likert5,1,5,True,validated,1
efe57be4-2dd7-417c-91e8-65fdf3c2b6b2,prca13,likert5,1,1,True,validated,0
efe57be4-2dd7-417c-91e8-65fdf3c2b6b2,prca14,likert5,1,5,True,validated,1
efe57be4-2dd7-417c-91e8-65fdf3c2b6b2,prca15,likert5,1,1,True,validated,0
efe57be4-2dd7-417c-91e8-65fdf3c2b6b2,prca16,likert5,1,5,True,validated,1
efe57be4-2dd7-417c-91e8-65fdf3c2b6b2,prca17,likert5,1,5,True,validated,1
efe57be4-2dd7-417c-91e8-65fdf3c2b6b2,prca18,likert5,1,1,True,validated,0
0ff4394c-9582-48d8-bc68-6a443250dcfd,prca01,likert5,1,1,True,validated,0
0ff4394c-9582-48d8-bc68-6a443250dcfd,prca02,likert5,1,5,True,validated,1
0ff4394c-9582-48d8-bc68-6a443250dcfd,prca03,likert5,1,1,True,validated,0
0ff4394c-9582-48d8-bc68-6a443250dcfd,prca04,likert5,1,5,True,validated,1
0ff4394c-9582-48d8-bc68-6a443250dcfd,prca05,likert5,1,1,True,validated,0
0ff4394c-9582-48d8-bc68-6a443250dcfd,prca06,likert5,1,5,True,validated,1
0ff4394c-9582-48d8-bc68-6a443250dcfd,prca13,likert5,1,1,True,validated,0
0ff4394c-9582-48d8-bc68-6a443250dcfd,prca14,likert5,1,5,True,validated,1
0ff4394c-9582-48d8-bc68-6a443250dcfd,prca15,likert5,1,1,True,validated,0
0ff4394c-9582-48d8-bc68-6a443250dcfd,prca16,likert5,1,5,True,validated,1
0ff4394c-9582-48d8-bc68-6a443250dcfd,prca17,likert5,1,5,True,validated,1
0ff4394c-9582-48d8-bc68-6a443250dcfd,prca18,likert5,1,1,True,validated,0
a3cf857c-c3ec-42ab-8321-ee7bee2e71cf,prca01,likert5,1,1,True,validated,0
a3cf857c-c3ec-42ab-8321-ee7bee2e71cf,prca02,likert5,1,5,True,validated,1
a3cf857c-c3ec-42ab-8321-ee7bee2e71cf,prca03,likert5,1,1,True,validated,0
a3cf857c-c3ec-42ab-8321-ee7bee2e71cf,prca04,likert5,1,5,True,validated,1
a3cf857c-c3ec-42ab-8321-ee7bee2e71cf,prca05,likert5,1,1,True,validated,0
a3cf857c-c3ec-42ab-8321-ee7bee2e71cf,prca06,likert5,1,5,True,validated,1
a3cf857c-c3ec-42ab-8321-ee7bee2e71cf,prca13,likert5,1,1,True,validated,0
a3cf857c-c3ec-42ab-8321-ee7bee2e71cf,prca14,likert5,1,5,True,validated,1
a3cf857c-c3ec-42ab-8321-ee7bee2e71cf,prca15,likert5,1,1,True,validated,0
a3cf857c-c3ec-42ab-8321-ee7bee2e71cf,prca16,likert5,1,5,True,validated,1
a3cf857c-c3ec-42ab-8321-ee7bee2e71cf,prca17,likert5,1,5,True,validated,1
a3cf857c-c3ec-42ab-8321-ee7bee2e71cf,prca18,likert5,1,1,True,validated,0
fa6e49d8-d0e2-4fb3-906d-4cb3f2f7374a,prca01,likert5,1,1,True,validated,0
fa6e49d8-d0e2-4fb3-906d-4cb3f2f7374a,prca02,likert5,1,5,True,validated,1
fa6e49d8-d0e2-4fb3-906d-4cb3f2f7374a,prca03,likert5,1,1,True,validated,0
fa6e49d8-d0e2-4fb3-906d-4cb3f2f7374a,prca04,likert5,1,5,True,validated,1
fa6e49d8-d0e2-4fb3-906d-4cb3f2f7374a,prca05,likert5,1,1,True,validated,0
fa6e49d8-d0e2-4fb3-906d-4cb3f2f7374a,prca06,likert5,1,5,True,validated,1
fa6e49d8-d0e2-4fb3-906d-4cb3f2f7374a,prca13,likert5,1,1,True,validated,0
fa6e49d8-d0e2-4fb3-906d-4cb3f2f7374a,prca14,likert5,1,5,True,validated,1
fa6e49d8-d0e2-4fb3-906d-4cb3f2f7374a,prca15,likert5,1,1,True,validated,0
fa6e49d8-d0e2-4fb3-906d-4cb3f2f7374a,prca16,likert5,1,5,True,validated,1
fa6e49d8-d0e2-4fb3-906d-4cb3f2f7374a,prca17,likert5,1,5,True,validated,1
fa6e49d8-d0e2-4fb3-906d-4cb3f2f7374a,prca18,likert5,1,1,True,validated,0
fcd3848d-0c5b-4428-8ac8-214ab24a6084,prca01,likert5,1,1,True,validated,0
fcd3848d-0c5b-4428-8ac8-214ab24a6084,prca02,likert5,1,5,True,validated,1
fcd3848d-0c5b-4428-8ac8-214ab24a6084,prca03,likert5,1,1,True,validated,0
fcd3848d-0c5b-4428-8ac8-214ab24a6084,prca04,likert5,1,5,True,validated,1
fcd3848d-0c5b-4428-8ac8-214ab24a6084,prca05,likert5,1,1,True,validated,0
fcd3848d-0c5b-4428-8ac8-214ab24a6084,prca06,likert5,1,5,True,validated,1
fcd3848d-0c5b-4428-8ac8-214ab24a6084,prca13,likert5,1,1,True,validated,0
fcd3848d-0c5b-4428-8ac8-214ab24a6084,prca14,likert5,1,5,True,validated,1
fcd3848d-0c5b-4428-8ac8-214ab24a6084,prca15,likert5,1,1,True,validated,0
fcd3848d-0c5b-4428-8ac8-214ab24a6084,prca16,likert5,1,5,True,validated,1
fcd3848d-0c5b-4428-8ac8-214ab24a6084,prca17,likert5,1,5,True,validated,1
fcd3848d-0c5b-4428-8ac8-214ab24a6084,prca18,likert5,1,1,True,validated,0
067ea2d6-85d3-4ca9-9634-58c8ce3d9151,prca01,likert5,1,1,True,validated,0
067ea2d6-85d3-4ca9-9634-58c8ce3d9151,prca02,likert5,1,5,True,validated,1
067ea2d6-85d3-4ca9-9634-58c8ce3d9151,prca03,likert5,1,1,True,validated,0
067ea2d6-85d3-4ca9-9634-58c8ce3d9151,prca04,likert5,1,5,True,validated,1
067ea2d6-85d3-4ca9-9634-58c8ce3d9151,prca05,likert5,1,1,True,validated,0
067ea2d6-85d3-4ca9-9634-58c8ce3d9151,prca06,likert5,1,5,True,validated,1
067ea2d6-85d3-4ca9-9634-58c8ce3d9151,prca13,likert5,1,1,True,validated,0
067ea2d6-85d3-4ca9-9634-58c8ce3d9151,prca14,likert5,1,5,True,validated,1
067ea2d6-85d3-4ca9-9634-58c8ce3d9151,prca15,likert5,1,1,True,validated,0
067ea2d6-85d3-4ca9-9634-58c8ce3d9151,prca16,likert5,1,5,True,validated,1
067ea2d6-85d3-4ca9-9634-58c8ce3d9151,prca17,likert5,1,5,True,validated,1
067ea2d6-85d3-4ca9-9634-58c8ce3d9151,prca18,likert5,1,1,True,validated,0
206398d2-b09b-4a76-a349-f7e54b677459,prca01,likert5,1,1,True,validated,0
206398d2-b09b-4a76-a349-f7e54b677459,prca02,likert5,1,5,True,validated,1
206398d2-b09b-4a76-a349-f7e54b677459,prca03,likert5,1,1,True,validated,0
206398d2-b09b-4a76-a349-f7e54b677459,prca04,likert5,1,5,True,validated,1
206398d2-b09b-4a76-a349-f7e54b677459,prca05,likert5,1,1,True,validated,0
206398d2-b09b-4a76-a349-f7e54b677459,prca06,likert5,1,5,True,validated,1
206398d2-b09b-4a76-a349-f7e54b677459,prca13,likert5,1,1,True,validated,0
206398d2-b09b-4a76-a349-f7e54b677459,prca14,likert5,1,5,True,validated,1
206398d2-b09b-4a76-a349-f7e54b677459,prca15,likert5,1,1,True,validated,0
206398d2-b09b-4a76-a349-f7e54b677459,prca16,likert5,1,5,True,validated,1
206398d2-b09b-4a76-a349-f7e54b677459,prca17,likert5,1,5,True,validated,1
206398d2-b09b-4a76-a349-f7e54b677459,prca18,likert5,1,1,True,validated,0
3d9832bf-303b-4810-824c-819ba1ae3673,prca01,likert5,1,1,True,validated,0
3d9832bf-303b-4810-824c-819ba1ae3673,prca02,likert5,1,5,True,validated,1
3d9832bf-303b-4810-824c-819ba1ae3673,prca03,likert5,1,1,True,validated,0
3d9832bf-303b-4810-824c-819ba1ae3673,prca04,likert5,1,5,True,validated,1
3d9832bf-303b-4810-824c-819ba1ae3673,prca05,likert5,1,1,True,validated,0
3d9832bf-303b-4810-824c-819ba1ae3673,prca06,likert5,1,5,True,validated,1
3d9832bf-303b-4810-824c-819ba1ae3673,prca13,likert5,1,1,True,validated,0
3d9832bf-303b-4810-824c-819ba1ae3673,prca14,likert5,1,5,True,validated,1
3d9832bf-303b-4810-824c-819ba1ae3673,prca15,likert5,1,1,True,validated,0
3d9832bf-303b-4810-824c-819ba1ae3673,prca16,likert5,1,5,True,validated,1
3d9832bf-303b-4810-824c-819ba1ae3673,prca17,likert5,1,5,True,validated,1
3d9832bf-303b-4810-824c-819ba1ae3673,prca18,likert5,1,1,True,validated,0
c02ed9c8-f721-48fc-b365-5feafea0bfc2,prca01,likert5,1,1,True,validated,0
c02ed9c8-f721-48fc-b365-5feafea0bfc2,prca02,likert5,1,5,True,validated,1
c02ed9c8-f721-48fc-b365-5feafea0bfc2,prca03,likert5,1,1,True,validated,0
c02ed9c8-f721-48fc-b365-5feafea0bfc2,prca04,likert5,1,5,True,validated,1
c02ed9c8-f721-48fc-b365-5feafea0bfc2,prca05,likert5,1,1,True,validated,0
c02ed9c8-f721-48fc-b365-5feafea0bfc2,prca06,likert5,1,5,True,validated,1
c02ed9c8-f721-48fc-b365-5feafea0bfc2,prca13,likert5,1,1,True,validated,0
c02ed9c8-f721-48fc-b365-5feafea0bfc2,prca14,likert5,1,5,True,validated,1
c02ed9c8-f721-48fc-b365-5feafea0bfc2,prca15,likert5,1,1,True,validated,0
c02ed9c8-f721-48fc-b365-5feafea0bfc2,prca16,likert5,1,5,True,validated,1
c02ed9c8-f721-48fc-b365-5feafea0bfc2,prca17,likert5,1,5,True,validated,1
c02ed9c8-f721-48fc-b365-5feafea0bfc2,prca18,likert5,1,1,True,validated,0
d09e5ea2-beff-4c20-8edd-8021ecbe649c,prca01,likert5,1,1,True,validated,0
d09e5ea2-beff-4c20-8edd-8021ecbe649c,prca02,likert5,1,5,True,validated,1
d09e5ea2-beff-4c20-8edd-8021ecbe649c,prca03,likert5,1,1,True,validated,0
d09e5ea2-beff-4c20-8edd-8021ecbe649c,prca04,likert5,1,5,True,validated,1
d09e5ea2-beff-4c20-8edd-8021ecbe649c,prca05,likert5,1,1,True,validated,0
d09e5ea2-beff-4c20-8edd-8021ecbe649c,prca06,likert5,1,5,True,validated,1
d09e5ea2-beff-4c20-8edd-8021ecbe649c,prca13,likert5,1,1,True,validated,0
d09e5ea2-beff-4c20-8edd-8021ecbe649c,prca14,likert5,1,5,True,validated,1
d09e5ea2-beff-4c20-8edd-8021ecbe649c,prca15,likert5,1,1,True,validated,0
d09e5ea2-beff-4c20-8edd-8021ecbe649c,prca16,likert5,1,5,True,validated,1
d09e5ea2-beff-4c20-8edd-8021ecbe649c,prca17,likert5,1,5,True,validated,1
d09e5ea2-beff-4c20-8edd-8021ecbe649c,prca18,likert5,1,1,True,validated,0
3614308f-cf6c-43ee-89b0-8afeef099389,prca01,likert5,1,1,True,validated,0
3614308f-cf6c-43ee-89b0-8afeef099389,prca02,likert5,1,5,True,validated,1
3614308f-cf6c-43ee-89b0-8afeef099389,prca03,likert5,1,1,True,validated,0
3614308f-cf6c-43ee-89b0-8afeef099389,prca04,likert5,1,5,True,validated,1
3614308f-cf6c-43ee-89b0-8afeef099389,prca05,likert5,1,1,True,validated,0
3614308f-cf6c-43ee-89b0-8afeef099389,prca06,likert5,1,5,True,validated,1
3614308f-cf6c-43ee-89b0-8afeef099389,prca13,likert5,1,1,True,validated,0
3614308f-cf6c-43ee-89b0-8afeef099389,prca14,likert5,1,5,True,validated,1
3614308f-cf6c-43ee-89b0-8afeef099389,prca15,likert5,1,1,True,validated,0
3614308f-cf6c-43ee-89b0-8afeef099389,prca16,likert5,1,5,True,validated,1
3614308f-cf6c-43ee-89b0-8afeef099389,prca17,likert5,1,5,True,validated,1
3614308f-cf6c-43ee-89b0-8afeef099389,prca18,likert5,1,1,True,validated,0
c43e1e59-5af1-4f13-bce1-d144175997fd,prca01,likert5,1,1,True,validated,0
c43e1e59-5af1-4f13-bce1-d144175997fd,prca02,likert5,1,5,True,validated,1
c43e1e59-5af1-4f13-bce1-d144175997fd,prca03,likert5,1,1,True,validated,0
c43e1e59-5af1-4f13-bce1-d144175997fd,prca04,likert5,1,5,True,validated,1
c43e1e59-5af1-4f13-bce1-d144175997fd,prca05,likert5,1,1,True,validated,0
c43e1e59-5af1-4f13-bce1-d144175997fd,prca06,likert5,1,5,True,validated,1
c43e1e59-5af1-4f13-bce1-d144175997fd,prca13,likert5,1,1,True,validated,0
c43e1e59-5af1-4f13-bce1-d144175997fd,prca14,likert5,1,5,True,validated,1
c43e1e59-5af1-4f13-bce1-d144175997fd,prca15,likert5,1,1,True,validated,0
c43e1e59-5af1-4f13-bce1-d144175997fd,prca16,likert5,1,5,True,validated,1
c43e1e59-5af1-4f13-bce1-d144175997fd,prca17,likert5,1,5,True,validated,1
c43e1e59-5af1-4f13-bce1-d144175997fd,prca18,likert5,1,1,True,validated,0
5b3e7365-dfd7-4caf-9205-95764ffc8d9e,prca01,likert5,1,1,True,validated,0
5b3e7365-dfd7-4caf-9205-95764ffc8d9e,prca02,likert5,1,5,True,validated,1
5b3e7365-dfd7-4caf-9205-95764ffc8d9e,prca03,likert5,1,1,True,validated,0
5b3e7365-dfd7-4caf-9205-95764ffc8d9e,prca04,likert5,1,5,True,validated,1
5b3e7365-dfd7-4caf-9205-95764ffc8d9e,prca05,likert5,1,1,True,validated,0
5b3e7365-dfd7-4caf-9205-95764ffc8d9e,prca06,likert5,1,5,True,validated,1
5b3e7365-dfd7-4caf-9205-95764ffc8d9e,prca13,likert5,1,1,True,validated,0
5b3e7365-dfd7-4caf-9205-95764ffc8d9e,prca14,likert5,1,5,True,validated,1
5b3e7365-dfd7-4caf-9205-95764ffc8d9e,prca15,likert5,1,1,True,validated,0
5b3e7365-dfd7-4caf-9205-95764ffc8d9e,prca16,likert5,1,5,True,validated,1
5b3e7365-dfd7-4caf-9205-95764ffc8d9e,prca17,likert5,1,5,True,validated,1
5b3e7365-dfd7-4caf-9205-95764ffc8d9e,prca18,likert5,1,1,True,validated,0
fae0996c-5b27-427f-a07f-7b343b9041ea,prca01,likert5,1,1,True,validated,0
fae0996c-5b27-427f-a07f-7b343b9041ea,prca02,likert5,1,5,True,validated,1
fae0996c-5b27-427f-a07f-7b343b9041ea,prca03,likert5,1,1,True,validated,0
fae0996c-5b27-427f-a07f-7b343b9041ea,prca04,likert5,1,5,True,validated,1
fae0996c-5b27-427f-a07f-7b343b9041ea,prca05,likert5,1,1,True,validated,0
fae0996c-5b27-427f-a07f-7b343b9041ea,prca06,likert5,1,5,True,validated,1
fae0996c-5b27-427f-a07f-7b343b9041ea,prca13,likert5,1,1,True,validated,0
fae0996c-5b27-427f-a07f-7b343b9041ea,prca14,likert5,1,5,True,validated,1
fae0996c-5b27-427f-a07f-7b343b9041ea,prca15,likert5,1,1,True,validated,0
fae0996c-5b27-427f-a07f-7b343b9041ea,prca16,likert5,1,5,True,validated,1
fae0996c-5b27-427f-a07f-7b343b9041ea,prca17,likert5,1,5,True,validated,1
fae0996c-5b27-427f-a07f-7b343b9041ea,prca18,likert5,1,1,True,validated,0
101d0451-7ef4-4e9f-b1fc-e13bfef50507,prca01,likert5,1,1,True,validated,0
101d0451-7ef4-4e9f-b1fc-e13bfef50507,prca02,likert5,1,5,True,validated,1
101d0451-7ef4-4e9f-b1fc-e13bfef50507,prca03,likert5,1,1,True,validated,0
101d0451-7ef4-4e9f-b1fc-e13bfef50507,prca04,likert5,1,5,True,validated,1
101d0451-7ef4-4e9f-b1fc-e13bfef50507,prca05,likert5,1,1,True,validated,0
101d0451-7ef4-4e9f-b1fc-e13bfef50507,prca06,likert5,1,5,True,validated,1
101d0451-7ef4-4e9f-b1fc-e13bfef50507,prca13,likert5,1,1,True,validated,0
101d0451-7ef4-4e9f-b1fc-e13bfef50507,prca14,likert5,1,5,True,validated,1
101d0451-7ef4-4e9f-b1fc-e13bfef50507,prca15,likert5,1,1,True,validated,0
101d0451-7ef4-4e9f-b1fc-e13bfef50507,prca16,likert5,1,5,True,validated,1
101d0451-7ef4-4e9f-b1fc-e13bfef50507,prca17,likert5,1,5,True,validated,1
101d0451-7ef4-4e9f-b1fc-e13bfef50507,prca18,likert5,1,1,True,validated,0
ec6042e5-0204-42ee-9af7-741bec5a659e,prca01,likert5,1,1,True,validated,0
ec6042e5-0204-42ee-9af7-741bec5a659e,prca02,likert5,1,5,True,validated,1
ec6042e5-0204-42ee-9af7-741bec5a659e,prca03,likert5,1,1,True,validated,0
ec6042e5-0204-42ee-9af7-741bec5a659e,prca04,likert5,1,5,True,validated,1
ec6042e5-0204-42ee-9af7-741bec5a659e,prca05,likert5,1,1,True,validated,0
ec6042e5-0204-42ee-9af7-741bec5a659e,prca06,likert5,1,5,True,validated,1
ec6042e5-0204-42ee-9af7-741bec5a659e,prca13,likert5,1,1,True,validated,0
ec6042e5-0204-42ee-9af7-741bec5a659e,prca14,likert5,1,5,True,validated,1
ec6042e5-0204-42ee-9af7-741bec5a659e,prca15,likert5,1,1,True,validated,0
ec6042e5-0204-42ee-9af7-741bec5a659e,prca16,likert5,1,5,True,validated,1
ec6042e5-0204-42ee-9af7-741bec5a659e,prca17,likert5,1,5,True,validated,1
ec6042e5-0204-42ee-9af7-741bec5a659e,prca18,likert5,1,1,True,validated,0
9b35ee36-1b58-4b32-95be-b64d57ae81aa,prca01,likert5,1,1,True,validated,0
9b35ee36-1b58-4b32-95be-b64d57ae81aa,prca02,likert5,4,2,True,validated,1
9b35ee36-1b58-4b32-95be-b64d57ae81aa,prca03,likert5,1,1,True,validated,0
9b35ee36-1b58-4b32-95be-b64d57ae81aa,prca04,likert5,4,2,True,validated,1
9b35ee36-1b58-4b32-95be-b64d57ae81aa,prca05,likert5,1,1,True,validated,0
9b35ee36-1b58-4b32-95be-b64d57ae81aa,prca06,likert5,1,5,True,validated,1
9b35ee36-1b58-4b32-95be-b64d57ae81aa,prca13,likert5,1,1,True,validated,0
9b35ee36-1b58-4b32-95be-b64d57ae81aa,prca14,likert5,1,5,True,validated,1
9b35ee36-1b58-4b32-95be-b64d57ae81aa,prca15,likert5,1,1,True,validated,0
9b35ee36-1b58-4b32-95be-b64d57ae81aa,prca16,likert5,1,5,True,validated,1
9b35ee36-1b58-4b32-95be-b64d57ae81aa,prca17,likert5,1,5,True,validated,1
9b35ee36-1b58-4b32-95be-b64d57ae81aa,prca18,likert5,1,1,True,validated,0
344927af-9211-4a93-a01a-738d6018ad0c,prca01,likert5,1,1,True,validated,0
344927af-9211-4a93-a01a-738d6018ad0c,prca02,likert5,1,5,True,validated,1
344927af-9211-4a93-a01a-738d6018ad0c,prca03,likert5,1,1,True,validated,0
344927af-9211-4a93-a01a-738d6018ad0c,prca04,likert5,1,5,True,validated,1
344927af-9211-4a93-a01a-738d6018ad0c,prca05,likert5,1,1,True,validated,0
344927af-9211-4a93-a01a-738d6018ad0c,prca06,likert5,1,5,True,validated,1
344927af-9211-4a93-a01a-738d6018ad0c,prca13,likert5,1,1,True,validated,0
344927af-9211-4a93-a01a-738d6018ad0c,prca14,likert5,1,5,True,validated,1
344927af-9211-4a93-a01a-738d6018ad0c,prca15,likert5,1,1,True,validated,0
344927af-9211-4a93-a01a-738d6018ad0c,prca16,likert5,1,5,True,validated,1
344927af-9211-4a93-a01a-738d6018ad0c,prca17,likert5,1,5,True,validated,1
344927af-9211-4a93-a01a-738d6018ad0c,prca18,likert5,1,1,True,validated,0
0ce45a46-1546-42dd-815c-657ef7bfcb21,prca01,likert5,1,1,True,validated,0
0ce45a46-1546-42dd-815c-657ef7bfcb21,prca02,likert5,1,5,True,validated,1
0ce45a46-1546-42dd-815c-657ef7bfcb21,prca03,likert5,1,1,True,validated,0
0ce45a46-1546-42dd-815c-657ef7bfcb21,prca04,likert5,1,5,True,validated,1
0ce45a46-1546-42dd-815c-657ef7bfcb21,prca05,likert5,1,1,True,validated,0
0ce45a46-1546-42dd-815c-657ef7bfcb21,prca06,likert5,1,5,True,validated,1
0ce45a46-1546-42dd-815c-657ef7bfcb21,prca13,likert5,1,1,True,validated,0
0ce45a46-1546-42dd-815c-657ef7bfcb21,prca14,likert5,1,5,True,validated,1
0ce45a46-1546-42dd-815c-657ef7bfcb21,prca15,likert5,1,1,True,validated,0
0ce45a46-1546-42dd-815c-657ef7bfcb21,prca16,likert5,1,5,True,validated,1
0ce45a46-1546-42dd-815c-657ef7bfcb21,prca17,likert5,1,5,True,validated,1
0ce45a46-1546-42dd-815c-657ef7bfcb21,prca18,likert5,1,1,True,validated,0
42270056-16b2-4334-9535-495a63ff7764,prca01,likert5,1,1,True,validated,0
42270056-16b2-4334-9535-495a63ff7764,prca02,likert5,1,5,True,validated,1
42270056-16b2-4334-9535-495a63ff7764,prca03,likert5,1,1,True,validated,0
42270056-16b2-4334-9535-495a63ff7764,prca04,likert5,1,5,True,validated,1
42270056-16b2-4334-9535-495a63ff7764,prca05,likert5,1,1,True,validated,0
42270056-16b2-4334-9535-495a63ff7764,prca06,likert5,1,5,True,validated,1
42270056-16b2-4334-9535-495a63ff7764,prca13,likert5,1,1,True,validated,0
42270056-16b2-4334-9535-495a63ff7764,prca14,likert5,1,5,True,validated,1
42270056-16b2-4334-9535-495a63ff7764,prca15,likert5,1,1,True,validated,0
42270056-16b2-4334-9535-495a63ff7764,prca16,likert5,1,5,True,validated,1
42270056-16b2-4334-9535-495a63ff7764,prca17,likert5,1,5,True,validated,1
42270056-16b2-4334-9535-495a63ff7764,prca18,likert5,1,1,True,validated,0
21be7ec5-ec70-4fed-9ab9-71e3ea258922,prca01,likert5,1,1,True,validated,0
21be7ec5-ec70-4fed-9ab9-71e3ea258922,prca02,likert5,1,5,True,validated,1
21be7ec5-ec70-4fed-9ab9-71e3ea258922,prca03,likert5,1,1,True,validated,0
21be7ec5-ec70-4fed-9ab9-71e3ea258922,prca04,likert5,1,5,True,validated,1
21be7ec5-ec70-4fed-9ab9-71e3ea258922,prca05,likert5,1,1,True,validated,0
21be7ec5-ec70-4fed-9ab9-71e3ea258922,prca06,likert5,1,5,True,validated,1
21be7ec5-ec70-4fed-9ab9-71e3ea258922,prca13,likert5,1,1,True,validated,0
21be7ec5-ec70-4fed-9ab9-71e3ea258922,prca14,likert5,1,5,True,validated,1
21be7ec5-ec70-4fed-9ab9-71e3ea258922,prca15,likert5,1,1,True,validated,0
21be7ec5-ec70-4fed-9ab9-71e3ea258922,prca16,likert5,1,5,True,validated,1
21be7ec5-ec70-4fed-9ab9-71e3ea258922,prca17,likert5,1,5,True,validated,1
21be7ec5-ec70-4fed-9ab9-71e3ea258922,prca18,likert5,1,1,True,validated,0
af78ea12-06fa-4859-8486-e81176eff72f,prca01,likert5,1,1,True,validated,0
af78ea12-06fa-4859-8486-e81176eff72f,prca02,likert5,1,5,True,validated,1
af78ea12-06fa-4859-8486-e81176eff72f,prca03,likert5,1,1,True,validated,0
af78ea12-06fa-4859-8486-e81176eff72f,prca04,likert5,1,5,True,validated,1
af78ea12-06fa-4859-8486-e81176eff72f,prca05,likert5,1,1,True,validated,0
af78ea12-06fa-4859-8486-e81176eff72f,prca06,likert5,1,5,True,validated,1
af78ea12-06fa-4859-8486-e81176eff72f,prca13,likert5,1,1,True,validated,0
af78ea12-06fa-4859-8486-e81176eff72f,prca14,likert5,1,5,True,validated,1
af78ea12-06fa-4859-8486-e81176eff72f,prca15,likert5,1,1,True,validated,0
af78ea12-06fa-4859-8486-e81176eff72f,prca16,likert5,1,5,True,validated,1
af78ea12-06fa-4859-8486-e81176eff72f,prca17,likert5,1,5,True,validated,1
af78ea12-06fa-4859-8486-e81176eff72f,prca18,likert5,1,1,True,validated,0
6033d0ba-2f83-415d-aa80-c722ba8de583,prca01,likert5,1,1,True,validated,0
6033d0ba-2f83-415d-aa80-c722ba8de583,prca02,likert5,1,5,True,validated,1
6033d0ba-2f83-415d-aa80-c722ba8de583,prca03,likert5,1,1,True,validated,0
6033d0ba-2f83-415d-aa80-c722ba8de583,prca04,likert5,1,5,True,validated,1
6033d0ba-2f83-415d-aa80-c722ba8de583,prca05,likert5,1,1,True,validated,0
6033d0ba-2f83-415d-aa80-c722ba8de583,prca06,likert5,1,5,True,validated,1
6033d0ba-2f83-415d-aa80-c722ba8de583,prca13,likert5,1,1,True,validated,0
6033d0ba-2f83-415d-aa80-c722ba8de583,prca14,likert5,1,5,True,validated,1
6033d0ba-2f83-415d-aa80-c722ba8de583,prca15,likert5,1,1,True,validated,0
6033d0ba-2f83-415d-aa80-c722ba8de583,prca16,likert5,1,5,True,validated,1
6033d0ba-2f83-415d-aa80-c722ba8de583,prca17,likert5,1,5,True,validated,1
6033d0ba-2f83-415d-aa80-c722ba8de583,prca18,likert5,1,1,True,validated,0
49f84054-8f42-47a4-b6a4-819ae88bf2b6,prca01,likert5,1,1,True,validated,0
49f84054-8f42-47a4-b6a4-819ae88bf2b6,prca02,likert5,1,5,True,validated,1
49f84054-8f42-47a4-b6a4-819ae88bf2b6,prca03,likert5,1,1,True,validated,0
49f84054-8f42-47a4-b6a4-819ae88bf2b6,prca04,likert5,1,5,True,validated,1
49f84054-8f42-47a4-b6a4-819ae88bf2b6,prca05,likert5,1,1,True,validated,0
49f84054-8f42-47a4-b6a4-819ae88bf2b6,prca06,likert5,1,5,True,validated,1
49f84054-8f42-47a4-b6a4-819ae88bf2b6,prca13,likert5,1,1,True,validated,0
49f84054-8f42-47a4-b6a4-819ae88bf2b6,prca14,likert5,1,5,True,validated,1
49f84054-8f42-47a4-b6a4-819ae88bf2b6,prca15,likert5,1,1,True,validated,0
49f84054-8f42-47a4-b6a4-819ae88bf2b6,prca16,likert5,1,5,True,validated,1
49f84054-8f42-47a4-b6a4-819ae88bf2b6,prca17,likert5,1,5,True,validated,1
49f84054-8f42-47a4-b6a4-819ae88bf2b6,prca18,likert5,1,1,True,validated,0
1c08f39e-3676-4a10-981a-fab572517a88,prca01,likert5,1,1,True,validated,0
1c08f39e-3676-4a10-981a-fab572517a88,prca02,likert5,1,5,True,validated,1
1c08f39e-3676-4a10-981a-fab572517a88,prca03,likert5,1,1,True,validated,0
1c08f39e-3676-4a10-981a-fab572517a88,prca04,likert5,1,5,True,validated,1
1c08f39e-3676-4a10-981a-fab572517a88,prca05,likert5,1,1,True,validated,0
1c08f39e-3676-4a10-981a-fab572517a88,prca06,likert5,1,5,True,validated,1
1c08f39e-3676-4a10-981a-fab572517a88,prca13,likert5,1,1,True,validated,0
1c08f39e-3676-4a10-981a-fab572517a88,prca14,likert5,1,5,True,validated,1
1c08f39e-3676-4a10-981a-fab572517a88,prca15,likert5,1,1,True,validated,0
1c08f39e-3676-4a10-981a-fab572517a88,prca16,likert5,1,5,True,validated,1
1c08f39e-3676-4a10-981a-fab572517a88,prca17,likert5,1,5,True,validated,1
1c08f39e-3676-4a10-981a-fab572517a88,prca18,likert5,1,1,True,validated,0
926b4b7e-ec21-454a-b459-853677c584b7,prca01,likert5,1,1,True,validated,0
926b4b7e-ec21-454a-b459-853677c584b7,prca02,likert5,1,5,True,validated,1
926b4b7e-ec21-454a-b459-853677c584b7,prca03,likert5,1,1,True,validated,0
926b4b7e-ec21-454a-b459-853677c584b7,prca04,likert5,1,5,True,validated,1
926b4b7e-ec21-454a-b459-853677c584b7,prca05,likert5,1,1,True,validated,0
926b4b7e-ec21-454a-b459-853677c584b7,prca06,likert5,1,5,True,validated,1
926b4b7e-ec21-454a-b459-853677c584b7,prca13,likert5,1,1,True,validated,0
926b4b7e-ec21-454a-b459-853677c584b7,prca14,likert5,1,5,True,validated,1
926b4b7e-ec21-454a-b459-853677c584b7,prca15,likert5,1,1,True,validated,0
926b4b7e-ec21-454a-b459-853677c584b7,prca16,likert5,1,5,True,validated,1
926b4b7e-ec21-454a-b459-853677c584b7,prca17,likert5,1,5,True,validated,1
926b4b7e-ec21-454a-b459-853677c584b7,prca18,likert5,1,1,True,validated,0
ada2c26b-0ce8-4c03-b87d-1a86d33b03f1,prca01,likert5,1,1,True,validated,0
ada2c26b-0ce8-4c03-b87d-1a86d33b03f1,prca02,likert5,1,5,True,validated,1
ada2c26b-0ce8-4c03-b87d-1a86d33b03f1,prca03,likert5,1,1,True,validated,0
ada2c26b-0ce8-4c03-b87d-1a86d33b03f1,prca04,likert5,1,5,True,validated,1
ada2c26b-0ce8-4c03-b87d-1a86d33b03f1,prca05,likert5,1,1,True,validated,0
ada2c26b-0ce8-4c03-b87d-1a86d33b03f1,prca06,likert5,1,5,True,validated,1
ada2c26b-0ce8-4c03-b87d-1a86d33b03f1,prca13,likert5,1,1,True,validated,0
ada2c26b-0ce8-4c03-b87d-1a86d33b03f1,prca14,likert5,1,5,True,validated,1
ada2c26b-0ce8-4c03-b87d-1a86d33b03f1,prca15,likert5,1,1,True,validated,0
ada2c26b-0ce8-4c03-b87d-1a86d33b03f1,prca16,likert5,1,5,True,validated,1
ada2c26b-0ce8-4c03-b87d-1a86d33b03f1,prca17,likert5,1,5,True,validated,1
ada2c26b-0ce8-4c03-b87d-1a86d33b03f1,prca18,likert5,1,1,True,validated,0
684deda5-b916-4e28-b632-8a11e12f4b43,prca01,likert5,1,1,True,validated,0
684deda5-b916-4e28-b632-8a11e12f4b43,prca02,likert5,4,2,True,validated,1
684deda5-b916-4e28-b632-8a11e12f4b43,prca03,likert5,1,1,True,validated,0
684deda5-b916-4e28-b632-8a11e12f4b43,prca04,likert5,4,2,True,validated,1
684deda5-b916-4e28-b632-8a11e12f4b43,prca05,likert5,1,1,True,validated,0
684deda5-b916-4e28-b632-8a11e12f4b43,prca06,likert5,1,5,True,validated,1
684deda5-b916-4e28-b632-8a11e12f4b43,prca13,likert5,1,1,True,validated,0
684deda5-b916-4e28-b632-8a11e12f4b43,prca14,likert5,1,5,True,validated,1
684deda5-b916-4e28-b632-8a11e12f4b43,prca15,likert5,1,1,True,validated,0
684deda5-b916-4e28-b632-8a11e12f4b43,prca16,likert5,1,5,True,validated,1
684deda5-b916-4e28-b632-8a11e12f4b43,prca17,likert5,1,5,True,validated,1
684deda5-b916-4e28-b632-8a11e12f4b43,prca18,likert5,1,1,True,validated,0
c1ea52e7-e337-4202-a577-e82d8681647d,prca01,likert5,1,1,True,validated,0
c1ea52e7-e337-4202-a577-e82d8681647d,prca02,likert5,1,5,True,validated,1
c1ea52e7-e337-4202-a577-e82d8681647d,prca03,likert5,1,1,True,validated,0
c1ea52e7-e337-4202-a577-e82d8681647d,prca04,likert5,1,5,True,validated,1
c1ea52e7-e337-4202-a577-e82d8681647d,prca05,likert5,1,1,True,validated,0
c1ea52e7-e337-4202-a577-e82d8681647d,prca06,likert5,1,5,True,validated,1
c1ea52e7-e337-4202-a577-e82d8681647d,prca13,likert5,1,1,True,validated,0
c1ea52e7-e337-4202-a577-e82d8681647d,prca14,likert5,1,5,True,validated,1
c1ea52e7-e337-4202-a577-e82d8681647d,prca15,likert5,1,1,True,validated,0
c1ea52e7-e337-4202-a577-e82d8681647d,prca16,likert5,1,5,True,validated,1
c1ea52e7-e337-4202-a577-e82d8681647d,prca17,likert5,1,5,True,validated,1
c1ea52e7-e337-4202-a577-e82d8681647d,prca18,likert5,1,1,True,validated,0
2f324965-6109-48bf-b241-a75b659a4879,prca01,likert5,1,1,True,validated,0
2f324965-6109-48bf-b241-a75b659a4879,prca02,likert5,1,5,True,validated,1
2f324965-6109-48bf-b241-a75b659a4879,prca03,likert5,1,1,True,validated,0
2f324965-6109-48bf-b241-a75b659a4879,prca04,likert5,1,5,True,validated,1
2f324965-6109-48bf-b241-a75b659a4879,prca05,likert5,1,1,True,validated,0
2f324965-6109-48bf-b241-a75b659a4879,prca06,likert5,1,5,True,validated,1
2f324965-6109-48bf-b241-a75b659a4879,prca13,likert5,1,1,True,validated,0
2f324965-6109-48bf-b241-a75b659a4879,prca14,likert5,1,5,True,validated,1
2f324965-6109-48bf-b241-a75b659a4879,prca15,likert5,1,1,True,validated,0
2f324965-6109-48bf-b241-a75b659a4879,prca16,likert5,1,5,True,validated,1
2f324965-6109-48bf-b241-a75b659a4879,prca17,likert5,1,5,True,validated,1
2f324965-6109-48bf-b241-a75b659a4879,prca18,likert5,1,1,True,validated,0
73700fce-c256-44cc-af2b-abf3a610a335,prca01,likert5,1,1,True,validated,0
73700fce-c256-44cc-af2b-abf3a610a335,prca02,likert5,1,5,True,validated,1
73700fce-c256-44cc-af2b-abf3a610a335,prca03,likert5,1,1,True,validated,0
73700fce-c256-44cc-af2b-abf3a610a335,prca04,likert5,1,5,True,validated,1
73700fce-c256-44cc-af2b-abf3a610a335,prca05,likert5,1,1,True,validated,0
73700fce-c256-44cc-af2b-abf3a610a335,prca06,likert5,1,5,True,validated,1
73700fce-c256-44cc-af2b-abf3a610a335,prca13,likert5,1,1,True,validated,0
73700fce-c256-44cc-af2b-abf3a610a335,prca14,likert5,1,5,True,validated,1
73700fce-c256-44cc-af2b-abf3a610a335,prca15,likert5,1,1,True,validated,0
73700fce-c256-44cc-af2b-abf3a610a335,prca16,likert5,1,5,True,validated,1
73700fce-c256-44cc-af2b-abf3a610a335,prca17,likert5,1,5,True,validated,1
73700fce-c256-44cc-af2b-abf3a610a335,prca18,likert5,1,1,True,validated,0
01f567b5-70b1-4615-bde2-00ecd98cac72,prca01,likert5,1,1,True,validated,0
01f567b5-70b1-4615-bde2-00ecd98cac72,prca02,likert5,1,5,True,validated,1
01f567b5-70b1-4615-bde2-00ecd98cac72,prca03,likert5,1,1,True,validated,0
01f567b5-70b1-4615-bde2-00ecd98cac72,prca04,likert5,1,5,True,validated,1
01f567b5-70b1-4615-bde2-00ecd98cac72,prca05,likert5,1,1,True,validated,0
01f567b5-70b1-4615-bde2-00ecd98cac72,prca06,likert5,1,5,True,validated,1
01f567b5-70b1-4615-bde2-00ecd98cac72,prca13,likert5,1,1,True,validated,0
01f567b5-70b1-4615-bde2-00ecd98cac72,prca14,likert5,1,5,True,validated,1
01f567b5-70b1-4615-bde2-00ecd98cac72,prca15,likert5,1,1,True,validated,0
01f567b5-70b1-4615-bde2-00ecd98cac72,prca16,likert5,1,5,True,validated,1
01f567b5-70b1-4615-bde2-00ecd98cac72,prca17,likert5,1,5,True,validated,1
01f567b5-70b1-4615-bde2-00ecd98cac72,prca18,likert5,1,1,True,validated,0
f9bafe8b-c882-4126-8cbf-4d627ad219e8,prca01,likert5,1,1,True,validated,0
f9bafe8b-c882-4126-8cbf-4d627ad219e8,prca02,likert5,1,5,True,validated,1
f9bafe8b-c882-4126-8cbf-4d627ad219e8,prca03,likert5,1,1,True,validated,0
f9bafe8b-c882-4126-8cbf-4d627ad219e8,prca04,likert5,1,5,True,validated,1
f9bafe8b-c882-4126-8cbf-4d627ad219e8,prca05,likert5,1,1,True,validated,0
f9bafe8b-c882-4126-8cbf-4d627ad219e8,prca06,likert5,1,5,True,validated,1
f9bafe8b-c882-4126-8cbf-4d627ad219e8,prca13,likert5,1,1,True,validated,0
f9bafe8b-c882-4126-8cbf-4d627ad219e8,prca14,likert5,1,5,True,validated,1
f9bafe8b-c882-4126-8cbf-4d627ad219e8,prca15,likert5,1,1,True,validated,0
f9bafe8b-c882-4126-8cbf-4d627ad219e8,prca16,likert5,1,5,True,validated,1
f9bafe8b-c882-4126-8cbf-4d627ad219e8,prca17,likert5,1,5,True,validated,1
f9bafe8b-c882-4126-8cbf-4d627ad219e8,prca18,likert5,1,1,True,validated,0
6c56376b-0c71-4d56-a224-02f6603272a0,prca01,likert5,1,1,True,validated,0
6c56376b-0c71-4d56-a224-02f6603272a0,prca02,likert5,1,5,True,validated,1
6c56376b-0c71-4d56-a224-02f6603272a0,prca03,likert5,1,1,True,validated,0
6c56376b-0c71-4d56-a224-02f6603272a0,prca04,likert5,1,5,True,validated,1
6c56376b-0c71-4d56-a224-02f6603272a0,prca05,likert5,1,1,True,validated,0
6c56376b-0c71-4d56-a224-02f6603272a0,prca06,likert5,1,5,True,validated,1
6c56376b-0c71-4d56-a224-02f6603272a0,prca13,likert5,1,1,True,validated,0
6c56376b-0c71-4d56-a224-02f6603272a0,prca14,likert5,1,5,True,validated,1
6c56376b-0c71-4d56-a224-02f6603272a0,prca15,likert5,1,1,True,validated,0
6c56376b-0c71-4d56-a224-02f6603272a0,prca16,likert5,1,5,True,validated,1
6c56376b-0c71-4d56-a224-02f6603272a0,prca17,likert5,1,5,True,validated,1
6c56376b-0c71-4d56-a224-02f6603272a0,prca18,likert5,1,1,True,validated,0
3af161c1-3be0-4158-b082-b116a8ee5b00,prca01,likert5,1,1,True,validated,0
3af161c1-3be0-4158-b082-b116a8ee5b00,prca02,likert5,1,5,True,validated,1
3af161c1-3be0-4158-b082-b116a8ee5b00,prca03,likert5,1,1,True,validated,0
3af161c1-3be0-4158-b082-b116a8ee5b00,prca04,likert5,1,5,True,validated,1
3af161c1-3be0-4158-b082-b116a8ee5b00,prca05,likert5,1,1,True,validated,0
3af161c1-3be0-4158-b082-b116a8ee5b00,prca06,likert5,1,5,True,validated,1
3af161c1-3be0-4158-b082-b116a8ee5b00,prca13,likert5,1,1,True,validated,0
3af161c1-3be0-4158-b082-b116a8ee5b00,prca14,likert5,1,5,True,validated,1
3af161c1-3be0-4158-b082-b116a8ee5b00,prca15,likert5,1,1,True,validated,0
3af161c1-3be0-4158-b082-b116a8ee5b00,prca16,likert5,1,5,True,validated,1
3af161c1-3be0-4158-b082-b116a8ee5b00,prca17,likert5,1,5,True,validated,1
3af161c1-3be0-4158-b082-b116a8ee5b00,prca18,likert5,1,1,True,validated,0
cde1eb23-df9e-421b-83db-c0cc3b1225e8,prca01,likert5,1,1,True,validated,0
cde1eb23-df9e-421b-83db-c0cc3b1225e8,prca02,likert5,1,5,True,validated,1
cde1eb23-df9e-421b-83db-c0cc3b1225e8,prca03,likert5,1,1,True,validated,0
cde1eb23-df9e-421b-83db-c0cc3b1225e8,prca04,likert5,1,5,True,validated,1
cde1eb23-df9e-421b-83db-c0cc3b1225e8,prca05,likert5,1,1,True,validated,0
cde1eb23-df9e-421b-83db-c0cc3b1225e8,prca06,likert5,1,5,True,validated,1
cde1eb23-df9e-421b-83db-c0cc3b1225e8,prca13,likert5,1,1,True,validated,0
cde1eb23-df9e-421b-83db-c0cc3b1225e8,prca14,likert5,1,5,True,validated,1
cde1eb23-df9e-421b-83db-c0cc3b1225e8,prca15,likert5,1,1,True,validated,0
cde1eb23-df9e-421b-83db-c0cc3b1225e8,prca16,likert5,1,5,True,validated,1
cde1eb23-df9e-421b-83db-c0cc3b1225e8,prca17,likert5,1,5,True,validated,1
cde1eb23-df9e-421b-83db-c0cc3b1225e8,prca18,likert5,1,1,True,validated,0
07cc166b-18ac-4e2b-8c17-fe8317a92098,prca01,likert5,1,1,True,validated,0
07cc166b-18ac-4e2b-8c17-fe8317a92098,prca02,likert5,1,5,True,validated,1
07cc166b-18ac-4e2b-8c17-fe8317a92098,prca03,likert5,1,1,True,validated,0
07cc166b-18ac-4e2b-8c17-fe8317a92098,prca04,likert5,1,5,True,validated,1
07cc166b-18ac-4e2b-8c17-fe8317a92098,prca05,likert5,1,1,True,validated,0
07cc166b-18ac-4e2b-8c17-fe8317a92098,prca06,likert5,1,5,True,validated,1
07cc166b-18ac-4e2b-8c17-fe8317a92098,prca13,likert5,1,1,True,validated,0
07cc166b-18ac-4e2b-8c17-fe8317a92098,prca14,likert5,1,5,True,validated,1
07cc166b-18ac-4e2b-8c17-fe8317a92098,prca15,likert5,1,1,True,validated,0
07cc166b-18ac-4e2b-8c17-fe8317a92098,prca16,likert5,1,5,True,validated,1
07cc166b-18ac-4e2b-8c17-fe8317a92098,prca17,likert5,1,5,True,validated,1
07cc166b-18ac-4e2b-8c17-fe8317a92098,prca18,likert5,1,1,True,validated,0
c4c990cb-f416-4980-bece-d1cf4bb189dc,prca01,likert5,1,1,True,validated,0
c4c990cb-f416-4980-bece-d1cf4bb189dc,prca02,likert5,1,5,True,validated,1
c4c990cb-f416-4980-bece-d1cf4bb189dc,prca03,likert5,1,1,True,validated,0
c4c990cb-f416-4980-bece-d1cf4bb189dc,prca04,likert5,1,5,True,validated,1
c4c990cb-f416-4980-bece-d1cf4bb189dc,prca05,likert5,1,1,True,validated,0
c4c990cb-f416-4980-bece-d1cf4bb189dc,prca06,likert5,1,5,True,validated,1
c4c990cb-f416-4980-bece-d1cf4bb189dc,prca13,likert5,1,1,True,validated,0
c4c990cb-f416-4980-bece-d1cf4bb189dc,prca14,likert5,1,5,True,validated,1
c4c990cb-f416-4980-bece-d1cf4bb189dc,prca15,likert5,1,1,True,validated,0
c4c990cb-f416-4980-bece-d1cf4bb189dc,prca16,likert5,1,5,True,validated,1
c4c990cb-f416-4980-bece-d1cf4bb189dc,prca17,likert5,1,5,True,validated,1
c4c990cb-f416-4980-bece-d1cf4bb189dc,prca18,likert5,1,1,True,validated,0
03dcd3f7-e6ad-4cc1-9dd9-57437fa818f8,prca01,likert5,1,1,True,validated,0
03dcd3f7-e6ad-4cc1-9dd9-57437fa818f8,prca02,likert5,1,5,True,validated,1
03dcd3f7-e6ad-4cc1-9dd9-57437fa818f8,prca03,likert5,1,1,True,validated,0
03dcd3f7-e6ad-4cc1-9dd9-57437fa818f8,prca04,likert5,1,5,True,validated,1
03dcd3f7-e6ad-4cc1-9dd9-57437fa818f8,prca05,likert5,1,1,True,validated,0
03dcd3f7-e6ad-4cc1-9dd9-57437fa818f8,prca06,likert5,1,5,True,validated,1
03dcd3f7-e6ad-4cc1-9dd9-57437fa818f8,prca13,likert5,1,1,True,validated,0
03dcd3f7-e6ad-4cc1-9dd9-57437fa818f8,prca14,likert5,1,5,True,validated,1
03dcd3f7-e6ad-4cc1-9dd9-57437fa818f8,prca15,likert5,1,1,True,validated,0
03dcd3f7-e6ad-4cc1-9dd9-57437fa818f8,prca16,likert5,1,5,True,validated,1
03dcd3f7-e6ad-4cc1-9dd9-57437fa818f8,prca17,likert5,1,5,True,validated,1
03dcd3f7-e6ad-4cc1-9dd9-57437fa818f8,prca18,likert5,1,1,True,validated,0
20532f99-65f4-4bb9-8aab-115692ece9cf,prca01,likert5,1,1,True,validated,0
20532f99-65f4-4bb9-8aab-115692ece9cf,prca02,likert5,1,5,True,validated,1
20532f99-65f4-4bb9-8aab-115692ece9cf,prca03,likert5,1,1,True,validated,0
20532f99-65f4-4bb9-8aab-115692ece9cf,prca04,likert5,1,5,True,validated,1
20532f99-65f4-4bb9-8aab-115692ece9cf,prca05,likert5,1,1,True,validated,0
20532f99-65f4-4bb9-8aab-115692ece9cf,prca06,likert5,1,5,True,validated,1
20532f99-65f4-4bb9-8aab-115692ece9cf,prca13,likert5,1,1,True,validated,0
20532f99-65f4-4bb9-8aab-115692ece9cf,prca14,likert5,1,5,True,validated,1
20532f99-65f4-4bb9-8aab-115692ece9cf,prca15,likert5,1,1,True,validated,0
20532f99-65f4-4bb9-8aab-115692ece9cf,prca16,likert5,1,5,True,validated,1
20532f99-65f4-4bb9-8aab-115692ece9cf,prca17,likert5,1,5,True,validated,1
20532f99-65f4-4bb9-8aab-115692ece9cf,prca18,likert5,1,1,True,validated,0
3a392090-ffa1-4123-a81e-9325ec4aea60,prca01,likert5,1,1,True,validated,0
3a392090-ffa1-4123-a81e-9325ec4aea60,prca02,likert5,1,5,True,validated,1
3a392090-ffa1-4123-a81e-9325ec4aea60,prca03,likert5,1,1,True,validated,0
3a392090-ffa1-4123-a81e-9325ec4aea60,prca04,likert5,1,5,True,validated,1
3a392090-ffa1-4123-a81e-9325ec4aea60,prca05,likert5,1,1,True,validated,0
3a392090-ffa1-4123-a81e-9325ec4aea60,prca06,likert5,1,5,True,validated,1
3a392090-ffa1-4123-a81e-9325ec4aea60,prca13,likert5,1,1,True,validated,0
3a392090-ffa1-4123-a81e-9325ec4aea60,prca14,likert5,1,5,True,validated,1
3a392090-ffa1-4123-a81e-9325ec4aea60,prca15,likert5,1,1,True,validated,0
3a392090-ffa1-4123-a81e-9325ec4aea60,prca16,likert5,1,5,True,validated,1
3a392090-ffa1-4123-a81e-9325ec4aea60,prca17,likert5,1,5,True,validated,1
3a392090-ffa1-4123-a81e-9325ec4aea60,prca18,likert5,1,1,True,validated,0
08ecd015-e22a-4040-9905-8ccc6f12ce41,prca01,likert5,1,1,True,validated,0
08ecd015-e22a-4040-9905-8ccc6f12ce41,prca02,likert5,1,5,True,validated,1
08ecd015-e22a-4040-9905-8ccc6f12ce41,prca03,likert5,1,1,True,validated,0
08ecd015-e22a-4040-9905-8ccc6f12ce41,prca04,likert5,4,2,True,validated,1
08ecd015-e22a-4040-9905-8ccc6f12ce41,prca05,likert5,1,1,True,validated,0
08ecd015-e22a-4040-9905-8ccc6f12ce41,prca06,likert5,1,5,True,validated,1
08ecd015-e22a-4040-9905-8ccc6f12ce41,prca13,likert5,1,1,True,validated,0
08ecd015-e22a-4040-9905-8ccc6f12ce41,prca14,likert5,1,5,True,validated,1
08ecd015-e22a-4040-9905-8ccc6f12ce41,prca15,likert5,1,1,True,validated,0
08ecd015-e22a-4040-9905-8ccc6f12ce41,prca16,likert5,1,5,True,validated,1
08ecd015-e22a-4040-9905-8ccc6f12ce41,prca17,likert5,1,5,True,validated,1
08ecd015-e22a-4040-9905-8ccc6f12ce41,prca18,likert5,1,1,True,validated,0
5c8c15bf-dd07-42c6-b1eb-8be44c949e61,prca01,likert5,1,1,True,validated,0
5c8c15bf-dd07-42c6-b1eb-8be44c949e61,prca02,likert5,1,5,True,validated,1
5c8c15bf-dd07-42c6-b1eb-8be44c949e61,prca03,likert5,1,1,True,validated,0
5c8c15bf-dd07-42c6-b1eb-8be44c949e61,prca04,likert5,1,5,True,validated,1
5c8c15bf-dd07-42c6-b1eb-8be44c949e61,prca05,likert5,1,1,True,validated,0
5c8c15bf-dd07-42c6-b1eb-8be44c949e61,prca06,likert5,1,5,True,validated,1
5c8c15bf-dd07-42c6-b1eb-8be44c949e61,prca13,likert5,1,1,True,validated,0
5c8c15bf-dd07-42c6-b1eb-8be44c949e61,prca14,likert5,1,5,True,validated,1
5c8c15bf-dd07-42c6-b1eb-8be44c949e61,prca15,likert5,1,1,True,validated,0
5c8c15bf-dd07-42c6-b1eb-8be44c949e61,prca16,likert5,1,5,True,validated,1
5c8c15bf-dd07-42c6-b1eb-8be44c949e61,prca17,likert5,1,5,True,validated,1
5c8c15bf-dd07-42c6-b1eb-8be44c949e61,prca18,likert5,1,1,True,validated,0
32654c3b-fcac-49ce-a780-325fdf0f8342,prca01,likert5,1,1,True,validated,0
32654c3b-fcac-49ce-a780-325fdf0f8342,prca02,likert5,1,5,True,validated,1
32654c3b-fcac-49ce-a780-325fdf0f8342,prca03,likert5,1,1,True,validated,0
32654c3b-fcac-49ce-a780-325fdf0f8342,prca04,likert5,1,5,True,validated,1
32654c3b-fcac-49ce-a780-325fdf0f8342,prca05,likert5,1,1,True,validated,0
32654c3b-fcac-49ce-a780-325fdf0f8342,prca06,likert5,1,5,True,validated,1
32654c3b-fcac-49ce-a780-325fdf0f8342,prca13,likert5,1,1,True,validated,0
32654c3b-fcac-49ce-a780-325fdf0f8342,prca14,likert5,1,5,True,validated,1
32654c3b-fcac-49ce-a780-325fdf0f8342,prca15,likert5,1,1,True,validated,0
32654c3b-fcac-49ce-a780-325fdf0f8342,prca16,likert5,1,5,True,validated,1
32654c3b-fcac-49ce-a780-325fdf0f8342,prca17,likert5,1,5,True,validated,1
32654c3b-fcac-49ce-a780-325fdf0f8342,prca18,likert5,1,1,True,validated,0
a94473aa-36a6-4577-b28f-f52c5fccf716,prca01,likert5,1,1,True,validated,0
a94473aa-36a6-4577-b28f-f52c5fccf716,prca02,likert5,1,5,True,validated,1
a94473aa-36a6-4577-b28f-f52c5fccf716,prca03,likert5,1,1,True,validated,0
a94473aa-36a6-4577-b28f-f52c5fccf716,prca04,likert5,1,5,True,validated,1
a94473aa-36a6-4577-b28f-f52c5fccf716,prca05,likert5,1,1,True,validated,0
a94473aa-36a6-4577-b28f-f52c5fccf716,prca06,likert5,1,5,True,validated,1
a94473aa-36a6-4577-b28f-f52c5fccf716,prca13,likert5,1,1,True,validated,0
a94473aa-36a6-4577-b28f-f52c5fccf716,prca14,likert5,1,5,True,validated,1
a94473aa-36a6-4577-b28f-f52c5fccf716,prca15,likert5,1,1,True,validated,0
a94473aa-36a6-4577-b28f-f52c5fccf716,prca16,likert5,1,5,True,validated,1
a94473aa-36a6-4577-b28f-f52c5fccf716,prca17,likert5,1,5,True,validated,1
a94473aa-36a6-4577-b28f-f52c5fccf716,prca18,likert5,1,1,True,validated,0
5960bd93-e5a1-46ac-9ab9-712c7e7766fd,prca01,likert5,1,1,True,validated,0
5960bd93-e5a1-46ac-9ab9-712c7e7766fd,prca02,likert5,1,5,True,validated,1
5960bd93-e5a1-46ac-9ab9-712c7e7766fd,prca03,likert5,1,1,True,validated,0
5960bd93-e5a1-46ac-9ab9-712c7e7766fd,prca04,likert5,1,5,True,validated,1
5960bd93-e5a1-46ac-9ab9-712c7e7766fd,prca05,likert5,1,1,True,validated,0
5960bd93-e5a1-46ac-9ab9-712c7e7766fd,prca06,likert5,1,5,True,validated,1
5960bd93-e5a1-46ac-9ab9-712c7e7766fd,prca13,likert5,1,1,True,validated,0
5960bd93-e5a1-46ac-9ab9-712c7e7766fd,prca14,likert5,1,5,True,validated,1
5960bd93-e5a1-46ac-9ab9-712c7e7766fd,prca15,likert5,1,1,True,validated,0
5960bd93-e5a1-46ac-9ab9-712c7e7766fd,prca16,likert5,1,5,True,validated,1
5960bd93-e5a1-46ac-9ab9-712c7e7766fd,prca17,likert5,1,5,True,validated,1
5960bd93-e5a1-46ac-9ab9-712c7e7766fd,prca18,likert5,1,1,True,validated,0
6eb636e7-6438-489d-bc34-9069a36c7e0c,prca01,likert5,1,1,True,validated,0
6eb636e7-6438-489d-bc34-9069a36c7e0c,prca02,likert5,1,5,True,validated,1
6eb636e7-6438-489d-bc34-9069a36c7e0c,prca03,likert5,1,1,True,validated,0
6eb636e7-6438-489d-bc34-9069a36c7e0c,prca04,likert5,1,5,True,validated,1
6eb636e7-6438-489d-bc34-9069a36c7e0c,prca05,likert5,1,1,True,validated,0
6eb636e7-6438-489d-bc34-9069a36c7e0c,prca06,likert5,1,5,True,validated,1
6eb636e7-6438-489d-bc34-9069a36c7e0c,prca13,likert5,1,1,True,validated,0
6eb636e7-6438-489d-bc34-9069a36c7e0c,prca14,likert5,1,5,True,validated,1
6eb636e7-6438-489d-bc34-9069a36c7e0c,prca15,likert5,1,1,True,validated,0
6eb636e7-6438-489d-bc34-9069a36c7e0c,prca16,likert5,1,5,True,validated,1
6eb636e7-6438-489d-bc34-9069a36c7e0c,prca17,likert5,1,5,True,validated,1
6eb636e7-6438-489d-bc34-9069a36c7e0c,prca18,likert5,1,1,True,validated,0
0e862b2f-8bca-4bfc-9ecb-a0536195feac,prca01,likert5,1,1,True,validated,0
0e862b2f-8bca-4bfc-9ecb-a0536195feac,prca02,likert5,1,5,True,validated,1
0e862b2f-8bca-4bfc-9ecb-a0536195feac,prca03,likert5,1,1,True,validated,0
0e862b2f-8bca-4bfc-9ecb-a0536195feac,prca04,likert5,1,5,True,validated,1
0e862b2f-8bca-4bfc-9ecb-a0536195feac,prca05,likert5,1,1,True,validated,0
0e862b2f-8bca-4bfc-9ecb-a0536195feac,prca06,likert5,1,5,True,validated,1
0e862b2f-8bca-4bfc-9ecb-a0536195feac,prca13,likert5,1,1,True,validated,0
0e862b2f-8bca-4bfc-9ecb-a0536195feac,prca14,likert5,1,5,True,validated,1
0e862b2f-8bca-4bfc-9ecb-a0536195feac,prca15,likert5,1,1,True,validated,0
0e862b2f-8bca-4bfc-9ecb-a0536195feac,prca16,likert5,1,5,True,validated,1
0e862b2f-8bca-4bfc-9ecb-a0536195feac,prca17,likert5,1,5,True,validated,1
0e862b2f-8bca-4bfc-9ecb-a0536195feac,prca18,likert5,1,1,True,validated,0
fbf77001-a8d8-478d-8133-6fb40b31bf5b,prca01,likert5,1,1,True,validated,0
fbf77001-a8d8-478d-8133-6fb40b31bf5b,prca02,likert5,1,5,True,validated,1
fbf77001-a8d8-478d-8133-6fb40b31bf5b,prca03,likert5,1,1,True,validated,0
fbf77001-a8d8-478d-8133-6fb40b31bf5b,prca04,likert5,1,5,True,validated,1
fbf77001-a8d8-478d-8133-6fb40b31bf5b,prca05,likert5,1,1,True,validated,0
fbf77001-a8d8-478d-8133-6fb40b31bf5b,prca06,likert5,1,5,True,validated,1
fbf77001-a8d8-478d-8133-6fb40b31bf5b,prca13,likert5,1,1,True,validated,0
fbf77001-a8d8-478d-8133-6fb40b31bf5b,prca14,likert5,1,5,True,validated,1
fbf77001-a8d8-478d-8133-6fb40b31bf5b,prca15,likert5,1,1,True,validated,0
fbf77001-a8d8-478d-8133-6fb40b31bf5b,prca16,likert5,1,5,True,validated,1
fbf77001-a8d8-478d-8133-6fb40b31bf5b,prca17,likert5,1,5,True,validated,1
fbf77001-a8d8-478d-8133-6fb40b31bf5b,prca18,likert5,1,1,True,validated,0
223b1680-ce71-49c2-bedc-9ef9c3e467b2,prca01,likert5,1,1,True,validated,0
223b1680-ce71-49c2-bedc-9ef9c3e467b2,prca02,likert5,1,5,True,validated,1
223b1680-ce71-49c2-bedc-9ef9c3e467b2,prca03,likert5,1,1,True,validated,0
223b1680-ce71-49c2-bedc-9ef9c3e467b2,prca04,likert5,1,5,True,validated,1
223b1680-ce71-49c2-bedc-9ef9c3e467b2,prca05,likert5,1,1,True,validated,0
223b1680-ce71-49c2-bedc-9ef9c3e467b2,prca06,likert5,1,5,True,validated,1
223b1680-ce71-49c2-bedc-9ef9c3e467b2,prca13,likert5,1,1,True,validated,0
223b1680-ce71-49c2-bedc-9ef9c3e467b2,prca14,likert5,1,5,True,validated,1
223b1680-ce71-49c2-bedc-9ef9c3e467b2,prca15,likert5,1,1,True,validated,0
223b1680-ce71-49c2-bedc-9ef9c3e467b2,prca16,likert5,1,5,True,validated,1
223b1680-ce71-49c2-bedc-9ef9c3e467b2,prca17,likert5,1,5,True,validated,1
223b1680-ce71-49c2-bedc-9ef9c3e467b2,prca18,likert5,1,1,True,validated,0
fe869738-8312-4714-ac34-1c84d2961169,prca01,likert5,1,1,True,validated,0
fe869738-8312-4714-ac34-1c84d2961169,prca02,likert5,1,5,True,validated,1
fe869738-8312-4714-ac34-1c84d2961169,prca03,likert5,1,1,True,validated,0
fe869738-8312-4714-ac34-1c84d2961169,prca04,likert5,1,5,True,validated,1
fe869738-8312-4714-ac34-1c84d2961169,prca05,likert5,1,1,True,validated,0
fe869738-8312-4714-ac34-1c84d2961169,prca06,likert5,1,5,True,validated,1
fe869738-8312-4714-ac34-1c84d2961169,prca13,likert5,1,1,True,validated,0
fe869738-8312-4714-ac34-1c84d2961169,prca14,likert5,1,5,True,validated,1
fe869738-8312-4714-ac34-1c84d2961169,prca15,likert5,1,1,True,validated,0
fe869738-8312-4714-ac34-1c84d2961169,prca16,likert5,1,5,True,validated,1
fe869738-8312-4714-ac34-1c84d2961169,prca17,likert5,1,5,True,validated,1
fe869738-8312-4714-ac34-1c84d2961169,prca18,likert5,1,1,True,validated,0
be7f5495-dc92-4b90-80d2-cb219014c57c,prca01,likert5,1,1,True,validated,0
be7f5495-dc92-4b90-80d2-cb219014c57c,prca02,likert5,1,5,True,validated,1
be7f5495-dc92-4b90-80d2-cb219014c57c,prca03,likert5,1,1,True,validated,0
be7f5495-dc92-4b90-80d2-cb219014c57c,prca04,likert5,1,5,True,validated,1
be7f5495-dc92-4b90-80d2-cb219014c57c,prca05,likert5,1,1,True,validated,0
be7f5495-dc92-4b90-80d2-cb219014c57c,prca06,likert5,1,5,True,validated,1
be7f5495-dc92-4b90-80d2-cb219014c57c,prca13,likert5,1,1,True,validated,0
be7f5495-dc92-4b90-80d2-cb219014c57c,prca14,likert5,1,5,True,validated,1
be7f5495-dc92-4b90-80d2-cb219014c57c,prca15,likert5,1,1,True,validated,0
be7f5495-dc92-4b90-80d2-cb219014c57c,prca16,likert5,1,5,True,validated,1
be7f5495-dc92-4b90-80d2-cb219014c57c,prca17,likert5,1,5,True,validated,1
be7f5495-dc92-4b90-80d2-cb219014c57c,prca18,likert5,1,1,True,validated,0
42b8a7a1-4910-4574-8d20-c5dc86733d5c,prca01,likert5,1,1,True,validated,0
42b8a7a1-4910-4574-8d20-c5dc86733d5c,prca02,likert5,1,5,True,validated,1
42b8a7a1-4910-4574-8d20-c5dc86733d5c,prca03,likert5,1,1,True,validated,0
42b8a7a1-4910-4574-8d20-c5dc86733d5c,prca04,likert5,1,5,True,validated,1
42b8a7a1-4910-4574-8d20-c5dc86733d5c,prca05,likert5,1,1,True,validated,0
42b8a7a1-4910-4574-8d20-c5dc86733d5c,prca06,likert5,1,5,True,validated,1
42b8a7a1-4910-4574-8d20-c5dc86733d5c,prca13,likert5,1,1,True,validated,0
42b8a7a1-4910-4574-8d20-c5dc86733d5c,prca14,likert5,1,5,True,validated,1
42b8a7a1-4910-4574-8d20-c5dc86733d5c,prca15,likert5,1,1,True,validated,0
42b8a7a1-4910-4574-8d20-c5dc86733d5c,prca16,likert5,1,5,True,validated,1
42b8a7a1-4910-4574-8d20-c5dc86733d5c,prca17,likert5,1,5,True,validated,1
42b8a7a1-4910-4574-8d20-c5dc86733d5c,prca18,likert5,1,1,True,validated,0
e9782050-c59d-42df-bd83-acb75d7f681c,prca01,likert5,1,1,True,validated,0
e9782050-c59d-42df-bd83-acb75d7f681c,prca02,likert5,1,5,True,validated,1
e9782050-c59d-42df-bd83-acb75d7f681c,prca03,likert5,1,1,True,validated,0
e9782050-c59d-42df-bd83-acb75d7f681c,prca04,likert5,1,5,True,validated,1
e9782050-c59d-42df-bd83-acb75d7f681c,prca05,likert5,1,1,True,validated,0
e9782050-c59d-42df-bd83-acb75d7f681c,prca06,likert5,1,5,True,validated,1
e9782050-c59d-42df-bd83-acb75d7f681c,prca13,likert5,1,1,True,validated,0
e9782050-c59d-42df-bd83-acb75d7f681c,prca14,likert5,1,5,True,validated,1
e9782050-c59d-42df-bd83-acb75d7f681c,prca15,likert5,1,1,True,validated,0
e9782050-c59d-42df-bd83-acb75d7f681c,prca16,likert5,1,5,True,validated,1
e9782050-c59d-42df-bd83-acb75d7f681c,prca17,likert5,1,5,True,validated,1
e9782050-c59d-42df-bd83-acb75d7f681c,prca18,likert5,1,1,True,validated,0
43a16679-361e-41ac-b166-d8fa141b7000,prca01,likert5,1,1,True,validated,0
43a16679-361e-41ac-b166-d8fa141b7000,prca02,likert5,1,5,True,validated,1
43a16679-361e-41ac-b166-d8fa141b7000,prca03,likert5,1,1,True,validated,0
43a16679-361e-41ac-b166-d8fa141b7000,prca04,likert5,1,5,True,validated,1
43a16679-361e-41ac-b166-d8fa141b7000,prca05,likert5,1,1,True,validated,0
43a16679-361e-41ac-b166-d8fa141b7000,prca06,likert5,1,5,True,validated,1
43a16679-361e-41ac-b166-d8fa141b7000,prca13,likert5,1,1,True,validated,0
43a16679-361e-41ac-b166-d8fa141b7000,prca14,likert5,1,5,True,validated,1
43a16679-361e-41ac-b166-d8fa141b7000,prca15,likert5,1,1,True,validated,0
43a16679-361e-41ac-b166-d8fa141b7000,prca16,likert5,1,5,True,validated,1
43a16679-361e-41ac-b166-d8fa141b7000,prca17,likert5,1,5,True,validated,1
43a16679-361e-41ac-b166-d8fa141b7000,prca18,likert5,1,1,True,validated,0
