resid,question_id,scale,original_response,final_response,validated,action_taken,reverse_coded
5d556816-3ac3-47f1-9257-bd5d256caf76,prca01,likert5,4,4,True,validated,0
5d556816-3ac3-47f1-9257-bd5d256caf76,prca02,likert5,3,3,True,validated,1
5d556816-3ac3-47f1-9257-bd5d256caf76,prca03,likert5,1,1,True,validated,0
5d556816-3ac3-47f1-9257-bd5d256caf76,prca04,likert5,2,4,True,validated,1
5d556816-3ac3-47f1-9257-bd5d256caf76,prca05,likert5,1,1,True,validated,0
5d556816-3ac3-47f1-9257-bd5d256caf76,prca06,likert5,4,2,True,validated,1
5d556816-3ac3-47f1-9257-bd5d256caf76,prca13,likert5,1,1,True,validated,0
5d556816-3ac3-47f1-9257-bd5d256caf76,prca14,likert5,1,5,True,validated,1
5d556816-3ac3-47f1-9257-bd5d256caf76,prca15,likert5,4,4,True,validated,0
5d556816-3ac3-47f1-9257-bd5d256caf76,prca16,likert5,1,5,True,validated,1
5d556816-3ac3-47f1-9257-bd5d256caf76,prca17,likert5,1,5,True,validated,1
5d556816-3ac3-47f1-9257-bd5d256caf76,prca18,likert5,1,1,True,validated,0
b2e04b37-653a-44d3-8be9-5e9ec9e57585,prca01,likert5,4,4,True,validated,0
b2e04b37-653a-44d3-8be9-5e9ec9e57585,prca02,likert5,4,2,True,validated,1
b2e04b37-653a-44d3-8be9-5e9ec9e57585,prca03,likert5,4,4,True,validated,0
b2e04b37-653a-44d3-8be9-5e9ec9e57585,prca04,likert5,1,5,True,validated,1
b2e04b37-653a-44d3-8be9-5e9ec9e57585,prca05,likert5,1,1,True,validated,0
b2e04b37-653a-44d3-8be9-5e9ec9e57585,prca06,likert5,1,5,True,validated,1
b2e04b37-653a-44d3-8be9-5e9ec9e57585,prca13,likert5,1,1,True,validated,0
b2e04b37-653a-44d3-8be9-5e9ec9e57585,prca14,likert5,1,5,True,validated,1
b2e04b37-653a-44d3-8be9-5e9ec9e57585,prca15,likert5,1,1,True,validated,0
b2e04b37-653a-44d3-8be9-5e9ec9e57585,prca16,likert5,2,4,True,validated,1
b2e04b37-653a-44d3-8be9-5e9ec9e57585,prca17,likert5,3,3,True,validated,1
b2e04b37-653a-44d3-8be9-5e9ec9e57585,prca18,likert5,1,1,True,validated,0
0ceaa476-f703-4e97-8e7b-307f47eab3a7,prca01,likert5,1,1,True,validated,0
0ceaa476-f703-4e97-8e7b-307f47eab3a7,prca02,likert5,1,5,True,validated,1
0ceaa476-f703-4e97-8e7b-307f47eab3a7,prca03,likert5,2,2,True,validated,0
0ceaa476-f703-4e97-8e7b-307f47eab3a7,prca04,likert5,4,2,True,validated,1
0ceaa476-f703-4e97-8e7b-307f47eab3a7,prca05,likert5,1,1,True,validated,0
0ceaa476-f703-4e97-8e7b-307f47eab3a7,prca06,likert5,1,5,True,validated,1
0ceaa476-f703-4e97-8e7b-307f47eab3a7,prca13,likert5,1,1,True,validated,0
0ceaa476-f703-4e97-8e7b-307f47eab3a7,prca14,likert5,4,2,True,validated,1
0ceaa476-f703-4e97-8e7b-307f47eab3a7,prca15,likert5,1,1,True,validated,0
0ceaa476-f703-4e97-8e7b-307f47eab3a7,prca16,likert5,1,5,True,validated,1
0ceaa476-f703-4e97-8e7b-307f47eab3a7,prca17,likert5,1,5,True,validated,1
0ceaa476-f703-4e97-8e7b-307f47eab3a7,prca18,likert5,1,1,True,validated,0
dc05b849-0b98-42e8-9912-502166a609d9,prca01,likert5,4,4,True,validated,0
dc05b849-0b98-42e8-9912-502166a609d9,prca02,likert5,2,4,True,validated,1
dc05b849-0b98-42e8-9912-502166a609d9,prca03,likert5,1,1,True,validated,0
dc05b849-0b98-42e8-9912-502166a609d9,prca04,likert5,1,5,True,validated,1
dc05b849-0b98-42e8-9912-502166a609d9,prca05,likert5,1,1,True,validated,0
dc05b849-0b98-42e8-9912-502166a609d9,prca06,likert5,1,5,True,validated,1
dc05b849-0b98-42e8-9912-502166a609d9,prca13,likert5,2,2,True,validated,0
dc05b849-0b98-42e8-9912-502166a609d9,prca14,likert5,1,5,True,validated,1
dc05b849-0b98-42e8-9912-502166a609d9,prca15,likert5,1,1,True,validated,0
dc05b849-0b98-42e8-9912-502166a609d9,prca16,likert5,1,5,True,validated,1
dc05b849-0b98-42e8-9912-502166a609d9,prca17,likert5,1,5,True,validated,1
dc05b849-0b98-42e8-9912-502166a609d9,prca18,likert5,3,3,True,validated,0
8fbb38c6-b120-40ea-bda1-27ca311355f2,prca01,likert5,4,4,True,validated,0
8fbb38c6-b120-40ea-bda1-27ca311355f2,prca02,likert5,4,2,True,validated,1
8fbb38c6-b120-40ea-bda1-27ca311355f2,prca03,likert5,4,4,True,validated,0
8fbb38c6-b120-40ea-bda1-27ca311355f2,prca04,likert5,1,5,True,validated,1
8fbb38c6-b120-40ea-bda1-27ca311355f2,prca05,likert5,2,2,True,validated,0
8fbb38c6-b120-40ea-bda1-27ca311355f2,prca06,likert5,1,5,True,validated,1
8fbb38c6-b120-40ea-bda1-27ca311355f2,prca13,likert5,1,1,True,validated,0
8fbb38c6-b120-40ea-bda1-27ca311355f2,prca14,likert5,2,4,True,validated,1
8fbb38c6-b120-40ea-bda1-27ca311355f2,prca15,likert5,1,1,True,validated,0
8fbb38c6-b120-40ea-bda1-27ca311355f2,prca16,likert5,3,3,True,validated,1
8fbb38c6-b120-40ea-bda1-27ca311355f2,prca17,likert5,1,5,True,validated,1
8fbb38c6-b120-40ea-bda1-27ca311355f2,prca18,likert5,2,2,True,validated,0
93d80a82-6407-4c7d-92c1-5f4789ca855f,prca01,likert5,1,1,True,validated,0
93d80a82-6407-4c7d-92c1-5f4789ca855f,prca02,likert5,1,5,True,validated,1
93d80a82-6407-4c7d-92c1-5f4789ca855f,prca03,likert5,1,1,True,validated,0
93d80a82-6407-4c7d-92c1-5f4789ca855f,prca04,likert5,1,5,True,validated,1
93d80a82-6407-4c7d-92c1-5f4789ca855f,prca05,likert5,1,1,True,validated,0
93d80a82-6407-4c7d-92c1-5f4789ca855f,prca06,likert5,4,2,True,validated,1
93d80a82-6407-4c7d-92c1-5f4789ca855f,prca13,likert5,1,1,True,validated,0
93d80a82-6407-4c7d-92c1-5f4789ca855f,prca14,likert5,1,5,True,validated,1
93d80a82-6407-4c7d-92c1-5f4789ca855f,prca15,likert5,2,2,True,validated,0
93d80a82-6407-4c7d-92c1-5f4789ca855f,prca16,likert5,4,2,True,validated,1
93d80a82-6407-4c7d-92c1-5f4789ca855f,prca17,likert5,1,5,True,validated,1
93d80a82-6407-4c7d-92c1-5f4789ca855f,prca18,likert5,4,4,True,validated,0
95d5a4d4-956a-4fae-892a-db097fb5cc92,prca01,likert5,1,1,True,validated,0
95d5a4d4-956a-4fae-892a-db097fb5cc92,prca02,likert5,2,4,True,validated,1
95d5a4d4-956a-4fae-892a-db097fb5cc92,prca03,likert5,4,4,True,validated,0
95d5a4d4-956a-4fae-892a-db097fb5cc92,prca04,likert5,4,2,True,validated,1
95d5a4d4-956a-4fae-892a-db097fb5cc92,prca05,likert5,1,1,True,validated,0
95d5a4d4-956a-4fae-892a-db097fb5cc92,prca06,likert5,1,5,True,validated,1
95d5a4d4-956a-4fae-892a-db097fb5cc92,prca13,likert5,1,1,True,validated,0
95d5a4d4-956a-4fae-892a-db097fb5cc92,prca14,likert5,1,5,True,validated,1
95d5a4d4-956a-4fae-892a-db097fb5cc92,prca15,likert5,1,1,True,validated,0
95d5a4d4-956a-4fae-892a-db097fb5cc92,prca16,likert5,1,5,True,validated,1
95d5a4d4-956a-4fae-892a-db097fb5cc92,prca17,likert5,1,5,True,validated,1
95d5a4d4-956a-4fae-892a-db097fb5cc92,prca18,likert5,1,1,True,validated,0
75c68e88-7149-4a85-93d0-6dedb12cbfb4,prca01,likert5,4,4,True,validated,0
75c68e88-7149-4a85-93d0-6dedb12cbfb4,prca02,likert5,1,5,True,validated,1
75c68e88-7149-4a85-93d0-6dedb12cbfb4,prca03,likert5,4,4,True,validated,0
75c68e88-7149-4a85-93d0-6dedb12cbfb4,prca04,likert5,4,2,True,validated,1
75c68e88-7149-4a85-93d0-6dedb12cbfb4,prca05,likert5,1,1,True,validated,0
75c68e88-7149-4a85-93d0-6dedb12cbfb4,prca06,likert5,1,5,True,validated,1
75c68e88-7149-4a85-93d0-6dedb12cbfb4,prca13,likert5,4,4,True,validated,0
75c68e88-7149-4a85-93d0-6dedb12cbfb4,prca14,likert5,1,5,True,validated,1
75c68e88-7149-4a85-93d0-6dedb12cbfb4,prca15,likert5,2,2,True,validated,0
75c68e88-7149-4a85-93d0-6dedb12cbfb4,prca16,likert5,2,4,True,validated,1
75c68e88-7149-4a85-93d0-6dedb12cbfb4,prca17,likert5,4,2,True,validated,1
75c68e88-7149-4a85-93d0-6dedb12cbfb4,prca18,likert5,1,1,True,validated,0
c56a542e-ef7c-47d9-8035-cde375c920c7,prca01,likert5,1,1,True,validated,0
c56a542e-ef7c-47d9-8035-cde375c920c7,prca02,likert5,2,4,True,validated,1
c56a542e-ef7c-47d9-8035-cde375c920c7,prca03,likert5,1,1,True,validated,0
c56a542e-ef7c-47d9-8035-cde375c920c7,prca04,likert5,1,5,True,validated,1
c56a542e-ef7c-47d9-8035-cde375c920c7,prca05,likert5,1,1,True,validated,0
c56a542e-ef7c-47d9-8035-cde375c920c7,prca06,likert5,1,5,True,validated,1
c56a542e-ef7c-47d9-8035-cde375c920c7,prca13,likert5,1,1,True,validated,0
c56a542e-ef7c-47d9-8035-cde375c920c7,prca14,likert5,1,5,True,validated,1
c56a542e-ef7c-47d9-8035-cde375c920c7,prca15,likert5,1,1,True,validated,0
c56a542e-ef7c-47d9-8035-cde375c920c7,prca16,likert5,1,5,True,validated,1
c56a542e-ef7c-47d9-8035-cde375c920c7,prca17,likert5,1,5,True,validated,1
c56a542e-ef7c-47d9-8035-cde375c920c7,prca18,likert5,1,1,True,validated,0
68ecb17a-89f5-434c-868b-cdafb65479a0,prca01,likert5,1,1,True,validated,0
68ecb17a-89f5-434c-868b-cdafb65479a0,prca02,likert5,1,5,True,validated,1
68ecb17a-89f5-434c-868b-cdafb65479a0,prca03,likert5,1,1,True,validated,0
68ecb17a-89f5-434c-868b-cdafb65479a0,prca04,likert5,3,3,True,validated,1
68ecb17a-89f5-434c-868b-cdafb65479a0,prca05,likert5,4,4,True,validated,0
68ecb17a-89f5-434c-868b-cdafb65479a0,prca06,likert5,1,5,True,validated,1
68ecb17a-89f5-434c-868b-cdafb65479a0,prca13,likert5,1,1,True,validated,0
68ecb17a-89f5-434c-868b-cdafb65479a0,prca14,likert5,2,4,True,validated,1
68ecb17a-89f5-434c-868b-cdafb65479a0,prca15,likert5,1,1,True,validated,0
68ecb17a-89f5-434c-868b-cdafb65479a0,prca16,likert5,2,4,True,validated,1
68ecb17a-89f5-434c-868b-cdafb65479a0,prca17,likert5,1,5,True,validated,1
68ecb17a-89f5-434c-868b-cdafb65479a0,prca18,likert5,1,1,True,validated,0
1306e6ef-f4ed-4897-b10f-08740d55b0c5,prca01,likert5,3,3,True,validated,0
1306e6ef-f4ed-4897-b10f-08740d55b0c5,prca02,likert5,1,5,True,validated,1
1306e6ef-f4ed-4897-b10f-08740d55b0c5,prca03,likert5,2,2,True,validated,0
1306e6ef-f4ed-4897-b10f-08740d55b0c5,prca04,likert5,4,2,True,validated,1
1306e6ef-f4ed-4897-b10f-08740d55b0c5,prca05,likert5,1,1,True,validated,0
1306e6ef-f4ed-4897-b10f-08740d55b0c5,prca06,likert5,1,5,True,validated,1
1306e6ef-f4ed-4897-b10f-08740d55b0c5,prca13,likert5,1,1,True,validated,0
1306e6ef-f4ed-4897-b10f-08740d55b0c5,prca14,likert5,1,5,True,validated,1
1306e6ef-f4ed-4897-b10f-08740d55b0c5,prca15,likert5,1,1,True,validated,0
1306e6ef-f4ed-4897-b10f-08740d55b0c5,prca16,likert5,1,5,True,validated,1
1306e6ef-f4ed-4897-b10f-08740d55b0c5,prca17,likert5,4,2,True,validated,1
1306e6ef-f4ed-4897-b10f-08740d55b0c5,prca18,likert5,1,1,True,validated,0
d4dc3704-8f60-4e0b-bcc4-38d3a193f5ff,prca01,likert5,1,1,True,validated,0
d4dc3704-8f60-4e0b-bcc4-38d3a193f5ff,prca02,likert5,1,5,True,validated,1
d4dc3704-8f60-4e0b-bcc4-38d3a193f5ff,prca03,likert5,2,2,True,validated,0
d4dc3704-8f60-4e0b-bcc4-38d3a193f5ff,prca04,likert5,2,4,True,validated,1
d4dc3704-8f60-4e0b-bcc4-38d3a193f5ff,prca05,likert5,1,1,True,validated,0
d4dc3704-8f60-4e0b-bcc4-38d3a193f5ff,prca06,likert5,1,5,True,validated,1
d4dc3704-8f60-4e0b-bcc4-38d3a193f5ff,prca13,likert5,1,1,True,validated,0
d4dc3704-8f60-4e0b-bcc4-38d3a193f5ff,prca14,likert5,4,2,True,validated,1
d4dc3704-8f60-4e0b-bcc4-38d3a193f5ff,prca15,likert5,1,1,True,validated,0
d4dc3704-8f60-4e0b-bcc4-38d3a193f5ff,prca16,likert5,1,5,True,validated,1
d4dc3704-8f60-4e0b-bcc4-38d3a193f5ff,prca17,likert5,1,5,True,validated,1
d4dc3704-8f60-4e0b-bcc4-38d3a193f5ff,prca18,likert5,2,2,True,validated,0
324f1ce6-c344-4b9f-9c83-4ceb3a24e9ae,prca01,likert5,4,4,True,validated,0
324f1ce6-c344-4b9f-9c83-4ceb3a24e9ae,prca02,likert5,4,2,True,validated,1
324f1ce6-c344-4b9f-9c83-4ceb3a24e9ae,prca03,likert5,1,1,True,validated,0
324f1ce6-c344-4b9f-9c83-4ceb3a24e9ae,prca04,likert5,1,5,True,validated,1
324f1ce6-c344-4b9f-9c83-4ceb3a24e9ae,prca05,likert5,1,1,True,validated,0
324f1ce6-c344-4b9f-9c83-4ceb3a24e9ae,prca06,likert5,1,5,True,validated,1
324f1ce6-c344-4b9f-9c83-4ceb3a24e9ae,prca13,likert5,1,1,True,validated,0
324f1ce6-c344-4b9f-9c83-4ceb3a24e9ae,prca14,likert5,3,3,True,validated,1
324f1ce6-c344-4b9f-9c83-4ceb3a24e9ae,prca15,likert5,1,1,True,validated,0
324f1ce6-c344-4b9f-9c83-4ceb3a24e9ae,prca16,likert5,1,5,True,validated,1
324f1ce6-c344-4b9f-9c83-4ceb3a24e9ae,prca17,likert5,3,3,True,validated,1
324f1ce6-c344-4b9f-9c83-4ceb3a24e9ae,prca18,likert5,2,2,True,validated,0
4cbe2dc9-8a4e-48fd-bf09-e54f4846b726,prca01,likert5,1,1,True,validated,0
4cbe2dc9-8a4e-48fd-bf09-e54f4846b726,prca02,likert5,1,5,True,validated,1
4cbe2dc9-8a4e-48fd-bf09-e54f4846b726,prca03,likert5,1,1,True,validated,0
4cbe2dc9-8a4e-48fd-bf09-e54f4846b726,prca04,likert5,4,2,True,validated,1
4cbe2dc9-8a4e-48fd-bf09-e54f4846b726,prca05,likert5,1,1,True,validated,0
4cbe2dc9-8a4e-48fd-bf09-e54f4846b726,prca06,likert5,1,5,True,validated,1
4cbe2dc9-8a4e-48fd-bf09-e54f4846b726,prca13,likert5,1,1,True,validated,0
4cbe2dc9-8a4e-48fd-bf09-e54f4846b726,prca14,likert5,1,5,True,validated,1
4cbe2dc9-8a4e-48fd-bf09-e54f4846b726,prca15,likert5,1,1,True,validated,0
4cbe2dc9-8a4e-48fd-bf09-e54f4846b726,prca16,likert5,1,5,True,validated,1
4cbe2dc9-8a4e-48fd-bf09-e54f4846b726,prca17,likert5,1,5,True,validated,1
4cbe2dc9-8a4e-48fd-bf09-e54f4846b726,prca18,likert5,1,1,True,validated,0
d86c6f58-edcb-40c4-ac1a-4a9dfc6957b8,prca01,likert5,1,1,True,validated,0
d86c6f58-edcb-40c4-ac1a-4a9dfc6957b8,prca02,likert5,1,5,True,validated,1
d86c6f58-edcb-40c4-ac1a-4a9dfc6957b8,prca03,likert5,1,1,True,validated,0
d86c6f58-edcb-40c4-ac1a-4a9dfc6957b8,prca04,likert5,4,2,True,validated,1
d86c6f58-edcb-40c4-ac1a-4a9dfc6957b8,prca05,likert5,1,1,True,validated,0
d86c6f58-edcb-40c4-ac1a-4a9dfc6957b8,prca06,likert5,1,5,True,validated,1
d86c6f58-edcb-40c4-ac1a-4a9dfc6957b8,prca13,likert5,2,2,True,validated,0
d86c6f58-edcb-40c4-ac1a-4a9dfc6957b8,prca14,likert5,1,5,True,validated,1
d86c6f58-edcb-40c4-ac1a-4a9dfc6957b8,prca15,likert5,1,1,True,validated,0
d86c6f58-edcb-40c4-ac1a-4a9dfc6957b8,prca16,likert5,4,2,True,validated,1
d86c6f58-edcb-40c4-ac1a-4a9dfc6957b8,prca17,likert5,2,4,True,validated,1
d86c6f58-edcb-40c4-ac1a-4a9dfc6957b8,prca18,likert5,1,1,True,validated,0
ba9d5605-1b66-4f9b-bc88-ffadd2aaaa7f,prca01,likert5,2,2,True,validated,0
ba9d5605-1b66-4f9b-bc88-ffadd2aaaa7f,prca02,likert5,1,5,True,validated,1
ba9d5605-1b66-4f9b-bc88-ffadd2aaaa7f,prca03,likert5,1,1,True,validated,0
ba9d5605-1b66-4f9b-bc88-ffadd2aaaa7f,prca04,likert5,1,5,True,validated,1
ba9d5605-1b66-4f9b-bc88-ffadd2aaaa7f,prca05,likert5,1,1,True,validated,0
ba9d5605-1b66-4f9b-bc88-ffadd2aaaa7f,prca06,likert5,1,5,True,validated,1
ba9d5605-1b66-4f9b-bc88-ffadd2aaaa7f,prca13,likert5,1,1,True,validated,0
ba9d5605-1b66-4f9b-bc88-ffadd2aaaa7f,prca14,likert5,2,4,True,validated,1
ba9d5605-1b66-4f9b-bc88-ffadd2aaaa7f,prca15,likert5,4,4,True,validated,0
ba9d5605-1b66-4f9b-bc88-ffadd2aaaa7f,prca16,likert5,1,5,True,validated,1
ba9d5605-1b66-4f9b-bc88-ffadd2aaaa7f,prca17,likert5,4,2,True,validated,1
ba9d5605-1b66-4f9b-bc88-ffadd2aaaa7f,prca18,likert5,1,1,True,validated,0
5c6f5297-083c-4dec-a118-685b078d3a7b,prca01,likert5,1,1,True,validated,0
5c6f5297-083c-4dec-a118-685b078d3a7b,prca02,likert5,1,5,True,validated,1
5c6f5297-083c-4dec-a118-685b078d3a7b,prca03,likert5,1,1,True,validated,0
5c6f5297-083c-4dec-a118-685b078d3a7b,prca04,likert5,2,4,True,validated,1
5c6f5297-083c-4dec-a118-685b078d3a7b,prca05,likert5,1,1,True,validated,0
5c6f5297-083c-4dec-a118-685b078d3a7b,prca06,likert5,1,5,True,validated,1
5c6f5297-083c-4dec-a118-685b078d3a7b,prca13,likert5,1,1,True,validated,0
5c6f5297-083c-4dec-a118-685b078d3a7b,prca14,likert5,1,5,True,validated,1
5c6f5297-083c-4dec-a118-685b078d3a7b,prca15,likert5,4,4,True,validated,0
5c6f5297-083c-4dec-a118-685b078d3a7b,prca16,likert5,2,4,True,validated,1
5c6f5297-083c-4dec-a118-685b078d3a7b,prca17,likert5,1,5,True,validated,1
5c6f5297-083c-4dec-a118-685b078d3a7b,prca18,likert5,4,4,True,validated,0
d8ae9402-9c48-419a-bc29-85fe68588c1b,prca01,likert5,4,4,True,validated,0
d8ae9402-9c48-419a-bc29-85fe68588c1b,prca02,likert5,2,4,True,validated,1
d8ae9402-9c48-419a-bc29-85fe68588c1b,prca03,likert5,1,1,True,validated,0
d8ae9402-9c48-419a-bc29-85fe68588c1b,prca04,likert5,4,2,True,validated,1
d8ae9402-9c48-419a-bc29-85fe68588c1b,prca05,likert5,1,1,True,validated,0
d8ae9402-9c48-419a-bc29-85fe68588c1b,prca06,likert5,1,5,True,validated,1
d8ae9402-9c48-419a-bc29-85fe68588c1b,prca13,likert5,2,2,True,validated,0
d8ae9402-9c48-419a-bc29-85fe68588c1b,prca14,likert5,2,4,True,validated,1
d8ae9402-9c48-419a-bc29-85fe68588c1b,prca15,likert5,1,1,True,validated,0
d8ae9402-9c48-419a-bc29-85fe68588c1b,prca16,likert5,1,5,True,validated,1
d8ae9402-9c48-419a-bc29-85fe68588c1b,prca17,likert5,1,5,True,validated,1
d8ae9402-9c48-419a-bc29-85fe68588c1b,prca18,likert5,1,1,True,validated,0
b777b6ca-52ad-4db0-9088-bf5e8c0cd534,prca01,likert5,1,1,True,validated,0
b777b6ca-52ad-4db0-9088-bf5e8c0cd534,prca02,likert5,2,4,True,validated,1
b777b6ca-52ad-4db0-9088-bf5e8c0cd534,prca03,likert5,1,1,True,validated,0
b777b6ca-52ad-4db0-9088-bf5e8c0cd534,prca04,likert5,2,4,True,validated,1
b777b6ca-52ad-4db0-9088-bf5e8c0cd534,prca05,likert5,1,1,True,validated,0
b777b6ca-52ad-4db0-9088-bf5e8c0cd534,prca06,likert5,1,5,True,validated,1
b777b6ca-52ad-4db0-9088-bf5e8c0cd534,prca13,likert5,1,1,True,validated,0
b777b6ca-52ad-4db0-9088-bf5e8c0cd534,prca14,likert5,2,4,True,validated,1
b777b6ca-52ad-4db0-9088-bf5e8c0cd534,prca15,likert5,1,1,True,validated,0
b777b6ca-52ad-4db0-9088-bf5e8c0cd534,prca16,likert5,1,5,True,validated,1
b777b6ca-52ad-4db0-9088-bf5e8c0cd534,prca17,likert5,2,4,True,validated,1
b777b6ca-52ad-4db0-9088-bf5e8c0cd534,prca18,likert5,1,1,True,validated,0
f4b08e96-28f4-477f-8fe0-a3de1f6f9d6d,prca01,likert5,4,4,True,validated,0
f4b08e96-28f4-477f-8fe0-a3de1f6f9d6d,prca02,likert5,1,5,True,validated,1
f4b08e96-28f4-477f-8fe0-a3de1f6f9d6d,prca03,likert5,4,4,True,validated,0
f4b08e96-28f4-477f-8fe0-a3de1f6f9d6d,prca04,likert5,4,2,True,validated,1
f4b08e96-28f4-477f-8fe0-a3de1f6f9d6d,prca05,likert5,1,1,True,validated,0
f4b08e96-28f4-477f-8fe0-a3de1f6f9d6d,prca06,likert5,1,5,True,validated,1
f4b08e96-28f4-477f-8fe0-a3de1f6f9d6d,prca13,likert5,1,1,True,validated,0
f4b08e96-28f4-477f-8fe0-a3de1f6f9d6d,prca14,likert5,2,4,True,validated,1
f4b08e96-28f4-477f-8fe0-a3de1f6f9d6d,prca15,likert5,1,1,True,validated,0
f4b08e96-28f4-477f-8fe0-a3de1f6f9d6d,prca16,likert5,1,5,True,validated,1
f4b08e96-28f4-477f-8fe0-a3de1f6f9d6d,prca17,likert5,1,5,True,validated,1
f4b08e96-28f4-477f-8fe0-a3de1f6f9d6d,prca18,likert5,1,1,True,validated,0
50e3105b-01f4-4336-a21a-685a42de87a6,prca01,likert5,4,4,True,validated,0
50e3105b-01f4-4336-a21a-685a42de87a6,prca02,likert5,4,2,True,validated,1
50e3105b-01f4-4336-a21a-685a42de87a6,prca03,likert5,1,1,True,validated,0
50e3105b-01f4-4336-a21a-685a42de87a6,prca04,likert5,1,5,True,validated,1
50e3105b-01f4-4336-a21a-685a42de87a6,prca05,likert5,2,2,True,validated,0
50e3105b-01f4-4336-a21a-685a42de87a6,prca06,likert5,1,5,True,validated,1
50e3105b-01f4-4336-a21a-685a42de87a6,prca13,likert5,1,1,True,validated,0
50e3105b-01f4-4336-a21a-685a42de87a6,prca14,likert5,4,2,True,validated,1
50e3105b-01f4-4336-a21a-685a42de87a6,prca15,likert5,2,2,True,validated,0
50e3105b-01f4-4336-a21a-685a42de87a6,prca16,likert5,1,5,True,validated,1
50e3105b-01f4-4336-a21a-685a42de87a6,prca17,likert5,2,4,True,validated,1
50e3105b-01f4-4336-a21a-685a42de87a6,prca18,likert5,3,3,True,validated,0
1a56e1ec-5241-433c-bad2-f50b735a60af,prca01,likert5,1,1,True,validated,0
1a56e1ec-5241-433c-bad2-f50b735a60af,prca02,likert5,4,2,True,validated,1
1a56e1ec-5241-433c-bad2-f50b735a60af,prca03,likert5,1,1,True,validated,0
1a56e1ec-5241-433c-bad2-f50b735a60af,prca04,likert5,1,5,True,validated,1
1a56e1ec-5241-433c-bad2-f50b735a60af,prca05,likert5,1,1,True,validated,0
1a56e1ec-5241-433c-bad2-f50b735a60af,prca06,likert5,1,5,True,validated,1
1a56e1ec-5241-433c-bad2-f50b735a60af,prca13,likert5,4,4,True,validated,0
1a56e1ec-5241-433c-bad2-f50b735a60af,prca14,likert5,4,2,True,validated,1
1a56e1ec-5241-433c-bad2-f50b735a60af,prca15,likert5,4,4,True,validated,0
1a56e1ec-5241-433c-bad2-f50b735a60af,prca16,likert5,2,4,True,validated,1
1a56e1ec-5241-433c-bad2-f50b735a60af,prca17,likert5,1,5,True,validated,1
1a56e1ec-5241-433c-bad2-f50b735a60af,prca18,likert5,1,1,True,validated,0
c820417c-5b21-49e4-b443-ce6497aff501,prca01,likert5,4,4,True,validated,0
c820417c-5b21-49e4-b443-ce6497aff501,prca02,likert5,1,5,True,validated,1
c820417c-5b21-49e4-b443-ce6497aff501,prca03,likert5,2,2,True,validated,0
c820417c-5b21-49e4-b443-ce6497aff501,prca04,likert5,1,5,True,validated,1
c820417c-5b21-49e4-b443-ce6497aff501,prca05,likert5,1,1,True,validated,0
c820417c-5b21-49e4-b443-ce6497aff501,prca06,likert5,1,5,True,validated,1
c820417c-5b21-49e4-b443-ce6497aff501,prca13,likert5,2,2,True,validated,0
c820417c-5b21-49e4-b443-ce6497aff501,prca14,likert5,4,2,True,validated,1
c820417c-5b21-49e4-b443-ce6497aff501,prca15,likert5,1,1,True,validated,0
c820417c-5b21-49e4-b443-ce6497aff501,prca16,likert5,1,5,True,validated,1
c820417c-5b21-49e4-b443-ce6497aff501,prca17,likert5,1,5,True,validated,1
c820417c-5b21-49e4-b443-ce6497aff501,prca18,likert5,1,1,True,validated,0
35f0d1bd-933d-4a4b-bcad-a40a430ba38b,prca01,likert5,1,1,True,validated,0
35f0d1bd-933d-4a4b-bcad-a40a430ba38b,prca02,likert5,1,5,True,validated,1
35f0d1bd-933d-4a4b-bcad-a40a430ba38b,prca03,likert5,1,1,True,validated,0
35f0d1bd-933d-4a4b-bcad-a40a430ba38b,prca04,likert5,4,2,True,validated,1
35f0d1bd-933d-4a4b-bcad-a40a430ba38b,prca05,likert5,1,1,True,validated,0
35f0d1bd-933d-4a4b-bcad-a40a430ba38b,prca06,likert5,1,5,True,validated,1
35f0d1bd-933d-4a4b-bcad-a40a430ba38b,prca13,likert5,2,2,True,validated,0
35f0d1bd-933d-4a4b-bcad-a40a430ba38b,prca14,likert5,1,5,True,validated,1
35f0d1bd-933d-4a4b-bcad-a40a430ba38b,prca15,likert5,1,1,True,validated,0
35f0d1bd-933d-4a4b-bcad-a40a430ba38b,prca16,likert5,1,5,True,validated,1
35f0d1bd-933d-4a4b-bcad-a40a430ba38b,prca17,likert5,4,2,True,validated,1
35f0d1bd-933d-4a4b-bcad-a40a430ba38b,prca18,likert5,1,1,True,validated,0
82e6b96f-d4db-4dc1-8192-eb6990f95692,prca01,likert5,1,1,True,validated,0
82e6b96f-d4db-4dc1-8192-eb6990f95692,prca02,likert5,4,2,True,validated,1
82e6b96f-d4db-4dc1-8192-eb6990f95692,prca03,likert5,1,1,True,validated,0
82e6b96f-d4db-4dc1-8192-eb6990f95692,prca04,likert5,4,2,True,validated,1
82e6b96f-d4db-4dc1-8192-eb6990f95692,prca05,likert5,1,1,True,validated,0
82e6b96f-d4db-4dc1-8192-eb6990f95692,prca06,likert5,1,5,True,validated,1
82e6b96f-d4db-4dc1-8192-eb6990f95692,prca13,likert5,1,1,True,validated,0
82e6b96f-d4db-4dc1-8192-eb6990f95692,prca14,likert5,1,5,True,validated,1
82e6b96f-d4db-4dc1-8192-eb6990f95692,prca15,likert5,1,1,True,validated,0
82e6b96f-d4db-4dc1-8192-eb6990f95692,prca16,likert5,1,5,True,validated,1
82e6b96f-d4db-4dc1-8192-eb6990f95692,prca17,likert5,1,5,True,validated,1
82e6b96f-d4db-4dc1-8192-eb6990f95692,prca18,likert5,1,1,True,validated,0
f90fda91-6779-4a57-8b50-82135e090859,prca01,likert5,4,4,True,validated,0
f90fda91-6779-4a57-8b50-82135e090859,prca02,likert5,1,5,True,validated,1
f90fda91-6779-4a57-8b50-82135e090859,prca03,likert5,1,1,True,validated,0
f90fda91-6779-4a57-8b50-82135e090859,prca04,likert5,1,5,True,validated,1
f90fda91-6779-4a57-8b50-82135e090859,prca05,likert5,1,1,True,validated,0
f90fda91-6779-4a57-8b50-82135e090859,prca06,likert5,1,5,True,validated,1
f90fda91-6779-4a57-8b50-82135e090859,prca13,likert5,1,1,True,validated,0
f90fda91-6779-4a57-8b50-82135e090859,prca14,likert5,1,5,True,validated,1
f90fda91-6779-4a57-8b50-82135e090859,prca15,likert5,1,1,True,validated,0
f90fda91-6779-4a57-8b50-82135e090859,prca16,likert5,1,5,True,validated,1
f90fda91-6779-4a57-8b50-82135e090859,prca17,likert5,1,5,True,validated,1
f90fda91-6779-4a57-8b50-82135e090859,prca18,likert5,1,1,True,validated,0
d883c3cb-3c59-4d60-b82e-3d43351cf38b,prca01,likert5,1,1,True,validated,0
d883c3cb-3c59-4d60-b82e-3d43351cf38b,prca02,likert5,4,2,True,validated,1
d883c3cb-3c59-4d60-b82e-3d43351cf38b,prca03,likert5,4,4,True,validated,0
d883c3cb-3c59-4d60-b82e-3d43351cf38b,prca04,likert5,1,5,True,validated,1
d883c3cb-3c59-4d60-b82e-3d43351cf38b,prca05,likert5,2,2,True,validated,0
d883c3cb-3c59-4d60-b82e-3d43351cf38b,prca06,likert5,1,5,True,validated,1
d883c3cb-3c59-4d60-b82e-3d43351cf38b,prca13,likert5,1,1,True,validated,0
d883c3cb-3c59-4d60-b82e-3d43351cf38b,prca14,likert5,1,5,True,validated,1
d883c3cb-3c59-4d60-b82e-3d43351cf38b,prca15,likert5,1,1,True,validated,0
d883c3cb-3c59-4d60-b82e-3d43351cf38b,prca16,likert5,1,5,True,validated,1
d883c3cb-3c59-4d60-b82e-3d43351cf38b,prca17,likert5,1,5,True,validated,1
d883c3cb-3c59-4d60-b82e-3d43351cf38b,prca18,likert5,4,4,True,validated,0
ee4c960c-140e-48b7-b906-79529828cf0f,prca01,likert5,2,2,True,validated,0
ee4c960c-140e-48b7-b906-79529828cf0f,prca02,likert5,4,2,True,validated,1
ee4c960c-140e-48b7-b906-79529828cf0f,prca03,likert5,1,1,True,validated,0
ee4c960c-140e-48b7-b906-79529828cf0f,prca04,likert5,2,4,True,validated,1
ee4c960c-140e-48b7-b906-79529828cf0f,prca05,likert5,1,1,True,validated,0
ee4c960c-140e-48b7-b906-79529828cf0f,prca06,likert5,1,5,True,validated,1
ee4c960c-140e-48b7-b906-79529828cf0f,prca13,likert5,1,1,True,validated,0
ee4c960c-140e-48b7-b906-79529828cf0f,prca14,likert5,1,5,True,validated,1
ee4c960c-140e-48b7-b906-79529828cf0f,prca15,likert5,1,1,True,validated,0
ee4c960c-140e-48b7-b906-79529828cf0f,prca16,likert5,1,5,True,validated,1
ee4c960c-140e-48b7-b906-79529828cf0f,prca17,likert5,1,5,True,validated,1
ee4c960c-140e-48b7-b906-79529828cf0f,prca18,likert5,1,1,True,validated,0
ccbfd80f-4ebe-42d9-91ed-ca70ce42fd73,prca01,likert5,4,4,True,validated,0
ccbfd80f-4ebe-42d9-91ed-ca70ce42fd73,prca02,likert5,1,5,True,validated,1
ccbfd80f-4ebe-42d9-91ed-ca70ce42fd73,prca03,likert5,1,1,True,validated,0
ccbfd80f-4ebe-42d9-91ed-ca70ce42fd73,prca04,likert5,4,2,True,validated,1
ccbfd80f-4ebe-42d9-91ed-ca70ce42fd73,prca05,likert5,1,1,True,validated,0
ccbfd80f-4ebe-42d9-91ed-ca70ce42fd73,prca06,likert5,1,5,True,validated,1
ccbfd80f-4ebe-42d9-91ed-ca70ce42fd73,prca13,likert5,2,2,True,validated,0
ccbfd80f-4ebe-42d9-91ed-ca70ce42fd73,prca14,likert5,1,5,True,validated,1
ccbfd80f-4ebe-42d9-91ed-ca70ce42fd73,prca15,likert5,4,4,True,validated,0
ccbfd80f-4ebe-42d9-91ed-ca70ce42fd73,prca16,likert5,2,4,True,validated,1
ccbfd80f-4ebe-42d9-91ed-ca70ce42fd73,prca17,likert5,1,5,True,validated,1
ccbfd80f-4ebe-42d9-91ed-ca70ce42fd73,prca18,likert5,1,1,True,validated,0
4cf28fba-befa-4020-a97d-b8b7842740c0,prca01,likert5,4,4,True,validated,0
4cf28fba-befa-4020-a97d-b8b7842740c0,prca02,likert5,1,5,True,validated,1
4cf28fba-befa-4020-a97d-b8b7842740c0,prca03,likert5,4,4,True,validated,0
4cf28fba-befa-4020-a97d-b8b7842740c0,prca04,likert5,2,4,True,validated,1
4cf28fba-befa-4020-a97d-b8b7842740c0,prca05,likert5,1,1,True,validated,0
4cf28fba-befa-4020-a97d-b8b7842740c0,prca06,likert5,1,5,True,validated,1
4cf28fba-befa-4020-a97d-b8b7842740c0,prca13,likert5,2,2,True,validated,0
4cf28fba-befa-4020-a97d-b8b7842740c0,prca14,likert5,1,5,True,validated,1
4cf28fba-befa-4020-a97d-b8b7842740c0,prca15,likert5,1,1,True,validated,0
4cf28fba-befa-4020-a97d-b8b7842740c0,prca16,likert5,1,5,True,validated,1
4cf28fba-befa-4020-a97d-b8b7842740c0,prca17,likert5,1,5,True,validated,1
4cf28fba-befa-4020-a97d-b8b7842740c0,prca18,likert5,1,1,True,validated,0
58115967-74d8-4790-b544-febb22afce30,prca01,likert5,1,1,True,validated,0
58115967-74d8-4790-b544-febb22afce30,prca02,likert5,1,5,True,validated,1
58115967-74d8-4790-b544-febb22afce30,prca03,likert5,1,1,True,validated,0
58115967-74d8-4790-b544-febb22afce30,prca04,likert5,1,5,True,validated,1
58115967-74d8-4790-b544-febb22afce30,prca05,likert5,1,1,True,validated,0
58115967-74d8-4790-b544-febb22afce30,prca06,likert5,1,5,True,validated,1
58115967-74d8-4790-b544-febb22afce30,prca13,likert5,1,1,True,validated,0
58115967-74d8-4790-b544-febb22afce30,prca14,likert5,1,5,True,validated,1
58115967-74d8-4790-b544-febb22afce30,prca15,likert5,1,1,True,validated,0
58115967-74d8-4790-b544-febb22afce30,prca16,likert5,1,5,True,validated,1
58115967-74d8-4790-b544-febb22afce30,prca17,likert5,4,2,True,validated,1
58115967-74d8-4790-b544-febb22afce30,prca18,likert5,1,1,True,validated,0
a6bb2ae9-45e9-4d49-8142-f9be6d0c1523,prca01,likert5,1,1,True,validated,0
a6bb2ae9-45e9-4d49-8142-f9be6d0c1523,prca02,likert5,1,5,True,validated,1
a6bb2ae9-45e9-4d49-8142-f9be6d0c1523,prca03,likert5,1,1,True,validated,0
a6bb2ae9-45e9-4d49-8142-f9be6d0c1523,prca04,likert5,1,5,True,validated,1
a6bb2ae9-45e9-4d49-8142-f9be6d0c1523,prca05,likert5,4,4,True,validated,0
a6bb2ae9-45e9-4d49-8142-f9be6d0c1523,prca06,likert5,1,5,True,validated,1
a6bb2ae9-45e9-4d49-8142-f9be6d0c1523,prca13,likert5,1,1,True,validated,0
a6bb2ae9-45e9-4d49-8142-f9be6d0c1523,prca14,likert5,4,2,True,validated,1
a6bb2ae9-45e9-4d49-8142-f9be6d0c1523,prca15,likert5,1,1,True,validated,0
a6bb2ae9-45e9-4d49-8142-f9be6d0c1523,prca16,likert5,4,2,True,validated,1
a6bb2ae9-45e9-4d49-8142-f9be6d0c1523,prca17,likert5,2,4,True,validated,1
a6bb2ae9-45e9-4d49-8142-f9be6d0c1523,prca18,likert5,1,1,True,validated,0
ec2a7262-a9bd-41f8-b5df-188b818b5981,prca01,likert5,1,1,True,validated,0
ec2a7262-a9bd-41f8-b5df-188b818b5981,prca02,likert5,4,2,True,validated,1
ec2a7262-a9bd-41f8-b5df-188b818b5981,prca03,likert5,1,1,True,validated,0
ec2a7262-a9bd-41f8-b5df-188b818b5981,prca04,likert5,1,5,True,validated,1
ec2a7262-a9bd-41f8-b5df-188b818b5981,prca05,likert5,4,4,True,validated,0
ec2a7262-a9bd-41f8-b5df-188b818b5981,prca06,likert5,4,2,True,validated,1
ec2a7262-a9bd-41f8-b5df-188b818b5981,prca13,likert5,1,1,True,validated,0
ec2a7262-a9bd-41f8-b5df-188b818b5981,prca14,likert5,1,5,True,validated,1
ec2a7262-a9bd-41f8-b5df-188b818b5981,prca15,likert5,4,4,True,validated,0
ec2a7262-a9bd-41f8-b5df-188b818b5981,prca16,likert5,1,5,True,validated,1
ec2a7262-a9bd-41f8-b5df-188b818b5981,prca17,likert5,1,5,True,validated,1
ec2a7262-a9bd-41f8-b5df-188b818b5981,prca18,likert5,1,1,True,validated,0
a5a6cb7d-d1ee-4066-8d50-6cd39aede4a3,prca01,likert5,4,4,True,validated,0
a5a6cb7d-d1ee-4066-8d50-6cd39aede4a3,prca02,likert5,4,2,True,validated,1
a5a6cb7d-d1ee-4066-8d50-6cd39aede4a3,prca03,likert5,4,4,True,validated,0
a5a6cb7d-d1ee-4066-8d50-6cd39aede4a3,prca04,likert5,1,5,True,validated,1
a5a6cb7d-d1ee-4066-8d50-6cd39aede4a3,prca05,likert5,1,1,True,validated,0
a5a6cb7d-d1ee-4066-8d50-6cd39aede4a3,prca06,likert5,4,2,True,validated,1
a5a6cb7d-d1ee-4066-8d50-6cd39aede4a3,prca13,likert5,1,1,True,validated,0
a5a6cb7d-d1ee-4066-8d50-6cd39aede4a3,prca14,likert5,2,4,True,validated,1
a5a6cb7d-d1ee-4066-8d50-6cd39aede4a3,prca15,likert5,1,1,True,validated,0
a5a6cb7d-d1ee-4066-8d50-6cd39aede4a3,prca16,likert5,4,2,True,validated,1
a5a6cb7d-d1ee-4066-8d50-6cd39aede4a3,prca17,likert5,4,2,True,validated,1
a5a6cb7d-d1ee-4066-8d50-6cd39aede4a3,prca18,likert5,1,1,True,validated,0
0fd1b95f-e7cd-4e33-b609-a7717e41c17d,prca01,likert5,1,1,True,validated,0
0fd1b95f-e7cd-4e33-b609-a7717e41c17d,prca02,likert5,4,2,True,validated,1
0fd1b95f-e7cd-4e33-b609-a7717e41c17d,prca03,likert5,1,1,True,validated,0
0fd1b95f-e7cd-4e33-b609-a7717e41c17d,prca04,likert5,3,3,True,validated,1
0fd1b95f-e7cd-4e33-b609-a7717e41c17d,prca05,likert5,1,1,True,validated,0
0fd1b95f-e7cd-4e33-b609-a7717e41c17d,prca06,likert5,1,5,True,validated,1
0fd1b95f-e7cd-4e33-b609-a7717e41c17d,prca13,likert5,1,1,True,validated,0
0fd1b95f-e7cd-4e33-b609-a7717e41c17d,prca14,likert5,4,2,True,validated,1
0fd1b95f-e7cd-4e33-b609-a7717e41c17d,prca15,likert5,1,1,True,validated,0
0fd1b95f-e7cd-4e33-b609-a7717e41c17d,prca16,likert5,1,5,True,validated,1
0fd1b95f-e7cd-4e33-b609-a7717e41c17d,prca17,likert5,1,5,True,validated,1
0fd1b95f-e7cd-4e33-b609-a7717e41c17d,prca18,likert5,1,1,True,validated,0
42d0da32-4128-4660-8da2-ca248c0b2da3,prca01,likert5,1,1,True,validated,0
42d0da32-4128-4660-8da2-ca248c0b2da3,prca02,likert5,1,5,True,validated,1
42d0da32-4128-4660-8da2-ca248c0b2da3,prca03,likert5,1,1,True,validated,0
42d0da32-4128-4660-8da2-ca248c0b2da3,prca04,likert5,4,2,True,validated,1
42d0da32-4128-4660-8da2-ca248c0b2da3,prca05,likert5,2,2,True,validated,0
42d0da32-4128-4660-8da2-ca248c0b2da3,prca06,likert5,1,5,True,validated,1
42d0da32-4128-4660-8da2-ca248c0b2da3,prca13,likert5,4,4,True,validated,0
42d0da32-4128-4660-8da2-ca248c0b2da3,prca14,likert5,2,4,True,validated,1
42d0da32-4128-4660-8da2-ca248c0b2da3,prca15,likert5,1,1,True,validated,0
42d0da32-4128-4660-8da2-ca248c0b2da3,prca16,likert5,1,5,True,validated,1
42d0da32-4128-4660-8da2-ca248c0b2da3,prca17,likert5,1,5,True,validated,1
42d0da32-4128-4660-8da2-ca248c0b2da3,prca18,likert5,1,1,True,validated,0
fd1517f8-9efb-4dba-afef-d1ab0dc21801,prca01,likert5,4,4,True,validated,0
fd1517f8-9efb-4dba-afef-d1ab0dc21801,prca02,likert5,4,2,True,validated,1
fd1517f8-9efb-4dba-afef-d1ab0dc21801,prca03,likert5,4,4,True,validated,0
fd1517f8-9efb-4dba-afef-d1ab0dc21801,prca04,likert5,1,5,True,validated,1
fd1517f8-9efb-4dba-afef-d1ab0dc21801,prca05,likert5,1,1,True,validated,0
fd1517f8-9efb-4dba-afef-d1ab0dc21801,prca06,likert5,2,4,True,validated,1
fd1517f8-9efb-4dba-afef-d1ab0dc21801,prca13,likert5,1,1,True,validated,0
fd1517f8-9efb-4dba-afef-d1ab0dc21801,prca14,likert5,1,5,True,validated,1
fd1517f8-9efb-4dba-afef-d1ab0dc21801,prca15,likert5,2,2,True,validated,0
fd1517f8-9efb-4dba-afef-d1ab0dc21801,prca16,likert5,1,5,True,validated,1
fd1517f8-9efb-4dba-afef-d1ab0dc21801,prca17,likert5,1,5,True,validated,1
fd1517f8-9efb-4dba-afef-d1ab0dc21801,prca18,likert5,1,1,True,validated,0
2f8187aa-98a6-4e4c-9d07-4811e752343a,prca01,likert5,2,2,True,validated,0
2f8187aa-98a6-4e4c-9d07-4811e752343a,prca02,likert5,3,3,True,validated,1
2f8187aa-98a6-4e4c-9d07-4811e752343a,prca03,likert5,4,4,True,validated,0
2f8187aa-98a6-4e4c-9d07-4811e752343a,prca04,likert5,1,5,True,validated,1
2f8187aa-98a6-4e4c-9d07-4811e752343a,prca05,likert5,1,1,True,validated,0
2f8187aa-98a6-4e4c-9d07-4811e752343a,prca06,likert5,1,5,True,validated,1
2f8187aa-98a6-4e4c-9d07-4811e752343a,prca13,likert5,1,1,True,validated,0
2f8187aa-98a6-4e4c-9d07-4811e752343a,prca14,likert5,4,2,True,validated,1
2f8187aa-98a6-4e4c-9d07-4811e752343a,prca15,likert5,1,1,True,validated,0
2f8187aa-98a6-4e4c-9d07-4811e752343a,prca16,likert5,4,2,True,validated,1
2f8187aa-98a6-4e4c-9d07-4811e752343a,prca17,likert5,1,5,True,validated,1
2f8187aa-98a6-4e4c-9d07-4811e752343a,prca18,likert5,1,1,True,validated,0
f6d4bcbd-8bb8-42d3-89ff-1fca07835c2d,prca01,likert5,1,1,True,validated,0
f6d4bcbd-8bb8-42d3-89ff-1fca07835c2d,prca02,likert5,3,3,True,validated,1
f6d4bcbd-8bb8-42d3-89ff-1fca07835c2d,prca03,likert5,1,1,True,validated,0
f6d4bcbd-8bb8-42d3-89ff-1fca07835c2d,prca04,likert5,2,4,True,validated,1
f6d4bcbd-8bb8-42d3-89ff-1fca07835c2d,prca05,likert5,1,1,True,validated,0
f6d4bcbd-8bb8-42d3-89ff-1fca07835c2d,prca06,likert5,1,5,True,validated,1
f6d4bcbd-8bb8-42d3-89ff-1fca07835c2d,prca13,likert5,1,1,True,validated,0
f6d4bcbd-8bb8-42d3-89ff-1fca07835c2d,prca14,likert5,1,5,True,validated,1
f6d4bcbd-8bb8-42d3-89ff-1fca07835c2d,prca15,likert5,1,1,True,validated,0
f6d4bcbd-8bb8-42d3-89ff-1fca07835c2d,prca16,likert5,4,2,True,validated,1
f6d4bcbd-8bb8-42d3-89ff-1fca07835c2d,prca17,likert5,2,4,True,validated,1
f6d4bcbd-8bb8-42d3-89ff-1fca07835c2d,prca18,likert5,4,4,True,validated,0
156e5246-8bb5-45f3-9e85-1e6698561c51,prca01,likert5,1,1,True,validated,0
156e5246-8bb5-45f3-9e85-1e6698561c51,prca02,likert5,1,5,True,validated,1
156e5246-8bb5-45f3-9e85-1e6698561c51,prca03,likert5,1,1,True,validated,0
156e5246-8bb5-45f3-9e85-1e6698561c51,prca04,likert5,3,3,True,validated,1
156e5246-8bb5-45f3-9e85-1e6698561c51,prca05,likert5,1,1,True,validated,0
156e5246-8bb5-45f3-9e85-1e6698561c51,prca06,likert5,2,4,True,validated,1
156e5246-8bb5-45f3-9e85-1e6698561c51,prca13,likert5,1,1,True,validated,0
156e5246-8bb5-45f3-9e85-1e6698561c51,prca14,likert5,4,2,True,validated,1
156e5246-8bb5-45f3-9e85-1e6698561c51,prca15,likert5,1,1,True,validated,0
156e5246-8bb5-45f3-9e85-1e6698561c51,prca16,likert5,1,5,True,validated,1
156e5246-8bb5-45f3-9e85-1e6698561c51,prca17,likert5,1,5,True,validated,1
156e5246-8bb5-45f3-9e85-1e6698561c51,prca18,likert5,4,4,True,validated,0
f06a7612-37d9-4fd4-a0a7-3b0169da6a4b,prca01,likert5,1,1,True,validated,0
f06a7612-37d9-4fd4-a0a7-3b0169da6a4b,prca02,likert5,2,4,True,validated,1
f06a7612-37d9-4fd4-a0a7-3b0169da6a4b,prca03,likert5,1,1,True,validated,0
f06a7612-37d9-4fd4-a0a7-3b0169da6a4b,prca04,likert5,4,2,True,validated,1
f06a7612-37d9-4fd4-a0a7-3b0169da6a4b,prca05,likert5,4,4,True,validated,0
f06a7612-37d9-4fd4-a0a7-3b0169da6a4b,prca06,likert5,2,4,True,validated,1
f06a7612-37d9-4fd4-a0a7-3b0169da6a4b,prca13,likert5,1,1,True,validated,0
f06a7612-37d9-4fd4-a0a7-3b0169da6a4b,prca14,likert5,1,5,True,validated,1
f06a7612-37d9-4fd4-a0a7-3b0169da6a4b,prca15,likert5,2,2,True,validated,0
f06a7612-37d9-4fd4-a0a7-3b0169da6a4b,prca16,likert5,1,5,True,validated,1
f06a7612-37d9-4fd4-a0a7-3b0169da6a4b,prca17,likert5,1,5,True,validated,1
f06a7612-37d9-4fd4-a0a7-3b0169da6a4b,prca18,likert5,2,2,True,validated,0
f20d6b23-16aa-4243-84fb-de5045cc11dc,prca01,likert5,1,1,True,validated,0
f20d6b23-16aa-4243-84fb-de5045cc11dc,prca02,likert5,1,5,True,validated,1
f20d6b23-16aa-4243-84fb-de5045cc11dc,prca03,likert5,1,1,True,validated,0
f20d6b23-16aa-4243-84fb-de5045cc11dc,prca04,likert5,4,2,True,validated,1
f20d6b23-16aa-4243-84fb-de5045cc11dc,prca05,likert5,1,1,True,validated,0
f20d6b23-16aa-4243-84fb-de5045cc11dc,prca06,likert5,1,5,True,validated,1
f20d6b23-16aa-4243-84fb-de5045cc11dc,prca13,likert5,1,1,True,validated,0
f20d6b23-16aa-4243-84fb-de5045cc11dc,prca14,likert5,1,5,True,validated,1
f20d6b23-16aa-4243-84fb-de5045cc11dc,prca15,likert5,1,1,True,validated,0
f20d6b23-16aa-4243-84fb-de5045cc11dc,prca16,likert5,2,4,True,validated,1
f20d6b23-16aa-4243-84fb-de5045cc11dc,prca17,likert5,2,4,True,validated,1
f20d6b23-16aa-4243-84fb-de5045cc11dc,prca18,likert5,4,4,True,validated,0
6bb3fd46-9bc7-43b7-8101-7e28643363cf,prca01,likert5,1,1,True,validated,0
6bb3fd46-9bc7-43b7-8101-7e28643363cf,prca02,likert5,1,5,True,validated,1
6bb3fd46-9bc7-43b7-8101-7e28643363cf,prca03,likert5,4,4,True,validated,0
6bb3fd46-9bc7-43b7-8101-7e28643363cf,prca04,likert5,1,5,True,validated,1
6bb3fd46-9bc7-43b7-8101-7e28643363cf,prca05,likert5,1,1,True,validated,0
6bb3fd46-9bc7-43b7-8101-7e28643363cf,prca06,likert5,2,4,True,validated,1
6bb3fd46-9bc7-43b7-8101-7e28643363cf,prca13,likert5,1,1,True,validated,0
6bb3fd46-9bc7-43b7-8101-7e28643363cf,prca14,likert5,1,5,True,validated,1
6bb3fd46-9bc7-43b7-8101-7e28643363cf,prca15,likert5,2,2,True,validated,0
6bb3fd46-9bc7-43b7-8101-7e28643363cf,prca16,likert5,2,4,True,validated,1
6bb3fd46-9bc7-43b7-8101-7e28643363cf,prca17,likert5,1,5,True,validated,1
6bb3fd46-9bc7-43b7-8101-7e28643363cf,prca18,likert5,2,2,True,validated,0
5eb790c9-7b29-4ca3-8c9a-ce855bdb90d1,prca01,likert5,1,1,True,validated,0
5eb790c9-7b29-4ca3-8c9a-ce855bdb90d1,prca02,likert5,1,5,True,validated,1
5eb790c9-7b29-4ca3-8c9a-ce855bdb90d1,prca03,likert5,4,4,True,validated,0
5eb790c9-7b29-4ca3-8c9a-ce855bdb90d1,prca04,likert5,1,5,True,validated,1
5eb790c9-7b29-4ca3-8c9a-ce855bdb90d1,prca05,likert5,4,4,True,validated,0
5eb790c9-7b29-4ca3-8c9a-ce855bdb90d1,prca06,likert5,2,4,True,validated,1
5eb790c9-7b29-4ca3-8c9a-ce855bdb90d1,prca13,likert5,1,1,True,validated,0
5eb790c9-7b29-4ca3-8c9a-ce855bdb90d1,prca14,likert5,1,5,True,validated,1
5eb790c9-7b29-4ca3-8c9a-ce855bdb90d1,prca15,likert5,1,1,True,validated,0
5eb790c9-7b29-4ca3-8c9a-ce855bdb90d1,prca16,likert5,1,5,True,validated,1
5eb790c9-7b29-4ca3-8c9a-ce855bdb90d1,prca17,likert5,1,5,True,validated,1
5eb790c9-7b29-4ca3-8c9a-ce855bdb90d1,prca18,likert5,1,1,True,validated,0
9d9528ff-781f-433c-ac6b-720bbf641a2d,prca01,likert5,1,1,True,validated,0
9d9528ff-781f-433c-ac6b-720bbf641a2d,prca02,likert5,1,5,True,validated,1
9d9528ff-781f-433c-ac6b-720bbf641a2d,prca03,likert5,3,3,True,validated,0
9d9528ff-781f-433c-ac6b-720bbf641a2d,prca04,likert5,2,4,True,validated,1
9d9528ff-781f-433c-ac6b-720bbf641a2d,prca05,likert5,1,1,True,validated,0
9d9528ff-781f-433c-ac6b-720bbf641a2d,prca06,likert5,4,2,True,validated,1
9d9528ff-781f-433c-ac6b-720bbf641a2d,prca13,likert5,4,4,True,validated,0
9d9528ff-781f-433c-ac6b-720bbf641a2d,prca14,likert5,1,5,True,validated,1
9d9528ff-781f-433c-ac6b-720bbf641a2d,prca15,likert5,1,1,True,validated,0
9d9528ff-781f-433c-ac6b-720bbf641a2d,prca16,likert5,4,2,True,validated,1
9d9528ff-781f-433c-ac6b-720bbf641a2d,prca17,likert5,1,5,True,validated,1
9d9528ff-781f-433c-ac6b-720bbf641a2d,prca18,likert5,1,1,True,validated,0
7509a76a-55b7-430e-a345-cf6233c96a70,prca01,likert5,1,1,True,validated,0
7509a76a-55b7-430e-a345-cf6233c96a70,prca02,likert5,1,5,True,validated,1
7509a76a-55b7-430e-a345-cf6233c96a70,prca03,likert5,1,1,True,validated,0
7509a76a-55b7-430e-a345-cf6233c96a70,prca04,likert5,3,3,True,validated,1
7509a76a-55b7-430e-a345-cf6233c96a70,prca05,likert5,1,1,True,validated,0
7509a76a-55b7-430e-a345-cf6233c96a70,prca06,likert5,4,2,True,validated,1
7509a76a-55b7-430e-a345-cf6233c96a70,prca13,likert5,1,1,True,validated,0
7509a76a-55b7-430e-a345-cf6233c96a70,prca14,likert5,1,5,True,validated,1
7509a76a-55b7-430e-a345-cf6233c96a70,prca15,likert5,1,1,True,validated,0
7509a76a-55b7-430e-a345-cf6233c96a70,prca16,likert5,1,5,True,validated,1
7509a76a-55b7-430e-a345-cf6233c96a70,prca17,likert5,1,5,True,validated,1
7509a76a-55b7-430e-a345-cf6233c96a70,prca18,likert5,4,4,True,validated,0
d046c274-18c9-4147-b20c-be42fd43057f,prca01,likert5,1,1,True,validated,0
d046c274-18c9-4147-b20c-be42fd43057f,prca02,likert5,4,2,True,validated,1
d046c274-18c9-4147-b20c-be42fd43057f,prca03,likert5,1,1,True,validated,0
d046c274-18c9-4147-b20c-be42fd43057f,prca04,likert5,4,2,True,validated,1
d046c274-18c9-4147-b20c-be42fd43057f,prca05,likert5,1,1,True,validated,0
d046c274-18c9-4147-b20c-be42fd43057f,prca06,likert5,4,2,True,validated,1
d046c274-18c9-4147-b20c-be42fd43057f,prca13,likert5,1,1,True,validated,0
d046c274-18c9-4147-b20c-be42fd43057f,prca14,likert5,1,5,True,validated,1
d046c274-18c9-4147-b20c-be42fd43057f,prca15,likert5,1,1,True,validated,0
d046c274-18c9-4147-b20c-be42fd43057f,prca16,likert5,1,5,True,validated,1
d046c274-18c9-4147-b20c-be42fd43057f,prca17,likert5,1,5,True,validated,1
d046c274-18c9-4147-b20c-be42fd43057f,prca18,likert5,1,1,True,validated,0
edadeff2-76ff-43e3-9ab6-ad64a3b2ec8f,prca01,likert5,4,4,True,validated,0
edadeff2-76ff-43e3-9ab6-ad64a3b2ec8f,prca02,likert5,4,2,True,validated,1
edadeff2-76ff-43e3-9ab6-ad64a3b2ec8f,prca03,likert5,1,1,True,validated,0
edadeff2-76ff-43e3-9ab6-ad64a3b2ec8f,prca04,likert5,1,5,True,validated,1
edadeff2-76ff-43e3-9ab6-ad64a3b2ec8f,prca05,likert5,4,4,True,validated,0
edadeff2-76ff-43e3-9ab6-ad64a3b2ec8f,prca06,likert5,1,5,True,validated,1
edadeff2-76ff-43e3-9ab6-ad64a3b2ec8f,prca13,likert5,1,1,True,validated,0
edadeff2-76ff-43e3-9ab6-ad64a3b2ec8f,prca14,likert5,1,5,True,validated,1
edadeff2-76ff-43e3-9ab6-ad64a3b2ec8f,prca15,likert5,1,1,True,validated,0
edadeff2-76ff-43e3-9ab6-ad64a3b2ec8f,prca16,likert5,1,5,True,validated,1
edadeff2-76ff-43e3-9ab6-ad64a3b2ec8f,prca17,likert5,1,5,True,validated,1
edadeff2-76ff-43e3-9ab6-ad64a3b2ec8f,prca18,likert5,4,4,True,validated,0
bf691848-4fb8-417c-9493-46cf68924dca,prca01,likert5,1,1,True,validated,0
bf691848-4fb8-417c-9493-46cf68924dca,prca02,likert5,1,5,True,validated,1
bf691848-4fb8-417c-9493-46cf68924dca,prca03,likert5,1,1,True,validated,0
bf691848-4fb8-417c-9493-46cf68924dca,prca04,likert5,1,5,True,validated,1
bf691848-4fb8-417c-9493-46cf68924dca,prca05,likert5,1,1,True,validated,0
bf691848-4fb8-417c-9493-46cf68924dca,prca06,likert5,1,5,True,validated,1
bf691848-4fb8-417c-9493-46cf68924dca,prca13,likert5,4,4,True,validated,0
bf691848-4fb8-417c-9493-46cf68924dca,prca14,likert5,1,5,True,validated,1
bf691848-4fb8-417c-9493-46cf68924dca,prca15,likert5,4,4,True,validated,0
bf691848-4fb8-417c-9493-46cf68924dca,prca16,likert5,2,4,True,validated,1
bf691848-4fb8-417c-9493-46cf68924dca,prca17,likert5,1,5,True,validated,1
bf691848-4fb8-417c-9493-46cf68924dca,prca18,likert5,1,1,True,validated,0
a0326589-e50e-4e50-ac4b-53580da15e10,prca01,likert5,1,1,True,validated,0
a0326589-e50e-4e50-ac4b-53580da15e10,prca02,likert5,1,5,True,validated,1
a0326589-e50e-4e50-ac4b-53580da15e10,prca03,likert5,1,1,True,validated,0
a0326589-e50e-4e50-ac4b-53580da15e10,prca04,likert5,1,5,True,validated,1
a0326589-e50e-4e50-ac4b-53580da15e10,prca05,likert5,1,1,True,validated,0
a0326589-e50e-4e50-ac4b-53580da15e10,prca06,likert5,1,5,True,validated,1
a0326589-e50e-4e50-ac4b-53580da15e10,prca13,likert5,1,1,True,validated,0
a0326589-e50e-4e50-ac4b-53580da15e10,prca14,likert5,1,5,True,validated,1
a0326589-e50e-4e50-ac4b-53580da15e10,prca15,likert5,1,1,True,validated,0
a0326589-e50e-4e50-ac4b-53580da15e10,prca16,likert5,1,5,True,validated,1
a0326589-e50e-4e50-ac4b-53580da15e10,prca17,likert5,1,5,True,validated,1
a0326589-e50e-4e50-ac4b-53580da15e10,prca18,likert5,1,1,True,validated,0
51e02edc-c4b0-4e65-9c1d-5ad6bf0e508f,prca01,likert5,2,2,True,validated,0
51e02edc-c4b0-4e65-9c1d-5ad6bf0e508f,prca02,likert5,2,4,True,validated,1
51e02edc-c4b0-4e65-9c1d-5ad6bf0e508f,prca03,likert5,2,2,True,validated,0
51e02edc-c4b0-4e65-9c1d-5ad6bf0e508f,prca04,likert5,1,5,True,validated,1
51e02edc-c4b0-4e65-9c1d-5ad6bf0e508f,prca05,likert5,1,1,True,validated,0
51e02edc-c4b0-4e65-9c1d-5ad6bf0e508f,prca06,likert5,4,2,True,validated,1
51e02edc-c4b0-4e65-9c1d-5ad6bf0e508f,prca13,likert5,1,1,True,validated,0
51e02edc-c4b0-4e65-9c1d-5ad6bf0e508f,prca14,likert5,1,5,True,validated,1
51e02edc-c4b0-4e65-9c1d-5ad6bf0e508f,prca15,likert5,1,1,True,validated,0
51e02edc-c4b0-4e65-9c1d-5ad6bf0e508f,prca16,likert5,1,5,True,validated,1
51e02edc-c4b0-4e65-9c1d-5ad6bf0e508f,prca17,likert5,4,2,True,validated,1
51e02edc-c4b0-4e65-9c1d-5ad6bf0e508f,prca18,likert5,4,4,True,validated,0
5054bed4-8e5a-4bc9-abd0-4ec3cc4c5d1b,prca01,likert5,1,1,True,validated,0
5054bed4-8e5a-4bc9-abd0-4ec3cc4c5d1b,prca02,likert5,4,2,True,validated,1
5054bed4-8e5a-4bc9-abd0-4ec3cc4c5d1b,prca03,likert5,4,4,True,validated,0
5054bed4-8e5a-4bc9-abd0-4ec3cc4c5d1b,prca04,likert5,4,2,True,validated,1
5054bed4-8e5a-4bc9-abd0-4ec3cc4c5d1b,prca05,likert5,1,1,True,validated,0
5054bed4-8e5a-4bc9-abd0-4ec3cc4c5d1b,prca06,likert5,1,5,True,validated,1
5054bed4-8e5a-4bc9-abd0-4ec3cc4c5d1b,prca13,likert5,1,1,True,validated,0
5054bed4-8e5a-4bc9-abd0-4ec3cc4c5d1b,prca14,likert5,1,5,True,validated,1
5054bed4-8e5a-4bc9-abd0-4ec3cc4c5d1b,prca15,likert5,1,1,True,validated,0
5054bed4-8e5a-4bc9-abd0-4ec3cc4c5d1b,prca16,likert5,2,4,True,validated,1
5054bed4-8e5a-4bc9-abd0-4ec3cc4c5d1b,prca17,likert5,1,5,True,validated,1
5054bed4-8e5a-4bc9-abd0-4ec3cc4c5d1b,prca18,likert5,1,1,True,validated,0
2fdecd0a-9f63-49ba-92da-6a32435d3cf9,prca01,likert5,1,1,True,validated,0
2fdecd0a-9f63-49ba-92da-6a32435d3cf9,prca02,likert5,2,4,True,validated,1
2fdecd0a-9f63-49ba-92da-6a32435d3cf9,prca03,likert5,1,1,True,validated,0
2fdecd0a-9f63-49ba-92da-6a32435d3cf9,prca04,likert5,4,2,True,validated,1
2fdecd0a-9f63-49ba-92da-6a32435d3cf9,prca05,likert5,1,1,True,validated,0
2fdecd0a-9f63-49ba-92da-6a32435d3cf9,prca06,likert5,1,5,True,validated,1
2fdecd0a-9f63-49ba-92da-6a32435d3cf9,prca13,likert5,4,4,True,validated,0
2fdecd0a-9f63-49ba-92da-6a32435d3cf9,prca14,likert5,1,5,True,validated,1
2fdecd0a-9f63-49ba-92da-6a32435d3cf9,prca15,likert5,1,1,True,validated,0
2fdecd0a-9f63-49ba-92da-6a32435d3cf9,prca16,likert5,1,5,True,validated,1
2fdecd0a-9f63-49ba-92da-6a32435d3cf9,prca17,likert5,4,2,True,validated,1
2fdecd0a-9f63-49ba-92da-6a32435d3cf9,prca18,likert5,4,4,True,validated,0
6f771f5f-07ab-4754-bd6f-c09527f65bd2,prca01,likert5,4,4,True,validated,0
6f771f5f-07ab-4754-bd6f-c09527f65bd2,prca02,likert5,1,5,True,validated,1
6f771f5f-07ab-4754-bd6f-c09527f65bd2,prca03,likert5,2,2,True,validated,0
6f771f5f-07ab-4754-bd6f-c09527f65bd2,prca04,likert5,1,5,True,validated,1
6f771f5f-07ab-4754-bd6f-c09527f65bd2,prca05,likert5,1,1,True,validated,0
6f771f5f-07ab-4754-bd6f-c09527f65bd2,prca06,likert5,1,5,True,validated,1
6f771f5f-07ab-4754-bd6f-c09527f65bd2,prca13,likert5,1,1,True,validated,0
6f771f5f-07ab-4754-bd6f-c09527f65bd2,prca14,likert5,4,2,True,validated,1
6f771f5f-07ab-4754-bd6f-c09527f65bd2,prca15,likert5,4,4,True,validated,0
6f771f5f-07ab-4754-bd6f-c09527f65bd2,prca16,likert5,1,5,True,validated,1
6f771f5f-07ab-4754-bd6f-c09527f65bd2,prca17,likert5,1,5,True,validated,1
6f771f5f-07ab-4754-bd6f-c09527f65bd2,prca18,likert5,1,1,True,validated,0
0be78152-76c7-4d70-83b0-f30d42020bd2,prca01,likert5,1,1,True,validated,0
0be78152-76c7-4d70-83b0-f30d42020bd2,prca02,likert5,1,5,True,validated,1
0be78152-76c7-4d70-83b0-f30d42020bd2,prca03,likert5,1,1,True,validated,0
0be78152-76c7-4d70-83b0-f30d42020bd2,prca04,likert5,1,5,True,validated,1
0be78152-76c7-4d70-83b0-f30d42020bd2,prca05,likert5,1,1,True,validated,0
0be78152-76c7-4d70-83b0-f30d42020bd2,prca06,likert5,4,2,True,validated,1
0be78152-76c7-4d70-83b0-f30d42020bd2,prca13,likert5,4,4,True,validated,0
0be78152-76c7-4d70-83b0-f30d42020bd2,prca14,likert5,1,5,True,validated,1
0be78152-76c7-4d70-83b0-f30d42020bd2,prca15,likert5,1,1,True,validated,0
0be78152-76c7-4d70-83b0-f30d42020bd2,prca16,likert5,1,5,True,validated,1
0be78152-76c7-4d70-83b0-f30d42020bd2,prca17,likert5,1,5,True,validated,1
0be78152-76c7-4d70-83b0-f30d42020bd2,prca18,likert5,1,1,True,validated,0
5d3b7d7a-9dfb-47ae-be29-b516d05ec112,prca01,likert5,1,1,True,validated,0
5d3b7d7a-9dfb-47ae-be29-b516d05ec112,prca02,likert5,1,5,True,validated,1
5d3b7d7a-9dfb-47ae-be29-b516d05ec112,prca03,likert5,1,1,True,validated,0
5d3b7d7a-9dfb-47ae-be29-b516d05ec112,prca04,likert5,1,5,True,validated,1
5d3b7d7a-9dfb-47ae-be29-b516d05ec112,prca05,likert5,4,4,True,validated,0
5d3b7d7a-9dfb-47ae-be29-b516d05ec112,prca06,likert5,1,5,True,validated,1
5d3b7d7a-9dfb-47ae-be29-b516d05ec112,prca13,likert5,2,2,True,validated,0
5d3b7d7a-9dfb-47ae-be29-b516d05ec112,prca14,likert5,4,2,True,validated,1
5d3b7d7a-9dfb-47ae-be29-b516d05ec112,prca15,likert5,1,1,True,validated,0
5d3b7d7a-9dfb-47ae-be29-b516d05ec112,prca16,likert5,1,5,True,validated,1
5d3b7d7a-9dfb-47ae-be29-b516d05ec112,prca17,likert5,2,4,True,validated,1
5d3b7d7a-9dfb-47ae-be29-b516d05ec112,prca18,likert5,4,4,True,validated,0
73f308a4-a32f-4ced-b503-4440c83962f2,prca01,likert5,4,4,True,validated,0
73f308a4-a32f-4ced-b503-4440c83962f2,prca02,likert5,1,5,True,validated,1
73f308a4-a32f-4ced-b503-4440c83962f2,prca03,likert5,1,1,True,validated,0
73f308a4-a32f-4ced-b503-4440c83962f2,prca04,likert5,3,3,True,validated,1
73f308a4-a32f-4ced-b503-4440c83962f2,prca05,likert5,1,1,True,validated,0
73f308a4-a32f-4ced-b503-4440c83962f2,prca06,likert5,1,5,True,validated,1
73f308a4-a32f-4ced-b503-4440c83962f2,prca13,likert5,1,1,True,validated,0
73f308a4-a32f-4ced-b503-4440c83962f2,prca14,likert5,4,2,True,validated,1
73f308a4-a32f-4ced-b503-4440c83962f2,prca15,likert5,4,4,True,validated,0
73f308a4-a32f-4ced-b503-4440c83962f2,prca16,likert5,1,5,True,validated,1
73f308a4-a32f-4ced-b503-4440c83962f2,prca17,likert5,1,5,True,validated,1
73f308a4-a32f-4ced-b503-4440c83962f2,prca18,likert5,1,1,True,validated,0
cc3ecbe0-c084-4abe-af4a-4cecda7c63a1,prca01,likert5,1,1,True,validated,0
cc3ecbe0-c084-4abe-af4a-4cecda7c63a1,prca02,likert5,2,4,True,validated,1
cc3ecbe0-c084-4abe-af4a-4cecda7c63a1,prca03,likert5,2,2,True,validated,0
cc3ecbe0-c084-4abe-af4a-4cecda7c63a1,prca04,likert5,1,5,True,validated,1
cc3ecbe0-c084-4abe-af4a-4cecda7c63a1,prca05,likert5,1,1,True,validated,0
cc3ecbe0-c084-4abe-af4a-4cecda7c63a1,prca06,likert5,4,2,True,validated,1
cc3ecbe0-c084-4abe-af4a-4cecda7c63a1,prca13,likert5,2,2,True,validated,0
cc3ecbe0-c084-4abe-af4a-4cecda7c63a1,prca14,likert5,1,5,True,validated,1
cc3ecbe0-c084-4abe-af4a-4cecda7c63a1,prca15,likert5,1,1,True,validated,0
cc3ecbe0-c084-4abe-af4a-4cecda7c63a1,prca16,likert5,1,5,True,validated,1
cc3ecbe0-c084-4abe-af4a-4cecda7c63a1,prca17,likert5,2,4,True,validated,1
cc3ecbe0-c084-4abe-af4a-4cecda7c63a1,prca18,likert5,1,1,True,validated,0
9a5db091-5278-4c1a-af2f-4ee73e63d880,prca01,likert5,1,1,True,validated,0
9a5db091-5278-4c1a-af2f-4ee73e63d880,prca02,likert5,1,5,True,validated,1
9a5db091-5278-4c1a-af2f-4ee73e63d880,prca03,likert5,1,1,True,validated,0
9a5db091-5278-4c1a-af2f-4ee73e63d880,prca04,likert5,1,5,True,validated,1
9a5db091-5278-4c1a-af2f-4ee73e63d880,prca05,likert5,4,4,True,validated,0
9a5db091-5278-4c1a-af2f-4ee73e63d880,prca06,likert5,1,5,True,validated,1
9a5db091-5278-4c1a-af2f-4ee73e63d880,prca13,likert5,4,4,True,validated,0
9a5db091-5278-4c1a-af2f-4ee73e63d880,prca14,likert5,4,2,True,validated,1
9a5db091-5278-4c1a-af2f-4ee73e63d880,prca15,likert5,1,1,True,validated,0
9a5db091-5278-4c1a-af2f-4ee73e63d880,prca16,likert5,1,5,True,validated,1
9a5db091-5278-4c1a-af2f-4ee73e63d880,prca17,likert5,1,5,True,validated,1
9a5db091-5278-4c1a-af2f-4ee73e63d880,prca18,likert5,1,1,True,validated,0
2bbdbcdf-5626-4594-97e1-9311c962dc56,prca01,likert5,1,1,True,validated,0
2bbdbcdf-5626-4594-97e1-9311c962dc56,prca02,likert5,1,5,True,validated,1
2bbdbcdf-5626-4594-97e1-9311c962dc56,prca03,likert5,1,1,True,validated,0
2bbdbcdf-5626-4594-97e1-9311c962dc56,prca04,likert5,4,2,True,validated,1
2bbdbcdf-5626-4594-97e1-9311c962dc56,prca05,likert5,1,1,True,validated,0
2bbdbcdf-5626-4594-97e1-9311c962dc56,prca06,likert5,1,5,True,validated,1
2bbdbcdf-5626-4594-97e1-9311c962dc56,prca13,likert5,1,1,True,validated,0
2bbdbcdf-5626-4594-97e1-9311c962dc56,prca14,likert5,1,5,True,validated,1
2bbdbcdf-5626-4594-97e1-9311c962dc56,prca15,likert5,4,4,True,validated,0
2bbdbcdf-5626-4594-97e1-9311c962dc56,prca16,likert5,4,2,True,validated,1
2bbdbcdf-5626-4594-97e1-9311c962dc56,prca17,likert5,4,2,True,validated,1
2bbdbcdf-5626-4594-97e1-9311c962dc56,prca18,likert5,1,1,True,validated,0
34d3e6c0-e5f8-4b20-9fb9-7e85702a0e75,prca01,likert5,1,1,True,validated,0
34d3e6c0-e5f8-4b20-9fb9-7e85702a0e75,prca02,likert5,1,5,True,validated,1
34d3e6c0-e5f8-4b20-9fb9-7e85702a0e75,prca03,likert5,1,1,True,validated,0
34d3e6c0-e5f8-4b20-9fb9-7e85702a0e75,prca04,likert5,1,5,True,validated,1
34d3e6c0-e5f8-4b20-9fb9-7e85702a0e75,prca05,likert5,1,1,True,validated,0
34d3e6c0-e5f8-4b20-9fb9-7e85702a0e75,prca06,likert5,1,5,True,validated,1
34d3e6c0-e5f8-4b20-9fb9-7e85702a0e75,prca13,likert5,1,1,True,validated,0
34d3e6c0-e5f8-4b20-9fb9-7e85702a0e75,prca14,likert5,4,2,True,validated,1
34d3e6c0-e5f8-4b20-9fb9-7e85702a0e75,prca15,likert5,1,1,True,validated,0
34d3e6c0-e5f8-4b20-9fb9-7e85702a0e75,prca16,likert5,1,5,True,validated,1
34d3e6c0-e5f8-4b20-9fb9-7e85702a0e75,prca17,likert5,2,4,True,validated,1
34d3e6c0-e5f8-4b20-9fb9-7e85702a0e75,prca18,likert5,4,4,True,validated,0
f856cd31-8153-40bd-86df-9a1f5f2b674b,prca01,likert5,1,1,True,validated,0
f856cd31-8153-40bd-86df-9a1f5f2b674b,prca02,likert5,4,2,True,validated,1
f856cd31-8153-40bd-86df-9a1f5f2b674b,prca03,likert5,3,3,True,validated,0
f856cd31-8153-40bd-86df-9a1f5f2b674b,prca04,likert5,4,2,True,validated,1
f856cd31-8153-40bd-86df-9a1f5f2b674b,prca05,likert5,4,4,True,validated,0
f856cd31-8153-40bd-86df-9a1f5f2b674b,prca06,likert5,2,4,True,validated,1
f856cd31-8153-40bd-86df-9a1f5f2b674b,prca13,likert5,1,1,True,validated,0
f856cd31-8153-40bd-86df-9a1f5f2b674b,prca14,likert5,1,5,True,validated,1
f856cd31-8153-40bd-86df-9a1f5f2b674b,prca15,likert5,1,1,True,validated,0
f856cd31-8153-40bd-86df-9a1f5f2b674b,prca16,likert5,2,4,True,validated,1
f856cd31-8153-40bd-86df-9a1f5f2b674b,prca17,likert5,2,4,True,validated,1
f856cd31-8153-40bd-86df-9a1f5f2b674b,prca18,likert5,2,2,True,validated,0
3784eed2-7c51-4ede-a6f7-6101da4d90af,prca01,likert5,4,4,True,validated,0
3784eed2-7c51-4ede-a6f7-6101da4d90af,prca02,likert5,1,5,True,validated,1
3784eed2-7c51-4ede-a6f7-6101da4d90af,prca03,likert5,1,1,True,validated,0
3784eed2-7c51-4ede-a6f7-6101da4d90af,prca04,likert5,3,3,True,validated,1
3784eed2-7c51-4ede-a6f7-6101da4d90af,prca05,likert5,1,1,True,validated,0
3784eed2-7c51-4ede-a6f7-6101da4d90af,prca06,likert5,4,2,True,validated,1
3784eed2-7c51-4ede-a6f7-6101da4d90af,prca13,likert5,2,2,True,validated,0
3784eed2-7c51-4ede-a6f7-6101da4d90af,prca14,likert5,1,5,True,validated,1
3784eed2-7c51-4ede-a6f7-6101da4d90af,prca15,likert5,1,1,True,validated,0
3784eed2-7c51-4ede-a6f7-6101da4d90af,prca16,likert5,1,5,True,validated,1
3784eed2-7c51-4ede-a6f7-6101da4d90af,prca17,likert5,2,4,True,validated,1
3784eed2-7c51-4ede-a6f7-6101da4d90af,prca18,likert5,1,1,True,validated,0
244786e7-8338-4e32-9645-59f08fb5f023,prca01,likert5,4,4,True,validated,0
244786e7-8338-4e32-9645-59f08fb5f023,prca02,likert5,1,5,True,validated,1
244786e7-8338-4e32-9645-59f08fb5f023,prca03,likert5,1,1,True,validated,0
244786e7-8338-4e32-9645-59f08fb5f023,prca04,likert5,1,5,True,validated,1
244786e7-8338-4e32-9645-59f08fb5f023,prca05,likert5,1,1,True,validated,0
244786e7-8338-4e32-9645-59f08fb5f023,prca06,likert5,1,5,True,validated,1
244786e7-8338-4e32-9645-59f08fb5f023,prca13,likert5,4,4,True,validated,0
244786e7-8338-4e32-9645-59f08fb5f023,prca14,likert5,4,2,True,validated,1
244786e7-8338-4e32-9645-59f08fb5f023,prca15,likert5,1,1,True,validated,0
244786e7-8338-4e32-9645-59f08fb5f023,prca16,likert5,4,2,True,validated,1
244786e7-8338-4e32-9645-59f08fb5f023,prca17,likert5,1,5,True,validated,1
244786e7-8338-4e32-9645-59f08fb5f023,prca18,likert5,4,4,True,validated,0
dd8875c2-2ab8-4627-878e-898378b5f196,prca01,likert5,1,1,True,validated,0
dd8875c2-2ab8-4627-878e-898378b5f196,prca02,likert5,1,5,True,validated,1
dd8875c2-2ab8-4627-878e-898378b5f196,prca03,likert5,1,1,True,validated,0
dd8875c2-2ab8-4627-878e-898378b5f196,prca04,likert5,1,5,True,validated,1
dd8875c2-2ab8-4627-878e-898378b5f196,prca05,likert5,4,4,True,validated,0
dd8875c2-2ab8-4627-878e-898378b5f196,prca06,likert5,1,5,True,validated,1
dd8875c2-2ab8-4627-878e-898378b5f196,prca13,likert5,1,1,True,validated,0
dd8875c2-2ab8-4627-878e-898378b5f196,prca14,likert5,4,2,True,validated,1
dd8875c2-2ab8-4627-878e-898378b5f196,prca15,likert5,1,1,True,validated,0
dd8875c2-2ab8-4627-878e-898378b5f196,prca16,likert5,2,4,True,validated,1
dd8875c2-2ab8-4627-878e-898378b5f196,prca17,likert5,1,5,True,validated,1
dd8875c2-2ab8-4627-878e-898378b5f196,prca18,likert5,4,4,True,validated,0
21e6dafc-e6b3-4233-9da2-caadefdc6a80,prca01,likert5,1,1,True,validated,0
21e6dafc-e6b3-4233-9da2-caadefdc6a80,prca02,likert5,1,5,True,validated,1
21e6dafc-e6b3-4233-9da2-caadefdc6a80,prca03,likert5,2,2,True,validated,0
21e6dafc-e6b3-4233-9da2-caadefdc6a80,prca04,likert5,3,3,True,validated,1
21e6dafc-e6b3-4233-9da2-caadefdc6a80,prca05,likert5,1,1,True,validated,0
21e6dafc-e6b3-4233-9da2-caadefdc6a80,prca06,likert5,1,5,True,validated,1
21e6dafc-e6b3-4233-9da2-caadefdc6a80,prca13,likert5,1,1,True,validated,0
21e6dafc-e6b3-4233-9da2-caadefdc6a80,prca14,likert5,4,2,True,validated,1
21e6dafc-e6b3-4233-9da2-caadefdc6a80,prca15,likert5,1,1,True,validated,0
21e6dafc-e6b3-4233-9da2-caadefdc6a80,prca16,likert5,1,5,True,validated,1
21e6dafc-e6b3-4233-9da2-caadefdc6a80,prca17,likert5,1,5,True,validated,1
21e6dafc-e6b3-4233-9da2-caadefdc6a80,prca18,likert5,1,1,True,validated,0
ff3b91d9-ca03-4fe8-884a-c51b69d90750,prca01,likert5,2,2,True,validated,0
ff3b91d9-ca03-4fe8-884a-c51b69d90750,prca02,likert5,1,5,True,validated,1
ff3b91d9-ca03-4fe8-884a-c51b69d90750,prca03,likert5,1,1,True,validated,0
ff3b91d9-ca03-4fe8-884a-c51b69d90750,prca04,likert5,1,5,True,validated,1
ff3b91d9-ca03-4fe8-884a-c51b69d90750,prca05,likert5,1,1,True,validated,0
ff3b91d9-ca03-4fe8-884a-c51b69d90750,prca06,likert5,1,5,True,validated,1
ff3b91d9-ca03-4fe8-884a-c51b69d90750,prca13,likert5,2,2,True,validated,0
ff3b91d9-ca03-4fe8-884a-c51b69d90750,prca14,likert5,3,3,True,validated,1
ff3b91d9-ca03-4fe8-884a-c51b69d90750,prca15,likert5,1,1,True,validated,0
ff3b91d9-ca03-4fe8-884a-c51b69d90750,prca16,likert5,1,5,True,validated,1
ff3b91d9-ca03-4fe8-884a-c51b69d90750,prca17,likert5,1,5,True,validated,1
ff3b91d9-ca03-4fe8-884a-c51b69d90750,prca18,likert5,1,1,True,validated,0
aabe5d73-c47e-41cd-ac46-fdf1103fb72c,prca01,likert5,4,4,True,validated,0
aabe5d73-c47e-41cd-ac46-fdf1103fb72c,prca02,likert5,4,2,True,validated,1
aabe5d73-c47e-41cd-ac46-fdf1103fb72c,prca03,likert5,1,1,True,validated,0
aabe5d73-c47e-41cd-ac46-fdf1103fb72c,prca04,likert5,2,4,True,validated,1
aabe5d73-c47e-41cd-ac46-fdf1103fb72c,prca05,likert5,1,1,True,validated,0
aabe5d73-c47e-41cd-ac46-fdf1103fb72c,prca06,likert5,2,4,True,validated,1
aabe5d73-c47e-41cd-ac46-fdf1103fb72c,prca13,likert5,1,1,True,validated,0
aabe5d73-c47e-41cd-ac46-fdf1103fb72c,prca14,likert5,1,5,True,validated,1
aabe5d73-c47e-41cd-ac46-fdf1103fb72c,prca15,likert5,1,1,True,validated,0
aabe5d73-c47e-41cd-ac46-fdf1103fb72c,prca16,likert5,4,2,True,validated,1
aabe5d73-c47e-41cd-ac46-fdf1103fb72c,prca17,likert5,1,5,True,validated,1
aabe5d73-c47e-41cd-ac46-fdf1103fb72c,prca18,likert5,1,1,True,validated,0
fd3d0fe8-4d0d-4f96-bf8b-9dcffffcbf99,prca01,likert5,1,1,True,validated,0
fd3d0fe8-4d0d-4f96-bf8b-9dcffffcbf99,prca02,likert5,2,4,True,validated,1
fd3d0fe8-4d0d-4f96-bf8b-9dcffffcbf99,prca03,likert5,2,2,True,validated,0
fd3d0fe8-4d0d-4f96-bf8b-9dcffffcbf99,prca04,likert5,4,2,True,validated,1
fd3d0fe8-4d0d-4f96-bf8b-9dcffffcbf99,prca05,likert5,4,4,True,validated,0
fd3d0fe8-4d0d-4f96-bf8b-9dcffffcbf99,prca06,likert5,1,5,True,validated,1
fd3d0fe8-4d0d-4f96-bf8b-9dcffffcbf99,prca13,likert5,4,4,True,validated,0
fd3d0fe8-4d0d-4f96-bf8b-9dcffffcbf99,prca14,likert5,4,2,True,validated,1
fd3d0fe8-4d0d-4f96-bf8b-9dcffffcbf99,prca15,likert5,1,1,True,validated,0
fd3d0fe8-4d0d-4f96-bf8b-9dcffffcbf99,prca16,likert5,1,5,True,validated,1
fd3d0fe8-4d0d-4f96-bf8b-9dcffffcbf99,prca17,likert5,3,3,True,validated,1
fd3d0fe8-4d0d-4f96-bf8b-9dcffffcbf99,prca18,likert5,4,4,True,validated,0
aabc6178-ddfe-4ef0-9a13-b6e95283b7c3,prca01,likert5,1,1,True,validated,0
aabc6178-ddfe-4ef0-9a13-b6e95283b7c3,prca02,likert5,1,5,True,validated,1
aabc6178-ddfe-4ef0-9a13-b6e95283b7c3,prca03,likert5,1,1,True,validated,0
aabc6178-ddfe-4ef0-9a13-b6e95283b7c3,prca04,likert5,4,2,True,validated,1
aabc6178-ddfe-4ef0-9a13-b6e95283b7c3,prca05,likert5,4,4,True,validated,0
aabc6178-ddfe-4ef0-9a13-b6e95283b7c3,prca06,likert5,1,5,True,validated,1
aabc6178-ddfe-4ef0-9a13-b6e95283b7c3,prca13,likert5,4,4,True,validated,0
aabc6178-ddfe-4ef0-9a13-b6e95283b7c3,prca14,likert5,1,5,True,validated,1
aabc6178-ddfe-4ef0-9a13-b6e95283b7c3,prca15,likert5,2,2,True,validated,0
aabc6178-ddfe-4ef0-9a13-b6e95283b7c3,prca16,likert5,1,5,True,validated,1
aabc6178-ddfe-4ef0-9a13-b6e95283b7c3,prca17,likert5,1,5,True,validated,1
aabc6178-ddfe-4ef0-9a13-b6e95283b7c3,prca18,likert5,4,4,True,validated,0
fbebbd34-6e84-42a5-a8de-395249bdef97,prca01,likert5,4,4,True,validated,0
fbebbd34-6e84-42a5-a8de-395249bdef97,prca02,likert5,2,4,True,validated,1
fbebbd34-6e84-42a5-a8de-395249bdef97,prca03,likert5,1,1,True,validated,0
fbebbd34-6e84-42a5-a8de-395249bdef97,prca04,likert5,2,4,True,validated,1
fbebbd34-6e84-42a5-a8de-395249bdef97,prca05,likert5,4,4,True,validated,0
fbebbd34-6e84-42a5-a8de-395249bdef97,prca06,likert5,4,2,True,validated,1
fbebbd34-6e84-42a5-a8de-395249bdef97,prca13,likert5,1,1,True,validated,0
fbebbd34-6e84-42a5-a8de-395249bdef97,prca14,likert5,1,5,True,validated,1
fbebbd34-6e84-42a5-a8de-395249bdef97,prca15,likert5,1,1,True,validated,0
fbebbd34-6e84-42a5-a8de-395249bdef97,prca16,likert5,2,4,True,validated,1
fbebbd34-6e84-42a5-a8de-395249bdef97,prca17,likert5,4,2,True,validated,1
fbebbd34-6e84-42a5-a8de-395249bdef97,prca18,likert5,1,1,True,validated,0
712a280c-c5f4-464e-ae13-1df4ad110aa1,prca01,likert5,4,4,True,validated,0
712a280c-c5f4-464e-ae13-1df4ad110aa1,prca02,likert5,2,4,True,validated,1
712a280c-c5f4-464e-ae13-1df4ad110aa1,prca03,likert5,1,1,True,validated,0
712a280c-c5f4-464e-ae13-1df4ad110aa1,prca04,likert5,1,5,True,validated,1
712a280c-c5f4-464e-ae13-1df4ad110aa1,prca05,likert5,1,1,True,validated,0
712a280c-c5f4-464e-ae13-1df4ad110aa1,prca06,likert5,1,5,True,validated,1
712a280c-c5f4-464e-ae13-1df4ad110aa1,prca13,likert5,4,4,True,validated,0
712a280c-c5f4-464e-ae13-1df4ad110aa1,prca14,likert5,1,5,True,validated,1
712a280c-c5f4-464e-ae13-1df4ad110aa1,prca15,likert5,4,4,True,validated,0
712a280c-c5f4-464e-ae13-1df4ad110aa1,prca16,likert5,1,5,True,validated,1
712a280c-c5f4-464e-ae13-1df4ad110aa1,prca17,likert5,1,5,True,validated,1
712a280c-c5f4-464e-ae13-1df4ad110aa1,prca18,likert5,1,1,True,validated,0
593201be-4d01-4a59-bce6-d9d1c97c8f03,prca01,likert5,1,1,True,validated,0
593201be-4d01-4a59-bce6-d9d1c97c8f03,prca02,likert5,1,5,True,validated,1
593201be-4d01-4a59-bce6-d9d1c97c8f03,prca03,likert5,2,2,True,validated,0
593201be-4d01-4a59-bce6-d9d1c97c8f03,prca04,likert5,1,5,True,validated,1
593201be-4d01-4a59-bce6-d9d1c97c8f03,prca05,likert5,2,2,True,validated,0
593201be-4d01-4a59-bce6-d9d1c97c8f03,prca06,likert5,1,5,True,validated,1
593201be-4d01-4a59-bce6-d9d1c97c8f03,prca13,likert5,1,1,True,validated,0
593201be-4d01-4a59-bce6-d9d1c97c8f03,prca14,likert5,2,4,True,validated,1
593201be-4d01-4a59-bce6-d9d1c97c8f03,prca15,likert5,1,1,True,validated,0
593201be-4d01-4a59-bce6-d9d1c97c8f03,prca16,likert5,2,4,True,validated,1
593201be-4d01-4a59-bce6-d9d1c97c8f03,prca17,likert5,1,5,True,validated,1
593201be-4d01-4a59-bce6-d9d1c97c8f03,prca18,likert5,4,4,True,validated,0
6e662a31-e63e-40bb-8b92-973e6e0af697,prca01,likert5,1,1,True,validated,0
6e662a31-e63e-40bb-8b92-973e6e0af697,prca02,likert5,1,5,True,validated,1
6e662a31-e63e-40bb-8b92-973e6e0af697,prca03,likert5,1,1,True,validated,0
6e662a31-e63e-40bb-8b92-973e6e0af697,prca04,likert5,4,2,True,validated,1
6e662a31-e63e-40bb-8b92-973e6e0af697,prca05,likert5,1,1,True,validated,0
6e662a31-e63e-40bb-8b92-973e6e0af697,prca06,likert5,4,2,True,validated,1
6e662a31-e63e-40bb-8b92-973e6e0af697,prca13,likert5,1,1,True,validated,0
6e662a31-e63e-40bb-8b92-973e6e0af697,prca14,likert5,3,3,True,validated,1
6e662a31-e63e-40bb-8b92-973e6e0af697,prca15,likert5,1,1,True,validated,0
6e662a31-e63e-40bb-8b92-973e6e0af697,prca16,likert5,1,5,True,validated,1
6e662a31-e63e-40bb-8b92-973e6e0af697,prca17,likert5,1,5,True,validated,1
6e662a31-e63e-40bb-8b92-973e6e0af697,prca18,likert5,1,1,True,validated,0
c3ae7293-0fc4-4e90-9c85-209af7884091,prca01,likert5,1,1,True,validated,0
c3ae7293-0fc4-4e90-9c85-209af7884091,prca02,likert5,1,5,True,validated,1
c3ae7293-0fc4-4e90-9c85-209af7884091,prca03,likert5,4,4,True,validated,0
c3ae7293-0fc4-4e90-9c85-209af7884091,prca04,likert5,1,5,True,validated,1
c3ae7293-0fc4-4e90-9c85-209af7884091,prca05,likert5,1,1,True,validated,0
c3ae7293-0fc4-4e90-9c85-209af7884091,prca06,likert5,1,5,True,validated,1
c3ae7293-0fc4-4e90-9c85-209af7884091,prca13,likert5,1,1,True,validated,0
c3ae7293-0fc4-4e90-9c85-209af7884091,prca14,likert5,1,5,True,validated,1
c3ae7293-0fc4-4e90-9c85-209af7884091,prca15,likert5,1,1,True,validated,0
c3ae7293-0fc4-4e90-9c85-209af7884091,prca16,likert5,1,5,True,validated,1
c3ae7293-0fc4-4e90-9c85-209af7884091,prca17,likert5,4,2,True,validated,1
c3ae7293-0fc4-4e90-9c85-209af7884091,prca18,likert5,1,1,True,validated,0
45c4ba43-0141-44e9-81a9-3c7337ceba1c,prca01,likert5,4,4,True,validated,0
45c4ba43-0141-44e9-81a9-3c7337ceba1c,prca02,likert5,1,5,True,validated,1
45c4ba43-0141-44e9-81a9-3c7337ceba1c,prca03,likert5,1,1,True,validated,0
45c4ba43-0141-44e9-81a9-3c7337ceba1c,prca04,likert5,3,3,True,validated,1
45c4ba43-0141-44e9-81a9-3c7337ceba1c,prca05,likert5,4,4,True,validated,0
45c4ba43-0141-44e9-81a9-3c7337ceba1c,prca06,likert5,1,5,True,validated,1
45c4ba43-0141-44e9-81a9-3c7337ceba1c,prca13,likert5,1,1,True,validated,0
45c4ba43-0141-44e9-81a9-3c7337ceba1c,prca14,likert5,1,5,True,validated,1
45c4ba43-0141-44e9-81a9-3c7337ceba1c,prca15,likert5,2,2,True,validated,0
45c4ba43-0141-44e9-81a9-3c7337ceba1c,prca16,likert5,1,5,True,validated,1
45c4ba43-0141-44e9-81a9-3c7337ceba1c,prca17,likert5,4,2,True,validated,1
45c4ba43-0141-44e9-81a9-3c7337ceba1c,prca18,likert5,1,1,True,validated,0
eb337b98-90d2-4b26-aa08-6d11d1910cf1,prca01,likert5,4,4,True,validated,0
eb337b98-90d2-4b26-aa08-6d11d1910cf1,prca02,likert5,3,3,True,validated,1
eb337b98-90d2-4b26-aa08-6d11d1910cf1,prca03,likert5,1,1,True,validated,0
eb337b98-90d2-4b26-aa08-6d11d1910cf1,prca04,likert5,2,4,True,validated,1
eb337b98-90d2-4b26-aa08-6d11d1910cf1,prca05,likert5,1,1,True,validated,0
eb337b98-90d2-4b26-aa08-6d11d1910cf1,prca06,likert5,1,5,True,validated,1
eb337b98-90d2-4b26-aa08-6d11d1910cf1,prca13,likert5,4,4,True,validated,0
eb337b98-90d2-4b26-aa08-6d11d1910cf1,prca14,likert5,1,5,True,validated,1
eb337b98-90d2-4b26-aa08-6d11d1910cf1,prca15,likert5,4,4,True,validated,0
eb337b98-90d2-4b26-aa08-6d11d1910cf1,prca16,likert5,2,4,True,validated,1
eb337b98-90d2-4b26-aa08-6d11d1910cf1,prca17,likert5,4,2,True,validated,1
eb337b98-90d2-4b26-aa08-6d11d1910cf1,prca18,likert5,1,1,True,validated,0
935a97da-108a-478f-8cf8-0d0cd5308540,prca01,likert5,2,2,True,validated,0
935a97da-108a-478f-8cf8-0d0cd5308540,prca02,likert5,2,4,True,validated,1
935a97da-108a-478f-8cf8-0d0cd5308540,prca03,likert5,1,1,True,validated,0
935a97da-108a-478f-8cf8-0d0cd5308540,prca04,likert5,4,2,True,validated,1
935a97da-108a-478f-8cf8-0d0cd5308540,prca05,likert5,1,1,True,validated,0
935a97da-108a-478f-8cf8-0d0cd5308540,prca06,likert5,1,5,True,validated,1
935a97da-108a-478f-8cf8-0d0cd5308540,prca13,likert5,1,1,True,validated,0
935a97da-108a-478f-8cf8-0d0cd5308540,prca14,likert5,4,2,True,validated,1
935a97da-108a-478f-8cf8-0d0cd5308540,prca15,likert5,1,1,True,validated,0
935a97da-108a-478f-8cf8-0d0cd5308540,prca16,likert5,1,5,True,validated,1
935a97da-108a-478f-8cf8-0d0cd5308540,prca17,likert5,2,4,True,validated,1
935a97da-108a-478f-8cf8-0d0cd5308540,prca18,likert5,1,1,True,validated,0
9aab40eb-5a36-4f40-8d8b-bd969e29efff,prca01,likert5,4,4,True,validated,0
9aab40eb-5a36-4f40-8d8b-bd969e29efff,prca02,likert5,1,5,True,validated,1
9aab40eb-5a36-4f40-8d8b-bd969e29efff,prca03,likert5,1,1,True,validated,0
9aab40eb-5a36-4f40-8d8b-bd969e29efff,prca04,likert5,2,4,True,validated,1
9aab40eb-5a36-4f40-8d8b-bd969e29efff,prca05,likert5,4,4,True,validated,0
9aab40eb-5a36-4f40-8d8b-bd969e29efff,prca06,likert5,3,3,True,validated,1
9aab40eb-5a36-4f40-8d8b-bd969e29efff,prca13,likert5,1,1,True,validated,0
9aab40eb-5a36-4f40-8d8b-bd969e29efff,prca14,likert5,1,5,True,validated,1
9aab40eb-5a36-4f40-8d8b-bd969e29efff,prca15,likert5,1,1,True,validated,0
9aab40eb-5a36-4f40-8d8b-bd969e29efff,prca16,likert5,2,4,True,validated,1
9aab40eb-5a36-4f40-8d8b-bd969e29efff,prca17,likert5,1,5,True,validated,1
9aab40eb-5a36-4f40-8d8b-bd969e29efff,prca18,likert5,1,1,True,validated,0
60dc2ae9-22e3-4426-acad-c10b48f8a3e4,prca01,likert5,4,4,True,validated,0
60dc2ae9-22e3-4426-acad-c10b48f8a3e4,prca02,likert5,1,5,True,validated,1
60dc2ae9-22e3-4426-acad-c10b48f8a3e4,prca03,likert5,1,1,True,validated,0
60dc2ae9-22e3-4426-acad-c10b48f8a3e4,prca04,likert5,1,5,True,validated,1
60dc2ae9-22e3-4426-acad-c10b48f8a3e4,prca05,likert5,1,1,True,validated,0
60dc2ae9-22e3-4426-acad-c10b48f8a3e4,prca06,likert5,1,5,True,validated,1
60dc2ae9-22e3-4426-acad-c10b48f8a3e4,prca13,likert5,1,1,True,validated,0
60dc2ae9-22e3-4426-acad-c10b48f8a3e4,prca14,likert5,1,5,True,validated,1
60dc2ae9-22e3-4426-acad-c10b48f8a3e4,prca15,likert5,1,1,True,validated,0
60dc2ae9-22e3-4426-acad-c10b48f8a3e4,prca16,likert5,1,5,True,validated,1
60dc2ae9-22e3-4426-acad-c10b48f8a3e4,prca17,likert5,1,5,True,validated,1
60dc2ae9-22e3-4426-acad-c10b48f8a3e4,prca18,likert5,1,1,True,validated,0
d71a0f1d-c352-43c8-be0f-57d98ef929e4,prca01,likert5,4,4,True,validated,0
d71a0f1d-c352-43c8-be0f-57d98ef929e4,prca02,likert5,1,5,True,validated,1
d71a0f1d-c352-43c8-be0f-57d98ef929e4,prca03,likert5,1,1,True,validated,0
d71a0f1d-c352-43c8-be0f-57d98ef929e4,prca04,likert5,4,2,True,validated,1
d71a0f1d-c352-43c8-be0f-57d98ef929e4,prca05,likert5,1,1,True,validated,0
d71a0f1d-c352-43c8-be0f-57d98ef929e4,prca06,likert5,1,5,True,validated,1
d71a0f1d-c352-43c8-be0f-57d98ef929e4,prca13,likert5,1,1,True,validated,0
d71a0f1d-c352-43c8-be0f-57d98ef929e4,prca14,likert5,1,5,True,validated,1
d71a0f1d-c352-43c8-be0f-57d98ef929e4,prca15,likert5,1,1,True,validated,0
d71a0f1d-c352-43c8-be0f-57d98ef929e4,prca16,likert5,1,5,True,validated,1
d71a0f1d-c352-43c8-be0f-57d98ef929e4,prca17,likert5,1,5,True,validated,1
d71a0f1d-c352-43c8-be0f-57d98ef929e4,prca18,likert5,1,1,True,validated,0
170c8441-9112-4a40-ac51-ee96a12f8875,prca01,likert5,4,4,True,validated,0
170c8441-9112-4a40-ac51-ee96a12f8875,prca02,likert5,1,5,True,validated,1
170c8441-9112-4a40-ac51-ee96a12f8875,prca03,likert5,4,4,True,validated,0
170c8441-9112-4a40-ac51-ee96a12f8875,prca04,likert5,4,2,True,validated,1
170c8441-9112-4a40-ac51-ee96a12f8875,prca05,likert5,1,1,True,validated,0
170c8441-9112-4a40-ac51-ee96a12f8875,prca06,likert5,1,5,True,validated,1
170c8441-9112-4a40-ac51-ee96a12f8875,prca13,likert5,1,1,True,validated,0
170c8441-9112-4a40-ac51-ee96a12f8875,prca14,likert5,2,4,True,validated,1
170c8441-9112-4a40-ac51-ee96a12f8875,prca15,likert5,1,1,True,validated,0
170c8441-9112-4a40-ac51-ee96a12f8875,prca16,likert5,4,2,True,validated,1
170c8441-9112-4a40-ac51-ee96a12f8875,prca17,likert5,1,5,True,validated,1
170c8441-9112-4a40-ac51-ee96a12f8875,prca18,likert5,1,1,True,validated,0
0f8f39a7-1372-4427-b840-9b4a9a8bfe1d,prca01,likert5,4,4,True,validated,0
0f8f39a7-1372-4427-b840-9b4a9a8bfe1d,prca02,likert5,1,5,True,validated,1
0f8f39a7-1372-4427-b840-9b4a9a8bfe1d,prca03,likert5,1,1,True,validated,0
0f8f39a7-1372-4427-b840-9b4a9a8bfe1d,prca04,likert5,1,5,True,validated,1
0f8f39a7-1372-4427-b840-9b4a9a8bfe1d,prca05,likert5,1,1,True,validated,0
0f8f39a7-1372-4427-b840-9b4a9a8bfe1d,prca06,likert5,4,2,True,validated,1
0f8f39a7-1372-4427-b840-9b4a9a8bfe1d,prca13,likert5,1,1,True,validated,0
0f8f39a7-1372-4427-b840-9b4a9a8bfe1d,prca14,likert5,4,2,True,validated,1
0f8f39a7-1372-4427-b840-9b4a9a8bfe1d,prca15,likert5,4,4,True,validated,0
0f8f39a7-1372-4427-b840-9b4a9a8bfe1d,prca16,likert5,1,5,True,validated,1
0f8f39a7-1372-4427-b840-9b4a9a8bfe1d,prca17,likert5,1,5,True,validated,1
0f8f39a7-1372-4427-b840-9b4a9a8bfe1d,prca18,likert5,3,3,True,validated,0
5f05128f-d1f4-4c13-a1b2-1ff0458e83dc,prca01,likert5,4,4,True,validated,0
5f05128f-d1f4-4c13-a1b2-1ff0458e83dc,prca02,likert5,1,5,True,validated,1
5f05128f-d1f4-4c13-a1b2-1ff0458e83dc,prca03,likert5,4,4,True,validated,0
5f05128f-d1f4-4c13-a1b2-1ff0458e83dc,prca04,likert5,2,4,True,validated,1
5f05128f-d1f4-4c13-a1b2-1ff0458e83dc,prca05,likert5,1,1,True,validated,0
5f05128f-d1f4-4c13-a1b2-1ff0458e83dc,prca06,likert5,1,5,True,validated,1
5f05128f-d1f4-4c13-a1b2-1ff0458e83dc,prca13,likert5,4,4,True,validated,0
5f05128f-d1f4-4c13-a1b2-1ff0458e83dc,prca14,likert5,2,4,True,validated,1
5f05128f-d1f4-4c13-a1b2-1ff0458e83dc,prca15,likert5,1,1,True,validated,0
5f05128f-d1f4-4c13-a1b2-1ff0458e83dc,prca16,likert5,4,2,True,validated,1
5f05128f-d1f4-4c13-a1b2-1ff0458e83dc,prca17,likert5,4,2,True,validated,1
5f05128f-d1f4-4c13-a1b2-1ff0458e83dc,prca18,likert5,1,1,True,validated,0
42751dba-8da0-4294-80bb-21782ed2f748,prca01,likert5,3,3,True,validated,0
42751dba-8da0-4294-80bb-21782ed2f748,prca02,likert5,4,2,True,validated,1
42751dba-8da0-4294-80bb-21782ed2f748,prca03,likert5,4,4,True,validated,0
42751dba-8da0-4294-80bb-21782ed2f748,prca04,likert5,1,5,True,validated,1
42751dba-8da0-4294-80bb-21782ed2f748,prca05,likert5,1,1,True,validated,0
42751dba-8da0-4294-80bb-21782ed2f748,prca06,likert5,1,5,True,validated,1
42751dba-8da0-4294-80bb-21782ed2f748,prca13,likert5,1,1,True,validated,0
42751dba-8da0-4294-80bb-21782ed2f748,prca14,likert5,4,2,True,validated,1
42751dba-8da0-4294-80bb-21782ed2f748,prca15,likert5,1,1,True,validated,0
42751dba-8da0-4294-80bb-21782ed2f748,prca16,likert5,1,5,True,validated,1
42751dba-8da0-4294-80bb-21782ed2f748,prca17,likert5,1,5,True,validated,1
42751dba-8da0-4294-80bb-21782ed2f748,prca18,likert5,1,1,True,validated,0
08e829d3-72fd-4ee4-bcb5-220fd5b5e6bb,prca01,likert5,4,4,True,validated,0
08e829d3-72fd-4ee4-bcb5-220fd5b5e6bb,prca02,likert5,1,5,True,validated,1
08e829d3-72fd-4ee4-bcb5-220fd5b5e6bb,prca03,likert5,1,1,True,validated,0
08e829d3-72fd-4ee4-bcb5-220fd5b5e6bb,prca04,likert5,1,5,True,validated,1
08e829d3-72fd-4ee4-bcb5-220fd5b5e6bb,prca05,likert5,1,1,True,validated,0
08e829d3-72fd-4ee4-bcb5-220fd5b5e6bb,prca06,likert5,1,5,True,validated,1
08e829d3-72fd-4ee4-bcb5-220fd5b5e6bb,prca13,likert5,1,1,True,validated,0
08e829d3-72fd-4ee4-bcb5-220fd5b5e6bb,prca14,likert5,4,2,True,validated,1
08e829d3-72fd-4ee4-bcb5-220fd5b5e6bb,prca15,likert5,4,4,True,validated,0
08e829d3-72fd-4ee4-bcb5-220fd5b5e6bb,prca16,likert5,2,4,True,validated,1
08e829d3-72fd-4ee4-bcb5-220fd5b5e6bb,prca17,likert5,1,5,True,validated,1
08e829d3-72fd-4ee4-bcb5-220fd5b5e6bb,prca18,likert5,1,1,True,validated,0
6de7ff8b-16f5-4bea-89b2-5c1e4d16db65,prca01,likert5,1,1,True,validated,0
6de7ff8b-16f5-4bea-89b2-5c1e4d16db65,prca02,likert5,1,5,True,validated,1
6de7ff8b-16f5-4bea-89b2-5c1e4d16db65,prca03,likert5,1,1,True,validated,0
6de7ff8b-16f5-4bea-89b2-5c1e4d16db65,prca04,likert5,3,3,True,validated,1
6de7ff8b-16f5-4bea-89b2-5c1e4d16db65,prca05,likert5,1,1,True,validated,0
6de7ff8b-16f5-4bea-89b2-5c1e4d16db65,prca06,likert5,2,4,True,validated,1
6de7ff8b-16f5-4bea-89b2-5c1e4d16db65,prca13,likert5,1,1,True,validated,0
6de7ff8b-16f5-4bea-89b2-5c1e4d16db65,prca14,likert5,2,4,True,validated,1
6de7ff8b-16f5-4bea-89b2-5c1e4d16db65,prca15,likert5,4,4,True,validated,0
6de7ff8b-16f5-4bea-89b2-5c1e4d16db65,prca16,likert5,1,5,True,validated,1
6de7ff8b-16f5-4bea-89b2-5c1e4d16db65,prca17,likert5,2,4,True,validated,1
6de7ff8b-16f5-4bea-89b2-5c1e4d16db65,prca18,likert5,1,1,True,validated,0
4b7cd5ee-a59e-468f-950f-780d06d451e2,prca01,likert5,1,1,True,validated,0
4b7cd5ee-a59e-468f-950f-780d06d451e2,prca02,likert5,1,5,True,validated,1
4b7cd5ee-a59e-468f-950f-780d06d451e2,prca03,likert5,1,1,True,validated,0
4b7cd5ee-a59e-468f-950f-780d06d451e2,prca04,likert5,1,5,True,validated,1
4b7cd5ee-a59e-468f-950f-780d06d451e2,prca05,likert5,1,1,True,validated,0
4b7cd5ee-a59e-468f-950f-780d06d451e2,prca06,likert5,1,5,True,validated,1
4b7cd5ee-a59e-468f-950f-780d06d451e2,prca13,likert5,1,1,True,validated,0
4b7cd5ee-a59e-468f-950f-780d06d451e2,prca14,likert5,1,5,True,validated,1
4b7cd5ee-a59e-468f-950f-780d06d451e2,prca15,likert5,1,1,True,validated,0
4b7cd5ee-a59e-468f-950f-780d06d451e2,prca16,likert5,1,5,True,validated,1
4b7cd5ee-a59e-468f-950f-780d06d451e2,prca17,likert5,1,5,True,validated,1
4b7cd5ee-a59e-468f-950f-780d06d451e2,prca18,likert5,1,1,True,validated,0
7f3d6a7c-f90d-4019-a774-c90c1fe8e7f0,prca01,likert5,1,1,True,validated,0
7f3d6a7c-f90d-4019-a774-c90c1fe8e7f0,prca02,likert5,1,5,True,validated,1
7f3d6a7c-f90d-4019-a774-c90c1fe8e7f0,prca03,likert5,1,1,True,validated,0
7f3d6a7c-f90d-4019-a774-c90c1fe8e7f0,prca04,likert5,1,5,True,validated,1
7f3d6a7c-f90d-4019-a774-c90c1fe8e7f0,prca05,likert5,1,1,True,validated,0
7f3d6a7c-f90d-4019-a774-c90c1fe8e7f0,prca06,likert5,2,4,True,validated,1
7f3d6a7c-f90d-4019-a774-c90c1fe8e7f0,prca13,likert5,1,1,True,validated,0
7f3d6a7c-f90d-4019-a774-c90c1fe8e7f0,prca14,likert5,2,4,True,validated,1
7f3d6a7c-f90d-4019-a774-c90c1fe8e7f0,prca15,likert5,1,1,True,validated,0
7f3d6a7c-f90d-4019-a774-c90c1fe8e7f0,prca16,likert5,1,5,True,validated,1
7f3d6a7c-f90d-4019-a774-c90c1fe8e7f0,prca17,likert5,4,2,True,validated,1
7f3d6a7c-f90d-4019-a774-c90c1fe8e7f0,prca18,likert5,1,1,True,validated,0
a68f2de0-fe54-492a-bec3-7dc67cd17adf,prca01,likert5,4,4,True,validated,0
a68f2de0-fe54-492a-bec3-7dc67cd17adf,prca02,likert5,1,5,True,validated,1
a68f2de0-fe54-492a-bec3-7dc67cd17adf,prca03,likert5,1,1,True,validated,0
a68f2de0-fe54-492a-bec3-7dc67cd17adf,prca04,likert5,2,4,True,validated,1
a68f2de0-fe54-492a-bec3-7dc67cd17adf,prca05,likert5,1,1,True,validated,0
a68f2de0-fe54-492a-bec3-7dc67cd17adf,prca06,likert5,1,5,True,validated,1
a68f2de0-fe54-492a-bec3-7dc67cd17adf,prca13,likert5,1,1,True,validated,0
a68f2de0-fe54-492a-bec3-7dc67cd17adf,prca14,likert5,4,2,True,validated,1
a68f2de0-fe54-492a-bec3-7dc67cd17adf,prca15,likert5,1,1,True,validated,0
a68f2de0-fe54-492a-bec3-7dc67cd17adf,prca16,likert5,1,5,True,validated,1
a68f2de0-fe54-492a-bec3-7dc67cd17adf,prca17,likert5,1,5,True,validated,1
a68f2de0-fe54-492a-bec3-7dc67cd17adf,prca18,likert5,4,4,True,validated,0
dbe7062e-b624-4f5e-9ea1-ca7c6c32cd25,prca01,likert5,4,4,True,validated,0
dbe7062e-b624-4f5e-9ea1-ca7c6c32cd25,prca02,likert5,2,4,True,validated,1
dbe7062e-b624-4f5e-9ea1-ca7c6c32cd25,prca03,likert5,1,1,True,validated,0
dbe7062e-b624-4f5e-9ea1-ca7c6c32cd25,prca04,likert5,1,5,True,validated,1
dbe7062e-b624-4f5e-9ea1-ca7c6c32cd25,prca05,likert5,1,1,True,validated,0
dbe7062e-b624-4f5e-9ea1-ca7c6c32cd25,prca06,likert5,1,5,True,validated,1
dbe7062e-b624-4f5e-9ea1-ca7c6c32cd25,prca13,likert5,1,1,True,validated,0
dbe7062e-b624-4f5e-9ea1-ca7c6c32cd25,prca14,likert5,4,2,True,validated,1
dbe7062e-b624-4f5e-9ea1-ca7c6c32cd25,prca15,likert5,2,2,True,validated,0
dbe7062e-b624-4f5e-9ea1-ca7c6c32cd25,prca16,likert5,1,5,True,validated,1
dbe7062e-b624-4f5e-9ea1-ca7c6c32cd25,prca17,likert5,1,5,True,validated,1
dbe7062e-b624-4f5e-9ea1-ca7c6c32cd25,prca18,likert5,1,1,True,validated,0
bce8ecdc-fa2d-4f9c-b954-374bf4edb392,prca01,likert5,1,1,True,validated,0
bce8ecdc-fa2d-4f9c-b954-374bf4edb392,prca02,likert5,2,4,True,validated,1
bce8ecdc-fa2d-4f9c-b954-374bf4edb392,prca03,likert5,4,4,True,validated,0
bce8ecdc-fa2d-4f9c-b954-374bf4edb392,prca04,likert5,2,4,True,validated,1
bce8ecdc-fa2d-4f9c-b954-374bf4edb392,prca05,likert5,1,1,True,validated,0
bce8ecdc-fa2d-4f9c-b954-374bf4edb392,prca06,likert5,1,5,True,validated,1
bce8ecdc-fa2d-4f9c-b954-374bf4edb392,prca13,likert5,2,2,True,validated,0
bce8ecdc-fa2d-4f9c-b954-374bf4edb392,prca14,likert5,2,4,True,validated,1
bce8ecdc-fa2d-4f9c-b954-374bf4edb392,prca15,likert5,1,1,True,validated,0
bce8ecdc-fa2d-4f9c-b954-374bf4edb392,prca16,likert5,1,5,True,validated,1
bce8ecdc-fa2d-4f9c-b954-374bf4edb392,prca17,likert5,1,5,True,validated,1
bce8ecdc-fa2d-4f9c-b954-374bf4edb392,prca18,likert5,4,4,True,validated,0
4fdb703b-7e31-4d02-b557-14956392c349,prca01,likert5,4,4,True,validated,0
4fdb703b-7e31-4d02-b557-14956392c349,prca02,likert5,2,4,True,validated,1
4fdb703b-7e31-4d02-b557-14956392c349,prca03,likert5,1,1,True,validated,0
4fdb703b-7e31-4d02-b557-14956392c349,prca04,likert5,1,5,True,validated,1
4fdb703b-7e31-4d02-b557-14956392c349,prca05,likert5,1,1,True,validated,0
4fdb703b-7e31-4d02-b557-14956392c349,prca06,likert5,4,2,True,validated,1
4fdb703b-7e31-4d02-b557-14956392c349,prca13,likert5,1,1,True,validated,0
4fdb703b-7e31-4d02-b557-14956392c349,prca14,likert5,4,2,True,validated,1
4fdb703b-7e31-4d02-b557-14956392c349,prca15,likert5,4,4,True,validated,0
4fdb703b-7e31-4d02-b557-14956392c349,prca16,likert5,1,5,True,validated,1
4fdb703b-7e31-4d02-b557-14956392c349,prca17,likert5,2,4,True,validated,1
4fdb703b-7e31-4d02-b557-14956392c349,prca18,likert5,1,1,True,validated,0
2ef4bda4-a7bc-4f84-be79-150dbed70cc9,prca01,likert5,4,4,True,validated,0
2ef4bda4-a7bc-4f84-be79-150dbed70cc9,prca02,likert5,1,5,True,validated,1
2ef4bda4-a7bc-4f84-be79-150dbed70cc9,prca03,likert5,2,2,True,validated,0
2ef4bda4-a7bc-4f84-be79-150dbed70cc9,prca04,likert5,4,2,True,validated,1
2ef4bda4-a7bc-4f84-be79-150dbed70cc9,prca05,likert5,1,1,True,validated,0
2ef4bda4-a7bc-4f84-be79-150dbed70cc9,prca06,likert5,4,2,True,validated,1
2ef4bda4-a7bc-4f84-be79-150dbed70cc9,prca13,likert5,2,2,True,validated,0
2ef4bda4-a7bc-4f84-be79-150dbed70cc9,prca14,likert5,4,2,True,validated,1
2ef4bda4-a7bc-4f84-be79-150dbed70cc9,prca15,likert5,4,4,True,validated,0
2ef4bda4-a7bc-4f84-be79-150dbed70cc9,prca16,likert5,1,5,True,validated,1
2ef4bda4-a7bc-4f84-be79-150dbed70cc9,prca17,likert5,1,5,True,validated,1
2ef4bda4-a7bc-4f84-be79-150dbed70cc9,prca18,likert5,1,1,True,validated,0
be88036f-b1ad-4d8e-83ee-6b4118cb1861,prca01,likert5,1,1,True,validated,0
be88036f-b1ad-4d8e-83ee-6b4118cb1861,prca02,likert5,1,5,True,validated,1
be88036f-b1ad-4d8e-83ee-6b4118cb1861,prca03,likert5,1,1,True,validated,0
be88036f-b1ad-4d8e-83ee-6b4118cb1861,prca04,likert5,2,4,True,validated,1
be88036f-b1ad-4d8e-83ee-6b4118cb1861,prca05,likert5,4,4,True,validated,0
be88036f-b1ad-4d8e-83ee-6b4118cb1861,prca06,likert5,2,4,True,validated,1
be88036f-b1ad-4d8e-83ee-6b4118cb1861,prca13,likert5,1,1,True,validated,0
be88036f-b1ad-4d8e-83ee-6b4118cb1861,prca14,likert5,4,2,True,validated,1
be88036f-b1ad-4d8e-83ee-6b4118cb1861,prca15,likert5,1,1,True,validated,0
be88036f-b1ad-4d8e-83ee-6b4118cb1861,prca16,likert5,1,5,True,validated,1
be88036f-b1ad-4d8e-83ee-6b4118cb1861,prca17,likert5,1,5,True,validated,1
be88036f-b1ad-4d8e-83ee-6b4118cb1861,prca18,likert5,1,1,True,validated,0
e9109b79-6402-4e00-a394-55f4c6eacf97,prca01,likert5,2,2,True,validated,0
e9109b79-6402-4e00-a394-55f4c6eacf97,prca02,likert5,4,2,True,validated,1
e9109b79-6402-4e00-a394-55f4c6eacf97,prca03,likert5,1,1,True,validated,0
e9109b79-6402-4e00-a394-55f4c6eacf97,prca04,likert5,2,4,True,validated,1
e9109b79-6402-4e00-a394-55f4c6eacf97,prca05,likert5,4,4,True,validated,0
e9109b79-6402-4e00-a394-55f4c6eacf97,prca06,likert5,1,5,True,validated,1
e9109b79-6402-4e00-a394-55f4c6eacf97,prca13,likert5,4,4,True,validated,0
e9109b79-6402-4e00-a394-55f4c6eacf97,prca14,likert5,4,2,True,validated,1
e9109b79-6402-4e00-a394-55f4c6eacf97,prca15,likert5,1,1,True,validated,0
e9109b79-6402-4e00-a394-55f4c6eacf97,prca16,likert5,1,5,True,validated,1
e9109b79-6402-4e00-a394-55f4c6eacf97,prca17,likert5,1,5,True,validated,1
e9109b79-6402-4e00-a394-55f4c6eacf97,prca18,likert5,1,1,True,validated,0
06bdc4b2-4cb2-46bc-8f83-8b010a7c75dd,prca01,likert5,4,4,True,validated,0
06bdc4b2-4cb2-46bc-8f83-8b010a7c75dd,prca02,likert5,2,4,True,validated,1
06bdc4b2-4cb2-46bc-8f83-8b010a7c75dd,prca03,likert5,4,4,True,validated,0
06bdc4b2-4cb2-46bc-8f83-8b010a7c75dd,prca04,likert5,2,4,True,validated,1
06bdc4b2-4cb2-46bc-8f83-8b010a7c75dd,prca05,likert5,4,4,True,validated,0
06bdc4b2-4cb2-46bc-8f83-8b010a7c75dd,prca06,likert5,1,5,True,validated,1
06bdc4b2-4cb2-46bc-8f83-8b010a7c75dd,prca13,likert5,2,2,True,validated,0
06bdc4b2-4cb2-46bc-8f83-8b010a7c75dd,prca14,likert5,2,4,True,validated,1
06bdc4b2-4cb2-46bc-8f83-8b010a7c75dd,prca15,likert5,1,1,True,validated,0
06bdc4b2-4cb2-46bc-8f83-8b010a7c75dd,prca16,likert5,1,5,True,validated,1
06bdc4b2-4cb2-46bc-8f83-8b010a7c75dd,prca17,likert5,1,5,True,validated,1
06bdc4b2-4cb2-46bc-8f83-8b010a7c75dd,prca18,likert5,1,1,True,validated,0
8b4b16fd-a640-452e-8ae6-aa34214dcebd,prca01,likert5,1,1,True,validated,0
8b4b16fd-a640-452e-8ae6-aa34214dcebd,prca02,likert5,3,3,True,validated,1
8b4b16fd-a640-452e-8ae6-aa34214dcebd,prca03,likert5,1,1,True,validated,0
8b4b16fd-a640-452e-8ae6-aa34214dcebd,prca04,likert5,1,5,True,validated,1
8b4b16fd-a640-452e-8ae6-aa34214dcebd,prca05,likert5,1,1,True,validated,0
8b4b16fd-a640-452e-8ae6-aa34214dcebd,prca06,likert5,2,4,True,validated,1
8b4b16fd-a640-452e-8ae6-aa34214dcebd,prca13,likert5,3,3,True,validated,0
8b4b16fd-a640-452e-8ae6-aa34214dcebd,prca14,likert5,4,2,True,validated,1
8b4b16fd-a640-452e-8ae6-aa34214dcebd,prca15,likert5,4,4,True,validated,0
8b4b16fd-a640-452e-8ae6-aa34214dcebd,prca16,likert5,3,3,True,validated,1
8b4b16fd-a640-452e-8ae6-aa34214dcebd,prca17,likert5,1,5,True,validated,1
8b4b16fd-a640-452e-8ae6-aa34214dcebd,prca18,likert5,2,2,True,validated,0
71ab100d-3fd4-485a-ad73-caf2ea575898,prca01,likert5,1,1,True,validated,0
71ab100d-3fd4-485a-ad73-caf2ea575898,prca02,likert5,2,4,True,validated,1
71ab100d-3fd4-485a-ad73-caf2ea575898,prca03,likert5,1,1,True,validated,0
71ab100d-3fd4-485a-ad73-caf2ea575898,prca04,likert5,2,4,True,validated,1
71ab100d-3fd4-485a-ad73-caf2ea575898,prca05,likert5,1,1,True,validated,0
71ab100d-3fd4-485a-ad73-caf2ea575898,prca06,likert5,1,5,True,validated,1
71ab100d-3fd4-485a-ad73-caf2ea575898,prca13,likert5,4,4,True,validated,0
71ab100d-3fd4-485a-ad73-caf2ea575898,prca14,likert5,1,5,True,validated,1
71ab100d-3fd4-485a-ad73-caf2ea575898,prca15,likert5,1,1,True,validated,0
71ab100d-3fd4-485a-ad73-caf2ea575898,prca16,likert5,1,5,True,validated,1
71ab100d-3fd4-485a-ad73-caf2ea575898,prca17,likert5,1,5,True,validated,1
71ab100d-3fd4-485a-ad73-caf2ea575898,prca18,likert5,4,4,True,validated,0
6a079be5-3793-463e-bfef-1496e7f744a8,prca01,likert5,1,1,True,validated,0
6a079be5-3793-463e-bfef-1496e7f744a8,prca02,likert5,2,4,True,validated,1
6a079be5-3793-463e-bfef-1496e7f744a8,prca03,likert5,1,1,True,validated,0
6a079be5-3793-463e-bfef-1496e7f744a8,prca04,likert5,4,2,True,validated,1
6a079be5-3793-463e-bfef-1496e7f744a8,prca05,likert5,1,1,True,validated,0
6a079be5-3793-463e-bfef-1496e7f744a8,prca06,likert5,1,5,True,validated,1
6a079be5-3793-463e-bfef-1496e7f744a8,prca13,likert5,1,1,True,validated,0
6a079be5-3793-463e-bfef-1496e7f744a8,prca14,likert5,1,5,True,validated,1
6a079be5-3793-463e-bfef-1496e7f744a8,prca15,likert5,1,1,True,validated,0
6a079be5-3793-463e-bfef-1496e7f744a8,prca16,likert5,1,5,True,validated,1
6a079be5-3793-463e-bfef-1496e7f744a8,prca17,likert5,4,2,True,validated,1
6a079be5-3793-463e-bfef-1496e7f744a8,prca18,likert5,4,4,True,validated,0
26f0c23f-91e1-42de-a699-fdfbebd66da8,prca01,likert5,1,1,True,validated,0
26f0c23f-91e1-42de-a699-fdfbebd66da8,prca02,likert5,1,5,True,validated,1
26f0c23f-91e1-42de-a699-fdfbebd66da8,prca03,likert5,4,4,True,validated,0
26f0c23f-91e1-42de-a699-fdfbebd66da8,prca04,likert5,1,5,True,validated,1
26f0c23f-91e1-42de-a699-fdfbebd66da8,prca05,likert5,4,4,True,validated,0
26f0c23f-91e1-42de-a699-fdfbebd66da8,prca06,likert5,1,5,True,validated,1
26f0c23f-91e1-42de-a699-fdfbebd66da8,prca13,likert5,2,2,True,validated,0
26f0c23f-91e1-42de-a699-fdfbebd66da8,prca14,likert5,1,5,True,validated,1
26f0c23f-91e1-42de-a699-fdfbebd66da8,prca15,likert5,1,1,True,validated,0
26f0c23f-91e1-42de-a699-fdfbebd66da8,prca16,likert5,1,5,True,validated,1
26f0c23f-91e1-42de-a699-fdfbebd66da8,prca17,likert5,2,4,True,validated,1
26f0c23f-91e1-42de-a699-fdfbebd66da8,prca18,likert5,4,4,True,validated,0
c4b2dbde-c517-4704-860c-1579d2a8b279,prca01,likert5,4,4,True,validated,0
c4b2dbde-c517-4704-860c-1579d2a8b279,prca02,likert5,1,5,True,validated,1
c4b2dbde-c517-4704-860c-1579d2a8b279,prca03,likert5,1,1,True,validated,0
c4b2dbde-c517-4704-860c-1579d2a8b279,prca04,likert5,2,4,True,validated,1
c4b2dbde-c517-4704-860c-1579d2a8b279,prca05,likert5,1,1,True,validated,0
c4b2dbde-c517-4704-860c-1579d2a8b279,prca06,likert5,3,3,True,validated,1
c4b2dbde-c517-4704-860c-1579d2a8b279,prca13,likert5,1,1,True,validated,0
c4b2dbde-c517-4704-860c-1579d2a8b279,prca14,likert5,2,4,True,validated,1
c4b2dbde-c517-4704-860c-1579d2a8b279,prca15,likert5,1,1,True,validated,0
c4b2dbde-c517-4704-860c-1579d2a8b279,prca16,likert5,2,4,True,validated,1
c4b2dbde-c517-4704-860c-1579d2a8b279,prca17,likert5,2,4,True,validated,1
c4b2dbde-c517-4704-860c-1579d2a8b279,prca18,likert5,4,4,True,validated,0
f1cb3fe1-9afa-490d-848b-71d0e75835c4,prca01,likert5,1,1,True,validated,0
f1cb3fe1-9afa-490d-848b-71d0e75835c4,prca02,likert5,4,2,True,validated,1
f1cb3fe1-9afa-490d-848b-71d0e75835c4,prca03,likert5,1,1,True,validated,0
f1cb3fe1-9afa-490d-848b-71d0e75835c4,prca04,likert5,2,4,True,validated,1
f1cb3fe1-9afa-490d-848b-71d0e75835c4,prca05,likert5,1,1,True,validated,0
f1cb3fe1-9afa-490d-848b-71d0e75835c4,prca06,likert5,3,3,True,validated,1
f1cb3fe1-9afa-490d-848b-71d0e75835c4,prca13,likert5,1,1,True,validated,0
f1cb3fe1-9afa-490d-848b-71d0e75835c4,prca14,likert5,1,5,True,validated,1
f1cb3fe1-9afa-490d-848b-71d0e75835c4,prca15,likert5,1,1,True,validated,0
f1cb3fe1-9afa-490d-848b-71d0e75835c4,prca16,likert5,1,5,True,validated,1
f1cb3fe1-9afa-490d-848b-71d0e75835c4,prca17,likert5,1,5,True,validated,1
f1cb3fe1-9afa-490d-848b-71d0e75835c4,prca18,likert5,3,3,True,validated,0
67eb6817-e4c8-4066-a9f6-0790ab1fb86c,prca01,likert5,1,1,True,validated,0
67eb6817-e4c8-4066-a9f6-0790ab1fb86c,prca02,likert5,2,4,True,validated,1
67eb6817-e4c8-4066-a9f6-0790ab1fb86c,prca03,likert5,1,1,True,validated,0
67eb6817-e4c8-4066-a9f6-0790ab1fb86c,prca04,likert5,2,4,True,validated,1
67eb6817-e4c8-4066-a9f6-0790ab1fb86c,prca05,likert5,4,4,True,validated,0
67eb6817-e4c8-4066-a9f6-0790ab1fb86c,prca06,likert5,4,2,True,validated,1
67eb6817-e4c8-4066-a9f6-0790ab1fb86c,prca13,likert5,1,1,True,validated,0
67eb6817-e4c8-4066-a9f6-0790ab1fb86c,prca14,likert5,4,2,True,validated,1
67eb6817-e4c8-4066-a9f6-0790ab1fb86c,prca15,likert5,1,1,True,validated,0
67eb6817-e4c8-4066-a9f6-0790ab1fb86c,prca16,likert5,4,2,True,validated,1
67eb6817-e4c8-4066-a9f6-0790ab1fb86c,prca17,likert5,1,5,True,validated,1
67eb6817-e4c8-4066-a9f6-0790ab1fb86c,prca18,likert5,2,2,True,validated,0
00da171c-5c85-47d1-a3e7-3db52976ac1f,prca01,likert5,1,1,True,validated,0
00da171c-5c85-47d1-a3e7-3db52976ac1f,prca02,likert5,4,2,True,validated,1
00da171c-5c85-47d1-a3e7-3db52976ac1f,prca03,likert5,1,1,True,validated,0
00da171c-5c85-47d1-a3e7-3db52976ac1f,prca04,likert5,2,4,True,validated,1
00da171c-5c85-47d1-a3e7-3db52976ac1f,prca05,likert5,1,1,True,validated,0
00da171c-5c85-47d1-a3e7-3db52976ac1f,prca06,likert5,1,5,True,validated,1
00da171c-5c85-47d1-a3e7-3db52976ac1f,prca13,likert5,1,1,True,validated,0
00da171c-5c85-47d1-a3e7-3db52976ac1f,prca14,likert5,1,5,True,validated,1
00da171c-5c85-47d1-a3e7-3db52976ac1f,prca15,likert5,1,1,True,validated,0
00da171c-5c85-47d1-a3e7-3db52976ac1f,prca16,likert5,1,5,True,validated,1
00da171c-5c85-47d1-a3e7-3db52976ac1f,prca17,likert5,4,2,True,validated,1
00da171c-5c85-47d1-a3e7-3db52976ac1f,prca18,likert5,1,1,True,validated,0
d12198e1-6e22-4f33-94e4-bd96026185f4,prca01,likert5,1,1,True,validated,0
d12198e1-6e22-4f33-94e4-bd96026185f4,prca02,likert5,4,2,True,validated,1
d12198e1-6e22-4f33-94e4-bd96026185f4,prca03,likert5,1,1,True,validated,0
d12198e1-6e22-4f33-94e4-bd96026185f4,prca04,likert5,1,5,True,validated,1
d12198e1-6e22-4f33-94e4-bd96026185f4,prca05,likert5,2,2,True,validated,0
d12198e1-6e22-4f33-94e4-bd96026185f4,prca06,likert5,1,5,True,validated,1
d12198e1-6e22-4f33-94e4-bd96026185f4,prca13,likert5,1,1,True,validated,0
d12198e1-6e22-4f33-94e4-bd96026185f4,prca14,likert5,1,5,True,validated,1
d12198e1-6e22-4f33-94e4-bd96026185f4,prca15,likert5,1,1,True,validated,0
d12198e1-6e22-4f33-94e4-bd96026185f4,prca16,likert5,2,4,True,validated,1
d12198e1-6e22-4f33-94e4-bd96026185f4,prca17,likert5,2,4,True,validated,1
d12198e1-6e22-4f33-94e4-bd96026185f4,prca18,likert5,1,1,True,validated,0
dcc080ba-5521-4289-b26d-9a938f541438,prca01,likert5,4,4,True,validated,0
dcc080ba-5521-4289-b26d-9a938f541438,prca02,likert5,2,4,True,validated,1
dcc080ba-5521-4289-b26d-9a938f541438,prca03,likert5,1,1,True,validated,0
dcc080ba-5521-4289-b26d-9a938f541438,prca04,likert5,1,5,True,validated,1
dcc080ba-5521-4289-b26d-9a938f541438,prca05,likert5,1,1,True,validated,0
dcc080ba-5521-4289-b26d-9a938f541438,prca06,likert5,4,2,True,validated,1
dcc080ba-5521-4289-b26d-9a938f541438,prca13,likert5,2,2,True,validated,0
dcc080ba-5521-4289-b26d-9a938f541438,prca14,likert5,1,5,True,validated,1
dcc080ba-5521-4289-b26d-9a938f541438,prca15,likert5,1,1,True,validated,0
dcc080ba-5521-4289-b26d-9a938f541438,prca16,likert5,1,5,True,validated,1
dcc080ba-5521-4289-b26d-9a938f541438,prca17,likert5,1,5,True,validated,1
dcc080ba-5521-4289-b26d-9a938f541438,prca18,likert5,2,2,True,validated,0
a07982bd-cea8-47a0-96f9-b0744dd4cc68,prca01,likert5,1,1,True,validated,0
a07982bd-cea8-47a0-96f9-b0744dd4cc68,prca02,likert5,1,5,True,validated,1
a07982bd-cea8-47a0-96f9-b0744dd4cc68,prca03,likert5,2,2,True,validated,0
a07982bd-cea8-47a0-96f9-b0744dd4cc68,prca04,likert5,1,5,True,validated,1
a07982bd-cea8-47a0-96f9-b0744dd4cc68,prca05,likert5,4,4,True,validated,0
a07982bd-cea8-47a0-96f9-b0744dd4cc68,prca06,likert5,2,4,True,validated,1
a07982bd-cea8-47a0-96f9-b0744dd4cc68,prca13,likert5,1,1,True,validated,0
a07982bd-cea8-47a0-96f9-b0744dd4cc68,prca14,likert5,1,5,True,validated,1
a07982bd-cea8-47a0-96f9-b0744dd4cc68,prca15,likert5,1,1,True,validated,0
a07982bd-cea8-47a0-96f9-b0744dd4cc68,prca16,likert5,2,4,True,validated,1
a07982bd-cea8-47a0-96f9-b0744dd4cc68,prca17,likert5,1,5,True,validated,1
a07982bd-cea8-47a0-96f9-b0744dd4cc68,prca18,likert5,1,1,True,validated,0
9a0a0a43-32ee-4c13-b224-b223df12bb81,prca01,likert5,1,1,True,validated,0
9a0a0a43-32ee-4c13-b224-b223df12bb81,prca02,likert5,1,5,True,validated,1
9a0a0a43-32ee-4c13-b224-b223df12bb81,prca03,likert5,1,1,True,validated,0
9a0a0a43-32ee-4c13-b224-b223df12bb81,prca04,likert5,2,4,True,validated,1
9a0a0a43-32ee-4c13-b224-b223df12bb81,prca05,likert5,1,1,True,validated,0
9a0a0a43-32ee-4c13-b224-b223df12bb81,prca06,likert5,2,4,True,validated,1
9a0a0a43-32ee-4c13-b224-b223df12bb81,prca13,likert5,1,1,True,validated,0
9a0a0a43-32ee-4c13-b224-b223df12bb81,prca14,likert5,2,4,True,validated,1
9a0a0a43-32ee-4c13-b224-b223df12bb81,prca15,likert5,1,1,True,validated,0
9a0a0a43-32ee-4c13-b224-b223df12bb81,prca16,likert5,1,5,True,validated,1
9a0a0a43-32ee-4c13-b224-b223df12bb81,prca17,likert5,2,4,True,validated,1
9a0a0a43-32ee-4c13-b224-b223df12bb81,prca18,likert5,4,4,True,validated,0
cf2a8c7d-768c-41cb-86bd-6c8ff66224fe,prca01,likert5,1,1,True,validated,0
cf2a8c7d-768c-41cb-86bd-6c8ff66224fe,prca02,likert5,1,5,True,validated,1
cf2a8c7d-768c-41cb-86bd-6c8ff66224fe,prca03,likert5,4,4,True,validated,0
cf2a8c7d-768c-41cb-86bd-6c8ff66224fe,prca04,likert5,1,5,True,validated,1
cf2a8c7d-768c-41cb-86bd-6c8ff66224fe,prca05,likert5,1,1,True,validated,0
cf2a8c7d-768c-41cb-86bd-6c8ff66224fe,prca06,likert5,1,5,True,validated,1
cf2a8c7d-768c-41cb-86bd-6c8ff66224fe,prca13,likert5,4,4,True,validated,0
cf2a8c7d-768c-41cb-86bd-6c8ff66224fe,prca14,likert5,2,4,True,validated,1
cf2a8c7d-768c-41cb-86bd-6c8ff66224fe,prca15,likert5,1,1,True,validated,0
cf2a8c7d-768c-41cb-86bd-6c8ff66224fe,prca16,likert5,4,2,True,validated,1
cf2a8c7d-768c-41cb-86bd-6c8ff66224fe,prca17,likert5,4,2,True,validated,1
cf2a8c7d-768c-41cb-86bd-6c8ff66224fe,prca18,likert5,1,1,True,validated,0
dd0bb8f1-6126-4a61-b558-6443e7edc18c,prca01,likert5,2,2,True,validated,0
dd0bb8f1-6126-4a61-b558-6443e7edc18c,prca02,likert5,2,4,True,validated,1
dd0bb8f1-6126-4a61-b558-6443e7edc18c,prca03,likert5,4,4,True,validated,0
dd0bb8f1-6126-4a61-b558-6443e7edc18c,prca04,likert5,2,4,True,validated,1
dd0bb8f1-6126-4a61-b558-6443e7edc18c,prca05,likert5,1,1,True,validated,0
dd0bb8f1-6126-4a61-b558-6443e7edc18c,prca06,likert5,3,3,True,validated,1
dd0bb8f1-6126-4a61-b558-6443e7edc18c,prca13,likert5,4,4,True,validated,0
dd0bb8f1-6126-4a61-b558-6443e7edc18c,prca14,likert5,2,4,True,validated,1
dd0bb8f1-6126-4a61-b558-6443e7edc18c,prca15,likert5,1,1,True,validated,0
dd0bb8f1-6126-4a61-b558-6443e7edc18c,prca16,likert5,4,2,True,validated,1
dd0bb8f1-6126-4a61-b558-6443e7edc18c,prca17,likert5,1,5,True,validated,1
dd0bb8f1-6126-4a61-b558-6443e7edc18c,prca18,likert5,1,1,True,validated,0
1889a530-95ec-497a-85db-c153e7567068,prca01,likert5,2,2,True,validated,0
1889a530-95ec-497a-85db-c153e7567068,prca02,likert5,1,5,True,validated,1
1889a530-95ec-497a-85db-c153e7567068,prca03,likert5,2,2,True,validated,0
1889a530-95ec-497a-85db-c153e7567068,prca04,likert5,2,4,True,validated,1
1889a530-95ec-497a-85db-c153e7567068,prca05,likert5,1,1,True,validated,0
1889a530-95ec-497a-85db-c153e7567068,prca06,likert5,2,4,True,validated,1
1889a530-95ec-497a-85db-c153e7567068,prca13,likert5,4,4,True,validated,0
1889a530-95ec-497a-85db-c153e7567068,prca14,likert5,1,5,True,validated,1
1889a530-95ec-497a-85db-c153e7567068,prca15,likert5,2,2,True,validated,0
1889a530-95ec-497a-85db-c153e7567068,prca16,likert5,1,5,True,validated,1
1889a530-95ec-497a-85db-c153e7567068,prca17,likert5,2,4,True,validated,1
1889a530-95ec-497a-85db-c153e7567068,prca18,likert5,4,4,True,validated,0
b8b1cb51-48cc-426e-980a-ba9acd617534,prca01,likert5,1,1,True,validated,0
b8b1cb51-48cc-426e-980a-ba9acd617534,prca02,likert5,1,5,True,validated,1
b8b1cb51-48cc-426e-980a-ba9acd617534,prca03,likert5,1,1,True,validated,0
b8b1cb51-48cc-426e-980a-ba9acd617534,prca04,likert5,1,5,True,validated,1
b8b1cb51-48cc-426e-980a-ba9acd617534,prca05,likert5,4,4,True,validated,0
b8b1cb51-48cc-426e-980a-ba9acd617534,prca06,likert5,4,2,True,validated,1
b8b1cb51-48cc-426e-980a-ba9acd617534,prca13,likert5,1,1,True,validated,0
b8b1cb51-48cc-426e-980a-ba9acd617534,prca14,likert5,4,2,True,validated,1
b8b1cb51-48cc-426e-980a-ba9acd617534,prca15,likert5,1,1,True,validated,0
b8b1cb51-48cc-426e-980a-ba9acd617534,prca16,likert5,4,2,True,validated,1
b8b1cb51-48cc-426e-980a-ba9acd617534,prca17,likert5,1,5,True,validated,1
b8b1cb51-48cc-426e-980a-ba9acd617534,prca18,likert5,1,1,True,validated,0
00572cf1-ac9d-43e7-b10b-2e28408bf9bb,prca01,likert5,1,1,True,validated,0
00572cf1-ac9d-43e7-b10b-2e28408bf9bb,prca02,likert5,1,5,True,validated,1
00572cf1-ac9d-43e7-b10b-2e28408bf9bb,prca03,likert5,4,4,True,validated,0
00572cf1-ac9d-43e7-b10b-2e28408bf9bb,prca04,likert5,1,5,True,validated,1
00572cf1-ac9d-43e7-b10b-2e28408bf9bb,prca05,likert5,1,1,True,validated,0
00572cf1-ac9d-43e7-b10b-2e28408bf9bb,prca06,likert5,1,5,True,validated,1
00572cf1-ac9d-43e7-b10b-2e28408bf9bb,prca13,likert5,4,4,True,validated,0
00572cf1-ac9d-43e7-b10b-2e28408bf9bb,prca14,likert5,1,5,True,validated,1
00572cf1-ac9d-43e7-b10b-2e28408bf9bb,prca15,likert5,1,1,True,validated,0
00572cf1-ac9d-43e7-b10b-2e28408bf9bb,prca16,likert5,1,5,True,validated,1
00572cf1-ac9d-43e7-b10b-2e28408bf9bb,prca17,likert5,1,5,True,validated,1
00572cf1-ac9d-43e7-b10b-2e28408bf9bb,prca18,likert5,1,1,True,validated,0
e209e189-8906-482a-9eaf-25de69e5be14,prca01,likert5,4,4,True,validated,0
e209e189-8906-482a-9eaf-25de69e5be14,prca02,likert5,2,4,True,validated,1
e209e189-8906-482a-9eaf-25de69e5be14,prca03,likert5,4,4,True,validated,0
e209e189-8906-482a-9eaf-25de69e5be14,prca04,likert5,4,2,True,validated,1
e209e189-8906-482a-9eaf-25de69e5be14,prca05,likert5,4,4,True,validated,0
e209e189-8906-482a-9eaf-25de69e5be14,prca06,likert5,1,5,True,validated,1
e209e189-8906-482a-9eaf-25de69e5be14,prca13,likert5,1,1,True,validated,0
e209e189-8906-482a-9eaf-25de69e5be14,prca14,likert5,2,4,True,validated,1
e209e189-8906-482a-9eaf-25de69e5be14,prca15,likert5,1,1,True,validated,0
e209e189-8906-482a-9eaf-25de69e5be14,prca16,likert5,2,4,True,validated,1
e209e189-8906-482a-9eaf-25de69e5be14,prca17,likert5,1,5,True,validated,1
e209e189-8906-482a-9eaf-25de69e5be14,prca18,likert5,1,1,True,validated,0
0fb43c4f-2947-4e59-bc47-0d7a7200df4d,prca01,likert5,1,1,True,validated,0
0fb43c4f-2947-4e59-bc47-0d7a7200df4d,prca02,likert5,4,2,True,validated,1
0fb43c4f-2947-4e59-bc47-0d7a7200df4d,prca03,likert5,1,1,True,validated,0
0fb43c4f-2947-4e59-bc47-0d7a7200df4d,prca04,likert5,2,4,True,validated,1
0fb43c4f-2947-4e59-bc47-0d7a7200df4d,prca05,likert5,4,4,True,validated,0
0fb43c4f-2947-4e59-bc47-0d7a7200df4d,prca06,likert5,1,5,True,validated,1
0fb43c4f-2947-4e59-bc47-0d7a7200df4d,prca13,likert5,1,1,True,validated,0
0fb43c4f-2947-4e59-bc47-0d7a7200df4d,prca14,likert5,4,2,True,validated,1
0fb43c4f-2947-4e59-bc47-0d7a7200df4d,prca15,likert5,1,1,True,validated,0
0fb43c4f-2947-4e59-bc47-0d7a7200df4d,prca16,likert5,4,2,True,validated,1
0fb43c4f-2947-4e59-bc47-0d7a7200df4d,prca17,likert5,2,4,True,validated,1
0fb43c4f-2947-4e59-bc47-0d7a7200df4d,prca18,likert5,1,1,True,validated,0
adf7daf2-1330-432b-b8c8-ab99fe6854f5,prca01,likert5,4,4,True,validated,0
adf7daf2-1330-432b-b8c8-ab99fe6854f5,prca02,likert5,1,5,True,validated,1
adf7daf2-1330-432b-b8c8-ab99fe6854f5,prca03,likert5,4,4,True,validated,0
adf7daf2-1330-432b-b8c8-ab99fe6854f5,prca04,likert5,1,5,True,validated,1
adf7daf2-1330-432b-b8c8-ab99fe6854f5,prca05,likert5,4,4,True,validated,0
adf7daf2-1330-432b-b8c8-ab99fe6854f5,prca06,likert5,1,5,True,validated,1
adf7daf2-1330-432b-b8c8-ab99fe6854f5,prca13,likert5,4,4,True,validated,0
adf7daf2-1330-432b-b8c8-ab99fe6854f5,prca14,likert5,2,4,True,validated,1
adf7daf2-1330-432b-b8c8-ab99fe6854f5,prca15,likert5,1,1,True,validated,0
adf7daf2-1330-432b-b8c8-ab99fe6854f5,prca16,likert5,1,5,True,validated,1
adf7daf2-1330-432b-b8c8-ab99fe6854f5,prca17,likert5,1,5,True,validated,1
adf7daf2-1330-432b-b8c8-ab99fe6854f5,prca18,likert5,4,4,True,validated,0
f6aa60d2-241b-4d8b-8c7c-3ca283d0f790,prca01,likert5,4,4,True,validated,0
f6aa60d2-241b-4d8b-8c7c-3ca283d0f790,prca02,likert5,1,5,True,validated,1
f6aa60d2-241b-4d8b-8c7c-3ca283d0f790,prca03,likert5,4,4,True,validated,0
f6aa60d2-241b-4d8b-8c7c-3ca283d0f790,prca04,likert5,1,5,True,validated,1
f6aa60d2-241b-4d8b-8c7c-3ca283d0f790,prca05,likert5,1,1,True,validated,0
f6aa60d2-241b-4d8b-8c7c-3ca283d0f790,prca06,likert5,2,4,True,validated,1
f6aa60d2-241b-4d8b-8c7c-3ca283d0f790,prca13,likert5,1,1,True,validated,0
f6aa60d2-241b-4d8b-8c7c-3ca283d0f790,prca14,likert5,4,2,True,validated,1
f6aa60d2-241b-4d8b-8c7c-3ca283d0f790,prca15,likert5,4,4,True,validated,0
f6aa60d2-241b-4d8b-8c7c-3ca283d0f790,prca16,likert5,1,5,True,validated,1
f6aa60d2-241b-4d8b-8c7c-3ca283d0f790,prca17,likert5,1,5,True,validated,1
f6aa60d2-241b-4d8b-8c7c-3ca283d0f790,prca18,likert5,1,1,True,validated,0
18ffe804-02c1-492f-a063-d10fc065dcd0,prca01,likert5,1,1,True,validated,0
18ffe804-02c1-492f-a063-d10fc065dcd0,prca02,likert5,1,5,True,validated,1
18ffe804-02c1-492f-a063-d10fc065dcd0,prca03,likert5,1,1,True,validated,0
18ffe804-02c1-492f-a063-d10fc065dcd0,prca04,likert5,3,3,True,validated,1
18ffe804-02c1-492f-a063-d10fc065dcd0,prca05,likert5,2,2,True,validated,0
18ffe804-02c1-492f-a063-d10fc065dcd0,prca06,likert5,1,5,True,validated,1
18ffe804-02c1-492f-a063-d10fc065dcd0,prca13,likert5,1,1,True,validated,0
18ffe804-02c1-492f-a063-d10fc065dcd0,prca14,likert5,4,2,True,validated,1
18ffe804-02c1-492f-a063-d10fc065dcd0,prca15,likert5,4,4,True,validated,0
18ffe804-02c1-492f-a063-d10fc065dcd0,prca16,likert5,1,5,True,validated,1
18ffe804-02c1-492f-a063-d10fc065dcd0,prca17,likert5,1,5,True,validated,1
18ffe804-02c1-492f-a063-d10fc065dcd0,prca18,likert5,1,1,True,validated,0
970dccb4-538c-4b24-8203-ade4f0a98238,prca01,likert5,4,4,True,validated,0
970dccb4-538c-4b24-8203-ade4f0a98238,prca02,likert5,1,5,True,validated,1
970dccb4-538c-4b24-8203-ade4f0a98238,prca03,likert5,1,1,True,validated,0
970dccb4-538c-4b24-8203-ade4f0a98238,prca04,likert5,4,2,True,validated,1
970dccb4-538c-4b24-8203-ade4f0a98238,prca05,likert5,1,1,True,validated,0
970dccb4-538c-4b24-8203-ade4f0a98238,prca06,likert5,3,3,True,validated,1
970dccb4-538c-4b24-8203-ade4f0a98238,prca13,likert5,2,2,True,validated,0
970dccb4-538c-4b24-8203-ade4f0a98238,prca14,likert5,4,2,True,validated,1
970dccb4-538c-4b24-8203-ade4f0a98238,prca15,likert5,1,1,True,validated,0
970dccb4-538c-4b24-8203-ade4f0a98238,prca16,likert5,1,5,True,validated,1
970dccb4-538c-4b24-8203-ade4f0a98238,prca17,likert5,2,4,True,validated,1
970dccb4-538c-4b24-8203-ade4f0a98238,prca18,likert5,2,2,True,validated,0
b4b9c80d-d2b5-4b8e-bff3-d4a64e804eef,prca01,likert5,1,1,True,validated,0
b4b9c80d-d2b5-4b8e-bff3-d4a64e804eef,prca02,likert5,1,5,True,validated,1
b4b9c80d-d2b5-4b8e-bff3-d4a64e804eef,prca03,likert5,2,2,True,validated,0
b4b9c80d-d2b5-4b8e-bff3-d4a64e804eef,prca04,likert5,1,5,True,validated,1
b4b9c80d-d2b5-4b8e-bff3-d4a64e804eef,prca05,likert5,1,1,True,validated,0
b4b9c80d-d2b5-4b8e-bff3-d4a64e804eef,prca06,likert5,1,5,True,validated,1
b4b9c80d-d2b5-4b8e-bff3-d4a64e804eef,prca13,likert5,1,1,True,validated,0
b4b9c80d-d2b5-4b8e-bff3-d4a64e804eef,prca14,likert5,3,3,True,validated,1
b4b9c80d-d2b5-4b8e-bff3-d4a64e804eef,prca15,likert5,4,4,True,validated,0
b4b9c80d-d2b5-4b8e-bff3-d4a64e804eef,prca16,likert5,2,4,True,validated,1
b4b9c80d-d2b5-4b8e-bff3-d4a64e804eef,prca17,likert5,2,4,True,validated,1
b4b9c80d-d2b5-4b8e-bff3-d4a64e804eef,prca18,likert5,4,4,True,validated,0
81f55eca-1b29-4216-a651-ebd2e03dcb85,prca01,likert5,4,4,True,validated,0
81f55eca-1b29-4216-a651-ebd2e03dcb85,prca02,likert5,1,5,True,validated,1
81f55eca-1b29-4216-a651-ebd2e03dcb85,prca03,likert5,1,1,True,validated,0
81f55eca-1b29-4216-a651-ebd2e03dcb85,prca04,likert5,4,2,True,validated,1
81f55eca-1b29-4216-a651-ebd2e03dcb85,prca05,likert5,1,1,True,validated,0
81f55eca-1b29-4216-a651-ebd2e03dcb85,prca06,likert5,1,5,True,validated,1
81f55eca-1b29-4216-a651-ebd2e03dcb85,prca13,likert5,1,1,True,validated,0
81f55eca-1b29-4216-a651-ebd2e03dcb85,prca14,likert5,1,5,True,validated,1
81f55eca-1b29-4216-a651-ebd2e03dcb85,prca15,likert5,1,1,True,validated,0
81f55eca-1b29-4216-a651-ebd2e03dcb85,prca16,likert5,4,2,True,validated,1
81f55eca-1b29-4216-a651-ebd2e03dcb85,prca17,likert5,2,4,True,validated,1
81f55eca-1b29-4216-a651-ebd2e03dcb85,prca18,likert5,1,1,True,validated,0
9510c379-9faa-42ca-9ce9-8fd345e3e79a,prca01,likert5,1,1,True,validated,0
9510c379-9faa-42ca-9ce9-8fd345e3e79a,prca02,likert5,1,5,True,validated,1
9510c379-9faa-42ca-9ce9-8fd345e3e79a,prca03,likert5,1,1,True,validated,0
9510c379-9faa-42ca-9ce9-8fd345e3e79a,prca04,likert5,4,2,True,validated,1
9510c379-9faa-42ca-9ce9-8fd345e3e79a,prca05,likert5,4,4,True,validated,0
9510c379-9faa-42ca-9ce9-8fd345e3e79a,prca06,likert5,2,4,True,validated,1
9510c379-9faa-42ca-9ce9-8fd345e3e79a,prca13,likert5,1,1,True,validated,0
9510c379-9faa-42ca-9ce9-8fd345e3e79a,prca14,likert5,1,5,True,validated,1
9510c379-9faa-42ca-9ce9-8fd345e3e79a,prca15,likert5,1,1,True,validated,0
9510c379-9faa-42ca-9ce9-8fd345e3e79a,prca16,likert5,1,5,True,validated,1
9510c379-9faa-42ca-9ce9-8fd345e3e79a,prca17,likert5,1,5,True,validated,1
9510c379-9faa-42ca-9ce9-8fd345e3e79a,prca18,likert5,1,1,True,validated,0
94cdaa01-46e4-4985-9d34-c78575cab470,prca01,likert5,4,4,True,validated,0
94cdaa01-46e4-4985-9d34-c78575cab470,prca02,likert5,1,5,True,validated,1
94cdaa01-46e4-4985-9d34-c78575cab470,prca03,likert5,1,1,True,validated,0
94cdaa01-46e4-4985-9d34-c78575cab470,prca04,likert5,1,5,True,validated,1
94cdaa01-46e4-4985-9d34-c78575cab470,prca05,likert5,1,1,True,validated,0
94cdaa01-46e4-4985-9d34-c78575cab470,prca06,likert5,2,4,True,validated,1
94cdaa01-46e4-4985-9d34-c78575cab470,prca13,likert5,1,1,True,validated,0
94cdaa01-46e4-4985-9d34-c78575cab470,prca14,likert5,3,3,True,validated,1
94cdaa01-46e4-4985-9d34-c78575cab470,prca15,likert5,1,1,True,validated,0
94cdaa01-46e4-4985-9d34-c78575cab470,prca16,likert5,1,5,True,validated,1
94cdaa01-46e4-4985-9d34-c78575cab470,prca17,likert5,1,5,True,validated,1
94cdaa01-46e4-4985-9d34-c78575cab470,prca18,likert5,4,4,True,validated,0
9d44e59b-aff3-4785-862b-55873e65d5c2,prca01,likert5,4,4,True,validated,0
9d44e59b-aff3-4785-862b-55873e65d5c2,prca02,likert5,1,5,True,validated,1
9d44e59b-aff3-4785-862b-55873e65d5c2,prca03,likert5,1,1,True,validated,0
9d44e59b-aff3-4785-862b-55873e65d5c2,prca04,likert5,1,5,True,validated,1
9d44e59b-aff3-4785-862b-55873e65d5c2,prca05,likert5,1,1,True,validated,0
9d44e59b-aff3-4785-862b-55873e65d5c2,prca06,likert5,3,3,True,validated,1
9d44e59b-aff3-4785-862b-55873e65d5c2,prca13,likert5,1,1,True,validated,0
9d44e59b-aff3-4785-862b-55873e65d5c2,prca14,likert5,1,5,True,validated,1
9d44e59b-aff3-4785-862b-55873e65d5c2,prca15,likert5,1,1,True,validated,0
9d44e59b-aff3-4785-862b-55873e65d5c2,prca16,likert5,1,5,True,validated,1
9d44e59b-aff3-4785-862b-55873e65d5c2,prca17,likert5,1,5,True,validated,1
9d44e59b-aff3-4785-862b-55873e65d5c2,prca18,likert5,1,1,True,validated,0
61d8ddc2-04e0-469d-b1c0-332badaf18e2,prca01,likert5,4,4,True,validated,0
61d8ddc2-04e0-469d-b1c0-332badaf18e2,prca02,likert5,1,5,True,validated,1
61d8ddc2-04e0-469d-b1c0-332badaf18e2,prca03,likert5,1,1,True,validated,0
61d8ddc2-04e0-469d-b1c0-332badaf18e2,prca04,likert5,2,4,True,validated,1
61d8ddc2-04e0-469d-b1c0-332badaf18e2,prca05,likert5,4,4,True,validated,0
61d8ddc2-04e0-469d-b1c0-332badaf18e2,prca06,likert5,1,5,True,validated,1
61d8ddc2-04e0-469d-b1c0-332badaf18e2,prca13,likert5,1,1,True,validated,0
61d8ddc2-04e0-469d-b1c0-332badaf18e2,prca14,likert5,1,5,True,validated,1
61d8ddc2-04e0-469d-b1c0-332badaf18e2,prca15,likert5,1,1,True,validated,0
61d8ddc2-04e0-469d-b1c0-332badaf18e2,prca16,likert5,2,4,True,validated,1
61d8ddc2-04e0-469d-b1c0-332badaf18e2,prca17,likert5,2,4,True,validated,1
61d8ddc2-04e0-469d-b1c0-332badaf18e2,prca18,likert5,1,1,True,validated,0
d5996bc3-26bc-4072-bf5f-84017dca9934,prca01,likert5,1,1,True,validated,0
d5996bc3-26bc-4072-bf5f-84017dca9934,prca02,likert5,4,2,True,validated,1
d5996bc3-26bc-4072-bf5f-84017dca9934,prca03,likert5,1,1,True,validated,0
d5996bc3-26bc-4072-bf5f-84017dca9934,prca04,likert5,1,5,True,validated,1
d5996bc3-26bc-4072-bf5f-84017dca9934,prca05,likert5,1,1,True,validated,0
d5996bc3-26bc-4072-bf5f-84017dca9934,prca06,likert5,1,5,True,validated,1
d5996bc3-26bc-4072-bf5f-84017dca9934,prca13,likert5,1,1,True,validated,0
d5996bc3-26bc-4072-bf5f-84017dca9934,prca14,likert5,1,5,True,validated,1
d5996bc3-26bc-4072-bf5f-84017dca9934,prca15,likert5,1,1,True,validated,0
d5996bc3-26bc-4072-bf5f-84017dca9934,prca16,likert5,1,5,True,validated,1
d5996bc3-26bc-4072-bf5f-84017dca9934,prca17,likert5,1,5,True,validated,1
d5996bc3-26bc-4072-bf5f-84017dca9934,prca18,likert5,1,1,True,validated,0
0b83d9cc-b26f-4b03-ac11-51883b9b357c,prca01,likert5,4,4,True,validated,0
0b83d9cc-b26f-4b03-ac11-51883b9b357c,prca02,likert5,4,2,True,validated,1
0b83d9cc-b26f-4b03-ac11-51883b9b357c,prca03,likert5,1,1,True,validated,0
0b83d9cc-b26f-4b03-ac11-51883b9b357c,prca04,likert5,3,3,True,validated,1
0b83d9cc-b26f-4b03-ac11-51883b9b357c,prca05,likert5,4,4,True,validated,0
0b83d9cc-b26f-4b03-ac11-51883b9b357c,prca06,likert5,1,5,True,validated,1
0b83d9cc-b26f-4b03-ac11-51883b9b357c,prca13,likert5,4,4,True,validated,0
0b83d9cc-b26f-4b03-ac11-51883b9b357c,prca14,likert5,4,2,True,validated,1
0b83d9cc-b26f-4b03-ac11-51883b9b357c,prca15,likert5,1,1,True,validated,0
0b83d9cc-b26f-4b03-ac11-51883b9b357c,prca16,likert5,1,5,True,validated,1
0b83d9cc-b26f-4b03-ac11-51883b9b357c,prca17,likert5,1,5,True,validated,1
0b83d9cc-b26f-4b03-ac11-51883b9b357c,prca18,likert5,4,4,True,validated,0
cccd9b74-2c47-4ea6-990d-db1f83cc69a2,prca01,likert5,4,4,True,validated,0
cccd9b74-2c47-4ea6-990d-db1f83cc69a2,prca02,likert5,2,4,True,validated,1
cccd9b74-2c47-4ea6-990d-db1f83cc69a2,prca03,likert5,2,2,True,validated,0
cccd9b74-2c47-4ea6-990d-db1f83cc69a2,prca04,likert5,1,5,True,validated,1
cccd9b74-2c47-4ea6-990d-db1f83cc69a2,prca05,likert5,1,1,True,validated,0
cccd9b74-2c47-4ea6-990d-db1f83cc69a2,prca06,likert5,2,4,True,validated,1
cccd9b74-2c47-4ea6-990d-db1f83cc69a2,prca13,likert5,2,2,True,validated,0
cccd9b74-2c47-4ea6-990d-db1f83cc69a2,prca14,likert5,1,5,True,validated,1
cccd9b74-2c47-4ea6-990d-db1f83cc69a2,prca15,likert5,1,1,True,validated,0
cccd9b74-2c47-4ea6-990d-db1f83cc69a2,prca16,likert5,1,5,True,validated,1
cccd9b74-2c47-4ea6-990d-db1f83cc69a2,prca17,likert5,1,5,True,validated,1
cccd9b74-2c47-4ea6-990d-db1f83cc69a2,prca18,likert5,1,1,True,validated,0
f20912b4-d706-41ea-9c37-46540e0c6de7,prca01,likert5,1,1,True,validated,0
f20912b4-d706-41ea-9c37-46540e0c6de7,prca02,likert5,1,5,True,validated,1
f20912b4-d706-41ea-9c37-46540e0c6de7,prca03,likert5,1,1,True,validated,0
f20912b4-d706-41ea-9c37-46540e0c6de7,prca04,likert5,4,2,True,validated,1
f20912b4-d706-41ea-9c37-46540e0c6de7,prca05,likert5,4,4,True,validated,0
f20912b4-d706-41ea-9c37-46540e0c6de7,prca06,likert5,1,5,True,validated,1
f20912b4-d706-41ea-9c37-46540e0c6de7,prca13,likert5,1,1,True,validated,0
f20912b4-d706-41ea-9c37-46540e0c6de7,prca14,likert5,1,5,True,validated,1
f20912b4-d706-41ea-9c37-46540e0c6de7,prca15,likert5,4,4,True,validated,0
f20912b4-d706-41ea-9c37-46540e0c6de7,prca16,likert5,1,5,True,validated,1
f20912b4-d706-41ea-9c37-46540e0c6de7,prca17,likert5,4,2,True,validated,1
f20912b4-d706-41ea-9c37-46540e0c6de7,prca18,likert5,1,1,True,validated,0
7e5547bd-3272-4fd6-9029-15db008f5a4c,prca01,likert5,4,4,True,validated,0
7e5547bd-3272-4fd6-9029-15db008f5a4c,prca02,likert5,1,5,True,validated,1
7e5547bd-3272-4fd6-9029-15db008f5a4c,prca03,likert5,1,1,True,validated,0
7e5547bd-3272-4fd6-9029-15db008f5a4c,prca04,likert5,4,2,True,validated,1
7e5547bd-3272-4fd6-9029-15db008f5a4c,prca05,likert5,1,1,True,validated,0
7e5547bd-3272-4fd6-9029-15db008f5a4c,prca06,likert5,4,2,True,validated,1
7e5547bd-3272-4fd6-9029-15db008f5a4c,prca13,likert5,1,1,True,validated,0
7e5547bd-3272-4fd6-9029-15db008f5a4c,prca14,likert5,1,5,True,validated,1
7e5547bd-3272-4fd6-9029-15db008f5a4c,prca15,likert5,4,4,True,validated,0
7e5547bd-3272-4fd6-9029-15db008f5a4c,prca16,likert5,1,5,True,validated,1
7e5547bd-3272-4fd6-9029-15db008f5a4c,prca17,likert5,2,4,True,validated,1
7e5547bd-3272-4fd6-9029-15db008f5a4c,prca18,likert5,1,1,True,validated,0
3765bad1-b370-4be8-ba53-0227129551f6,prca01,likert5,1,1,True,validated,0
3765bad1-b370-4be8-ba53-0227129551f6,prca02,likert5,3,3,True,validated,1
3765bad1-b370-4be8-ba53-0227129551f6,prca03,likert5,1,1,True,validated,0
3765bad1-b370-4be8-ba53-0227129551f6,prca04,likert5,1,5,True,validated,1
3765bad1-b370-4be8-ba53-0227129551f6,prca05,likert5,1,1,True,validated,0
3765bad1-b370-4be8-ba53-0227129551f6,prca06,likert5,1,5,True,validated,1
3765bad1-b370-4be8-ba53-0227129551f6,prca13,likert5,1,1,True,validated,0
3765bad1-b370-4be8-ba53-0227129551f6,prca14,likert5,4,2,True,validated,1
3765bad1-b370-4be8-ba53-0227129551f6,prca15,likert5,2,2,True,validated,0
3765bad1-b370-4be8-ba53-0227129551f6,prca16,likert5,1,5,True,validated,1
3765bad1-b370-4be8-ba53-0227129551f6,prca17,likert5,4,2,True,validated,1
3765bad1-b370-4be8-ba53-0227129551f6,prca18,likert5,1,1,True,validated,0
e30ef55d-aa4b-4e8b-8895-40ca08804614,prca01,likert5,1,1,True,validated,0
e30ef55d-aa4b-4e8b-8895-40ca08804614,prca02,likert5,1,5,True,validated,1
e30ef55d-aa4b-4e8b-8895-40ca08804614,prca03,likert5,1,1,True,validated,0
e30ef55d-aa4b-4e8b-8895-40ca08804614,prca04,likert5,4,2,True,validated,1
e30ef55d-aa4b-4e8b-8895-40ca08804614,prca05,likert5,1,1,True,validated,0
e30ef55d-aa4b-4e8b-8895-40ca08804614,prca06,likert5,1,5,True,validated,1
e30ef55d-aa4b-4e8b-8895-40ca08804614,prca13,likert5,4,4,True,validated,0
e30ef55d-aa4b-4e8b-8895-40ca08804614,prca14,likert5,2,4,True,validated,1
e30ef55d-aa4b-4e8b-8895-40ca08804614,prca15,likert5,1,1,True,validated,0
e30ef55d-aa4b-4e8b-8895-40ca08804614,prca16,likert5,2,4,True,validated,1
e30ef55d-aa4b-4e8b-8895-40ca08804614,prca17,likert5,3,3,True,validated,1
e30ef55d-aa4b-4e8b-8895-40ca08804614,prca18,likert5,4,4,True,validated,0
df4528bb-ffbd-4b12-b43a-a0813be2c80d,prca01,likert5,4,4,True,validated,0
df4528bb-ffbd-4b12-b43a-a0813be2c80d,prca02,likert5,4,2,True,validated,1
df4528bb-ffbd-4b12-b43a-a0813be2c80d,prca03,likert5,1,1,True,validated,0
df4528bb-ffbd-4b12-b43a-a0813be2c80d,prca04,likert5,4,2,True,validated,1
df4528bb-ffbd-4b12-b43a-a0813be2c80d,prca05,likert5,4,4,True,validated,0
df4528bb-ffbd-4b12-b43a-a0813be2c80d,prca06,likert5,1,5,True,validated,1
df4528bb-ffbd-4b12-b43a-a0813be2c80d,prca13,likert5,4,4,True,validated,0
df4528bb-ffbd-4b12-b43a-a0813be2c80d,prca14,likert5,4,2,True,validated,1
df4528bb-ffbd-4b12-b43a-a0813be2c80d,prca15,likert5,1,1,True,validated,0
df4528bb-ffbd-4b12-b43a-a0813be2c80d,prca16,likert5,1,5,True,validated,1
df4528bb-ffbd-4b12-b43a-a0813be2c80d,prca17,likert5,4,2,True,validated,1
df4528bb-ffbd-4b12-b43a-a0813be2c80d,prca18,likert5,1,1,True,validated,0
190fef0e-d976-4dca-ab02-4b5e148d0e7d,prca01,likert5,4,4,True,validated,0
190fef0e-d976-4dca-ab02-4b5e148d0e7d,prca02,likert5,4,2,True,validated,1
190fef0e-d976-4dca-ab02-4b5e148d0e7d,prca03,likert5,4,4,True,validated,0
190fef0e-d976-4dca-ab02-4b5e148d0e7d,prca04,likert5,1,5,True,validated,1
190fef0e-d976-4dca-ab02-4b5e148d0e7d,prca05,likert5,4,4,True,validated,0
190fef0e-d976-4dca-ab02-4b5e148d0e7d,prca06,likert5,1,5,True,validated,1
190fef0e-d976-4dca-ab02-4b5e148d0e7d,prca13,likert5,4,4,True,validated,0
190fef0e-d976-4dca-ab02-4b5e148d0e7d,prca14,likert5,1,5,True,validated,1
190fef0e-d976-4dca-ab02-4b5e148d0e7d,prca15,likert5,2,2,True,validated,0
190fef0e-d976-4dca-ab02-4b5e148d0e7d,prca16,likert5,1,5,True,validated,1
190fef0e-d976-4dca-ab02-4b5e148d0e7d,prca17,likert5,1,5,True,validated,1
190fef0e-d976-4dca-ab02-4b5e148d0e7d,prca18,likert5,1,1,True,validated,0
2f38cd7e-ce52-479f-a542-7f374038ca5e,prca01,likert5,1,1,True,validated,0
2f38cd7e-ce52-479f-a542-7f374038ca5e,prca02,likert5,1,5,True,validated,1
2f38cd7e-ce52-479f-a542-7f374038ca5e,prca03,likert5,4,4,True,validated,0
2f38cd7e-ce52-479f-a542-7f374038ca5e,prca04,likert5,1,5,True,validated,1
2f38cd7e-ce52-479f-a542-7f374038ca5e,prca05,likert5,1,1,True,validated,0
2f38cd7e-ce52-479f-a542-7f374038ca5e,prca06,likert5,1,5,True,validated,1
2f38cd7e-ce52-479f-a542-7f374038ca5e,prca13,likert5,1,1,True,validated,0
2f38cd7e-ce52-479f-a542-7f374038ca5e,prca14,likert5,2,4,True,validated,1
2f38cd7e-ce52-479f-a542-7f374038ca5e,prca15,likert5,1,1,True,validated,0
2f38cd7e-ce52-479f-a542-7f374038ca5e,prca16,likert5,1,5,True,validated,1
2f38cd7e-ce52-479f-a542-7f374038ca5e,prca17,likert5,2,4,True,validated,1
2f38cd7e-ce52-479f-a542-7f374038ca5e,prca18,likert5,2,2,True,validated,0
83c4fa7b-7253-4622-87e8-4742d75e6978,prca01,likert5,1,1,True,validated,0
83c4fa7b-7253-4622-87e8-4742d75e6978,prca02,likert5,1,5,True,validated,1
83c4fa7b-7253-4622-87e8-4742d75e6978,prca03,likert5,1,1,True,validated,0
83c4fa7b-7253-4622-87e8-4742d75e6978,prca04,likert5,1,5,True,validated,1
83c4fa7b-7253-4622-87e8-4742d75e6978,prca05,likert5,1,1,True,validated,0
83c4fa7b-7253-4622-87e8-4742d75e6978,prca06,likert5,1,5,True,validated,1
83c4fa7b-7253-4622-87e8-4742d75e6978,prca13,likert5,1,1,True,validated,0
83c4fa7b-7253-4622-87e8-4742d75e6978,prca14,likert5,1,5,True,validated,1
83c4fa7b-7253-4622-87e8-4742d75e6978,prca15,likert5,1,1,True,validated,0
83c4fa7b-7253-4622-87e8-4742d75e6978,prca16,likert5,1,5,True,validated,1
83c4fa7b-7253-4622-87e8-4742d75e6978,prca17,likert5,4,2,True,validated,1
83c4fa7b-7253-4622-87e8-4742d75e6978,prca18,likert5,1,1,True,validated,0
96c9867a-d3a0-4aaa-8aa2-80bd0ccc8e1c,prca01,likert5,1,1,True,validated,0
96c9867a-d3a0-4aaa-8aa2-80bd0ccc8e1c,prca02,likert5,4,2,True,validated,1
96c9867a-d3a0-4aaa-8aa2-80bd0ccc8e1c,prca03,likert5,2,2,True,validated,0
96c9867a-d3a0-4aaa-8aa2-80bd0ccc8e1c,prca04,likert5,1,5,True,validated,1
96c9867a-d3a0-4aaa-8aa2-80bd0ccc8e1c,prca05,likert5,1,1,True,validated,0
96c9867a-d3a0-4aaa-8aa2-80bd0ccc8e1c,prca06,likert5,2,4,True,validated,1
96c9867a-d3a0-4aaa-8aa2-80bd0ccc8e1c,prca13,likert5,1,1,True,validated,0
96c9867a-d3a0-4aaa-8aa2-80bd0ccc8e1c,prca14,likert5,2,4,True,validated,1
96c9867a-d3a0-4aaa-8aa2-80bd0ccc8e1c,prca15,likert5,1,1,True,validated,0
96c9867a-d3a0-4aaa-8aa2-80bd0ccc8e1c,prca16,likert5,1,5,True,validated,1
96c9867a-d3a0-4aaa-8aa2-80bd0ccc8e1c,prca17,likert5,2,4,True,validated,1
96c9867a-d3a0-4aaa-8aa2-80bd0ccc8e1c,prca18,likert5,2,2,True,validated,0
fd302f65-302b-439b-b26e-64a5ae4571ad,prca01,likert5,1,1,True,validated,0
fd302f65-302b-439b-b26e-64a5ae4571ad,prca02,likert5,1,5,True,validated,1
fd302f65-302b-439b-b26e-64a5ae4571ad,prca03,likert5,4,4,True,validated,0
fd302f65-302b-439b-b26e-64a5ae4571ad,prca04,likert5,2,4,True,validated,1
fd302f65-302b-439b-b26e-64a5ae4571ad,prca05,likert5,1,1,True,validated,0
fd302f65-302b-439b-b26e-64a5ae4571ad,prca06,likert5,1,5,True,validated,1
fd302f65-302b-439b-b26e-64a5ae4571ad,prca13,likert5,2,2,True,validated,0
fd302f65-302b-439b-b26e-64a5ae4571ad,prca14,likert5,4,2,True,validated,1
fd302f65-302b-439b-b26e-64a5ae4571ad,prca15,likert5,1,1,True,validated,0
fd302f65-302b-439b-b26e-64a5ae4571ad,prca16,likert5,1,5,True,validated,1
fd302f65-302b-439b-b26e-64a5ae4571ad,prca17,likert5,1,5,True,validated,1
fd302f65-302b-439b-b26e-64a5ae4571ad,prca18,likert5,1,1,True,validated,0
e30718fa-087e-4ffa-8a08-372447b78654,prca01,likert5,1,1,True,validated,0
e30718fa-087e-4ffa-8a08-372447b78654,prca02,likert5,1,5,True,validated,1
e30718fa-087e-4ffa-8a08-372447b78654,prca03,likert5,1,1,True,validated,0
e30718fa-087e-4ffa-8a08-372447b78654,prca04,likert5,1,5,True,validated,1
e30718fa-087e-4ffa-8a08-372447b78654,prca05,likert5,1,1,True,validated,0
e30718fa-087e-4ffa-8a08-372447b78654,prca06,likert5,1,5,True,validated,1
e30718fa-087e-4ffa-8a08-372447b78654,prca13,likert5,1,1,True,validated,0
e30718fa-087e-4ffa-8a08-372447b78654,prca14,likert5,4,2,True,validated,1
e30718fa-087e-4ffa-8a08-372447b78654,prca15,likert5,1,1,True,validated,0
e30718fa-087e-4ffa-8a08-372447b78654,prca16,likert5,1,5,True,validated,1
e30718fa-087e-4ffa-8a08-372447b78654,prca17,likert5,2,4,True,validated,1
e30718fa-087e-4ffa-8a08-372447b78654,prca18,likert5,1,1,True,validated,0
7f1b04b0-0809-47f0-9413-5b7518f892a0,prca01,likert5,1,1,True,validated,0
7f1b04b0-0809-47f0-9413-5b7518f892a0,prca02,likert5,1,5,True,validated,1
7f1b04b0-0809-47f0-9413-5b7518f892a0,prca03,likert5,1,1,True,validated,0
7f1b04b0-0809-47f0-9413-5b7518f892a0,prca04,likert5,1,5,True,validated,1
7f1b04b0-0809-47f0-9413-5b7518f892a0,prca05,likert5,1,1,True,validated,0
7f1b04b0-0809-47f0-9413-5b7518f892a0,prca06,likert5,1,5,True,validated,1
7f1b04b0-0809-47f0-9413-5b7518f892a0,prca13,likert5,1,1,True,validated,0
7f1b04b0-0809-47f0-9413-5b7518f892a0,prca14,likert5,1,5,True,validated,1
7f1b04b0-0809-47f0-9413-5b7518f892a0,prca15,likert5,1,1,True,validated,0
7f1b04b0-0809-47f0-9413-5b7518f892a0,prca16,likert5,1,5,True,validated,1
7f1b04b0-0809-47f0-9413-5b7518f892a0,prca17,likert5,1,5,True,validated,1
7f1b04b0-0809-47f0-9413-5b7518f892a0,prca18,likert5,1,1,True,validated,0
a7a733c2-885b-46d1-8151-483b23e6d464,prca01,likert5,2,2,True,validated,0
a7a733c2-885b-46d1-8151-483b23e6d464,prca02,likert5,1,5,True,validated,1
a7a733c2-885b-46d1-8151-483b23e6d464,prca03,likert5,1,1,True,validated,0
a7a733c2-885b-46d1-8151-483b23e6d464,prca04,likert5,4,2,True,validated,1
a7a733c2-885b-46d1-8151-483b23e6d464,prca05,likert5,4,4,True,validated,0
a7a733c2-885b-46d1-8151-483b23e6d464,prca06,likert5,2,4,True,validated,1
a7a733c2-885b-46d1-8151-483b23e6d464,prca13,likert5,1,1,True,validated,0
a7a733c2-885b-46d1-8151-483b23e6d464,prca14,likert5,2,4,True,validated,1
a7a733c2-885b-46d1-8151-483b23e6d464,prca15,likert5,1,1,True,validated,0
a7a733c2-885b-46d1-8151-483b23e6d464,prca16,likert5,4,2,True,validated,1
a7a733c2-885b-46d1-8151-483b23e6d464,prca17,likert5,1,5,True,validated,1
a7a733c2-885b-46d1-8151-483b23e6d464,prca18,likert5,4,4,True,validated,0
896f50ea-a34d-4f75-a0fa-48885365513c,prca01,likert5,2,2,True,validated,0
896f50ea-a34d-4f75-a0fa-48885365513c,prca02,likert5,3,3,True,validated,1
896f50ea-a34d-4f75-a0fa-48885365513c,prca03,likert5,1,1,True,validated,0
896f50ea-a34d-4f75-a0fa-48885365513c,prca04,likert5,4,2,True,validated,1
896f50ea-a34d-4f75-a0fa-48885365513c,prca05,likert5,4,4,True,validated,0
896f50ea-a34d-4f75-a0fa-48885365513c,prca06,likert5,4,2,True,validated,1
896f50ea-a34d-4f75-a0fa-48885365513c,prca13,likert5,1,1,True,validated,0
896f50ea-a34d-4f75-a0fa-48885365513c,prca14,likert5,2,4,True,validated,1
896f50ea-a34d-4f75-a0fa-48885365513c,prca15,likert5,1,1,True,validated,0
896f50ea-a34d-4f75-a0fa-48885365513c,prca16,likert5,1,5,True,validated,1
896f50ea-a34d-4f75-a0fa-48885365513c,prca17,likert5,2,4,True,validated,1
896f50ea-a34d-4f75-a0fa-48885365513c,prca18,likert5,1,1,True,validated,0
7d7a9c29-931e-4b29-b673-9ff7b9ae5eff,prca01,likert5,4,4,True,validated,0
7d7a9c29-931e-4b29-b673-9ff7b9ae5eff,prca02,likert5,1,5,True,validated,1
7d7a9c29-931e-4b29-b673-9ff7b9ae5eff,prca03,likert5,1,1,True,validated,0
7d7a9c29-931e-4b29-b673-9ff7b9ae5eff,prca04,likert5,2,4,True,validated,1
7d7a9c29-931e-4b29-b673-9ff7b9ae5eff,prca05,likert5,1,1,True,validated,0
7d7a9c29-931e-4b29-b673-9ff7b9ae5eff,prca06,likert5,4,2,True,validated,1
7d7a9c29-931e-4b29-b673-9ff7b9ae5eff,prca13,likert5,1,1,True,validated,0
7d7a9c29-931e-4b29-b673-9ff7b9ae5eff,prca14,likert5,1,5,True,validated,1
7d7a9c29-931e-4b29-b673-9ff7b9ae5eff,prca15,likert5,4,4,True,validated,0
7d7a9c29-931e-4b29-b673-9ff7b9ae5eff,prca16,likert5,1,5,True,validated,1
7d7a9c29-931e-4b29-b673-9ff7b9ae5eff,prca17,likert5,1,5,True,validated,1
7d7a9c29-931e-4b29-b673-9ff7b9ae5eff,prca18,likert5,4,4,True,validated,0
f8b01731-34c7-4c91-82c1-a6abd24a1904,prca01,likert5,2,2,True,validated,0
f8b01731-34c7-4c91-82c1-a6abd24a1904,prca02,likert5,1,5,True,validated,1
f8b01731-34c7-4c91-82c1-a6abd24a1904,prca03,likert5,1,1,True,validated,0
f8b01731-34c7-4c91-82c1-a6abd24a1904,prca04,likert5,2,4,True,validated,1
f8b01731-34c7-4c91-82c1-a6abd24a1904,prca05,likert5,1,1,True,validated,0
f8b01731-34c7-4c91-82c1-a6abd24a1904,prca06,likert5,1,5,True,validated,1
f8b01731-34c7-4c91-82c1-a6abd24a1904,prca13,likert5,4,4,True,validated,0
f8b01731-34c7-4c91-82c1-a6abd24a1904,prca14,likert5,1,5,True,validated,1
f8b01731-34c7-4c91-82c1-a6abd24a1904,prca15,likert5,1,1,True,validated,0
f8b01731-34c7-4c91-82c1-a6abd24a1904,prca16,likert5,1,5,True,validated,1
f8b01731-34c7-4c91-82c1-a6abd24a1904,prca17,likert5,1,5,True,validated,1
f8b01731-34c7-4c91-82c1-a6abd24a1904,prca18,likert5,1,1,True,validated,0
5589bb0e-4572-4659-98e2-9b11a48e620c,prca01,likert5,4,4,True,validated,0
5589bb0e-4572-4659-98e2-9b11a48e620c,prca02,likert5,3,3,True,validated,1
5589bb0e-4572-4659-98e2-9b11a48e620c,prca03,likert5,1,1,True,validated,0
5589bb0e-4572-4659-98e2-9b11a48e620c,prca04,likert5,4,2,True,validated,1
5589bb0e-4572-4659-98e2-9b11a48e620c,prca05,likert5,1,1,True,validated,0
5589bb0e-4572-4659-98e2-9b11a48e620c,prca06,likert5,1,5,True,validated,1
5589bb0e-4572-4659-98e2-9b11a48e620c,prca13,likert5,1,1,True,validated,0
5589bb0e-4572-4659-98e2-9b11a48e620c,prca14,likert5,4,2,True,validated,1
5589bb0e-4572-4659-98e2-9b11a48e620c,prca15,likert5,1,1,True,validated,0
5589bb0e-4572-4659-98e2-9b11a48e620c,prca16,likert5,1,5,True,validated,1
5589bb0e-4572-4659-98e2-9b11a48e620c,prca17,likert5,1,5,True,validated,1
5589bb0e-4572-4659-98e2-9b11a48e620c,prca18,likert5,1,1,True,validated,0
f9e4f771-abdb-4f85-9552-22808dd05442,prca01,likert5,4,4,True,validated,0
f9e4f771-abdb-4f85-9552-22808dd05442,prca02,likert5,1,5,True,validated,1
f9e4f771-abdb-4f85-9552-22808dd05442,prca03,likert5,1,1,True,validated,0
f9e4f771-abdb-4f85-9552-22808dd05442,prca04,likert5,4,2,True,validated,1
f9e4f771-abdb-4f85-9552-22808dd05442,prca05,likert5,1,1,True,validated,0
f9e4f771-abdb-4f85-9552-22808dd05442,prca06,likert5,1,5,True,validated,1
f9e4f771-abdb-4f85-9552-22808dd05442,prca13,likert5,1,1,True,validated,0
f9e4f771-abdb-4f85-9552-22808dd05442,prca14,likert5,4,2,True,validated,1
f9e4f771-abdb-4f85-9552-22808dd05442,prca15,likert5,1,1,True,validated,0
f9e4f771-abdb-4f85-9552-22808dd05442,prca16,likert5,1,5,True,validated,1
f9e4f771-abdb-4f85-9552-22808dd05442,prca17,likert5,1,5,True,validated,1
f9e4f771-abdb-4f85-9552-22808dd05442,prca18,likert5,1,1,True,validated,0
7559831a-4768-49e0-a0c6-37a004108373,prca01,likert5,4,4,True,validated,0
7559831a-4768-49e0-a0c6-37a004108373,prca02,likert5,1,5,True,validated,1
7559831a-4768-49e0-a0c6-37a004108373,prca03,likert5,4,4,True,validated,0
7559831a-4768-49e0-a0c6-37a004108373,prca04,likert5,2,4,True,validated,1
7559831a-4768-49e0-a0c6-37a004108373,prca05,likert5,1,1,True,validated,0
7559831a-4768-49e0-a0c6-37a004108373,prca06,likert5,1,5,True,validated,1
7559831a-4768-49e0-a0c6-37a004108373,prca13,likert5,1,1,True,validated,0
7559831a-4768-49e0-a0c6-37a004108373,prca14,likert5,1,5,True,validated,1
7559831a-4768-49e0-a0c6-37a004108373,prca15,likert5,1,1,True,validated,0
7559831a-4768-49e0-a0c6-37a004108373,prca16,likert5,2,4,True,validated,1
7559831a-4768-49e0-a0c6-37a004108373,prca17,likert5,1,5,True,validated,1
7559831a-4768-49e0-a0c6-37a004108373,prca18,likert5,4,4,True,validated,0
83e7ef09-b0c9-4c35-a500-a45553bbfd23,prca01,likert5,4,4,True,validated,0
83e7ef09-b0c9-4c35-a500-a45553bbfd23,prca02,likert5,2,4,True,validated,1
83e7ef09-b0c9-4c35-a500-a45553bbfd23,prca03,likert5,1,1,True,validated,0
83e7ef09-b0c9-4c35-a500-a45553bbfd23,prca04,likert5,4,2,True,validated,1
83e7ef09-b0c9-4c35-a500-a45553bbfd23,prca05,likert5,1,1,True,validated,0
83e7ef09-b0c9-4c35-a500-a45553bbfd23,prca06,likert5,2,4,True,validated,1
83e7ef09-b0c9-4c35-a500-a45553bbfd23,prca13,likert5,1,1,True,validated,0
83e7ef09-b0c9-4c35-a500-a45553bbfd23,prca14,likert5,1,5,True,validated,1
83e7ef09-b0c9-4c35-a500-a45553bbfd23,prca15,likert5,1,1,True,validated,0
83e7ef09-b0c9-4c35-a500-a45553bbfd23,prca16,likert5,1,5,True,validated,1
83e7ef09-b0c9-4c35-a500-a45553bbfd23,prca17,likert5,1,5,True,validated,1
83e7ef09-b0c9-4c35-a500-a45553bbfd23,prca18,likert5,1,1,True,validated,0
a81cdf56-cb38-49eb-94a0-a4a0c8673734,prca01,likert5,4,4,True,validated,0
a81cdf56-cb38-49eb-94a0-a4a0c8673734,prca02,likert5,3,3,True,validated,1
a81cdf56-cb38-49eb-94a0-a4a0c8673734,prca03,likert5,3,3,True,validated,0
a81cdf56-cb38-49eb-94a0-a4a0c8673734,prca04,likert5,4,2,True,validated,1
a81cdf56-cb38-49eb-94a0-a4a0c8673734,prca05,likert5,1,1,True,validated,0
a81cdf56-cb38-49eb-94a0-a4a0c8673734,prca06,likert5,1,5,True,validated,1
a81cdf56-cb38-49eb-94a0-a4a0c8673734,prca13,likert5,1,1,True,validated,0
a81cdf56-cb38-49eb-94a0-a4a0c8673734,prca14,likert5,1,5,True,validated,1
a81cdf56-cb38-49eb-94a0-a4a0c8673734,prca15,likert5,4,4,True,validated,0
a81cdf56-cb38-49eb-94a0-a4a0c8673734,prca16,likert5,1,5,True,validated,1
a81cdf56-cb38-49eb-94a0-a4a0c8673734,prca17,likert5,1,5,True,validated,1
a81cdf56-cb38-49eb-94a0-a4a0c8673734,prca18,likert5,1,1,True,validated,0
e30a5c83-d0c6-4f7e-880d-64a99f26b077,prca01,likert5,4,4,True,validated,0
e30a5c83-d0c6-4f7e-880d-64a99f26b077,prca02,likert5,2,4,True,validated,1
e30a5c83-d0c6-4f7e-880d-64a99f26b077,prca03,likert5,2,2,True,validated,0
e30a5c83-d0c6-4f7e-880d-64a99f26b077,prca04,likert5,4,2,True,validated,1
e30a5c83-d0c6-4f7e-880d-64a99f26b077,prca05,likert5,1,1,True,validated,0
e30a5c83-d0c6-4f7e-880d-64a99f26b077,prca06,likert5,1,5,True,validated,1
e30a5c83-d0c6-4f7e-880d-64a99f26b077,prca13,likert5,1,1,True,validated,0
e30a5c83-d0c6-4f7e-880d-64a99f26b077,prca14,likert5,1,5,True,validated,1
e30a5c83-d0c6-4f7e-880d-64a99f26b077,prca15,likert5,1,1,True,validated,0
e30a5c83-d0c6-4f7e-880d-64a99f26b077,prca16,likert5,4,2,True,validated,1
e30a5c83-d0c6-4f7e-880d-64a99f26b077,prca17,likert5,1,5,True,validated,1
e30a5c83-d0c6-4f7e-880d-64a99f26b077,prca18,likert5,4,4,True,validated,0
3d41a87a-4171-436f-996a-bcd0fd8be79e,prca01,likert5,1,1,True,validated,0
3d41a87a-4171-436f-996a-bcd0fd8be79e,prca02,likert5,2,4,True,validated,1
3d41a87a-4171-436f-996a-bcd0fd8be79e,prca03,likert5,4,4,True,validated,0
3d41a87a-4171-436f-996a-bcd0fd8be79e,prca04,likert5,1,5,True,validated,1
3d41a87a-4171-436f-996a-bcd0fd8be79e,prca05,likert5,1,1,True,validated,0
3d41a87a-4171-436f-996a-bcd0fd8be79e,prca06,likert5,1,5,True,validated,1
3d41a87a-4171-436f-996a-bcd0fd8be79e,prca13,likert5,1,1,True,validated,0
3d41a87a-4171-436f-996a-bcd0fd8be79e,prca14,likert5,1,5,True,validated,1
3d41a87a-4171-436f-996a-bcd0fd8be79e,prca15,likert5,2,2,True,validated,0
3d41a87a-4171-436f-996a-bcd0fd8be79e,prca16,likert5,1,5,True,validated,1
3d41a87a-4171-436f-996a-bcd0fd8be79e,prca17,likert5,1,5,True,validated,1
3d41a87a-4171-436f-996a-bcd0fd8be79e,prca18,likert5,1,1,True,validated,0
d583aaf1-9414-42c3-8416-de74b6dc837c,prca01,likert5,4,4,True,validated,0
d583aaf1-9414-42c3-8416-de74b6dc837c,prca02,likert5,2,4,True,validated,1
d583aaf1-9414-42c3-8416-de74b6dc837c,prca03,likert5,1,1,True,validated,0
d583aaf1-9414-42c3-8416-de74b6dc837c,prca04,likert5,2,4,True,validated,1
d583aaf1-9414-42c3-8416-de74b6dc837c,prca05,likert5,1,1,True,validated,0
d583aaf1-9414-42c3-8416-de74b6dc837c,prca06,likert5,1,5,True,validated,1
d583aaf1-9414-42c3-8416-de74b6dc837c,prca13,likert5,4,4,True,validated,0
d583aaf1-9414-42c3-8416-de74b6dc837c,prca14,likert5,1,5,True,validated,1
d583aaf1-9414-42c3-8416-de74b6dc837c,prca15,likert5,1,1,True,validated,0
d583aaf1-9414-42c3-8416-de74b6dc837c,prca16,likert5,1,5,True,validated,1
d583aaf1-9414-42c3-8416-de74b6dc837c,prca17,likert5,1,5,True,validated,1
d583aaf1-9414-42c3-8416-de74b6dc837c,prca18,likert5,1,1,True,validated,0
a5feb6b9-6f90-48d6-b49b-cd82d9e44e7e,prca01,likert5,1,1,True,validated,0
a5feb6b9-6f90-48d6-b49b-cd82d9e44e7e,prca02,likert5,1,5,True,validated,1
a5feb6b9-6f90-48d6-b49b-cd82d9e44e7e,prca03,likert5,1,1,True,validated,0
a5feb6b9-6f90-48d6-b49b-cd82d9e44e7e,prca04,likert5,1,5,True,validated,1
a5feb6b9-6f90-48d6-b49b-cd82d9e44e7e,prca05,likert5,2,2,True,validated,0
a5feb6b9-6f90-48d6-b49b-cd82d9e44e7e,prca06,likert5,4,2,True,validated,1
a5feb6b9-6f90-48d6-b49b-cd82d9e44e7e,prca13,likert5,4,4,True,validated,0
a5feb6b9-6f90-48d6-b49b-cd82d9e44e7e,prca14,likert5,1,5,True,validated,1
a5feb6b9-6f90-48d6-b49b-cd82d9e44e7e,prca15,likert5,4,4,True,validated,0
a5feb6b9-6f90-48d6-b49b-cd82d9e44e7e,prca16,likert5,4,2,True,validated,1
a5feb6b9-6f90-48d6-b49b-cd82d9e44e7e,prca17,likert5,2,4,True,validated,1
a5feb6b9-6f90-48d6-b49b-cd82d9e44e7e,prca18,likert5,1,1,True,validated,0
2c20c58e-5a41-4a6d-ad01-86005ff147ea,prca01,likert5,1,1,True,validated,0
2c20c58e-5a41-4a6d-ad01-86005ff147ea,prca02,likert5,1,5,True,validated,1
2c20c58e-5a41-4a6d-ad01-86005ff147ea,prca03,likert5,1,1,True,validated,0
2c20c58e-5a41-4a6d-ad01-86005ff147ea,prca04,likert5,4,2,True,validated,1
2c20c58e-5a41-4a6d-ad01-86005ff147ea,prca05,likert5,1,1,True,validated,0
2c20c58e-5a41-4a6d-ad01-86005ff147ea,prca06,likert5,2,4,True,validated,1
2c20c58e-5a41-4a6d-ad01-86005ff147ea,prca13,likert5,1,1,True,validated,0
2c20c58e-5a41-4a6d-ad01-86005ff147ea,prca14,likert5,4,2,True,validated,1
2c20c58e-5a41-4a6d-ad01-86005ff147ea,prca15,likert5,1,1,True,validated,0
2c20c58e-5a41-4a6d-ad01-86005ff147ea,prca16,likert5,1,5,True,validated,1
2c20c58e-5a41-4a6d-ad01-86005ff147ea,prca17,likert5,1,5,True,validated,1
2c20c58e-5a41-4a6d-ad01-86005ff147ea,prca18,likert5,1,1,True,validated,0
d02c624a-7957-4f9b-9c67-4eefa7205306,prca01,likert5,4,4,True,validated,0
d02c624a-7957-4f9b-9c67-4eefa7205306,prca02,likert5,1,5,True,validated,1
d02c624a-7957-4f9b-9c67-4eefa7205306,prca03,likert5,1,1,True,validated,0
d02c624a-7957-4f9b-9c67-4eefa7205306,prca04,likert5,4,2,True,validated,1
d02c624a-7957-4f9b-9c67-4eefa7205306,prca05,likert5,4,4,True,validated,0
d02c624a-7957-4f9b-9c67-4eefa7205306,prca06,likert5,2,4,True,validated,1
d02c624a-7957-4f9b-9c67-4eefa7205306,prca13,likert5,2,2,True,validated,0
d02c624a-7957-4f9b-9c67-4eefa7205306,prca14,likert5,4,2,True,validated,1
d02c624a-7957-4f9b-9c67-4eefa7205306,prca15,likert5,1,1,True,validated,0
d02c624a-7957-4f9b-9c67-4eefa7205306,prca16,likert5,1,5,True,validated,1
d02c624a-7957-4f9b-9c67-4eefa7205306,prca17,likert5,1,5,True,validated,1
d02c624a-7957-4f9b-9c67-4eefa7205306,prca18,likert5,1,1,True,validated,0
71e0d5d9-c63f-4f49-b995-a9e2e0f6af68,prca01,likert5,4,4,True,validated,0
71e0d5d9-c63f-4f49-b995-a9e2e0f6af68,prca02,likert5,1,5,True,validated,1
71e0d5d9-c63f-4f49-b995-a9e2e0f6af68,prca03,likert5,4,4,True,validated,0
71e0d5d9-c63f-4f49-b995-a9e2e0f6af68,prca04,likert5,3,3,True,validated,1
71e0d5d9-c63f-4f49-b995-a9e2e0f6af68,prca05,likert5,1,1,True,validated,0
71e0d5d9-c63f-4f49-b995-a9e2e0f6af68,prca06,likert5,4,2,True,validated,1
71e0d5d9-c63f-4f49-b995-a9e2e0f6af68,prca13,likert5,1,1,True,validated,0
71e0d5d9-c63f-4f49-b995-a9e2e0f6af68,prca14,likert5,1,5,True,validated,1
71e0d5d9-c63f-4f49-b995-a9e2e0f6af68,prca15,likert5,4,4,True,validated,0
71e0d5d9-c63f-4f49-b995-a9e2e0f6af68,prca16,likert5,3,3,True,validated,1
71e0d5d9-c63f-4f49-b995-a9e2e0f6af68,prca17,likert5,2,4,True,validated,1
71e0d5d9-c63f-4f49-b995-a9e2e0f6af68,prca18,likert5,1,1,True,validated,0
738c8c82-2fcc-4d1b-8b2c-8995df61a17b,prca01,likert5,2,2,True,validated,0
738c8c82-2fcc-4d1b-8b2c-8995df61a17b,prca02,likert5,1,5,True,validated,1
738c8c82-2fcc-4d1b-8b2c-8995df61a17b,prca03,likert5,1,1,True,validated,0
738c8c82-2fcc-4d1b-8b2c-8995df61a17b,prca04,likert5,1,5,True,validated,1
738c8c82-2fcc-4d1b-8b2c-8995df61a17b,prca05,likert5,2,2,True,validated,0
738c8c82-2fcc-4d1b-8b2c-8995df61a17b,prca06,likert5,1,5,True,validated,1
738c8c82-2fcc-4d1b-8b2c-8995df61a17b,prca13,likert5,4,4,True,validated,0
738c8c82-2fcc-4d1b-8b2c-8995df61a17b,prca14,likert5,1,5,True,validated,1
738c8c82-2fcc-4d1b-8b2c-8995df61a17b,prca15,likert5,4,4,True,validated,0
738c8c82-2fcc-4d1b-8b2c-8995df61a17b,prca16,likert5,1,5,True,validated,1
738c8c82-2fcc-4d1b-8b2c-8995df61a17b,prca17,likert5,1,5,True,validated,1
738c8c82-2fcc-4d1b-8b2c-8995df61a17b,prca18,likert5,1,1,True,validated,0
eec4af7a-d7db-435f-a749-e7b69e28d1bc,prca01,likert5,1,1,True,validated,0
eec4af7a-d7db-435f-a749-e7b69e28d1bc,prca02,likert5,1,5,True,validated,1
eec4af7a-d7db-435f-a749-e7b69e28d1bc,prca03,likert5,2,2,True,validated,0
eec4af7a-d7db-435f-a749-e7b69e28d1bc,prca04,likert5,3,3,True,validated,1
eec4af7a-d7db-435f-a749-e7b69e28d1bc,prca05,likert5,1,1,True,validated,0
eec4af7a-d7db-435f-a749-e7b69e28d1bc,prca06,likert5,4,2,True,validated,1
eec4af7a-d7db-435f-a749-e7b69e28d1bc,prca13,likert5,1,1,True,validated,0
eec4af7a-d7db-435f-a749-e7b69e28d1bc,prca14,likert5,3,3,True,validated,1
eec4af7a-d7db-435f-a749-e7b69e28d1bc,prca15,likert5,1,1,True,validated,0
eec4af7a-d7db-435f-a749-e7b69e28d1bc,prca16,likert5,1,5,True,validated,1
eec4af7a-d7db-435f-a749-e7b69e28d1bc,prca17,likert5,3,3,True,validated,1
eec4af7a-d7db-435f-a749-e7b69e28d1bc,prca18,likert5,1,1,True,validated,0
993a2a6d-8843-4cea-8c5d-00a6a82f8497,prca01,likert5,1,1,True,validated,0
993a2a6d-8843-4cea-8c5d-00a6a82f8497,prca02,likert5,3,3,True,validated,1
993a2a6d-8843-4cea-8c5d-00a6a82f8497,prca03,likert5,4,4,True,validated,0
993a2a6d-8843-4cea-8c5d-00a6a82f8497,prca04,likert5,4,2,True,validated,1
993a2a6d-8843-4cea-8c5d-00a6a82f8497,prca05,likert5,4,4,True,validated,0
993a2a6d-8843-4cea-8c5d-00a6a82f8497,prca06,likert5,2,4,True,validated,1
993a2a6d-8843-4cea-8c5d-00a6a82f8497,prca13,likert5,1,1,True,validated,0
993a2a6d-8843-4cea-8c5d-00a6a82f8497,prca14,likert5,1,5,True,validated,1
993a2a6d-8843-4cea-8c5d-00a6a82f8497,prca15,likert5,1,1,True,validated,0
993a2a6d-8843-4cea-8c5d-00a6a82f8497,prca16,likert5,2,4,True,validated,1
993a2a6d-8843-4cea-8c5d-00a6a82f8497,prca17,likert5,2,4,True,validated,1
993a2a6d-8843-4cea-8c5d-00a6a82f8497,prca18,likert5,2,2,True,validated,0
b536356a-18d1-4586-a4b4-e525d914a800,prca01,likert5,1,1,True,validated,0
b536356a-18d1-4586-a4b4-e525d914a800,prca02,likert5,1,5,True,validated,1
b536356a-18d1-4586-a4b4-e525d914a800,prca03,likert5,1,1,True,validated,0
b536356a-18d1-4586-a4b4-e525d914a800,prca04,likert5,4,2,True,validated,1
b536356a-18d1-4586-a4b4-e525d914a800,prca05,likert5,1,1,True,validated,0
b536356a-18d1-4586-a4b4-e525d914a800,prca06,likert5,1,5,True,validated,1
b536356a-18d1-4586-a4b4-e525d914a800,prca13,likert5,1,1,True,validated,0
b536356a-18d1-4586-a4b4-e525d914a800,prca14,likert5,2,4,True,validated,1
b536356a-18d1-4586-a4b4-e525d914a800,prca15,likert5,1,1,True,validated,0
b536356a-18d1-4586-a4b4-e525d914a800,prca16,likert5,1,5,True,validated,1
b536356a-18d1-4586-a4b4-e525d914a800,prca17,likert5,1,5,True,validated,1
b536356a-18d1-4586-a4b4-e525d914a800,prca18,likert5,1,1,True,validated,0
35d10a4a-41fb-4ff0-b87c-8ff44ebd8ad7,prca01,likert5,1,1,True,validated,0
35d10a4a-41fb-4ff0-b87c-8ff44ebd8ad7,prca02,likert5,4,2,True,validated,1
35d10a4a-41fb-4ff0-b87c-8ff44ebd8ad7,prca03,likert5,1,1,True,validated,0
35d10a4a-41fb-4ff0-b87c-8ff44ebd8ad7,prca04,likert5,4,2,True,validated,1
35d10a4a-41fb-4ff0-b87c-8ff44ebd8ad7,prca05,likert5,4,4,True,validated,0
35d10a4a-41fb-4ff0-b87c-8ff44ebd8ad7,prca06,likert5,2,4,True,validated,1
35d10a4a-41fb-4ff0-b87c-8ff44ebd8ad7,prca13,likert5,1,1,True,validated,0
35d10a4a-41fb-4ff0-b87c-8ff44ebd8ad7,prca14,likert5,1,5,True,validated,1
35d10a4a-41fb-4ff0-b87c-8ff44ebd8ad7,prca15,likert5,1,1,True,validated,0
35d10a4a-41fb-4ff0-b87c-8ff44ebd8ad7,prca16,likert5,1,5,True,validated,1
35d10a4a-41fb-4ff0-b87c-8ff44ebd8ad7,prca17,likert5,4,2,True,validated,1
35d10a4a-41fb-4ff0-b87c-8ff44ebd8ad7,prca18,likert5,1,1,True,validated,0
6804a763-a4b9-4848-bcc5-bdb780fb44ac,prca01,likert5,4,4,True,validated,0
6804a763-a4b9-4848-bcc5-bdb780fb44ac,prca02,likert5,2,4,True,validated,1
6804a763-a4b9-4848-bcc5-bdb780fb44ac,prca03,likert5,4,4,True,validated,0
6804a763-a4b9-4848-bcc5-bdb780fb44ac,prca04,likert5,1,5,True,validated,1
6804a763-a4b9-4848-bcc5-bdb780fb44ac,prca05,likert5,1,1,True,validated,0
6804a763-a4b9-4848-bcc5-bdb780fb44ac,prca06,likert5,1,5,True,validated,1
6804a763-a4b9-4848-bcc5-bdb780fb44ac,prca13,likert5,1,1,True,validated,0
6804a763-a4b9-4848-bcc5-bdb780fb44ac,prca14,likert5,2,4,True,validated,1
6804a763-a4b9-4848-bcc5-bdb780fb44ac,prca15,likert5,1,1,True,validated,0
6804a763-a4b9-4848-bcc5-bdb780fb44ac,prca16,likert5,1,5,True,validated,1
6804a763-a4b9-4848-bcc5-bdb780fb44ac,prca17,likert5,1,5,True,validated,1
6804a763-a4b9-4848-bcc5-bdb780fb44ac,prca18,likert5,1,1,True,validated,0
55b2a715-102c-4ff8-8037-78267f5ad24e,prca01,likert5,1,1,True,validated,0
55b2a715-102c-4ff8-8037-78267f5ad24e,prca02,likert5,2,4,True,validated,1
55b2a715-102c-4ff8-8037-78267f5ad24e,prca03,likert5,1,1,True,validated,0
55b2a715-102c-4ff8-8037-78267f5ad24e,prca04,likert5,1,5,True,validated,1
55b2a715-102c-4ff8-8037-78267f5ad24e,prca05,likert5,4,4,True,validated,0
55b2a715-102c-4ff8-8037-78267f5ad24e,prca06,likert5,1,5,True,validated,1
55b2a715-102c-4ff8-8037-78267f5ad24e,prca13,likert5,1,1,True,validated,0
55b2a715-102c-4ff8-8037-78267f5ad24e,prca14,likert5,2,4,True,validated,1
55b2a715-102c-4ff8-8037-78267f5ad24e,prca15,likert5,1,1,True,validated,0
55b2a715-102c-4ff8-8037-78267f5ad24e,prca16,likert5,1,5,True,validated,1
55b2a715-102c-4ff8-8037-78267f5ad24e,prca17,likert5,1,5,True,validated,1
55b2a715-102c-4ff8-8037-78267f5ad24e,prca18,likert5,1,1,True,validated,0
6cf4c71c-a684-459f-815c-a5399c54cd25,prca01,likert5,1,1,True,validated,0
6cf4c71c-a684-459f-815c-a5399c54cd25,prca02,likert5,1,5,True,validated,1
6cf4c71c-a684-459f-815c-a5399c54cd25,prca03,likert5,2,2,True,validated,0
6cf4c71c-a684-459f-815c-a5399c54cd25,prca04,likert5,3,3,True,validated,1
6cf4c71c-a684-459f-815c-a5399c54cd25,prca05,likert5,1,1,True,validated,0
6cf4c71c-a684-459f-815c-a5399c54cd25,prca06,likert5,4,2,True,validated,1
6cf4c71c-a684-459f-815c-a5399c54cd25,prca13,likert5,1,1,True,validated,0
6cf4c71c-a684-459f-815c-a5399c54cd25,prca14,likert5,4,2,True,validated,1
6cf4c71c-a684-459f-815c-a5399c54cd25,prca15,likert5,1,1,True,validated,0
6cf4c71c-a684-459f-815c-a5399c54cd25,prca16,likert5,1,5,True,validated,1
6cf4c71c-a684-459f-815c-a5399c54cd25,prca17,likert5,1,5,True,validated,1
6cf4c71c-a684-459f-815c-a5399c54cd25,prca18,likert5,1,1,True,validated,0
555ab3c2-a51d-4a87-a175-650ca39d168c,prca01,likert5,1,1,True,validated,0
555ab3c2-a51d-4a87-a175-650ca39d168c,prca02,likert5,4,2,True,validated,1
555ab3c2-a51d-4a87-a175-650ca39d168c,prca03,likert5,4,4,True,validated,0
555ab3c2-a51d-4a87-a175-650ca39d168c,prca04,likert5,1,5,True,validated,1
555ab3c2-a51d-4a87-a175-650ca39d168c,prca05,likert5,1,1,True,validated,0
555ab3c2-a51d-4a87-a175-650ca39d168c,prca06,likert5,2,4,True,validated,1
555ab3c2-a51d-4a87-a175-650ca39d168c,prca13,likert5,1,1,True,validated,0
555ab3c2-a51d-4a87-a175-650ca39d168c,prca14,likert5,1,5,True,validated,1
555ab3c2-a51d-4a87-a175-650ca39d168c,prca15,likert5,1,1,True,validated,0
555ab3c2-a51d-4a87-a175-650ca39d168c,prca16,likert5,1,5,True,validated,1
555ab3c2-a51d-4a87-a175-650ca39d168c,prca17,likert5,1,5,True,validated,1
555ab3c2-a51d-4a87-a175-650ca39d168c,prca18,likert5,4,4,True,validated,0
54c9db6f-bf5f-47c4-b6f6-2c7016a1cbb1,prca01,likert5,4,4,True,validated,0
54c9db6f-bf5f-47c4-b6f6-2c7016a1cbb1,prca02,likert5,1,5,True,validated,1
54c9db6f-bf5f-47c4-b6f6-2c7016a1cbb1,prca03,likert5,1,1,True,validated,0
54c9db6f-bf5f-47c4-b6f6-2c7016a1cbb1,prca04,likert5,3,3,True,validated,1
54c9db6f-bf5f-47c4-b6f6-2c7016a1cbb1,prca05,likert5,2,2,True,validated,0
54c9db6f-bf5f-47c4-b6f6-2c7016a1cbb1,prca06,likert5,3,3,True,validated,1
54c9db6f-bf5f-47c4-b6f6-2c7016a1cbb1,prca13,likert5,4,4,True,validated,0
54c9db6f-bf5f-47c4-b6f6-2c7016a1cbb1,prca14,likert5,2,4,True,validated,1
54c9db6f-bf5f-47c4-b6f6-2c7016a1cbb1,prca15,likert5,1,1,True,validated,0
54c9db6f-bf5f-47c4-b6f6-2c7016a1cbb1,prca16,likert5,4,2,True,validated,1
54c9db6f-bf5f-47c4-b6f6-2c7016a1cbb1,prca17,likert5,4,2,True,validated,1
54c9db6f-bf5f-47c4-b6f6-2c7016a1cbb1,prca18,likert5,1,1,True,validated,0
c476f831-f2f2-43ec-a657-5ab87ecf62e6,prca01,likert5,3,3,True,validated,0
c476f831-f2f2-43ec-a657-5ab87ecf62e6,prca02,likert5,1,5,True,validated,1
c476f831-f2f2-43ec-a657-5ab87ecf62e6,prca03,likert5,1,1,True,validated,0
c476f831-f2f2-43ec-a657-5ab87ecf62e6,prca04,likert5,1,5,True,validated,1
c476f831-f2f2-43ec-a657-5ab87ecf62e6,prca05,likert5,1,1,True,validated,0
c476f831-f2f2-43ec-a657-5ab87ecf62e6,prca06,likert5,4,2,True,validated,1
c476f831-f2f2-43ec-a657-5ab87ecf62e6,prca13,likert5,1,1,True,validated,0
c476f831-f2f2-43ec-a657-5ab87ecf62e6,prca14,likert5,4,2,True,validated,1
c476f831-f2f2-43ec-a657-5ab87ecf62e6,prca15,likert5,1,1,True,validated,0
c476f831-f2f2-43ec-a657-5ab87ecf62e6,prca16,likert5,2,4,True,validated,1
c476f831-f2f2-43ec-a657-5ab87ecf62e6,prca17,likert5,3,3,True,validated,1
c476f831-f2f2-43ec-a657-5ab87ecf62e6,prca18,likert5,1,1,True,validated,0
354f33ed-451b-45fe-a2f4-41bf57d7238e,prca01,likert5,1,1,True,validated,0
354f33ed-451b-45fe-a2f4-41bf57d7238e,prca02,likert5,1,5,True,validated,1
354f33ed-451b-45fe-a2f4-41bf57d7238e,prca03,likert5,1,1,True,validated,0
354f33ed-451b-45fe-a2f4-41bf57d7238e,prca04,likert5,2,4,True,validated,1
354f33ed-451b-45fe-a2f4-41bf57d7238e,prca05,likert5,3,3,True,validated,0
354f33ed-451b-45fe-a2f4-41bf57d7238e,prca06,likert5,1,5,True,validated,1
354f33ed-451b-45fe-a2f4-41bf57d7238e,prca13,likert5,1,1,True,validated,0
354f33ed-451b-45fe-a2f4-41bf57d7238e,prca14,likert5,2,4,True,validated,1
354f33ed-451b-45fe-a2f4-41bf57d7238e,prca15,likert5,1,1,True,validated,0
354f33ed-451b-45fe-a2f4-41bf57d7238e,prca16,likert5,4,2,True,validated,1
354f33ed-451b-45fe-a2f4-41bf57d7238e,prca17,likert5,1,5,True,validated,1
354f33ed-451b-45fe-a2f4-41bf57d7238e,prca18,likert5,3,3,True,validated,0
4a48b2dd-9059-4030-89fb-392a75b6a7ea,prca01,likert5,4,4,True,validated,0
4a48b2dd-9059-4030-89fb-392a75b6a7ea,prca02,likert5,2,4,True,validated,1
4a48b2dd-9059-4030-89fb-392a75b6a7ea,prca03,likert5,1,1,True,validated,0
4a48b2dd-9059-4030-89fb-392a75b6a7ea,prca04,likert5,4,2,True,validated,1
4a48b2dd-9059-4030-89fb-392a75b6a7ea,prca05,likert5,1,1,True,validated,0
4a48b2dd-9059-4030-89fb-392a75b6a7ea,prca06,likert5,1,5,True,validated,1
4a48b2dd-9059-4030-89fb-392a75b6a7ea,prca13,likert5,2,2,True,validated,0
4a48b2dd-9059-4030-89fb-392a75b6a7ea,prca14,likert5,3,3,True,validated,1
4a48b2dd-9059-4030-89fb-392a75b6a7ea,prca15,likert5,1,1,True,validated,0
4a48b2dd-9059-4030-89fb-392a75b6a7ea,prca16,likert5,1,5,True,validated,1
4a48b2dd-9059-4030-89fb-392a75b6a7ea,prca17,likert5,3,3,True,validated,1
4a48b2dd-9059-4030-89fb-392a75b6a7ea,prca18,likert5,2,2,True,validated,0
c1a196de-ce4d-47ca-8061-1a052f5b97fb,prca01,likert5,1,1,True,validated,0
c1a196de-ce4d-47ca-8061-1a052f5b97fb,prca02,likert5,1,5,True,validated,1
c1a196de-ce4d-47ca-8061-1a052f5b97fb,prca03,likert5,4,4,True,validated,0
c1a196de-ce4d-47ca-8061-1a052f5b97fb,prca04,likert5,1,5,True,validated,1
c1a196de-ce4d-47ca-8061-1a052f5b97fb,prca05,likert5,1,1,True,validated,0
c1a196de-ce4d-47ca-8061-1a052f5b97fb,prca06,likert5,1,5,True,validated,1
c1a196de-ce4d-47ca-8061-1a052f5b97fb,prca13,likert5,1,1,True,validated,0
c1a196de-ce4d-47ca-8061-1a052f5b97fb,prca14,likert5,4,2,True,validated,1
c1a196de-ce4d-47ca-8061-1a052f5b97fb,prca15,likert5,1,1,True,validated,0
c1a196de-ce4d-47ca-8061-1a052f5b97fb,prca16,likert5,1,5,True,validated,1
c1a196de-ce4d-47ca-8061-1a052f5b97fb,prca17,likert5,2,4,True,validated,1
c1a196de-ce4d-47ca-8061-1a052f5b97fb,prca18,likert5,1,1,True,validated,0
e4ed053f-9179-45b7-ab71-2856998e67c5,prca01,likert5,4,4,True,validated,0
e4ed053f-9179-45b7-ab71-2856998e67c5,prca02,likert5,4,2,True,validated,1
e4ed053f-9179-45b7-ab71-2856998e67c5,prca03,likert5,2,2,True,validated,0
e4ed053f-9179-45b7-ab71-2856998e67c5,prca04,likert5,1,5,True,validated,1
e4ed053f-9179-45b7-ab71-2856998e67c5,prca05,likert5,2,2,True,validated,0
e4ed053f-9179-45b7-ab71-2856998e67c5,prca06,likert5,1,5,True,validated,1
e4ed053f-9179-45b7-ab71-2856998e67c5,prca13,likert5,1,1,True,validated,0
e4ed053f-9179-45b7-ab71-2856998e67c5,prca14,likert5,3,3,True,validated,1
e4ed053f-9179-45b7-ab71-2856998e67c5,prca15,likert5,1,1,True,validated,0
e4ed053f-9179-45b7-ab71-2856998e67c5,prca16,likert5,3,3,True,validated,1
e4ed053f-9179-45b7-ab71-2856998e67c5,prca17,likert5,3,3,True,validated,1
e4ed053f-9179-45b7-ab71-2856998e67c5,prca18,likert5,2,2,True,validated,0
1b05a463-d338-428a-ba95-3acaebe605c3,prca01,likert5,1,1,True,validated,0
1b05a463-d338-428a-ba95-3acaebe605c3,prca02,likert5,2,4,True,validated,1
1b05a463-d338-428a-ba95-3acaebe605c3,prca03,likert5,1,1,True,validated,0
1b05a463-d338-428a-ba95-3acaebe605c3,prca04,likert5,4,2,True,validated,1
1b05a463-d338-428a-ba95-3acaebe605c3,prca05,likert5,2,2,True,validated,0
1b05a463-d338-428a-ba95-3acaebe605c3,prca06,likert5,1,5,True,validated,1
1b05a463-d338-428a-ba95-3acaebe605c3,prca13,likert5,1,1,True,validated,0
1b05a463-d338-428a-ba95-3acaebe605c3,prca14,likert5,1,5,True,validated,1
1b05a463-d338-428a-ba95-3acaebe605c3,prca15,likert5,1,1,True,validated,0
1b05a463-d338-428a-ba95-3acaebe605c3,prca16,likert5,1,5,True,validated,1
1b05a463-d338-428a-ba95-3acaebe605c3,prca17,likert5,1,5,True,validated,1
1b05a463-d338-428a-ba95-3acaebe605c3,prca18,likert5,2,2,True,validated,0
68b87bf9-9748-4f2e-9140-dd1d1b151839,prca01,likert5,4,4,True,validated,0
68b87bf9-9748-4f2e-9140-dd1d1b151839,prca02,likert5,3,3,True,validated,1
68b87bf9-9748-4f2e-9140-dd1d1b151839,prca03,likert5,4,4,True,validated,0
68b87bf9-9748-4f2e-9140-dd1d1b151839,prca04,likert5,1,5,True,validated,1
68b87bf9-9748-4f2e-9140-dd1d1b151839,prca05,likert5,4,4,True,validated,0
68b87bf9-9748-4f2e-9140-dd1d1b151839,prca06,likert5,1,5,True,validated,1
68b87bf9-9748-4f2e-9140-dd1d1b151839,prca13,likert5,1,1,True,validated,0
68b87bf9-9748-4f2e-9140-dd1d1b151839,prca14,likert5,1,5,True,validated,1
68b87bf9-9748-4f2e-9140-dd1d1b151839,prca15,likert5,2,2,True,validated,0
68b87bf9-9748-4f2e-9140-dd1d1b151839,prca16,likert5,1,5,True,validated,1
68b87bf9-9748-4f2e-9140-dd1d1b151839,prca17,likert5,2,4,True,validated,1
68b87bf9-9748-4f2e-9140-dd1d1b151839,prca18,likert5,4,4,True,validated,0
8821a673-c6b6-4391-91ae-8f80c6695ba7,prca01,likert5,1,1,True,validated,0
8821a673-c6b6-4391-91ae-8f80c6695ba7,prca02,likert5,1,5,True,validated,1
8821a673-c6b6-4391-91ae-8f80c6695ba7,prca03,likert5,2,2,True,validated,0
8821a673-c6b6-4391-91ae-8f80c6695ba7,prca04,likert5,4,2,True,validated,1
8821a673-c6b6-4391-91ae-8f80c6695ba7,prca05,likert5,4,4,True,validated,0
8821a673-c6b6-4391-91ae-8f80c6695ba7,prca06,likert5,4,2,True,validated,1
8821a673-c6b6-4391-91ae-8f80c6695ba7,prca13,likert5,1,1,True,validated,0
8821a673-c6b6-4391-91ae-8f80c6695ba7,prca14,likert5,1,5,True,validated,1
8821a673-c6b6-4391-91ae-8f80c6695ba7,prca15,likert5,2,2,True,validated,0
8821a673-c6b6-4391-91ae-8f80c6695ba7,prca16,likert5,1,5,True,validated,1
8821a673-c6b6-4391-91ae-8f80c6695ba7,prca17,likert5,1,5,True,validated,1
8821a673-c6b6-4391-91ae-8f80c6695ba7,prca18,likert5,1,1,True,validated,0
b6f7ee09-9c4d-4546-b1a0-efe152052e95,prca01,likert5,4,4,True,validated,0
b6f7ee09-9c4d-4546-b1a0-efe152052e95,prca02,likert5,4,2,True,validated,1
b6f7ee09-9c4d-4546-b1a0-efe152052e95,prca03,likert5,2,2,True,validated,0
b6f7ee09-9c4d-4546-b1a0-efe152052e95,prca04,likert5,4,2,True,validated,1
b6f7ee09-9c4d-4546-b1a0-efe152052e95,prca05,likert5,1,1,True,validated,0
b6f7ee09-9c4d-4546-b1a0-efe152052e95,prca06,likert5,1,5,True,validated,1
b6f7ee09-9c4d-4546-b1a0-efe152052e95,prca13,likert5,2,2,True,validated,0
b6f7ee09-9c4d-4546-b1a0-efe152052e95,prca14,likert5,1,5,True,validated,1
b6f7ee09-9c4d-4546-b1a0-efe152052e95,prca15,likert5,1,1,True,validated,0
b6f7ee09-9c4d-4546-b1a0-efe152052e95,prca16,likert5,2,4,True,validated,1
b6f7ee09-9c4d-4546-b1a0-efe152052e95,prca17,likert5,1,5,True,validated,1
b6f7ee09-9c4d-4546-b1a0-efe152052e95,prca18,likert5,4,4,True,validated,0
af0de5af-aeba-4673-9939-f5d935fe1ebd,prca01,likert5,1,1,True,validated,0
af0de5af-aeba-4673-9939-f5d935fe1ebd,prca02,likert5,1,5,True,validated,1
af0de5af-aeba-4673-9939-f5d935fe1ebd,prca03,likert5,1,1,True,validated,0
af0de5af-aeba-4673-9939-f5d935fe1ebd,prca04,likert5,2,4,True,validated,1
af0de5af-aeba-4673-9939-f5d935fe1ebd,prca05,likert5,1,1,True,validated,0
af0de5af-aeba-4673-9939-f5d935fe1ebd,prca06,likert5,4,2,True,validated,1
af0de5af-aeba-4673-9939-f5d935fe1ebd,prca13,likert5,1,1,True,validated,0
af0de5af-aeba-4673-9939-f5d935fe1ebd,prca14,likert5,2,4,True,validated,1
af0de5af-aeba-4673-9939-f5d935fe1ebd,prca15,likert5,1,1,True,validated,0
af0de5af-aeba-4673-9939-f5d935fe1ebd,prca16,likert5,1,5,True,validated,1
af0de5af-aeba-4673-9939-f5d935fe1ebd,prca17,likert5,1,5,True,validated,1
af0de5af-aeba-4673-9939-f5d935fe1ebd,prca18,likert5,4,4,True,validated,0
95778bc0-baca-4b18-bf74-ce10d92a16a0,prca01,likert5,1,1,True,validated,0
95778bc0-baca-4b18-bf74-ce10d92a16a0,prca02,likert5,1,5,True,validated,1
95778bc0-baca-4b18-bf74-ce10d92a16a0,prca03,likert5,1,1,True,validated,0
95778bc0-baca-4b18-bf74-ce10d92a16a0,prca04,likert5,1,5,True,validated,1
95778bc0-baca-4b18-bf74-ce10d92a16a0,prca05,likert5,1,1,True,validated,0
95778bc0-baca-4b18-bf74-ce10d92a16a0,prca06,likert5,2,4,True,validated,1
95778bc0-baca-4b18-bf74-ce10d92a16a0,prca13,likert5,4,4,True,validated,0
95778bc0-baca-4b18-bf74-ce10d92a16a0,prca14,likert5,1,5,True,validated,1
95778bc0-baca-4b18-bf74-ce10d92a16a0,prca15,likert5,1,1,True,validated,0
95778bc0-baca-4b18-bf74-ce10d92a16a0,prca16,likert5,4,2,True,validated,1
95778bc0-baca-4b18-bf74-ce10d92a16a0,prca17,likert5,4,2,True,validated,1
95778bc0-baca-4b18-bf74-ce10d92a16a0,prca18,likert5,1,1,True,validated,0
181caa02-007c-4dda-ac98-c0679e9670eb,prca01,likert5,4,4,True,validated,0
181caa02-007c-4dda-ac98-c0679e9670eb,prca02,likert5,1,5,True,validated,1
181caa02-007c-4dda-ac98-c0679e9670eb,prca03,likert5,4,4,True,validated,0
181caa02-007c-4dda-ac98-c0679e9670eb,prca04,likert5,2,4,True,validated,1
181caa02-007c-4dda-ac98-c0679e9670eb,prca05,likert5,1,1,True,validated,0
181caa02-007c-4dda-ac98-c0679e9670eb,prca06,likert5,1,5,True,validated,1
181caa02-007c-4dda-ac98-c0679e9670eb,prca13,likert5,1,1,True,validated,0
181caa02-007c-4dda-ac98-c0679e9670eb,prca14,likert5,2,4,True,validated,1
181caa02-007c-4dda-ac98-c0679e9670eb,prca15,likert5,1,1,True,validated,0
181caa02-007c-4dda-ac98-c0679e9670eb,prca16,likert5,1,5,True,validated,1
181caa02-007c-4dda-ac98-c0679e9670eb,prca17,likert5,2,4,True,validated,1
181caa02-007c-4dda-ac98-c0679e9670eb,prca18,likert5,1,1,True,validated,0
85cf1c77-5582-4af2-8ba8-7bb77a626910,prca01,likert5,1,1,True,validated,0
85cf1c77-5582-4af2-8ba8-7bb77a626910,prca02,likert5,1,5,True,validated,1
85cf1c77-5582-4af2-8ba8-7bb77a626910,prca03,likert5,1,1,True,validated,0
85cf1c77-5582-4af2-8ba8-7bb77a626910,prca04,likert5,4,2,True,validated,1
85cf1c77-5582-4af2-8ba8-7bb77a626910,prca05,likert5,1,1,True,validated,0
85cf1c77-5582-4af2-8ba8-7bb77a626910,prca06,likert5,1,5,True,validated,1
85cf1c77-5582-4af2-8ba8-7bb77a626910,prca13,likert5,4,4,True,validated,0
85cf1c77-5582-4af2-8ba8-7bb77a626910,prca14,likert5,1,5,True,validated,1
85cf1c77-5582-4af2-8ba8-7bb77a626910,prca15,likert5,1,1,True,validated,0
85cf1c77-5582-4af2-8ba8-7bb77a626910,prca16,likert5,4,2,True,validated,1
85cf1c77-5582-4af2-8ba8-7bb77a626910,prca17,likert5,4,2,True,validated,1
85cf1c77-5582-4af2-8ba8-7bb77a626910,prca18,likert5,1,1,True,validated,0
90df9123-171b-482e-8ef3-00bc582c566d,prca01,likert5,1,1,True,validated,0
90df9123-171b-482e-8ef3-00bc582c566d,prca02,likert5,2,4,True,validated,1
90df9123-171b-482e-8ef3-00bc582c566d,prca03,likert5,1,1,True,validated,0
90df9123-171b-482e-8ef3-00bc582c566d,prca04,likert5,2,4,True,validated,1
90df9123-171b-482e-8ef3-00bc582c566d,prca05,likert5,1,1,True,validated,0
90df9123-171b-482e-8ef3-00bc582c566d,prca06,likert5,4,2,True,validated,1
90df9123-171b-482e-8ef3-00bc582c566d,prca13,likert5,1,1,True,validated,0
90df9123-171b-482e-8ef3-00bc582c566d,prca14,likert5,1,5,True,validated,1
90df9123-171b-482e-8ef3-00bc582c566d,prca15,likert5,1,1,True,validated,0
90df9123-171b-482e-8ef3-00bc582c566d,prca16,likert5,1,5,True,validated,1
90df9123-171b-482e-8ef3-00bc582c566d,prca17,likert5,1,5,True,validated,1
90df9123-171b-482e-8ef3-00bc582c566d,prca18,likert5,1,1,True,validated,0
607cb6f2-6231-488e-853c-490b8565a0d0,prca01,likert5,2,2,True,validated,0
607cb6f2-6231-488e-853c-490b8565a0d0,prca02,likert5,2,4,True,validated,1
607cb6f2-6231-488e-853c-490b8565a0d0,prca03,likert5,2,2,True,validated,0
607cb6f2-6231-488e-853c-490b8565a0d0,prca04,likert5,3,3,True,validated,1
607cb6f2-6231-488e-853c-490b8565a0d0,prca05,likert5,1,1,True,validated,0
607cb6f2-6231-488e-853c-490b8565a0d0,prca06,likert5,1,5,True,validated,1
607cb6f2-6231-488e-853c-490b8565a0d0,prca13,likert5,2,2,True,validated,0
607cb6f2-6231-488e-853c-490b8565a0d0,prca14,likert5,1,5,True,validated,1
607cb6f2-6231-488e-853c-490b8565a0d0,prca15,likert5,4,4,True,validated,0
607cb6f2-6231-488e-853c-490b8565a0d0,prca16,likert5,2,4,True,validated,1
607cb6f2-6231-488e-853c-490b8565a0d0,prca17,likert5,1,5,True,validated,1
607cb6f2-6231-488e-853c-490b8565a0d0,prca18,likert5,1,1,True,validated,0
56b7a069-214e-4545-9ed6-b581ca4584d4,prca01,likert5,2,2,True,validated,0
56b7a069-214e-4545-9ed6-b581ca4584d4,prca02,likert5,4,2,True,validated,1
56b7a069-214e-4545-9ed6-b581ca4584d4,prca03,likert5,1,1,True,validated,0
56b7a069-214e-4545-9ed6-b581ca4584d4,prca04,likert5,4,2,True,validated,1
56b7a069-214e-4545-9ed6-b581ca4584d4,prca05,likert5,1,1,True,validated,0
56b7a069-214e-4545-9ed6-b581ca4584d4,prca06,likert5,4,2,True,validated,1
56b7a069-214e-4545-9ed6-b581ca4584d4,prca13,likert5,1,1,True,validated,0
56b7a069-214e-4545-9ed6-b581ca4584d4,prca14,likert5,2,4,True,validated,1
56b7a069-214e-4545-9ed6-b581ca4584d4,prca15,likert5,4,4,True,validated,0
56b7a069-214e-4545-9ed6-b581ca4584d4,prca16,likert5,1,5,True,validated,1
56b7a069-214e-4545-9ed6-b581ca4584d4,prca17,likert5,1,5,True,validated,1
56b7a069-214e-4545-9ed6-b581ca4584d4,prca18,likert5,1,1,True,validated,0
f4f870a4-71ed-4e1a-a510-6ea553ac0ff0,prca01,likert5,4,4,True,validated,0
f4f870a4-71ed-4e1a-a510-6ea553ac0ff0,prca02,likert5,2,4,True,validated,1
f4f870a4-71ed-4e1a-a510-6ea553ac0ff0,prca03,likert5,1,1,True,validated,0
f4f870a4-71ed-4e1a-a510-6ea553ac0ff0,prca04,likert5,1,5,True,validated,1
f4f870a4-71ed-4e1a-a510-6ea553ac0ff0,prca05,likert5,1,1,True,validated,0
f4f870a4-71ed-4e1a-a510-6ea553ac0ff0,prca06,likert5,1,5,True,validated,1
f4f870a4-71ed-4e1a-a510-6ea553ac0ff0,prca13,likert5,1,1,True,validated,0
f4f870a4-71ed-4e1a-a510-6ea553ac0ff0,prca14,likert5,1,5,True,validated,1
f4f870a4-71ed-4e1a-a510-6ea553ac0ff0,prca15,likert5,2,2,True,validated,0
f4f870a4-71ed-4e1a-a510-6ea553ac0ff0,prca16,likert5,2,4,True,validated,1
f4f870a4-71ed-4e1a-a510-6ea553ac0ff0,prca17,likert5,1,5,True,validated,1
f4f870a4-71ed-4e1a-a510-6ea553ac0ff0,prca18,likert5,1,1,True,validated,0
e6131828-5530-4453-8d3a-c733b794e732,prca01,likert5,2,2,True,validated,0
e6131828-5530-4453-8d3a-c733b794e732,prca02,likert5,1,5,True,validated,1
e6131828-5530-4453-8d3a-c733b794e732,prca03,likert5,1,1,True,validated,0
e6131828-5530-4453-8d3a-c733b794e732,prca04,likert5,2,4,True,validated,1
e6131828-5530-4453-8d3a-c733b794e732,prca05,likert5,1,1,True,validated,0
e6131828-5530-4453-8d3a-c733b794e732,prca06,likert5,4,2,True,validated,1
e6131828-5530-4453-8d3a-c733b794e732,prca13,likert5,2,2,True,validated,0
e6131828-5530-4453-8d3a-c733b794e732,prca14,likert5,4,2,True,validated,1
e6131828-5530-4453-8d3a-c733b794e732,prca15,likert5,2,2,True,validated,0
e6131828-5530-4453-8d3a-c733b794e732,prca16,likert5,2,4,True,validated,1
e6131828-5530-4453-8d3a-c733b794e732,prca17,likert5,2,4,True,validated,1
e6131828-5530-4453-8d3a-c733b794e732,prca18,likert5,2,2,True,validated,0
f7e6df49-0093-4aae-86ef-eb825c39ac32,prca01,likert5,4,4,True,validated,0
f7e6df49-0093-4aae-86ef-eb825c39ac32,prca02,likert5,4,2,True,validated,1
f7e6df49-0093-4aae-86ef-eb825c39ac32,prca03,likert5,4,4,True,validated,0
f7e6df49-0093-4aae-86ef-eb825c39ac32,prca04,likert5,4,2,True,validated,1
f7e6df49-0093-4aae-86ef-eb825c39ac32,prca05,likert5,1,1,True,validated,0
f7e6df49-0093-4aae-86ef-eb825c39ac32,prca06,likert5,1,5,True,validated,1
f7e6df49-0093-4aae-86ef-eb825c39ac32,prca13,likert5,4,4,True,validated,0
f7e6df49-0093-4aae-86ef-eb825c39ac32,prca14,likert5,2,4,True,validated,1
f7e6df49-0093-4aae-86ef-eb825c39ac32,prca15,likert5,4,4,True,validated,0
f7e6df49-0093-4aae-86ef-eb825c39ac32,prca16,likert5,4,2,True,validated,1
f7e6df49-0093-4aae-86ef-eb825c39ac32,prca17,likert5,2,4,True,validated,1
f7e6df49-0093-4aae-86ef-eb825c39ac32,prca18,likert5,4,4,True,validated,0
afa18fb1-b9f0-4294-b5d1-195d29466413,prca01,likert5,1,1,True,validated,0
afa18fb1-b9f0-4294-b5d1-195d29466413,prca02,likert5,2,4,True,validated,1
afa18fb1-b9f0-4294-b5d1-195d29466413,prca03,likert5,1,1,True,validated,0
afa18fb1-b9f0-4294-b5d1-195d29466413,prca04,likert5,4,2,True,validated,1
afa18fb1-b9f0-4294-b5d1-195d29466413,prca05,likert5,4,4,True,validated,0
afa18fb1-b9f0-4294-b5d1-195d29466413,prca06,likert5,4,2,True,validated,1
afa18fb1-b9f0-4294-b5d1-195d29466413,prca13,likert5,4,4,True,validated,0
afa18fb1-b9f0-4294-b5d1-195d29466413,prca14,likert5,1,5,True,validated,1
afa18fb1-b9f0-4294-b5d1-195d29466413,prca15,likert5,1,1,True,validated,0
afa18fb1-b9f0-4294-b5d1-195d29466413,prca16,likert5,1,5,True,validated,1
afa18fb1-b9f0-4294-b5d1-195d29466413,prca17,likert5,2,4,True,validated,1
afa18fb1-b9f0-4294-b5d1-195d29466413,prca18,likert5,4,4,True,validated,0
7c7d1453-57df-4acb-a99b-a646bba3bd78,prca01,likert5,1,1,True,validated,0
7c7d1453-57df-4acb-a99b-a646bba3bd78,prca02,likert5,2,4,True,validated,1
7c7d1453-57df-4acb-a99b-a646bba3bd78,prca03,likert5,3,3,True,validated,0
7c7d1453-57df-4acb-a99b-a646bba3bd78,prca04,likert5,1,5,True,validated,1
7c7d1453-57df-4acb-a99b-a646bba3bd78,prca05,likert5,1,1,True,validated,0
7c7d1453-57df-4acb-a99b-a646bba3bd78,prca06,likert5,2,4,True,validated,1
7c7d1453-57df-4acb-a99b-a646bba3bd78,prca13,likert5,2,2,True,validated,0
7c7d1453-57df-4acb-a99b-a646bba3bd78,prca14,likert5,4,2,True,validated,1
7c7d1453-57df-4acb-a99b-a646bba3bd78,prca15,likert5,1,1,True,validated,0
7c7d1453-57df-4acb-a99b-a646bba3bd78,prca16,likert5,1,5,True,validated,1
7c7d1453-57df-4acb-a99b-a646bba3bd78,prca17,likert5,4,2,True,validated,1
7c7d1453-57df-4acb-a99b-a646bba3bd78,prca18,likert5,1,1,True,validated,0
3a5a5dc8-f4bc-490e-a1ef-98192c48a5b6,prca01,likert5,4,4,True,validated,0
3a5a5dc8-f4bc-490e-a1ef-98192c48a5b6,prca02,likert5,4,2,True,validated,1
3a5a5dc8-f4bc-490e-a1ef-98192c48a5b6,prca03,likert5,2,2,True,validated,0
3a5a5dc8-f4bc-490e-a1ef-98192c48a5b6,prca04,likert5,1,5,True,validated,1
3a5a5dc8-f4bc-490e-a1ef-98192c48a5b6,prca05,likert5,1,1,True,validated,0
3a5a5dc8-f4bc-490e-a1ef-98192c48a5b6,prca06,likert5,4,2,True,validated,1
3a5a5dc8-f4bc-490e-a1ef-98192c48a5b6,prca13,likert5,1,1,True,validated,0
3a5a5dc8-f4bc-490e-a1ef-98192c48a5b6,prca14,likert5,1,5,True,validated,1
3a5a5dc8-f4bc-490e-a1ef-98192c48a5b6,prca15,likert5,4,4,True,validated,0
3a5a5dc8-f4bc-490e-a1ef-98192c48a5b6,prca16,likert5,1,5,True,validated,1
3a5a5dc8-f4bc-490e-a1ef-98192c48a5b6,prca17,likert5,1,5,True,validated,1
3a5a5dc8-f4bc-490e-a1ef-98192c48a5b6,prca18,likert5,1,1,True,validated,0
982d7213-0114-48f9-8f28-b5c848e3f5bf,prca01,likert5,1,1,True,validated,0
982d7213-0114-48f9-8f28-b5c848e3f5bf,prca02,likert5,2,4,True,validated,1
982d7213-0114-48f9-8f28-b5c848e3f5bf,prca03,likert5,4,4,True,validated,0
982d7213-0114-48f9-8f28-b5c848e3f5bf,prca04,likert5,1,5,True,validated,1
982d7213-0114-48f9-8f28-b5c848e3f5bf,prca05,likert5,4,4,True,validated,0
982d7213-0114-48f9-8f28-b5c848e3f5bf,prca06,likert5,4,2,True,validated,1
982d7213-0114-48f9-8f28-b5c848e3f5bf,prca13,likert5,1,1,True,validated,0
982d7213-0114-48f9-8f28-b5c848e3f5bf,prca14,likert5,2,4,True,validated,1
982d7213-0114-48f9-8f28-b5c848e3f5bf,prca15,likert5,1,1,True,validated,0
982d7213-0114-48f9-8f28-b5c848e3f5bf,prca16,likert5,1,5,True,validated,1
982d7213-0114-48f9-8f28-b5c848e3f5bf,prca17,likert5,1,5,True,validated,1
982d7213-0114-48f9-8f28-b5c848e3f5bf,prca18,likert5,1,1,True,validated,0
aa873c1a-cc64-40ab-a87a-41c008d5b605,prca01,likert5,4,4,True,validated,0
aa873c1a-cc64-40ab-a87a-41c008d5b605,prca02,likert5,1,5,True,validated,1
aa873c1a-cc64-40ab-a87a-41c008d5b605,prca03,likert5,1,1,True,validated,0
aa873c1a-cc64-40ab-a87a-41c008d5b605,prca04,likert5,1,5,True,validated,1
aa873c1a-cc64-40ab-a87a-41c008d5b605,prca05,likert5,1,1,True,validated,0
aa873c1a-cc64-40ab-a87a-41c008d5b605,prca06,likert5,4,2,True,validated,1
aa873c1a-cc64-40ab-a87a-41c008d5b605,prca13,likert5,1,1,True,validated,0
aa873c1a-cc64-40ab-a87a-41c008d5b605,prca14,likert5,1,5,True,validated,1
aa873c1a-cc64-40ab-a87a-41c008d5b605,prca15,likert5,1,1,True,validated,0
aa873c1a-cc64-40ab-a87a-41c008d5b605,prca16,likert5,1,5,True,validated,1
aa873c1a-cc64-40ab-a87a-41c008d5b605,prca17,likert5,4,2,True,validated,1
aa873c1a-cc64-40ab-a87a-41c008d5b605,prca18,likert5,1,1,True,validated,0
fc6e28e1-5f68-45e0-aded-2c72025c6c3d,prca01,likert5,1,1,True,validated,0
fc6e28e1-5f68-45e0-aded-2c72025c6c3d,prca02,likert5,1,5,True,validated,1
fc6e28e1-5f68-45e0-aded-2c72025c6c3d,prca03,likert5,1,1,True,validated,0
fc6e28e1-5f68-45e0-aded-2c72025c6c3d,prca04,likert5,4,2,True,validated,1
fc6e28e1-5f68-45e0-aded-2c72025c6c3d,prca05,likert5,1,1,True,validated,0
fc6e28e1-5f68-45e0-aded-2c72025c6c3d,prca06,likert5,1,5,True,validated,1
fc6e28e1-5f68-45e0-aded-2c72025c6c3d,prca13,likert5,1,1,True,validated,0
fc6e28e1-5f68-45e0-aded-2c72025c6c3d,prca14,likert5,1,5,True,validated,1
fc6e28e1-5f68-45e0-aded-2c72025c6c3d,prca15,likert5,1,1,True,validated,0
fc6e28e1-5f68-45e0-aded-2c72025c6c3d,prca16,likert5,1,5,True,validated,1
fc6e28e1-5f68-45e0-aded-2c72025c6c3d,prca17,likert5,4,2,True,validated,1
fc6e28e1-5f68-45e0-aded-2c72025c6c3d,prca18,likert5,1,1,True,validated,0
441e739e-aacc-4a0a-8052-7c1cf1924e18,prca01,likert5,1,1,True,validated,0
441e739e-aacc-4a0a-8052-7c1cf1924e18,prca02,likert5,1,5,True,validated,1
441e739e-aacc-4a0a-8052-7c1cf1924e18,prca03,likert5,4,4,True,validated,0
441e739e-aacc-4a0a-8052-7c1cf1924e18,prca04,likert5,1,5,True,validated,1
441e739e-aacc-4a0a-8052-7c1cf1924e18,prca05,likert5,2,2,True,validated,0
441e739e-aacc-4a0a-8052-7c1cf1924e18,prca06,likert5,2,4,True,validated,1
441e739e-aacc-4a0a-8052-7c1cf1924e18,prca13,likert5,1,1,True,validated,0
441e739e-aacc-4a0a-8052-7c1cf1924e18,prca14,likert5,1,5,True,validated,1
441e739e-aacc-4a0a-8052-7c1cf1924e18,prca15,likert5,1,1,True,validated,0
441e739e-aacc-4a0a-8052-7c1cf1924e18,prca16,likert5,1,5,True,validated,1
441e739e-aacc-4a0a-8052-7c1cf1924e18,prca17,likert5,1,5,True,validated,1
441e739e-aacc-4a0a-8052-7c1cf1924e18,prca18,likert5,1,1,True,validated,0
567365a5-e403-45a7-b7f8-03cf3c19c702,prca01,likert5,1,1,True,validated,0
567365a5-e403-45a7-b7f8-03cf3c19c702,prca02,likert5,1,5,True,validated,1
567365a5-e403-45a7-b7f8-03cf3c19c702,prca03,likert5,2,2,True,validated,0
567365a5-e403-45a7-b7f8-03cf3c19c702,prca04,likert5,2,4,True,validated,1
567365a5-e403-45a7-b7f8-03cf3c19c702,prca05,likert5,1,1,True,validated,0
567365a5-e403-45a7-b7f8-03cf3c19c702,prca06,likert5,4,2,True,validated,1
567365a5-e403-45a7-b7f8-03cf3c19c702,prca13,likert5,1,1,True,validated,0
567365a5-e403-45a7-b7f8-03cf3c19c702,prca14,likert5,1,5,True,validated,1
567365a5-e403-45a7-b7f8-03cf3c19c702,prca15,likert5,1,1,True,validated,0
567365a5-e403-45a7-b7f8-03cf3c19c702,prca16,likert5,1,5,True,validated,1
567365a5-e403-45a7-b7f8-03cf3c19c702,prca17,likert5,1,5,True,validated,1
567365a5-e403-45a7-b7f8-03cf3c19c702,prca18,likert5,4,4,True,validated,0
9e7a3e5c-5e52-43e5-b902-db4d3258b59c,prca01,likert5,1,1,True,validated,0
9e7a3e5c-5e52-43e5-b902-db4d3258b59c,prca02,likert5,1,5,True,validated,1
9e7a3e5c-5e52-43e5-b902-db4d3258b59c,prca03,likert5,2,2,True,validated,0
9e7a3e5c-5e52-43e5-b902-db4d3258b59c,prca04,likert5,1,5,True,validated,1
9e7a3e5c-5e52-43e5-b902-db4d3258b59c,prca05,likert5,1,1,True,validated,0
9e7a3e5c-5e52-43e5-b902-db4d3258b59c,prca06,likert5,4,2,True,validated,1
9e7a3e5c-5e52-43e5-b902-db4d3258b59c,prca13,likert5,1,1,True,validated,0
9e7a3e5c-5e52-43e5-b902-db4d3258b59c,prca14,likert5,4,2,True,validated,1
9e7a3e5c-5e52-43e5-b902-db4d3258b59c,prca15,likert5,4,4,True,validated,0
9e7a3e5c-5e52-43e5-b902-db4d3258b59c,prca16,likert5,1,5,True,validated,1
9e7a3e5c-5e52-43e5-b902-db4d3258b59c,prca17,likert5,1,5,True,validated,1
9e7a3e5c-5e52-43e5-b902-db4d3258b59c,prca18,likert5,1,1,True,validated,0
e501c343-fa92-495c-afda-bd31fbff1e1f,prca01,likert5,4,4,True,validated,0
e501c343-fa92-495c-afda-bd31fbff1e1f,prca02,likert5,4,2,True,validated,1
e501c343-fa92-495c-afda-bd31fbff1e1f,prca03,likert5,1,1,True,validated,0
e501c343-fa92-495c-afda-bd31fbff1e1f,prca04,likert5,1,5,True,validated,1
e501c343-fa92-495c-afda-bd31fbff1e1f,prca05,likert5,1,1,True,validated,0
e501c343-fa92-495c-afda-bd31fbff1e1f,prca06,likert5,1,5,True,validated,1
e501c343-fa92-495c-afda-bd31fbff1e1f,prca13,likert5,1,1,True,validated,0
e501c343-fa92-495c-afda-bd31fbff1e1f,prca14,likert5,1,5,True,validated,1
e501c343-fa92-495c-afda-bd31fbff1e1f,prca15,likert5,1,1,True,validated,0
e501c343-fa92-495c-afda-bd31fbff1e1f,prca16,likert5,4,2,True,validated,1
e501c343-fa92-495c-afda-bd31fbff1e1f,prca17,likert5,4,2,True,validated,1
e501c343-fa92-495c-afda-bd31fbff1e1f,prca18,likert5,4,4,True,validated,0
d2a2dbe5-2002-4cbd-8a0a-5e8c4145905a,prca01,likert5,2,2,True,validated,0
d2a2dbe5-2002-4cbd-8a0a-5e8c4145905a,prca02,likert5,1,5,True,validated,1
d2a2dbe5-2002-4cbd-8a0a-5e8c4145905a,prca03,likert5,1,1,True,validated,0
d2a2dbe5-2002-4cbd-8a0a-5e8c4145905a,prca04,likert5,1,5,True,validated,1
d2a2dbe5-2002-4cbd-8a0a-5e8c4145905a,prca05,likert5,1,1,True,validated,0
d2a2dbe5-2002-4cbd-8a0a-5e8c4145905a,prca06,likert5,1,5,True,validated,1
d2a2dbe5-2002-4cbd-8a0a-5e8c4145905a,prca13,likert5,1,1,True,validated,0
d2a2dbe5-2002-4cbd-8a0a-5e8c4145905a,prca14,likert5,1,5,True,validated,1
d2a2dbe5-2002-4cbd-8a0a-5e8c4145905a,prca15,likert5,1,1,True,validated,0
d2a2dbe5-2002-4cbd-8a0a-5e8c4145905a,prca16,likert5,1,5,True,validated,1
d2a2dbe5-2002-4cbd-8a0a-5e8c4145905a,prca17,likert5,1,5,True,validated,1
d2a2dbe5-2002-4cbd-8a0a-5e8c4145905a,prca18,likert5,2,2,True,validated,0
b4bee5df-17c3-40d2-b4cc-089b52dc1612,prca01,likert5,2,2,True,validated,0
b4bee5df-17c3-40d2-b4cc-089b52dc1612,prca02,likert5,1,5,True,validated,1
b4bee5df-17c3-40d2-b4cc-089b52dc1612,prca03,likert5,1,1,True,validated,0
b4bee5df-17c3-40d2-b4cc-089b52dc1612,prca04,likert5,2,4,True,validated,1
b4bee5df-17c3-40d2-b4cc-089b52dc1612,prca05,likert5,1,1,True,validated,0
b4bee5df-17c3-40d2-b4cc-089b52dc1612,prca06,likert5,1,5,True,validated,1
b4bee5df-17c3-40d2-b4cc-089b52dc1612,prca13,likert5,1,1,True,validated,0
b4bee5df-17c3-40d2-b4cc-089b52dc1612,prca14,likert5,1,5,True,validated,1
b4bee5df-17c3-40d2-b4cc-089b52dc1612,prca15,likert5,1,1,True,validated,0
b4bee5df-17c3-40d2-b4cc-089b52dc1612,prca16,likert5,1,5,True,validated,1
b4bee5df-17c3-40d2-b4cc-089b52dc1612,prca17,likert5,1,5,True,validated,1
b4bee5df-17c3-40d2-b4cc-089b52dc1612,prca18,likert5,4,4,True,validated,0
8a6ce794-8a69-426b-8f08-843a637ad03f,prca01,likert5,1,1,True,validated,0
8a6ce794-8a69-426b-8f08-843a637ad03f,prca02,likert5,2,4,True,validated,1
8a6ce794-8a69-426b-8f08-843a637ad03f,prca03,likert5,4,4,True,validated,0
8a6ce794-8a69-426b-8f08-843a637ad03f,prca04,likert5,1,5,True,validated,1
8a6ce794-8a69-426b-8f08-843a637ad03f,prca05,likert5,1,1,True,validated,0
8a6ce794-8a69-426b-8f08-843a637ad03f,prca06,likert5,4,2,True,validated,1
8a6ce794-8a69-426b-8f08-843a637ad03f,prca13,likert5,1,1,True,validated,0
8a6ce794-8a69-426b-8f08-843a637ad03f,prca14,likert5,4,2,True,validated,1
8a6ce794-8a69-426b-8f08-843a637ad03f,prca15,likert5,1,1,True,validated,0
8a6ce794-8a69-426b-8f08-843a637ad03f,prca16,likert5,4,2,True,validated,1
8a6ce794-8a69-426b-8f08-843a637ad03f,prca17,likert5,2,4,True,validated,1
8a6ce794-8a69-426b-8f08-843a637ad03f,prca18,likert5,1,1,True,validated,0
5a1b5e2b-0005-42e7-89a7-b41fe21062ee,prca01,likert5,4,4,True,validated,0
5a1b5e2b-0005-42e7-89a7-b41fe21062ee,prca02,likert5,1,5,True,validated,1
5a1b5e2b-0005-42e7-89a7-b41fe21062ee,prca03,likert5,1,1,True,validated,0
5a1b5e2b-0005-42e7-89a7-b41fe21062ee,prca04,likert5,1,5,True,validated,1
5a1b5e2b-0005-42e7-89a7-b41fe21062ee,prca05,likert5,4,4,True,validated,0
5a1b5e2b-0005-42e7-89a7-b41fe21062ee,prca06,likert5,4,2,True,validated,1
5a1b5e2b-0005-42e7-89a7-b41fe21062ee,prca13,likert5,1,1,True,validated,0
5a1b5e2b-0005-42e7-89a7-b41fe21062ee,prca14,likert5,2,4,True,validated,1
5a1b5e2b-0005-42e7-89a7-b41fe21062ee,prca15,likert5,1,1,True,validated,0
5a1b5e2b-0005-42e7-89a7-b41fe21062ee,prca16,likert5,1,5,True,validated,1
5a1b5e2b-0005-42e7-89a7-b41fe21062ee,prca17,likert5,2,4,True,validated,1
5a1b5e2b-0005-42e7-89a7-b41fe21062ee,prca18,likert5,1,1,True,validated,0
6f80152c-45d3-418a-8420-50836cb3c48c,prca01,likert5,1,1,True,validated,0
6f80152c-45d3-418a-8420-50836cb3c48c,prca02,likert5,1,5,True,validated,1
6f80152c-45d3-418a-8420-50836cb3c48c,prca03,likert5,1,1,True,validated,0
6f80152c-45d3-418a-8420-50836cb3c48c,prca04,likert5,4,2,True,validated,1
6f80152c-45d3-418a-8420-50836cb3c48c,prca05,likert5,1,1,True,validated,0
6f80152c-45d3-418a-8420-50836cb3c48c,prca06,likert5,2,4,True,validated,1
6f80152c-45d3-418a-8420-50836cb3c48c,prca13,likert5,1,1,True,validated,0
6f80152c-45d3-418a-8420-50836cb3c48c,prca14,likert5,4,2,True,validated,1
6f80152c-45d3-418a-8420-50836cb3c48c,prca15,likert5,4,4,True,validated,0
6f80152c-45d3-418a-8420-50836cb3c48c,prca16,likert5,1,5,True,validated,1
6f80152c-45d3-418a-8420-50836cb3c48c,prca17,likert5,1,5,True,validated,1
6f80152c-45d3-418a-8420-50836cb3c48c,prca18,likert5,1,1,True,validated,0
e04e63b5-0b2c-4de6-a4fa-5ad197d882a5,prca01,likert5,1,1,True,validated,0
e04e63b5-0b2c-4de6-a4fa-5ad197d882a5,prca02,likert5,1,5,True,validated,1
e04e63b5-0b2c-4de6-a4fa-5ad197d882a5,prca03,likert5,1,1,True,validated,0
e04e63b5-0b2c-4de6-a4fa-5ad197d882a5,prca04,likert5,2,4,True,validated,1
e04e63b5-0b2c-4de6-a4fa-5ad197d882a5,prca05,likert5,2,2,True,validated,0
e04e63b5-0b2c-4de6-a4fa-5ad197d882a5,prca06,likert5,1,5,True,validated,1
e04e63b5-0b2c-4de6-a4fa-5ad197d882a5,prca13,likert5,2,2,True,validated,0
e04e63b5-0b2c-4de6-a4fa-5ad197d882a5,prca14,likert5,2,4,True,validated,1
e04e63b5-0b2c-4de6-a4fa-5ad197d882a5,prca15,likert5,1,1,True,validated,0
e04e63b5-0b2c-4de6-a4fa-5ad197d882a5,prca16,likert5,4,2,True,validated,1
e04e63b5-0b2c-4de6-a4fa-5ad197d882a5,prca17,likert5,2,4,True,validated,1
e04e63b5-0b2c-4de6-a4fa-5ad197d882a5,prca18,likert5,1,1,True,validated,0
b94acafa-2b5c-444b-9ee2-1d32d709a61e,prca01,likert5,4,4,True,validated,0
b94acafa-2b5c-444b-9ee2-1d32d709a61e,prca02,likert5,1,5,True,validated,1
b94acafa-2b5c-444b-9ee2-1d32d709a61e,prca03,likert5,4,4,True,validated,0
b94acafa-2b5c-444b-9ee2-1d32d709a61e,prca04,likert5,4,2,True,validated,1
b94acafa-2b5c-444b-9ee2-1d32d709a61e,prca05,likert5,1,1,True,validated,0
b94acafa-2b5c-444b-9ee2-1d32d709a61e,prca06,likert5,2,4,True,validated,1
b94acafa-2b5c-444b-9ee2-1d32d709a61e,prca13,likert5,4,4,True,validated,0
b94acafa-2b5c-444b-9ee2-1d32d709a61e,prca14,likert5,1,5,True,validated,1
b94acafa-2b5c-444b-9ee2-1d32d709a61e,prca15,likert5,1,1,True,validated,0
b94acafa-2b5c-444b-9ee2-1d32d709a61e,prca16,likert5,4,2,True,validated,1
b94acafa-2b5c-444b-9ee2-1d32d709a61e,prca17,likert5,1,5,True,validated,1
b94acafa-2b5c-444b-9ee2-1d32d709a61e,prca18,likert5,1,1,True,validated,0
2f6da1bf-f44c-4344-a669-8ea7ad026cfa,prca01,likert5,1,1,True,validated,0
2f6da1bf-f44c-4344-a669-8ea7ad026cfa,prca02,likert5,1,5,True,validated,1
2f6da1bf-f44c-4344-a669-8ea7ad026cfa,prca03,likert5,2,2,True,validated,0
2f6da1bf-f44c-4344-a669-8ea7ad026cfa,prca04,likert5,2,4,True,validated,1
2f6da1bf-f44c-4344-a669-8ea7ad026cfa,prca05,likert5,1,1,True,validated,0
2f6da1bf-f44c-4344-a669-8ea7ad026cfa,prca06,likert5,4,2,True,validated,1
2f6da1bf-f44c-4344-a669-8ea7ad026cfa,prca13,likert5,1,1,True,validated,0
2f6da1bf-f44c-4344-a669-8ea7ad026cfa,prca14,likert5,1,5,True,validated,1
2f6da1bf-f44c-4344-a669-8ea7ad026cfa,prca15,likert5,1,1,True,validated,0
2f6da1bf-f44c-4344-a669-8ea7ad026cfa,prca16,likert5,1,5,True,validated,1
2f6da1bf-f44c-4344-a669-8ea7ad026cfa,prca17,likert5,2,4,True,validated,1
2f6da1bf-f44c-4344-a669-8ea7ad026cfa,prca18,likert5,1,1,True,validated,0
382b14a2-f642-444c-bbac-10b3a7e78d31,prca01,likert5,1,1,True,validated,0
382b14a2-f642-444c-bbac-10b3a7e78d31,prca02,likert5,1,5,True,validated,1
382b14a2-f642-444c-bbac-10b3a7e78d31,prca03,likert5,4,4,True,validated,0
382b14a2-f642-444c-bbac-10b3a7e78d31,prca04,likert5,4,2,True,validated,1
382b14a2-f642-444c-bbac-10b3a7e78d31,prca05,likert5,1,1,True,validated,0
382b14a2-f642-444c-bbac-10b3a7e78d31,prca06,likert5,2,4,True,validated,1
382b14a2-f642-444c-bbac-10b3a7e78d31,prca13,likert5,1,1,True,validated,0
382b14a2-f642-444c-bbac-10b3a7e78d31,prca14,likert5,1,5,True,validated,1
382b14a2-f642-444c-bbac-10b3a7e78d31,prca15,likert5,4,4,True,validated,0
382b14a2-f642-444c-bbac-10b3a7e78d31,prca16,likert5,2,4,True,validated,1
382b14a2-f642-444c-bbac-10b3a7e78d31,prca17,likert5,1,5,True,validated,1
382b14a2-f642-444c-bbac-10b3a7e78d31,prca18,likert5,1,1,True,validated,0
450844da-79c4-4a25-ac95-79c2e2a9d1ab,prca01,likert5,4,4,True,validated,0
450844da-79c4-4a25-ac95-79c2e2a9d1ab,prca02,likert5,1,5,True,validated,1
450844da-79c4-4a25-ac95-79c2e2a9d1ab,prca03,likert5,1,1,True,validated,0
450844da-79c4-4a25-ac95-79c2e2a9d1ab,prca04,likert5,4,2,True,validated,1
450844da-79c4-4a25-ac95-79c2e2a9d1ab,prca05,likert5,1,1,True,validated,0
450844da-79c4-4a25-ac95-79c2e2a9d1ab,prca06,likert5,2,4,True,validated,1
450844da-79c4-4a25-ac95-79c2e2a9d1ab,prca13,likert5,1,1,True,validated,0
450844da-79c4-4a25-ac95-79c2e2a9d1ab,prca14,likert5,4,2,True,validated,1
450844da-79c4-4a25-ac95-79c2e2a9d1ab,prca15,likert5,4,4,True,validated,0
450844da-79c4-4a25-ac95-79c2e2a9d1ab,prca16,likert5,2,4,True,validated,1
450844da-79c4-4a25-ac95-79c2e2a9d1ab,prca17,likert5,1,5,True,validated,1
450844da-79c4-4a25-ac95-79c2e2a9d1ab,prca18,likert5,4,4,True,validated,0
5f9e6f46-f5e3-4a35-a755-14d86ec3bac4,prca01,likert5,4,4,True,validated,0
5f9e6f46-f5e3-4a35-a755-14d86ec3bac4,prca02,likert5,1,5,True,validated,1
5f9e6f46-f5e3-4a35-a755-14d86ec3bac4,prca03,likert5,2,2,True,validated,0
5f9e6f46-f5e3-4a35-a755-14d86ec3bac4,prca04,likert5,1,5,True,validated,1
5f9e6f46-f5e3-4a35-a755-14d86ec3bac4,prca05,likert5,1,1,True,validated,0
5f9e6f46-f5e3-4a35-a755-14d86ec3bac4,prca06,likert5,1,5,True,validated,1
5f9e6f46-f5e3-4a35-a755-14d86ec3bac4,prca13,likert5,4,4,True,validated,0
5f9e6f46-f5e3-4a35-a755-14d86ec3bac4,prca14,likert5,4,2,True,validated,1
5f9e6f46-f5e3-4a35-a755-14d86ec3bac4,prca15,likert5,1,1,True,validated,0
5f9e6f46-f5e3-4a35-a755-14d86ec3bac4,prca16,likert5,1,5,True,validated,1
5f9e6f46-f5e3-4a35-a755-14d86ec3bac4,prca17,likert5,4,2,True,validated,1
5f9e6f46-f5e3-4a35-a755-14d86ec3bac4,prca18,likert5,4,4,True,validated,0
7a118560-39f3-4259-825a-1081b4307583,prca01,likert5,4,4,True,validated,0
7a118560-39f3-4259-825a-1081b4307583,prca02,likert5,1,5,True,validated,1
7a118560-39f3-4259-825a-1081b4307583,prca03,likert5,1,1,True,validated,0
7a118560-39f3-4259-825a-1081b4307583,prca04,likert5,4,2,True,validated,1
7a118560-39f3-4259-825a-1081b4307583,prca05,likert5,4,4,True,validated,0
7a118560-39f3-4259-825a-1081b4307583,prca06,likert5,1,5,True,validated,1
7a118560-39f3-4259-825a-1081b4307583,prca13,likert5,1,1,True,validated,0
7a118560-39f3-4259-825a-1081b4307583,prca14,likert5,1,5,True,validated,1
7a118560-39f3-4259-825a-1081b4307583,prca15,likert5,1,1,True,validated,0
7a118560-39f3-4259-825a-1081b4307583,prca16,likert5,1,5,True,validated,1
7a118560-39f3-4259-825a-1081b4307583,prca17,likert5,1,5,True,validated,1
7a118560-39f3-4259-825a-1081b4307583,prca18,likert5,4,4,True,validated,0
93f9f5a3-fe2c-455d-9005-8f9bd025386e,prca01,likert5,1,1,True,validated,0
93f9f5a3-fe2c-455d-9005-8f9bd025386e,prca02,likert5,3,3,True,validated,1
93f9f5a3-fe2c-455d-9005-8f9bd025386e,prca03,likert5,1,1,True,validated,0
93f9f5a3-fe2c-455d-9005-8f9bd025386e,prca04,likert5,1,5,True,validated,1
93f9f5a3-fe2c-455d-9005-8f9bd025386e,prca05,likert5,1,1,True,validated,0
93f9f5a3-fe2c-455d-9005-8f9bd025386e,prca06,likert5,1,5,True,validated,1
93f9f5a3-fe2c-455d-9005-8f9bd025386e,prca13,likert5,1,1,True,validated,0
93f9f5a3-fe2c-455d-9005-8f9bd025386e,prca14,likert5,1,5,True,validated,1
93f9f5a3-fe2c-455d-9005-8f9bd025386e,prca15,likert5,1,1,True,validated,0
93f9f5a3-fe2c-455d-9005-8f9bd025386e,prca16,likert5,1,5,True,validated,1
93f9f5a3-fe2c-455d-9005-8f9bd025386e,prca17,likert5,4,2,True,validated,1
93f9f5a3-fe2c-455d-9005-8f9bd025386e,prca18,likert5,1,1,True,validated,0
4a932dca-6135-4e31-9d8f-b77126086aab,prca01,likert5,1,1,True,validated,0
4a932dca-6135-4e31-9d8f-b77126086aab,prca02,likert5,1,5,True,validated,1
4a932dca-6135-4e31-9d8f-b77126086aab,prca03,likert5,1,1,True,validated,0
4a932dca-6135-4e31-9d8f-b77126086aab,prca04,likert5,4,2,True,validated,1
4a932dca-6135-4e31-9d8f-b77126086aab,prca05,likert5,1,1,True,validated,0
4a932dca-6135-4e31-9d8f-b77126086aab,prca06,likert5,1,5,True,validated,1
4a932dca-6135-4e31-9d8f-b77126086aab,prca13,likert5,2,2,True,validated,0
4a932dca-6135-4e31-9d8f-b77126086aab,prca14,likert5,1,5,True,validated,1
4a932dca-6135-4e31-9d8f-b77126086aab,prca15,likert5,1,1,True,validated,0
4a932dca-6135-4e31-9d8f-b77126086aab,prca16,likert5,1,5,True,validated,1
4a932dca-6135-4e31-9d8f-b77126086aab,prca17,likert5,2,4,True,validated,1
4a932dca-6135-4e31-9d8f-b77126086aab,prca18,likert5,1,1,True,validated,0
a2696314-bd16-4968-be04-68b4c746cbf1,prca01,likert5,1,1,True,validated,0
a2696314-bd16-4968-be04-68b4c746cbf1,prca02,likert5,4,2,True,validated,1
a2696314-bd16-4968-be04-68b4c746cbf1,prca03,likert5,2,2,True,validated,0
a2696314-bd16-4968-be04-68b4c746cbf1,prca04,likert5,2,4,True,validated,1
a2696314-bd16-4968-be04-68b4c746cbf1,prca05,likert5,1,1,True,validated,0
a2696314-bd16-4968-be04-68b4c746cbf1,prca06,likert5,1,5,True,validated,1
a2696314-bd16-4968-be04-68b4c746cbf1,prca13,likert5,1,1,True,validated,0
a2696314-bd16-4968-be04-68b4c746cbf1,prca14,likert5,2,4,True,validated,1
a2696314-bd16-4968-be04-68b4c746cbf1,prca15,likert5,1,1,True,validated,0
a2696314-bd16-4968-be04-68b4c746cbf1,prca16,likert5,4,2,True,validated,1
a2696314-bd16-4968-be04-68b4c746cbf1,prca17,likert5,2,4,True,validated,1
a2696314-bd16-4968-be04-68b4c746cbf1,prca18,likert5,1,1,True,validated,0
4252882d-690b-49d7-9ea4-abbae17d1ab0,prca01,likert5,3,3,True,validated,0
4252882d-690b-49d7-9ea4-abbae17d1ab0,prca02,likert5,1,5,True,validated,1
4252882d-690b-49d7-9ea4-abbae17d1ab0,prca03,likert5,3,3,True,validated,0
4252882d-690b-49d7-9ea4-abbae17d1ab0,prca04,likert5,1,5,True,validated,1
4252882d-690b-49d7-9ea4-abbae17d1ab0,prca05,likert5,1,1,True,validated,0
4252882d-690b-49d7-9ea4-abbae17d1ab0,prca06,likert5,1,5,True,validated,1
4252882d-690b-49d7-9ea4-abbae17d1ab0,prca13,likert5,1,1,True,validated,0
4252882d-690b-49d7-9ea4-abbae17d1ab0,prca14,likert5,3,3,True,validated,1
4252882d-690b-49d7-9ea4-abbae17d1ab0,prca15,likert5,4,4,True,validated,0
4252882d-690b-49d7-9ea4-abbae17d1ab0,prca16,likert5,1,5,True,validated,1
4252882d-690b-49d7-9ea4-abbae17d1ab0,prca17,likert5,1,5,True,validated,1
4252882d-690b-49d7-9ea4-abbae17d1ab0,prca18,likert5,4,4,True,validated,0
472837e7-9808-457c-af68-ad9ccc6b0ff9,prca01,likert5,1,1,True,validated,0
472837e7-9808-457c-af68-ad9ccc6b0ff9,prca02,likert5,2,4,True,validated,1
472837e7-9808-457c-af68-ad9ccc6b0ff9,prca03,likert5,1,1,True,validated,0
472837e7-9808-457c-af68-ad9ccc6b0ff9,prca04,likert5,1,5,True,validated,1
472837e7-9808-457c-af68-ad9ccc6b0ff9,prca05,likert5,2,2,True,validated,0
472837e7-9808-457c-af68-ad9ccc6b0ff9,prca06,likert5,2,4,True,validated,1
472837e7-9808-457c-af68-ad9ccc6b0ff9,prca13,likert5,1,1,True,validated,0
472837e7-9808-457c-af68-ad9ccc6b0ff9,prca14,likert5,1,5,True,validated,1
472837e7-9808-457c-af68-ad9ccc6b0ff9,prca15,likert5,4,4,True,validated,0
472837e7-9808-457c-af68-ad9ccc6b0ff9,prca16,likert5,4,2,True,validated,1
472837e7-9808-457c-af68-ad9ccc6b0ff9,prca17,likert5,1,5,True,validated,1
472837e7-9808-457c-af68-ad9ccc6b0ff9,prca18,likert5,4,4,True,validated,0
d485f08e-edc2-4ba5-9b3f-60d614b2d940,prca01,likert5,1,1,True,validated,0
d485f08e-edc2-4ba5-9b3f-60d614b2d940,prca02,likert5,2,4,True,validated,1
d485f08e-edc2-4ba5-9b3f-60d614b2d940,prca03,likert5,3,3,True,validated,0
d485f08e-edc2-4ba5-9b3f-60d614b2d940,prca04,likert5,3,3,True,validated,1
d485f08e-edc2-4ba5-9b3f-60d614b2d940,prca05,likert5,4,4,True,validated,0
d485f08e-edc2-4ba5-9b3f-60d614b2d940,prca06,likert5,1,5,True,validated,1
d485f08e-edc2-4ba5-9b3f-60d614b2d940,prca13,likert5,1,1,True,validated,0
d485f08e-edc2-4ba5-9b3f-60d614b2d940,prca14,likert5,1,5,True,validated,1
d485f08e-edc2-4ba5-9b3f-60d614b2d940,prca15,likert5,4,4,True,validated,0
d485f08e-edc2-4ba5-9b3f-60d614b2d940,prca16,likert5,2,4,True,validated,1
d485f08e-edc2-4ba5-9b3f-60d614b2d940,prca17,likert5,1,5,True,validated,1
d485f08e-edc2-4ba5-9b3f-60d614b2d940,prca18,likert5,1,1,True,validated,0
41963ed5-089c-406d-9bfd-eade60334bb3,prca01,likert5,3,3,True,validated,0
41963ed5-089c-406d-9bfd-eade60334bb3,prca02,likert5,1,5,True,validated,1
41963ed5-089c-406d-9bfd-eade60334bb3,prca03,likert5,1,1,True,validated,0
41963ed5-089c-406d-9bfd-eade60334bb3,prca04,likert5,2,4,True,validated,1
41963ed5-089c-406d-9bfd-eade60334bb3,prca05,likert5,1,1,True,validated,0
41963ed5-089c-406d-9bfd-eade60334bb3,prca06,likert5,2,4,True,validated,1
41963ed5-089c-406d-9bfd-eade60334bb3,prca13,likert5,1,1,True,validated,0
41963ed5-089c-406d-9bfd-eade60334bb3,prca14,likert5,4,2,True,validated,1
41963ed5-089c-406d-9bfd-eade60334bb3,prca15,likert5,1,1,True,validated,0
41963ed5-089c-406d-9bfd-eade60334bb3,prca16,likert5,1,5,True,validated,1
41963ed5-089c-406d-9bfd-eade60334bb3,prca17,likert5,4,2,True,validated,1
41963ed5-089c-406d-9bfd-eade60334bb3,prca18,likert5,4,4,True,validated,0
e9cc06ea-9c6b-4be8-94da-7641b4f86bc7,prca01,likert5,2,2,True,validated,0
e9cc06ea-9c6b-4be8-94da-7641b4f86bc7,prca02,likert5,1,5,True,validated,1
e9cc06ea-9c6b-4be8-94da-7641b4f86bc7,prca03,likert5,4,4,True,validated,0
e9cc06ea-9c6b-4be8-94da-7641b4f86bc7,prca04,likert5,4,2,True,validated,1
e9cc06ea-9c6b-4be8-94da-7641b4f86bc7,prca05,likert5,4,4,True,validated,0
e9cc06ea-9c6b-4be8-94da-7641b4f86bc7,prca06,likert5,4,2,True,validated,1
e9cc06ea-9c6b-4be8-94da-7641b4f86bc7,prca13,likert5,1,1,True,validated,0
e9cc06ea-9c6b-4be8-94da-7641b4f86bc7,prca14,likert5,4,2,True,validated,1
e9cc06ea-9c6b-4be8-94da-7641b4f86bc7,prca15,likert5,1,1,True,validated,0
e9cc06ea-9c6b-4be8-94da-7641b4f86bc7,prca16,likert5,1,5,True,validated,1
e9cc06ea-9c6b-4be8-94da-7641b4f86bc7,prca17,likert5,3,3,True,validated,1
e9cc06ea-9c6b-4be8-94da-7641b4f86bc7,prca18,likert5,4,4,True,validated,0
c3e1bfc4-797d-4108-9f2f-b04f18047ade,prca01,likert5,4,4,True,validated,0
c3e1bfc4-797d-4108-9f2f-b04f18047ade,prca02,likert5,1,5,True,validated,1
c3e1bfc4-797d-4108-9f2f-b04f18047ade,prca03,likert5,4,4,True,validated,0
c3e1bfc4-797d-4108-9f2f-b04f18047ade,prca04,likert5,4,2,True,validated,1
c3e1bfc4-797d-4108-9f2f-b04f18047ade,prca05,likert5,1,1,True,validated,0
c3e1bfc4-797d-4108-9f2f-b04f18047ade,prca06,likert5,1,5,True,validated,1
c3e1bfc4-797d-4108-9f2f-b04f18047ade,prca13,likert5,1,1,True,validated,0
c3e1bfc4-797d-4108-9f2f-b04f18047ade,prca14,likert5,1,5,True,validated,1
c3e1bfc4-797d-4108-9f2f-b04f18047ade,prca15,likert5,1,1,True,validated,0
c3e1bfc4-797d-4108-9f2f-b04f18047ade,prca16,likert5,1,5,True,validated,1
c3e1bfc4-797d-4108-9f2f-b04f18047ade,prca17,likert5,1,5,True,validated,1
c3e1bfc4-797d-4108-9f2f-b04f18047ade,prca18,likert5,1,1,True,validated,0
aef87294-8f99-4ebb-a325-823901556260,prca01,likert5,1,1,True,validated,0
aef87294-8f99-4ebb-a325-823901556260,prca02,likert5,1,5,True,validated,1
aef87294-8f99-4ebb-a325-823901556260,prca03,likert5,1,1,True,validated,0
aef87294-8f99-4ebb-a325-823901556260,prca04,likert5,2,4,True,validated,1
aef87294-8f99-4ebb-a325-823901556260,prca05,likert5,1,1,True,validated,0
aef87294-8f99-4ebb-a325-823901556260,prca06,likert5,1,5,True,validated,1
aef87294-8f99-4ebb-a325-823901556260,prca13,likert5,1,1,True,validated,0
aef87294-8f99-4ebb-a325-823901556260,prca14,likert5,3,3,True,validated,1
aef87294-8f99-4ebb-a325-823901556260,prca15,likert5,1,1,True,validated,0
aef87294-8f99-4ebb-a325-823901556260,prca16,likert5,1,5,True,validated,1
aef87294-8f99-4ebb-a325-823901556260,prca17,likert5,1,5,True,validated,1
aef87294-8f99-4ebb-a325-823901556260,prca18,likert5,4,4,True,validated,0
f2f95924-7f17-47ac-ac6d-2ea496e756c7,prca01,likert5,1,1,True,validated,0
f2f95924-7f17-47ac-ac6d-2ea496e756c7,prca02,likert5,4,2,True,validated,1
f2f95924-7f17-47ac-ac6d-2ea496e756c7,prca03,likert5,1,1,True,validated,0
f2f95924-7f17-47ac-ac6d-2ea496e756c7,prca04,likert5,2,4,True,validated,1
f2f95924-7f17-47ac-ac6d-2ea496e756c7,prca05,likert5,1,1,True,validated,0
f2f95924-7f17-47ac-ac6d-2ea496e756c7,prca06,likert5,1,5,True,validated,1
f2f95924-7f17-47ac-ac6d-2ea496e756c7,prca13,likert5,1,1,True,validated,0
f2f95924-7f17-47ac-ac6d-2ea496e756c7,prca14,likert5,4,2,True,validated,1
f2f95924-7f17-47ac-ac6d-2ea496e756c7,prca15,likert5,1,1,True,validated,0
f2f95924-7f17-47ac-ac6d-2ea496e756c7,prca16,likert5,1,5,True,validated,1
f2f95924-7f17-47ac-ac6d-2ea496e756c7,prca17,likert5,2,4,True,validated,1
f2f95924-7f17-47ac-ac6d-2ea496e756c7,prca18,likert5,1,1,True,validated,0
f3329196-d6e7-44f4-b13e-2594553fcb2b,prca01,likert5,1,1,True,validated,0
f3329196-d6e7-44f4-b13e-2594553fcb2b,prca02,likert5,1,5,True,validated,1
f3329196-d6e7-44f4-b13e-2594553fcb2b,prca03,likert5,1,1,True,validated,0
f3329196-d6e7-44f4-b13e-2594553fcb2b,prca04,likert5,2,4,True,validated,1
f3329196-d6e7-44f4-b13e-2594553fcb2b,prca05,likert5,2,2,True,validated,0
f3329196-d6e7-44f4-b13e-2594553fcb2b,prca06,likert5,1,5,True,validated,1
f3329196-d6e7-44f4-b13e-2594553fcb2b,prca13,likert5,2,2,True,validated,0
f3329196-d6e7-44f4-b13e-2594553fcb2b,prca14,likert5,1,5,True,validated,1
f3329196-d6e7-44f4-b13e-2594553fcb2b,prca15,likert5,2,2,True,validated,0
f3329196-d6e7-44f4-b13e-2594553fcb2b,prca16,likert5,1,5,True,validated,1
f3329196-d6e7-44f4-b13e-2594553fcb2b,prca17,likert5,2,4,True,validated,1
f3329196-d6e7-44f4-b13e-2594553fcb2b,prca18,likert5,1,1,True,validated,0
99520075-1ff0-4909-b7a6-8d187264fc7d,prca01,likert5,1,1,True,validated,0
99520075-1ff0-4909-b7a6-8d187264fc7d,prca02,likert5,2,4,True,validated,1
99520075-1ff0-4909-b7a6-8d187264fc7d,prca03,likert5,1,1,True,validated,0
99520075-1ff0-4909-b7a6-8d187264fc7d,prca04,likert5,2,4,True,validated,1
99520075-1ff0-4909-b7a6-8d187264fc7d,prca05,likert5,1,1,True,validated,0
99520075-1ff0-4909-b7a6-8d187264fc7d,prca06,likert5,4,2,True,validated,1
99520075-1ff0-4909-b7a6-8d187264fc7d,prca13,likert5,1,1,True,validated,0
99520075-1ff0-4909-b7a6-8d187264fc7d,prca14,likert5,1,5,True,validated,1
99520075-1ff0-4909-b7a6-8d187264fc7d,prca15,likert5,1,1,True,validated,0
99520075-1ff0-4909-b7a6-8d187264fc7d,prca16,likert5,1,5,True,validated,1
99520075-1ff0-4909-b7a6-8d187264fc7d,prca17,likert5,2,4,True,validated,1
99520075-1ff0-4909-b7a6-8d187264fc7d,prca18,likert5,1,1,True,validated,0
6c17e4b5-1015-4922-a6ad-e30c797744da,prca01,likert5,4,4,True,validated,0
6c17e4b5-1015-4922-a6ad-e30c797744da,prca02,likert5,4,2,True,validated,1
6c17e4b5-1015-4922-a6ad-e30c797744da,prca03,likert5,4,4,True,validated,0
6c17e4b5-1015-4922-a6ad-e30c797744da,prca04,likert5,2,4,True,validated,1
6c17e4b5-1015-4922-a6ad-e30c797744da,prca05,likert5,1,1,True,validated,0
6c17e4b5-1015-4922-a6ad-e30c797744da,prca06,likert5,1,5,True,validated,1
6c17e4b5-1015-4922-a6ad-e30c797744da,prca13,likert5,4,4,True,validated,0
6c17e4b5-1015-4922-a6ad-e30c797744da,prca14,likert5,4,2,True,validated,1
6c17e4b5-1015-4922-a6ad-e30c797744da,prca15,likert5,1,1,True,validated,0
6c17e4b5-1015-4922-a6ad-e30c797744da,prca16,likert5,1,5,True,validated,1
6c17e4b5-1015-4922-a6ad-e30c797744da,prca17,likert5,4,2,True,validated,1
6c17e4b5-1015-4922-a6ad-e30c797744da,prca18,likert5,4,4,True,validated,0
a7775163-528b-48c8-a1ac-d5a1061feca1,prca01,likert5,4,4,True,validated,0
a7775163-528b-48c8-a1ac-d5a1061feca1,prca02,likert5,1,5,True,validated,1
a7775163-528b-48c8-a1ac-d5a1061feca1,prca03,likert5,1,1,True,validated,0
a7775163-528b-48c8-a1ac-d5a1061feca1,prca04,likert5,2,4,True,validated,1
a7775163-528b-48c8-a1ac-d5a1061feca1,prca05,likert5,1,1,True,validated,0
a7775163-528b-48c8-a1ac-d5a1061feca1,prca06,likert5,1,5,True,validated,1
a7775163-528b-48c8-a1ac-d5a1061feca1,prca13,likert5,1,1,True,validated,0
a7775163-528b-48c8-a1ac-d5a1061feca1,prca14,likert5,3,3,True,validated,1
a7775163-528b-48c8-a1ac-d5a1061feca1,prca15,likert5,2,2,True,validated,0
a7775163-528b-48c8-a1ac-d5a1061feca1,prca16,likert5,1,5,True,validated,1
a7775163-528b-48c8-a1ac-d5a1061feca1,prca17,likert5,1,5,True,validated,1
a7775163-528b-48c8-a1ac-d5a1061feca1,prca18,likert5,4,4,True,validated,0
f9910b92-0f2a-458e-96c1-34d716f58f9b,prca01,likert5,1,1,True,validated,0
f9910b92-0f2a-458e-96c1-34d716f58f9b,prca02,likert5,1,5,True,validated,1
f9910b92-0f2a-458e-96c1-34d716f58f9b,prca03,likert5,1,1,True,validated,0
f9910b92-0f2a-458e-96c1-34d716f58f9b,prca04,likert5,2,4,True,validated,1
f9910b92-0f2a-458e-96c1-34d716f58f9b,prca05,likert5,1,1,True,validated,0
f9910b92-0f2a-458e-96c1-34d716f58f9b,prca06,likert5,1,5,True,validated,1
f9910b92-0f2a-458e-96c1-34d716f58f9b,prca13,likert5,4,4,True,validated,0
f9910b92-0f2a-458e-96c1-34d716f58f9b,prca14,likert5,1,5,True,validated,1
f9910b92-0f2a-458e-96c1-34d716f58f9b,prca15,likert5,1,1,True,validated,0
f9910b92-0f2a-458e-96c1-34d716f58f9b,prca16,likert5,1,5,True,validated,1
f9910b92-0f2a-458e-96c1-34d716f58f9b,prca17,likert5,1,5,True,validated,1
f9910b92-0f2a-458e-96c1-34d716f58f9b,prca18,likert5,1,1,True,validated,0
d8e9ea02-4c45-4a3d-b957-d5a1d767b2f2,prca01,likert5,1,1,True,validated,0
d8e9ea02-4c45-4a3d-b957-d5a1d767b2f2,prca02,likert5,2,4,True,validated,1
d8e9ea02-4c45-4a3d-b957-d5a1d767b2f2,prca03,likert5,1,1,True,validated,0
d8e9ea02-4c45-4a3d-b957-d5a1d767b2f2,prca04,likert5,2,4,True,validated,1
d8e9ea02-4c45-4a3d-b957-d5a1d767b2f2,prca05,likert5,1,1,True,validated,0
d8e9ea02-4c45-4a3d-b957-d5a1d767b2f2,prca06,likert5,4,2,True,validated,1
d8e9ea02-4c45-4a3d-b957-d5a1d767b2f2,prca13,likert5,1,1,True,validated,0
d8e9ea02-4c45-4a3d-b957-d5a1d767b2f2,prca14,likert5,1,5,True,validated,1
d8e9ea02-4c45-4a3d-b957-d5a1d767b2f2,prca15,likert5,1,1,True,validated,0
d8e9ea02-4c45-4a3d-b957-d5a1d767b2f2,prca16,likert5,4,2,True,validated,1
d8e9ea02-4c45-4a3d-b957-d5a1d767b2f2,prca17,likert5,2,4,True,validated,1
d8e9ea02-4c45-4a3d-b957-d5a1d767b2f2,prca18,likert5,4,4,True,validated,0
383958dc-682e-4169-9b4c-0f1a1eceeeed,prca01,likert5,3,3,True,validated,0
383958dc-682e-4169-9b4c-0f1a1eceeeed,prca02,likert5,1,5,True,validated,1
383958dc-682e-4169-9b4c-0f1a1eceeeed,prca03,likert5,4,4,True,validated,0
383958dc-682e-4169-9b4c-0f1a1eceeeed,prca04,likert5,3,3,True,validated,1
383958dc-682e-4169-9b4c-0f1a1eceeeed,prca05,likert5,4,4,True,validated,0
383958dc-682e-4169-9b4c-0f1a1eceeeed,prca06,likert5,1,5,True,validated,1
383958dc-682e-4169-9b4c-0f1a1eceeeed,prca13,likert5,1,1,True,validated,0
383958dc-682e-4169-9b4c-0f1a1eceeeed,prca14,likert5,1,5,True,validated,1
383958dc-682e-4169-9b4c-0f1a1eceeeed,prca15,likert5,1,1,True,validated,0
383958dc-682e-4169-9b4c-0f1a1eceeeed,prca16,likert5,1,5,True,validated,1
383958dc-682e-4169-9b4c-0f1a1eceeeed,prca17,likert5,1,5,True,validated,1
383958dc-682e-4169-9b4c-0f1a1eceeeed,prca18,likert5,1,1,True,validated,0
c6d5ef7c-a3a6-4d83-94cf-5687561e5158,prca01,likert5,1,1,True,validated,0
c6d5ef7c-a3a6-4d83-94cf-5687561e5158,prca02,likert5,2,4,True,validated,1
c6d5ef7c-a3a6-4d83-94cf-5687561e5158,prca03,likert5,1,1,True,validated,0
c6d5ef7c-a3a6-4d83-94cf-5687561e5158,prca04,likert5,1,5,True,validated,1
c6d5ef7c-a3a6-4d83-94cf-5687561e5158,prca05,likert5,4,4,True,validated,0
c6d5ef7c-a3a6-4d83-94cf-5687561e5158,prca06,likert5,1,5,True,validated,1
c6d5ef7c-a3a6-4d83-94cf-5687561e5158,prca13,likert5,1,1,True,validated,0
c6d5ef7c-a3a6-4d83-94cf-5687561e5158,prca14,likert5,4,2,True,validated,1
c6d5ef7c-a3a6-4d83-94cf-5687561e5158,prca15,likert5,1,1,True,validated,0
c6d5ef7c-a3a6-4d83-94cf-5687561e5158,prca16,likert5,1,5,True,validated,1
c6d5ef7c-a3a6-4d83-94cf-5687561e5158,prca17,likert5,1,5,True,validated,1
c6d5ef7c-a3a6-4d83-94cf-5687561e5158,prca18,likert5,2,2,True,validated,0
82694008-f487-4bde-9a55-1d04b3d23e63,prca01,likert5,4,4,True,validated,0
82694008-f487-4bde-9a55-1d04b3d23e63,prca02,likert5,2,4,True,validated,1
82694008-f487-4bde-9a55-1d04b3d23e63,prca03,likert5,1,1,True,validated,0
82694008-f487-4bde-9a55-1d04b3d23e63,prca04,likert5,1,5,True,validated,1
82694008-f487-4bde-9a55-1d04b3d23e63,prca05,likert5,1,1,True,validated,0
82694008-f487-4bde-9a55-1d04b3d23e63,prca06,likert5,1,5,True,validated,1
82694008-f487-4bde-9a55-1d04b3d23e63,prca13,likert5,1,1,True,validated,0
82694008-f487-4bde-9a55-1d04b3d23e63,prca14,likert5,1,5,True,validated,1
82694008-f487-4bde-9a55-1d04b3d23e63,prca15,likert5,1,1,True,validated,0
82694008-f487-4bde-9a55-1d04b3d23e63,prca16,likert5,1,5,True,validated,1
82694008-f487-4bde-9a55-1d04b3d23e63,prca17,likert5,3,3,True,validated,1
82694008-f487-4bde-9a55-1d04b3d23e63,prca18,likert5,1,1,True,validated,0
213d184c-fc58-4329-8e35-3a8788af5536,prca01,likert5,1,1,True,validated,0
213d184c-fc58-4329-8e35-3a8788af5536,prca02,likert5,1,5,True,validated,1
213d184c-fc58-4329-8e35-3a8788af5536,prca03,likert5,4,4,True,validated,0
213d184c-fc58-4329-8e35-3a8788af5536,prca04,likert5,2,4,True,validated,1
213d184c-fc58-4329-8e35-3a8788af5536,prca05,likert5,1,1,True,validated,0
213d184c-fc58-4329-8e35-3a8788af5536,prca06,likert5,4,2,True,validated,1
213d184c-fc58-4329-8e35-3a8788af5536,prca13,likert5,1,1,True,validated,0
213d184c-fc58-4329-8e35-3a8788af5536,prca14,likert5,4,2,True,validated,1
213d184c-fc58-4329-8e35-3a8788af5536,prca15,likert5,1,1,True,validated,0
213d184c-fc58-4329-8e35-3a8788af5536,prca16,likert5,1,5,True,validated,1
213d184c-fc58-4329-8e35-3a8788af5536,prca17,likert5,1,5,True,validated,1
213d184c-fc58-4329-8e35-3a8788af5536,prca18,likert5,1,1,True,validated,0
60a93807-5e7f-4296-bcb9-11186410dbcb,prca01,likert5,3,3,True,validated,0
60a93807-5e7f-4296-bcb9-11186410dbcb,prca02,likert5,2,4,True,validated,1
60a93807-5e7f-4296-bcb9-11186410dbcb,prca03,likert5,1,1,True,validated,0
60a93807-5e7f-4296-bcb9-11186410dbcb,prca04,likert5,1,5,True,validated,1
60a93807-5e7f-4296-bcb9-11186410dbcb,prca05,likert5,1,1,True,validated,0
60a93807-5e7f-4296-bcb9-11186410dbcb,prca06,likert5,1,5,True,validated,1
60a93807-5e7f-4296-bcb9-11186410dbcb,prca13,likert5,1,1,True,validated,0
60a93807-5e7f-4296-bcb9-11186410dbcb,prca14,likert5,1,5,True,validated,1
60a93807-5e7f-4296-bcb9-11186410dbcb,prca15,likert5,1,1,True,validated,0
60a93807-5e7f-4296-bcb9-11186410dbcb,prca16,likert5,1,5,True,validated,1
60a93807-5e7f-4296-bcb9-11186410dbcb,prca17,likert5,2,4,True,validated,1
60a93807-5e7f-4296-bcb9-11186410dbcb,prca18,likert5,1,1,True,validated,0
ce0f96a6-30e2-46f3-8864-1a32b08ab943,prca01,likert5,2,2,True,validated,0
ce0f96a6-30e2-46f3-8864-1a32b08ab943,prca02,likert5,1,5,True,validated,1
ce0f96a6-30e2-46f3-8864-1a32b08ab943,prca03,likert5,1,1,True,validated,0
ce0f96a6-30e2-46f3-8864-1a32b08ab943,prca04,likert5,2,4,True,validated,1
ce0f96a6-30e2-46f3-8864-1a32b08ab943,prca05,likert5,1,1,True,validated,0
ce0f96a6-30e2-46f3-8864-1a32b08ab943,prca06,likert5,2,4,True,validated,1
ce0f96a6-30e2-46f3-8864-1a32b08ab943,prca13,likert5,1,1,True,validated,0
ce0f96a6-30e2-46f3-8864-1a32b08ab943,prca14,likert5,4,2,True,validated,1
ce0f96a6-30e2-46f3-8864-1a32b08ab943,prca15,likert5,1,1,True,validated,0
ce0f96a6-30e2-46f3-8864-1a32b08ab943,prca16,likert5,1,5,True,validated,1
ce0f96a6-30e2-46f3-8864-1a32b08ab943,prca17,likert5,1,5,True,validated,1
ce0f96a6-30e2-46f3-8864-1a32b08ab943,prca18,likert5,1,1,True,validated,0
0db9ea75-d1d8-42eb-9d01-2630cabeca98,prca01,likert5,1,1,True,validated,0
0db9ea75-d1d8-42eb-9d01-2630cabeca98,prca02,likert5,2,4,True,validated,1
0db9ea75-d1d8-42eb-9d01-2630cabeca98,prca03,likert5,1,1,True,validated,0
0db9ea75-d1d8-42eb-9d01-2630cabeca98,prca04,likert5,1,5,True,validated,1
0db9ea75-d1d8-42eb-9d01-2630cabeca98,prca05,likert5,4,4,True,validated,0
0db9ea75-d1d8-42eb-9d01-2630cabeca98,prca06,likert5,1,5,True,validated,1
0db9ea75-d1d8-42eb-9d01-2630cabeca98,prca13,likert5,1,1,True,validated,0
0db9ea75-d1d8-42eb-9d01-2630cabeca98,prca14,likert5,1,5,True,validated,1
0db9ea75-d1d8-42eb-9d01-2630cabeca98,prca15,likert5,4,4,True,validated,0
0db9ea75-d1d8-42eb-9d01-2630cabeca98,prca16,likert5,1,5,True,validated,1
0db9ea75-d1d8-42eb-9d01-2630cabeca98,prca17,likert5,1,5,True,validated,1
0db9ea75-d1d8-42eb-9d01-2630cabeca98,prca18,likert5,4,4,True,validated,0
467ed740-11f2-45d1-9eb0-4761ee9077fe,prca01,likert5,1,1,True,validated,0
467ed740-11f2-45d1-9eb0-4761ee9077fe,prca02,likert5,1,5,True,validated,1
467ed740-11f2-45d1-9eb0-4761ee9077fe,prca03,likert5,1,1,True,validated,0
467ed740-11f2-45d1-9eb0-4761ee9077fe,prca04,likert5,1,5,True,validated,1
467ed740-11f2-45d1-9eb0-4761ee9077fe,prca05,likert5,1,1,True,validated,0
467ed740-11f2-45d1-9eb0-4761ee9077fe,prca06,likert5,1,5,True,validated,1
467ed740-11f2-45d1-9eb0-4761ee9077fe,prca13,likert5,4,4,True,validated,0
467ed740-11f2-45d1-9eb0-4761ee9077fe,prca14,likert5,1,5,True,validated,1
467ed740-11f2-45d1-9eb0-4761ee9077fe,prca15,likert5,1,1,True,validated,0
467ed740-11f2-45d1-9eb0-4761ee9077fe,prca16,likert5,1,5,True,validated,1
467ed740-11f2-45d1-9eb0-4761ee9077fe,prca17,likert5,1,5,True,validated,1
467ed740-11f2-45d1-9eb0-4761ee9077fe,prca18,likert5,1,1,True,validated,0
86e58c01-42d9-43fb-af74-1b7fda9a9410,prca01,likert5,2,2,True,validated,0
86e58c01-42d9-43fb-af74-1b7fda9a9410,prca02,likert5,4,2,True,validated,1
86e58c01-42d9-43fb-af74-1b7fda9a9410,prca03,likert5,4,4,True,validated,0
86e58c01-42d9-43fb-af74-1b7fda9a9410,prca04,likert5,4,2,True,validated,1
86e58c01-42d9-43fb-af74-1b7fda9a9410,prca05,likert5,4,4,True,validated,0
86e58c01-42d9-43fb-af74-1b7fda9a9410,prca06,likert5,1,5,True,validated,1
86e58c01-42d9-43fb-af74-1b7fda9a9410,prca13,likert5,1,1,True,validated,0
86e58c01-42d9-43fb-af74-1b7fda9a9410,prca14,likert5,1,5,True,validated,1
86e58c01-42d9-43fb-af74-1b7fda9a9410,prca15,likert5,4,4,True,validated,0
86e58c01-42d9-43fb-af74-1b7fda9a9410,prca16,likert5,1,5,True,validated,1
86e58c01-42d9-43fb-af74-1b7fda9a9410,prca17,likert5,4,2,True,validated,1
86e58c01-42d9-43fb-af74-1b7fda9a9410,prca18,likert5,1,1,True,validated,0
d66afc3d-77a0-4d13-9f59-d319fc703d49,prca01,likert5,1,1,True,validated,0
d66afc3d-77a0-4d13-9f59-d319fc703d49,prca02,likert5,1,5,True,validated,1
d66afc3d-77a0-4d13-9f59-d319fc703d49,prca03,likert5,1,1,True,validated,0
d66afc3d-77a0-4d13-9f59-d319fc703d49,prca04,likert5,1,5,True,validated,1
d66afc3d-77a0-4d13-9f59-d319fc703d49,prca05,likert5,1,1,True,validated,0
d66afc3d-77a0-4d13-9f59-d319fc703d49,prca06,likert5,1,5,True,validated,1
d66afc3d-77a0-4d13-9f59-d319fc703d49,prca13,likert5,1,1,True,validated,0
d66afc3d-77a0-4d13-9f59-d319fc703d49,prca14,likert5,4,2,True,validated,1
d66afc3d-77a0-4d13-9f59-d319fc703d49,prca15,likert5,1,1,True,validated,0
d66afc3d-77a0-4d13-9f59-d319fc703d49,prca16,likert5,4,2,True,validated,1
d66afc3d-77a0-4d13-9f59-d319fc703d49,prca17,likert5,2,4,True,validated,1
d66afc3d-77a0-4d13-9f59-d319fc703d49,prca18,likert5,4,4,True,validated,0
e1b251f5-9a1c-4635-83d1-3ebfbb8586b8,prca01,likert5,4,4,True,validated,0
e1b251f5-9a1c-4635-83d1-3ebfbb8586b8,prca02,likert5,2,4,True,validated,1
e1b251f5-9a1c-4635-83d1-3ebfbb8586b8,prca03,likert5,1,1,True,validated,0
e1b251f5-9a1c-4635-83d1-3ebfbb8586b8,prca04,likert5,4,2,True,validated,1
e1b251f5-9a1c-4635-83d1-3ebfbb8586b8,prca05,likert5,4,4,True,validated,0
e1b251f5-9a1c-4635-83d1-3ebfbb8586b8,prca06,likert5,2,4,True,validated,1
e1b251f5-9a1c-4635-83d1-3ebfbb8586b8,prca13,likert5,2,2,True,validated,0
e1b251f5-9a1c-4635-83d1-3ebfbb8586b8,prca14,likert5,4,2,True,validated,1
e1b251f5-9a1c-4635-83d1-3ebfbb8586b8,prca15,likert5,1,1,True,validated,0
e1b251f5-9a1c-4635-83d1-3ebfbb8586b8,prca16,likert5,4,2,True,validated,1
e1b251f5-9a1c-4635-83d1-3ebfbb8586b8,prca17,likert5,1,5,True,validated,1
e1b251f5-9a1c-4635-83d1-3ebfbb8586b8,prca18,likert5,1,1,True,validated,0
455eea83-12b9-472b-b1a6-02492dc0fa3e,prca01,likert5,1,1,True,validated,0
455eea83-12b9-472b-b1a6-02492dc0fa3e,prca02,likert5,4,2,True,validated,1
455eea83-12b9-472b-b1a6-02492dc0fa3e,prca03,likert5,1,1,True,validated,0
455eea83-12b9-472b-b1a6-02492dc0fa3e,prca04,likert5,4,2,True,validated,1
455eea83-12b9-472b-b1a6-02492dc0fa3e,prca05,likert5,1,1,True,validated,0
455eea83-12b9-472b-b1a6-02492dc0fa3e,prca06,likert5,2,4,True,validated,1
455eea83-12b9-472b-b1a6-02492dc0fa3e,prca13,likert5,1,1,True,validated,0
455eea83-12b9-472b-b1a6-02492dc0fa3e,prca14,likert5,1,5,True,validated,1
455eea83-12b9-472b-b1a6-02492dc0fa3e,prca15,likert5,1,1,True,validated,0
455eea83-12b9-472b-b1a6-02492dc0fa3e,prca16,likert5,1,5,True,validated,1
455eea83-12b9-472b-b1a6-02492dc0fa3e,prca17,likert5,4,2,True,validated,1
455eea83-12b9-472b-b1a6-02492dc0fa3e,prca18,likert5,1,1,True,validated,0
5a2d882b-80cd-402f-8c58-ca26e1948b0f,prca01,likert5,1,1,True,validated,0
5a2d882b-80cd-402f-8c58-ca26e1948b0f,prca02,likert5,1,5,True,validated,1
5a2d882b-80cd-402f-8c58-ca26e1948b0f,prca03,likert5,4,4,True,validated,0
5a2d882b-80cd-402f-8c58-ca26e1948b0f,prca04,likert5,1,5,True,validated,1
5a2d882b-80cd-402f-8c58-ca26e1948b0f,prca05,likert5,1,1,True,validated,0
5a2d882b-80cd-402f-8c58-ca26e1948b0f,prca06,likert5,1,5,True,validated,1
5a2d882b-80cd-402f-8c58-ca26e1948b0f,prca13,likert5,1,1,True,validated,0
5a2d882b-80cd-402f-8c58-ca26e1948b0f,prca14,likert5,1,5,True,validated,1
5a2d882b-80cd-402f-8c58-ca26e1948b0f,prca15,likert5,1,1,True,validated,0
5a2d882b-80cd-402f-8c58-ca26e1948b0f,prca16,likert5,4,2,True,validated,1
5a2d882b-80cd-402f-8c58-ca26e1948b0f,prca17,likert5,1,5,True,validated,1
5a2d882b-80cd-402f-8c58-ca26e1948b0f,prca18,likert5,1,1,True,validated,0
2f0e445b-3ae3-4499-9cac-0733158e428e,prca01,likert5,1,1,True,validated,0
2f0e445b-3ae3-4499-9cac-0733158e428e,prca02,likert5,4,2,True,validated,1
2f0e445b-3ae3-4499-9cac-0733158e428e,prca03,likert5,1,1,True,validated,0
2f0e445b-3ae3-4499-9cac-0733158e428e,prca04,likert5,1,5,True,validated,1
2f0e445b-3ae3-4499-9cac-0733158e428e,prca05,likert5,1,1,True,validated,0
2f0e445b-3ae3-4499-9cac-0733158e428e,prca06,likert5,1,5,True,validated,1
2f0e445b-3ae3-4499-9cac-0733158e428e,prca13,likert5,1,1,True,validated,0
2f0e445b-3ae3-4499-9cac-0733158e428e,prca14,likert5,2,4,True,validated,1
2f0e445b-3ae3-4499-9cac-0733158e428e,prca15,likert5,1,1,True,validated,0
2f0e445b-3ae3-4499-9cac-0733158e428e,prca16,likert5,1,5,True,validated,1
2f0e445b-3ae3-4499-9cac-0733158e428e,prca17,likert5,1,5,True,validated,1
2f0e445b-3ae3-4499-9cac-0733158e428e,prca18,likert5,4,4,True,validated,0
f95c2812-a395-440c-8539-153c14f873dc,prca01,likert5,1,1,True,validated,0
f95c2812-a395-440c-8539-153c14f873dc,prca02,likert5,1,5,True,validated,1
f95c2812-a395-440c-8539-153c14f873dc,prca03,likert5,1,1,True,validated,0
f95c2812-a395-440c-8539-153c14f873dc,prca04,likert5,2,4,True,validated,1
f95c2812-a395-440c-8539-153c14f873dc,prca05,likert5,2,2,True,validated,0
f95c2812-a395-440c-8539-153c14f873dc,prca06,likert5,1,5,True,validated,1
f95c2812-a395-440c-8539-153c14f873dc,prca13,likert5,1,1,True,validated,0
f95c2812-a395-440c-8539-153c14f873dc,prca14,likert5,1,5,True,validated,1
f95c2812-a395-440c-8539-153c14f873dc,prca15,likert5,4,4,True,validated,0
f95c2812-a395-440c-8539-153c14f873dc,prca16,likert5,1,5,True,validated,1
f95c2812-a395-440c-8539-153c14f873dc,prca17,likert5,3,3,True,validated,1
f95c2812-a395-440c-8539-153c14f873dc,prca18,likert5,4,4,True,validated,0
2aa04c22-5e5b-4957-b6a3-6b359deac0d8,prca01,likert5,1,1,True,validated,0
2aa04c22-5e5b-4957-b6a3-6b359deac0d8,prca02,likert5,4,2,True,validated,1
2aa04c22-5e5b-4957-b6a3-6b359deac0d8,prca03,likert5,1,1,True,validated,0
2aa04c22-5e5b-4957-b6a3-6b359deac0d8,prca04,likert5,4,2,True,validated,1
2aa04c22-5e5b-4957-b6a3-6b359deac0d8,prca05,likert5,2,2,True,validated,0
2aa04c22-5e5b-4957-b6a3-6b359deac0d8,prca06,likert5,1,5,True,validated,1
2aa04c22-5e5b-4957-b6a3-6b359deac0d8,prca13,likert5,1,1,True,validated,0
2aa04c22-5e5b-4957-b6a3-6b359deac0d8,prca14,likert5,1,5,True,validated,1
2aa04c22-5e5b-4957-b6a3-6b359deac0d8,prca15,likert5,4,4,True,validated,0
2aa04c22-5e5b-4957-b6a3-6b359deac0d8,prca16,likert5,1,5,True,validated,1
2aa04c22-5e5b-4957-b6a3-6b359deac0d8,prca17,likert5,1,5,True,validated,1
2aa04c22-5e5b-4957-b6a3-6b359deac0d8,prca18,likert5,1,1,True,validated,0
b0b4a924-a7f2-4973-bfa2-86d5443220b3,prca01,likert5,1,1,True,validated,0
b0b4a924-a7f2-4973-bfa2-86d5443220b3,prca02,likert5,1,5,True,validated,1
b0b4a924-a7f2-4973-bfa2-86d5443220b3,prca03,likert5,1,1,True,validated,0
b0b4a924-a7f2-4973-bfa2-86d5443220b3,prca04,likert5,1,5,True,validated,1
b0b4a924-a7f2-4973-bfa2-86d5443220b3,prca05,likert5,1,1,True,validated,0
b0b4a924-a7f2-4973-bfa2-86d5443220b3,prca06,likert5,1,5,True,validated,1
b0b4a924-a7f2-4973-bfa2-86d5443220b3,prca13,likert5,2,2,True,validated,0
b0b4a924-a7f2-4973-bfa2-86d5443220b3,prca14,likert5,1,5,True,validated,1
b0b4a924-a7f2-4973-bfa2-86d5443220b3,prca15,likert5,1,1,True,validated,0
b0b4a924-a7f2-4973-bfa2-86d5443220b3,prca16,likert5,1,5,True,validated,1
b0b4a924-a7f2-4973-bfa2-86d5443220b3,prca17,likert5,1,5,True,validated,1
b0b4a924-a7f2-4973-bfa2-86d5443220b3,prca18,likert5,1,1,True,validated,0
4e0b7143-44ba-46ca-b120-7aeb8895c6cd,prca01,likert5,4,4,True,validated,0
4e0b7143-44ba-46ca-b120-7aeb8895c6cd,prca02,likert5,3,3,True,validated,1
4e0b7143-44ba-46ca-b120-7aeb8895c6cd,prca03,likert5,1,1,True,validated,0
4e0b7143-44ba-46ca-b120-7aeb8895c6cd,prca04,likert5,4,2,True,validated,1
4e0b7143-44ba-46ca-b120-7aeb8895c6cd,prca05,likert5,4,4,True,validated,0
4e0b7143-44ba-46ca-b120-7aeb8895c6cd,prca06,likert5,1,5,True,validated,1
4e0b7143-44ba-46ca-b120-7aeb8895c6cd,prca13,likert5,1,1,True,validated,0
4e0b7143-44ba-46ca-b120-7aeb8895c6cd,prca14,likert5,4,2,True,validated,1
4e0b7143-44ba-46ca-b120-7aeb8895c6cd,prca15,likert5,2,2,True,validated,0
4e0b7143-44ba-46ca-b120-7aeb8895c6cd,prca16,likert5,4,2,True,validated,1
4e0b7143-44ba-46ca-b120-7aeb8895c6cd,prca17,likert5,4,2,True,validated,1
4e0b7143-44ba-46ca-b120-7aeb8895c6cd,prca18,likert5,1,1,True,validated,0
47c58b6c-9f46-40d9-ab15-9b38f056d7d4,prca01,likert5,4,4,True,validated,0
47c58b6c-9f46-40d9-ab15-9b38f056d7d4,prca02,likert5,1,5,True,validated,1
47c58b6c-9f46-40d9-ab15-9b38f056d7d4,prca03,likert5,1,1,True,validated,0
47c58b6c-9f46-40d9-ab15-9b38f056d7d4,prca04,likert5,1,5,True,validated,1
47c58b6c-9f46-40d9-ab15-9b38f056d7d4,prca05,likert5,2,2,True,validated,0
47c58b6c-9f46-40d9-ab15-9b38f056d7d4,prca06,likert5,1,5,True,validated,1
47c58b6c-9f46-40d9-ab15-9b38f056d7d4,prca13,likert5,4,4,True,validated,0
47c58b6c-9f46-40d9-ab15-9b38f056d7d4,prca14,likert5,1,5,True,validated,1
47c58b6c-9f46-40d9-ab15-9b38f056d7d4,prca15,likert5,4,4,True,validated,0
47c58b6c-9f46-40d9-ab15-9b38f056d7d4,prca16,likert5,1,5,True,validated,1
47c58b6c-9f46-40d9-ab15-9b38f056d7d4,prca17,likert5,2,4,True,validated,1
47c58b6c-9f46-40d9-ab15-9b38f056d7d4,prca18,likert5,1,1,True,validated,0
543562c1-9c4e-45a9-b201-b976afccc654,prca01,likert5,1,1,True,validated,0
543562c1-9c4e-45a9-b201-b976afccc654,prca02,likert5,1,5,True,validated,1
543562c1-9c4e-45a9-b201-b976afccc654,prca03,likert5,1,1,True,validated,0
543562c1-9c4e-45a9-b201-b976afccc654,prca04,likert5,3,3,True,validated,1
543562c1-9c4e-45a9-b201-b976afccc654,prca05,likert5,4,4,True,validated,0
543562c1-9c4e-45a9-b201-b976afccc654,prca06,likert5,1,5,True,validated,1
543562c1-9c4e-45a9-b201-b976afccc654,prca13,likert5,1,1,True,validated,0
543562c1-9c4e-45a9-b201-b976afccc654,prca14,likert5,1,5,True,validated,1
543562c1-9c4e-45a9-b201-b976afccc654,prca15,likert5,1,1,True,validated,0
543562c1-9c4e-45a9-b201-b976afccc654,prca16,likert5,1,5,True,validated,1
543562c1-9c4e-45a9-b201-b976afccc654,prca17,likert5,1,5,True,validated,1
543562c1-9c4e-45a9-b201-b976afccc654,prca18,likert5,1,1,True,validated,0
eb8d7e63-0b83-456e-97bd-cae572544efc,prca01,likert5,4,4,True,validated,0
eb8d7e63-0b83-456e-97bd-cae572544efc,prca02,likert5,1,5,True,validated,1
eb8d7e63-0b83-456e-97bd-cae572544efc,prca03,likert5,1,1,True,validated,0
eb8d7e63-0b83-456e-97bd-cae572544efc,prca04,likert5,4,2,True,validated,1
eb8d7e63-0b83-456e-97bd-cae572544efc,prca05,likert5,1,1,True,validated,0
eb8d7e63-0b83-456e-97bd-cae572544efc,prca06,likert5,1,5,True,validated,1
eb8d7e63-0b83-456e-97bd-cae572544efc,prca13,likert5,1,1,True,validated,0
eb8d7e63-0b83-456e-97bd-cae572544efc,prca14,likert5,4,2,True,validated,1
eb8d7e63-0b83-456e-97bd-cae572544efc,prca15,likert5,2,2,True,validated,0
eb8d7e63-0b83-456e-97bd-cae572544efc,prca16,likert5,1,5,True,validated,1
eb8d7e63-0b83-456e-97bd-cae572544efc,prca17,likert5,1,5,True,validated,1
eb8d7e63-0b83-456e-97bd-cae572544efc,prca18,likert5,1,1,True,validated,0
1992e7fe-9038-4708-8b40-42a025ab2660,prca01,likert5,1,1,True,validated,0
1992e7fe-9038-4708-8b40-42a025ab2660,prca02,likert5,1,5,True,validated,1
1992e7fe-9038-4708-8b40-42a025ab2660,prca03,likert5,1,1,True,validated,0
1992e7fe-9038-4708-8b40-42a025ab2660,prca04,likert5,1,5,True,validated,1
1992e7fe-9038-4708-8b40-42a025ab2660,prca05,likert5,1,1,True,validated,0
1992e7fe-9038-4708-8b40-42a025ab2660,prca06,likert5,1,5,True,validated,1
1992e7fe-9038-4708-8b40-42a025ab2660,prca13,likert5,1,1,True,validated,0
1992e7fe-9038-4708-8b40-42a025ab2660,prca14,likert5,1,5,True,validated,1
1992e7fe-9038-4708-8b40-42a025ab2660,prca15,likert5,1,1,True,validated,0
1992e7fe-9038-4708-8b40-42a025ab2660,prca16,likert5,1,5,True,validated,1
1992e7fe-9038-4708-8b40-42a025ab2660,prca17,likert5,4,2,True,validated,1
1992e7fe-9038-4708-8b40-42a025ab2660,prca18,likert5,1,1,True,validated,0
9eecc681-c184-42cd-8b8b-fe7216e3ae50,prca01,likert5,1,1,True,validated,0
9eecc681-c184-42cd-8b8b-fe7216e3ae50,prca02,likert5,4,2,True,validated,1
9eecc681-c184-42cd-8b8b-fe7216e3ae50,prca03,likert5,1,1,True,validated,0
9eecc681-c184-42cd-8b8b-fe7216e3ae50,prca04,likert5,2,4,True,validated,1
9eecc681-c184-42cd-8b8b-fe7216e3ae50,prca05,likert5,1,1,True,validated,0
9eecc681-c184-42cd-8b8b-fe7216e3ae50,prca06,likert5,1,5,True,validated,1
9eecc681-c184-42cd-8b8b-fe7216e3ae50,prca13,likert5,4,4,True,validated,0
9eecc681-c184-42cd-8b8b-fe7216e3ae50,prca14,likert5,1,5,True,validated,1
9eecc681-c184-42cd-8b8b-fe7216e3ae50,prca15,likert5,1,1,True,validated,0
9eecc681-c184-42cd-8b8b-fe7216e3ae50,prca16,likert5,1,5,True,validated,1
9eecc681-c184-42cd-8b8b-fe7216e3ae50,prca17,likert5,4,2,True,validated,1
9eecc681-c184-42cd-8b8b-fe7216e3ae50,prca18,likert5,1,1,True,validated,0
98bddff6-9c50-41b8-8f53-910c8de7e6a1,prca01,likert5,1,1,True,validated,0
98bddff6-9c50-41b8-8f53-910c8de7e6a1,prca02,likert5,1,5,True,validated,1
98bddff6-9c50-41b8-8f53-910c8de7e6a1,prca03,likert5,1,1,True,validated,0
98bddff6-9c50-41b8-8f53-910c8de7e6a1,prca04,likert5,1,5,True,validated,1
98bddff6-9c50-41b8-8f53-910c8de7e6a1,prca05,likert5,1,1,True,validated,0
98bddff6-9c50-41b8-8f53-910c8de7e6a1,prca06,likert5,2,4,True,validated,1
98bddff6-9c50-41b8-8f53-910c8de7e6a1,prca13,likert5,1,1,True,validated,0
98bddff6-9c50-41b8-8f53-910c8de7e6a1,prca14,likert5,1,5,True,validated,1
98bddff6-9c50-41b8-8f53-910c8de7e6a1,prca15,likert5,1,1,True,validated,0
98bddff6-9c50-41b8-8f53-910c8de7e6a1,prca16,likert5,1,5,True,validated,1
98bddff6-9c50-41b8-8f53-910c8de7e6a1,prca17,likert5,2,4,True,validated,1
98bddff6-9c50-41b8-8f53-910c8de7e6a1,prca18,likert5,1,1,True,validated,0
4763fa24-2707-4eca-b97e-450017af0f2b,prca01,likert5,1,1,True,validated,0
4763fa24-2707-4eca-b97e-450017af0f2b,prca02,likert5,4,2,True,validated,1
4763fa24-2707-4eca-b97e-450017af0f2b,prca03,likert5,2,2,True,validated,0
4763fa24-2707-4eca-b97e-450017af0f2b,prca04,likert5,1,5,True,validated,1
4763fa24-2707-4eca-b97e-450017af0f2b,prca05,likert5,2,2,True,validated,0
4763fa24-2707-4eca-b97e-450017af0f2b,prca06,likert5,1,5,True,validated,1
4763fa24-2707-4eca-b97e-450017af0f2b,prca13,likert5,4,4,True,validated,0
4763fa24-2707-4eca-b97e-450017af0f2b,prca14,likert5,2,4,True,validated,1
4763fa24-2707-4eca-b97e-450017af0f2b,prca15,likert5,1,1,True,validated,0
4763fa24-2707-4eca-b97e-450017af0f2b,prca16,likert5,1,5,True,validated,1
4763fa24-2707-4eca-b97e-450017af0f2b,prca17,likert5,3,3,True,validated,1
4763fa24-2707-4eca-b97e-450017af0f2b,prca18,likert5,2,2,True,validated,0
972b9a4e-f062-4790-b0ab-e0482bbb10df,prca01,likert5,4,4,True,validated,0
972b9a4e-f062-4790-b0ab-e0482bbb10df,prca02,likert5,2,4,True,validated,1
972b9a4e-f062-4790-b0ab-e0482bbb10df,prca03,likert5,1,1,True,validated,0
972b9a4e-f062-4790-b0ab-e0482bbb10df,prca04,likert5,4,2,True,validated,1
972b9a4e-f062-4790-b0ab-e0482bbb10df,prca05,likert5,2,2,True,validated,0
972b9a4e-f062-4790-b0ab-e0482bbb10df,prca06,likert5,1,5,True,validated,1
972b9a4e-f062-4790-b0ab-e0482bbb10df,prca13,likert5,4,4,True,validated,0
972b9a4e-f062-4790-b0ab-e0482bbb10df,prca14,likert5,1,5,True,validated,1
972b9a4e-f062-4790-b0ab-e0482bbb10df,prca15,likert5,1,1,True,validated,0
972b9a4e-f062-4790-b0ab-e0482bbb10df,prca16,likert5,1,5,True,validated,1
972b9a4e-f062-4790-b0ab-e0482bbb10df,prca17,likert5,1,5,True,validated,1
972b9a4e-f062-4790-b0ab-e0482bbb10df,prca18,likert5,4,4,True,validated,0
389afce0-c9a9-4c72-bb95-bf3d8f883bd0,prca01,likert5,4,4,True,validated,0
389afce0-c9a9-4c72-bb95-bf3d8f883bd0,prca02,likert5,4,2,True,validated,1
389afce0-c9a9-4c72-bb95-bf3d8f883bd0,prca03,likert5,3,3,True,validated,0
389afce0-c9a9-4c72-bb95-bf3d8f883bd0,prca04,likert5,4,2,True,validated,1
389afce0-c9a9-4c72-bb95-bf3d8f883bd0,prca05,likert5,1,1,True,validated,0
389afce0-c9a9-4c72-bb95-bf3d8f883bd0,prca06,likert5,1,5,True,validated,1
389afce0-c9a9-4c72-bb95-bf3d8f883bd0,prca13,likert5,1,1,True,validated,0
389afce0-c9a9-4c72-bb95-bf3d8f883bd0,prca14,likert5,2,4,True,validated,1
389afce0-c9a9-4c72-bb95-bf3d8f883bd0,prca15,likert5,2,2,True,validated,0
389afce0-c9a9-4c72-bb95-bf3d8f883bd0,prca16,likert5,1,5,True,validated,1
389afce0-c9a9-4c72-bb95-bf3d8f883bd0,prca17,likert5,3,3,True,validated,1
389afce0-c9a9-4c72-bb95-bf3d8f883bd0,prca18,likert5,1,1,True,validated,0
33f50d29-469b-4ec4-a092-46e8d58f96dd,prca01,likert5,1,1,True,validated,0
33f50d29-469b-4ec4-a092-46e8d58f96dd,prca02,likert5,1,5,True,validated,1
33f50d29-469b-4ec4-a092-46e8d58f96dd,prca03,likert5,4,4,True,validated,0
33f50d29-469b-4ec4-a092-46e8d58f96dd,prca04,likert5,2,4,True,validated,1
33f50d29-469b-4ec4-a092-46e8d58f96dd,prca05,likert5,1,1,True,validated,0
33f50d29-469b-4ec4-a092-46e8d58f96dd,prca06,likert5,1,5,True,validated,1
33f50d29-469b-4ec4-a092-46e8d58f96dd,prca13,likert5,1,1,True,validated,0
33f50d29-469b-4ec4-a092-46e8d58f96dd,prca14,likert5,4,2,True,validated,1
33f50d29-469b-4ec4-a092-46e8d58f96dd,prca15,likert5,2,2,True,validated,0
33f50d29-469b-4ec4-a092-46e8d58f96dd,prca16,likert5,2,4,True,validated,1
33f50d29-469b-4ec4-a092-46e8d58f96dd,prca17,likert5,2,4,True,validated,1
33f50d29-469b-4ec4-a092-46e8d58f96dd,prca18,likert5,1,1,True,validated,0
55580e54-de98-4cce-8c12-e2cfbc809330,prca01,likert5,1,1,True,validated,0
55580e54-de98-4cce-8c12-e2cfbc809330,prca02,likert5,1,5,True,validated,1
55580e54-de98-4cce-8c12-e2cfbc809330,prca03,likert5,2,2,True,validated,0
55580e54-de98-4cce-8c12-e2cfbc809330,prca04,likert5,1,5,True,validated,1
55580e54-de98-4cce-8c12-e2cfbc809330,prca05,likert5,4,4,True,validated,0
55580e54-de98-4cce-8c12-e2cfbc809330,prca06,likert5,4,2,True,validated,1
55580e54-de98-4cce-8c12-e2cfbc809330,prca13,likert5,4,4,True,validated,0
55580e54-de98-4cce-8c12-e2cfbc809330,prca14,likert5,1,5,True,validated,1
55580e54-de98-4cce-8c12-e2cfbc809330,prca15,likert5,1,1,True,validated,0
55580e54-de98-4cce-8c12-e2cfbc809330,prca16,likert5,1,5,True,validated,1
55580e54-de98-4cce-8c12-e2cfbc809330,prca17,likert5,4,2,True,validated,1
55580e54-de98-4cce-8c12-e2cfbc809330,prca18,likert5,2,2,True,validated,0
aefc122a-a4b4-4c30-9b1d-e90b8dbe30c9,prca01,likert5,1,1,True,validated,0
aefc122a-a4b4-4c30-9b1d-e90b8dbe30c9,prca02,likert5,1,5,True,validated,1
aefc122a-a4b4-4c30-9b1d-e90b8dbe30c9,prca03,likert5,1,1,True,validated,0
aefc122a-a4b4-4c30-9b1d-e90b8dbe30c9,prca04,likert5,4,2,True,validated,1
aefc122a-a4b4-4c30-9b1d-e90b8dbe30c9,prca05,likert5,4,4,True,validated,0
aefc122a-a4b4-4c30-9b1d-e90b8dbe30c9,prca06,likert5,4,2,True,validated,1
aefc122a-a4b4-4c30-9b1d-e90b8dbe30c9,prca13,likert5,2,2,True,validated,0
aefc122a-a4b4-4c30-9b1d-e90b8dbe30c9,prca14,likert5,4,2,True,validated,1
aefc122a-a4b4-4c30-9b1d-e90b8dbe30c9,prca15,likert5,1,1,True,validated,0
aefc122a-a4b4-4c30-9b1d-e90b8dbe30c9,prca16,likert5,2,4,True,validated,1
aefc122a-a4b4-4c30-9b1d-e90b8dbe30c9,prca17,likert5,1,5,True,validated,1
aefc122a-a4b4-4c30-9b1d-e90b8dbe30c9,prca18,likert5,4,4,True,validated,0
565275ca-9a28-454c-8c98-dd5f526d35af,prca01,likert5,4,4,True,validated,0
565275ca-9a28-454c-8c98-dd5f526d35af,prca02,likert5,1,5,True,validated,1
565275ca-9a28-454c-8c98-dd5f526d35af,prca03,likert5,1,1,True,validated,0
565275ca-9a28-454c-8c98-dd5f526d35af,prca04,likert5,2,4,True,validated,1
565275ca-9a28-454c-8c98-dd5f526d35af,prca05,likert5,4,4,True,validated,0
565275ca-9a28-454c-8c98-dd5f526d35af,prca06,likert5,4,2,True,validated,1
565275ca-9a28-454c-8c98-dd5f526d35af,prca13,likert5,1,1,True,validated,0
565275ca-9a28-454c-8c98-dd5f526d35af,prca14,likert5,1,5,True,validated,1
565275ca-9a28-454c-8c98-dd5f526d35af,prca15,likert5,2,2,True,validated,0
565275ca-9a28-454c-8c98-dd5f526d35af,prca16,likert5,1,5,True,validated,1
565275ca-9a28-454c-8c98-dd5f526d35af,prca17,likert5,2,4,True,validated,1
565275ca-9a28-454c-8c98-dd5f526d35af,prca18,likert5,4,4,True,validated,0
4cf6764e-aa23-4dcf-8d65-767db7be85d0,prca01,likert5,1,1,True,validated,0
4cf6764e-aa23-4dcf-8d65-767db7be85d0,prca02,likert5,1,5,True,validated,1
4cf6764e-aa23-4dcf-8d65-767db7be85d0,prca03,likert5,1,1,True,validated,0
4cf6764e-aa23-4dcf-8d65-767db7be85d0,prca04,likert5,2,4,True,validated,1
4cf6764e-aa23-4dcf-8d65-767db7be85d0,prca05,likert5,1,1,True,validated,0
4cf6764e-aa23-4dcf-8d65-767db7be85d0,prca06,likert5,1,5,True,validated,1
4cf6764e-aa23-4dcf-8d65-767db7be85d0,prca13,likert5,1,1,True,validated,0
4cf6764e-aa23-4dcf-8d65-767db7be85d0,prca14,likert5,2,4,True,validated,1
4cf6764e-aa23-4dcf-8d65-767db7be85d0,prca15,likert5,4,4,True,validated,0
4cf6764e-aa23-4dcf-8d65-767db7be85d0,prca16,likert5,1,5,True,validated,1
4cf6764e-aa23-4dcf-8d65-767db7be85d0,prca17,likert5,1,5,True,validated,1
4cf6764e-aa23-4dcf-8d65-767db7be85d0,prca18,likert5,4,4,True,validated,0
4c72425e-aac2-4045-a3aa-5f82feb0edf1,prca01,likert5,4,4,True,validated,0
4c72425e-aac2-4045-a3aa-5f82feb0edf1,prca02,likert5,1,5,True,validated,1
4c72425e-aac2-4045-a3aa-5f82feb0edf1,prca03,likert5,1,1,True,validated,0
4c72425e-aac2-4045-a3aa-5f82feb0edf1,prca04,likert5,1,5,True,validated,1
4c72425e-aac2-4045-a3aa-5f82feb0edf1,prca05,likert5,4,4,True,validated,0
4c72425e-aac2-4045-a3aa-5f82feb0edf1,prca06,likert5,1,5,True,validated,1
4c72425e-aac2-4045-a3aa-5f82feb0edf1,prca13,likert5,1,1,True,validated,0
4c72425e-aac2-4045-a3aa-5f82feb0edf1,prca14,likert5,2,4,True,validated,1
4c72425e-aac2-4045-a3aa-5f82feb0edf1,prca15,likert5,4,4,True,validated,0
4c72425e-aac2-4045-a3aa-5f82feb0edf1,prca16,likert5,2,4,True,validated,1
4c72425e-aac2-4045-a3aa-5f82feb0edf1,prca17,likert5,1,5,True,validated,1
4c72425e-aac2-4045-a3aa-5f82feb0edf1,prca18,likert5,1,1,True,validated,0
ebf13301-5cff-47c5-b58b-5f8e00da35c9,prca01,likert5,1,1,True,validated,0
ebf13301-5cff-47c5-b58b-5f8e00da35c9,prca02,likert5,4,2,True,validated,1
ebf13301-5cff-47c5-b58b-5f8e00da35c9,prca03,likert5,1,1,True,validated,0
ebf13301-5cff-47c5-b58b-5f8e00da35c9,prca04,likert5,3,3,True,validated,1
ebf13301-5cff-47c5-b58b-5f8e00da35c9,prca05,likert5,1,1,True,validated,0
ebf13301-5cff-47c5-b58b-5f8e00da35c9,prca06,likert5,3,3,True,validated,1
ebf13301-5cff-47c5-b58b-5f8e00da35c9,prca13,likert5,4,4,True,validated,0
ebf13301-5cff-47c5-b58b-5f8e00da35c9,prca14,likert5,3,3,True,validated,1
ebf13301-5cff-47c5-b58b-5f8e00da35c9,prca15,likert5,1,1,True,validated,0
ebf13301-5cff-47c5-b58b-5f8e00da35c9,prca16,likert5,2,4,True,validated,1
ebf13301-5cff-47c5-b58b-5f8e00da35c9,prca17,likert5,1,5,True,validated,1
ebf13301-5cff-47c5-b58b-5f8e00da35c9,prca18,likert5,1,1,True,validated,0
6b233249-a285-4075-8bef-f2769860766a,prca01,likert5,1,1,True,validated,0
6b233249-a285-4075-8bef-f2769860766a,prca02,likert5,3,3,True,validated,1
6b233249-a285-4075-8bef-f2769860766a,prca03,likert5,1,1,True,validated,0
6b233249-a285-4075-8bef-f2769860766a,prca04,likert5,2,4,True,validated,1
6b233249-a285-4075-8bef-f2769860766a,prca05,likert5,1,1,True,validated,0
6b233249-a285-4075-8bef-f2769860766a,prca06,likert5,1,5,True,validated,1
6b233249-a285-4075-8bef-f2769860766a,prca13,likert5,2,2,True,validated,0
6b233249-a285-4075-8bef-f2769860766a,prca14,likert5,1,5,True,validated,1
6b233249-a285-4075-8bef-f2769860766a,prca15,likert5,1,1,True,validated,0
6b233249-a285-4075-8bef-f2769860766a,prca16,likert5,4,2,True,validated,1
6b233249-a285-4075-8bef-f2769860766a,prca17,likert5,2,4,True,validated,1
6b233249-a285-4075-8bef-f2769860766a,prca18,likert5,4,4,True,validated,0
2a2d3341-b622-4203-a5a1-0c514aef2edf,prca01,likert5,1,1,True,validated,0
2a2d3341-b622-4203-a5a1-0c514aef2edf,prca02,likert5,1,5,True,validated,1
2a2d3341-b622-4203-a5a1-0c514aef2edf,prca03,likert5,1,1,True,validated,0
2a2d3341-b622-4203-a5a1-0c514aef2edf,prca04,likert5,2,4,True,validated,1
2a2d3341-b622-4203-a5a1-0c514aef2edf,prca05,likert5,1,1,True,validated,0
2a2d3341-b622-4203-a5a1-0c514aef2edf,prca06,likert5,2,4,True,validated,1
2a2d3341-b622-4203-a5a1-0c514aef2edf,prca13,likert5,4,4,True,validated,0
2a2d3341-b622-4203-a5a1-0c514aef2edf,prca14,likert5,1,5,True,validated,1
2a2d3341-b622-4203-a5a1-0c514aef2edf,prca15,likert5,1,1,True,validated,0
2a2d3341-b622-4203-a5a1-0c514aef2edf,prca16,likert5,1,5,True,validated,1
2a2d3341-b622-4203-a5a1-0c514aef2edf,prca17,likert5,1,5,True,validated,1
2a2d3341-b622-4203-a5a1-0c514aef2edf,prca18,likert5,2,2,True,validated,0
8215dfd5-bbc1-4a37-ad30-81d69fcd0992,prca01,likert5,2,2,True,validated,0
8215dfd5-bbc1-4a37-ad30-81d69fcd0992,prca02,likert5,1,5,True,validated,1
8215dfd5-bbc1-4a37-ad30-81d69fcd0992,prca03,likert5,2,2,True,validated,0
8215dfd5-bbc1-4a37-ad30-81d69fcd0992,prca04,likert5,2,4,True,validated,1
8215dfd5-bbc1-4a37-ad30-81d69fcd0992,prca05,likert5,4,4,True,validated,0
8215dfd5-bbc1-4a37-ad30-81d69fcd0992,prca06,likert5,1,5,True,validated,1
8215dfd5-bbc1-4a37-ad30-81d69fcd0992,prca13,likert5,1,1,True,validated,0
8215dfd5-bbc1-4a37-ad30-81d69fcd0992,prca14,likert5,2,4,True,validated,1
8215dfd5-bbc1-4a37-ad30-81d69fcd0992,prca15,likert5,1,1,True,validated,0
8215dfd5-bbc1-4a37-ad30-81d69fcd0992,prca16,likert5,1,5,True,validated,1
8215dfd5-bbc1-4a37-ad30-81d69fcd0992,prca17,likert5,1,5,True,validated,1
8215dfd5-bbc1-4a37-ad30-81d69fcd0992,prca18,likert5,1,1,True,validated,0
06937130-2ad5-4980-9fe3-4a2542c293cb,prca01,likert5,1,1,True,validated,0
06937130-2ad5-4980-9fe3-4a2542c293cb,prca02,likert5,1,5,True,validated,1
06937130-2ad5-4980-9fe3-4a2542c293cb,prca03,likert5,4,4,True,validated,0
06937130-2ad5-4980-9fe3-4a2542c293cb,prca04,likert5,4,2,True,validated,1
06937130-2ad5-4980-9fe3-4a2542c293cb,prca05,likert5,1,1,True,validated,0
06937130-2ad5-4980-9fe3-4a2542c293cb,prca06,likert5,3,3,True,validated,1
06937130-2ad5-4980-9fe3-4a2542c293cb,prca13,likert5,1,1,True,validated,0
06937130-2ad5-4980-9fe3-4a2542c293cb,prca14,likert5,4,2,True,validated,1
06937130-2ad5-4980-9fe3-4a2542c293cb,prca15,likert5,1,1,True,validated,0
06937130-2ad5-4980-9fe3-4a2542c293cb,prca16,likert5,1,5,True,validated,1
06937130-2ad5-4980-9fe3-4a2542c293cb,prca17,likert5,3,3,True,validated,1
06937130-2ad5-4980-9fe3-4a2542c293cb,prca18,likert5,4,4,True,validated,0
a9bc5d14-9e96-4e56-be34-79c7235a183e,prca01,likert5,2,2,True,validated,0
a9bc5d14-9e96-4e56-be34-79c7235a183e,prca02,likert5,2,4,True,validated,1
a9bc5d14-9e96-4e56-be34-79c7235a183e,prca03,likert5,4,4,True,validated,0
a9bc5d14-9e96-4e56-be34-79c7235a183e,prca04,likert5,1,5,True,validated,1
a9bc5d14-9e96-4e56-be34-79c7235a183e,prca05,likert5,1,1,True,validated,0
a9bc5d14-9e96-4e56-be34-79c7235a183e,prca06,likert5,4,2,True,validated,1
a9bc5d14-9e96-4e56-be34-79c7235a183e,prca13,likert5,4,4,True,validated,0
a9bc5d14-9e96-4e56-be34-79c7235a183e,prca14,likert5,1,5,True,validated,1
a9bc5d14-9e96-4e56-be34-79c7235a183e,prca15,likert5,1,1,True,validated,0
a9bc5d14-9e96-4e56-be34-79c7235a183e,prca16,likert5,1,5,True,validated,1
a9bc5d14-9e96-4e56-be34-79c7235a183e,prca17,likert5,1,5,True,validated,1
a9bc5d14-9e96-4e56-be34-79c7235a183e,prca18,likert5,2,2,True,validated,0
73d1f6a5-c68f-4a37-8019-d43f80b1baa9,prca01,likert5,1,1,True,validated,0
73d1f6a5-c68f-4a37-8019-d43f80b1baa9,prca02,likert5,1,5,True,validated,1
73d1f6a5-c68f-4a37-8019-d43f80b1baa9,prca03,likert5,1,1,True,validated,0
73d1f6a5-c68f-4a37-8019-d43f80b1baa9,prca04,likert5,1,5,True,validated,1
73d1f6a5-c68f-4a37-8019-d43f80b1baa9,prca05,likert5,1,1,True,validated,0
73d1f6a5-c68f-4a37-8019-d43f80b1baa9,prca06,likert5,2,4,True,validated,1
73d1f6a5-c68f-4a37-8019-d43f80b1baa9,prca13,likert5,1,1,True,validated,0
73d1f6a5-c68f-4a37-8019-d43f80b1baa9,prca14,likert5,1,5,True,validated,1
73d1f6a5-c68f-4a37-8019-d43f80b1baa9,prca15,likert5,4,4,True,validated,0
73d1f6a5-c68f-4a37-8019-d43f80b1baa9,prca16,likert5,1,5,True,validated,1
73d1f6a5-c68f-4a37-8019-d43f80b1baa9,prca17,likert5,4,2,True,validated,1
73d1f6a5-c68f-4a37-8019-d43f80b1baa9,prca18,likert5,1,1,True,validated,0
ed4b0bf4-2b53-4342-a660-879032974e3d,prca01,likert5,1,1,True,validated,0
ed4b0bf4-2b53-4342-a660-879032974e3d,prca02,likert5,2,4,True,validated,1
ed4b0bf4-2b53-4342-a660-879032974e3d,prca03,likert5,1,1,True,validated,0
ed4b0bf4-2b53-4342-a660-879032974e3d,prca04,likert5,4,2,True,validated,1
ed4b0bf4-2b53-4342-a660-879032974e3d,prca05,likert5,1,1,True,validated,0
ed4b0bf4-2b53-4342-a660-879032974e3d,prca06,likert5,4,2,True,validated,1
ed4b0bf4-2b53-4342-a660-879032974e3d,prca13,likert5,1,1,True,validated,0
ed4b0bf4-2b53-4342-a660-879032974e3d,prca14,likert5,1,5,True,validated,1
ed4b0bf4-2b53-4342-a660-879032974e3d,prca15,likert5,1,1,True,validated,0
ed4b0bf4-2b53-4342-a660-879032974e3d,prca16,likert5,2,4,True,validated,1
ed4b0bf4-2b53-4342-a660-879032974e3d,prca17,likert5,4,2,True,validated,1
ed4b0bf4-2b53-4342-a660-879032974e3d,prca18,likert5,1,1,True,validated,0
d79747da-735f-4d09-bced-a4efb746f924,prca01,likert5,1,1,True,validated,0
d79747da-735f-4d09-bced-a4efb746f924,prca02,likert5,1,5,True,validated,1
d79747da-735f-4d09-bced-a4efb746f924,prca03,likert5,1,1,True,validated,0
d79747da-735f-4d09-bced-a4efb746f924,prca04,likert5,1,5,True,validated,1
d79747da-735f-4d09-bced-a4efb746f924,prca05,likert5,4,4,True,validated,0
d79747da-735f-4d09-bced-a4efb746f924,prca06,likert5,1,5,True,validated,1
d79747da-735f-4d09-bced-a4efb746f924,prca13,likert5,1,1,True,validated,0
d79747da-735f-4d09-bced-a4efb746f924,prca14,likert5,2,4,True,validated,1
d79747da-735f-4d09-bced-a4efb746f924,prca15,likert5,1,1,True,validated,0
d79747da-735f-4d09-bced-a4efb746f924,prca16,likert5,1,5,True,validated,1
d79747da-735f-4d09-bced-a4efb746f924,prca17,likert5,1,5,True,validated,1
d79747da-735f-4d09-bced-a4efb746f924,prca18,likert5,4,4,True,validated,0
c09da338-e28c-49fe-a349-6065c3305b62,prca01,likert5,4,4,True,validated,0
c09da338-e28c-49fe-a349-6065c3305b62,prca02,likert5,2,4,True,validated,1
c09da338-e28c-49fe-a349-6065c3305b62,prca03,likert5,2,2,True,validated,0
c09da338-e28c-49fe-a349-6065c3305b62,prca04,likert5,3,3,True,validated,1
c09da338-e28c-49fe-a349-6065c3305b62,prca05,likert5,1,1,True,validated,0
c09da338-e28c-49fe-a349-6065c3305b62,prca06,likert5,1,5,True,validated,1
c09da338-e28c-49fe-a349-6065c3305b62,prca13,likert5,1,1,True,validated,0
c09da338-e28c-49fe-a349-6065c3305b62,prca14,likert5,1,5,True,validated,1
c09da338-e28c-49fe-a349-6065c3305b62,prca15,likert5,1,1,True,validated,0
c09da338-e28c-49fe-a349-6065c3305b62,prca16,likert5,1,5,True,validated,1
c09da338-e28c-49fe-a349-6065c3305b62,prca17,likert5,1,5,True,validated,1
c09da338-e28c-49fe-a349-6065c3305b62,prca18,likert5,2,2,True,validated,0
873582a1-7bb4-46a1-9da9-ef9bb2c8fcf3,prca01,likert5,3,3,True,validated,0
873582a1-7bb4-46a1-9da9-ef9bb2c8fcf3,prca02,likert5,1,5,True,validated,1
873582a1-7bb4-46a1-9da9-ef9bb2c8fcf3,prca03,likert5,1,1,True,validated,0
873582a1-7bb4-46a1-9da9-ef9bb2c8fcf3,prca04,likert5,4,2,True,validated,1
873582a1-7bb4-46a1-9da9-ef9bb2c8fcf3,prca05,likert5,1,1,True,validated,0
873582a1-7bb4-46a1-9da9-ef9bb2c8fcf3,prca06,likert5,1,5,True,validated,1
873582a1-7bb4-46a1-9da9-ef9bb2c8fcf3,prca13,likert5,4,4,True,validated,0
873582a1-7bb4-46a1-9da9-ef9bb2c8fcf3,prca14,likert5,4,2,True,validated,1
873582a1-7bb4-46a1-9da9-ef9bb2c8fcf3,prca15,likert5,1,1,True,validated,0
873582a1-7bb4-46a1-9da9-ef9bb2c8fcf3,prca16,likert5,1,5,True,validated,1
873582a1-7bb4-46a1-9da9-ef9bb2c8fcf3,prca17,likert5,4,2,True,validated,1
873582a1-7bb4-46a1-9da9-ef9bb2c8fcf3,prca18,likert5,1,1,True,validated,0
41200cda-5642-4b6f-896e-7a248c9240a0,prca01,likert5,4,4,True,validated,0
41200cda-5642-4b6f-896e-7a248c9240a0,prca02,likert5,3,3,True,validated,1
41200cda-5642-4b6f-896e-7a248c9240a0,prca03,likert5,1,1,True,validated,0
41200cda-5642-4b6f-896e-7a248c9240a0,prca04,likert5,4,2,True,validated,1
41200cda-5642-4b6f-896e-7a248c9240a0,prca05,likert5,1,1,True,validated,0
41200cda-5642-4b6f-896e-7a248c9240a0,prca06,likert5,1,5,True,validated,1
41200cda-5642-4b6f-896e-7a248c9240a0,prca13,likert5,4,4,True,validated,0
41200cda-5642-4b6f-896e-7a248c9240a0,prca14,likert5,1,5,True,validated,1
41200cda-5642-4b6f-896e-7a248c9240a0,prca15,likert5,4,4,True,validated,0
41200cda-5642-4b6f-896e-7a248c9240a0,prca16,likert5,1,5,True,validated,1
41200cda-5642-4b6f-896e-7a248c9240a0,prca17,likert5,4,2,True,validated,1
41200cda-5642-4b6f-896e-7a248c9240a0,prca18,likert5,1,1,True,validated,0
a6395a00-6663-43dc-8eba-b5e0cb429029,prca01,likert5,1,1,True,validated,0
a6395a00-6663-43dc-8eba-b5e0cb429029,prca02,likert5,1,5,True,validated,1
a6395a00-6663-43dc-8eba-b5e0cb429029,prca03,likert5,4,4,True,validated,0
a6395a00-6663-43dc-8eba-b5e0cb429029,prca04,likert5,2,4,True,validated,1
a6395a00-6663-43dc-8eba-b5e0cb429029,prca05,likert5,2,2,True,validated,0
a6395a00-6663-43dc-8eba-b5e0cb429029,prca06,likert5,4,2,True,validated,1
a6395a00-6663-43dc-8eba-b5e0cb429029,prca13,likert5,2,2,True,validated,0
a6395a00-6663-43dc-8eba-b5e0cb429029,prca14,likert5,1,5,True,validated,1
a6395a00-6663-43dc-8eba-b5e0cb429029,prca15,likert5,1,1,True,validated,0
a6395a00-6663-43dc-8eba-b5e0cb429029,prca16,likert5,4,2,True,validated,1
a6395a00-6663-43dc-8eba-b5e0cb429029,prca17,likert5,1,5,True,validated,1
a6395a00-6663-43dc-8eba-b5e0cb429029,prca18,likert5,4,4,True,validated,0
3b53b72e-c047-4d22-a595-02f6939cc087,prca01,likert5,1,1,True,validated,0
3b53b72e-c047-4d22-a595-02f6939cc087,prca02,likert5,1,5,True,validated,1
3b53b72e-c047-4d22-a595-02f6939cc087,prca03,likert5,1,1,True,validated,0
3b53b72e-c047-4d22-a595-02f6939cc087,prca04,likert5,4,2,True,validated,1
3b53b72e-c047-4d22-a595-02f6939cc087,prca05,likert5,1,1,True,validated,0
3b53b72e-c047-4d22-a595-02f6939cc087,prca06,likert5,4,2,True,validated,1
3b53b72e-c047-4d22-a595-02f6939cc087,prca13,likert5,1,1,True,validated,0
3b53b72e-c047-4d22-a595-02f6939cc087,prca14,likert5,1,5,True,validated,1
3b53b72e-c047-4d22-a595-02f6939cc087,prca15,likert5,1,1,True,validated,0
3b53b72e-c047-4d22-a595-02f6939cc087,prca16,likert5,1,5,True,validated,1
3b53b72e-c047-4d22-a595-02f6939cc087,prca17,likert5,1,5,True,validated,1
3b53b72e-c047-4d22-a595-02f6939cc087,prca18,likert5,1,1,True,validated,0
3dbb300a-f3cd-4e21-9d72-eca57acdd9df,prca01,likert5,1,1,True,validated,0
3dbb300a-f3cd-4e21-9d72-eca57acdd9df,prca02,likert5,1,5,True,validated,1
3dbb300a-f3cd-4e21-9d72-eca57acdd9df,prca03,likert5,4,4,True,validated,0
3dbb300a-f3cd-4e21-9d72-eca57acdd9df,prca04,likert5,1,5,True,validated,1
3dbb300a-f3cd-4e21-9d72-eca57acdd9df,prca05,likert5,2,2,True,validated,0
3dbb300a-f3cd-4e21-9d72-eca57acdd9df,prca06,likert5,1,5,True,validated,1
3dbb300a-f3cd-4e21-9d72-eca57acdd9df,prca13,likert5,1,1,True,validated,0
3dbb300a-f3cd-4e21-9d72-eca57acdd9df,prca14,likert5,2,4,True,validated,1
3dbb300a-f3cd-4e21-9d72-eca57acdd9df,prca15,likert5,1,1,True,validated,0
3dbb300a-f3cd-4e21-9d72-eca57acdd9df,prca16,likert5,2,4,True,validated,1
3dbb300a-f3cd-4e21-9d72-eca57acdd9df,prca17,likert5,1,5,True,validated,1
3dbb300a-f3cd-4e21-9d72-eca57acdd9df,prca18,likert5,1,1,True,validated,0
ef7b05de-7e9d-4b53-bda0-911e4a62e081,prca01,likert5,1,1,True,validated,0
ef7b05de-7e9d-4b53-bda0-911e4a62e081,prca02,likert5,1,5,True,validated,1
ef7b05de-7e9d-4b53-bda0-911e4a62e081,prca03,likert5,1,1,True,validated,0
ef7b05de-7e9d-4b53-bda0-911e4a62e081,prca04,likert5,1,5,True,validated,1
ef7b05de-7e9d-4b53-bda0-911e4a62e081,prca05,likert5,1,1,True,validated,0
ef7b05de-7e9d-4b53-bda0-911e4a62e081,prca06,likert5,1,5,True,validated,1
ef7b05de-7e9d-4b53-bda0-911e4a62e081,prca13,likert5,1,1,True,validated,0
ef7b05de-7e9d-4b53-bda0-911e4a62e081,prca14,likert5,1,5,True,validated,1
ef7b05de-7e9d-4b53-bda0-911e4a62e081,prca15,likert5,1,1,True,validated,0
ef7b05de-7e9d-4b53-bda0-911e4a62e081,prca16,likert5,4,2,True,validated,1
ef7b05de-7e9d-4b53-bda0-911e4a62e081,prca17,likert5,1,5,True,validated,1
ef7b05de-7e9d-4b53-bda0-911e4a62e081,prca18,likert5,1,1,True,validated,0
2c67f557-9cc4-493b-87f7-e1768a03c617,prca01,likert5,4,4,True,validated,0
2c67f557-9cc4-493b-87f7-e1768a03c617,prca02,likert5,1,5,True,validated,1
2c67f557-9cc4-493b-87f7-e1768a03c617,prca03,likert5,1,1,True,validated,0
2c67f557-9cc4-493b-87f7-e1768a03c617,prca04,likert5,1,5,True,validated,1
2c67f557-9cc4-493b-87f7-e1768a03c617,prca05,likert5,1,1,True,validated,0
2c67f557-9cc4-493b-87f7-e1768a03c617,prca06,likert5,1,5,True,validated,1
2c67f557-9cc4-493b-87f7-e1768a03c617,prca13,likert5,2,2,True,validated,0
2c67f557-9cc4-493b-87f7-e1768a03c617,prca14,likert5,1,5,True,validated,1
2c67f557-9cc4-493b-87f7-e1768a03c617,prca15,likert5,4,4,True,validated,0
2c67f557-9cc4-493b-87f7-e1768a03c617,prca16,likert5,4,2,True,validated,1
2c67f557-9cc4-493b-87f7-e1768a03c617,prca17,likert5,4,2,True,validated,1
2c67f557-9cc4-493b-87f7-e1768a03c617,prca18,likert5,2,2,True,validated,0
8f006591-b6a4-4b7a-a38a-ed71087f0e9e,prca01,likert5,1,1,True,validated,0
8f006591-b6a4-4b7a-a38a-ed71087f0e9e,prca02,likert5,1,5,True,validated,1
8f006591-b6a4-4b7a-a38a-ed71087f0e9e,prca03,likert5,1,1,True,validated,0
8f006591-b6a4-4b7a-a38a-ed71087f0e9e,prca04,likert5,1,5,True,validated,1
8f006591-b6a4-4b7a-a38a-ed71087f0e9e,prca05,likert5,1,1,True,validated,0
8f006591-b6a4-4b7a-a38a-ed71087f0e9e,prca06,likert5,4,2,True,validated,1
8f006591-b6a4-4b7a-a38a-ed71087f0e9e,prca13,likert5,1,1,True,validated,0
8f006591-b6a4-4b7a-a38a-ed71087f0e9e,prca14,likert5,1,5,True,validated,1
8f006591-b6a4-4b7a-a38a-ed71087f0e9e,prca15,likert5,1,1,True,validated,0
8f006591-b6a4-4b7a-a38a-ed71087f0e9e,prca16,likert5,1,5,True,validated,1
8f006591-b6a4-4b7a-a38a-ed71087f0e9e,prca17,likert5,1,5,True,validated,1
8f006591-b6a4-4b7a-a38a-ed71087f0e9e,prca18,likert5,1,1,True,validated,0
f2446141-219b-4a14-a2d9-4adf8415e51d,prca01,likert5,1,1,True,validated,0
f2446141-219b-4a14-a2d9-4adf8415e51d,prca02,likert5,2,4,True,validated,1
f2446141-219b-4a14-a2d9-4adf8415e51d,prca03,likert5,4,4,True,validated,0
f2446141-219b-4a14-a2d9-4adf8415e51d,prca04,likert5,4,2,True,validated,1
f2446141-219b-4a14-a2d9-4adf8415e51d,prca05,likert5,1,1,True,validated,0
f2446141-219b-4a14-a2d9-4adf8415e51d,prca06,likert5,4,2,True,validated,1
f2446141-219b-4a14-a2d9-4adf8415e51d,prca13,likert5,2,2,True,validated,0
f2446141-219b-4a14-a2d9-4adf8415e51d,prca14,likert5,2,4,True,validated,1
f2446141-219b-4a14-a2d9-4adf8415e51d,prca15,likert5,1,1,True,validated,0
f2446141-219b-4a14-a2d9-4adf8415e51d,prca16,likert5,4,2,True,validated,1
f2446141-219b-4a14-a2d9-4adf8415e51d,prca17,likert5,1,5,True,validated,1
f2446141-219b-4a14-a2d9-4adf8415e51d,prca18,likert5,1,1,True,validated,0
06dd5c7a-ba28-4ada-b588-0704ce615b85,prca01,likert5,4,4,True,validated,0
06dd5c7a-ba28-4ada-b588-0704ce615b85,prca02,likert5,1,5,True,validated,1
06dd5c7a-ba28-4ada-b588-0704ce615b85,prca03,likert5,1,1,True,validated,0
06dd5c7a-ba28-4ada-b588-0704ce615b85,prca04,likert5,1,5,True,validated,1
06dd5c7a-ba28-4ada-b588-0704ce615b85,prca05,likert5,1,1,True,validated,0
06dd5c7a-ba28-4ada-b588-0704ce615b85,prca06,likert5,2,4,True,validated,1
06dd5c7a-ba28-4ada-b588-0704ce615b85,prca13,likert5,1,1,True,validated,0
06dd5c7a-ba28-4ada-b588-0704ce615b85,prca14,likert5,1,5,True,validated,1
06dd5c7a-ba28-4ada-b588-0704ce615b85,prca15,likert5,1,1,True,validated,0
06dd5c7a-ba28-4ada-b588-0704ce615b85,prca16,likert5,1,5,True,validated,1
06dd5c7a-ba28-4ada-b588-0704ce615b85,prca17,likert5,1,5,True,validated,1
06dd5c7a-ba28-4ada-b588-0704ce615b85,prca18,likert5,1,1,True,validated,0
930bd8e0-33a5-41f6-a718-dceafe6061d1,prca01,likert5,1,1,True,validated,0
930bd8e0-33a5-41f6-a718-dceafe6061d1,prca02,likert5,1,5,True,validated,1
930bd8e0-33a5-41f6-a718-dceafe6061d1,prca03,likert5,1,1,True,validated,0
930bd8e0-33a5-41f6-a718-dceafe6061d1,prca04,likert5,4,2,True,validated,1
930bd8e0-33a5-41f6-a718-dceafe6061d1,prca05,likert5,1,1,True,validated,0
930bd8e0-33a5-41f6-a718-dceafe6061d1,prca06,likert5,4,2,True,validated,1
930bd8e0-33a5-41f6-a718-dceafe6061d1,prca13,likert5,4,4,True,validated,0
930bd8e0-33a5-41f6-a718-dceafe6061d1,prca14,likert5,1,5,True,validated,1
930bd8e0-33a5-41f6-a718-dceafe6061d1,prca15,likert5,1,1,True,validated,0
930bd8e0-33a5-41f6-a718-dceafe6061d1,prca16,likert5,2,4,True,validated,1
930bd8e0-33a5-41f6-a718-dceafe6061d1,prca17,likert5,2,4,True,validated,1
930bd8e0-33a5-41f6-a718-dceafe6061d1,prca18,likert5,3,3,True,validated,0
771ec0b0-ae17-4747-b063-da6ed2913bcc,prca01,likert5,1,1,True,validated,0
771ec0b0-ae17-4747-b063-da6ed2913bcc,prca02,likert5,1,5,True,validated,1
771ec0b0-ae17-4747-b063-da6ed2913bcc,prca03,likert5,1,1,True,validated,0
771ec0b0-ae17-4747-b063-da6ed2913bcc,prca04,likert5,4,2,True,validated,1
771ec0b0-ae17-4747-b063-da6ed2913bcc,prca05,likert5,1,1,True,validated,0
771ec0b0-ae17-4747-b063-da6ed2913bcc,prca06,likert5,1,5,True,validated,1
771ec0b0-ae17-4747-b063-da6ed2913bcc,prca13,likert5,1,1,True,validated,0
771ec0b0-ae17-4747-b063-da6ed2913bcc,prca14,likert5,1,5,True,validated,1
771ec0b0-ae17-4747-b063-da6ed2913bcc,prca15,likert5,1,1,True,validated,0
771ec0b0-ae17-4747-b063-da6ed2913bcc,prca16,likert5,4,2,True,validated,1
771ec0b0-ae17-4747-b063-da6ed2913bcc,prca17,likert5,1,5,True,validated,1
771ec0b0-ae17-4747-b063-da6ed2913bcc,prca18,likert5,1,1,True,validated,0
ce94a761-76eb-407c-9a89-0181274f48cd,prca01,likert5,1,1,True,validated,0
ce94a761-76eb-407c-9a89-0181274f48cd,prca02,likert5,1,5,True,validated,1
ce94a761-76eb-407c-9a89-0181274f48cd,prca03,likert5,1,1,True,validated,0
ce94a761-76eb-407c-9a89-0181274f48cd,prca04,likert5,1,5,True,validated,1
ce94a761-76eb-407c-9a89-0181274f48cd,prca05,likert5,1,1,True,validated,0
ce94a761-76eb-407c-9a89-0181274f48cd,prca06,likert5,1,5,True,validated,1
ce94a761-76eb-407c-9a89-0181274f48cd,prca13,likert5,1,1,True,validated,0
ce94a761-76eb-407c-9a89-0181274f48cd,prca14,likert5,1,5,True,validated,1
ce94a761-76eb-407c-9a89-0181274f48cd,prca15,likert5,1,1,True,validated,0
ce94a761-76eb-407c-9a89-0181274f48cd,prca16,likert5,1,5,True,validated,1
ce94a761-76eb-407c-9a89-0181274f48cd,prca17,likert5,1,5,True,validated,1
ce94a761-76eb-407c-9a89-0181274f48cd,prca18,likert5,1,1,True,validated,0
d0dade8e-de7a-4423-9c69-40c36d93182b,prca01,likert5,4,4,True,validated,0
d0dade8e-de7a-4423-9c69-40c36d93182b,prca02,likert5,2,4,True,validated,1
d0dade8e-de7a-4423-9c69-40c36d93182b,prca03,likert5,2,2,True,validated,0
d0dade8e-de7a-4423-9c69-40c36d93182b,prca04,likert5,1,5,True,validated,1
d0dade8e-de7a-4423-9c69-40c36d93182b,prca05,likert5,1,1,True,validated,0
d0dade8e-de7a-4423-9c69-40c36d93182b,prca06,likert5,1,5,True,validated,1
d0dade8e-de7a-4423-9c69-40c36d93182b,prca13,likert5,1,1,True,validated,0
d0dade8e-de7a-4423-9c69-40c36d93182b,prca14,likert5,1,5,True,validated,1
d0dade8e-de7a-4423-9c69-40c36d93182b,prca15,likert5,2,2,True,validated,0
d0dade8e-de7a-4423-9c69-40c36d93182b,prca16,likert5,2,4,True,validated,1
d0dade8e-de7a-4423-9c69-40c36d93182b,prca17,likert5,1,5,True,validated,1
d0dade8e-de7a-4423-9c69-40c36d93182b,prca18,likert5,1,1,True,validated,0
f636f411-682c-429b-a6a4-80106894d9de,prca01,likert5,4,4,True,validated,0
f636f411-682c-429b-a6a4-80106894d9de,prca02,likert5,2,4,True,validated,1
f636f411-682c-429b-a6a4-80106894d9de,prca03,likert5,1,1,True,validated,0
f636f411-682c-429b-a6a4-80106894d9de,prca04,likert5,1,5,True,validated,1
f636f411-682c-429b-a6a4-80106894d9de,prca05,likert5,1,1,True,validated,0
f636f411-682c-429b-a6a4-80106894d9de,prca06,likert5,2,4,True,validated,1
f636f411-682c-429b-a6a4-80106894d9de,prca13,likert5,2,2,True,validated,0
f636f411-682c-429b-a6a4-80106894d9de,prca14,likert5,3,3,True,validated,1
f636f411-682c-429b-a6a4-80106894d9de,prca15,likert5,1,1,True,validated,0
f636f411-682c-429b-a6a4-80106894d9de,prca16,likert5,4,2,True,validated,1
f636f411-682c-429b-a6a4-80106894d9de,prca17,likert5,4,2,True,validated,1
f636f411-682c-429b-a6a4-80106894d9de,prca18,likert5,1,1,True,validated,0
bbbc1d14-590b-4c10-86ae-73ce10178492,prca01,likert5,1,1,True,validated,0
bbbc1d14-590b-4c10-86ae-73ce10178492,prca02,likert5,1,5,True,validated,1
bbbc1d14-590b-4c10-86ae-73ce10178492,prca03,likert5,1,1,True,validated,0
bbbc1d14-590b-4c10-86ae-73ce10178492,prca04,likert5,1,5,True,validated,1
bbbc1d14-590b-4c10-86ae-73ce10178492,prca05,likert5,1,1,True,validated,0
bbbc1d14-590b-4c10-86ae-73ce10178492,prca06,likert5,1,5,True,validated,1
bbbc1d14-590b-4c10-86ae-73ce10178492,prca13,likert5,4,4,True,validated,0
bbbc1d14-590b-4c10-86ae-73ce10178492,prca14,likert5,1,5,True,validated,1
bbbc1d14-590b-4c10-86ae-73ce10178492,prca15,likert5,1,1,True,validated,0
bbbc1d14-590b-4c10-86ae-73ce10178492,prca16,likert5,4,2,True,validated,1
bbbc1d14-590b-4c10-86ae-73ce10178492,prca17,likert5,2,4,True,validated,1
bbbc1d14-590b-4c10-86ae-73ce10178492,prca18,likert5,1,1,True,validated,0
5e84962f-5c68-4abe-acea-7e713cd24071,prca01,likert5,4,4,True,validated,0
5e84962f-5c68-4abe-acea-7e713cd24071,prca02,likert5,1,5,True,validated,1
5e84962f-5c68-4abe-acea-7e713cd24071,prca03,likert5,1,1,True,validated,0
5e84962f-5c68-4abe-acea-7e713cd24071,prca04,likert5,3,3,True,validated,1
5e84962f-5c68-4abe-acea-7e713cd24071,prca05,likert5,1,1,True,validated,0
5e84962f-5c68-4abe-acea-7e713cd24071,prca06,likert5,1,5,True,validated,1
5e84962f-5c68-4abe-acea-7e713cd24071,prca13,likert5,1,1,True,validated,0
5e84962f-5c68-4abe-acea-7e713cd24071,prca14,likert5,1,5,True,validated,1
5e84962f-5c68-4abe-acea-7e713cd24071,prca15,likert5,1,1,True,validated,0
5e84962f-5c68-4abe-acea-7e713cd24071,prca16,likert5,1,5,True,validated,1
5e84962f-5c68-4abe-acea-7e713cd24071,prca17,likert5,4,2,True,validated,1
5e84962f-5c68-4abe-acea-7e713cd24071,prca18,likert5,4,4,True,validated,0
cb76df72-ef7b-47bf-a423-57da35ee7d7f,prca01,likert5,3,3,True,validated,0
cb76df72-ef7b-47bf-a423-57da35ee7d7f,prca02,likert5,1,5,True,validated,1
cb76df72-ef7b-47bf-a423-57da35ee7d7f,prca03,likert5,1,1,True,validated,0
cb76df72-ef7b-47bf-a423-57da35ee7d7f,prca04,likert5,1,5,True,validated,1
cb76df72-ef7b-47bf-a423-57da35ee7d7f,prca05,likert5,1,1,True,validated,0
cb76df72-ef7b-47bf-a423-57da35ee7d7f,prca06,likert5,2,4,True,validated,1
cb76df72-ef7b-47bf-a423-57da35ee7d7f,prca13,likert5,1,1,True,validated,0
cb76df72-ef7b-47bf-a423-57da35ee7d7f,prca14,likert5,1,5,True,validated,1
cb76df72-ef7b-47bf-a423-57da35ee7d7f,prca15,likert5,1,1,True,validated,0
cb76df72-ef7b-47bf-a423-57da35ee7d7f,prca16,likert5,1,5,True,validated,1
cb76df72-ef7b-47bf-a423-57da35ee7d7f,prca17,likert5,1,5,True,validated,1
cb76df72-ef7b-47bf-a423-57da35ee7d7f,prca18,likert5,1,1,True,validated,0
3b858fa4-97f1-4ba6-b58d-9bdd4eb5c40e,prca01,likert5,4,4,True,validated,0
3b858fa4-97f1-4ba6-b58d-9bdd4eb5c40e,prca02,likert5,1,5,True,validated,1
3b858fa4-97f1-4ba6-b58d-9bdd4eb5c40e,prca03,likert5,1,1,True,validated,0
3b858fa4-97f1-4ba6-b58d-9bdd4eb5c40e,prca04,likert5,4,2,True,validated,1
3b858fa4-97f1-4ba6-b58d-9bdd4eb5c40e,prca05,likert5,2,2,True,validated,0
3b858fa4-97f1-4ba6-b58d-9bdd4eb5c40e,prca06,likert5,1,5,True,validated,1
3b858fa4-97f1-4ba6-b58d-9bdd4eb5c40e,prca13,likert5,1,1,True,validated,0
3b858fa4-97f1-4ba6-b58d-9bdd4eb5c40e,prca14,likert5,4,2,True,validated,1
3b858fa4-97f1-4ba6-b58d-9bdd4eb5c40e,prca15,likert5,1,1,True,validated,0
3b858fa4-97f1-4ba6-b58d-9bdd4eb5c40e,prca16,likert5,1,5,True,validated,1
3b858fa4-97f1-4ba6-b58d-9bdd4eb5c40e,prca17,likert5,1,5,True,validated,1
3b858fa4-97f1-4ba6-b58d-9bdd4eb5c40e,prca18,likert5,4,4,True,validated,0
88dd77bf-49c5-45e4-90a4-1c82f2f1bea3,prca01,likert5,1,1,True,validated,0
88dd77bf-49c5-45e4-90a4-1c82f2f1bea3,prca02,likert5,1,5,True,validated,1
88dd77bf-49c5-45e4-90a4-1c82f2f1bea3,prca03,likert5,1,1,True,validated,0
88dd77bf-49c5-45e4-90a4-1c82f2f1bea3,prca04,likert5,1,5,True,validated,1
88dd77bf-49c5-45e4-90a4-1c82f2f1bea3,prca05,likert5,1,1,True,validated,0
88dd77bf-49c5-45e4-90a4-1c82f2f1bea3,prca06,likert5,1,5,True,validated,1
88dd77bf-49c5-45e4-90a4-1c82f2f1bea3,prca13,likert5,4,4,True,validated,0
88dd77bf-49c5-45e4-90a4-1c82f2f1bea3,prca14,likert5,4,2,True,validated,1
88dd77bf-49c5-45e4-90a4-1c82f2f1bea3,prca15,likert5,1,1,True,validated,0
88dd77bf-49c5-45e4-90a4-1c82f2f1bea3,prca16,likert5,1,5,True,validated,1
88dd77bf-49c5-45e4-90a4-1c82f2f1bea3,prca17,likert5,2,4,True,validated,1
88dd77bf-49c5-45e4-90a4-1c82f2f1bea3,prca18,likert5,4,4,True,validated,0
1bda4dba-52f4-4425-9a39-6ae782e5f9ae,prca01,likert5,1,1,True,validated,0
1bda4dba-52f4-4425-9a39-6ae782e5f9ae,prca02,likert5,2,4,True,validated,1
1bda4dba-52f4-4425-9a39-6ae782e5f9ae,prca03,likert5,1,1,True,validated,0
1bda4dba-52f4-4425-9a39-6ae782e5f9ae,prca04,likert5,1,5,True,validated,1
1bda4dba-52f4-4425-9a39-6ae782e5f9ae,prca05,likert5,4,4,True,validated,0
1bda4dba-52f4-4425-9a39-6ae782e5f9ae,prca06,likert5,4,2,True,validated,1
1bda4dba-52f4-4425-9a39-6ae782e5f9ae,prca13,likert5,4,4,True,validated,0
1bda4dba-52f4-4425-9a39-6ae782e5f9ae,prca14,likert5,2,4,True,validated,1
1bda4dba-52f4-4425-9a39-6ae782e5f9ae,prca15,likert5,1,1,True,validated,0
1bda4dba-52f4-4425-9a39-6ae782e5f9ae,prca16,likert5,1,5,True,validated,1
1bda4dba-52f4-4425-9a39-6ae782e5f9ae,prca17,likert5,4,2,True,validated,1
1bda4dba-52f4-4425-9a39-6ae782e5f9ae,prca18,likert5,4,4,True,validated,0
a5a88cec-0eb9-4538-8009-f3e7cbc148d6,prca01,likert5,1,1,True,validated,0
a5a88cec-0eb9-4538-8009-f3e7cbc148d6,prca02,likert5,1,5,True,validated,1
a5a88cec-0eb9-4538-8009-f3e7cbc148d6,prca03,likert5,4,4,True,validated,0
a5a88cec-0eb9-4538-8009-f3e7cbc148d6,prca04,likert5,1,5,True,validated,1
a5a88cec-0eb9-4538-8009-f3e7cbc148d6,prca05,likert5,2,2,True,validated,0
a5a88cec-0eb9-4538-8009-f3e7cbc148d6,prca06,likert5,1,5,True,validated,1
a5a88cec-0eb9-4538-8009-f3e7cbc148d6,prca13,likert5,4,4,True,validated,0
a5a88cec-0eb9-4538-8009-f3e7cbc148d6,prca14,likert5,2,4,True,validated,1
a5a88cec-0eb9-4538-8009-f3e7cbc148d6,prca15,likert5,4,4,True,validated,0
a5a88cec-0eb9-4538-8009-f3e7cbc148d6,prca16,likert5,2,4,True,validated,1
a5a88cec-0eb9-4538-8009-f3e7cbc148d6,prca17,likert5,4,2,True,validated,1
a5a88cec-0eb9-4538-8009-f3e7cbc148d6,prca18,likert5,2,2,True,validated,0
0a01b0da-a63d-4093-b7e9-9dced39b4438,prca01,likert5,4,4,True,validated,0
0a01b0da-a63d-4093-b7e9-9dced39b4438,prca02,likert5,1,5,True,validated,1
0a01b0da-a63d-4093-b7e9-9dced39b4438,prca03,likert5,2,2,True,validated,0
0a01b0da-a63d-4093-b7e9-9dced39b4438,prca04,likert5,3,3,True,validated,1
0a01b0da-a63d-4093-b7e9-9dced39b4438,prca05,likert5,1,1,True,validated,0
0a01b0da-a63d-4093-b7e9-9dced39b4438,prca06,likert5,2,4,True,validated,1
0a01b0da-a63d-4093-b7e9-9dced39b4438,prca13,likert5,1,1,True,validated,0
0a01b0da-a63d-4093-b7e9-9dced39b4438,prca14,likert5,1,5,True,validated,1
0a01b0da-a63d-4093-b7e9-9dced39b4438,prca15,likert5,1,1,True,validated,0
0a01b0da-a63d-4093-b7e9-9dced39b4438,prca16,likert5,4,2,True,validated,1
0a01b0da-a63d-4093-b7e9-9dced39b4438,prca17,likert5,4,2,True,validated,1
0a01b0da-a63d-4093-b7e9-9dced39b4438,prca18,likert5,1,1,True,validated,0
3104d2b0-6e9c-4dc8-840c-13686327b218,prca01,likert5,1,1,True,validated,0
3104d2b0-6e9c-4dc8-840c-13686327b218,prca02,likert5,1,5,True,validated,1
3104d2b0-6e9c-4dc8-840c-13686327b218,prca03,likert5,1,1,True,validated,0
3104d2b0-6e9c-4dc8-840c-13686327b218,prca04,likert5,1,5,True,validated,1
3104d2b0-6e9c-4dc8-840c-13686327b218,prca05,likert5,1,1,True,validated,0
3104d2b0-6e9c-4dc8-840c-13686327b218,prca06,likert5,2,4,True,validated,1
3104d2b0-6e9c-4dc8-840c-13686327b218,prca13,likert5,1,1,True,validated,0
3104d2b0-6e9c-4dc8-840c-13686327b218,prca14,likert5,2,4,True,validated,1
3104d2b0-6e9c-4dc8-840c-13686327b218,prca15,likert5,2,2,True,validated,0
3104d2b0-6e9c-4dc8-840c-13686327b218,prca16,likert5,1,5,True,validated,1
3104d2b0-6e9c-4dc8-840c-13686327b218,prca17,likert5,1,5,True,validated,1
3104d2b0-6e9c-4dc8-840c-13686327b218,prca18,likert5,1,1,True,validated,0
04fba574-8ad0-4a63-860e-2dae532f7124,prca01,likert5,1,1,True,validated,0
04fba574-8ad0-4a63-860e-2dae532f7124,prca02,likert5,2,4,True,validated,1
04fba574-8ad0-4a63-860e-2dae532f7124,prca03,likert5,1,1,True,validated,0
04fba574-8ad0-4a63-860e-2dae532f7124,prca04,likert5,4,2,True,validated,1
04fba574-8ad0-4a63-860e-2dae532f7124,prca05,likert5,2,2,True,validated,0
04fba574-8ad0-4a63-860e-2dae532f7124,prca06,likert5,4,2,True,validated,1
04fba574-8ad0-4a63-860e-2dae532f7124,prca13,likert5,1,1,True,validated,0
04fba574-8ad0-4a63-860e-2dae532f7124,prca14,likert5,1,5,True,validated,1
04fba574-8ad0-4a63-860e-2dae532f7124,prca15,likert5,1,1,True,validated,0
04fba574-8ad0-4a63-860e-2dae532f7124,prca16,likert5,4,2,True,validated,1
04fba574-8ad0-4a63-860e-2dae532f7124,prca17,likert5,1,5,True,validated,1
04fba574-8ad0-4a63-860e-2dae532f7124,prca18,likert5,1,1,True,validated,0
e2086dc1-797a-4a4b-859f-6e3905e28352,prca01,likert5,1,1,True,validated,0
e2086dc1-797a-4a4b-859f-6e3905e28352,prca02,likert5,1,5,True,validated,1
e2086dc1-797a-4a4b-859f-6e3905e28352,prca03,likert5,1,1,True,validated,0
e2086dc1-797a-4a4b-859f-6e3905e28352,prca04,likert5,4,2,True,validated,1
e2086dc1-797a-4a4b-859f-6e3905e28352,prca05,likert5,4,4,True,validated,0
e2086dc1-797a-4a4b-859f-6e3905e28352,prca06,likert5,4,2,True,validated,1
e2086dc1-797a-4a4b-859f-6e3905e28352,prca13,likert5,1,1,True,validated,0
e2086dc1-797a-4a4b-859f-6e3905e28352,prca14,likert5,1,5,True,validated,1
e2086dc1-797a-4a4b-859f-6e3905e28352,prca15,likert5,1,1,True,validated,0
e2086dc1-797a-4a4b-859f-6e3905e28352,prca16,likert5,3,3,True,validated,1
e2086dc1-797a-4a4b-859f-6e3905e28352,prca17,likert5,1,5,True,validated,1
e2086dc1-797a-4a4b-859f-6e3905e28352,prca18,likert5,1,1,True,validated,0
121570fe-d80a-4b3c-b662-1b989541fe42,prca01,likert5,1,1,True,validated,0
121570fe-d80a-4b3c-b662-1b989541fe42,prca02,likert5,4,2,True,validated,1
121570fe-d80a-4b3c-b662-1b989541fe42,prca03,likert5,1,1,True,validated,0
121570fe-d80a-4b3c-b662-1b989541fe42,prca04,likert5,3,3,True,validated,1
121570fe-d80a-4b3c-b662-1b989541fe42,prca05,likert5,1,1,True,validated,0
121570fe-d80a-4b3c-b662-1b989541fe42,prca06,likert5,3,3,True,validated,1
121570fe-d80a-4b3c-b662-1b989541fe42,prca13,likert5,1,1,True,validated,0
121570fe-d80a-4b3c-b662-1b989541fe42,prca14,likert5,1,5,True,validated,1
121570fe-d80a-4b3c-b662-1b989541fe42,prca15,likert5,1,1,True,validated,0
121570fe-d80a-4b3c-b662-1b989541fe42,prca16,likert5,1,5,True,validated,1
121570fe-d80a-4b3c-b662-1b989541fe42,prca17,likert5,1,5,True,validated,1
121570fe-d80a-4b3c-b662-1b989541fe42,prca18,likert5,1,1,True,validated,0
f370f468-3738-458f-96ad-27a56bac853d,prca01,likert5,1,1,True,validated,0
f370f468-3738-458f-96ad-27a56bac853d,prca02,likert5,4,2,True,validated,1
f370f468-3738-458f-96ad-27a56bac853d,prca03,likert5,1,1,True,validated,0
f370f468-3738-458f-96ad-27a56bac853d,prca04,likert5,2,4,True,validated,1
f370f468-3738-458f-96ad-27a56bac853d,prca05,likert5,1,1,True,validated,0
f370f468-3738-458f-96ad-27a56bac853d,prca06,likert5,4,2,True,validated,1
f370f468-3738-458f-96ad-27a56bac853d,prca13,likert5,4,4,True,validated,0
f370f468-3738-458f-96ad-27a56bac853d,prca14,likert5,1,5,True,validated,1
f370f468-3738-458f-96ad-27a56bac853d,prca15,likert5,1,1,True,validated,0
f370f468-3738-458f-96ad-27a56bac853d,prca16,likert5,1,5,True,validated,1
f370f468-3738-458f-96ad-27a56bac853d,prca17,likert5,1,5,True,validated,1
f370f468-3738-458f-96ad-27a56bac853d,prca18,likert5,4,4,True,validated,0
d0f9765e-036b-4b54-b5f8-6862a58f1ab8,prca01,likert5,4,4,True,validated,0
d0f9765e-036b-4b54-b5f8-6862a58f1ab8,prca02,likert5,1,5,True,validated,1
d0f9765e-036b-4b54-b5f8-6862a58f1ab8,prca03,likert5,2,2,True,validated,0
d0f9765e-036b-4b54-b5f8-6862a58f1ab8,prca04,likert5,4,2,True,validated,1
d0f9765e-036b-4b54-b5f8-6862a58f1ab8,prca05,likert5,1,1,True,validated,0
d0f9765e-036b-4b54-b5f8-6862a58f1ab8,prca06,likert5,1,5,True,validated,1
d0f9765e-036b-4b54-b5f8-6862a58f1ab8,prca13,likert5,4,4,True,validated,0
d0f9765e-036b-4b54-b5f8-6862a58f1ab8,prca14,likert5,2,4,True,validated,1
d0f9765e-036b-4b54-b5f8-6862a58f1ab8,prca15,likert5,1,1,True,validated,0
d0f9765e-036b-4b54-b5f8-6862a58f1ab8,prca16,likert5,4,2,True,validated,1
d0f9765e-036b-4b54-b5f8-6862a58f1ab8,prca17,likert5,1,5,True,validated,1
d0f9765e-036b-4b54-b5f8-6862a58f1ab8,prca18,likert5,1,1,True,validated,0
122719d8-e667-4a16-b7ec-dfd6781412b2,prca01,likert5,1,1,True,validated,0
122719d8-e667-4a16-b7ec-dfd6781412b2,prca02,likert5,4,2,True,validated,1
122719d8-e667-4a16-b7ec-dfd6781412b2,prca03,likert5,1,1,True,validated,0
122719d8-e667-4a16-b7ec-dfd6781412b2,prca04,likert5,1,5,True,validated,1
122719d8-e667-4a16-b7ec-dfd6781412b2,prca05,likert5,1,1,True,validated,0
122719d8-e667-4a16-b7ec-dfd6781412b2,prca06,likert5,2,4,True,validated,1
122719d8-e667-4a16-b7ec-dfd6781412b2,prca13,likert5,1,1,True,validated,0
122719d8-e667-4a16-b7ec-dfd6781412b2,prca14,likert5,2,4,True,validated,1
122719d8-e667-4a16-b7ec-dfd6781412b2,prca15,likert5,1,1,True,validated,0
122719d8-e667-4a16-b7ec-dfd6781412b2,prca16,likert5,4,2,True,validated,1
122719d8-e667-4a16-b7ec-dfd6781412b2,prca17,likert5,4,2,True,validated,1
122719d8-e667-4a16-b7ec-dfd6781412b2,prca18,likert5,2,2,True,validated,0
55f47b59-24e9-4b0e-85b5-06de7bb34d90,prca01,likert5,4,4,True,validated,0
55f47b59-24e9-4b0e-85b5-06de7bb34d90,prca02,likert5,1,5,True,validated,1
55f47b59-24e9-4b0e-85b5-06de7bb34d90,prca03,likert5,1,1,True,validated,0
55f47b59-24e9-4b0e-85b5-06de7bb34d90,prca04,likert5,1,5,True,validated,1
55f47b59-24e9-4b0e-85b5-06de7bb34d90,prca05,likert5,1,1,True,validated,0
55f47b59-24e9-4b0e-85b5-06de7bb34d90,prca06,likert5,1,5,True,validated,1
55f47b59-24e9-4b0e-85b5-06de7bb34d90,prca13,likert5,1,1,True,validated,0
55f47b59-24e9-4b0e-85b5-06de7bb34d90,prca14,likert5,2,4,True,validated,1
55f47b59-24e9-4b0e-85b5-06de7bb34d90,prca15,likert5,1,1,True,validated,0
55f47b59-24e9-4b0e-85b5-06de7bb34d90,prca16,likert5,1,5,True,validated,1
55f47b59-24e9-4b0e-85b5-06de7bb34d90,prca17,likert5,1,5,True,validated,1
55f47b59-24e9-4b0e-85b5-06de7bb34d90,prca18,likert5,1,1,True,validated,0
20f7b649-ed7d-48aa-985b-83c9c64f559f,prca01,likert5,1,1,True,validated,0
20f7b649-ed7d-48aa-985b-83c9c64f559f,prca02,likert5,1,5,True,validated,1
20f7b649-ed7d-48aa-985b-83c9c64f559f,prca03,likert5,1,1,True,validated,0
20f7b649-ed7d-48aa-985b-83c9c64f559f,prca04,likert5,3,3,True,validated,1
20f7b649-ed7d-48aa-985b-83c9c64f559f,prca05,likert5,1,1,True,validated,0
20f7b649-ed7d-48aa-985b-83c9c64f559f,prca06,likert5,4,2,True,validated,1
20f7b649-ed7d-48aa-985b-83c9c64f559f,prca13,likert5,4,4,True,validated,0
20f7b649-ed7d-48aa-985b-83c9c64f559f,prca14,likert5,4,2,True,validated,1
20f7b649-ed7d-48aa-985b-83c9c64f559f,prca15,likert5,1,1,True,validated,0
20f7b649-ed7d-48aa-985b-83c9c64f559f,prca16,likert5,1,5,True,validated,1
20f7b649-ed7d-48aa-985b-83c9c64f559f,prca17,likert5,1,5,True,validated,1
20f7b649-ed7d-48aa-985b-83c9c64f559f,prca18,likert5,1,1,True,validated,0
