resid,question_id,scale,original_response,final_response,validated,action_taken,reverse_coded
0f88b011-4c09-4807-a3eb-4f4183f7040c,prca01,likert5,5,5,True,validated,0
0f88b011-4c09-4807-a3eb-4f4183f7040c,prca02,likert5,4,2,True,validated,1
0f88b011-4c09-4807-a3eb-4f4183f7040c,prca03,likert5,2,2,True,validated,0
0f88b011-4c09-4807-a3eb-4f4183f7040c,prca04,likert5,3,3,True,validated,1
0f88b011-4c09-4807-a3eb-4f4183f7040c,prca05,likert5,2,2,True,validated,0
0f88b011-4c09-4807-a3eb-4f4183f7040c,prca06,likert5,2,4,True,validated,1
0f88b011-4c09-4807-a3eb-4f4183f7040c,prca13,likert5,5,5,True,validated,0
0f88b011-4c09-4807-a3eb-4f4183f7040c,prca14,likert5,5,1,True,validated,1
0f88b011-4c09-4807-a3eb-4f4183f7040c,prca15,likert5,4,4,True,validated,0
0f88b011-4c09-4807-a3eb-4f4183f7040c,prca16,likert5,4,2,True,validated,1
0f88b011-4c09-4807-a3eb-4f4183f7040c,prca17,likert5,4,2,True,validated,1
0f88b011-4c09-4807-a3eb-4f4183f7040c,prca18,likert5,5,5,True,validated,0
307cfcb4-3c30-4c49-9f0b-bf3663fa0559,prca01,likert5,4,4,True,validated,0
307cfcb4-3c30-4c49-9f0b-bf3663fa0559,prca02,likert5,4,2,True,validated,1
307cfcb4-3c30-4c49-9f0b-bf3663fa0559,prca03,likert5,3,3,True,validated,0
307cfcb4-3c30-4c49-9f0b-bf3663fa0559,prca04,likert5,3,3,True,validated,1
307cfcb4-3c30-4c49-9f0b-bf3663fa0559,prca05,likert5,5,5,True,validated,0
307cfcb4-3c30-4c49-9f0b-bf3663fa0559,prca06,likert5,5,1,True,validated,1
307cfcb4-3c30-4c49-9f0b-bf3663fa0559,prca13,likert5,2,2,True,validated,0
307cfcb4-3c30-4c49-9f0b-bf3663fa0559,prca14,likert5,1,5,True,validated,1
307cfcb4-3c30-4c49-9f0b-bf3663fa0559,prca15,likert5,4,4,True,validated,0
307cfcb4-3c30-4c49-9f0b-bf3663fa0559,prca16,likert5,4,2,True,validated,1
307cfcb4-3c30-4c49-9f0b-bf3663fa0559,prca17,likert5,5,1,True,validated,1
307cfcb4-3c30-4c49-9f0b-bf3663fa0559,prca18,likert5,4,4,True,validated,0
7ea00cd1-6778-4b15-97dd-70fae62130d1,prca01,likert5,5,5,True,validated,0
7ea00cd1-6778-4b15-97dd-70fae62130d1,prca02,likert5,1,5,True,validated,1
7ea00cd1-6778-4b15-97dd-70fae62130d1,prca03,likert5,4,4,True,validated,0
7ea00cd1-6778-4b15-97dd-70fae62130d1,prca04,likert5,4,2,True,validated,1
7ea00cd1-6778-4b15-97dd-70fae62130d1,prca05,likert5,3,3,True,validated,0
7ea00cd1-6778-4b15-97dd-70fae62130d1,prca06,likert5,4,2,True,validated,1
7ea00cd1-6778-4b15-97dd-70fae62130d1,prca13,likert5,1,1,True,validated,0
7ea00cd1-6778-4b15-97dd-70fae62130d1,prca14,likert5,3,3,True,validated,1
7ea00cd1-6778-4b15-97dd-70fae62130d1,prca15,likert5,3,3,True,validated,0
7ea00cd1-6778-4b15-97dd-70fae62130d1,prca16,likert5,3,3,True,validated,1
7ea00cd1-6778-4b15-97dd-70fae62130d1,prca17,likert5,1,5,True,validated,1
7ea00cd1-6778-4b15-97dd-70fae62130d1,prca18,likert5,3,3,True,validated,0
afecf15e-81e2-42f4-9d0a-3d9d1c56fe8e,prca01,likert5,2,2,True,validated,0
afecf15e-81e2-42f4-9d0a-3d9d1c56fe8e,prca02,likert5,2,4,True,validated,1
afecf15e-81e2-42f4-9d0a-3d9d1c56fe8e,prca03,likert5,5,5,True,validated,0
afecf15e-81e2-42f4-9d0a-3d9d1c56fe8e,prca04,likert5,5,1,True,validated,1
afecf15e-81e2-42f4-9d0a-3d9d1c56fe8e,prca05,likert5,1,1,True,validated,0
afecf15e-81e2-42f4-9d0a-3d9d1c56fe8e,prca06,likert5,3,3,True,validated,1
afecf15e-81e2-42f4-9d0a-3d9d1c56fe8e,prca13,likert5,5,5,True,validated,0
afecf15e-81e2-42f4-9d0a-3d9d1c56fe8e,prca14,likert5,2,4,True,validated,1
afecf15e-81e2-42f4-9d0a-3d9d1c56fe8e,prca15,likert5,4,4,True,validated,0
afecf15e-81e2-42f4-9d0a-3d9d1c56fe8e,prca16,likert5,3,3,True,validated,1
afecf15e-81e2-42f4-9d0a-3d9d1c56fe8e,prca17,likert5,4,2,True,validated,1
afecf15e-81e2-42f4-9d0a-3d9d1c56fe8e,prca18,likert5,1,1,True,validated,0
08283e9a-3c00-4c6e-84ff-e16629c21c74,prca01,likert5,4,4,True,validated,0
08283e9a-3c00-4c6e-84ff-e16629c21c74,prca02,likert5,4,2,True,validated,1
08283e9a-3c00-4c6e-84ff-e16629c21c74,prca03,likert5,5,5,True,validated,0
08283e9a-3c00-4c6e-84ff-e16629c21c74,prca04,likert5,3,3,True,validated,1
08283e9a-3c00-4c6e-84ff-e16629c21c74,prca05,likert5,3,3,True,validated,0
08283e9a-3c00-4c6e-84ff-e16629c21c74,prca06,likert5,3,3,True,validated,1
08283e9a-3c00-4c6e-84ff-e16629c21c74,prca13,likert5,3,3,True,validated,0
08283e9a-3c00-4c6e-84ff-e16629c21c74,prca14,likert5,4,2,True,validated,1
08283e9a-3c00-4c6e-84ff-e16629c21c74,prca15,likert5,4,4,True,validated,0
08283e9a-3c00-4c6e-84ff-e16629c21c74,prca16,likert5,4,2,True,validated,1
08283e9a-3c00-4c6e-84ff-e16629c21c74,prca17,likert5,2,4,True,validated,1
08283e9a-3c00-4c6e-84ff-e16629c21c74,prca18,likert5,1,1,True,validated,0
9ad4fb24-c0cc-4636-b9cf-b0dbc000301e,prca01,likert5,5,5,True,validated,0
9ad4fb24-c0cc-4636-b9cf-b0dbc000301e,prca02,likert5,4,2,True,validated,1
9ad4fb24-c0cc-4636-b9cf-b0dbc000301e,prca03,likert5,4,4,True,validated,0
9ad4fb24-c0cc-4636-b9cf-b0dbc000301e,prca04,likert5,4,2,True,validated,1
9ad4fb24-c0cc-4636-b9cf-b0dbc000301e,prca05,likert5,3,3,True,validated,0
9ad4fb24-c0cc-4636-b9cf-b0dbc000301e,prca06,likert5,3,3,True,validated,1
9ad4fb24-c0cc-4636-b9cf-b0dbc000301e,prca13,likert5,3,3,True,validated,0
9ad4fb24-c0cc-4636-b9cf-b0dbc000301e,prca14,likert5,3,3,True,validated,1
9ad4fb24-c0cc-4636-b9cf-b0dbc000301e,prca15,likert5,4,4,True,validated,0
9ad4fb24-c0cc-4636-b9cf-b0dbc000301e,prca16,likert5,5,1,True,validated,1
9ad4fb24-c0cc-4636-b9cf-b0dbc000301e,prca17,likert5,1,5,True,validated,1
9ad4fb24-c0cc-4636-b9cf-b0dbc000301e,prca18,likert5,5) strongly agree,5,True,recode,0
186f89ba-b640-46a1-b529-14e3f87a9e0e,prca01,likert5,2,2,True,validated,0
186f89ba-b640-46a1-b529-14e3f87a9e0e,prca02,likert5,4,2,True,validated,1
186f89ba-b640-46a1-b529-14e3f87a9e0e,prca03,likert5,3,3,True,validated,0
186f89ba-b640-46a1-b529-14e3f87a9e0e,prca04,likert5,1,5,True,validated,1
186f89ba-b640-46a1-b529-14e3f87a9e0e,prca05,likert5,5,5,True,validated,0
186f89ba-b640-46a1-b529-14e3f87a9e0e,prca06,likert5,5) strongly agree,2,True,recode,1
186f89ba-b640-46a1-b529-14e3f87a9e0e,prca13,likert5,2,2,True,validated,0
186f89ba-b640-46a1-b529-14e3f87a9e0e,prca14,likert5,5) strongly agree,2,True,recode,1
186f89ba-b640-46a1-b529-14e3f87a9e0e,prca15,likert5,2,2,True,validated,0
186f89ba-b640-46a1-b529-14e3f87a9e0e,prca16,likert5,3,3,True,validated,1
186f89ba-b640-46a1-b529-14e3f87a9e0e,prca17,likert5,4,2,True,validated,1
186f89ba-b640-46a1-b529-14e3f87a9e0e,prca18,likert5,2,2,True,validated,0
0a4d6165-f150-45e1-b851-190f0c221d51,prca01,likert5,3,3,True,validated,0
0a4d6165-f150-45e1-b851-190f0c221d51,prca02,likert5,4,2,True,validated,1
0a4d6165-f150-45e1-b851-190f0c221d51,prca03,likert5,3,3,True,validated,0
0a4d6165-f150-45e1-b851-190f0c221d51,prca04,likert5,3,3,True,validated,1
0a4d6165-f150-45e1-b851-190f0c221d51,prca05,likert5,4,4,True,validated,0
0a4d6165-f150-45e1-b851-190f0c221d51,prca06,likert5,5,1,True,validated,1
0a4d6165-f150-45e1-b851-190f0c221d51,prca13,likert5,4,4,True,validated,0
0a4d6165-f150-45e1-b851-190f0c221d51,prca14,likert5,3,3,True,validated,1
0a4d6165-f150-45e1-b851-190f0c221d51,prca15,likert5,3,3,True,validated,0
0a4d6165-f150-45e1-b851-190f0c221d51,prca16,likert5,5) strongly agree,2,True,recode,1
0a4d6165-f150-45e1-b851-190f0c221d51,prca17,likert5,2,4,True,validated,1
0a4d6165-f150-45e1-b851-190f0c221d51,prca18,likert5,4,4,True,validated,0
5f4e9308-f3a5-43a1-9723-89a0bb796db3,prca01,likert5,5,5,True,validated,0
5f4e9308-f3a5-43a1-9723-89a0bb796db3,prca02,likert5,3,3,True,validated,1
5f4e9308-f3a5-43a1-9723-89a0bb796db3,prca03,likert5,2,2,True,validated,0
5f4e9308-f3a5-43a1-9723-89a0bb796db3,prca04,likert5,2,4,True,validated,1
5f4e9308-f3a5-43a1-9723-89a0bb796db3,prca05,likert5,3,3,True,validated,0
5f4e9308-f3a5-43a1-9723-89a0bb796db3,prca06,likert5,3,3,True,validated,1
5f4e9308-f3a5-43a1-9723-89a0bb796db3,prca13,likert5,5,5,True,validated,0
5f4e9308-f3a5-43a1-9723-89a0bb796db3,prca14,likert5,2,4,True,validated,1
5f4e9308-f3a5-43a1-9723-89a0bb796db3,prca15,likert5,4,4,True,validated,0
5f4e9308-f3a5-43a1-9723-89a0bb796db3,prca16,likert5,1,5,True,validated,1
5f4e9308-f3a5-43a1-9723-89a0bb796db3,prca17,likert5,2,4,True,validated,1
5f4e9308-f3a5-43a1-9723-89a0bb796db3,prca18,likert5,5,5,True,validated,0
3a03de00-65e3-48e9-8f17-19e639fe35ce,prca01,likert5,4,4,True,validated,0
3a03de00-65e3-48e9-8f17-19e639fe35ce,prca02,likert5,4,2,True,validated,1
3a03de00-65e3-48e9-8f17-19e639fe35ce,prca03,likert5,1,1,True,validated,0
3a03de00-65e3-48e9-8f17-19e639fe35ce,prca04,likert5,5) strongly agree,2,True,recode,1
3a03de00-65e3-48e9-8f17-19e639fe35ce,prca05,likert5,2,2,True,validated,0
3a03de00-65e3-48e9-8f17-19e639fe35ce,prca06,likert5,5,1,True,validated,1
3a03de00-65e3-48e9-8f17-19e639fe35ce,prca13,likert5,4,4,True,validated,0
3a03de00-65e3-48e9-8f17-19e639fe35ce,prca14,likert5,3,3,True,validated,1
3a03de00-65e3-48e9-8f17-19e639fe35ce,prca15,likert5,3,3,True,validated,0
3a03de00-65e3-48e9-8f17-19e639fe35ce,prca16,likert5,3,3,True,validated,1
3a03de00-65e3-48e9-8f17-19e639fe35ce,prca17,likert5,4,2,True,validated,1
3a03de00-65e3-48e9-8f17-19e639fe35ce,prca18,likert5,4,4,True,validated,0
79acc4fc-0711-48ce-8cb3-e4d51b0b0f44,prca01,likert5,4,4,True,validated,0
79acc4fc-0711-48ce-8cb3-e4d51b0b0f44,prca02,likert5,3,3,True,validated,1
79acc4fc-0711-48ce-8cb3-e4d51b0b0f44,prca03,likert5,5,5,True,validated,0
79acc4fc-0711-48ce-8cb3-e4d51b0b0f44,prca04,likert5,4,2,True,validated,1
79acc4fc-0711-48ce-8cb3-e4d51b0b0f44,prca05,likert5,1,1,True,validated,0
79acc4fc-0711-48ce-8cb3-e4d51b0b0f44,prca06,likert5,3,3,True,validated,1
79acc4fc-0711-48ce-8cb3-e4d51b0b0f44,prca13,likert5,1,1,True,validated,0
79acc4fc-0711-48ce-8cb3-e4d51b0b0f44,prca14,likert5,4,2,True,validated,1
79acc4fc-0711-48ce-8cb3-e4d51b0b0f44,prca15,likert5,4,4,True,validated,0
79acc4fc-0711-48ce-8cb3-e4d51b0b0f44,prca16,likert5,4,2,True,validated,1
79acc4fc-0711-48ce-8cb3-e4d51b0b0f44,prca17,likert5,1,5,True,validated,1
79acc4fc-0711-48ce-8cb3-e4d51b0b0f44,prca18,likert5,4,4,True,validated,0
8a58ea16-b894-4e3e-be06-5d618ea07341,prca01,likert5,2,2,True,validated,0
8a58ea16-b894-4e3e-be06-5d618ea07341,prca02,likert5,1,5,True,validated,1
8a58ea16-b894-4e3e-be06-5d618ea07341,prca03,likert5,2,2,True,validated,0
8a58ea16-b894-4e3e-be06-5d618ea07341,prca04,likert5,3,3,True,validated,1
8a58ea16-b894-4e3e-be06-5d618ea07341,prca05,likert5,4,4,True,validated,0
8a58ea16-b894-4e3e-be06-5d618ea07341,prca06,likert5,3,3,True,validated,1
8a58ea16-b894-4e3e-be06-5d618ea07341,prca13,likert5,4,4,True,validated,0
8a58ea16-b894-4e3e-be06-5d618ea07341,prca14,likert5,1,5,True,validated,1
8a58ea16-b894-4e3e-be06-5d618ea07341,prca15,likert5,3,3,True,validated,0
8a58ea16-b894-4e3e-be06-5d618ea07341,prca16,likert5,2,4,True,validated,1
8a58ea16-b894-4e3e-be06-5d618ea07341,prca17,likert5,1,5,True,validated,1
8a58ea16-b894-4e3e-be06-5d618ea07341,prca18,likert5,3,3,True,validated,0
14e26bb0-28a1-4c31-8d60-1b692bd489d5,prca01,likert5,4,4,True,validated,0
14e26bb0-28a1-4c31-8d60-1b692bd489d5,prca02,likert5,3,3,True,validated,1
14e26bb0-28a1-4c31-8d60-1b692bd489d5,prca03,likert5,4,4,True,validated,0
14e26bb0-28a1-4c31-8d60-1b692bd489d5,prca04,likert5,1,5,True,validated,1
14e26bb0-28a1-4c31-8d60-1b692bd489d5,prca05,likert5,4,4,True,validated,0
14e26bb0-28a1-4c31-8d60-1b692bd489d5,prca06,likert5,3,3,True,validated,1
14e26bb0-28a1-4c31-8d60-1b692bd489d5,prca13,likert5,4,4,True,validated,0
14e26bb0-28a1-4c31-8d60-1b692bd489d5,prca14,likert5,3,3,True,validated,1
14e26bb0-28a1-4c31-8d60-1b692bd489d5,prca15,likert5,4,4,True,validated,0
14e26bb0-28a1-4c31-8d60-1b692bd489d5,prca16,likert5,4,2,True,validated,1
14e26bb0-28a1-4c31-8d60-1b692bd489d5,prca17,likert5,1,5,True,validated,1
14e26bb0-28a1-4c31-8d60-1b692bd489d5,prca18,likert5,5,5,True,validated,0
37e63e9a-d7aa-49c1-9946-9341acfde419,prca01,likert5,2,2,True,validated,0
37e63e9a-d7aa-49c1-9946-9341acfde419,prca02,likert5,4,2,True,validated,1
37e63e9a-d7aa-49c1-9946-9341acfde419,prca03,likert5,4,4,True,validated,0
37e63e9a-d7aa-49c1-9946-9341acfde419,prca04,likert5,4,2,True,validated,1
37e63e9a-d7aa-49c1-9946-9341acfde419,prca05,likert5,3,3,True,validated,0
37e63e9a-d7aa-49c1-9946-9341acfde419,prca06,likert5,4,2,True,validated,1
37e63e9a-d7aa-49c1-9946-9341acfde419,prca13,likert5,3,3,True,validated,0
37e63e9a-d7aa-49c1-9946-9341acfde419,prca14,likert5,5,1,True,validated,1
37e63e9a-d7aa-49c1-9946-9341acfde419,prca15,likert5,3,3,True,validated,0
37e63e9a-d7aa-49c1-9946-9341acfde419,prca16,likert5,3,3,True,validated,1
37e63e9a-d7aa-49c1-9946-9341acfde419,prca17,likert5,1,5,True,validated,1
37e63e9a-d7aa-49c1-9946-9341acfde419,prca18,likert5,3,3,True,validated,0
5ad6360d-4c4d-4d36-9443-c24169daf888,prca01,likert5,1,1,True,validated,0
5ad6360d-4c4d-4d36-9443-c24169daf888,prca02,likert5,1,5,True,validated,1
5ad6360d-4c4d-4d36-9443-c24169daf888,prca03,likert5,4,4,True,validated,0
5ad6360d-4c4d-4d36-9443-c24169daf888,prca04,likert5,5,1,True,validated,1
5ad6360d-4c4d-4d36-9443-c24169daf888,prca05,likert5,2,2,True,validated,0
5ad6360d-4c4d-4d36-9443-c24169daf888,prca06,likert5,1,5,True,validated,1
5ad6360d-4c4d-4d36-9443-c24169daf888,prca13,likert5,3,3,True,validated,0
5ad6360d-4c4d-4d36-9443-c24169daf888,prca14,likert5,5,1,True,validated,1
5ad6360d-4c4d-4d36-9443-c24169daf888,prca15,likert5,2,2,True,validated,0
5ad6360d-4c4d-4d36-9443-c24169daf888,prca16,likert5,3,3,True,validated,1
5ad6360d-4c4d-4d36-9443-c24169daf888,prca17,likert5,5,1,True,validated,1
5ad6360d-4c4d-4d36-9443-c24169daf888,prca18,likert5,4,4,True,validated,0
dc870fa9-4ecd-48fe-a87c-c1674f3b538a,prca01,likert5,2,2,True,validated,0
dc870fa9-4ecd-48fe-a87c-c1674f3b538a,prca02,likert5,4,2,True,validated,1
dc870fa9-4ecd-48fe-a87c-c1674f3b538a,prca03,likert5,4,4,True,validated,0
dc870fa9-4ecd-48fe-a87c-c1674f3b538a,prca04,likert5,5,1,True,validated,1
dc870fa9-4ecd-48fe-a87c-c1674f3b538a,prca05,likert5,5,5,True,validated,0
dc870fa9-4ecd-48fe-a87c-c1674f3b538a,prca06,likert5,2,4,True,validated,1
dc870fa9-4ecd-48fe-a87c-c1674f3b538a,prca13,likert5,3,3,True,validated,0
dc870fa9-4ecd-48fe-a87c-c1674f3b538a,prca14,likert5,5,1,True,validated,1
dc870fa9-4ecd-48fe-a87c-c1674f3b538a,prca15,likert5,3,3,True,validated,0
dc870fa9-4ecd-48fe-a87c-c1674f3b538a,prca16,likert5,3,3,True,validated,1
dc870fa9-4ecd-48fe-a87c-c1674f3b538a,prca17,likert5,4,2,True,validated,1
dc870fa9-4ecd-48fe-a87c-c1674f3b538a,prca18,likert5,4,4,True,validated,0
49b9b5da-2b51-453f-8540-9fb278cf22bf,prca01,likert5,1,1,True,validated,0
49b9b5da-2b51-453f-8540-9fb278cf22bf,prca02,likert5,5,1,True,validated,1
49b9b5da-2b51-453f-8540-9fb278cf22bf,prca03,likert5,3,3,True,validated,0
49b9b5da-2b51-453f-8540-9fb278cf22bf,prca04,likert5,3,3,True,validated,1
49b9b5da-2b51-453f-8540-9fb278cf22bf,prca05,likert5,5,5,True,validated,0
49b9b5da-2b51-453f-8540-9fb278cf22bf,prca06,likert5,1,5,True,validated,1
49b9b5da-2b51-453f-8540-9fb278cf22bf,prca13,likert5,5,5,True,validated,0
49b9b5da-2b51-453f-8540-9fb278cf22bf,prca14,likert5,5,1,True,validated,1
49b9b5da-2b51-453f-8540-9fb278cf22bf,prca15,likert5,4,4,True,validated,0
49b9b5da-2b51-453f-8540-9fb278cf22bf,prca16,likert5,5,1,True,validated,1
49b9b5da-2b51-453f-8540-9fb278cf22bf,prca17,likert5,1,5,True,validated,1
49b9b5da-2b51-453f-8540-9fb278cf22bf,prca18,likert5,3,3,True,validated,0
b398e335-09ec-4f51-9f5f-cb51b2ad573b,prca01,likert5,3,3,True,validated,0
b398e335-09ec-4f51-9f5f-cb51b2ad573b,prca02,likert5,5,1,True,validated,1
b398e335-09ec-4f51-9f5f-cb51b2ad573b,prca03,likert5,1,1,True,validated,0
b398e335-09ec-4f51-9f5f-cb51b2ad573b,prca04,likert5,1,5,True,validated,1
b398e335-09ec-4f51-9f5f-cb51b2ad573b,prca05,likert5,3,3,True,validated,0
b398e335-09ec-4f51-9f5f-cb51b2ad573b,prca06,likert5,3,3,True,validated,1
b398e335-09ec-4f51-9f5f-cb51b2ad573b,prca13,likert5,5,5,True,validated,0
b398e335-09ec-4f51-9f5f-cb51b2ad573b,prca14,likert5,4,2,True,validated,1
b398e335-09ec-4f51-9f5f-cb51b2ad573b,prca15,likert5,4,4,True,validated,0
b398e335-09ec-4f51-9f5f-cb51b2ad573b,prca16,likert5,1,5,True,validated,1
b398e335-09ec-4f51-9f5f-cb51b2ad573b,prca17,likert5,4,2,True,validated,1
b398e335-09ec-4f51-9f5f-cb51b2ad573b,prca18,likert5,2,2,True,validated,0
1c1cf814-1d0d-4fce-8555-a7348f592ed2,prca01,likert5,2,2,True,validated,0
1c1cf814-1d0d-4fce-8555-a7348f592ed2,prca02,likert5,4,2,True,validated,1
1c1cf814-1d0d-4fce-8555-a7348f592ed2,prca03,likert5,3,3,True,validated,0
1c1cf814-1d0d-4fce-8555-a7348f592ed2,prca04,likert5,2,4,True,validated,1
1c1cf814-1d0d-4fce-8555-a7348f592ed2,prca05,likert5,4,4,True,validated,0
1c1cf814-1d0d-4fce-8555-a7348f592ed2,prca06,likert5,4,2,True,validated,1
1c1cf814-1d0d-4fce-8555-a7348f592ed2,prca13,likert5,4,4,True,validated,0
1c1cf814-1d0d-4fce-8555-a7348f592ed2,prca14,likert5,4,2,True,validated,1
1c1cf814-1d0d-4fce-8555-a7348f592ed2,prca15,likert5,2,2,True,validated,0
1c1cf814-1d0d-4fce-8555-a7348f592ed2,prca16,likert5,1,5,True,validated,1
1c1cf814-1d0d-4fce-8555-a7348f592ed2,prca17,likert5,4,2,True,validated,1
1c1cf814-1d0d-4fce-8555-a7348f592ed2,prca18,likert5,5) strongly agree,4,True,recode,0
978ee858-a094-44a5-b5e3-977f37088d04,prca01,likert5,5,5,True,validated,0
978ee858-a094-44a5-b5e3-977f37088d04,prca02,likert5,1,5,True,validated,1
978ee858-a094-44a5-b5e3-977f37088d04,prca03,likert5,3,3,True,validated,0
978ee858-a094-44a5-b5e3-977f37088d04,prca04,likert5,5,1,True,validated,1
978ee858-a094-44a5-b5e3-977f37088d04,prca05,likert5,3,3,True,validated,0
978ee858-a094-44a5-b5e3-977f37088d04,prca06,likert5,3,3,True,validated,1
978ee858-a094-44a5-b5e3-977f37088d04,prca13,likert5,5,5,True,validated,0
978ee858-a094-44a5-b5e3-977f37088d04,prca14,likert5,2,4,True,validated,1
978ee858-a094-44a5-b5e3-977f37088d04,prca15,likert5,5,5,True,validated,0
978ee858-a094-44a5-b5e3-977f37088d04,prca16,likert5,2,4,True,validated,1
978ee858-a094-44a5-b5e3-977f37088d04,prca17,likert5,1,5,True,validated,1
978ee858-a094-44a5-b5e3-977f37088d04,prca18,likert5,5,5,True,validated,0
ecd3c351-927e-4063-87ac-03c296fc27c6,prca01,likert5,3,3,True,validated,0
ecd3c351-927e-4063-87ac-03c296fc27c6,prca02,likert5,4,2,True,validated,1
ecd3c351-927e-4063-87ac-03c296fc27c6,prca03,likert5,5,5,True,validated,0
ecd3c351-927e-4063-87ac-03c296fc27c6,prca04,likert5,5,1,True,validated,1
ecd3c351-927e-4063-87ac-03c296fc27c6,prca05,likert5,4,4,True,validated,0
ecd3c351-927e-4063-87ac-03c296fc27c6,prca06,likert5,4,2,True,validated,1
ecd3c351-927e-4063-87ac-03c296fc27c6,prca13,likert5,3,3,True,validated,0
ecd3c351-927e-4063-87ac-03c296fc27c6,prca14,likert5,4,2,True,validated,1
ecd3c351-927e-4063-87ac-03c296fc27c6,prca15,likert5,3,3,True,validated,0
ecd3c351-927e-4063-87ac-03c296fc27c6,prca16,likert5,5,1,True,validated,1
ecd3c351-927e-4063-87ac-03c296fc27c6,prca17,likert5,4,2,True,validated,1
ecd3c351-927e-4063-87ac-03c296fc27c6,prca18,likert5,3,3,True,validated,0
d04beb20-c03a-4e45-84f5-9b1303739d02,prca01,likert5,2,2,True,validated,0
d04beb20-c03a-4e45-84f5-9b1303739d02,prca02,likert5,2,4,True,validated,1
d04beb20-c03a-4e45-84f5-9b1303739d02,prca03,likert5,3,3,True,validated,0
d04beb20-c03a-4e45-84f5-9b1303739d02,prca04,likert5,4,2,True,validated,1
d04beb20-c03a-4e45-84f5-9b1303739d02,prca05,likert5,4,4,True,validated,0
d04beb20-c03a-4e45-84f5-9b1303739d02,prca06,likert5,4,2,True,validated,1
d04beb20-c03a-4e45-84f5-9b1303739d02,prca13,likert5,4,4,True,validated,0
d04beb20-c03a-4e45-84f5-9b1303739d02,prca14,likert5,2,4,True,validated,1
d04beb20-c03a-4e45-84f5-9b1303739d02,prca15,likert5,3,3,True,validated,0
d04beb20-c03a-4e45-84f5-9b1303739d02,prca16,likert5,1,5,True,validated,1
d04beb20-c03a-4e45-84f5-9b1303739d02,prca17,likert5,5,1,True,validated,1
d04beb20-c03a-4e45-84f5-9b1303739d02,prca18,likert5,4,4,True,validated,0
f8313bb8-d65d-4c64-83ce-9988505bdc9f,prca01,likert5,3,3,True,validated,0
f8313bb8-d65d-4c64-83ce-9988505bdc9f,prca02,likert5,5,1,True,validated,1
f8313bb8-d65d-4c64-83ce-9988505bdc9f,prca03,likert5,2,2,True,validated,0
f8313bb8-d65d-4c64-83ce-9988505bdc9f,prca04,likert5,3,3,True,validated,1
f8313bb8-d65d-4c64-83ce-9988505bdc9f,prca05,likert5,1,1,True,validated,0
f8313bb8-d65d-4c64-83ce-9988505bdc9f,prca06,likert5,5,1,True,validated,1
f8313bb8-d65d-4c64-83ce-9988505bdc9f,prca13,likert5,4,4,True,validated,0
f8313bb8-d65d-4c64-83ce-9988505bdc9f,prca14,likert5,5,1,True,validated,1
f8313bb8-d65d-4c64-83ce-9988505bdc9f,prca15,likert5,5,5,True,validated,0
f8313bb8-d65d-4c64-83ce-9988505bdc9f,prca16,likert5,3,3,True,validated,1
f8313bb8-d65d-4c64-83ce-9988505bdc9f,prca17,likert5,1,5,True,validated,1
f8313bb8-d65d-4c64-83ce-9988505bdc9f,prca18,likert5,3,3,True,validated,0
a5e5ad4f-586e-4cc2-ad02-850e36108656,prca01,likert5,5,5,True,validated,0
a5e5ad4f-586e-4cc2-ad02-850e36108656,prca02,likert5,4,2,True,validated,1
a5e5ad4f-586e-4cc2-ad02-850e36108656,prca03,likert5,2,2,True,validated,0
a5e5ad4f-586e-4cc2-ad02-850e36108656,prca04,likert5,4,2,True,validated,1
a5e5ad4f-586e-4cc2-ad02-850e36108656,prca05,likert5,4,4,True,validated,0
a5e5ad4f-586e-4cc2-ad02-850e36108656,prca06,likert5,4,2,True,validated,1
a5e5ad4f-586e-4cc2-ad02-850e36108656,prca13,likert5,3,3,True,validated,0
a5e5ad4f-586e-4cc2-ad02-850e36108656,prca14,likert5,1,5,True,validated,1
a5e5ad4f-586e-4cc2-ad02-850e36108656,prca15,likert5,2,2,True,validated,0
a5e5ad4f-586e-4cc2-ad02-850e36108656,prca16,likert5,3,3,True,validated,1
a5e5ad4f-586e-4cc2-ad02-850e36108656,prca17,likert5,2,4,True,validated,1
a5e5ad4f-586e-4cc2-ad02-850e36108656,prca18,likert5,3,3,True,validated,0
b55c1126-c4b2-4a4e-b524-3de9ecb1fc28,prca01,likert5,3,3,True,validated,0
b55c1126-c4b2-4a4e-b524-3de9ecb1fc28,prca02,likert5,3,3,True,validated,1
b55c1126-c4b2-4a4e-b524-3de9ecb1fc28,prca03,likert5,1,1,True,validated,0
b55c1126-c4b2-4a4e-b524-3de9ecb1fc28,prca04,likert5,5,1,True,validated,1
b55c1126-c4b2-4a4e-b524-3de9ecb1fc28,prca05,likert5,4,4,True,validated,0
b55c1126-c4b2-4a4e-b524-3de9ecb1fc28,prca06,likert5,5,1,True,validated,1
b55c1126-c4b2-4a4e-b524-3de9ecb1fc28,prca13,likert5,3,3,True,validated,0
b55c1126-c4b2-4a4e-b524-3de9ecb1fc28,prca14,likert5,4,2,True,validated,1
b55c1126-c4b2-4a4e-b524-3de9ecb1fc28,prca15,likert5,4,4,True,validated,0
b55c1126-c4b2-4a4e-b524-3de9ecb1fc28,prca16,likert5,3,3,True,validated,1
b55c1126-c4b2-4a4e-b524-3de9ecb1fc28,prca17,likert5,5,1,True,validated,1
b55c1126-c4b2-4a4e-b524-3de9ecb1fc28,prca18,likert5,3,3,True,validated,0
0e7b91d3-0f8b-4b24-9146-72e3125c64dc,prca01,likert5,3,3,True,validated,0
0e7b91d3-0f8b-4b24-9146-72e3125c64dc,prca02,likert5,3,3,True,validated,1
0e7b91d3-0f8b-4b24-9146-72e3125c64dc,prca03,likert5,3,3,True,validated,0
0e7b91d3-0f8b-4b24-9146-72e3125c64dc,prca04,likert5,5,1,True,validated,1
0e7b91d3-0f8b-4b24-9146-72e3125c64dc,prca05,likert5,3,3,True,validated,0
0e7b91d3-0f8b-4b24-9146-72e3125c64dc,prca06,likert5,4,2,True,validated,1
0e7b91d3-0f8b-4b24-9146-72e3125c64dc,prca13,likert5,4,4,True,validated,0
0e7b91d3-0f8b-4b24-9146-72e3125c64dc,prca14,likert5,2,4,True,validated,1
0e7b91d3-0f8b-4b24-9146-72e3125c64dc,prca15,likert5,3,3,True,validated,0
0e7b91d3-0f8b-4b24-9146-72e3125c64dc,prca16,likert5,3,3,True,validated,1
0e7b91d3-0f8b-4b24-9146-72e3125c64dc,prca17,likert5,4,2,True,validated,1
0e7b91d3-0f8b-4b24-9146-72e3125c64dc,prca18,likert5,1,1,True,validated,0
0ef0f853-e89d-4e0a-8c4a-b1cf6d0075d8,prca01,likert5,1,1,True,validated,0
0ef0f853-e89d-4e0a-8c4a-b1cf6d0075d8,prca02,likert5,5,1,True,validated,1
0ef0f853-e89d-4e0a-8c4a-b1cf6d0075d8,prca03,likert5,5,5,True,validated,0
0ef0f853-e89d-4e0a-8c4a-b1cf6d0075d8,prca04,likert5,4,2,True,validated,1
0ef0f853-e89d-4e0a-8c4a-b1cf6d0075d8,prca05,likert5,5,5,True,validated,0
0ef0f853-e89d-4e0a-8c4a-b1cf6d0075d8,prca06,likert5,3,3,True,validated,1
0ef0f853-e89d-4e0a-8c4a-b1cf6d0075d8,prca13,likert5,2,2,True,validated,0
0ef0f853-e89d-4e0a-8c4a-b1cf6d0075d8,prca14,likert5,4,2,True,validated,1
0ef0f853-e89d-4e0a-8c4a-b1cf6d0075d8,prca15,likert5,4,4,True,validated,0
0ef0f853-e89d-4e0a-8c4a-b1cf6d0075d8,prca16,likert5,4,2,True,validated,1
0ef0f853-e89d-4e0a-8c4a-b1cf6d0075d8,prca17,likert5,4,2,True,validated,1
0ef0f853-e89d-4e0a-8c4a-b1cf6d0075d8,prca18,likert5,3,3,True,validated,0
b0f0c83b-b4a3-44ac-935d-2ef4ae46343b,prca01,likert5,1,1,True,validated,0
b0f0c83b-b4a3-44ac-935d-2ef4ae46343b,prca02,likert5,4,2,True,validated,1
b0f0c83b-b4a3-44ac-935d-2ef4ae46343b,prca03,likert5,4,4,True,validated,0
b0f0c83b-b4a3-44ac-935d-2ef4ae46343b,prca04,likert5,5,1,True,validated,1
b0f0c83b-b4a3-44ac-935d-2ef4ae46343b,prca05,likert5,4,4,True,validated,0
b0f0c83b-b4a3-44ac-935d-2ef4ae46343b,prca06,likert5,4,2,True,validated,1
b0f0c83b-b4a3-44ac-935d-2ef4ae46343b,prca13,likert5,2,2,True,validated,0
b0f0c83b-b4a3-44ac-935d-2ef4ae46343b,prca14,likert5,1,5,True,validated,1
b0f0c83b-b4a3-44ac-935d-2ef4ae46343b,prca15,likert5,4,4,True,validated,0
b0f0c83b-b4a3-44ac-935d-2ef4ae46343b,prca16,likert5,3,3,True,validated,1
b0f0c83b-b4a3-44ac-935d-2ef4ae46343b,prca17,likert5,4,2,True,validated,1
b0f0c83b-b4a3-44ac-935d-2ef4ae46343b,prca18,likert5,4,4,True,validated,0
5e10e60d-bdaa-46ef-a17d-21ae5068f197,prca01,likert5,3,3,True,validated,0
5e10e60d-bdaa-46ef-a17d-21ae5068f197,prca02,likert5,1,5,True,validated,1
5e10e60d-bdaa-46ef-a17d-21ae5068f197,prca03,likert5,1,1,True,validated,0
5e10e60d-bdaa-46ef-a17d-21ae5068f197,prca04,likert5,4,2,True,validated,1
5e10e60d-bdaa-46ef-a17d-21ae5068f197,prca05,likert5,3,3,True,validated,0
5e10e60d-bdaa-46ef-a17d-21ae5068f197,prca06,likert5,2,4,True,validated,1
5e10e60d-bdaa-46ef-a17d-21ae5068f197,prca13,likert5,2,2,True,validated,0
5e10e60d-bdaa-46ef-a17d-21ae5068f197,prca14,likert5,3,3,True,validated,1
5e10e60d-bdaa-46ef-a17d-21ae5068f197,prca15,likert5,4,4,True,validated,0
5e10e60d-bdaa-46ef-a17d-21ae5068f197,prca16,likert5,4,2,True,validated,1
5e10e60d-bdaa-46ef-a17d-21ae5068f197,prca17,likert5,4,2,True,validated,1
5e10e60d-bdaa-46ef-a17d-21ae5068f197,prca18,likert5,1,1,True,validated,0
afa11a68-c9fb-43bf-b8cf-a3a07e979f08,prca01,likert5,5,5,True,validated,0
afa11a68-c9fb-43bf-b8cf-a3a07e979f08,prca02,likert5,4,2,True,validated,1
afa11a68-c9fb-43bf-b8cf-a3a07e979f08,prca03,likert5,2,2,True,validated,0
afa11a68-c9fb-43bf-b8cf-a3a07e979f08,prca04,likert5,3,3,True,validated,1
afa11a68-c9fb-43bf-b8cf-a3a07e979f08,prca05,likert5,3,3,True,validated,0
afa11a68-c9fb-43bf-b8cf-a3a07e979f08,prca06,likert5,2,4,True,validated,1
afa11a68-c9fb-43bf-b8cf-a3a07e979f08,prca13,likert5,4,4,True,validated,0
afa11a68-c9fb-43bf-b8cf-a3a07e979f08,prca14,likert5,4,2,True,validated,1
afa11a68-c9fb-43bf-b8cf-a3a07e979f08,prca15,likert5,5,5,True,validated,0
afa11a68-c9fb-43bf-b8cf-a3a07e979f08,prca16,likert5,4,2,True,validated,1
afa11a68-c9fb-43bf-b8cf-a3a07e979f08,prca17,likert5,4,2,True,validated,1
afa11a68-c9fb-43bf-b8cf-a3a07e979f08,prca18,likert5,5,5,True,validated,0
ca7d6313-e310-4415-a1b5-aa91499305f2,prca01,likert5,3,3,True,validated,0
ca7d6313-e310-4415-a1b5-aa91499305f2,prca02,likert5,3,3,True,validated,1
ca7d6313-e310-4415-a1b5-aa91499305f2,prca03,likert5,4,4,True,validated,0
ca7d6313-e310-4415-a1b5-aa91499305f2,prca04,likert5,4,2,True,validated,1
ca7d6313-e310-4415-a1b5-aa91499305f2,prca05,likert5,4,4,True,validated,0
ca7d6313-e310-4415-a1b5-aa91499305f2,prca06,likert5,2,4,True,validated,1
ca7d6313-e310-4415-a1b5-aa91499305f2,prca13,likert5,4,4,True,validated,0
ca7d6313-e310-4415-a1b5-aa91499305f2,prca14,likert5,5,1,True,validated,1
ca7d6313-e310-4415-a1b5-aa91499305f2,prca15,likert5,5,5,True,validated,0
ca7d6313-e310-4415-a1b5-aa91499305f2,prca16,likert5,2,4,True,validated,1
ca7d6313-e310-4415-a1b5-aa91499305f2,prca17,likert5,5,1,True,validated,1
ca7d6313-e310-4415-a1b5-aa91499305f2,prca18,likert5,4,4,True,validated,0
eca4d08f-c3e3-4e8c-80bb-3d34b58db127,prca01,likert5,3,3,True,validated,0
eca4d08f-c3e3-4e8c-80bb-3d34b58db127,prca02,likert5,4,2,True,validated,1
eca4d08f-c3e3-4e8c-80bb-3d34b58db127,prca03,likert5,3,3,True,validated,0
eca4d08f-c3e3-4e8c-80bb-3d34b58db127,prca04,likert5,4,2,True,validated,1
eca4d08f-c3e3-4e8c-80bb-3d34b58db127,prca05,likert5,4,4,True,validated,0
eca4d08f-c3e3-4e8c-80bb-3d34b58db127,prca06,likert5,4,2,True,validated,1
eca4d08f-c3e3-4e8c-80bb-3d34b58db127,prca13,likert5,2,2,True,validated,0
eca4d08f-c3e3-4e8c-80bb-3d34b58db127,prca14,likert5,4,2,True,validated,1
eca4d08f-c3e3-4e8c-80bb-3d34b58db127,prca15,likert5,4,4,True,validated,0
eca4d08f-c3e3-4e8c-80bb-3d34b58db127,prca16,likert5,3,3,True,validated,1
eca4d08f-c3e3-4e8c-80bb-3d34b58db127,prca17,likert5,4,2,True,validated,1
eca4d08f-c3e3-4e8c-80bb-3d34b58db127,prca18,likert5,5) strongly agree,4,True,recode,0
c9c223f1-6e9b-462e-90dd-c90c8fa8fc4e,prca01,likert5,1,1,True,validated,0
c9c223f1-6e9b-462e-90dd-c90c8fa8fc4e,prca02,likert5,3,3,True,validated,1
c9c223f1-6e9b-462e-90dd-c90c8fa8fc4e,prca03,likert5,5,5,True,validated,0
c9c223f1-6e9b-462e-90dd-c90c8fa8fc4e,prca04,likert5,5,1,True,validated,1
c9c223f1-6e9b-462e-90dd-c90c8fa8fc4e,prca05,likert5,5,5,True,validated,0
c9c223f1-6e9b-462e-90dd-c90c8fa8fc4e,prca06,likert5,4,2,True,validated,1
c9c223f1-6e9b-462e-90dd-c90c8fa8fc4e,prca13,likert5,5,5,True,validated,0
c9c223f1-6e9b-462e-90dd-c90c8fa8fc4e,prca14,likert5,5,1,True,validated,1
c9c223f1-6e9b-462e-90dd-c90c8fa8fc4e,prca15,likert5,3,3,True,validated,0
c9c223f1-6e9b-462e-90dd-c90c8fa8fc4e,prca16,likert5,1,5,True,validated,1
c9c223f1-6e9b-462e-90dd-c90c8fa8fc4e,prca17,likert5,2,4,True,validated,1
c9c223f1-6e9b-462e-90dd-c90c8fa8fc4e,prca18,likert5,4,4,True,validated,0
afdea44e-ce24-4a0b-bde5-994c175e5a03,prca01,likert5,4,4,True,validated,0
afdea44e-ce24-4a0b-bde5-994c175e5a03,prca02,likert5,4,2,True,validated,1
afdea44e-ce24-4a0b-bde5-994c175e5a03,prca03,likert5,5,5,True,validated,0
afdea44e-ce24-4a0b-bde5-994c175e5a03,prca04,likert5,3,3,True,validated,1
afdea44e-ce24-4a0b-bde5-994c175e5a03,prca05,likert5,4,4,True,validated,0
afdea44e-ce24-4a0b-bde5-994c175e5a03,prca06,likert5,3,3,True,validated,1
afdea44e-ce24-4a0b-bde5-994c175e5a03,prca13,likert5,4,4,True,validated,0
afdea44e-ce24-4a0b-bde5-994c175e5a03,prca14,likert5,1,5,True,validated,1
afdea44e-ce24-4a0b-bde5-994c175e5a03,prca15,likert5,4,4,True,validated,0
afdea44e-ce24-4a0b-bde5-994c175e5a03,prca16,likert5,3,3,True,validated,1
afdea44e-ce24-4a0b-bde5-994c175e5a03,prca17,likert5,4,2,True,validated,1
afdea44e-ce24-4a0b-bde5-994c175e5a03,prca18,likert5,4,4,True,validated,0
a3f912e7-f94d-4323-b874-b08465a7af7d,prca01,likert5,2,2,True,validated,0
a3f912e7-f94d-4323-b874-b08465a7af7d,prca02,likert5,4,2,True,validated,1
a3f912e7-f94d-4323-b874-b08465a7af7d,prca03,likert5,3,3,True,validated,0
a3f912e7-f94d-4323-b874-b08465a7af7d,prca04,likert5,4,2,True,validated,1
a3f912e7-f94d-4323-b874-b08465a7af7d,prca05,likert5,3,3,True,validated,0
a3f912e7-f94d-4323-b874-b08465a7af7d,prca06,likert5,3,3,True,validated,1
a3f912e7-f94d-4323-b874-b08465a7af7d,prca13,likert5,5,5,True,validated,0
a3f912e7-f94d-4323-b874-b08465a7af7d,prca14,likert5,3,3,True,validated,1
a3f912e7-f94d-4323-b874-b08465a7af7d,prca15,likert5,3,3,True,validated,0
a3f912e7-f94d-4323-b874-b08465a7af7d,prca16,likert5,4,2,True,validated,1
a3f912e7-f94d-4323-b874-b08465a7af7d,prca17,likert5,3,3,True,validated,1
a3f912e7-f94d-4323-b874-b08465a7af7d,prca18,likert5,4,4,True,validated,0
52aa1612-fce2-43fa-aabb-c9dee1432906,prca01,likert5,1,1,True,validated,0
52aa1612-fce2-43fa-aabb-c9dee1432906,prca02,likert5,1,5,True,validated,1
52aa1612-fce2-43fa-aabb-c9dee1432906,prca03,likert5,2,2,True,validated,0
52aa1612-fce2-43fa-aabb-c9dee1432906,prca04,likert5,4,2,True,validated,1
52aa1612-fce2-43fa-aabb-c9dee1432906,prca05,likert5,4,4,True,validated,0
52aa1612-fce2-43fa-aabb-c9dee1432906,prca06,likert5,2,4,True,validated,1
52aa1612-fce2-43fa-aabb-c9dee1432906,prca13,likert5,2,2,True,validated,0
52aa1612-fce2-43fa-aabb-c9dee1432906,prca14,likert5,1,5,True,validated,1
52aa1612-fce2-43fa-aabb-c9dee1432906,prca15,likert5,4,4,True,validated,0
52aa1612-fce2-43fa-aabb-c9dee1432906,prca16,likert5,5,1,True,validated,1
52aa1612-fce2-43fa-aabb-c9dee1432906,prca17,likert5,2,4,True,validated,1
52aa1612-fce2-43fa-aabb-c9dee1432906,prca18,likert5,5,5,True,validated,0
801bf663-63b3-4f94-bb90-80c25a7947d4,prca01,likert5,4,4,True,validated,0
801bf663-63b3-4f94-bb90-80c25a7947d4,prca02,likert5,4,2,True,validated,1
801bf663-63b3-4f94-bb90-80c25a7947d4,prca03,likert5,3,3,True,validated,0
801bf663-63b3-4f94-bb90-80c25a7947d4,prca04,likert5,4,2,True,validated,1
801bf663-63b3-4f94-bb90-80c25a7947d4,prca05,likert5,4,4,True,validated,0
801bf663-63b3-4f94-bb90-80c25a7947d4,prca06,likert5,5,1,True,validated,1
801bf663-63b3-4f94-bb90-80c25a7947d4,prca13,likert5,3,3,True,validated,0
801bf663-63b3-4f94-bb90-80c25a7947d4,prca14,likert5,5,1,True,validated,1
801bf663-63b3-4f94-bb90-80c25a7947d4,prca15,likert5,2,2,True,validated,0
801bf663-63b3-4f94-bb90-80c25a7947d4,prca16,likert5,3,3,True,validated,1
801bf663-63b3-4f94-bb90-80c25a7947d4,prca17,likert5,4,2,True,validated,1
801bf663-63b3-4f94-bb90-80c25a7947d4,prca18,likert5,4,4,True,validated,0
112eae7e-af6c-4980-b766-ca4927d83037,prca01,likert5,3,3,True,validated,0
112eae7e-af6c-4980-b766-ca4927d83037,prca02,likert5,4,2,True,validated,1
112eae7e-af6c-4980-b766-ca4927d83037,prca03,likert5,1,1,True,validated,0
112eae7e-af6c-4980-b766-ca4927d83037,prca04,likert5,2,4,True,validated,1
112eae7e-af6c-4980-b766-ca4927d83037,prca05,likert5,5,5,True,validated,0
112eae7e-af6c-4980-b766-ca4927d83037,prca06,likert5,5,1,True,validated,1
112eae7e-af6c-4980-b766-ca4927d83037,prca13,likert5,3,3,True,validated,0
112eae7e-af6c-4980-b766-ca4927d83037,prca14,likert5,4,2,True,validated,1
112eae7e-af6c-4980-b766-ca4927d83037,prca15,likert5,5,5,True,validated,0
112eae7e-af6c-4980-b766-ca4927d83037,prca16,likert5,5,1,True,validated,1
112eae7e-af6c-4980-b766-ca4927d83037,prca17,likert5,3,3,True,validated,1
112eae7e-af6c-4980-b766-ca4927d83037,prca18,likert5,1,1,True,validated,0
da7c79cf-6248-4ca5-94ab-5d5f6e93b389,prca01,likert5,5,5,True,validated,0
da7c79cf-6248-4ca5-94ab-5d5f6e93b389,prca02,likert5,4,2,True,validated,1
da7c79cf-6248-4ca5-94ab-5d5f6e93b389,prca03,likert5,3,3,True,validated,0
da7c79cf-6248-4ca5-94ab-5d5f6e93b389,prca04,likert5,4,2,True,validated,1
da7c79cf-6248-4ca5-94ab-5d5f6e93b389,prca05,likert5,4,4,True,validated,0
da7c79cf-6248-4ca5-94ab-5d5f6e93b389,prca06,likert5,4,2,True,validated,1
da7c79cf-6248-4ca5-94ab-5d5f6e93b389,prca13,likert5,3,3,True,validated,0
da7c79cf-6248-4ca5-94ab-5d5f6e93b389,prca14,likert5,4,2,True,validated,1
da7c79cf-6248-4ca5-94ab-5d5f6e93b389,prca15,likert5,4,4,True,validated,0
da7c79cf-6248-4ca5-94ab-5d5f6e93b389,prca16,likert5,3,3,True,validated,1
da7c79cf-6248-4ca5-94ab-5d5f6e93b389,prca17,likert5,4,2,True,validated,1
da7c79cf-6248-4ca5-94ab-5d5f6e93b389,prca18,likert5,3,3,True,validated,0
3d674396-0e9a-4ea5-a5f1-46c65715e805,prca01,likert5,3,3,True,validated,0
3d674396-0e9a-4ea5-a5f1-46c65715e805,prca02,likert5,5,1,True,validated,1
3d674396-0e9a-4ea5-a5f1-46c65715e805,prca03,likert5,4,4,True,validated,0
3d674396-0e9a-4ea5-a5f1-46c65715e805,prca04,likert5,3,3,True,validated,1
3d674396-0e9a-4ea5-a5f1-46c65715e805,prca05,likert5,2,2,True,validated,0
3d674396-0e9a-4ea5-a5f1-46c65715e805,prca06,likert5,4,2,True,validated,1
3d674396-0e9a-4ea5-a5f1-46c65715e805,prca13,likert5,2,2,True,validated,0
3d674396-0e9a-4ea5-a5f1-46c65715e805,prca14,likert5,2,4,True,validated,1
3d674396-0e9a-4ea5-a5f1-46c65715e805,prca15,likert5,3,3,True,validated,0
3d674396-0e9a-4ea5-a5f1-46c65715e805,prca16,likert5,2,4,True,validated,1
3d674396-0e9a-4ea5-a5f1-46c65715e805,prca17,likert5,3,3,True,validated,1
3d674396-0e9a-4ea5-a5f1-46c65715e805,prca18,likert5,2,2,True,validated,0
3c47618a-0fba-4a6a-8598-ab62bf300fc3,prca01,likert5,2,2,True,validated,0
3c47618a-0fba-4a6a-8598-ab62bf300fc3,prca02,likert5,4,2,True,validated,1
3c47618a-0fba-4a6a-8598-ab62bf300fc3,prca03,likert5,1,1,True,validated,0
3c47618a-0fba-4a6a-8598-ab62bf300fc3,prca04,likert5,3,3,True,validated,1
3c47618a-0fba-4a6a-8598-ab62bf300fc3,prca05,likert5,5,5,True,validated,0
3c47618a-0fba-4a6a-8598-ab62bf300fc3,prca06,likert5,4,2,True,validated,1
3c47618a-0fba-4a6a-8598-ab62bf300fc3,prca13,likert5,1,1,True,validated,0
3c47618a-0fba-4a6a-8598-ab62bf300fc3,prca14,likert5,4,2,True,validated,1
3c47618a-0fba-4a6a-8598-ab62bf300fc3,prca15,likert5,4,4,True,validated,0
3c47618a-0fba-4a6a-8598-ab62bf300fc3,prca16,likert5,3,3,True,validated,1
3c47618a-0fba-4a6a-8598-ab62bf300fc3,prca17,likert5,4,2,True,validated,1
3c47618a-0fba-4a6a-8598-ab62bf300fc3,prca18,likert5,1,1,True,validated,0
b21a9fe9-8a33-4a37-8e28-ca88bdc6f9ce,prca01,likert5,5,5,True,validated,0
b21a9fe9-8a33-4a37-8e28-ca88bdc6f9ce,prca02,likert5,2,4,True,validated,1
b21a9fe9-8a33-4a37-8e28-ca88bdc6f9ce,prca03,likert5,4,4,True,validated,0
b21a9fe9-8a33-4a37-8e28-ca88bdc6f9ce,prca04,likert5,4,2,True,validated,1
b21a9fe9-8a33-4a37-8e28-ca88bdc6f9ce,prca05,likert5,2,2,True,validated,0
b21a9fe9-8a33-4a37-8e28-ca88bdc6f9ce,prca06,likert5,4,2,True,validated,1
b21a9fe9-8a33-4a37-8e28-ca88bdc6f9ce,prca13,likert5,1,1,True,validated,0
b21a9fe9-8a33-4a37-8e28-ca88bdc6f9ce,prca14,likert5,5,1,True,validated,1
b21a9fe9-8a33-4a37-8e28-ca88bdc6f9ce,prca15,likert5,1,1,True,validated,0
b21a9fe9-8a33-4a37-8e28-ca88bdc6f9ce,prca16,likert5,2,4,True,validated,1
b21a9fe9-8a33-4a37-8e28-ca88bdc6f9ce,prca17,likert5,5,1,True,validated,1
b21a9fe9-8a33-4a37-8e28-ca88bdc6f9ce,prca18,likert5,1,1,True,validated,0
af194a4d-2dc8-419b-928a-2c2591a4be5a,prca01,likert5,1,1,True,validated,0
af194a4d-2dc8-419b-928a-2c2591a4be5a,prca02,likert5,4,2,True,validated,1
af194a4d-2dc8-419b-928a-2c2591a4be5a,prca03,likert5,2,2,True,validated,0
af194a4d-2dc8-419b-928a-2c2591a4be5a,prca04,likert5,3,3,True,validated,1
af194a4d-2dc8-419b-928a-2c2591a4be5a,prca05,likert5,4,4,True,validated,0
af194a4d-2dc8-419b-928a-2c2591a4be5a,prca06,likert5,5,1,True,validated,1
af194a4d-2dc8-419b-928a-2c2591a4be5a,prca13,likert5,5,5,True,validated,0
af194a4d-2dc8-419b-928a-2c2591a4be5a,prca14,likert5,3,3,True,validated,1
af194a4d-2dc8-419b-928a-2c2591a4be5a,prca15,likert5,1,1,True,validated,0
af194a4d-2dc8-419b-928a-2c2591a4be5a,prca16,likert5,3,3,True,validated,1
af194a4d-2dc8-419b-928a-2c2591a4be5a,prca17,likert5,2,4,True,validated,1
af194a4d-2dc8-419b-928a-2c2591a4be5a,prca18,likert5,4,4,True,validated,0
83f5b887-c8e9-4cb3-b55b-9083259191a7,prca01,likert5,2,2,True,validated,0
83f5b887-c8e9-4cb3-b55b-9083259191a7,prca02,likert5,1,5,True,validated,1
83f5b887-c8e9-4cb3-b55b-9083259191a7,prca03,likert5,4,4,True,validated,0
83f5b887-c8e9-4cb3-b55b-9083259191a7,prca04,likert5,4,2,True,validated,1
83f5b887-c8e9-4cb3-b55b-9083259191a7,prca05,likert5,4,4,True,validated,0
83f5b887-c8e9-4cb3-b55b-9083259191a7,prca06,likert5,5,1,True,validated,1
83f5b887-c8e9-4cb3-b55b-9083259191a7,prca13,likert5,3,3,True,validated,0
83f5b887-c8e9-4cb3-b55b-9083259191a7,prca14,likert5,3,3,True,validated,1
83f5b887-c8e9-4cb3-b55b-9083259191a7,prca15,likert5,5,5,True,validated,0
83f5b887-c8e9-4cb3-b55b-9083259191a7,prca16,likert5,4,2,True,validated,1
83f5b887-c8e9-4cb3-b55b-9083259191a7,prca17,likert5,4,2,True,validated,1
83f5b887-c8e9-4cb3-b55b-9083259191a7,prca18,likert5,5,5,True,validated,0
f36c5a66-a3ff-4862-ba96-c2ff572dd472,prca01,likert5,1,1,True,validated,0
f36c5a66-a3ff-4862-ba96-c2ff572dd472,prca02,likert5,4,2,True,validated,1
f36c5a66-a3ff-4862-ba96-c2ff572dd472,prca03,likert5,4,4,True,validated,0
f36c5a66-a3ff-4862-ba96-c2ff572dd472,prca04,likert5,3,3,True,validated,1
f36c5a66-a3ff-4862-ba96-c2ff572dd472,prca05,likert5,3,3,True,validated,0
f36c5a66-a3ff-4862-ba96-c2ff572dd472,prca06,likert5,3,3,True,validated,1
f36c5a66-a3ff-4862-ba96-c2ff572dd472,prca13,likert5,1,1,True,validated,0
f36c5a66-a3ff-4862-ba96-c2ff572dd472,prca14,likert5,4,2,True,validated,1
f36c5a66-a3ff-4862-ba96-c2ff572dd472,prca15,likert5,4,4,True,validated,0
f36c5a66-a3ff-4862-ba96-c2ff572dd472,prca16,likert5,3,3,True,validated,1
f36c5a66-a3ff-4862-ba96-c2ff572dd472,prca17,likert5,1,5,True,validated,1
f36c5a66-a3ff-4862-ba96-c2ff572dd472,prca18,likert5,5,5,True,validated,0
46f2af15-e936-4926-afc0-404241569da9,prca01,likert5,4,4,True,validated,0
46f2af15-e936-4926-afc0-404241569da9,prca02,likert5,5,1,True,validated,1
46f2af15-e936-4926-afc0-404241569da9,prca03,likert5,1,1,True,validated,0
46f2af15-e936-4926-afc0-404241569da9,prca04,likert5,2,4,True,validated,1
46f2af15-e936-4926-afc0-404241569da9,prca05,likert5,1,1,True,validated,0
46f2af15-e936-4926-afc0-404241569da9,prca06,likert5,4,2,True,validated,1
46f2af15-e936-4926-afc0-404241569da9,prca13,likert5,4,4,True,validated,0
46f2af15-e936-4926-afc0-404241569da9,prca14,likert5,5,1,True,validated,1
46f2af15-e936-4926-afc0-404241569da9,prca15,likert5,3,3,True,validated,0
46f2af15-e936-4926-afc0-404241569da9,prca16,likert5,1,5,True,validated,1
46f2af15-e936-4926-afc0-404241569da9,prca17,likert5,4,2,True,validated,1
46f2af15-e936-4926-afc0-404241569da9,prca18,likert5,4,4,True,validated,0
4f2ea9f2-1cd8-411e-a8f5-80e509bf7b15,prca01,likert5,2,2,True,validated,0
4f2ea9f2-1cd8-411e-a8f5-80e509bf7b15,prca02,likert5,5,1,True,validated,1
4f2ea9f2-1cd8-411e-a8f5-80e509bf7b15,prca03,likert5,2,2,True,validated,0
4f2ea9f2-1cd8-411e-a8f5-80e509bf7b15,prca04,likert5,5,1,True,validated,1
4f2ea9f2-1cd8-411e-a8f5-80e509bf7b15,prca05,likert5,3,3,True,validated,0
4f2ea9f2-1cd8-411e-a8f5-80e509bf7b15,prca06,likert5,2,4,True,validated,1
4f2ea9f2-1cd8-411e-a8f5-80e509bf7b15,prca13,likert5,3,3,True,validated,0
4f2ea9f2-1cd8-411e-a8f5-80e509bf7b15,prca14,likert5,4,2,True,validated,1
4f2ea9f2-1cd8-411e-a8f5-80e509bf7b15,prca15,likert5,5) strongly agree,5,True,recode,0
4f2ea9f2-1cd8-411e-a8f5-80e509bf7b15,prca16,likert5,5,1,True,validated,1
4f2ea9f2-1cd8-411e-a8f5-80e509bf7b15,prca17,likert5,3,3,True,validated,1
4f2ea9f2-1cd8-411e-a8f5-80e509bf7b15,prca18,likert5,2,2,True,validated,0
b6cd24b7-7983-4c36-a1ee-60a409b64fd1,prca01,likert5,3,3,True,validated,0
b6cd24b7-7983-4c36-a1ee-60a409b64fd1,prca02,likert5,3,3,True,validated,1
b6cd24b7-7983-4c36-a1ee-60a409b64fd1,prca03,likert5,2,2,True,validated,0
b6cd24b7-7983-4c36-a1ee-60a409b64fd1,prca04,likert5,4,2,True,validated,1
b6cd24b7-7983-4c36-a1ee-60a409b64fd1,prca05,likert5,3,3,True,validated,0
b6cd24b7-7983-4c36-a1ee-60a409b64fd1,prca06,likert5,3,3,True,validated,1
b6cd24b7-7983-4c36-a1ee-60a409b64fd1,prca13,likert5,1,1,True,validated,0
b6cd24b7-7983-4c36-a1ee-60a409b64fd1,prca14,likert5,3,3,True,validated,1
b6cd24b7-7983-4c36-a1ee-60a409b64fd1,prca15,likert5,4,4,True,validated,0
b6cd24b7-7983-4c36-a1ee-60a409b64fd1,prca16,likert5,4,2,True,validated,1
b6cd24b7-7983-4c36-a1ee-60a409b64fd1,prca17,likert5,1,5,True,validated,1
b6cd24b7-7983-4c36-a1ee-60a409b64fd1,prca18,likert5,4,4,True,validated,0
97f34b6e-7735-44c7-9f13-792b8dfcb898,prca01,likert5,2,2,True,validated,0
97f34b6e-7735-44c7-9f13-792b8dfcb898,prca02,likert5,2,4,True,validated,1
97f34b6e-7735-44c7-9f13-792b8dfcb898,prca03,likert5,4,4,True,validated,0
97f34b6e-7735-44c7-9f13-792b8dfcb898,prca04,likert5,2,4,True,validated,1
97f34b6e-7735-44c7-9f13-792b8dfcb898,prca05,likert5,2,2,True,validated,0
97f34b6e-7735-44c7-9f13-792b8dfcb898,prca06,likert5,2,4,True,validated,1
97f34b6e-7735-44c7-9f13-792b8dfcb898,prca13,likert5,5,5,True,validated,0
97f34b6e-7735-44c7-9f13-792b8dfcb898,prca14,likert5,4,2,True,validated,1
97f34b6e-7735-44c7-9f13-792b8dfcb898,prca15,likert5,4,4,True,validated,0
97f34b6e-7735-44c7-9f13-792b8dfcb898,prca16,likert5,5,1,True,validated,1
97f34b6e-7735-44c7-9f13-792b8dfcb898,prca17,likert5,3,3,True,validated,1
97f34b6e-7735-44c7-9f13-792b8dfcb898,prca18,likert5,5,5,True,validated,0
cbf4d145-1340-4789-989c-580517672e5f,prca01,likert5,4,4,True,validated,0
cbf4d145-1340-4789-989c-580517672e5f,prca02,likert5,4,2,True,validated,1
cbf4d145-1340-4789-989c-580517672e5f,prca03,likert5,3,3,True,validated,0
cbf4d145-1340-4789-989c-580517672e5f,prca04,likert5,5,1,True,validated,1
cbf4d145-1340-4789-989c-580517672e5f,prca05,likert5,4,4,True,validated,0
cbf4d145-1340-4789-989c-580517672e5f,prca06,likert5,2,4,True,validated,1
cbf4d145-1340-4789-989c-580517672e5f,prca13,likert5,2,2,True,validated,0
cbf4d145-1340-4789-989c-580517672e5f,prca14,likert5,4,2,True,validated,1
cbf4d145-1340-4789-989c-580517672e5f,prca15,likert5,3,3,True,validated,0
cbf4d145-1340-4789-989c-580517672e5f,prca16,likert5,5,1,True,validated,1
cbf4d145-1340-4789-989c-580517672e5f,prca17,likert5,4,2,True,validated,1
cbf4d145-1340-4789-989c-580517672e5f,prca18,likert5,3,3,True,validated,0
af6905c9-9f50-4f53-b81c-abe9ab95af9a,prca01,likert5,3,3,True,validated,0
af6905c9-9f50-4f53-b81c-abe9ab95af9a,prca02,likert5,4,2,True,validated,1
af6905c9-9f50-4f53-b81c-abe9ab95af9a,prca03,likert5,4,4,True,validated,0
af6905c9-9f50-4f53-b81c-abe9ab95af9a,prca04,likert5,3,3,True,validated,1
af6905c9-9f50-4f53-b81c-abe9ab95af9a,prca05,likert5,5,5,True,validated,0
af6905c9-9f50-4f53-b81c-abe9ab95af9a,prca06,likert5,4,2,True,validated,1
af6905c9-9f50-4f53-b81c-abe9ab95af9a,prca13,likert5,5,5,True,validated,0
af6905c9-9f50-4f53-b81c-abe9ab95af9a,prca14,likert5,3,3,True,validated,1
af6905c9-9f50-4f53-b81c-abe9ab95af9a,prca15,likert5,2,2,True,validated,0
af6905c9-9f50-4f53-b81c-abe9ab95af9a,prca16,likert5,4,2,True,validated,1
af6905c9-9f50-4f53-b81c-abe9ab95af9a,prca17,likert5,5,1,True,validated,1
af6905c9-9f50-4f53-b81c-abe9ab95af9a,prca18,likert5,4,4,True,validated,0
95ccb160-0618-4a48-be7b-a4ae296444d9,prca01,likert5,3,3,True,validated,0
95ccb160-0618-4a48-be7b-a4ae296444d9,prca02,likert5,1,5,True,validated,1
95ccb160-0618-4a48-be7b-a4ae296444d9,prca03,likert5,3,3,True,validated,0
95ccb160-0618-4a48-be7b-a4ae296444d9,prca04,likert5,3,3,True,validated,1
95ccb160-0618-4a48-be7b-a4ae296444d9,prca05,likert5,4,4,True,validated,0
95ccb160-0618-4a48-be7b-a4ae296444d9,prca06,likert5,5) strongly agree,1,True,recode,1
95ccb160-0618-4a48-be7b-a4ae296444d9,prca13,likert5,4,4,True,validated,0
95ccb160-0618-4a48-be7b-a4ae296444d9,prca14,likert5,1,5,True,validated,1
95ccb160-0618-4a48-be7b-a4ae296444d9,prca15,likert5,5,5,True,validated,0
95ccb160-0618-4a48-be7b-a4ae296444d9,prca16,likert5,3,3,True,validated,1
95ccb160-0618-4a48-be7b-a4ae296444d9,prca17,likert5,4,2,True,validated,1
95ccb160-0618-4a48-be7b-a4ae296444d9,prca18,likert5,2,2,True,validated,0
d30ee7ec-a03b-4b20-b515-8fc533477366,prca01,likert5,5,5,True,validated,0
d30ee7ec-a03b-4b20-b515-8fc533477366,prca02,likert5,4,2,True,validated,1
d30ee7ec-a03b-4b20-b515-8fc533477366,prca03,likert5,1,1,True,validated,0
d30ee7ec-a03b-4b20-b515-8fc533477366,prca04,likert5,2,4,True,validated,1
d30ee7ec-a03b-4b20-b515-8fc533477366,prca05,likert5,2,2,True,validated,0
d30ee7ec-a03b-4b20-b515-8fc533477366,prca06,likert5,1,5,True,validated,1
d30ee7ec-a03b-4b20-b515-8fc533477366,prca13,likert5,5,5,True,validated,0
d30ee7ec-a03b-4b20-b515-8fc533477366,prca14,likert5,4,2,True,validated,1
d30ee7ec-a03b-4b20-b515-8fc533477366,prca15,likert5,4,4,True,validated,0
d30ee7ec-a03b-4b20-b515-8fc533477366,prca16,likert5,5,1,True,validated,1
d30ee7ec-a03b-4b20-b515-8fc533477366,prca17,likert5,2,4,True,validated,1
d30ee7ec-a03b-4b20-b515-8fc533477366,prca18,likert5,1,1,True,validated,0
b8b769da-615a-4c98-9cae-c9bea0d9f763,prca01,likert5,4,4,True,validated,0
b8b769da-615a-4c98-9cae-c9bea0d9f763,prca02,likert5,4,2,True,validated,1
b8b769da-615a-4c98-9cae-c9bea0d9f763,prca03,likert5,2,2,True,validated,0
b8b769da-615a-4c98-9cae-c9bea0d9f763,prca04,likert5,4,2,True,validated,1
b8b769da-615a-4c98-9cae-c9bea0d9f763,prca05,likert5,5,5,True,validated,0
b8b769da-615a-4c98-9cae-c9bea0d9f763,prca06,likert5,5,1,True,validated,1
b8b769da-615a-4c98-9cae-c9bea0d9f763,prca13,likert5,1,1,True,validated,0
b8b769da-615a-4c98-9cae-c9bea0d9f763,prca14,likert5,5) strongly agree,1,True,recode,1
b8b769da-615a-4c98-9cae-c9bea0d9f763,prca15,likert5,1,1,True,validated,0
b8b769da-615a-4c98-9cae-c9bea0d9f763,prca16,likert5,3,3,True,validated,1
b8b769da-615a-4c98-9cae-c9bea0d9f763,prca17,likert5,5,1,True,validated,1
b8b769da-615a-4c98-9cae-c9bea0d9f763,prca18,likert5,1,1,True,validated,0
47c221ce-4e6f-4ebb-8941-c28b9dbeed41,prca01,likert5,4,4,True,validated,0
47c221ce-4e6f-4ebb-8941-c28b9dbeed41,prca02,likert5,2,4,True,validated,1
47c221ce-4e6f-4ebb-8941-c28b9dbeed41,prca03,likert5,3,3,True,validated,0
47c221ce-4e6f-4ebb-8941-c28b9dbeed41,prca04,likert5,5,1,True,validated,1
47c221ce-4e6f-4ebb-8941-c28b9dbeed41,prca05,likert5,1,1,True,validated,0
47c221ce-4e6f-4ebb-8941-c28b9dbeed41,prca06,likert5,4,2,True,validated,1
47c221ce-4e6f-4ebb-8941-c28b9dbeed41,prca13,likert5,3,3,True,validated,0
47c221ce-4e6f-4ebb-8941-c28b9dbeed41,prca14,likert5,3,3,True,validated,1
47c221ce-4e6f-4ebb-8941-c28b9dbeed41,prca15,likert5,5,5,True,validated,0
47c221ce-4e6f-4ebb-8941-c28b9dbeed41,prca16,likert5,3,3,True,validated,1
47c221ce-4e6f-4ebb-8941-c28b9dbeed41,prca17,likert5,2,4,True,validated,1
47c221ce-4e6f-4ebb-8941-c28b9dbeed41,prca18,likert5,3,3,True,validated,0
9ddbe171-7625-4efa-b8b0-835942a43448,prca01,likert5,2,2,True,validated,0
9ddbe171-7625-4efa-b8b0-835942a43448,prca02,likert5,2,4,True,validated,1
9ddbe171-7625-4efa-b8b0-835942a43448,prca03,likert5,3,3,True,validated,0
9ddbe171-7625-4efa-b8b0-835942a43448,prca04,likert5,4,2,True,validated,1
9ddbe171-7625-4efa-b8b0-835942a43448,prca05,likert5,5,5,True,validated,0
9ddbe171-7625-4efa-b8b0-835942a43448,prca06,likert5,4,2,True,validated,1
9ddbe171-7625-4efa-b8b0-835942a43448,prca13,likert5,2,2,True,validated,0
9ddbe171-7625-4efa-b8b0-835942a43448,prca14,likert5,1,5,True,validated,1
9ddbe171-7625-4efa-b8b0-835942a43448,prca15,likert5,3,3,True,validated,0
9ddbe171-7625-4efa-b8b0-835942a43448,prca16,likert5,4,2,True,validated,1
9ddbe171-7625-4efa-b8b0-835942a43448,prca17,likert5,5,1,True,validated,1
9ddbe171-7625-4efa-b8b0-835942a43448,prca18,likert5,2,2,True,validated,0
7a4a2b10-bfd1-447d-87c3-41021fcb6ff1,prca01,likert5,1,1,True,validated,0
7a4a2b10-bfd1-447d-87c3-41021fcb6ff1,prca02,likert5,4,2,True,validated,1
7a4a2b10-bfd1-447d-87c3-41021fcb6ff1,prca03,likert5,4,4,True,validated,0
7a4a2b10-bfd1-447d-87c3-41021fcb6ff1,prca04,likert5,3,3,True,validated,1
7a4a2b10-bfd1-447d-87c3-41021fcb6ff1,prca05,likert5,4,4,True,validated,0
7a4a2b10-bfd1-447d-87c3-41021fcb6ff1,prca06,likert5,2,4,True,validated,1
7a4a2b10-bfd1-447d-87c3-41021fcb6ff1,prca13,likert5,2,2,True,validated,0
7a4a2b10-bfd1-447d-87c3-41021fcb6ff1,prca14,likert5,5,1,True,validated,1
7a4a2b10-bfd1-447d-87c3-41021fcb6ff1,prca15,likert5,1,1,True,validated,0
7a4a2b10-bfd1-447d-87c3-41021fcb6ff1,prca16,likert5,4,2,True,validated,1
7a4a2b10-bfd1-447d-87c3-41021fcb6ff1,prca17,likert5,4,2,True,validated,1
7a4a2b10-bfd1-447d-87c3-41021fcb6ff1,prca18,likert5,1,1,True,validated,0
f4f77ce4-3c5e-4c95-943e-3d263c2d7cde,prca01,likert5,2,2,True,validated,0
f4f77ce4-3c5e-4c95-943e-3d263c2d7cde,prca02,likert5,5,1,True,validated,1
f4f77ce4-3c5e-4c95-943e-3d263c2d7cde,prca03,likert5,1,1,True,validated,0
f4f77ce4-3c5e-4c95-943e-3d263c2d7cde,prca04,likert5,4,2,True,validated,1
f4f77ce4-3c5e-4c95-943e-3d263c2d7cde,prca05,likert5,4,4,True,validated,0
f4f77ce4-3c5e-4c95-943e-3d263c2d7cde,prca06,likert5,3,3,True,validated,1
f4f77ce4-3c5e-4c95-943e-3d263c2d7cde,prca13,likert5,3,3,True,validated,0
f4f77ce4-3c5e-4c95-943e-3d263c2d7cde,prca14,likert5,2,4,True,validated,1
f4f77ce4-3c5e-4c95-943e-3d263c2d7cde,prca15,likert5,3,3,True,validated,0
f4f77ce4-3c5e-4c95-943e-3d263c2d7cde,prca16,likert5,4,2,True,validated,1
f4f77ce4-3c5e-4c95-943e-3d263c2d7cde,prca17,likert5,2,4,True,validated,1
f4f77ce4-3c5e-4c95-943e-3d263c2d7cde,prca18,likert5,1,1,True,validated,0
8d8a0880-f08e-47c6-858e-ccd962b9c2d4,prca01,likert5,4,4,True,validated,0
8d8a0880-f08e-47c6-858e-ccd962b9c2d4,prca02,likert5,5,1,True,validated,1
8d8a0880-f08e-47c6-858e-ccd962b9c2d4,prca03,likert5,4,4,True,validated,0
8d8a0880-f08e-47c6-858e-ccd962b9c2d4,prca04,likert5,5,1,True,validated,1
8d8a0880-f08e-47c6-858e-ccd962b9c2d4,prca05,likert5,3,3,True,validated,0
8d8a0880-f08e-47c6-858e-ccd962b9c2d4,prca06,likert5,4,2,True,validated,1
8d8a0880-f08e-47c6-858e-ccd962b9c2d4,prca13,likert5,5,5,True,validated,0
8d8a0880-f08e-47c6-858e-ccd962b9c2d4,prca14,likert5,4,2,True,validated,1
8d8a0880-f08e-47c6-858e-ccd962b9c2d4,prca15,likert5,2,2,True,validated,0
8d8a0880-f08e-47c6-858e-ccd962b9c2d4,prca16,likert5,5,1,True,validated,1
8d8a0880-f08e-47c6-858e-ccd962b9c2d4,prca17,likert5,5,1,True,validated,1
8d8a0880-f08e-47c6-858e-ccd962b9c2d4,prca18,likert5,5,5,True,validated,0
8ad265da-c0fb-4b4e-a35e-06952bb74a70,prca01,likert5,2,2,True,validated,0
8ad265da-c0fb-4b4e-a35e-06952bb74a70,prca02,likert5,1,5,True,validated,1
8ad265da-c0fb-4b4e-a35e-06952bb74a70,prca03,likert5,1,1,True,validated,0
8ad265da-c0fb-4b4e-a35e-06952bb74a70,prca04,likert5,2,4,True,validated,1
8ad265da-c0fb-4b4e-a35e-06952bb74a70,prca05,likert5,4,4,True,validated,0
8ad265da-c0fb-4b4e-a35e-06952bb74a70,prca06,likert5,4,2,True,validated,1
8ad265da-c0fb-4b4e-a35e-06952bb74a70,prca13,likert5,4,4,True,validated,0
8ad265da-c0fb-4b4e-a35e-06952bb74a70,prca14,likert5,5,1,True,validated,1
8ad265da-c0fb-4b4e-a35e-06952bb74a70,prca15,likert5,3,3,True,validated,0
8ad265da-c0fb-4b4e-a35e-06952bb74a70,prca16,likert5,2,4,True,validated,1
8ad265da-c0fb-4b4e-a35e-06952bb74a70,prca17,likert5,2,4,True,validated,1
8ad265da-c0fb-4b4e-a35e-06952bb74a70,prca18,likert5,5,5,True,validated,0
04a35b2b-885f-470d-b72c-562cb9cc9fdf,prca01,likert5,4,4,True,validated,0
04a35b2b-885f-470d-b72c-562cb9cc9fdf,prca02,likert5,1,5,True,validated,1
04a35b2b-885f-470d-b72c-562cb9cc9fdf,prca03,likert5,5) strongly agree,4,True,recode,0
04a35b2b-885f-470d-b72c-562cb9cc9fdf,prca04,likert5,5,1,True,validated,1
04a35b2b-885f-470d-b72c-562cb9cc9fdf,prca05,likert5,3,3,True,validated,0
04a35b2b-885f-470d-b72c-562cb9cc9fdf,prca06,likert5,2,4,True,validated,1
04a35b2b-885f-470d-b72c-562cb9cc9fdf,prca13,likert5,3,3,True,validated,0
04a35b2b-885f-470d-b72c-562cb9cc9fdf,prca14,likert5,2,4,True,validated,1
04a35b2b-885f-470d-b72c-562cb9cc9fdf,prca15,likert5,3,3,True,validated,0
04a35b2b-885f-470d-b72c-562cb9cc9fdf,prca16,likert5,4,2,True,validated,1
04a35b2b-885f-470d-b72c-562cb9cc9fdf,prca17,likert5,3,3,True,validated,1
04a35b2b-885f-470d-b72c-562cb9cc9fdf,prca18,likert5,4,4,True,validated,0
bd17fa94-9188-412f-bd33-2b5df4f03933,prca01,likert5,2,2,True,validated,0
bd17fa94-9188-412f-bd33-2b5df4f03933,prca02,likert5,5,1,True,validated,1
bd17fa94-9188-412f-bd33-2b5df4f03933,prca03,likert5,4,4,True,validated,0
bd17fa94-9188-412f-bd33-2b5df4f03933,prca04,likert5,1,5,True,validated,1
bd17fa94-9188-412f-bd33-2b5df4f03933,prca05,likert5,4,4,True,validated,0
bd17fa94-9188-412f-bd33-2b5df4f03933,prca06,likert5,3,3,True,validated,1
bd17fa94-9188-412f-bd33-2b5df4f03933,prca13,likert5,5,5,True,validated,0
bd17fa94-9188-412f-bd33-2b5df4f03933,prca14,likert5,5,1,True,validated,1
bd17fa94-9188-412f-bd33-2b5df4f03933,prca15,likert5,4,4,True,validated,0
bd17fa94-9188-412f-bd33-2b5df4f03933,prca16,likert5,1,5,True,validated,1
bd17fa94-9188-412f-bd33-2b5df4f03933,prca17,likert5,3,3,True,validated,1
bd17fa94-9188-412f-bd33-2b5df4f03933,prca18,likert5,3,3,True,validated,0
1e7374cf-6c2f-46df-9446-9f3799bad45a,prca01,likert5,4,4,True,validated,0
1e7374cf-6c2f-46df-9446-9f3799bad45a,prca02,likert5,2,4,True,validated,1
1e7374cf-6c2f-46df-9446-9f3799bad45a,prca03,likert5,4,4,True,validated,0
1e7374cf-6c2f-46df-9446-9f3799bad45a,prca04,likert5,4,2,True,validated,1
1e7374cf-6c2f-46df-9446-9f3799bad45a,prca05,likert5,3,3,True,validated,0
1e7374cf-6c2f-46df-9446-9f3799bad45a,prca06,likert5,2,4,True,validated,1
1e7374cf-6c2f-46df-9446-9f3799bad45a,prca13,likert5,4,4,True,validated,0
1e7374cf-6c2f-46df-9446-9f3799bad45a,prca14,likert5,1,5,True,validated,1
1e7374cf-6c2f-46df-9446-9f3799bad45a,prca15,likert5,1,1,True,validated,0
1e7374cf-6c2f-46df-9446-9f3799bad45a,prca16,likert5,4,2,True,validated,1
1e7374cf-6c2f-46df-9446-9f3799bad45a,prca17,likert5,4,2,True,validated,1
1e7374cf-6c2f-46df-9446-9f3799bad45a,prca18,likert5,5) strongly agree,5,True,recode,0
d1e0cefe-a201-422c-9cec-b3e234654095,prca01,likert5,5,5,True,validated,0
d1e0cefe-a201-422c-9cec-b3e234654095,prca02,likert5,5,1,True,validated,1
d1e0cefe-a201-422c-9cec-b3e234654095,prca03,likert5,4,4,True,validated,0
d1e0cefe-a201-422c-9cec-b3e234654095,prca04,likert5,5,1,True,validated,1
d1e0cefe-a201-422c-9cec-b3e234654095,prca05,likert5,3,3,True,validated,0
d1e0cefe-a201-422c-9cec-b3e234654095,prca06,likert5,1,5,True,validated,1
d1e0cefe-a201-422c-9cec-b3e234654095,prca13,likert5,3,3,True,validated,0
d1e0cefe-a201-422c-9cec-b3e234654095,prca14,likert5,4,2,True,validated,1
d1e0cefe-a201-422c-9cec-b3e234654095,prca15,likert5,1,1,True,validated,0
d1e0cefe-a201-422c-9cec-b3e234654095,prca16,likert5,3,3,True,validated,1
d1e0cefe-a201-422c-9cec-b3e234654095,prca17,likert5,4,2,True,validated,1
d1e0cefe-a201-422c-9cec-b3e234654095,prca18,likert5,5,5,True,validated,0
940be112-c1ce-46b8-8b92-fe194a155549,prca01,likert5,5,5,True,validated,0
940be112-c1ce-46b8-8b92-fe194a155549,prca02,likert5,5,1,True,validated,1
940be112-c1ce-46b8-8b92-fe194a155549,prca03,likert5,2,2,True,validated,0
940be112-c1ce-46b8-8b92-fe194a155549,prca04,likert5,4,2,True,validated,1
940be112-c1ce-46b8-8b92-fe194a155549,prca05,likert5,3,3,True,validated,0
940be112-c1ce-46b8-8b92-fe194a155549,prca06,likert5,5,1,True,validated,1
940be112-c1ce-46b8-8b92-fe194a155549,prca13,likert5,1,1,True,validated,0
940be112-c1ce-46b8-8b92-fe194a155549,prca14,likert5,2,4,True,validated,1
940be112-c1ce-46b8-8b92-fe194a155549,prca15,likert5,2,2,True,validated,0
940be112-c1ce-46b8-8b92-fe194a155549,prca16,likert5,5,1,True,validated,1
940be112-c1ce-46b8-8b92-fe194a155549,prca17,likert5,3,3,True,validated,1
940be112-c1ce-46b8-8b92-fe194a155549,prca18,likert5,5,5,True,validated,0
9fc42abf-896c-4bbe-b9b9-c03e951e4702,prca01,likert5,3,3,True,validated,0
9fc42abf-896c-4bbe-b9b9-c03e951e4702,prca02,likert5,5,1,True,validated,1
9fc42abf-896c-4bbe-b9b9-c03e951e4702,prca03,likert5,4,4,True,validated,0
9fc42abf-896c-4bbe-b9b9-c03e951e4702,prca04,likert5,3,3,True,validated,1
9fc42abf-896c-4bbe-b9b9-c03e951e4702,prca05,likert5,2,2,True,validated,0
9fc42abf-896c-4bbe-b9b9-c03e951e4702,prca06,likert5,5,1,True,validated,1
9fc42abf-896c-4bbe-b9b9-c03e951e4702,prca13,likert5,5,5,True,validated,0
9fc42abf-896c-4bbe-b9b9-c03e951e4702,prca14,likert5,1,5,True,validated,1
9fc42abf-896c-4bbe-b9b9-c03e951e4702,prca15,likert5,3,3,True,validated,0
9fc42abf-896c-4bbe-b9b9-c03e951e4702,prca16,likert5,2,4,True,validated,1
9fc42abf-896c-4bbe-b9b9-c03e951e4702,prca17,likert5,5,1,True,validated,1
9fc42abf-896c-4bbe-b9b9-c03e951e4702,prca18,likert5,3,3,True,validated,0
d3629961-458a-43f3-86f1-f0f148488a2a,prca01,likert5,2,2,True,validated,0
d3629961-458a-43f3-86f1-f0f148488a2a,prca02,likert5,5,1,True,validated,1
d3629961-458a-43f3-86f1-f0f148488a2a,prca03,likert5,4,4,True,validated,0
d3629961-458a-43f3-86f1-f0f148488a2a,prca04,likert5,4,2,True,validated,1
d3629961-458a-43f3-86f1-f0f148488a2a,prca05,likert5,2,2,True,validated,0
d3629961-458a-43f3-86f1-f0f148488a2a,prca06,likert5,4,2,True,validated,1
d3629961-458a-43f3-86f1-f0f148488a2a,prca13,likert5,5,5,True,validated,0
d3629961-458a-43f3-86f1-f0f148488a2a,prca14,likert5,5,1,True,validated,1
d3629961-458a-43f3-86f1-f0f148488a2a,prca15,likert5,5,5,True,validated,0
d3629961-458a-43f3-86f1-f0f148488a2a,prca16,likert5,5,1,True,validated,1
d3629961-458a-43f3-86f1-f0f148488a2a,prca17,likert5,4,2,True,validated,1
d3629961-458a-43f3-86f1-f0f148488a2a,prca18,likert5,4,4,True,validated,0
bf0a2874-d242-4cf6-bb3e-586ed646da6d,prca01,likert5,4,4,True,validated,0
bf0a2874-d242-4cf6-bb3e-586ed646da6d,prca02,likert5,2,4,True,validated,1
bf0a2874-d242-4cf6-bb3e-586ed646da6d,prca03,likert5,4,4,True,validated,0
bf0a2874-d242-4cf6-bb3e-586ed646da6d,prca04,likert5,4,2,True,validated,1
bf0a2874-d242-4cf6-bb3e-586ed646da6d,prca05,likert5,5,5,True,validated,0
bf0a2874-d242-4cf6-bb3e-586ed646da6d,prca06,likert5,3,3,True,validated,1
bf0a2874-d242-4cf6-bb3e-586ed646da6d,prca13,likert5,4,4,True,validated,0
bf0a2874-d242-4cf6-bb3e-586ed646da6d,prca14,likert5,4,2,True,validated,1
bf0a2874-d242-4cf6-bb3e-586ed646da6d,prca15,likert5,5,5,True,validated,0
bf0a2874-d242-4cf6-bb3e-586ed646da6d,prca16,likert5,4,2,True,validated,1
bf0a2874-d242-4cf6-bb3e-586ed646da6d,prca17,likert5,3,3,True,validated,1
bf0a2874-d242-4cf6-bb3e-586ed646da6d,prca18,likert5,2,2,True,validated,0
a4b7b564-e3d7-43a4-a650-3ceab5dcc897,prca01,likert5,3,3,True,validated,0
a4b7b564-e3d7-43a4-a650-3ceab5dcc897,prca02,likert5,5,1,True,validated,1
a4b7b564-e3d7-43a4-a650-3ceab5dcc897,prca03,likert5,4,4,True,validated,0
a4b7b564-e3d7-43a4-a650-3ceab5dcc897,prca04,likert5,4,2,True,validated,1
a4b7b564-e3d7-43a4-a650-3ceab5dcc897,prca05,likert5,2,2,True,validated,0
a4b7b564-e3d7-43a4-a650-3ceab5dcc897,prca06,likert5,5,1,True,validated,1
a4b7b564-e3d7-43a4-a650-3ceab5dcc897,prca13,likert5,5,5,True,validated,0
a4b7b564-e3d7-43a4-a650-3ceab5dcc897,prca14,likert5,4,2,True,validated,1
a4b7b564-e3d7-43a4-a650-3ceab5dcc897,prca15,likert5,3,3,True,validated,0
a4b7b564-e3d7-43a4-a650-3ceab5dcc897,prca16,likert5,4,2,True,validated,1
a4b7b564-e3d7-43a4-a650-3ceab5dcc897,prca17,likert5,5,1,True,validated,1
a4b7b564-e3d7-43a4-a650-3ceab5dcc897,prca18,likert5,3,3,True,validated,0
22625121-64ba-462d-ad58-428eec224458,prca01,likert5,2,2,True,validated,0
22625121-64ba-462d-ad58-428eec224458,prca02,likert5,4,2,True,validated,1
22625121-64ba-462d-ad58-428eec224458,prca03,likert5,3,3,True,validated,0
22625121-64ba-462d-ad58-428eec224458,prca04,likert5,5,1,True,validated,1
22625121-64ba-462d-ad58-428eec224458,prca05,likert5,3,3,True,validated,0
22625121-64ba-462d-ad58-428eec224458,prca06,likert5,4,2,True,validated,1
22625121-64ba-462d-ad58-428eec224458,prca13,likert5,4,4,True,validated,0
22625121-64ba-462d-ad58-428eec224458,prca14,likert5,5) strongly agree,2,True,recode,1
22625121-64ba-462d-ad58-428eec224458,prca15,likert5,3,3,True,validated,0
22625121-64ba-462d-ad58-428eec224458,prca16,likert5,5,1,True,validated,1
22625121-64ba-462d-ad58-428eec224458,prca17,likert5,3,3,True,validated,1
22625121-64ba-462d-ad58-428eec224458,prca18,likert5,5,5,True,validated,0
ebc8cf2a-6009-4bfd-b55b-db82a5f6d6cc,prca01,likert5,4,4,True,validated,0
ebc8cf2a-6009-4bfd-b55b-db82a5f6d6cc,prca02,likert5,5,1,True,validated,1
ebc8cf2a-6009-4bfd-b55b-db82a5f6d6cc,prca03,likert5,4,4,True,validated,0
ebc8cf2a-6009-4bfd-b55b-db82a5f6d6cc,prca04,likert5,4,2,True,validated,1
ebc8cf2a-6009-4bfd-b55b-db82a5f6d6cc,prca05,likert5,2,2,True,validated,0
ebc8cf2a-6009-4bfd-b55b-db82a5f6d6cc,prca06,likert5,4,2,True,validated,1
ebc8cf2a-6009-4bfd-b55b-db82a5f6d6cc,prca13,likert5,5,5,True,validated,0
ebc8cf2a-6009-4bfd-b55b-db82a5f6d6cc,prca14,likert5,1,5,True,validated,1
ebc8cf2a-6009-4bfd-b55b-db82a5f6d6cc,prca15,likert5,1,1,True,validated,0
ebc8cf2a-6009-4bfd-b55b-db82a5f6d6cc,prca16,likert5,4,2,True,validated,1
ebc8cf2a-6009-4bfd-b55b-db82a5f6d6cc,prca17,likert5,5,1,True,validated,1
ebc8cf2a-6009-4bfd-b55b-db82a5f6d6cc,prca18,likert5,4,4,True,validated,0
0aec8a8b-09de-4964-9cd9-fbfae202fffe,prca01,likert5,2,2,True,validated,0
0aec8a8b-09de-4964-9cd9-fbfae202fffe,prca02,likert5,4,2,True,validated,1
0aec8a8b-09de-4964-9cd9-fbfae202fffe,prca03,likert5,3,3,True,validated,0
0aec8a8b-09de-4964-9cd9-fbfae202fffe,prca04,likert5,5,1,True,validated,1
0aec8a8b-09de-4964-9cd9-fbfae202fffe,prca05,likert5,3,3,True,validated,0
0aec8a8b-09de-4964-9cd9-fbfae202fffe,prca06,likert5,1,5,True,validated,1
0aec8a8b-09de-4964-9cd9-fbfae202fffe,prca13,likert5,5,5,True,validated,0
0aec8a8b-09de-4964-9cd9-fbfae202fffe,prca14,likert5,2,4,True,validated,1
0aec8a8b-09de-4964-9cd9-fbfae202fffe,prca15,likert5,4,4,True,validated,0
0aec8a8b-09de-4964-9cd9-fbfae202fffe,prca16,likert5,2,4,True,validated,1
0aec8a8b-09de-4964-9cd9-fbfae202fffe,prca17,likert5,1,5,True,validated,1
0aec8a8b-09de-4964-9cd9-fbfae202fffe,prca18,likert5,2,2,True,validated,0
e4dd5f27-a087-435c-ad6c-0c6d359f900f,prca01,likert5,2,2,True,validated,0
e4dd5f27-a087-435c-ad6c-0c6d359f900f,prca02,likert5,3,3,True,validated,1
e4dd5f27-a087-435c-ad6c-0c6d359f900f,prca03,likert5,5,5,True,validated,0
e4dd5f27-a087-435c-ad6c-0c6d359f900f,prca04,likert5,5,1,True,validated,1
e4dd5f27-a087-435c-ad6c-0c6d359f900f,prca05,likert5,5,5,True,validated,0
e4dd5f27-a087-435c-ad6c-0c6d359f900f,prca06,likert5,4,2,True,validated,1
e4dd5f27-a087-435c-ad6c-0c6d359f900f,prca13,likert5,2,2,True,validated,0
e4dd5f27-a087-435c-ad6c-0c6d359f900f,prca14,likert5,3,3,True,validated,1
e4dd5f27-a087-435c-ad6c-0c6d359f900f,prca15,likert5,3,3,True,validated,0
e4dd5f27-a087-435c-ad6c-0c6d359f900f,prca16,likert5,3,3,True,validated,1
e4dd5f27-a087-435c-ad6c-0c6d359f900f,prca17,likert5,3,3,True,validated,1
e4dd5f27-a087-435c-ad6c-0c6d359f900f,prca18,likert5,5,5,True,validated,0
4c8df005-950d-4610-b47d-523913930dee,prca01,likert5,4,4,True,validated,0
4c8df005-950d-4610-b47d-523913930dee,prca02,likert5,2,4,True,validated,1
4c8df005-950d-4610-b47d-523913930dee,prca03,likert5,5,5,True,validated,0
4c8df005-950d-4610-b47d-523913930dee,prca04,likert5,3,3,True,validated,1
4c8df005-950d-4610-b47d-523913930dee,prca05,likert5,4,4,True,validated,0
4c8df005-950d-4610-b47d-523913930dee,prca06,likert5,2,4,True,validated,1
4c8df005-950d-4610-b47d-523913930dee,prca13,likert5,4,4,True,validated,0
4c8df005-950d-4610-b47d-523913930dee,prca14,likert5,4,2,True,validated,1
4c8df005-950d-4610-b47d-523913930dee,prca15,likert5,4,4,True,validated,0
4c8df005-950d-4610-b47d-523913930dee,prca16,likert5,4,2,True,validated,1
4c8df005-950d-4610-b47d-523913930dee,prca17,likert5,3,3,True,validated,1
4c8df005-950d-4610-b47d-523913930dee,prca18,likert5,5) strongly agree,4,True,recode,0
2cc44816-4920-49ba-b031-643b2ce1c457,prca01,likert5,4,4,True,validated,0
2cc44816-4920-49ba-b031-643b2ce1c457,prca02,likert5,4,2,True,validated,1
2cc44816-4920-49ba-b031-643b2ce1c457,prca03,likert5,2,2,True,validated,0
2cc44816-4920-49ba-b031-643b2ce1c457,prca04,likert5,4,2,True,validated,1
2cc44816-4920-49ba-b031-643b2ce1c457,prca05,likert5,1,1,True,validated,0
2cc44816-4920-49ba-b031-643b2ce1c457,prca06,likert5,3,3,True,validated,1
2cc44816-4920-49ba-b031-643b2ce1c457,prca13,likert5,4,4,True,validated,0
2cc44816-4920-49ba-b031-643b2ce1c457,prca14,likert5,2,4,True,validated,1
2cc44816-4920-49ba-b031-643b2ce1c457,prca15,likert5,4,4,True,validated,0
2cc44816-4920-49ba-b031-643b2ce1c457,prca16,likert5,4,2,True,validated,1
2cc44816-4920-49ba-b031-643b2ce1c457,prca17,likert5,3,3,True,validated,1
2cc44816-4920-49ba-b031-643b2ce1c457,prca18,likert5,3,3,True,validated,0
b1489550-99c0-4e85-84d9-ff1441eb69cf,prca01,likert5,5,5,True,validated,0
b1489550-99c0-4e85-84d9-ff1441eb69cf,prca02,likert5,1,5,True,validated,1
b1489550-99c0-4e85-84d9-ff1441eb69cf,prca03,likert5,2,2,True,validated,0
b1489550-99c0-4e85-84d9-ff1441eb69cf,prca04,likert5,4,2,True,validated,1
b1489550-99c0-4e85-84d9-ff1441eb69cf,prca05,likert5,1,1,True,validated,0
b1489550-99c0-4e85-84d9-ff1441eb69cf,prca06,likert5,3,3,True,validated,1
b1489550-99c0-4e85-84d9-ff1441eb69cf,prca13,likert5,3,3,True,validated,0
b1489550-99c0-4e85-84d9-ff1441eb69cf,prca14,likert5,5,1,True,validated,1
b1489550-99c0-4e85-84d9-ff1441eb69cf,prca15,likert5,1,1,True,validated,0
b1489550-99c0-4e85-84d9-ff1441eb69cf,prca16,likert5,4,2,True,validated,1
b1489550-99c0-4e85-84d9-ff1441eb69cf,prca17,likert5,2,4,True,validated,1
b1489550-99c0-4e85-84d9-ff1441eb69cf,prca18,likert5,3,3,True,validated,0
578ec9a5-3c67-4d4a-83e4-52c0525ee071,prca01,likert5,4,4,True,validated,0
578ec9a5-3c67-4d4a-83e4-52c0525ee071,prca02,likert5,2,4,True,validated,1
578ec9a5-3c67-4d4a-83e4-52c0525ee071,prca03,likert5,4,4,True,validated,0
578ec9a5-3c67-4d4a-83e4-52c0525ee071,prca04,likert5,2,4,True,validated,1
578ec9a5-3c67-4d4a-83e4-52c0525ee071,prca05,likert5,5,5,True,validated,0
578ec9a5-3c67-4d4a-83e4-52c0525ee071,prca06,likert5,4,2,True,validated,1
578ec9a5-3c67-4d4a-83e4-52c0525ee071,prca13,likert5,4,4,True,validated,0
578ec9a5-3c67-4d4a-83e4-52c0525ee071,prca14,likert5,4,2,True,validated,1
578ec9a5-3c67-4d4a-83e4-52c0525ee071,prca15,likert5,4,4,True,validated,0
578ec9a5-3c67-4d4a-83e4-52c0525ee071,prca16,likert5,5,1,True,validated,1
578ec9a5-3c67-4d4a-83e4-52c0525ee071,prca17,likert5,4,2,True,validated,1
578ec9a5-3c67-4d4a-83e4-52c0525ee071,prca18,likert5,3,3,True,validated,0
0675ae81-887a-4c2b-aa8b-19b90a96ff4a,prca01,likert5,4,4,True,validated,0
0675ae81-887a-4c2b-aa8b-19b90a96ff4a,prca02,likert5,3,3,True,validated,1
0675ae81-887a-4c2b-aa8b-19b90a96ff4a,prca03,likert5,1,1,True,validated,0
0675ae81-887a-4c2b-aa8b-19b90a96ff4a,prca04,likert5,4,2,True,validated,1
0675ae81-887a-4c2b-aa8b-19b90a96ff4a,prca05,likert5,3,3,True,validated,0
0675ae81-887a-4c2b-aa8b-19b90a96ff4a,prca06,likert5,2,4,True,validated,1
0675ae81-887a-4c2b-aa8b-19b90a96ff4a,prca13,likert5,4,4,True,validated,0
0675ae81-887a-4c2b-aa8b-19b90a96ff4a,prca14,likert5,2,4,True,validated,1
0675ae81-887a-4c2b-aa8b-19b90a96ff4a,prca15,likert5,4,4,True,validated,0
0675ae81-887a-4c2b-aa8b-19b90a96ff4a,prca16,likert5,3,3,True,validated,1
0675ae81-887a-4c2b-aa8b-19b90a96ff4a,prca17,likert5,4,2,True,validated,1
0675ae81-887a-4c2b-aa8b-19b90a96ff4a,prca18,likert5,1,1,True,validated,0
2893497e-32d2-4fba-b3bc-27ea21b11425,prca01,likert5,4,4,True,validated,0
2893497e-32d2-4fba-b3bc-27ea21b11425,prca02,likert5,5,1,True,validated,1
2893497e-32d2-4fba-b3bc-27ea21b11425,prca03,likert5,2,2,True,validated,0
2893497e-32d2-4fba-b3bc-27ea21b11425,prca04,likert5,5,1,True,validated,1
2893497e-32d2-4fba-b3bc-27ea21b11425,prca05,likert5,3,3,True,validated,0
2893497e-32d2-4fba-b3bc-27ea21b11425,prca06,likert5,5,1,True,validated,1
2893497e-32d2-4fba-b3bc-27ea21b11425,prca13,likert5,1,1,True,validated,0
2893497e-32d2-4fba-b3bc-27ea21b11425,prca14,likert5,5,1,True,validated,1
2893497e-32d2-4fba-b3bc-27ea21b11425,prca15,likert5,4,4,True,validated,0
2893497e-32d2-4fba-b3bc-27ea21b11425,prca16,likert5,4,2,True,validated,1
2893497e-32d2-4fba-b3bc-27ea21b11425,prca17,likert5,4,2,True,validated,1
2893497e-32d2-4fba-b3bc-27ea21b11425,prca18,likert5,3,3,True,validated,0
8495868e-6a5c-4b40-95e5-c30a157af86b,prca01,likert5,2,2,True,validated,0
8495868e-6a5c-4b40-95e5-c30a157af86b,prca02,likert5,4,2,True,validated,1
8495868e-6a5c-4b40-95e5-c30a157af86b,prca03,likert5,4,4,True,validated,0
8495868e-6a5c-4b40-95e5-c30a157af86b,prca04,likert5,5,1,True,validated,1
8495868e-6a5c-4b40-95e5-c30a157af86b,prca05,likert5,4,4,True,validated,0
8495868e-6a5c-4b40-95e5-c30a157af86b,prca06,likert5,4,2,True,validated,1
8495868e-6a5c-4b40-95e5-c30a157af86b,prca13,likert5,1,1,True,validated,0
8495868e-6a5c-4b40-95e5-c30a157af86b,prca14,likert5,3,3,True,validated,1
8495868e-6a5c-4b40-95e5-c30a157af86b,prca15,likert5,5,5,True,validated,0
8495868e-6a5c-4b40-95e5-c30a157af86b,prca16,likert5,2,4,True,validated,1
8495868e-6a5c-4b40-95e5-c30a157af86b,prca17,likert5,3,3,True,validated,1
8495868e-6a5c-4b40-95e5-c30a157af86b,prca18,likert5,2,2,True,validated,0
b3dacff2-0992-4bef-9dc7-c17000cceb98,prca01,likert5,5,5,True,validated,0
b3dacff2-0992-4bef-9dc7-c17000cceb98,prca02,likert5,2,4,True,validated,1
b3dacff2-0992-4bef-9dc7-c17000cceb98,prca03,likert5,3,3,True,validated,0
b3dacff2-0992-4bef-9dc7-c17000cceb98,prca04,likert5,5,1,True,validated,1
b3dacff2-0992-4bef-9dc7-c17000cceb98,prca05,likert5,5) strongly agree,4,True,recode,0
b3dacff2-0992-4bef-9dc7-c17000cceb98,prca06,likert5,1,5,True,validated,1
b3dacff2-0992-4bef-9dc7-c17000cceb98,prca13,likert5,2,2,True,validated,0
b3dacff2-0992-4bef-9dc7-c17000cceb98,prca14,likert5,4,2,True,validated,1
b3dacff2-0992-4bef-9dc7-c17000cceb98,prca15,likert5,4,4,True,validated,0
b3dacff2-0992-4bef-9dc7-c17000cceb98,prca16,likert5,4,2,True,validated,1
b3dacff2-0992-4bef-9dc7-c17000cceb98,prca17,likert5,4,2,True,validated,1
b3dacff2-0992-4bef-9dc7-c17000cceb98,prca18,likert5,2,2,True,validated,0
3ef36c74-5e27-44cc-9138-8524b4343c80,prca01,likert5,4,4,True,validated,0
3ef36c74-5e27-44cc-9138-8524b4343c80,prca02,likert5,4,2,True,validated,1
3ef36c74-5e27-44cc-9138-8524b4343c80,prca03,likert5,2,2,True,validated,0
3ef36c74-5e27-44cc-9138-8524b4343c80,prca04,likert5,5,1,True,validated,1
3ef36c74-5e27-44cc-9138-8524b4343c80,prca05,likert5,1,1,True,validated,0
3ef36c74-5e27-44cc-9138-8524b4343c80,prca06,likert5,2,4,True,validated,1
3ef36c74-5e27-44cc-9138-8524b4343c80,prca13,likert5,3,3,True,validated,0
3ef36c74-5e27-44cc-9138-8524b4343c80,prca14,likert5,1,5,True,validated,1
3ef36c74-5e27-44cc-9138-8524b4343c80,prca15,likert5,4,4,True,validated,0
3ef36c74-5e27-44cc-9138-8524b4343c80,prca16,likert5,1,5,True,validated,1
3ef36c74-5e27-44cc-9138-8524b4343c80,prca17,likert5,5,1,True,validated,1
3ef36c74-5e27-44cc-9138-8524b4343c80,prca18,likert5,1,1,True,validated,0
accd03cf-0dfd-4a15-ba61-ad45abbcf612,prca01,likert5,5,5,True,validated,0
accd03cf-0dfd-4a15-ba61-ad45abbcf612,prca02,likert5,4,2,True,validated,1
accd03cf-0dfd-4a15-ba61-ad45abbcf612,prca03,likert5,1,1,True,validated,0
accd03cf-0dfd-4a15-ba61-ad45abbcf612,prca04,likert5,3,3,True,validated,1
accd03cf-0dfd-4a15-ba61-ad45abbcf612,prca05,likert5,3,3,True,validated,0
accd03cf-0dfd-4a15-ba61-ad45abbcf612,prca06,likert5,3,3,True,validated,1
accd03cf-0dfd-4a15-ba61-ad45abbcf612,prca13,likert5,1,1,True,validated,0
accd03cf-0dfd-4a15-ba61-ad45abbcf612,prca14,likert5,5,1,True,validated,1
accd03cf-0dfd-4a15-ba61-ad45abbcf612,prca15,likert5,1,1,True,validated,0
accd03cf-0dfd-4a15-ba61-ad45abbcf612,prca16,likert5,4,2,True,validated,1
accd03cf-0dfd-4a15-ba61-ad45abbcf612,prca17,likert5,2,4,True,validated,1
accd03cf-0dfd-4a15-ba61-ad45abbcf612,prca18,likert5,4,4,True,validated,0
a76d1f2b-013e-474e-a6a5-460199b8c9f6,prca01,likert5,5,5,True,validated,0
a76d1f2b-013e-474e-a6a5-460199b8c9f6,prca02,likert5,5,1,True,validated,1
a76d1f2b-013e-474e-a6a5-460199b8c9f6,prca03,likert5,3,3,True,validated,0
a76d1f2b-013e-474e-a6a5-460199b8c9f6,prca04,likert5,2,4,True,validated,1
a76d1f2b-013e-474e-a6a5-460199b8c9f6,prca05,likert5,5,5,True,validated,0
a76d1f2b-013e-474e-a6a5-460199b8c9f6,prca06,likert5,1,5,True,validated,1
a76d1f2b-013e-474e-a6a5-460199b8c9f6,prca13,likert5,4,4,True,validated,0
a76d1f2b-013e-474e-a6a5-460199b8c9f6,prca14,likert5,5,1,True,validated,1
a76d1f2b-013e-474e-a6a5-460199b8c9f6,prca15,likert5,3,3,True,validated,0
a76d1f2b-013e-474e-a6a5-460199b8c9f6,prca16,likert5,4,2,True,validated,1
a76d1f2b-013e-474e-a6a5-460199b8c9f6,prca17,likert5,4,2,True,validated,1
a76d1f2b-013e-474e-a6a5-460199b8c9f6,prca18,likert5,2,2,True,validated,0
63c91f78-0f4f-4743-b99b-a56b6dfff535,prca01,likert5,2,2,True,validated,0
63c91f78-0f4f-4743-b99b-a56b6dfff535,prca02,likert5,3,3,True,validated,1
63c91f78-0f4f-4743-b99b-a56b6dfff535,prca03,likert5,4,4,True,validated,0
63c91f78-0f4f-4743-b99b-a56b6dfff535,prca04,likert5,1,5,True,validated,1
63c91f78-0f4f-4743-b99b-a56b6dfff535,prca05,likert5,5,5,True,validated,0
63c91f78-0f4f-4743-b99b-a56b6dfff535,prca06,likert5,3,3,True,validated,1
63c91f78-0f4f-4743-b99b-a56b6dfff535,prca13,likert5,3,3,True,validated,0
63c91f78-0f4f-4743-b99b-a56b6dfff535,prca14,likert5,3,3,True,validated,1
63c91f78-0f4f-4743-b99b-a56b6dfff535,prca15,likert5,4,4,True,validated,0
63c91f78-0f4f-4743-b99b-a56b6dfff535,prca16,likert5,1,5,True,validated,1
63c91f78-0f4f-4743-b99b-a56b6dfff535,prca17,likert5,4,2,True,validated,1
63c91f78-0f4f-4743-b99b-a56b6dfff535,prca18,likert5,5,5,True,validated,0
7b740c4b-9748-4683-a24c-40bea44b877e,prca01,likert5,4,4,True,validated,0
7b740c4b-9748-4683-a24c-40bea44b877e,prca02,likert5,4,2,True,validated,1
7b740c4b-9748-4683-a24c-40bea44b877e,prca03,likert5,4,4,True,validated,0
7b740c4b-9748-4683-a24c-40bea44b877e,prca04,likert5,5,1,True,validated,1
7b740c4b-9748-4683-a24c-40bea44b877e,prca05,likert5,5) strongly agree,4,True,recode,0
7b740c4b-9748-4683-a24c-40bea44b877e,prca06,likert5,4,2,True,validated,1
7b740c4b-9748-4683-a24c-40bea44b877e,prca13,likert5,4,4,True,validated,0
7b740c4b-9748-4683-a24c-40bea44b877e,prca14,likert5,3,3,True,validated,1
7b740c4b-9748-4683-a24c-40bea44b877e,prca15,likert5,5,5,True,validated,0
7b740c4b-9748-4683-a24c-40bea44b877e,prca16,likert5,5,1,True,validated,1
7b740c4b-9748-4683-a24c-40bea44b877e,prca17,likert5,1,5,True,validated,1
7b740c4b-9748-4683-a24c-40bea44b877e,prca18,likert5,3,3,True,validated,0
24515b86-2b4a-4260-a13c-fca53655750f,prca01,likert5,4,4,True,validated,0
24515b86-2b4a-4260-a13c-fca53655750f,prca02,likert5,4,2,True,validated,1
24515b86-2b4a-4260-a13c-fca53655750f,prca03,likert5,4,4,True,validated,0
24515b86-2b4a-4260-a13c-fca53655750f,prca04,likert5,4,2,True,validated,1
24515b86-2b4a-4260-a13c-fca53655750f,prca05,likert5,2,2,True,validated,0
24515b86-2b4a-4260-a13c-fca53655750f,prca06,likert5,3,3,True,validated,1
24515b86-2b4a-4260-a13c-fca53655750f,prca13,likert5,3,3,True,validated,0
24515b86-2b4a-4260-a13c-fca53655750f,prca14,likert5,2,4,True,validated,1
24515b86-2b4a-4260-a13c-fca53655750f,prca15,likert5,3,3,True,validated,0
24515b86-2b4a-4260-a13c-fca53655750f,prca16,likert5,5,1,True,validated,1
24515b86-2b4a-4260-a13c-fca53655750f,prca17,likert5,3,3,True,validated,1
24515b86-2b4a-4260-a13c-fca53655750f,prca18,likert5,4,4,True,validated,0
836a95ef-0ea1-42e0-a772-af92232f53dc,prca01,likert5,4,4,True,validated,0
836a95ef-0ea1-42e0-a772-af92232f53dc,prca02,likert5,3,3,True,validated,1
836a95ef-0ea1-42e0-a772-af92232f53dc,prca03,likert5,5,5,True,validated,0
836a95ef-0ea1-42e0-a772-af92232f53dc,prca04,likert5,4,2,True,validated,1
836a95ef-0ea1-42e0-a772-af92232f53dc,prca05,likert5,2,2,True,validated,0
836a95ef-0ea1-42e0-a772-af92232f53dc,prca06,likert5,4,2,True,validated,1
836a95ef-0ea1-42e0-a772-af92232f53dc,prca13,likert5,3,3,True,validated,0
836a95ef-0ea1-42e0-a772-af92232f53dc,prca14,likert5,3,3,True,validated,1
836a95ef-0ea1-42e0-a772-af92232f53dc,prca15,likert5,4,4,True,validated,0
836a95ef-0ea1-42e0-a772-af92232f53dc,prca16,likert5,3,3,True,validated,1
836a95ef-0ea1-42e0-a772-af92232f53dc,prca17,likert5,4,2,True,validated,1
836a95ef-0ea1-42e0-a772-af92232f53dc,prca18,likert5,1,1,True,validated,0
3d90f5c9-ac84-4ed4-9ea8-f4e4f1ff913d,prca01,likert5,4,4,True,validated,0
3d90f5c9-ac84-4ed4-9ea8-f4e4f1ff913d,prca02,likert5,5,1,True,validated,1
3d90f5c9-ac84-4ed4-9ea8-f4e4f1ff913d,prca03,likert5,3,3,True,validated,0
3d90f5c9-ac84-4ed4-9ea8-f4e4f1ff913d,prca04,likert5,3,3,True,validated,1
3d90f5c9-ac84-4ed4-9ea8-f4e4f1ff913d,prca05,likert5,5,5,True,validated,0
3d90f5c9-ac84-4ed4-9ea8-f4e4f1ff913d,prca06,likert5,4,2,True,validated,1
3d90f5c9-ac84-4ed4-9ea8-f4e4f1ff913d,prca13,likert5,4,4,True,validated,0
3d90f5c9-ac84-4ed4-9ea8-f4e4f1ff913d,prca14,likert5,1,5,True,validated,1
3d90f5c9-ac84-4ed4-9ea8-f4e4f1ff913d,prca15,likert5,1,1,True,validated,0
3d90f5c9-ac84-4ed4-9ea8-f4e4f1ff913d,prca16,likert5,3,3,True,validated,1
3d90f5c9-ac84-4ed4-9ea8-f4e4f1ff913d,prca17,likert5,2,4,True,validated,1
3d90f5c9-ac84-4ed4-9ea8-f4e4f1ff913d,prca18,likert5,1,1,True,validated,0
a7bbf0fb-f0dd-4c1d-9cd5-390d40232cfc,prca01,likert5,2,2,True,validated,0
a7bbf0fb-f0dd-4c1d-9cd5-390d40232cfc,prca02,likert5,3,3,True,validated,1
a7bbf0fb-f0dd-4c1d-9cd5-390d40232cfc,prca03,likert5,4,4,True,validated,0
a7bbf0fb-f0dd-4c1d-9cd5-390d40232cfc,prca04,likert5,2,4,True,validated,1
a7bbf0fb-f0dd-4c1d-9cd5-390d40232cfc,prca05,likert5,5,5,True,validated,0
a7bbf0fb-f0dd-4c1d-9cd5-390d40232cfc,prca06,likert5,2,4,True,validated,1
a7bbf0fb-f0dd-4c1d-9cd5-390d40232cfc,prca13,likert5,3,3,True,validated,0
a7bbf0fb-f0dd-4c1d-9cd5-390d40232cfc,prca14,likert5,4,2,True,validated,1
a7bbf0fb-f0dd-4c1d-9cd5-390d40232cfc,prca15,likert5,4,4,True,validated,0
a7bbf0fb-f0dd-4c1d-9cd5-390d40232cfc,prca16,likert5,4,2,True,validated,1
a7bbf0fb-f0dd-4c1d-9cd5-390d40232cfc,prca17,likert5,5,1,True,validated,1
a7bbf0fb-f0dd-4c1d-9cd5-390d40232cfc,prca18,likert5,4,4,True,validated,0
5f9e4cde-0c02-44e9-90b3-21520aacc45c,prca01,likert5,4,4,True,validated,0
5f9e4cde-0c02-44e9-90b3-21520aacc45c,prca02,likert5,5,1,True,validated,1
5f9e4cde-0c02-44e9-90b3-21520aacc45c,prca03,likert5,2,2,True,validated,0
5f9e4cde-0c02-44e9-90b3-21520aacc45c,prca04,likert5,3,3,True,validated,1
5f9e4cde-0c02-44e9-90b3-21520aacc45c,prca05,likert5,1,1,True,validated,0
5f9e4cde-0c02-44e9-90b3-21520aacc45c,prca06,likert5,1,5,True,validated,1
5f9e4cde-0c02-44e9-90b3-21520aacc45c,prca13,likert5,1,1,True,validated,0
5f9e4cde-0c02-44e9-90b3-21520aacc45c,prca14,likert5,4,2,True,validated,1
5f9e4cde-0c02-44e9-90b3-21520aacc45c,prca15,likert5,2,2,True,validated,0
5f9e4cde-0c02-44e9-90b3-21520aacc45c,prca16,likert5,4,2,True,validated,1
5f9e4cde-0c02-44e9-90b3-21520aacc45c,prca17,likert5,5,1,True,validated,1
5f9e4cde-0c02-44e9-90b3-21520aacc45c,prca18,likert5,1,1,True,validated,0
f9588c15-61b5-45cd-ac40-7c1795239148,prca01,likert5,5,5,True,validated,0
f9588c15-61b5-45cd-ac40-7c1795239148,prca02,likert5,3,3,True,validated,1
f9588c15-61b5-45cd-ac40-7c1795239148,prca03,likert5,4,4,True,validated,0
f9588c15-61b5-45cd-ac40-7c1795239148,prca04,likert5,5) strongly agree,2,True,recode,1
f9588c15-61b5-45cd-ac40-7c1795239148,prca05,likert5,3,3,True,validated,0
f9588c15-61b5-45cd-ac40-7c1795239148,prca06,likert5,3,3,True,validated,1
f9588c15-61b5-45cd-ac40-7c1795239148,prca13,likert5,3,3,True,validated,0
f9588c15-61b5-45cd-ac40-7c1795239148,prca14,likert5,4,2,True,validated,1
f9588c15-61b5-45cd-ac40-7c1795239148,prca15,likert5,2,2,True,validated,0
f9588c15-61b5-45cd-ac40-7c1795239148,prca16,likert5,4,2,True,validated,1
f9588c15-61b5-45cd-ac40-7c1795239148,prca17,likert5,4,2,True,validated,1
f9588c15-61b5-45cd-ac40-7c1795239148,prca18,likert5,4,4,True,validated,0
dd5a33d9-247e-48ab-b004-d701617bd0af,prca01,likert5,5) strongly agree,4,True,recode,0
dd5a33d9-247e-48ab-b004-d701617bd0af,prca02,likert5,4,2,True,validated,1
dd5a33d9-247e-48ab-b004-d701617bd0af,prca03,likert5,5,5,True,validated,0
dd5a33d9-247e-48ab-b004-d701617bd0af,prca04,likert5,5,1,True,validated,1
dd5a33d9-247e-48ab-b004-d701617bd0af,prca05,likert5,1,1,True,validated,0
dd5a33d9-247e-48ab-b004-d701617bd0af,prca06,likert5,4,2,True,validated,1
dd5a33d9-247e-48ab-b004-d701617bd0af,prca13,likert5,4,4,True,validated,0
dd5a33d9-247e-48ab-b004-d701617bd0af,prca14,likert5,1,5,True,validated,1
dd5a33d9-247e-48ab-b004-d701617bd0af,prca15,likert5,3,3,True,validated,0
dd5a33d9-247e-48ab-b004-d701617bd0af,prca16,likert5,3,3,True,validated,1
dd5a33d9-247e-48ab-b004-d701617bd0af,prca17,likert5,2,4,True,validated,1
dd5a33d9-247e-48ab-b004-d701617bd0af,prca18,likert5,3,3,True,validated,0
89eb4b5c-db35-486f-bfa5-3c2be9347575,prca01,likert5,5,5,True,validated,0
89eb4b5c-db35-486f-bfa5-3c2be9347575,prca02,likert5,5,1,True,validated,1
89eb4b5c-db35-486f-bfa5-3c2be9347575,prca03,likert5,3,3,True,validated,0
89eb4b5c-db35-486f-bfa5-3c2be9347575,prca04,likert5,5,1,True,validated,1
89eb4b5c-db35-486f-bfa5-3c2be9347575,prca05,likert5,5,5,True,validated,0
89eb4b5c-db35-486f-bfa5-3c2be9347575,prca06,likert5,4,2,True,validated,1
89eb4b5c-db35-486f-bfa5-3c2be9347575,prca13,likert5,3,3,True,validated,0
89eb4b5c-db35-486f-bfa5-3c2be9347575,prca14,likert5,4,2,True,validated,1
89eb4b5c-db35-486f-bfa5-3c2be9347575,prca15,likert5,4,4,True,validated,0
89eb4b5c-db35-486f-bfa5-3c2be9347575,prca16,likert5,3,3,True,validated,1
89eb4b5c-db35-486f-bfa5-3c2be9347575,prca17,likert5,3,3,True,validated,1
89eb4b5c-db35-486f-bfa5-3c2be9347575,prca18,likert5,3,3,True,validated,0
b3491d7d-5183-4af2-b892-9a9287dc0264,prca01,likert5,1,1,True,validated,0
b3491d7d-5183-4af2-b892-9a9287dc0264,prca02,likert5,1,5,True,validated,1
b3491d7d-5183-4af2-b892-9a9287dc0264,prca03,likert5,3,3,True,validated,0
b3491d7d-5183-4af2-b892-9a9287dc0264,prca04,likert5,4,2,True,validated,1
b3491d7d-5183-4af2-b892-9a9287dc0264,prca05,likert5,5) strongly agree,5,True,recode,0
b3491d7d-5183-4af2-b892-9a9287dc0264,prca06,likert5,3,3,True,validated,1
b3491d7d-5183-4af2-b892-9a9287dc0264,prca13,likert5,2,2,True,validated,0
b3491d7d-5183-4af2-b892-9a9287dc0264,prca14,likert5,1,5,True,validated,1
b3491d7d-5183-4af2-b892-9a9287dc0264,prca15,likert5,4,4,True,validated,0
b3491d7d-5183-4af2-b892-9a9287dc0264,prca16,likert5,1,5,True,validated,1
b3491d7d-5183-4af2-b892-9a9287dc0264,prca17,likert5,2,4,True,validated,1
b3491d7d-5183-4af2-b892-9a9287dc0264,prca18,likert5,4,4,True,validated,0
5c77747c-07d1-4f5c-ad0c-04533b9b430b,prca01,likert5,4,4,True,validated,0
5c77747c-07d1-4f5c-ad0c-04533b9b430b,prca02,likert5,3,3,True,validated,1
5c77747c-07d1-4f5c-ad0c-04533b9b430b,prca03,likert5,3,3,True,validated,0
5c77747c-07d1-4f5c-ad0c-04533b9b430b,prca04,likert5,4,2,True,validated,1
5c77747c-07d1-4f5c-ad0c-04533b9b430b,prca05,likert5,4,4,True,validated,0
5c77747c-07d1-4f5c-ad0c-04533b9b430b,prca06,likert5,3,3,True,validated,1
5c77747c-07d1-4f5c-ad0c-04533b9b430b,prca13,likert5,3,3,True,validated,0
5c77747c-07d1-4f5c-ad0c-04533b9b430b,prca14,likert5,3,3,True,validated,1
5c77747c-07d1-4f5c-ad0c-04533b9b430b,prca15,likert5,4,4,True,validated,0
5c77747c-07d1-4f5c-ad0c-04533b9b430b,prca16,likert5,5,1,True,validated,1
5c77747c-07d1-4f5c-ad0c-04533b9b430b,prca17,likert5,4,2,True,validated,1
5c77747c-07d1-4f5c-ad0c-04533b9b430b,prca18,likert5,2,2,True,validated,0
54e78213-75b6-48c8-aeee-1d4293587755,prca01,likert5,4,4,True,validated,0
54e78213-75b6-48c8-aeee-1d4293587755,prca02,likert5,2,4,True,validated,1
54e78213-75b6-48c8-aeee-1d4293587755,prca03,likert5,5,5,True,validated,0
54e78213-75b6-48c8-aeee-1d4293587755,prca04,likert5,4,2,True,validated,1
54e78213-75b6-48c8-aeee-1d4293587755,prca05,likert5,3,3,True,validated,0
54e78213-75b6-48c8-aeee-1d4293587755,prca06,likert5,3,3,True,validated,1
54e78213-75b6-48c8-aeee-1d4293587755,prca13,likert5,3,3,True,validated,0
54e78213-75b6-48c8-aeee-1d4293587755,prca14,likert5,2,4,True,validated,1
54e78213-75b6-48c8-aeee-1d4293587755,prca15,likert5,1,1,True,validated,0
54e78213-75b6-48c8-aeee-1d4293587755,prca16,likert5,2,4,True,validated,1
54e78213-75b6-48c8-aeee-1d4293587755,prca17,likert5,4,2,True,validated,1
54e78213-75b6-48c8-aeee-1d4293587755,prca18,likert5,4,4,True,validated,0
02b7d6fe-545b-4703-aa11-b4c992192c05,prca01,likert5,1,1,True,validated,0
02b7d6fe-545b-4703-aa11-b4c992192c05,prca02,likert5,3,3,True,validated,1
02b7d6fe-545b-4703-aa11-b4c992192c05,prca03,likert5,5,5,True,validated,0
02b7d6fe-545b-4703-aa11-b4c992192c05,prca04,likert5,3,3,True,validated,1
02b7d6fe-545b-4703-aa11-b4c992192c05,prca05,likert5,2,2,True,validated,0
02b7d6fe-545b-4703-aa11-b4c992192c05,prca06,likert5,4,2,True,validated,1
02b7d6fe-545b-4703-aa11-b4c992192c05,prca13,likert5,5) strongly agree,4,True,recode,0
02b7d6fe-545b-4703-aa11-b4c992192c05,prca14,likert5,1,5,True,validated,1
02b7d6fe-545b-4703-aa11-b4c992192c05,prca15,likert5,3,3,True,validated,0
02b7d6fe-545b-4703-aa11-b4c992192c05,prca16,likert5,2,4,True,validated,1
02b7d6fe-545b-4703-aa11-b4c992192c05,prca17,likert5,4,2,True,validated,1
02b7d6fe-545b-4703-aa11-b4c992192c05,prca18,likert5,4,4,True,validated,0
8f780878-9df0-4269-a5f1-44b0a8c6d7d5,prca01,likert5,3,3,True,validated,0
8f780878-9df0-4269-a5f1-44b0a8c6d7d5,prca02,likert5,3,3,True,validated,1
8f780878-9df0-4269-a5f1-44b0a8c6d7d5,prca03,likert5,4,4,True,validated,0
8f780878-9df0-4269-a5f1-44b0a8c6d7d5,prca04,likert5,3,3,True,validated,1
8f780878-9df0-4269-a5f1-44b0a8c6d7d5,prca05,likert5,3,3,True,validated,0
8f780878-9df0-4269-a5f1-44b0a8c6d7d5,prca06,likert5,4,2,True,validated,1
8f780878-9df0-4269-a5f1-44b0a8c6d7d5,prca13,likert5,4,4,True,validated,0
8f780878-9df0-4269-a5f1-44b0a8c6d7d5,prca14,likert5,4,2,True,validated,1
8f780878-9df0-4269-a5f1-44b0a8c6d7d5,prca15,likert5,1,1,True,validated,0
8f780878-9df0-4269-a5f1-44b0a8c6d7d5,prca16,likert5,4,2,True,validated,1
8f780878-9df0-4269-a5f1-44b0a8c6d7d5,prca17,likert5,2,4,True,validated,1
8f780878-9df0-4269-a5f1-44b0a8c6d7d5,prca18,likert5,5,5,True,validated,0
acf70a1f-275d-4f74-8095-f26c219a515a,prca01,likert5,3,3,True,validated,0
acf70a1f-275d-4f74-8095-f26c219a515a,prca02,likert5,2,4,True,validated,1
acf70a1f-275d-4f74-8095-f26c219a515a,prca03,likert5,4,4,True,validated,0
acf70a1f-275d-4f74-8095-f26c219a515a,prca04,likert5,2,4,True,validated,1
acf70a1f-275d-4f74-8095-f26c219a515a,prca05,likert5,4,4,True,validated,0
acf70a1f-275d-4f74-8095-f26c219a515a,prca06,likert5,4,2,True,validated,1
acf70a1f-275d-4f74-8095-f26c219a515a,prca13,likert5,4,4,True,validated,0
acf70a1f-275d-4f74-8095-f26c219a515a,prca14,likert5,4,2,True,validated,1
acf70a1f-275d-4f74-8095-f26c219a515a,prca15,likert5,3,3,True,validated,0
acf70a1f-275d-4f74-8095-f26c219a515a,prca16,likert5,3,3,True,validated,1
acf70a1f-275d-4f74-8095-f26c219a515a,prca17,likert5,4,2,True,validated,1
acf70a1f-275d-4f74-8095-f26c219a515a,prca18,likert5,5,5,True,validated,0
d47f134d-6ac4-485b-a395-5893fa8b8cdf,prca01,likert5,5,5,True,validated,0
d47f134d-6ac4-485b-a395-5893fa8b8cdf,prca02,likert5,5,1,True,validated,1
d47f134d-6ac4-485b-a395-5893fa8b8cdf,prca03,likert5,1,1,True,validated,0
d47f134d-6ac4-485b-a395-5893fa8b8cdf,prca04,likert5,4,2,True,validated,1
d47f134d-6ac4-485b-a395-5893fa8b8cdf,prca05,likert5,3,3,True,validated,0
d47f134d-6ac4-485b-a395-5893fa8b8cdf,prca06,likert5,1,5,True,validated,1
d47f134d-6ac4-485b-a395-5893fa8b8cdf,prca13,likert5,4,4,True,validated,0
d47f134d-6ac4-485b-a395-5893fa8b8cdf,prca14,likert5,5,1,True,validated,1
d47f134d-6ac4-485b-a395-5893fa8b8cdf,prca15,likert5,5,5,True,validated,0
d47f134d-6ac4-485b-a395-5893fa8b8cdf,prca16,likert5,4,2,True,validated,1
d47f134d-6ac4-485b-a395-5893fa8b8cdf,prca17,likert5,5,1,True,validated,1
d47f134d-6ac4-485b-a395-5893fa8b8cdf,prca18,likert5,5,5,True,validated,0
aa518861-cc69-4ba1-8064-119937b282a2,prca01,likert5,4,4,True,validated,0
aa518861-cc69-4ba1-8064-119937b282a2,prca02,likert5,1,5,True,validated,1
aa518861-cc69-4ba1-8064-119937b282a2,prca03,likert5,4,4,True,validated,0
aa518861-cc69-4ba1-8064-119937b282a2,prca04,likert5,3,3,True,validated,1
aa518861-cc69-4ba1-8064-119937b282a2,prca05,likert5,3,3,True,validated,0
aa518861-cc69-4ba1-8064-119937b282a2,prca06,likert5,4,2,True,validated,1
aa518861-cc69-4ba1-8064-119937b282a2,prca13,likert5,4,4,True,validated,0
aa518861-cc69-4ba1-8064-119937b282a2,prca14,likert5,5,1,True,validated,1
aa518861-cc69-4ba1-8064-119937b282a2,prca15,likert5,4,4,True,validated,0
aa518861-cc69-4ba1-8064-119937b282a2,prca16,likert5,1,5,True,validated,1
aa518861-cc69-4ba1-8064-119937b282a2,prca17,likert5,3,3,True,validated,1
aa518861-cc69-4ba1-8064-119937b282a2,prca18,likert5,4,4,True,validated,0
bcc63ff0-a907-4f4d-834c-04d8c2ccb804,prca01,likert5,5,5,True,validated,0
bcc63ff0-a907-4f4d-834c-04d8c2ccb804,prca02,likert5,4,2,True,validated,1
bcc63ff0-a907-4f4d-834c-04d8c2ccb804,prca03,likert5,3,3,True,validated,0
bcc63ff0-a907-4f4d-834c-04d8c2ccb804,prca04,likert5,5,1,True,validated,1
bcc63ff0-a907-4f4d-834c-04d8c2ccb804,prca05,likert5,5,5,True,validated,0
bcc63ff0-a907-4f4d-834c-04d8c2ccb804,prca06,likert5,5,1,True,validated,1
bcc63ff0-a907-4f4d-834c-04d8c2ccb804,prca13,likert5,1,1,True,validated,0
bcc63ff0-a907-4f4d-834c-04d8c2ccb804,prca14,likert5,3,3,True,validated,1
bcc63ff0-a907-4f4d-834c-04d8c2ccb804,prca15,likert5,2,2,True,validated,0
bcc63ff0-a907-4f4d-834c-04d8c2ccb804,prca16,likert5,5) strongly agree,2,True,recode,1
bcc63ff0-a907-4f4d-834c-04d8c2ccb804,prca17,likert5,5,1,True,validated,1
bcc63ff0-a907-4f4d-834c-04d8c2ccb804,prca18,likert5,3,3,True,validated,0
cb61f495-5220-4ad6-b36a-bdda7315b83d,prca01,likert5,4,4,True,validated,0
cb61f495-5220-4ad6-b36a-bdda7315b83d,prca02,likert5,5,1,True,validated,1
cb61f495-5220-4ad6-b36a-bdda7315b83d,prca03,likert5,1,1,True,validated,0
cb61f495-5220-4ad6-b36a-bdda7315b83d,prca04,likert5,4,2,True,validated,1
cb61f495-5220-4ad6-b36a-bdda7315b83d,prca05,likert5,5,5,True,validated,0
cb61f495-5220-4ad6-b36a-bdda7315b83d,prca06,likert5,1,5,True,validated,1
cb61f495-5220-4ad6-b36a-bdda7315b83d,prca13,likert5,4,4,True,validated,0
cb61f495-5220-4ad6-b36a-bdda7315b83d,prca14,likert5,4,2,True,validated,1
cb61f495-5220-4ad6-b36a-bdda7315b83d,prca15,likert5,2,2,True,validated,0
cb61f495-5220-4ad6-b36a-bdda7315b83d,prca16,likert5,4,2,True,validated,1
cb61f495-5220-4ad6-b36a-bdda7315b83d,prca17,likert5,4,2,True,validated,1
cb61f495-5220-4ad6-b36a-bdda7315b83d,prca18,likert5,4,4,True,validated,0
de23ce83-9b9a-458d-ba4f-179440e1a51e,prca01,likert5,3,3,True,validated,0
de23ce83-9b9a-458d-ba4f-179440e1a51e,prca02,likert5,4,2,True,validated,1
de23ce83-9b9a-458d-ba4f-179440e1a51e,prca03,likert5,3,3,True,validated,0
de23ce83-9b9a-458d-ba4f-179440e1a51e,prca04,likert5,2,4,True,validated,1
de23ce83-9b9a-458d-ba4f-179440e1a51e,prca05,likert5,5,5,True,validated,0
de23ce83-9b9a-458d-ba4f-179440e1a51e,prca06,likert5,3,3,True,validated,1
de23ce83-9b9a-458d-ba4f-179440e1a51e,prca13,likert5,5,5,True,validated,0
de23ce83-9b9a-458d-ba4f-179440e1a51e,prca14,likert5,1,5,True,validated,1
de23ce83-9b9a-458d-ba4f-179440e1a51e,prca15,likert5,3,3,True,validated,0
de23ce83-9b9a-458d-ba4f-179440e1a51e,prca16,likert5,5,1,True,validated,1
de23ce83-9b9a-458d-ba4f-179440e1a51e,prca17,likert5,4,2,True,validated,1
de23ce83-9b9a-458d-ba4f-179440e1a51e,prca18,likert5,2,2,True,validated,0
6009452f-6eec-41a2-b986-61c74b93fe22,prca01,likert5,5,5,True,validated,0
6009452f-6eec-41a2-b986-61c74b93fe22,prca02,likert5,2,4,True,validated,1
6009452f-6eec-41a2-b986-61c74b93fe22,prca03,likert5,4,4,True,validated,0
6009452f-6eec-41a2-b986-61c74b93fe22,prca04,likert5,5,1,True,validated,1
6009452f-6eec-41a2-b986-61c74b93fe22,prca05,likert5,3,3,True,validated,0
6009452f-6eec-41a2-b986-61c74b93fe22,prca06,likert5,5,1,True,validated,1
6009452f-6eec-41a2-b986-61c74b93fe22,prca13,likert5,3,3,True,validated,0
6009452f-6eec-41a2-b986-61c74b93fe22,prca14,likert5,3,3,True,validated,1
6009452f-6eec-41a2-b986-61c74b93fe22,prca15,likert5,4,4,True,validated,0
6009452f-6eec-41a2-b986-61c74b93fe22,prca16,likert5,1,5,True,validated,1
6009452f-6eec-41a2-b986-61c74b93fe22,prca17,likert5,5,1,True,validated,1
6009452f-6eec-41a2-b986-61c74b93fe22,prca18,likert5,3,3,True,validated,0
e53040bd-a69d-41d1-86ef-cdc38f7b2b08,prca01,likert5,3,3,True,validated,0
e53040bd-a69d-41d1-86ef-cdc38f7b2b08,prca02,likert5,5) strongly agree,2,True,recode,1
e53040bd-a69d-41d1-86ef-cdc38f7b2b08,prca03,likert5,5,5,True,validated,0
e53040bd-a69d-41d1-86ef-cdc38f7b2b08,prca04,likert5,3,3,True,validated,1
e53040bd-a69d-41d1-86ef-cdc38f7b2b08,prca05,likert5,4,4,True,validated,0
e53040bd-a69d-41d1-86ef-cdc38f7b2b08,prca06,likert5,5,1,True,validated,1
e53040bd-a69d-41d1-86ef-cdc38f7b2b08,prca13,likert5,3,3,True,validated,0
e53040bd-a69d-41d1-86ef-cdc38f7b2b08,prca14,likert5,4,2,True,validated,1
e53040bd-a69d-41d1-86ef-cdc38f7b2b08,prca15,likert5,4,4,True,validated,0
e53040bd-a69d-41d1-86ef-cdc38f7b2b08,prca16,likert5,4,2,True,validated,1
e53040bd-a69d-41d1-86ef-cdc38f7b2b08,prca17,likert5,5,1,True,validated,1
e53040bd-a69d-41d1-86ef-cdc38f7b2b08,prca18,likert5,3,3,True,validated,0
62df9911-71f4-4efb-bef3-d8124ebbdf45,prca01,likert5,3,3,True,validated,0
62df9911-71f4-4efb-bef3-d8124ebbdf45,prca02,likert5,3,3,True,validated,1
62df9911-71f4-4efb-bef3-d8124ebbdf45,prca03,likert5,3,3,True,validated,0
62df9911-71f4-4efb-bef3-d8124ebbdf45,prca04,likert5,2,4,True,validated,1
62df9911-71f4-4efb-bef3-d8124ebbdf45,prca05,likert5,2,2,True,validated,0
62df9911-71f4-4efb-bef3-d8124ebbdf45,prca06,likert5,3,3,True,validated,1
62df9911-71f4-4efb-bef3-d8124ebbdf45,prca13,likert5,4,4,True,validated,0
62df9911-71f4-4efb-bef3-d8124ebbdf45,prca14,likert5,3,3,True,validated,1
62df9911-71f4-4efb-bef3-d8124ebbdf45,prca15,likert5,5,5,True,validated,0
62df9911-71f4-4efb-bef3-d8124ebbdf45,prca16,likert5,4,2,True,validated,1
62df9911-71f4-4efb-bef3-d8124ebbdf45,prca17,likert5,5,1,True,validated,1
62df9911-71f4-4efb-bef3-d8124ebbdf45,prca18,likert5,5,5,True,validated,0
a84cf827-6d2c-48ab-9922-5fdd72c06bfd,prca01,likert5,1,1,True,validated,0
a84cf827-6d2c-48ab-9922-5fdd72c06bfd,prca02,likert5,3,3,True,validated,1
a84cf827-6d2c-48ab-9922-5fdd72c06bfd,prca03,likert5,3,3,True,validated,0
a84cf827-6d2c-48ab-9922-5fdd72c06bfd,prca04,likert5,1,5,True,validated,1
a84cf827-6d2c-48ab-9922-5fdd72c06bfd,prca05,likert5,1,1,True,validated,0
a84cf827-6d2c-48ab-9922-5fdd72c06bfd,prca06,likert5,1,5,True,validated,1
a84cf827-6d2c-48ab-9922-5fdd72c06bfd,prca13,likert5,5,5,True,validated,0
a84cf827-6d2c-48ab-9922-5fdd72c06bfd,prca14,likert5,4,2,True,validated,1
a84cf827-6d2c-48ab-9922-5fdd72c06bfd,prca15,likert5,1,1,True,validated,0
a84cf827-6d2c-48ab-9922-5fdd72c06bfd,prca16,likert5,4,2,True,validated,1
a84cf827-6d2c-48ab-9922-5fdd72c06bfd,prca17,likert5,3,3,True,validated,1
a84cf827-6d2c-48ab-9922-5fdd72c06bfd,prca18,likert5,1,1,True,validated,0
4dd8101c-ca56-41bc-b1b7-ece080f01113,prca01,likert5,2,2,True,validated,0
4dd8101c-ca56-41bc-b1b7-ece080f01113,prca02,likert5,3,3,True,validated,1
4dd8101c-ca56-41bc-b1b7-ece080f01113,prca03,likert5,1,1,True,validated,0
4dd8101c-ca56-41bc-b1b7-ece080f01113,prca04,likert5,2,4,True,validated,1
4dd8101c-ca56-41bc-b1b7-ece080f01113,prca05,likert5,1,1,True,validated,0
4dd8101c-ca56-41bc-b1b7-ece080f01113,prca06,likert5,3,3,True,validated,1
4dd8101c-ca56-41bc-b1b7-ece080f01113,prca13,likert5,4,4,True,validated,0
4dd8101c-ca56-41bc-b1b7-ece080f01113,prca14,likert5,3,3,True,validated,1
4dd8101c-ca56-41bc-b1b7-ece080f01113,prca15,likert5,1,1,True,validated,0
4dd8101c-ca56-41bc-b1b7-ece080f01113,prca16,likert5,3,3,True,validated,1
4dd8101c-ca56-41bc-b1b7-ece080f01113,prca17,likert5,4,2,True,validated,1
4dd8101c-ca56-41bc-b1b7-ece080f01113,prca18,likert5,5,5,True,validated,0
a602c721-7a4f-454a-9daf-a127f0ec74de,prca01,likert5,5) strongly agree,5,True,recode,0
a602c721-7a4f-454a-9daf-a127f0ec74de,prca02,likert5,3,3,True,validated,1
a602c721-7a4f-454a-9daf-a127f0ec74de,prca03,likert5,5,5,True,validated,0
a602c721-7a4f-454a-9daf-a127f0ec74de,prca04,likert5,3,3,True,validated,1
a602c721-7a4f-454a-9daf-a127f0ec74de,prca05,likert5,3,3,True,validated,0
a602c721-7a4f-454a-9daf-a127f0ec74de,prca06,likert5,3,3,True,validated,1
a602c721-7a4f-454a-9daf-a127f0ec74de,prca13,likert5,3,3,True,validated,0
a602c721-7a4f-454a-9daf-a127f0ec74de,prca14,likert5,4,2,True,validated,1
a602c721-7a4f-454a-9daf-a127f0ec74de,prca15,likert5,2,2,True,validated,0
a602c721-7a4f-454a-9daf-a127f0ec74de,prca16,likert5,1,5,True,validated,1
a602c721-7a4f-454a-9daf-a127f0ec74de,prca17,likert5,2,4,True,validated,1
a602c721-7a4f-454a-9daf-a127f0ec74de,prca18,likert5,4,4,True,validated,0
79f85fdd-6a90-4358-ae9f-5fe379bb70b3,prca01,likert5,5,5,True,validated,0
79f85fdd-6a90-4358-ae9f-5fe379bb70b3,prca02,likert5,4,2,True,validated,1
79f85fdd-6a90-4358-ae9f-5fe379bb70b3,prca03,likert5,5,5,True,validated,0
79f85fdd-6a90-4358-ae9f-5fe379bb70b3,prca04,likert5,4,2,True,validated,1
79f85fdd-6a90-4358-ae9f-5fe379bb70b3,prca05,likert5,3,3,True,validated,0
79f85fdd-6a90-4358-ae9f-5fe379bb70b3,prca06,likert5,4,2,True,validated,1
79f85fdd-6a90-4358-ae9f-5fe379bb70b3,prca13,likert5,4,4,True,validated,0
79f85fdd-6a90-4358-ae9f-5fe379bb70b3,prca14,likert5,5,1,True,validated,1
79f85fdd-6a90-4358-ae9f-5fe379bb70b3,prca15,likert5,4,4,True,validated,0
79f85fdd-6a90-4358-ae9f-5fe379bb70b3,prca16,likert5,4,2,True,validated,1
79f85fdd-6a90-4358-ae9f-5fe379bb70b3,prca17,likert5,3,3,True,validated,1
79f85fdd-6a90-4358-ae9f-5fe379bb70b3,prca18,likert5,1,1,True,validated,0
f6ddf6f1-ceea-4e1c-80b4-dca44ab0c46b,prca01,likert5,3,3,True,validated,0
f6ddf6f1-ceea-4e1c-80b4-dca44ab0c46b,prca02,likert5,3,3,True,validated,1
f6ddf6f1-ceea-4e1c-80b4-dca44ab0c46b,prca03,likert5,5,5,True,validated,0
f6ddf6f1-ceea-4e1c-80b4-dca44ab0c46b,prca04,likert5,4,2,True,validated,1
f6ddf6f1-ceea-4e1c-80b4-dca44ab0c46b,prca05,likert5,2,2,True,validated,0
f6ddf6f1-ceea-4e1c-80b4-dca44ab0c46b,prca06,likert5,4,2,True,validated,1
f6ddf6f1-ceea-4e1c-80b4-dca44ab0c46b,prca13,likert5,3,3,True,validated,0
f6ddf6f1-ceea-4e1c-80b4-dca44ab0c46b,prca14,likert5,5,1,True,validated,1
f6ddf6f1-ceea-4e1c-80b4-dca44ab0c46b,prca15,likert5,5,5,True,validated,0
f6ddf6f1-ceea-4e1c-80b4-dca44ab0c46b,prca16,likert5,4,2,True,validated,1
f6ddf6f1-ceea-4e1c-80b4-dca44ab0c46b,prca17,likert5,2,4,True,validated,1
f6ddf6f1-ceea-4e1c-80b4-dca44ab0c46b,prca18,likert5,1,1,True,validated,0
f337e06e-c892-40ed-b17d-baef6f391a08,prca01,likert5,4,4,True,validated,0
f337e06e-c892-40ed-b17d-baef6f391a08,prca02,likert5,3,3,True,validated,1
f337e06e-c892-40ed-b17d-baef6f391a08,prca03,likert5,4,4,True,validated,0
f337e06e-c892-40ed-b17d-baef6f391a08,prca04,likert5,5,1,True,validated,1
f337e06e-c892-40ed-b17d-baef6f391a08,prca05,likert5,3,3,True,validated,0
f337e06e-c892-40ed-b17d-baef6f391a08,prca06,likert5,3,3,True,validated,1
f337e06e-c892-40ed-b17d-baef6f391a08,prca13,likert5,1,1,True,validated,0
f337e06e-c892-40ed-b17d-baef6f391a08,prca14,likert5,3,3,True,validated,1
f337e06e-c892-40ed-b17d-baef6f391a08,prca15,likert5,4,4,True,validated,0
f337e06e-c892-40ed-b17d-baef6f391a08,prca16,likert5,4,2,True,validated,1
f337e06e-c892-40ed-b17d-baef6f391a08,prca17,likert5,3,3,True,validated,1
f337e06e-c892-40ed-b17d-baef6f391a08,prca18,likert5,4,4,True,validated,0
99286887-2f5e-4e1f-94f5-1a93343b32bb,prca01,likert5,4,4,True,validated,0
99286887-2f5e-4e1f-94f5-1a93343b32bb,prca02,likert5,4,2,True,validated,1
99286887-2f5e-4e1f-94f5-1a93343b32bb,prca03,likert5,1,1,True,validated,0
99286887-2f5e-4e1f-94f5-1a93343b32bb,prca04,likert5,5,1,True,validated,1
99286887-2f5e-4e1f-94f5-1a93343b32bb,prca05,likert5,2,2,True,validated,0
99286887-2f5e-4e1f-94f5-1a93343b32bb,prca06,likert5,3,3,True,validated,1
99286887-2f5e-4e1f-94f5-1a93343b32bb,prca13,likert5,4,4,True,validated,0
99286887-2f5e-4e1f-94f5-1a93343b32bb,prca14,likert5,5,1,True,validated,1
99286887-2f5e-4e1f-94f5-1a93343b32bb,prca15,likert5,5,5,True,validated,0
99286887-2f5e-4e1f-94f5-1a93343b32bb,prca16,likert5,3,3,True,validated,1
99286887-2f5e-4e1f-94f5-1a93343b32bb,prca17,likert5,4,2,True,validated,1
99286887-2f5e-4e1f-94f5-1a93343b32bb,prca18,likert5,2,2,True,validated,0
df9c48bb-f504-46d5-8af5-cdca3a1ab2cb,prca01,likert5,4,4,True,validated,0
df9c48bb-f504-46d5-8af5-cdca3a1ab2cb,prca02,likert5,3,3,True,validated,1
df9c48bb-f504-46d5-8af5-cdca3a1ab2cb,prca03,likert5,3,3,True,validated,0
df9c48bb-f504-46d5-8af5-cdca3a1ab2cb,prca04,likert5,3,3,True,validated,1
df9c48bb-f504-46d5-8af5-cdca3a1ab2cb,prca05,likert5,2,2,True,validated,0
df9c48bb-f504-46d5-8af5-cdca3a1ab2cb,prca06,likert5,2,4,True,validated,1
df9c48bb-f504-46d5-8af5-cdca3a1ab2cb,prca13,likert5,1,1,True,validated,0
df9c48bb-f504-46d5-8af5-cdca3a1ab2cb,prca14,likert5,3,3,True,validated,1
df9c48bb-f504-46d5-8af5-cdca3a1ab2cb,prca15,likert5,5,5,True,validated,0
df9c48bb-f504-46d5-8af5-cdca3a1ab2cb,prca16,likert5,4,2,True,validated,1
df9c48bb-f504-46d5-8af5-cdca3a1ab2cb,prca17,likert5,5,1,True,validated,1
df9c48bb-f504-46d5-8af5-cdca3a1ab2cb,prca18,likert5,2,2,True,validated,0
b682236a-8320-4944-9a4d-0e461360679b,prca01,likert5,4,4,True,validated,0
b682236a-8320-4944-9a4d-0e461360679b,prca02,likert5,2,4,True,validated,1
b682236a-8320-4944-9a4d-0e461360679b,prca03,likert5,2,2,True,validated,0
b682236a-8320-4944-9a4d-0e461360679b,prca04,likert5,1,5,True,validated,1
b682236a-8320-4944-9a4d-0e461360679b,prca05,likert5,4,4,True,validated,0
b682236a-8320-4944-9a4d-0e461360679b,prca06,likert5,4,2,True,validated,1
b682236a-8320-4944-9a4d-0e461360679b,prca13,likert5,3,3,True,validated,0
b682236a-8320-4944-9a4d-0e461360679b,prca14,likert5,2,4,True,validated,1
b682236a-8320-4944-9a4d-0e461360679b,prca15,likert5,5,5,True,validated,0
b682236a-8320-4944-9a4d-0e461360679b,prca16,likert5,1,5,True,validated,1
b682236a-8320-4944-9a4d-0e461360679b,prca17,likert5,2,4,True,validated,1
b682236a-8320-4944-9a4d-0e461360679b,prca18,likert5,4,4,True,validated,0
49db79f5-d15a-485e-bf4b-0fbc11d44432,prca01,likert5,1,1,True,validated,0
49db79f5-d15a-485e-bf4b-0fbc11d44432,prca02,likert5,4,2,True,validated,1
49db79f5-d15a-485e-bf4b-0fbc11d44432,prca03,likert5,4,4,True,validated,0
49db79f5-d15a-485e-bf4b-0fbc11d44432,prca04,likert5,4,2,True,validated,1
49db79f5-d15a-485e-bf4b-0fbc11d44432,prca05,likert5,5) strongly agree,5,True,recode,0
49db79f5-d15a-485e-bf4b-0fbc11d44432,prca06,likert5,4,2,True,validated,1
49db79f5-d15a-485e-bf4b-0fbc11d44432,prca13,likert5,5,5,True,validated,0
49db79f5-d15a-485e-bf4b-0fbc11d44432,prca14,likert5,1,5,True,validated,1
49db79f5-d15a-485e-bf4b-0fbc11d44432,prca15,likert5,5,5,True,validated,0
49db79f5-d15a-485e-bf4b-0fbc11d44432,prca16,likert5,4,2,True,validated,1
49db79f5-d15a-485e-bf4b-0fbc11d44432,prca17,likert5,4,2,True,validated,1
49db79f5-d15a-485e-bf4b-0fbc11d44432,prca18,likert5,5) strongly agree,4,True,recode,0
47016e36-44ca-48f7-b524-a37fc241059b,prca01,likert5,5,5,True,validated,0
47016e36-44ca-48f7-b524-a37fc241059b,prca02,likert5,4,2,True,validated,1
47016e36-44ca-48f7-b524-a37fc241059b,prca03,likert5,4,4,True,validated,0
47016e36-44ca-48f7-b524-a37fc241059b,prca04,likert5,2,4,True,validated,1
47016e36-44ca-48f7-b524-a37fc241059b,prca05,likert5,3,3,True,validated,0
47016e36-44ca-48f7-b524-a37fc241059b,prca06,likert5,2,4,True,validated,1
47016e36-44ca-48f7-b524-a37fc241059b,prca13,likert5,4,4,True,validated,0
47016e36-44ca-48f7-b524-a37fc241059b,prca14,likert5,4,2,True,validated,1
47016e36-44ca-48f7-b524-a37fc241059b,prca15,likert5,4,4,True,validated,0
47016e36-44ca-48f7-b524-a37fc241059b,prca16,likert5,3,3,True,validated,1
47016e36-44ca-48f7-b524-a37fc241059b,prca17,likert5,4,2,True,validated,1
47016e36-44ca-48f7-b524-a37fc241059b,prca18,likert5,2,2,True,validated,0
1bba15c1-74c0-4c55-b49a-362bc59905e2,prca01,likert5,1,1,True,validated,0
1bba15c1-74c0-4c55-b49a-362bc59905e2,prca02,likert5,5,1,True,validated,1
1bba15c1-74c0-4c55-b49a-362bc59905e2,prca03,likert5,5,5,True,validated,0
1bba15c1-74c0-4c55-b49a-362bc59905e2,prca04,likert5,5,1,True,validated,1
1bba15c1-74c0-4c55-b49a-362bc59905e2,prca05,likert5,3,3,True,validated,0
1bba15c1-74c0-4c55-b49a-362bc59905e2,prca06,likert5,5,1,True,validated,1
1bba15c1-74c0-4c55-b49a-362bc59905e2,prca13,likert5,4,4,True,validated,0
1bba15c1-74c0-4c55-b49a-362bc59905e2,prca14,likert5,4,2,True,validated,1
1bba15c1-74c0-4c55-b49a-362bc59905e2,prca15,likert5,1,1,True,validated,0
1bba15c1-74c0-4c55-b49a-362bc59905e2,prca16,likert5,4,2,True,validated,1
1bba15c1-74c0-4c55-b49a-362bc59905e2,prca17,likert5,3,3,True,validated,1
1bba15c1-74c0-4c55-b49a-362bc59905e2,prca18,likert5,4,4,True,validated,0
0be12ab0-7815-417d-826d-315a3529ed8e,prca01,likert5,4,4,True,validated,0
0be12ab0-7815-417d-826d-315a3529ed8e,prca02,likert5,4,2,True,validated,1
0be12ab0-7815-417d-826d-315a3529ed8e,prca03,likert5,3,3,True,validated,0
0be12ab0-7815-417d-826d-315a3529ed8e,prca04,likert5,5) strongly agree,2,True,recode,1
0be12ab0-7815-417d-826d-315a3529ed8e,prca05,likert5,1,1,True,validated,0
0be12ab0-7815-417d-826d-315a3529ed8e,prca06,likert5,4,2,True,validated,1
0be12ab0-7815-417d-826d-315a3529ed8e,prca13,likert5,3,3,True,validated,0
0be12ab0-7815-417d-826d-315a3529ed8e,prca14,likert5,4,2,True,validated,1
0be12ab0-7815-417d-826d-315a3529ed8e,prca15,likert5,4,4,True,validated,0
0be12ab0-7815-417d-826d-315a3529ed8e,prca16,likert5,4,2,True,validated,1
0be12ab0-7815-417d-826d-315a3529ed8e,prca17,likert5,3,3,True,validated,1
0be12ab0-7815-417d-826d-315a3529ed8e,prca18,likert5,4,4,True,validated,0
7b9f8daa-6401-46ec-a669-71c5a221e556,prca01,likert5,3,3,True,validated,0
7b9f8daa-6401-46ec-a669-71c5a221e556,prca02,likert5,3,3,True,validated,1
7b9f8daa-6401-46ec-a669-71c5a221e556,prca03,likert5,5,5,True,validated,0
7b9f8daa-6401-46ec-a669-71c5a221e556,prca04,likert5,4,2,True,validated,1
7b9f8daa-6401-46ec-a669-71c5a221e556,prca05,likert5,3,3,True,validated,0
7b9f8daa-6401-46ec-a669-71c5a221e556,prca06,likert5,4,2,True,validated,1
7b9f8daa-6401-46ec-a669-71c5a221e556,prca13,likert5,4,4,True,validated,0
7b9f8daa-6401-46ec-a669-71c5a221e556,prca14,likert5,4,2,True,validated,1
7b9f8daa-6401-46ec-a669-71c5a221e556,prca15,likert5,1,1,True,validated,0
7b9f8daa-6401-46ec-a669-71c5a221e556,prca16,likert5,4,2,True,validated,1
7b9f8daa-6401-46ec-a669-71c5a221e556,prca17,likert5,4,2,True,validated,1
7b9f8daa-6401-46ec-a669-71c5a221e556,prca18,likert5,5,5,True,validated,0
6e63571a-e821-4174-b6ab-d11b3187ea41,prca01,likert5,5,5,True,validated,0
6e63571a-e821-4174-b6ab-d11b3187ea41,prca02,likert5,5,1,True,validated,1
6e63571a-e821-4174-b6ab-d11b3187ea41,prca03,likert5,4,4,True,validated,0
6e63571a-e821-4174-b6ab-d11b3187ea41,prca04,likert5,5) strongly agree,1,True,recode,1
6e63571a-e821-4174-b6ab-d11b3187ea41,prca05,likert5,3,3,True,validated,0
6e63571a-e821-4174-b6ab-d11b3187ea41,prca06,likert5,4,2,True,validated,1
6e63571a-e821-4174-b6ab-d11b3187ea41,prca13,likert5,5,5,True,validated,0
6e63571a-e821-4174-b6ab-d11b3187ea41,prca14,likert5,4,2,True,validated,1
6e63571a-e821-4174-b6ab-d11b3187ea41,prca15,likert5,2,2,True,validated,0
6e63571a-e821-4174-b6ab-d11b3187ea41,prca16,likert5,3,3,True,validated,1
6e63571a-e821-4174-b6ab-d11b3187ea41,prca17,likert5,2,4,True,validated,1
6e63571a-e821-4174-b6ab-d11b3187ea41,prca18,likert5,3,3,True,validated,0
29d8b9cf-f4da-4eee-821f-92a8d5420c51,prca01,likert5,4,4,True,validated,0
29d8b9cf-f4da-4eee-821f-92a8d5420c51,prca02,likert5,4,2,True,validated,1
29d8b9cf-f4da-4eee-821f-92a8d5420c51,prca03,likert5,3,3,True,validated,0
29d8b9cf-f4da-4eee-821f-92a8d5420c51,prca04,likert5,1,5,True,validated,1
29d8b9cf-f4da-4eee-821f-92a8d5420c51,prca05,likert5,1,1,True,validated,0
29d8b9cf-f4da-4eee-821f-92a8d5420c51,prca06,likert5,4,2,True,validated,1
29d8b9cf-f4da-4eee-821f-92a8d5420c51,prca13,likert5,4,4,True,validated,0
29d8b9cf-f4da-4eee-821f-92a8d5420c51,prca14,likert5,4,2,True,validated,1
29d8b9cf-f4da-4eee-821f-92a8d5420c51,prca15,likert5,5,5,True,validated,0
29d8b9cf-f4da-4eee-821f-92a8d5420c51,prca16,likert5,5,1,True,validated,1
29d8b9cf-f4da-4eee-821f-92a8d5420c51,prca17,likert5,1,5,True,validated,1
29d8b9cf-f4da-4eee-821f-92a8d5420c51,prca18,likert5,1,1,True,validated,0
c26d4d91-09de-4205-b071-eb4321e3a68e,prca01,likert5,5,5,True,validated,0
c26d4d91-09de-4205-b071-eb4321e3a68e,prca02,likert5,3,3,True,validated,1
c26d4d91-09de-4205-b071-eb4321e3a68e,prca03,likert5,4,4,True,validated,0
c26d4d91-09de-4205-b071-eb4321e3a68e,prca04,likert5,4,2,True,validated,1
c26d4d91-09de-4205-b071-eb4321e3a68e,prca05,likert5,2,2,True,validated,0
c26d4d91-09de-4205-b071-eb4321e3a68e,prca06,likert5,4,2,True,validated,1
c26d4d91-09de-4205-b071-eb4321e3a68e,prca13,likert5,5,5,True,validated,0
c26d4d91-09de-4205-b071-eb4321e3a68e,prca14,likert5,5,1,True,validated,1
c26d4d91-09de-4205-b071-eb4321e3a68e,prca15,likert5,4,4,True,validated,0
c26d4d91-09de-4205-b071-eb4321e3a68e,prca16,likert5,2,4,True,validated,1
c26d4d91-09de-4205-b071-eb4321e3a68e,prca17,likert5,4,2,True,validated,1
c26d4d91-09de-4205-b071-eb4321e3a68e,prca18,likert5,4,4,True,validated,0
fa33b97d-6eed-4a50-9ff2-c22aa390cfe0,prca01,likert5,2,2,True,validated,0
fa33b97d-6eed-4a50-9ff2-c22aa390cfe0,prca02,likert5,4,2,True,validated,1
fa33b97d-6eed-4a50-9ff2-c22aa390cfe0,prca03,likert5,3,3,True,validated,0
fa33b97d-6eed-4a50-9ff2-c22aa390cfe0,prca04,likert5,5,1,True,validated,1
fa33b97d-6eed-4a50-9ff2-c22aa390cfe0,prca05,likert5,2,2,True,validated,0
fa33b97d-6eed-4a50-9ff2-c22aa390cfe0,prca06,likert5,3,3,True,validated,1
fa33b97d-6eed-4a50-9ff2-c22aa390cfe0,prca13,likert5,5,5,True,validated,0
fa33b97d-6eed-4a50-9ff2-c22aa390cfe0,prca14,likert5,2,4,True,validated,1
fa33b97d-6eed-4a50-9ff2-c22aa390cfe0,prca15,likert5,4,4,True,validated,0
fa33b97d-6eed-4a50-9ff2-c22aa390cfe0,prca16,likert5,3,3,True,validated,1
fa33b97d-6eed-4a50-9ff2-c22aa390cfe0,prca17,likert5,5,1,True,validated,1
fa33b97d-6eed-4a50-9ff2-c22aa390cfe0,prca18,likert5,5,5,True,validated,0
9548fd11-5788-441e-9776-b6913ab22b8b,prca01,likert5,3,3,True,validated,0
9548fd11-5788-441e-9776-b6913ab22b8b,prca02,likert5,3,3,True,validated,1
9548fd11-5788-441e-9776-b6913ab22b8b,prca03,likert5,4,4,True,validated,0
9548fd11-5788-441e-9776-b6913ab22b8b,prca04,likert5,4,2,True,validated,1
9548fd11-5788-441e-9776-b6913ab22b8b,prca05,likert5,5,5,True,validated,0
9548fd11-5788-441e-9776-b6913ab22b8b,prca06,likert5,4,2,True,validated,1
9548fd11-5788-441e-9776-b6913ab22b8b,prca13,likert5,3,3,True,validated,0
9548fd11-5788-441e-9776-b6913ab22b8b,prca14,likert5,4,2,True,validated,1
9548fd11-5788-441e-9776-b6913ab22b8b,prca15,likert5,5,5,True,validated,0
9548fd11-5788-441e-9776-b6913ab22b8b,prca16,likert5,3,3,True,validated,1
9548fd11-5788-441e-9776-b6913ab22b8b,prca17,likert5,4,2,True,validated,1
9548fd11-5788-441e-9776-b6913ab22b8b,prca18,likert5,1,1,True,validated,0
16c2d267-4aae-471b-be28-a4e7c95eac93,prca01,likert5,2,2,True,validated,0
16c2d267-4aae-471b-be28-a4e7c95eac93,prca02,likert5,5,1,True,validated,1
16c2d267-4aae-471b-be28-a4e7c95eac93,prca03,likert5,1,1,True,validated,0
16c2d267-4aae-471b-be28-a4e7c95eac93,prca04,likert5,4,2,True,validated,1
16c2d267-4aae-471b-be28-a4e7c95eac93,prca05,likert5,3,3,True,validated,0
16c2d267-4aae-471b-be28-a4e7c95eac93,prca06,likert5,1,5,True,validated,1
16c2d267-4aae-471b-be28-a4e7c95eac93,prca13,likert5,3,3,True,validated,0
16c2d267-4aae-471b-be28-a4e7c95eac93,prca14,likert5,5,1,True,validated,1
16c2d267-4aae-471b-be28-a4e7c95eac93,prca15,likert5,4,4,True,validated,0
16c2d267-4aae-471b-be28-a4e7c95eac93,prca16,likert5,4,2,True,validated,1
16c2d267-4aae-471b-be28-a4e7c95eac93,prca17,likert5,2,4,True,validated,1
16c2d267-4aae-471b-be28-a4e7c95eac93,prca18,likert5,4,4,True,validated,0
c96cba91-542c-4606-b13e-f2dc82c06af0,prca01,likert5,3,3,True,validated,0
c96cba91-542c-4606-b13e-f2dc82c06af0,prca02,likert5,4,2,True,validated,1
c96cba91-542c-4606-b13e-f2dc82c06af0,prca03,likert5,1,1,True,validated,0
c96cba91-542c-4606-b13e-f2dc82c06af0,prca04,likert5,4,2,True,validated,1
c96cba91-542c-4606-b13e-f2dc82c06af0,prca05,likert5,2,2,True,validated,0
c96cba91-542c-4606-b13e-f2dc82c06af0,prca06,likert5,1,5,True,validated,1
c96cba91-542c-4606-b13e-f2dc82c06af0,prca13,likert5,3,3,True,validated,0
c96cba91-542c-4606-b13e-f2dc82c06af0,prca14,likert5,4,2,True,validated,1
c96cba91-542c-4606-b13e-f2dc82c06af0,prca15,likert5,5,5,True,validated,0
c96cba91-542c-4606-b13e-f2dc82c06af0,prca16,likert5,1,5,True,validated,1
c96cba91-542c-4606-b13e-f2dc82c06af0,prca17,likert5,2,4,True,validated,1
c96cba91-542c-4606-b13e-f2dc82c06af0,prca18,likert5,1,1,True,validated,0
efbb072e-cca8-4956-8227-906c0e27a2af,prca01,likert5,3,3,True,validated,0
efbb072e-cca8-4956-8227-906c0e27a2af,prca02,likert5,5,1,True,validated,1
efbb072e-cca8-4956-8227-906c0e27a2af,prca03,likert5,2,2,True,validated,0
efbb072e-cca8-4956-8227-906c0e27a2af,prca04,likert5,4,2,True,validated,1
efbb072e-cca8-4956-8227-906c0e27a2af,prca05,likert5,5,5,True,validated,0
efbb072e-cca8-4956-8227-906c0e27a2af,prca06,likert5,2,4,True,validated,1
efbb072e-cca8-4956-8227-906c0e27a2af,prca13,likert5,2,2,True,validated,0
efbb072e-cca8-4956-8227-906c0e27a2af,prca14,likert5,3,3,True,validated,1
efbb072e-cca8-4956-8227-906c0e27a2af,prca15,likert5,4,4,True,validated,0
efbb072e-cca8-4956-8227-906c0e27a2af,prca16,likert5,5,1,True,validated,1
efbb072e-cca8-4956-8227-906c0e27a2af,prca17,likert5,1,5,True,validated,1
efbb072e-cca8-4956-8227-906c0e27a2af,prca18,likert5,3,3,True,validated,0
13667ef5-18fd-4208-9b2c-36661f8a842f,prca01,likert5,3,3,True,validated,0
13667ef5-18fd-4208-9b2c-36661f8a842f,prca02,likert5,5,1,True,validated,1
13667ef5-18fd-4208-9b2c-36661f8a842f,prca03,likert5,4,4,True,validated,0
13667ef5-18fd-4208-9b2c-36661f8a842f,prca04,likert5,2,4,True,validated,1
13667ef5-18fd-4208-9b2c-36661f8a842f,prca05,likert5,4,4,True,validated,0
13667ef5-18fd-4208-9b2c-36661f8a842f,prca06,likert5,4,2,True,validated,1
13667ef5-18fd-4208-9b2c-36661f8a842f,prca13,likert5,4,4,True,validated,0
13667ef5-18fd-4208-9b2c-36661f8a842f,prca14,likert5,4,2,True,validated,1
13667ef5-18fd-4208-9b2c-36661f8a842f,prca15,likert5,2,2,True,validated,0
13667ef5-18fd-4208-9b2c-36661f8a842f,prca16,likert5,3,3,True,validated,1
13667ef5-18fd-4208-9b2c-36661f8a842f,prca17,likert5,4,2,True,validated,1
13667ef5-18fd-4208-9b2c-36661f8a842f,prca18,likert5,3,3,True,validated,0
143f35bf-8a87-454f-bc89-f868f1fbf582,prca01,likert5,3,3,True,validated,0
143f35bf-8a87-454f-bc89-f868f1fbf582,prca02,likert5,2,4,True,validated,1
143f35bf-8a87-454f-bc89-f868f1fbf582,prca03,likert5,3,3,True,validated,0
143f35bf-8a87-454f-bc89-f868f1fbf582,prca04,likert5,3,3,True,validated,1
143f35bf-8a87-454f-bc89-f868f1fbf582,prca05,likert5,2,2,True,validated,0
143f35bf-8a87-454f-bc89-f868f1fbf582,prca06,likert5,5,1,True,validated,1
143f35bf-8a87-454f-bc89-f868f1fbf582,prca13,likert5,2,2,True,validated,0
143f35bf-8a87-454f-bc89-f868f1fbf582,prca14,likert5,3,3,True,validated,1
143f35bf-8a87-454f-bc89-f868f1fbf582,prca15,likert5,4,4,True,validated,0
143f35bf-8a87-454f-bc89-f868f1fbf582,prca16,likert5,3,3,True,validated,1
143f35bf-8a87-454f-bc89-f868f1fbf582,prca17,likert5,3,3,True,validated,1
143f35bf-8a87-454f-bc89-f868f1fbf582,prca18,likert5,4,4,True,validated,0
d1542c3b-f283-4097-b42d-c8afbc038e4c,prca01,likert5,1,1,True,validated,0
d1542c3b-f283-4097-b42d-c8afbc038e4c,prca02,likert5,3,3,True,validated,1
d1542c3b-f283-4097-b42d-c8afbc038e4c,prca03,likert5,5,5,True,validated,0
d1542c3b-f283-4097-b42d-c8afbc038e4c,prca04,likert5,5,1,True,validated,1
d1542c3b-f283-4097-b42d-c8afbc038e4c,prca05,likert5,3,3,True,validated,0
d1542c3b-f283-4097-b42d-c8afbc038e4c,prca06,likert5,4,2,True,validated,1
d1542c3b-f283-4097-b42d-c8afbc038e4c,prca13,likert5,2,2,True,validated,0
d1542c3b-f283-4097-b42d-c8afbc038e4c,prca14,likert5,4,2,True,validated,1
d1542c3b-f283-4097-b42d-c8afbc038e4c,prca15,likert5,3,3,True,validated,0
d1542c3b-f283-4097-b42d-c8afbc038e4c,prca16,likert5,1,5,True,validated,1
d1542c3b-f283-4097-b42d-c8afbc038e4c,prca17,likert5,1,5,True,validated,1
d1542c3b-f283-4097-b42d-c8afbc038e4c,prca18,likert5,1,1,True,validated,0
93405e90-17b8-4afe-bda4-39ac6fbe614a,prca01,likert5,4,4,True,validated,0
93405e90-17b8-4afe-bda4-39ac6fbe614a,prca02,likert5,3,3,True,validated,1
93405e90-17b8-4afe-bda4-39ac6fbe614a,prca03,likert5,4,4,True,validated,0
93405e90-17b8-4afe-bda4-39ac6fbe614a,prca04,likert5,5,1,True,validated,1
93405e90-17b8-4afe-bda4-39ac6fbe614a,prca05,likert5,3,3,True,validated,0
93405e90-17b8-4afe-bda4-39ac6fbe614a,prca06,likert5,5,1,True,validated,1
93405e90-17b8-4afe-bda4-39ac6fbe614a,prca13,likert5,4,4,True,validated,0
93405e90-17b8-4afe-bda4-39ac6fbe614a,prca14,likert5,3,3,True,validated,1
93405e90-17b8-4afe-bda4-39ac6fbe614a,prca15,likert5,3,3,True,validated,0
93405e90-17b8-4afe-bda4-39ac6fbe614a,prca16,likert5,1,5,True,validated,1
93405e90-17b8-4afe-bda4-39ac6fbe614a,prca17,likert5,3,3,True,validated,1
93405e90-17b8-4afe-bda4-39ac6fbe614a,prca18,likert5,2,2,True,validated,0
da1cff7d-4a2c-47d6-85df-0f06f36d97ed,prca01,likert5,3,3,True,validated,0
da1cff7d-4a2c-47d6-85df-0f06f36d97ed,prca02,likert5,5,1,True,validated,1
da1cff7d-4a2c-47d6-85df-0f06f36d97ed,prca03,likert5,3,3,True,validated,0
da1cff7d-4a2c-47d6-85df-0f06f36d97ed,prca04,likert5,4,2,True,validated,1
da1cff7d-4a2c-47d6-85df-0f06f36d97ed,prca05,likert5,3,3,True,validated,0
da1cff7d-4a2c-47d6-85df-0f06f36d97ed,prca06,likert5,2,4,True,validated,1
da1cff7d-4a2c-47d6-85df-0f06f36d97ed,prca13,likert5,5,5,True,validated,0
da1cff7d-4a2c-47d6-85df-0f06f36d97ed,prca14,likert5,1,5,True,validated,1
da1cff7d-4a2c-47d6-85df-0f06f36d97ed,prca15,likert5,2,2,True,validated,0
da1cff7d-4a2c-47d6-85df-0f06f36d97ed,prca16,likert5,1,5,True,validated,1
da1cff7d-4a2c-47d6-85df-0f06f36d97ed,prca17,likert5,2,4,True,validated,1
da1cff7d-4a2c-47d6-85df-0f06f36d97ed,prca18,likert5,3,3,True,validated,0
bb0b00cb-eb9f-475a-a191-d15bfe868e50,prca01,likert5,5,5,True,validated,0
bb0b00cb-eb9f-475a-a191-d15bfe868e50,prca02,likert5,4,2,True,validated,1
bb0b00cb-eb9f-475a-a191-d15bfe868e50,prca03,likert5,5,5,True,validated,0
bb0b00cb-eb9f-475a-a191-d15bfe868e50,prca04,likert5,5,1,True,validated,1
bb0b00cb-eb9f-475a-a191-d15bfe868e50,prca05,likert5,3,3,True,validated,0
bb0b00cb-eb9f-475a-a191-d15bfe868e50,prca06,likert5,4,2,True,validated,1
bb0b00cb-eb9f-475a-a191-d15bfe868e50,prca13,likert5,4,4,True,validated,0
bb0b00cb-eb9f-475a-a191-d15bfe868e50,prca14,likert5,5,1,True,validated,1
bb0b00cb-eb9f-475a-a191-d15bfe868e50,prca15,likert5,2,2,True,validated,0
bb0b00cb-eb9f-475a-a191-d15bfe868e50,prca16,likert5,1,5,True,validated,1
bb0b00cb-eb9f-475a-a191-d15bfe868e50,prca17,likert5,4,2,True,validated,1
bb0b00cb-eb9f-475a-a191-d15bfe868e50,prca18,likert5,4,4,True,validated,0
1a8fbdc5-d831-4b46-8f7e-fe21ad697e62,prca01,likert5,5,5,True,validated,0
1a8fbdc5-d831-4b46-8f7e-fe21ad697e62,prca02,likert5,5,1,True,validated,1
1a8fbdc5-d831-4b46-8f7e-fe21ad697e62,prca03,likert5,5,5,True,validated,0
1a8fbdc5-d831-4b46-8f7e-fe21ad697e62,prca04,likert5,3,3,True,validated,1
1a8fbdc5-d831-4b46-8f7e-fe21ad697e62,prca05,likert5,3,3,True,validated,0
1a8fbdc5-d831-4b46-8f7e-fe21ad697e62,prca06,likert5,3,3,True,validated,1
1a8fbdc5-d831-4b46-8f7e-fe21ad697e62,prca13,likert5,3,3,True,validated,0
1a8fbdc5-d831-4b46-8f7e-fe21ad697e62,prca14,likert5,3,3,True,validated,1
1a8fbdc5-d831-4b46-8f7e-fe21ad697e62,prca15,likert5,2,2,True,validated,0
1a8fbdc5-d831-4b46-8f7e-fe21ad697e62,prca16,likert5,3,3,True,validated,1
1a8fbdc5-d831-4b46-8f7e-fe21ad697e62,prca17,likert5,2,4,True,validated,1
1a8fbdc5-d831-4b46-8f7e-fe21ad697e62,prca18,likert5,5,5,True,validated,0
a9732760-4c37-404c-bc4b-35bed630064b,prca01,likert5,3,3,True,validated,0
a9732760-4c37-404c-bc4b-35bed630064b,prca02,likert5,3,3,True,validated,1
a9732760-4c37-404c-bc4b-35bed630064b,prca03,likert5,5,5,True,validated,0
a9732760-4c37-404c-bc4b-35bed630064b,prca04,likert5,3,3,True,validated,1
a9732760-4c37-404c-bc4b-35bed630064b,prca05,likert5,5,5,True,validated,0
a9732760-4c37-404c-bc4b-35bed630064b,prca06,likert5,3,3,True,validated,1
a9732760-4c37-404c-bc4b-35bed630064b,prca13,likert5,5,5,True,validated,0
a9732760-4c37-404c-bc4b-35bed630064b,prca14,likert5,4,2,True,validated,1
a9732760-4c37-404c-bc4b-35bed630064b,prca15,likert5,4,4,True,validated,0
a9732760-4c37-404c-bc4b-35bed630064b,prca16,likert5,4,2,True,validated,1
a9732760-4c37-404c-bc4b-35bed630064b,prca17,likert5,3,3,True,validated,1
a9732760-4c37-404c-bc4b-35bed630064b,prca18,likert5,3,3,True,validated,0
4d2f7e10-2a51-462c-b15a-0365e4b3cba2,prca01,likert5,3,3,True,validated,0
4d2f7e10-2a51-462c-b15a-0365e4b3cba2,prca02,likert5,3,3,True,validated,1
4d2f7e10-2a51-462c-b15a-0365e4b3cba2,prca03,likert5,3,3,True,validated,0
4d2f7e10-2a51-462c-b15a-0365e4b3cba2,prca04,likert5,5,1,True,validated,1
4d2f7e10-2a51-462c-b15a-0365e4b3cba2,prca05,likert5,3,3,True,validated,0
4d2f7e10-2a51-462c-b15a-0365e4b3cba2,prca06,likert5,5,1,True,validated,1
4d2f7e10-2a51-462c-b15a-0365e4b3cba2,prca13,likert5,4,4,True,validated,0
4d2f7e10-2a51-462c-b15a-0365e4b3cba2,prca14,likert5,1,5,True,validated,1
4d2f7e10-2a51-462c-b15a-0365e4b3cba2,prca15,likert5,3,3,True,validated,0
4d2f7e10-2a51-462c-b15a-0365e4b3cba2,prca16,likert5,3,3,True,validated,1
4d2f7e10-2a51-462c-b15a-0365e4b3cba2,prca17,likert5,5,1,True,validated,1
4d2f7e10-2a51-462c-b15a-0365e4b3cba2,prca18,likert5,2,2,True,validated,0
14b28fae-24da-4c02-8503-dfb897aa08c7,prca01,likert5,3,3,True,validated,0
14b28fae-24da-4c02-8503-dfb897aa08c7,prca02,likert5,4,2,True,validated,1
14b28fae-24da-4c02-8503-dfb897aa08c7,prca03,likert5,3,3,True,validated,0
14b28fae-24da-4c02-8503-dfb897aa08c7,prca04,likert5,5,1,True,validated,1
14b28fae-24da-4c02-8503-dfb897aa08c7,prca05,likert5,1,1,True,validated,0
14b28fae-24da-4c02-8503-dfb897aa08c7,prca06,likert5,4,2,True,validated,1
14b28fae-24da-4c02-8503-dfb897aa08c7,prca13,likert5,4,4,True,validated,0
14b28fae-24da-4c02-8503-dfb897aa08c7,prca14,likert5,4,2,True,validated,1
14b28fae-24da-4c02-8503-dfb897aa08c7,prca15,likert5,4,4,True,validated,0
14b28fae-24da-4c02-8503-dfb897aa08c7,prca16,likert5,1,5,True,validated,1
14b28fae-24da-4c02-8503-dfb897aa08c7,prca17,likert5,4,2,True,validated,1
14b28fae-24da-4c02-8503-dfb897aa08c7,prca18,likert5,3,3,True,validated,0
383b376d-87eb-4cbb-a17d-3476f5c3ec63,prca01,likert5,3,3,True,validated,0
383b376d-87eb-4cbb-a17d-3476f5c3ec63,prca02,likert5,4,2,True,validated,1
383b376d-87eb-4cbb-a17d-3476f5c3ec63,prca03,likert5,5,5,True,validated,0
383b376d-87eb-4cbb-a17d-3476f5c3ec63,prca04,likert5,4,2,True,validated,1
383b376d-87eb-4cbb-a17d-3476f5c3ec63,prca05,likert5,3,3,True,validated,0
383b376d-87eb-4cbb-a17d-3476f5c3ec63,prca06,likert5,5,1,True,validated,1
383b376d-87eb-4cbb-a17d-3476f5c3ec63,prca13,likert5,3,3,True,validated,0
383b376d-87eb-4cbb-a17d-3476f5c3ec63,prca14,likert5,5,1,True,validated,1
383b376d-87eb-4cbb-a17d-3476f5c3ec63,prca15,likert5,3,3,True,validated,0
383b376d-87eb-4cbb-a17d-3476f5c3ec63,prca16,likert5,3,3,True,validated,1
383b376d-87eb-4cbb-a17d-3476f5c3ec63,prca17,likert5,2,4,True,validated,1
383b376d-87eb-4cbb-a17d-3476f5c3ec63,prca18,likert5,3,3,True,validated,0
6138a50f-1aef-4ef8-8a87-e1a8ae92fa9b,prca01,likert5,5) strongly agree,4,True,recode,0
6138a50f-1aef-4ef8-8a87-e1a8ae92fa9b,prca02,likert5,5,1,True,validated,1
6138a50f-1aef-4ef8-8a87-e1a8ae92fa9b,prca03,likert5,5,5,True,validated,0
6138a50f-1aef-4ef8-8a87-e1a8ae92fa9b,prca04,likert5,4,2,True,validated,1
6138a50f-1aef-4ef8-8a87-e1a8ae92fa9b,prca05,likert5,3,3,True,validated,0
6138a50f-1aef-4ef8-8a87-e1a8ae92fa9b,prca06,likert5,4,2,True,validated,1
6138a50f-1aef-4ef8-8a87-e1a8ae92fa9b,prca13,likert5,4,4,True,validated,0
6138a50f-1aef-4ef8-8a87-e1a8ae92fa9b,prca14,likert5,4,2,True,validated,1
6138a50f-1aef-4ef8-8a87-e1a8ae92fa9b,prca15,likert5,5,5,True,validated,0
6138a50f-1aef-4ef8-8a87-e1a8ae92fa9b,prca16,likert5,5) strongly agree,1,True,recode,1
6138a50f-1aef-4ef8-8a87-e1a8ae92fa9b,prca17,likert5,1,5,True,validated,1
6138a50f-1aef-4ef8-8a87-e1a8ae92fa9b,prca18,likert5,4,4,True,validated,0
ae611294-15d7-42ec-b56b-6d561b1b13cf,prca01,likert5,3,3,True,validated,0
ae611294-15d7-42ec-b56b-6d561b1b13cf,prca02,likert5,3,3,True,validated,1
ae611294-15d7-42ec-b56b-6d561b1b13cf,prca03,likert5,1,1,True,validated,0
ae611294-15d7-42ec-b56b-6d561b1b13cf,prca04,likert5,2,4,True,validated,1
ae611294-15d7-42ec-b56b-6d561b1b13cf,prca05,likert5,3,3,True,validated,0
ae611294-15d7-42ec-b56b-6d561b1b13cf,prca06,likert5,4,2,True,validated,1
ae611294-15d7-42ec-b56b-6d561b1b13cf,prca13,likert5,4,4,True,validated,0
ae611294-15d7-42ec-b56b-6d561b1b13cf,prca14,likert5,4,2,True,validated,1
ae611294-15d7-42ec-b56b-6d561b1b13cf,prca15,likert5,5,5,True,validated,0
ae611294-15d7-42ec-b56b-6d561b1b13cf,prca16,likert5,5,1,True,validated,1
ae611294-15d7-42ec-b56b-6d561b1b13cf,prca17,likert5,3,3,True,validated,1
ae611294-15d7-42ec-b56b-6d561b1b13cf,prca18,likert5,1,1,True,validated,0
5277528d-6c88-4960-8cae-a1979d8209da,prca01,likert5,4,4,True,validated,0
5277528d-6c88-4960-8cae-a1979d8209da,prca02,likert5,3,3,True,validated,1
5277528d-6c88-4960-8cae-a1979d8209da,prca03,likert5,3,3,True,validated,0
5277528d-6c88-4960-8cae-a1979d8209da,prca04,likert5,4,2,True,validated,1
5277528d-6c88-4960-8cae-a1979d8209da,prca05,likert5,1,1,True,validated,0
5277528d-6c88-4960-8cae-a1979d8209da,prca06,likert5,5,1,True,validated,1
5277528d-6c88-4960-8cae-a1979d8209da,prca13,likert5,3,3,True,validated,0
5277528d-6c88-4960-8cae-a1979d8209da,prca14,likert5,5,1,True,validated,1
5277528d-6c88-4960-8cae-a1979d8209da,prca15,likert5,5,5,True,validated,0
5277528d-6c88-4960-8cae-a1979d8209da,prca16,likert5,3,3,True,validated,1
5277528d-6c88-4960-8cae-a1979d8209da,prca17,likert5,2,4,True,validated,1
5277528d-6c88-4960-8cae-a1979d8209da,prca18,likert5,3,3,True,validated,0
ea503cbc-1d45-4cf7-960f-b4b8cf691f57,prca01,likert5,4,4,True,validated,0
ea503cbc-1d45-4cf7-960f-b4b8cf691f57,prca02,likert5,4,2,True,validated,1
ea503cbc-1d45-4cf7-960f-b4b8cf691f57,prca03,likert5,5,5,True,validated,0
ea503cbc-1d45-4cf7-960f-b4b8cf691f57,prca04,likert5,3,3,True,validated,1
ea503cbc-1d45-4cf7-960f-b4b8cf691f57,prca05,likert5,5,5,True,validated,0
ea503cbc-1d45-4cf7-960f-b4b8cf691f57,prca06,likert5,3,3,True,validated,1
ea503cbc-1d45-4cf7-960f-b4b8cf691f57,prca13,likert5,1,1,True,validated,0
ea503cbc-1d45-4cf7-960f-b4b8cf691f57,prca14,likert5,5,1,True,validated,1
ea503cbc-1d45-4cf7-960f-b4b8cf691f57,prca15,likert5,4,4,True,validated,0
ea503cbc-1d45-4cf7-960f-b4b8cf691f57,prca16,likert5,3,3,True,validated,1
ea503cbc-1d45-4cf7-960f-b4b8cf691f57,prca17,likert5,3,3,True,validated,1
ea503cbc-1d45-4cf7-960f-b4b8cf691f57,prca18,likert5,3,3,True,validated,0
a375349c-0ad6-4f9c-96a4-64352c83a66d,prca01,likert5,3,3,True,validated,0
a375349c-0ad6-4f9c-96a4-64352c83a66d,prca02,likert5,4,2,True,validated,1
a375349c-0ad6-4f9c-96a4-64352c83a66d,prca03,likert5,5,5,True,validated,0
a375349c-0ad6-4f9c-96a4-64352c83a66d,prca04,likert5,5,1,True,validated,1
a375349c-0ad6-4f9c-96a4-64352c83a66d,prca05,likert5,5,5,True,validated,0
a375349c-0ad6-4f9c-96a4-64352c83a66d,prca06,likert5,4,2,True,validated,1
a375349c-0ad6-4f9c-96a4-64352c83a66d,prca13,likert5,2,2,True,validated,0
a375349c-0ad6-4f9c-96a4-64352c83a66d,prca14,likert5,1,5,True,validated,1
a375349c-0ad6-4f9c-96a4-64352c83a66d,prca15,likert5,5,5,True,validated,0
a375349c-0ad6-4f9c-96a4-64352c83a66d,prca16,likert5,4,2,True,validated,1
a375349c-0ad6-4f9c-96a4-64352c83a66d,prca17,likert5,1,5,True,validated,1
a375349c-0ad6-4f9c-96a4-64352c83a66d,prca18,likert5,4,4,True,validated,0
8dbb9b12-d916-452d-84fd-529126341147,prca01,likert5,5,5,True,validated,0
8dbb9b12-d916-452d-84fd-529126341147,prca02,likert5,3,3,True,validated,1
8dbb9b12-d916-452d-84fd-529126341147,prca03,likert5,3,3,True,validated,0
8dbb9b12-d916-452d-84fd-529126341147,prca04,likert5,4,2,True,validated,1
8dbb9b12-d916-452d-84fd-529126341147,prca05,likert5,5,5,True,validated,0
8dbb9b12-d916-452d-84fd-529126341147,prca06,likert5,4,2,True,validated,1
8dbb9b12-d916-452d-84fd-529126341147,prca13,likert5,3,3,True,validated,0
8dbb9b12-d916-452d-84fd-529126341147,prca14,likert5,1,5,True,validated,1
8dbb9b12-d916-452d-84fd-529126341147,prca15,likert5,1,1,True,validated,0
8dbb9b12-d916-452d-84fd-529126341147,prca16,likert5,4,2,True,validated,1
8dbb9b12-d916-452d-84fd-529126341147,prca17,likert5,1,5,True,validated,1
8dbb9b12-d916-452d-84fd-529126341147,prca18,likert5,4,4,True,validated,0
36867514-63d2-49f1-87ac-b8a3af388dc3,prca01,likert5,1,1,True,validated,0
36867514-63d2-49f1-87ac-b8a3af388dc3,prca02,likert5,4,2,True,validated,1
36867514-63d2-49f1-87ac-b8a3af388dc3,prca03,likert5,2,2,True,validated,0
36867514-63d2-49f1-87ac-b8a3af388dc3,prca04,likert5,5,1,True,validated,1
36867514-63d2-49f1-87ac-b8a3af388dc3,prca05,likert5,4,4,True,validated,0
36867514-63d2-49f1-87ac-b8a3af388dc3,prca06,likert5,5,1,True,validated,1
36867514-63d2-49f1-87ac-b8a3af388dc3,prca13,likert5,4,4,True,validated,0
36867514-63d2-49f1-87ac-b8a3af388dc3,prca14,likert5,3,3,True,validated,1
36867514-63d2-49f1-87ac-b8a3af388dc3,prca15,likert5,5,5,True,validated,0
36867514-63d2-49f1-87ac-b8a3af388dc3,prca16,likert5,5,1,True,validated,1
36867514-63d2-49f1-87ac-b8a3af388dc3,prca17,likert5,4,2,True,validated,1
36867514-63d2-49f1-87ac-b8a3af388dc3,prca18,likert5,4,4,True,validated,0
04ed65ff-88cc-4f99-aa41-52a4fa1be83f,prca01,likert5,4,4,True,validated,0
04ed65ff-88cc-4f99-aa41-52a4fa1be83f,prca02,likert5,4,2,True,validated,1
04ed65ff-88cc-4f99-aa41-52a4fa1be83f,prca03,likert5,4,4,True,validated,0
04ed65ff-88cc-4f99-aa41-52a4fa1be83f,prca04,likert5,1,5,True,validated,1
04ed65ff-88cc-4f99-aa41-52a4fa1be83f,prca05,likert5,4,4,True,validated,0
04ed65ff-88cc-4f99-aa41-52a4fa1be83f,prca06,likert5,5,1,True,validated,1
04ed65ff-88cc-4f99-aa41-52a4fa1be83f,prca13,likert5,4,4,True,validated,0
04ed65ff-88cc-4f99-aa41-52a4fa1be83f,prca14,likert5,5) strongly agree,2,True,recode,1
04ed65ff-88cc-4f99-aa41-52a4fa1be83f,prca15,likert5,2,2,True,validated,0
04ed65ff-88cc-4f99-aa41-52a4fa1be83f,prca16,likert5,5,1,True,validated,1
04ed65ff-88cc-4f99-aa41-52a4fa1be83f,prca17,likert5,4,2,True,validated,1
04ed65ff-88cc-4f99-aa41-52a4fa1be83f,prca18,likert5,1,1,True,validated,0
5927fb2d-c2a4-4817-8618-a108c06c75f7,prca01,likert5,5,5,True,validated,0
5927fb2d-c2a4-4817-8618-a108c06c75f7,prca02,likert5,5,1,True,validated,1
5927fb2d-c2a4-4817-8618-a108c06c75f7,prca03,likert5,3,3,True,validated,0
5927fb2d-c2a4-4817-8618-a108c06c75f7,prca04,likert5,1,5,True,validated,1
5927fb2d-c2a4-4817-8618-a108c06c75f7,prca05,likert5,4,4,True,validated,0
5927fb2d-c2a4-4817-8618-a108c06c75f7,prca06,likert5,3,3,True,validated,1
5927fb2d-c2a4-4817-8618-a108c06c75f7,prca13,likert5,5,5,True,validated,0
5927fb2d-c2a4-4817-8618-a108c06c75f7,prca14,likert5,4,2,True,validated,1
5927fb2d-c2a4-4817-8618-a108c06c75f7,prca15,likert5,4,4,True,validated,0
5927fb2d-c2a4-4817-8618-a108c06c75f7,prca16,likert5,5,1,True,validated,1
5927fb2d-c2a4-4817-8618-a108c06c75f7,prca17,likert5,4,2,True,validated,1
5927fb2d-c2a4-4817-8618-a108c06c75f7,prca18,likert5,4,4,True,validated,0
c106b5d7-3b64-4e67-8366-572d2e90ad43,prca01,likert5,2,2,True,validated,0
c106b5d7-3b64-4e67-8366-572d2e90ad43,prca02,likert5,3,3,True,validated,1
c106b5d7-3b64-4e67-8366-572d2e90ad43,prca03,likert5,4,4,True,validated,0
c106b5d7-3b64-4e67-8366-572d2e90ad43,prca04,likert5,4,2,True,validated,1
c106b5d7-3b64-4e67-8366-572d2e90ad43,prca05,likert5,1,1,True,validated,0
c106b5d7-3b64-4e67-8366-572d2e90ad43,prca06,likert5,3,3,True,validated,1
c106b5d7-3b64-4e67-8366-572d2e90ad43,prca13,likert5,5,5,True,validated,0
c106b5d7-3b64-4e67-8366-572d2e90ad43,prca14,likert5,5,1,True,validated,1
c106b5d7-3b64-4e67-8366-572d2e90ad43,prca15,likert5,2,2,True,validated,0
c106b5d7-3b64-4e67-8366-572d2e90ad43,prca16,likert5,3,3,True,validated,1
c106b5d7-3b64-4e67-8366-572d2e90ad43,prca17,likert5,3,3,True,validated,1
c106b5d7-3b64-4e67-8366-572d2e90ad43,prca18,likert5,3,3,True,validated,0
11da9ad1-2c47-4d2d-a0f8-bf260e47ee8b,prca01,likert5,3,3,True,validated,0
11da9ad1-2c47-4d2d-a0f8-bf260e47ee8b,prca02,likert5,4,2,True,validated,1
11da9ad1-2c47-4d2d-a0f8-bf260e47ee8b,prca03,likert5,3,3,True,validated,0
11da9ad1-2c47-4d2d-a0f8-bf260e47ee8b,prca04,likert5,2,4,True,validated,1
11da9ad1-2c47-4d2d-a0f8-bf260e47ee8b,prca05,likert5,5) strongly agree,5,True,recode,0
11da9ad1-2c47-4d2d-a0f8-bf260e47ee8b,prca06,likert5,3,3,True,validated,1
11da9ad1-2c47-4d2d-a0f8-bf260e47ee8b,prca13,likert5,3,3,True,validated,0
11da9ad1-2c47-4d2d-a0f8-bf260e47ee8b,prca14,likert5,5,1,True,validated,1
11da9ad1-2c47-4d2d-a0f8-bf260e47ee8b,prca15,likert5,5,5,True,validated,0
11da9ad1-2c47-4d2d-a0f8-bf260e47ee8b,prca16,likert5,4,2,True,validated,1
11da9ad1-2c47-4d2d-a0f8-bf260e47ee8b,prca17,likert5,3,3,True,validated,1
11da9ad1-2c47-4d2d-a0f8-bf260e47ee8b,prca18,likert5,1,1,True,validated,0
3b865284-8525-4f96-bbfe-8540651c8ade,prca01,likert5,4,4,True,validated,0
3b865284-8525-4f96-bbfe-8540651c8ade,prca02,likert5,2,4,True,validated,1
3b865284-8525-4f96-bbfe-8540651c8ade,prca03,likert5,4,4,True,validated,0
3b865284-8525-4f96-bbfe-8540651c8ade,prca04,likert5,2,4,True,validated,1
3b865284-8525-4f96-bbfe-8540651c8ade,prca05,likert5,2,2,True,validated,0
3b865284-8525-4f96-bbfe-8540651c8ade,prca06,likert5,2,4,True,validated,1
3b865284-8525-4f96-bbfe-8540651c8ade,prca13,likert5,4,4,True,validated,0
3b865284-8525-4f96-bbfe-8540651c8ade,prca14,likert5,5,1,True,validated,1
3b865284-8525-4f96-bbfe-8540651c8ade,prca15,likert5,4,4,True,validated,0
3b865284-8525-4f96-bbfe-8540651c8ade,prca16,likert5,3,3,True,validated,1
3b865284-8525-4f96-bbfe-8540651c8ade,prca17,likert5,5,1,True,validated,1
3b865284-8525-4f96-bbfe-8540651c8ade,prca18,likert5,4,4,True,validated,0
8aa85bce-8f34-4cd5-b0fc-24cae945c210,prca01,likert5,2,2,True,validated,0
8aa85bce-8f34-4cd5-b0fc-24cae945c210,prca02,likert5,5,1,True,validated,1
8aa85bce-8f34-4cd5-b0fc-24cae945c210,prca03,likert5,4,4,True,validated,0
8aa85bce-8f34-4cd5-b0fc-24cae945c210,prca04,likert5,4,2,True,validated,1
8aa85bce-8f34-4cd5-b0fc-24cae945c210,prca05,likert5,1,1,True,validated,0
8aa85bce-8f34-4cd5-b0fc-24cae945c210,prca06,likert5,4,2,True,validated,1
8aa85bce-8f34-4cd5-b0fc-24cae945c210,prca13,likert5,4,4,True,validated,0
8aa85bce-8f34-4cd5-b0fc-24cae945c210,prca14,likert5,2,4,True,validated,1
8aa85bce-8f34-4cd5-b0fc-24cae945c210,prca15,likert5,3,3,True,validated,0
8aa85bce-8f34-4cd5-b0fc-24cae945c210,prca16,likert5,4,2,True,validated,1
8aa85bce-8f34-4cd5-b0fc-24cae945c210,prca17,likert5,4,2,True,validated,1
8aa85bce-8f34-4cd5-b0fc-24cae945c210,prca18,likert5,1,1,True,validated,0
483124ea-85e7-4e4a-aa5d-9151a6e09077,prca01,likert5,4,4,True,validated,0
483124ea-85e7-4e4a-aa5d-9151a6e09077,prca02,likert5,1,5,True,validated,1
483124ea-85e7-4e4a-aa5d-9151a6e09077,prca03,likert5,3,3,True,validated,0
483124ea-85e7-4e4a-aa5d-9151a6e09077,prca04,likert5,4,2,True,validated,1
483124ea-85e7-4e4a-aa5d-9151a6e09077,prca05,likert5,4,4,True,validated,0
483124ea-85e7-4e4a-aa5d-9151a6e09077,prca06,likert5,3,3,True,validated,1
483124ea-85e7-4e4a-aa5d-9151a6e09077,prca13,likert5,2,2,True,validated,0
483124ea-85e7-4e4a-aa5d-9151a6e09077,prca14,likert5,3,3,True,validated,1
483124ea-85e7-4e4a-aa5d-9151a6e09077,prca15,likert5,5,5,True,validated,0
483124ea-85e7-4e4a-aa5d-9151a6e09077,prca16,likert5,3,3,True,validated,1
483124ea-85e7-4e4a-aa5d-9151a6e09077,prca17,likert5,4,2,True,validated,1
483124ea-85e7-4e4a-aa5d-9151a6e09077,prca18,likert5,3,3,True,validated,0
86a892b7-665d-4ff5-896a-d86bccf008c3,prca01,likert5,2,2,True,validated,0
86a892b7-665d-4ff5-896a-d86bccf008c3,prca02,likert5,3,3,True,validated,1
86a892b7-665d-4ff5-896a-d86bccf008c3,prca03,likert5,5,5,True,validated,0
86a892b7-665d-4ff5-896a-d86bccf008c3,prca04,likert5,4,2,True,validated,1
86a892b7-665d-4ff5-896a-d86bccf008c3,prca05,likert5,3,3,True,validated,0
86a892b7-665d-4ff5-896a-d86bccf008c3,prca06,likert5,2,4,True,validated,1
86a892b7-665d-4ff5-896a-d86bccf008c3,prca13,likert5,5,5,True,validated,0
86a892b7-665d-4ff5-896a-d86bccf008c3,prca14,likert5,4,2,True,validated,1
86a892b7-665d-4ff5-896a-d86bccf008c3,prca15,likert5,5,5,True,validated,0
86a892b7-665d-4ff5-896a-d86bccf008c3,prca16,likert5,5,1,True,validated,1
86a892b7-665d-4ff5-896a-d86bccf008c3,prca17,likert5,3,3,True,validated,1
86a892b7-665d-4ff5-896a-d86bccf008c3,prca18,likert5,4,4,True,validated,0
28388b9b-681a-4abe-936d-b700943f49ab,prca01,likert5,4,4,True,validated,0
28388b9b-681a-4abe-936d-b700943f49ab,prca02,likert5,1,5,True,validated,1
28388b9b-681a-4abe-936d-b700943f49ab,prca03,likert5,1,1,True,validated,0
28388b9b-681a-4abe-936d-b700943f49ab,prca04,likert5,5,1,True,validated,1
28388b9b-681a-4abe-936d-b700943f49ab,prca05,likert5,3,3,True,validated,0
28388b9b-681a-4abe-936d-b700943f49ab,prca06,likert5,2,4,True,validated,1
28388b9b-681a-4abe-936d-b700943f49ab,prca13,likert5,4,4,True,validated,0
28388b9b-681a-4abe-936d-b700943f49ab,prca14,likert5,3,3,True,validated,1
28388b9b-681a-4abe-936d-b700943f49ab,prca15,likert5,4,4,True,validated,0
28388b9b-681a-4abe-936d-b700943f49ab,prca16,likert5,4,2,True,validated,1
28388b9b-681a-4abe-936d-b700943f49ab,prca17,likert5,4,2,True,validated,1
28388b9b-681a-4abe-936d-b700943f49ab,prca18,likert5,4,4,True,validated,0
870ddd12-5d14-4312-98e0-65ad74745104,prca01,likert5,5,5,True,validated,0
870ddd12-5d14-4312-98e0-65ad74745104,prca02,likert5,1,5,True,validated,1
870ddd12-5d14-4312-98e0-65ad74745104,prca03,likert5,3,3,True,validated,0
870ddd12-5d14-4312-98e0-65ad74745104,prca04,likert5,3,3,True,validated,1
870ddd12-5d14-4312-98e0-65ad74745104,prca05,likert5,1,1,True,validated,0
870ddd12-5d14-4312-98e0-65ad74745104,prca06,likert5,5,1,True,validated,1
870ddd12-5d14-4312-98e0-65ad74745104,prca13,likert5,2,2,True,validated,0
870ddd12-5d14-4312-98e0-65ad74745104,prca14,likert5,4,2,True,validated,1
870ddd12-5d14-4312-98e0-65ad74745104,prca15,likert5,4,4,True,validated,0
870ddd12-5d14-4312-98e0-65ad74745104,prca16,likert5,2,4,True,validated,1
870ddd12-5d14-4312-98e0-65ad74745104,prca17,likert5,4,2,True,validated,1
870ddd12-5d14-4312-98e0-65ad74745104,prca18,likert5,2,2,True,validated,0
8143ba73-a803-4492-8f0f-fcece1a3fcba,prca01,likert5,1,1,True,validated,0
8143ba73-a803-4492-8f0f-fcece1a3fcba,prca02,likert5,4,2,True,validated,1
8143ba73-a803-4492-8f0f-fcece1a3fcba,prca03,likert5,1,1,True,validated,0
8143ba73-a803-4492-8f0f-fcece1a3fcba,prca04,likert5,4,2,True,validated,1
8143ba73-a803-4492-8f0f-fcece1a3fcba,prca05,likert5,3,3,True,validated,0
8143ba73-a803-4492-8f0f-fcece1a3fcba,prca06,likert5,1,5,True,validated,1
8143ba73-a803-4492-8f0f-fcece1a3fcba,prca13,likert5,4,4,True,validated,0
8143ba73-a803-4492-8f0f-fcece1a3fcba,prca14,likert5,3,3,True,validated,1
8143ba73-a803-4492-8f0f-fcece1a3fcba,prca15,likert5,4,4,True,validated,0
8143ba73-a803-4492-8f0f-fcece1a3fcba,prca16,likert5,3,3,True,validated,1
8143ba73-a803-4492-8f0f-fcece1a3fcba,prca17,likert5,5,1,True,validated,1
8143ba73-a803-4492-8f0f-fcece1a3fcba,prca18,likert5,1,1,True,validated,0
51b3f4db-d531-45ed-8a58-e8b5898eb649,prca01,likert5,1,1,True,validated,0
51b3f4db-d531-45ed-8a58-e8b5898eb649,prca02,likert5,3,3,True,validated,1
51b3f4db-d531-45ed-8a58-e8b5898eb649,prca03,likert5,4,4,True,validated,0
51b3f4db-d531-45ed-8a58-e8b5898eb649,prca04,likert5,1,5,True,validated,1
51b3f4db-d531-45ed-8a58-e8b5898eb649,prca05,likert5,2,2,True,validated,0
51b3f4db-d531-45ed-8a58-e8b5898eb649,prca06,likert5,2,4,True,validated,1
51b3f4db-d531-45ed-8a58-e8b5898eb649,prca13,likert5,2,2,True,validated,0
51b3f4db-d531-45ed-8a58-e8b5898eb649,prca14,likert5,3,3,True,validated,1
51b3f4db-d531-45ed-8a58-e8b5898eb649,prca15,likert5,2,2,True,validated,0
51b3f4db-d531-45ed-8a58-e8b5898eb649,prca16,likert5,2,4,True,validated,1
51b3f4db-d531-45ed-8a58-e8b5898eb649,prca17,likert5,4,2,True,validated,1
51b3f4db-d531-45ed-8a58-e8b5898eb649,prca18,likert5,4,4,True,validated,0
218d7531-9e21-45d8-b886-d68b86688166,prca01,likert5,3,3,True,validated,0
218d7531-9e21-45d8-b886-d68b86688166,prca02,likert5,3,3,True,validated,1
218d7531-9e21-45d8-b886-d68b86688166,prca03,likert5,3,3,True,validated,0
218d7531-9e21-45d8-b886-d68b86688166,prca04,likert5,3,3,True,validated,1
218d7531-9e21-45d8-b886-d68b86688166,prca05,likert5,1,1,True,validated,0
218d7531-9e21-45d8-b886-d68b86688166,prca06,likert5,5,1,True,validated,1
218d7531-9e21-45d8-b886-d68b86688166,prca13,likert5,4,4,True,validated,0
218d7531-9e21-45d8-b886-d68b86688166,prca14,likert5,4,2,True,validated,1
218d7531-9e21-45d8-b886-d68b86688166,prca15,likert5,1,1,True,validated,0
218d7531-9e21-45d8-b886-d68b86688166,prca16,likert5,4,2,True,validated,1
218d7531-9e21-45d8-b886-d68b86688166,prca17,likert5,1,5,True,validated,1
218d7531-9e21-45d8-b886-d68b86688166,prca18,likert5,4,4,True,validated,0
b7806d84-da97-43a7-9fd6-a1db9274abdf,prca01,likert5,3,3,True,validated,0
b7806d84-da97-43a7-9fd6-a1db9274abdf,prca02,likert5,4,2,True,validated,1
b7806d84-da97-43a7-9fd6-a1db9274abdf,prca03,likert5,2,2,True,validated,0
b7806d84-da97-43a7-9fd6-a1db9274abdf,prca04,likert5,1,5,True,validated,1
b7806d84-da97-43a7-9fd6-a1db9274abdf,prca05,likert5,2,2,True,validated,0
b7806d84-da97-43a7-9fd6-a1db9274abdf,prca06,likert5,4,2,True,validated,1
b7806d84-da97-43a7-9fd6-a1db9274abdf,prca13,likert5,5) strongly agree,5,True,recode,0
b7806d84-da97-43a7-9fd6-a1db9274abdf,prca14,likert5,3,3,True,validated,1
b7806d84-da97-43a7-9fd6-a1db9274abdf,prca15,likert5,2,2,True,validated,0
b7806d84-da97-43a7-9fd6-a1db9274abdf,prca16,likert5,4,2,True,validated,1
b7806d84-da97-43a7-9fd6-a1db9274abdf,prca17,likert5,1,5,True,validated,1
b7806d84-da97-43a7-9fd6-a1db9274abdf,prca18,likert5,5,5,True,validated,0
b96a5195-c0d3-4d2c-9df4-2322cf047407,prca01,likert5,3,3,True,validated,0
b96a5195-c0d3-4d2c-9df4-2322cf047407,prca02,likert5,1,5,True,validated,1
b96a5195-c0d3-4d2c-9df4-2322cf047407,prca03,likert5,5,5,True,validated,0
b96a5195-c0d3-4d2c-9df4-2322cf047407,prca04,likert5,5) strongly agree,2,True,recode,1
b96a5195-c0d3-4d2c-9df4-2322cf047407,prca05,likert5,1,1,True,validated,0
b96a5195-c0d3-4d2c-9df4-2322cf047407,prca06,likert5,1,5,True,validated,1
b96a5195-c0d3-4d2c-9df4-2322cf047407,prca13,likert5,5,5,True,validated,0
b96a5195-c0d3-4d2c-9df4-2322cf047407,prca14,likert5,5,1,True,validated,1
b96a5195-c0d3-4d2c-9df4-2322cf047407,prca15,likert5,5) strongly agree,4,True,recode,0
b96a5195-c0d3-4d2c-9df4-2322cf047407,prca16,likert5,5,1,True,validated,1
b96a5195-c0d3-4d2c-9df4-2322cf047407,prca17,likert5,4,2,True,validated,1
b96a5195-c0d3-4d2c-9df4-2322cf047407,prca18,likert5,2,2,True,validated,0
e1921e56-76aa-4438-8885-3cf47d8afe98,prca01,likert5,4,4,True,validated,0
e1921e56-76aa-4438-8885-3cf47d8afe98,prca02,likert5,3,3,True,validated,1
e1921e56-76aa-4438-8885-3cf47d8afe98,prca03,likert5,4,4,True,validated,0
e1921e56-76aa-4438-8885-3cf47d8afe98,prca04,likert5,2,4,True,validated,1
e1921e56-76aa-4438-8885-3cf47d8afe98,prca05,likert5,1,1,True,validated,0
e1921e56-76aa-4438-8885-3cf47d8afe98,prca06,likert5,5,1,True,validated,1
e1921e56-76aa-4438-8885-3cf47d8afe98,prca13,likert5,3,3,True,validated,0
e1921e56-76aa-4438-8885-3cf47d8afe98,prca14,likert5,5,1,True,validated,1
e1921e56-76aa-4438-8885-3cf47d8afe98,prca15,likert5,4,4,True,validated,0
e1921e56-76aa-4438-8885-3cf47d8afe98,prca16,likert5,4,2,True,validated,1
e1921e56-76aa-4438-8885-3cf47d8afe98,prca17,likert5,2,4,True,validated,1
e1921e56-76aa-4438-8885-3cf47d8afe98,prca18,likert5,1,1,True,validated,0
e63ed929-cb71-46b7-9bdb-fd1807ae2c77,prca01,likert5,1,1,True,validated,0
e63ed929-cb71-46b7-9bdb-fd1807ae2c77,prca02,likert5,4,2,True,validated,1
e63ed929-cb71-46b7-9bdb-fd1807ae2c77,prca03,likert5,4,4,True,validated,0
e63ed929-cb71-46b7-9bdb-fd1807ae2c77,prca04,likert5,5,1,True,validated,1
e63ed929-cb71-46b7-9bdb-fd1807ae2c77,prca05,likert5,4,4,True,validated,0
e63ed929-cb71-46b7-9bdb-fd1807ae2c77,prca06,likert5,2,4,True,validated,1
e63ed929-cb71-46b7-9bdb-fd1807ae2c77,prca13,likert5,1,1,True,validated,0
e63ed929-cb71-46b7-9bdb-fd1807ae2c77,prca14,likert5,5,1,True,validated,1
e63ed929-cb71-46b7-9bdb-fd1807ae2c77,prca15,likert5,5,5,True,validated,0
e63ed929-cb71-46b7-9bdb-fd1807ae2c77,prca16,likert5,4,2,True,validated,1
e63ed929-cb71-46b7-9bdb-fd1807ae2c77,prca17,likert5,1,5,True,validated,1
e63ed929-cb71-46b7-9bdb-fd1807ae2c77,prca18,likert5,4,4,True,validated,0
3eeb09dc-a6e4-43fc-a8ab-5b657c9d018b,prca01,likert5,3,3,True,validated,0
3eeb09dc-a6e4-43fc-a8ab-5b657c9d018b,prca02,likert5,2,4,True,validated,1
3eeb09dc-a6e4-43fc-a8ab-5b657c9d018b,prca03,likert5,3,3,True,validated,0
3eeb09dc-a6e4-43fc-a8ab-5b657c9d018b,prca04,likert5,4,2,True,validated,1
3eeb09dc-a6e4-43fc-a8ab-5b657c9d018b,prca05,likert5,4,4,True,validated,0
3eeb09dc-a6e4-43fc-a8ab-5b657c9d018b,prca06,likert5,5,1,True,validated,1
3eeb09dc-a6e4-43fc-a8ab-5b657c9d018b,prca13,likert5,1,1,True,validated,0
3eeb09dc-a6e4-43fc-a8ab-5b657c9d018b,prca14,likert5,2,4,True,validated,1
3eeb09dc-a6e4-43fc-a8ab-5b657c9d018b,prca15,likert5,3,3,True,validated,0
3eeb09dc-a6e4-43fc-a8ab-5b657c9d018b,prca16,likert5,1,5,True,validated,1
3eeb09dc-a6e4-43fc-a8ab-5b657c9d018b,prca17,likert5,4,2,True,validated,1
3eeb09dc-a6e4-43fc-a8ab-5b657c9d018b,prca18,likert5,1,1,True,validated,0
d6636728-f934-4e29-9c9e-0a65dabd6fa3,prca01,likert5,2,2,True,validated,0
d6636728-f934-4e29-9c9e-0a65dabd6fa3,prca02,likert5,1,5,True,validated,1
d6636728-f934-4e29-9c9e-0a65dabd6fa3,prca03,likert5,4,4,True,validated,0
d6636728-f934-4e29-9c9e-0a65dabd6fa3,prca04,likert5,2,4,True,validated,1
d6636728-f934-4e29-9c9e-0a65dabd6fa3,prca05,likert5,1,1,True,validated,0
d6636728-f934-4e29-9c9e-0a65dabd6fa3,prca06,likert5,2,4,True,validated,1
d6636728-f934-4e29-9c9e-0a65dabd6fa3,prca13,likert5,5,5,True,validated,0
d6636728-f934-4e29-9c9e-0a65dabd6fa3,prca14,likert5,4,2,True,validated,1
d6636728-f934-4e29-9c9e-0a65dabd6fa3,prca15,likert5,4,4,True,validated,0
d6636728-f934-4e29-9c9e-0a65dabd6fa3,prca16,likert5,4,2,True,validated,1
d6636728-f934-4e29-9c9e-0a65dabd6fa3,prca17,likert5,1,5,True,validated,1
d6636728-f934-4e29-9c9e-0a65dabd6fa3,prca18,likert5,4,4,True,validated,0
50dc3bb3-db09-43ce-abf4-dc6e7ffc1322,prca01,likert5,3,3,True,validated,0
50dc3bb3-db09-43ce-abf4-dc6e7ffc1322,prca02,likert5,2,4,True,validated,1
50dc3bb3-db09-43ce-abf4-dc6e7ffc1322,prca03,likert5,4,4,True,validated,0
50dc3bb3-db09-43ce-abf4-dc6e7ffc1322,prca04,likert5,3,3,True,validated,1
50dc3bb3-db09-43ce-abf4-dc6e7ffc1322,prca05,likert5,4,4,True,validated,0
50dc3bb3-db09-43ce-abf4-dc6e7ffc1322,prca06,likert5,1,5,True,validated,1
50dc3bb3-db09-43ce-abf4-dc6e7ffc1322,prca13,likert5,3,3,True,validated,0
50dc3bb3-db09-43ce-abf4-dc6e7ffc1322,prca14,likert5,5,1,True,validated,1
50dc3bb3-db09-43ce-abf4-dc6e7ffc1322,prca15,likert5,5,5,True,validated,0
50dc3bb3-db09-43ce-abf4-dc6e7ffc1322,prca16,likert5,4,2,True,validated,1
50dc3bb3-db09-43ce-abf4-dc6e7ffc1322,prca17,likert5,1,5,True,validated,1
50dc3bb3-db09-43ce-abf4-dc6e7ffc1322,prca18,likert5,1,1,True,validated,0
94a6be95-0536-4bfb-ab21-ff9539282cfe,prca01,likert5,4,4,True,validated,0
94a6be95-0536-4bfb-ab21-ff9539282cfe,prca02,likert5,2,4,True,validated,1
94a6be95-0536-4bfb-ab21-ff9539282cfe,prca03,likert5,4,4,True,validated,0
94a6be95-0536-4bfb-ab21-ff9539282cfe,prca04,likert5,4,2,True,validated,1
94a6be95-0536-4bfb-ab21-ff9539282cfe,prca05,likert5,2,2,True,validated,0
94a6be95-0536-4bfb-ab21-ff9539282cfe,prca06,likert5,1,5,True,validated,1
94a6be95-0536-4bfb-ab21-ff9539282cfe,prca13,likert5,3,3,True,validated,0
94a6be95-0536-4bfb-ab21-ff9539282cfe,prca14,likert5,5,1,True,validated,1
94a6be95-0536-4bfb-ab21-ff9539282cfe,prca15,likert5,3,3,True,validated,0
94a6be95-0536-4bfb-ab21-ff9539282cfe,prca16,likert5,4,2,True,validated,1
94a6be95-0536-4bfb-ab21-ff9539282cfe,prca17,likert5,2,4,True,validated,1
94a6be95-0536-4bfb-ab21-ff9539282cfe,prca18,likert5,3,3,True,validated,0
0ccb5532-20e5-49b1-81cb-4d45b88e6bd8,prca01,likert5,5) strongly agree,3,True,recode,0
0ccb5532-20e5-49b1-81cb-4d45b88e6bd8,prca02,likert5,2,4,True,validated,1
0ccb5532-20e5-49b1-81cb-4d45b88e6bd8,prca03,likert5,3,3,True,validated,0
0ccb5532-20e5-49b1-81cb-4d45b88e6bd8,prca04,likert5,5) strongly agree,2,True,recode,1
0ccb5532-20e5-49b1-81cb-4d45b88e6bd8,prca05,likert5,2,2,True,validated,0
0ccb5532-20e5-49b1-81cb-4d45b88e6bd8,prca06,likert5,1,5,True,validated,1
0ccb5532-20e5-49b1-81cb-4d45b88e6bd8,prca13,likert5,5,5,True,validated,0
0ccb5532-20e5-49b1-81cb-4d45b88e6bd8,prca14,likert5,4,2,True,validated,1
0ccb5532-20e5-49b1-81cb-4d45b88e6bd8,prca15,likert5,1,1,True,validated,0
0ccb5532-20e5-49b1-81cb-4d45b88e6bd8,prca16,likert5,3,3,True,validated,1
0ccb5532-20e5-49b1-81cb-4d45b88e6bd8,prca17,likert5,2,4,True,validated,1
0ccb5532-20e5-49b1-81cb-4d45b88e6bd8,prca18,likert5,1,1,True,validated,0
4abf97d3-7ae7-4457-b1e6-4c337c5fbcc7,prca01,likert5,3,3,True,validated,0
4abf97d3-7ae7-4457-b1e6-4c337c5fbcc7,prca02,likert5,3,3,True,validated,1
4abf97d3-7ae7-4457-b1e6-4c337c5fbcc7,prca03,likert5,4,4,True,validated,0
4abf97d3-7ae7-4457-b1e6-4c337c5fbcc7,prca04,likert5,4,2,True,validated,1
4abf97d3-7ae7-4457-b1e6-4c337c5fbcc7,prca05,likert5,4,4,True,validated,0
4abf97d3-7ae7-4457-b1e6-4c337c5fbcc7,prca06,likert5,1,5,True,validated,1
4abf97d3-7ae7-4457-b1e6-4c337c5fbcc7,prca13,likert5,4,4,True,validated,0
4abf97d3-7ae7-4457-b1e6-4c337c5fbcc7,prca14,likert5,1,5,True,validated,1
4abf97d3-7ae7-4457-b1e6-4c337c5fbcc7,prca15,likert5,3,3,True,validated,0
4abf97d3-7ae7-4457-b1e6-4c337c5fbcc7,prca16,likert5,4,2,True,validated,1
4abf97d3-7ae7-4457-b1e6-4c337c5fbcc7,prca17,likert5,5,1,True,validated,1
4abf97d3-7ae7-4457-b1e6-4c337c5fbcc7,prca18,likert5,2,2,True,validated,0
d2b37a45-32fb-496b-b744-bb7c0c12917a,prca01,likert5,3,3,True,validated,0
d2b37a45-32fb-496b-b744-bb7c0c12917a,prca02,likert5,1,5,True,validated,1
d2b37a45-32fb-496b-b744-bb7c0c12917a,prca03,likert5,1,1,True,validated,0
d2b37a45-32fb-496b-b744-bb7c0c12917a,prca04,likert5,5,1,True,validated,1
d2b37a45-32fb-496b-b744-bb7c0c12917a,prca05,likert5,5,5,True,validated,0
d2b37a45-32fb-496b-b744-bb7c0c12917a,prca06,likert5,3,3,True,validated,1
d2b37a45-32fb-496b-b744-bb7c0c12917a,prca13,likert5,4,4,True,validated,0
d2b37a45-32fb-496b-b744-bb7c0c12917a,prca14,likert5,4,2,True,validated,1
d2b37a45-32fb-496b-b744-bb7c0c12917a,prca15,likert5,1,1,True,validated,0
d2b37a45-32fb-496b-b744-bb7c0c12917a,prca16,likert5,5,1,True,validated,1
d2b37a45-32fb-496b-b744-bb7c0c12917a,prca17,likert5,3,3,True,validated,1
d2b37a45-32fb-496b-b744-bb7c0c12917a,prca18,likert5,5,5,True,validated,0
ee5b47f4-fef7-46a1-8cf6-7187087ac877,prca01,likert5,5,5,True,validated,0
ee5b47f4-fef7-46a1-8cf6-7187087ac877,prca02,likert5,4,2,True,validated,1
ee5b47f4-fef7-46a1-8cf6-7187087ac877,prca03,likert5,4,4,True,validated,0
ee5b47f4-fef7-46a1-8cf6-7187087ac877,prca04,likert5,5,1,True,validated,1
ee5b47f4-fef7-46a1-8cf6-7187087ac877,prca05,likert5,4,4,True,validated,0
ee5b47f4-fef7-46a1-8cf6-7187087ac877,prca06,likert5,4,2,True,validated,1
ee5b47f4-fef7-46a1-8cf6-7187087ac877,prca13,likert5,2,2,True,validated,0
ee5b47f4-fef7-46a1-8cf6-7187087ac877,prca14,likert5,2,4,True,validated,1
ee5b47f4-fef7-46a1-8cf6-7187087ac877,prca15,likert5,1,1,True,validated,0
ee5b47f4-fef7-46a1-8cf6-7187087ac877,prca16,likert5,4,2,True,validated,1
ee5b47f4-fef7-46a1-8cf6-7187087ac877,prca17,likert5,4,2,True,validated,1
ee5b47f4-fef7-46a1-8cf6-7187087ac877,prca18,likert5,4,4,True,validated,0
df81cbcf-5c77-4b9d-adc6-8203d09d05b1,prca01,likert5,5,5,True,validated,0
df81cbcf-5c77-4b9d-adc6-8203d09d05b1,prca02,likert5,4,2,True,validated,1
df81cbcf-5c77-4b9d-adc6-8203d09d05b1,prca03,likert5,1,1,True,validated,0
df81cbcf-5c77-4b9d-adc6-8203d09d05b1,prca04,likert5,3,3,True,validated,1
df81cbcf-5c77-4b9d-adc6-8203d09d05b1,prca05,likert5,3,3,True,validated,0
df81cbcf-5c77-4b9d-adc6-8203d09d05b1,prca06,likert5,4,2,True,validated,1
df81cbcf-5c77-4b9d-adc6-8203d09d05b1,prca13,likert5,3,3,True,validated,0
df81cbcf-5c77-4b9d-adc6-8203d09d05b1,prca14,likert5,3,3,True,validated,1
df81cbcf-5c77-4b9d-adc6-8203d09d05b1,prca15,likert5,5) strongly agree,4,True,recode,0
df81cbcf-5c77-4b9d-adc6-8203d09d05b1,prca16,likert5,2,4,True,validated,1
df81cbcf-5c77-4b9d-adc6-8203d09d05b1,prca17,likert5,1,5,True,validated,1
df81cbcf-5c77-4b9d-adc6-8203d09d05b1,prca18,likert5,2,2,True,validated,0
104aec7b-cd1f-406a-bbe6-10c3b59d4cdb,prca01,likert5,3,3,True,validated,0
104aec7b-cd1f-406a-bbe6-10c3b59d4cdb,prca02,likert5,2,4,True,validated,1
104aec7b-cd1f-406a-bbe6-10c3b59d4cdb,prca03,likert5,3,3,True,validated,0
104aec7b-cd1f-406a-bbe6-10c3b59d4cdb,prca04,likert5,3,3,True,validated,1
104aec7b-cd1f-406a-bbe6-10c3b59d4cdb,prca05,likert5,5,5,True,validated,0
104aec7b-cd1f-406a-bbe6-10c3b59d4cdb,prca06,likert5,2,4,True,validated,1
104aec7b-cd1f-406a-bbe6-10c3b59d4cdb,prca13,likert5,1,1,True,validated,0
104aec7b-cd1f-406a-bbe6-10c3b59d4cdb,prca14,likert5,2,4,True,validated,1
104aec7b-cd1f-406a-bbe6-10c3b59d4cdb,prca15,likert5,4,4,True,validated,0
104aec7b-cd1f-406a-bbe6-10c3b59d4cdb,prca16,likert5,3,3,True,validated,1
104aec7b-cd1f-406a-bbe6-10c3b59d4cdb,prca17,likert5,3,3,True,validated,1
104aec7b-cd1f-406a-bbe6-10c3b59d4cdb,prca18,likert5,2,2,True,validated,0
f94dd314-0523-43e1-9181-81936335fe7b,prca01,likert5,2,2,True,validated,0
f94dd314-0523-43e1-9181-81936335fe7b,prca02,likert5,5,1,True,validated,1
f94dd314-0523-43e1-9181-81936335fe7b,prca03,likert5,5,5,True,validated,0
f94dd314-0523-43e1-9181-81936335fe7b,prca04,likert5,4,2,True,validated,1
f94dd314-0523-43e1-9181-81936335fe7b,prca05,likert5,5,5,True,validated,0
f94dd314-0523-43e1-9181-81936335fe7b,prca06,likert5,3,3,True,validated,1
f94dd314-0523-43e1-9181-81936335fe7b,prca13,likert5,4,4,True,validated,0
f94dd314-0523-43e1-9181-81936335fe7b,prca14,likert5,2,4,True,validated,1
f94dd314-0523-43e1-9181-81936335fe7b,prca15,likert5,5) strongly agree,5,True,recode,0
f94dd314-0523-43e1-9181-81936335fe7b,prca16,likert5,4,2,True,validated,1
f94dd314-0523-43e1-9181-81936335fe7b,prca17,likert5,5,1,True,validated,1
f94dd314-0523-43e1-9181-81936335fe7b,prca18,likert5,3,3,True,validated,0
85cb3a02-fc2f-4322-82dc-c49b5ddfce0e,prca01,likert5,3,3,True,validated,0
85cb3a02-fc2f-4322-82dc-c49b5ddfce0e,prca02,likert5,3,3,True,validated,1
85cb3a02-fc2f-4322-82dc-c49b5ddfce0e,prca03,likert5,4,4,True,validated,0
85cb3a02-fc2f-4322-82dc-c49b5ddfce0e,prca04,likert5,4,2,True,validated,1
85cb3a02-fc2f-4322-82dc-c49b5ddfce0e,prca05,likert5,4,4,True,validated,0
85cb3a02-fc2f-4322-82dc-c49b5ddfce0e,prca06,likert5,4,2,True,validated,1
85cb3a02-fc2f-4322-82dc-c49b5ddfce0e,prca13,likert5,2,2,True,validated,0
85cb3a02-fc2f-4322-82dc-c49b5ddfce0e,prca14,likert5,5) strongly agree,2,True,recode,1
85cb3a02-fc2f-4322-82dc-c49b5ddfce0e,prca15,likert5,1,1,True,validated,0
85cb3a02-fc2f-4322-82dc-c49b5ddfce0e,prca16,likert5,2,4,True,validated,1
85cb3a02-fc2f-4322-82dc-c49b5ddfce0e,prca17,likert5,4,2,True,validated,1
85cb3a02-fc2f-4322-82dc-c49b5ddfce0e,prca18,likert5,3,3,True,validated,0
03660158-35d9-4080-a6c1-aebbef028e24,prca01,likert5,3,3,True,validated,0
03660158-35d9-4080-a6c1-aebbef028e24,prca02,likert5,3,3,True,validated,1
03660158-35d9-4080-a6c1-aebbef028e24,prca03,likert5,4,4,True,validated,0
03660158-35d9-4080-a6c1-aebbef028e24,prca04,likert5,3,3,True,validated,1
03660158-35d9-4080-a6c1-aebbef028e24,prca05,likert5,2,2,True,validated,0
03660158-35d9-4080-a6c1-aebbef028e24,prca06,likert5,3,3,True,validated,1
03660158-35d9-4080-a6c1-aebbef028e24,prca13,likert5,4,4,True,validated,0
03660158-35d9-4080-a6c1-aebbef028e24,prca14,likert5,3,3,True,validated,1
03660158-35d9-4080-a6c1-aebbef028e24,prca15,likert5,5) strongly agree,5,True,recode,0
03660158-35d9-4080-a6c1-aebbef028e24,prca16,likert5,3,3,True,validated,1
03660158-35d9-4080-a6c1-aebbef028e24,prca17,likert5,3,3,True,validated,1
03660158-35d9-4080-a6c1-aebbef028e24,prca18,likert5,3,3,True,validated,0
fb62bb68-d09f-4b00-99d9-b8b4e0b9324c,prca01,likert5,5,5,True,validated,0
fb62bb68-d09f-4b00-99d9-b8b4e0b9324c,prca02,likert5,5,1,True,validated,1
fb62bb68-d09f-4b00-99d9-b8b4e0b9324c,prca03,likert5,1,1,True,validated,0
fb62bb68-d09f-4b00-99d9-b8b4e0b9324c,prca04,likert5,4,2,True,validated,1
fb62bb68-d09f-4b00-99d9-b8b4e0b9324c,prca05,likert5,2,2,True,validated,0
fb62bb68-d09f-4b00-99d9-b8b4e0b9324c,prca06,likert5,2,4,True,validated,1
fb62bb68-d09f-4b00-99d9-b8b4e0b9324c,prca13,likert5,2,2,True,validated,0
fb62bb68-d09f-4b00-99d9-b8b4e0b9324c,prca14,likert5,4,2,True,validated,1
fb62bb68-d09f-4b00-99d9-b8b4e0b9324c,prca15,likert5,3,3,True,validated,0
fb62bb68-d09f-4b00-99d9-b8b4e0b9324c,prca16,likert5,2,4,True,validated,1
fb62bb68-d09f-4b00-99d9-b8b4e0b9324c,prca17,likert5,4,2,True,validated,1
fb62bb68-d09f-4b00-99d9-b8b4e0b9324c,prca18,likert5,5) strongly agree,4,True,recode,0
ca0cbb51-63f1-4e35-8e5c-a54954d88f67,prca01,likert5,3,3,True,validated,0
ca0cbb51-63f1-4e35-8e5c-a54954d88f67,prca02,likert5,2,4,True,validated,1
ca0cbb51-63f1-4e35-8e5c-a54954d88f67,prca03,likert5,3,3,True,validated,0
ca0cbb51-63f1-4e35-8e5c-a54954d88f67,prca04,likert5,4,2,True,validated,1
ca0cbb51-63f1-4e35-8e5c-a54954d88f67,prca05,likert5,4,4,True,validated,0
ca0cbb51-63f1-4e35-8e5c-a54954d88f67,prca06,likert5,4,2,True,validated,1
ca0cbb51-63f1-4e35-8e5c-a54954d88f67,prca13,likert5,3,3,True,validated,0
ca0cbb51-63f1-4e35-8e5c-a54954d88f67,prca14,likert5,2,4,True,validated,1
ca0cbb51-63f1-4e35-8e5c-a54954d88f67,prca15,likert5,4,4,True,validated,0
ca0cbb51-63f1-4e35-8e5c-a54954d88f67,prca16,likert5,1,5,True,validated,1
ca0cbb51-63f1-4e35-8e5c-a54954d88f67,prca17,likert5,4,2,True,validated,1
ca0cbb51-63f1-4e35-8e5c-a54954d88f67,prca18,likert5,2,2,True,validated,0
6ec26c4e-6262-4de9-bdb8-c3029ec7fbcb,prca01,likert5,5) strongly agree,5,True,recode,0
6ec26c4e-6262-4de9-bdb8-c3029ec7fbcb,prca02,likert5,3,3,True,validated,1
6ec26c4e-6262-4de9-bdb8-c3029ec7fbcb,prca03,likert5,4,4,True,validated,0
6ec26c4e-6262-4de9-bdb8-c3029ec7fbcb,prca04,likert5,3,3,True,validated,1
6ec26c4e-6262-4de9-bdb8-c3029ec7fbcb,prca05,likert5,5,5,True,validated,0
6ec26c4e-6262-4de9-bdb8-c3029ec7fbcb,prca06,likert5,1,5,True,validated,1
6ec26c4e-6262-4de9-bdb8-c3029ec7fbcb,prca13,likert5,5,5,True,validated,0
6ec26c4e-6262-4de9-bdb8-c3029ec7fbcb,prca14,likert5,2,4,True,validated,1
6ec26c4e-6262-4de9-bdb8-c3029ec7fbcb,prca15,likert5,4,4,True,validated,0
6ec26c4e-6262-4de9-bdb8-c3029ec7fbcb,prca16,likert5,3,3,True,validated,1
6ec26c4e-6262-4de9-bdb8-c3029ec7fbcb,prca17,likert5,4,2,True,validated,1
6ec26c4e-6262-4de9-bdb8-c3029ec7fbcb,prca18,likert5,4,4,True,validated,0
a9e64c8e-29fd-4208-a67d-0db7c5deff68,prca01,likert5,4,4,True,validated,0
a9e64c8e-29fd-4208-a67d-0db7c5deff68,prca02,likert5,3,3,True,validated,1
a9e64c8e-29fd-4208-a67d-0db7c5deff68,prca03,likert5,3,3,True,validated,0
a9e64c8e-29fd-4208-a67d-0db7c5deff68,prca04,likert5,4,2,True,validated,1
a9e64c8e-29fd-4208-a67d-0db7c5deff68,prca05,likert5,5,5,True,validated,0
a9e64c8e-29fd-4208-a67d-0db7c5deff68,prca06,likert5,1,5,True,validated,1
a9e64c8e-29fd-4208-a67d-0db7c5deff68,prca13,likert5,4,4,True,validated,0
a9e64c8e-29fd-4208-a67d-0db7c5deff68,prca14,likert5,1,5,True,validated,1
a9e64c8e-29fd-4208-a67d-0db7c5deff68,prca15,likert5,2,2,True,validated,0
a9e64c8e-29fd-4208-a67d-0db7c5deff68,prca16,likert5,4,2,True,validated,1
a9e64c8e-29fd-4208-a67d-0db7c5deff68,prca17,likert5,4,2,True,validated,1
a9e64c8e-29fd-4208-a67d-0db7c5deff68,prca18,likert5,5,5,True,validated,0
ead3dc88-dc0c-434b-afbf-676e775db6ea,prca01,likert5,4,4,True,validated,0
ead3dc88-dc0c-434b-afbf-676e775db6ea,prca02,likert5,3,3,True,validated,1
ead3dc88-dc0c-434b-afbf-676e775db6ea,prca03,likert5,4,4,True,validated,0
ead3dc88-dc0c-434b-afbf-676e775db6ea,prca04,likert5,3,3,True,validated,1
ead3dc88-dc0c-434b-afbf-676e775db6ea,prca05,likert5,3,3,True,validated,0
ead3dc88-dc0c-434b-afbf-676e775db6ea,prca06,likert5,3,3,True,validated,1
ead3dc88-dc0c-434b-afbf-676e775db6ea,prca13,likert5,5,5,True,validated,0
ead3dc88-dc0c-434b-afbf-676e775db6ea,prca14,likert5,4,2,True,validated,1
ead3dc88-dc0c-434b-afbf-676e775db6ea,prca15,likert5,4,4,True,validated,0
ead3dc88-dc0c-434b-afbf-676e775db6ea,prca16,likert5,4,2,True,validated,1
ead3dc88-dc0c-434b-afbf-676e775db6ea,prca17,likert5,5,1,True,validated,1
ead3dc88-dc0c-434b-afbf-676e775db6ea,prca18,likert5,3,3,True,validated,0
5f77bea0-fcbd-4f78-9752-21e64f81d581,prca01,likert5,4,4,True,validated,0
5f77bea0-fcbd-4f78-9752-21e64f81d581,prca02,likert5,3,3,True,validated,1
5f77bea0-fcbd-4f78-9752-21e64f81d581,prca03,likert5,5,5,True,validated,0
5f77bea0-fcbd-4f78-9752-21e64f81d581,prca04,likert5,1,5,True,validated,1
5f77bea0-fcbd-4f78-9752-21e64f81d581,prca05,likert5,2,2,True,validated,0
5f77bea0-fcbd-4f78-9752-21e64f81d581,prca06,likert5,4,2,True,validated,1
5f77bea0-fcbd-4f78-9752-21e64f81d581,prca13,likert5,4,4,True,validated,0
5f77bea0-fcbd-4f78-9752-21e64f81d581,prca14,likert5,5,1,True,validated,1
5f77bea0-fcbd-4f78-9752-21e64f81d581,prca15,likert5,4,4,True,validated,0
5f77bea0-fcbd-4f78-9752-21e64f81d581,prca16,likert5,4,2,True,validated,1
5f77bea0-fcbd-4f78-9752-21e64f81d581,prca17,likert5,5,1,True,validated,1
5f77bea0-fcbd-4f78-9752-21e64f81d581,prca18,likert5,4,4,True,validated,0
0c2be986-23ba-48a0-86a5-69dcc88b4b17,prca01,likert5,2,2,True,validated,0
0c2be986-23ba-48a0-86a5-69dcc88b4b17,prca02,likert5,3,3,True,validated,1
0c2be986-23ba-48a0-86a5-69dcc88b4b17,prca03,likert5,5,5,True,validated,0
0c2be986-23ba-48a0-86a5-69dcc88b4b17,prca04,likert5,3,3,True,validated,1
0c2be986-23ba-48a0-86a5-69dcc88b4b17,prca05,likert5,1,1,True,validated,0
0c2be986-23ba-48a0-86a5-69dcc88b4b17,prca06,likert5,4,2,True,validated,1
0c2be986-23ba-48a0-86a5-69dcc88b4b17,prca13,likert5,4,4,True,validated,0
0c2be986-23ba-48a0-86a5-69dcc88b4b17,prca14,likert5,5,1,True,validated,1
0c2be986-23ba-48a0-86a5-69dcc88b4b17,prca15,likert5,5,5,True,validated,0
0c2be986-23ba-48a0-86a5-69dcc88b4b17,prca16,likert5,4,2,True,validated,1
0c2be986-23ba-48a0-86a5-69dcc88b4b17,prca17,likert5,5,1,True,validated,1
0c2be986-23ba-48a0-86a5-69dcc88b4b17,prca18,likert5,3,3,True,validated,0
c3a9f70e-e3d8-492c-856c-dee0e270f7b5,prca01,likert5,5,5,True,validated,0
c3a9f70e-e3d8-492c-856c-dee0e270f7b5,prca02,likert5,5,1,True,validated,1
c3a9f70e-e3d8-492c-856c-dee0e270f7b5,prca03,likert5,1,1,True,validated,0
c3a9f70e-e3d8-492c-856c-dee0e270f7b5,prca04,likert5,5,1,True,validated,1
c3a9f70e-e3d8-492c-856c-dee0e270f7b5,prca05,likert5,3,3,True,validated,0
c3a9f70e-e3d8-492c-856c-dee0e270f7b5,prca06,likert5,1,5,True,validated,1
c3a9f70e-e3d8-492c-856c-dee0e270f7b5,prca13,likert5,4,4,True,validated,0
c3a9f70e-e3d8-492c-856c-dee0e270f7b5,prca14,likert5,4,2,True,validated,1
c3a9f70e-e3d8-492c-856c-dee0e270f7b5,prca15,likert5,5,5,True,validated,0
c3a9f70e-e3d8-492c-856c-dee0e270f7b5,prca16,likert5,4,2,True,validated,1
c3a9f70e-e3d8-492c-856c-dee0e270f7b5,prca17,likert5,4,2,True,validated,1
c3a9f70e-e3d8-492c-856c-dee0e270f7b5,prca18,likert5,1,1,True,validated,0
c87be746-957f-4be8-a4ba-c9907b735581,prca01,likert5,3,3,True,validated,0
c87be746-957f-4be8-a4ba-c9907b735581,prca02,likert5,1,5,True,validated,1
c87be746-957f-4be8-a4ba-c9907b735581,prca03,likert5,1,1,True,validated,0
c87be746-957f-4be8-a4ba-c9907b735581,prca04,likert5,4,2,True,validated,1
c87be746-957f-4be8-a4ba-c9907b735581,prca05,likert5,4,4,True,validated,0
c87be746-957f-4be8-a4ba-c9907b735581,prca06,likert5,4,2,True,validated,1
c87be746-957f-4be8-a4ba-c9907b735581,prca13,likert5,4,4,True,validated,0
c87be746-957f-4be8-a4ba-c9907b735581,prca14,likert5,4,2,True,validated,1
c87be746-957f-4be8-a4ba-c9907b735581,prca15,likert5,3,3,True,validated,0
c87be746-957f-4be8-a4ba-c9907b735581,prca16,likert5,5,1,True,validated,1
c87be746-957f-4be8-a4ba-c9907b735581,prca17,likert5,3,3,True,validated,1
c87be746-957f-4be8-a4ba-c9907b735581,prca18,likert5,4,4,True,validated,0
af7122fd-c97e-478f-91ee-2d79811068db,prca01,likert5,5,5,True,validated,0
af7122fd-c97e-478f-91ee-2d79811068db,prca02,likert5,2,4,True,validated,1
af7122fd-c97e-478f-91ee-2d79811068db,prca03,likert5,2,2,True,validated,0
af7122fd-c97e-478f-91ee-2d79811068db,prca04,likert5,3,3,True,validated,1
af7122fd-c97e-478f-91ee-2d79811068db,prca05,likert5,2,2,True,validated,0
af7122fd-c97e-478f-91ee-2d79811068db,prca06,likert5,1,5,True,validated,1
af7122fd-c97e-478f-91ee-2d79811068db,prca13,likert5,3,3,True,validated,0
af7122fd-c97e-478f-91ee-2d79811068db,prca14,likert5,4,2,True,validated,1
af7122fd-c97e-478f-91ee-2d79811068db,prca15,likert5,2,2,True,validated,0
af7122fd-c97e-478f-91ee-2d79811068db,prca16,likert5,3,3,True,validated,1
af7122fd-c97e-478f-91ee-2d79811068db,prca17,likert5,1,5,True,validated,1
af7122fd-c97e-478f-91ee-2d79811068db,prca18,likert5,4,4,True,validated,0
35123e87-46a2-40ab-bd12-90d0147f5722,prca01,likert5,1,1,True,validated,0
35123e87-46a2-40ab-bd12-90d0147f5722,prca02,likert5,5,1,True,validated,1
35123e87-46a2-40ab-bd12-90d0147f5722,prca03,likert5,4,4,True,validated,0
35123e87-46a2-40ab-bd12-90d0147f5722,prca04,likert5,3,3,True,validated,1
35123e87-46a2-40ab-bd12-90d0147f5722,prca05,likert5,2,2,True,validated,0
35123e87-46a2-40ab-bd12-90d0147f5722,prca06,likert5,2,4,True,validated,1
35123e87-46a2-40ab-bd12-90d0147f5722,prca13,likert5,3,3,True,validated,0
35123e87-46a2-40ab-bd12-90d0147f5722,prca14,likert5,4,2,True,validated,1
35123e87-46a2-40ab-bd12-90d0147f5722,prca15,likert5,4,4,True,validated,0
35123e87-46a2-40ab-bd12-90d0147f5722,prca16,likert5,5) strongly agree,2,True,recode,1
35123e87-46a2-40ab-bd12-90d0147f5722,prca17,likert5,4,2,True,validated,1
35123e87-46a2-40ab-bd12-90d0147f5722,prca18,likert5,5,5,True,validated,0
7daa1bf2-f94b-4960-b1ec-d52d2d608e01,prca01,likert5,4,4,True,validated,0
7daa1bf2-f94b-4960-b1ec-d52d2d608e01,prca02,likert5,2,4,True,validated,1
7daa1bf2-f94b-4960-b1ec-d52d2d608e01,prca03,likert5,5,5,True,validated,0
7daa1bf2-f94b-4960-b1ec-d52d2d608e01,prca04,likert5,4,2,True,validated,1
7daa1bf2-f94b-4960-b1ec-d52d2d608e01,prca05,likert5,5,5,True,validated,0
7daa1bf2-f94b-4960-b1ec-d52d2d608e01,prca06,likert5,4,2,True,validated,1
7daa1bf2-f94b-4960-b1ec-d52d2d608e01,prca13,likert5,4,4,True,validated,0
7daa1bf2-f94b-4960-b1ec-d52d2d608e01,prca14,likert5,4,2,True,validated,1
7daa1bf2-f94b-4960-b1ec-d52d2d608e01,prca15,likert5,5,5,True,validated,0
7daa1bf2-f94b-4960-b1ec-d52d2d608e01,prca16,likert5,3,3,True,validated,1
7daa1bf2-f94b-4960-b1ec-d52d2d608e01,prca17,likert5,5,1,True,validated,1
7daa1bf2-f94b-4960-b1ec-d52d2d608e01,prca18,likert5,4,4,True,validated,0
899dbc35-00da-4cfb-aab3-57dcea96d1c2,prca01,likert5,5) strongly agree,4,True,recode,0
899dbc35-00da-4cfb-aab3-57dcea96d1c2,prca02,likert5,5,1,True,validated,1
899dbc35-00da-4cfb-aab3-57dcea96d1c2,prca03,likert5,5) strongly agree,5,True,recode,0
899dbc35-00da-4cfb-aab3-57dcea96d1c2,prca04,likert5,2,4,True,validated,1
899dbc35-00da-4cfb-aab3-57dcea96d1c2,prca05,likert5,4,4,True,validated,0
899dbc35-00da-4cfb-aab3-57dcea96d1c2,prca06,likert5,3,3,True,validated,1
899dbc35-00da-4cfb-aab3-57dcea96d1c2,prca13,likert5,4,4,True,validated,0
899dbc35-00da-4cfb-aab3-57dcea96d1c2,prca14,likert5,4,2,True,validated,1
899dbc35-00da-4cfb-aab3-57dcea96d1c2,prca15,likert5,2,2,True,validated,0
899dbc35-00da-4cfb-aab3-57dcea96d1c2,prca16,likert5,2,4,True,validated,1
899dbc35-00da-4cfb-aab3-57dcea96d1c2,prca17,likert5,1,5,True,validated,1
899dbc35-00da-4cfb-aab3-57dcea96d1c2,prca18,likert5,3,3,True,validated,0
bd45706d-a18c-4230-8e2f-73f3e07c39b2,prca01,likert5,4,4,True,validated,0
bd45706d-a18c-4230-8e2f-73f3e07c39b2,prca02,likert5,2,4,True,validated,1
bd45706d-a18c-4230-8e2f-73f3e07c39b2,prca03,likert5,1,1,True,validated,0
bd45706d-a18c-4230-8e2f-73f3e07c39b2,prca04,likert5,4,2,True,validated,1
bd45706d-a18c-4230-8e2f-73f3e07c39b2,prca05,likert5,4,4,True,validated,0
bd45706d-a18c-4230-8e2f-73f3e07c39b2,prca06,likert5,1,5,True,validated,1
bd45706d-a18c-4230-8e2f-73f3e07c39b2,prca13,likert5,4,4,True,validated,0
bd45706d-a18c-4230-8e2f-73f3e07c39b2,prca14,likert5,4,2,True,validated,1
bd45706d-a18c-4230-8e2f-73f3e07c39b2,prca15,likert5,4,4,True,validated,0
bd45706d-a18c-4230-8e2f-73f3e07c39b2,prca16,likert5,3,3,True,validated,1
bd45706d-a18c-4230-8e2f-73f3e07c39b2,prca17,likert5,2,4,True,validated,1
bd45706d-a18c-4230-8e2f-73f3e07c39b2,prca18,likert5,1,1,True,validated,0
0fa47390-8d9c-4480-bf34-d3504cd1de92,prca01,likert5,2,2,True,validated,0
0fa47390-8d9c-4480-bf34-d3504cd1de92,prca02,likert5,4,2,True,validated,1
0fa47390-8d9c-4480-bf34-d3504cd1de92,prca03,likert5,3,3,True,validated,0
0fa47390-8d9c-4480-bf34-d3504cd1de92,prca04,likert5,5,1,True,validated,1
0fa47390-8d9c-4480-bf34-d3504cd1de92,prca05,likert5,4,4,True,validated,0
0fa47390-8d9c-4480-bf34-d3504cd1de92,prca06,likert5,3,3,True,validated,1
0fa47390-8d9c-4480-bf34-d3504cd1de92,prca13,likert5,5,5,True,validated,0
0fa47390-8d9c-4480-bf34-d3504cd1de92,prca14,likert5,5,1,True,validated,1
0fa47390-8d9c-4480-bf34-d3504cd1de92,prca15,likert5,4,4,True,validated,0
0fa47390-8d9c-4480-bf34-d3504cd1de92,prca16,likert5,3,3,True,validated,1
0fa47390-8d9c-4480-bf34-d3504cd1de92,prca17,likert5,5,1,True,validated,1
0fa47390-8d9c-4480-bf34-d3504cd1de92,prca18,likert5,1,1,True,validated,0
3ef88677-2fd3-427c-acf1-7b4bc4ea8733,prca01,likert5,2,2,True,validated,0
3ef88677-2fd3-427c-acf1-7b4bc4ea8733,prca02,likert5,3,3,True,validated,1
3ef88677-2fd3-427c-acf1-7b4bc4ea8733,prca03,likert5,2,2,True,validated,0
3ef88677-2fd3-427c-acf1-7b4bc4ea8733,prca04,likert5,2,4,True,validated,1
3ef88677-2fd3-427c-acf1-7b4bc4ea8733,prca05,likert5,4,4,True,validated,0
3ef88677-2fd3-427c-acf1-7b4bc4ea8733,prca06,likert5,4,2,True,validated,1
3ef88677-2fd3-427c-acf1-7b4bc4ea8733,prca13,likert5,4,4,True,validated,0
3ef88677-2fd3-427c-acf1-7b4bc4ea8733,prca14,likert5,4,2,True,validated,1
3ef88677-2fd3-427c-acf1-7b4bc4ea8733,prca15,likert5,2,2,True,validated,0
3ef88677-2fd3-427c-acf1-7b4bc4ea8733,prca16,likert5,3,3,True,validated,1
3ef88677-2fd3-427c-acf1-7b4bc4ea8733,prca17,likert5,4,2,True,validated,1
3ef88677-2fd3-427c-acf1-7b4bc4ea8733,prca18,likert5,3,3,True,validated,0
e61eff40-7646-46be-8021-3fb0908e5627,prca01,likert5,3,3,True,validated,0
e61eff40-7646-46be-8021-3fb0908e5627,prca02,likert5,5,1,True,validated,1
e61eff40-7646-46be-8021-3fb0908e5627,prca03,likert5,3,3,True,validated,0
e61eff40-7646-46be-8021-3fb0908e5627,prca04,likert5,5,1,True,validated,1
e61eff40-7646-46be-8021-3fb0908e5627,prca05,likert5,5,5,True,validated,0
e61eff40-7646-46be-8021-3fb0908e5627,prca06,likert5,4,2,True,validated,1
e61eff40-7646-46be-8021-3fb0908e5627,prca13,likert5,3,3,True,validated,0
e61eff40-7646-46be-8021-3fb0908e5627,prca14,likert5,3,3,True,validated,1
e61eff40-7646-46be-8021-3fb0908e5627,prca15,likert5,1,1,True,validated,0
e61eff40-7646-46be-8021-3fb0908e5627,prca16,likert5,5) strongly agree,1,True,recode,1
e61eff40-7646-46be-8021-3fb0908e5627,prca17,likert5,4,2,True,validated,1
e61eff40-7646-46be-8021-3fb0908e5627,prca18,likert5,4,4,True,validated,0
5261ba9b-3369-4446-84f3-3bf6c76f75e2,prca01,likert5,3,3,True,validated,0
5261ba9b-3369-4446-84f3-3bf6c76f75e2,prca02,likert5,1,5,True,validated,1
5261ba9b-3369-4446-84f3-3bf6c76f75e2,prca03,likert5,2,2,True,validated,0
5261ba9b-3369-4446-84f3-3bf6c76f75e2,prca04,likert5,4,2,True,validated,1
5261ba9b-3369-4446-84f3-3bf6c76f75e2,prca05,likert5,1,1,True,validated,0
5261ba9b-3369-4446-84f3-3bf6c76f75e2,prca06,likert5,5,1,True,validated,1
5261ba9b-3369-4446-84f3-3bf6c76f75e2,prca13,likert5,2,2,True,validated,0
5261ba9b-3369-4446-84f3-3bf6c76f75e2,prca14,likert5,4,2,True,validated,1
5261ba9b-3369-4446-84f3-3bf6c76f75e2,prca15,likert5,3,3,True,validated,0
5261ba9b-3369-4446-84f3-3bf6c76f75e2,prca16,likert5,4,2,True,validated,1
5261ba9b-3369-4446-84f3-3bf6c76f75e2,prca17,likert5,4,2,True,validated,1
5261ba9b-3369-4446-84f3-3bf6c76f75e2,prca18,likert5,1,1,True,validated,0
d54858a9-2ac2-4215-8065-fce8a8bc35b5,prca01,likert5,5,5,True,validated,0
d54858a9-2ac2-4215-8065-fce8a8bc35b5,prca02,likert5,3,3,True,validated,1
d54858a9-2ac2-4215-8065-fce8a8bc35b5,prca03,likert5,3,3,True,validated,0
d54858a9-2ac2-4215-8065-fce8a8bc35b5,prca04,likert5,5,1,True,validated,1
d54858a9-2ac2-4215-8065-fce8a8bc35b5,prca05,likert5,4,4,True,validated,0
d54858a9-2ac2-4215-8065-fce8a8bc35b5,prca06,likert5,3,3,True,validated,1
d54858a9-2ac2-4215-8065-fce8a8bc35b5,prca13,likert5,2,2,True,validated,0
d54858a9-2ac2-4215-8065-fce8a8bc35b5,prca14,likert5,5,1,True,validated,1
d54858a9-2ac2-4215-8065-fce8a8bc35b5,prca15,likert5,4,4,True,validated,0
d54858a9-2ac2-4215-8065-fce8a8bc35b5,prca16,likert5,2,4,True,validated,1
d54858a9-2ac2-4215-8065-fce8a8bc35b5,prca17,likert5,1,5,True,validated,1
d54858a9-2ac2-4215-8065-fce8a8bc35b5,prca18,likert5,3,3,True,validated,0
c7d62597-a3bd-487f-8bb6-9639edc9497b,prca01,likert5,5,5,True,validated,0
c7d62597-a3bd-487f-8bb6-9639edc9497b,prca02,likert5,3,3,True,validated,1
c7d62597-a3bd-487f-8bb6-9639edc9497b,prca03,likert5,3,3,True,validated,0
c7d62597-a3bd-487f-8bb6-9639edc9497b,prca04,likert5,5,1,True,validated,1
c7d62597-a3bd-487f-8bb6-9639edc9497b,prca05,likert5,1,1,True,validated,0
c7d62597-a3bd-487f-8bb6-9639edc9497b,prca06,likert5,3,3,True,validated,1
c7d62597-a3bd-487f-8bb6-9639edc9497b,prca13,likert5,3,3,True,validated,0
c7d62597-a3bd-487f-8bb6-9639edc9497b,prca14,likert5,3,3,True,validated,1
c7d62597-a3bd-487f-8bb6-9639edc9497b,prca15,likert5,4,4,True,validated,0
c7d62597-a3bd-487f-8bb6-9639edc9497b,prca16,likert5,1,5,True,validated,1
c7d62597-a3bd-487f-8bb6-9639edc9497b,prca17,likert5,3,3,True,validated,1
c7d62597-a3bd-487f-8bb6-9639edc9497b,prca18,likert5,3,3,True,validated,0
8e130d48-00e4-440c-8bbc-ca35019b726f,prca01,likert5,4,4,True,validated,0
8e130d48-00e4-440c-8bbc-ca35019b726f,prca02,likert5,1,5,True,validated,1
8e130d48-00e4-440c-8bbc-ca35019b726f,prca03,likert5,3,3,True,validated,0
8e130d48-00e4-440c-8bbc-ca35019b726f,prca04,likert5,5,1,True,validated,1
8e130d48-00e4-440c-8bbc-ca35019b726f,prca05,likert5,4,4,True,validated,0
8e130d48-00e4-440c-8bbc-ca35019b726f,prca06,likert5,4,2,True,validated,1
8e130d48-00e4-440c-8bbc-ca35019b726f,prca13,likert5,3,3,True,validated,0
8e130d48-00e4-440c-8bbc-ca35019b726f,prca14,likert5,4,2,True,validated,1
8e130d48-00e4-440c-8bbc-ca35019b726f,prca15,likert5,4,4,True,validated,0
8e130d48-00e4-440c-8bbc-ca35019b726f,prca16,likert5,4,2,True,validated,1
8e130d48-00e4-440c-8bbc-ca35019b726f,prca17,likert5,4,2,True,validated,1
8e130d48-00e4-440c-8bbc-ca35019b726f,prca18,likert5,5) strongly agree,5,True,recode,0
49256033-5e64-43c1-b23b-e8d80ef5317b,prca01,likert5,4,4,True,validated,0
49256033-5e64-43c1-b23b-e8d80ef5317b,prca02,likert5,5,1,True,validated,1
49256033-5e64-43c1-b23b-e8d80ef5317b,prca03,likert5,1,1,True,validated,0
49256033-5e64-43c1-b23b-e8d80ef5317b,prca04,likert5,2,4,True,validated,1
49256033-5e64-43c1-b23b-e8d80ef5317b,prca05,likert5,1,1,True,validated,0
49256033-5e64-43c1-b23b-e8d80ef5317b,prca06,likert5,5,1,True,validated,1
49256033-5e64-43c1-b23b-e8d80ef5317b,prca13,likert5,1,1,True,validated,0
49256033-5e64-43c1-b23b-e8d80ef5317b,prca14,likert5,4,2,True,validated,1
49256033-5e64-43c1-b23b-e8d80ef5317b,prca15,likert5,1,1,True,validated,0
49256033-5e64-43c1-b23b-e8d80ef5317b,prca16,likert5,4,2,True,validated,1
49256033-5e64-43c1-b23b-e8d80ef5317b,prca17,likert5,4,2,True,validated,1
49256033-5e64-43c1-b23b-e8d80ef5317b,prca18,likert5,5,5,True,validated,0
15c0ca12-891d-40c1-be82-bf443d18a387,prca01,likert5,2,2,True,validated,0
15c0ca12-891d-40c1-be82-bf443d18a387,prca02,likert5,2,4,True,validated,1
15c0ca12-891d-40c1-be82-bf443d18a387,prca03,likert5,3,3,True,validated,0
15c0ca12-891d-40c1-be82-bf443d18a387,prca04,likert5,4,2,True,validated,1
15c0ca12-891d-40c1-be82-bf443d18a387,prca05,likert5,4,4,True,validated,0
15c0ca12-891d-40c1-be82-bf443d18a387,prca06,likert5,2,4,True,validated,1
15c0ca12-891d-40c1-be82-bf443d18a387,prca13,likert5,3,3,True,validated,0
15c0ca12-891d-40c1-be82-bf443d18a387,prca14,likert5,4,2,True,validated,1
15c0ca12-891d-40c1-be82-bf443d18a387,prca15,likert5,4,4,True,validated,0
15c0ca12-891d-40c1-be82-bf443d18a387,prca16,likert5,4,2,True,validated,1
15c0ca12-891d-40c1-be82-bf443d18a387,prca17,likert5,5,1,True,validated,1
15c0ca12-891d-40c1-be82-bf443d18a387,prca18,likert5,1,1,True,validated,0
98db78bf-a5a0-49d1-b772-27599ee4dd9a,prca01,likert5,5) strongly agree,4,True,recode,0
98db78bf-a5a0-49d1-b772-27599ee4dd9a,prca02,likert5,4,2,True,validated,1
98db78bf-a5a0-49d1-b772-27599ee4dd9a,prca03,likert5,4,4,True,validated,0
98db78bf-a5a0-49d1-b772-27599ee4dd9a,prca04,likert5,2,4,True,validated,1
98db78bf-a5a0-49d1-b772-27599ee4dd9a,prca05,likert5,4,4,True,validated,0
98db78bf-a5a0-49d1-b772-27599ee4dd9a,prca06,likert5,5,1,True,validated,1
98db78bf-a5a0-49d1-b772-27599ee4dd9a,prca13,likert5,4,4,True,validated,0
98db78bf-a5a0-49d1-b772-27599ee4dd9a,prca14,likert5,3,3,True,validated,1
98db78bf-a5a0-49d1-b772-27599ee4dd9a,prca15,likert5,3,3,True,validated,0
98db78bf-a5a0-49d1-b772-27599ee4dd9a,prca16,likert5,3,3,True,validated,1
98db78bf-a5a0-49d1-b772-27599ee4dd9a,prca17,likert5,5,1,True,validated,1
98db78bf-a5a0-49d1-b772-27599ee4dd9a,prca18,likert5,5,5,True,validated,0
a2136206-685d-4bf0-829f-42ec49a8f66a,prca01,likert5,3,3,True,validated,0
a2136206-685d-4bf0-829f-42ec49a8f66a,prca02,likert5,4,2,True,validated,1
a2136206-685d-4bf0-829f-42ec49a8f66a,prca03,likert5,3,3,True,validated,0
a2136206-685d-4bf0-829f-42ec49a8f66a,prca04,likert5,1,5,True,validated,1
a2136206-685d-4bf0-829f-42ec49a8f66a,prca05,likert5,5,5,True,validated,0
a2136206-685d-4bf0-829f-42ec49a8f66a,prca06,likert5,3,3,True,validated,1
a2136206-685d-4bf0-829f-42ec49a8f66a,prca13,likert5,3,3,True,validated,0
a2136206-685d-4bf0-829f-42ec49a8f66a,prca14,likert5,1,5,True,validated,1
a2136206-685d-4bf0-829f-42ec49a8f66a,prca15,likert5,4,4,True,validated,0
a2136206-685d-4bf0-829f-42ec49a8f66a,prca16,likert5,5,1,True,validated,1
a2136206-685d-4bf0-829f-42ec49a8f66a,prca17,likert5,4,2,True,validated,1
a2136206-685d-4bf0-829f-42ec49a8f66a,prca18,likert5,2,2,True,validated,0
00c80a5b-16b1-4230-b794-3cb1e90aaf53,prca01,likert5,1,1,True,validated,0
00c80a5b-16b1-4230-b794-3cb1e90aaf53,prca02,likert5,4,2,True,validated,1
00c80a5b-16b1-4230-b794-3cb1e90aaf53,prca03,likert5,3,3,True,validated,0
00c80a5b-16b1-4230-b794-3cb1e90aaf53,prca04,likert5,3,3,True,validated,1
00c80a5b-16b1-4230-b794-3cb1e90aaf53,prca05,likert5,4,4,True,validated,0
00c80a5b-16b1-4230-b794-3cb1e90aaf53,prca06,likert5,5,1,True,validated,1
00c80a5b-16b1-4230-b794-3cb1e90aaf53,prca13,likert5,1,1,True,validated,0
00c80a5b-16b1-4230-b794-3cb1e90aaf53,prca14,likert5,5,1,True,validated,1
00c80a5b-16b1-4230-b794-3cb1e90aaf53,prca15,likert5,1,1,True,validated,0
00c80a5b-16b1-4230-b794-3cb1e90aaf53,prca16,likert5,5,1,True,validated,1
00c80a5b-16b1-4230-b794-3cb1e90aaf53,prca17,likert5,5) strongly agree,1,True,recode,1
00c80a5b-16b1-4230-b794-3cb1e90aaf53,prca18,likert5,5,5,True,validated,0
efd6612f-9ade-4665-acfd-fe4a9615484f,prca01,likert5,2,2,True,validated,0
efd6612f-9ade-4665-acfd-fe4a9615484f,prca02,likert5,4,2,True,validated,1
efd6612f-9ade-4665-acfd-fe4a9615484f,prca03,likert5,4,4,True,validated,0
efd6612f-9ade-4665-acfd-fe4a9615484f,prca04,likert5,1,5,True,validated,1
efd6612f-9ade-4665-acfd-fe4a9615484f,prca05,likert5,1,1,True,validated,0
efd6612f-9ade-4665-acfd-fe4a9615484f,prca06,likert5,3,3,True,validated,1
efd6612f-9ade-4665-acfd-fe4a9615484f,prca13,likert5,5,5,True,validated,0
efd6612f-9ade-4665-acfd-fe4a9615484f,prca14,likert5,1,5,True,validated,1
efd6612f-9ade-4665-acfd-fe4a9615484f,prca15,likert5,4,4,True,validated,0
efd6612f-9ade-4665-acfd-fe4a9615484f,prca16,likert5,4,2,True,validated,1
efd6612f-9ade-4665-acfd-fe4a9615484f,prca17,likert5,3,3,True,validated,1
efd6612f-9ade-4665-acfd-fe4a9615484f,prca18,likert5,1,1,True,validated,0
16ddb9ba-54fe-416a-8b61-f7c962926db5,prca01,likert5,2,2,True,validated,0
16ddb9ba-54fe-416a-8b61-f7c962926db5,prca02,likert5,5,1,True,validated,1
16ddb9ba-54fe-416a-8b61-f7c962926db5,prca03,likert5,4,4,True,validated,0
16ddb9ba-54fe-416a-8b61-f7c962926db5,prca04,likert5,4,2,True,validated,1
16ddb9ba-54fe-416a-8b61-f7c962926db5,prca05,likert5,1,1,True,validated,0
16ddb9ba-54fe-416a-8b61-f7c962926db5,prca06,likert5,3,3,True,validated,1
16ddb9ba-54fe-416a-8b61-f7c962926db5,prca13,likert5,4,4,True,validated,0
16ddb9ba-54fe-416a-8b61-f7c962926db5,prca14,likert5,5,1,True,validated,1
16ddb9ba-54fe-416a-8b61-f7c962926db5,prca15,likert5,2,2,True,validated,0
16ddb9ba-54fe-416a-8b61-f7c962926db5,prca16,likert5,3,3,True,validated,1
16ddb9ba-54fe-416a-8b61-f7c962926db5,prca17,likert5,5,1,True,validated,1
16ddb9ba-54fe-416a-8b61-f7c962926db5,prca18,likert5,1,1,True,validated,0
008ae2dc-73b1-4a9d-a3a5-b90ba1f8c66f,prca01,likert5,2,2,True,validated,0
008ae2dc-73b1-4a9d-a3a5-b90ba1f8c66f,prca02,likert5,4,2,True,validated,1
008ae2dc-73b1-4a9d-a3a5-b90ba1f8c66f,prca03,likert5,4,4,True,validated,0
008ae2dc-73b1-4a9d-a3a5-b90ba1f8c66f,prca04,likert5,4,2,True,validated,1
008ae2dc-73b1-4a9d-a3a5-b90ba1f8c66f,prca05,likert5,4,4,True,validated,0
008ae2dc-73b1-4a9d-a3a5-b90ba1f8c66f,prca06,likert5,4,2,True,validated,1
008ae2dc-73b1-4a9d-a3a5-b90ba1f8c66f,prca13,likert5,5,5,True,validated,0
008ae2dc-73b1-4a9d-a3a5-b90ba1f8c66f,prca14,likert5,4,2,True,validated,1
008ae2dc-73b1-4a9d-a3a5-b90ba1f8c66f,prca15,likert5,5,5,True,validated,0
008ae2dc-73b1-4a9d-a3a5-b90ba1f8c66f,prca16,likert5,2,4,True,validated,1
008ae2dc-73b1-4a9d-a3a5-b90ba1f8c66f,prca17,likert5,3,3,True,validated,1
008ae2dc-73b1-4a9d-a3a5-b90ba1f8c66f,prca18,likert5,2,2,True,validated,0
da22a74a-b5cd-467d-bfd6-d546e08dbab0,prca01,likert5,3,3,True,validated,0
da22a74a-b5cd-467d-bfd6-d546e08dbab0,prca02,likert5,4,2,True,validated,1
da22a74a-b5cd-467d-bfd6-d546e08dbab0,prca03,likert5,5,5,True,validated,0
da22a74a-b5cd-467d-bfd6-d546e08dbab0,prca04,likert5,4,2,True,validated,1
da22a74a-b5cd-467d-bfd6-d546e08dbab0,prca05,likert5,3,3,True,validated,0
da22a74a-b5cd-467d-bfd6-d546e08dbab0,prca06,likert5,4,2,True,validated,1
da22a74a-b5cd-467d-bfd6-d546e08dbab0,prca13,likert5,3,3,True,validated,0
da22a74a-b5cd-467d-bfd6-d546e08dbab0,prca14,likert5,4,2,True,validated,1
da22a74a-b5cd-467d-bfd6-d546e08dbab0,prca15,likert5,5,5,True,validated,0
da22a74a-b5cd-467d-bfd6-d546e08dbab0,prca16,likert5,4,2,True,validated,1
da22a74a-b5cd-467d-bfd6-d546e08dbab0,prca17,likert5,3,3,True,validated,1
da22a74a-b5cd-467d-bfd6-d546e08dbab0,prca18,likert5,4,4,True,validated,0
a9d4958c-f8ce-4f71-8439-29b769eb8a01,prca01,likert5,2,2,True,validated,0
a9d4958c-f8ce-4f71-8439-29b769eb8a01,prca02,likert5,3,3,True,validated,1
a9d4958c-f8ce-4f71-8439-29b769eb8a01,prca03,likert5,2,2,True,validated,0
a9d4958c-f8ce-4f71-8439-29b769eb8a01,prca04,likert5,4,2,True,validated,1
a9d4958c-f8ce-4f71-8439-29b769eb8a01,prca05,likert5,1,1,True,validated,0
a9d4958c-f8ce-4f71-8439-29b769eb8a01,prca06,likert5,5,1,True,validated,1
a9d4958c-f8ce-4f71-8439-29b769eb8a01,prca13,likert5,1,1,True,validated,0
a9d4958c-f8ce-4f71-8439-29b769eb8a01,prca14,likert5,4,2,True,validated,1
a9d4958c-f8ce-4f71-8439-29b769eb8a01,prca15,likert5,4,4,True,validated,0
a9d4958c-f8ce-4f71-8439-29b769eb8a01,prca16,likert5,5,1,True,validated,1
a9d4958c-f8ce-4f71-8439-29b769eb8a01,prca17,likert5,3,3,True,validated,1
a9d4958c-f8ce-4f71-8439-29b769eb8a01,prca18,likert5,3,3,True,validated,0
b95b8a95-cf94-4044-8074-18d5d5308ff2,prca01,likert5,4,4,True,validated,0
b95b8a95-cf94-4044-8074-18d5d5308ff2,prca02,likert5,4,2,True,validated,1
b95b8a95-cf94-4044-8074-18d5d5308ff2,prca03,likert5,5,5,True,validated,0
b95b8a95-cf94-4044-8074-18d5d5308ff2,prca04,likert5,4,2,True,validated,1
b95b8a95-cf94-4044-8074-18d5d5308ff2,prca05,likert5,2,2,True,validated,0
b95b8a95-cf94-4044-8074-18d5d5308ff2,prca06,likert5,5,1,True,validated,1
b95b8a95-cf94-4044-8074-18d5d5308ff2,prca13,likert5,1,1,True,validated,0
b95b8a95-cf94-4044-8074-18d5d5308ff2,prca14,likert5,4,2,True,validated,1
b95b8a95-cf94-4044-8074-18d5d5308ff2,prca15,likert5,4,4,True,validated,0
b95b8a95-cf94-4044-8074-18d5d5308ff2,prca16,likert5,3,3,True,validated,1
b95b8a95-cf94-4044-8074-18d5d5308ff2,prca17,likert5,5,1,True,validated,1
b95b8a95-cf94-4044-8074-18d5d5308ff2,prca18,likert5,1,1,True,validated,0
46005d74-fe59-49f4-ab8c-3b9106a95d2f,prca01,likert5,4,4,True,validated,0
46005d74-fe59-49f4-ab8c-3b9106a95d2f,prca02,likert5,3,3,True,validated,1
46005d74-fe59-49f4-ab8c-3b9106a95d2f,prca03,likert5,3,3,True,validated,0
46005d74-fe59-49f4-ab8c-3b9106a95d2f,prca04,likert5,3,3,True,validated,1
46005d74-fe59-49f4-ab8c-3b9106a95d2f,prca05,likert5,2,2,True,validated,0
46005d74-fe59-49f4-ab8c-3b9106a95d2f,prca06,likert5,5,1,True,validated,1
46005d74-fe59-49f4-ab8c-3b9106a95d2f,prca13,likert5,3,3,True,validated,0
46005d74-fe59-49f4-ab8c-3b9106a95d2f,prca14,likert5,5) strongly agree,5,True,recode,1
46005d74-fe59-49f4-ab8c-3b9106a95d2f,prca15,likert5,4,4,True,validated,0
46005d74-fe59-49f4-ab8c-3b9106a95d2f,prca16,likert5,5,1,True,validated,1
46005d74-fe59-49f4-ab8c-3b9106a95d2f,prca17,likert5,4,2,True,validated,1
46005d74-fe59-49f4-ab8c-3b9106a95d2f,prca18,likert5,5,5,True,validated,0
1bbad43f-0a84-440f-95df-d2871aedb68b,prca01,likert5,2,2,True,validated,0
1bbad43f-0a84-440f-95df-d2871aedb68b,prca02,likert5,4,2,True,validated,1
1bbad43f-0a84-440f-95df-d2871aedb68b,prca03,likert5,3,3,True,validated,0
1bbad43f-0a84-440f-95df-d2871aedb68b,prca04,likert5,2,4,True,validated,1
1bbad43f-0a84-440f-95df-d2871aedb68b,prca05,likert5,1,1,True,validated,0
1bbad43f-0a84-440f-95df-d2871aedb68b,prca06,likert5,1,5,True,validated,1
1bbad43f-0a84-440f-95df-d2871aedb68b,prca13,likert5,2,2,True,validated,0
1bbad43f-0a84-440f-95df-d2871aedb68b,prca14,likert5,5,1,True,validated,1
1bbad43f-0a84-440f-95df-d2871aedb68b,prca15,likert5,1,1,True,validated,0
1bbad43f-0a84-440f-95df-d2871aedb68b,prca16,likert5,3,3,True,validated,1
1bbad43f-0a84-440f-95df-d2871aedb68b,prca17,likert5,5,1,True,validated,1
1bbad43f-0a84-440f-95df-d2871aedb68b,prca18,likert5,3,3,True,validated,0
d17c9d85-c19c-4135-ae9b-0634a346cbef,prca01,likert5,4,4,True,validated,0
d17c9d85-c19c-4135-ae9b-0634a346cbef,prca02,likert5,3,3,True,validated,1
d17c9d85-c19c-4135-ae9b-0634a346cbef,prca03,likert5,2,2,True,validated,0
d17c9d85-c19c-4135-ae9b-0634a346cbef,prca04,likert5,4,2,True,validated,1
d17c9d85-c19c-4135-ae9b-0634a346cbef,prca05,likert5,3,3,True,validated,0
d17c9d85-c19c-4135-ae9b-0634a346cbef,prca06,likert5,1,5,True,validated,1
d17c9d85-c19c-4135-ae9b-0634a346cbef,prca13,likert5,1,1,True,validated,0
d17c9d85-c19c-4135-ae9b-0634a346cbef,prca14,likert5,5) strongly agree,2,True,recode,1
d17c9d85-c19c-4135-ae9b-0634a346cbef,prca15,likert5,4,4,True,validated,0
d17c9d85-c19c-4135-ae9b-0634a346cbef,prca16,likert5,4,2,True,validated,1
d17c9d85-c19c-4135-ae9b-0634a346cbef,prca17,likert5,3,3,True,validated,1
d17c9d85-c19c-4135-ae9b-0634a346cbef,prca18,likert5,1,1,True,validated,0
ee64dd72-775b-4fe3-86eb-6f82a66ba183,prca01,likert5,4,4,True,validated,0
ee64dd72-775b-4fe3-86eb-6f82a66ba183,prca02,likert5,3,3,True,validated,1
ee64dd72-775b-4fe3-86eb-6f82a66ba183,prca03,likert5,3,3,True,validated,0
ee64dd72-775b-4fe3-86eb-6f82a66ba183,prca04,likert5,3,3,True,validated,1
ee64dd72-775b-4fe3-86eb-6f82a66ba183,prca05,likert5,2,2,True,validated,0
ee64dd72-775b-4fe3-86eb-6f82a66ba183,prca06,likert5,3,3,True,validated,1
ee64dd72-775b-4fe3-86eb-6f82a66ba183,prca13,likert5,5,5,True,validated,0
ee64dd72-775b-4fe3-86eb-6f82a66ba183,prca14,likert5,4,2,True,validated,1
ee64dd72-775b-4fe3-86eb-6f82a66ba183,prca15,likert5,4,4,True,validated,0
ee64dd72-775b-4fe3-86eb-6f82a66ba183,prca16,likert5,2,4,True,validated,1
ee64dd72-775b-4fe3-86eb-6f82a66ba183,prca17,likert5,1,5,True,validated,1
ee64dd72-775b-4fe3-86eb-6f82a66ba183,prca18,likert5,3,3,True,validated,0
bb8e423c-3aef-4121-b6d5-21367cd4745d,prca01,likert5,1,1,True,validated,0
bb8e423c-3aef-4121-b6d5-21367cd4745d,prca02,likert5,5,1,True,validated,1
bb8e423c-3aef-4121-b6d5-21367cd4745d,prca03,likert5,4,4,True,validated,0
bb8e423c-3aef-4121-b6d5-21367cd4745d,prca04,likert5,4,2,True,validated,1
bb8e423c-3aef-4121-b6d5-21367cd4745d,prca05,likert5,3,3,True,validated,0
bb8e423c-3aef-4121-b6d5-21367cd4745d,prca06,likert5,5,1,True,validated,1
bb8e423c-3aef-4121-b6d5-21367cd4745d,prca13,likert5,2,2,True,validated,0
bb8e423c-3aef-4121-b6d5-21367cd4745d,prca14,likert5,1,5,True,validated,1
bb8e423c-3aef-4121-b6d5-21367cd4745d,prca15,likert5,2,2,True,validated,0
bb8e423c-3aef-4121-b6d5-21367cd4745d,prca16,likert5,4,2,True,validated,1
bb8e423c-3aef-4121-b6d5-21367cd4745d,prca17,likert5,4,2,True,validated,1
bb8e423c-3aef-4121-b6d5-21367cd4745d,prca18,likert5,5) strongly agree,4,True,recode,0
91fbe1fa-f7e7-4432-9093-8860fba2345a,prca01,likert5,2,2,True,validated,0
91fbe1fa-f7e7-4432-9093-8860fba2345a,prca02,likert5,4,2,True,validated,1
91fbe1fa-f7e7-4432-9093-8860fba2345a,prca03,likert5,1,1,True,validated,0
91fbe1fa-f7e7-4432-9093-8860fba2345a,prca04,likert5,5) strongly agree,2,True,recode,1
91fbe1fa-f7e7-4432-9093-8860fba2345a,prca05,likert5,3,3,True,validated,0
91fbe1fa-f7e7-4432-9093-8860fba2345a,prca06,likert5,2,4,True,validated,1
91fbe1fa-f7e7-4432-9093-8860fba2345a,prca13,likert5,5,5,True,validated,0
91fbe1fa-f7e7-4432-9093-8860fba2345a,prca14,likert5,3,3,True,validated,1
91fbe1fa-f7e7-4432-9093-8860fba2345a,prca15,likert5,3,3,True,validated,0
91fbe1fa-f7e7-4432-9093-8860fba2345a,prca16,likert5,4,2,True,validated,1
91fbe1fa-f7e7-4432-9093-8860fba2345a,prca17,likert5,4,2,True,validated,1
91fbe1fa-f7e7-4432-9093-8860fba2345a,prca18,likert5,4,4,True,validated,0
b14603fc-a380-4757-b330-0f9b7fc4cab4,prca01,likert5,1,1,True,validated,0
b14603fc-a380-4757-b330-0f9b7fc4cab4,prca02,likert5,4,2,True,validated,1
b14603fc-a380-4757-b330-0f9b7fc4cab4,prca03,likert5,3,3,True,validated,0
b14603fc-a380-4757-b330-0f9b7fc4cab4,prca04,likert5,4,2,True,validated,1
b14603fc-a380-4757-b330-0f9b7fc4cab4,prca05,likert5,2,2,True,validated,0
b14603fc-a380-4757-b330-0f9b7fc4cab4,prca06,likert5,1,5,True,validated,1
b14603fc-a380-4757-b330-0f9b7fc4cab4,prca13,likert5,3,3,True,validated,0
b14603fc-a380-4757-b330-0f9b7fc4cab4,prca14,likert5,4,2,True,validated,1
b14603fc-a380-4757-b330-0f9b7fc4cab4,prca15,likert5,4,4,True,validated,0
b14603fc-a380-4757-b330-0f9b7fc4cab4,prca16,likert5,3,3,True,validated,1
b14603fc-a380-4757-b330-0f9b7fc4cab4,prca17,likert5,1,5,True,validated,1
b14603fc-a380-4757-b330-0f9b7fc4cab4,prca18,likert5,2,2,True,validated,0
72b77a42-6f94-47ef-9906-c4f774605c07,prca01,likert5,4,4,True,validated,0
72b77a42-6f94-47ef-9906-c4f774605c07,prca02,likert5,3,3,True,validated,1
72b77a42-6f94-47ef-9906-c4f774605c07,prca03,likert5,4,4,True,validated,0
72b77a42-6f94-47ef-9906-c4f774605c07,prca04,likert5,1,5,True,validated,1
72b77a42-6f94-47ef-9906-c4f774605c07,prca05,likert5,2,2,True,validated,0
72b77a42-6f94-47ef-9906-c4f774605c07,prca06,likert5,3,3,True,validated,1
72b77a42-6f94-47ef-9906-c4f774605c07,prca13,likert5,4,4,True,validated,0
72b77a42-6f94-47ef-9906-c4f774605c07,prca14,likert5,2,4,True,validated,1
72b77a42-6f94-47ef-9906-c4f774605c07,prca15,likert5,2,2,True,validated,0
72b77a42-6f94-47ef-9906-c4f774605c07,prca16,likert5,4,2,True,validated,1
72b77a42-6f94-47ef-9906-c4f774605c07,prca17,likert5,5,1,True,validated,1
72b77a42-6f94-47ef-9906-c4f774605c07,prca18,likert5,5) strongly agree,4,True,recode,0
0f062765-7efd-4c41-a137-1631550d744c,prca01,likert5,1,1,True,validated,0
0f062765-7efd-4c41-a137-1631550d744c,prca02,likert5,2,4,True,validated,1
0f062765-7efd-4c41-a137-1631550d744c,prca03,likert5,4,4,True,validated,0
0f062765-7efd-4c41-a137-1631550d744c,prca04,likert5,4,2,True,validated,1
0f062765-7efd-4c41-a137-1631550d744c,prca05,likert5,4,4,True,validated,0
0f062765-7efd-4c41-a137-1631550d744c,prca06,likert5,2,4,True,validated,1
0f062765-7efd-4c41-a137-1631550d744c,prca13,likert5,3,3,True,validated,0
0f062765-7efd-4c41-a137-1631550d744c,prca14,likert5,5,1,True,validated,1
0f062765-7efd-4c41-a137-1631550d744c,prca15,likert5,2,2,True,validated,0
0f062765-7efd-4c41-a137-1631550d744c,prca16,likert5,4,2,True,validated,1
0f062765-7efd-4c41-a137-1631550d744c,prca17,likert5,3,3,True,validated,1
0f062765-7efd-4c41-a137-1631550d744c,prca18,likert5,2,2,True,validated,0
aec7eac4-8722-4479-ab4c-9bac60cc730f,prca01,likert5,2,2,True,validated,0
aec7eac4-8722-4479-ab4c-9bac60cc730f,prca02,likert5,5,1,True,validated,1
aec7eac4-8722-4479-ab4c-9bac60cc730f,prca03,likert5,2,2,True,validated,0
aec7eac4-8722-4479-ab4c-9bac60cc730f,prca04,likert5,2,4,True,validated,1
aec7eac4-8722-4479-ab4c-9bac60cc730f,prca05,likert5,3,3,True,validated,0
aec7eac4-8722-4479-ab4c-9bac60cc730f,prca06,likert5,3,3,True,validated,1
aec7eac4-8722-4479-ab4c-9bac60cc730f,prca13,likert5,1,1,True,validated,0
aec7eac4-8722-4479-ab4c-9bac60cc730f,prca14,likert5,3,3,True,validated,1
aec7eac4-8722-4479-ab4c-9bac60cc730f,prca15,likert5,2,2,True,validated,0
aec7eac4-8722-4479-ab4c-9bac60cc730f,prca16,likert5,4,2,True,validated,1
aec7eac4-8722-4479-ab4c-9bac60cc730f,prca17,likert5,2,4,True,validated,1
aec7eac4-8722-4479-ab4c-9bac60cc730f,prca18,likert5,4,4,True,validated,0
516dfc05-a233-4abf-98a1-7360b5f74496,prca01,likert5,5,5,True,validated,0
516dfc05-a233-4abf-98a1-7360b5f74496,prca02,likert5,1,5,True,validated,1
516dfc05-a233-4abf-98a1-7360b5f74496,prca03,likert5,3,3,True,validated,0
516dfc05-a233-4abf-98a1-7360b5f74496,prca04,likert5,2,4,True,validated,1
516dfc05-a233-4abf-98a1-7360b5f74496,prca05,likert5,1,1,True,validated,0
516dfc05-a233-4abf-98a1-7360b5f74496,prca06,likert5,3,3,True,validated,1
516dfc05-a233-4abf-98a1-7360b5f74496,prca13,likert5,3,3,True,validated,0
516dfc05-a233-4abf-98a1-7360b5f74496,prca14,likert5,1,5,True,validated,1
516dfc05-a233-4abf-98a1-7360b5f74496,prca15,likert5,3,3,True,validated,0
516dfc05-a233-4abf-98a1-7360b5f74496,prca16,likert5,3,3,True,validated,1
516dfc05-a233-4abf-98a1-7360b5f74496,prca17,likert5,3,3,True,validated,1
516dfc05-a233-4abf-98a1-7360b5f74496,prca18,likert5,3,3,True,validated,0
c047cb69-d72a-4fcf-b47e-1a4f624fb731,prca01,likert5,5,5,True,validated,0
c047cb69-d72a-4fcf-b47e-1a4f624fb731,prca02,likert5,2,4,True,validated,1
c047cb69-d72a-4fcf-b47e-1a4f624fb731,prca03,likert5,4,4,True,validated,0
c047cb69-d72a-4fcf-b47e-1a4f624fb731,prca04,likert5,1,5,True,validated,1
c047cb69-d72a-4fcf-b47e-1a4f624fb731,prca05,likert5,1,1,True,validated,0
c047cb69-d72a-4fcf-b47e-1a4f624fb731,prca06,likert5,4,2,True,validated,1
c047cb69-d72a-4fcf-b47e-1a4f624fb731,prca13,likert5,4,4,True,validated,0
c047cb69-d72a-4fcf-b47e-1a4f624fb731,prca14,likert5,5,1,True,validated,1
c047cb69-d72a-4fcf-b47e-1a4f624fb731,prca15,likert5,5,5,True,validated,0
c047cb69-d72a-4fcf-b47e-1a4f624fb731,prca16,likert5,4,2,True,validated,1
c047cb69-d72a-4fcf-b47e-1a4f624fb731,prca17,likert5,5,1,True,validated,1
c047cb69-d72a-4fcf-b47e-1a4f624fb731,prca18,likert5,3,3,True,validated,0
7deec089-c4f5-41ad-97ba-ccabe584fb7c,prca01,likert5,4,4,True,validated,0
7deec089-c4f5-41ad-97ba-ccabe584fb7c,prca02,likert5,3,3,True,validated,1
7deec089-c4f5-41ad-97ba-ccabe584fb7c,prca03,likert5,4,4,True,validated,0
7deec089-c4f5-41ad-97ba-ccabe584fb7c,prca04,likert5,3,3,True,validated,1
7deec089-c4f5-41ad-97ba-ccabe584fb7c,prca05,likert5,4,4,True,validated,0
7deec089-c4f5-41ad-97ba-ccabe584fb7c,prca06,likert5,1,5,True,validated,1
7deec089-c4f5-41ad-97ba-ccabe584fb7c,prca13,likert5,4,4,True,validated,0
7deec089-c4f5-41ad-97ba-ccabe584fb7c,prca14,likert5,3,3,True,validated,1
7deec089-c4f5-41ad-97ba-ccabe584fb7c,prca15,likert5,4,4,True,validated,0
7deec089-c4f5-41ad-97ba-ccabe584fb7c,prca16,likert5,1,5,True,validated,1
7deec089-c4f5-41ad-97ba-ccabe584fb7c,prca17,likert5,1,5,True,validated,1
7deec089-c4f5-41ad-97ba-ccabe584fb7c,prca18,likert5,1,1,True,validated,0
ed34ee49-ec1c-4623-bb84-907d1d9247b5,prca01,likert5,5,5,True,validated,0
ed34ee49-ec1c-4623-bb84-907d1d9247b5,prca02,likert5,5,1,True,validated,1
ed34ee49-ec1c-4623-bb84-907d1d9247b5,prca03,likert5,2,2,True,validated,0
ed34ee49-ec1c-4623-bb84-907d1d9247b5,prca04,likert5,4,2,True,validated,1
ed34ee49-ec1c-4623-bb84-907d1d9247b5,prca05,likert5,4,4,True,validated,0
ed34ee49-ec1c-4623-bb84-907d1d9247b5,prca06,likert5,5,1,True,validated,1
ed34ee49-ec1c-4623-bb84-907d1d9247b5,prca13,likert5,4,4,True,validated,0
ed34ee49-ec1c-4623-bb84-907d1d9247b5,prca14,likert5,3,3,True,validated,1
ed34ee49-ec1c-4623-bb84-907d1d9247b5,prca15,likert5,3,3,True,validated,0
ed34ee49-ec1c-4623-bb84-907d1d9247b5,prca16,likert5,5,1,True,validated,1
ed34ee49-ec1c-4623-bb84-907d1d9247b5,prca17,likert5,2,4,True,validated,1
ed34ee49-ec1c-4623-bb84-907d1d9247b5,prca18,likert5,3,3,True,validated,0
61c1d413-ecdf-458b-97cf-380179a06843,prca01,likert5,3,3,True,validated,0
61c1d413-ecdf-458b-97cf-380179a06843,prca02,likert5,3,3,True,validated,1
61c1d413-ecdf-458b-97cf-380179a06843,prca03,likert5,5,5,True,validated,0
61c1d413-ecdf-458b-97cf-380179a06843,prca04,likert5,4,2,True,validated,1
61c1d413-ecdf-458b-97cf-380179a06843,prca05,likert5,4,4,True,validated,0
61c1d413-ecdf-458b-97cf-380179a06843,prca06,likert5,4,2,True,validated,1
61c1d413-ecdf-458b-97cf-380179a06843,prca13,likert5,1,1,True,validated,0
61c1d413-ecdf-458b-97cf-380179a06843,prca14,likert5,2,4,True,validated,1
61c1d413-ecdf-458b-97cf-380179a06843,prca15,likert5,5,5,True,validated,0
61c1d413-ecdf-458b-97cf-380179a06843,prca16,likert5,4,2,True,validated,1
61c1d413-ecdf-458b-97cf-380179a06843,prca17,likert5,2,4,True,validated,1
61c1d413-ecdf-458b-97cf-380179a06843,prca18,likert5,3,3,True,validated,0
50ca4a0b-59de-4d72-ad35-b4d5f8064475,prca01,likert5,4,4,True,validated,0
50ca4a0b-59de-4d72-ad35-b4d5f8064475,prca02,likert5,4,2,True,validated,1
50ca4a0b-59de-4d72-ad35-b4d5f8064475,prca03,likert5,5,5,True,validated,0
50ca4a0b-59de-4d72-ad35-b4d5f8064475,prca04,likert5,4,2,True,validated,1
50ca4a0b-59de-4d72-ad35-b4d5f8064475,prca05,likert5,3,3,True,validated,0
50ca4a0b-59de-4d72-ad35-b4d5f8064475,prca06,likert5,3,3,True,validated,1
50ca4a0b-59de-4d72-ad35-b4d5f8064475,prca13,likert5,2,2,True,validated,0
50ca4a0b-59de-4d72-ad35-b4d5f8064475,prca14,likert5,1,5,True,validated,1
50ca4a0b-59de-4d72-ad35-b4d5f8064475,prca15,likert5,4,4,True,validated,0
50ca4a0b-59de-4d72-ad35-b4d5f8064475,prca16,likert5,4,2,True,validated,1
50ca4a0b-59de-4d72-ad35-b4d5f8064475,prca17,likert5,3,3,True,validated,1
50ca4a0b-59de-4d72-ad35-b4d5f8064475,prca18,likert5,5,5,True,validated,0
9fd8e523-6ff1-4d71-8758-e4eca1ced9d8,prca01,likert5,2,2,True,validated,0
9fd8e523-6ff1-4d71-8758-e4eca1ced9d8,prca02,likert5,3,3,True,validated,1
9fd8e523-6ff1-4d71-8758-e4eca1ced9d8,prca03,likert5,5,5,True,validated,0
9fd8e523-6ff1-4d71-8758-e4eca1ced9d8,prca04,likert5,3,3,True,validated,1
9fd8e523-6ff1-4d71-8758-e4eca1ced9d8,prca05,likert5,2,2,True,validated,0
9fd8e523-6ff1-4d71-8758-e4eca1ced9d8,prca06,likert5,4,2,True,validated,1
9fd8e523-6ff1-4d71-8758-e4eca1ced9d8,prca13,likert5,5,5,True,validated,0
9fd8e523-6ff1-4d71-8758-e4eca1ced9d8,prca14,likert5,5,1,True,validated,1
9fd8e523-6ff1-4d71-8758-e4eca1ced9d8,prca15,likert5,3,3,True,validated,0
9fd8e523-6ff1-4d71-8758-e4eca1ced9d8,prca16,likert5,3,3,True,validated,1
9fd8e523-6ff1-4d71-8758-e4eca1ced9d8,prca17,likert5,3,3,True,validated,1
9fd8e523-6ff1-4d71-8758-e4eca1ced9d8,prca18,likert5,2,2,True,validated,0
813cf7fe-0022-4fdf-999c-09efbde93ca4,prca01,likert5,2,2,True,validated,0
813cf7fe-0022-4fdf-999c-09efbde93ca4,prca02,likert5,4,2,True,validated,1
813cf7fe-0022-4fdf-999c-09efbde93ca4,prca03,likert5,3,3,True,validated,0
813cf7fe-0022-4fdf-999c-09efbde93ca4,prca04,likert5,4,2,True,validated,1
813cf7fe-0022-4fdf-999c-09efbde93ca4,prca05,likert5,4,4,True,validated,0
813cf7fe-0022-4fdf-999c-09efbde93ca4,prca06,likert5,5,1,True,validated,1
813cf7fe-0022-4fdf-999c-09efbde93ca4,prca13,likert5,2,2,True,validated,0
813cf7fe-0022-4fdf-999c-09efbde93ca4,prca14,likert5,5,1,True,validated,1
813cf7fe-0022-4fdf-999c-09efbde93ca4,prca15,likert5,1,1,True,validated,0
813cf7fe-0022-4fdf-999c-09efbde93ca4,prca16,likert5,5,1,True,validated,1
813cf7fe-0022-4fdf-999c-09efbde93ca4,prca17,likert5,5,1,True,validated,1
813cf7fe-0022-4fdf-999c-09efbde93ca4,prca18,likert5,4,4,True,validated,0
6738a75d-982a-4e3f-9e89-b648bfdfde82,prca01,likert5,3,3,True,validated,0
6738a75d-982a-4e3f-9e89-b648bfdfde82,prca02,likert5,5,1,True,validated,1
6738a75d-982a-4e3f-9e89-b648bfdfde82,prca03,likert5,3,3,True,validated,0
6738a75d-982a-4e3f-9e89-b648bfdfde82,prca04,likert5,4,2,True,validated,1
6738a75d-982a-4e3f-9e89-b648bfdfde82,prca05,likert5,3,3,True,validated,0
6738a75d-982a-4e3f-9e89-b648bfdfde82,prca06,likert5,1,5,True,validated,1
6738a75d-982a-4e3f-9e89-b648bfdfde82,prca13,likert5,3,3,True,validated,0
6738a75d-982a-4e3f-9e89-b648bfdfde82,prca14,likert5,5) strongly agree,2,True,recode,1
6738a75d-982a-4e3f-9e89-b648bfdfde82,prca15,likert5,5,5,True,validated,0
6738a75d-982a-4e3f-9e89-b648bfdfde82,prca16,likert5,4,2,True,validated,1
6738a75d-982a-4e3f-9e89-b648bfdfde82,prca17,likert5,4,2,True,validated,1
6738a75d-982a-4e3f-9e89-b648bfdfde82,prca18,likert5,2,2,True,validated,0
ec1ebec8-d09c-4ef2-a2b1-143da9fa731d,prca01,likert5,2,2,True,validated,0
ec1ebec8-d09c-4ef2-a2b1-143da9fa731d,prca02,likert5,5,1,True,validated,1
ec1ebec8-d09c-4ef2-a2b1-143da9fa731d,prca03,likert5,2,2,True,validated,0
ec1ebec8-d09c-4ef2-a2b1-143da9fa731d,prca04,likert5,3,3,True,validated,1
ec1ebec8-d09c-4ef2-a2b1-143da9fa731d,prca05,likert5,1,1,True,validated,0
ec1ebec8-d09c-4ef2-a2b1-143da9fa731d,prca06,likert5,4,2,True,validated,1
ec1ebec8-d09c-4ef2-a2b1-143da9fa731d,prca13,likert5,1,1,True,validated,0
ec1ebec8-d09c-4ef2-a2b1-143da9fa731d,prca14,likert5,4,2,True,validated,1
ec1ebec8-d09c-4ef2-a2b1-143da9fa731d,prca15,likert5,4,4,True,validated,0
ec1ebec8-d09c-4ef2-a2b1-143da9fa731d,prca16,likert5,1,5,True,validated,1
ec1ebec8-d09c-4ef2-a2b1-143da9fa731d,prca17,likert5,1,5,True,validated,1
ec1ebec8-d09c-4ef2-a2b1-143da9fa731d,prca18,likert5,2,2,True,validated,0
904e0da4-de69-4237-83d2-6705d7028133,prca01,likert5,3,3,True,validated,0
904e0da4-de69-4237-83d2-6705d7028133,prca02,likert5,1,5,True,validated,1
904e0da4-de69-4237-83d2-6705d7028133,prca03,likert5,1,1,True,validated,0
904e0da4-de69-4237-83d2-6705d7028133,prca04,likert5,1,5,True,validated,1
904e0da4-de69-4237-83d2-6705d7028133,prca05,likert5,3,3,True,validated,0
904e0da4-de69-4237-83d2-6705d7028133,prca06,likert5,1,5,True,validated,1
904e0da4-de69-4237-83d2-6705d7028133,prca13,likert5,3,3,True,validated,0
904e0da4-de69-4237-83d2-6705d7028133,prca14,likert5,4,2,True,validated,1
904e0da4-de69-4237-83d2-6705d7028133,prca15,likert5,4,4,True,validated,0
904e0da4-de69-4237-83d2-6705d7028133,prca16,likert5,4,2,True,validated,1
904e0da4-de69-4237-83d2-6705d7028133,prca17,likert5,4,2,True,validated,1
904e0da4-de69-4237-83d2-6705d7028133,prca18,likert5,5,5,True,validated,0
6b090f03-aac2-4616-99d7-f9e8fd59f622,prca01,likert5,3,3,True,validated,0
6b090f03-aac2-4616-99d7-f9e8fd59f622,prca02,likert5,5,1,True,validated,1
6b090f03-aac2-4616-99d7-f9e8fd59f622,prca03,likert5,2,2,True,validated,0
6b090f03-aac2-4616-99d7-f9e8fd59f622,prca04,likert5,4,2,True,validated,1
6b090f03-aac2-4616-99d7-f9e8fd59f622,prca05,likert5,4,4,True,validated,0
6b090f03-aac2-4616-99d7-f9e8fd59f622,prca06,likert5,3,3,True,validated,1
6b090f03-aac2-4616-99d7-f9e8fd59f622,prca13,likert5,4,4,True,validated,0
6b090f03-aac2-4616-99d7-f9e8fd59f622,prca14,likert5,4,2,True,validated,1
6b090f03-aac2-4616-99d7-f9e8fd59f622,prca15,likert5,2,2,True,validated,0
6b090f03-aac2-4616-99d7-f9e8fd59f622,prca16,likert5,4,2,True,validated,1
6b090f03-aac2-4616-99d7-f9e8fd59f622,prca17,likert5,5,1,True,validated,1
6b090f03-aac2-4616-99d7-f9e8fd59f622,prca18,likert5,2,2,True,validated,0
01a0ef30-a06c-4570-b8dc-0e000807b437,prca01,likert5,5,5,True,validated,0
01a0ef30-a06c-4570-b8dc-0e000807b437,prca02,likert5,3,3,True,validated,1
01a0ef30-a06c-4570-b8dc-0e000807b437,prca03,likert5,5,5,True,validated,0
01a0ef30-a06c-4570-b8dc-0e000807b437,prca04,likert5,3,3,True,validated,1
01a0ef30-a06c-4570-b8dc-0e000807b437,prca05,likert5,4,4,True,validated,0
01a0ef30-a06c-4570-b8dc-0e000807b437,prca06,likert5,4,2,True,validated,1
01a0ef30-a06c-4570-b8dc-0e000807b437,prca13,likert5,2,2,True,validated,0
01a0ef30-a06c-4570-b8dc-0e000807b437,prca14,likert5,1,5,True,validated,1
01a0ef30-a06c-4570-b8dc-0e000807b437,prca15,likert5,3,3,True,validated,0
01a0ef30-a06c-4570-b8dc-0e000807b437,prca16,likert5,3,3,True,validated,1
01a0ef30-a06c-4570-b8dc-0e000807b437,prca17,likert5,4,2,True,validated,1
01a0ef30-a06c-4570-b8dc-0e000807b437,prca18,likert5,3,3,True,validated,0
3357cfd6-07f4-4b81-a014-0844af87e6a4,prca01,likert5,3,3,True,validated,0
3357cfd6-07f4-4b81-a014-0844af87e6a4,prca02,likert5,5,1,True,validated,1
3357cfd6-07f4-4b81-a014-0844af87e6a4,prca03,likert5,4,4,True,validated,0
3357cfd6-07f4-4b81-a014-0844af87e6a4,prca04,likert5,3,3,True,validated,1
3357cfd6-07f4-4b81-a014-0844af87e6a4,prca05,likert5,4,4,True,validated,0
3357cfd6-07f4-4b81-a014-0844af87e6a4,prca06,likert5,4,2,True,validated,1
3357cfd6-07f4-4b81-a014-0844af87e6a4,prca13,likert5,4,4,True,validated,0
3357cfd6-07f4-4b81-a014-0844af87e6a4,prca14,likert5,5,1,True,validated,1
3357cfd6-07f4-4b81-a014-0844af87e6a4,prca15,likert5,4,4,True,validated,0
3357cfd6-07f4-4b81-a014-0844af87e6a4,prca16,likert5,3,3,True,validated,1
3357cfd6-07f4-4b81-a014-0844af87e6a4,prca17,likert5,3,3,True,validated,1
3357cfd6-07f4-4b81-a014-0844af87e6a4,prca18,likert5,5,5,True,validated,0
8e9f56bd-4bce-4a7c-bee6-180baea29080,prca01,likert5,1,1,True,validated,0
8e9f56bd-4bce-4a7c-bee6-180baea29080,prca02,likert5,2,4,True,validated,1
8e9f56bd-4bce-4a7c-bee6-180baea29080,prca03,likert5,3,3,True,validated,0
8e9f56bd-4bce-4a7c-bee6-180baea29080,prca04,likert5,5,1,True,validated,1
8e9f56bd-4bce-4a7c-bee6-180baea29080,prca05,likert5,4,4,True,validated,0
8e9f56bd-4bce-4a7c-bee6-180baea29080,prca06,likert5,5,1,True,validated,1
8e9f56bd-4bce-4a7c-bee6-180baea29080,prca13,likert5,3,3,True,validated,0
8e9f56bd-4bce-4a7c-bee6-180baea29080,prca14,likert5,4,2,True,validated,1
8e9f56bd-4bce-4a7c-bee6-180baea29080,prca15,likert5,2,2,True,validated,0
8e9f56bd-4bce-4a7c-bee6-180baea29080,prca16,likert5,5,1,True,validated,1
8e9f56bd-4bce-4a7c-bee6-180baea29080,prca17,likert5,4,2,True,validated,1
8e9f56bd-4bce-4a7c-bee6-180baea29080,prca18,likert5,5) strongly agree,4,True,recode,0
6cb8272b-35fe-4dbc-a2d6-8cf69470053e,prca01,likert5,4,4,True,validated,0
6cb8272b-35fe-4dbc-a2d6-8cf69470053e,prca02,likert5,3,3,True,validated,1
6cb8272b-35fe-4dbc-a2d6-8cf69470053e,prca03,likert5,3,3,True,validated,0
6cb8272b-35fe-4dbc-a2d6-8cf69470053e,prca04,likert5,4,2,True,validated,1
6cb8272b-35fe-4dbc-a2d6-8cf69470053e,prca05,likert5,3,3,True,validated,0
6cb8272b-35fe-4dbc-a2d6-8cf69470053e,prca06,likert5,4,2,True,validated,1
6cb8272b-35fe-4dbc-a2d6-8cf69470053e,prca13,likert5,2,2,True,validated,0
6cb8272b-35fe-4dbc-a2d6-8cf69470053e,prca14,likert5,2,4,True,validated,1
6cb8272b-35fe-4dbc-a2d6-8cf69470053e,prca15,likert5,5,5,True,validated,0
6cb8272b-35fe-4dbc-a2d6-8cf69470053e,prca16,likert5,2,4,True,validated,1
6cb8272b-35fe-4dbc-a2d6-8cf69470053e,prca17,likert5,4,2,True,validated,1
6cb8272b-35fe-4dbc-a2d6-8cf69470053e,prca18,likert5,3,3,True,validated,0
70cf968c-a104-4e13-a7a9-11c1b194c96d,prca01,likert5,1,1,True,validated,0
70cf968c-a104-4e13-a7a9-11c1b194c96d,prca02,likert5,4,2,True,validated,1
70cf968c-a104-4e13-a7a9-11c1b194c96d,prca03,likert5,1,1,True,validated,0
70cf968c-a104-4e13-a7a9-11c1b194c96d,prca04,likert5,4,2,True,validated,1
70cf968c-a104-4e13-a7a9-11c1b194c96d,prca05,likert5,1,1,True,validated,0
70cf968c-a104-4e13-a7a9-11c1b194c96d,prca06,likert5,4,2,True,validated,1
70cf968c-a104-4e13-a7a9-11c1b194c96d,prca13,likert5,1,1,True,validated,0
70cf968c-a104-4e13-a7a9-11c1b194c96d,prca14,likert5,4,2,True,validated,1
70cf968c-a104-4e13-a7a9-11c1b194c96d,prca15,likert5,3,3,True,validated,0
70cf968c-a104-4e13-a7a9-11c1b194c96d,prca16,likert5,3,3,True,validated,1
70cf968c-a104-4e13-a7a9-11c1b194c96d,prca17,likert5,3,3,True,validated,1
70cf968c-a104-4e13-a7a9-11c1b194c96d,prca18,likert5,5,5,True,validated,0
1ab409e1-aff7-4cb0-9cee-f37733dbe7d7,prca01,likert5,5,5,True,validated,0
1ab409e1-aff7-4cb0-9cee-f37733dbe7d7,prca02,likert5,1,5,True,validated,1
1ab409e1-aff7-4cb0-9cee-f37733dbe7d7,prca03,likert5,2,2,True,validated,0
1ab409e1-aff7-4cb0-9cee-f37733dbe7d7,prca04,likert5,3,3,True,validated,1
1ab409e1-aff7-4cb0-9cee-f37733dbe7d7,prca05,likert5,4,4,True,validated,0
1ab409e1-aff7-4cb0-9cee-f37733dbe7d7,prca06,likert5,2,4,True,validated,1
1ab409e1-aff7-4cb0-9cee-f37733dbe7d7,prca13,likert5,4,4,True,validated,0
1ab409e1-aff7-4cb0-9cee-f37733dbe7d7,prca14,likert5,3,3,True,validated,1
1ab409e1-aff7-4cb0-9cee-f37733dbe7d7,prca15,likert5,2,2,True,validated,0
1ab409e1-aff7-4cb0-9cee-f37733dbe7d7,prca16,likert5,4,2,True,validated,1
1ab409e1-aff7-4cb0-9cee-f37733dbe7d7,prca17,likert5,4,2,True,validated,1
1ab409e1-aff7-4cb0-9cee-f37733dbe7d7,prca18,likert5,3,3,True,validated,0
947ebed5-1c44-49c0-9234-8ff803f5feee,prca01,likert5,3,3,True,validated,0
947ebed5-1c44-49c0-9234-8ff803f5feee,prca02,likert5,4,2,True,validated,1
947ebed5-1c44-49c0-9234-8ff803f5feee,prca03,likert5,4,4,True,validated,0
947ebed5-1c44-49c0-9234-8ff803f5feee,prca04,likert5,4,2,True,validated,1
947ebed5-1c44-49c0-9234-8ff803f5feee,prca05,likert5,3,3,True,validated,0
947ebed5-1c44-49c0-9234-8ff803f5feee,prca06,likert5,5,1,True,validated,1
947ebed5-1c44-49c0-9234-8ff803f5feee,prca13,likert5,5,5,True,validated,0
947ebed5-1c44-49c0-9234-8ff803f5feee,prca14,likert5,2,4,True,validated,1
947ebed5-1c44-49c0-9234-8ff803f5feee,prca15,likert5,4,4,True,validated,0
947ebed5-1c44-49c0-9234-8ff803f5feee,prca16,likert5,5,1,True,validated,1
947ebed5-1c44-49c0-9234-8ff803f5feee,prca17,likert5,5,1,True,validated,1
947ebed5-1c44-49c0-9234-8ff803f5feee,prca18,likert5,4,4,True,validated,0
86a67dc9-3c87-4535-a3bf-0dc1365d3912,prca01,likert5,4,4,True,validated,0
86a67dc9-3c87-4535-a3bf-0dc1365d3912,prca02,likert5,2,4,True,validated,1
86a67dc9-3c87-4535-a3bf-0dc1365d3912,prca03,likert5,5,5,True,validated,0
86a67dc9-3c87-4535-a3bf-0dc1365d3912,prca04,likert5,4,2,True,validated,1
86a67dc9-3c87-4535-a3bf-0dc1365d3912,prca05,likert5,1,1,True,validated,0
86a67dc9-3c87-4535-a3bf-0dc1365d3912,prca06,likert5,5,1,True,validated,1
86a67dc9-3c87-4535-a3bf-0dc1365d3912,prca13,likert5,4,4,True,validated,0
86a67dc9-3c87-4535-a3bf-0dc1365d3912,prca14,likert5,5,1,True,validated,1
86a67dc9-3c87-4535-a3bf-0dc1365d3912,prca15,likert5,3,3,True,validated,0
86a67dc9-3c87-4535-a3bf-0dc1365d3912,prca16,likert5,4,2,True,validated,1
86a67dc9-3c87-4535-a3bf-0dc1365d3912,prca17,likert5,5,1,True,validated,1
86a67dc9-3c87-4535-a3bf-0dc1365d3912,prca18,likert5,1,1,True,validated,0
a7225c40-b4a8-473c-8e90-732605371815,prca01,likert5,2,2,True,validated,0
a7225c40-b4a8-473c-8e90-732605371815,prca02,likert5,2,4,True,validated,1
a7225c40-b4a8-473c-8e90-732605371815,prca03,likert5,1,1,True,validated,0
a7225c40-b4a8-473c-8e90-732605371815,prca04,likert5,3,3,True,validated,1
a7225c40-b4a8-473c-8e90-732605371815,prca05,likert5,3,3,True,validated,0
a7225c40-b4a8-473c-8e90-732605371815,prca06,likert5,5,1,True,validated,1
a7225c40-b4a8-473c-8e90-732605371815,prca13,likert5,3,3,True,validated,0
a7225c40-b4a8-473c-8e90-732605371815,prca14,likert5,1,5,True,validated,1
a7225c40-b4a8-473c-8e90-732605371815,prca15,likert5,3,3,True,validated,0
a7225c40-b4a8-473c-8e90-732605371815,prca16,likert5,2,4,True,validated,1
a7225c40-b4a8-473c-8e90-732605371815,prca17,likert5,4,2,True,validated,1
a7225c40-b4a8-473c-8e90-732605371815,prca18,likert5,3,3,True,validated,0
f240c4fb-6496-4bd8-a60e-154ff4ef0458,prca01,likert5,4,4,True,validated,0
f240c4fb-6496-4bd8-a60e-154ff4ef0458,prca02,likert5,4,2,True,validated,1
f240c4fb-6496-4bd8-a60e-154ff4ef0458,prca03,likert5,1,1,True,validated,0
f240c4fb-6496-4bd8-a60e-154ff4ef0458,prca04,likert5,4,2,True,validated,1
f240c4fb-6496-4bd8-a60e-154ff4ef0458,prca05,likert5,3,3,True,validated,0
f240c4fb-6496-4bd8-a60e-154ff4ef0458,prca06,likert5,5) strongly agree,2,True,recode,1
f240c4fb-6496-4bd8-a60e-154ff4ef0458,prca13,likert5,5,5,True,validated,0
f240c4fb-6496-4bd8-a60e-154ff4ef0458,prca14,likert5,3,3,True,validated,1
f240c4fb-6496-4bd8-a60e-154ff4ef0458,prca15,likert5,2,2,True,validated,0
f240c4fb-6496-4bd8-a60e-154ff4ef0458,prca16,likert5,2,4,True,validated,1
f240c4fb-6496-4bd8-a60e-154ff4ef0458,prca17,likert5,1,5,True,validated,1
f240c4fb-6496-4bd8-a60e-154ff4ef0458,prca18,likert5,3,3,True,validated,0
715082f8-9bf4-470b-9a53-5fa6b8c1e6a4,prca01,likert5,3,3,True,validated,0
715082f8-9bf4-470b-9a53-5fa6b8c1e6a4,prca02,likert5,5,1,True,validated,1
715082f8-9bf4-470b-9a53-5fa6b8c1e6a4,prca03,likert5,4,4,True,validated,0
715082f8-9bf4-470b-9a53-5fa6b8c1e6a4,prca04,likert5,1,5,True,validated,1
715082f8-9bf4-470b-9a53-5fa6b8c1e6a4,prca05,likert5,4,4,True,validated,0
715082f8-9bf4-470b-9a53-5fa6b8c1e6a4,prca06,likert5,3,3,True,validated,1
715082f8-9bf4-470b-9a53-5fa6b8c1e6a4,prca13,likert5,3,3,True,validated,0
715082f8-9bf4-470b-9a53-5fa6b8c1e6a4,prca14,likert5,3,3,True,validated,1
715082f8-9bf4-470b-9a53-5fa6b8c1e6a4,prca15,likert5,1,1,True,validated,0
715082f8-9bf4-470b-9a53-5fa6b8c1e6a4,prca16,likert5,4,2,True,validated,1
715082f8-9bf4-470b-9a53-5fa6b8c1e6a4,prca17,likert5,4,2,True,validated,1
715082f8-9bf4-470b-9a53-5fa6b8c1e6a4,prca18,likert5,3,3,True,validated,0
f1504272-3a9a-42e7-bfea-4f86e44dd781,prca01,likert5,5,5,True,validated,0
f1504272-3a9a-42e7-bfea-4f86e44dd781,prca02,likert5,3,3,True,validated,1
f1504272-3a9a-42e7-bfea-4f86e44dd781,prca03,likert5,3,3,True,validated,0
f1504272-3a9a-42e7-bfea-4f86e44dd781,prca04,likert5,5,1,True,validated,1
f1504272-3a9a-42e7-bfea-4f86e44dd781,prca05,likert5,1,1,True,validated,0
f1504272-3a9a-42e7-bfea-4f86e44dd781,prca06,likert5,3,3,True,validated,1
f1504272-3a9a-42e7-bfea-4f86e44dd781,prca13,likert5,5,5,True,validated,0
f1504272-3a9a-42e7-bfea-4f86e44dd781,prca14,likert5,5,1,True,validated,1
f1504272-3a9a-42e7-bfea-4f86e44dd781,prca15,likert5,2,2,True,validated,0
f1504272-3a9a-42e7-bfea-4f86e44dd781,prca16,likert5,5,1,True,validated,1
f1504272-3a9a-42e7-bfea-4f86e44dd781,prca17,likert5,4,2,True,validated,1
f1504272-3a9a-42e7-bfea-4f86e44dd781,prca18,likert5,3,3,True,validated,0
1f8f81b7-f18b-4ddc-bceb-c7f441a7a378,prca01,likert5,5,5,True,validated,0
1f8f81b7-f18b-4ddc-bceb-c7f441a7a378,prca02,likert5,5,1,True,validated,1
1f8f81b7-f18b-4ddc-bceb-c7f441a7a378,prca03,likert5,2,2,True,validated,0
1f8f81b7-f18b-4ddc-bceb-c7f441a7a378,prca04,likert5,3,3,True,validated,1
1f8f81b7-f18b-4ddc-bceb-c7f441a7a378,prca05,likert5,2,2,True,validated,0
1f8f81b7-f18b-4ddc-bceb-c7f441a7a378,prca06,likert5,4,2,True,validated,1
1f8f81b7-f18b-4ddc-bceb-c7f441a7a378,prca13,likert5,2,2,True,validated,0
1f8f81b7-f18b-4ddc-bceb-c7f441a7a378,prca14,likert5,4,2,True,validated,1
1f8f81b7-f18b-4ddc-bceb-c7f441a7a378,prca15,likert5,4,4,True,validated,0
1f8f81b7-f18b-4ddc-bceb-c7f441a7a378,prca16,likert5,5,1,True,validated,1
1f8f81b7-f18b-4ddc-bceb-c7f441a7a378,prca17,likert5,3,3,True,validated,1
1f8f81b7-f18b-4ddc-bceb-c7f441a7a378,prca18,likert5,4,4,True,validated,0
aa2c4251-4015-4d15-8bb4-b9cc224a88cb,prca01,likert5,5,5,True,validated,0
aa2c4251-4015-4d15-8bb4-b9cc224a88cb,prca02,likert5,3,3,True,validated,1
aa2c4251-4015-4d15-8bb4-b9cc224a88cb,prca03,likert5,4,4,True,validated,0
aa2c4251-4015-4d15-8bb4-b9cc224a88cb,prca04,likert5,2,4,True,validated,1
aa2c4251-4015-4d15-8bb4-b9cc224a88cb,prca05,likert5,4,4,True,validated,0
aa2c4251-4015-4d15-8bb4-b9cc224a88cb,prca06,likert5,2,4,True,validated,1
aa2c4251-4015-4d15-8bb4-b9cc224a88cb,prca13,likert5,3,3,True,validated,0
aa2c4251-4015-4d15-8bb4-b9cc224a88cb,prca14,likert5,1,5,True,validated,1
aa2c4251-4015-4d15-8bb4-b9cc224a88cb,prca15,likert5,4,4,True,validated,0
aa2c4251-4015-4d15-8bb4-b9cc224a88cb,prca16,likert5,5,1,True,validated,1
aa2c4251-4015-4d15-8bb4-b9cc224a88cb,prca17,likert5,3,3,True,validated,1
aa2c4251-4015-4d15-8bb4-b9cc224a88cb,prca18,likert5,5,5,True,validated,0
f3f00a12-dcb3-48f6-b44e-a380bbfce295,prca01,likert5,3,3,True,validated,0
f3f00a12-dcb3-48f6-b44e-a380bbfce295,prca02,likert5,4,2,True,validated,1
f3f00a12-dcb3-48f6-b44e-a380bbfce295,prca03,likert5,5,5,True,validated,0
f3f00a12-dcb3-48f6-b44e-a380bbfce295,prca04,likert5,3,3,True,validated,1
f3f00a12-dcb3-48f6-b44e-a380bbfce295,prca05,likert5,5,5,True,validated,0
f3f00a12-dcb3-48f6-b44e-a380bbfce295,prca06,likert5,1,5,True,validated,1
f3f00a12-dcb3-48f6-b44e-a380bbfce295,prca13,likert5,2,2,True,validated,0
f3f00a12-dcb3-48f6-b44e-a380bbfce295,prca14,likert5,4,2,True,validated,1
f3f00a12-dcb3-48f6-b44e-a380bbfce295,prca15,likert5,3,3,True,validated,0
f3f00a12-dcb3-48f6-b44e-a380bbfce295,prca16,likert5,3,3,True,validated,1
f3f00a12-dcb3-48f6-b44e-a380bbfce295,prca17,likert5,4,2,True,validated,1
f3f00a12-dcb3-48f6-b44e-a380bbfce295,prca18,likert5,4,4,True,validated,0
e9604fc3-3a24-43ef-bf57-6b8f597e7433,prca01,likert5,3,3,True,validated,0
e9604fc3-3a24-43ef-bf57-6b8f597e7433,prca02,likert5,3,3,True,validated,1
e9604fc3-3a24-43ef-bf57-6b8f597e7433,prca03,likert5,4,4,True,validated,0
e9604fc3-3a24-43ef-bf57-6b8f597e7433,prca04,likert5,4,2,True,validated,1
e9604fc3-3a24-43ef-bf57-6b8f597e7433,prca05,likert5,4,4,True,validated,0
e9604fc3-3a24-43ef-bf57-6b8f597e7433,prca06,likert5,4,2,True,validated,1
e9604fc3-3a24-43ef-bf57-6b8f597e7433,prca13,likert5,2,2,True,validated,0
e9604fc3-3a24-43ef-bf57-6b8f597e7433,prca14,likert5,1,5,True,validated,1
e9604fc3-3a24-43ef-bf57-6b8f597e7433,prca15,likert5,2,2,True,validated,0
e9604fc3-3a24-43ef-bf57-6b8f597e7433,prca16,likert5,3,3,True,validated,1
e9604fc3-3a24-43ef-bf57-6b8f597e7433,prca17,likert5,4,2,True,validated,1
e9604fc3-3a24-43ef-bf57-6b8f597e7433,prca18,likert5,5,5,True,validated,0
8bd835a3-690c-4e35-b2c9-adbf64756890,prca01,likert5,3,3,True,validated,0
8bd835a3-690c-4e35-b2c9-adbf64756890,prca02,likert5,3,3,True,validated,1
8bd835a3-690c-4e35-b2c9-adbf64756890,prca03,likert5,4,4,True,validated,0
8bd835a3-690c-4e35-b2c9-adbf64756890,prca04,likert5,5,1,True,validated,1
8bd835a3-690c-4e35-b2c9-adbf64756890,prca05,likert5,4,4,True,validated,0
8bd835a3-690c-4e35-b2c9-adbf64756890,prca06,likert5,4,2,True,validated,1
8bd835a3-690c-4e35-b2c9-adbf64756890,prca13,likert5,3,3,True,validated,0
8bd835a3-690c-4e35-b2c9-adbf64756890,prca14,likert5,1,5,True,validated,1
8bd835a3-690c-4e35-b2c9-adbf64756890,prca15,likert5,1,1,True,validated,0
8bd835a3-690c-4e35-b2c9-adbf64756890,prca16,likert5,5,1,True,validated,1
8bd835a3-690c-4e35-b2c9-adbf64756890,prca17,likert5,3,3,True,validated,1
8bd835a3-690c-4e35-b2c9-adbf64756890,prca18,likert5,3,3,True,validated,0
2d413ee0-4687-4a1d-89fc-d6befb6aa829,prca01,likert5,4,4,True,validated,0
2d413ee0-4687-4a1d-89fc-d6befb6aa829,prca02,likert5,4,2,True,validated,1
2d413ee0-4687-4a1d-89fc-d6befb6aa829,prca03,likert5,3,3,True,validated,0
2d413ee0-4687-4a1d-89fc-d6befb6aa829,prca04,likert5,3,3,True,validated,1
2d413ee0-4687-4a1d-89fc-d6befb6aa829,prca05,likert5,4,4,True,validated,0
2d413ee0-4687-4a1d-89fc-d6befb6aa829,prca06,likert5,4,2,True,validated,1
2d413ee0-4687-4a1d-89fc-d6befb6aa829,prca13,likert5,5,5,True,validated,0
2d413ee0-4687-4a1d-89fc-d6befb6aa829,prca14,likert5,2,4,True,validated,1
2d413ee0-4687-4a1d-89fc-d6befb6aa829,prca15,likert5,4,4,True,validated,0
2d413ee0-4687-4a1d-89fc-d6befb6aa829,prca16,likert5,4,2,True,validated,1
2d413ee0-4687-4a1d-89fc-d6befb6aa829,prca17,likert5,4,2,True,validated,1
2d413ee0-4687-4a1d-89fc-d6befb6aa829,prca18,likert5,1,1,True,validated,0
4d2e80c1-cf8c-4d53-94fa-a99a9e735e43,prca01,likert5,4,4,True,validated,0
4d2e80c1-cf8c-4d53-94fa-a99a9e735e43,prca02,likert5,3,3,True,validated,1
4d2e80c1-cf8c-4d53-94fa-a99a9e735e43,prca03,likert5,5,5,True,validated,0
4d2e80c1-cf8c-4d53-94fa-a99a9e735e43,prca04,likert5,2,4,True,validated,1
4d2e80c1-cf8c-4d53-94fa-a99a9e735e43,prca05,likert5,1,1,True,validated,0
4d2e80c1-cf8c-4d53-94fa-a99a9e735e43,prca06,likert5,4,2,True,validated,1
4d2e80c1-cf8c-4d53-94fa-a99a9e735e43,prca13,likert5,2,2,True,validated,0
4d2e80c1-cf8c-4d53-94fa-a99a9e735e43,prca14,likert5,4,2,True,validated,1
4d2e80c1-cf8c-4d53-94fa-a99a9e735e43,prca15,likert5,1,1,True,validated,0
4d2e80c1-cf8c-4d53-94fa-a99a9e735e43,prca16,likert5,5) strongly agree,1,True,recode,1
4d2e80c1-cf8c-4d53-94fa-a99a9e735e43,prca17,likert5,3,3,True,validated,1
4d2e80c1-cf8c-4d53-94fa-a99a9e735e43,prca18,likert5,5,5,True,validated,0
3c7d5450-be55-40cd-94e7-498aaa18633b,prca01,likert5,2,2,True,validated,0
3c7d5450-be55-40cd-94e7-498aaa18633b,prca02,likert5,4,2,True,validated,1
3c7d5450-be55-40cd-94e7-498aaa18633b,prca03,likert5,4,4,True,validated,0
3c7d5450-be55-40cd-94e7-498aaa18633b,prca04,likert5,1,5,True,validated,1
3c7d5450-be55-40cd-94e7-498aaa18633b,prca05,likert5,4,4,True,validated,0
3c7d5450-be55-40cd-94e7-498aaa18633b,prca06,likert5,4,2,True,validated,1
3c7d5450-be55-40cd-94e7-498aaa18633b,prca13,likert5,5,5,True,validated,0
3c7d5450-be55-40cd-94e7-498aaa18633b,prca14,likert5,5,1,True,validated,1
3c7d5450-be55-40cd-94e7-498aaa18633b,prca15,likert5,5) strongly agree,4,True,recode,0
3c7d5450-be55-40cd-94e7-498aaa18633b,prca16,likert5,2,4,True,validated,1
3c7d5450-be55-40cd-94e7-498aaa18633b,prca17,likert5,1,5,True,validated,1
3c7d5450-be55-40cd-94e7-498aaa18633b,prca18,likert5,5) strongly agree,5,True,recode,0
5587cf3e-3c46-43b3-b6fd-6c0035a6ab7a,prca01,likert5,4,4,True,validated,0
5587cf3e-3c46-43b3-b6fd-6c0035a6ab7a,prca02,likert5,4,2,True,validated,1
5587cf3e-3c46-43b3-b6fd-6c0035a6ab7a,prca03,likert5,4,4,True,validated,0
5587cf3e-3c46-43b3-b6fd-6c0035a6ab7a,prca04,likert5,3,3,True,validated,1
5587cf3e-3c46-43b3-b6fd-6c0035a6ab7a,prca05,likert5,4,4,True,validated,0
5587cf3e-3c46-43b3-b6fd-6c0035a6ab7a,prca06,likert5,4,2,True,validated,1
5587cf3e-3c46-43b3-b6fd-6c0035a6ab7a,prca13,likert5,1,1,True,validated,0
5587cf3e-3c46-43b3-b6fd-6c0035a6ab7a,prca14,likert5,4,2,True,validated,1
5587cf3e-3c46-43b3-b6fd-6c0035a6ab7a,prca15,likert5,5,5,True,validated,0
5587cf3e-3c46-43b3-b6fd-6c0035a6ab7a,prca16,likert5,3,3,True,validated,1
5587cf3e-3c46-43b3-b6fd-6c0035a6ab7a,prca17,likert5,4,2,True,validated,1
5587cf3e-3c46-43b3-b6fd-6c0035a6ab7a,prca18,likert5,5,5,True,validated,0
1cdcbbc3-52b5-4948-b814-30227664f7ab,prca01,likert5,5,5,True,validated,0
1cdcbbc3-52b5-4948-b814-30227664f7ab,prca02,likert5,2,4,True,validated,1
1cdcbbc3-52b5-4948-b814-30227664f7ab,prca03,likert5,4,4,True,validated,0
1cdcbbc3-52b5-4948-b814-30227664f7ab,prca04,likert5,2,4,True,validated,1
1cdcbbc3-52b5-4948-b814-30227664f7ab,prca05,likert5,1,1,True,validated,0
1cdcbbc3-52b5-4948-b814-30227664f7ab,prca06,likert5,1,5,True,validated,1
1cdcbbc3-52b5-4948-b814-30227664f7ab,prca13,likert5,3,3,True,validated,0
1cdcbbc3-52b5-4948-b814-30227664f7ab,prca14,likert5,4,2,True,validated,1
1cdcbbc3-52b5-4948-b814-30227664f7ab,prca15,likert5,3,3,True,validated,0
1cdcbbc3-52b5-4948-b814-30227664f7ab,prca16,likert5,3,3,True,validated,1
1cdcbbc3-52b5-4948-b814-30227664f7ab,prca17,likert5,3,3,True,validated,1
1cdcbbc3-52b5-4948-b814-30227664f7ab,prca18,likert5,1,1,True,validated,0
c2c0ddb4-7128-4f81-8162-9a1acb7e7f6c,prca01,likert5,1,1,True,validated,0
c2c0ddb4-7128-4f81-8162-9a1acb7e7f6c,prca02,likert5,2,4,True,validated,1
c2c0ddb4-7128-4f81-8162-9a1acb7e7f6c,prca03,likert5,5,5,True,validated,0
c2c0ddb4-7128-4f81-8162-9a1acb7e7f6c,prca04,likert5,5,1,True,validated,1
c2c0ddb4-7128-4f81-8162-9a1acb7e7f6c,prca05,likert5,4,4,True,validated,0
c2c0ddb4-7128-4f81-8162-9a1acb7e7f6c,prca06,likert5,3,3,True,validated,1
c2c0ddb4-7128-4f81-8162-9a1acb7e7f6c,prca13,likert5,1,1,True,validated,0
c2c0ddb4-7128-4f81-8162-9a1acb7e7f6c,prca14,likert5,4,2,True,validated,1
c2c0ddb4-7128-4f81-8162-9a1acb7e7f6c,prca15,likert5,5,5,True,validated,0
c2c0ddb4-7128-4f81-8162-9a1acb7e7f6c,prca16,likert5,4,2,True,validated,1
c2c0ddb4-7128-4f81-8162-9a1acb7e7f6c,prca17,likert5,3,3,True,validated,1
c2c0ddb4-7128-4f81-8162-9a1acb7e7f6c,prca18,likert5,4,4,True,validated,0
17b46c44-375b-4399-ade7-e179eb03b761,prca01,likert5,2,2,True,validated,0
17b46c44-375b-4399-ade7-e179eb03b761,prca02,likert5,4,2,True,validated,1
17b46c44-375b-4399-ade7-e179eb03b761,prca03,likert5,4,4,True,validated,0
17b46c44-375b-4399-ade7-e179eb03b761,prca04,likert5,3,3,True,validated,1
17b46c44-375b-4399-ade7-e179eb03b761,prca05,likert5,4,4,True,validated,0
17b46c44-375b-4399-ade7-e179eb03b761,prca06,likert5,4,2,True,validated,1
17b46c44-375b-4399-ade7-e179eb03b761,prca13,likert5,5,5,True,validated,0
17b46c44-375b-4399-ade7-e179eb03b761,prca14,likert5,3,3,True,validated,1
17b46c44-375b-4399-ade7-e179eb03b761,prca15,likert5,4,4,True,validated,0
17b46c44-375b-4399-ade7-e179eb03b761,prca16,likert5,1,5,True,validated,1
17b46c44-375b-4399-ade7-e179eb03b761,prca17,likert5,3,3,True,validated,1
17b46c44-375b-4399-ade7-e179eb03b761,prca18,likert5,2,2,True,validated,0
961e6680-5da0-442f-8a8f-75d044cb098e,prca01,likert5,4,4,True,validated,0
961e6680-5da0-442f-8a8f-75d044cb098e,prca02,likert5,4,2,True,validated,1
961e6680-5da0-442f-8a8f-75d044cb098e,prca03,likert5,5,5,True,validated,0
961e6680-5da0-442f-8a8f-75d044cb098e,prca04,likert5,5,1,True,validated,1
961e6680-5da0-442f-8a8f-75d044cb098e,prca05,likert5,4,4,True,validated,0
961e6680-5da0-442f-8a8f-75d044cb098e,prca06,likert5,4,2,True,validated,1
961e6680-5da0-442f-8a8f-75d044cb098e,prca13,likert5,2,2,True,validated,0
961e6680-5da0-442f-8a8f-75d044cb098e,prca14,likert5,3,3,True,validated,1
961e6680-5da0-442f-8a8f-75d044cb098e,prca15,likert5,2,2,True,validated,0
961e6680-5da0-442f-8a8f-75d044cb098e,prca16,likert5,4,2,True,validated,1
961e6680-5da0-442f-8a8f-75d044cb098e,prca17,likert5,4,2,True,validated,1
961e6680-5da0-442f-8a8f-75d044cb098e,prca18,likert5,4,4,True,validated,0
bb75f177-0e47-4490-95aa-e281795e12c3,prca01,likert5,3,3,True,validated,0
bb75f177-0e47-4490-95aa-e281795e12c3,prca02,likert5,3,3,True,validated,1
bb75f177-0e47-4490-95aa-e281795e12c3,prca03,likert5,2,2,True,validated,0
bb75f177-0e47-4490-95aa-e281795e12c3,prca04,likert5,4,2,True,validated,1
bb75f177-0e47-4490-95aa-e281795e12c3,prca05,likert5,5) strongly agree,5,True,recode,0
bb75f177-0e47-4490-95aa-e281795e12c3,prca06,likert5,3,3,True,validated,1
bb75f177-0e47-4490-95aa-e281795e12c3,prca13,likert5,3,3,True,validated,0
bb75f177-0e47-4490-95aa-e281795e12c3,prca14,likert5,3,3,True,validated,1
bb75f177-0e47-4490-95aa-e281795e12c3,prca15,likert5,5,5,True,validated,0
bb75f177-0e47-4490-95aa-e281795e12c3,prca16,likert5,3,3,True,validated,1
bb75f177-0e47-4490-95aa-e281795e12c3,prca17,likert5,5,1,True,validated,1
bb75f177-0e47-4490-95aa-e281795e12c3,prca18,likert5,4,4,True,validated,0
9d305ab1-a2fd-4293-8290-13afaeb1c95d,prca01,likert5,5,5,True,validated,0
9d305ab1-a2fd-4293-8290-13afaeb1c95d,prca02,likert5,2,4,True,validated,1
9d305ab1-a2fd-4293-8290-13afaeb1c95d,prca03,likert5,3,3,True,validated,0
9d305ab1-a2fd-4293-8290-13afaeb1c95d,prca04,likert5,3,3,True,validated,1
9d305ab1-a2fd-4293-8290-13afaeb1c95d,prca05,likert5,2,2,True,validated,0
9d305ab1-a2fd-4293-8290-13afaeb1c95d,prca06,likert5,5,1,True,validated,1
9d305ab1-a2fd-4293-8290-13afaeb1c95d,prca13,likert5,4,4,True,validated,0
9d305ab1-a2fd-4293-8290-13afaeb1c95d,prca14,likert5,3,3,True,validated,1
9d305ab1-a2fd-4293-8290-13afaeb1c95d,prca15,likert5,3,3,True,validated,0
9d305ab1-a2fd-4293-8290-13afaeb1c95d,prca16,likert5,4,2,True,validated,1
9d305ab1-a2fd-4293-8290-13afaeb1c95d,prca17,likert5,3,3,True,validated,1
9d305ab1-a2fd-4293-8290-13afaeb1c95d,prca18,likert5,3,3,True,validated,0
0488416d-318d-4627-a539-957f66cf6a90,prca01,likert5,3,3,True,validated,0
0488416d-318d-4627-a539-957f66cf6a90,prca02,likert5,3,3,True,validated,1
0488416d-318d-4627-a539-957f66cf6a90,prca03,likert5,5,5,True,validated,0
0488416d-318d-4627-a539-957f66cf6a90,prca04,likert5,3,3,True,validated,1
0488416d-318d-4627-a539-957f66cf6a90,prca05,likert5,4,4,True,validated,0
0488416d-318d-4627-a539-957f66cf6a90,prca06,likert5,1,5,True,validated,1
0488416d-318d-4627-a539-957f66cf6a90,prca13,likert5,5,5,True,validated,0
0488416d-318d-4627-a539-957f66cf6a90,prca14,likert5,2,4,True,validated,1
0488416d-318d-4627-a539-957f66cf6a90,prca15,likert5,5,5,True,validated,0
0488416d-318d-4627-a539-957f66cf6a90,prca16,likert5,5,1,True,validated,1
0488416d-318d-4627-a539-957f66cf6a90,prca17,likert5,2,4,True,validated,1
0488416d-318d-4627-a539-957f66cf6a90,prca18,likert5,5) strongly agree,5,True,recode,0
f549e0b1-bc46-4b30-9a48-77ba68638722,prca01,likert5,5,5,True,validated,0
f549e0b1-bc46-4b30-9a48-77ba68638722,prca02,likert5,2,4,True,validated,1
f549e0b1-bc46-4b30-9a48-77ba68638722,prca03,likert5,4,4,True,validated,0
f549e0b1-bc46-4b30-9a48-77ba68638722,prca04,likert5,4,2,True,validated,1
f549e0b1-bc46-4b30-9a48-77ba68638722,prca05,likert5,4,4,True,validated,0
f549e0b1-bc46-4b30-9a48-77ba68638722,prca06,likert5,1,5,True,validated,1
f549e0b1-bc46-4b30-9a48-77ba68638722,prca13,likert5,1,1,True,validated,0
f549e0b1-bc46-4b30-9a48-77ba68638722,prca14,likert5,3,3,True,validated,1
f549e0b1-bc46-4b30-9a48-77ba68638722,prca15,likert5,3,3,True,validated,0
f549e0b1-bc46-4b30-9a48-77ba68638722,prca16,likert5,4,2,True,validated,1
f549e0b1-bc46-4b30-9a48-77ba68638722,prca17,likert5,4,2,True,validated,1
f549e0b1-bc46-4b30-9a48-77ba68638722,prca18,likert5,4,4,True,validated,0
d200ba14-360f-456a-847a-4b563c077ac9,prca01,likert5,1,1,True,validated,0
d200ba14-360f-456a-847a-4b563c077ac9,prca02,likert5,5,1,True,validated,1
d200ba14-360f-456a-847a-4b563c077ac9,prca03,likert5,5,5,True,validated,0
d200ba14-360f-456a-847a-4b563c077ac9,prca04,likert5,3,3,True,validated,1
d200ba14-360f-456a-847a-4b563c077ac9,prca05,likert5,3,3,True,validated,0
d200ba14-360f-456a-847a-4b563c077ac9,prca06,likert5,1,5,True,validated,1
d200ba14-360f-456a-847a-4b563c077ac9,prca13,likert5,5) strongly agree,5,True,recode,0
d200ba14-360f-456a-847a-4b563c077ac9,prca14,likert5,3,3,True,validated,1
d200ba14-360f-456a-847a-4b563c077ac9,prca15,likert5,3,3,True,validated,0
d200ba14-360f-456a-847a-4b563c077ac9,prca16,likert5,3,3,True,validated,1
d200ba14-360f-456a-847a-4b563c077ac9,prca17,likert5,4,2,True,validated,1
d200ba14-360f-456a-847a-4b563c077ac9,prca18,likert5,4,4,True,validated,0
22b6b4cc-5c88-42a2-b7f9-a6e58c585ae2,prca01,likert5,4,4,True,validated,0
22b6b4cc-5c88-42a2-b7f9-a6e58c585ae2,prca02,likert5,4,2,True,validated,1
22b6b4cc-5c88-42a2-b7f9-a6e58c585ae2,prca03,likert5,4,4,True,validated,0
22b6b4cc-5c88-42a2-b7f9-a6e58c585ae2,prca04,likert5,5,1,True,validated,1
22b6b4cc-5c88-42a2-b7f9-a6e58c585ae2,prca05,likert5,1,1,True,validated,0
22b6b4cc-5c88-42a2-b7f9-a6e58c585ae2,prca06,likert5,4,2,True,validated,1
22b6b4cc-5c88-42a2-b7f9-a6e58c585ae2,prca13,likert5,5,5,True,validated,0
22b6b4cc-5c88-42a2-b7f9-a6e58c585ae2,prca14,likert5,3,3,True,validated,1
22b6b4cc-5c88-42a2-b7f9-a6e58c585ae2,prca15,likert5,4,4,True,validated,0
22b6b4cc-5c88-42a2-b7f9-a6e58c585ae2,prca16,likert5,4,2,True,validated,1
22b6b4cc-5c88-42a2-b7f9-a6e58c585ae2,prca17,likert5,3,3,True,validated,1
22b6b4cc-5c88-42a2-b7f9-a6e58c585ae2,prca18,likert5,3,3,True,validated,0
c6d25c16-8a39-4bba-ad5a-a9f30be15097,prca01,likert5,4,4,True,validated,0
c6d25c16-8a39-4bba-ad5a-a9f30be15097,prca02,likert5,5,1,True,validated,1
c6d25c16-8a39-4bba-ad5a-a9f30be15097,prca03,likert5,5,5,True,validated,0
c6d25c16-8a39-4bba-ad5a-a9f30be15097,prca04,likert5,4,2,True,validated,1
c6d25c16-8a39-4bba-ad5a-a9f30be15097,prca05,likert5,3,3,True,validated,0
c6d25c16-8a39-4bba-ad5a-a9f30be15097,prca06,likert5,4,2,True,validated,1
c6d25c16-8a39-4bba-ad5a-a9f30be15097,prca13,likert5,2,2,True,validated,0
c6d25c16-8a39-4bba-ad5a-a9f30be15097,prca14,likert5,5,1,True,validated,1
c6d25c16-8a39-4bba-ad5a-a9f30be15097,prca15,likert5,4,4,True,validated,0
c6d25c16-8a39-4bba-ad5a-a9f30be15097,prca16,likert5,3,3,True,validated,1
c6d25c16-8a39-4bba-ad5a-a9f30be15097,prca17,likert5,5,1,True,validated,1
c6d25c16-8a39-4bba-ad5a-a9f30be15097,prca18,likert5,4,4,True,validated,0
22d8ef83-7925-43e5-8690-946ab83adbc8,prca01,likert5,2,2,True,validated,0
22d8ef83-7925-43e5-8690-946ab83adbc8,prca02,likert5,2,4,True,validated,1
22d8ef83-7925-43e5-8690-946ab83adbc8,prca03,likert5,4,4,True,validated,0
22d8ef83-7925-43e5-8690-946ab83adbc8,prca04,likert5,2,4,True,validated,1
22d8ef83-7925-43e5-8690-946ab83adbc8,prca05,likert5,4,4,True,validated,0
22d8ef83-7925-43e5-8690-946ab83adbc8,prca06,likert5,3,3,True,validated,1
22d8ef83-7925-43e5-8690-946ab83adbc8,prca13,likert5,4,4,True,validated,0
22d8ef83-7925-43e5-8690-946ab83adbc8,prca14,likert5,3,3,True,validated,1
22d8ef83-7925-43e5-8690-946ab83adbc8,prca15,likert5,3,3,True,validated,0
22d8ef83-7925-43e5-8690-946ab83adbc8,prca16,likert5,5,1,True,validated,1
22d8ef83-7925-43e5-8690-946ab83adbc8,prca17,likert5,2,4,True,validated,1
22d8ef83-7925-43e5-8690-946ab83adbc8,prca18,likert5,5,5,True,validated,0
075603b4-b38e-4ecf-b8a5-429b970491f4,prca01,likert5,4,4,True,validated,0
075603b4-b38e-4ecf-b8a5-429b970491f4,prca02,likert5,3,3,True,validated,1
075603b4-b38e-4ecf-b8a5-429b970491f4,prca03,likert5,4,4,True,validated,0
075603b4-b38e-4ecf-b8a5-429b970491f4,prca04,likert5,4,2,True,validated,1
075603b4-b38e-4ecf-b8a5-429b970491f4,prca05,likert5,5,5,True,validated,0
075603b4-b38e-4ecf-b8a5-429b970491f4,prca06,likert5,1,5,True,validated,1
075603b4-b38e-4ecf-b8a5-429b970491f4,prca13,likert5,4,4,True,validated,0
075603b4-b38e-4ecf-b8a5-429b970491f4,prca14,likert5,4,2,True,validated,1
075603b4-b38e-4ecf-b8a5-429b970491f4,prca15,likert5,4,4,True,validated,0
075603b4-b38e-4ecf-b8a5-429b970491f4,prca16,likert5,5,1,True,validated,1
075603b4-b38e-4ecf-b8a5-429b970491f4,prca17,likert5,5,1,True,validated,1
075603b4-b38e-4ecf-b8a5-429b970491f4,prca18,likert5,1,1,True,validated,0
86808664-4a2c-47c7-8ed8-e41c2b53f1b1,prca01,likert5,4,4,True,validated,0
86808664-4a2c-47c7-8ed8-e41c2b53f1b1,prca02,likert5,5,1,True,validated,1
86808664-4a2c-47c7-8ed8-e41c2b53f1b1,prca03,likert5,5,5,True,validated,0
86808664-4a2c-47c7-8ed8-e41c2b53f1b1,prca04,likert5,4,2,True,validated,1
86808664-4a2c-47c7-8ed8-e41c2b53f1b1,prca05,likert5,4,4,True,validated,0
86808664-4a2c-47c7-8ed8-e41c2b53f1b1,prca06,likert5,4,2,True,validated,1
86808664-4a2c-47c7-8ed8-e41c2b53f1b1,prca13,likert5,3,3,True,validated,0
86808664-4a2c-47c7-8ed8-e41c2b53f1b1,prca14,likert5,2,4,True,validated,1
86808664-4a2c-47c7-8ed8-e41c2b53f1b1,prca15,likert5,3,3,True,validated,0
86808664-4a2c-47c7-8ed8-e41c2b53f1b1,prca16,likert5,3,3,True,validated,1
86808664-4a2c-47c7-8ed8-e41c2b53f1b1,prca17,likert5,3,3,True,validated,1
86808664-4a2c-47c7-8ed8-e41c2b53f1b1,prca18,likert5,1,1,True,validated,0
c1226eea-0cd6-4c0c-9ba1-11a830bce735,prca01,likert5,4,4,True,validated,0
c1226eea-0cd6-4c0c-9ba1-11a830bce735,prca02,likert5,5,1,True,validated,1
c1226eea-0cd6-4c0c-9ba1-11a830bce735,prca03,likert5,3,3,True,validated,0
c1226eea-0cd6-4c0c-9ba1-11a830bce735,prca04,likert5,4,2,True,validated,1
c1226eea-0cd6-4c0c-9ba1-11a830bce735,prca05,likert5,1,1,True,validated,0
c1226eea-0cd6-4c0c-9ba1-11a830bce735,prca06,likert5,3,3,True,validated,1
c1226eea-0cd6-4c0c-9ba1-11a830bce735,prca13,likert5,3,3,True,validated,0
c1226eea-0cd6-4c0c-9ba1-11a830bce735,prca14,likert5,4,2,True,validated,1
c1226eea-0cd6-4c0c-9ba1-11a830bce735,prca15,likert5,5,5,True,validated,0
c1226eea-0cd6-4c0c-9ba1-11a830bce735,prca16,likert5,5,1,True,validated,1
c1226eea-0cd6-4c0c-9ba1-11a830bce735,prca17,likert5,3,3,True,validated,1
c1226eea-0cd6-4c0c-9ba1-11a830bce735,prca18,likert5,2,2,True,validated,0
08afe42a-4fd9-4d3d-aaf9-54d83f6b62ef,prca01,likert5,5,5,True,validated,0
08afe42a-4fd9-4d3d-aaf9-54d83f6b62ef,prca02,likert5,4,2,True,validated,1
08afe42a-4fd9-4d3d-aaf9-54d83f6b62ef,prca03,likert5,4,4,True,validated,0
08afe42a-4fd9-4d3d-aaf9-54d83f6b62ef,prca04,likert5,4,2,True,validated,1
08afe42a-4fd9-4d3d-aaf9-54d83f6b62ef,prca05,likert5,4,4,True,validated,0
08afe42a-4fd9-4d3d-aaf9-54d83f6b62ef,prca06,likert5,2,4,True,validated,1
08afe42a-4fd9-4d3d-aaf9-54d83f6b62ef,prca13,likert5,2,2,True,validated,0
08afe42a-4fd9-4d3d-aaf9-54d83f6b62ef,prca14,likert5,4,2,True,validated,1
08afe42a-4fd9-4d3d-aaf9-54d83f6b62ef,prca15,likert5,4,4,True,validated,0
08afe42a-4fd9-4d3d-aaf9-54d83f6b62ef,prca16,likert5,3,3,True,validated,1
08afe42a-4fd9-4d3d-aaf9-54d83f6b62ef,prca17,likert5,2,4,True,validated,1
08afe42a-4fd9-4d3d-aaf9-54d83f6b62ef,prca18,likert5,1,1,True,validated,0
46b7a3af-9d44-4859-86fe-905484f451fb,prca01,likert5,5,5,True,validated,0
46b7a3af-9d44-4859-86fe-905484f451fb,prca02,likert5,4,2,True,validated,1
46b7a3af-9d44-4859-86fe-905484f451fb,prca03,likert5,4,4,True,validated,0
46b7a3af-9d44-4859-86fe-905484f451fb,prca04,likert5,2,4,True,validated,1
46b7a3af-9d44-4859-86fe-905484f451fb,prca05,likert5,3,3,True,validated,0
46b7a3af-9d44-4859-86fe-905484f451fb,prca06,likert5,5) strongly agree,3,True,recode,1
46b7a3af-9d44-4859-86fe-905484f451fb,prca13,likert5,2,2,True,validated,0
46b7a3af-9d44-4859-86fe-905484f451fb,prca14,likert5,5,1,True,validated,1
46b7a3af-9d44-4859-86fe-905484f451fb,prca15,likert5,4,4,True,validated,0
46b7a3af-9d44-4859-86fe-905484f451fb,prca16,likert5,5,1,True,validated,1
46b7a3af-9d44-4859-86fe-905484f451fb,prca17,likert5,1,5,True,validated,1
46b7a3af-9d44-4859-86fe-905484f451fb,prca18,likert5,5,5,True,validated,0
10e1de1c-5358-4dab-8aeb-41701cf75a39,prca01,likert5,1,1,True,validated,0
10e1de1c-5358-4dab-8aeb-41701cf75a39,prca02,likert5,5,1,True,validated,1
10e1de1c-5358-4dab-8aeb-41701cf75a39,prca03,likert5,3,3,True,validated,0
10e1de1c-5358-4dab-8aeb-41701cf75a39,prca04,likert5,3,3,True,validated,1
10e1de1c-5358-4dab-8aeb-41701cf75a39,prca05,likert5,3,3,True,validated,0
10e1de1c-5358-4dab-8aeb-41701cf75a39,prca06,likert5,5,1,True,validated,1
10e1de1c-5358-4dab-8aeb-41701cf75a39,prca13,likert5,4,4,True,validated,0
10e1de1c-5358-4dab-8aeb-41701cf75a39,prca14,likert5,3,3,True,validated,1
10e1de1c-5358-4dab-8aeb-41701cf75a39,prca15,likert5,4,4,True,validated,0
10e1de1c-5358-4dab-8aeb-41701cf75a39,prca16,likert5,4,2,True,validated,1
10e1de1c-5358-4dab-8aeb-41701cf75a39,prca17,likert5,2,4,True,validated,1
10e1de1c-5358-4dab-8aeb-41701cf75a39,prca18,likert5,4,4,True,validated,0
ead5637c-676c-4c74-b21f-01b35adb88ad,prca01,likert5,1,1,True,validated,0
ead5637c-676c-4c74-b21f-01b35adb88ad,prca02,likert5,3,3,True,validated,1
ead5637c-676c-4c74-b21f-01b35adb88ad,prca03,likert5,2,2,True,validated,0
ead5637c-676c-4c74-b21f-01b35adb88ad,prca04,likert5,3,3,True,validated,1
ead5637c-676c-4c74-b21f-01b35adb88ad,prca05,likert5,2,2,True,validated,0
ead5637c-676c-4c74-b21f-01b35adb88ad,prca06,likert5,4,2,True,validated,1
ead5637c-676c-4c74-b21f-01b35adb88ad,prca13,likert5,4,4,True,validated,0
ead5637c-676c-4c74-b21f-01b35adb88ad,prca14,likert5,3,3,True,validated,1
ead5637c-676c-4c74-b21f-01b35adb88ad,prca15,likert5,1,1,True,validated,0
ead5637c-676c-4c74-b21f-01b35adb88ad,prca16,likert5,5,1,True,validated,1
ead5637c-676c-4c74-b21f-01b35adb88ad,prca17,likert5,4,2,True,validated,1
ead5637c-676c-4c74-b21f-01b35adb88ad,prca18,likert5,4,4,True,validated,0
cb83bb11-feaf-4294-9f44-b2495f9cbb66,prca01,likert5,2,2,True,validated,0
cb83bb11-feaf-4294-9f44-b2495f9cbb66,prca02,likert5,3,3,True,validated,1
cb83bb11-feaf-4294-9f44-b2495f9cbb66,prca03,likert5,4,4,True,validated,0
cb83bb11-feaf-4294-9f44-b2495f9cbb66,prca04,likert5,3,3,True,validated,1
cb83bb11-feaf-4294-9f44-b2495f9cbb66,prca05,likert5,1,1,True,validated,0
cb83bb11-feaf-4294-9f44-b2495f9cbb66,prca06,likert5,3,3,True,validated,1
cb83bb11-feaf-4294-9f44-b2495f9cbb66,prca13,likert5,1,1,True,validated,0
cb83bb11-feaf-4294-9f44-b2495f9cbb66,prca14,likert5,3,3,True,validated,1
cb83bb11-feaf-4294-9f44-b2495f9cbb66,prca15,likert5,3,3,True,validated,0
cb83bb11-feaf-4294-9f44-b2495f9cbb66,prca16,likert5,5,1,True,validated,1
cb83bb11-feaf-4294-9f44-b2495f9cbb66,prca17,likert5,3,3,True,validated,1
cb83bb11-feaf-4294-9f44-b2495f9cbb66,prca18,likert5,4,4,True,validated,0
ba7580c0-f4bd-4c2b-a094-a4164c377f00,prca01,likert5,4,4,True,validated,0
ba7580c0-f4bd-4c2b-a094-a4164c377f00,prca02,likert5,4,2,True,validated,1
ba7580c0-f4bd-4c2b-a094-a4164c377f00,prca03,likert5,4,4,True,validated,0
ba7580c0-f4bd-4c2b-a094-a4164c377f00,prca04,likert5,4,2,True,validated,1
ba7580c0-f4bd-4c2b-a094-a4164c377f00,prca05,likert5,2,2,True,validated,0
ba7580c0-f4bd-4c2b-a094-a4164c377f00,prca06,likert5,4,2,True,validated,1
ba7580c0-f4bd-4c2b-a094-a4164c377f00,prca13,likert5,4,4,True,validated,0
ba7580c0-f4bd-4c2b-a094-a4164c377f00,prca14,likert5,3,3,True,validated,1
ba7580c0-f4bd-4c2b-a094-a4164c377f00,prca15,likert5,3,3,True,validated,0
ba7580c0-f4bd-4c2b-a094-a4164c377f00,prca16,likert5,5,1,True,validated,1
ba7580c0-f4bd-4c2b-a094-a4164c377f00,prca17,likert5,5,1,True,validated,1
ba7580c0-f4bd-4c2b-a094-a4164c377f00,prca18,likert5,3,3,True,validated,0
0224cf28-03e8-4f43-a8be-2243c08272c3,prca01,likert5,2,2,True,validated,0
0224cf28-03e8-4f43-a8be-2243c08272c3,prca02,likert5,4,2,True,validated,1
0224cf28-03e8-4f43-a8be-2243c08272c3,prca03,likert5,5) strongly agree,4,True,recode,0
0224cf28-03e8-4f43-a8be-2243c08272c3,prca04,likert5,3,3,True,validated,1
0224cf28-03e8-4f43-a8be-2243c08272c3,prca05,likert5,5,5,True,validated,0
0224cf28-03e8-4f43-a8be-2243c08272c3,prca06,likert5,5,1,True,validated,1
0224cf28-03e8-4f43-a8be-2243c08272c3,prca13,likert5,1,1,True,validated,0
0224cf28-03e8-4f43-a8be-2243c08272c3,prca14,likert5,3,3,True,validated,1
0224cf28-03e8-4f43-a8be-2243c08272c3,prca15,likert5,4,4,True,validated,0
0224cf28-03e8-4f43-a8be-2243c08272c3,prca16,likert5,4,2,True,validated,1
0224cf28-03e8-4f43-a8be-2243c08272c3,prca17,likert5,4,2,True,validated,1
0224cf28-03e8-4f43-a8be-2243c08272c3,prca18,likert5,4,4,True,validated,0
0899dfd7-201e-4f20-be35-88c3ca0b196c,prca01,likert5,4,4,True,validated,0
0899dfd7-201e-4f20-be35-88c3ca0b196c,prca02,likert5,5,1,True,validated,1
0899dfd7-201e-4f20-be35-88c3ca0b196c,prca03,likert5,1,1,True,validated,0
0899dfd7-201e-4f20-be35-88c3ca0b196c,prca04,likert5,2,4,True,validated,1
0899dfd7-201e-4f20-be35-88c3ca0b196c,prca05,likert5,4,4,True,validated,0
0899dfd7-201e-4f20-be35-88c3ca0b196c,prca06,likert5,3,3,True,validated,1
0899dfd7-201e-4f20-be35-88c3ca0b196c,prca13,likert5,2,2,True,validated,0
0899dfd7-201e-4f20-be35-88c3ca0b196c,prca14,likert5,4,2,True,validated,1
0899dfd7-201e-4f20-be35-88c3ca0b196c,prca15,likert5,5,5,True,validated,0
0899dfd7-201e-4f20-be35-88c3ca0b196c,prca16,likert5,5) strongly agree,2,True,recode,1
0899dfd7-201e-4f20-be35-88c3ca0b196c,prca17,likert5,5,1,True,validated,1
0899dfd7-201e-4f20-be35-88c3ca0b196c,prca18,likert5,3,3,True,validated,0
7d4f0c7e-4074-4239-8635-6a0d33865823,prca01,likert5,3,3,True,validated,0
7d4f0c7e-4074-4239-8635-6a0d33865823,prca02,likert5,3,3,True,validated,1
7d4f0c7e-4074-4239-8635-6a0d33865823,prca03,likert5,5,5,True,validated,0
7d4f0c7e-4074-4239-8635-6a0d33865823,prca04,likert5,3,3,True,validated,1
7d4f0c7e-4074-4239-8635-6a0d33865823,prca05,likert5,3,3,True,validated,0
7d4f0c7e-4074-4239-8635-6a0d33865823,prca06,likert5,4,2,True,validated,1
7d4f0c7e-4074-4239-8635-6a0d33865823,prca13,likert5,3,3,True,validated,0
7d4f0c7e-4074-4239-8635-6a0d33865823,prca14,likert5,3,3,True,validated,1
7d4f0c7e-4074-4239-8635-6a0d33865823,prca15,likert5,4,4,True,validated,0
7d4f0c7e-4074-4239-8635-6a0d33865823,prca16,likert5,4,2,True,validated,1
7d4f0c7e-4074-4239-8635-6a0d33865823,prca17,likert5,3,3,True,validated,1
7d4f0c7e-4074-4239-8635-6a0d33865823,prca18,likert5,5,5,True,validated,0
4896d197-a198-4655-8df4-2a3487698420,prca01,likert5,4,4,True,validated,0
4896d197-a198-4655-8df4-2a3487698420,prca02,likert5,5,1,True,validated,1
4896d197-a198-4655-8df4-2a3487698420,prca03,likert5,2,2,True,validated,0
4896d197-a198-4655-8df4-2a3487698420,prca04,likert5,5,1,True,validated,1
4896d197-a198-4655-8df4-2a3487698420,prca05,likert5,5,5,True,validated,0
4896d197-a198-4655-8df4-2a3487698420,prca06,likert5,4,2,True,validated,1
4896d197-a198-4655-8df4-2a3487698420,prca13,likert5,3,3,True,validated,0
4896d197-a198-4655-8df4-2a3487698420,prca14,likert5,4,2,True,validated,1
4896d197-a198-4655-8df4-2a3487698420,prca15,likert5,1,1,True,validated,0
4896d197-a198-4655-8df4-2a3487698420,prca16,likert5,1,5,True,validated,1
4896d197-a198-4655-8df4-2a3487698420,prca17,likert5,4,2,True,validated,1
4896d197-a198-4655-8df4-2a3487698420,prca18,likert5,4,4,True,validated,0
49dbfdea-6f32-4f13-85c5-ce0f01924401,prca01,likert5,2,2,True,validated,0
49dbfdea-6f32-4f13-85c5-ce0f01924401,prca02,likert5,5,1,True,validated,1
49dbfdea-6f32-4f13-85c5-ce0f01924401,prca03,likert5,3,3,True,validated,0
49dbfdea-6f32-4f13-85c5-ce0f01924401,prca04,likert5,3,3,True,validated,1
49dbfdea-6f32-4f13-85c5-ce0f01924401,prca05,likert5,5,5,True,validated,0
49dbfdea-6f32-4f13-85c5-ce0f01924401,prca06,likert5,3,3,True,validated,1
49dbfdea-6f32-4f13-85c5-ce0f01924401,prca13,likert5,5,5,True,validated,0
49dbfdea-6f32-4f13-85c5-ce0f01924401,prca14,likert5,5,1,True,validated,1
49dbfdea-6f32-4f13-85c5-ce0f01924401,prca15,likert5,4,4,True,validated,0
49dbfdea-6f32-4f13-85c5-ce0f01924401,prca16,likert5,1,5,True,validated,1
49dbfdea-6f32-4f13-85c5-ce0f01924401,prca17,likert5,3,3,True,validated,1
49dbfdea-6f32-4f13-85c5-ce0f01924401,prca18,likert5,3,3,True,validated,0
effcaea5-48fd-4e38-b5a8-bd45d30ff2a2,prca01,likert5,3,3,True,validated,0
effcaea5-48fd-4e38-b5a8-bd45d30ff2a2,prca02,likert5,5,1,True,validated,1
effcaea5-48fd-4e38-b5a8-bd45d30ff2a2,prca03,likert5,4,4,True,validated,0
effcaea5-48fd-4e38-b5a8-bd45d30ff2a2,prca04,likert5,3,3,True,validated,1
effcaea5-48fd-4e38-b5a8-bd45d30ff2a2,prca05,likert5,5,5,True,validated,0
effcaea5-48fd-4e38-b5a8-bd45d30ff2a2,prca06,likert5,3,3,True,validated,1
effcaea5-48fd-4e38-b5a8-bd45d30ff2a2,prca13,likert5,4,4,True,validated,0
effcaea5-48fd-4e38-b5a8-bd45d30ff2a2,prca14,likert5,3,3,True,validated,1
effcaea5-48fd-4e38-b5a8-bd45d30ff2a2,prca15,likert5,3,3,True,validated,0
effcaea5-48fd-4e38-b5a8-bd45d30ff2a2,prca16,likert5,2,4,True,validated,1
effcaea5-48fd-4e38-b5a8-bd45d30ff2a2,prca17,likert5,2,4,True,validated,1
effcaea5-48fd-4e38-b5a8-bd45d30ff2a2,prca18,likert5,4,4,True,validated,0
f5d79774-83f7-4c55-a71c-039d117cdf3f,prca01,likert5,3,3,True,validated,0
f5d79774-83f7-4c55-a71c-039d117cdf3f,prca02,likert5,3,3,True,validated,1
f5d79774-83f7-4c55-a71c-039d117cdf3f,prca03,likert5,4,4,True,validated,0
f5d79774-83f7-4c55-a71c-039d117cdf3f,prca04,likert5,5,1,True,validated,1
f5d79774-83f7-4c55-a71c-039d117cdf3f,prca05,likert5,5,5,True,validated,0
f5d79774-83f7-4c55-a71c-039d117cdf3f,prca06,likert5,2,4,True,validated,1
f5d79774-83f7-4c55-a71c-039d117cdf3f,prca13,likert5,3,3,True,validated,0
f5d79774-83f7-4c55-a71c-039d117cdf3f,prca14,likert5,5,1,True,validated,1
f5d79774-83f7-4c55-a71c-039d117cdf3f,prca15,likert5,5,5,True,validated,0
f5d79774-83f7-4c55-a71c-039d117cdf3f,prca16,likert5,2,4,True,validated,1
f5d79774-83f7-4c55-a71c-039d117cdf3f,prca17,likert5,3,3,True,validated,1
f5d79774-83f7-4c55-a71c-039d117cdf3f,prca18,likert5,4,4,True,validated,0
85bf82f1-73bc-45b0-aea8-6a6b4abae382,prca01,likert5,2,2,True,validated,0
85bf82f1-73bc-45b0-aea8-6a6b4abae382,prca02,likert5,3,3,True,validated,1
85bf82f1-73bc-45b0-aea8-6a6b4abae382,prca03,likert5,1,1,True,validated,0
85bf82f1-73bc-45b0-aea8-6a6b4abae382,prca04,likert5,3,3,True,validated,1
85bf82f1-73bc-45b0-aea8-6a6b4abae382,prca05,likert5,5,5,True,validated,0
85bf82f1-73bc-45b0-aea8-6a6b4abae382,prca06,likert5,5,1,True,validated,1
85bf82f1-73bc-45b0-aea8-6a6b4abae382,prca13,likert5,4,4,True,validated,0
85bf82f1-73bc-45b0-aea8-6a6b4abae382,prca14,likert5,3,3,True,validated,1
85bf82f1-73bc-45b0-aea8-6a6b4abae382,prca15,likert5,4,4,True,validated,0
85bf82f1-73bc-45b0-aea8-6a6b4abae382,prca16,likert5,1,5,True,validated,1
85bf82f1-73bc-45b0-aea8-6a6b4abae382,prca17,likert5,3,3,True,validated,1
85bf82f1-73bc-45b0-aea8-6a6b4abae382,prca18,likert5,5,5,True,validated,0
36601f44-5d00-44f4-a342-a4e9f994cf42,prca01,likert5,4,4,True,validated,0
36601f44-5d00-44f4-a342-a4e9f994cf42,prca02,likert5,4,2,True,validated,1
36601f44-5d00-44f4-a342-a4e9f994cf42,prca03,likert5,3,3,True,validated,0
36601f44-5d00-44f4-a342-a4e9f994cf42,prca04,likert5,5,1,True,validated,1
36601f44-5d00-44f4-a342-a4e9f994cf42,prca05,likert5,4,4,True,validated,0
36601f44-5d00-44f4-a342-a4e9f994cf42,prca06,likert5,3,3,True,validated,1
36601f44-5d00-44f4-a342-a4e9f994cf42,prca13,likert5,2,2,True,validated,0
36601f44-5d00-44f4-a342-a4e9f994cf42,prca14,likert5,4,2,True,validated,1
36601f44-5d00-44f4-a342-a4e9f994cf42,prca15,likert5,4,4,True,validated,0
36601f44-5d00-44f4-a342-a4e9f994cf42,prca16,likert5,3,3,True,validated,1
36601f44-5d00-44f4-a342-a4e9f994cf42,prca17,likert5,4,2,True,validated,1
36601f44-5d00-44f4-a342-a4e9f994cf42,prca18,likert5,3,3,True,validated,0
e7188f20-530e-4f91-9c36-1715c0df3666,prca01,likert5,3,3,True,validated,0
e7188f20-530e-4f91-9c36-1715c0df3666,prca02,likert5,3,3,True,validated,1
e7188f20-530e-4f91-9c36-1715c0df3666,prca03,likert5,1,1,True,validated,0
e7188f20-530e-4f91-9c36-1715c0df3666,prca04,likert5,5) strongly agree,3,True,recode,1
e7188f20-530e-4f91-9c36-1715c0df3666,prca05,likert5,5,5,True,validated,0
e7188f20-530e-4f91-9c36-1715c0df3666,prca06,likert5,4,2,True,validated,1
e7188f20-530e-4f91-9c36-1715c0df3666,prca13,likert5,1,1,True,validated,0
e7188f20-530e-4f91-9c36-1715c0df3666,prca14,likert5,5,1,True,validated,1
e7188f20-530e-4f91-9c36-1715c0df3666,prca15,likert5,3,3,True,validated,0
e7188f20-530e-4f91-9c36-1715c0df3666,prca16,likert5,4,2,True,validated,1
e7188f20-530e-4f91-9c36-1715c0df3666,prca17,likert5,1,5,True,validated,1
e7188f20-530e-4f91-9c36-1715c0df3666,prca18,likert5,3,3,True,validated,0
612d6eb0-04a5-4bff-8e7a-8c05ee043b77,prca01,likert5,5,5,True,validated,0
612d6eb0-04a5-4bff-8e7a-8c05ee043b77,prca02,likert5,4,2,True,validated,1
612d6eb0-04a5-4bff-8e7a-8c05ee043b77,prca03,likert5,2,2,True,validated,0
612d6eb0-04a5-4bff-8e7a-8c05ee043b77,prca04,likert5,4,2,True,validated,1
612d6eb0-04a5-4bff-8e7a-8c05ee043b77,prca05,likert5,5,5,True,validated,0
612d6eb0-04a5-4bff-8e7a-8c05ee043b77,prca06,likert5,4,2,True,validated,1
612d6eb0-04a5-4bff-8e7a-8c05ee043b77,prca13,likert5,2,2,True,validated,0
612d6eb0-04a5-4bff-8e7a-8c05ee043b77,prca14,likert5,4,2,True,validated,1
612d6eb0-04a5-4bff-8e7a-8c05ee043b77,prca15,likert5,4,4,True,validated,0
612d6eb0-04a5-4bff-8e7a-8c05ee043b77,prca16,likert5,1,5,True,validated,1
612d6eb0-04a5-4bff-8e7a-8c05ee043b77,prca17,likert5,4,2,True,validated,1
612d6eb0-04a5-4bff-8e7a-8c05ee043b77,prca18,likert5,5,5,True,validated,0
fd419367-dc24-40d2-a0a6-6eeaa6d3aed1,prca01,likert5,2,2,True,validated,0
fd419367-dc24-40d2-a0a6-6eeaa6d3aed1,prca02,likert5,5,1,True,validated,1
fd419367-dc24-40d2-a0a6-6eeaa6d3aed1,prca03,likert5,3,3,True,validated,0
fd419367-dc24-40d2-a0a6-6eeaa6d3aed1,prca04,likert5,5,1,True,validated,1
fd419367-dc24-40d2-a0a6-6eeaa6d3aed1,prca05,likert5,3,3,True,validated,0
fd419367-dc24-40d2-a0a6-6eeaa6d3aed1,prca06,likert5,1,5,True,validated,1
fd419367-dc24-40d2-a0a6-6eeaa6d3aed1,prca13,likert5,1,1,True,validated,0
fd419367-dc24-40d2-a0a6-6eeaa6d3aed1,prca14,likert5,1,5,True,validated,1
fd419367-dc24-40d2-a0a6-6eeaa6d3aed1,prca15,likert5,3,3,True,validated,0
fd419367-dc24-40d2-a0a6-6eeaa6d3aed1,prca16,likert5,1,5,True,validated,1
fd419367-dc24-40d2-a0a6-6eeaa6d3aed1,prca17,likert5,1,5,True,validated,1
fd419367-dc24-40d2-a0a6-6eeaa6d3aed1,prca18,likert5,1,1,True,validated,0
0d44f0e0-46dc-492e-94cb-a8205cc942b2,prca01,likert5,4,4,True,validated,0
0d44f0e0-46dc-492e-94cb-a8205cc942b2,prca02,likert5,3,3,True,validated,1
0d44f0e0-46dc-492e-94cb-a8205cc942b2,prca03,likert5,1,1,True,validated,0
0d44f0e0-46dc-492e-94cb-a8205cc942b2,prca04,likert5,4,2,True,validated,1
0d44f0e0-46dc-492e-94cb-a8205cc942b2,prca05,likert5,2,2,True,validated,0
0d44f0e0-46dc-492e-94cb-a8205cc942b2,prca06,likert5,4,2,True,validated,1
0d44f0e0-46dc-492e-94cb-a8205cc942b2,prca13,likert5,3,3,True,validated,0
0d44f0e0-46dc-492e-94cb-a8205cc942b2,prca14,likert5,3,3,True,validated,1
0d44f0e0-46dc-492e-94cb-a8205cc942b2,prca15,likert5,1,1,True,validated,0
0d44f0e0-46dc-492e-94cb-a8205cc942b2,prca16,likert5,3,3,True,validated,1
0d44f0e0-46dc-492e-94cb-a8205cc942b2,prca17,likert5,1,5,True,validated,1
0d44f0e0-46dc-492e-94cb-a8205cc942b2,prca18,likert5,5,5,True,validated,0
ee3bba9b-3509-463f-882e-2043d4b6bc7a,prca01,likert5,5,5,True,validated,0
ee3bba9b-3509-463f-882e-2043d4b6bc7a,prca02,likert5,2,4,True,validated,1
ee3bba9b-3509-463f-882e-2043d4b6bc7a,prca03,likert5,4,4,True,validated,0
ee3bba9b-3509-463f-882e-2043d4b6bc7a,prca04,likert5,3,3,True,validated,1
ee3bba9b-3509-463f-882e-2043d4b6bc7a,prca05,likert5,1,1,True,validated,0
ee3bba9b-3509-463f-882e-2043d4b6bc7a,prca06,likert5,2,4,True,validated,1
ee3bba9b-3509-463f-882e-2043d4b6bc7a,prca13,likert5,5,5,True,validated,0
ee3bba9b-3509-463f-882e-2043d4b6bc7a,prca14,likert5,2,4,True,validated,1
ee3bba9b-3509-463f-882e-2043d4b6bc7a,prca15,likert5,1,1,True,validated,0
ee3bba9b-3509-463f-882e-2043d4b6bc7a,prca16,likert5,2,4,True,validated,1
ee3bba9b-3509-463f-882e-2043d4b6bc7a,prca17,likert5,4,2,True,validated,1
ee3bba9b-3509-463f-882e-2043d4b6bc7a,prca18,likert5,3,3,True,validated,0
d00912ff-42c1-4c5a-85be-317d1e118a5c,prca01,likert5,4,4,True,validated,0
d00912ff-42c1-4c5a-85be-317d1e118a5c,prca02,likert5,3,3,True,validated,1
d00912ff-42c1-4c5a-85be-317d1e118a5c,prca03,likert5,1,1,True,validated,0
d00912ff-42c1-4c5a-85be-317d1e118a5c,prca04,likert5,5,1,True,validated,1
d00912ff-42c1-4c5a-85be-317d1e118a5c,prca05,likert5,5,5,True,validated,0
d00912ff-42c1-4c5a-85be-317d1e118a5c,prca06,likert5,2,4,True,validated,1
d00912ff-42c1-4c5a-85be-317d1e118a5c,prca13,likert5,1,1,True,validated,0
d00912ff-42c1-4c5a-85be-317d1e118a5c,prca14,likert5,3,3,True,validated,1
d00912ff-42c1-4c5a-85be-317d1e118a5c,prca15,likert5,3,3,True,validated,0
d00912ff-42c1-4c5a-85be-317d1e118a5c,prca16,likert5,3,3,True,validated,1
d00912ff-42c1-4c5a-85be-317d1e118a5c,prca17,likert5,3,3,True,validated,1
d00912ff-42c1-4c5a-85be-317d1e118a5c,prca18,likert5,3,3,True,validated,0
29db2c93-c06a-436c-896d-1a15ed84b22e,prca01,likert5,5,5,True,validated,0
29db2c93-c06a-436c-896d-1a15ed84b22e,prca02,likert5,4,2,True,validated,1
29db2c93-c06a-436c-896d-1a15ed84b22e,prca03,likert5,1,1,True,validated,0
29db2c93-c06a-436c-896d-1a15ed84b22e,prca04,likert5,3,3,True,validated,1
29db2c93-c06a-436c-896d-1a15ed84b22e,prca05,likert5,1,1,True,validated,0
29db2c93-c06a-436c-896d-1a15ed84b22e,prca06,likert5,4,2,True,validated,1
29db2c93-c06a-436c-896d-1a15ed84b22e,prca13,likert5,5,5,True,validated,0
29db2c93-c06a-436c-896d-1a15ed84b22e,prca14,likert5,2,4,True,validated,1
29db2c93-c06a-436c-896d-1a15ed84b22e,prca15,likert5,4,4,True,validated,0
29db2c93-c06a-436c-896d-1a15ed84b22e,prca16,likert5,1,5,True,validated,1
29db2c93-c06a-436c-896d-1a15ed84b22e,prca17,likert5,4,2,True,validated,1
29db2c93-c06a-436c-896d-1a15ed84b22e,prca18,likert5,3,3,True,validated,0
0da0186e-3aff-43f2-af4d-9c42bc6cd4c3,prca01,likert5,5,5,True,validated,0
0da0186e-3aff-43f2-af4d-9c42bc6cd4c3,prca02,likert5,4,2,True,validated,1
0da0186e-3aff-43f2-af4d-9c42bc6cd4c3,prca03,likert5,3,3,True,validated,0
0da0186e-3aff-43f2-af4d-9c42bc6cd4c3,prca04,likert5,4,2,True,validated,1
0da0186e-3aff-43f2-af4d-9c42bc6cd4c3,prca05,likert5,4,4,True,validated,0
0da0186e-3aff-43f2-af4d-9c42bc6cd4c3,prca06,likert5,1,5,True,validated,1
0da0186e-3aff-43f2-af4d-9c42bc6cd4c3,prca13,likert5,4,4,True,validated,0
0da0186e-3aff-43f2-af4d-9c42bc6cd4c3,prca14,likert5,4,2,True,validated,1
0da0186e-3aff-43f2-af4d-9c42bc6cd4c3,prca15,likert5,4,4,True,validated,0
0da0186e-3aff-43f2-af4d-9c42bc6cd4c3,prca16,likert5,4,2,True,validated,1
0da0186e-3aff-43f2-af4d-9c42bc6cd4c3,prca17,likert5,3,3,True,validated,1
0da0186e-3aff-43f2-af4d-9c42bc6cd4c3,prca18,likert5,2,2,True,validated,0
0529cbdf-bda8-4585-9300-faac29a1549a,prca01,likert5,3,3,True,validated,0
0529cbdf-bda8-4585-9300-faac29a1549a,prca02,likert5,3,3,True,validated,1
0529cbdf-bda8-4585-9300-faac29a1549a,prca03,likert5,3,3,True,validated,0
0529cbdf-bda8-4585-9300-faac29a1549a,prca04,likert5,4,2,True,validated,1
0529cbdf-bda8-4585-9300-faac29a1549a,prca05,likert5,4,4,True,validated,0
0529cbdf-bda8-4585-9300-faac29a1549a,prca06,likert5,3,3,True,validated,1
0529cbdf-bda8-4585-9300-faac29a1549a,prca13,likert5,4,4,True,validated,0
0529cbdf-bda8-4585-9300-faac29a1549a,prca14,likert5,3,3,True,validated,1
0529cbdf-bda8-4585-9300-faac29a1549a,prca15,likert5,3,3,True,validated,0
0529cbdf-bda8-4585-9300-faac29a1549a,prca16,likert5,4,2,True,validated,1
0529cbdf-bda8-4585-9300-faac29a1549a,prca17,likert5,4,2,True,validated,1
0529cbdf-bda8-4585-9300-faac29a1549a,prca18,likert5,3,3,True,validated,0
c0ad600e-3ae9-4007-b029-9f15f453b9df,prca01,likert5,3,3,True,validated,0
c0ad600e-3ae9-4007-b029-9f15f453b9df,prca02,likert5,3,3,True,validated,1
c0ad600e-3ae9-4007-b029-9f15f453b9df,prca03,likert5,1,1,True,validated,0
c0ad600e-3ae9-4007-b029-9f15f453b9df,prca04,likert5,2,4,True,validated,1
c0ad600e-3ae9-4007-b029-9f15f453b9df,prca05,likert5,3,3,True,validated,0
c0ad600e-3ae9-4007-b029-9f15f453b9df,prca06,likert5,3,3,True,validated,1
c0ad600e-3ae9-4007-b029-9f15f453b9df,prca13,likert5,1,1,True,validated,0
c0ad600e-3ae9-4007-b029-9f15f453b9df,prca14,likert5,4,2,True,validated,1
c0ad600e-3ae9-4007-b029-9f15f453b9df,prca15,likert5,4,4,True,validated,0
c0ad600e-3ae9-4007-b029-9f15f453b9df,prca16,likert5,5,1,True,validated,1
c0ad600e-3ae9-4007-b029-9f15f453b9df,prca17,likert5,3,3,True,validated,1
c0ad600e-3ae9-4007-b029-9f15f453b9df,prca18,likert5,4,4,True,validated,0
bbc8bd55-58ce-4152-80be-25a64b06ec29,prca01,likert5,2,2,True,validated,0
bbc8bd55-58ce-4152-80be-25a64b06ec29,prca02,likert5,3,3,True,validated,1
bbc8bd55-58ce-4152-80be-25a64b06ec29,prca03,likert5,4,4,True,validated,0
bbc8bd55-58ce-4152-80be-25a64b06ec29,prca04,likert5,3,3,True,validated,1
bbc8bd55-58ce-4152-80be-25a64b06ec29,prca05,likert5,2,2,True,validated,0
bbc8bd55-58ce-4152-80be-25a64b06ec29,prca06,likert5,1,5,True,validated,1
bbc8bd55-58ce-4152-80be-25a64b06ec29,prca13,likert5,4,4,True,validated,0
bbc8bd55-58ce-4152-80be-25a64b06ec29,prca14,likert5,2,4,True,validated,1
bbc8bd55-58ce-4152-80be-25a64b06ec29,prca15,likert5,5,5,True,validated,0
bbc8bd55-58ce-4152-80be-25a64b06ec29,prca16,likert5,4,2,True,validated,1
bbc8bd55-58ce-4152-80be-25a64b06ec29,prca17,likert5,2,4,True,validated,1
bbc8bd55-58ce-4152-80be-25a64b06ec29,prca18,likert5,4,4,True,validated,0
e11eb386-3572-4dd3-b7d9-928f1b447bb4,prca01,likert5,4,4,True,validated,0
e11eb386-3572-4dd3-b7d9-928f1b447bb4,prca02,likert5,2,4,True,validated,1
e11eb386-3572-4dd3-b7d9-928f1b447bb4,prca03,likert5,4,4,True,validated,0
e11eb386-3572-4dd3-b7d9-928f1b447bb4,prca04,likert5,3,3,True,validated,1
e11eb386-3572-4dd3-b7d9-928f1b447bb4,prca05,likert5,4,4,True,validated,0
e11eb386-3572-4dd3-b7d9-928f1b447bb4,prca06,likert5,5,1,True,validated,1
e11eb386-3572-4dd3-b7d9-928f1b447bb4,prca13,likert5,4,4,True,validated,0
e11eb386-3572-4dd3-b7d9-928f1b447bb4,prca14,likert5,4,2,True,validated,1
e11eb386-3572-4dd3-b7d9-928f1b447bb4,prca15,likert5,4,4,True,validated,0
e11eb386-3572-4dd3-b7d9-928f1b447bb4,prca16,likert5,3,3,True,validated,1
e11eb386-3572-4dd3-b7d9-928f1b447bb4,prca17,likert5,4,2,True,validated,1
e11eb386-3572-4dd3-b7d9-928f1b447bb4,prca18,likert5,3,3,True,validated,0
77de67c0-d2c1-4f15-9b90-d4ec3c48f1f6,prca01,likert5,4,4,True,validated,0
77de67c0-d2c1-4f15-9b90-d4ec3c48f1f6,prca02,likert5,5,1,True,validated,1
77de67c0-d2c1-4f15-9b90-d4ec3c48f1f6,prca03,likert5,3,3,True,validated,0
77de67c0-d2c1-4f15-9b90-d4ec3c48f1f6,prca04,likert5,2,4,True,validated,1
77de67c0-d2c1-4f15-9b90-d4ec3c48f1f6,prca05,likert5,4,4,True,validated,0
77de67c0-d2c1-4f15-9b90-d4ec3c48f1f6,prca06,likert5,1,5,True,validated,1
77de67c0-d2c1-4f15-9b90-d4ec3c48f1f6,prca13,likert5,4,4,True,validated,0
77de67c0-d2c1-4f15-9b90-d4ec3c48f1f6,prca14,likert5,4,2,True,validated,1
77de67c0-d2c1-4f15-9b90-d4ec3c48f1f6,prca15,likert5,5,5,True,validated,0
77de67c0-d2c1-4f15-9b90-d4ec3c48f1f6,prca16,likert5,5,1,True,validated,1
77de67c0-d2c1-4f15-9b90-d4ec3c48f1f6,prca17,likert5,5,1,True,validated,1
77de67c0-d2c1-4f15-9b90-d4ec3c48f1f6,prca18,likert5,5,5,True,validated,0
eac1d5b8-ffae-4ad2-81b0-a41af3bed4dd,prca01,likert5,3,3,True,validated,0
eac1d5b8-ffae-4ad2-81b0-a41af3bed4dd,prca02,likert5,5,1,True,validated,1
eac1d5b8-ffae-4ad2-81b0-a41af3bed4dd,prca03,likert5,1,1,True,validated,0
eac1d5b8-ffae-4ad2-81b0-a41af3bed4dd,prca04,likert5,3,3,True,validated,1
eac1d5b8-ffae-4ad2-81b0-a41af3bed4dd,prca05,likert5,5) strongly agree,4,True,recode,0
eac1d5b8-ffae-4ad2-81b0-a41af3bed4dd,prca06,likert5,3,3,True,validated,1
eac1d5b8-ffae-4ad2-81b0-a41af3bed4dd,prca13,likert5,4,4,True,validated,0
eac1d5b8-ffae-4ad2-81b0-a41af3bed4dd,prca14,likert5,4,2,True,validated,1
eac1d5b8-ffae-4ad2-81b0-a41af3bed4dd,prca15,likert5,4,4,True,validated,0
eac1d5b8-ffae-4ad2-81b0-a41af3bed4dd,prca16,likert5,4,2,True,validated,1
eac1d5b8-ffae-4ad2-81b0-a41af3bed4dd,prca17,likert5,5,1,True,validated,1
eac1d5b8-ffae-4ad2-81b0-a41af3bed4dd,prca18,likert5,3,3,True,validated,0
9c807b38-4441-4521-b9ec-e90347ae8880,prca01,likert5,3,3,True,validated,0
9c807b38-4441-4521-b9ec-e90347ae8880,prca02,likert5,5,1,True,validated,1
9c807b38-4441-4521-b9ec-e90347ae8880,prca03,likert5,4,4,True,validated,0
9c807b38-4441-4521-b9ec-e90347ae8880,prca04,likert5,4,2,True,validated,1
9c807b38-4441-4521-b9ec-e90347ae8880,prca05,likert5,2,2,True,validated,0
9c807b38-4441-4521-b9ec-e90347ae8880,prca06,likert5,4,2,True,validated,1
9c807b38-4441-4521-b9ec-e90347ae8880,prca13,likert5,1,1,True,validated,0
9c807b38-4441-4521-b9ec-e90347ae8880,prca14,likert5,4,2,True,validated,1
9c807b38-4441-4521-b9ec-e90347ae8880,prca15,likert5,4,4,True,validated,0
9c807b38-4441-4521-b9ec-e90347ae8880,prca16,likert5,4,2,True,validated,1
9c807b38-4441-4521-b9ec-e90347ae8880,prca17,likert5,1,5,True,validated,1
9c807b38-4441-4521-b9ec-e90347ae8880,prca18,likert5,5,5,True,validated,0
cc9a1ac0-2ebb-4237-a6b5-7a979c637633,prca01,likert5,3,3,True,validated,0
cc9a1ac0-2ebb-4237-a6b5-7a979c637633,prca02,likert5,5,1,True,validated,1
cc9a1ac0-2ebb-4237-a6b5-7a979c637633,prca03,likert5,5,5,True,validated,0
cc9a1ac0-2ebb-4237-a6b5-7a979c637633,prca04,likert5,1,5,True,validated,1
cc9a1ac0-2ebb-4237-a6b5-7a979c637633,prca05,likert5,5,5,True,validated,0
cc9a1ac0-2ebb-4237-a6b5-7a979c637633,prca06,likert5,2,4,True,validated,1
cc9a1ac0-2ebb-4237-a6b5-7a979c637633,prca13,likert5,2,2,True,validated,0
cc9a1ac0-2ebb-4237-a6b5-7a979c637633,prca14,likert5,4,2,True,validated,1
cc9a1ac0-2ebb-4237-a6b5-7a979c637633,prca15,likert5,4,4,True,validated,0
cc9a1ac0-2ebb-4237-a6b5-7a979c637633,prca16,likert5,4,2,True,validated,1
cc9a1ac0-2ebb-4237-a6b5-7a979c637633,prca17,likert5,4,2,True,validated,1
cc9a1ac0-2ebb-4237-a6b5-7a979c637633,prca18,likert5,4,4,True,validated,0
397021e8-f3b5-4aa8-bf02-3691ba401289,prca01,likert5,4,4,True,validated,0
397021e8-f3b5-4aa8-bf02-3691ba401289,prca02,likert5,4,2,True,validated,1
397021e8-f3b5-4aa8-bf02-3691ba401289,prca03,likert5,4,4,True,validated,0
397021e8-f3b5-4aa8-bf02-3691ba401289,prca04,likert5,4,2,True,validated,1
397021e8-f3b5-4aa8-bf02-3691ba401289,prca05,likert5,5,5,True,validated,0
397021e8-f3b5-4aa8-bf02-3691ba401289,prca06,likert5,4,2,True,validated,1
397021e8-f3b5-4aa8-bf02-3691ba401289,prca13,likert5,2,2,True,validated,0
397021e8-f3b5-4aa8-bf02-3691ba401289,prca14,likert5,4,2,True,validated,1
397021e8-f3b5-4aa8-bf02-3691ba401289,prca15,likert5,5,5,True,validated,0
397021e8-f3b5-4aa8-bf02-3691ba401289,prca16,likert5,1,5,True,validated,1
397021e8-f3b5-4aa8-bf02-3691ba401289,prca17,likert5,2,4,True,validated,1
397021e8-f3b5-4aa8-bf02-3691ba401289,prca18,likert5,4,4,True,validated,0
