resid,question_id,scale,original_response,final_response,validated,action_taken,reverse_coded
54b95742-028f-4af6-9016-087fdde1feb1,prca01,likert5,5,5,True,validated,0
54b95742-028f-4af6-9016-087fdde1feb1,prca02,likert5,2,4,True,validated,1
54b95742-028f-4af6-9016-087fdde1feb1,prca03,likert5,4,4,True,validated,0
54b95742-028f-4af6-9016-087fdde1feb1,prca04,likert5,1,5,True,validated,1
54b95742-028f-4af6-9016-087fdde1feb1,prca05,likert5,3,3,True,validated,0
54b95742-028f-4af6-9016-087fdde1feb1,prca06,likert5,4,2,True,validated,1
54b95742-028f-4af6-9016-087fdde1feb1,prca13,likert5,5,5,True,validated,0
54b95742-028f-4af6-9016-087fdde1feb1,prca14,likert5,3,3,True,validated,1
54b95742-028f-4af6-9016-087fdde1feb1,prca15,likert5,2,2,True,validated,0
54b95742-028f-4af6-9016-087fdde1feb1,prca16,likert5,5,1,True,validated,1
54b95742-028f-4af6-9016-087fdde1feb1,prca17,likert5,1,5,True,validated,1
54b95742-028f-4af6-9016-087fdde1feb1,prca18,likert5,5,5,True,validated,0
335700dd-6b22-40c7-97d6-eaa33c2da46e,prca01,likert5,3,3,True,validated,0
335700dd-6b22-40c7-97d6-eaa33c2da46e,prca02,likert5,4,2,True,validated,1
335700dd-6b22-40c7-97d6-eaa33c2da46e,prca03,likert5,1,1,True,validated,0
335700dd-6b22-40c7-97d6-eaa33c2da46e,prca04,likert5,3,3,True,validated,1
335700dd-6b22-40c7-97d6-eaa33c2da46e,prca05,likert5,1,1,True,validated,0
335700dd-6b22-40c7-97d6-eaa33c2da46e,prca06,likert5,2,4,True,validated,1
335700dd-6b22-40c7-97d6-eaa33c2da46e,prca13,likert5,5,5,True,validated,0
335700dd-6b22-40c7-97d6-eaa33c2da46e,prca14,likert5,2,4,True,validated,1
335700dd-6b22-40c7-97d6-eaa33c2da46e,prca15,likert5,1,1,True,validated,0
335700dd-6b22-40c7-97d6-eaa33c2da46e,prca16,likert5,5,1,True,validated,1
335700dd-6b22-40c7-97d6-eaa33c2da46e,prca17,likert5,2,4,True,validated,1
335700dd-6b22-40c7-97d6-eaa33c2da46e,prca18,likert5,4,4,True,validated,0
3c892699-a8bf-4a3b-ad94-455badadd888,prca01,likert5,3,3,True,validated,0
3c892699-a8bf-4a3b-ad94-455badadd888,prca02,likert5,2,4,True,validated,1
3c892699-a8bf-4a3b-ad94-455badadd888,prca03,likert5,2,2,True,validated,0
3c892699-a8bf-4a3b-ad94-455badadd888,prca04,likert5,4,2,True,validated,1
3c892699-a8bf-4a3b-ad94-455badadd888,prca05,likert5,3,3,True,validated,0
3c892699-a8bf-4a3b-ad94-455badadd888,prca06,likert5,5,1,True,validated,1
3c892699-a8bf-4a3b-ad94-455badadd888,prca13,likert5,3,3,True,validated,0
3c892699-a8bf-4a3b-ad94-455badadd888,prca14,likert5,3,3,True,validated,1
3c892699-a8bf-4a3b-ad94-455badadd888,prca15,likert5,3,3,True,validated,0
3c892699-a8bf-4a3b-ad94-455badadd888,prca16,likert5,4,2,True,validated,1
3c892699-a8bf-4a3b-ad94-455badadd888,prca17,likert5,5,1,True,validated,1
3c892699-a8bf-4a3b-ad94-455badadd888,prca18,likert5,5,5,True,validated,0
cdcfe1d0-c488-4966-9b96-6b6dc1e55ce0,prca01,likert5,5) strongly agree,4,True,recode,0
cdcfe1d0-c488-4966-9b96-6b6dc1e55ce0,prca02,likert5,1,5,True,validated,1
cdcfe1d0-c488-4966-9b96-6b6dc1e55ce0,prca03,likert5,4,4,True,validated,0
cdcfe1d0-c488-4966-9b96-6b6dc1e55ce0,prca04,likert5,3,3,True,validated,1
cdcfe1d0-c488-4966-9b96-6b6dc1e55ce0,prca05,likert5,4,4,True,validated,0
cdcfe1d0-c488-4966-9b96-6b6dc1e55ce0,prca06,likert5,5) strongly agree,1,True,recode,1
cdcfe1d0-c488-4966-9b96-6b6dc1e55ce0,prca13,likert5,4,4,True,validated,0
cdcfe1d0-c488-4966-9b96-6b6dc1e55ce0,prca14,likert5,5,1,True,validated,1
cdcfe1d0-c488-4966-9b96-6b6dc1e55ce0,prca15,likert5,3,3,True,validated,0
cdcfe1d0-c488-4966-9b96-6b6dc1e55ce0,prca16,likert5,5) strongly agree,1,True,recode,1
cdcfe1d0-c488-4966-9b96-6b6dc1e55ce0,prca17,likert5,1,5,True,validated,1
cdcfe1d0-c488-4966-9b96-6b6dc1e55ce0,prca18,likert5,5,5,True,validated,0
2a2e714a-9f7d-4386-a97b-7f3dd1f13f79,prca01,likert5,5,5,True,validated,0
2a2e714a-9f7d-4386-a97b-7f3dd1f13f79,prca02,likert5,3,3,True,validated,1
2a2e714a-9f7d-4386-a97b-7f3dd1f13f79,prca03,likert5,1,1,True,validated,0
2a2e714a-9f7d-4386-a97b-7f3dd1f13f79,prca04,likert5,4,2,True,validated,1
2a2e714a-9f7d-4386-a97b-7f3dd1f13f79,prca05,likert5,5,5,True,validated,0
2a2e714a-9f7d-4386-a97b-7f3dd1f13f79,prca06,likert5,5) strongly agree,1,True,recode,1
2a2e714a-9f7d-4386-a97b-7f3dd1f13f79,prca13,likert5,4,4,True,validated,0
2a2e714a-9f7d-4386-a97b-7f3dd1f13f79,prca14,likert5,5,1,True,validated,1
2a2e714a-9f7d-4386-a97b-7f3dd1f13f79,prca15,likert5,5,5,True,validated,0
2a2e714a-9f7d-4386-a97b-7f3dd1f13f79,prca16,likert5,1,5,True,validated,1
2a2e714a-9f7d-4386-a97b-7f3dd1f13f79,prca17,likert5,3,3,True,validated,1
2a2e714a-9f7d-4386-a97b-7f3dd1f13f79,prca18,likert5,1,1,True,validated,0
e5db6b15-5bfc-4aa7-82f1-23b2a37a15a9,prca01,likert5,1,1,True,validated,0
e5db6b15-5bfc-4aa7-82f1-23b2a37a15a9,prca02,likert5,5,1,True,validated,1
e5db6b15-5bfc-4aa7-82f1-23b2a37a15a9,prca03,likert5,1,1,True,validated,0
e5db6b15-5bfc-4aa7-82f1-23b2a37a15a9,prca04,likert5,5,1,True,validated,1
e5db6b15-5bfc-4aa7-82f1-23b2a37a15a9,prca05,likert5,4,4,True,validated,0
e5db6b15-5bfc-4aa7-82f1-23b2a37a15a9,prca06,likert5,4,2,True,validated,1
e5db6b15-5bfc-4aa7-82f1-23b2a37a15a9,prca13,likert5,4,4,True,validated,0
e5db6b15-5bfc-4aa7-82f1-23b2a37a15a9,prca14,likert5,4,2,True,validated,1
e5db6b15-5bfc-4aa7-82f1-23b2a37a15a9,prca15,likert5,3,3,True,validated,0
e5db6b15-5bfc-4aa7-82f1-23b2a37a15a9,prca16,likert5,1,5,True,validated,1
e5db6b15-5bfc-4aa7-82f1-23b2a37a15a9,prca17,likert5,2,4,True,validated,1
e5db6b15-5bfc-4aa7-82f1-23b2a37a15a9,prca18,likert5,1,1,True,validated,0
1d0f247c-477a-4dae-a0e9-f1e93a263101,prca01,likert5,4,4,True,validated,0
1d0f247c-477a-4dae-a0e9-f1e93a263101,prca02,likert5,5,1,True,validated,1
1d0f247c-477a-4dae-a0e9-f1e93a263101,prca03,likert5,3,3,True,validated,0
1d0f247c-477a-4dae-a0e9-f1e93a263101,prca04,likert5,3,3,True,validated,1
1d0f247c-477a-4dae-a0e9-f1e93a263101,prca05,likert5,3,3,True,validated,0
1d0f247c-477a-4dae-a0e9-f1e93a263101,prca06,likert5,3,3,True,validated,1
1d0f247c-477a-4dae-a0e9-f1e93a263101,prca13,likert5,2,2,True,validated,0
1d0f247c-477a-4dae-a0e9-f1e93a263101,prca14,likert5,4,2,True,validated,1
1d0f247c-477a-4dae-a0e9-f1e93a263101,prca15,likert5,5,5,True,validated,0
1d0f247c-477a-4dae-a0e9-f1e93a263101,prca16,likert5,5,1,True,validated,1
1d0f247c-477a-4dae-a0e9-f1e93a263101,prca17,likert5,3,3,True,validated,1
1d0f247c-477a-4dae-a0e9-f1e93a263101,prca18,likert5,5,5,True,validated,0
fdb3019e-50a7-49c5-9bee-e6fbfb20a68d,prca01,likert5,3,3,True,validated,0
fdb3019e-50a7-49c5-9bee-e6fbfb20a68d,prca02,likert5,5,1,True,validated,1
fdb3019e-50a7-49c5-9bee-e6fbfb20a68d,prca03,likert5,5,5,True,validated,0
fdb3019e-50a7-49c5-9bee-e6fbfb20a68d,prca04,likert5,3,3,True,validated,1
fdb3019e-50a7-49c5-9bee-e6fbfb20a68d,prca05,likert5,3,3,True,validated,0
fdb3019e-50a7-49c5-9bee-e6fbfb20a68d,prca06,likert5,2,4,True,validated,1
fdb3019e-50a7-49c5-9bee-e6fbfb20a68d,prca13,likert5,3,3,True,validated,0
fdb3019e-50a7-49c5-9bee-e6fbfb20a68d,prca14,likert5,1,5,True,validated,1
fdb3019e-50a7-49c5-9bee-e6fbfb20a68d,prca15,likert5,3,3,True,validated,0
fdb3019e-50a7-49c5-9bee-e6fbfb20a68d,prca16,likert5,1,5,True,validated,1
fdb3019e-50a7-49c5-9bee-e6fbfb20a68d,prca17,likert5,4,2,True,validated,1
fdb3019e-50a7-49c5-9bee-e6fbfb20a68d,prca18,likert5,4,4,True,validated,0
e90afaa1-ac7d-4474-bf51-4dbf1816c706,prca01,likert5,2,2,True,validated,0
e90afaa1-ac7d-4474-bf51-4dbf1816c706,prca02,likert5,3,3,True,validated,1
e90afaa1-ac7d-4474-bf51-4dbf1816c706,prca03,likert5,4,4,True,validated,0
e90afaa1-ac7d-4474-bf51-4dbf1816c706,prca04,likert5,3,3,True,validated,1
e90afaa1-ac7d-4474-bf51-4dbf1816c706,prca05,likert5,1,1,True,validated,0
e90afaa1-ac7d-4474-bf51-4dbf1816c706,prca06,likert5,3,3,True,validated,1
e90afaa1-ac7d-4474-bf51-4dbf1816c706,prca13,likert5,3,3,True,validated,0
e90afaa1-ac7d-4474-bf51-4dbf1816c706,prca14,likert5,1,5,True,validated,1
e90afaa1-ac7d-4474-bf51-4dbf1816c706,prca15,likert5,5,5,True,validated,0
e90afaa1-ac7d-4474-bf51-4dbf1816c706,prca16,likert5,3,3,True,validated,1
e90afaa1-ac7d-4474-bf51-4dbf1816c706,prca17,likert5,3,3,True,validated,1
e90afaa1-ac7d-4474-bf51-4dbf1816c706,prca18,likert5,5,5,True,validated,0
743fa968-32dc-49a6-87bd-03ee82e43212,prca01,likert5,3,3,True,validated,0
743fa968-32dc-49a6-87bd-03ee82e43212,prca02,likert5,3,3,True,validated,1
743fa968-32dc-49a6-87bd-03ee82e43212,prca03,likert5,5,5,True,validated,0
743fa968-32dc-49a6-87bd-03ee82e43212,prca04,likert5,5,1,True,validated,1
743fa968-32dc-49a6-87bd-03ee82e43212,prca05,likert5,1,1,True,validated,0
743fa968-32dc-49a6-87bd-03ee82e43212,prca06,likert5,3,3,True,validated,1
743fa968-32dc-49a6-87bd-03ee82e43212,prca13,likert5,4,4,True,validated,0
743fa968-32dc-49a6-87bd-03ee82e43212,prca14,likert5,3,3,True,validated,1
743fa968-32dc-49a6-87bd-03ee82e43212,prca15,likert5,3,3,True,validated,0
743fa968-32dc-49a6-87bd-03ee82e43212,prca16,likert5,5) strongly agree,5,True,recode,1
743fa968-32dc-49a6-87bd-03ee82e43212,prca17,likert5,2,4,True,validated,1
743fa968-32dc-49a6-87bd-03ee82e43212,prca18,likert5,2,2,True,validated,0
88205d95-ecbc-449a-abb3-77a4b6165c06,prca01,likert5,2,2,True,validated,0
88205d95-ecbc-449a-abb3-77a4b6165c06,prca02,likert5,2,4,True,validated,1
88205d95-ecbc-449a-abb3-77a4b6165c06,prca03,likert5,4,4,True,validated,0
88205d95-ecbc-449a-abb3-77a4b6165c06,prca04,likert5,5) strongly agree,1,True,recode,1
88205d95-ecbc-449a-abb3-77a4b6165c06,prca05,likert5,5,5,True,validated,0
88205d95-ecbc-449a-abb3-77a4b6165c06,prca06,likert5,4,2,True,validated,1
88205d95-ecbc-449a-abb3-77a4b6165c06,prca13,likert5,2,2,True,validated,0
88205d95-ecbc-449a-abb3-77a4b6165c06,prca14,likert5,4,2,True,validated,1
88205d95-ecbc-449a-abb3-77a4b6165c06,prca15,likert5,1,1,True,validated,0
88205d95-ecbc-449a-abb3-77a4b6165c06,prca16,likert5,2,4,True,validated,1
88205d95-ecbc-449a-abb3-77a4b6165c06,prca17,likert5,1,5,True,validated,1
88205d95-ecbc-449a-abb3-77a4b6165c06,prca18,likert5,3,3,True,validated,0
9c5bb560-22ee-4fc5-a146-5ab6fdc06350,prca01,likert5,5,5,True,validated,0
9c5bb560-22ee-4fc5-a146-5ab6fdc06350,prca02,likert5,2,4,True,validated,1
9c5bb560-22ee-4fc5-a146-5ab6fdc06350,prca03,likert5,5,5,True,validated,0
9c5bb560-22ee-4fc5-a146-5ab6fdc06350,prca04,likert5,5,1,True,validated,1
9c5bb560-22ee-4fc5-a146-5ab6fdc06350,prca05,likert5,4,4,True,validated,0
9c5bb560-22ee-4fc5-a146-5ab6fdc06350,prca06,likert5,5,1,True,validated,1
9c5bb560-22ee-4fc5-a146-5ab6fdc06350,prca13,likert5,5,5,True,validated,0
9c5bb560-22ee-4fc5-a146-5ab6fdc06350,prca14,likert5,1,5,True,validated,1
9c5bb560-22ee-4fc5-a146-5ab6fdc06350,prca15,likert5,4,4,True,validated,0
9c5bb560-22ee-4fc5-a146-5ab6fdc06350,prca16,likert5,4,2,True,validated,1
9c5bb560-22ee-4fc5-a146-5ab6fdc06350,prca17,likert5,3,3,True,validated,1
9c5bb560-22ee-4fc5-a146-5ab6fdc06350,prca18,likert5,3,3,True,validated,0
49bf9317-a389-4246-a5e5-4d295167389f,prca01,likert5,2,2,True,validated,0
49bf9317-a389-4246-a5e5-4d295167389f,prca02,likert5,1,5,True,validated,1
49bf9317-a389-4246-a5e5-4d295167389f,prca03,likert5,1,1,True,validated,0
49bf9317-a389-4246-a5e5-4d295167389f,prca04,likert5,2,4,True,validated,1
49bf9317-a389-4246-a5e5-4d295167389f,prca05,likert5,3,3,True,validated,0
49bf9317-a389-4246-a5e5-4d295167389f,prca06,likert5,2,4,True,validated,1
49bf9317-a389-4246-a5e5-4d295167389f,prca13,likert5,4,4,True,validated,0
49bf9317-a389-4246-a5e5-4d295167389f,prca14,likert5,2,4,True,validated,1
49bf9317-a389-4246-a5e5-4d295167389f,prca15,likert5,4,4,True,validated,0
49bf9317-a389-4246-a5e5-4d295167389f,prca16,likert5,5,1,True,validated,1
49bf9317-a389-4246-a5e5-4d295167389f,prca17,likert5,1,5,True,validated,1
49bf9317-a389-4246-a5e5-4d295167389f,prca18,likert5,3,3,True,validated,0
58b6e210-ce2d-425d-b2d2-19b9800532b5,prca01,likert5,2,2,True,validated,0
58b6e210-ce2d-425d-b2d2-19b9800532b5,prca02,likert5,5) strongly agree,1,True,recode,1
58b6e210-ce2d-425d-b2d2-19b9800532b5,prca03,likert5,4,4,True,validated,0
58b6e210-ce2d-425d-b2d2-19b9800532b5,prca04,likert5,1,5,True,validated,1
58b6e210-ce2d-425d-b2d2-19b9800532b5,prca05,likert5,4,4,True,validated,0
58b6e210-ce2d-425d-b2d2-19b9800532b5,prca06,likert5,3,3,True,validated,1
58b6e210-ce2d-425d-b2d2-19b9800532b5,prca13,likert5,1,1,True,validated,0
58b6e210-ce2d-425d-b2d2-19b9800532b5,prca14,likert5,4,2,True,validated,1
58b6e210-ce2d-425d-b2d2-19b9800532b5,prca15,likert5,2,2,True,validated,0
58b6e210-ce2d-425d-b2d2-19b9800532b5,prca16,likert5,1,5,True,validated,1
58b6e210-ce2d-425d-b2d2-19b9800532b5,prca17,likert5,1,5,True,validated,1
58b6e210-ce2d-425d-b2d2-19b9800532b5,prca18,likert5,5) strongly agree,4,True,recode,0
21bd4a0b-c62c-48a9-8ef9-267c906cd60b,prca01,likert5,5,5,True,validated,0
21bd4a0b-c62c-48a9-8ef9-267c906cd60b,prca02,likert5,5,1,True,validated,1
21bd4a0b-c62c-48a9-8ef9-267c906cd60b,prca03,likert5,1,1,True,validated,0
21bd4a0b-c62c-48a9-8ef9-267c906cd60b,prca04,likert5,1,5,True,validated,1
21bd4a0b-c62c-48a9-8ef9-267c906cd60b,prca05,likert5,1,1,True,validated,0
21bd4a0b-c62c-48a9-8ef9-267c906cd60b,prca06,likert5,2,4,True,validated,1
21bd4a0b-c62c-48a9-8ef9-267c906cd60b,prca13,likert5,3,3,True,validated,0
21bd4a0b-c62c-48a9-8ef9-267c906cd60b,prca14,likert5,1,5,True,validated,1
21bd4a0b-c62c-48a9-8ef9-267c906cd60b,prca15,likert5,4,4,True,validated,0
21bd4a0b-c62c-48a9-8ef9-267c906cd60b,prca16,likert5,1,5,True,validated,1
21bd4a0b-c62c-48a9-8ef9-267c906cd60b,prca17,likert5,5,1,True,validated,1
21bd4a0b-c62c-48a9-8ef9-267c906cd60b,prca18,likert5,3,3,True,validated,0
3be8f09d-444e-4353-8894-627e80f99bf2,prca01,likert5,5,5,True,validated,0
3be8f09d-444e-4353-8894-627e80f99bf2,prca02,likert5,5,1,True,validated,1
3be8f09d-444e-4353-8894-627e80f99bf2,prca03,likert5,5,5,True,validated,0
3be8f09d-444e-4353-8894-627e80f99bf2,prca04,likert5,1,5,True,validated,1
3be8f09d-444e-4353-8894-627e80f99bf2,prca05,likert5,2,2,True,validated,0
3be8f09d-444e-4353-8894-627e80f99bf2,prca06,likert5,5,1,True,validated,1
3be8f09d-444e-4353-8894-627e80f99bf2,prca13,likert5,2,2,True,validated,0
3be8f09d-444e-4353-8894-627e80f99bf2,prca14,likert5,2,4,True,validated,1
3be8f09d-444e-4353-8894-627e80f99bf2,prca15,likert5,3,3,True,validated,0
3be8f09d-444e-4353-8894-627e80f99bf2,prca16,likert5,5,1,True,validated,1
3be8f09d-444e-4353-8894-627e80f99bf2,prca17,likert5,3,3,True,validated,1
3be8f09d-444e-4353-8894-627e80f99bf2,prca18,likert5,4,4,True,validated,0
a7f8af83-c813-48f8-ba68-1e87ad2e74f1,prca01,likert5,2,2,True,validated,0
a7f8af83-c813-48f8-ba68-1e87ad2e74f1,prca02,likert5,5) strongly agree,1,True,recode,1
a7f8af83-c813-48f8-ba68-1e87ad2e74f1,prca03,likert5,5,5,True,validated,0
a7f8af83-c813-48f8-ba68-1e87ad2e74f1,prca04,likert5,3,3,True,validated,1
a7f8af83-c813-48f8-ba68-1e87ad2e74f1,prca05,likert5,2,2,True,validated,0
a7f8af83-c813-48f8-ba68-1e87ad2e74f1,prca06,likert5,3,3,True,validated,1
a7f8af83-c813-48f8-ba68-1e87ad2e74f1,prca13,likert5,2,2,True,validated,0
a7f8af83-c813-48f8-ba68-1e87ad2e74f1,prca14,likert5,4,2,True,validated,1
a7f8af83-c813-48f8-ba68-1e87ad2e74f1,prca15,likert5,5) strongly agree,5,True,recode,0
a7f8af83-c813-48f8-ba68-1e87ad2e74f1,prca16,likert5,4,2,True,validated,1
a7f8af83-c813-48f8-ba68-1e87ad2e74f1,prca17,likert5,1,5,True,validated,1
a7f8af83-c813-48f8-ba68-1e87ad2e74f1,prca18,likert5,3,3,True,validated,0
60f3ff0a-e0f1-4272-aa54-880b81da8786,prca01,likert5,5,5,True,validated,0
60f3ff0a-e0f1-4272-aa54-880b81da8786,prca02,likert5,5,1,True,validated,1
60f3ff0a-e0f1-4272-aa54-880b81da8786,prca03,likert5,5,5,True,validated,0
60f3ff0a-e0f1-4272-aa54-880b81da8786,prca04,likert5,2,4,True,validated,1
60f3ff0a-e0f1-4272-aa54-880b81da8786,prca05,likert5,2,2,True,validated,0
60f3ff0a-e0f1-4272-aa54-880b81da8786,prca06,likert5,2,4,True,validated,1
60f3ff0a-e0f1-4272-aa54-880b81da8786,prca13,likert5,5,5,True,validated,0
60f3ff0a-e0f1-4272-aa54-880b81da8786,prca14,likert5,4,2,True,validated,1
60f3ff0a-e0f1-4272-aa54-880b81da8786,prca15,likert5,4,4,True,validated,0
60f3ff0a-e0f1-4272-aa54-880b81da8786,prca16,likert5,5,1,True,validated,1
60f3ff0a-e0f1-4272-aa54-880b81da8786,prca17,likert5,4,2,True,validated,1
60f3ff0a-e0f1-4272-aa54-880b81da8786,prca18,likert5,2,2,True,validated,0
e5a8fc2d-7f1c-433f-b0d8-d1257c7e0e96,prca01,likert5,3,3,True,validated,0
e5a8fc2d-7f1c-433f-b0d8-d1257c7e0e96,prca02,likert5,5,1,True,validated,1
e5a8fc2d-7f1c-433f-b0d8-d1257c7e0e96,prca03,likert5,4,4,True,validated,0
e5a8fc2d-7f1c-433f-b0d8-d1257c7e0e96,prca04,likert5,5,1,True,validated,1
e5a8fc2d-7f1c-433f-b0d8-d1257c7e0e96,prca05,likert5,3,3,True,validated,0
e5a8fc2d-7f1c-433f-b0d8-d1257c7e0e96,prca06,likert5,1,5,True,validated,1
e5a8fc2d-7f1c-433f-b0d8-d1257c7e0e96,prca13,likert5,2,2,True,validated,0
e5a8fc2d-7f1c-433f-b0d8-d1257c7e0e96,prca14,likert5,3,3,True,validated,1
e5a8fc2d-7f1c-433f-b0d8-d1257c7e0e96,prca15,likert5,4,4,True,validated,0
e5a8fc2d-7f1c-433f-b0d8-d1257c7e0e96,prca16,likert5,3,3,True,validated,1
e5a8fc2d-7f1c-433f-b0d8-d1257c7e0e96,prca17,likert5,4,2,True,validated,1
e5a8fc2d-7f1c-433f-b0d8-d1257c7e0e96,prca18,likert5,2,2,True,validated,0
d5998cf0-0f92-490b-9851-014398ff2b0e,prca01,likert5,2,2,True,validated,0
d5998cf0-0f92-490b-9851-014398ff2b0e,prca02,likert5,2,4,True,validated,1
d5998cf0-0f92-490b-9851-014398ff2b0e,prca03,likert5,3,3,True,validated,0
d5998cf0-0f92-490b-9851-014398ff2b0e,prca04,likert5,4,2,True,validated,1
d5998cf0-0f92-490b-9851-014398ff2b0e,prca05,likert5,3,3,True,validated,0
d5998cf0-0f92-490b-9851-014398ff2b0e,prca06,likert5,1,5,True,validated,1
d5998cf0-0f92-490b-9851-014398ff2b0e,prca13,likert5,5,5,True,validated,0
d5998cf0-0f92-490b-9851-014398ff2b0e,prca14,likert5,1,5,True,validated,1
d5998cf0-0f92-490b-9851-014398ff2b0e,prca15,likert5,3,3,True,validated,0
d5998cf0-0f92-490b-9851-014398ff2b0e,prca16,likert5,4,2,True,validated,1
d5998cf0-0f92-490b-9851-014398ff2b0e,prca17,likert5,4,2,True,validated,1
d5998cf0-0f92-490b-9851-014398ff2b0e,prca18,likert5,3,3,True,validated,0
7385f8ee-1d49-4a48-b4db-b39eeff0c073,prca01,likert5,1,1,True,validated,0
7385f8ee-1d49-4a48-b4db-b39eeff0c073,prca02,likert5,5) strongly agree,1,True,recode,1
7385f8ee-1d49-4a48-b4db-b39eeff0c073,prca03,likert5,4,4,True,validated,0
7385f8ee-1d49-4a48-b4db-b39eeff0c073,prca04,likert5,2,4,True,validated,1
7385f8ee-1d49-4a48-b4db-b39eeff0c073,prca05,likert5,3,3,True,validated,0
7385f8ee-1d49-4a48-b4db-b39eeff0c073,prca06,likert5,3,3,True,validated,1
7385f8ee-1d49-4a48-b4db-b39eeff0c073,prca13,likert5,4,4,True,validated,0
7385f8ee-1d49-4a48-b4db-b39eeff0c073,prca14,likert5,4,2,True,validated,1
7385f8ee-1d49-4a48-b4db-b39eeff0c073,prca15,likert5,2,2,True,validated,0
7385f8ee-1d49-4a48-b4db-b39eeff0c073,prca16,likert5,4,2,True,validated,1
7385f8ee-1d49-4a48-b4db-b39eeff0c073,prca17,likert5,1,5,True,validated,1
7385f8ee-1d49-4a48-b4db-b39eeff0c073,prca18,likert5,5,5,True,validated,0
1fdc8838-73b9-47f1-b863-bebd3a6329c7,prca01,likert5,5,5,True,validated,0
1fdc8838-73b9-47f1-b863-bebd3a6329c7,prca02,likert5,3,3,True,validated,1
1fdc8838-73b9-47f1-b863-bebd3a6329c7,prca03,likert5,2,2,True,validated,0
1fdc8838-73b9-47f1-b863-bebd3a6329c7,prca04,likert5,4,2,True,validated,1
1fdc8838-73b9-47f1-b863-bebd3a6329c7,prca05,likert5,3,3,True,validated,0
1fdc8838-73b9-47f1-b863-bebd3a6329c7,prca06,likert5,5,1,True,validated,1
1fdc8838-73b9-47f1-b863-bebd3a6329c7,prca13,likert5,5,5,True,validated,0
1fdc8838-73b9-47f1-b863-bebd3a6329c7,prca14,likert5,4,2,True,validated,1
1fdc8838-73b9-47f1-b863-bebd3a6329c7,prca15,likert5,3,3,True,validated,0
1fdc8838-73b9-47f1-b863-bebd3a6329c7,prca16,likert5,4,2,True,validated,1
1fdc8838-73b9-47f1-b863-bebd3a6329c7,prca17,likert5,5,1,True,validated,1
1fdc8838-73b9-47f1-b863-bebd3a6329c7,prca18,likert5,5,5,True,validated,0
9ef7c420-cdda-4c13-980e-e043e0052f73,prca01,likert5,5) strongly agree,4,True,recode,0
9ef7c420-cdda-4c13-980e-e043e0052f73,prca02,likert5,4,2,True,validated,1
9ef7c420-cdda-4c13-980e-e043e0052f73,prca03,likert5,4,4,True,validated,0
9ef7c420-cdda-4c13-980e-e043e0052f73,prca04,likert5,1,5,True,validated,1
9ef7c420-cdda-4c13-980e-e043e0052f73,prca05,likert5,1,1,True,validated,0
9ef7c420-cdda-4c13-980e-e043e0052f73,prca06,likert5,1,5,True,validated,1
9ef7c420-cdda-4c13-980e-e043e0052f73,prca13,likert5,4,4,True,validated,0
9ef7c420-cdda-4c13-980e-e043e0052f73,prca14,likert5,5,1,True,validated,1
9ef7c420-cdda-4c13-980e-e043e0052f73,prca15,likert5,3,3,True,validated,0
9ef7c420-cdda-4c13-980e-e043e0052f73,prca16,likert5,2,4,True,validated,1
9ef7c420-cdda-4c13-980e-e043e0052f73,prca17,likert5,5) strongly agree,1,True,recode,1
9ef7c420-cdda-4c13-980e-e043e0052f73,prca18,likert5,3,3,True,validated,0
9a71a0c4-ba76-4faa-9ea6-3c0f18bcdb63,prca01,likert5,2,2,True,validated,0
9a71a0c4-ba76-4faa-9ea6-3c0f18bcdb63,prca02,likert5,2,4,True,validated,1
9a71a0c4-ba76-4faa-9ea6-3c0f18bcdb63,prca03,likert5,4,4,True,validated,0
9a71a0c4-ba76-4faa-9ea6-3c0f18bcdb63,prca04,likert5,3,3,True,validated,1
9a71a0c4-ba76-4faa-9ea6-3c0f18bcdb63,prca05,likert5,4,4,True,validated,0
9a71a0c4-ba76-4faa-9ea6-3c0f18bcdb63,prca06,likert5,5,1,True,validated,1
9a71a0c4-ba76-4faa-9ea6-3c0f18bcdb63,prca13,likert5,1) strongly disagree,2,True,recode,0
9a71a0c4-ba76-4faa-9ea6-3c0f18bcdb63,prca14,likert5,3,3,True,validated,1
9a71a0c4-ba76-4faa-9ea6-3c0f18bcdb63,prca15,likert5,4,4,True,validated,0
9a71a0c4-ba76-4faa-9ea6-3c0f18bcdb63,prca16,likert5,1,5,True,validated,1
9a71a0c4-ba76-4faa-9ea6-3c0f18bcdb63,prca17,likert5,1,5,True,validated,1
9a71a0c4-ba76-4faa-9ea6-3c0f18bcdb63,prca18,likert5,2,2,True,validated,0
1ad856c2-681e-407c-a393-9eecd30c457a,prca01,likert5,1,1,True,validated,0
1ad856c2-681e-407c-a393-9eecd30c457a,prca02,likert5,2,4,True,validated,1
1ad856c2-681e-407c-a393-9eecd30c457a,prca03,likert5,3,3,True,validated,0
1ad856c2-681e-407c-a393-9eecd30c457a,prca04,likert5,5,1,True,validated,1
1ad856c2-681e-407c-a393-9eecd30c457a,prca05,likert5,3,3,True,validated,0
1ad856c2-681e-407c-a393-9eecd30c457a,prca06,likert5,2,4,True,validated,1
1ad856c2-681e-407c-a393-9eecd30c457a,prca13,likert5,4,4,True,validated,0
1ad856c2-681e-407c-a393-9eecd30c457a,prca14,likert5,5,1,True,validated,1
1ad856c2-681e-407c-a393-9eecd30c457a,prca15,likert5,4,4,True,validated,0
1ad856c2-681e-407c-a393-9eecd30c457a,prca16,likert5,3,3,True,validated,1
1ad856c2-681e-407c-a393-9eecd30c457a,prca17,likert5,5,1,True,validated,1
1ad856c2-681e-407c-a393-9eecd30c457a,prca18,likert5,5,5,True,validated,0
2d062c99-68f0-44db-a4bb-204cfa2ebad1,prca01,likert5,3,3,True,validated,0
2d062c99-68f0-44db-a4bb-204cfa2ebad1,prca02,likert5,3,3,True,validated,1
2d062c99-68f0-44db-a4bb-204cfa2ebad1,prca03,likert5,2,2,True,validated,0
2d062c99-68f0-44db-a4bb-204cfa2ebad1,prca04,likert5,5,1,True,validated,1
2d062c99-68f0-44db-a4bb-204cfa2ebad1,prca05,likert5,3,3,True,validated,0
2d062c99-68f0-44db-a4bb-204cfa2ebad1,prca06,likert5,5,1,True,validated,1
2d062c99-68f0-44db-a4bb-204cfa2ebad1,prca13,likert5,4,4,True,validated,0
2d062c99-68f0-44db-a4bb-204cfa2ebad1,prca14,likert5,3,3,True,validated,1
2d062c99-68f0-44db-a4bb-204cfa2ebad1,prca15,likert5,3,3,True,validated,0
2d062c99-68f0-44db-a4bb-204cfa2ebad1,prca16,likert5,5,1,True,validated,1
2d062c99-68f0-44db-a4bb-204cfa2ebad1,prca17,likert5,2,4,True,validated,1
2d062c99-68f0-44db-a4bb-204cfa2ebad1,prca18,likert5,3,3,True,validated,0
3b272d92-8ae1-430c-9ddb-efa03e259c76,prca01,likert5,3,3,True,validated,0
3b272d92-8ae1-430c-9ddb-efa03e259c76,prca02,likert5,5,1,True,validated,1
3b272d92-8ae1-430c-9ddb-efa03e259c76,prca03,likert5,3,3,True,validated,0
3b272d92-8ae1-430c-9ddb-efa03e259c76,prca04,likert5,3,3,True,validated,1
3b272d92-8ae1-430c-9ddb-efa03e259c76,prca05,likert5,2,2,True,validated,0
3b272d92-8ae1-430c-9ddb-efa03e259c76,prca06,likert5,4,2,True,validated,1
3b272d92-8ae1-430c-9ddb-efa03e259c76,prca13,likert5,4,4,True,validated,0
3b272d92-8ae1-430c-9ddb-efa03e259c76,prca14,likert5,4,2,True,validated,1
3b272d92-8ae1-430c-9ddb-efa03e259c76,prca15,likert5,5,5,True,validated,0
3b272d92-8ae1-430c-9ddb-efa03e259c76,prca16,likert5,1,5,True,validated,1
3b272d92-8ae1-430c-9ddb-efa03e259c76,prca17,likert5,5) strongly agree,3,True,recode,1
3b272d92-8ae1-430c-9ddb-efa03e259c76,prca18,likert5,2,2,True,validated,0
7bb8991a-fd97-466f-9d1a-452a736b1557,prca01,likert5,4,4,True,validated,0
7bb8991a-fd97-466f-9d1a-452a736b1557,prca02,likert5,5,1,True,validated,1
7bb8991a-fd97-466f-9d1a-452a736b1557,prca03,likert5,4,4,True,validated,0
7bb8991a-fd97-466f-9d1a-452a736b1557,prca04,likert5,1,5,True,validated,1
7bb8991a-fd97-466f-9d1a-452a736b1557,prca05,likert5,3,3,True,validated,0
7bb8991a-fd97-466f-9d1a-452a736b1557,prca06,likert5,4,2,True,validated,1
7bb8991a-fd97-466f-9d1a-452a736b1557,prca13,likert5,4,4,True,validated,0
7bb8991a-fd97-466f-9d1a-452a736b1557,prca14,likert5,3,3,True,validated,1
7bb8991a-fd97-466f-9d1a-452a736b1557,prca15,likert5,4,4,True,validated,0
7bb8991a-fd97-466f-9d1a-452a736b1557,prca16,likert5,4,2,True,validated,1
7bb8991a-fd97-466f-9d1a-452a736b1557,prca17,likert5,5,1,True,validated,1
7bb8991a-fd97-466f-9d1a-452a736b1557,prca18,likert5,4,4,True,validated,0
9a3112d5-3279-487e-be4c-72928ec7e195,prca01,likert5,4,4,True,validated,0
9a3112d5-3279-487e-be4c-72928ec7e195,prca02,likert5,5,1,True,validated,1
9a3112d5-3279-487e-be4c-72928ec7e195,prca03,likert5,5,5,True,validated,0
9a3112d5-3279-487e-be4c-72928ec7e195,prca04,likert5,2,4,True,validated,1
9a3112d5-3279-487e-be4c-72928ec7e195,prca05,likert5,4,4,True,validated,0
9a3112d5-3279-487e-be4c-72928ec7e195,prca06,likert5,4,2,True,validated,1
9a3112d5-3279-487e-be4c-72928ec7e195,prca13,likert5,4,4,True,validated,0
9a3112d5-3279-487e-be4c-72928ec7e195,prca14,likert5,3,3,True,validated,1
9a3112d5-3279-487e-be4c-72928ec7e195,prca15,likert5,1,1,True,validated,0
9a3112d5-3279-487e-be4c-72928ec7e195,prca16,likert5,3,3,True,validated,1
9a3112d5-3279-487e-be4c-72928ec7e195,prca17,likert5,4,2,True,validated,1
9a3112d5-3279-487e-be4c-72928ec7e195,prca18,likert5,2,2,True,validated,0
f31101d7-8c24-4fa1-90a3-92c728661ec8,prca01,likert5,5,5,True,validated,0
f31101d7-8c24-4fa1-90a3-92c728661ec8,prca02,likert5,1,5,True,validated,1
f31101d7-8c24-4fa1-90a3-92c728661ec8,prca03,likert5,2,2,True,validated,0
f31101d7-8c24-4fa1-90a3-92c728661ec8,prca04,likert5,3,3,True,validated,1
f31101d7-8c24-4fa1-90a3-92c728661ec8,prca05,likert5,1,1,True,validated,0
f31101d7-8c24-4fa1-90a3-92c728661ec8,prca06,likert5,3,3,True,validated,1
f31101d7-8c24-4fa1-90a3-92c728661ec8,prca13,likert5,4,4,True,validated,0
f31101d7-8c24-4fa1-90a3-92c728661ec8,prca14,likert5,4,2,True,validated,1
f31101d7-8c24-4fa1-90a3-92c728661ec8,prca15,likert5,3,3,True,validated,0
f31101d7-8c24-4fa1-90a3-92c728661ec8,prca16,likert5,1,5,True,validated,1
f31101d7-8c24-4fa1-90a3-92c728661ec8,prca17,likert5,2,4,True,validated,1
f31101d7-8c24-4fa1-90a3-92c728661ec8,prca18,likert5,4,4,True,validated,0
ee81f0df-b80a-4593-93c3-f61abf11679f,prca01,likert5,4,4,True,validated,0
ee81f0df-b80a-4593-93c3-f61abf11679f,prca02,likert5,3,3,True,validated,1
ee81f0df-b80a-4593-93c3-f61abf11679f,prca03,likert5,1,1,True,validated,0
ee81f0df-b80a-4593-93c3-f61abf11679f,prca04,likert5,1,5,True,validated,1
ee81f0df-b80a-4593-93c3-f61abf11679f,prca05,likert5,3,3,True,validated,0
ee81f0df-b80a-4593-93c3-f61abf11679f,prca06,likert5,1,5,True,validated,1
ee81f0df-b80a-4593-93c3-f61abf11679f,prca13,likert5,4,4,True,validated,0
ee81f0df-b80a-4593-93c3-f61abf11679f,prca14,likert5,3,3,True,validated,1
ee81f0df-b80a-4593-93c3-f61abf11679f,prca15,likert5,1,1,True,validated,0
ee81f0df-b80a-4593-93c3-f61abf11679f,prca16,likert5,4,2,True,validated,1
ee81f0df-b80a-4593-93c3-f61abf11679f,prca17,likert5,5,1,True,validated,1
ee81f0df-b80a-4593-93c3-f61abf11679f,prca18,likert5,1,1,True,validated,0
95b3b137-a532-4c45-803e-43f9bae55869,prca01,likert5,3,3,True,validated,0
95b3b137-a532-4c45-803e-43f9bae55869,prca02,likert5,2,4,True,validated,1
95b3b137-a532-4c45-803e-43f9bae55869,prca03,likert5,5,5,True,validated,0
95b3b137-a532-4c45-803e-43f9bae55869,prca04,likert5,4,2,True,validated,1
95b3b137-a532-4c45-803e-43f9bae55869,prca05,likert5,1,1,True,validated,0
95b3b137-a532-4c45-803e-43f9bae55869,prca06,likert5,3,3,True,validated,1
95b3b137-a532-4c45-803e-43f9bae55869,prca13,likert5,2,2,True,validated,0
95b3b137-a532-4c45-803e-43f9bae55869,prca14,likert5,5,1,True,validated,1
95b3b137-a532-4c45-803e-43f9bae55869,prca15,likert5,5,5,True,validated,0
95b3b137-a532-4c45-803e-43f9bae55869,prca16,likert5,3,3,True,validated,1
95b3b137-a532-4c45-803e-43f9bae55869,prca17,likert5,4,2,True,validated,1
95b3b137-a532-4c45-803e-43f9bae55869,prca18,likert5,4,4,True,validated,0
67dee10a-277e-4968-a047-752bd6d33b36,prca01,likert5,2,2,True,validated,0
67dee10a-277e-4968-a047-752bd6d33b36,prca02,likert5,3,3,True,validated,1
67dee10a-277e-4968-a047-752bd6d33b36,prca03,likert5,5,5,True,validated,0
67dee10a-277e-4968-a047-752bd6d33b36,prca04,likert5,2,4,True,validated,1
67dee10a-277e-4968-a047-752bd6d33b36,prca05,likert5,4,4,True,validated,0
67dee10a-277e-4968-a047-752bd6d33b36,prca06,likert5,5,1,True,validated,1
67dee10a-277e-4968-a047-752bd6d33b36,prca13,likert5,3,3,True,validated,0
67dee10a-277e-4968-a047-752bd6d33b36,prca14,likert5,5,1,True,validated,1
67dee10a-277e-4968-a047-752bd6d33b36,prca15,likert5,3,3,True,validated,0
67dee10a-277e-4968-a047-752bd6d33b36,prca16,likert5,3,3,True,validated,1
67dee10a-277e-4968-a047-752bd6d33b36,prca17,likert5,2,4,True,validated,1
67dee10a-277e-4968-a047-752bd6d33b36,prca18,likert5,1,1,True,validated,0
d3fe8c17-4abf-4ceb-8171-605422348948,prca01,likert5,5,5,True,validated,0
d3fe8c17-4abf-4ceb-8171-605422348948,prca02,likert5,3,3,True,validated,1
d3fe8c17-4abf-4ceb-8171-605422348948,prca03,likert5,2,2,True,validated,0
d3fe8c17-4abf-4ceb-8171-605422348948,prca04,likert5,5,1,True,validated,1
d3fe8c17-4abf-4ceb-8171-605422348948,prca05,likert5,4,4,True,validated,0
d3fe8c17-4abf-4ceb-8171-605422348948,prca06,likert5,4,2,True,validated,1
d3fe8c17-4abf-4ceb-8171-605422348948,prca13,likert5,3,3,True,validated,0
d3fe8c17-4abf-4ceb-8171-605422348948,prca14,likert5,3,3,True,validated,1
d3fe8c17-4abf-4ceb-8171-605422348948,prca15,likert5,3,3,True,validated,0
d3fe8c17-4abf-4ceb-8171-605422348948,prca16,likert5,3,3,True,validated,1
d3fe8c17-4abf-4ceb-8171-605422348948,prca17,likert5,5,1,True,validated,1
d3fe8c17-4abf-4ceb-8171-605422348948,prca18,likert5,4,4,True,validated,0
2adf37ab-4599-4c7e-9934-1e92996abd60,prca01,likert5,1,1,True,validated,0
2adf37ab-4599-4c7e-9934-1e92996abd60,prca02,likert5,3,3,True,validated,1
2adf37ab-4599-4c7e-9934-1e92996abd60,prca03,likert5,1,1,True,validated,0
2adf37ab-4599-4c7e-9934-1e92996abd60,prca04,likert5,1,5,True,validated,1
2adf37ab-4599-4c7e-9934-1e92996abd60,prca05,likert5,4,4,True,validated,0
2adf37ab-4599-4c7e-9934-1e92996abd60,prca06,likert5,3,3,True,validated,1
2adf37ab-4599-4c7e-9934-1e92996abd60,prca13,likert5,1,1,True,validated,0
2adf37ab-4599-4c7e-9934-1e92996abd60,prca14,likert5,2,4,True,validated,1
2adf37ab-4599-4c7e-9934-1e92996abd60,prca15,likert5,1,1,True,validated,0
2adf37ab-4599-4c7e-9934-1e92996abd60,prca16,likert5,3,3,True,validated,1
2adf37ab-4599-4c7e-9934-1e92996abd60,prca17,likert5,2,4,True,validated,1
2adf37ab-4599-4c7e-9934-1e92996abd60,prca18,likert5,4,4,True,validated,0
7f2bfede-af3c-4f89-acbb-e08f61abdbb8,prca01,likert5,5,5,True,validated,0
7f2bfede-af3c-4f89-acbb-e08f61abdbb8,prca02,likert5,1,5,True,validated,1
7f2bfede-af3c-4f89-acbb-e08f61abdbb8,prca03,likert5,4,4,True,validated,0
7f2bfede-af3c-4f89-acbb-e08f61abdbb8,prca04,likert5,1,5,True,validated,1
7f2bfede-af3c-4f89-acbb-e08f61abdbb8,prca05,likert5,5,5,True,validated,0
7f2bfede-af3c-4f89-acbb-e08f61abdbb8,prca06,likert5,5,1,True,validated,1
7f2bfede-af3c-4f89-acbb-e08f61abdbb8,prca13,likert5,1,1,True,validated,0
7f2bfede-af3c-4f89-acbb-e08f61abdbb8,prca14,likert5,5,1,True,validated,1
7f2bfede-af3c-4f89-acbb-e08f61abdbb8,prca15,likert5,1,1,True,validated,0
7f2bfede-af3c-4f89-acbb-e08f61abdbb8,prca16,likert5,3,3,True,validated,1
7f2bfede-af3c-4f89-acbb-e08f61abdbb8,prca17,likert5,5,1,True,validated,1
7f2bfede-af3c-4f89-acbb-e08f61abdbb8,prca18,likert5,2,2,True,validated,0
90463220-1439-4d5e-9f6a-0b0f349062e7,prca01,likert5,2,2,True,validated,0
90463220-1439-4d5e-9f6a-0b0f349062e7,prca02,likert5,3,3,True,validated,1
90463220-1439-4d5e-9f6a-0b0f349062e7,prca03,likert5,4,4,True,validated,0
90463220-1439-4d5e-9f6a-0b0f349062e7,prca04,likert5,5,1,True,validated,1
90463220-1439-4d5e-9f6a-0b0f349062e7,prca05,likert5,2,2,True,validated,0
90463220-1439-4d5e-9f6a-0b0f349062e7,prca06,likert5,1,5,True,validated,1
90463220-1439-4d5e-9f6a-0b0f349062e7,prca13,likert5,4,4,True,validated,0
90463220-1439-4d5e-9f6a-0b0f349062e7,prca14,likert5,5,1,True,validated,1
90463220-1439-4d5e-9f6a-0b0f349062e7,prca15,likert5,2,2,True,validated,0
90463220-1439-4d5e-9f6a-0b0f349062e7,prca16,likert5,3,3,True,validated,1
90463220-1439-4d5e-9f6a-0b0f349062e7,prca17,likert5,4,2,True,validated,1
90463220-1439-4d5e-9f6a-0b0f349062e7,prca18,likert5,4,4,True,validated,0
0f95dec2-2425-4f37-9300-d417bd4d8994,prca01,likert5,5) strongly agree,3,True,recode,0
0f95dec2-2425-4f37-9300-d417bd4d8994,prca02,likert5,4,2,True,validated,1
0f95dec2-2425-4f37-9300-d417bd4d8994,prca03,likert5,2,2,True,validated,0
0f95dec2-2425-4f37-9300-d417bd4d8994,prca04,likert5,3,3,True,validated,1
0f95dec2-2425-4f37-9300-d417bd4d8994,prca05,likert5,4,4,True,validated,0
0f95dec2-2425-4f37-9300-d417bd4d8994,prca06,likert5,1,5,True,validated,1
0f95dec2-2425-4f37-9300-d417bd4d8994,prca13,likert5,4,4,True,validated,0
0f95dec2-2425-4f37-9300-d417bd4d8994,prca14,likert5,2,4,True,validated,1
0f95dec2-2425-4f37-9300-d417bd4d8994,prca15,likert5,1,1,True,validated,0
0f95dec2-2425-4f37-9300-d417bd4d8994,prca16,likert5,1,5,True,validated,1
0f95dec2-2425-4f37-9300-d417bd4d8994,prca17,likert5,5,1,True,validated,1
0f95dec2-2425-4f37-9300-d417bd4d8994,prca18,likert5,4,4,True,validated,0
7ec84374-903c-439f-8099-1d9f8e2a9a90,prca01,likert5,4,4,True,validated,0
7ec84374-903c-439f-8099-1d9f8e2a9a90,prca02,likert5,4,2,True,validated,1
7ec84374-903c-439f-8099-1d9f8e2a9a90,prca03,likert5,4,4,True,validated,0
7ec84374-903c-439f-8099-1d9f8e2a9a90,prca04,likert5,3,3,True,validated,1
7ec84374-903c-439f-8099-1d9f8e2a9a90,prca05,likert5,4,4,True,validated,0
7ec84374-903c-439f-8099-1d9f8e2a9a90,prca06,likert5,4,2,True,validated,1
7ec84374-903c-439f-8099-1d9f8e2a9a90,prca13,likert5,3,3,True,validated,0
7ec84374-903c-439f-8099-1d9f8e2a9a90,prca14,likert5,5) strongly agree,2,True,recode,1
7ec84374-903c-439f-8099-1d9f8e2a9a90,prca15,likert5,1,1,True,validated,0
7ec84374-903c-439f-8099-1d9f8e2a9a90,prca16,likert5,1,5,True,validated,1
7ec84374-903c-439f-8099-1d9f8e2a9a90,prca17,likert5,5,1,True,validated,1
7ec84374-903c-439f-8099-1d9f8e2a9a90,prca18,likert5,5,5,True,validated,0
1ad1d658-a964-436e-8162-218c58ea5ec2,prca01,likert5,1,1,True,validated,0
1ad1d658-a964-436e-8162-218c58ea5ec2,prca02,likert5,5,1,True,validated,1
1ad1d658-a964-436e-8162-218c58ea5ec2,prca03,likert5,3,3,True,validated,0
1ad1d658-a964-436e-8162-218c58ea5ec2,prca04,likert5,5,1,True,validated,1
1ad1d658-a964-436e-8162-218c58ea5ec2,prca05,likert5,5,5,True,validated,0
1ad1d658-a964-436e-8162-218c58ea5ec2,prca06,likert5,5,1,True,validated,1
1ad1d658-a964-436e-8162-218c58ea5ec2,prca13,likert5,3,3,True,validated,0
1ad1d658-a964-436e-8162-218c58ea5ec2,prca14,likert5,4,2,True,validated,1
1ad1d658-a964-436e-8162-218c58ea5ec2,prca15,likert5,3,3,True,validated,0
1ad1d658-a964-436e-8162-218c58ea5ec2,prca16,likert5,3,3,True,validated,1
1ad1d658-a964-436e-8162-218c58ea5ec2,prca17,likert5,3,3,True,validated,1
1ad1d658-a964-436e-8162-218c58ea5ec2,prca18,likert5,4,4,True,validated,0
c7538fae-5e05-410b-8545-6be73ff12469,prca01,likert5,1,1,True,validated,0
c7538fae-5e05-410b-8545-6be73ff12469,prca02,likert5,3,3,True,validated,1
c7538fae-5e05-410b-8545-6be73ff12469,prca03,likert5,1,1,True,validated,0
c7538fae-5e05-410b-8545-6be73ff12469,prca04,likert5,4,2,True,validated,1
c7538fae-5e05-410b-8545-6be73ff12469,prca05,likert5,2,2,True,validated,0
c7538fae-5e05-410b-8545-6be73ff12469,prca06,likert5,2,4,True,validated,1
c7538fae-5e05-410b-8545-6be73ff12469,prca13,likert5,2,2,True,validated,0
c7538fae-5e05-410b-8545-6be73ff12469,prca14,likert5,1,5,True,validated,1
c7538fae-5e05-410b-8545-6be73ff12469,prca15,likert5,4,4,True,validated,0
c7538fae-5e05-410b-8545-6be73ff12469,prca16,likert5,3,3,True,validated,1
c7538fae-5e05-410b-8545-6be73ff12469,prca17,likert5,1,5,True,validated,1
c7538fae-5e05-410b-8545-6be73ff12469,prca18,likert5,2,2,True,validated,0
3004cb99-c528-4f15-92a5-a1d3d4ea5f35,prca01,likert5,5,5,True,validated,0
3004cb99-c528-4f15-92a5-a1d3d4ea5f35,prca02,likert5,3,3,True,validated,1
3004cb99-c528-4f15-92a5-a1d3d4ea5f35,prca03,likert5,1,1,True,validated,0
3004cb99-c528-4f15-92a5-a1d3d4ea5f35,prca04,likert5,2,4,True,validated,1
3004cb99-c528-4f15-92a5-a1d3d4ea5f35,prca05,likert5,3,3,True,validated,0
3004cb99-c528-4f15-92a5-a1d3d4ea5f35,prca06,likert5,1,5,True,validated,1
3004cb99-c528-4f15-92a5-a1d3d4ea5f35,prca13,likert5,2,2,True,validated,0
3004cb99-c528-4f15-92a5-a1d3d4ea5f35,prca14,likert5,3,3,True,validated,1
3004cb99-c528-4f15-92a5-a1d3d4ea5f35,prca15,likert5,5) strongly agree,4,True,recode,0
3004cb99-c528-4f15-92a5-a1d3d4ea5f35,prca16,likert5,2,4,True,validated,1
3004cb99-c528-4f15-92a5-a1d3d4ea5f35,prca17,likert5,1,5,True,validated,1
3004cb99-c528-4f15-92a5-a1d3d4ea5f35,prca18,likert5,4,4,True,validated,0
11b17047-3912-4198-8761-762471018122,prca01,likert5,2,2,True,validated,0
11b17047-3912-4198-8761-762471018122,prca02,likert5,3,3,True,validated,1
11b17047-3912-4198-8761-762471018122,prca03,likert5,1,1,True,validated,0
11b17047-3912-4198-8761-762471018122,prca04,likert5,4,2,True,validated,1
11b17047-3912-4198-8761-762471018122,prca05,likert5,2,2,True,validated,0
11b17047-3912-4198-8761-762471018122,prca06,likert5,5,1,True,validated,1
11b17047-3912-4198-8761-762471018122,prca13,likert5,4,4,True,validated,0
11b17047-3912-4198-8761-762471018122,prca14,likert5,1,5,True,validated,1
11b17047-3912-4198-8761-762471018122,prca15,likert5,5,5,True,validated,0
11b17047-3912-4198-8761-762471018122,prca16,likert5,2,4,True,validated,1
11b17047-3912-4198-8761-762471018122,prca17,likert5,4,2,True,validated,1
11b17047-3912-4198-8761-762471018122,prca18,likert5,3,3,True,validated,0
a5d16a1a-6dcc-42db-b8d2-fbd4726db7e1,prca01,likert5,2,2,True,validated,0
a5d16a1a-6dcc-42db-b8d2-fbd4726db7e1,prca02,likert5,4,2,True,validated,1
a5d16a1a-6dcc-42db-b8d2-fbd4726db7e1,prca03,likert5,2,2,True,validated,0
a5d16a1a-6dcc-42db-b8d2-fbd4726db7e1,prca04,likert5,5) strongly agree,3,True,recode,1
a5d16a1a-6dcc-42db-b8d2-fbd4726db7e1,prca05,likert5,4,4,True,validated,0
a5d16a1a-6dcc-42db-b8d2-fbd4726db7e1,prca06,likert5,4,2,True,validated,1
a5d16a1a-6dcc-42db-b8d2-fbd4726db7e1,prca13,likert5,5,5,True,validated,0
a5d16a1a-6dcc-42db-b8d2-fbd4726db7e1,prca14,likert5,3,3,True,validated,1
a5d16a1a-6dcc-42db-b8d2-fbd4726db7e1,prca15,likert5,5) strongly agree,4,True,recode,0
a5d16a1a-6dcc-42db-b8d2-fbd4726db7e1,prca16,likert5,4,2,True,validated,1
a5d16a1a-6dcc-42db-b8d2-fbd4726db7e1,prca17,likert5,4,2,True,validated,1
a5d16a1a-6dcc-42db-b8d2-fbd4726db7e1,prca18,likert5,2,2,True,validated,0
a8a014df-27ef-42a7-ba5e-358caf4a5790,prca01,likert5,3,3,True,validated,0
a8a014df-27ef-42a7-ba5e-358caf4a5790,prca02,likert5,4,2,True,validated,1
a8a014df-27ef-42a7-ba5e-358caf4a5790,prca03,likert5,3,3,True,validated,0
a8a014df-27ef-42a7-ba5e-358caf4a5790,prca04,likert5,4,2,True,validated,1
a8a014df-27ef-42a7-ba5e-358caf4a5790,prca05,likert5,1,1,True,validated,0
a8a014df-27ef-42a7-ba5e-358caf4a5790,prca06,likert5,5,1,True,validated,1
a8a014df-27ef-42a7-ba5e-358caf4a5790,prca13,likert5,4,4,True,validated,0
a8a014df-27ef-42a7-ba5e-358caf4a5790,prca14,likert5,2,4,True,validated,1
a8a014df-27ef-42a7-ba5e-358caf4a5790,prca15,likert5,2,2,True,validated,0
a8a014df-27ef-42a7-ba5e-358caf4a5790,prca16,likert5,4,2,True,validated,1
a8a014df-27ef-42a7-ba5e-358caf4a5790,prca17,likert5,3,3,True,validated,1
a8a014df-27ef-42a7-ba5e-358caf4a5790,prca18,likert5,3,3,True,validated,0
58cf7e3f-4cb7-4289-9f76-c16b567f46f9,prca01,likert5,3,3,True,validated,0
58cf7e3f-4cb7-4289-9f76-c16b567f46f9,prca02,likert5,4,2,True,validated,1
58cf7e3f-4cb7-4289-9f76-c16b567f46f9,prca03,likert5,1,1,True,validated,0
58cf7e3f-4cb7-4289-9f76-c16b567f46f9,prca04,likert5,1,5,True,validated,1
58cf7e3f-4cb7-4289-9f76-c16b567f46f9,prca05,likert5,4,4,True,validated,0
58cf7e3f-4cb7-4289-9f76-c16b567f46f9,prca06,likert5,5,1,True,validated,1
58cf7e3f-4cb7-4289-9f76-c16b567f46f9,prca13,likert5,2,2,True,validated,0
58cf7e3f-4cb7-4289-9f76-c16b567f46f9,prca14,likert5,1,5,True,validated,1
58cf7e3f-4cb7-4289-9f76-c16b567f46f9,prca15,likert5,4,4,True,validated,0
58cf7e3f-4cb7-4289-9f76-c16b567f46f9,prca16,likert5,4,2,True,validated,1
58cf7e3f-4cb7-4289-9f76-c16b567f46f9,prca17,likert5,2,4,True,validated,1
58cf7e3f-4cb7-4289-9f76-c16b567f46f9,prca18,likert5,3,3,True,validated,0
53963dfb-062e-4583-8b3d-e3fbeb06a27d,prca01,likert5,1,1,True,validated,0
53963dfb-062e-4583-8b3d-e3fbeb06a27d,prca02,likert5,3,3,True,validated,1
53963dfb-062e-4583-8b3d-e3fbeb06a27d,prca03,likert5,3,3,True,validated,0
53963dfb-062e-4583-8b3d-e3fbeb06a27d,prca04,likert5,5,1,True,validated,1
53963dfb-062e-4583-8b3d-e3fbeb06a27d,prca05,likert5,5) strongly agree,5,True,recode,0
53963dfb-062e-4583-8b3d-e3fbeb06a27d,prca06,likert5,3,3,True,validated,1
53963dfb-062e-4583-8b3d-e3fbeb06a27d,prca13,likert5,5,5,True,validated,0
53963dfb-062e-4583-8b3d-e3fbeb06a27d,prca14,likert5,2,4,True,validated,1
53963dfb-062e-4583-8b3d-e3fbeb06a27d,prca15,likert5,2,2,True,validated,0
53963dfb-062e-4583-8b3d-e3fbeb06a27d,prca16,likert5,2,4,True,validated,1
53963dfb-062e-4583-8b3d-e3fbeb06a27d,prca17,likert5,5,1,True,validated,1
53963dfb-062e-4583-8b3d-e3fbeb06a27d,prca18,likert5,5,5,True,validated,0
5bdf003f-55d4-422f-be7f-9e9860963711,prca01,likert5,2,2,True,validated,0
5bdf003f-55d4-422f-be7f-9e9860963711,prca02,likert5,3,3,True,validated,1
5bdf003f-55d4-422f-be7f-9e9860963711,prca03,likert5,4,4,True,validated,0
5bdf003f-55d4-422f-be7f-9e9860963711,prca04,likert5,3,3,True,validated,1
5bdf003f-55d4-422f-be7f-9e9860963711,prca05,likert5,4,4,True,validated,0
5bdf003f-55d4-422f-be7f-9e9860963711,prca06,likert5,5,1,True,validated,1
5bdf003f-55d4-422f-be7f-9e9860963711,prca13,likert5,4,4,True,validated,0
5bdf003f-55d4-422f-be7f-9e9860963711,prca14,likert5,2,4,True,validated,1
5bdf003f-55d4-422f-be7f-9e9860963711,prca15,likert5,4,4,True,validated,0
5bdf003f-55d4-422f-be7f-9e9860963711,prca16,likert5,2,4,True,validated,1
5bdf003f-55d4-422f-be7f-9e9860963711,prca17,likert5,5) strongly agree,1,True,recode,1
5bdf003f-55d4-422f-be7f-9e9860963711,prca18,likert5,5,5,True,validated,0
93e9ea09-f163-43a3-b91e-e0e3d3655da2,prca01,likert5,5,5,True,validated,0
93e9ea09-f163-43a3-b91e-e0e3d3655da2,prca02,likert5,4,2,True,validated,1
93e9ea09-f163-43a3-b91e-e0e3d3655da2,prca03,likert5,2,2,True,validated,0
93e9ea09-f163-43a3-b91e-e0e3d3655da2,prca04,likert5,2,4,True,validated,1
93e9ea09-f163-43a3-b91e-e0e3d3655da2,prca05,likert5,1,1,True,validated,0
93e9ea09-f163-43a3-b91e-e0e3d3655da2,prca06,likert5,3,3,True,validated,1
93e9ea09-f163-43a3-b91e-e0e3d3655da2,prca13,likert5,4,4,True,validated,0
93e9ea09-f163-43a3-b91e-e0e3d3655da2,prca14,likert5,3,3,True,validated,1
93e9ea09-f163-43a3-b91e-e0e3d3655da2,prca15,likert5,2,2,True,validated,0
93e9ea09-f163-43a3-b91e-e0e3d3655da2,prca16,likert5,5,1,True,validated,1
93e9ea09-f163-43a3-b91e-e0e3d3655da2,prca17,likert5,5,1,True,validated,1
93e9ea09-f163-43a3-b91e-e0e3d3655da2,prca18,likert5,4,4,True,validated,0
8030d610-0afc-4b74-8a53-8164f48ec87c,prca01,likert5,5,5,True,validated,0
8030d610-0afc-4b74-8a53-8164f48ec87c,prca02,likert5,4,2,True,validated,1
8030d610-0afc-4b74-8a53-8164f48ec87c,prca03,likert5,5,5,True,validated,0
8030d610-0afc-4b74-8a53-8164f48ec87c,prca04,likert5,1,5,True,validated,1
8030d610-0afc-4b74-8a53-8164f48ec87c,prca05,likert5,4,4,True,validated,0
8030d610-0afc-4b74-8a53-8164f48ec87c,prca06,likert5,5) strongly agree,2,True,recode,1
8030d610-0afc-4b74-8a53-8164f48ec87c,prca13,likert5,4,4,True,validated,0
8030d610-0afc-4b74-8a53-8164f48ec87c,prca14,likert5,2,4,True,validated,1
8030d610-0afc-4b74-8a53-8164f48ec87c,prca15,likert5,3,3,True,validated,0
8030d610-0afc-4b74-8a53-8164f48ec87c,prca16,likert5,4,2,True,validated,1
8030d610-0afc-4b74-8a53-8164f48ec87c,prca17,likert5,4,2,True,validated,1
8030d610-0afc-4b74-8a53-8164f48ec87c,prca18,likert5,3,3,True,validated,0
587942e0-0d29-487f-83cf-1120a2a4d0f0,prca01,likert5,5,5,True,validated,0
587942e0-0d29-487f-83cf-1120a2a4d0f0,prca02,likert5,5,1,True,validated,1
587942e0-0d29-487f-83cf-1120a2a4d0f0,prca03,likert5,4,4,True,validated,0
587942e0-0d29-487f-83cf-1120a2a4d0f0,prca04,likert5,5,1,True,validated,1
587942e0-0d29-487f-83cf-1120a2a4d0f0,prca05,likert5,4,4,True,validated,0
587942e0-0d29-487f-83cf-1120a2a4d0f0,prca06,likert5,3,3,True,validated,1
587942e0-0d29-487f-83cf-1120a2a4d0f0,prca13,likert5,1,1,True,validated,0
587942e0-0d29-487f-83cf-1120a2a4d0f0,prca14,likert5,4,2,True,validated,1
587942e0-0d29-487f-83cf-1120a2a4d0f0,prca15,likert5,3,3,True,validated,0
587942e0-0d29-487f-83cf-1120a2a4d0f0,prca16,likert5,5) strongly agree,2,True,recode,1
587942e0-0d29-487f-83cf-1120a2a4d0f0,prca17,likert5,4,2,True,validated,1
587942e0-0d29-487f-83cf-1120a2a4d0f0,prca18,likert5,3,3,True,validated,0
3dbc96f6-9a2c-47d6-b06d-39b6635bf784,prca01,likert5,3,3,True,validated,0
3dbc96f6-9a2c-47d6-b06d-39b6635bf784,prca02,likert5,4,2,True,validated,1
3dbc96f6-9a2c-47d6-b06d-39b6635bf784,prca03,likert5,1,1,True,validated,0
3dbc96f6-9a2c-47d6-b06d-39b6635bf784,prca04,likert5,4,2,True,validated,1
3dbc96f6-9a2c-47d6-b06d-39b6635bf784,prca05,likert5,4,4,True,validated,0
3dbc96f6-9a2c-47d6-b06d-39b6635bf784,prca06,likert5,5) strongly agree,2,True,recode,1
3dbc96f6-9a2c-47d6-b06d-39b6635bf784,prca13,likert5,5,5,True,validated,0
3dbc96f6-9a2c-47d6-b06d-39b6635bf784,prca14,likert5,2,4,True,validated,1
3dbc96f6-9a2c-47d6-b06d-39b6635bf784,prca15,likert5,3,3,True,validated,0
3dbc96f6-9a2c-47d6-b06d-39b6635bf784,prca16,likert5,5) strongly agree,2,True,recode,1
3dbc96f6-9a2c-47d6-b06d-39b6635bf784,prca17,likert5,5,1,True,validated,1
3dbc96f6-9a2c-47d6-b06d-39b6635bf784,prca18,likert5,3,3,True,validated,0
6100d617-61c9-4be4-a445-fe6215f01c5d,prca01,likert5,2,2,True,validated,0
6100d617-61c9-4be4-a445-fe6215f01c5d,prca02,likert5,2,4,True,validated,1
6100d617-61c9-4be4-a445-fe6215f01c5d,prca03,likert5,2,2,True,validated,0
6100d617-61c9-4be4-a445-fe6215f01c5d,prca04,likert5,1,5,True,validated,1
6100d617-61c9-4be4-a445-fe6215f01c5d,prca05,likert5,1,1,True,validated,0
6100d617-61c9-4be4-a445-fe6215f01c5d,prca06,likert5,5,1,True,validated,1
6100d617-61c9-4be4-a445-fe6215f01c5d,prca13,likert5,5,5,True,validated,0
6100d617-61c9-4be4-a445-fe6215f01c5d,prca14,likert5,5,1,True,validated,1
6100d617-61c9-4be4-a445-fe6215f01c5d,prca15,likert5,5,5,True,validated,0
6100d617-61c9-4be4-a445-fe6215f01c5d,prca16,likert5,2,4,True,validated,1
6100d617-61c9-4be4-a445-fe6215f01c5d,prca17,likert5,5,1,True,validated,1
6100d617-61c9-4be4-a445-fe6215f01c5d,prca18,likert5,3,3,True,validated,0
53356392-b6e1-4723-8017-fe91ce25dd4e,prca01,likert5,1,1,True,validated,0
53356392-b6e1-4723-8017-fe91ce25dd4e,prca02,likert5,5,1,True,validated,1
53356392-b6e1-4723-8017-fe91ce25dd4e,prca03,likert5,4,4,True,validated,0
53356392-b6e1-4723-8017-fe91ce25dd4e,prca04,likert5,5,1,True,validated,1
53356392-b6e1-4723-8017-fe91ce25dd4e,prca05,likert5,1,1,True,validated,0
53356392-b6e1-4723-8017-fe91ce25dd4e,prca06,likert5,5,1,True,validated,1
53356392-b6e1-4723-8017-fe91ce25dd4e,prca13,likert5,3,3,True,validated,0
53356392-b6e1-4723-8017-fe91ce25dd4e,prca14,likert5,1,5,True,validated,1
53356392-b6e1-4723-8017-fe91ce25dd4e,prca15,likert5,2,2,True,validated,0
53356392-b6e1-4723-8017-fe91ce25dd4e,prca16,likert5,2,4,True,validated,1
53356392-b6e1-4723-8017-fe91ce25dd4e,prca17,likert5,3,3,True,validated,1
53356392-b6e1-4723-8017-fe91ce25dd4e,prca18,likert5,4,4,True,validated,0
bc9db00a-ac67-4fd5-bd14-ae2570bf2733,prca01,likert5,2,2,True,validated,0
bc9db00a-ac67-4fd5-bd14-ae2570bf2733,prca02,likert5,3,3,True,validated,1
bc9db00a-ac67-4fd5-bd14-ae2570bf2733,prca03,likert5,4,4,True,validated,0
bc9db00a-ac67-4fd5-bd14-ae2570bf2733,prca04,likert5,3,3,True,validated,1
bc9db00a-ac67-4fd5-bd14-ae2570bf2733,prca05,likert5,1,1,True,validated,0
bc9db00a-ac67-4fd5-bd14-ae2570bf2733,prca06,likert5,4,2,True,validated,1
bc9db00a-ac67-4fd5-bd14-ae2570bf2733,prca13,likert5,1,1,True,validated,0
bc9db00a-ac67-4fd5-bd14-ae2570bf2733,prca14,likert5,1,5,True,validated,1
bc9db00a-ac67-4fd5-bd14-ae2570bf2733,prca15,likert5,4,4,True,validated,0
bc9db00a-ac67-4fd5-bd14-ae2570bf2733,prca16,likert5,5,1,True,validated,1
bc9db00a-ac67-4fd5-bd14-ae2570bf2733,prca17,likert5,2,4,True,validated,1
bc9db00a-ac67-4fd5-bd14-ae2570bf2733,prca18,likert5,2,2,True,validated,0
e0b8a86f-8343-47ac-8992-259211c82309,prca01,likert5,4,4,True,validated,0
e0b8a86f-8343-47ac-8992-259211c82309,prca02,likert5,5,1,True,validated,1
e0b8a86f-8343-47ac-8992-259211c82309,prca03,likert5,2,2,True,validated,0
e0b8a86f-8343-47ac-8992-259211c82309,prca04,likert5,3,3,True,validated,1
e0b8a86f-8343-47ac-8992-259211c82309,prca05,likert5,5,5,True,validated,0
e0b8a86f-8343-47ac-8992-259211c82309,prca06,likert5,4,2,True,validated,1
e0b8a86f-8343-47ac-8992-259211c82309,prca13,likert5,2,2,True,validated,0
e0b8a86f-8343-47ac-8992-259211c82309,prca14,likert5,5) strongly agree,2,True,recode,1
e0b8a86f-8343-47ac-8992-259211c82309,prca15,likert5,2,2,True,validated,0
e0b8a86f-8343-47ac-8992-259211c82309,prca16,likert5,1,5,True,validated,1
e0b8a86f-8343-47ac-8992-259211c82309,prca17,likert5,3,3,True,validated,1
e0b8a86f-8343-47ac-8992-259211c82309,prca18,likert5,4,4,True,validated,0
6f020aef-314c-4733-b856-037c01488d48,prca01,likert5,1,1,True,validated,0
6f020aef-314c-4733-b856-037c01488d48,prca02,likert5,5,1,True,validated,1
6f020aef-314c-4733-b856-037c01488d48,prca03,likert5,5,5,True,validated,0
6f020aef-314c-4733-b856-037c01488d48,prca04,likert5,4,2,True,validated,1
6f020aef-314c-4733-b856-037c01488d48,prca05,likert5,2,2,True,validated,0
6f020aef-314c-4733-b856-037c01488d48,prca06,likert5,4,2,True,validated,1
6f020aef-314c-4733-b856-037c01488d48,prca13,likert5,5,5,True,validated,0
6f020aef-314c-4733-b856-037c01488d48,prca14,likert5,2,4,True,validated,1
6f020aef-314c-4733-b856-037c01488d48,prca15,likert5,1,1,True,validated,0
6f020aef-314c-4733-b856-037c01488d48,prca16,likert5,5,1,True,validated,1
6f020aef-314c-4733-b856-037c01488d48,prca17,likert5,5,1,True,validated,1
6f020aef-314c-4733-b856-037c01488d48,prca18,likert5,4,4,True,validated,0
26cc3b5c-28e1-439b-aa6b-0a3b3bd3f737,prca01,likert5,4,4,True,validated,0
26cc3b5c-28e1-439b-aa6b-0a3b3bd3f737,prca02,likert5,4,2,True,validated,1
26cc3b5c-28e1-439b-aa6b-0a3b3bd3f737,prca03,likert5,5,5,True,validated,0
26cc3b5c-28e1-439b-aa6b-0a3b3bd3f737,prca04,likert5,4,2,True,validated,1
26cc3b5c-28e1-439b-aa6b-0a3b3bd3f737,prca05,likert5,1,1,True,validated,0
26cc3b5c-28e1-439b-aa6b-0a3b3bd3f737,prca06,likert5,1,5,True,validated,1
26cc3b5c-28e1-439b-aa6b-0a3b3bd3f737,prca13,likert5,1,1,True,validated,0
26cc3b5c-28e1-439b-aa6b-0a3b3bd3f737,prca14,likert5,4,2,True,validated,1
26cc3b5c-28e1-439b-aa6b-0a3b3bd3f737,prca15,likert5,3,3,True,validated,0
26cc3b5c-28e1-439b-aa6b-0a3b3bd3f737,prca16,likert5,5,1,True,validated,1
26cc3b5c-28e1-439b-aa6b-0a3b3bd3f737,prca17,likert5,2,4,True,validated,1
26cc3b5c-28e1-439b-aa6b-0a3b3bd3f737,prca18,likert5,5,5,True,validated,0
6aaae90b-c2a6-43d4-b89f-8ad4e9b8b082,prca01,likert5,3,3,True,validated,0
6aaae90b-c2a6-43d4-b89f-8ad4e9b8b082,prca02,likert5,2,4,True,validated,1
6aaae90b-c2a6-43d4-b89f-8ad4e9b8b082,prca03,likert5,3,3,True,validated,0
6aaae90b-c2a6-43d4-b89f-8ad4e9b8b082,prca04,likert5,4,2,True,validated,1
6aaae90b-c2a6-43d4-b89f-8ad4e9b8b082,prca05,likert5,3,3,True,validated,0
6aaae90b-c2a6-43d4-b89f-8ad4e9b8b082,prca06,likert5,4,2,True,validated,1
6aaae90b-c2a6-43d4-b89f-8ad4e9b8b082,prca13,likert5,1,1,True,validated,0
6aaae90b-c2a6-43d4-b89f-8ad4e9b8b082,prca14,likert5,4,2,True,validated,1
6aaae90b-c2a6-43d4-b89f-8ad4e9b8b082,prca15,likert5,2,2,True,validated,0
6aaae90b-c2a6-43d4-b89f-8ad4e9b8b082,prca16,likert5,4,2,True,validated,1
6aaae90b-c2a6-43d4-b89f-8ad4e9b8b082,prca17,likert5,1,5,True,validated,1
6aaae90b-c2a6-43d4-b89f-8ad4e9b8b082,prca18,likert5,5,5,True,validated,0
5294a93f-b79c-4e97-8c51-e15f80692b15,prca01,likert5,4,4,True,validated,0
5294a93f-b79c-4e97-8c51-e15f80692b15,prca02,likert5,3,3,True,validated,1
5294a93f-b79c-4e97-8c51-e15f80692b15,prca03,likert5,2,2,True,validated,0
5294a93f-b79c-4e97-8c51-e15f80692b15,prca04,likert5,4,2,True,validated,1
5294a93f-b79c-4e97-8c51-e15f80692b15,prca05,likert5,4,4,True,validated,0
5294a93f-b79c-4e97-8c51-e15f80692b15,prca06,likert5,4,2,True,validated,1
5294a93f-b79c-4e97-8c51-e15f80692b15,prca13,likert5,4,4,True,validated,0
5294a93f-b79c-4e97-8c51-e15f80692b15,prca14,likert5,3,3,True,validated,1
5294a93f-b79c-4e97-8c51-e15f80692b15,prca15,likert5,4,4,True,validated,0
5294a93f-b79c-4e97-8c51-e15f80692b15,prca16,likert5,3,3,True,validated,1
5294a93f-b79c-4e97-8c51-e15f80692b15,prca17,likert5,5,1,True,validated,1
5294a93f-b79c-4e97-8c51-e15f80692b15,prca18,likert5,4,4,True,validated,0
95b9d4a9-c917-4e52-adaf-d9ba9275b4e9,prca01,likert5,5,5,True,validated,0
95b9d4a9-c917-4e52-adaf-d9ba9275b4e9,prca02,likert5,4,2,True,validated,1
95b9d4a9-c917-4e52-adaf-d9ba9275b4e9,prca03,likert5,1,1,True,validated,0
95b9d4a9-c917-4e52-adaf-d9ba9275b4e9,prca04,likert5,2,4,True,validated,1
95b9d4a9-c917-4e52-adaf-d9ba9275b4e9,prca05,likert5,5,5,True,validated,0
95b9d4a9-c917-4e52-adaf-d9ba9275b4e9,prca06,likert5,5,1,True,validated,1
95b9d4a9-c917-4e52-adaf-d9ba9275b4e9,prca13,likert5,2,2,True,validated,0
95b9d4a9-c917-4e52-adaf-d9ba9275b4e9,prca14,likert5,4,2,True,validated,1
95b9d4a9-c917-4e52-adaf-d9ba9275b4e9,prca15,likert5,1,1,True,validated,0
95b9d4a9-c917-4e52-adaf-d9ba9275b4e9,prca16,likert5,3,3,True,validated,1
95b9d4a9-c917-4e52-adaf-d9ba9275b4e9,prca17,likert5,3,3,True,validated,1
95b9d4a9-c917-4e52-adaf-d9ba9275b4e9,prca18,likert5,1,1,True,validated,0
b0122a3c-2955-4426-ad9c-833e3f24dd8e,prca01,likert5,2,2,True,validated,0
b0122a3c-2955-4426-ad9c-833e3f24dd8e,prca02,likert5,2,4,True,validated,1
b0122a3c-2955-4426-ad9c-833e3f24dd8e,prca03,likert5,3,3,True,validated,0
b0122a3c-2955-4426-ad9c-833e3f24dd8e,prca04,likert5,4,2,True,validated,1
b0122a3c-2955-4426-ad9c-833e3f24dd8e,prca05,likert5,2,2,True,validated,0
b0122a3c-2955-4426-ad9c-833e3f24dd8e,prca06,likert5,1,5,True,validated,1
b0122a3c-2955-4426-ad9c-833e3f24dd8e,prca13,likert5,4,4,True,validated,0
b0122a3c-2955-4426-ad9c-833e3f24dd8e,prca14,likert5,4,2,True,validated,1
b0122a3c-2955-4426-ad9c-833e3f24dd8e,prca15,likert5,3,3,True,validated,0
b0122a3c-2955-4426-ad9c-833e3f24dd8e,prca16,likert5,3,3,True,validated,1
b0122a3c-2955-4426-ad9c-833e3f24dd8e,prca17,likert5,3,3,True,validated,1
b0122a3c-2955-4426-ad9c-833e3f24dd8e,prca18,likert5,2,2,True,validated,0
e17c54c1-ba01-45c3-a52f-9d8b1b726120,prca01,likert5,4,4,True,validated,0
e17c54c1-ba01-45c3-a52f-9d8b1b726120,prca02,likert5,5,1,True,validated,1
e17c54c1-ba01-45c3-a52f-9d8b1b726120,prca03,likert5,5,5,True,validated,0
e17c54c1-ba01-45c3-a52f-9d8b1b726120,prca04,likert5,2,4,True,validated,1
e17c54c1-ba01-45c3-a52f-9d8b1b726120,prca05,likert5,5,5,True,validated,0
e17c54c1-ba01-45c3-a52f-9d8b1b726120,prca06,likert5,4,2,True,validated,1
e17c54c1-ba01-45c3-a52f-9d8b1b726120,prca13,likert5,2,2,True,validated,0
e17c54c1-ba01-45c3-a52f-9d8b1b726120,prca14,likert5,4,2,True,validated,1
e17c54c1-ba01-45c3-a52f-9d8b1b726120,prca15,likert5,2,2,True,validated,0
e17c54c1-ba01-45c3-a52f-9d8b1b726120,prca16,likert5,1,5,True,validated,1
e17c54c1-ba01-45c3-a52f-9d8b1b726120,prca17,likert5,3,3,True,validated,1
e17c54c1-ba01-45c3-a52f-9d8b1b726120,prca18,likert5,4,4,True,validated,0
f8f92725-64b5-4609-9785-e627545c4c3c,prca01,likert5,4,4,True,validated,0
f8f92725-64b5-4609-9785-e627545c4c3c,prca02,likert5,5,1,True,validated,1
f8f92725-64b5-4609-9785-e627545c4c3c,prca03,likert5,2,2,True,validated,0
f8f92725-64b5-4609-9785-e627545c4c3c,prca04,likert5,4,2,True,validated,1
f8f92725-64b5-4609-9785-e627545c4c3c,prca05,likert5,4,4,True,validated,0
f8f92725-64b5-4609-9785-e627545c4c3c,prca06,likert5,3,3,True,validated,1
f8f92725-64b5-4609-9785-e627545c4c3c,prca13,likert5,3,3,True,validated,0
f8f92725-64b5-4609-9785-e627545c4c3c,prca14,likert5,4,2,True,validated,1
f8f92725-64b5-4609-9785-e627545c4c3c,prca15,likert5,5,5,True,validated,0
f8f92725-64b5-4609-9785-e627545c4c3c,prca16,likert5,4,2,True,validated,1
f8f92725-64b5-4609-9785-e627545c4c3c,prca17,likert5,3,3,True,validated,1
f8f92725-64b5-4609-9785-e627545c4c3c,prca18,likert5,4,4,True,validated,0
9a974313-347e-430a-abde-99048e615024,prca01,likert5,1,1,True,validated,0
9a974313-347e-430a-abde-99048e615024,prca02,likert5,4,2,True,validated,1
9a974313-347e-430a-abde-99048e615024,prca03,likert5,1,1,True,validated,0
9a974313-347e-430a-abde-99048e615024,prca04,likert5,3,3,True,validated,1
9a974313-347e-430a-abde-99048e615024,prca05,likert5,4,4,True,validated,0
9a974313-347e-430a-abde-99048e615024,prca06,likert5,3,3,True,validated,1
9a974313-347e-430a-abde-99048e615024,prca13,likert5,5) strongly agree,5,True,recode,0
9a974313-347e-430a-abde-99048e615024,prca14,likert5,1,5,True,validated,1
9a974313-347e-430a-abde-99048e615024,prca15,likert5,1,1,True,validated,0
9a974313-347e-430a-abde-99048e615024,prca16,likert5,4,2,True,validated,1
9a974313-347e-430a-abde-99048e615024,prca17,likert5,2,4,True,validated,1
9a974313-347e-430a-abde-99048e615024,prca18,likert5,5,5,True,validated,0
0b06d426-d32e-4faf-8373-26eda8c6dc8b,prca01,likert5,2,2,True,validated,0
0b06d426-d32e-4faf-8373-26eda8c6dc8b,prca02,likert5,3,3,True,validated,1
0b06d426-d32e-4faf-8373-26eda8c6dc8b,prca03,likert5,5) strongly agree,5,True,recode,0
0b06d426-d32e-4faf-8373-26eda8c6dc8b,prca04,likert5,5,1,True,validated,1
0b06d426-d32e-4faf-8373-26eda8c6dc8b,prca05,likert5,4,4,True,validated,0
0b06d426-d32e-4faf-8373-26eda8c6dc8b,prca06,likert5,3,3,True,validated,1
0b06d426-d32e-4faf-8373-26eda8c6dc8b,prca13,likert5,3,3,True,validated,0
0b06d426-d32e-4faf-8373-26eda8c6dc8b,prca14,likert5,2,4,True,validated,1
0b06d426-d32e-4faf-8373-26eda8c6dc8b,prca15,likert5,3,3,True,validated,0
0b06d426-d32e-4faf-8373-26eda8c6dc8b,prca16,likert5,4,2,True,validated,1
0b06d426-d32e-4faf-8373-26eda8c6dc8b,prca17,likert5,3,3,True,validated,1
0b06d426-d32e-4faf-8373-26eda8c6dc8b,prca18,likert5,3,3,True,validated,0
252001bd-ac13-405d-8a5e-739fd12639ad,prca01,likert5,1,1,True,validated,0
252001bd-ac13-405d-8a5e-739fd12639ad,prca02,likert5,1,5,True,validated,1
252001bd-ac13-405d-8a5e-739fd12639ad,prca03,likert5,5,5,True,validated,0
252001bd-ac13-405d-8a5e-739fd12639ad,prca04,likert5,3,3,True,validated,1
252001bd-ac13-405d-8a5e-739fd12639ad,prca05,likert5,3,3,True,validated,0
252001bd-ac13-405d-8a5e-739fd12639ad,prca06,likert5,3,3,True,validated,1
252001bd-ac13-405d-8a5e-739fd12639ad,prca13,likert5,5,5,True,validated,0
252001bd-ac13-405d-8a5e-739fd12639ad,prca14,likert5,3,3,True,validated,1
252001bd-ac13-405d-8a5e-739fd12639ad,prca15,likert5,1,1,True,validated,0
252001bd-ac13-405d-8a5e-739fd12639ad,prca16,likert5,4,2,True,validated,1
252001bd-ac13-405d-8a5e-739fd12639ad,prca17,likert5,3,3,True,validated,1
252001bd-ac13-405d-8a5e-739fd12639ad,prca18,likert5,3,3,True,validated,0
610353aa-96c1-4204-9e7f-85d0dc60394f,prca01,likert5,2,2,True,validated,0
610353aa-96c1-4204-9e7f-85d0dc60394f,prca02,likert5,1,5,True,validated,1
610353aa-96c1-4204-9e7f-85d0dc60394f,prca03,likert5,4,4,True,validated,0
610353aa-96c1-4204-9e7f-85d0dc60394f,prca04,likert5,5) strongly agree,2,True,recode,1
610353aa-96c1-4204-9e7f-85d0dc60394f,prca05,likert5,2,2,True,validated,0
610353aa-96c1-4204-9e7f-85d0dc60394f,prca06,likert5,2,4,True,validated,1
610353aa-96c1-4204-9e7f-85d0dc60394f,prca13,likert5,3,3,True,validated,0
610353aa-96c1-4204-9e7f-85d0dc60394f,prca14,likert5,2,4,True,validated,1
610353aa-96c1-4204-9e7f-85d0dc60394f,prca15,likert5,4,4,True,validated,0
610353aa-96c1-4204-9e7f-85d0dc60394f,prca16,likert5,4,2,True,validated,1
610353aa-96c1-4204-9e7f-85d0dc60394f,prca17,likert5,2,4,True,validated,1
610353aa-96c1-4204-9e7f-85d0dc60394f,prca18,likert5,5,5,True,validated,0
3b3790f4-9e6e-4458-9000-b0f9f55025aa,prca01,likert5,1,1,True,validated,0
3b3790f4-9e6e-4458-9000-b0f9f55025aa,prca02,likert5,5,1,True,validated,1
3b3790f4-9e6e-4458-9000-b0f9f55025aa,prca03,likert5,5) strongly agree,3,True,recode,0
3b3790f4-9e6e-4458-9000-b0f9f55025aa,prca04,likert5,4,2,True,validated,1
3b3790f4-9e6e-4458-9000-b0f9f55025aa,prca05,likert5,4,4,True,validated,0
3b3790f4-9e6e-4458-9000-b0f9f55025aa,prca06,likert5,1,5,True,validated,1
3b3790f4-9e6e-4458-9000-b0f9f55025aa,prca13,likert5,5,5,True,validated,0
3b3790f4-9e6e-4458-9000-b0f9f55025aa,prca14,likert5,2,4,True,validated,1
3b3790f4-9e6e-4458-9000-b0f9f55025aa,prca15,likert5,2,2,True,validated,0
3b3790f4-9e6e-4458-9000-b0f9f55025aa,prca16,likert5,5,1,True,validated,1
3b3790f4-9e6e-4458-9000-b0f9f55025aa,prca17,likert5,4,2,True,validated,1
3b3790f4-9e6e-4458-9000-b0f9f55025aa,prca18,likert5,2,2,True,validated,0
20823730-83e1-46b7-8eb5-585850bbab4d,prca01,likert5,3,3,True,validated,0
20823730-83e1-46b7-8eb5-585850bbab4d,prca02,likert5,5,1,True,validated,1
20823730-83e1-46b7-8eb5-585850bbab4d,prca03,likert5,4,4,True,validated,0
20823730-83e1-46b7-8eb5-585850bbab4d,prca04,likert5,1,5,True,validated,1
20823730-83e1-46b7-8eb5-585850bbab4d,prca05,likert5,2,2,True,validated,0
20823730-83e1-46b7-8eb5-585850bbab4d,prca06,likert5,3,3,True,validated,1
20823730-83e1-46b7-8eb5-585850bbab4d,prca13,likert5,4,4,True,validated,0
20823730-83e1-46b7-8eb5-585850bbab4d,prca14,likert5,3,3,True,validated,1
20823730-83e1-46b7-8eb5-585850bbab4d,prca15,likert5,4,4,True,validated,0
20823730-83e1-46b7-8eb5-585850bbab4d,prca16,likert5,5) strongly agree,2,True,recode,1
20823730-83e1-46b7-8eb5-585850bbab4d,prca17,likert5,4,2,True,validated,1
20823730-83e1-46b7-8eb5-585850bbab4d,prca18,likert5,5,5,True,validated,0
0f38fb9e-9e54-4b98-a4a3-6bc3f3246c7e,prca01,likert5,1,1,True,validated,0
0f38fb9e-9e54-4b98-a4a3-6bc3f3246c7e,prca02,likert5,4,2,True,validated,1
0f38fb9e-9e54-4b98-a4a3-6bc3f3246c7e,prca03,likert5,2,2,True,validated,0
0f38fb9e-9e54-4b98-a4a3-6bc3f3246c7e,prca04,likert5,4,2,True,validated,1
0f38fb9e-9e54-4b98-a4a3-6bc3f3246c7e,prca05,likert5,3,3,True,validated,0
0f38fb9e-9e54-4b98-a4a3-6bc3f3246c7e,prca06,likert5,2,4,True,validated,1
0f38fb9e-9e54-4b98-a4a3-6bc3f3246c7e,prca13,likert5,5,5,True,validated,0
0f38fb9e-9e54-4b98-a4a3-6bc3f3246c7e,prca14,likert5,2,4,True,validated,1
0f38fb9e-9e54-4b98-a4a3-6bc3f3246c7e,prca15,likert5,3,3,True,validated,0
0f38fb9e-9e54-4b98-a4a3-6bc3f3246c7e,prca16,likert5,3,3,True,validated,1
0f38fb9e-9e54-4b98-a4a3-6bc3f3246c7e,prca17,likert5,2,4,True,validated,1
0f38fb9e-9e54-4b98-a4a3-6bc3f3246c7e,prca18,likert5,2,2,True,validated,0
553cbbb6-663c-44f7-af81-963ce43dd957,prca01,likert5,3,3,True,validated,0
553cbbb6-663c-44f7-af81-963ce43dd957,prca02,likert5,1,5,True,validated,1
553cbbb6-663c-44f7-af81-963ce43dd957,prca03,likert5,4,4,True,validated,0
553cbbb6-663c-44f7-af81-963ce43dd957,prca04,likert5,3,3,True,validated,1
553cbbb6-663c-44f7-af81-963ce43dd957,prca05,likert5,1,1,True,validated,0
553cbbb6-663c-44f7-af81-963ce43dd957,prca06,likert5,2,4,True,validated,1
553cbbb6-663c-44f7-af81-963ce43dd957,prca13,likert5,4,4,True,validated,0
553cbbb6-663c-44f7-af81-963ce43dd957,prca14,likert5,2,4,True,validated,1
553cbbb6-663c-44f7-af81-963ce43dd957,prca15,likert5,3,3,True,validated,0
553cbbb6-663c-44f7-af81-963ce43dd957,prca16,likert5,4,2,True,validated,1
553cbbb6-663c-44f7-af81-963ce43dd957,prca17,likert5,4,2,True,validated,1
553cbbb6-663c-44f7-af81-963ce43dd957,prca18,likert5,5,5,True,validated,0
0be2770b-797d-414d-ae57-d2210ccf5ebe,prca01,likert5,1,1,True,validated,0
0be2770b-797d-414d-ae57-d2210ccf5ebe,prca02,likert5,1,5,True,validated,1
0be2770b-797d-414d-ae57-d2210ccf5ebe,prca03,likert5,4,4,True,validated,0
0be2770b-797d-414d-ae57-d2210ccf5ebe,prca04,likert5,5,1,True,validated,1
0be2770b-797d-414d-ae57-d2210ccf5ebe,prca05,likert5,3,3,True,validated,0
0be2770b-797d-414d-ae57-d2210ccf5ebe,prca06,likert5,5,1,True,validated,1
0be2770b-797d-414d-ae57-d2210ccf5ebe,prca13,likert5,5,5,True,validated,0
0be2770b-797d-414d-ae57-d2210ccf5ebe,prca14,likert5,1,5,True,validated,1
0be2770b-797d-414d-ae57-d2210ccf5ebe,prca15,likert5,2,2,True,validated,0
0be2770b-797d-414d-ae57-d2210ccf5ebe,prca16,likert5,1,5,True,validated,1
0be2770b-797d-414d-ae57-d2210ccf5ebe,prca17,likert5,5,1,True,validated,1
0be2770b-797d-414d-ae57-d2210ccf5ebe,prca18,likert5,3,3,True,validated,0
979530e4-8bec-4387-b6c0-bde7d3e71293,prca01,likert5,3,3,True,validated,0
979530e4-8bec-4387-b6c0-bde7d3e71293,prca02,likert5,5,1,True,validated,1
979530e4-8bec-4387-b6c0-bde7d3e71293,prca03,likert5,3,3,True,validated,0
979530e4-8bec-4387-b6c0-bde7d3e71293,prca04,likert5,4,2,True,validated,1
979530e4-8bec-4387-b6c0-bde7d3e71293,prca05,likert5,4,4,True,validated,0
979530e4-8bec-4387-b6c0-bde7d3e71293,prca06,likert5,5,1,True,validated,1
979530e4-8bec-4387-b6c0-bde7d3e71293,prca13,likert5,4,4,True,validated,0
979530e4-8bec-4387-b6c0-bde7d3e71293,prca14,likert5,3,3,True,validated,1
979530e4-8bec-4387-b6c0-bde7d3e71293,prca15,likert5,3,3,True,validated,0
979530e4-8bec-4387-b6c0-bde7d3e71293,prca16,likert5,4,2,True,validated,1
979530e4-8bec-4387-b6c0-bde7d3e71293,prca17,likert5,1,5,True,validated,1
979530e4-8bec-4387-b6c0-bde7d3e71293,prca18,likert5,2,2,True,validated,0
f646e112-8d1c-44ae-b12e-481d40c00fe1,prca01,likert5,3,3,True,validated,0
f646e112-8d1c-44ae-b12e-481d40c00fe1,prca02,likert5,5) strongly agree,3,True,recode,1
f646e112-8d1c-44ae-b12e-481d40c00fe1,prca03,likert5,3,3,True,validated,0
f646e112-8d1c-44ae-b12e-481d40c00fe1,prca04,likert5,5,1,True,validated,1
f646e112-8d1c-44ae-b12e-481d40c00fe1,prca05,likert5,3,3,True,validated,0
f646e112-8d1c-44ae-b12e-481d40c00fe1,prca06,likert5,1,5,True,validated,1
f646e112-8d1c-44ae-b12e-481d40c00fe1,prca13,likert5,3,3,True,validated,0
f646e112-8d1c-44ae-b12e-481d40c00fe1,prca14,likert5,3,3,True,validated,1
f646e112-8d1c-44ae-b12e-481d40c00fe1,prca15,likert5,4,4,True,validated,0
f646e112-8d1c-44ae-b12e-481d40c00fe1,prca16,likert5,4,2,True,validated,1
f646e112-8d1c-44ae-b12e-481d40c00fe1,prca17,likert5,1,5,True,validated,1
f646e112-8d1c-44ae-b12e-481d40c00fe1,prca18,likert5,1,1,True,validated,0
37063143-b2a6-43b8-95ed-f7679b38eaee,prca01,likert5,2,2,True,validated,0
37063143-b2a6-43b8-95ed-f7679b38eaee,prca02,likert5,4,2,True,validated,1
37063143-b2a6-43b8-95ed-f7679b38eaee,prca03,likert5,5,5,True,validated,0
37063143-b2a6-43b8-95ed-f7679b38eaee,prca04,likert5,5,1,True,validated,1
37063143-b2a6-43b8-95ed-f7679b38eaee,prca05,likert5,3,3,True,validated,0
37063143-b2a6-43b8-95ed-f7679b38eaee,prca06,likert5,1,5,True,validated,1
37063143-b2a6-43b8-95ed-f7679b38eaee,prca13,likert5,3,3,True,validated,0
37063143-b2a6-43b8-95ed-f7679b38eaee,prca14,likert5,5,1,True,validated,1
37063143-b2a6-43b8-95ed-f7679b38eaee,prca15,likert5,5,5,True,validated,0
37063143-b2a6-43b8-95ed-f7679b38eaee,prca16,likert5,1,5,True,validated,1
37063143-b2a6-43b8-95ed-f7679b38eaee,prca17,likert5,3,3,True,validated,1
37063143-b2a6-43b8-95ed-f7679b38eaee,prca18,likert5,3,3,True,validated,0
2d8a86a7-9be7-4f54-8b34-6694de664b93,prca01,likert5,3,3,True,validated,0
2d8a86a7-9be7-4f54-8b34-6694de664b93,prca02,likert5,5,1,True,validated,1
2d8a86a7-9be7-4f54-8b34-6694de664b93,prca03,likert5,3,3,True,validated,0
2d8a86a7-9be7-4f54-8b34-6694de664b93,prca04,likert5,4,2,True,validated,1
2d8a86a7-9be7-4f54-8b34-6694de664b93,prca05,likert5,3,3,True,validated,0
2d8a86a7-9be7-4f54-8b34-6694de664b93,prca06,likert5,2,4,True,validated,1
2d8a86a7-9be7-4f54-8b34-6694de664b93,prca13,likert5,3,3,True,validated,0
2d8a86a7-9be7-4f54-8b34-6694de664b93,prca14,likert5,4,2,True,validated,1
2d8a86a7-9be7-4f54-8b34-6694de664b93,prca15,likert5,4,4,True,validated,0
2d8a86a7-9be7-4f54-8b34-6694de664b93,prca16,likert5,1,5,True,validated,1
2d8a86a7-9be7-4f54-8b34-6694de664b93,prca17,likert5,2,4,True,validated,1
2d8a86a7-9be7-4f54-8b34-6694de664b93,prca18,likert5,3,3,True,validated,0
9d479119-9ab7-4e12-ad20-c87d1e41a5c2,prca01,likert5,3,3,True,validated,0
9d479119-9ab7-4e12-ad20-c87d1e41a5c2,prca02,likert5,1,5,True,validated,1
9d479119-9ab7-4e12-ad20-c87d1e41a5c2,prca03,likert5,4,4,True,validated,0
9d479119-9ab7-4e12-ad20-c87d1e41a5c2,prca04,likert5,4,2,True,validated,1
9d479119-9ab7-4e12-ad20-c87d1e41a5c2,prca05,likert5,3,3,True,validated,0
9d479119-9ab7-4e12-ad20-c87d1e41a5c2,prca06,likert5,4,2,True,validated,1
9d479119-9ab7-4e12-ad20-c87d1e41a5c2,prca13,likert5,1,1,True,validated,0
9d479119-9ab7-4e12-ad20-c87d1e41a5c2,prca14,likert5,3,3,True,validated,1
9d479119-9ab7-4e12-ad20-c87d1e41a5c2,prca15,likert5,4,4,True,validated,0
9d479119-9ab7-4e12-ad20-c87d1e41a5c2,prca16,likert5,2,4,True,validated,1
9d479119-9ab7-4e12-ad20-c87d1e41a5c2,prca17,likert5,3,3,True,validated,1
9d479119-9ab7-4e12-ad20-c87d1e41a5c2,prca18,likert5,2,2,True,validated,0
205bed05-3795-4024-b4a6-b7e6055a84bd,prca01,likert5,1,1,True,validated,0
205bed05-3795-4024-b4a6-b7e6055a84bd,prca02,likert5,4,2,True,validated,1
205bed05-3795-4024-b4a6-b7e6055a84bd,prca03,likert5,5,5,True,validated,0
205bed05-3795-4024-b4a6-b7e6055a84bd,prca04,likert5,5,1,True,validated,1
205bed05-3795-4024-b4a6-b7e6055a84bd,prca05,likert5,4,4,True,validated,0
205bed05-3795-4024-b4a6-b7e6055a84bd,prca06,likert5,1,5,True,validated,1
205bed05-3795-4024-b4a6-b7e6055a84bd,prca13,likert5,1,1,True,validated,0
205bed05-3795-4024-b4a6-b7e6055a84bd,prca14,likert5,1,5,True,validated,1
205bed05-3795-4024-b4a6-b7e6055a84bd,prca15,likert5,1,1,True,validated,0
205bed05-3795-4024-b4a6-b7e6055a84bd,prca16,likert5,4,2,True,validated,1
205bed05-3795-4024-b4a6-b7e6055a84bd,prca17,likert5,4,2,True,validated,1
205bed05-3795-4024-b4a6-b7e6055a84bd,prca18,likert5,4,4,True,validated,0
8c57aff4-0c33-4fe3-b54d-8b167a583450,prca01,likert5,5) strongly agree,5,True,recode,0
8c57aff4-0c33-4fe3-b54d-8b167a583450,prca02,likert5,2,4,True,validated,1
8c57aff4-0c33-4fe3-b54d-8b167a583450,prca03,likert5,3,3,True,validated,0
8c57aff4-0c33-4fe3-b54d-8b167a583450,prca04,likert5,2,4,True,validated,1
8c57aff4-0c33-4fe3-b54d-8b167a583450,prca05,likert5,4,4,True,validated,0
8c57aff4-0c33-4fe3-b54d-8b167a583450,prca06,likert5,5,1,True,validated,1
8c57aff4-0c33-4fe3-b54d-8b167a583450,prca13,likert5,3,3,True,validated,0
8c57aff4-0c33-4fe3-b54d-8b167a583450,prca14,likert5,1,5,True,validated,1
8c57aff4-0c33-4fe3-b54d-8b167a583450,prca15,likert5,5,5,True,validated,0
8c57aff4-0c33-4fe3-b54d-8b167a583450,prca16,likert5,4,2,True,validated,1
8c57aff4-0c33-4fe3-b54d-8b167a583450,prca17,likert5,4,2,True,validated,1
8c57aff4-0c33-4fe3-b54d-8b167a583450,prca18,likert5,5,5,True,validated,0
8ccdde6a-bd46-43c1-9399-2b2424b7ed07,prca01,likert5,3,3,True,validated,0
8ccdde6a-bd46-43c1-9399-2b2424b7ed07,prca02,likert5,4,2,True,validated,1
8ccdde6a-bd46-43c1-9399-2b2424b7ed07,prca03,likert5,3,3,True,validated,0
8ccdde6a-bd46-43c1-9399-2b2424b7ed07,prca04,likert5,4,2,True,validated,1
8ccdde6a-bd46-43c1-9399-2b2424b7ed07,prca05,likert5,5,5,True,validated,0
8ccdde6a-bd46-43c1-9399-2b2424b7ed07,prca06,likert5,3,3,True,validated,1
8ccdde6a-bd46-43c1-9399-2b2424b7ed07,prca13,likert5,3,3,True,validated,0
8ccdde6a-bd46-43c1-9399-2b2424b7ed07,prca14,likert5,3,3,True,validated,1
8ccdde6a-bd46-43c1-9399-2b2424b7ed07,prca15,likert5,2,2,True,validated,0
8ccdde6a-bd46-43c1-9399-2b2424b7ed07,prca16,likert5,4,2,True,validated,1
8ccdde6a-bd46-43c1-9399-2b2424b7ed07,prca17,likert5,3,3,True,validated,1
8ccdde6a-bd46-43c1-9399-2b2424b7ed07,prca18,likert5,5,5,True,validated,0
0adfbf2a-c31d-43a5-b6bb-01f23d177473,prca01,likert5,3,3,True,validated,0
0adfbf2a-c31d-43a5-b6bb-01f23d177473,prca02,likert5,5,1,True,validated,1
0adfbf2a-c31d-43a5-b6bb-01f23d177473,prca03,likert5,2,2,True,validated,0
0adfbf2a-c31d-43a5-b6bb-01f23d177473,prca04,likert5,4,2,True,validated,1
0adfbf2a-c31d-43a5-b6bb-01f23d177473,prca05,likert5,5,5,True,validated,0
0adfbf2a-c31d-43a5-b6bb-01f23d177473,prca06,likert5,5,1,True,validated,1
0adfbf2a-c31d-43a5-b6bb-01f23d177473,prca13,likert5,3,3,True,validated,0
0adfbf2a-c31d-43a5-b6bb-01f23d177473,prca14,likert5,5,1,True,validated,1
0adfbf2a-c31d-43a5-b6bb-01f23d177473,prca15,likert5,5,5,True,validated,0
0adfbf2a-c31d-43a5-b6bb-01f23d177473,prca16,likert5,3,3,True,validated,1
0adfbf2a-c31d-43a5-b6bb-01f23d177473,prca17,likert5,1,5,True,validated,1
0adfbf2a-c31d-43a5-b6bb-01f23d177473,prca18,likert5,3,3,True,validated,0
d5043c8c-7c2f-468f-89b7-9cf93269108a,prca01,likert5,3,3,True,validated,0
d5043c8c-7c2f-468f-89b7-9cf93269108a,prca02,likert5,4,2,True,validated,1
d5043c8c-7c2f-468f-89b7-9cf93269108a,prca03,likert5,1,1,True,validated,0
d5043c8c-7c2f-468f-89b7-9cf93269108a,prca04,likert5,4,2,True,validated,1
d5043c8c-7c2f-468f-89b7-9cf93269108a,prca05,likert5,4,4,True,validated,0
d5043c8c-7c2f-468f-89b7-9cf93269108a,prca06,likert5,2,4,True,validated,1
d5043c8c-7c2f-468f-89b7-9cf93269108a,prca13,likert5,3,3,True,validated,0
d5043c8c-7c2f-468f-89b7-9cf93269108a,prca14,likert5,5,1,True,validated,1
d5043c8c-7c2f-468f-89b7-9cf93269108a,prca15,likert5,5) strongly agree,2,True,recode,0
d5043c8c-7c2f-468f-89b7-9cf93269108a,prca16,likert5,3,3,True,validated,1
d5043c8c-7c2f-468f-89b7-9cf93269108a,prca17,likert5,2,4,True,validated,1
d5043c8c-7c2f-468f-89b7-9cf93269108a,prca18,likert5,1,1,True,validated,0
4e3deb46-c354-4017-a246-2bce0ce9eebf,prca01,likert5,5,5,True,validated,0
4e3deb46-c354-4017-a246-2bce0ce9eebf,prca02,likert5,4,2,True,validated,1
4e3deb46-c354-4017-a246-2bce0ce9eebf,prca03,likert5,1,1,True,validated,0
4e3deb46-c354-4017-a246-2bce0ce9eebf,prca04,likert5,4,2,True,validated,1
4e3deb46-c354-4017-a246-2bce0ce9eebf,prca05,likert5,5) strongly agree,5,True,recode,0
4e3deb46-c354-4017-a246-2bce0ce9eebf,prca06,likert5,3,3,True,validated,1
4e3deb46-c354-4017-a246-2bce0ce9eebf,prca13,likert5,1,1,True,validated,0
4e3deb46-c354-4017-a246-2bce0ce9eebf,prca14,likert5,1,5,True,validated,1
4e3deb46-c354-4017-a246-2bce0ce9eebf,prca15,likert5,3,3,True,validated,0
4e3deb46-c354-4017-a246-2bce0ce9eebf,prca16,likert5,2,4,True,validated,1
4e3deb46-c354-4017-a246-2bce0ce9eebf,prca17,likert5,5,1,True,validated,1
4e3deb46-c354-4017-a246-2bce0ce9eebf,prca18,likert5,5,5,True,validated,0
3118029e-9672-406c-9e9e-5bea38b1651a,prca01,likert5,1,1,True,validated,0
3118029e-9672-406c-9e9e-5bea38b1651a,prca02,likert5,3,3,True,validated,1
3118029e-9672-406c-9e9e-5bea38b1651a,prca03,likert5,3,3,True,validated,0
3118029e-9672-406c-9e9e-5bea38b1651a,prca04,likert5,5) strongly agree,3,True,recode,1
3118029e-9672-406c-9e9e-5bea38b1651a,prca05,likert5,5,5,True,validated,0
3118029e-9672-406c-9e9e-5bea38b1651a,prca06,likert5,4,2,True,validated,1
3118029e-9672-406c-9e9e-5bea38b1651a,prca13,likert5,3,3,True,validated,0
3118029e-9672-406c-9e9e-5bea38b1651a,prca14,likert5,3,3,True,validated,1
3118029e-9672-406c-9e9e-5bea38b1651a,prca15,likert5,2,2,True,validated,0
3118029e-9672-406c-9e9e-5bea38b1651a,prca16,likert5,3,3,True,validated,1
3118029e-9672-406c-9e9e-5bea38b1651a,prca17,likert5,3,3,True,validated,1
3118029e-9672-406c-9e9e-5bea38b1651a,prca18,likert5,4,4,True,validated,0
5d23342b-cb03-4115-a737-305ae227c808,prca01,likert5,4,4,True,validated,0
5d23342b-cb03-4115-a737-305ae227c808,prca02,likert5,5,1,True,validated,1
5d23342b-cb03-4115-a737-305ae227c808,prca03,likert5,3,3,True,validated,0
5d23342b-cb03-4115-a737-305ae227c808,prca04,likert5,3,3,True,validated,1
5d23342b-cb03-4115-a737-305ae227c808,prca05,likert5,4,4,True,validated,0
5d23342b-cb03-4115-a737-305ae227c808,prca06,likert5,2,4,True,validated,1
5d23342b-cb03-4115-a737-305ae227c808,prca13,likert5,4,4,True,validated,0
5d23342b-cb03-4115-a737-305ae227c808,prca14,likert5,3,3,True,validated,1
5d23342b-cb03-4115-a737-305ae227c808,prca15,likert5,4,4,True,validated,0
5d23342b-cb03-4115-a737-305ae227c808,prca16,likert5,3,3,True,validated,1
5d23342b-cb03-4115-a737-305ae227c808,prca17,likert5,3,3,True,validated,1
5d23342b-cb03-4115-a737-305ae227c808,prca18,likert5,4,4,True,validated,0
e00a19d9-91f9-4787-b80c-f4e28506f3e2,prca01,likert5,3,3,True,validated,0
e00a19d9-91f9-4787-b80c-f4e28506f3e2,prca02,likert5,3,3,True,validated,1
e00a19d9-91f9-4787-b80c-f4e28506f3e2,prca03,likert5,2,2,True,validated,0
e00a19d9-91f9-4787-b80c-f4e28506f3e2,prca04,likert5,2,4,True,validated,1
e00a19d9-91f9-4787-b80c-f4e28506f3e2,prca05,likert5,5) strongly agree,4,True,recode,0
e00a19d9-91f9-4787-b80c-f4e28506f3e2,prca06,likert5,5,1,True,validated,1
e00a19d9-91f9-4787-b80c-f4e28506f3e2,prca13,likert5,4,4,True,validated,0
e00a19d9-91f9-4787-b80c-f4e28506f3e2,prca14,likert5,2,4,True,validated,1
e00a19d9-91f9-4787-b80c-f4e28506f3e2,prca15,likert5,4,4,True,validated,0
e00a19d9-91f9-4787-b80c-f4e28506f3e2,prca16,likert5,3,3,True,validated,1
e00a19d9-91f9-4787-b80c-f4e28506f3e2,prca17,likert5,3,3,True,validated,1
e00a19d9-91f9-4787-b80c-f4e28506f3e2,prca18,likert5,1,1,True,validated,0
db6868a5-9c54-466c-a7a2-823f447b18cf,prca01,likert5,4,4,True,validated,0
db6868a5-9c54-466c-a7a2-823f447b18cf,prca02,likert5,3,3,True,validated,1
db6868a5-9c54-466c-a7a2-823f447b18cf,prca03,likert5,5,5,True,validated,0
db6868a5-9c54-466c-a7a2-823f447b18cf,prca04,likert5,2,4,True,validated,1
db6868a5-9c54-466c-a7a2-823f447b18cf,prca05,likert5,4,4,True,validated,0
db6868a5-9c54-466c-a7a2-823f447b18cf,prca06,likert5,5) strongly agree,2,True,recode,1
db6868a5-9c54-466c-a7a2-823f447b18cf,prca13,likert5,3,3,True,validated,0
db6868a5-9c54-466c-a7a2-823f447b18cf,prca14,likert5,5,1,True,validated,1
db6868a5-9c54-466c-a7a2-823f447b18cf,prca15,likert5,4,4,True,validated,0
db6868a5-9c54-466c-a7a2-823f447b18cf,prca16,likert5,2,4,True,validated,1
db6868a5-9c54-466c-a7a2-823f447b18cf,prca17,likert5,4,2,True,validated,1
db6868a5-9c54-466c-a7a2-823f447b18cf,prca18,likert5,2,2,True,validated,0
f82ac039-7d1f-4dfb-9f46-b22b72002930,prca01,likert5,4,4,True,validated,0
f82ac039-7d1f-4dfb-9f46-b22b72002930,prca02,likert5,4,2,True,validated,1
f82ac039-7d1f-4dfb-9f46-b22b72002930,prca03,likert5,1,1,True,validated,0
f82ac039-7d1f-4dfb-9f46-b22b72002930,prca04,likert5,5,1,True,validated,1
f82ac039-7d1f-4dfb-9f46-b22b72002930,prca05,likert5,2,2,True,validated,0
f82ac039-7d1f-4dfb-9f46-b22b72002930,prca06,likert5,4,2,True,validated,1
f82ac039-7d1f-4dfb-9f46-b22b72002930,prca13,likert5,5,5,True,validated,0
f82ac039-7d1f-4dfb-9f46-b22b72002930,prca14,likert5,3,3,True,validated,1
f82ac039-7d1f-4dfb-9f46-b22b72002930,prca15,likert5,2,2,True,validated,0
f82ac039-7d1f-4dfb-9f46-b22b72002930,prca16,likert5,5,1,True,validated,1
f82ac039-7d1f-4dfb-9f46-b22b72002930,prca17,likert5,3,3,True,validated,1
f82ac039-7d1f-4dfb-9f46-b22b72002930,prca18,likert5,2,2,True,validated,0
48342354-40dd-41ca-ab43-0ea9d9987231,prca01,likert5,2,2,True,validated,0
48342354-40dd-41ca-ab43-0ea9d9987231,prca02,likert5,3,3,True,validated,1
48342354-40dd-41ca-ab43-0ea9d9987231,prca03,likert5,1,1,True,validated,0
48342354-40dd-41ca-ab43-0ea9d9987231,prca04,likert5,2,4,True,validated,1
48342354-40dd-41ca-ab43-0ea9d9987231,prca05,likert5,2,2,True,validated,0
48342354-40dd-41ca-ab43-0ea9d9987231,prca06,likert5,1,5,True,validated,1
48342354-40dd-41ca-ab43-0ea9d9987231,prca13,likert5,2,2,True,validated,0
48342354-40dd-41ca-ab43-0ea9d9987231,prca14,likert5,4,2,True,validated,1
48342354-40dd-41ca-ab43-0ea9d9987231,prca15,likert5,4,4,True,validated,0
48342354-40dd-41ca-ab43-0ea9d9987231,prca16,likert5,1,5,True,validated,1
48342354-40dd-41ca-ab43-0ea9d9987231,prca17,likert5,5) strongly agree,2,True,recode,1
48342354-40dd-41ca-ab43-0ea9d9987231,prca18,likert5,3,3,True,validated,0
ff6c9432-0f33-4670-b0cc-19149bbbdc13,prca01,likert5,2,2,True,validated,0
ff6c9432-0f33-4670-b0cc-19149bbbdc13,prca02,likert5,4,2,True,validated,1
ff6c9432-0f33-4670-b0cc-19149bbbdc13,prca03,likert5,2,2,True,validated,0
ff6c9432-0f33-4670-b0cc-19149bbbdc13,prca04,likert5,3,3,True,validated,1
ff6c9432-0f33-4670-b0cc-19149bbbdc13,prca05,likert5,2,2,True,validated,0
ff6c9432-0f33-4670-b0cc-19149bbbdc13,prca06,likert5,4,2,True,validated,1
ff6c9432-0f33-4670-b0cc-19149bbbdc13,prca13,likert5,4,4,True,validated,0
ff6c9432-0f33-4670-b0cc-19149bbbdc13,prca14,likert5,4,2,True,validated,1
ff6c9432-0f33-4670-b0cc-19149bbbdc13,prca15,likert5,4,4,True,validated,0
ff6c9432-0f33-4670-b0cc-19149bbbdc13,prca16,likert5,1,5,True,validated,1
ff6c9432-0f33-4670-b0cc-19149bbbdc13,prca17,likert5,2,4,True,validated,1
ff6c9432-0f33-4670-b0cc-19149bbbdc13,prca18,likert5,2,2,True,validated,0
a3b84046-5e20-4746-a49e-15170824e3d0,prca01,likert5,2,2,True,validated,0
a3b84046-5e20-4746-a49e-15170824e3d0,prca02,likert5,3,3,True,validated,1
a3b84046-5e20-4746-a49e-15170824e3d0,prca03,likert5,2,2,True,validated,0
a3b84046-5e20-4746-a49e-15170824e3d0,prca04,likert5,3,3,True,validated,1
a3b84046-5e20-4746-a49e-15170824e3d0,prca05,likert5,2,2,True,validated,0
a3b84046-5e20-4746-a49e-15170824e3d0,prca06,likert5,5,1,True,validated,1
a3b84046-5e20-4746-a49e-15170824e3d0,prca13,likert5,2,2,True,validated,0
a3b84046-5e20-4746-a49e-15170824e3d0,prca14,likert5,5,1,True,validated,1
a3b84046-5e20-4746-a49e-15170824e3d0,prca15,likert5,2,2,True,validated,0
a3b84046-5e20-4746-a49e-15170824e3d0,prca16,likert5,2,4,True,validated,1
a3b84046-5e20-4746-a49e-15170824e3d0,prca17,likert5,1,5,True,validated,1
a3b84046-5e20-4746-a49e-15170824e3d0,prca18,likert5,2,2,True,validated,0
4d0556b2-adc4-4b48-adcc-e716fe05524f,prca01,likert5,1,1,True,validated,0
4d0556b2-adc4-4b48-adcc-e716fe05524f,prca02,likert5,3,3,True,validated,1
4d0556b2-adc4-4b48-adcc-e716fe05524f,prca03,likert5,4,4,True,validated,0
4d0556b2-adc4-4b48-adcc-e716fe05524f,prca04,likert5,2,4,True,validated,1
4d0556b2-adc4-4b48-adcc-e716fe05524f,prca05,likert5,5,5,True,validated,0
4d0556b2-adc4-4b48-adcc-e716fe05524f,prca06,likert5,4,2,True,validated,1
4d0556b2-adc4-4b48-adcc-e716fe05524f,prca13,likert5,1,1,True,validated,0
4d0556b2-adc4-4b48-adcc-e716fe05524f,prca14,likert5,1,5,True,validated,1
4d0556b2-adc4-4b48-adcc-e716fe05524f,prca15,likert5,5,5,True,validated,0
4d0556b2-adc4-4b48-adcc-e716fe05524f,prca16,likert5,4,2,True,validated,1
4d0556b2-adc4-4b48-adcc-e716fe05524f,prca17,likert5,1,5,True,validated,1
4d0556b2-adc4-4b48-adcc-e716fe05524f,prca18,likert5,3,3,True,validated,0
e31025ea-8300-4de3-ba97-ec1eb0ff838d,prca01,likert5,2,2,True,validated,0
e31025ea-8300-4de3-ba97-ec1eb0ff838d,prca02,likert5,1,5,True,validated,1
e31025ea-8300-4de3-ba97-ec1eb0ff838d,prca03,likert5,4,4,True,validated,0
e31025ea-8300-4de3-ba97-ec1eb0ff838d,prca04,likert5,3,3,True,validated,1
e31025ea-8300-4de3-ba97-ec1eb0ff838d,prca05,likert5,4,4,True,validated,0
e31025ea-8300-4de3-ba97-ec1eb0ff838d,prca06,likert5,2,4,True,validated,1
e31025ea-8300-4de3-ba97-ec1eb0ff838d,prca13,likert5,1,1,True,validated,0
e31025ea-8300-4de3-ba97-ec1eb0ff838d,prca14,likert5,1,5,True,validated,1
e31025ea-8300-4de3-ba97-ec1eb0ff838d,prca15,likert5,1,1,True,validated,0
e31025ea-8300-4de3-ba97-ec1eb0ff838d,prca16,likert5,2,4,True,validated,1
e31025ea-8300-4de3-ba97-ec1eb0ff838d,prca17,likert5,3,3,True,validated,1
e31025ea-8300-4de3-ba97-ec1eb0ff838d,prca18,likert5,1,1,True,validated,0
6a78a60c-eb7d-4ff9-aa60-87be41df6371,prca01,likert5,3,3,True,validated,0
6a78a60c-eb7d-4ff9-aa60-87be41df6371,prca02,likert5,4,2,True,validated,1
6a78a60c-eb7d-4ff9-aa60-87be41df6371,prca03,likert5,5,5,True,validated,0
6a78a60c-eb7d-4ff9-aa60-87be41df6371,prca04,likert5,5,1,True,validated,1
6a78a60c-eb7d-4ff9-aa60-87be41df6371,prca05,likert5,2,2,True,validated,0
6a78a60c-eb7d-4ff9-aa60-87be41df6371,prca06,likert5,2,4,True,validated,1
6a78a60c-eb7d-4ff9-aa60-87be41df6371,prca13,likert5,3,3,True,validated,0
6a78a60c-eb7d-4ff9-aa60-87be41df6371,prca14,likert5,4,2,True,validated,1
6a78a60c-eb7d-4ff9-aa60-87be41df6371,prca15,likert5,5,5,True,validated,0
6a78a60c-eb7d-4ff9-aa60-87be41df6371,prca16,likert5,2,4,True,validated,1
6a78a60c-eb7d-4ff9-aa60-87be41df6371,prca17,likert5,3,3,True,validated,1
6a78a60c-eb7d-4ff9-aa60-87be41df6371,prca18,likert5,5,5,True,validated,0
b5f86d26-4465-480e-8f6e-72ee675c0d64,prca01,likert5,3,3,True,validated,0
b5f86d26-4465-480e-8f6e-72ee675c0d64,prca02,likert5,1,5,True,validated,1
b5f86d26-4465-480e-8f6e-72ee675c0d64,prca03,likert5,4,4,True,validated,0
b5f86d26-4465-480e-8f6e-72ee675c0d64,prca04,likert5,3,3,True,validated,1
b5f86d26-4465-480e-8f6e-72ee675c0d64,prca05,likert5,1,1,True,validated,0
b5f86d26-4465-480e-8f6e-72ee675c0d64,prca06,likert5,5,1,True,validated,1
b5f86d26-4465-480e-8f6e-72ee675c0d64,prca13,likert5,4,4,True,validated,0
b5f86d26-4465-480e-8f6e-72ee675c0d64,prca14,likert5,5,1,True,validated,1
b5f86d26-4465-480e-8f6e-72ee675c0d64,prca15,likert5,4,4,True,validated,0
b5f86d26-4465-480e-8f6e-72ee675c0d64,prca16,likert5,5,1,True,validated,1
b5f86d26-4465-480e-8f6e-72ee675c0d64,prca17,likert5,5) strongly agree,2,True,recode,1
b5f86d26-4465-480e-8f6e-72ee675c0d64,prca18,likert5,3,3,True,validated,0
8b2c9987-96ef-4bc7-b139-e5d3c2516e54,prca01,likert5,1,1,True,validated,0
8b2c9987-96ef-4bc7-b139-e5d3c2516e54,prca02,likert5,5) strongly agree,1,True,recode,1
8b2c9987-96ef-4bc7-b139-e5d3c2516e54,prca03,likert5,2,2,True,validated,0
8b2c9987-96ef-4bc7-b139-e5d3c2516e54,prca04,likert5,4,2,True,validated,1
8b2c9987-96ef-4bc7-b139-e5d3c2516e54,prca05,likert5,1,1,True,validated,0
8b2c9987-96ef-4bc7-b139-e5d3c2516e54,prca06,likert5,1,5,True,validated,1
8b2c9987-96ef-4bc7-b139-e5d3c2516e54,prca13,likert5,1,1,True,validated,0
8b2c9987-96ef-4bc7-b139-e5d3c2516e54,prca14,likert5,3,3,True,validated,1
8b2c9987-96ef-4bc7-b139-e5d3c2516e54,prca15,likert5,2,2,True,validated,0
8b2c9987-96ef-4bc7-b139-e5d3c2516e54,prca16,likert5,4,2,True,validated,1
8b2c9987-96ef-4bc7-b139-e5d3c2516e54,prca17,likert5,5,1,True,validated,1
8b2c9987-96ef-4bc7-b139-e5d3c2516e54,prca18,likert5,2,2,True,validated,0
80de9529-70df-413e-af12-8623ebc919ad,prca01,likert5,2,2,True,validated,0
80de9529-70df-413e-af12-8623ebc919ad,prca02,likert5,3,3,True,validated,1
80de9529-70df-413e-af12-8623ebc919ad,prca03,likert5,4,4,True,validated,0
80de9529-70df-413e-af12-8623ebc919ad,prca04,likert5,5,1,True,validated,1
80de9529-70df-413e-af12-8623ebc919ad,prca05,likert5,3,3,True,validated,0
80de9529-70df-413e-af12-8623ebc919ad,prca06,likert5,3,3,True,validated,1
80de9529-70df-413e-af12-8623ebc919ad,prca13,likert5,4,4,True,validated,0
80de9529-70df-413e-af12-8623ebc919ad,prca14,likert5,4,2,True,validated,1
80de9529-70df-413e-af12-8623ebc919ad,prca15,likert5,4,4,True,validated,0
80de9529-70df-413e-af12-8623ebc919ad,prca16,likert5,1,5,True,validated,1
80de9529-70df-413e-af12-8623ebc919ad,prca17,likert5,5,1,True,validated,1
80de9529-70df-413e-af12-8623ebc919ad,prca18,likert5,2,2,True,validated,0
24f1df9f-9c76-4941-83d7-83183be0bded,prca01,likert5,3,3,True,validated,0
24f1df9f-9c76-4941-83d7-83183be0bded,prca02,likert5,1,5,True,validated,1
24f1df9f-9c76-4941-83d7-83183be0bded,prca03,likert5,3,3,True,validated,0
24f1df9f-9c76-4941-83d7-83183be0bded,prca04,likert5,5,1,True,validated,1
24f1df9f-9c76-4941-83d7-83183be0bded,prca05,likert5,3,3,True,validated,0
24f1df9f-9c76-4941-83d7-83183be0bded,prca06,likert5,4,2,True,validated,1
24f1df9f-9c76-4941-83d7-83183be0bded,prca13,likert5,1,1,True,validated,0
24f1df9f-9c76-4941-83d7-83183be0bded,prca14,likert5,4,2,True,validated,1
24f1df9f-9c76-4941-83d7-83183be0bded,prca15,likert5,5,5,True,validated,0
24f1df9f-9c76-4941-83d7-83183be0bded,prca16,likert5,2,4,True,validated,1
24f1df9f-9c76-4941-83d7-83183be0bded,prca17,likert5,3,3,True,validated,1
24f1df9f-9c76-4941-83d7-83183be0bded,prca18,likert5,1,1,True,validated,0
9211c51c-a2e6-4122-aed7-cc4def0c09ad,prca01,likert5,2,2,True,validated,0
9211c51c-a2e6-4122-aed7-cc4def0c09ad,prca02,likert5,2,4,True,validated,1
9211c51c-a2e6-4122-aed7-cc4def0c09ad,prca03,likert5,4,4,True,validated,0
9211c51c-a2e6-4122-aed7-cc4def0c09ad,prca04,likert5,2,4,True,validated,1
9211c51c-a2e6-4122-aed7-cc4def0c09ad,prca05,likert5,5,5,True,validated,0
9211c51c-a2e6-4122-aed7-cc4def0c09ad,prca06,likert5,1,5,True,validated,1
9211c51c-a2e6-4122-aed7-cc4def0c09ad,prca13,likert5,4,4,True,validated,0
9211c51c-a2e6-4122-aed7-cc4def0c09ad,prca14,likert5,2,4,True,validated,1
9211c51c-a2e6-4122-aed7-cc4def0c09ad,prca15,likert5,3,3,True,validated,0
9211c51c-a2e6-4122-aed7-cc4def0c09ad,prca16,likert5,4,2,True,validated,1
9211c51c-a2e6-4122-aed7-cc4def0c09ad,prca17,likert5,3,3,True,validated,1
9211c51c-a2e6-4122-aed7-cc4def0c09ad,prca18,likert5,2,2,True,validated,0
1b9998d7-2cf3-4969-a7d1-11169ee61c29,prca01,likert5,4,4,True,validated,0
1b9998d7-2cf3-4969-a7d1-11169ee61c29,prca02,likert5,1,5,True,validated,1
1b9998d7-2cf3-4969-a7d1-11169ee61c29,prca03,likert5,3,3,True,validated,0
1b9998d7-2cf3-4969-a7d1-11169ee61c29,prca04,likert5,4,2,True,validated,1
1b9998d7-2cf3-4969-a7d1-11169ee61c29,prca05,likert5,4,4,True,validated,0
1b9998d7-2cf3-4969-a7d1-11169ee61c29,prca06,likert5,4,2,True,validated,1
1b9998d7-2cf3-4969-a7d1-11169ee61c29,prca13,likert5,5,5,True,validated,0
1b9998d7-2cf3-4969-a7d1-11169ee61c29,prca14,likert5,1,5,True,validated,1
1b9998d7-2cf3-4969-a7d1-11169ee61c29,prca15,likert5,3,3,True,validated,0
1b9998d7-2cf3-4969-a7d1-11169ee61c29,prca16,likert5,4,2,True,validated,1
1b9998d7-2cf3-4969-a7d1-11169ee61c29,prca17,likert5,1,5,True,validated,1
1b9998d7-2cf3-4969-a7d1-11169ee61c29,prca18,likert5,3,3,True,validated,0
73ae48e3-92a9-4dc2-87e9-054777aa5c64,prca01,likert5,3,3,True,validated,0
73ae48e3-92a9-4dc2-87e9-054777aa5c64,prca02,likert5,4,2,True,validated,1
73ae48e3-92a9-4dc2-87e9-054777aa5c64,prca03,likert5,2,2,True,validated,0
73ae48e3-92a9-4dc2-87e9-054777aa5c64,prca04,likert5,1,5,True,validated,1
73ae48e3-92a9-4dc2-87e9-054777aa5c64,prca05,likert5,2,2,True,validated,0
73ae48e3-92a9-4dc2-87e9-054777aa5c64,prca06,likert5,4,2,True,validated,1
73ae48e3-92a9-4dc2-87e9-054777aa5c64,prca13,likert5,2,2,True,validated,0
73ae48e3-92a9-4dc2-87e9-054777aa5c64,prca14,likert5,1,5,True,validated,1
73ae48e3-92a9-4dc2-87e9-054777aa5c64,prca15,likert5,4,4,True,validated,0
73ae48e3-92a9-4dc2-87e9-054777aa5c64,prca16,likert5,5,1,True,validated,1
73ae48e3-92a9-4dc2-87e9-054777aa5c64,prca17,likert5,4,2,True,validated,1
73ae48e3-92a9-4dc2-87e9-054777aa5c64,prca18,likert5,2,2,True,validated,0
05f459cc-fdb1-4fd9-a726-0edb32421df5,prca01,likert5,3,3,True,validated,0
05f459cc-fdb1-4fd9-a726-0edb32421df5,prca02,likert5,1,5,True,validated,1
05f459cc-fdb1-4fd9-a726-0edb32421df5,prca03,likert5,2,2,True,validated,0
05f459cc-fdb1-4fd9-a726-0edb32421df5,prca04,likert5,3,3,True,validated,1
05f459cc-fdb1-4fd9-a726-0edb32421df5,prca05,likert5,3,3,True,validated,0
05f459cc-fdb1-4fd9-a726-0edb32421df5,prca06,likert5,2,4,True,validated,1
05f459cc-fdb1-4fd9-a726-0edb32421df5,prca13,likert5,4,4,True,validated,0
05f459cc-fdb1-4fd9-a726-0edb32421df5,prca14,likert5,5,1,True,validated,1
05f459cc-fdb1-4fd9-a726-0edb32421df5,prca15,likert5,5,5,True,validated,0
05f459cc-fdb1-4fd9-a726-0edb32421df5,prca16,likert5,1,5,True,validated,1
05f459cc-fdb1-4fd9-a726-0edb32421df5,prca17,likert5,1,5,True,validated,1
05f459cc-fdb1-4fd9-a726-0edb32421df5,prca18,likert5,3,3,True,validated,0
025669d4-ddd5-4f9c-909d-0dfb6e1507e8,prca01,likert5,3,3,True,validated,0
025669d4-ddd5-4f9c-909d-0dfb6e1507e8,prca02,likert5,5,1,True,validated,1
025669d4-ddd5-4f9c-909d-0dfb6e1507e8,prca03,likert5,4,4,True,validated,0
025669d4-ddd5-4f9c-909d-0dfb6e1507e8,prca04,likert5,4,2,True,validated,1
025669d4-ddd5-4f9c-909d-0dfb6e1507e8,prca05,likert5,3,3,True,validated,0
025669d4-ddd5-4f9c-909d-0dfb6e1507e8,prca06,likert5,4,2,True,validated,1
025669d4-ddd5-4f9c-909d-0dfb6e1507e8,prca13,likert5,1,1,True,validated,0
025669d4-ddd5-4f9c-909d-0dfb6e1507e8,prca14,likert5,4,2,True,validated,1
025669d4-ddd5-4f9c-909d-0dfb6e1507e8,prca15,likert5,5,5,True,validated,0
025669d4-ddd5-4f9c-909d-0dfb6e1507e8,prca16,likert5,4,2,True,validated,1
025669d4-ddd5-4f9c-909d-0dfb6e1507e8,prca17,likert5,5,1,True,validated,1
025669d4-ddd5-4f9c-909d-0dfb6e1507e8,prca18,likert5,5) strongly agree,3,True,recode,0
f580f2e5-8dea-4110-8751-73718ebad0b2,prca01,likert5,2,2,True,validated,0
f580f2e5-8dea-4110-8751-73718ebad0b2,prca02,likert5,2,4,True,validated,1
f580f2e5-8dea-4110-8751-73718ebad0b2,prca03,likert5,4,4,True,validated,0
f580f2e5-8dea-4110-8751-73718ebad0b2,prca04,likert5,4,2,True,validated,1
f580f2e5-8dea-4110-8751-73718ebad0b2,prca05,likert5,3,3,True,validated,0
f580f2e5-8dea-4110-8751-73718ebad0b2,prca06,likert5,3,3,True,validated,1
f580f2e5-8dea-4110-8751-73718ebad0b2,prca13,likert5,4,4,True,validated,0
f580f2e5-8dea-4110-8751-73718ebad0b2,prca14,likert5,3,3,True,validated,1
f580f2e5-8dea-4110-8751-73718ebad0b2,prca15,likert5,2,2,True,validated,0
f580f2e5-8dea-4110-8751-73718ebad0b2,prca16,likert5,2,4,True,validated,1
f580f2e5-8dea-4110-8751-73718ebad0b2,prca17,likert5,1,5,True,validated,1
f580f2e5-8dea-4110-8751-73718ebad0b2,prca18,likert5,5,5,True,validated,0
18f6a02d-e61c-4680-a33a-7923ade46461,prca01,likert5,4,4,True,validated,0
18f6a02d-e61c-4680-a33a-7923ade46461,prca02,likert5,1,5,True,validated,1
18f6a02d-e61c-4680-a33a-7923ade46461,prca03,likert5,3,3,True,validated,0
18f6a02d-e61c-4680-a33a-7923ade46461,prca04,likert5,2,4,True,validated,1
18f6a02d-e61c-4680-a33a-7923ade46461,prca05,likert5,4,4,True,validated,0
18f6a02d-e61c-4680-a33a-7923ade46461,prca06,likert5,1,5,True,validated,1
18f6a02d-e61c-4680-a33a-7923ade46461,prca13,likert5,1,1,True,validated,0
18f6a02d-e61c-4680-a33a-7923ade46461,prca14,likert5,5) strongly agree,3,True,recode,1
18f6a02d-e61c-4680-a33a-7923ade46461,prca15,likert5,5,5,True,validated,0
18f6a02d-e61c-4680-a33a-7923ade46461,prca16,likert5,3,3,True,validated,1
18f6a02d-e61c-4680-a33a-7923ade46461,prca17,likert5,5,1,True,validated,1
18f6a02d-e61c-4680-a33a-7923ade46461,prca18,likert5,3,3,True,validated,0
5728d7c3-bfb5-42b6-ad17-ef07bb6fceec,prca01,likert5,4,4,True,validated,0
5728d7c3-bfb5-42b6-ad17-ef07bb6fceec,prca02,likert5,4,2,True,validated,1
5728d7c3-bfb5-42b6-ad17-ef07bb6fceec,prca03,likert5,1,1,True,validated,0
5728d7c3-bfb5-42b6-ad17-ef07bb6fceec,prca04,likert5,3,3,True,validated,1
5728d7c3-bfb5-42b6-ad17-ef07bb6fceec,prca05,likert5,3,3,True,validated,0
5728d7c3-bfb5-42b6-ad17-ef07bb6fceec,prca06,likert5,2,4,True,validated,1
5728d7c3-bfb5-42b6-ad17-ef07bb6fceec,prca13,likert5,1,1,True,validated,0
5728d7c3-bfb5-42b6-ad17-ef07bb6fceec,prca14,likert5,2,4,True,validated,1
5728d7c3-bfb5-42b6-ad17-ef07bb6fceec,prca15,likert5,4,4,True,validated,0
5728d7c3-bfb5-42b6-ad17-ef07bb6fceec,prca16,likert5,4,2,True,validated,1
5728d7c3-bfb5-42b6-ad17-ef07bb6fceec,prca17,likert5,5) strongly agree,2,True,recode,1
5728d7c3-bfb5-42b6-ad17-ef07bb6fceec,prca18,likert5,3,3,True,validated,0
ac6fe89c-2ba0-47a3-b61d-c4ae8b7ab855,prca01,likert5,5,5,True,validated,0
ac6fe89c-2ba0-47a3-b61d-c4ae8b7ab855,prca02,likert5,3,3,True,validated,1
ac6fe89c-2ba0-47a3-b61d-c4ae8b7ab855,prca03,likert5,5,5,True,validated,0
ac6fe89c-2ba0-47a3-b61d-c4ae8b7ab855,prca04,likert5,2,4,True,validated,1
ac6fe89c-2ba0-47a3-b61d-c4ae8b7ab855,prca05,likert5,4,4,True,validated,0
ac6fe89c-2ba0-47a3-b61d-c4ae8b7ab855,prca06,likert5,4,2,True,validated,1
ac6fe89c-2ba0-47a3-b61d-c4ae8b7ab855,prca13,likert5,5,5,True,validated,0
ac6fe89c-2ba0-47a3-b61d-c4ae8b7ab855,prca14,likert5,4,2,True,validated,1
ac6fe89c-2ba0-47a3-b61d-c4ae8b7ab855,prca15,likert5,1,1,True,validated,0
ac6fe89c-2ba0-47a3-b61d-c4ae8b7ab855,prca16,likert5,2,4,True,validated,1
ac6fe89c-2ba0-47a3-b61d-c4ae8b7ab855,prca17,likert5,3,3,True,validated,1
ac6fe89c-2ba0-47a3-b61d-c4ae8b7ab855,prca18,likert5,1,1,True,validated,0
84a20872-8d32-42b5-a2f7-7afa0f48ed69,prca01,likert5,5,5,True,validated,0
84a20872-8d32-42b5-a2f7-7afa0f48ed69,prca02,likert5,5,1,True,validated,1
84a20872-8d32-42b5-a2f7-7afa0f48ed69,prca03,likert5,5,5,True,validated,0
84a20872-8d32-42b5-a2f7-7afa0f48ed69,prca04,likert5,3,3,True,validated,1
84a20872-8d32-42b5-a2f7-7afa0f48ed69,prca05,likert5,1,1,True,validated,0
84a20872-8d32-42b5-a2f7-7afa0f48ed69,prca06,likert5,5,1,True,validated,1
84a20872-8d32-42b5-a2f7-7afa0f48ed69,prca13,likert5,2,2,True,validated,0
84a20872-8d32-42b5-a2f7-7afa0f48ed69,prca14,likert5,3,3,True,validated,1
84a20872-8d32-42b5-a2f7-7afa0f48ed69,prca15,likert5,5,5,True,validated,0
84a20872-8d32-42b5-a2f7-7afa0f48ed69,prca16,likert5,2,4,True,validated,1
84a20872-8d32-42b5-a2f7-7afa0f48ed69,prca17,likert5,3,3,True,validated,1
84a20872-8d32-42b5-a2f7-7afa0f48ed69,prca18,likert5,3,3,True,validated,0
9cc38ef4-643c-4e29-a633-6a24e24e44a8,prca01,likert5,2,2,True,validated,0
9cc38ef4-643c-4e29-a633-6a24e24e44a8,prca02,likert5,3,3,True,validated,1
9cc38ef4-643c-4e29-a633-6a24e24e44a8,prca03,likert5,2,2,True,validated,0
9cc38ef4-643c-4e29-a633-6a24e24e44a8,prca04,likert5,2,4,True,validated,1
9cc38ef4-643c-4e29-a633-6a24e24e44a8,prca05,likert5,3,3,True,validated,0
9cc38ef4-643c-4e29-a633-6a24e24e44a8,prca06,likert5,2,4,True,validated,1
9cc38ef4-643c-4e29-a633-6a24e24e44a8,prca13,likert5,5,5,True,validated,0
9cc38ef4-643c-4e29-a633-6a24e24e44a8,prca14,likert5,5) strongly agree,2,True,recode,1
9cc38ef4-643c-4e29-a633-6a24e24e44a8,prca15,likert5,5,5,True,validated,0
9cc38ef4-643c-4e29-a633-6a24e24e44a8,prca16,likert5,1,5,True,validated,1
9cc38ef4-643c-4e29-a633-6a24e24e44a8,prca17,likert5,2,4,True,validated,1
9cc38ef4-643c-4e29-a633-6a24e24e44a8,prca18,likert5,4,4,True,validated,0
accf30b6-fdb8-4f42-a4d2-4666819b022d,prca01,likert5,4,4,True,validated,0
accf30b6-fdb8-4f42-a4d2-4666819b022d,prca02,likert5,5,1,True,validated,1
accf30b6-fdb8-4f42-a4d2-4666819b022d,prca03,likert5,1,1,True,validated,0
accf30b6-fdb8-4f42-a4d2-4666819b022d,prca04,likert5,3,3,True,validated,1
accf30b6-fdb8-4f42-a4d2-4666819b022d,prca05,likert5,5,5,True,validated,0
accf30b6-fdb8-4f42-a4d2-4666819b022d,prca06,likert5,4,2,True,validated,1
accf30b6-fdb8-4f42-a4d2-4666819b022d,prca13,likert5,3,3,True,validated,0
accf30b6-fdb8-4f42-a4d2-4666819b022d,prca14,likert5,4,2,True,validated,1
accf30b6-fdb8-4f42-a4d2-4666819b022d,prca15,likert5,5,5,True,validated,0
accf30b6-fdb8-4f42-a4d2-4666819b022d,prca16,likert5,3,3,True,validated,1
accf30b6-fdb8-4f42-a4d2-4666819b022d,prca17,likert5,4,2,True,validated,1
accf30b6-fdb8-4f42-a4d2-4666819b022d,prca18,likert5,1,1,True,validated,0
992440e9-a9e7-45f6-be74-224b8055f82d,prca01,likert5,5,5,True,validated,0
992440e9-a9e7-45f6-be74-224b8055f82d,prca02,likert5,5,1,True,validated,1
992440e9-a9e7-45f6-be74-224b8055f82d,prca03,likert5,2,2,True,validated,0
992440e9-a9e7-45f6-be74-224b8055f82d,prca04,likert5,5,1,True,validated,1
992440e9-a9e7-45f6-be74-224b8055f82d,prca05,likert5,5,5,True,validated,0
992440e9-a9e7-45f6-be74-224b8055f82d,prca06,likert5,4,2,True,validated,1
992440e9-a9e7-45f6-be74-224b8055f82d,prca13,likert5,4,4,True,validated,0
992440e9-a9e7-45f6-be74-224b8055f82d,prca14,likert5,4,2,True,validated,1
992440e9-a9e7-45f6-be74-224b8055f82d,prca15,likert5,1,1,True,validated,0
992440e9-a9e7-45f6-be74-224b8055f82d,prca16,likert5,5) strongly agree,2,True,recode,1
992440e9-a9e7-45f6-be74-224b8055f82d,prca17,likert5,3,3,True,validated,1
992440e9-a9e7-45f6-be74-224b8055f82d,prca18,likert5,4,4,True,validated,0
6fc830c4-a9df-4b6b-9010-880e0d88d19d,prca01,likert5,5) strongly agree,5,True,recode,0
6fc830c4-a9df-4b6b-9010-880e0d88d19d,prca02,likert5,1,5,True,validated,1
6fc830c4-a9df-4b6b-9010-880e0d88d19d,prca03,likert5,4,4,True,validated,0
6fc830c4-a9df-4b6b-9010-880e0d88d19d,prca04,likert5,4,2,True,validated,1
6fc830c4-a9df-4b6b-9010-880e0d88d19d,prca05,likert5,5,5,True,validated,0
6fc830c4-a9df-4b6b-9010-880e0d88d19d,prca06,likert5,2,4,True,validated,1
6fc830c4-a9df-4b6b-9010-880e0d88d19d,prca13,likert5,3,3,True,validated,0
6fc830c4-a9df-4b6b-9010-880e0d88d19d,prca14,likert5,4,2,True,validated,1
6fc830c4-a9df-4b6b-9010-880e0d88d19d,prca15,likert5,5) strongly agree,5,True,recode,0
6fc830c4-a9df-4b6b-9010-880e0d88d19d,prca16,likert5,2,4,True,validated,1
6fc830c4-a9df-4b6b-9010-880e0d88d19d,prca17,likert5,5,1,True,validated,1
6fc830c4-a9df-4b6b-9010-880e0d88d19d,prca18,likert5,5,5,True,validated,0
26fb8068-7cc9-448a-9081-0353c67fe115,prca01,likert5,3,3,True,validated,0
26fb8068-7cc9-448a-9081-0353c67fe115,prca02,likert5,1,5,True,validated,1
26fb8068-7cc9-448a-9081-0353c67fe115,prca03,likert5,3,3,True,validated,0
26fb8068-7cc9-448a-9081-0353c67fe115,prca04,likert5,4,2,True,validated,1
26fb8068-7cc9-448a-9081-0353c67fe115,prca05,likert5,1,1,True,validated,0
26fb8068-7cc9-448a-9081-0353c67fe115,prca06,likert5,4,2,True,validated,1
26fb8068-7cc9-448a-9081-0353c67fe115,prca13,likert5,5) strongly agree,4,True,recode,0
26fb8068-7cc9-448a-9081-0353c67fe115,prca14,likert5,1,5,True,validated,1
26fb8068-7cc9-448a-9081-0353c67fe115,prca15,likert5,2,2,True,validated,0
26fb8068-7cc9-448a-9081-0353c67fe115,prca16,likert5,4,2,True,validated,1
26fb8068-7cc9-448a-9081-0353c67fe115,prca17,likert5,2,4,True,validated,1
26fb8068-7cc9-448a-9081-0353c67fe115,prca18,likert5,5,5,True,validated,0
203b557d-7fff-44cc-ac5c-43749abacaea,prca01,likert5,5,5,True,validated,0
203b557d-7fff-44cc-ac5c-43749abacaea,prca02,likert5,2,4,True,validated,1
203b557d-7fff-44cc-ac5c-43749abacaea,prca03,likert5,4,4,True,validated,0
203b557d-7fff-44cc-ac5c-43749abacaea,prca04,likert5,1,5,True,validated,1
203b557d-7fff-44cc-ac5c-43749abacaea,prca05,likert5,1,1,True,validated,0
203b557d-7fff-44cc-ac5c-43749abacaea,prca06,likert5,5,1,True,validated,1
203b557d-7fff-44cc-ac5c-43749abacaea,prca13,likert5,1,1,True,validated,0
203b557d-7fff-44cc-ac5c-43749abacaea,prca14,likert5,5,1,True,validated,1
203b557d-7fff-44cc-ac5c-43749abacaea,prca15,likert5,1,1,True,validated,0
203b557d-7fff-44cc-ac5c-43749abacaea,prca16,likert5,4,2,True,validated,1
203b557d-7fff-44cc-ac5c-43749abacaea,prca17,likert5,4,2,True,validated,1
203b557d-7fff-44cc-ac5c-43749abacaea,prca18,likert5,2,2,True,validated,0
ef40a732-7ad6-4796-8583-ffa200bf5e6b,prca01,likert5,3,3,True,validated,0
ef40a732-7ad6-4796-8583-ffa200bf5e6b,prca02,likert5,3,3,True,validated,1
ef40a732-7ad6-4796-8583-ffa200bf5e6b,prca03,likert5,1,1,True,validated,0
ef40a732-7ad6-4796-8583-ffa200bf5e6b,prca04,likert5,2,4,True,validated,1
ef40a732-7ad6-4796-8583-ffa200bf5e6b,prca05,likert5,5,5,True,validated,0
ef40a732-7ad6-4796-8583-ffa200bf5e6b,prca06,likert5,1,5,True,validated,1
ef40a732-7ad6-4796-8583-ffa200bf5e6b,prca13,likert5,4,4,True,validated,0
ef40a732-7ad6-4796-8583-ffa200bf5e6b,prca14,likert5,3,3,True,validated,1
ef40a732-7ad6-4796-8583-ffa200bf5e6b,prca15,likert5,4,4,True,validated,0
ef40a732-7ad6-4796-8583-ffa200bf5e6b,prca16,likert5,1,5,True,validated,1
ef40a732-7ad6-4796-8583-ffa200bf5e6b,prca17,likert5,2,4,True,validated,1
ef40a732-7ad6-4796-8583-ffa200bf5e6b,prca18,likert5,3,3,True,validated,0
6b127e1f-57d2-467c-b1ab-c8fc12b86cb0,prca01,likert5,3,3,True,validated,0
6b127e1f-57d2-467c-b1ab-c8fc12b86cb0,prca02,likert5,4,2,True,validated,1
6b127e1f-57d2-467c-b1ab-c8fc12b86cb0,prca03,likert5,4,4,True,validated,0
6b127e1f-57d2-467c-b1ab-c8fc12b86cb0,prca04,likert5,4,2,True,validated,1
6b127e1f-57d2-467c-b1ab-c8fc12b86cb0,prca05,likert5,3,3,True,validated,0
6b127e1f-57d2-467c-b1ab-c8fc12b86cb0,prca06,likert5,3,3,True,validated,1
6b127e1f-57d2-467c-b1ab-c8fc12b86cb0,prca13,likert5,4,4,True,validated,0
6b127e1f-57d2-467c-b1ab-c8fc12b86cb0,prca14,likert5,3,3,True,validated,1
6b127e1f-57d2-467c-b1ab-c8fc12b86cb0,prca15,likert5,1,1,True,validated,0
6b127e1f-57d2-467c-b1ab-c8fc12b86cb0,prca16,likert5,3,3,True,validated,1
6b127e1f-57d2-467c-b1ab-c8fc12b86cb0,prca17,likert5,5,1,True,validated,1
6b127e1f-57d2-467c-b1ab-c8fc12b86cb0,prca18,likert5,1,1,True,validated,0
d0eef649-dda9-4900-9a1c-d0110674e0c5,prca01,likert5,4,4,True,validated,0
d0eef649-dda9-4900-9a1c-d0110674e0c5,prca02,likert5,5,1,True,validated,1
d0eef649-dda9-4900-9a1c-d0110674e0c5,prca03,likert5,3,3,True,validated,0
d0eef649-dda9-4900-9a1c-d0110674e0c5,prca04,likert5,2,4,True,validated,1
d0eef649-dda9-4900-9a1c-d0110674e0c5,prca05,likert5,2,2,True,validated,0
d0eef649-dda9-4900-9a1c-d0110674e0c5,prca06,likert5,1,5,True,validated,1
d0eef649-dda9-4900-9a1c-d0110674e0c5,prca13,likert5,3,3,True,validated,0
d0eef649-dda9-4900-9a1c-d0110674e0c5,prca14,likert5,5,1,True,validated,1
d0eef649-dda9-4900-9a1c-d0110674e0c5,prca15,likert5,1,1,True,validated,0
d0eef649-dda9-4900-9a1c-d0110674e0c5,prca16,likert5,1,5,True,validated,1
d0eef649-dda9-4900-9a1c-d0110674e0c5,prca17,likert5,1,5,True,validated,1
d0eef649-dda9-4900-9a1c-d0110674e0c5,prca18,likert5,2,2,True,validated,0
e643ce35-33f7-48d6-a9c2-c29435dd3f63,prca01,likert5,2,2,True,validated,0
e643ce35-33f7-48d6-a9c2-c29435dd3f63,prca02,likert5,1,5,True,validated,1
e643ce35-33f7-48d6-a9c2-c29435dd3f63,prca03,likert5,2,2,True,validated,0
e643ce35-33f7-48d6-a9c2-c29435dd3f63,prca04,likert5,3,3,True,validated,1
e643ce35-33f7-48d6-a9c2-c29435dd3f63,prca05,likert5,1,1,True,validated,0
e643ce35-33f7-48d6-a9c2-c29435dd3f63,prca06,likert5,2,4,True,validated,1
e643ce35-33f7-48d6-a9c2-c29435dd3f63,prca13,likert5,5,5,True,validated,0
e643ce35-33f7-48d6-a9c2-c29435dd3f63,prca14,likert5,5,1,True,validated,1
e643ce35-33f7-48d6-a9c2-c29435dd3f63,prca15,likert5,2,2,True,validated,0
e643ce35-33f7-48d6-a9c2-c29435dd3f63,prca16,likert5,1,5,True,validated,1
e643ce35-33f7-48d6-a9c2-c29435dd3f63,prca17,likert5,4,2,True,validated,1
e643ce35-33f7-48d6-a9c2-c29435dd3f63,prca18,likert5,5) strongly agree,4,True,recode,0
ccf4c26f-04ee-49ca-81fa-f7f9ec25e197,prca01,likert5,4,4,True,validated,0
ccf4c26f-04ee-49ca-81fa-f7f9ec25e197,prca02,likert5,2,4,True,validated,1
ccf4c26f-04ee-49ca-81fa-f7f9ec25e197,prca03,likert5,5) strongly agree,4,True,recode,0
ccf4c26f-04ee-49ca-81fa-f7f9ec25e197,prca04,likert5,5) strongly agree,2,True,recode,1
ccf4c26f-04ee-49ca-81fa-f7f9ec25e197,prca05,likert5,3,3,True,validated,0
ccf4c26f-04ee-49ca-81fa-f7f9ec25e197,prca06,likert5,2,4,True,validated,1
ccf4c26f-04ee-49ca-81fa-f7f9ec25e197,prca13,likert5,4,4,True,validated,0
ccf4c26f-04ee-49ca-81fa-f7f9ec25e197,prca14,likert5,5,1,True,validated,1
ccf4c26f-04ee-49ca-81fa-f7f9ec25e197,prca15,likert5,4,4,True,validated,0
ccf4c26f-04ee-49ca-81fa-f7f9ec25e197,prca16,likert5,3,3,True,validated,1
ccf4c26f-04ee-49ca-81fa-f7f9ec25e197,prca17,likert5,1,5,True,validated,1
ccf4c26f-04ee-49ca-81fa-f7f9ec25e197,prca18,likert5,2,2,True,validated,0
d6c3b021-2a50-46d7-a26e-e9ff9c5d88c5,prca01,likert5,1,1,True,validated,0
d6c3b021-2a50-46d7-a26e-e9ff9c5d88c5,prca02,likert5,4,2,True,validated,1
d6c3b021-2a50-46d7-a26e-e9ff9c5d88c5,prca03,likert5,2,2,True,validated,0
d6c3b021-2a50-46d7-a26e-e9ff9c5d88c5,prca04,likert5,4,2,True,validated,1
d6c3b021-2a50-46d7-a26e-e9ff9c5d88c5,prca05,likert5,2,2,True,validated,0
d6c3b021-2a50-46d7-a26e-e9ff9c5d88c5,prca06,likert5,3,3,True,validated,1
d6c3b021-2a50-46d7-a26e-e9ff9c5d88c5,prca13,likert5,4,4,True,validated,0
d6c3b021-2a50-46d7-a26e-e9ff9c5d88c5,prca14,likert5,2,4,True,validated,1
d6c3b021-2a50-46d7-a26e-e9ff9c5d88c5,prca15,likert5,2,2,True,validated,0
d6c3b021-2a50-46d7-a26e-e9ff9c5d88c5,prca16,likert5,3,3,True,validated,1
d6c3b021-2a50-46d7-a26e-e9ff9c5d88c5,prca17,likert5,1,5,True,validated,1
d6c3b021-2a50-46d7-a26e-e9ff9c5d88c5,prca18,likert5,4,4,True,validated,0
b51dfb27-6126-44fd-8463-8f4ae2ce2872,prca01,likert5,4,4,True,validated,0
b51dfb27-6126-44fd-8463-8f4ae2ce2872,prca02,likert5,2,4,True,validated,1
b51dfb27-6126-44fd-8463-8f4ae2ce2872,prca03,likert5,3,3,True,validated,0
b51dfb27-6126-44fd-8463-8f4ae2ce2872,prca04,likert5,5,1,True,validated,1
b51dfb27-6126-44fd-8463-8f4ae2ce2872,prca05,likert5,1,1,True,validated,0
b51dfb27-6126-44fd-8463-8f4ae2ce2872,prca06,likert5,3,3,True,validated,1
b51dfb27-6126-44fd-8463-8f4ae2ce2872,prca13,likert5,3,3,True,validated,0
b51dfb27-6126-44fd-8463-8f4ae2ce2872,prca14,likert5,5,1,True,validated,1
b51dfb27-6126-44fd-8463-8f4ae2ce2872,prca15,likert5,5) strongly agree,4,True,recode,0
b51dfb27-6126-44fd-8463-8f4ae2ce2872,prca16,likert5,3,3,True,validated,1
b51dfb27-6126-44fd-8463-8f4ae2ce2872,prca17,likert5,4,2,True,validated,1
b51dfb27-6126-44fd-8463-8f4ae2ce2872,prca18,likert5,5,5,True,validated,0
b296d479-1ed7-41b9-9673-b58e6f9fcfda,prca01,likert5,5) strongly agree,4,True,recode,0
b296d479-1ed7-41b9-9673-b58e6f9fcfda,prca02,likert5,4,2,True,validated,1
b296d479-1ed7-41b9-9673-b58e6f9fcfda,prca03,likert5,1,1,True,validated,0
b296d479-1ed7-41b9-9673-b58e6f9fcfda,prca04,likert5,2,4,True,validated,1
b296d479-1ed7-41b9-9673-b58e6f9fcfda,prca05,likert5,5,5,True,validated,0
b296d479-1ed7-41b9-9673-b58e6f9fcfda,prca06,likert5,5,1,True,validated,1
b296d479-1ed7-41b9-9673-b58e6f9fcfda,prca13,likert5,4,4,True,validated,0
b296d479-1ed7-41b9-9673-b58e6f9fcfda,prca14,likert5,5) strongly agree,5,True,recode,1
b296d479-1ed7-41b9-9673-b58e6f9fcfda,prca15,likert5,3,3,True,validated,0
b296d479-1ed7-41b9-9673-b58e6f9fcfda,prca16,likert5,5,1,True,validated,1
b296d479-1ed7-41b9-9673-b58e6f9fcfda,prca17,likert5,5) strongly agree,1,True,recode,1
b296d479-1ed7-41b9-9673-b58e6f9fcfda,prca18,likert5,3,3,True,validated,0
8908c3a6-0a3f-4662-bad8-8bf2de85e868,prca01,likert5,4,4,True,validated,0
8908c3a6-0a3f-4662-bad8-8bf2de85e868,prca02,likert5,4,2,True,validated,1
8908c3a6-0a3f-4662-bad8-8bf2de85e868,prca03,likert5,3,3,True,validated,0
8908c3a6-0a3f-4662-bad8-8bf2de85e868,prca04,likert5,3,3,True,validated,1
8908c3a6-0a3f-4662-bad8-8bf2de85e868,prca05,likert5,3,3,True,validated,0
8908c3a6-0a3f-4662-bad8-8bf2de85e868,prca06,likert5,5,1,True,validated,1
8908c3a6-0a3f-4662-bad8-8bf2de85e868,prca13,likert5,5,5,True,validated,0
8908c3a6-0a3f-4662-bad8-8bf2de85e868,prca14,likert5,5) strongly agree,1,True,recode,1
8908c3a6-0a3f-4662-bad8-8bf2de85e868,prca15,likert5,2,2,True,validated,0
8908c3a6-0a3f-4662-bad8-8bf2de85e868,prca16,likert5,1,5,True,validated,1
8908c3a6-0a3f-4662-bad8-8bf2de85e868,prca17,likert5,3,3,True,validated,1
8908c3a6-0a3f-4662-bad8-8bf2de85e868,prca18,likert5,5,5,True,validated,0
e00244b5-13e8-41bb-8585-cb36ae947508,prca01,likert5,5,5,True,validated,0
e00244b5-13e8-41bb-8585-cb36ae947508,prca02,likert5,3,3,True,validated,1
e00244b5-13e8-41bb-8585-cb36ae947508,prca03,likert5,3,3,True,validated,0
e00244b5-13e8-41bb-8585-cb36ae947508,prca04,likert5,4,2,True,validated,1
e00244b5-13e8-41bb-8585-cb36ae947508,prca05,likert5,3,3,True,validated,0
e00244b5-13e8-41bb-8585-cb36ae947508,prca06,likert5,2,4,True,validated,1
e00244b5-13e8-41bb-8585-cb36ae947508,prca13,likert5,5,5,True,validated,0
e00244b5-13e8-41bb-8585-cb36ae947508,prca14,likert5,2,4,True,validated,1
e00244b5-13e8-41bb-8585-cb36ae947508,prca15,likert5,4,4,True,validated,0
e00244b5-13e8-41bb-8585-cb36ae947508,prca16,likert5,4,2,True,validated,1
e00244b5-13e8-41bb-8585-cb36ae947508,prca17,likert5,4,2,True,validated,1
e00244b5-13e8-41bb-8585-cb36ae947508,prca18,likert5,1,1,True,validated,0
40480c00-fa3f-4f0a-a2ce-bda61497eae3,prca01,likert5,3,3,True,validated,0
40480c00-fa3f-4f0a-a2ce-bda61497eae3,prca02,likert5,3,3,True,validated,1
40480c00-fa3f-4f0a-a2ce-bda61497eae3,prca03,likert5,2,2,True,validated,0
40480c00-fa3f-4f0a-a2ce-bda61497eae3,prca04,likert5,5,1,True,validated,1
40480c00-fa3f-4f0a-a2ce-bda61497eae3,prca05,likert5,2,2,True,validated,0
40480c00-fa3f-4f0a-a2ce-bda61497eae3,prca06,likert5,5,1,True,validated,1
40480c00-fa3f-4f0a-a2ce-bda61497eae3,prca13,likert5,4,4,True,validated,0
40480c00-fa3f-4f0a-a2ce-bda61497eae3,prca14,likert5,3,3,True,validated,1
40480c00-fa3f-4f0a-a2ce-bda61497eae3,prca15,likert5,2,2,True,validated,0
40480c00-fa3f-4f0a-a2ce-bda61497eae3,prca16,likert5,5,1,True,validated,1
40480c00-fa3f-4f0a-a2ce-bda61497eae3,prca17,likert5,1,5,True,validated,1
40480c00-fa3f-4f0a-a2ce-bda61497eae3,prca18,likert5,2,2,True,validated,0
a646fdae-a971-45cb-a2b1-8895fa097a92,prca01,likert5,3,3,True,validated,0
a646fdae-a971-45cb-a2b1-8895fa097a92,prca02,likert5,5,1,True,validated,1
a646fdae-a971-45cb-a2b1-8895fa097a92,prca03,likert5,3,3,True,validated,0
a646fdae-a971-45cb-a2b1-8895fa097a92,prca04,likert5,3,3,True,validated,1
a646fdae-a971-45cb-a2b1-8895fa097a92,prca05,likert5,4,4,True,validated,0
a646fdae-a971-45cb-a2b1-8895fa097a92,prca06,likert5,3,3,True,validated,1
a646fdae-a971-45cb-a2b1-8895fa097a92,prca13,likert5,3,3,True,validated,0
a646fdae-a971-45cb-a2b1-8895fa097a92,prca14,likert5,2,4,True,validated,1
a646fdae-a971-45cb-a2b1-8895fa097a92,prca15,likert5,3,3,True,validated,0
a646fdae-a971-45cb-a2b1-8895fa097a92,prca16,likert5,1,5,True,validated,1
a646fdae-a971-45cb-a2b1-8895fa097a92,prca17,likert5,4,2,True,validated,1
a646fdae-a971-45cb-a2b1-8895fa097a92,prca18,likert5,5,5,True,validated,0
499a4b05-3f06-4850-b3bf-7360b140201b,prca01,likert5,5,5,True,validated,0
499a4b05-3f06-4850-b3bf-7360b140201b,prca02,likert5,4,2,True,validated,1
499a4b05-3f06-4850-b3bf-7360b140201b,prca03,likert5,3,3,True,validated,0
499a4b05-3f06-4850-b3bf-7360b140201b,prca04,likert5,2,4,True,validated,1
499a4b05-3f06-4850-b3bf-7360b140201b,prca05,likert5,3,3,True,validated,0
499a4b05-3f06-4850-b3bf-7360b140201b,prca06,likert5,3,3,True,validated,1
499a4b05-3f06-4850-b3bf-7360b140201b,prca13,likert5,2,2,True,validated,0
499a4b05-3f06-4850-b3bf-7360b140201b,prca14,likert5,4,2,True,validated,1
499a4b05-3f06-4850-b3bf-7360b140201b,prca15,likert5,1,1,True,validated,0
499a4b05-3f06-4850-b3bf-7360b140201b,prca16,likert5,1,5,True,validated,1
499a4b05-3f06-4850-b3bf-7360b140201b,prca17,likert5,2,4,True,validated,1
499a4b05-3f06-4850-b3bf-7360b140201b,prca18,likert5,3,3,True,validated,0
53d03c80-3a5f-44df-ba5e-2fbee39f83e0,prca01,likert5,4,4,True,validated,0
53d03c80-3a5f-44df-ba5e-2fbee39f83e0,prca02,likert5,3,3,True,validated,1
53d03c80-3a5f-44df-ba5e-2fbee39f83e0,prca03,likert5,4,4,True,validated,0
53d03c80-3a5f-44df-ba5e-2fbee39f83e0,prca04,likert5,4,2,True,validated,1
53d03c80-3a5f-44df-ba5e-2fbee39f83e0,prca05,likert5,5,5,True,validated,0
53d03c80-3a5f-44df-ba5e-2fbee39f83e0,prca06,likert5,4,2,True,validated,1
53d03c80-3a5f-44df-ba5e-2fbee39f83e0,prca13,likert5,1,1,True,validated,0
53d03c80-3a5f-44df-ba5e-2fbee39f83e0,prca14,likert5,5,1,True,validated,1
53d03c80-3a5f-44df-ba5e-2fbee39f83e0,prca15,likert5,3,3,True,validated,0
53d03c80-3a5f-44df-ba5e-2fbee39f83e0,prca16,likert5,1,5,True,validated,1
53d03c80-3a5f-44df-ba5e-2fbee39f83e0,prca17,likert5,3,3,True,validated,1
53d03c80-3a5f-44df-ba5e-2fbee39f83e0,prca18,likert5,1,1,True,validated,0
c6217394-b88d-422b-8e4e-21bd44fde092,prca01,likert5,1,1,True,validated,0
c6217394-b88d-422b-8e4e-21bd44fde092,prca02,likert5,5,1,True,validated,1
c6217394-b88d-422b-8e4e-21bd44fde092,prca03,likert5,5,5,True,validated,0
c6217394-b88d-422b-8e4e-21bd44fde092,prca04,likert5,3,3,True,validated,1
c6217394-b88d-422b-8e4e-21bd44fde092,prca05,likert5,3,3,True,validated,0
c6217394-b88d-422b-8e4e-21bd44fde092,prca06,likert5,2,4,True,validated,1
c6217394-b88d-422b-8e4e-21bd44fde092,prca13,likert5,4,4,True,validated,0
c6217394-b88d-422b-8e4e-21bd44fde092,prca14,likert5,4,2,True,validated,1
c6217394-b88d-422b-8e4e-21bd44fde092,prca15,likert5,2,2,True,validated,0
c6217394-b88d-422b-8e4e-21bd44fde092,prca16,likert5,4,2,True,validated,1
c6217394-b88d-422b-8e4e-21bd44fde092,prca17,likert5,4,2,True,validated,1
c6217394-b88d-422b-8e4e-21bd44fde092,prca18,likert5,4,4,True,validated,0
04e096ba-c492-40a2-b98e-c6291faa40ad,prca01,likert5,4,4,True,validated,0
04e096ba-c492-40a2-b98e-c6291faa40ad,prca02,likert5,3,3,True,validated,1
04e096ba-c492-40a2-b98e-c6291faa40ad,prca03,likert5,3,3,True,validated,0
04e096ba-c492-40a2-b98e-c6291faa40ad,prca04,likert5,5) strongly agree,1,True,recode,1
04e096ba-c492-40a2-b98e-c6291faa40ad,prca05,likert5,2,2,True,validated,0
04e096ba-c492-40a2-b98e-c6291faa40ad,prca06,likert5,4,2,True,validated,1
04e096ba-c492-40a2-b98e-c6291faa40ad,prca13,likert5,3,3,True,validated,0
04e096ba-c492-40a2-b98e-c6291faa40ad,prca14,likert5,5) strongly agree,4,True,recode,1
04e096ba-c492-40a2-b98e-c6291faa40ad,prca15,likert5,5,5,True,validated,0
04e096ba-c492-40a2-b98e-c6291faa40ad,prca16,likert5,3,3,True,validated,1
04e096ba-c492-40a2-b98e-c6291faa40ad,prca17,likert5,3,3,True,validated,1
04e096ba-c492-40a2-b98e-c6291faa40ad,prca18,likert5,3,3,True,validated,0
a2d1adf7-3790-41f7-8381-4d18b2933000,prca01,likert5,2,2,True,validated,0
a2d1adf7-3790-41f7-8381-4d18b2933000,prca02,likert5,1,5,True,validated,1
a2d1adf7-3790-41f7-8381-4d18b2933000,prca03,likert5,1,1,True,validated,0
a2d1adf7-3790-41f7-8381-4d18b2933000,prca04,likert5,4,2,True,validated,1
a2d1adf7-3790-41f7-8381-4d18b2933000,prca05,likert5,2,2,True,validated,0
a2d1adf7-3790-41f7-8381-4d18b2933000,prca06,likert5,4,2,True,validated,1
a2d1adf7-3790-41f7-8381-4d18b2933000,prca13,likert5,4,4,True,validated,0
a2d1adf7-3790-41f7-8381-4d18b2933000,prca14,likert5,2,4,True,validated,1
a2d1adf7-3790-41f7-8381-4d18b2933000,prca15,likert5,4,4,True,validated,0
a2d1adf7-3790-41f7-8381-4d18b2933000,prca16,likert5,1,5,True,validated,1
a2d1adf7-3790-41f7-8381-4d18b2933000,prca17,likert5,3,3,True,validated,1
a2d1adf7-3790-41f7-8381-4d18b2933000,prca18,likert5,3,3,True,validated,0
3375d0e2-8b75-4e37-84cc-d9ca10bb4cbf,prca01,likert5,2,2,True,validated,0
3375d0e2-8b75-4e37-84cc-d9ca10bb4cbf,prca02,likert5,2,4,True,validated,1
3375d0e2-8b75-4e37-84cc-d9ca10bb4cbf,prca03,likert5,3,3,True,validated,0
3375d0e2-8b75-4e37-84cc-d9ca10bb4cbf,prca04,likert5,2,4,True,validated,1
3375d0e2-8b75-4e37-84cc-d9ca10bb4cbf,prca05,likert5,2,2,True,validated,0
3375d0e2-8b75-4e37-84cc-d9ca10bb4cbf,prca06,likert5,2,4,True,validated,1
3375d0e2-8b75-4e37-84cc-d9ca10bb4cbf,prca13,likert5,5) strongly agree,3,True,recode,0
3375d0e2-8b75-4e37-84cc-d9ca10bb4cbf,prca14,likert5,4,2,True,validated,1
3375d0e2-8b75-4e37-84cc-d9ca10bb4cbf,prca15,likert5,1,1,True,validated,0
3375d0e2-8b75-4e37-84cc-d9ca10bb4cbf,prca16,likert5,1,5,True,validated,1
3375d0e2-8b75-4e37-84cc-d9ca10bb4cbf,prca17,likert5,5) strongly agree,2,True,recode,1
3375d0e2-8b75-4e37-84cc-d9ca10bb4cbf,prca18,likert5,5) strongly agree,5,True,recode,0
58234688-8d83-4824-b6e6-55cef589918f,prca01,likert5,1,1,True,validated,0
58234688-8d83-4824-b6e6-55cef589918f,prca02,likert5,3,3,True,validated,1
58234688-8d83-4824-b6e6-55cef589918f,prca03,likert5,1,1,True,validated,0
58234688-8d83-4824-b6e6-55cef589918f,prca04,likert5,1,5,True,validated,1
58234688-8d83-4824-b6e6-55cef589918f,prca05,likert5,5,5,True,validated,0
58234688-8d83-4824-b6e6-55cef589918f,prca06,likert5,5,1,True,validated,1
58234688-8d83-4824-b6e6-55cef589918f,prca13,likert5,4,4,True,validated,0
58234688-8d83-4824-b6e6-55cef589918f,prca14,likert5,3,3,True,validated,1
58234688-8d83-4824-b6e6-55cef589918f,prca15,likert5,5,5,True,validated,0
58234688-8d83-4824-b6e6-55cef589918f,prca16,likert5,3,3,True,validated,1
58234688-8d83-4824-b6e6-55cef589918f,prca17,likert5,5,1,True,validated,1
58234688-8d83-4824-b6e6-55cef589918f,prca18,likert5,1,1,True,validated,0
7a921d29-d316-4415-aea6-aa181346a24f,prca01,likert5,5) strongly agree,3,True,recode,0
7a921d29-d316-4415-aea6-aa181346a24f,prca02,likert5,2,4,True,validated,1
7a921d29-d316-4415-aea6-aa181346a24f,prca03,likert5,5,5,True,validated,0
7a921d29-d316-4415-aea6-aa181346a24f,prca04,likert5,4,2,True,validated,1
7a921d29-d316-4415-aea6-aa181346a24f,prca05,likert5,5,5,True,validated,0
7a921d29-d316-4415-aea6-aa181346a24f,prca06,likert5,5,1,True,validated,1
7a921d29-d316-4415-aea6-aa181346a24f,prca13,likert5,4,4,True,validated,0
7a921d29-d316-4415-aea6-aa181346a24f,prca14,likert5,3,3,True,validated,1
7a921d29-d316-4415-aea6-aa181346a24f,prca15,likert5,4,4,True,validated,0
7a921d29-d316-4415-aea6-aa181346a24f,prca16,likert5,5,1,True,validated,1
7a921d29-d316-4415-aea6-aa181346a24f,prca17,likert5,5,1,True,validated,1
7a921d29-d316-4415-aea6-aa181346a24f,prca18,likert5,5) strongly agree,1,True,recode,0
89c5bc3d-91e4-469a-b541-c1e6963731c1,prca01,likert5,3,3,True,validated,0
89c5bc3d-91e4-469a-b541-c1e6963731c1,prca02,likert5,2,4,True,validated,1
89c5bc3d-91e4-469a-b541-c1e6963731c1,prca03,likert5,5,5,True,validated,0
89c5bc3d-91e4-469a-b541-c1e6963731c1,prca04,likert5,4,2,True,validated,1
89c5bc3d-91e4-469a-b541-c1e6963731c1,prca05,likert5,4,4,True,validated,0
89c5bc3d-91e4-469a-b541-c1e6963731c1,prca06,likert5,3,3,True,validated,1
89c5bc3d-91e4-469a-b541-c1e6963731c1,prca13,likert5,5) strongly agree,4,True,recode,0
89c5bc3d-91e4-469a-b541-c1e6963731c1,prca14,likert5,3,3,True,validated,1
89c5bc3d-91e4-469a-b541-c1e6963731c1,prca15,likert5,3,3,True,validated,0
89c5bc3d-91e4-469a-b541-c1e6963731c1,prca16,likert5,5,1,True,validated,1
89c5bc3d-91e4-469a-b541-c1e6963731c1,prca17,likert5,1,5,True,validated,1
89c5bc3d-91e4-469a-b541-c1e6963731c1,prca18,likert5,3,3,True,validated,0
14f87043-c940-419c-8885-50cc7814d29b,prca01,likert5,4,4,True,validated,0
14f87043-c940-419c-8885-50cc7814d29b,prca02,likert5,5,1,True,validated,1
14f87043-c940-419c-8885-50cc7814d29b,prca03,likert5,4,4,True,validated,0
14f87043-c940-419c-8885-50cc7814d29b,prca04,likert5,4,2,True,validated,1
14f87043-c940-419c-8885-50cc7814d29b,prca05,likert5,2,2,True,validated,0
14f87043-c940-419c-8885-50cc7814d29b,prca06,likert5,3,3,True,validated,1
14f87043-c940-419c-8885-50cc7814d29b,prca13,likert5,2,2,True,validated,0
14f87043-c940-419c-8885-50cc7814d29b,prca14,likert5,3,3,True,validated,1
14f87043-c940-419c-8885-50cc7814d29b,prca15,likert5,1,1,True,validated,0
14f87043-c940-419c-8885-50cc7814d29b,prca16,likert5,1,5,True,validated,1
14f87043-c940-419c-8885-50cc7814d29b,prca17,likert5,3,3,True,validated,1
14f87043-c940-419c-8885-50cc7814d29b,prca18,likert5,5,5,True,validated,0
3c166626-8f1f-4572-9348-ab7f1210a6bc,prca01,likert5,4,4,True,validated,0
3c166626-8f1f-4572-9348-ab7f1210a6bc,prca02,likert5,2,4,True,validated,1
3c166626-8f1f-4572-9348-ab7f1210a6bc,prca03,likert5,1,1,True,validated,0
3c166626-8f1f-4572-9348-ab7f1210a6bc,prca04,likert5,2,4,True,validated,1
3c166626-8f1f-4572-9348-ab7f1210a6bc,prca05,likert5,4,4,True,validated,0
3c166626-8f1f-4572-9348-ab7f1210a6bc,prca06,likert5,2,4,True,validated,1
3c166626-8f1f-4572-9348-ab7f1210a6bc,prca13,likert5,2,2,True,validated,0
3c166626-8f1f-4572-9348-ab7f1210a6bc,prca14,likert5,5,1,True,validated,1
3c166626-8f1f-4572-9348-ab7f1210a6bc,prca15,likert5,2,2,True,validated,0
3c166626-8f1f-4572-9348-ab7f1210a6bc,prca16,likert5,3,3,True,validated,1
3c166626-8f1f-4572-9348-ab7f1210a6bc,prca17,likert5,5,1,True,validated,1
3c166626-8f1f-4572-9348-ab7f1210a6bc,prca18,likert5,2,2,True,validated,0
5d9de165-d29c-4ea8-b133-153cb37df22f,prca01,likert5,2,2,True,validated,0
5d9de165-d29c-4ea8-b133-153cb37df22f,prca02,likert5,4,2,True,validated,1
5d9de165-d29c-4ea8-b133-153cb37df22f,prca03,likert5,5) strongly agree,5,True,recode,0
5d9de165-d29c-4ea8-b133-153cb37df22f,prca04,likert5,1,5,True,validated,1
5d9de165-d29c-4ea8-b133-153cb37df22f,prca05,likert5,5,5,True,validated,0
5d9de165-d29c-4ea8-b133-153cb37df22f,prca06,likert5,3,3,True,validated,1
5d9de165-d29c-4ea8-b133-153cb37df22f,prca13,likert5,5,5,True,validated,0
5d9de165-d29c-4ea8-b133-153cb37df22f,prca14,likert5,3,3,True,validated,1
5d9de165-d29c-4ea8-b133-153cb37df22f,prca15,likert5,5,5,True,validated,0
5d9de165-d29c-4ea8-b133-153cb37df22f,prca16,likert5,3,3,True,validated,1
5d9de165-d29c-4ea8-b133-153cb37df22f,prca17,likert5,2,4,True,validated,1
5d9de165-d29c-4ea8-b133-153cb37df22f,prca18,likert5,5) strongly agree,4,True,recode,0
c8411ffd-9bd7-4996-9b71-584f1e845bae,prca01,likert5,3,3,True,validated,0
c8411ffd-9bd7-4996-9b71-584f1e845bae,prca02,likert5,1,5,True,validated,1
c8411ffd-9bd7-4996-9b71-584f1e845bae,prca03,likert5,4,4,True,validated,0
c8411ffd-9bd7-4996-9b71-584f1e845bae,prca04,likert5,5,1,True,validated,1
c8411ffd-9bd7-4996-9b71-584f1e845bae,prca05,likert5,4,4,True,validated,0
c8411ffd-9bd7-4996-9b71-584f1e845bae,prca06,likert5,1,5,True,validated,1
c8411ffd-9bd7-4996-9b71-584f1e845bae,prca13,likert5,5,5,True,validated,0
c8411ffd-9bd7-4996-9b71-584f1e845bae,prca14,likert5,3,3,True,validated,1
c8411ffd-9bd7-4996-9b71-584f1e845bae,prca15,likert5,3,3,True,validated,0
c8411ffd-9bd7-4996-9b71-584f1e845bae,prca16,likert5,4,2,True,validated,1
c8411ffd-9bd7-4996-9b71-584f1e845bae,prca17,likert5,2,4,True,validated,1
c8411ffd-9bd7-4996-9b71-584f1e845bae,prca18,likert5,2,2,True,validated,0
1ae43119-2714-4733-8d11-11afabfa826e,prca01,likert5,5,5,True,validated,0
1ae43119-2714-4733-8d11-11afabfa826e,prca02,likert5,2,4,True,validated,1
1ae43119-2714-4733-8d11-11afabfa826e,prca03,likert5,3,3,True,validated,0
1ae43119-2714-4733-8d11-11afabfa826e,prca04,likert5,1,5,True,validated,1
1ae43119-2714-4733-8d11-11afabfa826e,prca05,likert5,4,4,True,validated,0
1ae43119-2714-4733-8d11-11afabfa826e,prca06,likert5,1,5,True,validated,1
1ae43119-2714-4733-8d11-11afabfa826e,prca13,likert5,2,2,True,validated,0
1ae43119-2714-4733-8d11-11afabfa826e,prca14,likert5,3,3,True,validated,1
1ae43119-2714-4733-8d11-11afabfa826e,prca15,likert5,4,4,True,validated,0
1ae43119-2714-4733-8d11-11afabfa826e,prca16,likert5,4,2,True,validated,1
1ae43119-2714-4733-8d11-11afabfa826e,prca17,likert5,3,3,True,validated,1
1ae43119-2714-4733-8d11-11afabfa826e,prca18,likert5,1,1,True,validated,0
1c26e93a-7782-4e35-a98a-a3f063d717aa,prca01,likert5,5,5,True,validated,0
1c26e93a-7782-4e35-a98a-a3f063d717aa,prca02,likert5,2,4,True,validated,1
1c26e93a-7782-4e35-a98a-a3f063d717aa,prca03,likert5,1,1,True,validated,0
1c26e93a-7782-4e35-a98a-a3f063d717aa,prca04,likert5,3,3,True,validated,1
1c26e93a-7782-4e35-a98a-a3f063d717aa,prca05,likert5,3,3,True,validated,0
1c26e93a-7782-4e35-a98a-a3f063d717aa,prca06,likert5,4,2,True,validated,1
1c26e93a-7782-4e35-a98a-a3f063d717aa,prca13,likert5,2,2,True,validated,0
1c26e93a-7782-4e35-a98a-a3f063d717aa,prca14,likert5,1,5,True,validated,1
1c26e93a-7782-4e35-a98a-a3f063d717aa,prca15,likert5,3,3,True,validated,0
1c26e93a-7782-4e35-a98a-a3f063d717aa,prca16,likert5,1,5,True,validated,1
1c26e93a-7782-4e35-a98a-a3f063d717aa,prca17,likert5,3,3,True,validated,1
1c26e93a-7782-4e35-a98a-a3f063d717aa,prca18,likert5,4,4,True,validated,0
01610800-d04e-4107-8768-c958d0df802c,prca01,likert5,3,3,True,validated,0
01610800-d04e-4107-8768-c958d0df802c,prca02,likert5,4,2,True,validated,1
01610800-d04e-4107-8768-c958d0df802c,prca03,likert5,2,2,True,validated,0
01610800-d04e-4107-8768-c958d0df802c,prca04,likert5,5,1,True,validated,1
01610800-d04e-4107-8768-c958d0df802c,prca05,likert5,3,3,True,validated,0
01610800-d04e-4107-8768-c958d0df802c,prca06,likert5,2,4,True,validated,1
01610800-d04e-4107-8768-c958d0df802c,prca13,likert5,4,4,True,validated,0
01610800-d04e-4107-8768-c958d0df802c,prca14,likert5,4,2,True,validated,1
01610800-d04e-4107-8768-c958d0df802c,prca15,likert5,1,1,True,validated,0
01610800-d04e-4107-8768-c958d0df802c,prca16,likert5,1,5,True,validated,1
01610800-d04e-4107-8768-c958d0df802c,prca17,likert5,4,2,True,validated,1
01610800-d04e-4107-8768-c958d0df802c,prca18,likert5,5,5,True,validated,0
3098e08b-d077-47bb-9cdd-8af29d24ef44,prca01,likert5,1,1,True,validated,0
3098e08b-d077-47bb-9cdd-8af29d24ef44,prca02,likert5,1,5,True,validated,1
3098e08b-d077-47bb-9cdd-8af29d24ef44,prca03,likert5,3,3,True,validated,0
3098e08b-d077-47bb-9cdd-8af29d24ef44,prca04,likert5,2,4,True,validated,1
3098e08b-d077-47bb-9cdd-8af29d24ef44,prca05,likert5,3,3,True,validated,0
3098e08b-d077-47bb-9cdd-8af29d24ef44,prca06,likert5,1,5,True,validated,1
3098e08b-d077-47bb-9cdd-8af29d24ef44,prca13,likert5,2,2,True,validated,0
3098e08b-d077-47bb-9cdd-8af29d24ef44,prca14,likert5,5,1,True,validated,1
3098e08b-d077-47bb-9cdd-8af29d24ef44,prca15,likert5,1,1,True,validated,0
3098e08b-d077-47bb-9cdd-8af29d24ef44,prca16,likert5,1,5,True,validated,1
3098e08b-d077-47bb-9cdd-8af29d24ef44,prca17,likert5,2,4,True,validated,1
3098e08b-d077-47bb-9cdd-8af29d24ef44,prca18,likert5,4,4,True,validated,0
5f5255f7-9e0a-4336-a1ba-09b7e2d2e9e4,prca01,likert5,4,4,True,validated,0
5f5255f7-9e0a-4336-a1ba-09b7e2d2e9e4,prca02,likert5,1,5,True,validated,1
5f5255f7-9e0a-4336-a1ba-09b7e2d2e9e4,prca03,likert5,5,5,True,validated,0
5f5255f7-9e0a-4336-a1ba-09b7e2d2e9e4,prca04,likert5,1,5,True,validated,1
5f5255f7-9e0a-4336-a1ba-09b7e2d2e9e4,prca05,likert5,5,5,True,validated,0
5f5255f7-9e0a-4336-a1ba-09b7e2d2e9e4,prca06,likert5,5) strongly agree,1,True,recode,1
5f5255f7-9e0a-4336-a1ba-09b7e2d2e9e4,prca13,likert5,4,4,True,validated,0
5f5255f7-9e0a-4336-a1ba-09b7e2d2e9e4,prca14,likert5,5,1,True,validated,1
5f5255f7-9e0a-4336-a1ba-09b7e2d2e9e4,prca15,likert5,4,4,True,validated,0
5f5255f7-9e0a-4336-a1ba-09b7e2d2e9e4,prca16,likert5,5,1,True,validated,1
5f5255f7-9e0a-4336-a1ba-09b7e2d2e9e4,prca17,likert5,5,1,True,validated,1
5f5255f7-9e0a-4336-a1ba-09b7e2d2e9e4,prca18,likert5,2,2,True,validated,0
2c81e585-b6c3-4e7c-a15a-43c3be7ab21d,prca01,likert5,4,4,True,validated,0
2c81e585-b6c3-4e7c-a15a-43c3be7ab21d,prca02,likert5,4,2,True,validated,1
2c81e585-b6c3-4e7c-a15a-43c3be7ab21d,prca03,likert5,4,4,True,validated,0
2c81e585-b6c3-4e7c-a15a-43c3be7ab21d,prca04,likert5,2,4,True,validated,1
2c81e585-b6c3-4e7c-a15a-43c3be7ab21d,prca05,likert5,4,4,True,validated,0
2c81e585-b6c3-4e7c-a15a-43c3be7ab21d,prca06,likert5,1,5,True,validated,1
2c81e585-b6c3-4e7c-a15a-43c3be7ab21d,prca13,likert5,2,2,True,validated,0
2c81e585-b6c3-4e7c-a15a-43c3be7ab21d,prca14,likert5,3,3,True,validated,1
2c81e585-b6c3-4e7c-a15a-43c3be7ab21d,prca15,likert5,4,4,True,validated,0
2c81e585-b6c3-4e7c-a15a-43c3be7ab21d,prca16,likert5,2,4,True,validated,1
2c81e585-b6c3-4e7c-a15a-43c3be7ab21d,prca17,likert5,5,1,True,validated,1
2c81e585-b6c3-4e7c-a15a-43c3be7ab21d,prca18,likert5,3,3,True,validated,0
86e1285e-6b19-4795-a281-6a0b1a0f23f1,prca01,likert5,1,1,True,validated,0
86e1285e-6b19-4795-a281-6a0b1a0f23f1,prca02,likert5,1,5,True,validated,1
86e1285e-6b19-4795-a281-6a0b1a0f23f1,prca03,likert5,5,5,True,validated,0
86e1285e-6b19-4795-a281-6a0b1a0f23f1,prca04,likert5,3,3,True,validated,1
86e1285e-6b19-4795-a281-6a0b1a0f23f1,prca05,likert5,3,3,True,validated,0
86e1285e-6b19-4795-a281-6a0b1a0f23f1,prca06,likert5,4,2,True,validated,1
86e1285e-6b19-4795-a281-6a0b1a0f23f1,prca13,likert5,3,3,True,validated,0
86e1285e-6b19-4795-a281-6a0b1a0f23f1,prca14,likert5,3,3,True,validated,1
86e1285e-6b19-4795-a281-6a0b1a0f23f1,prca15,likert5,3,3,True,validated,0
86e1285e-6b19-4795-a281-6a0b1a0f23f1,prca16,likert5,4,2,True,validated,1
86e1285e-6b19-4795-a281-6a0b1a0f23f1,prca17,likert5,4,2,True,validated,1
86e1285e-6b19-4795-a281-6a0b1a0f23f1,prca18,likert5,3,3,True,validated,0
3896c0ba-adb0-4002-a767-66e14b4b690e,prca01,likert5,5,5,True,validated,0
3896c0ba-adb0-4002-a767-66e14b4b690e,prca02,likert5,4,2,True,validated,1
3896c0ba-adb0-4002-a767-66e14b4b690e,prca03,likert5,5,5,True,validated,0
3896c0ba-adb0-4002-a767-66e14b4b690e,prca04,likert5,2,4,True,validated,1
3896c0ba-adb0-4002-a767-66e14b4b690e,prca05,likert5,2,2,True,validated,0
3896c0ba-adb0-4002-a767-66e14b4b690e,prca06,likert5,2,4,True,validated,1
3896c0ba-adb0-4002-a767-66e14b4b690e,prca13,likert5,3,3,True,validated,0
3896c0ba-adb0-4002-a767-66e14b4b690e,prca14,likert5,4,2,True,validated,1
3896c0ba-adb0-4002-a767-66e14b4b690e,prca15,likert5,4,4,True,validated,0
3896c0ba-adb0-4002-a767-66e14b4b690e,prca16,likert5,5,1,True,validated,1
3896c0ba-adb0-4002-a767-66e14b4b690e,prca17,likert5,3,3,True,validated,1
3896c0ba-adb0-4002-a767-66e14b4b690e,prca18,likert5,3,3,True,validated,0
ec2e68ac-343b-462b-a5af-0c53e96453c7,prca01,likert5,5,5,True,validated,0
ec2e68ac-343b-462b-a5af-0c53e96453c7,prca02,likert5,4,2,True,validated,1
ec2e68ac-343b-462b-a5af-0c53e96453c7,prca03,likert5,2,2,True,validated,0
ec2e68ac-343b-462b-a5af-0c53e96453c7,prca04,likert5,5,1,True,validated,1
ec2e68ac-343b-462b-a5af-0c53e96453c7,prca05,likert5,3,3,True,validated,0
ec2e68ac-343b-462b-a5af-0c53e96453c7,prca06,likert5,4,2,True,validated,1
ec2e68ac-343b-462b-a5af-0c53e96453c7,prca13,likert5,3,3,True,validated,0
ec2e68ac-343b-462b-a5af-0c53e96453c7,prca14,likert5,3,3,True,validated,1
ec2e68ac-343b-462b-a5af-0c53e96453c7,prca15,likert5,2,2,True,validated,0
ec2e68ac-343b-462b-a5af-0c53e96453c7,prca16,likert5,5,1,True,validated,1
ec2e68ac-343b-462b-a5af-0c53e96453c7,prca17,likert5,3,3,True,validated,1
ec2e68ac-343b-462b-a5af-0c53e96453c7,prca18,likert5,5,5,True,validated,0
cab12ae3-bd49-48b7-a21d-7ab53ebe92ce,prca01,likert5,1,1,True,validated,0
cab12ae3-bd49-48b7-a21d-7ab53ebe92ce,prca02,likert5,4,2,True,validated,1
cab12ae3-bd49-48b7-a21d-7ab53ebe92ce,prca03,likert5,1,1,True,validated,0
cab12ae3-bd49-48b7-a21d-7ab53ebe92ce,prca04,likert5,2,4,True,validated,1
cab12ae3-bd49-48b7-a21d-7ab53ebe92ce,prca05,likert5,2,2,True,validated,0
cab12ae3-bd49-48b7-a21d-7ab53ebe92ce,prca06,likert5,2,4,True,validated,1
cab12ae3-bd49-48b7-a21d-7ab53ebe92ce,prca13,likert5,3,3,True,validated,0
cab12ae3-bd49-48b7-a21d-7ab53ebe92ce,prca14,likert5,4,2,True,validated,1
cab12ae3-bd49-48b7-a21d-7ab53ebe92ce,prca15,likert5,1,1,True,validated,0
cab12ae3-bd49-48b7-a21d-7ab53ebe92ce,prca16,likert5,3,3,True,validated,1
cab12ae3-bd49-48b7-a21d-7ab53ebe92ce,prca17,likert5,2,4,True,validated,1
cab12ae3-bd49-48b7-a21d-7ab53ebe92ce,prca18,likert5,1) strongly disagree,1,True,recode,0
0096752e-a0d5-4e9e-a2d0-d6de05bd2a36,prca01,likert5,4,4,True,validated,0
0096752e-a0d5-4e9e-a2d0-d6de05bd2a36,prca02,likert5,1,5,True,validated,1
0096752e-a0d5-4e9e-a2d0-d6de05bd2a36,prca03,likert5,3,3,True,validated,0
0096752e-a0d5-4e9e-a2d0-d6de05bd2a36,prca04,likert5,4,2,True,validated,1
0096752e-a0d5-4e9e-a2d0-d6de05bd2a36,prca05,likert5,5,5,True,validated,0
0096752e-a0d5-4e9e-a2d0-d6de05bd2a36,prca06,likert5,2,4,True,validated,1
0096752e-a0d5-4e9e-a2d0-d6de05bd2a36,prca13,likert5,1,1,True,validated,0
0096752e-a0d5-4e9e-a2d0-d6de05bd2a36,prca14,likert5,4,2,True,validated,1
0096752e-a0d5-4e9e-a2d0-d6de05bd2a36,prca15,likert5,5,5,True,validated,0
0096752e-a0d5-4e9e-a2d0-d6de05bd2a36,prca16,likert5,3,3,True,validated,1
0096752e-a0d5-4e9e-a2d0-d6de05bd2a36,prca17,likert5,5,1,True,validated,1
0096752e-a0d5-4e9e-a2d0-d6de05bd2a36,prca18,likert5,4,4,True,validated,0
0e2989fc-9703-43d5-bc50-44ff436493f5,prca01,likert5,3,3,True,validated,0
0e2989fc-9703-43d5-bc50-44ff436493f5,prca02,likert5,2,4,True,validated,1
0e2989fc-9703-43d5-bc50-44ff436493f5,prca03,likert5,3,3,True,validated,0
0e2989fc-9703-43d5-bc50-44ff436493f5,prca04,likert5,4,2,True,validated,1
0e2989fc-9703-43d5-bc50-44ff436493f5,prca05,likert5,1,1,True,validated,0
0e2989fc-9703-43d5-bc50-44ff436493f5,prca06,likert5,5,1,True,validated,1
0e2989fc-9703-43d5-bc50-44ff436493f5,prca13,likert5,2,2,True,validated,0
0e2989fc-9703-43d5-bc50-44ff436493f5,prca14,likert5,1,5,True,validated,1
0e2989fc-9703-43d5-bc50-44ff436493f5,prca15,likert5,3,3,True,validated,0
0e2989fc-9703-43d5-bc50-44ff436493f5,prca16,likert5,4,2,True,validated,1
0e2989fc-9703-43d5-bc50-44ff436493f5,prca17,likert5,1,5,True,validated,1
0e2989fc-9703-43d5-bc50-44ff436493f5,prca18,likert5,2,2,True,validated,0
2de93fc0-40bb-4165-92b5-befa8ea6f795,prca01,likert5,3,3,True,validated,0
2de93fc0-40bb-4165-92b5-befa8ea6f795,prca02,likert5,3,3,True,validated,1
2de93fc0-40bb-4165-92b5-befa8ea6f795,prca03,likert5,5,5,True,validated,0
2de93fc0-40bb-4165-92b5-befa8ea6f795,prca04,likert5,3,3,True,validated,1
2de93fc0-40bb-4165-92b5-befa8ea6f795,prca05,likert5,1,1,True,validated,0
2de93fc0-40bb-4165-92b5-befa8ea6f795,prca06,likert5,1,5,True,validated,1
2de93fc0-40bb-4165-92b5-befa8ea6f795,prca13,likert5,4,4,True,validated,0
2de93fc0-40bb-4165-92b5-befa8ea6f795,prca14,likert5,3,3,True,validated,1
2de93fc0-40bb-4165-92b5-befa8ea6f795,prca15,likert5,1,1,True,validated,0
2de93fc0-40bb-4165-92b5-befa8ea6f795,prca16,likert5,4,2,True,validated,1
2de93fc0-40bb-4165-92b5-befa8ea6f795,prca17,likert5,3,3,True,validated,1
2de93fc0-40bb-4165-92b5-befa8ea6f795,prca18,likert5,5,5,True,validated,0
d5a25891-7a61-4a8c-8318-9330b4ceaa26,prca01,likert5,3,3,True,validated,0
d5a25891-7a61-4a8c-8318-9330b4ceaa26,prca02,likert5,1,5,True,validated,1
d5a25891-7a61-4a8c-8318-9330b4ceaa26,prca03,likert5,4,4,True,validated,0
d5a25891-7a61-4a8c-8318-9330b4ceaa26,prca04,likert5,2,4,True,validated,1
d5a25891-7a61-4a8c-8318-9330b4ceaa26,prca05,likert5,4,4,True,validated,0
d5a25891-7a61-4a8c-8318-9330b4ceaa26,prca06,likert5,4,2,True,validated,1
d5a25891-7a61-4a8c-8318-9330b4ceaa26,prca13,likert5,4,4,True,validated,0
d5a25891-7a61-4a8c-8318-9330b4ceaa26,prca14,likert5,5) strongly agree,1,True,recode,1
d5a25891-7a61-4a8c-8318-9330b4ceaa26,prca15,likert5,2,2,True,validated,0
d5a25891-7a61-4a8c-8318-9330b4ceaa26,prca16,likert5,4,2,True,validated,1
d5a25891-7a61-4a8c-8318-9330b4ceaa26,prca17,likert5,1,5,True,validated,1
d5a25891-7a61-4a8c-8318-9330b4ceaa26,prca18,likert5,3,3,True,validated,0
9ac6b311-219f-44c5-ba7f-167164422a18,prca01,likert5,2,2,True,validated,0
9ac6b311-219f-44c5-ba7f-167164422a18,prca02,likert5,5,1,True,validated,1
9ac6b311-219f-44c5-ba7f-167164422a18,prca03,likert5,1,1,True,validated,0
9ac6b311-219f-44c5-ba7f-167164422a18,prca04,likert5,4,2,True,validated,1
9ac6b311-219f-44c5-ba7f-167164422a18,prca05,likert5,4,4,True,validated,0
9ac6b311-219f-44c5-ba7f-167164422a18,prca06,likert5,1,5,True,validated,1
9ac6b311-219f-44c5-ba7f-167164422a18,prca13,likert5,5,5,True,validated,0
9ac6b311-219f-44c5-ba7f-167164422a18,prca14,likert5,1,5,True,validated,1
9ac6b311-219f-44c5-ba7f-167164422a18,prca15,likert5,2,2,True,validated,0
9ac6b311-219f-44c5-ba7f-167164422a18,prca16,likert5,5,1,True,validated,1
9ac6b311-219f-44c5-ba7f-167164422a18,prca17,likert5,5,1,True,validated,1
9ac6b311-219f-44c5-ba7f-167164422a18,prca18,likert5,5,5,True,validated,0
99e5f844-3efb-4146-a554-2438048609c4,prca01,likert5,3,3,True,validated,0
99e5f844-3efb-4146-a554-2438048609c4,prca02,likert5,3,3,True,validated,1
99e5f844-3efb-4146-a554-2438048609c4,prca03,likert5,3,3,True,validated,0
99e5f844-3efb-4146-a554-2438048609c4,prca04,likert5,4,2,True,validated,1
99e5f844-3efb-4146-a554-2438048609c4,prca05,likert5,5) strongly agree,5,True,recode,0
99e5f844-3efb-4146-a554-2438048609c4,prca06,likert5,5,1,True,validated,1
99e5f844-3efb-4146-a554-2438048609c4,prca13,likert5,5,5,True,validated,0
99e5f844-3efb-4146-a554-2438048609c4,prca14,likert5,4,2,True,validated,1
99e5f844-3efb-4146-a554-2438048609c4,prca15,likert5,5,5,True,validated,0
99e5f844-3efb-4146-a554-2438048609c4,prca16,likert5,2,4,True,validated,1
99e5f844-3efb-4146-a554-2438048609c4,prca17,likert5,3,3,True,validated,1
99e5f844-3efb-4146-a554-2438048609c4,prca18,likert5,3,3,True,validated,0
65a436dd-3ec6-4f62-bd88-a5f60237fb70,prca01,likert5,3,3,True,validated,0
65a436dd-3ec6-4f62-bd88-a5f60237fb70,prca02,likert5,3,3,True,validated,1
65a436dd-3ec6-4f62-bd88-a5f60237fb70,prca03,likert5,1,1,True,validated,0
65a436dd-3ec6-4f62-bd88-a5f60237fb70,prca04,likert5,4,2,True,validated,1
65a436dd-3ec6-4f62-bd88-a5f60237fb70,prca05,likert5,5,5,True,validated,0
65a436dd-3ec6-4f62-bd88-a5f60237fb70,prca06,likert5,2,4,True,validated,1
65a436dd-3ec6-4f62-bd88-a5f60237fb70,prca13,likert5,5) strongly agree,5,True,recode,0
65a436dd-3ec6-4f62-bd88-a5f60237fb70,prca14,likert5,3,3,True,validated,1
65a436dd-3ec6-4f62-bd88-a5f60237fb70,prca15,likert5,3,3,True,validated,0
65a436dd-3ec6-4f62-bd88-a5f60237fb70,prca16,likert5,5) strongly agree,2,True,recode,1
65a436dd-3ec6-4f62-bd88-a5f60237fb70,prca17,likert5,2,4,True,validated,1
65a436dd-3ec6-4f62-bd88-a5f60237fb70,prca18,likert5,4,4,True,validated,0
86061da3-7e5c-4844-a007-45e7dff68b51,prca01,likert5,1,1,True,validated,0
86061da3-7e5c-4844-a007-45e7dff68b51,prca02,likert5,4,2,True,validated,1
86061da3-7e5c-4844-a007-45e7dff68b51,prca03,likert5,5,5,True,validated,0
86061da3-7e5c-4844-a007-45e7dff68b51,prca04,likert5,1,5,True,validated,1
86061da3-7e5c-4844-a007-45e7dff68b51,prca05,likert5,1,1,True,validated,0
86061da3-7e5c-4844-a007-45e7dff68b51,prca06,likert5,2,4,True,validated,1
86061da3-7e5c-4844-a007-45e7dff68b51,prca13,likert5,5,5,True,validated,0
86061da3-7e5c-4844-a007-45e7dff68b51,prca14,likert5,2,4,True,validated,1
86061da3-7e5c-4844-a007-45e7dff68b51,prca15,likert5,4,4,True,validated,0
86061da3-7e5c-4844-a007-45e7dff68b51,prca16,likert5,4,2,True,validated,1
86061da3-7e5c-4844-a007-45e7dff68b51,prca17,likert5,4,2,True,validated,1
86061da3-7e5c-4844-a007-45e7dff68b51,prca18,likert5,4,4,True,validated,0
5db5addd-c5ed-410d-9224-0759a7454a4e,prca01,likert5,2,2,True,validated,0
5db5addd-c5ed-410d-9224-0759a7454a4e,prca02,likert5,1,5,True,validated,1
5db5addd-c5ed-410d-9224-0759a7454a4e,prca03,likert5,4,4,True,validated,0
5db5addd-c5ed-410d-9224-0759a7454a4e,prca04,likert5,5) strongly agree,1,True,recode,1
5db5addd-c5ed-410d-9224-0759a7454a4e,prca05,likert5,3,3,True,validated,0
5db5addd-c5ed-410d-9224-0759a7454a4e,prca06,likert5,2,4,True,validated,1
5db5addd-c5ed-410d-9224-0759a7454a4e,prca13,likert5,5) strongly agree,5,True,recode,0
5db5addd-c5ed-410d-9224-0759a7454a4e,prca14,likert5,3,3,True,validated,1
5db5addd-c5ed-410d-9224-0759a7454a4e,prca15,likert5,2,2,True,validated,0
5db5addd-c5ed-410d-9224-0759a7454a4e,prca16,likert5,2,4,True,validated,1
5db5addd-c5ed-410d-9224-0759a7454a4e,prca17,likert5,4,2,True,validated,1
5db5addd-c5ed-410d-9224-0759a7454a4e,prca18,likert5,2,2,True,validated,0
0ea85e7e-3ccf-4fbc-857f-026011521b2a,prca01,likert5,5,5,True,validated,0
0ea85e7e-3ccf-4fbc-857f-026011521b2a,prca02,likert5,3,3,True,validated,1
0ea85e7e-3ccf-4fbc-857f-026011521b2a,prca03,likert5,3,3,True,validated,0
0ea85e7e-3ccf-4fbc-857f-026011521b2a,prca04,likert5,5,1,True,validated,1
0ea85e7e-3ccf-4fbc-857f-026011521b2a,prca05,likert5,1,1,True,validated,0
0ea85e7e-3ccf-4fbc-857f-026011521b2a,prca06,likert5,3,3,True,validated,1
0ea85e7e-3ccf-4fbc-857f-026011521b2a,prca13,likert5,3,3,True,validated,0
0ea85e7e-3ccf-4fbc-857f-026011521b2a,prca14,likert5,5,1,True,validated,1
0ea85e7e-3ccf-4fbc-857f-026011521b2a,prca15,likert5,4,4,True,validated,0
0ea85e7e-3ccf-4fbc-857f-026011521b2a,prca16,likert5,2,4,True,validated,1
0ea85e7e-3ccf-4fbc-857f-026011521b2a,prca17,likert5,5,1,True,validated,1
0ea85e7e-3ccf-4fbc-857f-026011521b2a,prca18,likert5,4,4,True,validated,0
1b6795c2-3b7c-4540-9a31-27957d56cf81,prca01,likert5,5,5,True,validated,0
1b6795c2-3b7c-4540-9a31-27957d56cf81,prca02,likert5,5,1,True,validated,1
1b6795c2-3b7c-4540-9a31-27957d56cf81,prca03,likert5,4,4,True,validated,0
1b6795c2-3b7c-4540-9a31-27957d56cf81,prca04,likert5,2,4,True,validated,1
1b6795c2-3b7c-4540-9a31-27957d56cf81,prca05,likert5,4,4,True,validated,0
1b6795c2-3b7c-4540-9a31-27957d56cf81,prca06,likert5,5,1,True,validated,1
1b6795c2-3b7c-4540-9a31-27957d56cf81,prca13,likert5,1,1,True,validated,0
1b6795c2-3b7c-4540-9a31-27957d56cf81,prca14,likert5,4,2,True,validated,1
1b6795c2-3b7c-4540-9a31-27957d56cf81,prca15,likert5,1,1,True,validated,0
1b6795c2-3b7c-4540-9a31-27957d56cf81,prca16,likert5,4,2,True,validated,1
1b6795c2-3b7c-4540-9a31-27957d56cf81,prca17,likert5,5) strongly agree,3,True,recode,1
1b6795c2-3b7c-4540-9a31-27957d56cf81,prca18,likert5,3,3,True,validated,0
0d540a91-793a-4f79-a021-b72fc1aa313d,prca01,likert5,2,2,True,validated,0
0d540a91-793a-4f79-a021-b72fc1aa313d,prca02,likert5,1,5,True,validated,1
0d540a91-793a-4f79-a021-b72fc1aa313d,prca03,likert5,2,2,True,validated,0
0d540a91-793a-4f79-a021-b72fc1aa313d,prca04,likert5,4,2,True,validated,1
0d540a91-793a-4f79-a021-b72fc1aa313d,prca05,likert5,4,4,True,validated,0
0d540a91-793a-4f79-a021-b72fc1aa313d,prca06,likert5,5,1,True,validated,1
0d540a91-793a-4f79-a021-b72fc1aa313d,prca13,likert5,3,3,True,validated,0
0d540a91-793a-4f79-a021-b72fc1aa313d,prca14,likert5,5,1,True,validated,1
0d540a91-793a-4f79-a021-b72fc1aa313d,prca15,likert5,1,1,True,validated,0
0d540a91-793a-4f79-a021-b72fc1aa313d,prca16,likert5,2,4,True,validated,1
0d540a91-793a-4f79-a021-b72fc1aa313d,prca17,likert5,3,3,True,validated,1
0d540a91-793a-4f79-a021-b72fc1aa313d,prca18,likert5,5,5,True,validated,0
8df9a3fc-2f74-46bb-95ec-eba03bc9f9ac,prca01,likert5,4,4,True,validated,0
8df9a3fc-2f74-46bb-95ec-eba03bc9f9ac,prca02,likert5,2,4,True,validated,1
8df9a3fc-2f74-46bb-95ec-eba03bc9f9ac,prca03,likert5,5,5,True,validated,0
8df9a3fc-2f74-46bb-95ec-eba03bc9f9ac,prca04,likert5,2,4,True,validated,1
8df9a3fc-2f74-46bb-95ec-eba03bc9f9ac,prca05,likert5,5) strongly agree,4,True,recode,0
8df9a3fc-2f74-46bb-95ec-eba03bc9f9ac,prca06,likert5,4,2,True,validated,1
8df9a3fc-2f74-46bb-95ec-eba03bc9f9ac,prca13,likert5,3,3,True,validated,0
8df9a3fc-2f74-46bb-95ec-eba03bc9f9ac,prca14,likert5,1,5,True,validated,1
8df9a3fc-2f74-46bb-95ec-eba03bc9f9ac,prca15,likert5,4,4,True,validated,0
8df9a3fc-2f74-46bb-95ec-eba03bc9f9ac,prca16,likert5,5,1,True,validated,1
8df9a3fc-2f74-46bb-95ec-eba03bc9f9ac,prca17,likert5,1,5,True,validated,1
8df9a3fc-2f74-46bb-95ec-eba03bc9f9ac,prca18,likert5,3,3,True,validated,0
dffebdf5-512b-4831-bd01-b2e5419488ab,prca01,likert5,3,3,True,validated,0
dffebdf5-512b-4831-bd01-b2e5419488ab,prca02,likert5,3,3,True,validated,1
dffebdf5-512b-4831-bd01-b2e5419488ab,prca03,likert5,2,2,True,validated,0
dffebdf5-512b-4831-bd01-b2e5419488ab,prca04,likert5,3,3,True,validated,1
dffebdf5-512b-4831-bd01-b2e5419488ab,prca05,likert5,4,4,True,validated,0
dffebdf5-512b-4831-bd01-b2e5419488ab,prca06,likert5,5) strongly agree,1,True,recode,1
dffebdf5-512b-4831-bd01-b2e5419488ab,prca13,likert5,1,1,True,validated,0
dffebdf5-512b-4831-bd01-b2e5419488ab,prca14,likert5,4,2,True,validated,1
dffebdf5-512b-4831-bd01-b2e5419488ab,prca15,likert5,1,1,True,validated,0
dffebdf5-512b-4831-bd01-b2e5419488ab,prca16,likert5,3,3,True,validated,1
dffebdf5-512b-4831-bd01-b2e5419488ab,prca17,likert5,5,1,True,validated,1
dffebdf5-512b-4831-bd01-b2e5419488ab,prca18,likert5,3,3,True,validated,0
6339913c-c232-49ba-ba4e-6b22e3b1facd,prca01,likert5,2,2,True,validated,0
6339913c-c232-49ba-ba4e-6b22e3b1facd,prca02,likert5,5,1,True,validated,1
6339913c-c232-49ba-ba4e-6b22e3b1facd,prca03,likert5,4,4,True,validated,0
6339913c-c232-49ba-ba4e-6b22e3b1facd,prca04,likert5,4,2,True,validated,1
6339913c-c232-49ba-ba4e-6b22e3b1facd,prca05,likert5,1,1,True,validated,0
6339913c-c232-49ba-ba4e-6b22e3b1facd,prca06,likert5,3,3,True,validated,1
6339913c-c232-49ba-ba4e-6b22e3b1facd,prca13,likert5,2,2,True,validated,0
6339913c-c232-49ba-ba4e-6b22e3b1facd,prca14,likert5,4,2,True,validated,1
6339913c-c232-49ba-ba4e-6b22e3b1facd,prca15,likert5,5,5,True,validated,0
6339913c-c232-49ba-ba4e-6b22e3b1facd,prca16,likert5,1,5,True,validated,1
6339913c-c232-49ba-ba4e-6b22e3b1facd,prca17,likert5,5,1,True,validated,1
6339913c-c232-49ba-ba4e-6b22e3b1facd,prca18,likert5,3,3,True,validated,0
4dcd4533-3414-4996-b6bb-017e2b5be70b,prca01,likert5,1,1,True,validated,0
4dcd4533-3414-4996-b6bb-017e2b5be70b,prca02,likert5,3,3,True,validated,1
4dcd4533-3414-4996-b6bb-017e2b5be70b,prca03,likert5,4,4,True,validated,0
4dcd4533-3414-4996-b6bb-017e2b5be70b,prca04,likert5,4,2,True,validated,1
4dcd4533-3414-4996-b6bb-017e2b5be70b,prca05,likert5,4,4,True,validated,0
4dcd4533-3414-4996-b6bb-017e2b5be70b,prca06,likert5,5,1,True,validated,1
4dcd4533-3414-4996-b6bb-017e2b5be70b,prca13,likert5,1,1,True,validated,0
4dcd4533-3414-4996-b6bb-017e2b5be70b,prca14,likert5,4,2,True,validated,1
4dcd4533-3414-4996-b6bb-017e2b5be70b,prca15,likert5,4,4,True,validated,0
4dcd4533-3414-4996-b6bb-017e2b5be70b,prca16,likert5,4,2,True,validated,1
4dcd4533-3414-4996-b6bb-017e2b5be70b,prca17,likert5,1,5,True,validated,1
4dcd4533-3414-4996-b6bb-017e2b5be70b,prca18,likert5,4,4,True,validated,0
11cf766c-99d5-4dc8-bf1b-ef660127079f,prca01,likert5,4,4,True,validated,0
11cf766c-99d5-4dc8-bf1b-ef660127079f,prca02,likert5,5,1,True,validated,1
11cf766c-99d5-4dc8-bf1b-ef660127079f,prca03,likert5,2,2,True,validated,0
11cf766c-99d5-4dc8-bf1b-ef660127079f,prca04,likert5,3,3,True,validated,1
11cf766c-99d5-4dc8-bf1b-ef660127079f,prca05,likert5,2,2,True,validated,0
11cf766c-99d5-4dc8-bf1b-ef660127079f,prca06,likert5,5,1,True,validated,1
11cf766c-99d5-4dc8-bf1b-ef660127079f,prca13,likert5,3,3,True,validated,0
11cf766c-99d5-4dc8-bf1b-ef660127079f,prca14,likert5,5,1,True,validated,1
11cf766c-99d5-4dc8-bf1b-ef660127079f,prca15,likert5,3,3,True,validated,0
11cf766c-99d5-4dc8-bf1b-ef660127079f,prca16,likert5,3,3,True,validated,1
11cf766c-99d5-4dc8-bf1b-ef660127079f,prca17,likert5,4,2,True,validated,1
11cf766c-99d5-4dc8-bf1b-ef660127079f,prca18,likert5,3,3,True,validated,0
09262697-195c-4b24-806b-d93dc886b963,prca01,likert5,3,3,True,validated,0
09262697-195c-4b24-806b-d93dc886b963,prca02,likert5,4,2,True,validated,1
09262697-195c-4b24-806b-d93dc886b963,prca03,likert5,5,5,True,validated,0
09262697-195c-4b24-806b-d93dc886b963,prca04,likert5,3,3,True,validated,1
09262697-195c-4b24-806b-d93dc886b963,prca05,likert5,4,4,True,validated,0
09262697-195c-4b24-806b-d93dc886b963,prca06,likert5,4,2,True,validated,1
09262697-195c-4b24-806b-d93dc886b963,prca13,likert5,5) strongly agree,4,True,recode,0
09262697-195c-4b24-806b-d93dc886b963,prca14,likert5,1,5,True,validated,1
09262697-195c-4b24-806b-d93dc886b963,prca15,likert5,3,3,True,validated,0
09262697-195c-4b24-806b-d93dc886b963,prca16,likert5,3,3,True,validated,1
09262697-195c-4b24-806b-d93dc886b963,prca17,likert5,2,4,True,validated,1
09262697-195c-4b24-806b-d93dc886b963,prca18,likert5,4,4,True,validated,0
564ae02a-8f38-4619-b450-0ce1f6952ab7,prca01,likert5,3,3,True,validated,0
564ae02a-8f38-4619-b450-0ce1f6952ab7,prca02,likert5,5,1,True,validated,1
564ae02a-8f38-4619-b450-0ce1f6952ab7,prca03,likert5,2,2,True,validated,0
564ae02a-8f38-4619-b450-0ce1f6952ab7,prca04,likert5,1,5,True,validated,1
564ae02a-8f38-4619-b450-0ce1f6952ab7,prca05,likert5,1,1,True,validated,0
564ae02a-8f38-4619-b450-0ce1f6952ab7,prca06,likert5,1,5,True,validated,1
564ae02a-8f38-4619-b450-0ce1f6952ab7,prca13,likert5,1,1,True,validated,0
564ae02a-8f38-4619-b450-0ce1f6952ab7,prca14,likert5,5,1,True,validated,1
564ae02a-8f38-4619-b450-0ce1f6952ab7,prca15,likert5,5,5,True,validated,0
564ae02a-8f38-4619-b450-0ce1f6952ab7,prca16,likert5,5,1,True,validated,1
564ae02a-8f38-4619-b450-0ce1f6952ab7,prca17,likert5,1,5,True,validated,1
564ae02a-8f38-4619-b450-0ce1f6952ab7,prca18,likert5,4,4,True,validated,0
5af57915-cc32-475c-ad01-fc884fc67e9e,prca01,likert5,1,1,True,validated,0
5af57915-cc32-475c-ad01-fc884fc67e9e,prca02,likert5,3,3,True,validated,1
5af57915-cc32-475c-ad01-fc884fc67e9e,prca03,likert5,1,1,True,validated,0
5af57915-cc32-475c-ad01-fc884fc67e9e,prca04,likert5,5,1,True,validated,1
5af57915-cc32-475c-ad01-fc884fc67e9e,prca05,likert5,5) strongly agree,5,True,recode,0
5af57915-cc32-475c-ad01-fc884fc67e9e,prca06,likert5,1,5,True,validated,1
5af57915-cc32-475c-ad01-fc884fc67e9e,prca13,likert5,3,3,True,validated,0
5af57915-cc32-475c-ad01-fc884fc67e9e,prca14,likert5,2,4,True,validated,1
5af57915-cc32-475c-ad01-fc884fc67e9e,prca15,likert5,3,3,True,validated,0
5af57915-cc32-475c-ad01-fc884fc67e9e,prca16,likert5,5,1,True,validated,1
5af57915-cc32-475c-ad01-fc884fc67e9e,prca17,likert5,5,1,True,validated,1
5af57915-cc32-475c-ad01-fc884fc67e9e,prca18,likert5,4,4,True,validated,0
bb679fe7-df73-4c38-bdce-e0b09676ac69,prca01,likert5,1,1,True,validated,0
bb679fe7-df73-4c38-bdce-e0b09676ac69,prca02,likert5,1,5,True,validated,1
bb679fe7-df73-4c38-bdce-e0b09676ac69,prca03,likert5,2,2,True,validated,0
bb679fe7-df73-4c38-bdce-e0b09676ac69,prca04,likert5,2,4,True,validated,1
bb679fe7-df73-4c38-bdce-e0b09676ac69,prca05,likert5,2,2,True,validated,0
bb679fe7-df73-4c38-bdce-e0b09676ac69,prca06,likert5,4,2,True,validated,1
bb679fe7-df73-4c38-bdce-e0b09676ac69,prca13,likert5,1,1,True,validated,0
bb679fe7-df73-4c38-bdce-e0b09676ac69,prca14,likert5,1,5,True,validated,1
bb679fe7-df73-4c38-bdce-e0b09676ac69,prca15,likert5,1,1,True,validated,0
bb679fe7-df73-4c38-bdce-e0b09676ac69,prca16,likert5,2,4,True,validated,1
bb679fe7-df73-4c38-bdce-e0b09676ac69,prca17,likert5,4,2,True,validated,1
bb679fe7-df73-4c38-bdce-e0b09676ac69,prca18,likert5,4,4,True,validated,0
1cddd31a-56de-473b-86ad-acc1a2d9a1b1,prca01,likert5,3,3,True,validated,0
1cddd31a-56de-473b-86ad-acc1a2d9a1b1,prca02,likert5,1,5,True,validated,1
1cddd31a-56de-473b-86ad-acc1a2d9a1b1,prca03,likert5,5,5,True,validated,0
1cddd31a-56de-473b-86ad-acc1a2d9a1b1,prca04,likert5,3,3,True,validated,1
1cddd31a-56de-473b-86ad-acc1a2d9a1b1,prca05,likert5,4,4,True,validated,0
1cddd31a-56de-473b-86ad-acc1a2d9a1b1,prca06,likert5,5,1,True,validated,1
1cddd31a-56de-473b-86ad-acc1a2d9a1b1,prca13,likert5,3,3,True,validated,0
1cddd31a-56de-473b-86ad-acc1a2d9a1b1,prca14,likert5,2,4,True,validated,1
1cddd31a-56de-473b-86ad-acc1a2d9a1b1,prca15,likert5,4,4,True,validated,0
1cddd31a-56de-473b-86ad-acc1a2d9a1b1,prca16,likert5,1,5,True,validated,1
1cddd31a-56de-473b-86ad-acc1a2d9a1b1,prca17,likert5,4,2,True,validated,1
1cddd31a-56de-473b-86ad-acc1a2d9a1b1,prca18,likert5,2,2,True,validated,0
56f45554-639f-408c-bb1e-4e95cab54399,prca01,likert5,3,3,True,validated,0
56f45554-639f-408c-bb1e-4e95cab54399,prca02,likert5,2,4,True,validated,1
56f45554-639f-408c-bb1e-4e95cab54399,prca03,likert5,4,4,True,validated,0
56f45554-639f-408c-bb1e-4e95cab54399,prca04,likert5,5,1,True,validated,1
56f45554-639f-408c-bb1e-4e95cab54399,prca05,likert5,3,3,True,validated,0
56f45554-639f-408c-bb1e-4e95cab54399,prca06,likert5,3,3,True,validated,1
56f45554-639f-408c-bb1e-4e95cab54399,prca13,likert5,5,5,True,validated,0
56f45554-639f-408c-bb1e-4e95cab54399,prca14,likert5,2,4,True,validated,1
56f45554-639f-408c-bb1e-4e95cab54399,prca15,likert5,3,3,True,validated,0
56f45554-639f-408c-bb1e-4e95cab54399,prca16,likert5,3,3,True,validated,1
56f45554-639f-408c-bb1e-4e95cab54399,prca17,likert5,5,1,True,validated,1
56f45554-639f-408c-bb1e-4e95cab54399,prca18,likert5,4,4,True,validated,0
e66b8a69-6a66-4359-9c5f-26c91b7da98c,prca01,likert5,2,2,True,validated,0
e66b8a69-6a66-4359-9c5f-26c91b7da98c,prca02,likert5,1,5,True,validated,1
e66b8a69-6a66-4359-9c5f-26c91b7da98c,prca03,likert5,3,3,True,validated,0
e66b8a69-6a66-4359-9c5f-26c91b7da98c,prca04,likert5,3,3,True,validated,1
e66b8a69-6a66-4359-9c5f-26c91b7da98c,prca05,likert5,1,1,True,validated,0
e66b8a69-6a66-4359-9c5f-26c91b7da98c,prca06,likert5,4,2,True,validated,1
e66b8a69-6a66-4359-9c5f-26c91b7da98c,prca13,likert5,2,2,True,validated,0
e66b8a69-6a66-4359-9c5f-26c91b7da98c,prca14,likert5,5) strongly agree,1,True,recode,1
e66b8a69-6a66-4359-9c5f-26c91b7da98c,prca15,likert5,2,2,True,validated,0
e66b8a69-6a66-4359-9c5f-26c91b7da98c,prca16,likert5,2,4,True,validated,1
e66b8a69-6a66-4359-9c5f-26c91b7da98c,prca17,likert5,3,3,True,validated,1
e66b8a69-6a66-4359-9c5f-26c91b7da98c,prca18,likert5,3,3,True,validated,0
2061ed21-efec-45ad-9e12-901d65bb4e45,prca01,likert5,2,2,True,validated,0
2061ed21-efec-45ad-9e12-901d65bb4e45,prca02,likert5,1,5,True,validated,1
2061ed21-efec-45ad-9e12-901d65bb4e45,prca03,likert5,4,4,True,validated,0
2061ed21-efec-45ad-9e12-901d65bb4e45,prca04,likert5,5,1,True,validated,1
2061ed21-efec-45ad-9e12-901d65bb4e45,prca05,likert5,3,3,True,validated,0
2061ed21-efec-45ad-9e12-901d65bb4e45,prca06,likert5,5,1,True,validated,1
2061ed21-efec-45ad-9e12-901d65bb4e45,prca13,likert5,1,1,True,validated,0
2061ed21-efec-45ad-9e12-901d65bb4e45,prca14,likert5,3,3,True,validated,1
2061ed21-efec-45ad-9e12-901d65bb4e45,prca15,likert5,4,4,True,validated,0
2061ed21-efec-45ad-9e12-901d65bb4e45,prca16,likert5,4,2,True,validated,1
2061ed21-efec-45ad-9e12-901d65bb4e45,prca17,likert5,1,5,True,validated,1
2061ed21-efec-45ad-9e12-901d65bb4e45,prca18,likert5,1,1,True,validated,0
c92eed4d-af62-4a91-acdc-1fd6d1281359,prca01,likert5,4,4,True,validated,0
c92eed4d-af62-4a91-acdc-1fd6d1281359,prca02,likert5,4,2,True,validated,1
c92eed4d-af62-4a91-acdc-1fd6d1281359,prca03,likert5,4,4,True,validated,0
c92eed4d-af62-4a91-acdc-1fd6d1281359,prca04,likert5,5,1,True,validated,1
c92eed4d-af62-4a91-acdc-1fd6d1281359,prca05,likert5,2,2,True,validated,0
c92eed4d-af62-4a91-acdc-1fd6d1281359,prca06,likert5,1,5,True,validated,1
c92eed4d-af62-4a91-acdc-1fd6d1281359,prca13,likert5,5,5,True,validated,0
c92eed4d-af62-4a91-acdc-1fd6d1281359,prca14,likert5,5) strongly agree,1,True,recode,1
c92eed4d-af62-4a91-acdc-1fd6d1281359,prca15,likert5,3,3,True,validated,0
c92eed4d-af62-4a91-acdc-1fd6d1281359,prca16,likert5,1,5,True,validated,1
c92eed4d-af62-4a91-acdc-1fd6d1281359,prca17,likert5,5,1,True,validated,1
c92eed4d-af62-4a91-acdc-1fd6d1281359,prca18,likert5,2,2,True,validated,0
dde05fe1-8ee2-4e03-b8d2-a9e8fc16350c,prca01,likert5,4,4,True,validated,0
dde05fe1-8ee2-4e03-b8d2-a9e8fc16350c,prca02,likert5,4,2,True,validated,1
dde05fe1-8ee2-4e03-b8d2-a9e8fc16350c,prca03,likert5,5,5,True,validated,0
dde05fe1-8ee2-4e03-b8d2-a9e8fc16350c,prca04,likert5,4,2,True,validated,1
dde05fe1-8ee2-4e03-b8d2-a9e8fc16350c,prca05,likert5,2,2,True,validated,0
dde05fe1-8ee2-4e03-b8d2-a9e8fc16350c,prca06,likert5,4,2,True,validated,1
dde05fe1-8ee2-4e03-b8d2-a9e8fc16350c,prca13,likert5,2,2,True,validated,0
dde05fe1-8ee2-4e03-b8d2-a9e8fc16350c,prca14,likert5,5,1,True,validated,1
dde05fe1-8ee2-4e03-b8d2-a9e8fc16350c,prca15,likert5,4,4,True,validated,0
dde05fe1-8ee2-4e03-b8d2-a9e8fc16350c,prca16,likert5,2,4,True,validated,1
dde05fe1-8ee2-4e03-b8d2-a9e8fc16350c,prca17,likert5,4,2,True,validated,1
dde05fe1-8ee2-4e03-b8d2-a9e8fc16350c,prca18,likert5,2,2,True,validated,0
60b38929-dc08-4069-b04e-e4b09c826700,prca01,likert5,4,4,True,validated,0
60b38929-dc08-4069-b04e-e4b09c826700,prca02,likert5,2,4,True,validated,1
60b38929-dc08-4069-b04e-e4b09c826700,prca03,likert5,1,1,True,validated,0
60b38929-dc08-4069-b04e-e4b09c826700,prca04,likert5,3,3,True,validated,1
60b38929-dc08-4069-b04e-e4b09c826700,prca05,likert5,3,3,True,validated,0
60b38929-dc08-4069-b04e-e4b09c826700,prca06,likert5,4,2,True,validated,1
60b38929-dc08-4069-b04e-e4b09c826700,prca13,likert5,4,4,True,validated,0
60b38929-dc08-4069-b04e-e4b09c826700,prca14,likert5,4,2,True,validated,1
60b38929-dc08-4069-b04e-e4b09c826700,prca15,likert5,1,1,True,validated,0
60b38929-dc08-4069-b04e-e4b09c826700,prca16,likert5,3,3,True,validated,1
60b38929-dc08-4069-b04e-e4b09c826700,prca17,likert5,4,2,True,validated,1
60b38929-dc08-4069-b04e-e4b09c826700,prca18,likert5,3,3,True,validated,0
b13bdc91-5b17-4197-acfe-623104fc4a4f,prca01,likert5,5,5,True,validated,0
b13bdc91-5b17-4197-acfe-623104fc4a4f,prca02,likert5,5) strongly agree,2,True,recode,1
b13bdc91-5b17-4197-acfe-623104fc4a4f,prca03,likert5,3,3,True,validated,0
b13bdc91-5b17-4197-acfe-623104fc4a4f,prca04,likert5,1,5,True,validated,1
b13bdc91-5b17-4197-acfe-623104fc4a4f,prca05,likert5,5,5,True,validated,0
b13bdc91-5b17-4197-acfe-623104fc4a4f,prca06,likert5,2,4,True,validated,1
b13bdc91-5b17-4197-acfe-623104fc4a4f,prca13,likert5,1,1,True,validated,0
b13bdc91-5b17-4197-acfe-623104fc4a4f,prca14,likert5,1,5,True,validated,1
b13bdc91-5b17-4197-acfe-623104fc4a4f,prca15,likert5,3,3,True,validated,0
b13bdc91-5b17-4197-acfe-623104fc4a4f,prca16,likert5,2,4,True,validated,1
b13bdc91-5b17-4197-acfe-623104fc4a4f,prca17,likert5,3,3,True,validated,1
b13bdc91-5b17-4197-acfe-623104fc4a4f,prca18,likert5,4,4,True,validated,0
9c672df9-aaa3-49f3-b036-454f83b528cd,prca01,likert5,4,4,True,validated,0
9c672df9-aaa3-49f3-b036-454f83b528cd,prca02,likert5,3,3,True,validated,1
9c672df9-aaa3-49f3-b036-454f83b528cd,prca03,likert5,4,4,True,validated,0
9c672df9-aaa3-49f3-b036-454f83b528cd,prca04,likert5,5,1,True,validated,1
9c672df9-aaa3-49f3-b036-454f83b528cd,prca05,likert5,4,4,True,validated,0
9c672df9-aaa3-49f3-b036-454f83b528cd,prca06,likert5,5,1,True,validated,1
9c672df9-aaa3-49f3-b036-454f83b528cd,prca13,likert5,2,2,True,validated,0
9c672df9-aaa3-49f3-b036-454f83b528cd,prca14,likert5,1,5,True,validated,1
9c672df9-aaa3-49f3-b036-454f83b528cd,prca15,likert5,3,3,True,validated,0
9c672df9-aaa3-49f3-b036-454f83b528cd,prca16,likert5,3,3,True,validated,1
9c672df9-aaa3-49f3-b036-454f83b528cd,prca17,likert5,5,1,True,validated,1
9c672df9-aaa3-49f3-b036-454f83b528cd,prca18,likert5,2,2,True,validated,0
a9adad67-ca31-447b-8668-23a9372ac5cf,prca01,likert5,4,4,True,validated,0
a9adad67-ca31-447b-8668-23a9372ac5cf,prca02,likert5,3,3,True,validated,1
a9adad67-ca31-447b-8668-23a9372ac5cf,prca03,likert5,3,3,True,validated,0
a9adad67-ca31-447b-8668-23a9372ac5cf,prca04,likert5,4,2,True,validated,1
a9adad67-ca31-447b-8668-23a9372ac5cf,prca05,likert5,2,2,True,validated,0
a9adad67-ca31-447b-8668-23a9372ac5cf,prca06,likert5,4,2,True,validated,1
a9adad67-ca31-447b-8668-23a9372ac5cf,prca13,likert5,4,4,True,validated,0
a9adad67-ca31-447b-8668-23a9372ac5cf,prca14,likert5,4,2,True,validated,1
a9adad67-ca31-447b-8668-23a9372ac5cf,prca15,likert5,5) strongly agree,4,True,recode,0
a9adad67-ca31-447b-8668-23a9372ac5cf,prca16,likert5,5) strongly agree,2,True,recode,1
a9adad67-ca31-447b-8668-23a9372ac5cf,prca17,likert5,4,2,True,validated,1
a9adad67-ca31-447b-8668-23a9372ac5cf,prca18,likert5,2,2,True,validated,0
f268ff09-91a4-45a0-8b8b-5e15add5544d,prca01,likert5,1,1,True,validated,0
f268ff09-91a4-45a0-8b8b-5e15add5544d,prca02,likert5,1,5,True,validated,1
f268ff09-91a4-45a0-8b8b-5e15add5544d,prca03,likert5,4,4,True,validated,0
f268ff09-91a4-45a0-8b8b-5e15add5544d,prca04,likert5,2,4,True,validated,1
f268ff09-91a4-45a0-8b8b-5e15add5544d,prca05,likert5,3,3,True,validated,0
f268ff09-91a4-45a0-8b8b-5e15add5544d,prca06,likert5,5,1,True,validated,1
f268ff09-91a4-45a0-8b8b-5e15add5544d,prca13,likert5,2,2,True,validated,0
f268ff09-91a4-45a0-8b8b-5e15add5544d,prca14,likert5,3,3,True,validated,1
f268ff09-91a4-45a0-8b8b-5e15add5544d,prca15,likert5,2,2,True,validated,0
f268ff09-91a4-45a0-8b8b-5e15add5544d,prca16,likert5,2,4,True,validated,1
f268ff09-91a4-45a0-8b8b-5e15add5544d,prca17,likert5,1,5,True,validated,1
f268ff09-91a4-45a0-8b8b-5e15add5544d,prca18,likert5,1,1,True,validated,0
43bf42b9-ad1e-4c6a-9fae-5dd1962cae35,prca01,likert5,3,3,True,validated,0
43bf42b9-ad1e-4c6a-9fae-5dd1962cae35,prca02,likert5,4,2,True,validated,1
43bf42b9-ad1e-4c6a-9fae-5dd1962cae35,prca03,likert5,2,2,True,validated,0
43bf42b9-ad1e-4c6a-9fae-5dd1962cae35,prca04,likert5,3,3,True,validated,1
43bf42b9-ad1e-4c6a-9fae-5dd1962cae35,prca05,likert5,2,2,True,validated,0
43bf42b9-ad1e-4c6a-9fae-5dd1962cae35,prca06,likert5,3,3,True,validated,1
43bf42b9-ad1e-4c6a-9fae-5dd1962cae35,prca13,likert5,2,2,True,validated,0
43bf42b9-ad1e-4c6a-9fae-5dd1962cae35,prca14,likert5,3,3,True,validated,1
43bf42b9-ad1e-4c6a-9fae-5dd1962cae35,prca15,likert5,4,4,True,validated,0
43bf42b9-ad1e-4c6a-9fae-5dd1962cae35,prca16,likert5,3,3,True,validated,1
43bf42b9-ad1e-4c6a-9fae-5dd1962cae35,prca17,likert5,5,1,True,validated,1
43bf42b9-ad1e-4c6a-9fae-5dd1962cae35,prca18,likert5,1,1,True,validated,0
1627798e-ff46-4479-a93a-8ee09d9992d0,prca01,likert5,5,5,True,validated,0
1627798e-ff46-4479-a93a-8ee09d9992d0,prca02,likert5,5) strongly agree,1,True,recode,1
1627798e-ff46-4479-a93a-8ee09d9992d0,prca03,likert5,2,2,True,validated,0
1627798e-ff46-4479-a93a-8ee09d9992d0,prca04,likert5,4,2,True,validated,1
1627798e-ff46-4479-a93a-8ee09d9992d0,prca05,likert5,1,1,True,validated,0
1627798e-ff46-4479-a93a-8ee09d9992d0,prca06,likert5,4,2,True,validated,1
1627798e-ff46-4479-a93a-8ee09d9992d0,prca13,likert5,2,2,True,validated,0
1627798e-ff46-4479-a93a-8ee09d9992d0,prca14,likert5,2,4,True,validated,1
1627798e-ff46-4479-a93a-8ee09d9992d0,prca15,likert5,1,1,True,validated,0
1627798e-ff46-4479-a93a-8ee09d9992d0,prca16,likert5,5) strongly agree,1,True,recode,1
1627798e-ff46-4479-a93a-8ee09d9992d0,prca17,likert5,2,4,True,validated,1
1627798e-ff46-4479-a93a-8ee09d9992d0,prca18,likert5,5,5,True,validated,0
62c36603-a941-4e63-8dae-3db3fb59707c,prca01,likert5,5,5,True,validated,0
62c36603-a941-4e63-8dae-3db3fb59707c,prca02,likert5,3,3,True,validated,1
62c36603-a941-4e63-8dae-3db3fb59707c,prca03,likert5,3,3,True,validated,0
62c36603-a941-4e63-8dae-3db3fb59707c,prca04,likert5,3,3,True,validated,1
62c36603-a941-4e63-8dae-3db3fb59707c,prca05,likert5,2,2,True,validated,0
62c36603-a941-4e63-8dae-3db3fb59707c,prca06,likert5,2,4,True,validated,1
62c36603-a941-4e63-8dae-3db3fb59707c,prca13,likert5,2,2,True,validated,0
62c36603-a941-4e63-8dae-3db3fb59707c,prca14,likert5,4,2,True,validated,1
62c36603-a941-4e63-8dae-3db3fb59707c,prca15,likert5,5,5,True,validated,0
62c36603-a941-4e63-8dae-3db3fb59707c,prca16,likert5,5,1,True,validated,1
62c36603-a941-4e63-8dae-3db3fb59707c,prca17,likert5,5,1,True,validated,1
62c36603-a941-4e63-8dae-3db3fb59707c,prca18,likert5,4,4,True,validated,0
5710fad2-06da-448b-a46e-20cf887424f2,prca01,likert5,2,2,True,validated,0
5710fad2-06da-448b-a46e-20cf887424f2,prca02,likert5,4,2,True,validated,1
5710fad2-06da-448b-a46e-20cf887424f2,prca03,likert5,5) strongly agree,4,True,recode,0
5710fad2-06da-448b-a46e-20cf887424f2,prca04,likert5,5) strongly agree,2,True,recode,1
5710fad2-06da-448b-a46e-20cf887424f2,prca05,likert5,2,2,True,validated,0
5710fad2-06da-448b-a46e-20cf887424f2,prca06,likert5,2,4,True,validated,1
5710fad2-06da-448b-a46e-20cf887424f2,prca13,likert5,2,2,True,validated,0
5710fad2-06da-448b-a46e-20cf887424f2,prca14,likert5,5,1,True,validated,1
5710fad2-06da-448b-a46e-20cf887424f2,prca15,likert5,5) strongly agree,5,True,recode,0
5710fad2-06da-448b-a46e-20cf887424f2,prca16,likert5,4,2,True,validated,1
5710fad2-06da-448b-a46e-20cf887424f2,prca17,likert5,3,3,True,validated,1
5710fad2-06da-448b-a46e-20cf887424f2,prca18,likert5,1,1,True,validated,0
0fce6ff6-81c8-4c8f-8a09-73b778b85f86,prca01,likert5,5,5,True,validated,0
0fce6ff6-81c8-4c8f-8a09-73b778b85f86,prca02,likert5,4,2,True,validated,1
0fce6ff6-81c8-4c8f-8a09-73b778b85f86,prca03,likert5,5,5,True,validated,0
0fce6ff6-81c8-4c8f-8a09-73b778b85f86,prca04,likert5,3,3,True,validated,1
0fce6ff6-81c8-4c8f-8a09-73b778b85f86,prca05,likert5,2,2,True,validated,0
0fce6ff6-81c8-4c8f-8a09-73b778b85f86,prca06,likert5,2,4,True,validated,1
0fce6ff6-81c8-4c8f-8a09-73b778b85f86,prca13,likert5,2,2,True,validated,0
0fce6ff6-81c8-4c8f-8a09-73b778b85f86,prca14,likert5,2,4,True,validated,1
0fce6ff6-81c8-4c8f-8a09-73b778b85f86,prca15,likert5,5) strongly agree,3,True,recode,0
0fce6ff6-81c8-4c8f-8a09-73b778b85f86,prca16,likert5,4,2,True,validated,1
0fce6ff6-81c8-4c8f-8a09-73b778b85f86,prca17,likert5,5) strongly agree,1,True,recode,1
0fce6ff6-81c8-4c8f-8a09-73b778b85f86,prca18,likert5,3,3,True,validated,0
1f428049-1bed-4f7e-893d-95a7f4ebf97d,prca01,likert5,5,5,True,validated,0
1f428049-1bed-4f7e-893d-95a7f4ebf97d,prca02,likert5,1,5,True,validated,1
1f428049-1bed-4f7e-893d-95a7f4ebf97d,prca03,likert5,4,4,True,validated,0
1f428049-1bed-4f7e-893d-95a7f4ebf97d,prca04,likert5,5,1,True,validated,1
1f428049-1bed-4f7e-893d-95a7f4ebf97d,prca05,likert5,3,3,True,validated,0
1f428049-1bed-4f7e-893d-95a7f4ebf97d,prca06,likert5,4,2,True,validated,1
1f428049-1bed-4f7e-893d-95a7f4ebf97d,prca13,likert5,2,2,True,validated,0
1f428049-1bed-4f7e-893d-95a7f4ebf97d,prca14,likert5,5,1,True,validated,1
1f428049-1bed-4f7e-893d-95a7f4ebf97d,prca15,likert5,3,3,True,validated,0
1f428049-1bed-4f7e-893d-95a7f4ebf97d,prca16,likert5,3,3,True,validated,1
1f428049-1bed-4f7e-893d-95a7f4ebf97d,prca17,likert5,4,2,True,validated,1
1f428049-1bed-4f7e-893d-95a7f4ebf97d,prca18,likert5,1) strongly disagree,3,True,recode,0
13f41094-ab81-4516-95f7-84132db746df,prca01,likert5,2,2,True,validated,0
13f41094-ab81-4516-95f7-84132db746df,prca02,likert5,1,5,True,validated,1
13f41094-ab81-4516-95f7-84132db746df,prca03,likert5,4,4,True,validated,0
13f41094-ab81-4516-95f7-84132db746df,prca04,likert5,5,1,True,validated,1
13f41094-ab81-4516-95f7-84132db746df,prca05,likert5,3,3,True,validated,0
13f41094-ab81-4516-95f7-84132db746df,prca06,likert5,3,3,True,validated,1
13f41094-ab81-4516-95f7-84132db746df,prca13,likert5,1,1,True,validated,0
13f41094-ab81-4516-95f7-84132db746df,prca14,likert5,2,4,True,validated,1
13f41094-ab81-4516-95f7-84132db746df,prca15,likert5,3,3,True,validated,0
13f41094-ab81-4516-95f7-84132db746df,prca16,likert5,5,1,True,validated,1
13f41094-ab81-4516-95f7-84132db746df,prca17,likert5,4,2,True,validated,1
13f41094-ab81-4516-95f7-84132db746df,prca18,likert5,3,3,True,validated,0
9dcaf07f-f4e7-47f1-a0a3-bc31e17db0c5,prca01,likert5,4,4,True,validated,0
9dcaf07f-f4e7-47f1-a0a3-bc31e17db0c5,prca02,likert5,5,1,True,validated,1
9dcaf07f-f4e7-47f1-a0a3-bc31e17db0c5,prca03,likert5,3,3,True,validated,0
9dcaf07f-f4e7-47f1-a0a3-bc31e17db0c5,prca04,likert5,4,2,True,validated,1
9dcaf07f-f4e7-47f1-a0a3-bc31e17db0c5,prca05,likert5,2,2,True,validated,0
9dcaf07f-f4e7-47f1-a0a3-bc31e17db0c5,prca06,likert5,4,2,True,validated,1
9dcaf07f-f4e7-47f1-a0a3-bc31e17db0c5,prca13,likert5,5,5,True,validated,0
9dcaf07f-f4e7-47f1-a0a3-bc31e17db0c5,prca14,likert5,4,2,True,validated,1
9dcaf07f-f4e7-47f1-a0a3-bc31e17db0c5,prca15,likert5,1,1,True,validated,0
9dcaf07f-f4e7-47f1-a0a3-bc31e17db0c5,prca16,likert5,5,1,True,validated,1
9dcaf07f-f4e7-47f1-a0a3-bc31e17db0c5,prca17,likert5,5,1,True,validated,1
9dcaf07f-f4e7-47f1-a0a3-bc31e17db0c5,prca18,likert5,5) strongly agree,5,True,recode,0
9daf47f5-2ade-4961-9be8-a6e385f04344,prca01,likert5,2,2,True,validated,0
9daf47f5-2ade-4961-9be8-a6e385f04344,prca02,likert5,4,2,True,validated,1
9daf47f5-2ade-4961-9be8-a6e385f04344,prca03,likert5,1,1,True,validated,0
9daf47f5-2ade-4961-9be8-a6e385f04344,prca04,likert5,3,3,True,validated,1
9daf47f5-2ade-4961-9be8-a6e385f04344,prca05,likert5,5,5,True,validated,0
9daf47f5-2ade-4961-9be8-a6e385f04344,prca06,likert5,4,2,True,validated,1
9daf47f5-2ade-4961-9be8-a6e385f04344,prca13,likert5,1,1,True,validated,0
9daf47f5-2ade-4961-9be8-a6e385f04344,prca14,likert5,4,2,True,validated,1
9daf47f5-2ade-4961-9be8-a6e385f04344,prca15,likert5,4,4,True,validated,0
9daf47f5-2ade-4961-9be8-a6e385f04344,prca16,likert5,5,1,True,validated,1
9daf47f5-2ade-4961-9be8-a6e385f04344,prca17,likert5,3,3,True,validated,1
9daf47f5-2ade-4961-9be8-a6e385f04344,prca18,likert5,4,4,True,validated,0
ab94f411-6f5d-4232-b1b4-46ec5be0137e,prca01,likert5,4,4,True,validated,0
ab94f411-6f5d-4232-b1b4-46ec5be0137e,prca02,likert5,3,3,True,validated,1
ab94f411-6f5d-4232-b1b4-46ec5be0137e,prca03,likert5,4,4,True,validated,0
ab94f411-6f5d-4232-b1b4-46ec5be0137e,prca04,likert5,4,2,True,validated,1
ab94f411-6f5d-4232-b1b4-46ec5be0137e,prca05,likert5,5,5,True,validated,0
ab94f411-6f5d-4232-b1b4-46ec5be0137e,prca06,likert5,2,4,True,validated,1
ab94f411-6f5d-4232-b1b4-46ec5be0137e,prca13,likert5,5,5,True,validated,0
ab94f411-6f5d-4232-b1b4-46ec5be0137e,prca14,likert5,4,2,True,validated,1
ab94f411-6f5d-4232-b1b4-46ec5be0137e,prca15,likert5,4,4,True,validated,0
ab94f411-6f5d-4232-b1b4-46ec5be0137e,prca16,likert5,4,2,True,validated,1
ab94f411-6f5d-4232-b1b4-46ec5be0137e,prca17,likert5,1,5,True,validated,1
ab94f411-6f5d-4232-b1b4-46ec5be0137e,prca18,likert5,3,3,True,validated,0
34bb677a-e69f-4fc3-8c59-84ad14ad25dc,prca01,likert5,1,1,True,validated,0
34bb677a-e69f-4fc3-8c59-84ad14ad25dc,prca02,likert5,4,2,True,validated,1
34bb677a-e69f-4fc3-8c59-84ad14ad25dc,prca03,likert5,4,4,True,validated,0
34bb677a-e69f-4fc3-8c59-84ad14ad25dc,prca04,likert5,2,4,True,validated,1
34bb677a-e69f-4fc3-8c59-84ad14ad25dc,prca05,likert5,5,5,True,validated,0
34bb677a-e69f-4fc3-8c59-84ad14ad25dc,prca06,likert5,5) strongly agree,2,True,recode,1
34bb677a-e69f-4fc3-8c59-84ad14ad25dc,prca13,likert5,3,3,True,validated,0
34bb677a-e69f-4fc3-8c59-84ad14ad25dc,prca14,likert5,5,1,True,validated,1
34bb677a-e69f-4fc3-8c59-84ad14ad25dc,prca15,likert5,3,3,True,validated,0
34bb677a-e69f-4fc3-8c59-84ad14ad25dc,prca16,likert5,4,2,True,validated,1
34bb677a-e69f-4fc3-8c59-84ad14ad25dc,prca17,likert5,2,4,True,validated,1
34bb677a-e69f-4fc3-8c59-84ad14ad25dc,prca18,likert5,3,3,True,validated,0
f5252559-f6e4-45c8-b438-183e2c34ff26,prca01,likert5,4,4,True,validated,0
f5252559-f6e4-45c8-b438-183e2c34ff26,prca02,likert5,3,3,True,validated,1
f5252559-f6e4-45c8-b438-183e2c34ff26,prca03,likert5,5,5,True,validated,0
f5252559-f6e4-45c8-b438-183e2c34ff26,prca04,likert5,5,1,True,validated,1
f5252559-f6e4-45c8-b438-183e2c34ff26,prca05,likert5,4,4,True,validated,0
f5252559-f6e4-45c8-b438-183e2c34ff26,prca06,likert5,1,5,True,validated,1
f5252559-f6e4-45c8-b438-183e2c34ff26,prca13,likert5,5) strongly agree,5,True,recode,0
f5252559-f6e4-45c8-b438-183e2c34ff26,prca14,likert5,2,4,True,validated,1
f5252559-f6e4-45c8-b438-183e2c34ff26,prca15,likert5,3,3,True,validated,0
f5252559-f6e4-45c8-b438-183e2c34ff26,prca16,likert5,4,2,True,validated,1
f5252559-f6e4-45c8-b438-183e2c34ff26,prca17,likert5,1,5,True,validated,1
f5252559-f6e4-45c8-b438-183e2c34ff26,prca18,likert5,4,4,True,validated,0
98384143-c966-41ac-9554-4951272dada1,prca01,likert5,2,2,True,validated,0
98384143-c966-41ac-9554-4951272dada1,prca02,likert5,4,2,True,validated,1
98384143-c966-41ac-9554-4951272dada1,prca03,likert5,5,5,True,validated,0
98384143-c966-41ac-9554-4951272dada1,prca04,likert5,3,3,True,validated,1
98384143-c966-41ac-9554-4951272dada1,prca05,likert5,3,3,True,validated,0
98384143-c966-41ac-9554-4951272dada1,prca06,likert5,2,4,True,validated,1
98384143-c966-41ac-9554-4951272dada1,prca13,likert5,3,3,True,validated,0
98384143-c966-41ac-9554-4951272dada1,prca14,likert5,3,3,True,validated,1
98384143-c966-41ac-9554-4951272dada1,prca15,likert5,3,3,True,validated,0
98384143-c966-41ac-9554-4951272dada1,prca16,likert5,1,5,True,validated,1
98384143-c966-41ac-9554-4951272dada1,prca17,likert5,1,5,True,validated,1
98384143-c966-41ac-9554-4951272dada1,prca18,likert5,4,4,True,validated,0
49025b4f-0b74-409d-9e60-a7602a1d798d,prca01,likert5,1,1,True,validated,0
49025b4f-0b74-409d-9e60-a7602a1d798d,prca02,likert5,1,5,True,validated,1
49025b4f-0b74-409d-9e60-a7602a1d798d,prca03,likert5,3,3,True,validated,0
49025b4f-0b74-409d-9e60-a7602a1d798d,prca04,likert5,3,3,True,validated,1
49025b4f-0b74-409d-9e60-a7602a1d798d,prca05,likert5,5) strongly agree,4,True,recode,0
49025b4f-0b74-409d-9e60-a7602a1d798d,prca06,likert5,5,1,True,validated,1
49025b4f-0b74-409d-9e60-a7602a1d798d,prca13,likert5,4,4,True,validated,0
49025b4f-0b74-409d-9e60-a7602a1d798d,prca14,likert5,1,5,True,validated,1
49025b4f-0b74-409d-9e60-a7602a1d798d,prca15,likert5,4,4,True,validated,0
49025b4f-0b74-409d-9e60-a7602a1d798d,prca16,likert5,3,3,True,validated,1
49025b4f-0b74-409d-9e60-a7602a1d798d,prca17,likert5,4,2,True,validated,1
49025b4f-0b74-409d-9e60-a7602a1d798d,prca18,likert5,1,1,True,validated,0
1494ae13-c2f0-49a7-926b-1577b37d872f,prca01,likert5,2,2,True,validated,0
1494ae13-c2f0-49a7-926b-1577b37d872f,prca02,likert5,3,3,True,validated,1
1494ae13-c2f0-49a7-926b-1577b37d872f,prca03,likert5,3,3,True,validated,0
1494ae13-c2f0-49a7-926b-1577b37d872f,prca04,likert5,3,3,True,validated,1
1494ae13-c2f0-49a7-926b-1577b37d872f,prca05,likert5,1,1,True,validated,0
1494ae13-c2f0-49a7-926b-1577b37d872f,prca06,likert5,3,3,True,validated,1
1494ae13-c2f0-49a7-926b-1577b37d872f,prca13,likert5,4,4,True,validated,0
1494ae13-c2f0-49a7-926b-1577b37d872f,prca14,likert5,5) strongly agree,1,True,recode,1
1494ae13-c2f0-49a7-926b-1577b37d872f,prca15,likert5,2,2,True,validated,0
1494ae13-c2f0-49a7-926b-1577b37d872f,prca16,likert5,2,4,True,validated,1
1494ae13-c2f0-49a7-926b-1577b37d872f,prca17,likert5,2,4,True,validated,1
1494ae13-c2f0-49a7-926b-1577b37d872f,prca18,likert5,4,4,True,validated,0
d975f75c-3ec9-4edd-bf8d-2efda6244dfb,prca01,likert5,5,5,True,validated,0
d975f75c-3ec9-4edd-bf8d-2efda6244dfb,prca02,likert5,4,2,True,validated,1
d975f75c-3ec9-4edd-bf8d-2efda6244dfb,prca03,likert5,3,3,True,validated,0
d975f75c-3ec9-4edd-bf8d-2efda6244dfb,prca04,likert5,3,3,True,validated,1
d975f75c-3ec9-4edd-bf8d-2efda6244dfb,prca05,likert5,4,4,True,validated,0
d975f75c-3ec9-4edd-bf8d-2efda6244dfb,prca06,likert5,5) strongly agree,2,True,recode,1
d975f75c-3ec9-4edd-bf8d-2efda6244dfb,prca13,likert5,5) strongly agree,4,True,recode,0
d975f75c-3ec9-4edd-bf8d-2efda6244dfb,prca14,likert5,5,1,True,validated,1
d975f75c-3ec9-4edd-bf8d-2efda6244dfb,prca15,likert5,5,5,True,validated,0
d975f75c-3ec9-4edd-bf8d-2efda6244dfb,prca16,likert5,5,1,True,validated,1
d975f75c-3ec9-4edd-bf8d-2efda6244dfb,prca17,likert5,4,2,True,validated,1
d975f75c-3ec9-4edd-bf8d-2efda6244dfb,prca18,likert5,2,2,True,validated,0
2cb56b3d-7490-4a76-915c-17130053bae4,prca01,likert5,4,4,True,validated,0
2cb56b3d-7490-4a76-915c-17130053bae4,prca02,likert5,4,2,True,validated,1
2cb56b3d-7490-4a76-915c-17130053bae4,prca03,likert5,3,3,True,validated,0
2cb56b3d-7490-4a76-915c-17130053bae4,prca04,likert5,3,3,True,validated,1
2cb56b3d-7490-4a76-915c-17130053bae4,prca05,likert5,2,2,True,validated,0
2cb56b3d-7490-4a76-915c-17130053bae4,prca06,likert5,3,3,True,validated,1
2cb56b3d-7490-4a76-915c-17130053bae4,prca13,likert5,3,3,True,validated,0
2cb56b3d-7490-4a76-915c-17130053bae4,prca14,likert5,1,5,True,validated,1
2cb56b3d-7490-4a76-915c-17130053bae4,prca15,likert5,1,1,True,validated,0
2cb56b3d-7490-4a76-915c-17130053bae4,prca16,likert5,4,2,True,validated,1
2cb56b3d-7490-4a76-915c-17130053bae4,prca17,likert5,3,3,True,validated,1
2cb56b3d-7490-4a76-915c-17130053bae4,prca18,likert5,4,4,True,validated,0
26850b85-a0ce-4caf-befb-d94feed2cc27,prca01,likert5,2,2,True,validated,0
26850b85-a0ce-4caf-befb-d94feed2cc27,prca02,likert5,1,5,True,validated,1
26850b85-a0ce-4caf-befb-d94feed2cc27,prca03,likert5,3,3,True,validated,0
26850b85-a0ce-4caf-befb-d94feed2cc27,prca04,likert5,4,2,True,validated,1
26850b85-a0ce-4caf-befb-d94feed2cc27,prca05,likert5,1,1,True,validated,0
26850b85-a0ce-4caf-befb-d94feed2cc27,prca06,likert5,3,3,True,validated,1
26850b85-a0ce-4caf-befb-d94feed2cc27,prca13,likert5,4,4,True,validated,0
26850b85-a0ce-4caf-befb-d94feed2cc27,prca14,likert5,2,4,True,validated,1
26850b85-a0ce-4caf-befb-d94feed2cc27,prca15,likert5,4,4,True,validated,0
26850b85-a0ce-4caf-befb-d94feed2cc27,prca16,likert5,1,5,True,validated,1
26850b85-a0ce-4caf-befb-d94feed2cc27,prca17,likert5,5) strongly agree,2,True,recode,1
26850b85-a0ce-4caf-befb-d94feed2cc27,prca18,likert5,5) strongly agree,5,True,recode,0
fed2f25f-cafe-4975-a1a0-387433e36387,prca01,likert5,4,4,True,validated,0
fed2f25f-cafe-4975-a1a0-387433e36387,prca02,likert5,1,5,True,validated,1
fed2f25f-cafe-4975-a1a0-387433e36387,prca03,likert5,4,4,True,validated,0
fed2f25f-cafe-4975-a1a0-387433e36387,prca04,likert5,1,5,True,validated,1
fed2f25f-cafe-4975-a1a0-387433e36387,prca05,likert5,3,3,True,validated,0
fed2f25f-cafe-4975-a1a0-387433e36387,prca06,likert5,4,2,True,validated,1
fed2f25f-cafe-4975-a1a0-387433e36387,prca13,likert5,3,3,True,validated,0
fed2f25f-cafe-4975-a1a0-387433e36387,prca14,likert5,3,3,True,validated,1
fed2f25f-cafe-4975-a1a0-387433e36387,prca15,likert5,3,3,True,validated,0
fed2f25f-cafe-4975-a1a0-387433e36387,prca16,likert5,4,2,True,validated,1
fed2f25f-cafe-4975-a1a0-387433e36387,prca17,likert5,5,1,True,validated,1
fed2f25f-cafe-4975-a1a0-387433e36387,prca18,likert5,4,4,True,validated,0
ec0c5c08-b81b-455c-930e-3d990b1f1a0b,prca01,likert5,3,3,True,validated,0
ec0c5c08-b81b-455c-930e-3d990b1f1a0b,prca02,likert5,4,2,True,validated,1
ec0c5c08-b81b-455c-930e-3d990b1f1a0b,prca03,likert5,5,5,True,validated,0
ec0c5c08-b81b-455c-930e-3d990b1f1a0b,prca04,likert5,3,3,True,validated,1
ec0c5c08-b81b-455c-930e-3d990b1f1a0b,prca05,likert5,1,1,True,validated,0
ec0c5c08-b81b-455c-930e-3d990b1f1a0b,prca06,likert5,3,3,True,validated,1
ec0c5c08-b81b-455c-930e-3d990b1f1a0b,prca13,likert5,3,3,True,validated,0
ec0c5c08-b81b-455c-930e-3d990b1f1a0b,prca14,likert5,3,3,True,validated,1
ec0c5c08-b81b-455c-930e-3d990b1f1a0b,prca15,likert5,1,1,True,validated,0
ec0c5c08-b81b-455c-930e-3d990b1f1a0b,prca16,likert5,1,5,True,validated,1
ec0c5c08-b81b-455c-930e-3d990b1f1a0b,prca17,likert5,5,1,True,validated,1
ec0c5c08-b81b-455c-930e-3d990b1f1a0b,prca18,likert5,2,2,True,validated,0
0d9b64f1-6f9f-437d-9a04-d609c57cc359,prca01,likert5,2,2,True,validated,0
0d9b64f1-6f9f-437d-9a04-d609c57cc359,prca02,likert5,2,4,True,validated,1
0d9b64f1-6f9f-437d-9a04-d609c57cc359,prca03,likert5,4,4,True,validated,0
0d9b64f1-6f9f-437d-9a04-d609c57cc359,prca04,likert5,3,3,True,validated,1
0d9b64f1-6f9f-437d-9a04-d609c57cc359,prca05,likert5,5,5,True,validated,0
0d9b64f1-6f9f-437d-9a04-d609c57cc359,prca06,likert5,3,3,True,validated,1
0d9b64f1-6f9f-437d-9a04-d609c57cc359,prca13,likert5,5) strongly agree,4,True,recode,0
0d9b64f1-6f9f-437d-9a04-d609c57cc359,prca14,likert5,3,3,True,validated,1
0d9b64f1-6f9f-437d-9a04-d609c57cc359,prca15,likert5,4,4,True,validated,0
0d9b64f1-6f9f-437d-9a04-d609c57cc359,prca16,likert5,4,2,True,validated,1
0d9b64f1-6f9f-437d-9a04-d609c57cc359,prca17,likert5,1,5,True,validated,1
0d9b64f1-6f9f-437d-9a04-d609c57cc359,prca18,likert5,4,4,True,validated,0
cceca4d3-6814-456e-a85d-b003d38faf41,prca01,likert5,3,3,True,validated,0
cceca4d3-6814-456e-a85d-b003d38faf41,prca02,likert5,5,1,True,validated,1
cceca4d3-6814-456e-a85d-b003d38faf41,prca03,likert5,1,1,True,validated,0
cceca4d3-6814-456e-a85d-b003d38faf41,prca04,likert5,4,2,True,validated,1
cceca4d3-6814-456e-a85d-b003d38faf41,prca05,likert5,3,3,True,validated,0
cceca4d3-6814-456e-a85d-b003d38faf41,prca06,likert5,1,5,True,validated,1
cceca4d3-6814-456e-a85d-b003d38faf41,prca13,likert5,2,2,True,validated,0
cceca4d3-6814-456e-a85d-b003d38faf41,prca14,likert5,5) strongly agree,1,True,recode,1
cceca4d3-6814-456e-a85d-b003d38faf41,prca15,likert5,3,3,True,validated,0
cceca4d3-6814-456e-a85d-b003d38faf41,prca16,likert5,3,3,True,validated,1
cceca4d3-6814-456e-a85d-b003d38faf41,prca17,likert5,1,5,True,validated,1
cceca4d3-6814-456e-a85d-b003d38faf41,prca18,likert5,2,2,True,validated,0
ad65bb4a-8ec6-47b2-910f-6011c640812c,prca01,likert5,4,4,True,validated,0
ad65bb4a-8ec6-47b2-910f-6011c640812c,prca02,likert5,1,5,True,validated,1
ad65bb4a-8ec6-47b2-910f-6011c640812c,prca03,likert5,2,2,True,validated,0
ad65bb4a-8ec6-47b2-910f-6011c640812c,prca04,likert5,4,2,True,validated,1
ad65bb4a-8ec6-47b2-910f-6011c640812c,prca05,likert5,2,2,True,validated,0
ad65bb4a-8ec6-47b2-910f-6011c640812c,prca06,likert5,5,1,True,validated,1
ad65bb4a-8ec6-47b2-910f-6011c640812c,prca13,likert5,4,4,True,validated,0
ad65bb4a-8ec6-47b2-910f-6011c640812c,prca14,likert5,4,2,True,validated,1
ad65bb4a-8ec6-47b2-910f-6011c640812c,prca15,likert5,1,1,True,validated,0
ad65bb4a-8ec6-47b2-910f-6011c640812c,prca16,likert5,5,1,True,validated,1
ad65bb4a-8ec6-47b2-910f-6011c640812c,prca17,likert5,2,4,True,validated,1
ad65bb4a-8ec6-47b2-910f-6011c640812c,prca18,likert5,3,3,True,validated,0
e2cf5c82-4fd6-4b9e-bc8b-3c5e0dde9560,prca01,likert5,4,4,True,validated,0
e2cf5c82-4fd6-4b9e-bc8b-3c5e0dde9560,prca02,likert5,3,3,True,validated,1
e2cf5c82-4fd6-4b9e-bc8b-3c5e0dde9560,prca03,likert5,4,4,True,validated,0
e2cf5c82-4fd6-4b9e-bc8b-3c5e0dde9560,prca04,likert5,5,1,True,validated,1
e2cf5c82-4fd6-4b9e-bc8b-3c5e0dde9560,prca05,likert5,5,5,True,validated,0
e2cf5c82-4fd6-4b9e-bc8b-3c5e0dde9560,prca06,likert5,4,2,True,validated,1
e2cf5c82-4fd6-4b9e-bc8b-3c5e0dde9560,prca13,likert5,4,4,True,validated,0
e2cf5c82-4fd6-4b9e-bc8b-3c5e0dde9560,prca14,likert5,2,4,True,validated,1
e2cf5c82-4fd6-4b9e-bc8b-3c5e0dde9560,prca15,likert5,2,2,True,validated,0
e2cf5c82-4fd6-4b9e-bc8b-3c5e0dde9560,prca16,likert5,5,1,True,validated,1
e2cf5c82-4fd6-4b9e-bc8b-3c5e0dde9560,prca17,likert5,4,2,True,validated,1
e2cf5c82-4fd6-4b9e-bc8b-3c5e0dde9560,prca18,likert5,5,5,True,validated,0
6f791dd7-1e49-4ffb-a876-c7141c8ddae6,prca01,likert5,1,1,True,validated,0
6f791dd7-1e49-4ffb-a876-c7141c8ddae6,prca02,likert5,3,3,True,validated,1
6f791dd7-1e49-4ffb-a876-c7141c8ddae6,prca03,likert5,1,1,True,validated,0
6f791dd7-1e49-4ffb-a876-c7141c8ddae6,prca04,likert5,1) strongly agree,2,True,recode,1
6f791dd7-1e49-4ffb-a876-c7141c8ddae6,prca05,likert5,3,3,True,validated,0
6f791dd7-1e49-4ffb-a876-c7141c8ddae6,prca06,likert5,3,3,True,validated,1
6f791dd7-1e49-4ffb-a876-c7141c8ddae6,prca13,likert5,3,3,True,validated,0
6f791dd7-1e49-4ffb-a876-c7141c8ddae6,prca14,likert5,1,5,True,validated,1
6f791dd7-1e49-4ffb-a876-c7141c8ddae6,prca15,likert5,1,1,True,validated,0
6f791dd7-1e49-4ffb-a876-c7141c8ddae6,prca16,likert5,1,5,True,validated,1
6f791dd7-1e49-4ffb-a876-c7141c8ddae6,prca17,likert5,4,2,True,validated,1
6f791dd7-1e49-4ffb-a876-c7141c8ddae6,prca18,likert5,3,3,True,validated,0
42afe4e5-b44f-4c84-8ae3-5e54465a6669,prca01,likert5,1,1,True,validated,0
42afe4e5-b44f-4c84-8ae3-5e54465a6669,prca02,likert5,5,1,True,validated,1
42afe4e5-b44f-4c84-8ae3-5e54465a6669,prca03,likert5,3,3,True,validated,0
42afe4e5-b44f-4c84-8ae3-5e54465a6669,prca04,likert5,3,3,True,validated,1
42afe4e5-b44f-4c84-8ae3-5e54465a6669,prca05,likert5,1,1,True,validated,0
42afe4e5-b44f-4c84-8ae3-5e54465a6669,prca06,likert5,4,2,True,validated,1
42afe4e5-b44f-4c84-8ae3-5e54465a6669,prca13,likert5,2,2,True,validated,0
42afe4e5-b44f-4c84-8ae3-5e54465a6669,prca14,likert5,3,3,True,validated,1
42afe4e5-b44f-4c84-8ae3-5e54465a6669,prca15,likert5,5,5,True,validated,0
42afe4e5-b44f-4c84-8ae3-5e54465a6669,prca16,likert5,3,3,True,validated,1
42afe4e5-b44f-4c84-8ae3-5e54465a6669,prca17,likert5,3,3,True,validated,1
42afe4e5-b44f-4c84-8ae3-5e54465a6669,prca18,likert5,5) strongly agree,5,True,recode,0
059fb6d8-ac43-4ab1-b222-28c53893e33c,prca01,likert5,4,4,True,validated,0
059fb6d8-ac43-4ab1-b222-28c53893e33c,prca02,likert5,4,2,True,validated,1
059fb6d8-ac43-4ab1-b222-28c53893e33c,prca03,likert5,4,4,True,validated,0
059fb6d8-ac43-4ab1-b222-28c53893e33c,prca04,likert5,2,4,True,validated,1
059fb6d8-ac43-4ab1-b222-28c53893e33c,prca05,likert5,1,1,True,validated,0
059fb6d8-ac43-4ab1-b222-28c53893e33c,prca06,likert5,1,5,True,validated,1
059fb6d8-ac43-4ab1-b222-28c53893e33c,prca13,likert5,4,4,True,validated,0
059fb6d8-ac43-4ab1-b222-28c53893e33c,prca14,likert5,5,1,True,validated,1
059fb6d8-ac43-4ab1-b222-28c53893e33c,prca15,likert5,3,3,True,validated,0
059fb6d8-ac43-4ab1-b222-28c53893e33c,prca16,likert5,2,4,True,validated,1
059fb6d8-ac43-4ab1-b222-28c53893e33c,prca17,likert5,2,4,True,validated,1
059fb6d8-ac43-4ab1-b222-28c53893e33c,prca18,likert5,3,3,True,validated,0
1678f8e1-1a18-4042-9a3e-9dc59de80e7a,prca01,likert5,4,4,True,validated,0
1678f8e1-1a18-4042-9a3e-9dc59de80e7a,prca02,likert5,4,2,True,validated,1
1678f8e1-1a18-4042-9a3e-9dc59de80e7a,prca03,likert5,1) strongly disagree,4,True,recode,0
1678f8e1-1a18-4042-9a3e-9dc59de80e7a,prca04,likert5,2,4,True,validated,1
1678f8e1-1a18-4042-9a3e-9dc59de80e7a,prca05,likert5,2,2,True,validated,0
1678f8e1-1a18-4042-9a3e-9dc59de80e7a,prca06,likert5,2,4,True,validated,1
1678f8e1-1a18-4042-9a3e-9dc59de80e7a,prca13,likert5,4,4,True,validated,0
1678f8e1-1a18-4042-9a3e-9dc59de80e7a,prca14,likert5,3,3,True,validated,1
1678f8e1-1a18-4042-9a3e-9dc59de80e7a,prca15,likert5,1,1,True,validated,0
1678f8e1-1a18-4042-9a3e-9dc59de80e7a,prca16,likert5,4,2,True,validated,1
1678f8e1-1a18-4042-9a3e-9dc59de80e7a,prca17,likert5,1,5,True,validated,1
1678f8e1-1a18-4042-9a3e-9dc59de80e7a,prca18,likert5,1,1,True,validated,0
4776fd27-834c-4f7c-9e41-849afc077f1e,prca01,likert5,4,4,True,validated,0
4776fd27-834c-4f7c-9e41-849afc077f1e,prca02,likert5,4,2,True,validated,1
4776fd27-834c-4f7c-9e41-849afc077f1e,prca03,likert5,2,2,True,validated,0
4776fd27-834c-4f7c-9e41-849afc077f1e,prca04,likert5,3,3,True,validated,1
4776fd27-834c-4f7c-9e41-849afc077f1e,prca05,likert5,4,4,True,validated,0
4776fd27-834c-4f7c-9e41-849afc077f1e,prca06,likert5,2,4,True,validated,1
4776fd27-834c-4f7c-9e41-849afc077f1e,prca13,likert5,3,3,True,validated,0
4776fd27-834c-4f7c-9e41-849afc077f1e,prca14,likert5,3,3,True,validated,1
4776fd27-834c-4f7c-9e41-849afc077f1e,prca15,likert5,4,4,True,validated,0
4776fd27-834c-4f7c-9e41-849afc077f1e,prca16,likert5,2,4,True,validated,1
4776fd27-834c-4f7c-9e41-849afc077f1e,prca17,likert5,1,5,True,validated,1
4776fd27-834c-4f7c-9e41-849afc077f1e,prca18,likert5,3,3,True,validated,0
3e76f851-b3f3-44a7-978b-0aa3ed90bb96,prca01,likert5,4,4,True,validated,0
3e76f851-b3f3-44a7-978b-0aa3ed90bb96,prca02,likert5,1,5,True,validated,1
3e76f851-b3f3-44a7-978b-0aa3ed90bb96,prca03,likert5,3,3,True,validated,0
3e76f851-b3f3-44a7-978b-0aa3ed90bb96,prca04,likert5,3,3,True,validated,1
3e76f851-b3f3-44a7-978b-0aa3ed90bb96,prca05,likert5,3,3,True,validated,0
3e76f851-b3f3-44a7-978b-0aa3ed90bb96,prca06,likert5,4,2,True,validated,1
3e76f851-b3f3-44a7-978b-0aa3ed90bb96,prca13,likert5,1,1,True,validated,0
3e76f851-b3f3-44a7-978b-0aa3ed90bb96,prca14,likert5,4,2,True,validated,1
3e76f851-b3f3-44a7-978b-0aa3ed90bb96,prca15,likert5,4,4,True,validated,0
3e76f851-b3f3-44a7-978b-0aa3ed90bb96,prca16,likert5,3,3,True,validated,1
3e76f851-b3f3-44a7-978b-0aa3ed90bb96,prca17,likert5,2,4,True,validated,1
3e76f851-b3f3-44a7-978b-0aa3ed90bb96,prca18,likert5,4,4,True,validated,0
f542eae0-8ade-435c-91f3-6c0836cefbae,prca01,likert5,2,2,True,validated,0
f542eae0-8ade-435c-91f3-6c0836cefbae,prca02,likert5,1,5,True,validated,1
f542eae0-8ade-435c-91f3-6c0836cefbae,prca03,likert5,4,4,True,validated,0
f542eae0-8ade-435c-91f3-6c0836cefbae,prca04,likert5,3,3,True,validated,1
f542eae0-8ade-435c-91f3-6c0836cefbae,prca05,likert5,1,1,True,validated,0
f542eae0-8ade-435c-91f3-6c0836cefbae,prca06,likert5,5,1,True,validated,1
f542eae0-8ade-435c-91f3-6c0836cefbae,prca13,likert5,5,5,True,validated,0
f542eae0-8ade-435c-91f3-6c0836cefbae,prca14,likert5,1,5,True,validated,1
f542eae0-8ade-435c-91f3-6c0836cefbae,prca15,likert5,5,5,True,validated,0
f542eae0-8ade-435c-91f3-6c0836cefbae,prca16,likert5,4,2,True,validated,1
f542eae0-8ade-435c-91f3-6c0836cefbae,prca17,likert5,3,3,True,validated,1
f542eae0-8ade-435c-91f3-6c0836cefbae,prca18,likert5,4,4,True,validated,0
68329f05-81be-4404-adab-c4929c3f5fee,prca01,likert5,4,4,True,validated,0
68329f05-81be-4404-adab-c4929c3f5fee,prca02,likert5,4,2,True,validated,1
68329f05-81be-4404-adab-c4929c3f5fee,prca03,likert5,4,4,True,validated,0
68329f05-81be-4404-adab-c4929c3f5fee,prca04,likert5,5,1,True,validated,1
68329f05-81be-4404-adab-c4929c3f5fee,prca05,likert5,1,1,True,validated,0
68329f05-81be-4404-adab-c4929c3f5fee,prca06,likert5,4,2,True,validated,1
68329f05-81be-4404-adab-c4929c3f5fee,prca13,likert5,3,3,True,validated,0
68329f05-81be-4404-adab-c4929c3f5fee,prca14,likert5,1,5,True,validated,1
68329f05-81be-4404-adab-c4929c3f5fee,prca15,likert5,5,5,True,validated,0
68329f05-81be-4404-adab-c4929c3f5fee,prca16,likert5,4,2,True,validated,1
68329f05-81be-4404-adab-c4929c3f5fee,prca17,likert5,3,3,True,validated,1
68329f05-81be-4404-adab-c4929c3f5fee,prca18,likert5,5,5,True,validated,0
7f95cd0c-f086-4e97-8c5a-f99cfdea4283,prca01,likert5,4,4,True,validated,0
7f95cd0c-f086-4e97-8c5a-f99cfdea4283,prca02,likert5,1,5,True,validated,1
7f95cd0c-f086-4e97-8c5a-f99cfdea4283,prca03,likert5,3,3,True,validated,0
7f95cd0c-f086-4e97-8c5a-f99cfdea4283,prca04,likert5,4,2,True,validated,1
7f95cd0c-f086-4e97-8c5a-f99cfdea4283,prca05,likert5,2,2,True,validated,0
7f95cd0c-f086-4e97-8c5a-f99cfdea4283,prca06,likert5,5,1,True,validated,1
7f95cd0c-f086-4e97-8c5a-f99cfdea4283,prca13,likert5,2,2,True,validated,0
7f95cd0c-f086-4e97-8c5a-f99cfdea4283,prca14,likert5,3,3,True,validated,1
7f95cd0c-f086-4e97-8c5a-f99cfdea4283,prca15,likert5,5,5,True,validated,0
7f95cd0c-f086-4e97-8c5a-f99cfdea4283,prca16,likert5,3,3,True,validated,1
7f95cd0c-f086-4e97-8c5a-f99cfdea4283,prca17,likert5,3,3,True,validated,1
7f95cd0c-f086-4e97-8c5a-f99cfdea4283,prca18,likert5,2,2,True,validated,0
905509f3-2fab-4ca7-982b-00a4b1280138,prca01,likert5,4,4,True,validated,0
905509f3-2fab-4ca7-982b-00a4b1280138,prca02,likert5,3,3,True,validated,1
905509f3-2fab-4ca7-982b-00a4b1280138,prca03,likert5,5,5,True,validated,0
905509f3-2fab-4ca7-982b-00a4b1280138,prca04,likert5,3,3,True,validated,1
905509f3-2fab-4ca7-982b-00a4b1280138,prca05,likert5,3,3,True,validated,0
905509f3-2fab-4ca7-982b-00a4b1280138,prca06,likert5,3,3,True,validated,1
905509f3-2fab-4ca7-982b-00a4b1280138,prca13,likert5,2,2,True,validated,0
905509f3-2fab-4ca7-982b-00a4b1280138,prca14,likert5,4,2,True,validated,1
905509f3-2fab-4ca7-982b-00a4b1280138,prca15,likert5,4,4,True,validated,0
905509f3-2fab-4ca7-982b-00a4b1280138,prca16,likert5,2,4,True,validated,1
905509f3-2fab-4ca7-982b-00a4b1280138,prca17,likert5,5,1,True,validated,1
905509f3-2fab-4ca7-982b-00a4b1280138,prca18,likert5,5,5,True,validated,0
259d1699-cd9a-4953-8b3f-75709b76bcc1,prca01,likert5,3,3,True,validated,0
259d1699-cd9a-4953-8b3f-75709b76bcc1,prca02,likert5,4,2,True,validated,1
259d1699-cd9a-4953-8b3f-75709b76bcc1,prca03,likert5,4,4,True,validated,0
259d1699-cd9a-4953-8b3f-75709b76bcc1,prca04,likert5,1,5,True,validated,1
259d1699-cd9a-4953-8b3f-75709b76bcc1,prca05,likert5,4,4,True,validated,0
259d1699-cd9a-4953-8b3f-75709b76bcc1,prca06,likert5,4,2,True,validated,1
259d1699-cd9a-4953-8b3f-75709b76bcc1,prca13,likert5,1,1,True,validated,0
259d1699-cd9a-4953-8b3f-75709b76bcc1,prca14,likert5,1,5,True,validated,1
259d1699-cd9a-4953-8b3f-75709b76bcc1,prca15,likert5,5,5,True,validated,0
259d1699-cd9a-4953-8b3f-75709b76bcc1,prca16,likert5,1,5,True,validated,1
259d1699-cd9a-4953-8b3f-75709b76bcc1,prca17,likert5,1,5,True,validated,1
259d1699-cd9a-4953-8b3f-75709b76bcc1,prca18,likert5,2,2,True,validated,0
3470caf0-b43c-44a0-9a41-affde03cd168,prca01,likert5,1,1,True,validated,0
3470caf0-b43c-44a0-9a41-affde03cd168,prca02,likert5,5,1,True,validated,1
3470caf0-b43c-44a0-9a41-affde03cd168,prca03,likert5,3,3,True,validated,0
3470caf0-b43c-44a0-9a41-affde03cd168,prca04,likert5,1,5,True,validated,1
3470caf0-b43c-44a0-9a41-affde03cd168,prca05,likert5,5,5,True,validated,0
3470caf0-b43c-44a0-9a41-affde03cd168,prca06,likert5,1,5,True,validated,1
3470caf0-b43c-44a0-9a41-affde03cd168,prca13,likert5,2,2,True,validated,0
3470caf0-b43c-44a0-9a41-affde03cd168,prca14,likert5,5,1,True,validated,1
3470caf0-b43c-44a0-9a41-affde03cd168,prca15,likert5,3,3,True,validated,0
3470caf0-b43c-44a0-9a41-affde03cd168,prca16,likert5,4,2,True,validated,1
3470caf0-b43c-44a0-9a41-affde03cd168,prca17,likert5,3,3,True,validated,1
3470caf0-b43c-44a0-9a41-affde03cd168,prca18,likert5,2,2,True,validated,0
9b29ad96-3f0c-4eb3-9fa0-092dfccbc679,prca01,likert5,3,3,True,validated,0
9b29ad96-3f0c-4eb3-9fa0-092dfccbc679,prca02,likert5,4,2,True,validated,1
9b29ad96-3f0c-4eb3-9fa0-092dfccbc679,prca03,likert5,5) strongly agree,4,True,recode,0
9b29ad96-3f0c-4eb3-9fa0-092dfccbc679,prca04,likert5,1,5,True,validated,1
9b29ad96-3f0c-4eb3-9fa0-092dfccbc679,prca05,likert5,5,5,True,validated,0
9b29ad96-3f0c-4eb3-9fa0-092dfccbc679,prca06,likert5,1,5,True,validated,1
9b29ad96-3f0c-4eb3-9fa0-092dfccbc679,prca13,likert5,2,2,True,validated,0
9b29ad96-3f0c-4eb3-9fa0-092dfccbc679,prca14,likert5,1,5,True,validated,1
9b29ad96-3f0c-4eb3-9fa0-092dfccbc679,prca15,likert5,2,2,True,validated,0
9b29ad96-3f0c-4eb3-9fa0-092dfccbc679,prca16,likert5,4,2,True,validated,1
9b29ad96-3f0c-4eb3-9fa0-092dfccbc679,prca17,likert5,4,2,True,validated,1
9b29ad96-3f0c-4eb3-9fa0-092dfccbc679,prca18,likert5,3,3,True,validated,0
f684fb04-e138-49a9-8635-b752b2354af0,prca01,likert5,1,1,True,validated,0
f684fb04-e138-49a9-8635-b752b2354af0,prca02,likert5,4,2,True,validated,1
f684fb04-e138-49a9-8635-b752b2354af0,prca03,likert5,4,4,True,validated,0
f684fb04-e138-49a9-8635-b752b2354af0,prca04,likert5,4,2,True,validated,1
f684fb04-e138-49a9-8635-b752b2354af0,prca05,likert5,5,5,True,validated,0
f684fb04-e138-49a9-8635-b752b2354af0,prca06,likert5,4,2,True,validated,1
f684fb04-e138-49a9-8635-b752b2354af0,prca13,likert5,4,4,True,validated,0
f684fb04-e138-49a9-8635-b752b2354af0,prca14,likert5,1,5,True,validated,1
f684fb04-e138-49a9-8635-b752b2354af0,prca15,likert5,2,2,True,validated,0
f684fb04-e138-49a9-8635-b752b2354af0,prca16,likert5,4,2,True,validated,1
f684fb04-e138-49a9-8635-b752b2354af0,prca17,likert5,4,2,True,validated,1
f684fb04-e138-49a9-8635-b752b2354af0,prca18,likert5,1,1,True,validated,0
4875b07d-886d-4ea4-8d31-fa2205684fe1,prca01,likert5,5,5,True,validated,0
4875b07d-886d-4ea4-8d31-fa2205684fe1,prca02,likert5,3,3,True,validated,1
4875b07d-886d-4ea4-8d31-fa2205684fe1,prca03,likert5,2,2,True,validated,0
4875b07d-886d-4ea4-8d31-fa2205684fe1,prca04,likert5,4,2,True,validated,1
4875b07d-886d-4ea4-8d31-fa2205684fe1,prca05,likert5,4,4,True,validated,0
4875b07d-886d-4ea4-8d31-fa2205684fe1,prca06,likert5,3,3,True,validated,1
4875b07d-886d-4ea4-8d31-fa2205684fe1,prca13,likert5,1,1,True,validated,0
4875b07d-886d-4ea4-8d31-fa2205684fe1,prca14,likert5,5,1,True,validated,1
4875b07d-886d-4ea4-8d31-fa2205684fe1,prca15,likert5,5) strongly agree,4,True,recode,0
4875b07d-886d-4ea4-8d31-fa2205684fe1,prca16,likert5,2,4,True,validated,1
4875b07d-886d-4ea4-8d31-fa2205684fe1,prca17,likert5,4,2,True,validated,1
4875b07d-886d-4ea4-8d31-fa2205684fe1,prca18,likert5,1,1,True,validated,0
1dab70bd-4a11-43c1-a724-bf7a6a5fdc7d,prca01,likert5,2,2,True,validated,0
1dab70bd-4a11-43c1-a724-bf7a6a5fdc7d,prca02,likert5,3,3,True,validated,1
1dab70bd-4a11-43c1-a724-bf7a6a5fdc7d,prca03,likert5,2,2,True,validated,0
1dab70bd-4a11-43c1-a724-bf7a6a5fdc7d,prca04,likert5,2,4,True,validated,1
1dab70bd-4a11-43c1-a724-bf7a6a5fdc7d,prca05,likert5,5,5,True,validated,0
1dab70bd-4a11-43c1-a724-bf7a6a5fdc7d,prca06,likert5,4,2,True,validated,1
1dab70bd-4a11-43c1-a724-bf7a6a5fdc7d,prca13,likert5,4,4,True,validated,0
1dab70bd-4a11-43c1-a724-bf7a6a5fdc7d,prca14,likert5,1,5,True,validated,1
1dab70bd-4a11-43c1-a724-bf7a6a5fdc7d,prca15,likert5,1,1,True,validated,0
1dab70bd-4a11-43c1-a724-bf7a6a5fdc7d,prca16,likert5,4,2,True,validated,1
1dab70bd-4a11-43c1-a724-bf7a6a5fdc7d,prca17,likert5,4,2,True,validated,1
1dab70bd-4a11-43c1-a724-bf7a6a5fdc7d,prca18,likert5,4,4,True,validated,0
2e9b7e2d-c923-40f3-9753-64225b7e718e,prca01,likert5,5) strongly agree,4,True,recode,0
2e9b7e2d-c923-40f3-9753-64225b7e718e,prca02,likert5,4,2,True,validated,1
2e9b7e2d-c923-40f3-9753-64225b7e718e,prca03,likert5,1,1,True,validated,0
2e9b7e2d-c923-40f3-9753-64225b7e718e,prca04,likert5,1,5,True,validated,1
2e9b7e2d-c923-40f3-9753-64225b7e718e,prca05,likert5,2,2,True,validated,0
2e9b7e2d-c923-40f3-9753-64225b7e718e,prca06,likert5,1,5,True,validated,1
2e9b7e2d-c923-40f3-9753-64225b7e718e,prca13,likert5,5) strongly agree,4,True,recode,0
2e9b7e2d-c923-40f3-9753-64225b7e718e,prca14,likert5,4,2,True,validated,1
2e9b7e2d-c923-40f3-9753-64225b7e718e,prca15,likert5,1,1,True,validated,0
2e9b7e2d-c923-40f3-9753-64225b7e718e,prca16,likert5,4,2,True,validated,1
2e9b7e2d-c923-40f3-9753-64225b7e718e,prca17,likert5,3,3,True,validated,1
2e9b7e2d-c923-40f3-9753-64225b7e718e,prca18,likert5,4,4,True,validated,0
3dcda165-e1eb-4992-824f-61c0c003ff76,prca01,likert5,2,2,True,validated,0
3dcda165-e1eb-4992-824f-61c0c003ff76,prca02,likert5,3,3,True,validated,1
3dcda165-e1eb-4992-824f-61c0c003ff76,prca03,likert5,3,3,True,validated,0
3dcda165-e1eb-4992-824f-61c0c003ff76,prca04,likert5,4,2,True,validated,1
3dcda165-e1eb-4992-824f-61c0c003ff76,prca05,likert5,4,4,True,validated,0
3dcda165-e1eb-4992-824f-61c0c003ff76,prca06,likert5,4,2,True,validated,1
3dcda165-e1eb-4992-824f-61c0c003ff76,prca13,likert5,3,3,True,validated,0
3dcda165-e1eb-4992-824f-61c0c003ff76,prca14,likert5,5,1,True,validated,1
3dcda165-e1eb-4992-824f-61c0c003ff76,prca15,likert5,4,4,True,validated,0
3dcda165-e1eb-4992-824f-61c0c003ff76,prca16,likert5,3,3,True,validated,1
3dcda165-e1eb-4992-824f-61c0c003ff76,prca17,likert5,1,5,True,validated,1
3dcda165-e1eb-4992-824f-61c0c003ff76,prca18,likert5,4,4,True,validated,0
9dd83cb9-71a7-46d8-9d0a-648d835d4005,prca01,likert5,3,3,True,validated,0
9dd83cb9-71a7-46d8-9d0a-648d835d4005,prca02,likert5,3,3,True,validated,1
9dd83cb9-71a7-46d8-9d0a-648d835d4005,prca03,likert5,4,4,True,validated,0
9dd83cb9-71a7-46d8-9d0a-648d835d4005,prca04,likert5,3,3,True,validated,1
9dd83cb9-71a7-46d8-9d0a-648d835d4005,prca05,likert5,4,4,True,validated,0
9dd83cb9-71a7-46d8-9d0a-648d835d4005,prca06,likert5,4,2,True,validated,1
9dd83cb9-71a7-46d8-9d0a-648d835d4005,prca13,likert5,5,5,True,validated,0
9dd83cb9-71a7-46d8-9d0a-648d835d4005,prca14,likert5,4,2,True,validated,1
9dd83cb9-71a7-46d8-9d0a-648d835d4005,prca15,likert5,5,5,True,validated,0
9dd83cb9-71a7-46d8-9d0a-648d835d4005,prca16,likert5,4,2,True,validated,1
9dd83cb9-71a7-46d8-9d0a-648d835d4005,prca17,likert5,4,2,True,validated,1
9dd83cb9-71a7-46d8-9d0a-648d835d4005,prca18,likert5,5) strongly agree,5,True,recode,0
6ab1a48c-338d-432a-aff5-16e637e5e7b1,prca01,likert5,5,5,True,validated,0
6ab1a48c-338d-432a-aff5-16e637e5e7b1,prca02,likert5,4,2,True,validated,1
6ab1a48c-338d-432a-aff5-16e637e5e7b1,prca03,likert5,3,3,True,validated,0
6ab1a48c-338d-432a-aff5-16e637e5e7b1,prca04,likert5,2,4,True,validated,1
6ab1a48c-338d-432a-aff5-16e637e5e7b1,prca05,likert5,4,4,True,validated,0
6ab1a48c-338d-432a-aff5-16e637e5e7b1,prca06,likert5,5) strongly agree,3,True,recode,1
6ab1a48c-338d-432a-aff5-16e637e5e7b1,prca13,likert5,5,5,True,validated,0
6ab1a48c-338d-432a-aff5-16e637e5e7b1,prca14,likert5,4,2,True,validated,1
6ab1a48c-338d-432a-aff5-16e637e5e7b1,prca15,likert5,2,2,True,validated,0
6ab1a48c-338d-432a-aff5-16e637e5e7b1,prca16,likert5,3,3,True,validated,1
6ab1a48c-338d-432a-aff5-16e637e5e7b1,prca17,likert5,1,5,True,validated,1
6ab1a48c-338d-432a-aff5-16e637e5e7b1,prca18,likert5,5) strongly agree,4,True,recode,0
c383f220-11f1-4179-b1e5-9131b12d5f75,prca01,likert5,4,4,True,validated,0
c383f220-11f1-4179-b1e5-9131b12d5f75,prca02,likert5,2,4,True,validated,1
c383f220-11f1-4179-b1e5-9131b12d5f75,prca03,likert5,2,2,True,validated,0
c383f220-11f1-4179-b1e5-9131b12d5f75,prca04,likert5,1,5,True,validated,1
c383f220-11f1-4179-b1e5-9131b12d5f75,prca05,likert5,1,1,True,validated,0
c383f220-11f1-4179-b1e5-9131b12d5f75,prca06,likert5,4,2,True,validated,1
c383f220-11f1-4179-b1e5-9131b12d5f75,prca13,likert5,2,2,True,validated,0
c383f220-11f1-4179-b1e5-9131b12d5f75,prca14,likert5,5,1,True,validated,1
c383f220-11f1-4179-b1e5-9131b12d5f75,prca15,likert5,2,2,True,validated,0
c383f220-11f1-4179-b1e5-9131b12d5f75,prca16,likert5,3,3,True,validated,1
c383f220-11f1-4179-b1e5-9131b12d5f75,prca17,likert5,3,3,True,validated,1
c383f220-11f1-4179-b1e5-9131b12d5f75,prca18,likert5,4,4,True,validated,0
9a91d4bc-0b1c-4000-ace7-f51ec57c2dc6,prca01,likert5,2,2,True,validated,0
9a91d4bc-0b1c-4000-ace7-f51ec57c2dc6,prca02,likert5,5) strongly agree,1,True,recode,1
9a91d4bc-0b1c-4000-ace7-f51ec57c2dc6,prca03,likert5,5,5,True,validated,0
9a91d4bc-0b1c-4000-ace7-f51ec57c2dc6,prca04,likert5,4,2,True,validated,1
9a91d4bc-0b1c-4000-ace7-f51ec57c2dc6,prca05,likert5,2,2,True,validated,0
9a91d4bc-0b1c-4000-ace7-f51ec57c2dc6,prca06,likert5,4,2,True,validated,1
9a91d4bc-0b1c-4000-ace7-f51ec57c2dc6,prca13,likert5,3,3,True,validated,0
9a91d4bc-0b1c-4000-ace7-f51ec57c2dc6,prca14,likert5,1,5,True,validated,1
9a91d4bc-0b1c-4000-ace7-f51ec57c2dc6,prca15,likert5,4,4,True,validated,0
9a91d4bc-0b1c-4000-ace7-f51ec57c2dc6,prca16,likert5,3,3,True,validated,1
9a91d4bc-0b1c-4000-ace7-f51ec57c2dc6,prca17,likert5,2,4,True,validated,1
9a91d4bc-0b1c-4000-ace7-f51ec57c2dc6,prca18,likert5,3,3,True,validated,0
5e57008c-9323-405f-8017-f18b4beaffea,prca01,likert5,3,3,True,validated,0
5e57008c-9323-405f-8017-f18b4beaffea,prca02,likert5,4,2,True,validated,1
5e57008c-9323-405f-8017-f18b4beaffea,prca03,likert5,1,1,True,validated,0
5e57008c-9323-405f-8017-f18b4beaffea,prca04,likert5,2,4,True,validated,1
5e57008c-9323-405f-8017-f18b4beaffea,prca05,likert5,2,2,True,validated,0
5e57008c-9323-405f-8017-f18b4beaffea,prca06,likert5,5,1,True,validated,1
5e57008c-9323-405f-8017-f18b4beaffea,prca13,likert5,4,4,True,validated,0
5e57008c-9323-405f-8017-f18b4beaffea,prca14,likert5,4,2,True,validated,1
5e57008c-9323-405f-8017-f18b4beaffea,prca15,likert5,4,4,True,validated,0
5e57008c-9323-405f-8017-f18b4beaffea,prca16,likert5,2,4,True,validated,1
5e57008c-9323-405f-8017-f18b4beaffea,prca17,likert5,4,2,True,validated,1
5e57008c-9323-405f-8017-f18b4beaffea,prca18,likert5,3,3,True,validated,0
ee190025-cb09-48e6-9702-3d90171067c3,prca01,likert5,5,5,True,validated,0
ee190025-cb09-48e6-9702-3d90171067c3,prca02,likert5,4,2,True,validated,1
ee190025-cb09-48e6-9702-3d90171067c3,prca03,likert5,4,4,True,validated,0
ee190025-cb09-48e6-9702-3d90171067c3,prca04,likert5,3,3,True,validated,1
ee190025-cb09-48e6-9702-3d90171067c3,prca05,likert5,1,1,True,validated,0
ee190025-cb09-48e6-9702-3d90171067c3,prca06,likert5,2,4,True,validated,1
ee190025-cb09-48e6-9702-3d90171067c3,prca13,likert5,5,5,True,validated,0
ee190025-cb09-48e6-9702-3d90171067c3,prca14,likert5,3,3,True,validated,1
ee190025-cb09-48e6-9702-3d90171067c3,prca15,likert5,2,2,True,validated,0
ee190025-cb09-48e6-9702-3d90171067c3,prca16,likert5,4,2,True,validated,1
ee190025-cb09-48e6-9702-3d90171067c3,prca17,likert5,3,3,True,validated,1
ee190025-cb09-48e6-9702-3d90171067c3,prca18,likert5,5) strongly agree,3,True,recode,0
25bc7a5b-b2ea-4cee-a3a0-11641d8f647a,prca01,likert5,3,3,True,validated,0
25bc7a5b-b2ea-4cee-a3a0-11641d8f647a,prca02,likert5,5,1,True,validated,1
25bc7a5b-b2ea-4cee-a3a0-11641d8f647a,prca03,likert5,3,3,True,validated,0
25bc7a5b-b2ea-4cee-a3a0-11641d8f647a,prca04,likert5,1,5,True,validated,1
25bc7a5b-b2ea-4cee-a3a0-11641d8f647a,prca05,likert5,4,4,True,validated,0
25bc7a5b-b2ea-4cee-a3a0-11641d8f647a,prca06,likert5,1,5,True,validated,1
25bc7a5b-b2ea-4cee-a3a0-11641d8f647a,prca13,likert5,4,4,True,validated,0
25bc7a5b-b2ea-4cee-a3a0-11641d8f647a,prca14,likert5,4,2,True,validated,1
25bc7a5b-b2ea-4cee-a3a0-11641d8f647a,prca15,likert5,4,4,True,validated,0
25bc7a5b-b2ea-4cee-a3a0-11641d8f647a,prca16,likert5,2,4,True,validated,1
25bc7a5b-b2ea-4cee-a3a0-11641d8f647a,prca17,likert5,2,4,True,validated,1
25bc7a5b-b2ea-4cee-a3a0-11641d8f647a,prca18,likert5,1,1,True,validated,0
874a705f-f48a-4ac9-8e50-37ee9528236d,prca01,likert5,5,5,True,validated,0
874a705f-f48a-4ac9-8e50-37ee9528236d,prca02,likert5,1,5,True,validated,1
874a705f-f48a-4ac9-8e50-37ee9528236d,prca03,likert5,2,2,True,validated,0
874a705f-f48a-4ac9-8e50-37ee9528236d,prca04,likert5,2,4,True,validated,1
874a705f-f48a-4ac9-8e50-37ee9528236d,prca05,likert5,4,4,True,validated,0
874a705f-f48a-4ac9-8e50-37ee9528236d,prca06,likert5,2,4,True,validated,1
874a705f-f48a-4ac9-8e50-37ee9528236d,prca13,likert5,2,2,True,validated,0
874a705f-f48a-4ac9-8e50-37ee9528236d,prca14,likert5,3,3,True,validated,1
874a705f-f48a-4ac9-8e50-37ee9528236d,prca15,likert5,4,4,True,validated,0
874a705f-f48a-4ac9-8e50-37ee9528236d,prca16,likert5,4,2,True,validated,1
874a705f-f48a-4ac9-8e50-37ee9528236d,prca17,likert5,4,2,True,validated,1
874a705f-f48a-4ac9-8e50-37ee9528236d,prca18,likert5,5,5,True,validated,0
a927bab5-e591-4e57-95f5-ea09858a023e,prca01,likert5,5,5,True,validated,0
a927bab5-e591-4e57-95f5-ea09858a023e,prca02,likert5,4,2,True,validated,1
a927bab5-e591-4e57-95f5-ea09858a023e,prca03,likert5,2,2,True,validated,0
a927bab5-e591-4e57-95f5-ea09858a023e,prca04,likert5,4,2,True,validated,1
a927bab5-e591-4e57-95f5-ea09858a023e,prca05,likert5,5) strongly agree,4,True,recode,0
a927bab5-e591-4e57-95f5-ea09858a023e,prca06,likert5,4,2,True,validated,1
a927bab5-e591-4e57-95f5-ea09858a023e,prca13,likert5,3,3,True,validated,0
a927bab5-e591-4e57-95f5-ea09858a023e,prca14,likert5,2,4,True,validated,1
a927bab5-e591-4e57-95f5-ea09858a023e,prca15,likert5,4,4,True,validated,0
a927bab5-e591-4e57-95f5-ea09858a023e,prca16,likert5,4,2,True,validated,1
a927bab5-e591-4e57-95f5-ea09858a023e,prca17,likert5,4,2,True,validated,1
a927bab5-e591-4e57-95f5-ea09858a023e,prca18,likert5,3,3,True,validated,0
07e8b018-85cd-4617-b42a-eb0c910cb0ac,prca01,likert5,5,5,True,validated,0
07e8b018-85cd-4617-b42a-eb0c910cb0ac,prca02,likert5,4,2,True,validated,1
07e8b018-85cd-4617-b42a-eb0c910cb0ac,prca03,likert5,4,4,True,validated,0
07e8b018-85cd-4617-b42a-eb0c910cb0ac,prca04,likert5,4,2,True,validated,1
07e8b018-85cd-4617-b42a-eb0c910cb0ac,prca05,likert5,1,1,True,validated,0
07e8b018-85cd-4617-b42a-eb0c910cb0ac,prca06,likert5,5,1,True,validated,1
07e8b018-85cd-4617-b42a-eb0c910cb0ac,prca13,likert5,3,3,True,validated,0
07e8b018-85cd-4617-b42a-eb0c910cb0ac,prca14,likert5,2,4,True,validated,1
07e8b018-85cd-4617-b42a-eb0c910cb0ac,prca15,likert5,5,5,True,validated,0
07e8b018-85cd-4617-b42a-eb0c910cb0ac,prca16,likert5,3,3,True,validated,1
07e8b018-85cd-4617-b42a-eb0c910cb0ac,prca17,likert5,4,2,True,validated,1
07e8b018-85cd-4617-b42a-eb0c910cb0ac,prca18,likert5,1,1,True,validated,0
32e1ba10-1d29-480d-8099-e9fdf3eaf89a,prca01,likert5,5,5,True,validated,0
32e1ba10-1d29-480d-8099-e9fdf3eaf89a,prca02,likert5,3,3,True,validated,1
32e1ba10-1d29-480d-8099-e9fdf3eaf89a,prca03,likert5,2,2,True,validated,0
32e1ba10-1d29-480d-8099-e9fdf3eaf89a,prca04,likert5,5,1,True,validated,1
32e1ba10-1d29-480d-8099-e9fdf3eaf89a,prca05,likert5,4,4,True,validated,0
32e1ba10-1d29-480d-8099-e9fdf3eaf89a,prca06,likert5,4,2,True,validated,1
32e1ba10-1d29-480d-8099-e9fdf3eaf89a,prca13,likert5,4,4,True,validated,0
32e1ba10-1d29-480d-8099-e9fdf3eaf89a,prca14,likert5,3,3,True,validated,1
32e1ba10-1d29-480d-8099-e9fdf3eaf89a,prca15,likert5,1,1,True,validated,0
32e1ba10-1d29-480d-8099-e9fdf3eaf89a,prca16,likert5,4,2,True,validated,1
32e1ba10-1d29-480d-8099-e9fdf3eaf89a,prca17,likert5,5,1,True,validated,1
32e1ba10-1d29-480d-8099-e9fdf3eaf89a,prca18,likert5,3,3,True,validated,0
a6d4decb-c6f3-43ca-95c6-6f742bb6c0b2,prca01,likert5,1,1,True,validated,0
a6d4decb-c6f3-43ca-95c6-6f742bb6c0b2,prca02,likert5,5,1,True,validated,1
a6d4decb-c6f3-43ca-95c6-6f742bb6c0b2,prca03,likert5,2,2,True,validated,0
a6d4decb-c6f3-43ca-95c6-6f742bb6c0b2,prca04,likert5,5,1,True,validated,1
a6d4decb-c6f3-43ca-95c6-6f742bb6c0b2,prca05,likert5,5,5,True,validated,0
a6d4decb-c6f3-43ca-95c6-6f742bb6c0b2,prca06,likert5,5,1,True,validated,1
a6d4decb-c6f3-43ca-95c6-6f742bb6c0b2,prca13,likert5,3,3,True,validated,0
a6d4decb-c6f3-43ca-95c6-6f742bb6c0b2,prca14,likert5,5,1,True,validated,1
a6d4decb-c6f3-43ca-95c6-6f742bb6c0b2,prca15,likert5,2,2,True,validated,0
a6d4decb-c6f3-43ca-95c6-6f742bb6c0b2,prca16,likert5,1,5,True,validated,1
a6d4decb-c6f3-43ca-95c6-6f742bb6c0b2,prca17,likert5,4,2,True,validated,1
a6d4decb-c6f3-43ca-95c6-6f742bb6c0b2,prca18,likert5,4,4,True,validated,0
1eb98a38-1dff-4dba-bb94-6363f20a8046,prca01,likert5,5,5,True,validated,0
1eb98a38-1dff-4dba-bb94-6363f20a8046,prca02,likert5,4,2,True,validated,1
1eb98a38-1dff-4dba-bb94-6363f20a8046,prca03,likert5,1,1,True,validated,0
1eb98a38-1dff-4dba-bb94-6363f20a8046,prca04,likert5,3,3,True,validated,1
1eb98a38-1dff-4dba-bb94-6363f20a8046,prca05,likert5,1,1,True,validated,0
1eb98a38-1dff-4dba-bb94-6363f20a8046,prca06,likert5,4,2,True,validated,1
1eb98a38-1dff-4dba-bb94-6363f20a8046,prca13,likert5,5,5,True,validated,0
1eb98a38-1dff-4dba-bb94-6363f20a8046,prca14,likert5,3,3,True,validated,1
1eb98a38-1dff-4dba-bb94-6363f20a8046,prca15,likert5,1,1,True,validated,0
1eb98a38-1dff-4dba-bb94-6363f20a8046,prca16,likert5,4,2,True,validated,1
1eb98a38-1dff-4dba-bb94-6363f20a8046,prca17,likert5,4,2,True,validated,1
1eb98a38-1dff-4dba-bb94-6363f20a8046,prca18,likert5,3,3,True,validated,0
5e42017c-3201-4d35-8eda-70ad8302632c,prca01,likert5,2,2,True,validated,0
5e42017c-3201-4d35-8eda-70ad8302632c,prca02,likert5,4,2,True,validated,1
5e42017c-3201-4d35-8eda-70ad8302632c,prca03,likert5,2,2,True,validated,0
5e42017c-3201-4d35-8eda-70ad8302632c,prca04,likert5,3,3,True,validated,1
5e42017c-3201-4d35-8eda-70ad8302632c,prca05,likert5,3,3,True,validated,0
5e42017c-3201-4d35-8eda-70ad8302632c,prca06,likert5,1,5,True,validated,1
5e42017c-3201-4d35-8eda-70ad8302632c,prca13,likert5,4,4,True,validated,0
5e42017c-3201-4d35-8eda-70ad8302632c,prca14,likert5,3,3,True,validated,1
5e42017c-3201-4d35-8eda-70ad8302632c,prca15,likert5,3,3,True,validated,0
5e42017c-3201-4d35-8eda-70ad8302632c,prca16,likert5,2,4,True,validated,1
5e42017c-3201-4d35-8eda-70ad8302632c,prca17,likert5,3,3,True,validated,1
5e42017c-3201-4d35-8eda-70ad8302632c,prca18,likert5,1,1,True,validated,0
db83be50-a3d1-4cf4-9439-a8cd5ffd5398,prca01,likert5,5,5,True,validated,0
db83be50-a3d1-4cf4-9439-a8cd5ffd5398,prca02,likert5,1,5,True,validated,1
db83be50-a3d1-4cf4-9439-a8cd5ffd5398,prca03,likert5,4,4,True,validated,0
db83be50-a3d1-4cf4-9439-a8cd5ffd5398,prca04,likert5,4,2,True,validated,1
db83be50-a3d1-4cf4-9439-a8cd5ffd5398,prca05,likert5,4,4,True,validated,0
db83be50-a3d1-4cf4-9439-a8cd5ffd5398,prca06,likert5,5,1,True,validated,1
db83be50-a3d1-4cf4-9439-a8cd5ffd5398,prca13,likert5,4,4,True,validated,0
db83be50-a3d1-4cf4-9439-a8cd5ffd5398,prca14,likert5,2,4,True,validated,1
db83be50-a3d1-4cf4-9439-a8cd5ffd5398,prca15,likert5,5,5,True,validated,0
db83be50-a3d1-4cf4-9439-a8cd5ffd5398,prca16,likert5,5,1,True,validated,1
db83be50-a3d1-4cf4-9439-a8cd5ffd5398,prca17,likert5,4,2,True,validated,1
db83be50-a3d1-4cf4-9439-a8cd5ffd5398,prca18,likert5,1,1,True,validated,0
95d583dc-8394-4bb0-8978-b59344336a9e,prca01,likert5,2,2,True,validated,0
95d583dc-8394-4bb0-8978-b59344336a9e,prca02,likert5,1,5,True,validated,1
95d583dc-8394-4bb0-8978-b59344336a9e,prca03,likert5,4,4,True,validated,0
95d583dc-8394-4bb0-8978-b59344336a9e,prca04,likert5,2,4,True,validated,1
95d583dc-8394-4bb0-8978-b59344336a9e,prca05,likert5,2,2,True,validated,0
95d583dc-8394-4bb0-8978-b59344336a9e,prca06,likert5,5) strongly agree,2,True,recode,1
95d583dc-8394-4bb0-8978-b59344336a9e,prca13,likert5,4,4,True,validated,0
95d583dc-8394-4bb0-8978-b59344336a9e,prca14,likert5,1,5,True,validated,1
95d583dc-8394-4bb0-8978-b59344336a9e,prca15,likert5,1,1,True,validated,0
95d583dc-8394-4bb0-8978-b59344336a9e,prca16,likert5,4,2,True,validated,1
95d583dc-8394-4bb0-8978-b59344336a9e,prca17,likert5,5) strongly agree,2,True,recode,1
95d583dc-8394-4bb0-8978-b59344336a9e,prca18,likert5,3,3,True,validated,0
886670b5-0539-4dba-ad20-a471e0648441,prca01,likert5,4,4,True,validated,0
886670b5-0539-4dba-ad20-a471e0648441,prca02,likert5,2,4,True,validated,1
886670b5-0539-4dba-ad20-a471e0648441,prca03,likert5,5) strongly agree,4,True,recode,0
886670b5-0539-4dba-ad20-a471e0648441,prca04,likert5,2,4,True,validated,1
886670b5-0539-4dba-ad20-a471e0648441,prca05,likert5,1,1,True,validated,0
886670b5-0539-4dba-ad20-a471e0648441,prca06,likert5,4,2,True,validated,1
886670b5-0539-4dba-ad20-a471e0648441,prca13,likert5,5,5,True,validated,0
886670b5-0539-4dba-ad20-a471e0648441,prca14,likert5,3,3,True,validated,1
886670b5-0539-4dba-ad20-a471e0648441,prca15,likert5,4,4,True,validated,0
886670b5-0539-4dba-ad20-a471e0648441,prca16,likert5,5,1,True,validated,1
886670b5-0539-4dba-ad20-a471e0648441,prca17,likert5,5) strongly agree,1,True,recode,1
886670b5-0539-4dba-ad20-a471e0648441,prca18,likert5,5,5,True,validated,0
4247d420-b0f0-49cf-8209-840424e9b8d2,prca01,likert5,4,4,True,validated,0
4247d420-b0f0-49cf-8209-840424e9b8d2,prca02,likert5,5) strongly agree,2,True,recode,1
4247d420-b0f0-49cf-8209-840424e9b8d2,prca03,likert5,2,2,True,validated,0
4247d420-b0f0-49cf-8209-840424e9b8d2,prca04,likert5,3,3,True,validated,1
4247d420-b0f0-49cf-8209-840424e9b8d2,prca05,likert5,4,4,True,validated,0
4247d420-b0f0-49cf-8209-840424e9b8d2,prca06,likert5,4,2,True,validated,1
4247d420-b0f0-49cf-8209-840424e9b8d2,prca13,likert5,3,3,True,validated,0
4247d420-b0f0-49cf-8209-840424e9b8d2,prca14,likert5,1,5,True,validated,1
4247d420-b0f0-49cf-8209-840424e9b8d2,prca15,likert5,2,2,True,validated,0
4247d420-b0f0-49cf-8209-840424e9b8d2,prca16,likert5,3,3,True,validated,1
4247d420-b0f0-49cf-8209-840424e9b8d2,prca17,likert5,3,3,True,validated,1
4247d420-b0f0-49cf-8209-840424e9b8d2,prca18,likert5,1,1,True,validated,0
90c6dbb0-1fc5-44c7-817d-2e2a5f6ef342,prca01,likert5,1,1,True,validated,0
90c6dbb0-1fc5-44c7-817d-2e2a5f6ef342,prca02,likert5,4,2,True,validated,1
90c6dbb0-1fc5-44c7-817d-2e2a5f6ef342,prca03,likert5,1,1,True,validated,0
90c6dbb0-1fc5-44c7-817d-2e2a5f6ef342,prca04,likert5,2,4,True,validated,1
90c6dbb0-1fc5-44c7-817d-2e2a5f6ef342,prca05,likert5,4,4,True,validated,0
90c6dbb0-1fc5-44c7-817d-2e2a5f6ef342,prca06,likert5,4,2,True,validated,1
90c6dbb0-1fc5-44c7-817d-2e2a5f6ef342,prca13,likert5,5,5,True,validated,0
90c6dbb0-1fc5-44c7-817d-2e2a5f6ef342,prca14,likert5,4,2,True,validated,1
90c6dbb0-1fc5-44c7-817d-2e2a5f6ef342,prca15,likert5,5,5,True,validated,0
90c6dbb0-1fc5-44c7-817d-2e2a5f6ef342,prca16,likert5,3,3,True,validated,1
90c6dbb0-1fc5-44c7-817d-2e2a5f6ef342,prca17,likert5,4,2,True,validated,1
90c6dbb0-1fc5-44c7-817d-2e2a5f6ef342,prca18,likert5,4,4,True,validated,0
212eb7a9-ff77-4e20-880e-d6f358e25d8b,prca01,likert5,5,5,True,validated,0
212eb7a9-ff77-4e20-880e-d6f358e25d8b,prca02,likert5,4,2,True,validated,1
212eb7a9-ff77-4e20-880e-d6f358e25d8b,prca03,likert5,2,2,True,validated,0
212eb7a9-ff77-4e20-880e-d6f358e25d8b,prca04,likert5,4,2,True,validated,1
212eb7a9-ff77-4e20-880e-d6f358e25d8b,prca05,likert5,5,5,True,validated,0
212eb7a9-ff77-4e20-880e-d6f358e25d8b,prca06,likert5,3,3,True,validated,1
212eb7a9-ff77-4e20-880e-d6f358e25d8b,prca13,likert5,5,5,True,validated,0
212eb7a9-ff77-4e20-880e-d6f358e25d8b,prca14,likert5,3,3,True,validated,1
212eb7a9-ff77-4e20-880e-d6f358e25d8b,prca15,likert5,5,5,True,validated,0
212eb7a9-ff77-4e20-880e-d6f358e25d8b,prca16,likert5,1,5,True,validated,1
212eb7a9-ff77-4e20-880e-d6f358e25d8b,prca17,likert5,4,2,True,validated,1
212eb7a9-ff77-4e20-880e-d6f358e25d8b,prca18,likert5,4,4,True,validated,0
31c64f17-9ac9-433e-bc32-bd9b8dabcbcf,prca01,likert5,3,3,True,validated,0
31c64f17-9ac9-433e-bc32-bd9b8dabcbcf,prca02,likert5,5,1,True,validated,1
31c64f17-9ac9-433e-bc32-bd9b8dabcbcf,prca03,likert5,1,1,True,validated,0
31c64f17-9ac9-433e-bc32-bd9b8dabcbcf,prca04,likert5,1,5,True,validated,1
31c64f17-9ac9-433e-bc32-bd9b8dabcbcf,prca05,likert5,2,2,True,validated,0
31c64f17-9ac9-433e-bc32-bd9b8dabcbcf,prca06,likert5,1,5,True,validated,1
31c64f17-9ac9-433e-bc32-bd9b8dabcbcf,prca13,likert5,4,4,True,validated,0
31c64f17-9ac9-433e-bc32-bd9b8dabcbcf,prca14,likert5,2,4,True,validated,1
31c64f17-9ac9-433e-bc32-bd9b8dabcbcf,prca15,likert5,1,1,True,validated,0
31c64f17-9ac9-433e-bc32-bd9b8dabcbcf,prca16,likert5,5,1,True,validated,1
31c64f17-9ac9-433e-bc32-bd9b8dabcbcf,prca17,likert5,5,1,True,validated,1
31c64f17-9ac9-433e-bc32-bd9b8dabcbcf,prca18,likert5,1,1,True,validated,0
c0cbd9ba-cf6e-4c75-90f0-781c57ad8815,prca01,likert5,3,3,True,validated,0
c0cbd9ba-cf6e-4c75-90f0-781c57ad8815,prca02,likert5,2,4,True,validated,1
c0cbd9ba-cf6e-4c75-90f0-781c57ad8815,prca03,likert5,3,3,True,validated,0
c0cbd9ba-cf6e-4c75-90f0-781c57ad8815,prca04,likert5,3,3,True,validated,1
c0cbd9ba-cf6e-4c75-90f0-781c57ad8815,prca05,likert5,2,2,True,validated,0
c0cbd9ba-cf6e-4c75-90f0-781c57ad8815,prca06,likert5,4,2,True,validated,1
c0cbd9ba-cf6e-4c75-90f0-781c57ad8815,prca13,likert5,2,2,True,validated,0
c0cbd9ba-cf6e-4c75-90f0-781c57ad8815,prca14,likert5,4,2,True,validated,1
c0cbd9ba-cf6e-4c75-90f0-781c57ad8815,prca15,likert5,5,5,True,validated,0
c0cbd9ba-cf6e-4c75-90f0-781c57ad8815,prca16,likert5,2,4,True,validated,1
c0cbd9ba-cf6e-4c75-90f0-781c57ad8815,prca17,likert5,2,4,True,validated,1
c0cbd9ba-cf6e-4c75-90f0-781c57ad8815,prca18,likert5,3,3,True,validated,0
f0370ba3-27b2-4b00-9685-b96f3b002e27,prca01,likert5,1,1,True,validated,0
f0370ba3-27b2-4b00-9685-b96f3b002e27,prca02,likert5,4,2,True,validated,1
f0370ba3-27b2-4b00-9685-b96f3b002e27,prca03,likert5,2,2,True,validated,0
f0370ba3-27b2-4b00-9685-b96f3b002e27,prca04,likert5,4,2,True,validated,1
f0370ba3-27b2-4b00-9685-b96f3b002e27,prca05,likert5,3,3,True,validated,0
f0370ba3-27b2-4b00-9685-b96f3b002e27,prca06,likert5,3,3,True,validated,1
f0370ba3-27b2-4b00-9685-b96f3b002e27,prca13,likert5,4,4,True,validated,0
f0370ba3-27b2-4b00-9685-b96f3b002e27,prca14,likert5,5) strongly agree,3,True,recode,1
f0370ba3-27b2-4b00-9685-b96f3b002e27,prca15,likert5,3,3,True,validated,0
f0370ba3-27b2-4b00-9685-b96f3b002e27,prca16,likert5,1,5,True,validated,1
f0370ba3-27b2-4b00-9685-b96f3b002e27,prca17,likert5,3,3,True,validated,1
f0370ba3-27b2-4b00-9685-b96f3b002e27,prca18,likert5,1,1,True,validated,0
482fbacf-30b9-4c9f-9fe5-97e8d4be4747,prca01,likert5,5,5,True,validated,0
482fbacf-30b9-4c9f-9fe5-97e8d4be4747,prca02,likert5,1,5,True,validated,1
482fbacf-30b9-4c9f-9fe5-97e8d4be4747,prca03,likert5,5,5,True,validated,0
482fbacf-30b9-4c9f-9fe5-97e8d4be4747,prca04,likert5,1,5,True,validated,1
482fbacf-30b9-4c9f-9fe5-97e8d4be4747,prca05,likert5,3,3,True,validated,0
482fbacf-30b9-4c9f-9fe5-97e8d4be4747,prca06,likert5,1,5,True,validated,1
482fbacf-30b9-4c9f-9fe5-97e8d4be4747,prca13,likert5,2,2,True,validated,0
482fbacf-30b9-4c9f-9fe5-97e8d4be4747,prca14,likert5,3,3,True,validated,1
482fbacf-30b9-4c9f-9fe5-97e8d4be4747,prca15,likert5,1,1,True,validated,0
482fbacf-30b9-4c9f-9fe5-97e8d4be4747,prca16,likert5,1,5,True,validated,1
482fbacf-30b9-4c9f-9fe5-97e8d4be4747,prca17,likert5,4,2,True,validated,1
482fbacf-30b9-4c9f-9fe5-97e8d4be4747,prca18,likert5,1,1,True,validated,0
6a7d365c-c9d9-4937-9518-9d41920a391b,prca01,likert5,1,1,True,validated,0
6a7d365c-c9d9-4937-9518-9d41920a391b,prca02,likert5,4,2,True,validated,1
6a7d365c-c9d9-4937-9518-9d41920a391b,prca03,likert5,5) strongly agree,4,True,recode,0
6a7d365c-c9d9-4937-9518-9d41920a391b,prca04,likert5,4,2,True,validated,1
6a7d365c-c9d9-4937-9518-9d41920a391b,prca05,likert5,4,4,True,validated,0
6a7d365c-c9d9-4937-9518-9d41920a391b,prca06,likert5,4,2,True,validated,1
6a7d365c-c9d9-4937-9518-9d41920a391b,prca13,likert5,1,1,True,validated,0
6a7d365c-c9d9-4937-9518-9d41920a391b,prca14,likert5,3,3,True,validated,1
6a7d365c-c9d9-4937-9518-9d41920a391b,prca15,likert5,3,3,True,validated,0
6a7d365c-c9d9-4937-9518-9d41920a391b,prca16,likert5,3,3,True,validated,1
6a7d365c-c9d9-4937-9518-9d41920a391b,prca17,likert5,2,4,True,validated,1
6a7d365c-c9d9-4937-9518-9d41920a391b,prca18,likert5,4,4,True,validated,0
de880f5b-cfa6-4432-aea4-32750359e16b,prca01,likert5,5,5,True,validated,0
de880f5b-cfa6-4432-aea4-32750359e16b,prca02,likert5,3,3,True,validated,1
de880f5b-cfa6-4432-aea4-32750359e16b,prca03,likert5,1,1,True,validated,0
de880f5b-cfa6-4432-aea4-32750359e16b,prca04,likert5,5,1,True,validated,1
de880f5b-cfa6-4432-aea4-32750359e16b,prca05,likert5,2,2,True,validated,0
de880f5b-cfa6-4432-aea4-32750359e16b,prca06,likert5,3,3,True,validated,1
de880f5b-cfa6-4432-aea4-32750359e16b,prca13,likert5,2,2,True,validated,0
de880f5b-cfa6-4432-aea4-32750359e16b,prca14,likert5,5) strongly agree,2,True,recode,1
de880f5b-cfa6-4432-aea4-32750359e16b,prca15,likert5,1,1,True,validated,0
de880f5b-cfa6-4432-aea4-32750359e16b,prca16,likert5,4,2,True,validated,1
de880f5b-cfa6-4432-aea4-32750359e16b,prca17,likert5,3,3,True,validated,1
de880f5b-cfa6-4432-aea4-32750359e16b,prca18,likert5,3,3,True,validated,0
d1610276-e830-4738-9487-89c044bf53c0,prca01,likert5,2,2,True,validated,0
d1610276-e830-4738-9487-89c044bf53c0,prca02,likert5,5,1,True,validated,1
d1610276-e830-4738-9487-89c044bf53c0,prca03,likert5,3,3,True,validated,0
d1610276-e830-4738-9487-89c044bf53c0,prca04,likert5,5,1,True,validated,1
d1610276-e830-4738-9487-89c044bf53c0,prca05,likert5,4,4,True,validated,0
d1610276-e830-4738-9487-89c044bf53c0,prca06,likert5,4,2,True,validated,1
d1610276-e830-4738-9487-89c044bf53c0,prca13,likert5,5,5,True,validated,0
d1610276-e830-4738-9487-89c044bf53c0,prca14,likert5,2,4,True,validated,1
d1610276-e830-4738-9487-89c044bf53c0,prca15,likert5,4,4,True,validated,0
d1610276-e830-4738-9487-89c044bf53c0,prca16,likert5,2,4,True,validated,1
d1610276-e830-4738-9487-89c044bf53c0,prca17,likert5,4,2,True,validated,1
d1610276-e830-4738-9487-89c044bf53c0,prca18,likert5,5) strongly agree,4,True,recode,0
90b835e3-1546-4db8-8cd1-956fb93005eb,prca01,likert5,3,3,True,validated,0
90b835e3-1546-4db8-8cd1-956fb93005eb,prca02,likert5,5,1,True,validated,1
90b835e3-1546-4db8-8cd1-956fb93005eb,prca03,likert5,2,2,True,validated,0
90b835e3-1546-4db8-8cd1-956fb93005eb,prca04,likert5,3,3,True,validated,1
90b835e3-1546-4db8-8cd1-956fb93005eb,prca05,likert5,1,1,True,validated,0
90b835e3-1546-4db8-8cd1-956fb93005eb,prca06,likert5,3,3,True,validated,1
90b835e3-1546-4db8-8cd1-956fb93005eb,prca13,likert5,3,3,True,validated,0
90b835e3-1546-4db8-8cd1-956fb93005eb,prca14,likert5,1,5,True,validated,1
90b835e3-1546-4db8-8cd1-956fb93005eb,prca15,likert5,5,5,True,validated,0
90b835e3-1546-4db8-8cd1-956fb93005eb,prca16,likert5,3,3,True,validated,1
90b835e3-1546-4db8-8cd1-956fb93005eb,prca17,likert5,4,2,True,validated,1
90b835e3-1546-4db8-8cd1-956fb93005eb,prca18,likert5,4,4,True,validated,0
eaba89c7-2ba7-4abe-ac2b-de29a6687671,prca01,likert5,3,3,True,validated,0
eaba89c7-2ba7-4abe-ac2b-de29a6687671,prca02,likert5,1,5,True,validated,1
eaba89c7-2ba7-4abe-ac2b-de29a6687671,prca03,likert5,1,1,True,validated,0
eaba89c7-2ba7-4abe-ac2b-de29a6687671,prca04,likert5,1,5,True,validated,1
eaba89c7-2ba7-4abe-ac2b-de29a6687671,prca05,likert5,3,3,True,validated,0
eaba89c7-2ba7-4abe-ac2b-de29a6687671,prca06,likert5,2,4,True,validated,1
eaba89c7-2ba7-4abe-ac2b-de29a6687671,prca13,likert5,2,2,True,validated,0
eaba89c7-2ba7-4abe-ac2b-de29a6687671,prca14,likert5,5,1,True,validated,1
eaba89c7-2ba7-4abe-ac2b-de29a6687671,prca15,likert5,2,2,True,validated,0
eaba89c7-2ba7-4abe-ac2b-de29a6687671,prca16,likert5,3,3,True,validated,1
eaba89c7-2ba7-4abe-ac2b-de29a6687671,prca17,likert5,4,2,True,validated,1
eaba89c7-2ba7-4abe-ac2b-de29a6687671,prca18,likert5,5,5,True,validated,0
fe3adacf-de68-4abf-b4c4-8e1ef6383673,prca01,likert5,1,1,True,validated,0
fe3adacf-de68-4abf-b4c4-8e1ef6383673,prca02,likert5,2,4,True,validated,1
fe3adacf-de68-4abf-b4c4-8e1ef6383673,prca03,likert5,5,5,True,validated,0
fe3adacf-de68-4abf-b4c4-8e1ef6383673,prca04,likert5,4,2,True,validated,1
fe3adacf-de68-4abf-b4c4-8e1ef6383673,prca05,likert5,2,2,True,validated,0
fe3adacf-de68-4abf-b4c4-8e1ef6383673,prca06,likert5,3,3,True,validated,1
fe3adacf-de68-4abf-b4c4-8e1ef6383673,prca13,likert5,5,5,True,validated,0
fe3adacf-de68-4abf-b4c4-8e1ef6383673,prca14,likert5,2,4,True,validated,1
fe3adacf-de68-4abf-b4c4-8e1ef6383673,prca15,likert5,4,4,True,validated,0
fe3adacf-de68-4abf-b4c4-8e1ef6383673,prca16,likert5,1,5,True,validated,1
fe3adacf-de68-4abf-b4c4-8e1ef6383673,prca17,likert5,3,3,True,validated,1
fe3adacf-de68-4abf-b4c4-8e1ef6383673,prca18,likert5,3,3,True,validated,0
66f74f76-56d9-4d0b-9cab-ab9f97435796,prca01,likert5,5,5,True,validated,0
66f74f76-56d9-4d0b-9cab-ab9f97435796,prca02,likert5,4,2,True,validated,1
66f74f76-56d9-4d0b-9cab-ab9f97435796,prca03,likert5,2,2,True,validated,0
66f74f76-56d9-4d0b-9cab-ab9f97435796,prca04,likert5,2,4,True,validated,1
66f74f76-56d9-4d0b-9cab-ab9f97435796,prca05,likert5,2,2,True,validated,0
66f74f76-56d9-4d0b-9cab-ab9f97435796,prca06,likert5,3,3,True,validated,1
66f74f76-56d9-4d0b-9cab-ab9f97435796,prca13,likert5,5) strongly agree,5,True,recode,0
66f74f76-56d9-4d0b-9cab-ab9f97435796,prca14,likert5,4,2,True,validated,1
66f74f76-56d9-4d0b-9cab-ab9f97435796,prca15,likert5,1,1,True,validated,0
66f74f76-56d9-4d0b-9cab-ab9f97435796,prca16,likert5,3,3,True,validated,1
66f74f76-56d9-4d0b-9cab-ab9f97435796,prca17,likert5,2,4,True,validated,1
66f74f76-56d9-4d0b-9cab-ab9f97435796,prca18,likert5,4,4,True,validated,0
fc9e72b9-9ae1-48ee-b842-dd1d6f5e1915,prca01,likert5,3,3,True,validated,0
fc9e72b9-9ae1-48ee-b842-dd1d6f5e1915,prca02,likert5,5,1,True,validated,1
fc9e72b9-9ae1-48ee-b842-dd1d6f5e1915,prca03,likert5,2,2,True,validated,0
fc9e72b9-9ae1-48ee-b842-dd1d6f5e1915,prca04,likert5,3,3,True,validated,1
fc9e72b9-9ae1-48ee-b842-dd1d6f5e1915,prca05,likert5,5,5,True,validated,0
fc9e72b9-9ae1-48ee-b842-dd1d6f5e1915,prca06,likert5,4,2,True,validated,1
fc9e72b9-9ae1-48ee-b842-dd1d6f5e1915,prca13,likert5,1,1,True,validated,0
fc9e72b9-9ae1-48ee-b842-dd1d6f5e1915,prca14,likert5,3,3,True,validated,1
fc9e72b9-9ae1-48ee-b842-dd1d6f5e1915,prca15,likert5,5) strongly agree,5,True,recode,0
fc9e72b9-9ae1-48ee-b842-dd1d6f5e1915,prca16,likert5,1,5,True,validated,1
fc9e72b9-9ae1-48ee-b842-dd1d6f5e1915,prca17,likert5,5,1,True,validated,1
fc9e72b9-9ae1-48ee-b842-dd1d6f5e1915,prca18,likert5,2,2,True,validated,0
f815fdef-47d5-4b71-9c1c-3649fe0551c8,prca01,likert5,5,5,True,validated,0
f815fdef-47d5-4b71-9c1c-3649fe0551c8,prca02,likert5,5,1,True,validated,1
f815fdef-47d5-4b71-9c1c-3649fe0551c8,prca03,likert5,4,4,True,validated,0
f815fdef-47d5-4b71-9c1c-3649fe0551c8,prca04,likert5,4,2,True,validated,1
f815fdef-47d5-4b71-9c1c-3649fe0551c8,prca05,likert5,4,4,True,validated,0
f815fdef-47d5-4b71-9c1c-3649fe0551c8,prca06,likert5,3,3,True,validated,1
f815fdef-47d5-4b71-9c1c-3649fe0551c8,prca13,likert5,4,4,True,validated,0
f815fdef-47d5-4b71-9c1c-3649fe0551c8,prca14,likert5,1,5,True,validated,1
f815fdef-47d5-4b71-9c1c-3649fe0551c8,prca15,likert5,1,1,True,validated,0
f815fdef-47d5-4b71-9c1c-3649fe0551c8,prca16,likert5,3,3,True,validated,1
f815fdef-47d5-4b71-9c1c-3649fe0551c8,prca17,likert5,1,5,True,validated,1
f815fdef-47d5-4b71-9c1c-3649fe0551c8,prca18,likert5,1,1,True,validated,0
d46cba3b-cdd1-4e4b-83f5-4a37627990d7,prca01,likert5,4,4,True,validated,0
d46cba3b-cdd1-4e4b-83f5-4a37627990d7,prca02,likert5,3,3,True,validated,1
d46cba3b-cdd1-4e4b-83f5-4a37627990d7,prca03,likert5,3,3,True,validated,0
d46cba3b-cdd1-4e4b-83f5-4a37627990d7,prca04,likert5,1,5,True,validated,1
d46cba3b-cdd1-4e4b-83f5-4a37627990d7,prca05,likert5,4,4,True,validated,0
d46cba3b-cdd1-4e4b-83f5-4a37627990d7,prca06,likert5,2,4,True,validated,1
d46cba3b-cdd1-4e4b-83f5-4a37627990d7,prca13,likert5,1,1,True,validated,0
d46cba3b-cdd1-4e4b-83f5-4a37627990d7,prca14,likert5,1,5,True,validated,1
d46cba3b-cdd1-4e4b-83f5-4a37627990d7,prca15,likert5,4,4,True,validated,0
d46cba3b-cdd1-4e4b-83f5-4a37627990d7,prca16,likert5,3,3,True,validated,1
d46cba3b-cdd1-4e4b-83f5-4a37627990d7,prca17,likert5,1,5,True,validated,1
d46cba3b-cdd1-4e4b-83f5-4a37627990d7,prca18,likert5,4,4,True,validated,0
d818a145-f860-4374-af9f-ad8a0120d267,prca01,likert5,5,5,True,validated,0
d818a145-f860-4374-af9f-ad8a0120d267,prca02,likert5,3,3,True,validated,1
d818a145-f860-4374-af9f-ad8a0120d267,prca03,likert5,5) strongly agree,5,True,recode,0
d818a145-f860-4374-af9f-ad8a0120d267,prca04,likert5,3,3,True,validated,1
d818a145-f860-4374-af9f-ad8a0120d267,prca05,likert5,5,5,True,validated,0
d818a145-f860-4374-af9f-ad8a0120d267,prca06,likert5,2,4,True,validated,1
d818a145-f860-4374-af9f-ad8a0120d267,prca13,likert5,5,5,True,validated,0
d818a145-f860-4374-af9f-ad8a0120d267,prca14,likert5,3,3,True,validated,1
d818a145-f860-4374-af9f-ad8a0120d267,prca15,likert5,3,3,True,validated,0
d818a145-f860-4374-af9f-ad8a0120d267,prca16,likert5,4,2,True,validated,1
d818a145-f860-4374-af9f-ad8a0120d267,prca17,likert5,4,2,True,validated,1
d818a145-f860-4374-af9f-ad8a0120d267,prca18,likert5,5,5,True,validated,0
11fbaeb1-365f-49dd-83be-14eb75a5f7c9,prca01,likert5,3,3,True,validated,0
11fbaeb1-365f-49dd-83be-14eb75a5f7c9,prca02,likert5,3,3,True,validated,1
11fbaeb1-365f-49dd-83be-14eb75a5f7c9,prca03,likert5,4,4,True,validated,0
11fbaeb1-365f-49dd-83be-14eb75a5f7c9,prca04,likert5,4,2,True,validated,1
11fbaeb1-365f-49dd-83be-14eb75a5f7c9,prca05,likert5,1,1,True,validated,0
11fbaeb1-365f-49dd-83be-14eb75a5f7c9,prca06,likert5,2,4,True,validated,1
11fbaeb1-365f-49dd-83be-14eb75a5f7c9,prca13,likert5,5,5,True,validated,0
11fbaeb1-365f-49dd-83be-14eb75a5f7c9,prca14,likert5,2,4,True,validated,1
11fbaeb1-365f-49dd-83be-14eb75a5f7c9,prca15,likert5,4,4,True,validated,0
11fbaeb1-365f-49dd-83be-14eb75a5f7c9,prca16,likert5,2,4,True,validated,1
11fbaeb1-365f-49dd-83be-14eb75a5f7c9,prca17,likert5,4,2,True,validated,1
11fbaeb1-365f-49dd-83be-14eb75a5f7c9,prca18,likert5,1,1,True,validated,0
6d6cf53e-f91f-4a56-84b0-3eabc66985c6,prca01,likert5,4,4,True,validated,0
6d6cf53e-f91f-4a56-84b0-3eabc66985c6,prca02,likert5,2,4,True,validated,1
6d6cf53e-f91f-4a56-84b0-3eabc66985c6,prca03,likert5,5,5,True,validated,0
6d6cf53e-f91f-4a56-84b0-3eabc66985c6,prca04,likert5,1,5,True,validated,1
6d6cf53e-f91f-4a56-84b0-3eabc66985c6,prca05,likert5,2,2,True,validated,0
6d6cf53e-f91f-4a56-84b0-3eabc66985c6,prca06,likert5,2,4,True,validated,1
6d6cf53e-f91f-4a56-84b0-3eabc66985c6,prca13,likert5,2,2,True,validated,0
6d6cf53e-f91f-4a56-84b0-3eabc66985c6,prca14,likert5,3,3,True,validated,1
6d6cf53e-f91f-4a56-84b0-3eabc66985c6,prca15,likert5,4,4,True,validated,0
6d6cf53e-f91f-4a56-84b0-3eabc66985c6,prca16,likert5,2,4,True,validated,1
6d6cf53e-f91f-4a56-84b0-3eabc66985c6,prca17,likert5,4,2,True,validated,1
6d6cf53e-f91f-4a56-84b0-3eabc66985c6,prca18,likert5,4,4,True,validated,0
b7da679a-616d-4cce-a853-c586e5b7a909,prca01,likert5,5,5,True,validated,0
b7da679a-616d-4cce-a853-c586e5b7a909,prca02,likert5,5,1,True,validated,1
b7da679a-616d-4cce-a853-c586e5b7a909,prca03,likert5,4,4,True,validated,0
b7da679a-616d-4cce-a853-c586e5b7a909,prca04,likert5,3,3,True,validated,1
b7da679a-616d-4cce-a853-c586e5b7a909,prca05,likert5,3,3,True,validated,0
b7da679a-616d-4cce-a853-c586e5b7a909,prca06,likert5,1,5,True,validated,1
b7da679a-616d-4cce-a853-c586e5b7a909,prca13,likert5,3,3,True,validated,0
b7da679a-616d-4cce-a853-c586e5b7a909,prca14,likert5,5,1,True,validated,1
b7da679a-616d-4cce-a853-c586e5b7a909,prca15,likert5,3,3,True,validated,0
b7da679a-616d-4cce-a853-c586e5b7a909,prca16,likert5,4,2,True,validated,1
b7da679a-616d-4cce-a853-c586e5b7a909,prca17,likert5,4,2,True,validated,1
b7da679a-616d-4cce-a853-c586e5b7a909,prca18,likert5,3,3,True,validated,0
86365a84-b488-42bd-986e-bb986bf56c66,prca01,likert5,1,1,True,validated,0
86365a84-b488-42bd-986e-bb986bf56c66,prca02,likert5,4,2,True,validated,1
86365a84-b488-42bd-986e-bb986bf56c66,prca03,likert5,4,4,True,validated,0
86365a84-b488-42bd-986e-bb986bf56c66,prca04,likert5,3,3,True,validated,1
86365a84-b488-42bd-986e-bb986bf56c66,prca05,likert5,4,4,True,validated,0
86365a84-b488-42bd-986e-bb986bf56c66,prca06,likert5,1,5,True,validated,1
86365a84-b488-42bd-986e-bb986bf56c66,prca13,likert5,1,1,True,validated,0
86365a84-b488-42bd-986e-bb986bf56c66,prca14,likert5,4,2,True,validated,1
86365a84-b488-42bd-986e-bb986bf56c66,prca15,likert5,4,4,True,validated,0
86365a84-b488-42bd-986e-bb986bf56c66,prca16,likert5,2,4,True,validated,1
86365a84-b488-42bd-986e-bb986bf56c66,prca17,likert5,4,2,True,validated,1
86365a84-b488-42bd-986e-bb986bf56c66,prca18,likert5,5,5,True,validated,0
41afcc46-7b58-4181-b49d-86ff92a27b98,prca01,likert5,4,4,True,validated,0
41afcc46-7b58-4181-b49d-86ff92a27b98,prca02,likert5,1,5,True,validated,1
41afcc46-7b58-4181-b49d-86ff92a27b98,prca03,likert5,3,3,True,validated,0
41afcc46-7b58-4181-b49d-86ff92a27b98,prca04,likert5,3,3,True,validated,1
41afcc46-7b58-4181-b49d-86ff92a27b98,prca05,likert5,4,4,True,validated,0
41afcc46-7b58-4181-b49d-86ff92a27b98,prca06,likert5,1,5,True,validated,1
41afcc46-7b58-4181-b49d-86ff92a27b98,prca13,likert5,4,4,True,validated,0
41afcc46-7b58-4181-b49d-86ff92a27b98,prca14,likert5,5,1,True,validated,1
41afcc46-7b58-4181-b49d-86ff92a27b98,prca15,likert5,1,1,True,validated,0
41afcc46-7b58-4181-b49d-86ff92a27b98,prca16,likert5,4,2,True,validated,1
41afcc46-7b58-4181-b49d-86ff92a27b98,prca17,likert5,1,5,True,validated,1
41afcc46-7b58-4181-b49d-86ff92a27b98,prca18,likert5,5) strongly agree,4,True,recode,0
6bf25ba1-baee-4863-bd5c-277956b4e0ac,prca01,likert5,2,2,True,validated,0
6bf25ba1-baee-4863-bd5c-277956b4e0ac,prca02,likert5,4,2,True,validated,1
6bf25ba1-baee-4863-bd5c-277956b4e0ac,prca03,likert5,5,5,True,validated,0
6bf25ba1-baee-4863-bd5c-277956b4e0ac,prca04,likert5,5) strongly agree,1,True,recode,1
6bf25ba1-baee-4863-bd5c-277956b4e0ac,prca05,likert5,3,3,True,validated,0
6bf25ba1-baee-4863-bd5c-277956b4e0ac,prca06,likert5,4,2,True,validated,1
6bf25ba1-baee-4863-bd5c-277956b4e0ac,prca13,likert5,4,4,True,validated,0
6bf25ba1-baee-4863-bd5c-277956b4e0ac,prca14,likert5,5,1,True,validated,1
6bf25ba1-baee-4863-bd5c-277956b4e0ac,prca15,likert5,4,4,True,validated,0
6bf25ba1-baee-4863-bd5c-277956b4e0ac,prca16,likert5,3,3,True,validated,1
6bf25ba1-baee-4863-bd5c-277956b4e0ac,prca17,likert5,3,3,True,validated,1
6bf25ba1-baee-4863-bd5c-277956b4e0ac,prca18,likert5,4,4,True,validated,0
328e6cf4-f74c-475a-b4d2-b7f02233f105,prca01,likert5,2,2,True,validated,0
328e6cf4-f74c-475a-b4d2-b7f02233f105,prca02,likert5,5,1,True,validated,1
328e6cf4-f74c-475a-b4d2-b7f02233f105,prca03,likert5,1,1,True,validated,0
328e6cf4-f74c-475a-b4d2-b7f02233f105,prca04,likert5,5,1,True,validated,1
328e6cf4-f74c-475a-b4d2-b7f02233f105,prca05,likert5,5,5,True,validated,0
328e6cf4-f74c-475a-b4d2-b7f02233f105,prca06,likert5,1,5,True,validated,1
328e6cf4-f74c-475a-b4d2-b7f02233f105,prca13,likert5,4,4,True,validated,0
328e6cf4-f74c-475a-b4d2-b7f02233f105,prca14,likert5,2,4,True,validated,1
328e6cf4-f74c-475a-b4d2-b7f02233f105,prca15,likert5,2,2,True,validated,0
328e6cf4-f74c-475a-b4d2-b7f02233f105,prca16,likert5,3,3,True,validated,1
328e6cf4-f74c-475a-b4d2-b7f02233f105,prca17,likert5,1,5,True,validated,1
328e6cf4-f74c-475a-b4d2-b7f02233f105,prca18,likert5,4,4,True,validated,0
b03973cb-a889-40d1-be0a-bad7a542463c,prca01,likert5,3,3,True,validated,0
b03973cb-a889-40d1-be0a-bad7a542463c,prca02,likert5,4,2,True,validated,1
b03973cb-a889-40d1-be0a-bad7a542463c,prca03,likert5,2,2,True,validated,0
b03973cb-a889-40d1-be0a-bad7a542463c,prca04,likert5,1,5,True,validated,1
b03973cb-a889-40d1-be0a-bad7a542463c,prca05,likert5,5,5,True,validated,0
b03973cb-a889-40d1-be0a-bad7a542463c,prca06,likert5,2,4,True,validated,1
b03973cb-a889-40d1-be0a-bad7a542463c,prca13,likert5,4,4,True,validated,0
b03973cb-a889-40d1-be0a-bad7a542463c,prca14,likert5,5) strongly agree,2,True,recode,1
b03973cb-a889-40d1-be0a-bad7a542463c,prca15,likert5,4,4,True,validated,0
b03973cb-a889-40d1-be0a-bad7a542463c,prca16,likert5,3,3,True,validated,1
b03973cb-a889-40d1-be0a-bad7a542463c,prca17,likert5,2,4,True,validated,1
b03973cb-a889-40d1-be0a-bad7a542463c,prca18,likert5,2,2,True,validated,0
3312b894-9345-4497-85ba-38677c8f093a,prca01,likert5,4,4,True,validated,0
3312b894-9345-4497-85ba-38677c8f093a,prca02,likert5,4,2,True,validated,1
3312b894-9345-4497-85ba-38677c8f093a,prca03,likert5,5,5,True,validated,0
3312b894-9345-4497-85ba-38677c8f093a,prca04,likert5,3,3,True,validated,1
3312b894-9345-4497-85ba-38677c8f093a,prca05,likert5,3,3,True,validated,0
3312b894-9345-4497-85ba-38677c8f093a,prca06,likert5,5,1,True,validated,1
3312b894-9345-4497-85ba-38677c8f093a,prca13,likert5,3,3,True,validated,0
3312b894-9345-4497-85ba-38677c8f093a,prca14,likert5,5) strongly agree,4,True,recode,1
3312b894-9345-4497-85ba-38677c8f093a,prca15,likert5,1,1,True,validated,0
3312b894-9345-4497-85ba-38677c8f093a,prca16,likert5,1,5,True,validated,1
3312b894-9345-4497-85ba-38677c8f093a,prca17,likert5,5,1,True,validated,1
3312b894-9345-4497-85ba-38677c8f093a,prca18,likert5,5,5,True,validated,0
79106e07-99b6-44f7-87ad-5b94448cba37,prca01,likert5,3,3,True,validated,0
79106e07-99b6-44f7-87ad-5b94448cba37,prca02,likert5,5,1,True,validated,1
79106e07-99b6-44f7-87ad-5b94448cba37,prca03,likert5,5,5,True,validated,0
79106e07-99b6-44f7-87ad-5b94448cba37,prca04,likert5,2,4,True,validated,1
79106e07-99b6-44f7-87ad-5b94448cba37,prca05,likert5,2,2,True,validated,0
79106e07-99b6-44f7-87ad-5b94448cba37,prca06,likert5,4,2,True,validated,1
79106e07-99b6-44f7-87ad-5b94448cba37,prca13,likert5,2,2,True,validated,0
79106e07-99b6-44f7-87ad-5b94448cba37,prca14,likert5,1,5,True,validated,1
79106e07-99b6-44f7-87ad-5b94448cba37,prca15,likert5,5,5,True,validated,0
79106e07-99b6-44f7-87ad-5b94448cba37,prca16,likert5,4,2,True,validated,1
79106e07-99b6-44f7-87ad-5b94448cba37,prca17,likert5,2,4,True,validated,1
79106e07-99b6-44f7-87ad-5b94448cba37,prca18,likert5,1,1,True,validated,0
3160f640-f648-4897-9283-8d6bb0584523,prca01,likert5,4,4,True,validated,0
3160f640-f648-4897-9283-8d6bb0584523,prca02,likert5,3,3,True,validated,1
3160f640-f648-4897-9283-8d6bb0584523,prca03,likert5,3,3,True,validated,0
3160f640-f648-4897-9283-8d6bb0584523,prca04,likert5,5,1,True,validated,1
3160f640-f648-4897-9283-8d6bb0584523,prca05,likert5,4,4,True,validated,0
3160f640-f648-4897-9283-8d6bb0584523,prca06,likert5,4,2,True,validated,1
3160f640-f648-4897-9283-8d6bb0584523,prca13,likert5,2,2,True,validated,0
3160f640-f648-4897-9283-8d6bb0584523,prca14,likert5,4,2,True,validated,1
3160f640-f648-4897-9283-8d6bb0584523,prca15,likert5,4,4,True,validated,0
3160f640-f648-4897-9283-8d6bb0584523,prca16,likert5,5,1,True,validated,1
3160f640-f648-4897-9283-8d6bb0584523,prca17,likert5,1,5,True,validated,1
3160f640-f648-4897-9283-8d6bb0584523,prca18,likert5,5) strongly agree,5,True,recode,0
158d2bb3-117b-41bf-91a0-2c5e018bcc47,prca01,likert5,4,4,True,validated,0
158d2bb3-117b-41bf-91a0-2c5e018bcc47,prca02,likert5,5,1,True,validated,1
158d2bb3-117b-41bf-91a0-2c5e018bcc47,prca03,likert5,1,1,True,validated,0
158d2bb3-117b-41bf-91a0-2c5e018bcc47,prca04,likert5,4,2,True,validated,1
158d2bb3-117b-41bf-91a0-2c5e018bcc47,prca05,likert5,5,5,True,validated,0
158d2bb3-117b-41bf-91a0-2c5e018bcc47,prca06,likert5,4,2,True,validated,1
158d2bb3-117b-41bf-91a0-2c5e018bcc47,prca13,likert5,2,2,True,validated,0
158d2bb3-117b-41bf-91a0-2c5e018bcc47,prca14,likert5,3,3,True,validated,1
158d2bb3-117b-41bf-91a0-2c5e018bcc47,prca15,likert5,4,4,True,validated,0
158d2bb3-117b-41bf-91a0-2c5e018bcc47,prca16,likert5,2,4,True,validated,1
158d2bb3-117b-41bf-91a0-2c5e018bcc47,prca17,likert5,4,2,True,validated,1
158d2bb3-117b-41bf-91a0-2c5e018bcc47,prca18,likert5,5,5,True,validated,0
520aa34a-3818-4918-af4c-28c230d0b428,prca01,likert5,4,4,True,validated,0
520aa34a-3818-4918-af4c-28c230d0b428,prca02,likert5,4,2,True,validated,1
520aa34a-3818-4918-af4c-28c230d0b428,prca03,likert5,4,4,True,validated,0
520aa34a-3818-4918-af4c-28c230d0b428,prca04,likert5,1,5,True,validated,1
520aa34a-3818-4918-af4c-28c230d0b428,prca05,likert5,4,4,True,validated,0
520aa34a-3818-4918-af4c-28c230d0b428,prca06,likert5,2,4,True,validated,1
520aa34a-3818-4918-af4c-28c230d0b428,prca13,likert5,2,2,True,validated,0
520aa34a-3818-4918-af4c-28c230d0b428,prca14,likert5,1,5,True,validated,1
520aa34a-3818-4918-af4c-28c230d0b428,prca15,likert5,5,5,True,validated,0
520aa34a-3818-4918-af4c-28c230d0b428,prca16,likert5,4,2,True,validated,1
520aa34a-3818-4918-af4c-28c230d0b428,prca17,likert5,3,3,True,validated,1
520aa34a-3818-4918-af4c-28c230d0b428,prca18,likert5,2,2,True,validated,0
f7c53fb4-107f-41b4-a61c-c0c4a0f28d65,prca01,likert5,5,5,True,validated,0
f7c53fb4-107f-41b4-a61c-c0c4a0f28d65,prca02,likert5,4,2,True,validated,1
f7c53fb4-107f-41b4-a61c-c0c4a0f28d65,prca03,likert5,3,3,True,validated,0
f7c53fb4-107f-41b4-a61c-c0c4a0f28d65,prca04,likert5,5,1,True,validated,1
f7c53fb4-107f-41b4-a61c-c0c4a0f28d65,prca05,likert5,4,4,True,validated,0
f7c53fb4-107f-41b4-a61c-c0c4a0f28d65,prca06,likert5,4,2,True,validated,1
f7c53fb4-107f-41b4-a61c-c0c4a0f28d65,prca13,likert5,3,3,True,validated,0
f7c53fb4-107f-41b4-a61c-c0c4a0f28d65,prca14,likert5,5,1,True,validated,1
f7c53fb4-107f-41b4-a61c-c0c4a0f28d65,prca15,likert5,3,3,True,validated,0
f7c53fb4-107f-41b4-a61c-c0c4a0f28d65,prca16,likert5,1,5,True,validated,1
f7c53fb4-107f-41b4-a61c-c0c4a0f28d65,prca17,likert5,3,3,True,validated,1
f7c53fb4-107f-41b4-a61c-c0c4a0f28d65,prca18,likert5,1,1,True,validated,0
9eaac8c9-118d-4a7f-92ac-ac87e123e865,prca01,likert5,4,4,True,validated,0
9eaac8c9-118d-4a7f-92ac-ac87e123e865,prca02,likert5,2,4,True,validated,1
9eaac8c9-118d-4a7f-92ac-ac87e123e865,prca03,likert5,4,4,True,validated,0
9eaac8c9-118d-4a7f-92ac-ac87e123e865,prca04,likert5,2,4,True,validated,1
9eaac8c9-118d-4a7f-92ac-ac87e123e865,prca05,likert5,3,3,True,validated,0
9eaac8c9-118d-4a7f-92ac-ac87e123e865,prca06,likert5,4,2,True,validated,1
9eaac8c9-118d-4a7f-92ac-ac87e123e865,prca13,likert5,4,4,True,validated,0
9eaac8c9-118d-4a7f-92ac-ac87e123e865,prca14,likert5,4,2,True,validated,1
9eaac8c9-118d-4a7f-92ac-ac87e123e865,prca15,likert5,5,5,True,validated,0
9eaac8c9-118d-4a7f-92ac-ac87e123e865,prca16,likert5,2,4,True,validated,1
9eaac8c9-118d-4a7f-92ac-ac87e123e865,prca17,likert5,3,3,True,validated,1
9eaac8c9-118d-4a7f-92ac-ac87e123e865,prca18,likert5,4,4,True,validated,0
0735b20e-c04e-49c0-87bc-bea80e7f292c,prca01,likert5,1) strongly disagree,4,True,recode,0
0735b20e-c04e-49c0-87bc-bea80e7f292c,prca02,likert5,4,2,True,validated,1
0735b20e-c04e-49c0-87bc-bea80e7f292c,prca03,likert5,3,3,True,validated,0
0735b20e-c04e-49c0-87bc-bea80e7f292c,prca04,likert5,5,1,True,validated,1
0735b20e-c04e-49c0-87bc-bea80e7f292c,prca05,likert5,1,1,True,validated,0
0735b20e-c04e-49c0-87bc-bea80e7f292c,prca06,likert5,3,3,True,validated,1
0735b20e-c04e-49c0-87bc-bea80e7f292c,prca13,likert5,5) strongly agree,5,True,recode,0
0735b20e-c04e-49c0-87bc-bea80e7f292c,prca14,likert5,3,3,True,validated,1
0735b20e-c04e-49c0-87bc-bea80e7f292c,prca15,likert5,3,3,True,validated,0
0735b20e-c04e-49c0-87bc-bea80e7f292c,prca16,likert5,3,3,True,validated,1
0735b20e-c04e-49c0-87bc-bea80e7f292c,prca17,likert5,3,3,True,validated,1
0735b20e-c04e-49c0-87bc-bea80e7f292c,prca18,likert5,5,5,True,validated,0
a4f3272c-7a25-491c-ac7d-ffce68b03d63,prca01,likert5,5,5,True,validated,0
a4f3272c-7a25-491c-ac7d-ffce68b03d63,prca02,likert5,4,2,True,validated,1
a4f3272c-7a25-491c-ac7d-ffce68b03d63,prca03,likert5,5,5,True,validated,0
a4f3272c-7a25-491c-ac7d-ffce68b03d63,prca04,likert5,1,5,True,validated,1
a4f3272c-7a25-491c-ac7d-ffce68b03d63,prca05,likert5,5) strongly agree,3,True,recode,0
a4f3272c-7a25-491c-ac7d-ffce68b03d63,prca06,likert5,4,2,True,validated,1
a4f3272c-7a25-491c-ac7d-ffce68b03d63,prca13,likert5,5) strongly agree,4,True,recode,0
a4f3272c-7a25-491c-ac7d-ffce68b03d63,prca14,likert5,4,2,True,validated,1
a4f3272c-7a25-491c-ac7d-ffce68b03d63,prca15,likert5,2,2,True,validated,0
a4f3272c-7a25-491c-ac7d-ffce68b03d63,prca16,likert5,3,3,True,validated,1
a4f3272c-7a25-491c-ac7d-ffce68b03d63,prca17,likert5,4,2,True,validated,1
a4f3272c-7a25-491c-ac7d-ffce68b03d63,prca18,likert5,2,2,True,validated,0
291c62bc-64ae-4d90-aea0-8830eafca787,prca01,likert5,2,2,True,validated,0
291c62bc-64ae-4d90-aea0-8830eafca787,prca02,likert5,2,4,True,validated,1
291c62bc-64ae-4d90-aea0-8830eafca787,prca03,likert5,1,1,True,validated,0
291c62bc-64ae-4d90-aea0-8830eafca787,prca04,likert5,4,2,True,validated,1
291c62bc-64ae-4d90-aea0-8830eafca787,prca05,likert5,1,1,True,validated,0
291c62bc-64ae-4d90-aea0-8830eafca787,prca06,likert5,4,2,True,validated,1
291c62bc-64ae-4d90-aea0-8830eafca787,prca13,likert5,1,1,True,validated,0
291c62bc-64ae-4d90-aea0-8830eafca787,prca14,likert5,1,5,True,validated,1
291c62bc-64ae-4d90-aea0-8830eafca787,prca15,likert5,4,4,True,validated,0
291c62bc-64ae-4d90-aea0-8830eafca787,prca16,likert5,1,5,True,validated,1
291c62bc-64ae-4d90-aea0-8830eafca787,prca17,likert5,3,3,True,validated,1
291c62bc-64ae-4d90-aea0-8830eafca787,prca18,likert5,2,2,True,validated,0
1b937f96-f951-4e62-a920-03ff7e8c3e34,prca01,likert5,5,5,True,validated,0
1b937f96-f951-4e62-a920-03ff7e8c3e34,prca02,likert5,2,4,True,validated,1
1b937f96-f951-4e62-a920-03ff7e8c3e34,prca03,likert5,2,2,True,validated,0
1b937f96-f951-4e62-a920-03ff7e8c3e34,prca04,likert5,3,3,True,validated,1
1b937f96-f951-4e62-a920-03ff7e8c3e34,prca05,likert5,4,4,True,validated,0
1b937f96-f951-4e62-a920-03ff7e8c3e34,prca06,likert5,2,4,True,validated,1
1b937f96-f951-4e62-a920-03ff7e8c3e34,prca13,likert5,3,3,True,validated,0
1b937f96-f951-4e62-a920-03ff7e8c3e34,prca14,likert5,5,1,True,validated,1
1b937f96-f951-4e62-a920-03ff7e8c3e34,prca15,likert5,2,2,True,validated,0
1b937f96-f951-4e62-a920-03ff7e8c3e34,prca16,likert5,5,1,True,validated,1
1b937f96-f951-4e62-a920-03ff7e8c3e34,prca17,likert5,1,5,True,validated,1
1b937f96-f951-4e62-a920-03ff7e8c3e34,prca18,likert5,1,1,True,validated,0
8f49b475-e895-480d-9848-b26abb1685ac,prca01,likert5,4,4,True,validated,0
8f49b475-e895-480d-9848-b26abb1685ac,prca02,likert5,5,1,True,validated,1
8f49b475-e895-480d-9848-b26abb1685ac,prca03,likert5,4,4,True,validated,0
8f49b475-e895-480d-9848-b26abb1685ac,prca04,likert5,3,3,True,validated,1
8f49b475-e895-480d-9848-b26abb1685ac,prca05,likert5,3,3,True,validated,0
8f49b475-e895-480d-9848-b26abb1685ac,prca06,likert5,3,3,True,validated,1
8f49b475-e895-480d-9848-b26abb1685ac,prca13,likert5,4,4,True,validated,0
8f49b475-e895-480d-9848-b26abb1685ac,prca14,likert5,2,4,True,validated,1
8f49b475-e895-480d-9848-b26abb1685ac,prca15,likert5,3,3,True,validated,0
8f49b475-e895-480d-9848-b26abb1685ac,prca16,likert5,4,2,True,validated,1
8f49b475-e895-480d-9848-b26abb1685ac,prca17,likert5,2,4,True,validated,1
8f49b475-e895-480d-9848-b26abb1685ac,prca18,likert5,5,5,True,validated,0
265c16c0-97cb-4d5b-819b-d5204ee24f88,prca01,likert5,3,3,True,validated,0
265c16c0-97cb-4d5b-819b-d5204ee24f88,prca02,likert5,4,2,True,validated,1
265c16c0-97cb-4d5b-819b-d5204ee24f88,prca03,likert5,2,2,True,validated,0
265c16c0-97cb-4d5b-819b-d5204ee24f88,prca04,likert5,4,2,True,validated,1
265c16c0-97cb-4d5b-819b-d5204ee24f88,prca05,likert5,4,4,True,validated,0
265c16c0-97cb-4d5b-819b-d5204ee24f88,prca06,likert5,4,2,True,validated,1
265c16c0-97cb-4d5b-819b-d5204ee24f88,prca13,likert5,4,4,True,validated,0
265c16c0-97cb-4d5b-819b-d5204ee24f88,prca14,likert5,2,4,True,validated,1
265c16c0-97cb-4d5b-819b-d5204ee24f88,prca15,likert5,3,3,True,validated,0
265c16c0-97cb-4d5b-819b-d5204ee24f88,prca16,likert5,2,4,True,validated,1
265c16c0-97cb-4d5b-819b-d5204ee24f88,prca17,likert5,1,5,True,validated,1
265c16c0-97cb-4d5b-819b-d5204ee24f88,prca18,likert5,4,4,True,validated,0
49c2a3f0-610a-408f-8989-c7a9fcd0a796,prca01,likert5,2,2,True,validated,0
49c2a3f0-610a-408f-8989-c7a9fcd0a796,prca02,likert5,4,2,True,validated,1
49c2a3f0-610a-408f-8989-c7a9fcd0a796,prca03,likert5,5,5,True,validated,0
49c2a3f0-610a-408f-8989-c7a9fcd0a796,prca04,likert5,3,3,True,validated,1
49c2a3f0-610a-408f-8989-c7a9fcd0a796,prca05,likert5,2,2,True,validated,0
49c2a3f0-610a-408f-8989-c7a9fcd0a796,prca06,likert5,3,3,True,validated,1
49c2a3f0-610a-408f-8989-c7a9fcd0a796,prca13,likert5,3,3,True,validated,0
49c2a3f0-610a-408f-8989-c7a9fcd0a796,prca14,likert5,2,4,True,validated,1
49c2a3f0-610a-408f-8989-c7a9fcd0a796,prca15,likert5,5,5,True,validated,0
49c2a3f0-610a-408f-8989-c7a9fcd0a796,prca16,likert5,5,1,True,validated,1
49c2a3f0-610a-408f-8989-c7a9fcd0a796,prca17,likert5,5,1,True,validated,1
49c2a3f0-610a-408f-8989-c7a9fcd0a796,prca18,likert5,1,1,True,validated,0
9b530983-afc0-4c2c-bf21-e91975683554,prca01,likert5,1,1,True,validated,0
9b530983-afc0-4c2c-bf21-e91975683554,prca02,likert5,3,3,True,validated,1
9b530983-afc0-4c2c-bf21-e91975683554,prca03,likert5,1,1,True,validated,0
9b530983-afc0-4c2c-bf21-e91975683554,prca04,likert5,1,5,True,validated,1
9b530983-afc0-4c2c-bf21-e91975683554,prca05,likert5,4,4,True,validated,0
9b530983-afc0-4c2c-bf21-e91975683554,prca06,likert5,4,2,True,validated,1
9b530983-afc0-4c2c-bf21-e91975683554,prca13,likert5,1,1,True,validated,0
9b530983-afc0-4c2c-bf21-e91975683554,prca14,likert5,4,2,True,validated,1
9b530983-afc0-4c2c-bf21-e91975683554,prca15,likert5,2,2,True,validated,0
9b530983-afc0-4c2c-bf21-e91975683554,prca16,likert5,5,1,True,validated,1
9b530983-afc0-4c2c-bf21-e91975683554,prca17,likert5,4,2,True,validated,1
9b530983-afc0-4c2c-bf21-e91975683554,prca18,likert5,4,4,True,validated,0
5eeb0c95-9e83-4791-8550-2eb38371d23a,prca01,likert5,1,1,True,validated,0
5eeb0c95-9e83-4791-8550-2eb38371d23a,prca02,likert5,2,4,True,validated,1
5eeb0c95-9e83-4791-8550-2eb38371d23a,prca03,likert5,4,4,True,validated,0
5eeb0c95-9e83-4791-8550-2eb38371d23a,prca04,likert5,1,5,True,validated,1
5eeb0c95-9e83-4791-8550-2eb38371d23a,prca05,likert5,2,2,True,validated,0
5eeb0c95-9e83-4791-8550-2eb38371d23a,prca06,likert5,1,5,True,validated,1
5eeb0c95-9e83-4791-8550-2eb38371d23a,prca13,likert5,5) strongly agree,4,True,recode,0
5eeb0c95-9e83-4791-8550-2eb38371d23a,prca14,likert5,5) strongly agree,1,True,recode,1
5eeb0c95-9e83-4791-8550-2eb38371d23a,prca15,likert5,5,5,True,validated,0
5eeb0c95-9e83-4791-8550-2eb38371d23a,prca16,likert5,4,2,True,validated,1
5eeb0c95-9e83-4791-8550-2eb38371d23a,prca17,likert5,3,3,True,validated,1
5eeb0c95-9e83-4791-8550-2eb38371d23a,prca18,likert5,4,4,True,validated,0
da95cc97-be71-4a2b-9112-b095883b6cbe,prca01,likert5,1,1,True,validated,0
da95cc97-be71-4a2b-9112-b095883b6cbe,prca02,likert5,4,2,True,validated,1
da95cc97-be71-4a2b-9112-b095883b6cbe,prca03,likert5,2,2,True,validated,0
da95cc97-be71-4a2b-9112-b095883b6cbe,prca04,likert5,2,4,True,validated,1
da95cc97-be71-4a2b-9112-b095883b6cbe,prca05,likert5,4,4,True,validated,0
da95cc97-be71-4a2b-9112-b095883b6cbe,prca06,likert5,5) strongly agree,2,True,recode,1
da95cc97-be71-4a2b-9112-b095883b6cbe,prca13,likert5,1,1,True,validated,0
da95cc97-be71-4a2b-9112-b095883b6cbe,prca14,likert5,2,4,True,validated,1
da95cc97-be71-4a2b-9112-b095883b6cbe,prca15,likert5,3,3,True,validated,0
da95cc97-be71-4a2b-9112-b095883b6cbe,prca16,likert5,5,1,True,validated,1
da95cc97-be71-4a2b-9112-b095883b6cbe,prca17,likert5,3,3,True,validated,1
da95cc97-be71-4a2b-9112-b095883b6cbe,prca18,likert5,4,4,True,validated,0
82aea8a6-2bea-4216-9252-12411437a6b5,prca01,likert5,5,5,True,validated,0
82aea8a6-2bea-4216-9252-12411437a6b5,prca02,likert5,1,5,True,validated,1
82aea8a6-2bea-4216-9252-12411437a6b5,prca03,likert5,3,3,True,validated,0
82aea8a6-2bea-4216-9252-12411437a6b5,prca04,likert5,4,2,True,validated,1
82aea8a6-2bea-4216-9252-12411437a6b5,prca05,likert5,4,4,True,validated,0
82aea8a6-2bea-4216-9252-12411437a6b5,prca06,likert5,2,4,True,validated,1
82aea8a6-2bea-4216-9252-12411437a6b5,prca13,likert5,1,1,True,validated,0
82aea8a6-2bea-4216-9252-12411437a6b5,prca14,likert5,5,1,True,validated,1
82aea8a6-2bea-4216-9252-12411437a6b5,prca15,likert5,2,2,True,validated,0
82aea8a6-2bea-4216-9252-12411437a6b5,prca16,likert5,2,4,True,validated,1
82aea8a6-2bea-4216-9252-12411437a6b5,prca17,likert5,1,5,True,validated,1
82aea8a6-2bea-4216-9252-12411437a6b5,prca18,likert5,4,4,True,validated,0
7125980b-27ab-403c-b099-7b81e16ace75,prca01,likert5,3,3,True,validated,0
7125980b-27ab-403c-b099-7b81e16ace75,prca02,likert5,4,2,True,validated,1
7125980b-27ab-403c-b099-7b81e16ace75,prca03,likert5,3,3,True,validated,0
7125980b-27ab-403c-b099-7b81e16ace75,prca04,likert5,3,3,True,validated,1
7125980b-27ab-403c-b099-7b81e16ace75,prca05,likert5,3,3,True,validated,0
7125980b-27ab-403c-b099-7b81e16ace75,prca06,likert5,3,3,True,validated,1
7125980b-27ab-403c-b099-7b81e16ace75,prca13,likert5,4,4,True,validated,0
7125980b-27ab-403c-b099-7b81e16ace75,prca14,likert5,5,1,True,validated,1
7125980b-27ab-403c-b099-7b81e16ace75,prca15,likert5,4,4,True,validated,0
7125980b-27ab-403c-b099-7b81e16ace75,prca16,likert5,3,3,True,validated,1
7125980b-27ab-403c-b099-7b81e16ace75,prca17,likert5,4,2,True,validated,1
7125980b-27ab-403c-b099-7b81e16ace75,prca18,likert5,5) strongly agree,5,True,recode,0
ac552c8c-48fd-49bc-8018-592b2efe3591,prca01,likert5,4,4,True,validated,0
ac552c8c-48fd-49bc-8018-592b2efe3591,prca02,likert5,1,5,True,validated,1
ac552c8c-48fd-49bc-8018-592b2efe3591,prca03,likert5,3,3,True,validated,0
ac552c8c-48fd-49bc-8018-592b2efe3591,prca04,likert5,1,5,True,validated,1
ac552c8c-48fd-49bc-8018-592b2efe3591,prca05,likert5,5,5,True,validated,0
ac552c8c-48fd-49bc-8018-592b2efe3591,prca06,likert5,4,2,True,validated,1
ac552c8c-48fd-49bc-8018-592b2efe3591,prca13,likert5,4,4,True,validated,0
ac552c8c-48fd-49bc-8018-592b2efe3591,prca14,likert5,1,5,True,validated,1
ac552c8c-48fd-49bc-8018-592b2efe3591,prca15,likert5,2,2,True,validated,0
ac552c8c-48fd-49bc-8018-592b2efe3591,prca16,likert5,3,3,True,validated,1
ac552c8c-48fd-49bc-8018-592b2efe3591,prca17,likert5,4,2,True,validated,1
ac552c8c-48fd-49bc-8018-592b2efe3591,prca18,likert5,4,4,True,validated,0
8a0fb06f-1084-4c9b-8500-f88a7de9f111,prca01,likert5,3,3,True,validated,0
8a0fb06f-1084-4c9b-8500-f88a7de9f111,prca02,likert5,5,1,True,validated,1
8a0fb06f-1084-4c9b-8500-f88a7de9f111,prca03,likert5,4,4,True,validated,0
8a0fb06f-1084-4c9b-8500-f88a7de9f111,prca04,likert5,5,1,True,validated,1
8a0fb06f-1084-4c9b-8500-f88a7de9f111,prca05,likert5,3,3,True,validated,0
8a0fb06f-1084-4c9b-8500-f88a7de9f111,prca06,likert5,4,2,True,validated,1
8a0fb06f-1084-4c9b-8500-f88a7de9f111,prca13,likert5,2,2,True,validated,0
8a0fb06f-1084-4c9b-8500-f88a7de9f111,prca14,likert5,1,5,True,validated,1
8a0fb06f-1084-4c9b-8500-f88a7de9f111,prca15,likert5,3,3,True,validated,0
8a0fb06f-1084-4c9b-8500-f88a7de9f111,prca16,likert5,3,3,True,validated,1
8a0fb06f-1084-4c9b-8500-f88a7de9f111,prca17,likert5,3,3,True,validated,1
8a0fb06f-1084-4c9b-8500-f88a7de9f111,prca18,likert5,5,5,True,validated,0
72d1527e-999c-4847-a9a1-cfc6e4b35e16,prca01,likert5,1,1,True,validated,0
72d1527e-999c-4847-a9a1-cfc6e4b35e16,prca02,likert5,4,2,True,validated,1
72d1527e-999c-4847-a9a1-cfc6e4b35e16,prca03,likert5,4,4,True,validated,0
72d1527e-999c-4847-a9a1-cfc6e4b35e16,prca04,likert5,2,4,True,validated,1
72d1527e-999c-4847-a9a1-cfc6e4b35e16,prca05,likert5,4,4,True,validated,0
72d1527e-999c-4847-a9a1-cfc6e4b35e16,prca06,likert5,5,1,True,validated,1
72d1527e-999c-4847-a9a1-cfc6e4b35e16,prca13,likert5,4,4,True,validated,0
72d1527e-999c-4847-a9a1-cfc6e4b35e16,prca14,likert5,5,1,True,validated,1
72d1527e-999c-4847-a9a1-cfc6e4b35e16,prca15,likert5,1,1,True,validated,0
72d1527e-999c-4847-a9a1-cfc6e4b35e16,prca16,likert5,4,2,True,validated,1
72d1527e-999c-4847-a9a1-cfc6e4b35e16,prca17,likert5,2,4,True,validated,1
72d1527e-999c-4847-a9a1-cfc6e4b35e16,prca18,likert5,5,5,True,validated,0
d591cc86-b8b5-434a-b652-9bbcdec0fbad,prca01,likert5,4,4,True,validated,0
d591cc86-b8b5-434a-b652-9bbcdec0fbad,prca02,likert5,4,2,True,validated,1
d591cc86-b8b5-434a-b652-9bbcdec0fbad,prca03,likert5,5,5,True,validated,0
d591cc86-b8b5-434a-b652-9bbcdec0fbad,prca04,likert5,3,3,True,validated,1
d591cc86-b8b5-434a-b652-9bbcdec0fbad,prca05,likert5,3,3,True,validated,0
d591cc86-b8b5-434a-b652-9bbcdec0fbad,prca06,likert5,2,4,True,validated,1
d591cc86-b8b5-434a-b652-9bbcdec0fbad,prca13,likert5,3,3,True,validated,0
d591cc86-b8b5-434a-b652-9bbcdec0fbad,prca14,likert5,3,3,True,validated,1
d591cc86-b8b5-434a-b652-9bbcdec0fbad,prca15,likert5,4,4,True,validated,0
d591cc86-b8b5-434a-b652-9bbcdec0fbad,prca16,likert5,5) strongly agree,1,True,recode,1
d591cc86-b8b5-434a-b652-9bbcdec0fbad,prca17,likert5,4,2,True,validated,1
d591cc86-b8b5-434a-b652-9bbcdec0fbad,prca18,likert5,5) strongly agree,4,True,recode,0
dd503832-a964-44dc-9b07-96df7246494a,prca01,likert5,5,5,True,validated,0
dd503832-a964-44dc-9b07-96df7246494a,prca02,likert5,2,4,True,validated,1
dd503832-a964-44dc-9b07-96df7246494a,prca03,likert5,4,4,True,validated,0
dd503832-a964-44dc-9b07-96df7246494a,prca04,likert5,2,4,True,validated,1
dd503832-a964-44dc-9b07-96df7246494a,prca05,likert5,4,4,True,validated,0
dd503832-a964-44dc-9b07-96df7246494a,prca06,likert5,4,2,True,validated,1
dd503832-a964-44dc-9b07-96df7246494a,prca13,likert5,4,4,True,validated,0
dd503832-a964-44dc-9b07-96df7246494a,prca14,likert5,4,2,True,validated,1
dd503832-a964-44dc-9b07-96df7246494a,prca15,likert5,4,4,True,validated,0
dd503832-a964-44dc-9b07-96df7246494a,prca16,likert5,3,3,True,validated,1
dd503832-a964-44dc-9b07-96df7246494a,prca17,likert5,1,5,True,validated,1
dd503832-a964-44dc-9b07-96df7246494a,prca18,likert5,4,4,True,validated,0
8b40f1be-867e-4938-ac33-2a579c6bf6b5,prca01,likert5,5) strongly agree,2,True,recode,0
8b40f1be-867e-4938-ac33-2a579c6bf6b5,prca02,likert5,4,2,True,validated,1
8b40f1be-867e-4938-ac33-2a579c6bf6b5,prca03,likert5,3,3,True,validated,0
8b40f1be-867e-4938-ac33-2a579c6bf6b5,prca04,likert5,3,3,True,validated,1
8b40f1be-867e-4938-ac33-2a579c6bf6b5,prca05,likert5,5) strongly agree,5,True,recode,0
8b40f1be-867e-4938-ac33-2a579c6bf6b5,prca06,likert5,1,5,True,validated,1
8b40f1be-867e-4938-ac33-2a579c6bf6b5,prca13,likert5,5,5,True,validated,0
8b40f1be-867e-4938-ac33-2a579c6bf6b5,prca14,likert5,5) strongly agree,1,True,recode,1
8b40f1be-867e-4938-ac33-2a579c6bf6b5,prca15,likert5,1,1,True,validated,0
8b40f1be-867e-4938-ac33-2a579c6bf6b5,prca16,likert5,4,2,True,validated,1
8b40f1be-867e-4938-ac33-2a579c6bf6b5,prca17,likert5,2,4,True,validated,1
8b40f1be-867e-4938-ac33-2a579c6bf6b5,prca18,likert5,4,4,True,validated,0
264bfc69-c0e8-4e35-aa74-8bb69d286d70,prca01,likert5,2,2,True,validated,0
264bfc69-c0e8-4e35-aa74-8bb69d286d70,prca02,likert5,4,2,True,validated,1
264bfc69-c0e8-4e35-aa74-8bb69d286d70,prca03,likert5,4,4,True,validated,0
264bfc69-c0e8-4e35-aa74-8bb69d286d70,prca04,likert5,5,1,True,validated,1
264bfc69-c0e8-4e35-aa74-8bb69d286d70,prca05,likert5,2,2,True,validated,0
264bfc69-c0e8-4e35-aa74-8bb69d286d70,prca06,likert5,4,2,True,validated,1
264bfc69-c0e8-4e35-aa74-8bb69d286d70,prca13,likert5,4,4,True,validated,0
264bfc69-c0e8-4e35-aa74-8bb69d286d70,prca14,likert5,3,3,True,validated,1
264bfc69-c0e8-4e35-aa74-8bb69d286d70,prca15,likert5,1,1,True,validated,0
264bfc69-c0e8-4e35-aa74-8bb69d286d70,prca16,likert5,3,3,True,validated,1
264bfc69-c0e8-4e35-aa74-8bb69d286d70,prca17,likert5,5) strongly agree,2,True,recode,1
264bfc69-c0e8-4e35-aa74-8bb69d286d70,prca18,likert5,2,2,True,validated,0
dc9dd8b6-9fd7-44ed-84e9-cc297e2fb06f,prca01,likert5,5,5,True,validated,0
dc9dd8b6-9fd7-44ed-84e9-cc297e2fb06f,prca02,likert5,1,5,True,validated,1
dc9dd8b6-9fd7-44ed-84e9-cc297e2fb06f,prca03,likert5,1,1,True,validated,0
dc9dd8b6-9fd7-44ed-84e9-cc297e2fb06f,prca04,likert5,1,5,True,validated,1
dc9dd8b6-9fd7-44ed-84e9-cc297e2fb06f,prca05,likert5,3,3,True,validated,0
dc9dd8b6-9fd7-44ed-84e9-cc297e2fb06f,prca06,likert5,1,5,True,validated,1
dc9dd8b6-9fd7-44ed-84e9-cc297e2fb06f,prca13,likert5,5,5,True,validated,0
dc9dd8b6-9fd7-44ed-84e9-cc297e2fb06f,prca14,likert5,4,2,True,validated,1
dc9dd8b6-9fd7-44ed-84e9-cc297e2fb06f,prca15,likert5,5) strongly agree,5,True,recode,0
dc9dd8b6-9fd7-44ed-84e9-cc297e2fb06f,prca16,likert5,1,5,True,validated,1
dc9dd8b6-9fd7-44ed-84e9-cc297e2fb06f,prca17,likert5,5,1,True,validated,1
dc9dd8b6-9fd7-44ed-84e9-cc297e2fb06f,prca18,likert5,2,2,True,validated,0
07395018-a336-41e4-8272-940c8d432cee,prca01,likert5,5,5,True,validated,0
07395018-a336-41e4-8272-940c8d432cee,prca02,likert5,2,4,True,validated,1
07395018-a336-41e4-8272-940c8d432cee,prca03,likert5,4,4,True,validated,0
07395018-a336-41e4-8272-940c8d432cee,prca04,likert5,3,3,True,validated,1
07395018-a336-41e4-8272-940c8d432cee,prca05,likert5,1,1,True,validated,0
07395018-a336-41e4-8272-940c8d432cee,prca06,likert5,1,5,True,validated,1
07395018-a336-41e4-8272-940c8d432cee,prca13,likert5,5,5,True,validated,0
07395018-a336-41e4-8272-940c8d432cee,prca14,likert5,4,2,True,validated,1
07395018-a336-41e4-8272-940c8d432cee,prca15,likert5,1,1,True,validated,0
07395018-a336-41e4-8272-940c8d432cee,prca16,likert5,5,1,True,validated,1
07395018-a336-41e4-8272-940c8d432cee,prca17,likert5,5,1,True,validated,1
07395018-a336-41e4-8272-940c8d432cee,prca18,likert5,2,2,True,validated,0
025ad7ad-d1fb-4351-bec7-6c96c8847299,prca01,likert5,3,3,True,validated,0
025ad7ad-d1fb-4351-bec7-6c96c8847299,prca02,likert5,3,3,True,validated,1
025ad7ad-d1fb-4351-bec7-6c96c8847299,prca03,likert5,2,2,True,validated,0
025ad7ad-d1fb-4351-bec7-6c96c8847299,prca04,likert5,3,3,True,validated,1
025ad7ad-d1fb-4351-bec7-6c96c8847299,prca05,likert5,1,1,True,validated,0
025ad7ad-d1fb-4351-bec7-6c96c8847299,prca06,likert5,1,5,True,validated,1
025ad7ad-d1fb-4351-bec7-6c96c8847299,prca13,likert5,4,4,True,validated,0
025ad7ad-d1fb-4351-bec7-6c96c8847299,prca14,likert5,4,2,True,validated,1
025ad7ad-d1fb-4351-bec7-6c96c8847299,prca15,likert5,2,2,True,validated,0
025ad7ad-d1fb-4351-bec7-6c96c8847299,prca16,likert5,2,4,True,validated,1
025ad7ad-d1fb-4351-bec7-6c96c8847299,prca17,likert5,4,2,True,validated,1
025ad7ad-d1fb-4351-bec7-6c96c8847299,prca18,likert5,3,3,True,validated,0
aac2bc48-d734-4c0e-82f9-fe0c32b0adbd,prca01,likert5,3,3,True,validated,0
aac2bc48-d734-4c0e-82f9-fe0c32b0adbd,prca02,likert5,5,1,True,validated,1
aac2bc48-d734-4c0e-82f9-fe0c32b0adbd,prca03,likert5,1,1,True,validated,0
aac2bc48-d734-4c0e-82f9-fe0c32b0adbd,prca04,likert5,3,3,True,validated,1
aac2bc48-d734-4c0e-82f9-fe0c32b0adbd,prca05,likert5,4,4,True,validated,0
aac2bc48-d734-4c0e-82f9-fe0c32b0adbd,prca06,likert5,1,5,True,validated,1
aac2bc48-d734-4c0e-82f9-fe0c32b0adbd,prca13,likert5,5,5,True,validated,0
aac2bc48-d734-4c0e-82f9-fe0c32b0adbd,prca14,likert5,3,3,True,validated,1
aac2bc48-d734-4c0e-82f9-fe0c32b0adbd,prca15,likert5,3,3,True,validated,0
aac2bc48-d734-4c0e-82f9-fe0c32b0adbd,prca16,likert5,5,1,True,validated,1
aac2bc48-d734-4c0e-82f9-fe0c32b0adbd,prca17,likert5,2,4,True,validated,1
aac2bc48-d734-4c0e-82f9-fe0c32b0adbd,prca18,likert5,1,1,True,validated,0
ccd08c60-bed4-44a7-8494-ea43bcdcf5fc,prca01,likert5,1,1,True,validated,0
ccd08c60-bed4-44a7-8494-ea43bcdcf5fc,prca02,likert5,2,4,True,validated,1
ccd08c60-bed4-44a7-8494-ea43bcdcf5fc,prca03,likert5,4,4,True,validated,0
ccd08c60-bed4-44a7-8494-ea43bcdcf5fc,prca04,likert5,4,2,True,validated,1
ccd08c60-bed4-44a7-8494-ea43bcdcf5fc,prca05,likert5,4,4,True,validated,0
ccd08c60-bed4-44a7-8494-ea43bcdcf5fc,prca06,likert5,5,1,True,validated,1
ccd08c60-bed4-44a7-8494-ea43bcdcf5fc,prca13,likert5,5,5,True,validated,0
ccd08c60-bed4-44a7-8494-ea43bcdcf5fc,prca14,likert5,5) strongly agree,1,True,recode,1
ccd08c60-bed4-44a7-8494-ea43bcdcf5fc,prca15,likert5,4,4,True,validated,0
ccd08c60-bed4-44a7-8494-ea43bcdcf5fc,prca16,likert5,4,2,True,validated,1
ccd08c60-bed4-44a7-8494-ea43bcdcf5fc,prca17,likert5,3,3,True,validated,1
ccd08c60-bed4-44a7-8494-ea43bcdcf5fc,prca18,likert5,5,5,True,validated,0
6e508f96-fa97-4a92-bad3-8e3f9aaa34c5,prca01,likert5,1,1,True,validated,0
6e508f96-fa97-4a92-bad3-8e3f9aaa34c5,prca02,likert5,2,4,True,validated,1
6e508f96-fa97-4a92-bad3-8e3f9aaa34c5,prca03,likert5,5,5,True,validated,0
6e508f96-fa97-4a92-bad3-8e3f9aaa34c5,prca04,likert5,4,2,True,validated,1
6e508f96-fa97-4a92-bad3-8e3f9aaa34c5,prca05,likert5,1,1,True,validated,0
6e508f96-fa97-4a92-bad3-8e3f9aaa34c5,prca06,likert5,4,2,True,validated,1
6e508f96-fa97-4a92-bad3-8e3f9aaa34c5,prca13,likert5,4,4,True,validated,0
6e508f96-fa97-4a92-bad3-8e3f9aaa34c5,prca14,likert5,5,1,True,validated,1
6e508f96-fa97-4a92-bad3-8e3f9aaa34c5,prca15,likert5,4,4,True,validated,0
6e508f96-fa97-4a92-bad3-8e3f9aaa34c5,prca16,likert5,5,1,True,validated,1
6e508f96-fa97-4a92-bad3-8e3f9aaa34c5,prca17,likert5,4,2,True,validated,1
6e508f96-fa97-4a92-bad3-8e3f9aaa34c5,prca18,likert5,5) strongly agree,3,True,recode,0
3e05b7ed-bb67-40a9-be00-50075fa040e4,prca01,likert5,3,3,True,validated,0
3e05b7ed-bb67-40a9-be00-50075fa040e4,prca02,likert5,2,4,True,validated,1
3e05b7ed-bb67-40a9-be00-50075fa040e4,prca03,likert5,2,2,True,validated,0
3e05b7ed-bb67-40a9-be00-50075fa040e4,prca04,likert5,3,3,True,validated,1
3e05b7ed-bb67-40a9-be00-50075fa040e4,prca05,likert5,2,2,True,validated,0
3e05b7ed-bb67-40a9-be00-50075fa040e4,prca06,likert5,2,4,True,validated,1
3e05b7ed-bb67-40a9-be00-50075fa040e4,prca13,likert5,5,5,True,validated,0
3e05b7ed-bb67-40a9-be00-50075fa040e4,prca14,likert5,2,4,True,validated,1
3e05b7ed-bb67-40a9-be00-50075fa040e4,prca15,likert5,2,2,True,validated,0
3e05b7ed-bb67-40a9-be00-50075fa040e4,prca16,likert5,2,4,True,validated,1
3e05b7ed-bb67-40a9-be00-50075fa040e4,prca17,likert5,4,2,True,validated,1
3e05b7ed-bb67-40a9-be00-50075fa040e4,prca18,likert5,3,3,True,validated,0
