resid,question_id,scale,original_response,final_response,validated,action_taken,reverse_coded
c9b3beb7-34ca-4bef-b2dd-9c9310b02a1a,prca01,likert5,4,4,True,validated,0
c9b3beb7-34ca-4bef-b2dd-9c9310b02a1a,prca02,likert5,4,2,True,validated,1
c9b3beb7-34ca-4bef-b2dd-9c9310b02a1a,prca03,likert5,3,3,True,validated,0
c9b3beb7-34ca-4bef-b2dd-9c9310b02a1a,prca04,likert5,4,2,True,validated,1
c9b3beb7-34ca-4bef-b2dd-9c9310b02a1a,prca05,likert5,4,4,True,validated,0
c9b3beb7-34ca-4bef-b2dd-9c9310b02a1a,prca06,likert5,4,2,True,validated,1
c9b3beb7-34ca-4bef-b2dd-9c9310b02a1a,prca13,likert5,4,4,True,validated,0
c9b3beb7-34ca-4bef-b2dd-9c9310b02a1a,prca14,likert5,4,2,True,validated,1
c9b3beb7-34ca-4bef-b2dd-9c9310b02a1a,prca15,likert5,3,3,True,validated,0
c9b3beb7-34ca-4bef-b2dd-9c9310b02a1a,prca16,likert5,4,2,True,validated,1
c9b3beb7-34ca-4bef-b2dd-9c9310b02a1a,prca17,likert5,3,3,True,validated,1
c9b3beb7-34ca-4bef-b2dd-9c9310b02a1a,prca18,likert5,4,4,True,validated,0
daa4a01c-a343-476c-919c-ef8b2bb0584a,prca01,likert5,4,4,True,validated,0
daa4a01c-a343-476c-919c-ef8b2bb0584a,prca02,likert5,3,3,True,validated,1
daa4a01c-a343-476c-919c-ef8b2bb0584a,prca03,likert5,4,4,True,validated,0
daa4a01c-a343-476c-919c-ef8b2bb0584a,prca04,likert5,4,2,True,validated,1
daa4a01c-a343-476c-919c-ef8b2bb0584a,prca05,likert5,3,3,True,validated,0
daa4a01c-a343-476c-919c-ef8b2bb0584a,prca06,likert5,4,2,True,validated,1
daa4a01c-a343-476c-919c-ef8b2bb0584a,prca13,likert5,4,4,True,validated,0
daa4a01c-a343-476c-919c-ef8b2bb0584a,prca14,likert5,4,2,True,validated,1
daa4a01c-a343-476c-919c-ef8b2bb0584a,prca15,likert5,4,4,True,validated,0
daa4a01c-a343-476c-919c-ef8b2bb0584a,prca16,likert5,5,1,True,validated,1
daa4a01c-a343-476c-919c-ef8b2bb0584a,prca17,likert5,4,2,True,validated,1
daa4a01c-a343-476c-919c-ef8b2bb0584a,prca18,likert5,3,3,True,validated,0
e0a81d14-d73b-4979-954a-49f3e372baf6,prca01,likert5,4,4,True,validated,0
e0a81d14-d73b-4979-954a-49f3e372baf6,prca02,likert5,4,2,True,validated,1
e0a81d14-d73b-4979-954a-49f3e372baf6,prca03,likert5,4,4,True,validated,0
e0a81d14-d73b-4979-954a-49f3e372baf6,prca04,likert5,4,2,True,validated,1
e0a81d14-d73b-4979-954a-49f3e372baf6,prca05,likert5,4,4,True,validated,0
e0a81d14-d73b-4979-954a-49f3e372baf6,prca06,likert5,4,2,True,validated,1
e0a81d14-d73b-4979-954a-49f3e372baf6,prca13,likert5,4,4,True,validated,0
e0a81d14-d73b-4979-954a-49f3e372baf6,prca14,likert5,3,3,True,validated,1
e0a81d14-d73b-4979-954a-49f3e372baf6,prca15,likert5,4,4,True,validated,0
e0a81d14-d73b-4979-954a-49f3e372baf6,prca16,likert5,3,3,True,validated,1
e0a81d14-d73b-4979-954a-49f3e372baf6,prca17,likert5,3,3,True,validated,1
e0a81d14-d73b-4979-954a-49f3e372baf6,prca18,likert5,4,4,True,validated,0
f279a5e0-54a5-47d9-acb1-1437406c15b8,prca01,likert5,4,4,True,validated,0
f279a5e0-54a5-47d9-acb1-1437406c15b8,prca02,likert5,3,3,True,validated,1
f279a5e0-54a5-47d9-acb1-1437406c15b8,prca03,likert5,4,4,True,validated,0
f279a5e0-54a5-47d9-acb1-1437406c15b8,prca04,likert5,5,1,True,validated,1
f279a5e0-54a5-47d9-acb1-1437406c15b8,prca05,likert5,3,3,True,validated,0
f279a5e0-54a5-47d9-acb1-1437406c15b8,prca06,likert5,3,3,True,validated,1
f279a5e0-54a5-47d9-acb1-1437406c15b8,prca13,likert5,4,4,True,validated,0
f279a5e0-54a5-47d9-acb1-1437406c15b8,prca14,likert5,4,2,True,validated,1
f279a5e0-54a5-47d9-acb1-1437406c15b8,prca15,likert5,5,5,True,validated,0
f279a5e0-54a5-47d9-acb1-1437406c15b8,prca16,likert5,4,2,True,validated,1
f279a5e0-54a5-47d9-acb1-1437406c15b8,prca17,likert5,4,2,True,validated,1
f279a5e0-54a5-47d9-acb1-1437406c15b8,prca18,likert5,4,4,True,validated,0
15e0fad5-006d-424c-9f8a-ab3b1ae0bf90,prca01,likert5,3,3,True,validated,0
15e0fad5-006d-424c-9f8a-ab3b1ae0bf90,prca02,likert5,5,1,True,validated,1
15e0fad5-006d-424c-9f8a-ab3b1ae0bf90,prca03,likert5,4,4,True,validated,0
15e0fad5-006d-424c-9f8a-ab3b1ae0bf90,prca04,likert5,3,3,True,validated,1
15e0fad5-006d-424c-9f8a-ab3b1ae0bf90,prca05,likert5,4,4,True,validated,0
15e0fad5-006d-424c-9f8a-ab3b1ae0bf90,prca06,likert5,4,2,True,validated,1
15e0fad5-006d-424c-9f8a-ab3b1ae0bf90,prca13,likert5,4,4,True,validated,0
15e0fad5-006d-424c-9f8a-ab3b1ae0bf90,prca14,likert5,4,2,True,validated,1
15e0fad5-006d-424c-9f8a-ab3b1ae0bf90,prca15,likert5,3,3,True,validated,0
15e0fad5-006d-424c-9f8a-ab3b1ae0bf90,prca16,likert5,4,2,True,validated,1
15e0fad5-006d-424c-9f8a-ab3b1ae0bf90,prca17,likert5,5,1,True,validated,1
15e0fad5-006d-424c-9f8a-ab3b1ae0bf90,prca18,likert5,3,3,True,validated,0
1567bb51-fdf9-4a53-9305-86436b00a1c8,prca01,likert5,2,2,True,validated,0
1567bb51-fdf9-4a53-9305-86436b00a1c8,prca02,likert5,3,3,True,validated,1
1567bb51-fdf9-4a53-9305-86436b00a1c8,prca03,likert5,5,5,True,validated,0
1567bb51-fdf9-4a53-9305-86436b00a1c8,prca04,likert5,4,2,True,validated,1
1567bb51-fdf9-4a53-9305-86436b00a1c8,prca05,likert5,4,4,True,validated,0
1567bb51-fdf9-4a53-9305-86436b00a1c8,prca06,likert5,3,3,True,validated,1
1567bb51-fdf9-4a53-9305-86436b00a1c8,prca13,likert5,5,5,True,validated,0
1567bb51-fdf9-4a53-9305-86436b00a1c8,prca14,likert5,3,3,True,validated,1
1567bb51-fdf9-4a53-9305-86436b00a1c8,prca15,likert5,5,5,True,validated,0
1567bb51-fdf9-4a53-9305-86436b00a1c8,prca16,likert5,3,3,True,validated,1
1567bb51-fdf9-4a53-9305-86436b00a1c8,prca17,likert5,4,2,True,validated,1
1567bb51-fdf9-4a53-9305-86436b00a1c8,prca18,likert5,5,5,True,validated,0
e3c72680-b4bb-4e52-867d-f3457d584934,prca01,likert5,3,3,True,validated,0
e3c72680-b4bb-4e52-867d-f3457d584934,prca02,likert5,3,3,True,validated,1
e3c72680-b4bb-4e52-867d-f3457d584934,prca03,likert5,5,5,True,validated,0
e3c72680-b4bb-4e52-867d-f3457d584934,prca04,likert5,3,3,True,validated,1
e3c72680-b4bb-4e52-867d-f3457d584934,prca05,likert5,3,3,True,validated,0
e3c72680-b4bb-4e52-867d-f3457d584934,prca06,likert5,4,2,True,validated,1
e3c72680-b4bb-4e52-867d-f3457d584934,prca13,likert5,3,3,True,validated,0
e3c72680-b4bb-4e52-867d-f3457d584934,prca14,likert5,4,2,True,validated,1
e3c72680-b4bb-4e52-867d-f3457d584934,prca15,likert5,4,4,True,validated,0
e3c72680-b4bb-4e52-867d-f3457d584934,prca16,likert5,4,2,True,validated,1
e3c72680-b4bb-4e52-867d-f3457d584934,prca17,likert5,4,2,True,validated,1
e3c72680-b4bb-4e52-867d-f3457d584934,prca18,likert5,5,5,True,validated,0
79cf8554-83ca-4689-a7ca-b03758f7033d,prca01,likert5,4,4,True,validated,0
79cf8554-83ca-4689-a7ca-b03758f7033d,prca02,likert5,3,3,True,validated,1
79cf8554-83ca-4689-a7ca-b03758f7033d,prca03,likert5,3,3,True,validated,0
79cf8554-83ca-4689-a7ca-b03758f7033d,prca04,likert5,4,2,True,validated,1
79cf8554-83ca-4689-a7ca-b03758f7033d,prca05,likert5,4,4,True,validated,0
79cf8554-83ca-4689-a7ca-b03758f7033d,prca06,likert5,3,3,True,validated,1
79cf8554-83ca-4689-a7ca-b03758f7033d,prca13,likert5,3,3,True,validated,0
79cf8554-83ca-4689-a7ca-b03758f7033d,prca14,likert5,4,2,True,validated,1
79cf8554-83ca-4689-a7ca-b03758f7033d,prca15,likert5,4,4,True,validated,0
79cf8554-83ca-4689-a7ca-b03758f7033d,prca16,likert5,4,2,True,validated,1
79cf8554-83ca-4689-a7ca-b03758f7033d,prca17,likert5,4,2,True,validated,1
79cf8554-83ca-4689-a7ca-b03758f7033d,prca18,likert5,4,4,True,validated,0
087e5164-dfca-4269-9637-ea12f5ec753e,prca01,likert5,4,4,True,validated,0
087e5164-dfca-4269-9637-ea12f5ec753e,prca02,likert5,4,2,True,validated,1
087e5164-dfca-4269-9637-ea12f5ec753e,prca03,likert5,3,3,True,validated,0
087e5164-dfca-4269-9637-ea12f5ec753e,prca04,likert5,4,2,True,validated,1
087e5164-dfca-4269-9637-ea12f5ec753e,prca05,likert5,5,5,True,validated,0
087e5164-dfca-4269-9637-ea12f5ec753e,prca06,likert5,2,4,True,validated,1
087e5164-dfca-4269-9637-ea12f5ec753e,prca13,likert5,5,5,True,validated,0
087e5164-dfca-4269-9637-ea12f5ec753e,prca14,likert5,4,2,True,validated,1
087e5164-dfca-4269-9637-ea12f5ec753e,prca15,likert5,4,4,True,validated,0
087e5164-dfca-4269-9637-ea12f5ec753e,prca16,likert5,3,3,True,validated,1
087e5164-dfca-4269-9637-ea12f5ec753e,prca17,likert5,4,2,True,validated,1
087e5164-dfca-4269-9637-ea12f5ec753e,prca18,likert5,4,4,True,validated,0
1bc9c84d-3347-4d1f-8eea-e26f82a6cefa,prca01,likert5,1,1,True,validated,0
1bc9c84d-3347-4d1f-8eea-e26f82a6cefa,prca02,likert5,5,1,True,validated,1
1bc9c84d-3347-4d1f-8eea-e26f82a6cefa,prca03,likert5,4,4,True,validated,0
1bc9c84d-3347-4d1f-8eea-e26f82a6cefa,prca04,likert5,4,2,True,validated,1
1bc9c84d-3347-4d1f-8eea-e26f82a6cefa,prca05,likert5,3,3,True,validated,0
1bc9c84d-3347-4d1f-8eea-e26f82a6cefa,prca06,likert5,5,1,True,validated,1
1bc9c84d-3347-4d1f-8eea-e26f82a6cefa,prca13,likert5,4,4,True,validated,0
1bc9c84d-3347-4d1f-8eea-e26f82a6cefa,prca14,likert5,3,3,True,validated,1
1bc9c84d-3347-4d1f-8eea-e26f82a6cefa,prca15,likert5,3,3,True,validated,0
1bc9c84d-3347-4d1f-8eea-e26f82a6cefa,prca16,likert5,4,2,True,validated,1
1bc9c84d-3347-4d1f-8eea-e26f82a6cefa,prca17,likert5,3,3,True,validated,1
1bc9c84d-3347-4d1f-8eea-e26f82a6cefa,prca18,likert5,3,3,True,validated,0
1cd8396b-4640-4099-89f8-8f02eb74c6fe,prca01,likert5,4,4,True,validated,0
1cd8396b-4640-4099-89f8-8f02eb74c6fe,prca02,likert5,4,2,True,validated,1
1cd8396b-4640-4099-89f8-8f02eb74c6fe,prca03,likert5,4,4,True,validated,0
1cd8396b-4640-4099-89f8-8f02eb74c6fe,prca04,likert5,3,3,True,validated,1
1cd8396b-4640-4099-89f8-8f02eb74c6fe,prca05,likert5,4,4,True,validated,0
1cd8396b-4640-4099-89f8-8f02eb74c6fe,prca06,likert5,4,2,True,validated,1
1cd8396b-4640-4099-89f8-8f02eb74c6fe,prca13,likert5,4,4,True,validated,0
1cd8396b-4640-4099-89f8-8f02eb74c6fe,prca14,likert5,4,2,True,validated,1
1cd8396b-4640-4099-89f8-8f02eb74c6fe,prca15,likert5,3,3,True,validated,0
1cd8396b-4640-4099-89f8-8f02eb74c6fe,prca16,likert5,4,2,True,validated,1
1cd8396b-4640-4099-89f8-8f02eb74c6fe,prca17,likert5,4,2,True,validated,1
1cd8396b-4640-4099-89f8-8f02eb74c6fe,prca18,likert5,3,3,True,validated,0
b5449f04-21ff-464d-902b-4a79595fe81f,prca01,likert5,4,4,True,validated,0
b5449f04-21ff-464d-902b-4a79595fe81f,prca02,likert5,4,2,True,validated,1
b5449f04-21ff-464d-902b-4a79595fe81f,prca03,likert5,3,3,True,validated,0
b5449f04-21ff-464d-902b-4a79595fe81f,prca04,likert5,3,3,True,validated,1
b5449f04-21ff-464d-902b-4a79595fe81f,prca05,likert5,5,5,True,validated,0
b5449f04-21ff-464d-902b-4a79595fe81f,prca06,likert5,3,3,True,validated,1
b5449f04-21ff-464d-902b-4a79595fe81f,prca13,likert5,5,5,True,validated,0
b5449f04-21ff-464d-902b-4a79595fe81f,prca14,likert5,5,1,True,validated,1
b5449f04-21ff-464d-902b-4a79595fe81f,prca15,likert5,3,3,True,validated,0
b5449f04-21ff-464d-902b-4a79595fe81f,prca16,likert5,3,3,True,validated,1
b5449f04-21ff-464d-902b-4a79595fe81f,prca17,likert5,5,1,True,validated,1
b5449f04-21ff-464d-902b-4a79595fe81f,prca18,likert5,4,4,True,validated,0
d44acfcc-8f8b-4935-851e-d24ad6e251f6,prca01,likert5,3,3,True,validated,0
d44acfcc-8f8b-4935-851e-d24ad6e251f6,prca02,likert5,4,2,True,validated,1
d44acfcc-8f8b-4935-851e-d24ad6e251f6,prca03,likert5,4,4,True,validated,0
d44acfcc-8f8b-4935-851e-d24ad6e251f6,prca04,likert5,4,2,True,validated,1
d44acfcc-8f8b-4935-851e-d24ad6e251f6,prca05,likert5,3,3,True,validated,0
d44acfcc-8f8b-4935-851e-d24ad6e251f6,prca06,likert5,3,3,True,validated,1
d44acfcc-8f8b-4935-851e-d24ad6e251f6,prca13,likert5,4,4,True,validated,0
d44acfcc-8f8b-4935-851e-d24ad6e251f6,prca14,likert5,4,2,True,validated,1
d44acfcc-8f8b-4935-851e-d24ad6e251f6,prca15,likert5,4,4,True,validated,0
d44acfcc-8f8b-4935-851e-d24ad6e251f6,prca16,likert5,3,3,True,validated,1
d44acfcc-8f8b-4935-851e-d24ad6e251f6,prca17,likert5,4,2,True,validated,1
d44acfcc-8f8b-4935-851e-d24ad6e251f6,prca18,likert5,4,4,True,validated,0
cb3d3226-e5dc-4a17-af36-ca7796b10a64,prca01,likert5,1,1,True,validated,0
cb3d3226-e5dc-4a17-af36-ca7796b10a64,prca02,likert5,4,2,True,validated,1
cb3d3226-e5dc-4a17-af36-ca7796b10a64,prca03,likert5,3,3,True,validated,0
cb3d3226-e5dc-4a17-af36-ca7796b10a64,prca04,likert5,4,2,True,validated,1
cb3d3226-e5dc-4a17-af36-ca7796b10a64,prca05,likert5,3,3,True,validated,0
cb3d3226-e5dc-4a17-af36-ca7796b10a64,prca06,likert5,4,2,True,validated,1
cb3d3226-e5dc-4a17-af36-ca7796b10a64,prca13,likert5,4,4,True,validated,0
cb3d3226-e5dc-4a17-af36-ca7796b10a64,prca14,likert5,4,2,True,validated,1
cb3d3226-e5dc-4a17-af36-ca7796b10a64,prca15,likert5,3,3,True,validated,0
cb3d3226-e5dc-4a17-af36-ca7796b10a64,prca16,likert5,4,2,True,validated,1
cb3d3226-e5dc-4a17-af36-ca7796b10a64,prca17,likert5,4,2,True,validated,1
cb3d3226-e5dc-4a17-af36-ca7796b10a64,prca18,likert5,4,4,True,validated,0
eddfae42-dc3b-450f-9011-197093fb154e,prca01,likert5,4,4,True,validated,0
eddfae42-dc3b-450f-9011-197093fb154e,prca02,likert5,4,2,True,validated,1
eddfae42-dc3b-450f-9011-197093fb154e,prca03,likert5,4,4,True,validated,0
eddfae42-dc3b-450f-9011-197093fb154e,prca04,likert5,5,1,True,validated,1
eddfae42-dc3b-450f-9011-197093fb154e,prca05,likert5,3,3,True,validated,0
eddfae42-dc3b-450f-9011-197093fb154e,prca06,likert5,4,2,True,validated,1
eddfae42-dc3b-450f-9011-197093fb154e,prca13,likert5,3,3,True,validated,0
eddfae42-dc3b-450f-9011-197093fb154e,prca14,likert5,4,2,True,validated,1
eddfae42-dc3b-450f-9011-197093fb154e,prca15,likert5,4,4,True,validated,0
eddfae42-dc3b-450f-9011-197093fb154e,prca16,likert5,3,3,True,validated,1
eddfae42-dc3b-450f-9011-197093fb154e,prca17,likert5,4,2,True,validated,1
eddfae42-dc3b-450f-9011-197093fb154e,prca18,likert5,4,4,True,validated,0
ea3550b7-d909-4284-ad95-383923c3dee3,prca01,likert5,4,4,True,validated,0
ea3550b7-d909-4284-ad95-383923c3dee3,prca02,likert5,4,2,True,validated,1
ea3550b7-d909-4284-ad95-383923c3dee3,prca03,likert5,4,4,True,validated,0
ea3550b7-d909-4284-ad95-383923c3dee3,prca04,likert5,3,3,True,validated,1
ea3550b7-d909-4284-ad95-383923c3dee3,prca05,likert5,4,4,True,validated,0
ea3550b7-d909-4284-ad95-383923c3dee3,prca06,likert5,5,1,True,validated,1
ea3550b7-d909-4284-ad95-383923c3dee3,prca13,likert5,3,3,True,validated,0
ea3550b7-d909-4284-ad95-383923c3dee3,prca14,likert5,5,1,True,validated,1
ea3550b7-d909-4284-ad95-383923c3dee3,prca15,likert5,3,3,True,validated,0
ea3550b7-d909-4284-ad95-383923c3dee3,prca16,likert5,3,3,True,validated,1
ea3550b7-d909-4284-ad95-383923c3dee3,prca17,likert5,4,2,True,validated,1
ea3550b7-d909-4284-ad95-383923c3dee3,prca18,likert5,4,4,True,validated,0
1ce00abf-62e4-492e-a86a-1ebd7171d7b5,prca01,likert5,4,4,True,validated,0
1ce00abf-62e4-492e-a86a-1ebd7171d7b5,prca02,likert5,4,2,True,validated,1
1ce00abf-62e4-492e-a86a-1ebd7171d7b5,prca03,likert5,3,3,True,validated,0
1ce00abf-62e4-492e-a86a-1ebd7171d7b5,prca04,likert5,5,1,True,validated,1
1ce00abf-62e4-492e-a86a-1ebd7171d7b5,prca05,likert5,3,3,True,validated,0
1ce00abf-62e4-492e-a86a-1ebd7171d7b5,prca06,likert5,4,2,True,validated,1
1ce00abf-62e4-492e-a86a-1ebd7171d7b5,prca13,likert5,4,4,True,validated,0
1ce00abf-62e4-492e-a86a-1ebd7171d7b5,prca14,likert5,4,2,True,validated,1
1ce00abf-62e4-492e-a86a-1ebd7171d7b5,prca15,likert5,4,4,True,validated,0
1ce00abf-62e4-492e-a86a-1ebd7171d7b5,prca16,likert5,4,2,True,validated,1
1ce00abf-62e4-492e-a86a-1ebd7171d7b5,prca17,likert5,4,2,True,validated,1
1ce00abf-62e4-492e-a86a-1ebd7171d7b5,prca18,likert5,4,4,True,validated,0
bd36efa1-f9bd-49b6-8aac-1b39c83a3522,prca01,likert5,4,4,True,validated,0
bd36efa1-f9bd-49b6-8aac-1b39c83a3522,prca02,likert5,3,3,True,validated,1
bd36efa1-f9bd-49b6-8aac-1b39c83a3522,prca03,likert5,3,3,True,validated,0
bd36efa1-f9bd-49b6-8aac-1b39c83a3522,prca04,likert5,4,2,True,validated,1
bd36efa1-f9bd-49b6-8aac-1b39c83a3522,prca05,likert5,5,5,True,validated,0
bd36efa1-f9bd-49b6-8aac-1b39c83a3522,prca06,likert5,4,2,True,validated,1
bd36efa1-f9bd-49b6-8aac-1b39c83a3522,prca13,likert5,4,4,True,validated,0
bd36efa1-f9bd-49b6-8aac-1b39c83a3522,prca14,likert5,4,2,True,validated,1
bd36efa1-f9bd-49b6-8aac-1b39c83a3522,prca15,likert5,4,4,True,validated,0
bd36efa1-f9bd-49b6-8aac-1b39c83a3522,prca16,likert5,4,2,True,validated,1
bd36efa1-f9bd-49b6-8aac-1b39c83a3522,prca17,likert5,4,2,True,validated,1
bd36efa1-f9bd-49b6-8aac-1b39c83a3522,prca18,likert5,4,4,True,validated,0
2340f256-ca07-4160-93ba-de0cf6032b9a,prca01,likert5,4,4,True,validated,0
2340f256-ca07-4160-93ba-de0cf6032b9a,prca02,likert5,4,2,True,validated,1
2340f256-ca07-4160-93ba-de0cf6032b9a,prca03,likert5,4,4,True,validated,0
2340f256-ca07-4160-93ba-de0cf6032b9a,prca04,likert5,4,2,True,validated,1
2340f256-ca07-4160-93ba-de0cf6032b9a,prca05,likert5,3,3,True,validated,0
2340f256-ca07-4160-93ba-de0cf6032b9a,prca06,likert5,4,2,True,validated,1
2340f256-ca07-4160-93ba-de0cf6032b9a,prca13,likert5,3,3,True,validated,0
2340f256-ca07-4160-93ba-de0cf6032b9a,prca14,likert5,2,4,True,validated,1
2340f256-ca07-4160-93ba-de0cf6032b9a,prca15,likert5,3,3,True,validated,0
2340f256-ca07-4160-93ba-de0cf6032b9a,prca16,likert5,4,2,True,validated,1
2340f256-ca07-4160-93ba-de0cf6032b9a,prca17,likert5,4,2,True,validated,1
2340f256-ca07-4160-93ba-de0cf6032b9a,prca18,likert5,3,3,True,validated,0
0df601ea-c60e-45fe-a5c4-3f7c755de837,prca01,likert5,4,4,True,validated,0
0df601ea-c60e-45fe-a5c4-3f7c755de837,prca02,likert5,3,3,True,validated,1
0df601ea-c60e-45fe-a5c4-3f7c755de837,prca03,likert5,3,3,True,validated,0
0df601ea-c60e-45fe-a5c4-3f7c755de837,prca04,likert5,5,1,True,validated,1
0df601ea-c60e-45fe-a5c4-3f7c755de837,prca05,likert5,4,4,True,validated,0
0df601ea-c60e-45fe-a5c4-3f7c755de837,prca06,likert5,5,1,True,validated,1
0df601ea-c60e-45fe-a5c4-3f7c755de837,prca13,likert5,3,3,True,validated,0
0df601ea-c60e-45fe-a5c4-3f7c755de837,prca14,likert5,2,4,True,validated,1
0df601ea-c60e-45fe-a5c4-3f7c755de837,prca15,likert5,4,4,True,validated,0
0df601ea-c60e-45fe-a5c4-3f7c755de837,prca16,likert5,4,2,True,validated,1
0df601ea-c60e-45fe-a5c4-3f7c755de837,prca17,likert5,4,2,True,validated,1
0df601ea-c60e-45fe-a5c4-3f7c755de837,prca18,likert5,5,5,True,validated,0
9a09d8c7-8625-4936-83b5-d95db0e21842,prca01,likert5,4,4,True,validated,0
9a09d8c7-8625-4936-83b5-d95db0e21842,prca02,likert5,4,2,True,validated,1
9a09d8c7-8625-4936-83b5-d95db0e21842,prca03,likert5,4,4,True,validated,0
9a09d8c7-8625-4936-83b5-d95db0e21842,prca04,likert5,4,2,True,validated,1
9a09d8c7-8625-4936-83b5-d95db0e21842,prca05,likert5,4,4,True,validated,0
9a09d8c7-8625-4936-83b5-d95db0e21842,prca06,likert5,4,2,True,validated,1
9a09d8c7-8625-4936-83b5-d95db0e21842,prca13,likert5,4,4,True,validated,0
9a09d8c7-8625-4936-83b5-d95db0e21842,prca14,likert5,5,1,True,validated,1
9a09d8c7-8625-4936-83b5-d95db0e21842,prca15,likert5,4,4,True,validated,0
9a09d8c7-8625-4936-83b5-d95db0e21842,prca16,likert5,4,2,True,validated,1
9a09d8c7-8625-4936-83b5-d95db0e21842,prca17,likert5,4,2,True,validated,1
9a09d8c7-8625-4936-83b5-d95db0e21842,prca18,likert5,4,4,True,validated,0
a6deaf2d-0e4a-4ea5-8856-cdd726f94e18,prca01,likert5,4,4,True,validated,0
a6deaf2d-0e4a-4ea5-8856-cdd726f94e18,prca02,likert5,4,2,True,validated,1
a6deaf2d-0e4a-4ea5-8856-cdd726f94e18,prca03,likert5,4,4,True,validated,0
a6deaf2d-0e4a-4ea5-8856-cdd726f94e18,prca04,likert5,3,3,True,validated,1
a6deaf2d-0e4a-4ea5-8856-cdd726f94e18,prca05,likert5,3,3,True,validated,0
a6deaf2d-0e4a-4ea5-8856-cdd726f94e18,prca06,likert5,4,2,True,validated,1
a6deaf2d-0e4a-4ea5-8856-cdd726f94e18,prca13,likert5,3,3,True,validated,0
a6deaf2d-0e4a-4ea5-8856-cdd726f94e18,prca14,likert5,4,2,True,validated,1
a6deaf2d-0e4a-4ea5-8856-cdd726f94e18,prca15,likert5,4,4,True,validated,0
a6deaf2d-0e4a-4ea5-8856-cdd726f94e18,prca16,likert5,4,2,True,validated,1
a6deaf2d-0e4a-4ea5-8856-cdd726f94e18,prca17,likert5,4,2,True,validated,1
a6deaf2d-0e4a-4ea5-8856-cdd726f94e18,prca18,likert5,3,3,True,validated,0
8884b616-aaa9-4a96-8fae-af14829d1692,prca01,likert5,4,4,True,validated,0
8884b616-aaa9-4a96-8fae-af14829d1692,prca02,likert5,3,3,True,validated,1
8884b616-aaa9-4a96-8fae-af14829d1692,prca03,likert5,5,5,True,validated,0
8884b616-aaa9-4a96-8fae-af14829d1692,prca04,likert5,4,2,True,validated,1
8884b616-aaa9-4a96-8fae-af14829d1692,prca05,likert5,4,4,True,validated,0
8884b616-aaa9-4a96-8fae-af14829d1692,prca06,likert5,3,3,True,validated,1
8884b616-aaa9-4a96-8fae-af14829d1692,prca13,likert5,4,4,True,validated,0
8884b616-aaa9-4a96-8fae-af14829d1692,prca14,likert5,4,2,True,validated,1
8884b616-aaa9-4a96-8fae-af14829d1692,prca15,likert5,4,4,True,validated,0
8884b616-aaa9-4a96-8fae-af14829d1692,prca16,likert5,4,2,True,validated,1
8884b616-aaa9-4a96-8fae-af14829d1692,prca17,likert5,3,3,True,validated,1
8884b616-aaa9-4a96-8fae-af14829d1692,prca18,likert5,4,4,True,validated,0
815eaea4-f3be-4bc2-aa01-3f5f709ff5f1,prca01,likert5,4,4,True,validated,0
815eaea4-f3be-4bc2-aa01-3f5f709ff5f1,prca02,likert5,4,2,True,validated,1
815eaea4-f3be-4bc2-aa01-3f5f709ff5f1,prca03,likert5,4,4,True,validated,0
815eaea4-f3be-4bc2-aa01-3f5f709ff5f1,prca04,likert5,4,2,True,validated,1
815eaea4-f3be-4bc2-aa01-3f5f709ff5f1,prca05,likert5,4,4,True,validated,0
815eaea4-f3be-4bc2-aa01-3f5f709ff5f1,prca06,likert5,4,2,True,validated,1
815eaea4-f3be-4bc2-aa01-3f5f709ff5f1,prca13,likert5,3,3,True,validated,0
815eaea4-f3be-4bc2-aa01-3f5f709ff5f1,prca14,likert5,5,1,True,validated,1
815eaea4-f3be-4bc2-aa01-3f5f709ff5f1,prca15,likert5,4,4,True,validated,0
815eaea4-f3be-4bc2-aa01-3f5f709ff5f1,prca16,likert5,3,3,True,validated,1
815eaea4-f3be-4bc2-aa01-3f5f709ff5f1,prca17,likert5,4,2,True,validated,1
815eaea4-f3be-4bc2-aa01-3f5f709ff5f1,prca18,likert5,4,4,True,validated,0
669a68bc-ea55-4e8d-aa22-1b23ce51015e,prca01,likert5,4,4,True,validated,0
669a68bc-ea55-4e8d-aa22-1b23ce51015e,prca02,likert5,3,3,True,validated,1
669a68bc-ea55-4e8d-aa22-1b23ce51015e,prca03,likert5,4,4,True,validated,0
669a68bc-ea55-4e8d-aa22-1b23ce51015e,prca04,likert5,4,2,True,validated,1
669a68bc-ea55-4e8d-aa22-1b23ce51015e,prca05,likert5,3,3,True,validated,0
669a68bc-ea55-4e8d-aa22-1b23ce51015e,prca06,likert5,4,2,True,validated,1
669a68bc-ea55-4e8d-aa22-1b23ce51015e,prca13,likert5,5,5,True,validated,0
669a68bc-ea55-4e8d-aa22-1b23ce51015e,prca14,likert5,4,2,True,validated,1
669a68bc-ea55-4e8d-aa22-1b23ce51015e,prca15,likert5,5,5,True,validated,0
669a68bc-ea55-4e8d-aa22-1b23ce51015e,prca16,likert5,4,2,True,validated,1
669a68bc-ea55-4e8d-aa22-1b23ce51015e,prca17,likert5,4,2,True,validated,1
669a68bc-ea55-4e8d-aa22-1b23ce51015e,prca18,likert5,3,3,True,validated,0
3c3c2cc2-f601-4c03-b0ac-6bec3e2b4d94,prca01,likert5,4,4,True,validated,0
3c3c2cc2-f601-4c03-b0ac-6bec3e2b4d94,prca02,likert5,5,1,True,validated,1
3c3c2cc2-f601-4c03-b0ac-6bec3e2b4d94,prca03,likert5,3,3,True,validated,0
3c3c2cc2-f601-4c03-b0ac-6bec3e2b4d94,prca04,likert5,4,2,True,validated,1
3c3c2cc2-f601-4c03-b0ac-6bec3e2b4d94,prca05,likert5,4,4,True,validated,0
3c3c2cc2-f601-4c03-b0ac-6bec3e2b4d94,prca06,likert5,4,2,True,validated,1
3c3c2cc2-f601-4c03-b0ac-6bec3e2b4d94,prca13,likert5,5,5,True,validated,0
3c3c2cc2-f601-4c03-b0ac-6bec3e2b4d94,prca14,likert5,4,2,True,validated,1
3c3c2cc2-f601-4c03-b0ac-6bec3e2b4d94,prca15,likert5,3,3,True,validated,0
3c3c2cc2-f601-4c03-b0ac-6bec3e2b4d94,prca16,likert5,4,2,True,validated,1
3c3c2cc2-f601-4c03-b0ac-6bec3e2b4d94,prca17,likert5,3,3,True,validated,1
3c3c2cc2-f601-4c03-b0ac-6bec3e2b4d94,prca18,likert5,4,4,True,validated,0
cc17ad95-ec18-4dc5-bcfb-02631366351a,prca01,likert5,4,4,True,validated,0
cc17ad95-ec18-4dc5-bcfb-02631366351a,prca02,likert5,4,2,True,validated,1
cc17ad95-ec18-4dc5-bcfb-02631366351a,prca03,likert5,4,4,True,validated,0
cc17ad95-ec18-4dc5-bcfb-02631366351a,prca04,likert5,3,3,True,validated,1
cc17ad95-ec18-4dc5-bcfb-02631366351a,prca05,likert5,2,2,True,validated,0
cc17ad95-ec18-4dc5-bcfb-02631366351a,prca06,likert5,4,2,True,validated,1
cc17ad95-ec18-4dc5-bcfb-02631366351a,prca13,likert5,4,4,True,validated,0
cc17ad95-ec18-4dc5-bcfb-02631366351a,prca14,likert5,4,2,True,validated,1
cc17ad95-ec18-4dc5-bcfb-02631366351a,prca15,likert5,3,3,True,validated,0
cc17ad95-ec18-4dc5-bcfb-02631366351a,prca16,likert5,5,1,True,validated,1
cc17ad95-ec18-4dc5-bcfb-02631366351a,prca17,likert5,4,2,True,validated,1
cc17ad95-ec18-4dc5-bcfb-02631366351a,prca18,likert5,4,4,True,validated,0
e213c632-c128-44bb-9403-8f642af456eb,prca01,likert5,3,3,True,validated,0
e213c632-c128-44bb-9403-8f642af456eb,prca02,likert5,4,2,True,validated,1
e213c632-c128-44bb-9403-8f642af456eb,prca03,likert5,3,3,True,validated,0
e213c632-c128-44bb-9403-8f642af456eb,prca04,likert5,3,3,True,validated,1
e213c632-c128-44bb-9403-8f642af456eb,prca05,likert5,5,5,True,validated,0
e213c632-c128-44bb-9403-8f642af456eb,prca06,likert5,4,2,True,validated,1
e213c632-c128-44bb-9403-8f642af456eb,prca13,likert5,4,4,True,validated,0
e213c632-c128-44bb-9403-8f642af456eb,prca14,likert5,4,2,True,validated,1
e213c632-c128-44bb-9403-8f642af456eb,prca15,likert5,4,4,True,validated,0
e213c632-c128-44bb-9403-8f642af456eb,prca16,likert5,4,2,True,validated,1
e213c632-c128-44bb-9403-8f642af456eb,prca17,likert5,4,2,True,validated,1
e213c632-c128-44bb-9403-8f642af456eb,prca18,likert5,4,4,True,validated,0
a8af2751-c19f-46b9-96d1-5efcec7f2dc5,prca01,likert5,4,4,True,validated,0
a8af2751-c19f-46b9-96d1-5efcec7f2dc5,prca02,likert5,3,3,True,validated,1
a8af2751-c19f-46b9-96d1-5efcec7f2dc5,prca03,likert5,3,3,True,validated,0
a8af2751-c19f-46b9-96d1-5efcec7f2dc5,prca04,likert5,4,2,True,validated,1
a8af2751-c19f-46b9-96d1-5efcec7f2dc5,prca05,likert5,4,4,True,validated,0
a8af2751-c19f-46b9-96d1-5efcec7f2dc5,prca06,likert5,3,3,True,validated,1
a8af2751-c19f-46b9-96d1-5efcec7f2dc5,prca13,likert5,4,4,True,validated,0
a8af2751-c19f-46b9-96d1-5efcec7f2dc5,prca14,likert5,1,5,True,validated,1
a8af2751-c19f-46b9-96d1-5efcec7f2dc5,prca15,likert5,1,1,True,validated,0
a8af2751-c19f-46b9-96d1-5efcec7f2dc5,prca16,likert5,3,3,True,validated,1
a8af2751-c19f-46b9-96d1-5efcec7f2dc5,prca17,likert5,3,3,True,validated,1
a8af2751-c19f-46b9-96d1-5efcec7f2dc5,prca18,likert5,3,3,True,validated,0
f0b5c550-1688-4186-bad1-24155b5fe5ea,prca01,likert5,4,4,True,validated,0
f0b5c550-1688-4186-bad1-24155b5fe5ea,prca02,likert5,4,2,True,validated,1
f0b5c550-1688-4186-bad1-24155b5fe5ea,prca03,likert5,4,4,True,validated,0
f0b5c550-1688-4186-bad1-24155b5fe5ea,prca04,likert5,4,2,True,validated,1
f0b5c550-1688-4186-bad1-24155b5fe5ea,prca05,likert5,3,3,True,validated,0
f0b5c550-1688-4186-bad1-24155b5fe5ea,prca06,likert5,5,1,True,validated,1
f0b5c550-1688-4186-bad1-24155b5fe5ea,prca13,likert5,3,3,True,validated,0
f0b5c550-1688-4186-bad1-24155b5fe5ea,prca14,likert5,5,1,True,validated,1
f0b5c550-1688-4186-bad1-24155b5fe5ea,prca15,likert5,3,3,True,validated,0
f0b5c550-1688-4186-bad1-24155b5fe5ea,prca16,likert5,4,2,True,validated,1
f0b5c550-1688-4186-bad1-24155b5fe5ea,prca17,likert5,5,1,True,validated,1
f0b5c550-1688-4186-bad1-24155b5fe5ea,prca18,likert5,3,3,True,validated,0
fa21909b-2921-45d3-9c6d-d1940b382788,prca01,likert5,4,4,True,validated,0
fa21909b-2921-45d3-9c6d-d1940b382788,prca02,likert5,4,2,True,validated,1
fa21909b-2921-45d3-9c6d-d1940b382788,prca03,likert5,4,4,True,validated,0
fa21909b-2921-45d3-9c6d-d1940b382788,prca04,likert5,4,2,True,validated,1
fa21909b-2921-45d3-9c6d-d1940b382788,prca05,likert5,3,3,True,validated,0
fa21909b-2921-45d3-9c6d-d1940b382788,prca06,likert5,4,2,True,validated,1
fa21909b-2921-45d3-9c6d-d1940b382788,prca13,likert5,4,4,True,validated,0
fa21909b-2921-45d3-9c6d-d1940b382788,prca14,likert5,4,2,True,validated,1
fa21909b-2921-45d3-9c6d-d1940b382788,prca15,likert5,5,5,True,validated,0
fa21909b-2921-45d3-9c6d-d1940b382788,prca16,likert5,4,2,True,validated,1
fa21909b-2921-45d3-9c6d-d1940b382788,prca17,likert5,4,2,True,validated,1
fa21909b-2921-45d3-9c6d-d1940b382788,prca18,likert5,1,1,True,validated,0
acca7d05-4c4d-4fae-9d0d-f12b27d530a9,prca01,likert5,4,4,True,validated,0
acca7d05-4c4d-4fae-9d0d-f12b27d530a9,prca02,likert5,4,2,True,validated,1
acca7d05-4c4d-4fae-9d0d-f12b27d530a9,prca03,likert5,4,4,True,validated,0
acca7d05-4c4d-4fae-9d0d-f12b27d530a9,prca04,likert5,4,2,True,validated,1
acca7d05-4c4d-4fae-9d0d-f12b27d530a9,prca05,likert5,4,4,True,validated,0
acca7d05-4c4d-4fae-9d0d-f12b27d530a9,prca06,likert5,3,3,True,validated,1
acca7d05-4c4d-4fae-9d0d-f12b27d530a9,prca13,likert5,4,4,True,validated,0
acca7d05-4c4d-4fae-9d0d-f12b27d530a9,prca14,likert5,5,1,True,validated,1
acca7d05-4c4d-4fae-9d0d-f12b27d530a9,prca15,likert5,4,4,True,validated,0
acca7d05-4c4d-4fae-9d0d-f12b27d530a9,prca16,likert5,4,2,True,validated,1
acca7d05-4c4d-4fae-9d0d-f12b27d530a9,prca17,likert5,4,2,True,validated,1
acca7d05-4c4d-4fae-9d0d-f12b27d530a9,prca18,likert5,5,5,True,validated,0
d36c72eb-1694-4581-b592-1131ad4954f3,prca01,likert5,4,4,True,validated,0
d36c72eb-1694-4581-b592-1131ad4954f3,prca02,likert5,1,5,True,validated,1
d36c72eb-1694-4581-b592-1131ad4954f3,prca03,likert5,5,5,True,validated,0
d36c72eb-1694-4581-b592-1131ad4954f3,prca04,likert5,4,2,True,validated,1
d36c72eb-1694-4581-b592-1131ad4954f3,prca05,likert5,3,3,True,validated,0
d36c72eb-1694-4581-b592-1131ad4954f3,prca06,likert5,3,3,True,validated,1
d36c72eb-1694-4581-b592-1131ad4954f3,prca13,likert5,4,4,True,validated,0
d36c72eb-1694-4581-b592-1131ad4954f3,prca14,likert5,5,1,True,validated,1
d36c72eb-1694-4581-b592-1131ad4954f3,prca15,likert5,2,2,True,validated,0
d36c72eb-1694-4581-b592-1131ad4954f3,prca16,likert5,3,3,True,validated,1
d36c72eb-1694-4581-b592-1131ad4954f3,prca17,likert5,4,2,True,validated,1
d36c72eb-1694-4581-b592-1131ad4954f3,prca18,likert5,3,3,True,validated,0
5c76d992-f32e-4ba2-aa75-e33ace486d0c,prca01,likert5,4,4,True,validated,0
5c76d992-f32e-4ba2-aa75-e33ace486d0c,prca02,likert5,4,2,True,validated,1
5c76d992-f32e-4ba2-aa75-e33ace486d0c,prca03,likert5,3,3,True,validated,0
5c76d992-f32e-4ba2-aa75-e33ace486d0c,prca04,likert5,3,3,True,validated,1
5c76d992-f32e-4ba2-aa75-e33ace486d0c,prca05,likert5,4,4,True,validated,0
5c76d992-f32e-4ba2-aa75-e33ace486d0c,prca06,likert5,3,3,True,validated,1
5c76d992-f32e-4ba2-aa75-e33ace486d0c,prca13,likert5,4,4,True,validated,0
5c76d992-f32e-4ba2-aa75-e33ace486d0c,prca14,likert5,3,3,True,validated,1
5c76d992-f32e-4ba2-aa75-e33ace486d0c,prca15,likert5,3,3,True,validated,0
5c76d992-f32e-4ba2-aa75-e33ace486d0c,prca16,likert5,5,1,True,validated,1
5c76d992-f32e-4ba2-aa75-e33ace486d0c,prca17,likert5,3,3,True,validated,1
5c76d992-f32e-4ba2-aa75-e33ace486d0c,prca18,likert5,4,4,True,validated,0
7f5001d3-f917-4d06-a62e-5dd9ca825603,prca01,likert5,4,4,True,validated,0
7f5001d3-f917-4d06-a62e-5dd9ca825603,prca02,likert5,3,3,True,validated,1
7f5001d3-f917-4d06-a62e-5dd9ca825603,prca03,likert5,4,4,True,validated,0
7f5001d3-f917-4d06-a62e-5dd9ca825603,prca04,likert5,5,1,True,validated,1
7f5001d3-f917-4d06-a62e-5dd9ca825603,prca05,likert5,4,4,True,validated,0
7f5001d3-f917-4d06-a62e-5dd9ca825603,prca06,likert5,3,3,True,validated,1
7f5001d3-f917-4d06-a62e-5dd9ca825603,prca13,likert5,2,2,True,validated,0
7f5001d3-f917-4d06-a62e-5dd9ca825603,prca14,likert5,4,2,True,validated,1
7f5001d3-f917-4d06-a62e-5dd9ca825603,prca15,likert5,4,4,True,validated,0
7f5001d3-f917-4d06-a62e-5dd9ca825603,prca16,likert5,3,3,True,validated,1
7f5001d3-f917-4d06-a62e-5dd9ca825603,prca17,likert5,4,2,True,validated,1
7f5001d3-f917-4d06-a62e-5dd9ca825603,prca18,likert5,4,4,True,validated,0
0e3af0e5-c72e-4606-8631-a8f5001431fd,prca01,likert5,4,4,True,validated,0
0e3af0e5-c72e-4606-8631-a8f5001431fd,prca02,likert5,4,2,True,validated,1
0e3af0e5-c72e-4606-8631-a8f5001431fd,prca03,likert5,3,3,True,validated,0
0e3af0e5-c72e-4606-8631-a8f5001431fd,prca04,likert5,3,3,True,validated,1
0e3af0e5-c72e-4606-8631-a8f5001431fd,prca05,likert5,4,4,True,validated,0
0e3af0e5-c72e-4606-8631-a8f5001431fd,prca06,likert5,4,2,True,validated,1
0e3af0e5-c72e-4606-8631-a8f5001431fd,prca13,likert5,4,4,True,validated,0
0e3af0e5-c72e-4606-8631-a8f5001431fd,prca14,likert5,4,2,True,validated,1
0e3af0e5-c72e-4606-8631-a8f5001431fd,prca15,likert5,3,3,True,validated,0
0e3af0e5-c72e-4606-8631-a8f5001431fd,prca16,likert5,4,2,True,validated,1
0e3af0e5-c72e-4606-8631-a8f5001431fd,prca17,likert5,4,2,True,validated,1
0e3af0e5-c72e-4606-8631-a8f5001431fd,prca18,likert5,4,4,True,validated,0
71f1d103-826a-43ac-bedd-be176bd773b1,prca01,likert5,3,3,True,validated,0
71f1d103-826a-43ac-bedd-be176bd773b1,prca02,likert5,4,2,True,validated,1
71f1d103-826a-43ac-bedd-be176bd773b1,prca03,likert5,4,4,True,validated,0
71f1d103-826a-43ac-bedd-be176bd773b1,prca04,likert5,4,2,True,validated,1
71f1d103-826a-43ac-bedd-be176bd773b1,prca05,likert5,5,5,True,validated,0
71f1d103-826a-43ac-bedd-be176bd773b1,prca06,likert5,4,2,True,validated,1
71f1d103-826a-43ac-bedd-be176bd773b1,prca13,likert5,4,4,True,validated,0
71f1d103-826a-43ac-bedd-be176bd773b1,prca14,likert5,3,3,True,validated,1
71f1d103-826a-43ac-bedd-be176bd773b1,prca15,likert5,4,4,True,validated,0
71f1d103-826a-43ac-bedd-be176bd773b1,prca16,likert5,4,2,True,validated,1
71f1d103-826a-43ac-bedd-be176bd773b1,prca17,likert5,4,2,True,validated,1
71f1d103-826a-43ac-bedd-be176bd773b1,prca18,likert5,5,5,True,validated,0
cbb32a8a-5083-438f-b535-02d5b4c6cd5a,prca01,likert5,4,4,True,validated,0
cbb32a8a-5083-438f-b535-02d5b4c6cd5a,prca02,likert5,4,2,True,validated,1
cbb32a8a-5083-438f-b535-02d5b4c6cd5a,prca03,likert5,4,4,True,validated,0
cbb32a8a-5083-438f-b535-02d5b4c6cd5a,prca04,likert5,4,2,True,validated,1
cbb32a8a-5083-438f-b535-02d5b4c6cd5a,prca05,likert5,4,4,True,validated,0
cbb32a8a-5083-438f-b535-02d5b4c6cd5a,prca06,likert5,4,2,True,validated,1
cbb32a8a-5083-438f-b535-02d5b4c6cd5a,prca13,likert5,3,3,True,validated,0
cbb32a8a-5083-438f-b535-02d5b4c6cd5a,prca14,likert5,4,2,True,validated,1
cbb32a8a-5083-438f-b535-02d5b4c6cd5a,prca15,likert5,4,4,True,validated,0
cbb32a8a-5083-438f-b535-02d5b4c6cd5a,prca16,likert5,4,2,True,validated,1
cbb32a8a-5083-438f-b535-02d5b4c6cd5a,prca17,likert5,4,2,True,validated,1
cbb32a8a-5083-438f-b535-02d5b4c6cd5a,prca18,likert5,3,3,True,validated,0
fe476e68-0441-4e13-afe6-0b0b94ff6f63,prca01,likert5,3,3,True,validated,0
fe476e68-0441-4e13-afe6-0b0b94ff6f63,prca02,likert5,4,2,True,validated,1
fe476e68-0441-4e13-afe6-0b0b94ff6f63,prca03,likert5,4,4,True,validated,0
fe476e68-0441-4e13-afe6-0b0b94ff6f63,prca04,likert5,4,2,True,validated,1
fe476e68-0441-4e13-afe6-0b0b94ff6f63,prca05,likert5,3,3,True,validated,0
fe476e68-0441-4e13-afe6-0b0b94ff6f63,prca06,likert5,3,3,True,validated,1
fe476e68-0441-4e13-afe6-0b0b94ff6f63,prca13,likert5,5,5,True,validated,0
fe476e68-0441-4e13-afe6-0b0b94ff6f63,prca14,likert5,4,2,True,validated,1
fe476e68-0441-4e13-afe6-0b0b94ff6f63,prca15,likert5,3,3,True,validated,0
fe476e68-0441-4e13-afe6-0b0b94ff6f63,prca16,likert5,4,2,True,validated,1
fe476e68-0441-4e13-afe6-0b0b94ff6f63,prca17,likert5,4,2,True,validated,1
fe476e68-0441-4e13-afe6-0b0b94ff6f63,prca18,likert5,3,3,True,validated,0
8096a45b-3f98-4208-96bc-2077f847b7ea,prca01,likert5,5,5,True,validated,0
8096a45b-3f98-4208-96bc-2077f847b7ea,prca02,likert5,3,3,True,validated,1
8096a45b-3f98-4208-96bc-2077f847b7ea,prca03,likert5,3,3,True,validated,0
8096a45b-3f98-4208-96bc-2077f847b7ea,prca04,likert5,4,2,True,validated,1
8096a45b-3f98-4208-96bc-2077f847b7ea,prca05,likert5,3,3,True,validated,0
8096a45b-3f98-4208-96bc-2077f847b7ea,prca06,likert5,3,3,True,validated,1
8096a45b-3f98-4208-96bc-2077f847b7ea,prca13,likert5,2,2,True,validated,0
8096a45b-3f98-4208-96bc-2077f847b7ea,prca14,likert5,5,1,True,validated,1
8096a45b-3f98-4208-96bc-2077f847b7ea,prca15,likert5,4,4,True,validated,0
8096a45b-3f98-4208-96bc-2077f847b7ea,prca16,likert5,4,2,True,validated,1
8096a45b-3f98-4208-96bc-2077f847b7ea,prca17,likert5,4,2,True,validated,1
8096a45b-3f98-4208-96bc-2077f847b7ea,prca18,likert5,4,4,True,validated,0
aab35b71-4c06-480d-b743-5a9a5aec8d69,prca01,likert5,4,4,True,validated,0
aab35b71-4c06-480d-b743-5a9a5aec8d69,prca02,likert5,4,2,True,validated,1
aab35b71-4c06-480d-b743-5a9a5aec8d69,prca03,likert5,3,3,True,validated,0
aab35b71-4c06-480d-b743-5a9a5aec8d69,prca04,likert5,4,2,True,validated,1
aab35b71-4c06-480d-b743-5a9a5aec8d69,prca05,likert5,3,3,True,validated,0
aab35b71-4c06-480d-b743-5a9a5aec8d69,prca06,likert5,4,2,True,validated,1
aab35b71-4c06-480d-b743-5a9a5aec8d69,prca13,likert5,4,4,True,validated,0
aab35b71-4c06-480d-b743-5a9a5aec8d69,prca14,likert5,3,3,True,validated,1
aab35b71-4c06-480d-b743-5a9a5aec8d69,prca15,likert5,4,4,True,validated,0
aab35b71-4c06-480d-b743-5a9a5aec8d69,prca16,likert5,5,1,True,validated,1
aab35b71-4c06-480d-b743-5a9a5aec8d69,prca17,likert5,4,2,True,validated,1
aab35b71-4c06-480d-b743-5a9a5aec8d69,prca18,likert5,4,4,True,validated,0
8ee0dfa6-600e-4636-aaf3-906d292f3f16,prca01,likert5,4,4,True,validated,0
8ee0dfa6-600e-4636-aaf3-906d292f3f16,prca02,likert5,5,1,True,validated,1
8ee0dfa6-600e-4636-aaf3-906d292f3f16,prca03,likert5,5,5,True,validated,0
8ee0dfa6-600e-4636-aaf3-906d292f3f16,prca04,likert5,5,1,True,validated,1
8ee0dfa6-600e-4636-aaf3-906d292f3f16,prca05,likert5,4,4,True,validated,0
8ee0dfa6-600e-4636-aaf3-906d292f3f16,prca06,likert5,4,2,True,validated,1
8ee0dfa6-600e-4636-aaf3-906d292f3f16,prca13,likert5,5,5,True,validated,0
8ee0dfa6-600e-4636-aaf3-906d292f3f16,prca14,likert5,4,2,True,validated,1
8ee0dfa6-600e-4636-aaf3-906d292f3f16,prca15,likert5,4,4,True,validated,0
8ee0dfa6-600e-4636-aaf3-906d292f3f16,prca16,likert5,2,4,True,validated,1
8ee0dfa6-600e-4636-aaf3-906d292f3f16,prca17,likert5,5,1,True,validated,1
8ee0dfa6-600e-4636-aaf3-906d292f3f16,prca18,likert5,4,4,True,validated,0
6b1cd9aa-0619-4318-bdd4-3de428fcd6c9,prca01,likert5,5,5,True,validated,0
6b1cd9aa-0619-4318-bdd4-3de428fcd6c9,prca02,likert5,4,2,True,validated,1
6b1cd9aa-0619-4318-bdd4-3de428fcd6c9,prca03,likert5,4,4,True,validated,0
6b1cd9aa-0619-4318-bdd4-3de428fcd6c9,prca04,likert5,5,1,True,validated,1
6b1cd9aa-0619-4318-bdd4-3de428fcd6c9,prca05,likert5,3,3,True,validated,0
6b1cd9aa-0619-4318-bdd4-3de428fcd6c9,prca06,likert5,5,1,True,validated,1
6b1cd9aa-0619-4318-bdd4-3de428fcd6c9,prca13,likert5,3,3,True,validated,0
6b1cd9aa-0619-4318-bdd4-3de428fcd6c9,prca14,likert5,4,2,True,validated,1
6b1cd9aa-0619-4318-bdd4-3de428fcd6c9,prca15,likert5,2,2,True,validated,0
6b1cd9aa-0619-4318-bdd4-3de428fcd6c9,prca16,likert5,3,3,True,validated,1
6b1cd9aa-0619-4318-bdd4-3de428fcd6c9,prca17,likert5,4,2,True,validated,1
6b1cd9aa-0619-4318-bdd4-3de428fcd6c9,prca18,likert5,4,4,True,validated,0
d3ffafc3-4e9f-490f-8ba5-8669eca9e856,prca01,likert5,4,4,True,validated,0
d3ffafc3-4e9f-490f-8ba5-8669eca9e856,prca02,likert5,5,1,True,validated,1
d3ffafc3-4e9f-490f-8ba5-8669eca9e856,prca03,likert5,4,4,True,validated,0
d3ffafc3-4e9f-490f-8ba5-8669eca9e856,prca04,likert5,3,3,True,validated,1
d3ffafc3-4e9f-490f-8ba5-8669eca9e856,prca05,likert5,4,4,True,validated,0
d3ffafc3-4e9f-490f-8ba5-8669eca9e856,prca06,likert5,4,2,True,validated,1
d3ffafc3-4e9f-490f-8ba5-8669eca9e856,prca13,likert5,5,5,True,validated,0
d3ffafc3-4e9f-490f-8ba5-8669eca9e856,prca14,likert5,4,2,True,validated,1
d3ffafc3-4e9f-490f-8ba5-8669eca9e856,prca15,likert5,4,4,True,validated,0
d3ffafc3-4e9f-490f-8ba5-8669eca9e856,prca16,likert5,4,2,True,validated,1
d3ffafc3-4e9f-490f-8ba5-8669eca9e856,prca17,likert5,4,2,True,validated,1
d3ffafc3-4e9f-490f-8ba5-8669eca9e856,prca18,likert5,4,4,True,validated,0
dd027a4b-8958-41bf-a382-ea154327ccad,prca01,likert5,3,3,True,validated,0
dd027a4b-8958-41bf-a382-ea154327ccad,prca02,likert5,4,2,True,validated,1
dd027a4b-8958-41bf-a382-ea154327ccad,prca03,likert5,3,3,True,validated,0
dd027a4b-8958-41bf-a382-ea154327ccad,prca04,likert5,4,2,True,validated,1
dd027a4b-8958-41bf-a382-ea154327ccad,prca05,likert5,3,3,True,validated,0
dd027a4b-8958-41bf-a382-ea154327ccad,prca06,likert5,5,1,True,validated,1
dd027a4b-8958-41bf-a382-ea154327ccad,prca13,likert5,4,4,True,validated,0
dd027a4b-8958-41bf-a382-ea154327ccad,prca14,likert5,4,2,True,validated,1
dd027a4b-8958-41bf-a382-ea154327ccad,prca15,likert5,3,3,True,validated,0
dd027a4b-8958-41bf-a382-ea154327ccad,prca16,likert5,3,3,True,validated,1
dd027a4b-8958-41bf-a382-ea154327ccad,prca17,likert5,3,3,True,validated,1
dd027a4b-8958-41bf-a382-ea154327ccad,prca18,likert5,5,5,True,validated,0
20d8e180-a3fb-4959-ac50-f5a7bbccefb5,prca01,likert5,4,4,True,validated,0
20d8e180-a3fb-4959-ac50-f5a7bbccefb5,prca02,likert5,4,2,True,validated,1
20d8e180-a3fb-4959-ac50-f5a7bbccefb5,prca03,likert5,3,3,True,validated,0
20d8e180-a3fb-4959-ac50-f5a7bbccefb5,prca04,likert5,4,2,True,validated,1
20d8e180-a3fb-4959-ac50-f5a7bbccefb5,prca05,likert5,4,4,True,validated,0
20d8e180-a3fb-4959-ac50-f5a7bbccefb5,prca06,likert5,4,2,True,validated,1
20d8e180-a3fb-4959-ac50-f5a7bbccefb5,prca13,likert5,3,3,True,validated,0
20d8e180-a3fb-4959-ac50-f5a7bbccefb5,prca14,likert5,4,2,True,validated,1
20d8e180-a3fb-4959-ac50-f5a7bbccefb5,prca15,likert5,5,5,True,validated,0
20d8e180-a3fb-4959-ac50-f5a7bbccefb5,prca16,likert5,3,3,True,validated,1
20d8e180-a3fb-4959-ac50-f5a7bbccefb5,prca17,likert5,4,2,True,validated,1
20d8e180-a3fb-4959-ac50-f5a7bbccefb5,prca18,likert5,4,4,True,validated,0
d1a114b5-049d-431e-adf1-e4c6a773b53c,prca01,likert5,4,4,True,validated,0
d1a114b5-049d-431e-adf1-e4c6a773b53c,prca02,likert5,4,2,True,validated,1
d1a114b5-049d-431e-adf1-e4c6a773b53c,prca03,likert5,3,3,True,validated,0
d1a114b5-049d-431e-adf1-e4c6a773b53c,prca04,likert5,4,2,True,validated,1
d1a114b5-049d-431e-adf1-e4c6a773b53c,prca05,likert5,4,4,True,validated,0
d1a114b5-049d-431e-adf1-e4c6a773b53c,prca06,likert5,4,2,True,validated,1
d1a114b5-049d-431e-adf1-e4c6a773b53c,prca13,likert5,4,4,True,validated,0
d1a114b5-049d-431e-adf1-e4c6a773b53c,prca14,likert5,1,5,True,validated,1
d1a114b5-049d-431e-adf1-e4c6a773b53c,prca15,likert5,3,3,True,validated,0
d1a114b5-049d-431e-adf1-e4c6a773b53c,prca16,likert5,4,2,True,validated,1
d1a114b5-049d-431e-adf1-e4c6a773b53c,prca17,likert5,4,2,True,validated,1
d1a114b5-049d-431e-adf1-e4c6a773b53c,prca18,likert5,4,4,True,validated,0
f6908855-6804-43c6-b634-deff29654e0a,prca01,likert5,2,2,True,validated,0
f6908855-6804-43c6-b634-deff29654e0a,prca02,likert5,3,3,True,validated,1
f6908855-6804-43c6-b634-deff29654e0a,prca03,likert5,4,4,True,validated,0
f6908855-6804-43c6-b634-deff29654e0a,prca04,likert5,5,1,True,validated,1
f6908855-6804-43c6-b634-deff29654e0a,prca05,likert5,4,4,True,validated,0
f6908855-6804-43c6-b634-deff29654e0a,prca06,likert5,4,2,True,validated,1
f6908855-6804-43c6-b634-deff29654e0a,prca13,likert5,4,4,True,validated,0
f6908855-6804-43c6-b634-deff29654e0a,prca14,likert5,4,2,True,validated,1
f6908855-6804-43c6-b634-deff29654e0a,prca15,likert5,4,4,True,validated,0
f6908855-6804-43c6-b634-deff29654e0a,prca16,likert5,4,2,True,validated,1
f6908855-6804-43c6-b634-deff29654e0a,prca17,likert5,5,1,True,validated,1
f6908855-6804-43c6-b634-deff29654e0a,prca18,likert5,4,4,True,validated,0
aaf4ef3b-ef5c-4f09-b004-d6a158c0a677,prca01,likert5,3,3,True,validated,0
aaf4ef3b-ef5c-4f09-b004-d6a158c0a677,prca02,likert5,3,3,True,validated,1
aaf4ef3b-ef5c-4f09-b004-d6a158c0a677,prca03,likert5,4,4,True,validated,0
aaf4ef3b-ef5c-4f09-b004-d6a158c0a677,prca04,likert5,3,3,True,validated,1
aaf4ef3b-ef5c-4f09-b004-d6a158c0a677,prca05,likert5,4,4,True,validated,0
aaf4ef3b-ef5c-4f09-b004-d6a158c0a677,prca06,likert5,4,2,True,validated,1
aaf4ef3b-ef5c-4f09-b004-d6a158c0a677,prca13,likert5,4,4,True,validated,0
aaf4ef3b-ef5c-4f09-b004-d6a158c0a677,prca14,likert5,1,5,True,validated,1
aaf4ef3b-ef5c-4f09-b004-d6a158c0a677,prca15,likert5,1,1,True,validated,0
aaf4ef3b-ef5c-4f09-b004-d6a158c0a677,prca16,likert5,3,3,True,validated,1
aaf4ef3b-ef5c-4f09-b004-d6a158c0a677,prca17,likert5,4,2,True,validated,1
aaf4ef3b-ef5c-4f09-b004-d6a158c0a677,prca18,likert5,2,2,True,validated,0
5a4d48a3-1854-41ec-a26a-00bc34d9cc1d,prca01,likert5,4,4,True,validated,0
5a4d48a3-1854-41ec-a26a-00bc34d9cc1d,prca02,likert5,4,2,True,validated,1
5a4d48a3-1854-41ec-a26a-00bc34d9cc1d,prca03,likert5,4,4,True,validated,0
5a4d48a3-1854-41ec-a26a-00bc34d9cc1d,prca04,likert5,4,2,True,validated,1
5a4d48a3-1854-41ec-a26a-00bc34d9cc1d,prca05,likert5,4,4,True,validated,0
5a4d48a3-1854-41ec-a26a-00bc34d9cc1d,prca06,likert5,4,2,True,validated,1
5a4d48a3-1854-41ec-a26a-00bc34d9cc1d,prca13,likert5,4,4,True,validated,0
5a4d48a3-1854-41ec-a26a-00bc34d9cc1d,prca14,likert5,3,3,True,validated,1
5a4d48a3-1854-41ec-a26a-00bc34d9cc1d,prca15,likert5,4,4,True,validated,0
5a4d48a3-1854-41ec-a26a-00bc34d9cc1d,prca16,likert5,3,3,True,validated,1
5a4d48a3-1854-41ec-a26a-00bc34d9cc1d,prca17,likert5,4,2,True,validated,1
5a4d48a3-1854-41ec-a26a-00bc34d9cc1d,prca18,likert5,5,5,True,validated,0
1a7d5df9-832d-46b7-b0a3-3663811ee381,prca01,likert5,4,4,True,validated,0
1a7d5df9-832d-46b7-b0a3-3663811ee381,prca02,likert5,4,2,True,validated,1
1a7d5df9-832d-46b7-b0a3-3663811ee381,prca03,likert5,3,3,True,validated,0
1a7d5df9-832d-46b7-b0a3-3663811ee381,prca04,likert5,4,2,True,validated,1
1a7d5df9-832d-46b7-b0a3-3663811ee381,prca05,likert5,3,3,True,validated,0
1a7d5df9-832d-46b7-b0a3-3663811ee381,prca06,likert5,5,1,True,validated,1
1a7d5df9-832d-46b7-b0a3-3663811ee381,prca13,likert5,4,4,True,validated,0
1a7d5df9-832d-46b7-b0a3-3663811ee381,prca14,likert5,5,1,True,validated,1
1a7d5df9-832d-46b7-b0a3-3663811ee381,prca15,likert5,4,4,True,validated,0
1a7d5df9-832d-46b7-b0a3-3663811ee381,prca16,likert5,4,2,True,validated,1
1a7d5df9-832d-46b7-b0a3-3663811ee381,prca17,likert5,4,2,True,validated,1
1a7d5df9-832d-46b7-b0a3-3663811ee381,prca18,likert5,3,3,True,validated,0
cb3516b4-48f6-4caa-981e-f4fd420ff158,prca01,likert5,3,3,True,validated,0
cb3516b4-48f6-4caa-981e-f4fd420ff158,prca02,likert5,3,3,True,validated,1
cb3516b4-48f6-4caa-981e-f4fd420ff158,prca03,likert5,4,4,True,validated,0
cb3516b4-48f6-4caa-981e-f4fd420ff158,prca04,likert5,5,1,True,validated,1
cb3516b4-48f6-4caa-981e-f4fd420ff158,prca05,likert5,3,3,True,validated,0
cb3516b4-48f6-4caa-981e-f4fd420ff158,prca06,likert5,5,1,True,validated,1
cb3516b4-48f6-4caa-981e-f4fd420ff158,prca13,likert5,4,4,True,validated,0
cb3516b4-48f6-4caa-981e-f4fd420ff158,prca14,likert5,3,3,True,validated,1
cb3516b4-48f6-4caa-981e-f4fd420ff158,prca15,likert5,2,2,True,validated,0
cb3516b4-48f6-4caa-981e-f4fd420ff158,prca16,likert5,4,2,True,validated,1
cb3516b4-48f6-4caa-981e-f4fd420ff158,prca17,likert5,4,2,True,validated,1
cb3516b4-48f6-4caa-981e-f4fd420ff158,prca18,likert5,4,4,True,validated,0
9768c97e-7f81-42aa-b6c6-524017d86538,prca01,likert5,3,3,True,validated,0
9768c97e-7f81-42aa-b6c6-524017d86538,prca02,likert5,4,2,True,validated,1
9768c97e-7f81-42aa-b6c6-524017d86538,prca03,likert5,5,5,True,validated,0
9768c97e-7f81-42aa-b6c6-524017d86538,prca04,likert5,4,2,True,validated,1
9768c97e-7f81-42aa-b6c6-524017d86538,prca05,likert5,3,3,True,validated,0
9768c97e-7f81-42aa-b6c6-524017d86538,prca06,likert5,4,2,True,validated,1
9768c97e-7f81-42aa-b6c6-524017d86538,prca13,likert5,4,4,True,validated,0
9768c97e-7f81-42aa-b6c6-524017d86538,prca14,likert5,3,3,True,validated,1
9768c97e-7f81-42aa-b6c6-524017d86538,prca15,likert5,4,4,True,validated,0
9768c97e-7f81-42aa-b6c6-524017d86538,prca16,likert5,3,3,True,validated,1
9768c97e-7f81-42aa-b6c6-524017d86538,prca17,likert5,4,2,True,validated,1
9768c97e-7f81-42aa-b6c6-524017d86538,prca18,likert5,4,4,True,validated,0
2e1c4aa2-db60-4261-a2d9-4b66a725667b,prca01,likert5,4,4,True,validated,0
2e1c4aa2-db60-4261-a2d9-4b66a725667b,prca02,likert5,4,2,True,validated,1
2e1c4aa2-db60-4261-a2d9-4b66a725667b,prca03,likert5,4,4,True,validated,0
2e1c4aa2-db60-4261-a2d9-4b66a725667b,prca04,likert5,4,2,True,validated,1
2e1c4aa2-db60-4261-a2d9-4b66a725667b,prca05,likert5,5,5,True,validated,0
2e1c4aa2-db60-4261-a2d9-4b66a725667b,prca06,likert5,4,2,True,validated,1
2e1c4aa2-db60-4261-a2d9-4b66a725667b,prca13,likert5,5,5,True,validated,0
2e1c4aa2-db60-4261-a2d9-4b66a725667b,prca14,likert5,4,2,True,validated,1
2e1c4aa2-db60-4261-a2d9-4b66a725667b,prca15,likert5,4,4,True,validated,0
2e1c4aa2-db60-4261-a2d9-4b66a725667b,prca16,likert5,4,2,True,validated,1
2e1c4aa2-db60-4261-a2d9-4b66a725667b,prca17,likert5,3,3,True,validated,1
2e1c4aa2-db60-4261-a2d9-4b66a725667b,prca18,likert5,1,1,True,validated,0
b1a8dd5c-8aa3-42e1-b8a8-240da1959d5c,prca01,likert5,4,4,True,validated,0
b1a8dd5c-8aa3-42e1-b8a8-240da1959d5c,prca02,likert5,4,2,True,validated,1
b1a8dd5c-8aa3-42e1-b8a8-240da1959d5c,prca03,likert5,3,3,True,validated,0
b1a8dd5c-8aa3-42e1-b8a8-240da1959d5c,prca04,likert5,3,3,True,validated,1
b1a8dd5c-8aa3-42e1-b8a8-240da1959d5c,prca05,likert5,4,4,True,validated,0
b1a8dd5c-8aa3-42e1-b8a8-240da1959d5c,prca06,likert5,4,2,True,validated,1
b1a8dd5c-8aa3-42e1-b8a8-240da1959d5c,prca13,likert5,3,3,True,validated,0
b1a8dd5c-8aa3-42e1-b8a8-240da1959d5c,prca14,likert5,3,3,True,validated,1
b1a8dd5c-8aa3-42e1-b8a8-240da1959d5c,prca15,likert5,4,4,True,validated,0
b1a8dd5c-8aa3-42e1-b8a8-240da1959d5c,prca16,likert5,4,2,True,validated,1
b1a8dd5c-8aa3-42e1-b8a8-240da1959d5c,prca17,likert5,4,2,True,validated,1
b1a8dd5c-8aa3-42e1-b8a8-240da1959d5c,prca18,likert5,5,5,True,validated,0
cc938c66-ccde-4d0b-95ec-f658d5b4bca7,prca01,likert5,4,4,True,validated,0
cc938c66-ccde-4d0b-95ec-f658d5b4bca7,prca02,likert5,4,2,True,validated,1
cc938c66-ccde-4d0b-95ec-f658d5b4bca7,prca03,likert5,4,4,True,validated,0
cc938c66-ccde-4d0b-95ec-f658d5b4bca7,prca04,likert5,4,2,True,validated,1
cc938c66-ccde-4d0b-95ec-f658d5b4bca7,prca05,likert5,4,4,True,validated,0
cc938c66-ccde-4d0b-95ec-f658d5b4bca7,prca06,likert5,5,1,True,validated,1
cc938c66-ccde-4d0b-95ec-f658d5b4bca7,prca13,likert5,4,4,True,validated,0
cc938c66-ccde-4d0b-95ec-f658d5b4bca7,prca14,likert5,5,1,True,validated,1
cc938c66-ccde-4d0b-95ec-f658d5b4bca7,prca15,likert5,3,3,True,validated,0
cc938c66-ccde-4d0b-95ec-f658d5b4bca7,prca16,likert5,4,2,True,validated,1
cc938c66-ccde-4d0b-95ec-f658d5b4bca7,prca17,likert5,4,2,True,validated,1
cc938c66-ccde-4d0b-95ec-f658d5b4bca7,prca18,likert5,4,4,True,validated,0
ad954f9d-fe90-4345-bad5-14816f9f02c8,prca01,likert5,4,4,True,validated,0
ad954f9d-fe90-4345-bad5-14816f9f02c8,prca02,likert5,4,2,True,validated,1
ad954f9d-fe90-4345-bad5-14816f9f02c8,prca03,likert5,4,4,True,validated,0
ad954f9d-fe90-4345-bad5-14816f9f02c8,prca04,likert5,4,2,True,validated,1
ad954f9d-fe90-4345-bad5-14816f9f02c8,prca05,likert5,4,4,True,validated,0
ad954f9d-fe90-4345-bad5-14816f9f02c8,prca06,likert5,3,3,True,validated,1
ad954f9d-fe90-4345-bad5-14816f9f02c8,prca13,likert5,4,4,True,validated,0
ad954f9d-fe90-4345-bad5-14816f9f02c8,prca14,likert5,4,2,True,validated,1
ad954f9d-fe90-4345-bad5-14816f9f02c8,prca15,likert5,4,4,True,validated,0
ad954f9d-fe90-4345-bad5-14816f9f02c8,prca16,likert5,5,1,True,validated,1
ad954f9d-fe90-4345-bad5-14816f9f02c8,prca17,likert5,3,3,True,validated,1
ad954f9d-fe90-4345-bad5-14816f9f02c8,prca18,likert5,4,4,True,validated,0
7db7a49e-125b-4101-9734-a1c135600b1b,prca01,likert5,5,5,True,validated,0
7db7a49e-125b-4101-9734-a1c135600b1b,prca02,likert5,4,2,True,validated,1
7db7a49e-125b-4101-9734-a1c135600b1b,prca03,likert5,5,5,True,validated,0
7db7a49e-125b-4101-9734-a1c135600b1b,prca04,likert5,4,2,True,validated,1
7db7a49e-125b-4101-9734-a1c135600b1b,prca05,likert5,4,4,True,validated,0
7db7a49e-125b-4101-9734-a1c135600b1b,prca06,likert5,4,2,True,validated,1
7db7a49e-125b-4101-9734-a1c135600b1b,prca13,likert5,3,3,True,validated,0
7db7a49e-125b-4101-9734-a1c135600b1b,prca14,likert5,4,2,True,validated,1
7db7a49e-125b-4101-9734-a1c135600b1b,prca15,likert5,5,5,True,validated,0
7db7a49e-125b-4101-9734-a1c135600b1b,prca16,likert5,4,2,True,validated,1
7db7a49e-125b-4101-9734-a1c135600b1b,prca17,likert5,4,2,True,validated,1
7db7a49e-125b-4101-9734-a1c135600b1b,prca18,likert5,4,4,True,validated,0
09cdb1e6-dbf2-4484-9f92-20236e4fe2c3,prca01,likert5,4,4,True,validated,0
09cdb1e6-dbf2-4484-9f92-20236e4fe2c3,prca02,likert5,3,3,True,validated,1
09cdb1e6-dbf2-4484-9f92-20236e4fe2c3,prca03,likert5,4,4,True,validated,0
09cdb1e6-dbf2-4484-9f92-20236e4fe2c3,prca04,likert5,4,2,True,validated,1
09cdb1e6-dbf2-4484-9f92-20236e4fe2c3,prca05,likert5,4,4,True,validated,0
09cdb1e6-dbf2-4484-9f92-20236e4fe2c3,prca06,likert5,4,2,True,validated,1
09cdb1e6-dbf2-4484-9f92-20236e4fe2c3,prca13,likert5,4,4,True,validated,0
09cdb1e6-dbf2-4484-9f92-20236e4fe2c3,prca14,likert5,5,1,True,validated,1
09cdb1e6-dbf2-4484-9f92-20236e4fe2c3,prca15,likert5,4,4,True,validated,0
09cdb1e6-dbf2-4484-9f92-20236e4fe2c3,prca16,likert5,4,2,True,validated,1
09cdb1e6-dbf2-4484-9f92-20236e4fe2c3,prca17,likert5,4,2,True,validated,1
09cdb1e6-dbf2-4484-9f92-20236e4fe2c3,prca18,likert5,5,5,True,validated,0
c6f6b776-d5b1-4713-acb7-597fe8044206,prca01,likert5,4,4,True,validated,0
c6f6b776-d5b1-4713-acb7-597fe8044206,prca02,likert5,3,3,True,validated,1
c6f6b776-d5b1-4713-acb7-597fe8044206,prca03,likert5,4,4,True,validated,0
c6f6b776-d5b1-4713-acb7-597fe8044206,prca04,likert5,4,2,True,validated,1
c6f6b776-d5b1-4713-acb7-597fe8044206,prca05,likert5,2,2,True,validated,0
c6f6b776-d5b1-4713-acb7-597fe8044206,prca06,likert5,3,3,True,validated,1
c6f6b776-d5b1-4713-acb7-597fe8044206,prca13,likert5,5,5,True,validated,0
c6f6b776-d5b1-4713-acb7-597fe8044206,prca14,likert5,4,2,True,validated,1
c6f6b776-d5b1-4713-acb7-597fe8044206,prca15,likert5,4,4,True,validated,0
c6f6b776-d5b1-4713-acb7-597fe8044206,prca16,likert5,3,3,True,validated,1
c6f6b776-d5b1-4713-acb7-597fe8044206,prca17,likert5,3,3,True,validated,1
c6f6b776-d5b1-4713-acb7-597fe8044206,prca18,likert5,3,3,True,validated,0
c7afcd7c-0776-4f16-a954-11f9d8471363,prca01,likert5,4,4,True,validated,0
c7afcd7c-0776-4f16-a954-11f9d8471363,prca02,likert5,4,2,True,validated,1
c7afcd7c-0776-4f16-a954-11f9d8471363,prca03,likert5,4,4,True,validated,0
c7afcd7c-0776-4f16-a954-11f9d8471363,prca04,likert5,2,4,True,validated,1
c7afcd7c-0776-4f16-a954-11f9d8471363,prca05,likert5,4,4,True,validated,0
c7afcd7c-0776-4f16-a954-11f9d8471363,prca06,likert5,3,3,True,validated,1
c7afcd7c-0776-4f16-a954-11f9d8471363,prca13,likert5,3,3,True,validated,0
c7afcd7c-0776-4f16-a954-11f9d8471363,prca14,likert5,4,2,True,validated,1
c7afcd7c-0776-4f16-a954-11f9d8471363,prca15,likert5,3,3,True,validated,0
c7afcd7c-0776-4f16-a954-11f9d8471363,prca16,likert5,5,1,True,validated,1
c7afcd7c-0776-4f16-a954-11f9d8471363,prca17,likert5,4,2,True,validated,1
c7afcd7c-0776-4f16-a954-11f9d8471363,prca18,likert5,3,3,True,validated,0
192e079a-24db-4d61-9847-ff2763f2d23e,prca01,likert5,4,4,True,validated,0
192e079a-24db-4d61-9847-ff2763f2d23e,prca02,likert5,4,2,True,validated,1
192e079a-24db-4d61-9847-ff2763f2d23e,prca03,likert5,4,4,True,validated,0
192e079a-24db-4d61-9847-ff2763f2d23e,prca04,likert5,5,1,True,validated,1
192e079a-24db-4d61-9847-ff2763f2d23e,prca05,likert5,5,5,True,validated,0
192e079a-24db-4d61-9847-ff2763f2d23e,prca06,likert5,4,2,True,validated,1
192e079a-24db-4d61-9847-ff2763f2d23e,prca13,likert5,3,3,True,validated,0
192e079a-24db-4d61-9847-ff2763f2d23e,prca14,likert5,5,1,True,validated,1
192e079a-24db-4d61-9847-ff2763f2d23e,prca15,likert5,3,3,True,validated,0
192e079a-24db-4d61-9847-ff2763f2d23e,prca16,likert5,4,2,True,validated,1
192e079a-24db-4d61-9847-ff2763f2d23e,prca17,likert5,4,2,True,validated,1
192e079a-24db-4d61-9847-ff2763f2d23e,prca18,likert5,3,3,True,validated,0
51f21a3f-bd74-456b-9df6-5a050e88aaf2,prca01,likert5,4,4,True,validated,0
51f21a3f-bd74-456b-9df6-5a050e88aaf2,prca02,likert5,5,1,True,validated,1
51f21a3f-bd74-456b-9df6-5a050e88aaf2,prca03,likert5,4,4,True,validated,0
51f21a3f-bd74-456b-9df6-5a050e88aaf2,prca04,likert5,3,3,True,validated,1
51f21a3f-bd74-456b-9df6-5a050e88aaf2,prca05,likert5,3,3,True,validated,0
51f21a3f-bd74-456b-9df6-5a050e88aaf2,prca06,likert5,4,2,True,validated,1
51f21a3f-bd74-456b-9df6-5a050e88aaf2,prca13,likert5,5,5,True,validated,0
51f21a3f-bd74-456b-9df6-5a050e88aaf2,prca14,likert5,4,2,True,validated,1
51f21a3f-bd74-456b-9df6-5a050e88aaf2,prca15,likert5,4,4,True,validated,0
51f21a3f-bd74-456b-9df6-5a050e88aaf2,prca16,likert5,4,2,True,validated,1
51f21a3f-bd74-456b-9df6-5a050e88aaf2,prca17,likert5,4,2,True,validated,1
51f21a3f-bd74-456b-9df6-5a050e88aaf2,prca18,likert5,5,5,True,validated,0
51ae3b37-9f9c-484b-ae38-7a471e35a43b,prca01,likert5,4,4,True,validated,0
51ae3b37-9f9c-484b-ae38-7a471e35a43b,prca02,likert5,5,1,True,validated,1
51ae3b37-9f9c-484b-ae38-7a471e35a43b,prca03,likert5,4,4,True,validated,0
51ae3b37-9f9c-484b-ae38-7a471e35a43b,prca04,likert5,5,1,True,validated,1
51ae3b37-9f9c-484b-ae38-7a471e35a43b,prca05,likert5,4,4,True,validated,0
51ae3b37-9f9c-484b-ae38-7a471e35a43b,prca06,likert5,4,2,True,validated,1
51ae3b37-9f9c-484b-ae38-7a471e35a43b,prca13,likert5,4,4,True,validated,0
51ae3b37-9f9c-484b-ae38-7a471e35a43b,prca14,likert5,3,3,True,validated,1
51ae3b37-9f9c-484b-ae38-7a471e35a43b,prca15,likert5,4,4,True,validated,0
51ae3b37-9f9c-484b-ae38-7a471e35a43b,prca16,likert5,4,2,True,validated,1
51ae3b37-9f9c-484b-ae38-7a471e35a43b,prca17,likert5,4,2,True,validated,1
51ae3b37-9f9c-484b-ae38-7a471e35a43b,prca18,likert5,3,3,True,validated,0
c1a6393e-89e7-41c1-971c-d87a190ec925,prca01,likert5,4,4,True,validated,0
c1a6393e-89e7-41c1-971c-d87a190ec925,prca02,likert5,4,2,True,validated,1
c1a6393e-89e7-41c1-971c-d87a190ec925,prca03,likert5,3,3,True,validated,0
c1a6393e-89e7-41c1-971c-d87a190ec925,prca04,likert5,4,2,True,validated,1
c1a6393e-89e7-41c1-971c-d87a190ec925,prca05,likert5,4,4,True,validated,0
c1a6393e-89e7-41c1-971c-d87a190ec925,prca06,likert5,3,3,True,validated,1
c1a6393e-89e7-41c1-971c-d87a190ec925,prca13,likert5,3,3,True,validated,0
c1a6393e-89e7-41c1-971c-d87a190ec925,prca14,likert5,4,2,True,validated,1
c1a6393e-89e7-41c1-971c-d87a190ec925,prca15,likert5,5,5,True,validated,0
c1a6393e-89e7-41c1-971c-d87a190ec925,prca16,likert5,4,2,True,validated,1
c1a6393e-89e7-41c1-971c-d87a190ec925,prca17,likert5,3,3,True,validated,1
c1a6393e-89e7-41c1-971c-d87a190ec925,prca18,likert5,4,4,True,validated,0
7454e0d8-211c-46a5-8926-5c2049925a7c,prca01,likert5,4,4,True,validated,0
7454e0d8-211c-46a5-8926-5c2049925a7c,prca02,likert5,4,2,True,validated,1
7454e0d8-211c-46a5-8926-5c2049925a7c,prca03,likert5,1,1,True,validated,0
7454e0d8-211c-46a5-8926-5c2049925a7c,prca04,likert5,4,2,True,validated,1
7454e0d8-211c-46a5-8926-5c2049925a7c,prca05,likert5,4,4,True,validated,0
7454e0d8-211c-46a5-8926-5c2049925a7c,prca06,likert5,4,2,True,validated,1
7454e0d8-211c-46a5-8926-5c2049925a7c,prca13,likert5,4,4,True,validated,0
7454e0d8-211c-46a5-8926-5c2049925a7c,prca14,likert5,4,2,True,validated,1
7454e0d8-211c-46a5-8926-5c2049925a7c,prca15,likert5,4,4,True,validated,0
7454e0d8-211c-46a5-8926-5c2049925a7c,prca16,likert5,4,2,True,validated,1
7454e0d8-211c-46a5-8926-5c2049925a7c,prca17,likert5,4,2,True,validated,1
7454e0d8-211c-46a5-8926-5c2049925a7c,prca18,likert5,4,4,True,validated,0
583faa45-0dc9-49f9-afd8-32fe48af7f7c,prca01,likert5,4,4,True,validated,0
583faa45-0dc9-49f9-afd8-32fe48af7f7c,prca02,likert5,5,1,True,validated,1
583faa45-0dc9-49f9-afd8-32fe48af7f7c,prca03,likert5,4,4,True,validated,0
583faa45-0dc9-49f9-afd8-32fe48af7f7c,prca04,likert5,4,2,True,validated,1
583faa45-0dc9-49f9-afd8-32fe48af7f7c,prca05,likert5,3,3,True,validated,0
583faa45-0dc9-49f9-afd8-32fe48af7f7c,prca06,likert5,5,1,True,validated,1
583faa45-0dc9-49f9-afd8-32fe48af7f7c,prca13,likert5,4,4,True,validated,0
583faa45-0dc9-49f9-afd8-32fe48af7f7c,prca14,likert5,5,1,True,validated,1
583faa45-0dc9-49f9-afd8-32fe48af7f7c,prca15,likert5,3,3,True,validated,0
583faa45-0dc9-49f9-afd8-32fe48af7f7c,prca16,likert5,5,1,True,validated,1
583faa45-0dc9-49f9-afd8-32fe48af7f7c,prca17,likert5,3,3,True,validated,1
583faa45-0dc9-49f9-afd8-32fe48af7f7c,prca18,likert5,4,4,True,validated,0
147ff8da-59c9-4362-a978-0aa85343cd1d,prca01,likert5,3,3,True,validated,0
147ff8da-59c9-4362-a978-0aa85343cd1d,prca02,likert5,1,5,True,validated,1
147ff8da-59c9-4362-a978-0aa85343cd1d,prca03,likert5,4,4,True,validated,0
147ff8da-59c9-4362-a978-0aa85343cd1d,prca04,likert5,4,2,True,validated,1
147ff8da-59c9-4362-a978-0aa85343cd1d,prca05,likert5,4,4,True,validated,0
147ff8da-59c9-4362-a978-0aa85343cd1d,prca06,likert5,4,2,True,validated,1
147ff8da-59c9-4362-a978-0aa85343cd1d,prca13,likert5,4,4,True,validated,0
147ff8da-59c9-4362-a978-0aa85343cd1d,prca14,likert5,3,3,True,validated,1
147ff8da-59c9-4362-a978-0aa85343cd1d,prca15,likert5,4,4,True,validated,0
147ff8da-59c9-4362-a978-0aa85343cd1d,prca16,likert5,4,2,True,validated,1
147ff8da-59c9-4362-a978-0aa85343cd1d,prca17,likert5,3,3,True,validated,1
147ff8da-59c9-4362-a978-0aa85343cd1d,prca18,likert5,5,5,True,validated,0
f127ae4b-3ffc-47a9-8707-a331a9d84d2c,prca01,likert5,2,2,True,validated,0
f127ae4b-3ffc-47a9-8707-a331a9d84d2c,prca02,likert5,4,2,True,validated,1
f127ae4b-3ffc-47a9-8707-a331a9d84d2c,prca03,likert5,5,5,True,validated,0
f127ae4b-3ffc-47a9-8707-a331a9d84d2c,prca04,likert5,4,2,True,validated,1
f127ae4b-3ffc-47a9-8707-a331a9d84d2c,prca05,likert5,3,3,True,validated,0
f127ae4b-3ffc-47a9-8707-a331a9d84d2c,prca06,likert5,4,2,True,validated,1
f127ae4b-3ffc-47a9-8707-a331a9d84d2c,prca13,likert5,3,3,True,validated,0
f127ae4b-3ffc-47a9-8707-a331a9d84d2c,prca14,likert5,4,2,True,validated,1
f127ae4b-3ffc-47a9-8707-a331a9d84d2c,prca15,likert5,4,4,True,validated,0
f127ae4b-3ffc-47a9-8707-a331a9d84d2c,prca16,likert5,4,2,True,validated,1
f127ae4b-3ffc-47a9-8707-a331a9d84d2c,prca17,likert5,4,2,True,validated,1
f127ae4b-3ffc-47a9-8707-a331a9d84d2c,prca18,likert5,5,5,True,validated,0
f1c3f4b7-c354-43de-8b15-cd6f3db7fe5e,prca01,likert5,4,4,True,validated,0
f1c3f4b7-c354-43de-8b15-cd6f3db7fe5e,prca02,likert5,4,2,True,validated,1
f1c3f4b7-c354-43de-8b15-cd6f3db7fe5e,prca03,likert5,4,4,True,validated,0
f1c3f4b7-c354-43de-8b15-cd6f3db7fe5e,prca04,likert5,4,2,True,validated,1
f1c3f4b7-c354-43de-8b15-cd6f3db7fe5e,prca05,likert5,5,5,True,validated,0
f1c3f4b7-c354-43de-8b15-cd6f3db7fe5e,prca06,likert5,4,2,True,validated,1
f1c3f4b7-c354-43de-8b15-cd6f3db7fe5e,prca13,likert5,4,4,True,validated,0
f1c3f4b7-c354-43de-8b15-cd6f3db7fe5e,prca14,likert5,4,2,True,validated,1
f1c3f4b7-c354-43de-8b15-cd6f3db7fe5e,prca15,likert5,5,5,True,validated,0
f1c3f4b7-c354-43de-8b15-cd6f3db7fe5e,prca16,likert5,3,3,True,validated,1
f1c3f4b7-c354-43de-8b15-cd6f3db7fe5e,prca17,likert5,4,2,True,validated,1
f1c3f4b7-c354-43de-8b15-cd6f3db7fe5e,prca18,likert5,5,5,True,validated,0
e06714c6-64f0-4f7d-b184-844b436e85b6,prca01,likert5,4,4,True,validated,0
e06714c6-64f0-4f7d-b184-844b436e85b6,prca02,likert5,4,2,True,validated,1
e06714c6-64f0-4f7d-b184-844b436e85b6,prca03,likert5,5,5,True,validated,0
e06714c6-64f0-4f7d-b184-844b436e85b6,prca04,likert5,4,2,True,validated,1
e06714c6-64f0-4f7d-b184-844b436e85b6,prca05,likert5,3,3,True,validated,0
e06714c6-64f0-4f7d-b184-844b436e85b6,prca06,likert5,4,2,True,validated,1
e06714c6-64f0-4f7d-b184-844b436e85b6,prca13,likert5,3,3,True,validated,0
e06714c6-64f0-4f7d-b184-844b436e85b6,prca14,likert5,5,1,True,validated,1
e06714c6-64f0-4f7d-b184-844b436e85b6,prca15,likert5,4,4,True,validated,0
e06714c6-64f0-4f7d-b184-844b436e85b6,prca16,likert5,4,2,True,validated,1
e06714c6-64f0-4f7d-b184-844b436e85b6,prca17,likert5,3,3,True,validated,1
e06714c6-64f0-4f7d-b184-844b436e85b6,prca18,likert5,4,4,True,validated,0
a84bf8d5-a5b3-422e-a37b-e1075ee1a3aa,prca01,likert5,2,2,True,validated,0
a84bf8d5-a5b3-422e-a37b-e1075ee1a3aa,prca02,likert5,4,2,True,validated,1
a84bf8d5-a5b3-422e-a37b-e1075ee1a3aa,prca03,likert5,4,4,True,validated,0
a84bf8d5-a5b3-422e-a37b-e1075ee1a3aa,prca04,likert5,4,2,True,validated,1
a84bf8d5-a5b3-422e-a37b-e1075ee1a3aa,prca05,likert5,4,4,True,validated,0
a84bf8d5-a5b3-422e-a37b-e1075ee1a3aa,prca06,likert5,4,2,True,validated,1
a84bf8d5-a5b3-422e-a37b-e1075ee1a3aa,prca13,likert5,3,3,True,validated,0
a84bf8d5-a5b3-422e-a37b-e1075ee1a3aa,prca14,likert5,4,2,True,validated,1
a84bf8d5-a5b3-422e-a37b-e1075ee1a3aa,prca15,likert5,4,4,True,validated,0
a84bf8d5-a5b3-422e-a37b-e1075ee1a3aa,prca16,likert5,5,1,True,validated,1
a84bf8d5-a5b3-422e-a37b-e1075ee1a3aa,prca17,likert5,2,4,True,validated,1
a84bf8d5-a5b3-422e-a37b-e1075ee1a3aa,prca18,likert5,4,4,True,validated,0
955804b1-6fe6-496f-9beb-cc29cef33f45,prca01,likert5,3,3,True,validated,0
955804b1-6fe6-496f-9beb-cc29cef33f45,prca02,likert5,3,3,True,validated,1
955804b1-6fe6-496f-9beb-cc29cef33f45,prca03,likert5,4,4,True,validated,0
955804b1-6fe6-496f-9beb-cc29cef33f45,prca04,likert5,4,2,True,validated,1
955804b1-6fe6-496f-9beb-cc29cef33f45,prca05,likert5,4,4,True,validated,0
955804b1-6fe6-496f-9beb-cc29cef33f45,prca06,likert5,4,2,True,validated,1
955804b1-6fe6-496f-9beb-cc29cef33f45,prca13,likert5,4,4,True,validated,0
955804b1-6fe6-496f-9beb-cc29cef33f45,prca14,likert5,4,2,True,validated,1
955804b1-6fe6-496f-9beb-cc29cef33f45,prca15,likert5,4,4,True,validated,0
955804b1-6fe6-496f-9beb-cc29cef33f45,prca16,likert5,3,3,True,validated,1
955804b1-6fe6-496f-9beb-cc29cef33f45,prca17,likert5,3,3,True,validated,1
955804b1-6fe6-496f-9beb-cc29cef33f45,prca18,likert5,3,3,True,validated,0
1ba9801d-11a8-44fe-a2de-135fb681c1cf,prca01,likert5,4,4,True,validated,0
1ba9801d-11a8-44fe-a2de-135fb681c1cf,prca02,likert5,5,1,True,validated,1
1ba9801d-11a8-44fe-a2de-135fb681c1cf,prca03,likert5,3,3,True,validated,0
1ba9801d-11a8-44fe-a2de-135fb681c1cf,prca04,likert5,4,2,True,validated,1
1ba9801d-11a8-44fe-a2de-135fb681c1cf,prca05,likert5,4,4,True,validated,0
1ba9801d-11a8-44fe-a2de-135fb681c1cf,prca06,likert5,4,2,True,validated,1
1ba9801d-11a8-44fe-a2de-135fb681c1cf,prca13,likert5,3,3,True,validated,0
1ba9801d-11a8-44fe-a2de-135fb681c1cf,prca14,likert5,5,1,True,validated,1
1ba9801d-11a8-44fe-a2de-135fb681c1cf,prca15,likert5,1,1,True,validated,0
1ba9801d-11a8-44fe-a2de-135fb681c1cf,prca16,likert5,3,3,True,validated,1
1ba9801d-11a8-44fe-a2de-135fb681c1cf,prca17,likert5,4,2,True,validated,1
1ba9801d-11a8-44fe-a2de-135fb681c1cf,prca18,likert5,5,5,True,validated,0
deac0579-59a2-44a3-a498-800b21f983b0,prca01,likert5,5,5,True,validated,0
deac0579-59a2-44a3-a498-800b21f983b0,prca02,likert5,3,3,True,validated,1
deac0579-59a2-44a3-a498-800b21f983b0,prca03,likert5,5,5,True,validated,0
deac0579-59a2-44a3-a498-800b21f983b0,prca04,likert5,4,2,True,validated,1
deac0579-59a2-44a3-a498-800b21f983b0,prca05,likert5,4,4,True,validated,0
deac0579-59a2-44a3-a498-800b21f983b0,prca06,likert5,4,2,True,validated,1
deac0579-59a2-44a3-a498-800b21f983b0,prca13,likert5,4,4,True,validated,0
deac0579-59a2-44a3-a498-800b21f983b0,prca14,likert5,4,2,True,validated,1
deac0579-59a2-44a3-a498-800b21f983b0,prca15,likert5,4,4,True,validated,0
deac0579-59a2-44a3-a498-800b21f983b0,prca16,likert5,4,2,True,validated,1
deac0579-59a2-44a3-a498-800b21f983b0,prca17,likert5,4,2,True,validated,1
deac0579-59a2-44a3-a498-800b21f983b0,prca18,likert5,3,3,True,validated,0
6b0d3e68-b9b1-4ee3-9170-6d50249ee07c,prca01,likert5,3,3,True,validated,0
6b0d3e68-b9b1-4ee3-9170-6d50249ee07c,prca02,likert5,4,2,True,validated,1
6b0d3e68-b9b1-4ee3-9170-6d50249ee07c,prca03,likert5,3,3,True,validated,0
6b0d3e68-b9b1-4ee3-9170-6d50249ee07c,prca04,likert5,4,2,True,validated,1
6b0d3e68-b9b1-4ee3-9170-6d50249ee07c,prca05,likert5,4,4,True,validated,0
6b0d3e68-b9b1-4ee3-9170-6d50249ee07c,prca06,likert5,4,2,True,validated,1
6b0d3e68-b9b1-4ee3-9170-6d50249ee07c,prca13,likert5,3,3,True,validated,0
6b0d3e68-b9b1-4ee3-9170-6d50249ee07c,prca14,likert5,4,2,True,validated,1
6b0d3e68-b9b1-4ee3-9170-6d50249ee07c,prca15,likert5,3,3,True,validated,0
6b0d3e68-b9b1-4ee3-9170-6d50249ee07c,prca16,likert5,3,3,True,validated,1
6b0d3e68-b9b1-4ee3-9170-6d50249ee07c,prca17,likert5,4,2,True,validated,1
6b0d3e68-b9b1-4ee3-9170-6d50249ee07c,prca18,likert5,4,4,True,validated,0
3cef2631-5143-4230-bace-b691cfa5e8bd,prca01,likert5,3,3,True,validated,0
3cef2631-5143-4230-bace-b691cfa5e8bd,prca02,likert5,4,2,True,validated,1
3cef2631-5143-4230-bace-b691cfa5e8bd,prca03,likert5,3,3,True,validated,0
3cef2631-5143-4230-bace-b691cfa5e8bd,prca04,likert5,4,2,True,validated,1
3cef2631-5143-4230-bace-b691cfa5e8bd,prca05,likert5,3,3,True,validated,0
3cef2631-5143-4230-bace-b691cfa5e8bd,prca06,likert5,3,3,True,validated,1
3cef2631-5143-4230-bace-b691cfa5e8bd,prca13,likert5,4,4,True,validated,0
3cef2631-5143-4230-bace-b691cfa5e8bd,prca14,likert5,3,3,True,validated,1
3cef2631-5143-4230-bace-b691cfa5e8bd,prca15,likert5,3,3,True,validated,0
3cef2631-5143-4230-bace-b691cfa5e8bd,prca16,likert5,2,4,True,validated,1
3cef2631-5143-4230-bace-b691cfa5e8bd,prca17,likert5,4,2,True,validated,1
3cef2631-5143-4230-bace-b691cfa5e8bd,prca18,likert5,3,3,True,validated,0
ed9ffa3b-a2d8-49fc-82f5-63bded368c06,prca01,likert5,4,4,True,validated,0
ed9ffa3b-a2d8-49fc-82f5-63bded368c06,prca02,likert5,4,2,True,validated,1
ed9ffa3b-a2d8-49fc-82f5-63bded368c06,prca03,likert5,4,4,True,validated,0
ed9ffa3b-a2d8-49fc-82f5-63bded368c06,prca04,likert5,4,2,True,validated,1
ed9ffa3b-a2d8-49fc-82f5-63bded368c06,prca05,likert5,4,4,True,validated,0
ed9ffa3b-a2d8-49fc-82f5-63bded368c06,prca06,likert5,5,1,True,validated,1
ed9ffa3b-a2d8-49fc-82f5-63bded368c06,prca13,likert5,3,3,True,validated,0
ed9ffa3b-a2d8-49fc-82f5-63bded368c06,prca14,likert5,4,2,True,validated,1
ed9ffa3b-a2d8-49fc-82f5-63bded368c06,prca15,likert5,5,5,True,validated,0
ed9ffa3b-a2d8-49fc-82f5-63bded368c06,prca16,likert5,4,2,True,validated,1
ed9ffa3b-a2d8-49fc-82f5-63bded368c06,prca17,likert5,5,1,True,validated,1
ed9ffa3b-a2d8-49fc-82f5-63bded368c06,prca18,likert5,4,4,True,validated,0
b20cfcb2-fb89-4d9a-9f44-94407b8f25b2,prca01,likert5,4,4,True,validated,0
b20cfcb2-fb89-4d9a-9f44-94407b8f25b2,prca02,likert5,4,2,True,validated,1
b20cfcb2-fb89-4d9a-9f44-94407b8f25b2,prca03,likert5,5,5,True,validated,0
b20cfcb2-fb89-4d9a-9f44-94407b8f25b2,prca04,likert5,4,2,True,validated,1
b20cfcb2-fb89-4d9a-9f44-94407b8f25b2,prca05,likert5,3,3,True,validated,0
b20cfcb2-fb89-4d9a-9f44-94407b8f25b2,prca06,likert5,4,2,True,validated,1
b20cfcb2-fb89-4d9a-9f44-94407b8f25b2,prca13,likert5,4,4,True,validated,0
b20cfcb2-fb89-4d9a-9f44-94407b8f25b2,prca14,likert5,4,2,True,validated,1
b20cfcb2-fb89-4d9a-9f44-94407b8f25b2,prca15,likert5,3,3,True,validated,0
b20cfcb2-fb89-4d9a-9f44-94407b8f25b2,prca16,likert5,4,2,True,validated,1
b20cfcb2-fb89-4d9a-9f44-94407b8f25b2,prca17,likert5,5,1,True,validated,1
b20cfcb2-fb89-4d9a-9f44-94407b8f25b2,prca18,likert5,3,3,True,validated,0
bae3fbf5-52be-49d3-bef6-d09c603d6356,prca01,likert5,5,5,True,validated,0
bae3fbf5-52be-49d3-bef6-d09c603d6356,prca02,likert5,5,1,True,validated,1
bae3fbf5-52be-49d3-bef6-d09c603d6356,prca03,likert5,3,3,True,validated,0
bae3fbf5-52be-49d3-bef6-d09c603d6356,prca04,likert5,3,3,True,validated,1
bae3fbf5-52be-49d3-bef6-d09c603d6356,prca05,likert5,4,4,True,validated,0
bae3fbf5-52be-49d3-bef6-d09c603d6356,prca06,likert5,4,2,True,validated,1
bae3fbf5-52be-49d3-bef6-d09c603d6356,prca13,likert5,4,4,True,validated,0
bae3fbf5-52be-49d3-bef6-d09c603d6356,prca14,likert5,4,2,True,validated,1
bae3fbf5-52be-49d3-bef6-d09c603d6356,prca15,likert5,4,4,True,validated,0
bae3fbf5-52be-49d3-bef6-d09c603d6356,prca16,likert5,4,2,True,validated,1
bae3fbf5-52be-49d3-bef6-d09c603d6356,prca17,likert5,5,1,True,validated,1
bae3fbf5-52be-49d3-bef6-d09c603d6356,prca18,likert5,4,4,True,validated,0
19a6c1f0-c98b-45c3-8ea8-2c8a56d7dabc,prca01,likert5,4,4,True,validated,0
19a6c1f0-c98b-45c3-8ea8-2c8a56d7dabc,prca02,likert5,3,3,True,validated,1
19a6c1f0-c98b-45c3-8ea8-2c8a56d7dabc,prca03,likert5,3,3,True,validated,0
19a6c1f0-c98b-45c3-8ea8-2c8a56d7dabc,prca04,likert5,4,2,True,validated,1
19a6c1f0-c98b-45c3-8ea8-2c8a56d7dabc,prca05,likert5,4,4,True,validated,0
19a6c1f0-c98b-45c3-8ea8-2c8a56d7dabc,prca06,likert5,3,3,True,validated,1
19a6c1f0-c98b-45c3-8ea8-2c8a56d7dabc,prca13,likert5,4,4,True,validated,0
19a6c1f0-c98b-45c3-8ea8-2c8a56d7dabc,prca14,likert5,3,3,True,validated,1
19a6c1f0-c98b-45c3-8ea8-2c8a56d7dabc,prca15,likert5,4,4,True,validated,0
19a6c1f0-c98b-45c3-8ea8-2c8a56d7dabc,prca16,likert5,4,2,True,validated,1
19a6c1f0-c98b-45c3-8ea8-2c8a56d7dabc,prca17,likert5,4,2,True,validated,1
19a6c1f0-c98b-45c3-8ea8-2c8a56d7dabc,prca18,likert5,3,3,True,validated,0
b241242c-1e8a-4442-bd6d-ff507c8aecab,prca01,likert5,4,4,True,validated,0
b241242c-1e8a-4442-bd6d-ff507c8aecab,prca02,likert5,4,2,True,validated,1
b241242c-1e8a-4442-bd6d-ff507c8aecab,prca03,likert5,3,3,True,validated,0
b241242c-1e8a-4442-bd6d-ff507c8aecab,prca04,likert5,4,2,True,validated,1
b241242c-1e8a-4442-bd6d-ff507c8aecab,prca05,likert5,4,4,True,validated,0
b241242c-1e8a-4442-bd6d-ff507c8aecab,prca06,likert5,4,2,True,validated,1
b241242c-1e8a-4442-bd6d-ff507c8aecab,prca13,likert5,2,2,True,validated,0
b241242c-1e8a-4442-bd6d-ff507c8aecab,prca14,likert5,4,2,True,validated,1
b241242c-1e8a-4442-bd6d-ff507c8aecab,prca15,likert5,5,5,True,validated,0
b241242c-1e8a-4442-bd6d-ff507c8aecab,prca16,likert5,4,2,True,validated,1
b241242c-1e8a-4442-bd6d-ff507c8aecab,prca17,likert5,5,1,True,validated,1
b241242c-1e8a-4442-bd6d-ff507c8aecab,prca18,likert5,3,3,True,validated,0
c5d58c88-a4d1-416b-9f02-c6927112ec86,prca01,likert5,4,4,True,validated,0
c5d58c88-a4d1-416b-9f02-c6927112ec86,prca02,likert5,4,2,True,validated,1
c5d58c88-a4d1-416b-9f02-c6927112ec86,prca03,likert5,4,4,True,validated,0
c5d58c88-a4d1-416b-9f02-c6927112ec86,prca04,likert5,5,1,True,validated,1
c5d58c88-a4d1-416b-9f02-c6927112ec86,prca05,likert5,2,2,True,validated,0
c5d58c88-a4d1-416b-9f02-c6927112ec86,prca06,likert5,4,2,True,validated,1
c5d58c88-a4d1-416b-9f02-c6927112ec86,prca13,likert5,3,3,True,validated,0
c5d58c88-a4d1-416b-9f02-c6927112ec86,prca14,likert5,4,2,True,validated,1
c5d58c88-a4d1-416b-9f02-c6927112ec86,prca15,likert5,4,4,True,validated,0
c5d58c88-a4d1-416b-9f02-c6927112ec86,prca16,likert5,4,2,True,validated,1
c5d58c88-a4d1-416b-9f02-c6927112ec86,prca17,likert5,4,2,True,validated,1
c5d58c88-a4d1-416b-9f02-c6927112ec86,prca18,likert5,4,4,True,validated,0
fa85d925-5da9-4b40-b7d9-2406539f2fa2,prca01,likert5,3,3,True,validated,0
fa85d925-5da9-4b40-b7d9-2406539f2fa2,prca02,likert5,3,3,True,validated,1
fa85d925-5da9-4b40-b7d9-2406539f2fa2,prca03,likert5,3,3,True,validated,0
fa85d925-5da9-4b40-b7d9-2406539f2fa2,prca04,likert5,4,2,True,validated,1
fa85d925-5da9-4b40-b7d9-2406539f2fa2,prca05,likert5,4,4,True,validated,0
fa85d925-5da9-4b40-b7d9-2406539f2fa2,prca06,likert5,4,2,True,validated,1
fa85d925-5da9-4b40-b7d9-2406539f2fa2,prca13,likert5,5,5,True,validated,0
fa85d925-5da9-4b40-b7d9-2406539f2fa2,prca14,likert5,4,2,True,validated,1
fa85d925-5da9-4b40-b7d9-2406539f2fa2,prca15,likert5,1,1,True,validated,0
fa85d925-5da9-4b40-b7d9-2406539f2fa2,prca16,likert5,5,1,True,validated,1
fa85d925-5da9-4b40-b7d9-2406539f2fa2,prca17,likert5,5,1,True,validated,1
fa85d925-5da9-4b40-b7d9-2406539f2fa2,prca18,likert5,4,4,True,validated,0
9ff20396-4261-4ee6-9791-085876c64e21,prca01,likert5,4,4,True,validated,0
9ff20396-4261-4ee6-9791-085876c64e21,prca02,likert5,4,2,True,validated,1
9ff20396-4261-4ee6-9791-085876c64e21,prca03,likert5,5,5,True,validated,0
9ff20396-4261-4ee6-9791-085876c64e21,prca04,likert5,4,2,True,validated,1
9ff20396-4261-4ee6-9791-085876c64e21,prca05,likert5,3,3,True,validated,0
9ff20396-4261-4ee6-9791-085876c64e21,prca06,likert5,3,3,True,validated,1
9ff20396-4261-4ee6-9791-085876c64e21,prca13,likert5,3,3,True,validated,0
9ff20396-4261-4ee6-9791-085876c64e21,prca14,likert5,3,3,True,validated,1
9ff20396-4261-4ee6-9791-085876c64e21,prca15,likert5,3,3,True,validated,0
9ff20396-4261-4ee6-9791-085876c64e21,prca16,likert5,4,2,True,validated,1
9ff20396-4261-4ee6-9791-085876c64e21,prca17,likert5,3,3,True,validated,1
9ff20396-4261-4ee6-9791-085876c64e21,prca18,likert5,4,4,True,validated,0
328d4491-297e-40e1-bd2a-9330e0fe00bf,prca01,likert5,4,4,True,validated,0
328d4491-297e-40e1-bd2a-9330e0fe00bf,prca02,likert5,3,3,True,validated,1
328d4491-297e-40e1-bd2a-9330e0fe00bf,prca03,likert5,5,5,True,validated,0
328d4491-297e-40e1-bd2a-9330e0fe00bf,prca04,likert5,4,2,True,validated,1
328d4491-297e-40e1-bd2a-9330e0fe00bf,prca05,likert5,5,5,True,validated,0
328d4491-297e-40e1-bd2a-9330e0fe00bf,prca06,likert5,4,2,True,validated,1
328d4491-297e-40e1-bd2a-9330e0fe00bf,prca13,likert5,3,3,True,validated,0
328d4491-297e-40e1-bd2a-9330e0fe00bf,prca14,likert5,4,2,True,validated,1
328d4491-297e-40e1-bd2a-9330e0fe00bf,prca15,likert5,4,4,True,validated,0
328d4491-297e-40e1-bd2a-9330e0fe00bf,prca16,likert5,4,2,True,validated,1
328d4491-297e-40e1-bd2a-9330e0fe00bf,prca17,likert5,4,2,True,validated,1
328d4491-297e-40e1-bd2a-9330e0fe00bf,prca18,likert5,4,4,True,validated,0
753f1db0-f0cf-46ff-bf14-aeec1e9d3b3c,prca01,likert5,4,4,True,validated,0
753f1db0-f0cf-46ff-bf14-aeec1e9d3b3c,prca02,likert5,4,2,True,validated,1
753f1db0-f0cf-46ff-bf14-aeec1e9d3b3c,prca03,likert5,5,5,True,validated,0
753f1db0-f0cf-46ff-bf14-aeec1e9d3b3c,prca04,likert5,4,2,True,validated,1
753f1db0-f0cf-46ff-bf14-aeec1e9d3b3c,prca05,likert5,4,4,True,validated,0
753f1db0-f0cf-46ff-bf14-aeec1e9d3b3c,prca06,likert5,4,2,True,validated,1
753f1db0-f0cf-46ff-bf14-aeec1e9d3b3c,prca13,likert5,4,4,True,validated,0
753f1db0-f0cf-46ff-bf14-aeec1e9d3b3c,prca14,likert5,4,2,True,validated,1
753f1db0-f0cf-46ff-bf14-aeec1e9d3b3c,prca15,likert5,4,4,True,validated,0
753f1db0-f0cf-46ff-bf14-aeec1e9d3b3c,prca16,likert5,3,3,True,validated,1
753f1db0-f0cf-46ff-bf14-aeec1e9d3b3c,prca17,likert5,3,3,True,validated,1
753f1db0-f0cf-46ff-bf14-aeec1e9d3b3c,prca18,likert5,4,4,True,validated,0
449acaf8-87e6-4850-af31-ffd0ac42c50c,prca01,likert5,4,4,True,validated,0
449acaf8-87e6-4850-af31-ffd0ac42c50c,prca02,likert5,3,3,True,validated,1
449acaf8-87e6-4850-af31-ffd0ac42c50c,prca03,likert5,3,3,True,validated,0
449acaf8-87e6-4850-af31-ffd0ac42c50c,prca04,likert5,4,2,True,validated,1
449acaf8-87e6-4850-af31-ffd0ac42c50c,prca05,likert5,4,4,True,validated,0
449acaf8-87e6-4850-af31-ffd0ac42c50c,prca06,likert5,3,3,True,validated,1
449acaf8-87e6-4850-af31-ffd0ac42c50c,prca13,likert5,4,4,True,validated,0
449acaf8-87e6-4850-af31-ffd0ac42c50c,prca14,likert5,3,3,True,validated,1
449acaf8-87e6-4850-af31-ffd0ac42c50c,prca15,likert5,3,3,True,validated,0
449acaf8-87e6-4850-af31-ffd0ac42c50c,prca16,likert5,4,2,True,validated,1
449acaf8-87e6-4850-af31-ffd0ac42c50c,prca17,likert5,4,2,True,validated,1
449acaf8-87e6-4850-af31-ffd0ac42c50c,prca18,likert5,4,4,True,validated,0
5dc297a4-0592-47c3-95a4-df9ff2c2c1e4,prca01,likert5,4,4,True,validated,0
5dc297a4-0592-47c3-95a4-df9ff2c2c1e4,prca02,likert5,4,2,True,validated,1
5dc297a4-0592-47c3-95a4-df9ff2c2c1e4,prca03,likert5,4,4,True,validated,0
5dc297a4-0592-47c3-95a4-df9ff2c2c1e4,prca04,likert5,3,3,True,validated,1
5dc297a4-0592-47c3-95a4-df9ff2c2c1e4,prca05,likert5,3,3,True,validated,0
5dc297a4-0592-47c3-95a4-df9ff2c2c1e4,prca06,likert5,4,2,True,validated,1
5dc297a4-0592-47c3-95a4-df9ff2c2c1e4,prca13,likert5,4,4,True,validated,0
5dc297a4-0592-47c3-95a4-df9ff2c2c1e4,prca14,likert5,4,2,True,validated,1
5dc297a4-0592-47c3-95a4-df9ff2c2c1e4,prca15,likert5,4,4,True,validated,0
5dc297a4-0592-47c3-95a4-df9ff2c2c1e4,prca16,likert5,3,3,True,validated,1
5dc297a4-0592-47c3-95a4-df9ff2c2c1e4,prca17,likert5,4,2,True,validated,1
5dc297a4-0592-47c3-95a4-df9ff2c2c1e4,prca18,likert5,3,3,True,validated,0
32c10b06-b471-4847-b90e-73cefa7fc7a9,prca01,likert5,4,4,True,validated,0
32c10b06-b471-4847-b90e-73cefa7fc7a9,prca02,likert5,5,1,True,validated,1
32c10b06-b471-4847-b90e-73cefa7fc7a9,prca03,likert5,2,2,True,validated,0
32c10b06-b471-4847-b90e-73cefa7fc7a9,prca04,likert5,4,2,True,validated,1
32c10b06-b471-4847-b90e-73cefa7fc7a9,prca05,likert5,4,4,True,validated,0
32c10b06-b471-4847-b90e-73cefa7fc7a9,prca06,likert5,4,2,True,validated,1
32c10b06-b471-4847-b90e-73cefa7fc7a9,prca13,likert5,5,5,True,validated,0
32c10b06-b471-4847-b90e-73cefa7fc7a9,prca14,likert5,3,3,True,validated,1
32c10b06-b471-4847-b90e-73cefa7fc7a9,prca15,likert5,4,4,True,validated,0
32c10b06-b471-4847-b90e-73cefa7fc7a9,prca16,likert5,4,2,True,validated,1
32c10b06-b471-4847-b90e-73cefa7fc7a9,prca17,likert5,4,2,True,validated,1
32c10b06-b471-4847-b90e-73cefa7fc7a9,prca18,likert5,3,3,True,validated,0
bed3ac76-aa93-4930-a2cb-92d46eb5dd03,prca01,likert5,3,3,True,validated,0
bed3ac76-aa93-4930-a2cb-92d46eb5dd03,prca02,likert5,4,2,True,validated,1
bed3ac76-aa93-4930-a2cb-92d46eb5dd03,prca03,likert5,2,2,True,validated,0
bed3ac76-aa93-4930-a2cb-92d46eb5dd03,prca04,likert5,4,2,True,validated,1
bed3ac76-aa93-4930-a2cb-92d46eb5dd03,prca05,likert5,4,4,True,validated,0
bed3ac76-aa93-4930-a2cb-92d46eb5dd03,prca06,likert5,4,2,True,validated,1
bed3ac76-aa93-4930-a2cb-92d46eb5dd03,prca13,likert5,3,3,True,validated,0
bed3ac76-aa93-4930-a2cb-92d46eb5dd03,prca14,likert5,3,3,True,validated,1
bed3ac76-aa93-4930-a2cb-92d46eb5dd03,prca15,likert5,4,4,True,validated,0
bed3ac76-aa93-4930-a2cb-92d46eb5dd03,prca16,likert5,3,3,True,validated,1
bed3ac76-aa93-4930-a2cb-92d46eb5dd03,prca17,likert5,4,2,True,validated,1
bed3ac76-aa93-4930-a2cb-92d46eb5dd03,prca18,likert5,3,3,True,validated,0
a1b98614-ca46-4329-a48f-34fbb0bf200a,prca01,likert5,4,4,True,validated,0
a1b98614-ca46-4329-a48f-34fbb0bf200a,prca02,likert5,5,1,True,validated,1
a1b98614-ca46-4329-a48f-34fbb0bf200a,prca03,likert5,3,3,True,validated,0
a1b98614-ca46-4329-a48f-34fbb0bf200a,prca04,likert5,4,2,True,validated,1
a1b98614-ca46-4329-a48f-34fbb0bf200a,prca05,likert5,4,4,True,validated,0
a1b98614-ca46-4329-a48f-34fbb0bf200a,prca06,likert5,5,1,True,validated,1
a1b98614-ca46-4329-a48f-34fbb0bf200a,prca13,likert5,4,4,True,validated,0
a1b98614-ca46-4329-a48f-34fbb0bf200a,prca14,likert5,4,2,True,validated,1
a1b98614-ca46-4329-a48f-34fbb0bf200a,prca15,likert5,4,4,True,validated,0
a1b98614-ca46-4329-a48f-34fbb0bf200a,prca16,likert5,5,1,True,validated,1
a1b98614-ca46-4329-a48f-34fbb0bf200a,prca17,likert5,4,2,True,validated,1
a1b98614-ca46-4329-a48f-34fbb0bf200a,prca18,likert5,5,5,True,validated,0
d6470070-d718-441b-bf22-c367bb7c93e6,prca01,likert5,3,3,True,validated,0
d6470070-d718-441b-bf22-c367bb7c93e6,prca02,likert5,3,3,True,validated,1
d6470070-d718-441b-bf22-c367bb7c93e6,prca03,likert5,5,5,True,validated,0
d6470070-d718-441b-bf22-c367bb7c93e6,prca04,likert5,4,2,True,validated,1
d6470070-d718-441b-bf22-c367bb7c93e6,prca05,likert5,4,4,True,validated,0
d6470070-d718-441b-bf22-c367bb7c93e6,prca06,likert5,4,2,True,validated,1
d6470070-d718-441b-bf22-c367bb7c93e6,prca13,likert5,4,4,True,validated,0
d6470070-d718-441b-bf22-c367bb7c93e6,prca14,likert5,1,5,True,validated,1
d6470070-d718-441b-bf22-c367bb7c93e6,prca15,likert5,4,4,True,validated,0
d6470070-d718-441b-bf22-c367bb7c93e6,prca16,likert5,4,2,True,validated,1
d6470070-d718-441b-bf22-c367bb7c93e6,prca17,likert5,4,2,True,validated,1
d6470070-d718-441b-bf22-c367bb7c93e6,prca18,likert5,4,4,True,validated,0
4e77f1fc-e0c3-459c-b62e-8d116d9cb687,prca01,likert5,2,2,True,validated,0
4e77f1fc-e0c3-459c-b62e-8d116d9cb687,prca02,likert5,4,2,True,validated,1
4e77f1fc-e0c3-459c-b62e-8d116d9cb687,prca03,likert5,5,5,True,validated,0
4e77f1fc-e0c3-459c-b62e-8d116d9cb687,prca04,likert5,4,2,True,validated,1
4e77f1fc-e0c3-459c-b62e-8d116d9cb687,prca05,likert5,3,3,True,validated,0
4e77f1fc-e0c3-459c-b62e-8d116d9cb687,prca06,likert5,5,1,True,validated,1
4e77f1fc-e0c3-459c-b62e-8d116d9cb687,prca13,likert5,3,3,True,validated,0
4e77f1fc-e0c3-459c-b62e-8d116d9cb687,prca14,likert5,4,2,True,validated,1
4e77f1fc-e0c3-459c-b62e-8d116d9cb687,prca15,likert5,4,4,True,validated,0
4e77f1fc-e0c3-459c-b62e-8d116d9cb687,prca16,likert5,1,5,True,validated,1
4e77f1fc-e0c3-459c-b62e-8d116d9cb687,prca17,likert5,5,1,True,validated,1
4e77f1fc-e0c3-459c-b62e-8d116d9cb687,prca18,likert5,4,4,True,validated,0
71143e21-07a8-4502-a5e6-f64513ec7925,prca01,likert5,5,5,True,validated,0
71143e21-07a8-4502-a5e6-f64513ec7925,prca02,likert5,4,2,True,validated,1
71143e21-07a8-4502-a5e6-f64513ec7925,prca03,likert5,3,3,True,validated,0
71143e21-07a8-4502-a5e6-f64513ec7925,prca04,likert5,4,2,True,validated,1
71143e21-07a8-4502-a5e6-f64513ec7925,prca05,likert5,3,3,True,validated,0
71143e21-07a8-4502-a5e6-f64513ec7925,prca06,likert5,4,2,True,validated,1
71143e21-07a8-4502-a5e6-f64513ec7925,prca13,likert5,4,4,True,validated,0
71143e21-07a8-4502-a5e6-f64513ec7925,prca14,likert5,4,2,True,validated,1
71143e21-07a8-4502-a5e6-f64513ec7925,prca15,likert5,5,5,True,validated,0
71143e21-07a8-4502-a5e6-f64513ec7925,prca16,likert5,5,1,True,validated,1
71143e21-07a8-4502-a5e6-f64513ec7925,prca17,likert5,3,3,True,validated,1
71143e21-07a8-4502-a5e6-f64513ec7925,prca18,likert5,4,4,True,validated,0
69fb5eab-ba92-4c9b-8e4f-60447557cd34,prca01,likert5,4,4,True,validated,0
69fb5eab-ba92-4c9b-8e4f-60447557cd34,prca02,likert5,4,2,True,validated,1
69fb5eab-ba92-4c9b-8e4f-60447557cd34,prca03,likert5,4,4,True,validated,0
69fb5eab-ba92-4c9b-8e4f-60447557cd34,prca04,likert5,3,3,True,validated,1
69fb5eab-ba92-4c9b-8e4f-60447557cd34,prca05,likert5,3,3,True,validated,0
69fb5eab-ba92-4c9b-8e4f-60447557cd34,prca06,likert5,3,3,True,validated,1
69fb5eab-ba92-4c9b-8e4f-60447557cd34,prca13,likert5,4,4,True,validated,0
69fb5eab-ba92-4c9b-8e4f-60447557cd34,prca14,likert5,3,3,True,validated,1
69fb5eab-ba92-4c9b-8e4f-60447557cd34,prca15,likert5,5,5,True,validated,0
69fb5eab-ba92-4c9b-8e4f-60447557cd34,prca16,likert5,4,2,True,validated,1
69fb5eab-ba92-4c9b-8e4f-60447557cd34,prca17,likert5,4,2,True,validated,1
69fb5eab-ba92-4c9b-8e4f-60447557cd34,prca18,likert5,4,4,True,validated,0
c0619b97-192d-4c5b-bc57-4b328323fc72,prca01,likert5,4,4,True,validated,0
c0619b97-192d-4c5b-bc57-4b328323fc72,prca02,likert5,1,5,True,validated,1
c0619b97-192d-4c5b-bc57-4b328323fc72,prca03,likert5,4,4,True,validated,0
c0619b97-192d-4c5b-bc57-4b328323fc72,prca04,likert5,4,2,True,validated,1
c0619b97-192d-4c5b-bc57-4b328323fc72,prca05,likert5,4,4,True,validated,0
c0619b97-192d-4c5b-bc57-4b328323fc72,prca06,likert5,3,3,True,validated,1
c0619b97-192d-4c5b-bc57-4b328323fc72,prca13,likert5,4,4,True,validated,0
c0619b97-192d-4c5b-bc57-4b328323fc72,prca14,likert5,4,2,True,validated,1
c0619b97-192d-4c5b-bc57-4b328323fc72,prca15,likert5,5,5,True,validated,0
c0619b97-192d-4c5b-bc57-4b328323fc72,prca16,likert5,2,4,True,validated,1
c0619b97-192d-4c5b-bc57-4b328323fc72,prca17,likert5,4,2,True,validated,1
c0619b97-192d-4c5b-bc57-4b328323fc72,prca18,likert5,4,4,True,validated,0
170684ad-8cb1-48e7-bd05-9cc07398ec97,prca01,likert5,5,5,True,validated,0
170684ad-8cb1-48e7-bd05-9cc07398ec97,prca02,likert5,4,2,True,validated,1
170684ad-8cb1-48e7-bd05-9cc07398ec97,prca03,likert5,5,5,True,validated,0
170684ad-8cb1-48e7-bd05-9cc07398ec97,prca04,likert5,4,2,True,validated,1
170684ad-8cb1-48e7-bd05-9cc07398ec97,prca05,likert5,5,5,True,validated,0
170684ad-8cb1-48e7-bd05-9cc07398ec97,prca06,likert5,3,3,True,validated,1
170684ad-8cb1-48e7-bd05-9cc07398ec97,prca13,likert5,3,3,True,validated,0
170684ad-8cb1-48e7-bd05-9cc07398ec97,prca14,likert5,4,2,True,validated,1
170684ad-8cb1-48e7-bd05-9cc07398ec97,prca15,likert5,3,3,True,validated,0
170684ad-8cb1-48e7-bd05-9cc07398ec97,prca16,likert5,4,2,True,validated,1
170684ad-8cb1-48e7-bd05-9cc07398ec97,prca17,likert5,4,2,True,validated,1
170684ad-8cb1-48e7-bd05-9cc07398ec97,prca18,likert5,3,3,True,validated,0
b9c32463-d0b1-409d-ad98-338b090f4afb,prca01,likert5,4,4,True,validated,0
b9c32463-d0b1-409d-ad98-338b090f4afb,prca02,likert5,4,2,True,validated,1
b9c32463-d0b1-409d-ad98-338b090f4afb,prca03,likert5,4,4,True,validated,0
b9c32463-d0b1-409d-ad98-338b090f4afb,prca04,likert5,4,2,True,validated,1
b9c32463-d0b1-409d-ad98-338b090f4afb,prca05,likert5,4,4,True,validated,0
b9c32463-d0b1-409d-ad98-338b090f4afb,prca06,likert5,5,1,True,validated,1
b9c32463-d0b1-409d-ad98-338b090f4afb,prca13,likert5,4,4,True,validated,0
b9c32463-d0b1-409d-ad98-338b090f4afb,prca14,likert5,5,1,True,validated,1
b9c32463-d0b1-409d-ad98-338b090f4afb,prca15,likert5,3,3,True,validated,0
b9c32463-d0b1-409d-ad98-338b090f4afb,prca16,likert5,4,2,True,validated,1
b9c32463-d0b1-409d-ad98-338b090f4afb,prca17,likert5,4,2,True,validated,1
b9c32463-d0b1-409d-ad98-338b090f4afb,prca18,likert5,5,5,True,validated,0
4d835bb4-c58f-46c0-bf0d-1237a38e506a,prca01,likert5,4,4,True,validated,0
4d835bb4-c58f-46c0-bf0d-1237a38e506a,prca02,likert5,4,2,True,validated,1
4d835bb4-c58f-46c0-bf0d-1237a38e506a,prca03,likert5,4,4,True,validated,0
4d835bb4-c58f-46c0-bf0d-1237a38e506a,prca04,likert5,4,2,True,validated,1
4d835bb4-c58f-46c0-bf0d-1237a38e506a,prca05,likert5,4,4,True,validated,0
4d835bb4-c58f-46c0-bf0d-1237a38e506a,prca06,likert5,5,1,True,validated,1
4d835bb4-c58f-46c0-bf0d-1237a38e506a,prca13,likert5,4,4,True,validated,0
4d835bb4-c58f-46c0-bf0d-1237a38e506a,prca14,likert5,4,2,True,validated,1
4d835bb4-c58f-46c0-bf0d-1237a38e506a,prca15,likert5,3,3,True,validated,0
4d835bb4-c58f-46c0-bf0d-1237a38e506a,prca16,likert5,3,3,True,validated,1
4d835bb4-c58f-46c0-bf0d-1237a38e506a,prca17,likert5,3,3,True,validated,1
4d835bb4-c58f-46c0-bf0d-1237a38e506a,prca18,likert5,3,3,True,validated,0
59aab1ee-9e64-405f-8368-887bdb1b4983,prca01,likert5,4,4,True,validated,0
59aab1ee-9e64-405f-8368-887bdb1b4983,prca02,likert5,4,2,True,validated,1
59aab1ee-9e64-405f-8368-887bdb1b4983,prca03,likert5,3,3,True,validated,0
59aab1ee-9e64-405f-8368-887bdb1b4983,prca04,likert5,4,2,True,validated,1
59aab1ee-9e64-405f-8368-887bdb1b4983,prca05,likert5,4,4,True,validated,0
59aab1ee-9e64-405f-8368-887bdb1b4983,prca06,likert5,4,2,True,validated,1
59aab1ee-9e64-405f-8368-887bdb1b4983,prca13,likert5,4,4,True,validated,0
59aab1ee-9e64-405f-8368-887bdb1b4983,prca14,likert5,3,3,True,validated,1
59aab1ee-9e64-405f-8368-887bdb1b4983,prca15,likert5,4,4,True,validated,0
59aab1ee-9e64-405f-8368-887bdb1b4983,prca16,likert5,3,3,True,validated,1
59aab1ee-9e64-405f-8368-887bdb1b4983,prca17,likert5,5,1,True,validated,1
59aab1ee-9e64-405f-8368-887bdb1b4983,prca18,likert5,2,2,True,validated,0
db4c2c4c-50c1-49b4-9735-fcbbbd4a3a45,prca01,likert5,4,4,True,validated,0
db4c2c4c-50c1-49b4-9735-fcbbbd4a3a45,prca02,likert5,4,2,True,validated,1
db4c2c4c-50c1-49b4-9735-fcbbbd4a3a45,prca03,likert5,4,4,True,validated,0
db4c2c4c-50c1-49b4-9735-fcbbbd4a3a45,prca04,likert5,3,3,True,validated,1
db4c2c4c-50c1-49b4-9735-fcbbbd4a3a45,prca05,likert5,3,3,True,validated,0
db4c2c4c-50c1-49b4-9735-fcbbbd4a3a45,prca06,likert5,4,2,True,validated,1
db4c2c4c-50c1-49b4-9735-fcbbbd4a3a45,prca13,likert5,4,4,True,validated,0
db4c2c4c-50c1-49b4-9735-fcbbbd4a3a45,prca14,likert5,3,3,True,validated,1
db4c2c4c-50c1-49b4-9735-fcbbbd4a3a45,prca15,likert5,4,4,True,validated,0
db4c2c4c-50c1-49b4-9735-fcbbbd4a3a45,prca16,likert5,4,2,True,validated,1
db4c2c4c-50c1-49b4-9735-fcbbbd4a3a45,prca17,likert5,3,3,True,validated,1
db4c2c4c-50c1-49b4-9735-fcbbbd4a3a45,prca18,likert5,4,4,True,validated,0
446f442b-e467-4767-a14d-3a853e649a58,prca01,likert5,3,3,True,validated,0
446f442b-e467-4767-a14d-3a853e649a58,prca02,likert5,4,2,True,validated,1
446f442b-e467-4767-a14d-3a853e649a58,prca03,likert5,3,3,True,validated,0
446f442b-e467-4767-a14d-3a853e649a58,prca04,likert5,3,3,True,validated,1
446f442b-e467-4767-a14d-3a853e649a58,prca05,likert5,3,3,True,validated,0
446f442b-e467-4767-a14d-3a853e649a58,prca06,likert5,5,1,True,validated,1
446f442b-e467-4767-a14d-3a853e649a58,prca13,likert5,4,4,True,validated,0
446f442b-e467-4767-a14d-3a853e649a58,prca14,likert5,4,2,True,validated,1
446f442b-e467-4767-a14d-3a853e649a58,prca15,likert5,4,4,True,validated,0
446f442b-e467-4767-a14d-3a853e649a58,prca16,likert5,3,3,True,validated,1
446f442b-e467-4767-a14d-3a853e649a58,prca17,likert5,3,3,True,validated,1
446f442b-e467-4767-a14d-3a853e649a58,prca18,likert5,3,3,True,validated,0
f9d2601c-db90-4c04-9b27-e211532e2825,prca01,likert5,3,3,True,validated,0
f9d2601c-db90-4c04-9b27-e211532e2825,prca02,likert5,4,2,True,validated,1
f9d2601c-db90-4c04-9b27-e211532e2825,prca03,likert5,3,3,True,validated,0
f9d2601c-db90-4c04-9b27-e211532e2825,prca04,likert5,3,3,True,validated,1
f9d2601c-db90-4c04-9b27-e211532e2825,prca05,likert5,4,4,True,validated,0
f9d2601c-db90-4c04-9b27-e211532e2825,prca06,likert5,3,3,True,validated,1
f9d2601c-db90-4c04-9b27-e211532e2825,prca13,likert5,3,3,True,validated,0
f9d2601c-db90-4c04-9b27-e211532e2825,prca14,likert5,3,3,True,validated,1
f9d2601c-db90-4c04-9b27-e211532e2825,prca15,likert5,4,4,True,validated,0
f9d2601c-db90-4c04-9b27-e211532e2825,prca16,likert5,3,3,True,validated,1
f9d2601c-db90-4c04-9b27-e211532e2825,prca17,likert5,3,3,True,validated,1
f9d2601c-db90-4c04-9b27-e211532e2825,prca18,likert5,4,4,True,validated,0
9b000c27-0b2a-4e48-a00a-dd80aae9a2ea,prca01,likert5,3,3,True,validated,0
9b000c27-0b2a-4e48-a00a-dd80aae9a2ea,prca02,likert5,3,3,True,validated,1
9b000c27-0b2a-4e48-a00a-dd80aae9a2ea,prca03,likert5,4,4,True,validated,0
9b000c27-0b2a-4e48-a00a-dd80aae9a2ea,prca04,likert5,4,2,True,validated,1
9b000c27-0b2a-4e48-a00a-dd80aae9a2ea,prca05,likert5,4,4,True,validated,0
9b000c27-0b2a-4e48-a00a-dd80aae9a2ea,prca06,likert5,4,2,True,validated,1
9b000c27-0b2a-4e48-a00a-dd80aae9a2ea,prca13,likert5,3,3,True,validated,0
9b000c27-0b2a-4e48-a00a-dd80aae9a2ea,prca14,likert5,5,1,True,validated,1
9b000c27-0b2a-4e48-a00a-dd80aae9a2ea,prca15,likert5,3,3,True,validated,0
9b000c27-0b2a-4e48-a00a-dd80aae9a2ea,prca16,likert5,4,2,True,validated,1
9b000c27-0b2a-4e48-a00a-dd80aae9a2ea,prca17,likert5,5,1,True,validated,1
9b000c27-0b2a-4e48-a00a-dd80aae9a2ea,prca18,likert5,4,4,True,validated,0
06265089-6152-499b-b207-344d1916535e,prca01,likert5,4,4,True,validated,0
06265089-6152-499b-b207-344d1916535e,prca02,likert5,5,1,True,validated,1
06265089-6152-499b-b207-344d1916535e,prca03,likert5,4,4,True,validated,0
06265089-6152-499b-b207-344d1916535e,prca04,likert5,4,2,True,validated,1
06265089-6152-499b-b207-344d1916535e,prca05,likert5,4,4,True,validated,0
06265089-6152-499b-b207-344d1916535e,prca06,likert5,5,1,True,validated,1
06265089-6152-499b-b207-344d1916535e,prca13,likert5,3,3,True,validated,0
06265089-6152-499b-b207-344d1916535e,prca14,likert5,4,2,True,validated,1
06265089-6152-499b-b207-344d1916535e,prca15,likert5,5,5,True,validated,0
06265089-6152-499b-b207-344d1916535e,prca16,likert5,4,2,True,validated,1
06265089-6152-499b-b207-344d1916535e,prca17,likert5,2,4,True,validated,1
06265089-6152-499b-b207-344d1916535e,prca18,likert5,5,5,True,validated,0
36705d58-9e34-4165-97d2-e29621e1be34,prca01,likert5,4,4,True,validated,0
36705d58-9e34-4165-97d2-e29621e1be34,prca02,likert5,5,1,True,validated,1
36705d58-9e34-4165-97d2-e29621e1be34,prca03,likert5,3,3,True,validated,0
36705d58-9e34-4165-97d2-e29621e1be34,prca04,likert5,4,2,True,validated,1
36705d58-9e34-4165-97d2-e29621e1be34,prca05,likert5,4,4,True,validated,0
36705d58-9e34-4165-97d2-e29621e1be34,prca06,likert5,4,2,True,validated,1
36705d58-9e34-4165-97d2-e29621e1be34,prca13,likert5,3,3,True,validated,0
36705d58-9e34-4165-97d2-e29621e1be34,prca14,likert5,4,2,True,validated,1
36705d58-9e34-4165-97d2-e29621e1be34,prca15,likert5,2,2,True,validated,0
36705d58-9e34-4165-97d2-e29621e1be34,prca16,likert5,3,3,True,validated,1
36705d58-9e34-4165-97d2-e29621e1be34,prca17,likert5,3,3,True,validated,1
36705d58-9e34-4165-97d2-e29621e1be34,prca18,likert5,3,3,True,validated,0
72d2fa56-a497-4ba1-8832-bda7dd2747c3,prca01,likert5,4,4,True,validated,0
72d2fa56-a497-4ba1-8832-bda7dd2747c3,prca02,likert5,4,2,True,validated,1
72d2fa56-a497-4ba1-8832-bda7dd2747c3,prca03,likert5,4,4,True,validated,0
72d2fa56-a497-4ba1-8832-bda7dd2747c3,prca04,likert5,4,2,True,validated,1
72d2fa56-a497-4ba1-8832-bda7dd2747c3,prca05,likert5,4,4,True,validated,0
72d2fa56-a497-4ba1-8832-bda7dd2747c3,prca06,likert5,4,2,True,validated,1
72d2fa56-a497-4ba1-8832-bda7dd2747c3,prca13,likert5,3,3,True,validated,0
72d2fa56-a497-4ba1-8832-bda7dd2747c3,prca14,likert5,5,1,True,validated,1
72d2fa56-a497-4ba1-8832-bda7dd2747c3,prca15,likert5,4,4,True,validated,0
72d2fa56-a497-4ba1-8832-bda7dd2747c3,prca16,likert5,3,3,True,validated,1
72d2fa56-a497-4ba1-8832-bda7dd2747c3,prca17,likert5,1,5,True,validated,1
72d2fa56-a497-4ba1-8832-bda7dd2747c3,prca18,likert5,4,4,True,validated,0
dbe08ba3-7e5e-48f8-9d63-300253c7d322,prca01,likert5,4,4,True,validated,0
dbe08ba3-7e5e-48f8-9d63-300253c7d322,prca02,likert5,4,2,True,validated,1
dbe08ba3-7e5e-48f8-9d63-300253c7d322,prca03,likert5,4,4,True,validated,0
dbe08ba3-7e5e-48f8-9d63-300253c7d322,prca04,likert5,4,2,True,validated,1
dbe08ba3-7e5e-48f8-9d63-300253c7d322,prca05,likert5,4,4,True,validated,0
dbe08ba3-7e5e-48f8-9d63-300253c7d322,prca06,likert5,4,2,True,validated,1
dbe08ba3-7e5e-48f8-9d63-300253c7d322,prca13,likert5,3,3,True,validated,0
dbe08ba3-7e5e-48f8-9d63-300253c7d322,prca14,likert5,3,3,True,validated,1
dbe08ba3-7e5e-48f8-9d63-300253c7d322,prca15,likert5,4,4,True,validated,0
dbe08ba3-7e5e-48f8-9d63-300253c7d322,prca16,likert5,4,2,True,validated,1
dbe08ba3-7e5e-48f8-9d63-300253c7d322,prca17,likert5,5,1,True,validated,1
dbe08ba3-7e5e-48f8-9d63-300253c7d322,prca18,likert5,4,4,True,validated,0
12d7ff87-2787-4e90-8ad4-a2716a9e0da2,prca01,likert5,4,4,True,validated,0
12d7ff87-2787-4e90-8ad4-a2716a9e0da2,prca02,likert5,3,3,True,validated,1
12d7ff87-2787-4e90-8ad4-a2716a9e0da2,prca03,likert5,4,4,True,validated,0
12d7ff87-2787-4e90-8ad4-a2716a9e0da2,prca04,likert5,4,2,True,validated,1
12d7ff87-2787-4e90-8ad4-a2716a9e0da2,prca05,likert5,3,3,True,validated,0
12d7ff87-2787-4e90-8ad4-a2716a9e0da2,prca06,likert5,3,3,True,validated,1
12d7ff87-2787-4e90-8ad4-a2716a9e0da2,prca13,likert5,3,3,True,validated,0
12d7ff87-2787-4e90-8ad4-a2716a9e0da2,prca14,likert5,2,4,True,validated,1
12d7ff87-2787-4e90-8ad4-a2716a9e0da2,prca15,likert5,4,4,True,validated,0
12d7ff87-2787-4e90-8ad4-a2716a9e0da2,prca16,likert5,4,2,True,validated,1
12d7ff87-2787-4e90-8ad4-a2716a9e0da2,prca17,likert5,4,2,True,validated,1
12d7ff87-2787-4e90-8ad4-a2716a9e0da2,prca18,likert5,5,5,True,validated,0
d9718d12-19e2-45d9-b58b-82300e875a5c,prca01,likert5,3,3,True,validated,0
d9718d12-19e2-45d9-b58b-82300e875a5c,prca02,likert5,3,3,True,validated,1
d9718d12-19e2-45d9-b58b-82300e875a5c,prca03,likert5,4,4,True,validated,0
d9718d12-19e2-45d9-b58b-82300e875a5c,prca04,likert5,4,2,True,validated,1
d9718d12-19e2-45d9-b58b-82300e875a5c,prca05,likert5,4,4,True,validated,0
d9718d12-19e2-45d9-b58b-82300e875a5c,prca06,likert5,4,2,True,validated,1
d9718d12-19e2-45d9-b58b-82300e875a5c,prca13,likert5,3,3,True,validated,0
d9718d12-19e2-45d9-b58b-82300e875a5c,prca14,likert5,4,2,True,validated,1
d9718d12-19e2-45d9-b58b-82300e875a5c,prca15,likert5,5,5,True,validated,0
d9718d12-19e2-45d9-b58b-82300e875a5c,prca16,likert5,5,1,True,validated,1
d9718d12-19e2-45d9-b58b-82300e875a5c,prca17,likert5,4,2,True,validated,1
d9718d12-19e2-45d9-b58b-82300e875a5c,prca18,likert5,3,3,True,validated,0
daf1821d-3c36-4942-aafd-10b7333c28e8,prca01,likert5,4,4,True,validated,0
daf1821d-3c36-4942-aafd-10b7333c28e8,prca02,likert5,4,2,True,validated,1
daf1821d-3c36-4942-aafd-10b7333c28e8,prca03,likert5,4,4,True,validated,0
daf1821d-3c36-4942-aafd-10b7333c28e8,prca04,likert5,3,3,True,validated,1
daf1821d-3c36-4942-aafd-10b7333c28e8,prca05,likert5,3,3,True,validated,0
daf1821d-3c36-4942-aafd-10b7333c28e8,prca06,likert5,4,2,True,validated,1
daf1821d-3c36-4942-aafd-10b7333c28e8,prca13,likert5,4,4,True,validated,0
daf1821d-3c36-4942-aafd-10b7333c28e8,prca14,likert5,2,4,True,validated,1
daf1821d-3c36-4942-aafd-10b7333c28e8,prca15,likert5,3,3,True,validated,0
daf1821d-3c36-4942-aafd-10b7333c28e8,prca16,likert5,4,2,True,validated,1
daf1821d-3c36-4942-aafd-10b7333c28e8,prca17,likert5,3,3,True,validated,1
daf1821d-3c36-4942-aafd-10b7333c28e8,prca18,likert5,3,3,True,validated,0
6de6f806-5135-42db-a6fc-4c4b969ab38a,prca01,likert5,4,4,True,validated,0
6de6f806-5135-42db-a6fc-4c4b969ab38a,prca02,likert5,1,5,True,validated,1
6de6f806-5135-42db-a6fc-4c4b969ab38a,prca03,likert5,3,3,True,validated,0
6de6f806-5135-42db-a6fc-4c4b969ab38a,prca04,likert5,3,3,True,validated,1
6de6f806-5135-42db-a6fc-4c4b969ab38a,prca05,likert5,3,3,True,validated,0
6de6f806-5135-42db-a6fc-4c4b969ab38a,prca06,likert5,4,2,True,validated,1
6de6f806-5135-42db-a6fc-4c4b969ab38a,prca13,likert5,4,4,True,validated,0
6de6f806-5135-42db-a6fc-4c4b969ab38a,prca14,likert5,4,2,True,validated,1
6de6f806-5135-42db-a6fc-4c4b969ab38a,prca15,likert5,3,3,True,validated,0
6de6f806-5135-42db-a6fc-4c4b969ab38a,prca16,likert5,5,1,True,validated,1
6de6f806-5135-42db-a6fc-4c4b969ab38a,prca17,likert5,4,2,True,validated,1
6de6f806-5135-42db-a6fc-4c4b969ab38a,prca18,likert5,4,4,True,validated,0
34346592-df56-4b13-b21c-ee024f27883f,prca01,likert5,4,4,True,validated,0
34346592-df56-4b13-b21c-ee024f27883f,prca02,likert5,3,3,True,validated,1
34346592-df56-4b13-b21c-ee024f27883f,prca03,likert5,3,3,True,validated,0
34346592-df56-4b13-b21c-ee024f27883f,prca04,likert5,5,1,True,validated,1
34346592-df56-4b13-b21c-ee024f27883f,prca05,likert5,4,4,True,validated,0
34346592-df56-4b13-b21c-ee024f27883f,prca06,likert5,4,2,True,validated,1
34346592-df56-4b13-b21c-ee024f27883f,prca13,likert5,3,3,True,validated,0
34346592-df56-4b13-b21c-ee024f27883f,prca14,likert5,3,3,True,validated,1
34346592-df56-4b13-b21c-ee024f27883f,prca15,likert5,4,4,True,validated,0
34346592-df56-4b13-b21c-ee024f27883f,prca16,likert5,4,2,True,validated,1
34346592-df56-4b13-b21c-ee024f27883f,prca17,likert5,5,1,True,validated,1
34346592-df56-4b13-b21c-ee024f27883f,prca18,likert5,4,4,True,validated,0
24a96a6e-5878-445f-9971-82e3656da726,prca01,likert5,4,4,True,validated,0
24a96a6e-5878-445f-9971-82e3656da726,prca02,likert5,4,2,True,validated,1
24a96a6e-5878-445f-9971-82e3656da726,prca03,likert5,3,3,True,validated,0
24a96a6e-5878-445f-9971-82e3656da726,prca04,likert5,4,2,True,validated,1
24a96a6e-5878-445f-9971-82e3656da726,prca05,likert5,5,5,True,validated,0
24a96a6e-5878-445f-9971-82e3656da726,prca06,likert5,4,2,True,validated,1
24a96a6e-5878-445f-9971-82e3656da726,prca13,likert5,4,4,True,validated,0
24a96a6e-5878-445f-9971-82e3656da726,prca14,likert5,4,2,True,validated,1
24a96a6e-5878-445f-9971-82e3656da726,prca15,likert5,2,2,True,validated,0
24a96a6e-5878-445f-9971-82e3656da726,prca16,likert5,4,2,True,validated,1
24a96a6e-5878-445f-9971-82e3656da726,prca17,likert5,2,4,True,validated,1
24a96a6e-5878-445f-9971-82e3656da726,prca18,likert5,5,5,True,validated,0
94192f69-30ae-4791-aca2-7ede91de9885,prca01,likert5,3,3,True,validated,0
94192f69-30ae-4791-aca2-7ede91de9885,prca02,likert5,3,3,True,validated,1
94192f69-30ae-4791-aca2-7ede91de9885,prca03,likert5,4,4,True,validated,0
94192f69-30ae-4791-aca2-7ede91de9885,prca04,likert5,4,2,True,validated,1
94192f69-30ae-4791-aca2-7ede91de9885,prca05,likert5,3,3,True,validated,0
94192f69-30ae-4791-aca2-7ede91de9885,prca06,likert5,4,2,True,validated,1
94192f69-30ae-4791-aca2-7ede91de9885,prca13,likert5,3,3,True,validated,0
94192f69-30ae-4791-aca2-7ede91de9885,prca14,likert5,5,1,True,validated,1
94192f69-30ae-4791-aca2-7ede91de9885,prca15,likert5,4,4,True,validated,0
94192f69-30ae-4791-aca2-7ede91de9885,prca16,likert5,4,2,True,validated,1
94192f69-30ae-4791-aca2-7ede91de9885,prca17,likert5,3,3,True,validated,1
94192f69-30ae-4791-aca2-7ede91de9885,prca18,likert5,3,3,True,validated,0
e6807a41-4ff9-4480-a678-dfaa0e8afeed,prca01,likert5,3,3,True,validated,0
e6807a41-4ff9-4480-a678-dfaa0e8afeed,prca02,likert5,3,3,True,validated,1
e6807a41-4ff9-4480-a678-dfaa0e8afeed,prca03,likert5,5,5,True,validated,0
e6807a41-4ff9-4480-a678-dfaa0e8afeed,prca04,likert5,4,2,True,validated,1
e6807a41-4ff9-4480-a678-dfaa0e8afeed,prca05,likert5,4,4,True,validated,0
e6807a41-4ff9-4480-a678-dfaa0e8afeed,prca06,likert5,5,1,True,validated,1
e6807a41-4ff9-4480-a678-dfaa0e8afeed,prca13,likert5,4,4,True,validated,0
e6807a41-4ff9-4480-a678-dfaa0e8afeed,prca14,likert5,4,2,True,validated,1
e6807a41-4ff9-4480-a678-dfaa0e8afeed,prca15,likert5,5,5,True,validated,0
e6807a41-4ff9-4480-a678-dfaa0e8afeed,prca16,likert5,4,2,True,validated,1
e6807a41-4ff9-4480-a678-dfaa0e8afeed,prca17,likert5,4,2,True,validated,1
e6807a41-4ff9-4480-a678-dfaa0e8afeed,prca18,likert5,4,4,True,validated,0
755d4d15-53ce-484c-9782-4955eafa1a24,prca01,likert5,2,2,True,validated,0
755d4d15-53ce-484c-9782-4955eafa1a24,prca02,likert5,4,2,True,validated,1
755d4d15-53ce-484c-9782-4955eafa1a24,prca03,likert5,4,4,True,validated,0
755d4d15-53ce-484c-9782-4955eafa1a24,prca04,likert5,5,1,True,validated,1
755d4d15-53ce-484c-9782-4955eafa1a24,prca05,likert5,3,3,True,validated,0
755d4d15-53ce-484c-9782-4955eafa1a24,prca06,likert5,3,3,True,validated,1
755d4d15-53ce-484c-9782-4955eafa1a24,prca13,likert5,1,1,True,validated,0
755d4d15-53ce-484c-9782-4955eafa1a24,prca14,likert5,4,2,True,validated,1
755d4d15-53ce-484c-9782-4955eafa1a24,prca15,likert5,4,4,True,validated,0
755d4d15-53ce-484c-9782-4955eafa1a24,prca16,likert5,3,3,True,validated,1
755d4d15-53ce-484c-9782-4955eafa1a24,prca17,likert5,5,1,True,validated,1
755d4d15-53ce-484c-9782-4955eafa1a24,prca18,likert5,4,4,True,validated,0
2e0b2b33-e41e-477d-a223-f43957d034b0,prca01,likert5,4,4,True,validated,0
2e0b2b33-e41e-477d-a223-f43957d034b0,prca02,likert5,3,3,True,validated,1
2e0b2b33-e41e-477d-a223-f43957d034b0,prca03,likert5,3,3,True,validated,0
2e0b2b33-e41e-477d-a223-f43957d034b0,prca04,likert5,4,2,True,validated,1
2e0b2b33-e41e-477d-a223-f43957d034b0,prca05,likert5,4,4,True,validated,0
2e0b2b33-e41e-477d-a223-f43957d034b0,prca06,likert5,3,3,True,validated,1
2e0b2b33-e41e-477d-a223-f43957d034b0,prca13,likert5,4,4,True,validated,0
2e0b2b33-e41e-477d-a223-f43957d034b0,prca14,likert5,3,3,True,validated,1
2e0b2b33-e41e-477d-a223-f43957d034b0,prca15,likert5,4,4,True,validated,0
2e0b2b33-e41e-477d-a223-f43957d034b0,prca16,likert5,4,2,True,validated,1
2e0b2b33-e41e-477d-a223-f43957d034b0,prca17,likert5,3,3,True,validated,1
2e0b2b33-e41e-477d-a223-f43957d034b0,prca18,likert5,4,4,True,validated,0
4aaa8749-da6f-455c-8371-feb4e2fe9ec9,prca01,likert5,3,3,True,validated,0
4aaa8749-da6f-455c-8371-feb4e2fe9ec9,prca02,likert5,4,2,True,validated,1
4aaa8749-da6f-455c-8371-feb4e2fe9ec9,prca03,likert5,3,3,True,validated,0
4aaa8749-da6f-455c-8371-feb4e2fe9ec9,prca04,likert5,4,2,True,validated,1
4aaa8749-da6f-455c-8371-feb4e2fe9ec9,prca05,likert5,4,4,True,validated,0
4aaa8749-da6f-455c-8371-feb4e2fe9ec9,prca06,likert5,4,2,True,validated,1
4aaa8749-da6f-455c-8371-feb4e2fe9ec9,prca13,likert5,3,3,True,validated,0
4aaa8749-da6f-455c-8371-feb4e2fe9ec9,prca14,likert5,5,1,True,validated,1
4aaa8749-da6f-455c-8371-feb4e2fe9ec9,prca15,likert5,3,3,True,validated,0
4aaa8749-da6f-455c-8371-feb4e2fe9ec9,prca16,likert5,3,3,True,validated,1
4aaa8749-da6f-455c-8371-feb4e2fe9ec9,prca17,likert5,3,3,True,validated,1
4aaa8749-da6f-455c-8371-feb4e2fe9ec9,prca18,likert5,4,4,True,validated,0
874d0744-bcbe-41b6-a3c6-ab0c8826463d,prca01,likert5,4,4,True,validated,0
874d0744-bcbe-41b6-a3c6-ab0c8826463d,prca02,likert5,3,3,True,validated,1
874d0744-bcbe-41b6-a3c6-ab0c8826463d,prca03,likert5,3,3,True,validated,0
874d0744-bcbe-41b6-a3c6-ab0c8826463d,prca04,likert5,5,1,True,validated,1
874d0744-bcbe-41b6-a3c6-ab0c8826463d,prca05,likert5,4,4,True,validated,0
874d0744-bcbe-41b6-a3c6-ab0c8826463d,prca06,likert5,4,2,True,validated,1
874d0744-bcbe-41b6-a3c6-ab0c8826463d,prca13,likert5,4,4,True,validated,0
874d0744-bcbe-41b6-a3c6-ab0c8826463d,prca14,likert5,4,2,True,validated,1
874d0744-bcbe-41b6-a3c6-ab0c8826463d,prca15,likert5,3,3,True,validated,0
874d0744-bcbe-41b6-a3c6-ab0c8826463d,prca16,likert5,3,3,True,validated,1
874d0744-bcbe-41b6-a3c6-ab0c8826463d,prca17,likert5,4,2,True,validated,1
874d0744-bcbe-41b6-a3c6-ab0c8826463d,prca18,likert5,3,3,True,validated,0
710f1d2a-46ae-471e-93de-b441e5676b2c,prca01,likert5,4,4,True,validated,0
710f1d2a-46ae-471e-93de-b441e5676b2c,prca02,likert5,4,2,True,validated,1
710f1d2a-46ae-471e-93de-b441e5676b2c,prca03,likert5,4,4,True,validated,0
710f1d2a-46ae-471e-93de-b441e5676b2c,prca04,likert5,4,2,True,validated,1
710f1d2a-46ae-471e-93de-b441e5676b2c,prca05,likert5,4,4,True,validated,0
710f1d2a-46ae-471e-93de-b441e5676b2c,prca06,likert5,4,2,True,validated,1
710f1d2a-46ae-471e-93de-b441e5676b2c,prca13,likert5,4,4,True,validated,0
710f1d2a-46ae-471e-93de-b441e5676b2c,prca14,likert5,4,2,True,validated,1
710f1d2a-46ae-471e-93de-b441e5676b2c,prca15,likert5,4,4,True,validated,0
710f1d2a-46ae-471e-93de-b441e5676b2c,prca16,likert5,4,2,True,validated,1
710f1d2a-46ae-471e-93de-b441e5676b2c,prca17,likert5,4,2,True,validated,1
710f1d2a-46ae-471e-93de-b441e5676b2c,prca18,likert5,5,5,True,validated,0
06249531-d592-4df9-ad28-9b23be0b4f7c,prca01,likert5,4,4,True,validated,0
06249531-d592-4df9-ad28-9b23be0b4f7c,prca02,likert5,4,2,True,validated,1
06249531-d592-4df9-ad28-9b23be0b4f7c,prca03,likert5,4,4,True,validated,0
06249531-d592-4df9-ad28-9b23be0b4f7c,prca04,likert5,5,1,True,validated,1
06249531-d592-4df9-ad28-9b23be0b4f7c,prca05,likert5,4,4,True,validated,0
06249531-d592-4df9-ad28-9b23be0b4f7c,prca06,likert5,4,2,True,validated,1
06249531-d592-4df9-ad28-9b23be0b4f7c,prca13,likert5,5,5,True,validated,0
06249531-d592-4df9-ad28-9b23be0b4f7c,prca14,likert5,4,2,True,validated,1
06249531-d592-4df9-ad28-9b23be0b4f7c,prca15,likert5,4,4,True,validated,0
06249531-d592-4df9-ad28-9b23be0b4f7c,prca16,likert5,4,2,True,validated,1
06249531-d592-4df9-ad28-9b23be0b4f7c,prca17,likert5,4,2,True,validated,1
06249531-d592-4df9-ad28-9b23be0b4f7c,prca18,likert5,4,4,True,validated,0
a45f0ac9-6759-4fa0-98f3-02dac3aa5e6d,prca01,likert5,3,3,True,validated,0
a45f0ac9-6759-4fa0-98f3-02dac3aa5e6d,prca02,likert5,2,4,True,validated,1
a45f0ac9-6759-4fa0-98f3-02dac3aa5e6d,prca03,likert5,4,4,True,validated,0
a45f0ac9-6759-4fa0-98f3-02dac3aa5e6d,prca04,likert5,4,2,True,validated,1
a45f0ac9-6759-4fa0-98f3-02dac3aa5e6d,prca05,likert5,4,4,True,validated,0
a45f0ac9-6759-4fa0-98f3-02dac3aa5e6d,prca06,likert5,4,2,True,validated,1
a45f0ac9-6759-4fa0-98f3-02dac3aa5e6d,prca13,likert5,4,4,True,validated,0
a45f0ac9-6759-4fa0-98f3-02dac3aa5e6d,prca14,likert5,4,2,True,validated,1
a45f0ac9-6759-4fa0-98f3-02dac3aa5e6d,prca15,likert5,3,3,True,validated,0
a45f0ac9-6759-4fa0-98f3-02dac3aa5e6d,prca16,likert5,4,2,True,validated,1
a45f0ac9-6759-4fa0-98f3-02dac3aa5e6d,prca17,likert5,4,2,True,validated,1
a45f0ac9-6759-4fa0-98f3-02dac3aa5e6d,prca18,likert5,2,2,True,validated,0
9ef3b916-f407-427a-a160-ccc76024e69d,prca01,likert5,4,4,True,validated,0
9ef3b916-f407-427a-a160-ccc76024e69d,prca02,likert5,4,2,True,validated,1
9ef3b916-f407-427a-a160-ccc76024e69d,prca03,likert5,4,4,True,validated,0
9ef3b916-f407-427a-a160-ccc76024e69d,prca04,likert5,4,2,True,validated,1
9ef3b916-f407-427a-a160-ccc76024e69d,prca05,likert5,4,4,True,validated,0
9ef3b916-f407-427a-a160-ccc76024e69d,prca06,likert5,4,2,True,validated,1
9ef3b916-f407-427a-a160-ccc76024e69d,prca13,likert5,4,4,True,validated,0
9ef3b916-f407-427a-a160-ccc76024e69d,prca14,likert5,5,1,True,validated,1
9ef3b916-f407-427a-a160-ccc76024e69d,prca15,likert5,4,4,True,validated,0
9ef3b916-f407-427a-a160-ccc76024e69d,prca16,likert5,5,1,True,validated,1
9ef3b916-f407-427a-a160-ccc76024e69d,prca17,likert5,4,2,True,validated,1
9ef3b916-f407-427a-a160-ccc76024e69d,prca18,likert5,4,4,True,validated,0
4c2f11d3-221f-4bf7-8eeb-8396f9e465b4,prca01,likert5,3,3,True,validated,0
4c2f11d3-221f-4bf7-8eeb-8396f9e465b4,prca02,likert5,3,3,True,validated,1
4c2f11d3-221f-4bf7-8eeb-8396f9e465b4,prca03,likert5,4,4,True,validated,0
4c2f11d3-221f-4bf7-8eeb-8396f9e465b4,prca04,likert5,4,2,True,validated,1
4c2f11d3-221f-4bf7-8eeb-8396f9e465b4,prca05,likert5,4,4,True,validated,0
4c2f11d3-221f-4bf7-8eeb-8396f9e465b4,prca06,likert5,4,2,True,validated,1
4c2f11d3-221f-4bf7-8eeb-8396f9e465b4,prca13,likert5,5,5,True,validated,0
4c2f11d3-221f-4bf7-8eeb-8396f9e465b4,prca14,likert5,3,3,True,validated,1
4c2f11d3-221f-4bf7-8eeb-8396f9e465b4,prca15,likert5,3,3,True,validated,0
4c2f11d3-221f-4bf7-8eeb-8396f9e465b4,prca16,likert5,4,2,True,validated,1
4c2f11d3-221f-4bf7-8eeb-8396f9e465b4,prca17,likert5,3,3,True,validated,1
4c2f11d3-221f-4bf7-8eeb-8396f9e465b4,prca18,likert5,3,3,True,validated,0
ab842286-ed29-451d-b4ad-26b9cdd919ab,prca01,likert5,3,3,True,validated,0
ab842286-ed29-451d-b4ad-26b9cdd919ab,prca02,likert5,4,2,True,validated,1
ab842286-ed29-451d-b4ad-26b9cdd919ab,prca03,likert5,4,4,True,validated,0
ab842286-ed29-451d-b4ad-26b9cdd919ab,prca04,likert5,5,1,True,validated,1
ab842286-ed29-451d-b4ad-26b9cdd919ab,prca05,likert5,3,3,True,validated,0
ab842286-ed29-451d-b4ad-26b9cdd919ab,prca06,likert5,4,2,True,validated,1
ab842286-ed29-451d-b4ad-26b9cdd919ab,prca13,likert5,4,4,True,validated,0
ab842286-ed29-451d-b4ad-26b9cdd919ab,prca14,likert5,3,3,True,validated,1
ab842286-ed29-451d-b4ad-26b9cdd919ab,prca15,likert5,4,4,True,validated,0
ab842286-ed29-451d-b4ad-26b9cdd919ab,prca16,likert5,3,3,True,validated,1
ab842286-ed29-451d-b4ad-26b9cdd919ab,prca17,likert5,4,2,True,validated,1
ab842286-ed29-451d-b4ad-26b9cdd919ab,prca18,likert5,4,4,True,validated,0
67d6ba06-b733-4f98-9586-109041e6f811,prca01,likert5,3,3,True,validated,0
67d6ba06-b733-4f98-9586-109041e6f811,prca02,likert5,4,2,True,validated,1
67d6ba06-b733-4f98-9586-109041e6f811,prca03,likert5,4,4,True,validated,0
67d6ba06-b733-4f98-9586-109041e6f811,prca04,likert5,4,2,True,validated,1
67d6ba06-b733-4f98-9586-109041e6f811,prca05,likert5,4,4,True,validated,0
67d6ba06-b733-4f98-9586-109041e6f811,prca06,likert5,3,3,True,validated,1
67d6ba06-b733-4f98-9586-109041e6f811,prca13,likert5,4,4,True,validated,0
67d6ba06-b733-4f98-9586-109041e6f811,prca14,likert5,3,3,True,validated,1
67d6ba06-b733-4f98-9586-109041e6f811,prca15,likert5,3,3,True,validated,0
67d6ba06-b733-4f98-9586-109041e6f811,prca16,likert5,4,2,True,validated,1
67d6ba06-b733-4f98-9586-109041e6f811,prca17,likert5,4,2,True,validated,1
67d6ba06-b733-4f98-9586-109041e6f811,prca18,likert5,3,3,True,validated,0
08e72324-ebf3-4e51-99c1-69074aca2fc9,prca01,likert5,5,5,True,validated,0
08e72324-ebf3-4e51-99c1-69074aca2fc9,prca02,likert5,4,2,True,validated,1
08e72324-ebf3-4e51-99c1-69074aca2fc9,prca03,likert5,3,3,True,validated,0
08e72324-ebf3-4e51-99c1-69074aca2fc9,prca04,likert5,4,2,True,validated,1
08e72324-ebf3-4e51-99c1-69074aca2fc9,prca05,likert5,5,5,True,validated,0
08e72324-ebf3-4e51-99c1-69074aca2fc9,prca06,likert5,5,1,True,validated,1
08e72324-ebf3-4e51-99c1-69074aca2fc9,prca13,likert5,3,3,True,validated,0
08e72324-ebf3-4e51-99c1-69074aca2fc9,prca14,likert5,4,2,True,validated,1
08e72324-ebf3-4e51-99c1-69074aca2fc9,prca15,likert5,3,3,True,validated,0
08e72324-ebf3-4e51-99c1-69074aca2fc9,prca16,likert5,4,2,True,validated,1
08e72324-ebf3-4e51-99c1-69074aca2fc9,prca17,likert5,4,2,True,validated,1
08e72324-ebf3-4e51-99c1-69074aca2fc9,prca18,likert5,4,4,True,validated,0
a380899b-919a-4e1e-acca-1c493dbdf927,prca01,likert5,3,3,True,validated,0
a380899b-919a-4e1e-acca-1c493dbdf927,prca02,likert5,3,3,True,validated,1
a380899b-919a-4e1e-acca-1c493dbdf927,prca03,likert5,1,1,True,validated,0
a380899b-919a-4e1e-acca-1c493dbdf927,prca04,likert5,4,2,True,validated,1
a380899b-919a-4e1e-acca-1c493dbdf927,prca05,likert5,3,3,True,validated,0
a380899b-919a-4e1e-acca-1c493dbdf927,prca06,likert5,5,1,True,validated,1
a380899b-919a-4e1e-acca-1c493dbdf927,prca13,likert5,4,4,True,validated,0
a380899b-919a-4e1e-acca-1c493dbdf927,prca14,likert5,3,3,True,validated,1
a380899b-919a-4e1e-acca-1c493dbdf927,prca15,likert5,4,4,True,validated,0
a380899b-919a-4e1e-acca-1c493dbdf927,prca16,likert5,4,2,True,validated,1
a380899b-919a-4e1e-acca-1c493dbdf927,prca17,likert5,3,3,True,validated,1
a380899b-919a-4e1e-acca-1c493dbdf927,prca18,likert5,5,5,True,validated,0
2bbc7372-2912-4a0f-8b72-a12eae725043,prca01,likert5,4,4,True,validated,0
2bbc7372-2912-4a0f-8b72-a12eae725043,prca02,likert5,3,3,True,validated,1
2bbc7372-2912-4a0f-8b72-a12eae725043,prca03,likert5,3,3,True,validated,0
2bbc7372-2912-4a0f-8b72-a12eae725043,prca04,likert5,4,2,True,validated,1
2bbc7372-2912-4a0f-8b72-a12eae725043,prca05,likert5,3,3,True,validated,0
2bbc7372-2912-4a0f-8b72-a12eae725043,prca06,likert5,4,2,True,validated,1
2bbc7372-2912-4a0f-8b72-a12eae725043,prca13,likert5,4,4,True,validated,0
2bbc7372-2912-4a0f-8b72-a12eae725043,prca14,likert5,3,3,True,validated,1
2bbc7372-2912-4a0f-8b72-a12eae725043,prca15,likert5,4,4,True,validated,0
2bbc7372-2912-4a0f-8b72-a12eae725043,prca16,likert5,4,2,True,validated,1
2bbc7372-2912-4a0f-8b72-a12eae725043,prca17,likert5,3,3,True,validated,1
2bbc7372-2912-4a0f-8b72-a12eae725043,prca18,likert5,5,5,True,validated,0
4b30edaa-7349-483d-bef0-8420022e77a9,prca01,likert5,4,4,True,validated,0
4b30edaa-7349-483d-bef0-8420022e77a9,prca02,likert5,5,1,True,validated,1
4b30edaa-7349-483d-bef0-8420022e77a9,prca03,likert5,4,4,True,validated,0
4b30edaa-7349-483d-bef0-8420022e77a9,prca04,likert5,4,2,True,validated,1
4b30edaa-7349-483d-bef0-8420022e77a9,prca05,likert5,4,4,True,validated,0
4b30edaa-7349-483d-bef0-8420022e77a9,prca06,likert5,4,2,True,validated,1
4b30edaa-7349-483d-bef0-8420022e77a9,prca13,likert5,3,3,True,validated,0
4b30edaa-7349-483d-bef0-8420022e77a9,prca14,likert5,4,2,True,validated,1
4b30edaa-7349-483d-bef0-8420022e77a9,prca15,likert5,5,5,True,validated,0
4b30edaa-7349-483d-bef0-8420022e77a9,prca16,likert5,3,3,True,validated,1
4b30edaa-7349-483d-bef0-8420022e77a9,prca17,likert5,4,2,True,validated,1
4b30edaa-7349-483d-bef0-8420022e77a9,prca18,likert5,3,3,True,validated,0
c3ff156e-091e-4309-a4d1-8aa679d76304,prca01,likert5,4,4,True,validated,0
c3ff156e-091e-4309-a4d1-8aa679d76304,prca02,likert5,4,2,True,validated,1
c3ff156e-091e-4309-a4d1-8aa679d76304,prca03,likert5,3,3,True,validated,0
c3ff156e-091e-4309-a4d1-8aa679d76304,prca04,likert5,5,1,True,validated,1
c3ff156e-091e-4309-a4d1-8aa679d76304,prca05,likert5,4,4,True,validated,0
c3ff156e-091e-4309-a4d1-8aa679d76304,prca06,likert5,4,2,True,validated,1
c3ff156e-091e-4309-a4d1-8aa679d76304,prca13,likert5,4,4,True,validated,0
c3ff156e-091e-4309-a4d1-8aa679d76304,prca14,likert5,5,1,True,validated,1
c3ff156e-091e-4309-a4d1-8aa679d76304,prca15,likert5,4,4,True,validated,0
c3ff156e-091e-4309-a4d1-8aa679d76304,prca16,likert5,4,2,True,validated,1
c3ff156e-091e-4309-a4d1-8aa679d76304,prca17,likert5,4,2,True,validated,1
c3ff156e-091e-4309-a4d1-8aa679d76304,prca18,likert5,3,3,True,validated,0
892578d3-0c43-4ce2-a21e-e5fdfec09274,prca01,likert5,4,4,True,validated,0
892578d3-0c43-4ce2-a21e-e5fdfec09274,prca02,likert5,3,3,True,validated,1
892578d3-0c43-4ce2-a21e-e5fdfec09274,prca03,likert5,4,4,True,validated,0
892578d3-0c43-4ce2-a21e-e5fdfec09274,prca04,likert5,4,2,True,validated,1
892578d3-0c43-4ce2-a21e-e5fdfec09274,prca05,likert5,3,3,True,validated,0
892578d3-0c43-4ce2-a21e-e5fdfec09274,prca06,likert5,4,2,True,validated,1
892578d3-0c43-4ce2-a21e-e5fdfec09274,prca13,likert5,5,5,True,validated,0
892578d3-0c43-4ce2-a21e-e5fdfec09274,prca14,likert5,4,2,True,validated,1
892578d3-0c43-4ce2-a21e-e5fdfec09274,prca15,likert5,4,4,True,validated,0
892578d3-0c43-4ce2-a21e-e5fdfec09274,prca16,likert5,3,3,True,validated,1
892578d3-0c43-4ce2-a21e-e5fdfec09274,prca17,likert5,4,2,True,validated,1
892578d3-0c43-4ce2-a21e-e5fdfec09274,prca18,likert5,5,5,True,validated,0
ae56ec5e-6beb-4dd7-aae7-7d79bde564fc,prca01,likert5,4,4,True,validated,0
ae56ec5e-6beb-4dd7-aae7-7d79bde564fc,prca02,likert5,4,2,True,validated,1
ae56ec5e-6beb-4dd7-aae7-7d79bde564fc,prca03,likert5,4,4,True,validated,0
ae56ec5e-6beb-4dd7-aae7-7d79bde564fc,prca04,likert5,5,1,True,validated,1
ae56ec5e-6beb-4dd7-aae7-7d79bde564fc,prca05,likert5,4,4,True,validated,0
ae56ec5e-6beb-4dd7-aae7-7d79bde564fc,prca06,likert5,4,2,True,validated,1
ae56ec5e-6beb-4dd7-aae7-7d79bde564fc,prca13,likert5,4,4,True,validated,0
ae56ec5e-6beb-4dd7-aae7-7d79bde564fc,prca14,likert5,4,2,True,validated,1
ae56ec5e-6beb-4dd7-aae7-7d79bde564fc,prca15,likert5,4,4,True,validated,0
ae56ec5e-6beb-4dd7-aae7-7d79bde564fc,prca16,likert5,3,3,True,validated,1
ae56ec5e-6beb-4dd7-aae7-7d79bde564fc,prca17,likert5,4,2,True,validated,1
ae56ec5e-6beb-4dd7-aae7-7d79bde564fc,prca18,likert5,5,5,True,validated,0
f4b19bb3-4701-4c46-a75b-c03befa2d6ca,prca01,likert5,3,3,True,validated,0
f4b19bb3-4701-4c46-a75b-c03befa2d6ca,prca02,likert5,5,1,True,validated,1
f4b19bb3-4701-4c46-a75b-c03befa2d6ca,prca03,likert5,3,3,True,validated,0
f4b19bb3-4701-4c46-a75b-c03befa2d6ca,prca04,likert5,4,2,True,validated,1
f4b19bb3-4701-4c46-a75b-c03befa2d6ca,prca05,likert5,3,3,True,validated,0
f4b19bb3-4701-4c46-a75b-c03befa2d6ca,prca06,likert5,3,3,True,validated,1
f4b19bb3-4701-4c46-a75b-c03befa2d6ca,prca13,likert5,4,4,True,validated,0
f4b19bb3-4701-4c46-a75b-c03befa2d6ca,prca14,likert5,4,2,True,validated,1
f4b19bb3-4701-4c46-a75b-c03befa2d6ca,prca15,likert5,4,4,True,validated,0
f4b19bb3-4701-4c46-a75b-c03befa2d6ca,prca16,likert5,4,2,True,validated,1
f4b19bb3-4701-4c46-a75b-c03befa2d6ca,prca17,likert5,4,2,True,validated,1
f4b19bb3-4701-4c46-a75b-c03befa2d6ca,prca18,likert5,5,5,True,validated,0
084030a6-c578-4a20-ad52-2462930dd235,prca01,likert5,3,3,True,validated,0
084030a6-c578-4a20-ad52-2462930dd235,prca02,likert5,4,2,True,validated,1
084030a6-c578-4a20-ad52-2462930dd235,prca03,likert5,4,4,True,validated,0
084030a6-c578-4a20-ad52-2462930dd235,prca04,likert5,4,2,True,validated,1
084030a6-c578-4a20-ad52-2462930dd235,prca05,likert5,4,4,True,validated,0
084030a6-c578-4a20-ad52-2462930dd235,prca06,likert5,4,2,True,validated,1
084030a6-c578-4a20-ad52-2462930dd235,prca13,likert5,4,4,True,validated,0
084030a6-c578-4a20-ad52-2462930dd235,prca14,likert5,4,2,True,validated,1
084030a6-c578-4a20-ad52-2462930dd235,prca15,likert5,5,5,True,validated,0
084030a6-c578-4a20-ad52-2462930dd235,prca16,likert5,3,3,True,validated,1
084030a6-c578-4a20-ad52-2462930dd235,prca17,likert5,4,2,True,validated,1
084030a6-c578-4a20-ad52-2462930dd235,prca18,likert5,4,4,True,validated,0
076a1538-ff29-4ef4-856f-3eb94c54c5f8,prca01,likert5,4,4,True,validated,0
076a1538-ff29-4ef4-856f-3eb94c54c5f8,prca02,likert5,4,2,True,validated,1
076a1538-ff29-4ef4-856f-3eb94c54c5f8,prca03,likert5,4,4,True,validated,0
076a1538-ff29-4ef4-856f-3eb94c54c5f8,prca04,likert5,4,2,True,validated,1
076a1538-ff29-4ef4-856f-3eb94c54c5f8,prca05,likert5,3,3,True,validated,0
076a1538-ff29-4ef4-856f-3eb94c54c5f8,prca06,likert5,5,1,True,validated,1
076a1538-ff29-4ef4-856f-3eb94c54c5f8,prca13,likert5,3,3,True,validated,0
076a1538-ff29-4ef4-856f-3eb94c54c5f8,prca14,likert5,5,1,True,validated,1
076a1538-ff29-4ef4-856f-3eb94c54c5f8,prca15,likert5,3,3,True,validated,0
076a1538-ff29-4ef4-856f-3eb94c54c5f8,prca16,likert5,4,2,True,validated,1
076a1538-ff29-4ef4-856f-3eb94c54c5f8,prca17,likert5,4,2,True,validated,1
076a1538-ff29-4ef4-856f-3eb94c54c5f8,prca18,likert5,3,3,True,validated,0
6b707e80-ba27-46e6-951b-fa116935a803,prca01,likert5,5,5,True,validated,0
6b707e80-ba27-46e6-951b-fa116935a803,prca02,likert5,5,1,True,validated,1
6b707e80-ba27-46e6-951b-fa116935a803,prca03,likert5,4,4,True,validated,0
6b707e80-ba27-46e6-951b-fa116935a803,prca04,likert5,4,2,True,validated,1
6b707e80-ba27-46e6-951b-fa116935a803,prca05,likert5,3,3,True,validated,0
6b707e80-ba27-46e6-951b-fa116935a803,prca06,likert5,3,3,True,validated,1
6b707e80-ba27-46e6-951b-fa116935a803,prca13,likert5,5,5,True,validated,0
6b707e80-ba27-46e6-951b-fa116935a803,prca14,likert5,3,3,True,validated,1
6b707e80-ba27-46e6-951b-fa116935a803,prca15,likert5,3,3,True,validated,0
6b707e80-ba27-46e6-951b-fa116935a803,prca16,likert5,3,3,True,validated,1
6b707e80-ba27-46e6-951b-fa116935a803,prca17,likert5,4,2,True,validated,1
6b707e80-ba27-46e6-951b-fa116935a803,prca18,likert5,3,3,True,validated,0
41764e46-2539-4cf3-b196-4d7df0467e18,prca01,likert5,3,3,True,validated,0
41764e46-2539-4cf3-b196-4d7df0467e18,prca02,likert5,4,2,True,validated,1
41764e46-2539-4cf3-b196-4d7df0467e18,prca03,likert5,4,4,True,validated,0
41764e46-2539-4cf3-b196-4d7df0467e18,prca04,likert5,4,2,True,validated,1
41764e46-2539-4cf3-b196-4d7df0467e18,prca05,likert5,4,4,True,validated,0
41764e46-2539-4cf3-b196-4d7df0467e18,prca06,likert5,3,3,True,validated,1
41764e46-2539-4cf3-b196-4d7df0467e18,prca13,likert5,4,4,True,validated,0
41764e46-2539-4cf3-b196-4d7df0467e18,prca14,likert5,4,2,True,validated,1
41764e46-2539-4cf3-b196-4d7df0467e18,prca15,likert5,2,2,True,validated,0
41764e46-2539-4cf3-b196-4d7df0467e18,prca16,likert5,4,2,True,validated,1
41764e46-2539-4cf3-b196-4d7df0467e18,prca17,likert5,4,2,True,validated,1
41764e46-2539-4cf3-b196-4d7df0467e18,prca18,likert5,3,3,True,validated,0
962cbee0-cec9-4b3e-9481-ec7f11131051,prca01,likert5,4,4,True,validated,0
962cbee0-cec9-4b3e-9481-ec7f11131051,prca02,likert5,3,3,True,validated,1
962cbee0-cec9-4b3e-9481-ec7f11131051,prca03,likert5,3,3,True,validated,0
962cbee0-cec9-4b3e-9481-ec7f11131051,prca04,likert5,4,2,True,validated,1
962cbee0-cec9-4b3e-9481-ec7f11131051,prca05,likert5,4,4,True,validated,0
962cbee0-cec9-4b3e-9481-ec7f11131051,prca06,likert5,4,2,True,validated,1
962cbee0-cec9-4b3e-9481-ec7f11131051,prca13,likert5,3,3,True,validated,0
962cbee0-cec9-4b3e-9481-ec7f11131051,prca14,likert5,4,2,True,validated,1
962cbee0-cec9-4b3e-9481-ec7f11131051,prca15,likert5,3,3,True,validated,0
962cbee0-cec9-4b3e-9481-ec7f11131051,prca16,likert5,4,2,True,validated,1
962cbee0-cec9-4b3e-9481-ec7f11131051,prca17,likert5,4,2,True,validated,1
962cbee0-cec9-4b3e-9481-ec7f11131051,prca18,likert5,3,3,True,validated,0
33e41ef4-3fef-4245-b0e1-e1059543a29f,prca01,likert5,5,5,True,validated,0
33e41ef4-3fef-4245-b0e1-e1059543a29f,prca02,likert5,4,2,True,validated,1
33e41ef4-3fef-4245-b0e1-e1059543a29f,prca03,likert5,4,4,True,validated,0
33e41ef4-3fef-4245-b0e1-e1059543a29f,prca04,likert5,4,2,True,validated,1
33e41ef4-3fef-4245-b0e1-e1059543a29f,prca05,likert5,4,4,True,validated,0
33e41ef4-3fef-4245-b0e1-e1059543a29f,prca06,likert5,4,2,True,validated,1
33e41ef4-3fef-4245-b0e1-e1059543a29f,prca13,likert5,4,4,True,validated,0
33e41ef4-3fef-4245-b0e1-e1059543a29f,prca14,likert5,4,2,True,validated,1
33e41ef4-3fef-4245-b0e1-e1059543a29f,prca15,likert5,4,4,True,validated,0
33e41ef4-3fef-4245-b0e1-e1059543a29f,prca16,likert5,3,3,True,validated,1
33e41ef4-3fef-4245-b0e1-e1059543a29f,prca17,likert5,3,3,True,validated,1
33e41ef4-3fef-4245-b0e1-e1059543a29f,prca18,likert5,4,4,True,validated,0
23fdb427-bdd5-4fe9-81af-98022c94cc5b,prca01,likert5,4,4,True,validated,0
23fdb427-bdd5-4fe9-81af-98022c94cc5b,prca02,likert5,3,3,True,validated,1
23fdb427-bdd5-4fe9-81af-98022c94cc5b,prca03,likert5,5,5,True,validated,0
23fdb427-bdd5-4fe9-81af-98022c94cc5b,prca04,likert5,4,2,True,validated,1
23fdb427-bdd5-4fe9-81af-98022c94cc5b,prca05,likert5,4,4,True,validated,0
23fdb427-bdd5-4fe9-81af-98022c94cc5b,prca06,likert5,3,3,True,validated,1
23fdb427-bdd5-4fe9-81af-98022c94cc5b,prca13,likert5,5,5,True,validated,0
23fdb427-bdd5-4fe9-81af-98022c94cc5b,prca14,likert5,5,1,True,validated,1
23fdb427-bdd5-4fe9-81af-98022c94cc5b,prca15,likert5,4,4,True,validated,0
23fdb427-bdd5-4fe9-81af-98022c94cc5b,prca16,likert5,4,2,True,validated,1
23fdb427-bdd5-4fe9-81af-98022c94cc5b,prca17,likert5,3,3,True,validated,1
23fdb427-bdd5-4fe9-81af-98022c94cc5b,prca18,likert5,4,4,True,validated,0
1ca742c6-8b5e-4987-a859-9ddea9b4f622,prca01,likert5,4,4,True,validated,0
1ca742c6-8b5e-4987-a859-9ddea9b4f622,prca02,likert5,3,3,True,validated,1
1ca742c6-8b5e-4987-a859-9ddea9b4f622,prca03,likert5,4,4,True,validated,0
1ca742c6-8b5e-4987-a859-9ddea9b4f622,prca04,likert5,4,2,True,validated,1
1ca742c6-8b5e-4987-a859-9ddea9b4f622,prca05,likert5,4,4,True,validated,0
1ca742c6-8b5e-4987-a859-9ddea9b4f622,prca06,likert5,5,1,True,validated,1
1ca742c6-8b5e-4987-a859-9ddea9b4f622,prca13,likert5,3,3,True,validated,0
1ca742c6-8b5e-4987-a859-9ddea9b4f622,prca14,likert5,2,4,True,validated,1
1ca742c6-8b5e-4987-a859-9ddea9b4f622,prca15,likert5,4,4,True,validated,0
1ca742c6-8b5e-4987-a859-9ddea9b4f622,prca16,likert5,3,3,True,validated,1
1ca742c6-8b5e-4987-a859-9ddea9b4f622,prca17,likert5,4,2,True,validated,1
1ca742c6-8b5e-4987-a859-9ddea9b4f622,prca18,likert5,3,3,True,validated,0
b1f73e82-6b82-4e35-997c-50ca56598146,prca01,likert5,4,4,True,validated,0
b1f73e82-6b82-4e35-997c-50ca56598146,prca02,likert5,3,3,True,validated,1
b1f73e82-6b82-4e35-997c-50ca56598146,prca03,likert5,3,3,True,validated,0
b1f73e82-6b82-4e35-997c-50ca56598146,prca04,likert5,4,2,True,validated,1
b1f73e82-6b82-4e35-997c-50ca56598146,prca05,likert5,3,3,True,validated,0
b1f73e82-6b82-4e35-997c-50ca56598146,prca06,likert5,4,2,True,validated,1
b1f73e82-6b82-4e35-997c-50ca56598146,prca13,likert5,5,5,True,validated,0
b1f73e82-6b82-4e35-997c-50ca56598146,prca14,likert5,4,2,True,validated,1
b1f73e82-6b82-4e35-997c-50ca56598146,prca15,likert5,3,3,True,validated,0
b1f73e82-6b82-4e35-997c-50ca56598146,prca16,likert5,3,3,True,validated,1
b1f73e82-6b82-4e35-997c-50ca56598146,prca17,likert5,4,2,True,validated,1
b1f73e82-6b82-4e35-997c-50ca56598146,prca18,likert5,4,4,True,validated,0
5ffbd6cc-6639-4f92-8afc-e2080416aa7f,prca01,likert5,4,4,True,validated,0
5ffbd6cc-6639-4f92-8afc-e2080416aa7f,prca02,likert5,4,2,True,validated,1
5ffbd6cc-6639-4f92-8afc-e2080416aa7f,prca03,likert5,4,4,True,validated,0
5ffbd6cc-6639-4f92-8afc-e2080416aa7f,prca04,likert5,5,1,True,validated,1
5ffbd6cc-6639-4f92-8afc-e2080416aa7f,prca05,likert5,4,4,True,validated,0
5ffbd6cc-6639-4f92-8afc-e2080416aa7f,prca06,likert5,3,3,True,validated,1
5ffbd6cc-6639-4f92-8afc-e2080416aa7f,prca13,likert5,4,4,True,validated,0
5ffbd6cc-6639-4f92-8afc-e2080416aa7f,prca14,likert5,4,2,True,validated,1
5ffbd6cc-6639-4f92-8afc-e2080416aa7f,prca15,likert5,3,3,True,validated,0
5ffbd6cc-6639-4f92-8afc-e2080416aa7f,prca16,likert5,4,2,True,validated,1
5ffbd6cc-6639-4f92-8afc-e2080416aa7f,prca17,likert5,4,2,True,validated,1
5ffbd6cc-6639-4f92-8afc-e2080416aa7f,prca18,likert5,4,4,True,validated,0
77307194-8a47-4778-9a47-c0331e384e7a,prca01,likert5,4,4,True,validated,0
77307194-8a47-4778-9a47-c0331e384e7a,prca02,likert5,3,3,True,validated,1
77307194-8a47-4778-9a47-c0331e384e7a,prca03,likert5,4,4,True,validated,0
77307194-8a47-4778-9a47-c0331e384e7a,prca04,likert5,4,2,True,validated,1
77307194-8a47-4778-9a47-c0331e384e7a,prca05,likert5,3,3,True,validated,0
77307194-8a47-4778-9a47-c0331e384e7a,prca06,likert5,4,2,True,validated,1
77307194-8a47-4778-9a47-c0331e384e7a,prca13,likert5,5,5,True,validated,0
77307194-8a47-4778-9a47-c0331e384e7a,prca14,likert5,4,2,True,validated,1
77307194-8a47-4778-9a47-c0331e384e7a,prca15,likert5,4,4,True,validated,0
77307194-8a47-4778-9a47-c0331e384e7a,prca16,likert5,4,2,True,validated,1
77307194-8a47-4778-9a47-c0331e384e7a,prca17,likert5,4,2,True,validated,1
77307194-8a47-4778-9a47-c0331e384e7a,prca18,likert5,1,1,True,validated,0
2176fa8a-8f9a-431d-bdc3-08b0a196f709,prca01,likert5,4,4,True,validated,0
2176fa8a-8f9a-431d-bdc3-08b0a196f709,prca02,likert5,4,2,True,validated,1
2176fa8a-8f9a-431d-bdc3-08b0a196f709,prca03,likert5,4,4,True,validated,0
2176fa8a-8f9a-431d-bdc3-08b0a196f709,prca04,likert5,4,2,True,validated,1
2176fa8a-8f9a-431d-bdc3-08b0a196f709,prca05,likert5,4,4,True,validated,0
2176fa8a-8f9a-431d-bdc3-08b0a196f709,prca06,likert5,3,3,True,validated,1
2176fa8a-8f9a-431d-bdc3-08b0a196f709,prca13,likert5,3,3,True,validated,0
2176fa8a-8f9a-431d-bdc3-08b0a196f709,prca14,likert5,3,3,True,validated,1
2176fa8a-8f9a-431d-bdc3-08b0a196f709,prca15,likert5,3,3,True,validated,0
2176fa8a-8f9a-431d-bdc3-08b0a196f709,prca16,likert5,3,3,True,validated,1
2176fa8a-8f9a-431d-bdc3-08b0a196f709,prca17,likert5,3,3,True,validated,1
2176fa8a-8f9a-431d-bdc3-08b0a196f709,prca18,likert5,4,4,True,validated,0
cd126f51-ec26-4019-905c-bd270f45c90d,prca01,likert5,4,4,True,validated,0
cd126f51-ec26-4019-905c-bd270f45c90d,prca02,likert5,3,3,True,validated,1
cd126f51-ec26-4019-905c-bd270f45c90d,prca03,likert5,5,5,True,validated,0
cd126f51-ec26-4019-905c-bd270f45c90d,prca04,likert5,5,1,True,validated,1
cd126f51-ec26-4019-905c-bd270f45c90d,prca05,likert5,4,4,True,validated,0
cd126f51-ec26-4019-905c-bd270f45c90d,prca06,likert5,4,2,True,validated,1
cd126f51-ec26-4019-905c-bd270f45c90d,prca13,likert5,4,4,True,validated,0
cd126f51-ec26-4019-905c-bd270f45c90d,prca14,likert5,4,2,True,validated,1
cd126f51-ec26-4019-905c-bd270f45c90d,prca15,likert5,4,4,True,validated,0
cd126f51-ec26-4019-905c-bd270f45c90d,prca16,likert5,4,2,True,validated,1
cd126f51-ec26-4019-905c-bd270f45c90d,prca17,likert5,4,2,True,validated,1
cd126f51-ec26-4019-905c-bd270f45c90d,prca18,likert5,3,3,True,validated,0
8c3f81b0-e677-45c1-b328-8ebfdb5f4561,prca01,likert5,4,4,True,validated,0
8c3f81b0-e677-45c1-b328-8ebfdb5f4561,prca02,likert5,4,2,True,validated,1
8c3f81b0-e677-45c1-b328-8ebfdb5f4561,prca03,likert5,4,4,True,validated,0
8c3f81b0-e677-45c1-b328-8ebfdb5f4561,prca04,likert5,5,1,True,validated,1
8c3f81b0-e677-45c1-b328-8ebfdb5f4561,prca05,likert5,3,3,True,validated,0
8c3f81b0-e677-45c1-b328-8ebfdb5f4561,prca06,likert5,3,3,True,validated,1
8c3f81b0-e677-45c1-b328-8ebfdb5f4561,prca13,likert5,4,4,True,validated,0
8c3f81b0-e677-45c1-b328-8ebfdb5f4561,prca14,likert5,4,2,True,validated,1
8c3f81b0-e677-45c1-b328-8ebfdb5f4561,prca15,likert5,3,3,True,validated,0
8c3f81b0-e677-45c1-b328-8ebfdb5f4561,prca16,likert5,3,3,True,validated,1
8c3f81b0-e677-45c1-b328-8ebfdb5f4561,prca17,likert5,4,2,True,validated,1
8c3f81b0-e677-45c1-b328-8ebfdb5f4561,prca18,likert5,4,4,True,validated,0
274a14cd-c06d-4023-bf11-721b942479db,prca01,likert5,4,4,True,validated,0
274a14cd-c06d-4023-bf11-721b942479db,prca02,likert5,4,2,True,validated,1
274a14cd-c06d-4023-bf11-721b942479db,prca03,likert5,5,5,True,validated,0
274a14cd-c06d-4023-bf11-721b942479db,prca04,likert5,4,2,True,validated,1
274a14cd-c06d-4023-bf11-721b942479db,prca05,likert5,4,4,True,validated,0
274a14cd-c06d-4023-bf11-721b942479db,prca06,likert5,4,2,True,validated,1
274a14cd-c06d-4023-bf11-721b942479db,prca13,likert5,4,4,True,validated,0
274a14cd-c06d-4023-bf11-721b942479db,prca14,likert5,5,1,True,validated,1
274a14cd-c06d-4023-bf11-721b942479db,prca15,likert5,3,3,True,validated,0
274a14cd-c06d-4023-bf11-721b942479db,prca16,likert5,3,3,True,validated,1
274a14cd-c06d-4023-bf11-721b942479db,prca17,likert5,2,4,True,validated,1
274a14cd-c06d-4023-bf11-721b942479db,prca18,likert5,3,3,True,validated,0
45eb9bc3-2185-4c79-aceb-2700aef909a5,prca01,likert5,4,4,True,validated,0
45eb9bc3-2185-4c79-aceb-2700aef909a5,prca02,likert5,4,2,True,validated,1
45eb9bc3-2185-4c79-aceb-2700aef909a5,prca03,likert5,4,4,True,validated,0
45eb9bc3-2185-4c79-aceb-2700aef909a5,prca04,likert5,4,2,True,validated,1
45eb9bc3-2185-4c79-aceb-2700aef909a5,prca05,likert5,4,4,True,validated,0
45eb9bc3-2185-4c79-aceb-2700aef909a5,prca06,likert5,4,2,True,validated,1
45eb9bc3-2185-4c79-aceb-2700aef909a5,prca13,likert5,4,4,True,validated,0
45eb9bc3-2185-4c79-aceb-2700aef909a5,prca14,likert5,4,2,True,validated,1
45eb9bc3-2185-4c79-aceb-2700aef909a5,prca15,likert5,4,4,True,validated,0
45eb9bc3-2185-4c79-aceb-2700aef909a5,prca16,likert5,5,1,True,validated,1
45eb9bc3-2185-4c79-aceb-2700aef909a5,prca17,likert5,3,3,True,validated,1
45eb9bc3-2185-4c79-aceb-2700aef909a5,prca18,likert5,5,5,True,validated,0
8cd9d03a-77a6-403f-ac20-84121d644418,prca01,likert5,4,4,True,validated,0
8cd9d03a-77a6-403f-ac20-84121d644418,prca02,likert5,5,1,True,validated,1
8cd9d03a-77a6-403f-ac20-84121d644418,prca03,likert5,3,3,True,validated,0
8cd9d03a-77a6-403f-ac20-84121d644418,prca04,likert5,4,2,True,validated,1
8cd9d03a-77a6-403f-ac20-84121d644418,prca05,likert5,4,4,True,validated,0
8cd9d03a-77a6-403f-ac20-84121d644418,prca06,likert5,4,2,True,validated,1
8cd9d03a-77a6-403f-ac20-84121d644418,prca13,likert5,5,5,True,validated,0
8cd9d03a-77a6-403f-ac20-84121d644418,prca14,likert5,4,2,True,validated,1
8cd9d03a-77a6-403f-ac20-84121d644418,prca15,likert5,3,3,True,validated,0
8cd9d03a-77a6-403f-ac20-84121d644418,prca16,likert5,4,2,True,validated,1
8cd9d03a-77a6-403f-ac20-84121d644418,prca17,likert5,4,2,True,validated,1
8cd9d03a-77a6-403f-ac20-84121d644418,prca18,likert5,4,4,True,validated,0
f8258c16-7acc-4ca0-b136-6a1f711a0f53,prca01,likert5,3,3,True,validated,0
f8258c16-7acc-4ca0-b136-6a1f711a0f53,prca02,likert5,3,3,True,validated,1
f8258c16-7acc-4ca0-b136-6a1f711a0f53,prca03,likert5,4,4,True,validated,0
f8258c16-7acc-4ca0-b136-6a1f711a0f53,prca04,likert5,4,2,True,validated,1
f8258c16-7acc-4ca0-b136-6a1f711a0f53,prca05,likert5,3,3,True,validated,0
f8258c16-7acc-4ca0-b136-6a1f711a0f53,prca06,likert5,4,2,True,validated,1
f8258c16-7acc-4ca0-b136-6a1f711a0f53,prca13,likert5,4,4,True,validated,0
f8258c16-7acc-4ca0-b136-6a1f711a0f53,prca14,likert5,4,2,True,validated,1
f8258c16-7acc-4ca0-b136-6a1f711a0f53,prca15,likert5,3,3,True,validated,0
f8258c16-7acc-4ca0-b136-6a1f711a0f53,prca16,likert5,3,3,True,validated,1
f8258c16-7acc-4ca0-b136-6a1f711a0f53,prca17,likert5,3,3,True,validated,1
f8258c16-7acc-4ca0-b136-6a1f711a0f53,prca18,likert5,4,4,True,validated,0
57aae053-5615-457c-bb70-ea45113457af,prca01,likert5,4,4,True,validated,0
57aae053-5615-457c-bb70-ea45113457af,prca02,likert5,4,2,True,validated,1
57aae053-5615-457c-bb70-ea45113457af,prca03,likert5,5,5,True,validated,0
57aae053-5615-457c-bb70-ea45113457af,prca04,likert5,4,2,True,validated,1
57aae053-5615-457c-bb70-ea45113457af,prca05,likert5,3,3,True,validated,0
57aae053-5615-457c-bb70-ea45113457af,prca06,likert5,4,2,True,validated,1
57aae053-5615-457c-bb70-ea45113457af,prca13,likert5,3,3,True,validated,0
57aae053-5615-457c-bb70-ea45113457af,prca14,likert5,3,3,True,validated,1
57aae053-5615-457c-bb70-ea45113457af,prca15,likert5,3,3,True,validated,0
57aae053-5615-457c-bb70-ea45113457af,prca16,likert5,3,3,True,validated,1
57aae053-5615-457c-bb70-ea45113457af,prca17,likert5,3,3,True,validated,1
57aae053-5615-457c-bb70-ea45113457af,prca18,likert5,4,4,True,validated,0
4b664c53-b3d6-48de-a130-11ef52acc565,prca01,likert5,4,4,True,validated,0
4b664c53-b3d6-48de-a130-11ef52acc565,prca02,likert5,1,5,True,validated,1
4b664c53-b3d6-48de-a130-11ef52acc565,prca03,likert5,4,4,True,validated,0
4b664c53-b3d6-48de-a130-11ef52acc565,prca04,likert5,4,2,True,validated,1
4b664c53-b3d6-48de-a130-11ef52acc565,prca05,likert5,3,3,True,validated,0
4b664c53-b3d6-48de-a130-11ef52acc565,prca06,likert5,4,2,True,validated,1
4b664c53-b3d6-48de-a130-11ef52acc565,prca13,likert5,4,4,True,validated,0
4b664c53-b3d6-48de-a130-11ef52acc565,prca14,likert5,3,3,True,validated,1
4b664c53-b3d6-48de-a130-11ef52acc565,prca15,likert5,4,4,True,validated,0
4b664c53-b3d6-48de-a130-11ef52acc565,prca16,likert5,3,3,True,validated,1
4b664c53-b3d6-48de-a130-11ef52acc565,prca17,likert5,4,2,True,validated,1
4b664c53-b3d6-48de-a130-11ef52acc565,prca18,likert5,4,4,True,validated,0
c23ac768-8e69-450e-8fc0-e2d21a91f9ca,prca01,likert5,4,4,True,validated,0
c23ac768-8e69-450e-8fc0-e2d21a91f9ca,prca02,likert5,4,2,True,validated,1
c23ac768-8e69-450e-8fc0-e2d21a91f9ca,prca03,likert5,4,4,True,validated,0
c23ac768-8e69-450e-8fc0-e2d21a91f9ca,prca04,likert5,4,2,True,validated,1
c23ac768-8e69-450e-8fc0-e2d21a91f9ca,prca05,likert5,4,4,True,validated,0
c23ac768-8e69-450e-8fc0-e2d21a91f9ca,prca06,likert5,5,1,True,validated,1
c23ac768-8e69-450e-8fc0-e2d21a91f9ca,prca13,likert5,3,3,True,validated,0
c23ac768-8e69-450e-8fc0-e2d21a91f9ca,prca14,likert5,4,2,True,validated,1
c23ac768-8e69-450e-8fc0-e2d21a91f9ca,prca15,likert5,3,3,True,validated,0
c23ac768-8e69-450e-8fc0-e2d21a91f9ca,prca16,likert5,5,1,True,validated,1
c23ac768-8e69-450e-8fc0-e2d21a91f9ca,prca17,likert5,1,5,True,validated,1
c23ac768-8e69-450e-8fc0-e2d21a91f9ca,prca18,likert5,3,3,True,validated,0
32797775-355c-406f-b2a4-bf2118d678bd,prca01,likert5,3,3,True,validated,0
32797775-355c-406f-b2a4-bf2118d678bd,prca02,likert5,4,2,True,validated,1
32797775-355c-406f-b2a4-bf2118d678bd,prca03,likert5,3,3,True,validated,0
32797775-355c-406f-b2a4-bf2118d678bd,prca04,likert5,4,2,True,validated,1
32797775-355c-406f-b2a4-bf2118d678bd,prca05,likert5,2,2,True,validated,0
32797775-355c-406f-b2a4-bf2118d678bd,prca06,likert5,3,3,True,validated,1
32797775-355c-406f-b2a4-bf2118d678bd,prca13,likert5,3,3,True,validated,0
32797775-355c-406f-b2a4-bf2118d678bd,prca14,likert5,3,3,True,validated,1
32797775-355c-406f-b2a4-bf2118d678bd,prca15,likert5,3,3,True,validated,0
32797775-355c-406f-b2a4-bf2118d678bd,prca16,likert5,5,1,True,validated,1
32797775-355c-406f-b2a4-bf2118d678bd,prca17,likert5,5,1,True,validated,1
32797775-355c-406f-b2a4-bf2118d678bd,prca18,likert5,3,3,True,validated,0
cabaa9f9-7d0b-4d07-b27c-c180d5d00fee,prca01,likert5,4,4,True,validated,0
cabaa9f9-7d0b-4d07-b27c-c180d5d00fee,prca02,likert5,4,2,True,validated,1
cabaa9f9-7d0b-4d07-b27c-c180d5d00fee,prca03,likert5,4,4,True,validated,0
cabaa9f9-7d0b-4d07-b27c-c180d5d00fee,prca04,likert5,1,5,True,validated,1
cabaa9f9-7d0b-4d07-b27c-c180d5d00fee,prca05,likert5,4,4,True,validated,0
cabaa9f9-7d0b-4d07-b27c-c180d5d00fee,prca06,likert5,4,2,True,validated,1
cabaa9f9-7d0b-4d07-b27c-c180d5d00fee,prca13,likert5,4,4,True,validated,0
cabaa9f9-7d0b-4d07-b27c-c180d5d00fee,prca14,likert5,4,2,True,validated,1
cabaa9f9-7d0b-4d07-b27c-c180d5d00fee,prca15,likert5,4,4,True,validated,0
cabaa9f9-7d0b-4d07-b27c-c180d5d00fee,prca16,likert5,4,2,True,validated,1
cabaa9f9-7d0b-4d07-b27c-c180d5d00fee,prca17,likert5,4,2,True,validated,1
cabaa9f9-7d0b-4d07-b27c-c180d5d00fee,prca18,likert5,4,4,True,validated,0
63c07bed-e5ed-49ef-b69f-85d4eb9590c4,prca01,likert5,3,3,True,validated,0
63c07bed-e5ed-49ef-b69f-85d4eb9590c4,prca02,likert5,3,3,True,validated,1
63c07bed-e5ed-49ef-b69f-85d4eb9590c4,prca03,likert5,3,3,True,validated,0
63c07bed-e5ed-49ef-b69f-85d4eb9590c4,prca04,likert5,4,2,True,validated,1
63c07bed-e5ed-49ef-b69f-85d4eb9590c4,prca05,likert5,4,4,True,validated,0
63c07bed-e5ed-49ef-b69f-85d4eb9590c4,prca06,likert5,4,2,True,validated,1
63c07bed-e5ed-49ef-b69f-85d4eb9590c4,prca13,likert5,3,3,True,validated,0
63c07bed-e5ed-49ef-b69f-85d4eb9590c4,prca14,likert5,4,2,True,validated,1
63c07bed-e5ed-49ef-b69f-85d4eb9590c4,prca15,likert5,5,5,True,validated,0
63c07bed-e5ed-49ef-b69f-85d4eb9590c4,prca16,likert5,4,2,True,validated,1
63c07bed-e5ed-49ef-b69f-85d4eb9590c4,prca17,likert5,4,2,True,validated,1
63c07bed-e5ed-49ef-b69f-85d4eb9590c4,prca18,likert5,4,4,True,validated,0
45486798-c8b1-4dbf-a2d4-5bdf7ed82c28,prca01,likert5,4,4,True,validated,0
45486798-c8b1-4dbf-a2d4-5bdf7ed82c28,prca02,likert5,4,2,True,validated,1
45486798-c8b1-4dbf-a2d4-5bdf7ed82c28,prca03,likert5,4,4,True,validated,0
45486798-c8b1-4dbf-a2d4-5bdf7ed82c28,prca04,likert5,4,2,True,validated,1
45486798-c8b1-4dbf-a2d4-5bdf7ed82c28,prca05,likert5,4,4,True,validated,0
45486798-c8b1-4dbf-a2d4-5bdf7ed82c28,prca06,likert5,5,1,True,validated,1
45486798-c8b1-4dbf-a2d4-5bdf7ed82c28,prca13,likert5,4,4,True,validated,0
45486798-c8b1-4dbf-a2d4-5bdf7ed82c28,prca14,likert5,5,1,True,validated,1
45486798-c8b1-4dbf-a2d4-5bdf7ed82c28,prca15,likert5,3,3,True,validated,0
45486798-c8b1-4dbf-a2d4-5bdf7ed82c28,prca16,likert5,3,3,True,validated,1
45486798-c8b1-4dbf-a2d4-5bdf7ed82c28,prca17,likert5,2,4,True,validated,1
45486798-c8b1-4dbf-a2d4-5bdf7ed82c28,prca18,likert5,3,3,True,validated,0
75044584-1c74-4f5a-9cb8-5c2551b0dff5,prca01,likert5,4,4,True,validated,0
75044584-1c74-4f5a-9cb8-5c2551b0dff5,prca02,likert5,4,2,True,validated,1
75044584-1c74-4f5a-9cb8-5c2551b0dff5,prca03,likert5,4,4,True,validated,0
75044584-1c74-4f5a-9cb8-5c2551b0dff5,prca04,likert5,4,2,True,validated,1
75044584-1c74-4f5a-9cb8-5c2551b0dff5,prca05,likert5,3,3,True,validated,0
75044584-1c74-4f5a-9cb8-5c2551b0dff5,prca06,likert5,4,2,True,validated,1
75044584-1c74-4f5a-9cb8-5c2551b0dff5,prca13,likert5,4,4,True,validated,0
75044584-1c74-4f5a-9cb8-5c2551b0dff5,prca14,likert5,5,1,True,validated,1
75044584-1c74-4f5a-9cb8-5c2551b0dff5,prca15,likert5,4,4,True,validated,0
75044584-1c74-4f5a-9cb8-5c2551b0dff5,prca16,likert5,4,2,True,validated,1
75044584-1c74-4f5a-9cb8-5c2551b0dff5,prca17,likert5,4,2,True,validated,1
75044584-1c74-4f5a-9cb8-5c2551b0dff5,prca18,likert5,4,4,True,validated,0
a2b7e022-e53c-4456-82c5-7c74fba1eb9d,prca01,likert5,5,5,True,validated,0
a2b7e022-e53c-4456-82c5-7c74fba1eb9d,prca02,likert5,5,1,True,validated,1
a2b7e022-e53c-4456-82c5-7c74fba1eb9d,prca03,likert5,3,3,True,validated,0
a2b7e022-e53c-4456-82c5-7c74fba1eb9d,prca04,likert5,4,2,True,validated,1
a2b7e022-e53c-4456-82c5-7c74fba1eb9d,prca05,likert5,4,4,True,validated,0
a2b7e022-e53c-4456-82c5-7c74fba1eb9d,prca06,likert5,4,2,True,validated,1
a2b7e022-e53c-4456-82c5-7c74fba1eb9d,prca13,likert5,4,4,True,validated,0
a2b7e022-e53c-4456-82c5-7c74fba1eb9d,prca14,likert5,5,1,True,validated,1
a2b7e022-e53c-4456-82c5-7c74fba1eb9d,prca15,likert5,3,3,True,validated,0
a2b7e022-e53c-4456-82c5-7c74fba1eb9d,prca16,likert5,4,2,True,validated,1
a2b7e022-e53c-4456-82c5-7c74fba1eb9d,prca17,likert5,4,2,True,validated,1
a2b7e022-e53c-4456-82c5-7c74fba1eb9d,prca18,likert5,3,3,True,validated,0
6e54a31e-d25a-4ee7-9157-440778a2da46,prca01,likert5,4,4,True,validated,0
6e54a31e-d25a-4ee7-9157-440778a2da46,prca02,likert5,3,3,True,validated,1
6e54a31e-d25a-4ee7-9157-440778a2da46,prca03,likert5,3,3,True,validated,0
6e54a31e-d25a-4ee7-9157-440778a2da46,prca04,likert5,5,1,True,validated,1
6e54a31e-d25a-4ee7-9157-440778a2da46,prca05,likert5,5,5,True,validated,0
6e54a31e-d25a-4ee7-9157-440778a2da46,prca06,likert5,3,3,True,validated,1
6e54a31e-d25a-4ee7-9157-440778a2da46,prca13,likert5,4,4,True,validated,0
6e54a31e-d25a-4ee7-9157-440778a2da46,prca14,likert5,1,5,True,validated,1
6e54a31e-d25a-4ee7-9157-440778a2da46,prca15,likert5,4,4,True,validated,0
6e54a31e-d25a-4ee7-9157-440778a2da46,prca16,likert5,4,2,True,validated,1
6e54a31e-d25a-4ee7-9157-440778a2da46,prca17,likert5,4,2,True,validated,1
6e54a31e-d25a-4ee7-9157-440778a2da46,prca18,likert5,4,4,True,validated,0
8ca6295a-5d60-47d2-9390-1885b430f0c9,prca01,likert5,3,3,True,validated,0
8ca6295a-5d60-47d2-9390-1885b430f0c9,prca02,likert5,4,2,True,validated,1
8ca6295a-5d60-47d2-9390-1885b430f0c9,prca03,likert5,3,3,True,validated,0
8ca6295a-5d60-47d2-9390-1885b430f0c9,prca04,likert5,4,2,True,validated,1
8ca6295a-5d60-47d2-9390-1885b430f0c9,prca05,likert5,4,4,True,validated,0
8ca6295a-5d60-47d2-9390-1885b430f0c9,prca06,likert5,4,2,True,validated,1
8ca6295a-5d60-47d2-9390-1885b430f0c9,prca13,likert5,4,4,True,validated,0
8ca6295a-5d60-47d2-9390-1885b430f0c9,prca14,likert5,4,2,True,validated,1
8ca6295a-5d60-47d2-9390-1885b430f0c9,prca15,likert5,4,4,True,validated,0
8ca6295a-5d60-47d2-9390-1885b430f0c9,prca16,likert5,4,2,True,validated,1
8ca6295a-5d60-47d2-9390-1885b430f0c9,prca17,likert5,4,2,True,validated,1
8ca6295a-5d60-47d2-9390-1885b430f0c9,prca18,likert5,4,4,True,validated,0
9c2fb4d0-06b4-4efd-afe3-a8d2c2c7a130,prca01,likert5,3,3,True,validated,0
9c2fb4d0-06b4-4efd-afe3-a8d2c2c7a130,prca02,likert5,4,2,True,validated,1
9c2fb4d0-06b4-4efd-afe3-a8d2c2c7a130,prca03,likert5,4,4,True,validated,0
9c2fb4d0-06b4-4efd-afe3-a8d2c2c7a130,prca04,likert5,5,1,True,validated,1
9c2fb4d0-06b4-4efd-afe3-a8d2c2c7a130,prca05,likert5,4,4,True,validated,0
9c2fb4d0-06b4-4efd-afe3-a8d2c2c7a130,prca06,likert5,4,2,True,validated,1
9c2fb4d0-06b4-4efd-afe3-a8d2c2c7a130,prca13,likert5,3,3,True,validated,0
9c2fb4d0-06b4-4efd-afe3-a8d2c2c7a130,prca14,likert5,4,2,True,validated,1
9c2fb4d0-06b4-4efd-afe3-a8d2c2c7a130,prca15,likert5,4,4,True,validated,0
9c2fb4d0-06b4-4efd-afe3-a8d2c2c7a130,prca16,likert5,2,4,True,validated,1
9c2fb4d0-06b4-4efd-afe3-a8d2c2c7a130,prca17,likert5,4,2,True,validated,1
9c2fb4d0-06b4-4efd-afe3-a8d2c2c7a130,prca18,likert5,3,3,True,validated,0
fd73e1b1-353a-4a72-9719-de5bcabc5b12,prca01,likert5,3,3,True,validated,0
fd73e1b1-353a-4a72-9719-de5bcabc5b12,prca02,likert5,3,3,True,validated,1
fd73e1b1-353a-4a72-9719-de5bcabc5b12,prca03,likert5,4,4,True,validated,0
fd73e1b1-353a-4a72-9719-de5bcabc5b12,prca04,likert5,4,2,True,validated,1
fd73e1b1-353a-4a72-9719-de5bcabc5b12,prca05,likert5,3,3,True,validated,0
fd73e1b1-353a-4a72-9719-de5bcabc5b12,prca06,likert5,3,3,True,validated,1
fd73e1b1-353a-4a72-9719-de5bcabc5b12,prca13,likert5,5,5,True,validated,0
fd73e1b1-353a-4a72-9719-de5bcabc5b12,prca14,likert5,4,2,True,validated,1
fd73e1b1-353a-4a72-9719-de5bcabc5b12,prca15,likert5,4,4,True,validated,0
fd73e1b1-353a-4a72-9719-de5bcabc5b12,prca16,likert5,4,2,True,validated,1
fd73e1b1-353a-4a72-9719-de5bcabc5b12,prca17,likert5,5,1,True,validated,1
fd73e1b1-353a-4a72-9719-de5bcabc5b12,prca18,likert5,4,4,True,validated,0
bb55cc32-7f70-4c7c-9591-66b6ceec8aa2,prca01,likert5,4,4,True,validated,0
bb55cc32-7f70-4c7c-9591-66b6ceec8aa2,prca02,likert5,3,3,True,validated,1
bb55cc32-7f70-4c7c-9591-66b6ceec8aa2,prca03,likert5,4,4,True,validated,0
bb55cc32-7f70-4c7c-9591-66b6ceec8aa2,prca04,likert5,4,2,True,validated,1
bb55cc32-7f70-4c7c-9591-66b6ceec8aa2,prca05,likert5,5,5,True,validated,0
bb55cc32-7f70-4c7c-9591-66b6ceec8aa2,prca06,likert5,4,2,True,validated,1
bb55cc32-7f70-4c7c-9591-66b6ceec8aa2,prca13,likert5,4,4,True,validated,0
bb55cc32-7f70-4c7c-9591-66b6ceec8aa2,prca14,likert5,3,3,True,validated,1
bb55cc32-7f70-4c7c-9591-66b6ceec8aa2,prca15,likert5,3,3,True,validated,0
bb55cc32-7f70-4c7c-9591-66b6ceec8aa2,prca16,likert5,5,1,True,validated,1
bb55cc32-7f70-4c7c-9591-66b6ceec8aa2,prca17,likert5,4,2,True,validated,1
bb55cc32-7f70-4c7c-9591-66b6ceec8aa2,prca18,likert5,4,4,True,validated,0
663d415c-7ed5-4303-a41e-86a5ff45a2bf,prca01,likert5,3,3,True,validated,0
663d415c-7ed5-4303-a41e-86a5ff45a2bf,prca02,likert5,4,2,True,validated,1
663d415c-7ed5-4303-a41e-86a5ff45a2bf,prca03,likert5,3,3,True,validated,0
663d415c-7ed5-4303-a41e-86a5ff45a2bf,prca04,likert5,3,3,True,validated,1
663d415c-7ed5-4303-a41e-86a5ff45a2bf,prca05,likert5,3,3,True,validated,0
663d415c-7ed5-4303-a41e-86a5ff45a2bf,prca06,likert5,4,2,True,validated,1
663d415c-7ed5-4303-a41e-86a5ff45a2bf,prca13,likert5,4,4,True,validated,0
663d415c-7ed5-4303-a41e-86a5ff45a2bf,prca14,likert5,4,2,True,validated,1
663d415c-7ed5-4303-a41e-86a5ff45a2bf,prca15,likert5,4,4,True,validated,0
663d415c-7ed5-4303-a41e-86a5ff45a2bf,prca16,likert5,4,2,True,validated,1
663d415c-7ed5-4303-a41e-86a5ff45a2bf,prca17,likert5,4,2,True,validated,1
663d415c-7ed5-4303-a41e-86a5ff45a2bf,prca18,likert5,4,4,True,validated,0
48ddb29a-c69a-4864-a000-b5c69714cb14,prca01,likert5,4,4,True,validated,0
48ddb29a-c69a-4864-a000-b5c69714cb14,prca02,likert5,4,2,True,validated,1
48ddb29a-c69a-4864-a000-b5c69714cb14,prca03,likert5,3,3,True,validated,0
48ddb29a-c69a-4864-a000-b5c69714cb14,prca04,likert5,3,3,True,validated,1
48ddb29a-c69a-4864-a000-b5c69714cb14,prca05,likert5,4,4,True,validated,0
48ddb29a-c69a-4864-a000-b5c69714cb14,prca06,likert5,4,2,True,validated,1
48ddb29a-c69a-4864-a000-b5c69714cb14,prca13,likert5,4,4,True,validated,0
48ddb29a-c69a-4864-a000-b5c69714cb14,prca14,likert5,4,2,True,validated,1
48ddb29a-c69a-4864-a000-b5c69714cb14,prca15,likert5,3,3,True,validated,0
48ddb29a-c69a-4864-a000-b5c69714cb14,prca16,likert5,5,1,True,validated,1
48ddb29a-c69a-4864-a000-b5c69714cb14,prca17,likert5,3,3,True,validated,1
48ddb29a-c69a-4864-a000-b5c69714cb14,prca18,likert5,4,4,True,validated,0
8fad615f-f41b-48c6-ac3c-5f935a5419aa,prca01,likert5,1,1,True,validated,0
8fad615f-f41b-48c6-ac3c-5f935a5419aa,prca02,likert5,3,3,True,validated,1
8fad615f-f41b-48c6-ac3c-5f935a5419aa,prca03,likert5,3,3,True,validated,0
8fad615f-f41b-48c6-ac3c-5f935a5419aa,prca04,likert5,4,2,True,validated,1
8fad615f-f41b-48c6-ac3c-5f935a5419aa,prca05,likert5,4,4,True,validated,0
8fad615f-f41b-48c6-ac3c-5f935a5419aa,prca06,likert5,3,3,True,validated,1
8fad615f-f41b-48c6-ac3c-5f935a5419aa,prca13,likert5,4,4,True,validated,0
8fad615f-f41b-48c6-ac3c-5f935a5419aa,prca14,likert5,3,3,True,validated,1
8fad615f-f41b-48c6-ac3c-5f935a5419aa,prca15,likert5,4,4,True,validated,0
8fad615f-f41b-48c6-ac3c-5f935a5419aa,prca16,likert5,4,2,True,validated,1
8fad615f-f41b-48c6-ac3c-5f935a5419aa,prca17,likert5,3,3,True,validated,1
8fad615f-f41b-48c6-ac3c-5f935a5419aa,prca18,likert5,4,4,True,validated,0
0a624615-489c-447e-9743-5541b6f57652,prca01,likert5,4,4,True,validated,0
0a624615-489c-447e-9743-5541b6f57652,prca02,likert5,4,2,True,validated,1
0a624615-489c-447e-9743-5541b6f57652,prca03,likert5,1,1,True,validated,0
0a624615-489c-447e-9743-5541b6f57652,prca04,likert5,4,2,True,validated,1
0a624615-489c-447e-9743-5541b6f57652,prca05,likert5,4,4,True,validated,0
0a624615-489c-447e-9743-5541b6f57652,prca06,likert5,5,1,True,validated,1
0a624615-489c-447e-9743-5541b6f57652,prca13,likert5,3,3,True,validated,0
0a624615-489c-447e-9743-5541b6f57652,prca14,likert5,4,2,True,validated,1
0a624615-489c-447e-9743-5541b6f57652,prca15,likert5,3,3,True,validated,0
0a624615-489c-447e-9743-5541b6f57652,prca16,likert5,4,2,True,validated,1
0a624615-489c-447e-9743-5541b6f57652,prca17,likert5,3,3,True,validated,1
0a624615-489c-447e-9743-5541b6f57652,prca18,likert5,1,1,True,validated,0
5bb886a9-009d-4219-a8b2-bd227a97e703,prca01,likert5,3,3,True,validated,0
5bb886a9-009d-4219-a8b2-bd227a97e703,prca02,likert5,4,2,True,validated,1
5bb886a9-009d-4219-a8b2-bd227a97e703,prca03,likert5,5,5,True,validated,0
5bb886a9-009d-4219-a8b2-bd227a97e703,prca04,likert5,4,2,True,validated,1
5bb886a9-009d-4219-a8b2-bd227a97e703,prca05,likert5,4,4,True,validated,0
5bb886a9-009d-4219-a8b2-bd227a97e703,prca06,likert5,5,1,True,validated,1
5bb886a9-009d-4219-a8b2-bd227a97e703,prca13,likert5,3,3,True,validated,0
5bb886a9-009d-4219-a8b2-bd227a97e703,prca14,likert5,4,2,True,validated,1
5bb886a9-009d-4219-a8b2-bd227a97e703,prca15,likert5,4,4,True,validated,0
5bb886a9-009d-4219-a8b2-bd227a97e703,prca16,likert5,1,5,True,validated,1
5bb886a9-009d-4219-a8b2-bd227a97e703,prca17,likert5,4,2,True,validated,1
5bb886a9-009d-4219-a8b2-bd227a97e703,prca18,likert5,4,4,True,validated,0
37b474f0-ccbb-4739-8d9e-cb6f35766a1f,prca01,likert5,4,4,True,validated,0
37b474f0-ccbb-4739-8d9e-cb6f35766a1f,prca02,likert5,4,2,True,validated,1
37b474f0-ccbb-4739-8d9e-cb6f35766a1f,prca03,likert5,4,4,True,validated,0
37b474f0-ccbb-4739-8d9e-cb6f35766a1f,prca04,likert5,3,3,True,validated,1
37b474f0-ccbb-4739-8d9e-cb6f35766a1f,prca05,likert5,4,4,True,validated,0
37b474f0-ccbb-4739-8d9e-cb6f35766a1f,prca06,likert5,3,3,True,validated,1
37b474f0-ccbb-4739-8d9e-cb6f35766a1f,prca13,likert5,4,4,True,validated,0
37b474f0-ccbb-4739-8d9e-cb6f35766a1f,prca14,likert5,4,2,True,validated,1
37b474f0-ccbb-4739-8d9e-cb6f35766a1f,prca15,likert5,4,4,True,validated,0
37b474f0-ccbb-4739-8d9e-cb6f35766a1f,prca16,likert5,3,3,True,validated,1
37b474f0-ccbb-4739-8d9e-cb6f35766a1f,prca17,likert5,4,2,True,validated,1
37b474f0-ccbb-4739-8d9e-cb6f35766a1f,prca18,likert5,3,3,True,validated,0
53f7efbe-3483-4458-be5b-09b3b0458e5d,prca01,likert5,3,3,True,validated,0
53f7efbe-3483-4458-be5b-09b3b0458e5d,prca02,likert5,4,2,True,validated,1
53f7efbe-3483-4458-be5b-09b3b0458e5d,prca03,likert5,1,1,True,validated,0
53f7efbe-3483-4458-be5b-09b3b0458e5d,prca04,likert5,4,2,True,validated,1
53f7efbe-3483-4458-be5b-09b3b0458e5d,prca05,likert5,4,4,True,validated,0
53f7efbe-3483-4458-be5b-09b3b0458e5d,prca06,likert5,3,3,True,validated,1
53f7efbe-3483-4458-be5b-09b3b0458e5d,prca13,likert5,5,5,True,validated,0
53f7efbe-3483-4458-be5b-09b3b0458e5d,prca14,likert5,4,2,True,validated,1
53f7efbe-3483-4458-be5b-09b3b0458e5d,prca15,likert5,4,4,True,validated,0
53f7efbe-3483-4458-be5b-09b3b0458e5d,prca16,likert5,3,3,True,validated,1
53f7efbe-3483-4458-be5b-09b3b0458e5d,prca17,likert5,4,2,True,validated,1
53f7efbe-3483-4458-be5b-09b3b0458e5d,prca18,likert5,3,3,True,validated,0
6e58cd0b-1f8e-4cce-a21b-7e299c5d3f76,prca01,likert5,3,3,True,validated,0
6e58cd0b-1f8e-4cce-a21b-7e299c5d3f76,prca02,likert5,4,2,True,validated,1
6e58cd0b-1f8e-4cce-a21b-7e299c5d3f76,prca03,likert5,5,5,True,validated,0
6e58cd0b-1f8e-4cce-a21b-7e299c5d3f76,prca04,likert5,4,2,True,validated,1
6e58cd0b-1f8e-4cce-a21b-7e299c5d3f76,prca05,likert5,5,5,True,validated,0
6e58cd0b-1f8e-4cce-a21b-7e299c5d3f76,prca06,likert5,4,2,True,validated,1
6e58cd0b-1f8e-4cce-a21b-7e299c5d3f76,prca13,likert5,3,3,True,validated,0
6e58cd0b-1f8e-4cce-a21b-7e299c5d3f76,prca14,likert5,4,2,True,validated,1
6e58cd0b-1f8e-4cce-a21b-7e299c5d3f76,prca15,likert5,4,4,True,validated,0
6e58cd0b-1f8e-4cce-a21b-7e299c5d3f76,prca16,likert5,3,3,True,validated,1
6e58cd0b-1f8e-4cce-a21b-7e299c5d3f76,prca17,likert5,4,2,True,validated,1
6e58cd0b-1f8e-4cce-a21b-7e299c5d3f76,prca18,likert5,4,4,True,validated,0
36483e50-a993-4203-8226-5bf5dc650d28,prca01,likert5,4,4,True,validated,0
36483e50-a993-4203-8226-5bf5dc650d28,prca02,likert5,4,2,True,validated,1
36483e50-a993-4203-8226-5bf5dc650d28,prca03,likert5,4,4,True,validated,0
36483e50-a993-4203-8226-5bf5dc650d28,prca04,likert5,4,2,True,validated,1
36483e50-a993-4203-8226-5bf5dc650d28,prca05,likert5,4,4,True,validated,0
36483e50-a993-4203-8226-5bf5dc650d28,prca06,likert5,4,2,True,validated,1
36483e50-a993-4203-8226-5bf5dc650d28,prca13,likert5,4,4,True,validated,0
36483e50-a993-4203-8226-5bf5dc650d28,prca14,likert5,3,3,True,validated,1
36483e50-a993-4203-8226-5bf5dc650d28,prca15,likert5,3,3,True,validated,0
36483e50-a993-4203-8226-5bf5dc650d28,prca16,likert5,4,2,True,validated,1
36483e50-a993-4203-8226-5bf5dc650d28,prca17,likert5,3,3,True,validated,1
36483e50-a993-4203-8226-5bf5dc650d28,prca18,likert5,3,3,True,validated,0
5b2af9a9-f93e-4b78-8ded-6cdfff29be81,prca01,likert5,4,4,True,validated,0
5b2af9a9-f93e-4b78-8ded-6cdfff29be81,prca02,likert5,4,2,True,validated,1
5b2af9a9-f93e-4b78-8ded-6cdfff29be81,prca03,likert5,5,5,True,validated,0
5b2af9a9-f93e-4b78-8ded-6cdfff29be81,prca04,likert5,5,1,True,validated,1
5b2af9a9-f93e-4b78-8ded-6cdfff29be81,prca05,likert5,3,3,True,validated,0
5b2af9a9-f93e-4b78-8ded-6cdfff29be81,prca06,likert5,3,3,True,validated,1
5b2af9a9-f93e-4b78-8ded-6cdfff29be81,prca13,likert5,4,4,True,validated,0
5b2af9a9-f93e-4b78-8ded-6cdfff29be81,prca14,likert5,3,3,True,validated,1
5b2af9a9-f93e-4b78-8ded-6cdfff29be81,prca15,likert5,3,3,True,validated,0
5b2af9a9-f93e-4b78-8ded-6cdfff29be81,prca16,likert5,4,2,True,validated,1
5b2af9a9-f93e-4b78-8ded-6cdfff29be81,prca17,likert5,4,2,True,validated,1
5b2af9a9-f93e-4b78-8ded-6cdfff29be81,prca18,likert5,4,4,True,validated,0
7fa5b2a8-f84c-4228-8e2e-4b9dc592f87b,prca01,likert5,3,3,True,validated,0
7fa5b2a8-f84c-4228-8e2e-4b9dc592f87b,prca02,likert5,3,3,True,validated,1
7fa5b2a8-f84c-4228-8e2e-4b9dc592f87b,prca03,likert5,3,3,True,validated,0
7fa5b2a8-f84c-4228-8e2e-4b9dc592f87b,prca04,likert5,4,2,True,validated,1
7fa5b2a8-f84c-4228-8e2e-4b9dc592f87b,prca05,likert5,4,4,True,validated,0
7fa5b2a8-f84c-4228-8e2e-4b9dc592f87b,prca06,likert5,4,2,True,validated,1
7fa5b2a8-f84c-4228-8e2e-4b9dc592f87b,prca13,likert5,3,3,True,validated,0
7fa5b2a8-f84c-4228-8e2e-4b9dc592f87b,prca14,likert5,4,2,True,validated,1
7fa5b2a8-f84c-4228-8e2e-4b9dc592f87b,prca15,likert5,4,4,True,validated,0
7fa5b2a8-f84c-4228-8e2e-4b9dc592f87b,prca16,likert5,3,3,True,validated,1
7fa5b2a8-f84c-4228-8e2e-4b9dc592f87b,prca17,likert5,5,1,True,validated,1
7fa5b2a8-f84c-4228-8e2e-4b9dc592f87b,prca18,likert5,4,4,True,validated,0
87a0e405-4d6b-4b05-9f3f-1bf7cfaba31b,prca01,likert5,4,4,True,validated,0
87a0e405-4d6b-4b05-9f3f-1bf7cfaba31b,prca02,likert5,4,2,True,validated,1
87a0e405-4d6b-4b05-9f3f-1bf7cfaba31b,prca03,likert5,4,4,True,validated,0
87a0e405-4d6b-4b05-9f3f-1bf7cfaba31b,prca04,likert5,3,3,True,validated,1
87a0e405-4d6b-4b05-9f3f-1bf7cfaba31b,prca05,likert5,4,4,True,validated,0
87a0e405-4d6b-4b05-9f3f-1bf7cfaba31b,prca06,likert5,4,2,True,validated,1
87a0e405-4d6b-4b05-9f3f-1bf7cfaba31b,prca13,likert5,2,2,True,validated,0
87a0e405-4d6b-4b05-9f3f-1bf7cfaba31b,prca14,likert5,4,2,True,validated,1
87a0e405-4d6b-4b05-9f3f-1bf7cfaba31b,prca15,likert5,4,4,True,validated,0
87a0e405-4d6b-4b05-9f3f-1bf7cfaba31b,prca16,likert5,4,2,True,validated,1
87a0e405-4d6b-4b05-9f3f-1bf7cfaba31b,prca17,likert5,5,1,True,validated,1
87a0e405-4d6b-4b05-9f3f-1bf7cfaba31b,prca18,likert5,4,4,True,validated,0
42790583-8d6c-4028-a007-3aa90b1bec58,prca01,likert5,4,4,True,validated,0
42790583-8d6c-4028-a007-3aa90b1bec58,prca02,likert5,4,2,True,validated,1
42790583-8d6c-4028-a007-3aa90b1bec58,prca03,likert5,4,4,True,validated,0
42790583-8d6c-4028-a007-3aa90b1bec58,prca04,likert5,4,2,True,validated,1
42790583-8d6c-4028-a007-3aa90b1bec58,prca05,likert5,3,3,True,validated,0
42790583-8d6c-4028-a007-3aa90b1bec58,prca06,likert5,4,2,True,validated,1
42790583-8d6c-4028-a007-3aa90b1bec58,prca13,likert5,5,5,True,validated,0
42790583-8d6c-4028-a007-3aa90b1bec58,prca14,likert5,4,2,True,validated,1
42790583-8d6c-4028-a007-3aa90b1bec58,prca15,likert5,4,4,True,validated,0
42790583-8d6c-4028-a007-3aa90b1bec58,prca16,likert5,4,2,True,validated,1
42790583-8d6c-4028-a007-3aa90b1bec58,prca17,likert5,4,2,True,validated,1
42790583-8d6c-4028-a007-3aa90b1bec58,prca18,likert5,4,4,True,validated,0
b5028a96-61e0-4d61-873e-ef6bdd50228e,prca01,likert5,4,4,True,validated,0
b5028a96-61e0-4d61-873e-ef6bdd50228e,prca02,likert5,4,2,True,validated,1
b5028a96-61e0-4d61-873e-ef6bdd50228e,prca03,likert5,2,2,True,validated,0
b5028a96-61e0-4d61-873e-ef6bdd50228e,prca04,likert5,5,1,True,validated,1
b5028a96-61e0-4d61-873e-ef6bdd50228e,prca05,likert5,5,5,True,validated,0
b5028a96-61e0-4d61-873e-ef6bdd50228e,prca06,likert5,4,2,True,validated,1
b5028a96-61e0-4d61-873e-ef6bdd50228e,prca13,likert5,4,4,True,validated,0
b5028a96-61e0-4d61-873e-ef6bdd50228e,prca14,likert5,4,2,True,validated,1
b5028a96-61e0-4d61-873e-ef6bdd50228e,prca15,likert5,3,3,True,validated,0
b5028a96-61e0-4d61-873e-ef6bdd50228e,prca16,likert5,4,2,True,validated,1
b5028a96-61e0-4d61-873e-ef6bdd50228e,prca17,likert5,4,2,True,validated,1
b5028a96-61e0-4d61-873e-ef6bdd50228e,prca18,likert5,4,4,True,validated,0
25c690ec-04d8-4aad-ae66-74cad34abd80,prca01,likert5,4,4,True,validated,0
25c690ec-04d8-4aad-ae66-74cad34abd80,prca02,likert5,3,3,True,validated,1
25c690ec-04d8-4aad-ae66-74cad34abd80,prca03,likert5,5,5,True,validated,0
25c690ec-04d8-4aad-ae66-74cad34abd80,prca04,likert5,4,2,True,validated,1
25c690ec-04d8-4aad-ae66-74cad34abd80,prca05,likert5,4,4,True,validated,0
25c690ec-04d8-4aad-ae66-74cad34abd80,prca06,likert5,4,2,True,validated,1
25c690ec-04d8-4aad-ae66-74cad34abd80,prca13,likert5,4,4,True,validated,0
25c690ec-04d8-4aad-ae66-74cad34abd80,prca14,likert5,4,2,True,validated,1
25c690ec-04d8-4aad-ae66-74cad34abd80,prca15,likert5,4,4,True,validated,0
25c690ec-04d8-4aad-ae66-74cad34abd80,prca16,likert5,4,2,True,validated,1
25c690ec-04d8-4aad-ae66-74cad34abd80,prca17,likert5,2,4,True,validated,1
25c690ec-04d8-4aad-ae66-74cad34abd80,prca18,likert5,3,3,True,validated,0
4510686a-60b0-4d25-9c37-8e9b7f4fbf47,prca01,likert5,4,4,True,validated,0
4510686a-60b0-4d25-9c37-8e9b7f4fbf47,prca02,likert5,4,2,True,validated,1
4510686a-60b0-4d25-9c37-8e9b7f4fbf47,prca03,likert5,4,4,True,validated,0
4510686a-60b0-4d25-9c37-8e9b7f4fbf47,prca04,likert5,4,2,True,validated,1
4510686a-60b0-4d25-9c37-8e9b7f4fbf47,prca05,likert5,4,4,True,validated,0
4510686a-60b0-4d25-9c37-8e9b7f4fbf47,prca06,likert5,4,2,True,validated,1
4510686a-60b0-4d25-9c37-8e9b7f4fbf47,prca13,likert5,5,5,True,validated,0
4510686a-60b0-4d25-9c37-8e9b7f4fbf47,prca14,likert5,3,3,True,validated,1
4510686a-60b0-4d25-9c37-8e9b7f4fbf47,prca15,likert5,3,3,True,validated,0
4510686a-60b0-4d25-9c37-8e9b7f4fbf47,prca16,likert5,4,2,True,validated,1
4510686a-60b0-4d25-9c37-8e9b7f4fbf47,prca17,likert5,4,2,True,validated,1
4510686a-60b0-4d25-9c37-8e9b7f4fbf47,prca18,likert5,3,3,True,validated,0
fbd0925f-6976-4f7a-85fc-5d475aa5f7ca,prca01,likert5,3,3,True,validated,0
fbd0925f-6976-4f7a-85fc-5d475aa5f7ca,prca02,likert5,4,2,True,validated,1
fbd0925f-6976-4f7a-85fc-5d475aa5f7ca,prca03,likert5,4,4,True,validated,0
fbd0925f-6976-4f7a-85fc-5d475aa5f7ca,prca04,likert5,4,2,True,validated,1
fbd0925f-6976-4f7a-85fc-5d475aa5f7ca,prca05,likert5,4,4,True,validated,0
fbd0925f-6976-4f7a-85fc-5d475aa5f7ca,prca06,likert5,4,2,True,validated,1
fbd0925f-6976-4f7a-85fc-5d475aa5f7ca,prca13,likert5,3,3,True,validated,0
fbd0925f-6976-4f7a-85fc-5d475aa5f7ca,prca14,likert5,4,2,True,validated,1
fbd0925f-6976-4f7a-85fc-5d475aa5f7ca,prca15,likert5,3,3,True,validated,0
fbd0925f-6976-4f7a-85fc-5d475aa5f7ca,prca16,likert5,4,2,True,validated,1
fbd0925f-6976-4f7a-85fc-5d475aa5f7ca,prca17,likert5,4,2,True,validated,1
fbd0925f-6976-4f7a-85fc-5d475aa5f7ca,prca18,likert5,3,3,True,validated,0
10843ed0-ed35-4191-a2d0-d2c49161cb5f,prca01,likert5,3,3,True,validated,0
10843ed0-ed35-4191-a2d0-d2c49161cb5f,prca02,likert5,4,2,True,validated,1
10843ed0-ed35-4191-a2d0-d2c49161cb5f,prca03,likert5,4,4,True,validated,0
10843ed0-ed35-4191-a2d0-d2c49161cb5f,prca04,likert5,4,2,True,validated,1
10843ed0-ed35-4191-a2d0-d2c49161cb5f,prca05,likert5,4,4,True,validated,0
10843ed0-ed35-4191-a2d0-d2c49161cb5f,prca06,likert5,4,2,True,validated,1
10843ed0-ed35-4191-a2d0-d2c49161cb5f,prca13,likert5,4,4,True,validated,0
10843ed0-ed35-4191-a2d0-d2c49161cb5f,prca14,likert5,4,2,True,validated,1
10843ed0-ed35-4191-a2d0-d2c49161cb5f,prca15,likert5,4,4,True,validated,0
10843ed0-ed35-4191-a2d0-d2c49161cb5f,prca16,likert5,3,3,True,validated,1
10843ed0-ed35-4191-a2d0-d2c49161cb5f,prca17,likert5,1,5,True,validated,1
10843ed0-ed35-4191-a2d0-d2c49161cb5f,prca18,likert5,3,3,True,validated,0
b3407313-40a5-4828-9dc8-598cd61fa7dd,prca01,likert5,4,4,True,validated,0
b3407313-40a5-4828-9dc8-598cd61fa7dd,prca02,likert5,4,2,True,validated,1
b3407313-40a5-4828-9dc8-598cd61fa7dd,prca03,likert5,4,4,True,validated,0
b3407313-40a5-4828-9dc8-598cd61fa7dd,prca04,likert5,4,2,True,validated,1
b3407313-40a5-4828-9dc8-598cd61fa7dd,prca05,likert5,5,5,True,validated,0
b3407313-40a5-4828-9dc8-598cd61fa7dd,prca06,likert5,4,2,True,validated,1
b3407313-40a5-4828-9dc8-598cd61fa7dd,prca13,likert5,4,4,True,validated,0
b3407313-40a5-4828-9dc8-598cd61fa7dd,prca14,likert5,4,2,True,validated,1
b3407313-40a5-4828-9dc8-598cd61fa7dd,prca15,likert5,4,4,True,validated,0
b3407313-40a5-4828-9dc8-598cd61fa7dd,prca16,likert5,4,2,True,validated,1
b3407313-40a5-4828-9dc8-598cd61fa7dd,prca17,likert5,4,2,True,validated,1
b3407313-40a5-4828-9dc8-598cd61fa7dd,prca18,likert5,4,4,True,validated,0
ef96634d-ef89-4608-af5b-dbec2cff1cf2,prca01,likert5,3,3,True,validated,0
ef96634d-ef89-4608-af5b-dbec2cff1cf2,prca02,likert5,4,2,True,validated,1
ef96634d-ef89-4608-af5b-dbec2cff1cf2,prca03,likert5,3,3,True,validated,0
ef96634d-ef89-4608-af5b-dbec2cff1cf2,prca04,likert5,4,2,True,validated,1
ef96634d-ef89-4608-af5b-dbec2cff1cf2,prca05,likert5,4,4,True,validated,0
ef96634d-ef89-4608-af5b-dbec2cff1cf2,prca06,likert5,4,2,True,validated,1
ef96634d-ef89-4608-af5b-dbec2cff1cf2,prca13,likert5,4,4,True,validated,0
ef96634d-ef89-4608-af5b-dbec2cff1cf2,prca14,likert5,5,1,True,validated,1
ef96634d-ef89-4608-af5b-dbec2cff1cf2,prca15,likert5,4,4,True,validated,0
ef96634d-ef89-4608-af5b-dbec2cff1cf2,prca16,likert5,4,2,True,validated,1
ef96634d-ef89-4608-af5b-dbec2cff1cf2,prca17,likert5,4,2,True,validated,1
ef96634d-ef89-4608-af5b-dbec2cff1cf2,prca18,likert5,3,3,True,validated,0
77caceaf-f849-4e1a-a0f7-11e2bb915a8e,prca01,likert5,4,4,True,validated,0
77caceaf-f849-4e1a-a0f7-11e2bb915a8e,prca02,likert5,4,2,True,validated,1
77caceaf-f849-4e1a-a0f7-11e2bb915a8e,prca03,likert5,4,4,True,validated,0
77caceaf-f849-4e1a-a0f7-11e2bb915a8e,prca04,likert5,4,2,True,validated,1
77caceaf-f849-4e1a-a0f7-11e2bb915a8e,prca05,likert5,4,4,True,validated,0
77caceaf-f849-4e1a-a0f7-11e2bb915a8e,prca06,likert5,4,2,True,validated,1
77caceaf-f849-4e1a-a0f7-11e2bb915a8e,prca13,likert5,4,4,True,validated,0
77caceaf-f849-4e1a-a0f7-11e2bb915a8e,prca14,likert5,4,2,True,validated,1
77caceaf-f849-4e1a-a0f7-11e2bb915a8e,prca15,likert5,1,1,True,validated,0
77caceaf-f849-4e1a-a0f7-11e2bb915a8e,prca16,likert5,4,2,True,validated,1
77caceaf-f849-4e1a-a0f7-11e2bb915a8e,prca17,likert5,3,3,True,validated,1
77caceaf-f849-4e1a-a0f7-11e2bb915a8e,prca18,likert5,4,4,True,validated,0
a2ffed15-4668-4f82-a70f-ed04e920ee7e,prca01,likert5,4,4,True,validated,0
a2ffed15-4668-4f82-a70f-ed04e920ee7e,prca02,likert5,4,2,True,validated,1
a2ffed15-4668-4f82-a70f-ed04e920ee7e,prca03,likert5,4,4,True,validated,0
a2ffed15-4668-4f82-a70f-ed04e920ee7e,prca04,likert5,4,2,True,validated,1
a2ffed15-4668-4f82-a70f-ed04e920ee7e,prca05,likert5,5,5,True,validated,0
a2ffed15-4668-4f82-a70f-ed04e920ee7e,prca06,likert5,4,2,True,validated,1
a2ffed15-4668-4f82-a70f-ed04e920ee7e,prca13,likert5,5,5,True,validated,0
a2ffed15-4668-4f82-a70f-ed04e920ee7e,prca14,likert5,5,1,True,validated,1
a2ffed15-4668-4f82-a70f-ed04e920ee7e,prca15,likert5,4,4,True,validated,0
a2ffed15-4668-4f82-a70f-ed04e920ee7e,prca16,likert5,5,1,True,validated,1
a2ffed15-4668-4f82-a70f-ed04e920ee7e,prca17,likert5,4,2,True,validated,1
a2ffed15-4668-4f82-a70f-ed04e920ee7e,prca18,likert5,5,5,True,validated,0
d39bc849-e419-4326-9b46-8c6d9f21313d,prca01,likert5,4,4,True,validated,0
d39bc849-e419-4326-9b46-8c6d9f21313d,prca02,likert5,4,2,True,validated,1
d39bc849-e419-4326-9b46-8c6d9f21313d,prca03,likert5,4,4,True,validated,0
d39bc849-e419-4326-9b46-8c6d9f21313d,prca04,likert5,4,2,True,validated,1
d39bc849-e419-4326-9b46-8c6d9f21313d,prca05,likert5,3,3,True,validated,0
d39bc849-e419-4326-9b46-8c6d9f21313d,prca06,likert5,3,3,True,validated,1
d39bc849-e419-4326-9b46-8c6d9f21313d,prca13,likert5,3,3,True,validated,0
d39bc849-e419-4326-9b46-8c6d9f21313d,prca14,likert5,5,1,True,validated,1
d39bc849-e419-4326-9b46-8c6d9f21313d,prca15,likert5,4,4,True,validated,0
d39bc849-e419-4326-9b46-8c6d9f21313d,prca16,likert5,4,2,True,validated,1
d39bc849-e419-4326-9b46-8c6d9f21313d,prca17,likert5,3,3,True,validated,1
d39bc849-e419-4326-9b46-8c6d9f21313d,prca18,likert5,4,4,True,validated,0
a1f1bc7d-8078-478c-945d-2ba42087d3ae,prca01,likert5,3,3,True,validated,0
a1f1bc7d-8078-478c-945d-2ba42087d3ae,prca02,likert5,4,2,True,validated,1
a1f1bc7d-8078-478c-945d-2ba42087d3ae,prca03,likert5,3,3,True,validated,0
a1f1bc7d-8078-478c-945d-2ba42087d3ae,prca04,likert5,4,2,True,validated,1
a1f1bc7d-8078-478c-945d-2ba42087d3ae,prca05,likert5,5,5,True,validated,0
a1f1bc7d-8078-478c-945d-2ba42087d3ae,prca06,likert5,5,1,True,validated,1
a1f1bc7d-8078-478c-945d-2ba42087d3ae,prca13,likert5,3,3,True,validated,0
a1f1bc7d-8078-478c-945d-2ba42087d3ae,prca14,likert5,4,2,True,validated,1
a1f1bc7d-8078-478c-945d-2ba42087d3ae,prca15,likert5,4,4,True,validated,0
a1f1bc7d-8078-478c-945d-2ba42087d3ae,prca16,likert5,4,2,True,validated,1
a1f1bc7d-8078-478c-945d-2ba42087d3ae,prca17,likert5,5,1,True,validated,1
a1f1bc7d-8078-478c-945d-2ba42087d3ae,prca18,likert5,4,4,True,validated,0
7054a699-21d6-4f49-8258-e8d27e3b5064,prca01,likert5,4,4,True,validated,0
7054a699-21d6-4f49-8258-e8d27e3b5064,prca02,likert5,2,4,True,validated,1
7054a699-21d6-4f49-8258-e8d27e3b5064,prca03,likert5,3,3,True,validated,0
7054a699-21d6-4f49-8258-e8d27e3b5064,prca04,likert5,3,3,True,validated,1
7054a699-21d6-4f49-8258-e8d27e3b5064,prca05,likert5,4,4,True,validated,0
7054a699-21d6-4f49-8258-e8d27e3b5064,prca06,likert5,4,2,True,validated,1
7054a699-21d6-4f49-8258-e8d27e3b5064,prca13,likert5,3,3,True,validated,0
7054a699-21d6-4f49-8258-e8d27e3b5064,prca14,likert5,4,2,True,validated,1
7054a699-21d6-4f49-8258-e8d27e3b5064,prca15,likert5,4,4,True,validated,0
7054a699-21d6-4f49-8258-e8d27e3b5064,prca16,likert5,4,2,True,validated,1
7054a699-21d6-4f49-8258-e8d27e3b5064,prca17,likert5,4,2,True,validated,1
7054a699-21d6-4f49-8258-e8d27e3b5064,prca18,likert5,4,4,True,validated,0
e9198de3-c5d5-4b30-8c35-7042fb163797,prca01,likert5,4,4,True,validated,0
e9198de3-c5d5-4b30-8c35-7042fb163797,prca02,likert5,4,2,True,validated,1
e9198de3-c5d5-4b30-8c35-7042fb163797,prca03,likert5,3,3,True,validated,0
e9198de3-c5d5-4b30-8c35-7042fb163797,prca04,likert5,4,2,True,validated,1
e9198de3-c5d5-4b30-8c35-7042fb163797,prca05,likert5,3,3,True,validated,0
e9198de3-c5d5-4b30-8c35-7042fb163797,prca06,likert5,3,3,True,validated,1
e9198de3-c5d5-4b30-8c35-7042fb163797,prca13,likert5,4,4,True,validated,0
e9198de3-c5d5-4b30-8c35-7042fb163797,prca14,likert5,3,3,True,validated,1
e9198de3-c5d5-4b30-8c35-7042fb163797,prca15,likert5,5,5,True,validated,0
e9198de3-c5d5-4b30-8c35-7042fb163797,prca16,likert5,4,2,True,validated,1
e9198de3-c5d5-4b30-8c35-7042fb163797,prca17,likert5,4,2,True,validated,1
e9198de3-c5d5-4b30-8c35-7042fb163797,prca18,likert5,4,4,True,validated,0
ba74308b-5c20-4a06-9563-5ca8fe4cdcb4,prca01,likert5,4,4,True,validated,0
ba74308b-5c20-4a06-9563-5ca8fe4cdcb4,prca02,likert5,4,2,True,validated,1
ba74308b-5c20-4a06-9563-5ca8fe4cdcb4,prca03,likert5,4,4,True,validated,0
ba74308b-5c20-4a06-9563-5ca8fe4cdcb4,prca04,likert5,4,2,True,validated,1
ba74308b-5c20-4a06-9563-5ca8fe4cdcb4,prca05,likert5,3,3,True,validated,0
ba74308b-5c20-4a06-9563-5ca8fe4cdcb4,prca06,likert5,5,1,True,validated,1
ba74308b-5c20-4a06-9563-5ca8fe4cdcb4,prca13,likert5,4,4,True,validated,0
ba74308b-5c20-4a06-9563-5ca8fe4cdcb4,prca14,likert5,5,1,True,validated,1
ba74308b-5c20-4a06-9563-5ca8fe4cdcb4,prca15,likert5,4,4,True,validated,0
ba74308b-5c20-4a06-9563-5ca8fe4cdcb4,prca16,likert5,4,2,True,validated,1
ba74308b-5c20-4a06-9563-5ca8fe4cdcb4,prca17,likert5,4,2,True,validated,1
ba74308b-5c20-4a06-9563-5ca8fe4cdcb4,prca18,likert5,3,3,True,validated,0
72efd134-bcaf-43cc-ad63-e327b1beb380,prca01,likert5,1,1,True,validated,0
72efd134-bcaf-43cc-ad63-e327b1beb380,prca02,likert5,3,3,True,validated,1
72efd134-bcaf-43cc-ad63-e327b1beb380,prca03,likert5,3,3,True,validated,0
72efd134-bcaf-43cc-ad63-e327b1beb380,prca04,likert5,4,2,True,validated,1
72efd134-bcaf-43cc-ad63-e327b1beb380,prca05,likert5,4,4,True,validated,0
72efd134-bcaf-43cc-ad63-e327b1beb380,prca06,likert5,4,2,True,validated,1
72efd134-bcaf-43cc-ad63-e327b1beb380,prca13,likert5,4,4,True,validated,0
72efd134-bcaf-43cc-ad63-e327b1beb380,prca14,likert5,4,2,True,validated,1
72efd134-bcaf-43cc-ad63-e327b1beb380,prca15,likert5,3,3,True,validated,0
72efd134-bcaf-43cc-ad63-e327b1beb380,prca16,likert5,4,2,True,validated,1
72efd134-bcaf-43cc-ad63-e327b1beb380,prca17,likert5,4,2,True,validated,1
72efd134-bcaf-43cc-ad63-e327b1beb380,prca18,likert5,4,4,True,validated,0
38a37317-c0dc-45f3-b117-f347b0879d37,prca01,likert5,4,4,True,validated,0
38a37317-c0dc-45f3-b117-f347b0879d37,prca02,likert5,4,2,True,validated,1
38a37317-c0dc-45f3-b117-f347b0879d37,prca03,likert5,3,3,True,validated,0
38a37317-c0dc-45f3-b117-f347b0879d37,prca04,likert5,3,3,True,validated,1
38a37317-c0dc-45f3-b117-f347b0879d37,prca05,likert5,4,4,True,validated,0
38a37317-c0dc-45f3-b117-f347b0879d37,prca06,likert5,4,2,True,validated,1
38a37317-c0dc-45f3-b117-f347b0879d37,prca13,likert5,3,3,True,validated,0
38a37317-c0dc-45f3-b117-f347b0879d37,prca14,likert5,3,3,True,validated,1
38a37317-c0dc-45f3-b117-f347b0879d37,prca15,likert5,3,3,True,validated,0
38a37317-c0dc-45f3-b117-f347b0879d37,prca16,likert5,3,3,True,validated,1
38a37317-c0dc-45f3-b117-f347b0879d37,prca17,likert5,4,2,True,validated,1
38a37317-c0dc-45f3-b117-f347b0879d37,prca18,likert5,4,4,True,validated,0
a6ff732f-c7dc-4fd1-85f4-d0085ebc4dd2,prca01,likert5,4,4,True,validated,0
a6ff732f-c7dc-4fd1-85f4-d0085ebc4dd2,prca02,likert5,4,2,True,validated,1
a6ff732f-c7dc-4fd1-85f4-d0085ebc4dd2,prca03,likert5,5,5,True,validated,0
a6ff732f-c7dc-4fd1-85f4-d0085ebc4dd2,prca04,likert5,3,3,True,validated,1
a6ff732f-c7dc-4fd1-85f4-d0085ebc4dd2,prca05,likert5,5,5,True,validated,0
a6ff732f-c7dc-4fd1-85f4-d0085ebc4dd2,prca06,likert5,5,1,True,validated,1
a6ff732f-c7dc-4fd1-85f4-d0085ebc4dd2,prca13,likert5,5,5,True,validated,0
a6ff732f-c7dc-4fd1-85f4-d0085ebc4dd2,prca14,likert5,3,3,True,validated,1
a6ff732f-c7dc-4fd1-85f4-d0085ebc4dd2,prca15,likert5,4,4,True,validated,0
a6ff732f-c7dc-4fd1-85f4-d0085ebc4dd2,prca16,likert5,3,3,True,validated,1
a6ff732f-c7dc-4fd1-85f4-d0085ebc4dd2,prca17,likert5,4,2,True,validated,1
a6ff732f-c7dc-4fd1-85f4-d0085ebc4dd2,prca18,likert5,4,4,True,validated,0
b11eca6e-6824-45b0-876d-14df50e1efbf,prca01,likert5,3,3,True,validated,0
b11eca6e-6824-45b0-876d-14df50e1efbf,prca02,likert5,5,1,True,validated,1
b11eca6e-6824-45b0-876d-14df50e1efbf,prca03,likert5,4,4,True,validated,0
b11eca6e-6824-45b0-876d-14df50e1efbf,prca04,likert5,5,1,True,validated,1
b11eca6e-6824-45b0-876d-14df50e1efbf,prca05,likert5,3,3,True,validated,0
b11eca6e-6824-45b0-876d-14df50e1efbf,prca06,likert5,2,4,True,validated,1
b11eca6e-6824-45b0-876d-14df50e1efbf,prca13,likert5,4,4,True,validated,0
b11eca6e-6824-45b0-876d-14df50e1efbf,prca14,likert5,4,2,True,validated,1
b11eca6e-6824-45b0-876d-14df50e1efbf,prca15,likert5,4,4,True,validated,0
b11eca6e-6824-45b0-876d-14df50e1efbf,prca16,likert5,3,3,True,validated,1
b11eca6e-6824-45b0-876d-14df50e1efbf,prca17,likert5,4,2,True,validated,1
b11eca6e-6824-45b0-876d-14df50e1efbf,prca18,likert5,4,4,True,validated,0
ee0e2e9b-afe5-4a14-8b1f-8e964436ff89,prca01,likert5,5,5,True,validated,0
ee0e2e9b-afe5-4a14-8b1f-8e964436ff89,prca02,likert5,4,2,True,validated,1
ee0e2e9b-afe5-4a14-8b1f-8e964436ff89,prca03,likert5,4,4,True,validated,0
ee0e2e9b-afe5-4a14-8b1f-8e964436ff89,prca04,likert5,4,2,True,validated,1
ee0e2e9b-afe5-4a14-8b1f-8e964436ff89,prca05,likert5,5,5,True,validated,0
ee0e2e9b-afe5-4a14-8b1f-8e964436ff89,prca06,likert5,5,1,True,validated,1
ee0e2e9b-afe5-4a14-8b1f-8e964436ff89,prca13,likert5,3,3,True,validated,0
ee0e2e9b-afe5-4a14-8b1f-8e964436ff89,prca14,likert5,3,3,True,validated,1
ee0e2e9b-afe5-4a14-8b1f-8e964436ff89,prca15,likert5,4,4,True,validated,0
ee0e2e9b-afe5-4a14-8b1f-8e964436ff89,prca16,likert5,4,2,True,validated,1
ee0e2e9b-afe5-4a14-8b1f-8e964436ff89,prca17,likert5,4,2,True,validated,1
ee0e2e9b-afe5-4a14-8b1f-8e964436ff89,prca18,likert5,3,3,True,validated,0
513e2532-5aa4-4ce9-9456-f20be9c24159,prca01,likert5,3,3,True,validated,0
513e2532-5aa4-4ce9-9456-f20be9c24159,prca02,likert5,4,2,True,validated,1
513e2532-5aa4-4ce9-9456-f20be9c24159,prca03,likert5,3,3,True,validated,0
513e2532-5aa4-4ce9-9456-f20be9c24159,prca04,likert5,4,2,True,validated,1
513e2532-5aa4-4ce9-9456-f20be9c24159,prca05,likert5,3,3,True,validated,0
513e2532-5aa4-4ce9-9456-f20be9c24159,prca06,likert5,4,2,True,validated,1
513e2532-5aa4-4ce9-9456-f20be9c24159,prca13,likert5,3,3,True,validated,0
513e2532-5aa4-4ce9-9456-f20be9c24159,prca14,likert5,4,2,True,validated,1
513e2532-5aa4-4ce9-9456-f20be9c24159,prca15,likert5,4,4,True,validated,0
513e2532-5aa4-4ce9-9456-f20be9c24159,prca16,likert5,4,2,True,validated,1
513e2532-5aa4-4ce9-9456-f20be9c24159,prca17,likert5,3,3,True,validated,1
513e2532-5aa4-4ce9-9456-f20be9c24159,prca18,likert5,3,3,True,validated,0
40c040c8-2417-4229-8e64-5381d018e5c5,prca01,likert5,3,3,True,validated,0
40c040c8-2417-4229-8e64-5381d018e5c5,prca02,likert5,3,3,True,validated,1
40c040c8-2417-4229-8e64-5381d018e5c5,prca03,likert5,2,2,True,validated,0
40c040c8-2417-4229-8e64-5381d018e5c5,prca04,likert5,4,2,True,validated,1
40c040c8-2417-4229-8e64-5381d018e5c5,prca05,likert5,4,4,True,validated,0
40c040c8-2417-4229-8e64-5381d018e5c5,prca06,likert5,4,2,True,validated,1
40c040c8-2417-4229-8e64-5381d018e5c5,prca13,likert5,3,3,True,validated,0
40c040c8-2417-4229-8e64-5381d018e5c5,prca14,likert5,4,2,True,validated,1
40c040c8-2417-4229-8e64-5381d018e5c5,prca15,likert5,5,5,True,validated,0
40c040c8-2417-4229-8e64-5381d018e5c5,prca16,likert5,4,2,True,validated,1
40c040c8-2417-4229-8e64-5381d018e5c5,prca17,likert5,4,2,True,validated,1
40c040c8-2417-4229-8e64-5381d018e5c5,prca18,likert5,4,4,True,validated,0
0b294faf-3a1e-420d-a4c6-06a0699a5c33,prca01,likert5,3,3,True,validated,0
0b294faf-3a1e-420d-a4c6-06a0699a5c33,prca02,likert5,5,1,True,validated,1
0b294faf-3a1e-420d-a4c6-06a0699a5c33,prca03,likert5,3,3,True,validated,0
0b294faf-3a1e-420d-a4c6-06a0699a5c33,prca04,likert5,3,3,True,validated,1
0b294faf-3a1e-420d-a4c6-06a0699a5c33,prca05,likert5,5,5,True,validated,0
0b294faf-3a1e-420d-a4c6-06a0699a5c33,prca06,likert5,5,1,True,validated,1
0b294faf-3a1e-420d-a4c6-06a0699a5c33,prca13,likert5,4,4,True,validated,0
0b294faf-3a1e-420d-a4c6-06a0699a5c33,prca14,likert5,4,2,True,validated,1
0b294faf-3a1e-420d-a4c6-06a0699a5c33,prca15,likert5,4,4,True,validated,0
0b294faf-3a1e-420d-a4c6-06a0699a5c33,prca16,likert5,4,2,True,validated,1
0b294faf-3a1e-420d-a4c6-06a0699a5c33,prca17,likert5,3,3,True,validated,1
0b294faf-3a1e-420d-a4c6-06a0699a5c33,prca18,likert5,4,4,True,validated,0
4d18e14d-a340-4c85-92a4-ebeba70b7f38,prca01,likert5,3,3,True,validated,0
4d18e14d-a340-4c85-92a4-ebeba70b7f38,prca02,likert5,4,2,True,validated,1
4d18e14d-a340-4c85-92a4-ebeba70b7f38,prca03,likert5,4,4,True,validated,0
4d18e14d-a340-4c85-92a4-ebeba70b7f38,prca04,likert5,4,2,True,validated,1
4d18e14d-a340-4c85-92a4-ebeba70b7f38,prca05,likert5,4,4,True,validated,0
4d18e14d-a340-4c85-92a4-ebeba70b7f38,prca06,likert5,4,2,True,validated,1
4d18e14d-a340-4c85-92a4-ebeba70b7f38,prca13,likert5,4,4,True,validated,0
4d18e14d-a340-4c85-92a4-ebeba70b7f38,prca14,likert5,3,3,True,validated,1
4d18e14d-a340-4c85-92a4-ebeba70b7f38,prca15,likert5,3,3,True,validated,0
4d18e14d-a340-4c85-92a4-ebeba70b7f38,prca16,likert5,4,2,True,validated,1
4d18e14d-a340-4c85-92a4-ebeba70b7f38,prca17,likert5,4,2,True,validated,1
4d18e14d-a340-4c85-92a4-ebeba70b7f38,prca18,likert5,3,3,True,validated,0
842e46a2-b436-43d1-b1af-281ab83dca09,prca01,likert5,4,4,True,validated,0
842e46a2-b436-43d1-b1af-281ab83dca09,prca02,likert5,4,2,True,validated,1
842e46a2-b436-43d1-b1af-281ab83dca09,prca03,likert5,4,4,True,validated,0
842e46a2-b436-43d1-b1af-281ab83dca09,prca04,likert5,4,2,True,validated,1
842e46a2-b436-43d1-b1af-281ab83dca09,prca05,likert5,4,4,True,validated,0
842e46a2-b436-43d1-b1af-281ab83dca09,prca06,likert5,4,2,True,validated,1
842e46a2-b436-43d1-b1af-281ab83dca09,prca13,likert5,4,4,True,validated,0
842e46a2-b436-43d1-b1af-281ab83dca09,prca14,likert5,1,5,True,validated,1
842e46a2-b436-43d1-b1af-281ab83dca09,prca15,likert5,3,3,True,validated,0
842e46a2-b436-43d1-b1af-281ab83dca09,prca16,likert5,4,2,True,validated,1
842e46a2-b436-43d1-b1af-281ab83dca09,prca17,likert5,3,3,True,validated,1
842e46a2-b436-43d1-b1af-281ab83dca09,prca18,likert5,1,1,True,validated,0
06de5532-e11f-482e-9921-5021f218afa1,prca01,likert5,5,5,True,validated,0
06de5532-e11f-482e-9921-5021f218afa1,prca02,likert5,5,1,True,validated,1
06de5532-e11f-482e-9921-5021f218afa1,prca03,likert5,4,4,True,validated,0
06de5532-e11f-482e-9921-5021f218afa1,prca04,likert5,3,3,True,validated,1
06de5532-e11f-482e-9921-5021f218afa1,prca05,likert5,4,4,True,validated,0
06de5532-e11f-482e-9921-5021f218afa1,prca06,likert5,4,2,True,validated,1
06de5532-e11f-482e-9921-5021f218afa1,prca13,likert5,4,4,True,validated,0
06de5532-e11f-482e-9921-5021f218afa1,prca14,likert5,4,2,True,validated,1
06de5532-e11f-482e-9921-5021f218afa1,prca15,likert5,4,4,True,validated,0
06de5532-e11f-482e-9921-5021f218afa1,prca16,likert5,5,1,True,validated,1
06de5532-e11f-482e-9921-5021f218afa1,prca17,likert5,4,2,True,validated,1
06de5532-e11f-482e-9921-5021f218afa1,prca18,likert5,4,4,True,validated,0
28ee4cfc-4ff8-419b-834d-2caf7298ee68,prca01,likert5,4,4,True,validated,0
28ee4cfc-4ff8-419b-834d-2caf7298ee68,prca02,likert5,4,2,True,validated,1
28ee4cfc-4ff8-419b-834d-2caf7298ee68,prca03,likert5,4,4,True,validated,0
28ee4cfc-4ff8-419b-834d-2caf7298ee68,prca04,likert5,4,2,True,validated,1
28ee4cfc-4ff8-419b-834d-2caf7298ee68,prca05,likert5,5,5,True,validated,0
28ee4cfc-4ff8-419b-834d-2caf7298ee68,prca06,likert5,4,2,True,validated,1
28ee4cfc-4ff8-419b-834d-2caf7298ee68,prca13,likert5,3,3,True,validated,0
28ee4cfc-4ff8-419b-834d-2caf7298ee68,prca14,likert5,5,1,True,validated,1
28ee4cfc-4ff8-419b-834d-2caf7298ee68,prca15,likert5,3,3,True,validated,0
28ee4cfc-4ff8-419b-834d-2caf7298ee68,prca16,likert5,4,2,True,validated,1
28ee4cfc-4ff8-419b-834d-2caf7298ee68,prca17,likert5,4,2,True,validated,1
28ee4cfc-4ff8-419b-834d-2caf7298ee68,prca18,likert5,4,4,True,validated,0
54f4799b-f492-4efd-b1c2-fafea1ee10ea,prca01,likert5,3,3,True,validated,0
54f4799b-f492-4efd-b1c2-fafea1ee10ea,prca02,likert5,4,2,True,validated,1
54f4799b-f492-4efd-b1c2-fafea1ee10ea,prca03,likert5,4,4,True,validated,0
54f4799b-f492-4efd-b1c2-fafea1ee10ea,prca04,likert5,4,2,True,validated,1
54f4799b-f492-4efd-b1c2-fafea1ee10ea,prca05,likert5,2,2,True,validated,0
54f4799b-f492-4efd-b1c2-fafea1ee10ea,prca06,likert5,4,2,True,validated,1
54f4799b-f492-4efd-b1c2-fafea1ee10ea,prca13,likert5,4,4,True,validated,0
54f4799b-f492-4efd-b1c2-fafea1ee10ea,prca14,likert5,4,2,True,validated,1
54f4799b-f492-4efd-b1c2-fafea1ee10ea,prca15,likert5,5,5,True,validated,0
54f4799b-f492-4efd-b1c2-fafea1ee10ea,prca16,likert5,3,3,True,validated,1
54f4799b-f492-4efd-b1c2-fafea1ee10ea,prca17,likert5,4,2,True,validated,1
54f4799b-f492-4efd-b1c2-fafea1ee10ea,prca18,likert5,3,3,True,validated,0
8b7dc5ac-f018-4fee-a20c-94a388646983,prca01,likert5,3,3,True,validated,0
8b7dc5ac-f018-4fee-a20c-94a388646983,prca02,likert5,4,2,True,validated,1
8b7dc5ac-f018-4fee-a20c-94a388646983,prca03,likert5,3,3,True,validated,0
8b7dc5ac-f018-4fee-a20c-94a388646983,prca04,likert5,4,2,True,validated,1
8b7dc5ac-f018-4fee-a20c-94a388646983,prca05,likert5,3,3,True,validated,0
8b7dc5ac-f018-4fee-a20c-94a388646983,prca06,likert5,4,2,True,validated,1
8b7dc5ac-f018-4fee-a20c-94a388646983,prca13,likert5,3,3,True,validated,0
8b7dc5ac-f018-4fee-a20c-94a388646983,prca14,likert5,4,2,True,validated,1
8b7dc5ac-f018-4fee-a20c-94a388646983,prca15,likert5,4,4,True,validated,0
8b7dc5ac-f018-4fee-a20c-94a388646983,prca16,likert5,4,2,True,validated,1
8b7dc5ac-f018-4fee-a20c-94a388646983,prca17,likert5,5,1,True,validated,1
8b7dc5ac-f018-4fee-a20c-94a388646983,prca18,likert5,4,4,True,validated,0
62b59bf1-a537-41a0-a18d-bdaa5174b2ba,prca01,likert5,3,3,True,validated,0
62b59bf1-a537-41a0-a18d-bdaa5174b2ba,prca02,likert5,4,2,True,validated,1
62b59bf1-a537-41a0-a18d-bdaa5174b2ba,prca03,likert5,4,4,True,validated,0
62b59bf1-a537-41a0-a18d-bdaa5174b2ba,prca04,likert5,4,2,True,validated,1
62b59bf1-a537-41a0-a18d-bdaa5174b2ba,prca05,likert5,4,4,True,validated,0
62b59bf1-a537-41a0-a18d-bdaa5174b2ba,prca06,likert5,5,1,True,validated,1
62b59bf1-a537-41a0-a18d-bdaa5174b2ba,prca13,likert5,4,4,True,validated,0
62b59bf1-a537-41a0-a18d-bdaa5174b2ba,prca14,likert5,3,3,True,validated,1
62b59bf1-a537-41a0-a18d-bdaa5174b2ba,prca15,likert5,4,4,True,validated,0
62b59bf1-a537-41a0-a18d-bdaa5174b2ba,prca16,likert5,3,3,True,validated,1
62b59bf1-a537-41a0-a18d-bdaa5174b2ba,prca17,likert5,3,3,True,validated,1
62b59bf1-a537-41a0-a18d-bdaa5174b2ba,prca18,likert5,4,4,True,validated,0
f719285b-bcdc-45bd-b27f-309aafc49972,prca01,likert5,4,4,True,validated,0
f719285b-bcdc-45bd-b27f-309aafc49972,prca02,likert5,5,1,True,validated,1
f719285b-bcdc-45bd-b27f-309aafc49972,prca03,likert5,3,3,True,validated,0
f719285b-bcdc-45bd-b27f-309aafc49972,prca04,likert5,4,2,True,validated,1
f719285b-bcdc-45bd-b27f-309aafc49972,prca05,likert5,4,4,True,validated,0
f719285b-bcdc-45bd-b27f-309aafc49972,prca06,likert5,4,2,True,validated,1
f719285b-bcdc-45bd-b27f-309aafc49972,prca13,likert5,4,4,True,validated,0
f719285b-bcdc-45bd-b27f-309aafc49972,prca14,likert5,4,2,True,validated,1
f719285b-bcdc-45bd-b27f-309aafc49972,prca15,likert5,5,5,True,validated,0
f719285b-bcdc-45bd-b27f-309aafc49972,prca16,likert5,4,2,True,validated,1
f719285b-bcdc-45bd-b27f-309aafc49972,prca17,likert5,4,2,True,validated,1
f719285b-bcdc-45bd-b27f-309aafc49972,prca18,likert5,4,4,True,validated,0
29ed3d9d-87f3-4c05-9ba9-260efbb85ad9,prca01,likert5,3,3,True,validated,0
29ed3d9d-87f3-4c05-9ba9-260efbb85ad9,prca02,likert5,3,3,True,validated,1
29ed3d9d-87f3-4c05-9ba9-260efbb85ad9,prca03,likert5,4,4,True,validated,0
29ed3d9d-87f3-4c05-9ba9-260efbb85ad9,prca04,likert5,4,2,True,validated,1
29ed3d9d-87f3-4c05-9ba9-260efbb85ad9,prca05,likert5,4,4,True,validated,0
29ed3d9d-87f3-4c05-9ba9-260efbb85ad9,prca06,likert5,4,2,True,validated,1
29ed3d9d-87f3-4c05-9ba9-260efbb85ad9,prca13,likert5,3,3,True,validated,0
29ed3d9d-87f3-4c05-9ba9-260efbb85ad9,prca14,likert5,3,3,True,validated,1
29ed3d9d-87f3-4c05-9ba9-260efbb85ad9,prca15,likert5,4,4,True,validated,0
29ed3d9d-87f3-4c05-9ba9-260efbb85ad9,prca16,likert5,4,2,True,validated,1
29ed3d9d-87f3-4c05-9ba9-260efbb85ad9,prca17,likert5,4,2,True,validated,1
29ed3d9d-87f3-4c05-9ba9-260efbb85ad9,prca18,likert5,3,3,True,validated,0
fa9ec519-b406-4a27-8403-a9b083b6b0d5,prca01,likert5,3,3,True,validated,0
fa9ec519-b406-4a27-8403-a9b083b6b0d5,prca02,likert5,3,3,True,validated,1
fa9ec519-b406-4a27-8403-a9b083b6b0d5,prca03,likert5,3,3,True,validated,0
fa9ec519-b406-4a27-8403-a9b083b6b0d5,prca04,likert5,4,2,True,validated,1
fa9ec519-b406-4a27-8403-a9b083b6b0d5,prca05,likert5,4,4,True,validated,0
fa9ec519-b406-4a27-8403-a9b083b6b0d5,prca06,likert5,2,4,True,validated,1
fa9ec519-b406-4a27-8403-a9b083b6b0d5,prca13,likert5,1,1,True,validated,0
fa9ec519-b406-4a27-8403-a9b083b6b0d5,prca14,likert5,3,3,True,validated,1
fa9ec519-b406-4a27-8403-a9b083b6b0d5,prca15,likert5,3,3,True,validated,0
fa9ec519-b406-4a27-8403-a9b083b6b0d5,prca16,likert5,4,2,True,validated,1
fa9ec519-b406-4a27-8403-a9b083b6b0d5,prca17,likert5,4,2,True,validated,1
fa9ec519-b406-4a27-8403-a9b083b6b0d5,prca18,likert5,4,4,True,validated,0
bc2edb8f-e687-45c6-8960-01d768475d49,prca01,likert5,4,4,True,validated,0
bc2edb8f-e687-45c6-8960-01d768475d49,prca02,likert5,4,2,True,validated,1
bc2edb8f-e687-45c6-8960-01d768475d49,prca03,likert5,2,2,True,validated,0
bc2edb8f-e687-45c6-8960-01d768475d49,prca04,likert5,5,1,True,validated,1
bc2edb8f-e687-45c6-8960-01d768475d49,prca05,likert5,4,4,True,validated,0
bc2edb8f-e687-45c6-8960-01d768475d49,prca06,likert5,5,1,True,validated,1
bc2edb8f-e687-45c6-8960-01d768475d49,prca13,likert5,5,5,True,validated,0
bc2edb8f-e687-45c6-8960-01d768475d49,prca14,likert5,3,3,True,validated,1
bc2edb8f-e687-45c6-8960-01d768475d49,prca15,likert5,4,4,True,validated,0
bc2edb8f-e687-45c6-8960-01d768475d49,prca16,likert5,4,2,True,validated,1
bc2edb8f-e687-45c6-8960-01d768475d49,prca17,likert5,4,2,True,validated,1
bc2edb8f-e687-45c6-8960-01d768475d49,prca18,likert5,4,4,True,validated,0
f0b640d4-ee28-492c-97de-def3caa58ac4,prca01,likert5,4,4,True,validated,0
f0b640d4-ee28-492c-97de-def3caa58ac4,prca02,likert5,4,2,True,validated,1
f0b640d4-ee28-492c-97de-def3caa58ac4,prca03,likert5,4,4,True,validated,0
f0b640d4-ee28-492c-97de-def3caa58ac4,prca04,likert5,4,2,True,validated,1
f0b640d4-ee28-492c-97de-def3caa58ac4,prca05,likert5,3,3,True,validated,0
f0b640d4-ee28-492c-97de-def3caa58ac4,prca06,likert5,4,2,True,validated,1
f0b640d4-ee28-492c-97de-def3caa58ac4,prca13,likert5,4,4,True,validated,0
f0b640d4-ee28-492c-97de-def3caa58ac4,prca14,likert5,4,2,True,validated,1
f0b640d4-ee28-492c-97de-def3caa58ac4,prca15,likert5,4,4,True,validated,0
f0b640d4-ee28-492c-97de-def3caa58ac4,prca16,likert5,3,3,True,validated,1
f0b640d4-ee28-492c-97de-def3caa58ac4,prca17,likert5,4,2,True,validated,1
f0b640d4-ee28-492c-97de-def3caa58ac4,prca18,likert5,4,4,True,validated,0
816a436f-8cf1-46c2-a552-eecda6c6b796,prca01,likert5,4,4,True,validated,0
816a436f-8cf1-46c2-a552-eecda6c6b796,prca02,likert5,2,4,True,validated,1
816a436f-8cf1-46c2-a552-eecda6c6b796,prca03,likert5,3,3,True,validated,0
816a436f-8cf1-46c2-a552-eecda6c6b796,prca04,likert5,4,2,True,validated,1
816a436f-8cf1-46c2-a552-eecda6c6b796,prca05,likert5,4,4,True,validated,0
816a436f-8cf1-46c2-a552-eecda6c6b796,prca06,likert5,3,3,True,validated,1
816a436f-8cf1-46c2-a552-eecda6c6b796,prca13,likert5,3,3,True,validated,0
816a436f-8cf1-46c2-a552-eecda6c6b796,prca14,likert5,3,3,True,validated,1
816a436f-8cf1-46c2-a552-eecda6c6b796,prca15,likert5,3,3,True,validated,0
816a436f-8cf1-46c2-a552-eecda6c6b796,prca16,likert5,3,3,True,validated,1
816a436f-8cf1-46c2-a552-eecda6c6b796,prca17,likert5,4,2,True,validated,1
816a436f-8cf1-46c2-a552-eecda6c6b796,prca18,likert5,4,4,True,validated,0
a1d51d89-9aa2-4b3c-839d-d2afe9a42405,prca01,likert5,4,4,True,validated,0
a1d51d89-9aa2-4b3c-839d-d2afe9a42405,prca02,likert5,4,2,True,validated,1
a1d51d89-9aa2-4b3c-839d-d2afe9a42405,prca03,likert5,4,4,True,validated,0
a1d51d89-9aa2-4b3c-839d-d2afe9a42405,prca04,likert5,3,3,True,validated,1
a1d51d89-9aa2-4b3c-839d-d2afe9a42405,prca05,likert5,5,5,True,validated,0
a1d51d89-9aa2-4b3c-839d-d2afe9a42405,prca06,likert5,1,5,True,validated,1
a1d51d89-9aa2-4b3c-839d-d2afe9a42405,prca13,likert5,4,4,True,validated,0
a1d51d89-9aa2-4b3c-839d-d2afe9a42405,prca14,likert5,4,2,True,validated,1
a1d51d89-9aa2-4b3c-839d-d2afe9a42405,prca15,likert5,4,4,True,validated,0
a1d51d89-9aa2-4b3c-839d-d2afe9a42405,prca16,likert5,3,3,True,validated,1
a1d51d89-9aa2-4b3c-839d-d2afe9a42405,prca17,likert5,3,3,True,validated,1
a1d51d89-9aa2-4b3c-839d-d2afe9a42405,prca18,likert5,4,4,True,validated,0
5859df21-e628-44b3-92a3-fc7ab312c524,prca01,likert5,4,4,True,validated,0
5859df21-e628-44b3-92a3-fc7ab312c524,prca02,likert5,4,2,True,validated,1
5859df21-e628-44b3-92a3-fc7ab312c524,prca03,likert5,3,3,True,validated,0
5859df21-e628-44b3-92a3-fc7ab312c524,prca04,likert5,4,2,True,validated,1
5859df21-e628-44b3-92a3-fc7ab312c524,prca05,likert5,4,4,True,validated,0
5859df21-e628-44b3-92a3-fc7ab312c524,prca06,likert5,3,3,True,validated,1
5859df21-e628-44b3-92a3-fc7ab312c524,prca13,likert5,4,4,True,validated,0
5859df21-e628-44b3-92a3-fc7ab312c524,prca14,likert5,3,3,True,validated,1
5859df21-e628-44b3-92a3-fc7ab312c524,prca15,likert5,3,3,True,validated,0
5859df21-e628-44b3-92a3-fc7ab312c524,prca16,likert5,4,2,True,validated,1
5859df21-e628-44b3-92a3-fc7ab312c524,prca17,likert5,3,3,True,validated,1
5859df21-e628-44b3-92a3-fc7ab312c524,prca18,likert5,3,3,True,validated,0
01fc87c7-d956-41c3-909a-d5474d54046f,prca01,likert5,4,4,True,validated,0
01fc87c7-d956-41c3-909a-d5474d54046f,prca02,likert5,3,3,True,validated,1
01fc87c7-d956-41c3-909a-d5474d54046f,prca03,likert5,4,4,True,validated,0
01fc87c7-d956-41c3-909a-d5474d54046f,prca04,likert5,3,3,True,validated,1
01fc87c7-d956-41c3-909a-d5474d54046f,prca05,likert5,2,2,True,validated,0
01fc87c7-d956-41c3-909a-d5474d54046f,prca06,likert5,4,2,True,validated,1
01fc87c7-d956-41c3-909a-d5474d54046f,prca13,likert5,4,4,True,validated,0
01fc87c7-d956-41c3-909a-d5474d54046f,prca14,likert5,4,2,True,validated,1
01fc87c7-d956-41c3-909a-d5474d54046f,prca15,likert5,4,4,True,validated,0
01fc87c7-d956-41c3-909a-d5474d54046f,prca16,likert5,4,2,True,validated,1
01fc87c7-d956-41c3-909a-d5474d54046f,prca17,likert5,3,3,True,validated,1
01fc87c7-d956-41c3-909a-d5474d54046f,prca18,likert5,4,4,True,validated,0
ff2bd810-1ae9-4927-aeb0-a002c4b6cfca,prca01,likert5,1,1,True,validated,0
ff2bd810-1ae9-4927-aeb0-a002c4b6cfca,prca02,likert5,3,3,True,validated,1
ff2bd810-1ae9-4927-aeb0-a002c4b6cfca,prca03,likert5,4,4,True,validated,0
ff2bd810-1ae9-4927-aeb0-a002c4b6cfca,prca04,likert5,4,2,True,validated,1
ff2bd810-1ae9-4927-aeb0-a002c4b6cfca,prca05,likert5,4,4,True,validated,0
ff2bd810-1ae9-4927-aeb0-a002c4b6cfca,prca06,likert5,4,2,True,validated,1
ff2bd810-1ae9-4927-aeb0-a002c4b6cfca,prca13,likert5,3,3,True,validated,0
ff2bd810-1ae9-4927-aeb0-a002c4b6cfca,prca14,likert5,3,3,True,validated,1
ff2bd810-1ae9-4927-aeb0-a002c4b6cfca,prca15,likert5,4,4,True,validated,0
ff2bd810-1ae9-4927-aeb0-a002c4b6cfca,prca16,likert5,4,2,True,validated,1
ff2bd810-1ae9-4927-aeb0-a002c4b6cfca,prca17,likert5,4,2,True,validated,1
ff2bd810-1ae9-4927-aeb0-a002c4b6cfca,prca18,likert5,3,3,True,validated,0
6b1ec70e-c9c4-4b0d-9ee0-e8c55b4d95a8,prca01,likert5,3,3,True,validated,0
6b1ec70e-c9c4-4b0d-9ee0-e8c55b4d95a8,prca02,likert5,4,2,True,validated,1
6b1ec70e-c9c4-4b0d-9ee0-e8c55b4d95a8,prca03,likert5,5,5,True,validated,0
6b1ec70e-c9c4-4b0d-9ee0-e8c55b4d95a8,prca04,likert5,4,2,True,validated,1
6b1ec70e-c9c4-4b0d-9ee0-e8c55b4d95a8,prca05,likert5,4,4,True,validated,0
6b1ec70e-c9c4-4b0d-9ee0-e8c55b4d95a8,prca06,likert5,3,3,True,validated,1
6b1ec70e-c9c4-4b0d-9ee0-e8c55b4d95a8,prca13,likert5,3,3,True,validated,0
6b1ec70e-c9c4-4b0d-9ee0-e8c55b4d95a8,prca14,likert5,4,2,True,validated,1
6b1ec70e-c9c4-4b0d-9ee0-e8c55b4d95a8,prca15,likert5,3,3,True,validated,0
6b1ec70e-c9c4-4b0d-9ee0-e8c55b4d95a8,prca16,likert5,3,3,True,validated,1
6b1ec70e-c9c4-4b0d-9ee0-e8c55b4d95a8,prca17,likert5,3,3,True,validated,1
6b1ec70e-c9c4-4b0d-9ee0-e8c55b4d95a8,prca18,likert5,2,2,True,validated,0
4dac6a50-8598-4516-a50b-b0e0948aefc5,prca01,likert5,4,4,True,validated,0
4dac6a50-8598-4516-a50b-b0e0948aefc5,prca02,likert5,4,2,True,validated,1
4dac6a50-8598-4516-a50b-b0e0948aefc5,prca03,likert5,3,3,True,validated,0
4dac6a50-8598-4516-a50b-b0e0948aefc5,prca04,likert5,3,3,True,validated,1
4dac6a50-8598-4516-a50b-b0e0948aefc5,prca05,likert5,2,2,True,validated,0
4dac6a50-8598-4516-a50b-b0e0948aefc5,prca06,likert5,4,2,True,validated,1
4dac6a50-8598-4516-a50b-b0e0948aefc5,prca13,likert5,3,3,True,validated,0
4dac6a50-8598-4516-a50b-b0e0948aefc5,prca14,likert5,4,2,True,validated,1
4dac6a50-8598-4516-a50b-b0e0948aefc5,prca15,likert5,5,5,True,validated,0
4dac6a50-8598-4516-a50b-b0e0948aefc5,prca16,likert5,3,3,True,validated,1
4dac6a50-8598-4516-a50b-b0e0948aefc5,prca17,likert5,4,2,True,validated,1
4dac6a50-8598-4516-a50b-b0e0948aefc5,prca18,likert5,4,4,True,validated,0
1e38348e-820d-4c82-9e36-380423e2675a,prca01,likert5,1,1,True,validated,0
1e38348e-820d-4c82-9e36-380423e2675a,prca02,likert5,5,1,True,validated,1
1e38348e-820d-4c82-9e36-380423e2675a,prca03,likert5,4,4,True,validated,0
1e38348e-820d-4c82-9e36-380423e2675a,prca04,likert5,4,2,True,validated,1
1e38348e-820d-4c82-9e36-380423e2675a,prca05,likert5,4,4,True,validated,0
1e38348e-820d-4c82-9e36-380423e2675a,prca06,likert5,4,2,True,validated,1
1e38348e-820d-4c82-9e36-380423e2675a,prca13,likert5,4,4,True,validated,0
1e38348e-820d-4c82-9e36-380423e2675a,prca14,likert5,3,3,True,validated,1
1e38348e-820d-4c82-9e36-380423e2675a,prca15,likert5,5,5,True,validated,0
1e38348e-820d-4c82-9e36-380423e2675a,prca16,likert5,3,3,True,validated,1
1e38348e-820d-4c82-9e36-380423e2675a,prca17,likert5,4,2,True,validated,1
1e38348e-820d-4c82-9e36-380423e2675a,prca18,likert5,5,5,True,validated,0
cb86c70e-b184-4275-9c3e-d7568684ca4f,prca01,likert5,4,4,True,validated,0
cb86c70e-b184-4275-9c3e-d7568684ca4f,prca02,likert5,4,2,True,validated,1
cb86c70e-b184-4275-9c3e-d7568684ca4f,prca03,likert5,3,3,True,validated,0
cb86c70e-b184-4275-9c3e-d7568684ca4f,prca04,likert5,4,2,True,validated,1
cb86c70e-b184-4275-9c3e-d7568684ca4f,prca05,likert5,3,3,True,validated,0
cb86c70e-b184-4275-9c3e-d7568684ca4f,prca06,likert5,5,1,True,validated,1
cb86c70e-b184-4275-9c3e-d7568684ca4f,prca13,likert5,4,4,True,validated,0
cb86c70e-b184-4275-9c3e-d7568684ca4f,prca14,likert5,4,2,True,validated,1
cb86c70e-b184-4275-9c3e-d7568684ca4f,prca15,likert5,4,4,True,validated,0
cb86c70e-b184-4275-9c3e-d7568684ca4f,prca16,likert5,4,2,True,validated,1
cb86c70e-b184-4275-9c3e-d7568684ca4f,prca17,likert5,4,2,True,validated,1
cb86c70e-b184-4275-9c3e-d7568684ca4f,prca18,likert5,4,4,True,validated,0
784a2a92-88ae-4411-82f1-6e193454d10b,prca01,likert5,5,5,True,validated,0
784a2a92-88ae-4411-82f1-6e193454d10b,prca02,likert5,4,2,True,validated,1
784a2a92-88ae-4411-82f1-6e193454d10b,prca03,likert5,4,4,True,validated,0
784a2a92-88ae-4411-82f1-6e193454d10b,prca04,likert5,4,2,True,validated,1
784a2a92-88ae-4411-82f1-6e193454d10b,prca05,likert5,5,5,True,validated,0
784a2a92-88ae-4411-82f1-6e193454d10b,prca06,likert5,4,2,True,validated,1
784a2a92-88ae-4411-82f1-6e193454d10b,prca13,likert5,4,4,True,validated,0
784a2a92-88ae-4411-82f1-6e193454d10b,prca14,likert5,4,2,True,validated,1
784a2a92-88ae-4411-82f1-6e193454d10b,prca15,likert5,4,4,True,validated,0
784a2a92-88ae-4411-82f1-6e193454d10b,prca16,likert5,5,1,True,validated,1
784a2a92-88ae-4411-82f1-6e193454d10b,prca17,likert5,4,2,True,validated,1
784a2a92-88ae-4411-82f1-6e193454d10b,prca18,likert5,5,5,True,validated,0
f55670be-fb21-4f53-b4a9-76abf3675ba3,prca01,likert5,4,4,True,validated,0
f55670be-fb21-4f53-b4a9-76abf3675ba3,prca02,likert5,3,3,True,validated,1
f55670be-fb21-4f53-b4a9-76abf3675ba3,prca03,likert5,5,5,True,validated,0
f55670be-fb21-4f53-b4a9-76abf3675ba3,prca04,likert5,4,2,True,validated,1
f55670be-fb21-4f53-b4a9-76abf3675ba3,prca05,likert5,4,4,True,validated,0
f55670be-fb21-4f53-b4a9-76abf3675ba3,prca06,likert5,4,2,True,validated,1
f55670be-fb21-4f53-b4a9-76abf3675ba3,prca13,likert5,3,3,True,validated,0
f55670be-fb21-4f53-b4a9-76abf3675ba3,prca14,likert5,3,3,True,validated,1
f55670be-fb21-4f53-b4a9-76abf3675ba3,prca15,likert5,4,4,True,validated,0
f55670be-fb21-4f53-b4a9-76abf3675ba3,prca16,likert5,3,3,True,validated,1
f55670be-fb21-4f53-b4a9-76abf3675ba3,prca17,likert5,1,5,True,validated,1
f55670be-fb21-4f53-b4a9-76abf3675ba3,prca18,likert5,4,4,True,validated,0
27d4ebc9-68ae-4b4a-8b59-771b2a1d73ff,prca01,likert5,2,2,True,validated,0
27d4ebc9-68ae-4b4a-8b59-771b2a1d73ff,prca02,likert5,4,2,True,validated,1
27d4ebc9-68ae-4b4a-8b59-771b2a1d73ff,prca03,likert5,4,4,True,validated,0
27d4ebc9-68ae-4b4a-8b59-771b2a1d73ff,prca04,likert5,4,2,True,validated,1
27d4ebc9-68ae-4b4a-8b59-771b2a1d73ff,prca05,likert5,4,4,True,validated,0
27d4ebc9-68ae-4b4a-8b59-771b2a1d73ff,prca06,likert5,4,2,True,validated,1
27d4ebc9-68ae-4b4a-8b59-771b2a1d73ff,prca13,likert5,5,5,True,validated,0
27d4ebc9-68ae-4b4a-8b59-771b2a1d73ff,prca14,likert5,4,2,True,validated,1
27d4ebc9-68ae-4b4a-8b59-771b2a1d73ff,prca15,likert5,4,4,True,validated,0
27d4ebc9-68ae-4b4a-8b59-771b2a1d73ff,prca16,likert5,4,2,True,validated,1
27d4ebc9-68ae-4b4a-8b59-771b2a1d73ff,prca17,likert5,4,2,True,validated,1
27d4ebc9-68ae-4b4a-8b59-771b2a1d73ff,prca18,likert5,4,4,True,validated,0
f17082b3-dd43-42b5-8d5f-c7b46d3e1f9f,prca01,likert5,4,4,True,validated,0
f17082b3-dd43-42b5-8d5f-c7b46d3e1f9f,prca02,likert5,4,2,True,validated,1
f17082b3-dd43-42b5-8d5f-c7b46d3e1f9f,prca03,likert5,4,4,True,validated,0
f17082b3-dd43-42b5-8d5f-c7b46d3e1f9f,prca04,likert5,4,2,True,validated,1
f17082b3-dd43-42b5-8d5f-c7b46d3e1f9f,prca05,likert5,3,3,True,validated,0
f17082b3-dd43-42b5-8d5f-c7b46d3e1f9f,prca06,likert5,3,3,True,validated,1
f17082b3-dd43-42b5-8d5f-c7b46d3e1f9f,prca13,likert5,4,4,True,validated,0
f17082b3-dd43-42b5-8d5f-c7b46d3e1f9f,prca14,likert5,3,3,True,validated,1
f17082b3-dd43-42b5-8d5f-c7b46d3e1f9f,prca15,likert5,3,3,True,validated,0
f17082b3-dd43-42b5-8d5f-c7b46d3e1f9f,prca16,likert5,4,2,True,validated,1
f17082b3-dd43-42b5-8d5f-c7b46d3e1f9f,prca17,likert5,3,3,True,validated,1
f17082b3-dd43-42b5-8d5f-c7b46d3e1f9f,prca18,likert5,2,2,True,validated,0
32fe578b-2191-4bc3-bd49-45916fd3ba18,prca01,likert5,4,4,True,validated,0
32fe578b-2191-4bc3-bd49-45916fd3ba18,prca02,likert5,5,1,True,validated,1
32fe578b-2191-4bc3-bd49-45916fd3ba18,prca03,likert5,4,4,True,validated,0
32fe578b-2191-4bc3-bd49-45916fd3ba18,prca04,likert5,4,2,True,validated,1
32fe578b-2191-4bc3-bd49-45916fd3ba18,prca05,likert5,4,4,True,validated,0
32fe578b-2191-4bc3-bd49-45916fd3ba18,prca06,likert5,4,2,True,validated,1
32fe578b-2191-4bc3-bd49-45916fd3ba18,prca13,likert5,4,4,True,validated,0
32fe578b-2191-4bc3-bd49-45916fd3ba18,prca14,likert5,4,2,True,validated,1
32fe578b-2191-4bc3-bd49-45916fd3ba18,prca15,likert5,3,3,True,validated,0
32fe578b-2191-4bc3-bd49-45916fd3ba18,prca16,likert5,4,2,True,validated,1
32fe578b-2191-4bc3-bd49-45916fd3ba18,prca17,likert5,4,2,True,validated,1
32fe578b-2191-4bc3-bd49-45916fd3ba18,prca18,likert5,3,3,True,validated,0
2c2a6946-275b-4dbc-ac10-2a7666345ab1,prca01,likert5,4,4,True,validated,0
2c2a6946-275b-4dbc-ac10-2a7666345ab1,prca02,likert5,5,1,True,validated,1
2c2a6946-275b-4dbc-ac10-2a7666345ab1,prca03,likert5,2,2,True,validated,0
2c2a6946-275b-4dbc-ac10-2a7666345ab1,prca04,likert5,3,3,True,validated,1
2c2a6946-275b-4dbc-ac10-2a7666345ab1,prca05,likert5,3,3,True,validated,0
2c2a6946-275b-4dbc-ac10-2a7666345ab1,prca06,likert5,5,1,True,validated,1
2c2a6946-275b-4dbc-ac10-2a7666345ab1,prca13,likert5,4,4,True,validated,0
2c2a6946-275b-4dbc-ac10-2a7666345ab1,prca14,likert5,4,2,True,validated,1
2c2a6946-275b-4dbc-ac10-2a7666345ab1,prca15,likert5,4,4,True,validated,0
2c2a6946-275b-4dbc-ac10-2a7666345ab1,prca16,likert5,4,2,True,validated,1
2c2a6946-275b-4dbc-ac10-2a7666345ab1,prca17,likert5,4,2,True,validated,1
2c2a6946-275b-4dbc-ac10-2a7666345ab1,prca18,likert5,4,4,True,validated,0
fa524a9e-ebe8-4b27-986c-c1abe7125b38,prca01,likert5,2,2,True,validated,0
fa524a9e-ebe8-4b27-986c-c1abe7125b38,prca02,likert5,4,2,True,validated,1
fa524a9e-ebe8-4b27-986c-c1abe7125b38,prca03,likert5,3,3,True,validated,0
fa524a9e-ebe8-4b27-986c-c1abe7125b38,prca04,likert5,4,2,True,validated,1
fa524a9e-ebe8-4b27-986c-c1abe7125b38,prca05,likert5,5,5,True,validated,0
fa524a9e-ebe8-4b27-986c-c1abe7125b38,prca06,likert5,4,2,True,validated,1
fa524a9e-ebe8-4b27-986c-c1abe7125b38,prca13,likert5,4,4,True,validated,0
fa524a9e-ebe8-4b27-986c-c1abe7125b38,prca14,likert5,4,2,True,validated,1
fa524a9e-ebe8-4b27-986c-c1abe7125b38,prca15,likert5,3,3,True,validated,0
fa524a9e-ebe8-4b27-986c-c1abe7125b38,prca16,likert5,3,3,True,validated,1
fa524a9e-ebe8-4b27-986c-c1abe7125b38,prca17,likert5,4,2,True,validated,1
fa524a9e-ebe8-4b27-986c-c1abe7125b38,prca18,likert5,4,4,True,validated,0
37dd8e9e-8dc1-45c7-aad4-6fa364400082,prca01,likert5,3,3,True,validated,0
37dd8e9e-8dc1-45c7-aad4-6fa364400082,prca02,likert5,4,2,True,validated,1
37dd8e9e-8dc1-45c7-aad4-6fa364400082,prca03,likert5,4,4,True,validated,0
37dd8e9e-8dc1-45c7-aad4-6fa364400082,prca04,likert5,3,3,True,validated,1
37dd8e9e-8dc1-45c7-aad4-6fa364400082,prca05,likert5,3,3,True,validated,0
37dd8e9e-8dc1-45c7-aad4-6fa364400082,prca06,likert5,5,1,True,validated,1
37dd8e9e-8dc1-45c7-aad4-6fa364400082,prca13,likert5,3,3,True,validated,0
37dd8e9e-8dc1-45c7-aad4-6fa364400082,prca14,likert5,5,1,True,validated,1
37dd8e9e-8dc1-45c7-aad4-6fa364400082,prca15,likert5,4,4,True,validated,0
37dd8e9e-8dc1-45c7-aad4-6fa364400082,prca16,likert5,5,1,True,validated,1
37dd8e9e-8dc1-45c7-aad4-6fa364400082,prca17,likert5,4,2,True,validated,1
37dd8e9e-8dc1-45c7-aad4-6fa364400082,prca18,likert5,3,3,True,validated,0
4dd198a2-dc6b-433c-87ef-8cbe1bae7708,prca01,likert5,5,5,True,validated,0
4dd198a2-dc6b-433c-87ef-8cbe1bae7708,prca02,likert5,4,2,True,validated,1
4dd198a2-dc6b-433c-87ef-8cbe1bae7708,prca03,likert5,4,4,True,validated,0
4dd198a2-dc6b-433c-87ef-8cbe1bae7708,prca04,likert5,4,2,True,validated,1
4dd198a2-dc6b-433c-87ef-8cbe1bae7708,prca05,likert5,5,5,True,validated,0
4dd198a2-dc6b-433c-87ef-8cbe1bae7708,prca06,likert5,4,2,True,validated,1
4dd198a2-dc6b-433c-87ef-8cbe1bae7708,prca13,likert5,3,3,True,validated,0
4dd198a2-dc6b-433c-87ef-8cbe1bae7708,prca14,likert5,4,2,True,validated,1
4dd198a2-dc6b-433c-87ef-8cbe1bae7708,prca15,likert5,3,3,True,validated,0
4dd198a2-dc6b-433c-87ef-8cbe1bae7708,prca16,likert5,3,3,True,validated,1
4dd198a2-dc6b-433c-87ef-8cbe1bae7708,prca17,likert5,3,3,True,validated,1
4dd198a2-dc6b-433c-87ef-8cbe1bae7708,prca18,likert5,1,1,True,validated,0
2cc4d848-d53c-4b08-a384-9702239ddd2f,prca01,likert5,1,1,True,validated,0
2cc4d848-d53c-4b08-a384-9702239ddd2f,prca02,likert5,4,2,True,validated,1
2cc4d848-d53c-4b08-a384-9702239ddd2f,prca03,likert5,5,5,True,validated,0
2cc4d848-d53c-4b08-a384-9702239ddd2f,prca04,likert5,3,3,True,validated,1
2cc4d848-d53c-4b08-a384-9702239ddd2f,prca05,likert5,4,4,True,validated,0
2cc4d848-d53c-4b08-a384-9702239ddd2f,prca06,likert5,2,4,True,validated,1
2cc4d848-d53c-4b08-a384-9702239ddd2f,prca13,likert5,4,4,True,validated,0
2cc4d848-d53c-4b08-a384-9702239ddd2f,prca14,likert5,4,2,True,validated,1
2cc4d848-d53c-4b08-a384-9702239ddd2f,prca15,likert5,3,3,True,validated,0
2cc4d848-d53c-4b08-a384-9702239ddd2f,prca16,likert5,4,2,True,validated,1
2cc4d848-d53c-4b08-a384-9702239ddd2f,prca17,likert5,5,1,True,validated,1
2cc4d848-d53c-4b08-a384-9702239ddd2f,prca18,likert5,4,4,True,validated,0
e360efa9-8a23-4d18-b7cf-04e6ad72d035,prca01,likert5,3,3,True,validated,0
e360efa9-8a23-4d18-b7cf-04e6ad72d035,prca02,likert5,3,3,True,validated,1
e360efa9-8a23-4d18-b7cf-04e6ad72d035,prca03,likert5,4,4,True,validated,0
e360efa9-8a23-4d18-b7cf-04e6ad72d035,prca04,likert5,5,1,True,validated,1
e360efa9-8a23-4d18-b7cf-04e6ad72d035,prca05,likert5,3,3,True,validated,0
e360efa9-8a23-4d18-b7cf-04e6ad72d035,prca06,likert5,4,2,True,validated,1
e360efa9-8a23-4d18-b7cf-04e6ad72d035,prca13,likert5,3,3,True,validated,0
e360efa9-8a23-4d18-b7cf-04e6ad72d035,prca14,likert5,5,1,True,validated,1
e360efa9-8a23-4d18-b7cf-04e6ad72d035,prca15,likert5,2,2,True,validated,0
e360efa9-8a23-4d18-b7cf-04e6ad72d035,prca16,likert5,4,2,True,validated,1
e360efa9-8a23-4d18-b7cf-04e6ad72d035,prca17,likert5,4,2,True,validated,1
e360efa9-8a23-4d18-b7cf-04e6ad72d035,prca18,likert5,3,3,True,validated,0
da5179fa-2396-47ce-a032-ba389f1797c2,prca01,likert5,4,4,True,validated,0
da5179fa-2396-47ce-a032-ba389f1797c2,prca02,likert5,5,1,True,validated,1
da5179fa-2396-47ce-a032-ba389f1797c2,prca03,likert5,4,4,True,validated,0
da5179fa-2396-47ce-a032-ba389f1797c2,prca04,likert5,4,2,True,validated,1
da5179fa-2396-47ce-a032-ba389f1797c2,prca05,likert5,4,4,True,validated,0
da5179fa-2396-47ce-a032-ba389f1797c2,prca06,likert5,3,3,True,validated,1
da5179fa-2396-47ce-a032-ba389f1797c2,prca13,likert5,4,4,True,validated,0
da5179fa-2396-47ce-a032-ba389f1797c2,prca14,likert5,5,1,True,validated,1
da5179fa-2396-47ce-a032-ba389f1797c2,prca15,likert5,5,5,True,validated,0
da5179fa-2396-47ce-a032-ba389f1797c2,prca16,likert5,5,1,True,validated,1
da5179fa-2396-47ce-a032-ba389f1797c2,prca17,likert5,4,2,True,validated,1
da5179fa-2396-47ce-a032-ba389f1797c2,prca18,likert5,3,3,True,validated,0
adc7a2af-dd60-4cd0-9fd4-35b55edde196,prca01,likert5,4,4,True,validated,0
adc7a2af-dd60-4cd0-9fd4-35b55edde196,prca02,likert5,5,1,True,validated,1
adc7a2af-dd60-4cd0-9fd4-35b55edde196,prca03,likert5,4,4,True,validated,0
adc7a2af-dd60-4cd0-9fd4-35b55edde196,prca04,likert5,3,3,True,validated,1
adc7a2af-dd60-4cd0-9fd4-35b55edde196,prca05,likert5,4,4,True,validated,0
adc7a2af-dd60-4cd0-9fd4-35b55edde196,prca06,likert5,4,2,True,validated,1
adc7a2af-dd60-4cd0-9fd4-35b55edde196,prca13,likert5,4,4,True,validated,0
adc7a2af-dd60-4cd0-9fd4-35b55edde196,prca14,likert5,4,2,True,validated,1
adc7a2af-dd60-4cd0-9fd4-35b55edde196,prca15,likert5,4,4,True,validated,0
adc7a2af-dd60-4cd0-9fd4-35b55edde196,prca16,likert5,4,2,True,validated,1
adc7a2af-dd60-4cd0-9fd4-35b55edde196,prca17,likert5,4,2,True,validated,1
adc7a2af-dd60-4cd0-9fd4-35b55edde196,prca18,likert5,4,4,True,validated,0
0a2e96c3-ae5a-4694-b459-2bbe11f0fb11,prca01,likert5,4,4,True,validated,0
0a2e96c3-ae5a-4694-b459-2bbe11f0fb11,prca02,likert5,4,2,True,validated,1
0a2e96c3-ae5a-4694-b459-2bbe11f0fb11,prca03,likert5,3,3,True,validated,0
0a2e96c3-ae5a-4694-b459-2bbe11f0fb11,prca04,likert5,3,3,True,validated,1
0a2e96c3-ae5a-4694-b459-2bbe11f0fb11,prca05,likert5,4,4,True,validated,0
0a2e96c3-ae5a-4694-b459-2bbe11f0fb11,prca06,likert5,5,1,True,validated,1
0a2e96c3-ae5a-4694-b459-2bbe11f0fb11,prca13,likert5,3,3,True,validated,0
0a2e96c3-ae5a-4694-b459-2bbe11f0fb11,prca14,likert5,4,2,True,validated,1
0a2e96c3-ae5a-4694-b459-2bbe11f0fb11,prca15,likert5,2,2,True,validated,0
0a2e96c3-ae5a-4694-b459-2bbe11f0fb11,prca16,likert5,3,3,True,validated,1
0a2e96c3-ae5a-4694-b459-2bbe11f0fb11,prca17,likert5,4,2,True,validated,1
0a2e96c3-ae5a-4694-b459-2bbe11f0fb11,prca18,likert5,4,4,True,validated,0
feedf6cb-dcec-4f5d-9541-4ab613c02ff9,prca01,likert5,3,3,True,validated,0
feedf6cb-dcec-4f5d-9541-4ab613c02ff9,prca02,likert5,4,2,True,validated,1
feedf6cb-dcec-4f5d-9541-4ab613c02ff9,prca03,likert5,3,3,True,validated,0
feedf6cb-dcec-4f5d-9541-4ab613c02ff9,prca04,likert5,3,3,True,validated,1
feedf6cb-dcec-4f5d-9541-4ab613c02ff9,prca05,likert5,4,4,True,validated,0
feedf6cb-dcec-4f5d-9541-4ab613c02ff9,prca06,likert5,4,2,True,validated,1
feedf6cb-dcec-4f5d-9541-4ab613c02ff9,prca13,likert5,4,4,True,validated,0
feedf6cb-dcec-4f5d-9541-4ab613c02ff9,prca14,likert5,3,3,True,validated,1
feedf6cb-dcec-4f5d-9541-4ab613c02ff9,prca15,likert5,4,4,True,validated,0
feedf6cb-dcec-4f5d-9541-4ab613c02ff9,prca16,likert5,5,1,True,validated,1
feedf6cb-dcec-4f5d-9541-4ab613c02ff9,prca17,likert5,4,2,True,validated,1
feedf6cb-dcec-4f5d-9541-4ab613c02ff9,prca18,likert5,4,4,True,validated,0
8e538652-b6b7-4283-9d09-12cd1986bbbd,prca01,likert5,3,3,True,validated,0
8e538652-b6b7-4283-9d09-12cd1986bbbd,prca02,likert5,4,2,True,validated,1
8e538652-b6b7-4283-9d09-12cd1986bbbd,prca03,likert5,5,5,True,validated,0
8e538652-b6b7-4283-9d09-12cd1986bbbd,prca04,likert5,5,1,True,validated,1
8e538652-b6b7-4283-9d09-12cd1986bbbd,prca05,likert5,4,4,True,validated,0
8e538652-b6b7-4283-9d09-12cd1986bbbd,prca06,likert5,4,2,True,validated,1
8e538652-b6b7-4283-9d09-12cd1986bbbd,prca13,likert5,4,4,True,validated,0
8e538652-b6b7-4283-9d09-12cd1986bbbd,prca14,likert5,4,2,True,validated,1
8e538652-b6b7-4283-9d09-12cd1986bbbd,prca15,likert5,4,4,True,validated,0
8e538652-b6b7-4283-9d09-12cd1986bbbd,prca16,likert5,3,3,True,validated,1
8e538652-b6b7-4283-9d09-12cd1986bbbd,prca17,likert5,4,2,True,validated,1
8e538652-b6b7-4283-9d09-12cd1986bbbd,prca18,likert5,3,3,True,validated,0
4e992960-9737-4cc8-b8e6-dad9ea3464cf,prca01,likert5,4,4,True,validated,0
4e992960-9737-4cc8-b8e6-dad9ea3464cf,prca02,likert5,5,1,True,validated,1
4e992960-9737-4cc8-b8e6-dad9ea3464cf,prca03,likert5,3,3,True,validated,0
4e992960-9737-4cc8-b8e6-dad9ea3464cf,prca04,likert5,3,3,True,validated,1
4e992960-9737-4cc8-b8e6-dad9ea3464cf,prca05,likert5,3,3,True,validated,0
4e992960-9737-4cc8-b8e6-dad9ea3464cf,prca06,likert5,4,2,True,validated,1
4e992960-9737-4cc8-b8e6-dad9ea3464cf,prca13,likert5,4,4,True,validated,0
4e992960-9737-4cc8-b8e6-dad9ea3464cf,prca14,likert5,4,2,True,validated,1
4e992960-9737-4cc8-b8e6-dad9ea3464cf,prca15,likert5,4,4,True,validated,0
4e992960-9737-4cc8-b8e6-dad9ea3464cf,prca16,likert5,5,1,True,validated,1
4e992960-9737-4cc8-b8e6-dad9ea3464cf,prca17,likert5,4,2,True,validated,1
4e992960-9737-4cc8-b8e6-dad9ea3464cf,prca18,likert5,3,3,True,validated,0
e757b1ac-92a0-42a6-8f55-db70d9ae9d11,prca01,likert5,4,4,True,validated,0
e757b1ac-92a0-42a6-8f55-db70d9ae9d11,prca02,likert5,5,1,True,validated,1
e757b1ac-92a0-42a6-8f55-db70d9ae9d11,prca03,likert5,3,3,True,validated,0
e757b1ac-92a0-42a6-8f55-db70d9ae9d11,prca04,likert5,1,5,True,validated,1
e757b1ac-92a0-42a6-8f55-db70d9ae9d11,prca05,likert5,3,3,True,validated,0
e757b1ac-92a0-42a6-8f55-db70d9ae9d11,prca06,likert5,4,2,True,validated,1
e757b1ac-92a0-42a6-8f55-db70d9ae9d11,prca13,likert5,3,3,True,validated,0
e757b1ac-92a0-42a6-8f55-db70d9ae9d11,prca14,likert5,4,2,True,validated,1
e757b1ac-92a0-42a6-8f55-db70d9ae9d11,prca15,likert5,3,3,True,validated,0
e757b1ac-92a0-42a6-8f55-db70d9ae9d11,prca16,likert5,4,2,True,validated,1
e757b1ac-92a0-42a6-8f55-db70d9ae9d11,prca17,likert5,4,2,True,validated,1
e757b1ac-92a0-42a6-8f55-db70d9ae9d11,prca18,likert5,5,5,True,validated,0
9912dbab-d4d9-488f-b7b6-ec2dc0617612,prca01,likert5,3,3,True,validated,0
9912dbab-d4d9-488f-b7b6-ec2dc0617612,prca02,likert5,4,2,True,validated,1
9912dbab-d4d9-488f-b7b6-ec2dc0617612,prca03,likert5,4,4,True,validated,0
9912dbab-d4d9-488f-b7b6-ec2dc0617612,prca04,likert5,3,3,True,validated,1
9912dbab-d4d9-488f-b7b6-ec2dc0617612,prca05,likert5,3,3,True,validated,0
9912dbab-d4d9-488f-b7b6-ec2dc0617612,prca06,likert5,4,2,True,validated,1
9912dbab-d4d9-488f-b7b6-ec2dc0617612,prca13,likert5,4,4,True,validated,0
9912dbab-d4d9-488f-b7b6-ec2dc0617612,prca14,likert5,5,1,True,validated,1
9912dbab-d4d9-488f-b7b6-ec2dc0617612,prca15,likert5,4,4,True,validated,0
9912dbab-d4d9-488f-b7b6-ec2dc0617612,prca16,likert5,4,2,True,validated,1
9912dbab-d4d9-488f-b7b6-ec2dc0617612,prca17,likert5,5,1,True,validated,1
9912dbab-d4d9-488f-b7b6-ec2dc0617612,prca18,likert5,4,4,True,validated,0
3cc539f0-8eb6-4e91-835a-fbc970332c39,prca01,likert5,4,4,True,validated,0
3cc539f0-8eb6-4e91-835a-fbc970332c39,prca02,likert5,4,2,True,validated,1
3cc539f0-8eb6-4e91-835a-fbc970332c39,prca03,likert5,3,3,True,validated,0
3cc539f0-8eb6-4e91-835a-fbc970332c39,prca04,likert5,3,3,True,validated,1
3cc539f0-8eb6-4e91-835a-fbc970332c39,prca05,likert5,3,3,True,validated,0
3cc539f0-8eb6-4e91-835a-fbc970332c39,prca06,likert5,3,3,True,validated,1
3cc539f0-8eb6-4e91-835a-fbc970332c39,prca13,likert5,5,5,True,validated,0
3cc539f0-8eb6-4e91-835a-fbc970332c39,prca14,likert5,4,2,True,validated,1
3cc539f0-8eb6-4e91-835a-fbc970332c39,prca15,likert5,5,5,True,validated,0
3cc539f0-8eb6-4e91-835a-fbc970332c39,prca16,likert5,3,3,True,validated,1
3cc539f0-8eb6-4e91-835a-fbc970332c39,prca17,likert5,1,5,True,validated,1
3cc539f0-8eb6-4e91-835a-fbc970332c39,prca18,likert5,3,3,True,validated,0
787560a9-d8f4-406f-9652-a0e0f85e7aac,prca01,likert5,4,4,True,validated,0
787560a9-d8f4-406f-9652-a0e0f85e7aac,prca02,likert5,4,2,True,validated,1
787560a9-d8f4-406f-9652-a0e0f85e7aac,prca03,likert5,3,3,True,validated,0
787560a9-d8f4-406f-9652-a0e0f85e7aac,prca04,likert5,2,4,True,validated,1
787560a9-d8f4-406f-9652-a0e0f85e7aac,prca05,likert5,3,3,True,validated,0
787560a9-d8f4-406f-9652-a0e0f85e7aac,prca06,likert5,3,3,True,validated,1
787560a9-d8f4-406f-9652-a0e0f85e7aac,prca13,likert5,3,3,True,validated,0
787560a9-d8f4-406f-9652-a0e0f85e7aac,prca14,likert5,4,2,True,validated,1
787560a9-d8f4-406f-9652-a0e0f85e7aac,prca15,likert5,4,4,True,validated,0
787560a9-d8f4-406f-9652-a0e0f85e7aac,prca16,likert5,3,3,True,validated,1
787560a9-d8f4-406f-9652-a0e0f85e7aac,prca17,likert5,3,3,True,validated,1
787560a9-d8f4-406f-9652-a0e0f85e7aac,prca18,likert5,4,4,True,validated,0
84ffd1a0-9733-49a8-9344-229a739653a4,prca01,likert5,4,4,True,validated,0
84ffd1a0-9733-49a8-9344-229a739653a4,prca02,likert5,4,2,True,validated,1
84ffd1a0-9733-49a8-9344-229a739653a4,prca03,likert5,1,1,True,validated,0
84ffd1a0-9733-49a8-9344-229a739653a4,prca04,likert5,4,2,True,validated,1
84ffd1a0-9733-49a8-9344-229a739653a4,prca05,likert5,4,4,True,validated,0
84ffd1a0-9733-49a8-9344-229a739653a4,prca06,likert5,4,2,True,validated,1
84ffd1a0-9733-49a8-9344-229a739653a4,prca13,likert5,4,4,True,validated,0
84ffd1a0-9733-49a8-9344-229a739653a4,prca14,likert5,2,4,True,validated,1
84ffd1a0-9733-49a8-9344-229a739653a4,prca15,likert5,4,4,True,validated,0
84ffd1a0-9733-49a8-9344-229a739653a4,prca16,likert5,4,2,True,validated,1
84ffd1a0-9733-49a8-9344-229a739653a4,prca17,likert5,4,2,True,validated,1
84ffd1a0-9733-49a8-9344-229a739653a4,prca18,likert5,3,3,True,validated,0
ebb78b60-ee37-448f-8f44-d1eddffac29e,prca01,likert5,3,3,True,validated,0
ebb78b60-ee37-448f-8f44-d1eddffac29e,prca02,likert5,4,2,True,validated,1
ebb78b60-ee37-448f-8f44-d1eddffac29e,prca03,likert5,4,4,True,validated,0
ebb78b60-ee37-448f-8f44-d1eddffac29e,prca04,likert5,4,2,True,validated,1
ebb78b60-ee37-448f-8f44-d1eddffac29e,prca05,likert5,4,4,True,validated,0
ebb78b60-ee37-448f-8f44-d1eddffac29e,prca06,likert5,3,3,True,validated,1
ebb78b60-ee37-448f-8f44-d1eddffac29e,prca13,likert5,5,5,True,validated,0
ebb78b60-ee37-448f-8f44-d1eddffac29e,prca14,likert5,4,2,True,validated,1
ebb78b60-ee37-448f-8f44-d1eddffac29e,prca15,likert5,4,4,True,validated,0
ebb78b60-ee37-448f-8f44-d1eddffac29e,prca16,likert5,3,3,True,validated,1
ebb78b60-ee37-448f-8f44-d1eddffac29e,prca17,likert5,3,3,True,validated,1
ebb78b60-ee37-448f-8f44-d1eddffac29e,prca18,likert5,4,4,True,validated,0
10f4770e-33b7-4250-9750-30e575869ac8,prca01,likert5,5,5,True,validated,0
10f4770e-33b7-4250-9750-30e575869ac8,prca02,likert5,3,3,True,validated,1
10f4770e-33b7-4250-9750-30e575869ac8,prca03,likert5,4,4,True,validated,0
10f4770e-33b7-4250-9750-30e575869ac8,prca04,likert5,4,2,True,validated,1
10f4770e-33b7-4250-9750-30e575869ac8,prca05,likert5,4,4,True,validated,0
10f4770e-33b7-4250-9750-30e575869ac8,prca06,likert5,3,3,True,validated,1
10f4770e-33b7-4250-9750-30e575869ac8,prca13,likert5,4,4,True,validated,0
10f4770e-33b7-4250-9750-30e575869ac8,prca14,likert5,4,2,True,validated,1
10f4770e-33b7-4250-9750-30e575869ac8,prca15,likert5,4,4,True,validated,0
10f4770e-33b7-4250-9750-30e575869ac8,prca16,likert5,4,2,True,validated,1
10f4770e-33b7-4250-9750-30e575869ac8,prca17,likert5,4,2,True,validated,1
10f4770e-33b7-4250-9750-30e575869ac8,prca18,likert5,4,4,True,validated,0
3e2b3bc7-e7d9-41ec-a44b-d1459e8c21a0,prca01,likert5,4,4,True,validated,0
3e2b3bc7-e7d9-41ec-a44b-d1459e8c21a0,prca02,likert5,5,1,True,validated,1
3e2b3bc7-e7d9-41ec-a44b-d1459e8c21a0,prca03,likert5,4,4,True,validated,0
3e2b3bc7-e7d9-41ec-a44b-d1459e8c21a0,prca04,likert5,4,2,True,validated,1
3e2b3bc7-e7d9-41ec-a44b-d1459e8c21a0,prca05,likert5,3,3,True,validated,0
3e2b3bc7-e7d9-41ec-a44b-d1459e8c21a0,prca06,likert5,3,3,True,validated,1
3e2b3bc7-e7d9-41ec-a44b-d1459e8c21a0,prca13,likert5,4,4,True,validated,0
3e2b3bc7-e7d9-41ec-a44b-d1459e8c21a0,prca14,likert5,5,1,True,validated,1
3e2b3bc7-e7d9-41ec-a44b-d1459e8c21a0,prca15,likert5,4,4,True,validated,0
3e2b3bc7-e7d9-41ec-a44b-d1459e8c21a0,prca16,likert5,5,1,True,validated,1
3e2b3bc7-e7d9-41ec-a44b-d1459e8c21a0,prca17,likert5,4,2,True,validated,1
3e2b3bc7-e7d9-41ec-a44b-d1459e8c21a0,prca18,likert5,4,4,True,validated,0
047aa5ff-6ba1-4ef4-a711-3e1a00cd29c1,prca01,likert5,4,4,True,validated,0
047aa5ff-6ba1-4ef4-a711-3e1a00cd29c1,prca02,likert5,4,2,True,validated,1
047aa5ff-6ba1-4ef4-a711-3e1a00cd29c1,prca03,likert5,4,4,True,validated,0
047aa5ff-6ba1-4ef4-a711-3e1a00cd29c1,prca04,likert5,4,2,True,validated,1
047aa5ff-6ba1-4ef4-a711-3e1a00cd29c1,prca05,likert5,4,4,True,validated,0
047aa5ff-6ba1-4ef4-a711-3e1a00cd29c1,prca06,likert5,4,2,True,validated,1
047aa5ff-6ba1-4ef4-a711-3e1a00cd29c1,prca13,likert5,4,4,True,validated,0
047aa5ff-6ba1-4ef4-a711-3e1a00cd29c1,prca14,likert5,5,1,True,validated,1
047aa5ff-6ba1-4ef4-a711-3e1a00cd29c1,prca15,likert5,5,5,True,validated,0
047aa5ff-6ba1-4ef4-a711-3e1a00cd29c1,prca16,likert5,4,2,True,validated,1
047aa5ff-6ba1-4ef4-a711-3e1a00cd29c1,prca17,likert5,3,3,True,validated,1
047aa5ff-6ba1-4ef4-a711-3e1a00cd29c1,prca18,likert5,4,4,True,validated,0
3f4b297c-70eb-478d-a5b3-513a0c8fb488,prca01,likert5,4,4,True,validated,0
3f4b297c-70eb-478d-a5b3-513a0c8fb488,prca02,likert5,4,2,True,validated,1
3f4b297c-70eb-478d-a5b3-513a0c8fb488,prca03,likert5,4,4,True,validated,0
3f4b297c-70eb-478d-a5b3-513a0c8fb488,prca04,likert5,4,2,True,validated,1
3f4b297c-70eb-478d-a5b3-513a0c8fb488,prca05,likert5,4,4,True,validated,0
3f4b297c-70eb-478d-a5b3-513a0c8fb488,prca06,likert5,4,2,True,validated,1
3f4b297c-70eb-478d-a5b3-513a0c8fb488,prca13,likert5,3,3,True,validated,0
3f4b297c-70eb-478d-a5b3-513a0c8fb488,prca14,likert5,3,3,True,validated,1
3f4b297c-70eb-478d-a5b3-513a0c8fb488,prca15,likert5,4,4,True,validated,0
3f4b297c-70eb-478d-a5b3-513a0c8fb488,prca16,likert5,4,2,True,validated,1
3f4b297c-70eb-478d-a5b3-513a0c8fb488,prca17,likert5,4,2,True,validated,1
3f4b297c-70eb-478d-a5b3-513a0c8fb488,prca18,likert5,3,3,True,validated,0
25e8f55b-354a-416b-8f53-ab3d78f22e99,prca01,likert5,5,5,True,validated,0
25e8f55b-354a-416b-8f53-ab3d78f22e99,prca02,likert5,3,3,True,validated,1
25e8f55b-354a-416b-8f53-ab3d78f22e99,prca03,likert5,3,3,True,validated,0
25e8f55b-354a-416b-8f53-ab3d78f22e99,prca04,likert5,4,2,True,validated,1
25e8f55b-354a-416b-8f53-ab3d78f22e99,prca05,likert5,4,4,True,validated,0
25e8f55b-354a-416b-8f53-ab3d78f22e99,prca06,likert5,4,2,True,validated,1
25e8f55b-354a-416b-8f53-ab3d78f22e99,prca13,likert5,4,4,True,validated,0
25e8f55b-354a-416b-8f53-ab3d78f22e99,prca14,likert5,4,2,True,validated,1
25e8f55b-354a-416b-8f53-ab3d78f22e99,prca15,likert5,3,3,True,validated,0
25e8f55b-354a-416b-8f53-ab3d78f22e99,prca16,likert5,5,1,True,validated,1
25e8f55b-354a-416b-8f53-ab3d78f22e99,prca17,likert5,3,3,True,validated,1
25e8f55b-354a-416b-8f53-ab3d78f22e99,prca18,likert5,4,4,True,validated,0
18ddfe33-f590-4e20-a71c-13a79b3c00a5,prca01,likert5,3,3,True,validated,0
18ddfe33-f590-4e20-a71c-13a79b3c00a5,prca02,likert5,4,2,True,validated,1
18ddfe33-f590-4e20-a71c-13a79b3c00a5,prca03,likert5,3,3,True,validated,0
18ddfe33-f590-4e20-a71c-13a79b3c00a5,prca04,likert5,4,2,True,validated,1
18ddfe33-f590-4e20-a71c-13a79b3c00a5,prca05,likert5,4,4,True,validated,0
18ddfe33-f590-4e20-a71c-13a79b3c00a5,prca06,likert5,3,3,True,validated,1
18ddfe33-f590-4e20-a71c-13a79b3c00a5,prca13,likert5,4,4,True,validated,0
18ddfe33-f590-4e20-a71c-13a79b3c00a5,prca14,likert5,3,3,True,validated,1
18ddfe33-f590-4e20-a71c-13a79b3c00a5,prca15,likert5,1,1,True,validated,0
18ddfe33-f590-4e20-a71c-13a79b3c00a5,prca16,likert5,4,2,True,validated,1
18ddfe33-f590-4e20-a71c-13a79b3c00a5,prca17,likert5,4,2,True,validated,1
18ddfe33-f590-4e20-a71c-13a79b3c00a5,prca18,likert5,4,4,True,validated,0
66f8c789-5f7f-4010-9cb6-106427e9ae3b,prca01,likert5,5,5,True,validated,0
66f8c789-5f7f-4010-9cb6-106427e9ae3b,prca02,likert5,4,2,True,validated,1
66f8c789-5f7f-4010-9cb6-106427e9ae3b,prca03,likert5,4,4,True,validated,0
66f8c789-5f7f-4010-9cb6-106427e9ae3b,prca04,likert5,3,3,True,validated,1
66f8c789-5f7f-4010-9cb6-106427e9ae3b,prca05,likert5,3,3,True,validated,0
66f8c789-5f7f-4010-9cb6-106427e9ae3b,prca06,likert5,4,2,True,validated,1
66f8c789-5f7f-4010-9cb6-106427e9ae3b,prca13,likert5,4,4,True,validated,0
66f8c789-5f7f-4010-9cb6-106427e9ae3b,prca14,likert5,5,1,True,validated,1
66f8c789-5f7f-4010-9cb6-106427e9ae3b,prca15,likert5,3,3,True,validated,0
66f8c789-5f7f-4010-9cb6-106427e9ae3b,prca16,likert5,3,3,True,validated,1
66f8c789-5f7f-4010-9cb6-106427e9ae3b,prca17,likert5,3,3,True,validated,1
66f8c789-5f7f-4010-9cb6-106427e9ae3b,prca18,likert5,3,3,True,validated,0
d83a6eda-f811-4d62-ab97-59d1ede7cf20,prca01,likert5,4,4,True,validated,0
d83a6eda-f811-4d62-ab97-59d1ede7cf20,prca02,likert5,4,2,True,validated,1
d83a6eda-f811-4d62-ab97-59d1ede7cf20,prca03,likert5,4,4,True,validated,0
d83a6eda-f811-4d62-ab97-59d1ede7cf20,prca04,likert5,3,3,True,validated,1
d83a6eda-f811-4d62-ab97-59d1ede7cf20,prca05,likert5,4,4,True,validated,0
d83a6eda-f811-4d62-ab97-59d1ede7cf20,prca06,likert5,3,3,True,validated,1
d83a6eda-f811-4d62-ab97-59d1ede7cf20,prca13,likert5,4,4,True,validated,0
d83a6eda-f811-4d62-ab97-59d1ede7cf20,prca14,likert5,5,1,True,validated,1
d83a6eda-f811-4d62-ab97-59d1ede7cf20,prca15,likert5,3,3,True,validated,0
d83a6eda-f811-4d62-ab97-59d1ede7cf20,prca16,likert5,4,2,True,validated,1
d83a6eda-f811-4d62-ab97-59d1ede7cf20,prca17,likert5,3,3,True,validated,1
d83a6eda-f811-4d62-ab97-59d1ede7cf20,prca18,likert5,3,3,True,validated,0
22bc9056-a7e6-4ec6-aa40-6f2a7bd66243,prca01,likert5,5,5,True,validated,0
22bc9056-a7e6-4ec6-aa40-6f2a7bd66243,prca02,likert5,4,2,True,validated,1
22bc9056-a7e6-4ec6-aa40-6f2a7bd66243,prca03,likert5,4,4,True,validated,0
22bc9056-a7e6-4ec6-aa40-6f2a7bd66243,prca04,likert5,4,2,True,validated,1
22bc9056-a7e6-4ec6-aa40-6f2a7bd66243,prca05,likert5,4,4,True,validated,0
22bc9056-a7e6-4ec6-aa40-6f2a7bd66243,prca06,likert5,3,3,True,validated,1
22bc9056-a7e6-4ec6-aa40-6f2a7bd66243,prca13,likert5,4,4,True,validated,0
22bc9056-a7e6-4ec6-aa40-6f2a7bd66243,prca14,likert5,5,1,True,validated,1
22bc9056-a7e6-4ec6-aa40-6f2a7bd66243,prca15,likert5,4,4,True,validated,0
22bc9056-a7e6-4ec6-aa40-6f2a7bd66243,prca16,likert5,4,2,True,validated,1
22bc9056-a7e6-4ec6-aa40-6f2a7bd66243,prca17,likert5,3,3,True,validated,1
22bc9056-a7e6-4ec6-aa40-6f2a7bd66243,prca18,likert5,3,3,True,validated,0
dd75688e-af0c-49bb-9e1f-f20a5f303871,prca01,likert5,4,4,True,validated,0
dd75688e-af0c-49bb-9e1f-f20a5f303871,prca02,likert5,4,2,True,validated,1
dd75688e-af0c-49bb-9e1f-f20a5f303871,prca03,likert5,3,3,True,validated,0
dd75688e-af0c-49bb-9e1f-f20a5f303871,prca04,likert5,3,3,True,validated,1
dd75688e-af0c-49bb-9e1f-f20a5f303871,prca05,likert5,4,4,True,validated,0
dd75688e-af0c-49bb-9e1f-f20a5f303871,prca06,likert5,4,2,True,validated,1
dd75688e-af0c-49bb-9e1f-f20a5f303871,prca13,likert5,3,3,True,validated,0
dd75688e-af0c-49bb-9e1f-f20a5f303871,prca14,likert5,5,1,True,validated,1
dd75688e-af0c-49bb-9e1f-f20a5f303871,prca15,likert5,4,4,True,validated,0
dd75688e-af0c-49bb-9e1f-f20a5f303871,prca16,likert5,3,3,True,validated,1
dd75688e-af0c-49bb-9e1f-f20a5f303871,prca17,likert5,4,2,True,validated,1
dd75688e-af0c-49bb-9e1f-f20a5f303871,prca18,likert5,5,5,True,validated,0
33b61071-1279-4315-a561-c940a567add1,prca01,likert5,3,3,True,validated,0
33b61071-1279-4315-a561-c940a567add1,prca02,likert5,4,2,True,validated,1
33b61071-1279-4315-a561-c940a567add1,prca03,likert5,3,3,True,validated,0
33b61071-1279-4315-a561-c940a567add1,prca04,likert5,3,3,True,validated,1
33b61071-1279-4315-a561-c940a567add1,prca05,likert5,4,4,True,validated,0
33b61071-1279-4315-a561-c940a567add1,prca06,likert5,4,2,True,validated,1
33b61071-1279-4315-a561-c940a567add1,prca13,likert5,3,3,True,validated,0
33b61071-1279-4315-a561-c940a567add1,prca14,likert5,4,2,True,validated,1
33b61071-1279-4315-a561-c940a567add1,prca15,likert5,3,3,True,validated,0
33b61071-1279-4315-a561-c940a567add1,prca16,likert5,3,3,True,validated,1
33b61071-1279-4315-a561-c940a567add1,prca17,likert5,4,2,True,validated,1
33b61071-1279-4315-a561-c940a567add1,prca18,likert5,2,2,True,validated,0
e92afc69-003f-4c08-8a01-a47a166940b5,prca01,likert5,3,3,True,validated,0
e92afc69-003f-4c08-8a01-a47a166940b5,prca02,likert5,3,3,True,validated,1
e92afc69-003f-4c08-8a01-a47a166940b5,prca03,likert5,3,3,True,validated,0
e92afc69-003f-4c08-8a01-a47a166940b5,prca04,likert5,3,3,True,validated,1
e92afc69-003f-4c08-8a01-a47a166940b5,prca05,likert5,4,4,True,validated,0
e92afc69-003f-4c08-8a01-a47a166940b5,prca06,likert5,4,2,True,validated,1
e92afc69-003f-4c08-8a01-a47a166940b5,prca13,likert5,5,5,True,validated,0
e92afc69-003f-4c08-8a01-a47a166940b5,prca14,likert5,4,2,True,validated,1
e92afc69-003f-4c08-8a01-a47a166940b5,prca15,likert5,4,4,True,validated,0
e92afc69-003f-4c08-8a01-a47a166940b5,prca16,likert5,3,3,True,validated,1
e92afc69-003f-4c08-8a01-a47a166940b5,prca17,likert5,4,2,True,validated,1
e92afc69-003f-4c08-8a01-a47a166940b5,prca18,likert5,4,4,True,validated,0
c07b9de4-e68f-4191-8270-44e967363b11,prca01,likert5,2,2,True,validated,0
c07b9de4-e68f-4191-8270-44e967363b11,prca02,likert5,5,1,True,validated,1
c07b9de4-e68f-4191-8270-44e967363b11,prca03,likert5,4,4,True,validated,0
c07b9de4-e68f-4191-8270-44e967363b11,prca04,likert5,4,2,True,validated,1
c07b9de4-e68f-4191-8270-44e967363b11,prca05,likert5,4,4,True,validated,0
c07b9de4-e68f-4191-8270-44e967363b11,prca06,likert5,2,4,True,validated,1
c07b9de4-e68f-4191-8270-44e967363b11,prca13,likert5,2,2,True,validated,0
c07b9de4-e68f-4191-8270-44e967363b11,prca14,likert5,1,5,True,validated,1
c07b9de4-e68f-4191-8270-44e967363b11,prca15,likert5,3,3,True,validated,0
c07b9de4-e68f-4191-8270-44e967363b11,prca16,likert5,4,2,True,validated,1
c07b9de4-e68f-4191-8270-44e967363b11,prca17,likert5,3,3,True,validated,1
c07b9de4-e68f-4191-8270-44e967363b11,prca18,likert5,4,4,True,validated,0
725faa97-725a-434c-b4a4-f06fe61f0b85,prca01,likert5,4,4,True,validated,0
725faa97-725a-434c-b4a4-f06fe61f0b85,prca02,likert5,4,2,True,validated,1
725faa97-725a-434c-b4a4-f06fe61f0b85,prca03,likert5,4,4,True,validated,0
725faa97-725a-434c-b4a4-f06fe61f0b85,prca04,likert5,5,1,True,validated,1
725faa97-725a-434c-b4a4-f06fe61f0b85,prca05,likert5,4,4,True,validated,0
725faa97-725a-434c-b4a4-f06fe61f0b85,prca06,likert5,2,4,True,validated,1
725faa97-725a-434c-b4a4-f06fe61f0b85,prca13,likert5,5,5,True,validated,0
725faa97-725a-434c-b4a4-f06fe61f0b85,prca14,likert5,4,2,True,validated,1
725faa97-725a-434c-b4a4-f06fe61f0b85,prca15,likert5,4,4,True,validated,0
725faa97-725a-434c-b4a4-f06fe61f0b85,prca16,likert5,3,3,True,validated,1
725faa97-725a-434c-b4a4-f06fe61f0b85,prca17,likert5,3,3,True,validated,1
725faa97-725a-434c-b4a4-f06fe61f0b85,prca18,likert5,5,5,True,validated,0
a9323127-33f7-4082-824a-f10815b6f55f,prca01,likert5,4,4,True,validated,0
a9323127-33f7-4082-824a-f10815b6f55f,prca02,likert5,4,2,True,validated,1
a9323127-33f7-4082-824a-f10815b6f55f,prca03,likert5,4,4,True,validated,0
a9323127-33f7-4082-824a-f10815b6f55f,prca04,likert5,4,2,True,validated,1
a9323127-33f7-4082-824a-f10815b6f55f,prca05,likert5,4,4,True,validated,0
a9323127-33f7-4082-824a-f10815b6f55f,prca06,likert5,4,2,True,validated,1
a9323127-33f7-4082-824a-f10815b6f55f,prca13,likert5,4,4,True,validated,0
a9323127-33f7-4082-824a-f10815b6f55f,prca14,likert5,4,2,True,validated,1
a9323127-33f7-4082-824a-f10815b6f55f,prca15,likert5,3,3,True,validated,0
a9323127-33f7-4082-824a-f10815b6f55f,prca16,likert5,4,2,True,validated,1
a9323127-33f7-4082-824a-f10815b6f55f,prca17,likert5,4,2,True,validated,1
a9323127-33f7-4082-824a-f10815b6f55f,prca18,likert5,4,4,True,validated,0
2f70e59b-bdfc-4d19-a7bd-fd0731af4d41,prca01,likert5,3,3,True,validated,0
2f70e59b-bdfc-4d19-a7bd-fd0731af4d41,prca02,likert5,4,2,True,validated,1
2f70e59b-bdfc-4d19-a7bd-fd0731af4d41,prca03,likert5,3,3,True,validated,0
2f70e59b-bdfc-4d19-a7bd-fd0731af4d41,prca04,likert5,4,2,True,validated,1
2f70e59b-bdfc-4d19-a7bd-fd0731af4d41,prca05,likert5,5,5,True,validated,0
2f70e59b-bdfc-4d19-a7bd-fd0731af4d41,prca06,likert5,3,3,True,validated,1
2f70e59b-bdfc-4d19-a7bd-fd0731af4d41,prca13,likert5,5,5,True,validated,0
2f70e59b-bdfc-4d19-a7bd-fd0731af4d41,prca14,likert5,4,2,True,validated,1
2f70e59b-bdfc-4d19-a7bd-fd0731af4d41,prca15,likert5,4,4,True,validated,0
2f70e59b-bdfc-4d19-a7bd-fd0731af4d41,prca16,likert5,3,3,True,validated,1
2f70e59b-bdfc-4d19-a7bd-fd0731af4d41,prca17,likert5,3,3,True,validated,1
2f70e59b-bdfc-4d19-a7bd-fd0731af4d41,prca18,likert5,4,4,True,validated,0
9c91ef2e-8ebf-4b4f-87c9-8b8e35972ee5,prca01,likert5,4,4,True,validated,0
9c91ef2e-8ebf-4b4f-87c9-8b8e35972ee5,prca02,likert5,3,3,True,validated,1
9c91ef2e-8ebf-4b4f-87c9-8b8e35972ee5,prca03,likert5,1,1,True,validated,0
9c91ef2e-8ebf-4b4f-87c9-8b8e35972ee5,prca04,likert5,5,1,True,validated,1
9c91ef2e-8ebf-4b4f-87c9-8b8e35972ee5,prca05,likert5,3,3,True,validated,0
9c91ef2e-8ebf-4b4f-87c9-8b8e35972ee5,prca06,likert5,4,2,True,validated,1
9c91ef2e-8ebf-4b4f-87c9-8b8e35972ee5,prca13,likert5,3,3,True,validated,0
9c91ef2e-8ebf-4b4f-87c9-8b8e35972ee5,prca14,likert5,5,1,True,validated,1
9c91ef2e-8ebf-4b4f-87c9-8b8e35972ee5,prca15,likert5,4,4,True,validated,0
9c91ef2e-8ebf-4b4f-87c9-8b8e35972ee5,prca16,likert5,4,2,True,validated,1
9c91ef2e-8ebf-4b4f-87c9-8b8e35972ee5,prca17,likert5,4,2,True,validated,1
9c91ef2e-8ebf-4b4f-87c9-8b8e35972ee5,prca18,likert5,4,4,True,validated,0
d6df0502-51eb-42e4-bd6c-4b3cfcfd4f3c,prca01,likert5,1,1,True,validated,0
d6df0502-51eb-42e4-bd6c-4b3cfcfd4f3c,prca02,likert5,5,1,True,validated,1
d6df0502-51eb-42e4-bd6c-4b3cfcfd4f3c,prca03,likert5,4,4,True,validated,0
d6df0502-51eb-42e4-bd6c-4b3cfcfd4f3c,prca04,likert5,4,2,True,validated,1
d6df0502-51eb-42e4-bd6c-4b3cfcfd4f3c,prca05,likert5,4,4,True,validated,0
d6df0502-51eb-42e4-bd6c-4b3cfcfd4f3c,prca06,likert5,4,2,True,validated,1
d6df0502-51eb-42e4-bd6c-4b3cfcfd4f3c,prca13,likert5,4,4,True,validated,0
d6df0502-51eb-42e4-bd6c-4b3cfcfd4f3c,prca14,likert5,3,3,True,validated,1
d6df0502-51eb-42e4-bd6c-4b3cfcfd4f3c,prca15,likert5,5,5,True,validated,0
d6df0502-51eb-42e4-bd6c-4b3cfcfd4f3c,prca16,likert5,4,2,True,validated,1
d6df0502-51eb-42e4-bd6c-4b3cfcfd4f3c,prca17,likert5,5,1,True,validated,1
d6df0502-51eb-42e4-bd6c-4b3cfcfd4f3c,prca18,likert5,3,3,True,validated,0
ec78c0db-61c6-4b14-80c7-85d58964ed5e,prca01,likert5,4,4,True,validated,0
ec78c0db-61c6-4b14-80c7-85d58964ed5e,prca02,likert5,4,2,True,validated,1
ec78c0db-61c6-4b14-80c7-85d58964ed5e,prca03,likert5,3,3,True,validated,0
ec78c0db-61c6-4b14-80c7-85d58964ed5e,prca04,likert5,4,2,True,validated,1
ec78c0db-61c6-4b14-80c7-85d58964ed5e,prca05,likert5,3,3,True,validated,0
ec78c0db-61c6-4b14-80c7-85d58964ed5e,prca06,likert5,4,2,True,validated,1
ec78c0db-61c6-4b14-80c7-85d58964ed5e,prca13,likert5,1,1,True,validated,0
ec78c0db-61c6-4b14-80c7-85d58964ed5e,prca14,likert5,4,2,True,validated,1
ec78c0db-61c6-4b14-80c7-85d58964ed5e,prca15,likert5,4,4,True,validated,0
ec78c0db-61c6-4b14-80c7-85d58964ed5e,prca16,likert5,4,2,True,validated,1
ec78c0db-61c6-4b14-80c7-85d58964ed5e,prca17,likert5,3,3,True,validated,1
ec78c0db-61c6-4b14-80c7-85d58964ed5e,prca18,likert5,3,3,True,validated,0
d444af2e-19df-4582-8962-8a30c5472eea,prca01,likert5,3,3,True,validated,0
d444af2e-19df-4582-8962-8a30c5472eea,prca02,likert5,4,2,True,validated,1
d444af2e-19df-4582-8962-8a30c5472eea,prca03,likert5,3,3,True,validated,0
d444af2e-19df-4582-8962-8a30c5472eea,prca04,likert5,4,2,True,validated,1
d444af2e-19df-4582-8962-8a30c5472eea,prca05,likert5,4,4,True,validated,0
d444af2e-19df-4582-8962-8a30c5472eea,prca06,likert5,3,3,True,validated,1
d444af2e-19df-4582-8962-8a30c5472eea,prca13,likert5,3,3,True,validated,0
d444af2e-19df-4582-8962-8a30c5472eea,prca14,likert5,4,2,True,validated,1
d444af2e-19df-4582-8962-8a30c5472eea,prca15,likert5,4,4,True,validated,0
d444af2e-19df-4582-8962-8a30c5472eea,prca16,likert5,4,2,True,validated,1
d444af2e-19df-4582-8962-8a30c5472eea,prca17,likert5,3,3,True,validated,1
d444af2e-19df-4582-8962-8a30c5472eea,prca18,likert5,4,4,True,validated,0
596b2158-13b9-4c3a-8691-e60dffb6f92f,prca01,likert5,4,4,True,validated,0
596b2158-13b9-4c3a-8691-e60dffb6f92f,prca02,likert5,4,2,True,validated,1
596b2158-13b9-4c3a-8691-e60dffb6f92f,prca03,likert5,4,4,True,validated,0
596b2158-13b9-4c3a-8691-e60dffb6f92f,prca04,likert5,4,2,True,validated,1
596b2158-13b9-4c3a-8691-e60dffb6f92f,prca05,likert5,3,3,True,validated,0
596b2158-13b9-4c3a-8691-e60dffb6f92f,prca06,likert5,4,2,True,validated,1
596b2158-13b9-4c3a-8691-e60dffb6f92f,prca13,likert5,5,5,True,validated,0
596b2158-13b9-4c3a-8691-e60dffb6f92f,prca14,likert5,4,2,True,validated,1
596b2158-13b9-4c3a-8691-e60dffb6f92f,prca15,likert5,1,1,True,validated,0
596b2158-13b9-4c3a-8691-e60dffb6f92f,prca16,likert5,3,3,True,validated,1
596b2158-13b9-4c3a-8691-e60dffb6f92f,prca17,likert5,3,3,True,validated,1
596b2158-13b9-4c3a-8691-e60dffb6f92f,prca18,likert5,3,3,True,validated,0
bf814e5b-190f-4c0c-9c43-f4094f9e0991,prca01,likert5,4,4,True,validated,0
bf814e5b-190f-4c0c-9c43-f4094f9e0991,prca02,likert5,4,2,True,validated,1
bf814e5b-190f-4c0c-9c43-f4094f9e0991,prca03,likert5,4,4,True,validated,0
bf814e5b-190f-4c0c-9c43-f4094f9e0991,prca04,likert5,4,2,True,validated,1
bf814e5b-190f-4c0c-9c43-f4094f9e0991,prca05,likert5,3,3,True,validated,0
bf814e5b-190f-4c0c-9c43-f4094f9e0991,prca06,likert5,3,3,True,validated,1
bf814e5b-190f-4c0c-9c43-f4094f9e0991,prca13,likert5,4,4,True,validated,0
bf814e5b-190f-4c0c-9c43-f4094f9e0991,prca14,likert5,2,4,True,validated,1
bf814e5b-190f-4c0c-9c43-f4094f9e0991,prca15,likert5,5,5,True,validated,0
bf814e5b-190f-4c0c-9c43-f4094f9e0991,prca16,likert5,4,2,True,validated,1
bf814e5b-190f-4c0c-9c43-f4094f9e0991,prca17,likert5,5,1,True,validated,1
bf814e5b-190f-4c0c-9c43-f4094f9e0991,prca18,likert5,4,4,True,validated,0
93a31e09-5a63-4bc1-b53c-5db8d2f52474,prca01,likert5,4,4,True,validated,0
93a31e09-5a63-4bc1-b53c-5db8d2f52474,prca02,likert5,4,2,True,validated,1
93a31e09-5a63-4bc1-b53c-5db8d2f52474,prca03,likert5,3,3,True,validated,0
93a31e09-5a63-4bc1-b53c-5db8d2f52474,prca04,likert5,3,3,True,validated,1
93a31e09-5a63-4bc1-b53c-5db8d2f52474,prca05,likert5,4,4,True,validated,0
93a31e09-5a63-4bc1-b53c-5db8d2f52474,prca06,likert5,3,3,True,validated,1
93a31e09-5a63-4bc1-b53c-5db8d2f52474,prca13,likert5,4,4,True,validated,0
93a31e09-5a63-4bc1-b53c-5db8d2f52474,prca14,likert5,4,2,True,validated,1
93a31e09-5a63-4bc1-b53c-5db8d2f52474,prca15,likert5,4,4,True,validated,0
93a31e09-5a63-4bc1-b53c-5db8d2f52474,prca16,likert5,4,2,True,validated,1
93a31e09-5a63-4bc1-b53c-5db8d2f52474,prca17,likert5,4,2,True,validated,1
93a31e09-5a63-4bc1-b53c-5db8d2f52474,prca18,likert5,4,4,True,validated,0
9a1d8788-a3d8-4e9f-9be8-59b89ed6df03,prca01,likert5,3,3,True,validated,0
9a1d8788-a3d8-4e9f-9be8-59b89ed6df03,prca02,likert5,4,2,True,validated,1
9a1d8788-a3d8-4e9f-9be8-59b89ed6df03,prca03,likert5,3,3,True,validated,0
9a1d8788-a3d8-4e9f-9be8-59b89ed6df03,prca04,likert5,5,1,True,validated,1
9a1d8788-a3d8-4e9f-9be8-59b89ed6df03,prca05,likert5,4,4,True,validated,0
9a1d8788-a3d8-4e9f-9be8-59b89ed6df03,prca06,likert5,4,2,True,validated,1
9a1d8788-a3d8-4e9f-9be8-59b89ed6df03,prca13,likert5,3,3,True,validated,0
9a1d8788-a3d8-4e9f-9be8-59b89ed6df03,prca14,likert5,4,2,True,validated,1
9a1d8788-a3d8-4e9f-9be8-59b89ed6df03,prca15,likert5,3,3,True,validated,0
9a1d8788-a3d8-4e9f-9be8-59b89ed6df03,prca16,likert5,5,1,True,validated,1
9a1d8788-a3d8-4e9f-9be8-59b89ed6df03,prca17,likert5,3,3,True,validated,1
9a1d8788-a3d8-4e9f-9be8-59b89ed6df03,prca18,likert5,4,4,True,validated,0
19fe3585-f5cc-4b06-adfa-1aa2a18ef3e8,prca01,likert5,4,4,True,validated,0
19fe3585-f5cc-4b06-adfa-1aa2a18ef3e8,prca02,likert5,4,2,True,validated,1
19fe3585-f5cc-4b06-adfa-1aa2a18ef3e8,prca03,likert5,4,4,True,validated,0
19fe3585-f5cc-4b06-adfa-1aa2a18ef3e8,prca04,likert5,3,3,True,validated,1
19fe3585-f5cc-4b06-adfa-1aa2a18ef3e8,prca05,likert5,4,4,True,validated,0
19fe3585-f5cc-4b06-adfa-1aa2a18ef3e8,prca06,likert5,4,2,True,validated,1
19fe3585-f5cc-4b06-adfa-1aa2a18ef3e8,prca13,likert5,3,3,True,validated,0
19fe3585-f5cc-4b06-adfa-1aa2a18ef3e8,prca14,likert5,3,3,True,validated,1
19fe3585-f5cc-4b06-adfa-1aa2a18ef3e8,prca15,likert5,4,4,True,validated,0
19fe3585-f5cc-4b06-adfa-1aa2a18ef3e8,prca16,likert5,4,2,True,validated,1
19fe3585-f5cc-4b06-adfa-1aa2a18ef3e8,prca17,likert5,4,2,True,validated,1
19fe3585-f5cc-4b06-adfa-1aa2a18ef3e8,prca18,likert5,4,4,True,validated,0
1fefbb40-0612-43d0-95bd-c13ab047c2b4,prca01,likert5,2,2,True,validated,0
1fefbb40-0612-43d0-95bd-c13ab047c2b4,prca02,likert5,5,1,True,validated,1
1fefbb40-0612-43d0-95bd-c13ab047c2b4,prca03,likert5,3,3,True,validated,0
1fefbb40-0612-43d0-95bd-c13ab047c2b4,prca04,likert5,4,2,True,validated,1
1fefbb40-0612-43d0-95bd-c13ab047c2b4,prca05,likert5,5,5,True,validated,0
1fefbb40-0612-43d0-95bd-c13ab047c2b4,prca06,likert5,5,1,True,validated,1
1fefbb40-0612-43d0-95bd-c13ab047c2b4,prca13,likert5,4,4,True,validated,0
1fefbb40-0612-43d0-95bd-c13ab047c2b4,prca14,likert5,4,2,True,validated,1
1fefbb40-0612-43d0-95bd-c13ab047c2b4,prca15,likert5,4,4,True,validated,0
1fefbb40-0612-43d0-95bd-c13ab047c2b4,prca16,likert5,3,3,True,validated,1
1fefbb40-0612-43d0-95bd-c13ab047c2b4,prca17,likert5,4,2,True,validated,1
1fefbb40-0612-43d0-95bd-c13ab047c2b4,prca18,likert5,3,3,True,validated,0
dd06e52c-8db0-4343-84be-a771e208f893,prca01,likert5,4,4,True,validated,0
dd06e52c-8db0-4343-84be-a771e208f893,prca02,likert5,4,2,True,validated,1
dd06e52c-8db0-4343-84be-a771e208f893,prca03,likert5,3,3,True,validated,0
dd06e52c-8db0-4343-84be-a771e208f893,prca04,likert5,4,2,True,validated,1
dd06e52c-8db0-4343-84be-a771e208f893,prca05,likert5,3,3,True,validated,0
dd06e52c-8db0-4343-84be-a771e208f893,prca06,likert5,4,2,True,validated,1
dd06e52c-8db0-4343-84be-a771e208f893,prca13,likert5,3,3,True,validated,0
dd06e52c-8db0-4343-84be-a771e208f893,prca14,likert5,4,2,True,validated,1
dd06e52c-8db0-4343-84be-a771e208f893,prca15,likert5,4,4,True,validated,0
dd06e52c-8db0-4343-84be-a771e208f893,prca16,likert5,4,2,True,validated,1
dd06e52c-8db0-4343-84be-a771e208f893,prca17,likert5,3,3,True,validated,1
dd06e52c-8db0-4343-84be-a771e208f893,prca18,likert5,3,3,True,validated,0
b91651dd-42d2-42ba-80db-639a8a73b5e5,prca01,likert5,4,4,True,validated,0
b91651dd-42d2-42ba-80db-639a8a73b5e5,prca02,likert5,4,2,True,validated,1
b91651dd-42d2-42ba-80db-639a8a73b5e5,prca03,likert5,5,5,True,validated,0
b91651dd-42d2-42ba-80db-639a8a73b5e5,prca04,likert5,4,2,True,validated,1
b91651dd-42d2-42ba-80db-639a8a73b5e5,prca05,likert5,3,3,True,validated,0
b91651dd-42d2-42ba-80db-639a8a73b5e5,prca06,likert5,4,2,True,validated,1
b91651dd-42d2-42ba-80db-639a8a73b5e5,prca13,likert5,5,5,True,validated,0
b91651dd-42d2-42ba-80db-639a8a73b5e5,prca14,likert5,4,2,True,validated,1
b91651dd-42d2-42ba-80db-639a8a73b5e5,prca15,likert5,3,3,True,validated,0
b91651dd-42d2-42ba-80db-639a8a73b5e5,prca16,likert5,3,3,True,validated,1
b91651dd-42d2-42ba-80db-639a8a73b5e5,prca17,likert5,4,2,True,validated,1
b91651dd-42d2-42ba-80db-639a8a73b5e5,prca18,likert5,3,3,True,validated,0
80df8361-0a74-4231-a5c6-21b9a4dbba27,prca01,likert5,3,3,True,validated,0
80df8361-0a74-4231-a5c6-21b9a4dbba27,prca02,likert5,4,2,True,validated,1
80df8361-0a74-4231-a5c6-21b9a4dbba27,prca03,likert5,3,3,True,validated,0
80df8361-0a74-4231-a5c6-21b9a4dbba27,prca04,likert5,5,1,True,validated,1
80df8361-0a74-4231-a5c6-21b9a4dbba27,prca05,likert5,3,3,True,validated,0
80df8361-0a74-4231-a5c6-21b9a4dbba27,prca06,likert5,5,1,True,validated,1
80df8361-0a74-4231-a5c6-21b9a4dbba27,prca13,likert5,4,4,True,validated,0
80df8361-0a74-4231-a5c6-21b9a4dbba27,prca14,likert5,5,1,True,validated,1
80df8361-0a74-4231-a5c6-21b9a4dbba27,prca15,likert5,4,4,True,validated,0
80df8361-0a74-4231-a5c6-21b9a4dbba27,prca16,likert5,3,3,True,validated,1
80df8361-0a74-4231-a5c6-21b9a4dbba27,prca17,likert5,5,1,True,validated,1
80df8361-0a74-4231-a5c6-21b9a4dbba27,prca18,likert5,3,3,True,validated,0
290ea969-2a47-4d67-bd8d-6c4f88ff64a4,prca01,likert5,5,5,True,validated,0
290ea969-2a47-4d67-bd8d-6c4f88ff64a4,prca02,likert5,4,2,True,validated,1
290ea969-2a47-4d67-bd8d-6c4f88ff64a4,prca03,likert5,4,4,True,validated,0
290ea969-2a47-4d67-bd8d-6c4f88ff64a4,prca04,likert5,5,1,True,validated,1
290ea969-2a47-4d67-bd8d-6c4f88ff64a4,prca05,likert5,4,4,True,validated,0
290ea969-2a47-4d67-bd8d-6c4f88ff64a4,prca06,likert5,4,2,True,validated,1
290ea969-2a47-4d67-bd8d-6c4f88ff64a4,prca13,likert5,4,4,True,validated,0
290ea969-2a47-4d67-bd8d-6c4f88ff64a4,prca14,likert5,4,2,True,validated,1
290ea969-2a47-4d67-bd8d-6c4f88ff64a4,prca15,likert5,4,4,True,validated,0
290ea969-2a47-4d67-bd8d-6c4f88ff64a4,prca16,likert5,3,3,True,validated,1
290ea969-2a47-4d67-bd8d-6c4f88ff64a4,prca17,likert5,4,2,True,validated,1
290ea969-2a47-4d67-bd8d-6c4f88ff64a4,prca18,likert5,4,4,True,validated,0
e3ddc337-486c-41b0-8555-86ae2fda463b,prca01,likert5,3,3,True,validated,0
e3ddc337-486c-41b0-8555-86ae2fda463b,prca02,likert5,4,2,True,validated,1
e3ddc337-486c-41b0-8555-86ae2fda463b,prca03,likert5,3,3,True,validated,0
e3ddc337-486c-41b0-8555-86ae2fda463b,prca04,likert5,4,2,True,validated,1
e3ddc337-486c-41b0-8555-86ae2fda463b,prca05,likert5,4,4,True,validated,0
e3ddc337-486c-41b0-8555-86ae2fda463b,prca06,likert5,4,2,True,validated,1
e3ddc337-486c-41b0-8555-86ae2fda463b,prca13,likert5,5,5,True,validated,0
e3ddc337-486c-41b0-8555-86ae2fda463b,prca14,likert5,4,2,True,validated,1
e3ddc337-486c-41b0-8555-86ae2fda463b,prca15,likert5,5,5,True,validated,0
e3ddc337-486c-41b0-8555-86ae2fda463b,prca16,likert5,3,3,True,validated,1
e3ddc337-486c-41b0-8555-86ae2fda463b,prca17,likert5,1,5,True,validated,1
e3ddc337-486c-41b0-8555-86ae2fda463b,prca18,likert5,4,4,True,validated,0
8f2c0e1a-17b1-4ba1-8a6f-a435869ca79a,prca01,likert5,4,4,True,validated,0
8f2c0e1a-17b1-4ba1-8a6f-a435869ca79a,prca02,likert5,4,2,True,validated,1
8f2c0e1a-17b1-4ba1-8a6f-a435869ca79a,prca03,likert5,4,4,True,validated,0
8f2c0e1a-17b1-4ba1-8a6f-a435869ca79a,prca04,likert5,4,2,True,validated,1
8f2c0e1a-17b1-4ba1-8a6f-a435869ca79a,prca05,likert5,4,4,True,validated,0
8f2c0e1a-17b1-4ba1-8a6f-a435869ca79a,prca06,likert5,5,1,True,validated,1
8f2c0e1a-17b1-4ba1-8a6f-a435869ca79a,prca13,likert5,4,4,True,validated,0
8f2c0e1a-17b1-4ba1-8a6f-a435869ca79a,prca14,likert5,5,1,True,validated,1
8f2c0e1a-17b1-4ba1-8a6f-a435869ca79a,prca15,likert5,4,4,True,validated,0
8f2c0e1a-17b1-4ba1-8a6f-a435869ca79a,prca16,likert5,3,3,True,validated,1
8f2c0e1a-17b1-4ba1-8a6f-a435869ca79a,prca17,likert5,3,3,True,validated,1
8f2c0e1a-17b1-4ba1-8a6f-a435869ca79a,prca18,likert5,3,3,True,validated,0
0c35934b-ecd2-4abb-8b87-249a48ad6e31,prca01,likert5,4,4,True,validated,0
0c35934b-ecd2-4abb-8b87-249a48ad6e31,prca02,likert5,4,2,True,validated,1
0c35934b-ecd2-4abb-8b87-249a48ad6e31,prca03,likert5,3,3,True,validated,0
0c35934b-ecd2-4abb-8b87-249a48ad6e31,prca04,likert5,3,3,True,validated,1
0c35934b-ecd2-4abb-8b87-249a48ad6e31,prca05,likert5,5,5,True,validated,0
0c35934b-ecd2-4abb-8b87-249a48ad6e31,prca06,likert5,4,2,True,validated,1
0c35934b-ecd2-4abb-8b87-249a48ad6e31,prca13,likert5,4,4,True,validated,0
0c35934b-ecd2-4abb-8b87-249a48ad6e31,prca14,likert5,4,2,True,validated,1
0c35934b-ecd2-4abb-8b87-249a48ad6e31,prca15,likert5,2,2,True,validated,0
0c35934b-ecd2-4abb-8b87-249a48ad6e31,prca16,likert5,4,2,True,validated,1
0c35934b-ecd2-4abb-8b87-249a48ad6e31,prca17,likert5,4,2,True,validated,1
0c35934b-ecd2-4abb-8b87-249a48ad6e31,prca18,likert5,4,4,True,validated,0
2d6a4103-d348-44f9-8bab-aabac0905a5d,prca01,likert5,4,4,True,validated,0
2d6a4103-d348-44f9-8bab-aabac0905a5d,prca02,likert5,4,2,True,validated,1
2d6a4103-d348-44f9-8bab-aabac0905a5d,prca03,likert5,4,4,True,validated,0
2d6a4103-d348-44f9-8bab-aabac0905a5d,prca04,likert5,5,1,True,validated,1
2d6a4103-d348-44f9-8bab-aabac0905a5d,prca05,likert5,4,4,True,validated,0
2d6a4103-d348-44f9-8bab-aabac0905a5d,prca06,likert5,4,2,True,validated,1
2d6a4103-d348-44f9-8bab-aabac0905a5d,prca13,likert5,4,4,True,validated,0
2d6a4103-d348-44f9-8bab-aabac0905a5d,prca14,likert5,4,2,True,validated,1
2d6a4103-d348-44f9-8bab-aabac0905a5d,prca15,likert5,4,4,True,validated,0
2d6a4103-d348-44f9-8bab-aabac0905a5d,prca16,likert5,5,1,True,validated,1
2d6a4103-d348-44f9-8bab-aabac0905a5d,prca17,likert5,5,1,True,validated,1
2d6a4103-d348-44f9-8bab-aabac0905a5d,prca18,likert5,4,4,True,validated,0
50a4368d-b432-465e-816b-e7166e3eb59a,prca01,likert5,2,2,True,validated,0
50a4368d-b432-465e-816b-e7166e3eb59a,prca02,likert5,4,2,True,validated,1
50a4368d-b432-465e-816b-e7166e3eb59a,prca03,likert5,4,4,True,validated,0
50a4368d-b432-465e-816b-e7166e3eb59a,prca04,likert5,4,2,True,validated,1
50a4368d-b432-465e-816b-e7166e3eb59a,prca05,likert5,4,4,True,validated,0
50a4368d-b432-465e-816b-e7166e3eb59a,prca06,likert5,4,2,True,validated,1
50a4368d-b432-465e-816b-e7166e3eb59a,prca13,likert5,4,4,True,validated,0
50a4368d-b432-465e-816b-e7166e3eb59a,prca14,likert5,4,2,True,validated,1
50a4368d-b432-465e-816b-e7166e3eb59a,prca15,likert5,4,4,True,validated,0
50a4368d-b432-465e-816b-e7166e3eb59a,prca16,likert5,5,1,True,validated,1
50a4368d-b432-465e-816b-e7166e3eb59a,prca17,likert5,4,2,True,validated,1
50a4368d-b432-465e-816b-e7166e3eb59a,prca18,likert5,4,4,True,validated,0
404d0c42-ff17-4767-891b-a18c9e695e07,prca01,likert5,4,4,True,validated,0
404d0c42-ff17-4767-891b-a18c9e695e07,prca02,likert5,5,1,True,validated,1
404d0c42-ff17-4767-891b-a18c9e695e07,prca03,likert5,4,4,True,validated,0
404d0c42-ff17-4767-891b-a18c9e695e07,prca04,likert5,4,2,True,validated,1
404d0c42-ff17-4767-891b-a18c9e695e07,prca05,likert5,4,4,True,validated,0
404d0c42-ff17-4767-891b-a18c9e695e07,prca06,likert5,5,1,True,validated,1
404d0c42-ff17-4767-891b-a18c9e695e07,prca13,likert5,4,4,True,validated,0
404d0c42-ff17-4767-891b-a18c9e695e07,prca14,likert5,4,2,True,validated,1
404d0c42-ff17-4767-891b-a18c9e695e07,prca15,likert5,5,5,True,validated,0
404d0c42-ff17-4767-891b-a18c9e695e07,prca16,likert5,4,2,True,validated,1
404d0c42-ff17-4767-891b-a18c9e695e07,prca17,likert5,4,2,True,validated,1
404d0c42-ff17-4767-891b-a18c9e695e07,prca18,likert5,4,4,True,validated,0
0536f9b7-5504-472f-8a87-9ed96e3ae4a2,prca01,likert5,4,4,True,validated,0
0536f9b7-5504-472f-8a87-9ed96e3ae4a2,prca02,likert5,2,4,True,validated,1
0536f9b7-5504-472f-8a87-9ed96e3ae4a2,prca03,likert5,3,3,True,validated,0
0536f9b7-5504-472f-8a87-9ed96e3ae4a2,prca04,likert5,3,3,True,validated,1
0536f9b7-5504-472f-8a87-9ed96e3ae4a2,prca05,likert5,4,4,True,validated,0
0536f9b7-5504-472f-8a87-9ed96e3ae4a2,prca06,likert5,3,3,True,validated,1
0536f9b7-5504-472f-8a87-9ed96e3ae4a2,prca13,likert5,3,3,True,validated,0
0536f9b7-5504-472f-8a87-9ed96e3ae4a2,prca14,likert5,4,2,True,validated,1
0536f9b7-5504-472f-8a87-9ed96e3ae4a2,prca15,likert5,4,4,True,validated,0
0536f9b7-5504-472f-8a87-9ed96e3ae4a2,prca16,likert5,4,2,True,validated,1
0536f9b7-5504-472f-8a87-9ed96e3ae4a2,prca17,likert5,4,2,True,validated,1
0536f9b7-5504-472f-8a87-9ed96e3ae4a2,prca18,likert5,4,4,True,validated,0
41257b4f-30f0-48a7-bfe5-44b515fbcc98,prca01,likert5,4,4,True,validated,0
41257b4f-30f0-48a7-bfe5-44b515fbcc98,prca02,likert5,4,2,True,validated,1
41257b4f-30f0-48a7-bfe5-44b515fbcc98,prca03,likert5,4,4,True,validated,0
41257b4f-30f0-48a7-bfe5-44b515fbcc98,prca04,likert5,4,2,True,validated,1
41257b4f-30f0-48a7-bfe5-44b515fbcc98,prca05,likert5,3,3,True,validated,0
41257b4f-30f0-48a7-bfe5-44b515fbcc98,prca06,likert5,4,2,True,validated,1
41257b4f-30f0-48a7-bfe5-44b515fbcc98,prca13,likert5,4,4,True,validated,0
41257b4f-30f0-48a7-bfe5-44b515fbcc98,prca14,likert5,4,2,True,validated,1
41257b4f-30f0-48a7-bfe5-44b515fbcc98,prca15,likert5,4,4,True,validated,0
41257b4f-30f0-48a7-bfe5-44b515fbcc98,prca16,likert5,4,2,True,validated,1
41257b4f-30f0-48a7-bfe5-44b515fbcc98,prca17,likert5,4,2,True,validated,1
41257b4f-30f0-48a7-bfe5-44b515fbcc98,prca18,likert5,4,4,True,validated,0
29b1b1b8-46fb-45e4-9f83-7b1915ca961b,prca01,likert5,1,1,True,validated,0
29b1b1b8-46fb-45e4-9f83-7b1915ca961b,prca02,likert5,4,2,True,validated,1
29b1b1b8-46fb-45e4-9f83-7b1915ca961b,prca03,likert5,4,4,True,validated,0
29b1b1b8-46fb-45e4-9f83-7b1915ca961b,prca04,likert5,4,2,True,validated,1
29b1b1b8-46fb-45e4-9f83-7b1915ca961b,prca05,likert5,3,3,True,validated,0
29b1b1b8-46fb-45e4-9f83-7b1915ca961b,prca06,likert5,2,4,True,validated,1
29b1b1b8-46fb-45e4-9f83-7b1915ca961b,prca13,likert5,1,1,True,validated,0
29b1b1b8-46fb-45e4-9f83-7b1915ca961b,prca14,likert5,4,2,True,validated,1
29b1b1b8-46fb-45e4-9f83-7b1915ca961b,prca15,likert5,4,4,True,validated,0
29b1b1b8-46fb-45e4-9f83-7b1915ca961b,prca16,likert5,4,2,True,validated,1
29b1b1b8-46fb-45e4-9f83-7b1915ca961b,prca17,likert5,4,2,True,validated,1
29b1b1b8-46fb-45e4-9f83-7b1915ca961b,prca18,likert5,5,5,True,validated,0
343cc5b9-f4c7-47c1-9b90-517daa187167,prca01,likert5,3,3,True,validated,0
343cc5b9-f4c7-47c1-9b90-517daa187167,prca02,likert5,3,3,True,validated,1
343cc5b9-f4c7-47c1-9b90-517daa187167,prca03,likert5,3,3,True,validated,0
343cc5b9-f4c7-47c1-9b90-517daa187167,prca04,likert5,4,2,True,validated,1
343cc5b9-f4c7-47c1-9b90-517daa187167,prca05,likert5,3,3,True,validated,0
343cc5b9-f4c7-47c1-9b90-517daa187167,prca06,likert5,4,2,True,validated,1
343cc5b9-f4c7-47c1-9b90-517daa187167,prca13,likert5,5,5,True,validated,0
343cc5b9-f4c7-47c1-9b90-517daa187167,prca14,likert5,4,2,True,validated,1
343cc5b9-f4c7-47c1-9b90-517daa187167,prca15,likert5,4,4,True,validated,0
343cc5b9-f4c7-47c1-9b90-517daa187167,prca16,likert5,4,2,True,validated,1
343cc5b9-f4c7-47c1-9b90-517daa187167,prca17,likert5,3,3,True,validated,1
343cc5b9-f4c7-47c1-9b90-517daa187167,prca18,likert5,5,5,True,validated,0
d78b7302-5049-4a77-8a10-ab6655085e80,prca01,likert5,4,4,True,validated,0
d78b7302-5049-4a77-8a10-ab6655085e80,prca02,likert5,5,1,True,validated,1
d78b7302-5049-4a77-8a10-ab6655085e80,prca03,likert5,4,4,True,validated,0
d78b7302-5049-4a77-8a10-ab6655085e80,prca04,likert5,5,1,True,validated,1
d78b7302-5049-4a77-8a10-ab6655085e80,prca05,likert5,4,4,True,validated,0
d78b7302-5049-4a77-8a10-ab6655085e80,prca06,likert5,3,3,True,validated,1
d78b7302-5049-4a77-8a10-ab6655085e80,prca13,likert5,4,4,True,validated,0
d78b7302-5049-4a77-8a10-ab6655085e80,prca14,likert5,4,2,True,validated,1
d78b7302-5049-4a77-8a10-ab6655085e80,prca15,likert5,4,4,True,validated,0
d78b7302-5049-4a77-8a10-ab6655085e80,prca16,likert5,4,2,True,validated,1
d78b7302-5049-4a77-8a10-ab6655085e80,prca17,likert5,4,2,True,validated,1
d78b7302-5049-4a77-8a10-ab6655085e80,prca18,likert5,4,4,True,validated,0
e47a68c7-3c80-44c7-a371-746fa1007c25,prca01,likert5,4,4,True,validated,0
e47a68c7-3c80-44c7-a371-746fa1007c25,prca02,likert5,3,3,True,validated,1
e47a68c7-3c80-44c7-a371-746fa1007c25,prca03,likert5,4,4,True,validated,0
e47a68c7-3c80-44c7-a371-746fa1007c25,prca04,likert5,5,1,True,validated,1
e47a68c7-3c80-44c7-a371-746fa1007c25,prca05,likert5,4,4,True,validated,0
e47a68c7-3c80-44c7-a371-746fa1007c25,prca06,likert5,4,2,True,validated,1
e47a68c7-3c80-44c7-a371-746fa1007c25,prca13,likert5,5,5,True,validated,0
e47a68c7-3c80-44c7-a371-746fa1007c25,prca14,likert5,4,2,True,validated,1
e47a68c7-3c80-44c7-a371-746fa1007c25,prca15,likert5,2,2,True,validated,0
e47a68c7-3c80-44c7-a371-746fa1007c25,prca16,likert5,5,1,True,validated,1
e47a68c7-3c80-44c7-a371-746fa1007c25,prca17,likert5,5,1,True,validated,1
e47a68c7-3c80-44c7-a371-746fa1007c25,prca18,likert5,5,5,True,validated,0
ab69e3a7-b02d-40e5-8861-6c5e1e06c588,prca01,likert5,4,4,True,validated,0
ab69e3a7-b02d-40e5-8861-6c5e1e06c588,prca02,likert5,4,2,True,validated,1
ab69e3a7-b02d-40e5-8861-6c5e1e06c588,prca03,likert5,4,4,True,validated,0
ab69e3a7-b02d-40e5-8861-6c5e1e06c588,prca04,likert5,5,1,True,validated,1
ab69e3a7-b02d-40e5-8861-6c5e1e06c588,prca05,likert5,3,3,True,validated,0
ab69e3a7-b02d-40e5-8861-6c5e1e06c588,prca06,likert5,5,1,True,validated,1
ab69e3a7-b02d-40e5-8861-6c5e1e06c588,prca13,likert5,4,4,True,validated,0
ab69e3a7-b02d-40e5-8861-6c5e1e06c588,prca14,likert5,3,3,True,validated,1
ab69e3a7-b02d-40e5-8861-6c5e1e06c588,prca15,likert5,4,4,True,validated,0
ab69e3a7-b02d-40e5-8861-6c5e1e06c588,prca16,likert5,4,2,True,validated,1
ab69e3a7-b02d-40e5-8861-6c5e1e06c588,prca17,likert5,4,2,True,validated,1
ab69e3a7-b02d-40e5-8861-6c5e1e06c588,prca18,likert5,3,3,True,validated,0
cdec8e66-39f3-43b7-ab33-5f1dba3d90e7,prca01,likert5,4,4,True,validated,0
cdec8e66-39f3-43b7-ab33-5f1dba3d90e7,prca02,likert5,4,2,True,validated,1
cdec8e66-39f3-43b7-ab33-5f1dba3d90e7,prca03,likert5,4,4,True,validated,0
cdec8e66-39f3-43b7-ab33-5f1dba3d90e7,prca04,likert5,3,3,True,validated,1
cdec8e66-39f3-43b7-ab33-5f1dba3d90e7,prca05,likert5,4,4,True,validated,0
cdec8e66-39f3-43b7-ab33-5f1dba3d90e7,prca06,likert5,4,2,True,validated,1
cdec8e66-39f3-43b7-ab33-5f1dba3d90e7,prca13,likert5,1,1,True,validated,0
cdec8e66-39f3-43b7-ab33-5f1dba3d90e7,prca14,likert5,4,2,True,validated,1
cdec8e66-39f3-43b7-ab33-5f1dba3d90e7,prca15,likert5,4,4,True,validated,0
cdec8e66-39f3-43b7-ab33-5f1dba3d90e7,prca16,likert5,4,2,True,validated,1
cdec8e66-39f3-43b7-ab33-5f1dba3d90e7,prca17,likert5,4,2,True,validated,1
cdec8e66-39f3-43b7-ab33-5f1dba3d90e7,prca18,likert5,3,3,True,validated,0
d0e1dc1f-6a09-454a-835e-88cabd40e805,prca01,likert5,4,4,True,validated,0
d0e1dc1f-6a09-454a-835e-88cabd40e805,prca02,likert5,4,2,True,validated,1
d0e1dc1f-6a09-454a-835e-88cabd40e805,prca03,likert5,3,3,True,validated,0
d0e1dc1f-6a09-454a-835e-88cabd40e805,prca04,likert5,4,2,True,validated,1
d0e1dc1f-6a09-454a-835e-88cabd40e805,prca05,likert5,3,3,True,validated,0
d0e1dc1f-6a09-454a-835e-88cabd40e805,prca06,likert5,4,2,True,validated,1
d0e1dc1f-6a09-454a-835e-88cabd40e805,prca13,likert5,4,4,True,validated,0
d0e1dc1f-6a09-454a-835e-88cabd40e805,prca14,likert5,4,2,True,validated,1
d0e1dc1f-6a09-454a-835e-88cabd40e805,prca15,likert5,4,4,True,validated,0
d0e1dc1f-6a09-454a-835e-88cabd40e805,prca16,likert5,3,3,True,validated,1
d0e1dc1f-6a09-454a-835e-88cabd40e805,prca17,likert5,4,2,True,validated,1
d0e1dc1f-6a09-454a-835e-88cabd40e805,prca18,likert5,4,4,True,validated,0
6089bbc6-56a7-40d8-8b90-91ea09fc1051,prca01,likert5,3,3,True,validated,0
6089bbc6-56a7-40d8-8b90-91ea09fc1051,prca02,likert5,3,3,True,validated,1
6089bbc6-56a7-40d8-8b90-91ea09fc1051,prca03,likert5,4,4,True,validated,0
6089bbc6-56a7-40d8-8b90-91ea09fc1051,prca04,likert5,3,3,True,validated,1
6089bbc6-56a7-40d8-8b90-91ea09fc1051,prca05,likert5,3,3,True,validated,0
6089bbc6-56a7-40d8-8b90-91ea09fc1051,prca06,likert5,4,2,True,validated,1
6089bbc6-56a7-40d8-8b90-91ea09fc1051,prca13,likert5,5,5,True,validated,0
6089bbc6-56a7-40d8-8b90-91ea09fc1051,prca14,likert5,4,2,True,validated,1
6089bbc6-56a7-40d8-8b90-91ea09fc1051,prca15,likert5,4,4,True,validated,0
6089bbc6-56a7-40d8-8b90-91ea09fc1051,prca16,likert5,5,1,True,validated,1
6089bbc6-56a7-40d8-8b90-91ea09fc1051,prca17,likert5,5,1,True,validated,1
6089bbc6-56a7-40d8-8b90-91ea09fc1051,prca18,likert5,3,3,True,validated,0
0d05c8ee-b0ba-4de2-ab38-3826e78cfadd,prca01,likert5,3,3,True,validated,0
0d05c8ee-b0ba-4de2-ab38-3826e78cfadd,prca02,likert5,4,2,True,validated,1
0d05c8ee-b0ba-4de2-ab38-3826e78cfadd,prca03,likert5,4,4,True,validated,0
0d05c8ee-b0ba-4de2-ab38-3826e78cfadd,prca04,likert5,4,2,True,validated,1
0d05c8ee-b0ba-4de2-ab38-3826e78cfadd,prca05,likert5,4,4,True,validated,0
0d05c8ee-b0ba-4de2-ab38-3826e78cfadd,prca06,likert5,5,1,True,validated,1
0d05c8ee-b0ba-4de2-ab38-3826e78cfadd,prca13,likert5,5,5,True,validated,0
0d05c8ee-b0ba-4de2-ab38-3826e78cfadd,prca14,likert5,3,3,True,validated,1
0d05c8ee-b0ba-4de2-ab38-3826e78cfadd,prca15,likert5,3,3,True,validated,0
0d05c8ee-b0ba-4de2-ab38-3826e78cfadd,prca16,likert5,4,2,True,validated,1
0d05c8ee-b0ba-4de2-ab38-3826e78cfadd,prca17,likert5,4,2,True,validated,1
0d05c8ee-b0ba-4de2-ab38-3826e78cfadd,prca18,likert5,3,3,True,validated,0
ce5a90f4-214d-4d49-89f7-c836c9660d80,prca01,likert5,4,4,True,validated,0
ce5a90f4-214d-4d49-89f7-c836c9660d80,prca02,likert5,1,5,True,validated,1
ce5a90f4-214d-4d49-89f7-c836c9660d80,prca03,likert5,4,4,True,validated,0
ce5a90f4-214d-4d49-89f7-c836c9660d80,prca04,likert5,4,2,True,validated,1
ce5a90f4-214d-4d49-89f7-c836c9660d80,prca05,likert5,2,2,True,validated,0
ce5a90f4-214d-4d49-89f7-c836c9660d80,prca06,likert5,5,1,True,validated,1
ce5a90f4-214d-4d49-89f7-c836c9660d80,prca13,likert5,5,5,True,validated,0
ce5a90f4-214d-4d49-89f7-c836c9660d80,prca14,likert5,1,5,True,validated,1
ce5a90f4-214d-4d49-89f7-c836c9660d80,prca15,likert5,3,3,True,validated,0
ce5a90f4-214d-4d49-89f7-c836c9660d80,prca16,likert5,4,2,True,validated,1
ce5a90f4-214d-4d49-89f7-c836c9660d80,prca17,likert5,4,2,True,validated,1
ce5a90f4-214d-4d49-89f7-c836c9660d80,prca18,likert5,3,3,True,validated,0
f7b7fd35-1ea1-4893-b5fa-517176be2d1f,prca01,likert5,2,2,True,validated,0
f7b7fd35-1ea1-4893-b5fa-517176be2d1f,prca02,likert5,4,2,True,validated,1
f7b7fd35-1ea1-4893-b5fa-517176be2d1f,prca03,likert5,4,4,True,validated,0
f7b7fd35-1ea1-4893-b5fa-517176be2d1f,prca04,likert5,4,2,True,validated,1
f7b7fd35-1ea1-4893-b5fa-517176be2d1f,prca05,likert5,4,4,True,validated,0
f7b7fd35-1ea1-4893-b5fa-517176be2d1f,prca06,likert5,5,1,True,validated,1
f7b7fd35-1ea1-4893-b5fa-517176be2d1f,prca13,likert5,4,4,True,validated,0
f7b7fd35-1ea1-4893-b5fa-517176be2d1f,prca14,likert5,4,2,True,validated,1
f7b7fd35-1ea1-4893-b5fa-517176be2d1f,prca15,likert5,4,4,True,validated,0
f7b7fd35-1ea1-4893-b5fa-517176be2d1f,prca16,likert5,4,2,True,validated,1
f7b7fd35-1ea1-4893-b5fa-517176be2d1f,prca17,likert5,4,2,True,validated,1
f7b7fd35-1ea1-4893-b5fa-517176be2d1f,prca18,likert5,4,4,True,validated,0
cfc3a9c3-3e10-4103-bd1b-255a0c0abe24,prca01,likert5,4,4,True,validated,0
cfc3a9c3-3e10-4103-bd1b-255a0c0abe24,prca02,likert5,3,3,True,validated,1
cfc3a9c3-3e10-4103-bd1b-255a0c0abe24,prca03,likert5,4,4,True,validated,0
cfc3a9c3-3e10-4103-bd1b-255a0c0abe24,prca04,likert5,4,2,True,validated,1
cfc3a9c3-3e10-4103-bd1b-255a0c0abe24,prca05,likert5,3,3,True,validated,0
cfc3a9c3-3e10-4103-bd1b-255a0c0abe24,prca06,likert5,3,3,True,validated,1
cfc3a9c3-3e10-4103-bd1b-255a0c0abe24,prca13,likert5,4,4,True,validated,0
cfc3a9c3-3e10-4103-bd1b-255a0c0abe24,prca14,likert5,4,2,True,validated,1
cfc3a9c3-3e10-4103-bd1b-255a0c0abe24,prca15,likert5,4,4,True,validated,0
cfc3a9c3-3e10-4103-bd1b-255a0c0abe24,prca16,likert5,3,3,True,validated,1
cfc3a9c3-3e10-4103-bd1b-255a0c0abe24,prca17,likert5,3,3,True,validated,1
cfc3a9c3-3e10-4103-bd1b-255a0c0abe24,prca18,likert5,4,4,True,validated,0
3d7aca2d-f6ce-4c2d-93a0-d755bff912a1,prca01,likert5,5,5,True,validated,0
3d7aca2d-f6ce-4c2d-93a0-d755bff912a1,prca02,likert5,4,2,True,validated,1
3d7aca2d-f6ce-4c2d-93a0-d755bff912a1,prca03,likert5,4,4,True,validated,0
3d7aca2d-f6ce-4c2d-93a0-d755bff912a1,prca04,likert5,4,2,True,validated,1
3d7aca2d-f6ce-4c2d-93a0-d755bff912a1,prca05,likert5,3,3,True,validated,0
3d7aca2d-f6ce-4c2d-93a0-d755bff912a1,prca06,likert5,4,2,True,validated,1
3d7aca2d-f6ce-4c2d-93a0-d755bff912a1,prca13,likert5,3,3,True,validated,0
3d7aca2d-f6ce-4c2d-93a0-d755bff912a1,prca14,likert5,4,2,True,validated,1
3d7aca2d-f6ce-4c2d-93a0-d755bff912a1,prca15,likert5,4,4,True,validated,0
3d7aca2d-f6ce-4c2d-93a0-d755bff912a1,prca16,likert5,5,1,True,validated,1
3d7aca2d-f6ce-4c2d-93a0-d755bff912a1,prca17,likert5,4,2,True,validated,1
3d7aca2d-f6ce-4c2d-93a0-d755bff912a1,prca18,likert5,4,4,True,validated,0
efd7da53-3114-4a05-bfbe-515d8ddd3f23,prca01,likert5,4,4,True,validated,0
efd7da53-3114-4a05-bfbe-515d8ddd3f23,prca02,likert5,4,2,True,validated,1
efd7da53-3114-4a05-bfbe-515d8ddd3f23,prca03,likert5,4,4,True,validated,0
efd7da53-3114-4a05-bfbe-515d8ddd3f23,prca04,likert5,4,2,True,validated,1
efd7da53-3114-4a05-bfbe-515d8ddd3f23,prca05,likert5,4,4,True,validated,0
efd7da53-3114-4a05-bfbe-515d8ddd3f23,prca06,likert5,4,2,True,validated,1
efd7da53-3114-4a05-bfbe-515d8ddd3f23,prca13,likert5,4,4,True,validated,0
efd7da53-3114-4a05-bfbe-515d8ddd3f23,prca14,likert5,4,2,True,validated,1
efd7da53-3114-4a05-bfbe-515d8ddd3f23,prca15,likert5,3,3,True,validated,0
efd7da53-3114-4a05-bfbe-515d8ddd3f23,prca16,likert5,4,2,True,validated,1
efd7da53-3114-4a05-bfbe-515d8ddd3f23,prca17,likert5,3,3,True,validated,1
efd7da53-3114-4a05-bfbe-515d8ddd3f23,prca18,likert5,4,4,True,validated,0
61c63d3e-8c8f-4075-9df2-27f5a396fb34,prca01,likert5,3,3,True,validated,0
61c63d3e-8c8f-4075-9df2-27f5a396fb34,prca02,likert5,4,2,True,validated,1
61c63d3e-8c8f-4075-9df2-27f5a396fb34,prca03,likert5,4,4,True,validated,0
61c63d3e-8c8f-4075-9df2-27f5a396fb34,prca04,likert5,4,2,True,validated,1
61c63d3e-8c8f-4075-9df2-27f5a396fb34,prca05,likert5,4,4,True,validated,0
61c63d3e-8c8f-4075-9df2-27f5a396fb34,prca06,likert5,4,2,True,validated,1
61c63d3e-8c8f-4075-9df2-27f5a396fb34,prca13,likert5,3,3,True,validated,0
61c63d3e-8c8f-4075-9df2-27f5a396fb34,prca14,likert5,5,1,True,validated,1
61c63d3e-8c8f-4075-9df2-27f5a396fb34,prca15,likert5,4,4,True,validated,0
61c63d3e-8c8f-4075-9df2-27f5a396fb34,prca16,likert5,4,2,True,validated,1
61c63d3e-8c8f-4075-9df2-27f5a396fb34,prca17,likert5,3,3,True,validated,1
61c63d3e-8c8f-4075-9df2-27f5a396fb34,prca18,likert5,4,4,True,validated,0
