resid,question_id,scale,original_response,final_response,validated,action_taken,reverse_coded
984d65ec-868f-4310-a081-5406e5c005bd,prca01,likert5,4,4,True,validated,0
984d65ec-868f-4310-a081-5406e5c005bd,prca02,likert5,1,5,True,validated,1
984d65ec-868f-4310-a081-5406e5c005bd,prca03,likert5,4,4,True,validated,0
984d65ec-868f-4310-a081-5406e5c005bd,prca04,likert5,5,1,True,validated,1
984d65ec-868f-4310-a081-5406e5c005bd,prca05,likert5,5,5,True,validated,0
984d65ec-868f-4310-a081-5406e5c005bd,prca06,likert5,3,3,True,validated,1
984d65ec-868f-4310-a081-5406e5c005bd,prca13,likert5,4,4,True,validated,0
984d65ec-868f-4310-a081-5406e5c005bd,prca14,likert5,1,5,True,validated,1
984d65ec-868f-4310-a081-5406e5c005bd,prca15,likert5,1,1,True,validated,0
984d65ec-868f-4310-a081-5406e5c005bd,prca16,likert5,1,5,True,validated,1
984d65ec-868f-4310-a081-5406e5c005bd,prca17,likert5,1,5,True,validated,1
984d65ec-868f-4310-a081-5406e5c005bd,prca18,likert5,5,5,True,validated,0
a2061300-423e-46f7-a47f-7fc8a531a0aa,prca01,likert5,2,2,True,validated,0
a2061300-423e-46f7-a47f-7fc8a531a0aa,prca02,likert5,3,3,True,validated,1
a2061300-423e-46f7-a47f-7fc8a531a0aa,prca03,likert5,3,3,True,validated,0
a2061300-423e-46f7-a47f-7fc8a531a0aa,prca04,likert5,5,1,True,validated,1
a2061300-423e-46f7-a47f-7fc8a531a0aa,prca05,likert5,3,3,True,validated,0
a2061300-423e-46f7-a47f-7fc8a531a0aa,prca06,likert5,3,3,True,validated,1
a2061300-423e-46f7-a47f-7fc8a531a0aa,prca13,likert5,2,2,True,validated,0
a2061300-423e-46f7-a47f-7fc8a531a0aa,prca14,likert5,3,3,True,validated,1
a2061300-423e-46f7-a47f-7fc8a531a0aa,prca15,likert5,1,1,True,validated,0
a2061300-423e-46f7-a47f-7fc8a531a0aa,prca16,likert5,3,3,True,validated,1
a2061300-423e-46f7-a47f-7fc8a531a0aa,prca17,likert5,2,4,True,validated,1
a2061300-423e-46f7-a47f-7fc8a531a0aa,prca18,likert5,5,5,True,validated,0
efa57be4-2a41-44fa-9628-7f42ab76bd91,prca01,likert5,3,3,True,validated,0
efa57be4-2a41-44fa-9628-7f42ab76bd91,prca02,likert5,2,4,True,validated,1
efa57be4-2a41-44fa-9628-7f42ab76bd91,prca03,likert5,5,5,True,validated,0
efa57be4-2a41-44fa-9628-7f42ab76bd91,prca04,likert5,4,2,True,validated,1
efa57be4-2a41-44fa-9628-7f42ab76bd91,prca05,likert5,2,2,True,validated,0
efa57be4-2a41-44fa-9628-7f42ab76bd91,prca06,likert5,2,4,True,validated,1
efa57be4-2a41-44fa-9628-7f42ab76bd91,prca13,likert5,5,5,True,validated,0
efa57be4-2a41-44fa-9628-7f42ab76bd91,prca14,likert5,4,2,True,validated,1
efa57be4-2a41-44fa-9628-7f42ab76bd91,prca15,likert5,4,4,True,validated,0
efa57be4-2a41-44fa-9628-7f42ab76bd91,prca16,likert5,3,3,True,validated,1
efa57be4-2a41-44fa-9628-7f42ab76bd91,prca17,likert5,2,4,True,validated,1
efa57be4-2a41-44fa-9628-7f42ab76bd91,prca18,likert5,3,3,True,validated,0
e33b14f7-f82c-4231-af75-f6b6e19ee851,prca01,likert5,4,4,True,validated,0
e33b14f7-f82c-4231-af75-f6b6e19ee851,prca02,likert5,3,3,True,validated,1
e33b14f7-f82c-4231-af75-f6b6e19ee851,prca03,likert5,4,4,True,validated,0
e33b14f7-f82c-4231-af75-f6b6e19ee851,prca04,likert5,1,5,True,validated,1
e33b14f7-f82c-4231-af75-f6b6e19ee851,prca05,likert5,4,4,True,validated,0
e33b14f7-f82c-4231-af75-f6b6e19ee851,prca06,likert5,3,3,True,validated,1
e33b14f7-f82c-4231-af75-f6b6e19ee851,prca13,likert5,4,4,True,validated,0
e33b14f7-f82c-4231-af75-f6b6e19ee851,prca14,likert5,4,2,True,validated,1
e33b14f7-f82c-4231-af75-f6b6e19ee851,prca15,likert5,2,2,True,validated,0
e33b14f7-f82c-4231-af75-f6b6e19ee851,prca16,likert5,1,5,True,validated,1
e33b14f7-f82c-4231-af75-f6b6e19ee851,prca17,likert5,4,2,True,validated,1
e33b14f7-f82c-4231-af75-f6b6e19ee851,prca18,likert5,2,2,True,validated,0
98ebd648-6b10-4398-af52-2dfdf66c7b8e,prca01,likert5,2,2,True,validated,0
98ebd648-6b10-4398-af52-2dfdf66c7b8e,prca02,likert5,5,1,True,validated,1
98ebd648-6b10-4398-af52-2dfdf66c7b8e,prca03,likert5,5,5,True,validated,0
98ebd648-6b10-4398-af52-2dfdf66c7b8e,prca04,likert5,5,1,True,validated,1
98ebd648-6b10-4398-af52-2dfdf66c7b8e,prca05,likert5,3,3,True,validated,0
98ebd648-6b10-4398-af52-2dfdf66c7b8e,prca06,likert5,5,1,True,validated,1
98ebd648-6b10-4398-af52-2dfdf66c7b8e,prca13,likert5,5,5,True,validated,0
98ebd648-6b10-4398-af52-2dfdf66c7b8e,prca14,likert5,4,2,True,validated,1
98ebd648-6b10-4398-af52-2dfdf66c7b8e,prca15,likert5,4,4,True,validated,0
98ebd648-6b10-4398-af52-2dfdf66c7b8e,prca16,likert5,4,2,True,validated,1
98ebd648-6b10-4398-af52-2dfdf66c7b8e,prca17,likert5,5,1,True,validated,1
98ebd648-6b10-4398-af52-2dfdf66c7b8e,prca18,likert5,1,1,True,validated,0
04661446-456b-487d-b4d1-94d24c145888,prca01,likert5,2,2,True,validated,0
04661446-456b-487d-b4d1-94d24c145888,prca02,likert5,3,3,True,validated,1
04661446-456b-487d-b4d1-94d24c145888,prca03,likert5,1,1,True,validated,0
04661446-456b-487d-b4d1-94d24c145888,prca04,likert5,4,2,True,validated,1
04661446-456b-487d-b4d1-94d24c145888,prca05,likert5,4,4,True,validated,0
04661446-456b-487d-b4d1-94d24c145888,prca06,likert5,4,2,True,validated,1
04661446-456b-487d-b4d1-94d24c145888,prca13,likert5,2,2,True,validated,0
04661446-456b-487d-b4d1-94d24c145888,prca14,likert5,5,1,True,validated,1
04661446-456b-487d-b4d1-94d24c145888,prca15,likert5,1,1,True,validated,0
04661446-456b-487d-b4d1-94d24c145888,prca16,likert5,4,2,True,validated,1
04661446-456b-487d-b4d1-94d24c145888,prca17,likert5,1,5,True,validated,1
04661446-456b-487d-b4d1-94d24c145888,prca18,likert5,3,3,True,validated,0
e87f3ff1-0db5-4013-869d-69391b8720c3,prca01,likert5,1,1,True,validated,0
e87f3ff1-0db5-4013-869d-69391b8720c3,prca02,likert5,3,3,True,validated,1
e87f3ff1-0db5-4013-869d-69391b8720c3,prca03,likert5,4,4,True,validated,0
e87f3ff1-0db5-4013-869d-69391b8720c3,prca04,likert5,4,2,True,validated,1
e87f3ff1-0db5-4013-869d-69391b8720c3,prca05,likert5,5,5,True,validated,0
e87f3ff1-0db5-4013-869d-69391b8720c3,prca06,likert5,4,2,True,validated,1
e87f3ff1-0db5-4013-869d-69391b8720c3,prca13,likert5,5,5,True,validated,0
e87f3ff1-0db5-4013-869d-69391b8720c3,prca14,likert5,2,4,True,validated,1
e87f3ff1-0db5-4013-869d-69391b8720c3,prca15,likert5,4,4,True,validated,0
e87f3ff1-0db5-4013-869d-69391b8720c3,prca16,likert5,4,2,True,validated,1
e87f3ff1-0db5-4013-869d-69391b8720c3,prca17,likert5,4,2,True,validated,1
e87f3ff1-0db5-4013-869d-69391b8720c3,prca18,likert5,5) strongly agree,4,True,recode,0
1052b326-d9dd-41b6-9180-83a5913d2f47,prca01,likert5,3,3,True,validated,0
1052b326-d9dd-41b6-9180-83a5913d2f47,prca02,likert5,4,2,True,validated,1
1052b326-d9dd-41b6-9180-83a5913d2f47,prca03,likert5,5,5,True,validated,0
1052b326-d9dd-41b6-9180-83a5913d2f47,prca04,likert5,1,5,True,validated,1
1052b326-d9dd-41b6-9180-83a5913d2f47,prca05,likert5,5,5,True,validated,0
1052b326-d9dd-41b6-9180-83a5913d2f47,prca06,likert5,1,5,True,validated,1
1052b326-d9dd-41b6-9180-83a5913d2f47,prca13,likert5,5,5,True,validated,0
1052b326-d9dd-41b6-9180-83a5913d2f47,prca14,likert5,4,2,True,validated,1
1052b326-d9dd-41b6-9180-83a5913d2f47,prca15,likert5,5) strongly agree,5,True,recode,0
1052b326-d9dd-41b6-9180-83a5913d2f47,prca16,likert5,4,2,True,validated,1
1052b326-d9dd-41b6-9180-83a5913d2f47,prca17,likert5,4,2,True,validated,1
1052b326-d9dd-41b6-9180-83a5913d2f47,prca18,likert5,3,3,True,validated,0
8cb1bfdc-49d2-4b6e-8828-7980ce93dd16,prca01,likert5,4,4,True,validated,0
8cb1bfdc-49d2-4b6e-8828-7980ce93dd16,prca02,likert5,5,1,True,validated,1
8cb1bfdc-49d2-4b6e-8828-7980ce93dd16,prca03,likert5,2,2,True,validated,0
8cb1bfdc-49d2-4b6e-8828-7980ce93dd16,prca04,likert5,2,4,True,validated,1
8cb1bfdc-49d2-4b6e-8828-7980ce93dd16,prca05,likert5,4,4,True,validated,0
8cb1bfdc-49d2-4b6e-8828-7980ce93dd16,prca06,likert5,3,3,True,validated,1
8cb1bfdc-49d2-4b6e-8828-7980ce93dd16,prca13,likert5,1,1,True,validated,0
8cb1bfdc-49d2-4b6e-8828-7980ce93dd16,prca14,likert5,1,5,True,validated,1
8cb1bfdc-49d2-4b6e-8828-7980ce93dd16,prca15,likert5,1,1,True,validated,0
8cb1bfdc-49d2-4b6e-8828-7980ce93dd16,prca16,likert5,5) strongly agree,3,True,recode,1
8cb1bfdc-49d2-4b6e-8828-7980ce93dd16,prca17,likert5,4,2,True,validated,1
8cb1bfdc-49d2-4b6e-8828-7980ce93dd16,prca18,likert5,2,2,True,validated,0
59ae6025-3285-4bfe-a48d-5c3488a1893f,prca01,likert5,1,1,True,validated,0
59ae6025-3285-4bfe-a48d-5c3488a1893f,prca02,likert5,3,3,True,validated,1
59ae6025-3285-4bfe-a48d-5c3488a1893f,prca03,likert5,5,5,True,validated,0
59ae6025-3285-4bfe-a48d-5c3488a1893f,prca04,likert5,5,1,True,validated,1
59ae6025-3285-4bfe-a48d-5c3488a1893f,prca05,likert5,2,2,True,validated,0
59ae6025-3285-4bfe-a48d-5c3488a1893f,prca06,likert5,3,3,True,validated,1
59ae6025-3285-4bfe-a48d-5c3488a1893f,prca13,likert5,5,5,True,validated,0
59ae6025-3285-4bfe-a48d-5c3488a1893f,prca14,likert5,3,3,True,validated,1
59ae6025-3285-4bfe-a48d-5c3488a1893f,prca15,likert5,4,4,True,validated,0
59ae6025-3285-4bfe-a48d-5c3488a1893f,prca16,likert5,4,2,True,validated,1
59ae6025-3285-4bfe-a48d-5c3488a1893f,prca17,likert5,4,2,True,validated,1
59ae6025-3285-4bfe-a48d-5c3488a1893f,prca18,likert5,3,3,True,validated,0
75cb70b6-c841-442b-9786-638f9af415bf,prca01,likert5,3,3,True,validated,0
75cb70b6-c841-442b-9786-638f9af415bf,prca02,likert5,4,2,True,validated,1
75cb70b6-c841-442b-9786-638f9af415bf,prca03,likert5,2,2,True,validated,0
75cb70b6-c841-442b-9786-638f9af415bf,prca04,likert5,4,2,True,validated,1
75cb70b6-c841-442b-9786-638f9af415bf,prca05,likert5,4,4,True,validated,0
75cb70b6-c841-442b-9786-638f9af415bf,prca06,likert5,5,1,True,validated,1
75cb70b6-c841-442b-9786-638f9af415bf,prca13,likert5,4,4,True,validated,0
75cb70b6-c841-442b-9786-638f9af415bf,prca14,likert5,2,4,True,validated,1
75cb70b6-c841-442b-9786-638f9af415bf,prca15,likert5,4,4,True,validated,0
75cb70b6-c841-442b-9786-638f9af415bf,prca16,likert5,5,1,True,validated,1
75cb70b6-c841-442b-9786-638f9af415bf,prca17,likert5,4,2,True,validated,1
75cb70b6-c841-442b-9786-638f9af415bf,prca18,likert5,4,4,True,validated,0
7a0c7355-931f-4dfc-b6b0-5ec1eef1643a,prca01,likert5,4,4,True,validated,0
7a0c7355-931f-4dfc-b6b0-5ec1eef1643a,prca02,likert5,4,2,True,validated,1
7a0c7355-931f-4dfc-b6b0-5ec1eef1643a,prca03,likert5,5) strongly agree,3,True,recode,0
7a0c7355-931f-4dfc-b6b0-5ec1eef1643a,prca04,likert5,5,1,True,validated,1
7a0c7355-931f-4dfc-b6b0-5ec1eef1643a,prca05,likert5,5,5,True,validated,0
7a0c7355-931f-4dfc-b6b0-5ec1eef1643a,prca06,likert5,2,4,True,validated,1
7a0c7355-931f-4dfc-b6b0-5ec1eef1643a,prca13,likert5,5,5,True,validated,0
7a0c7355-931f-4dfc-b6b0-5ec1eef1643a,prca14,likert5,3,3,True,validated,1
7a0c7355-931f-4dfc-b6b0-5ec1eef1643a,prca15,likert5,5) strongly agree,4,True,recode,0
7a0c7355-931f-4dfc-b6b0-5ec1eef1643a,prca16,likert5,1,5,True,validated,1
7a0c7355-931f-4dfc-b6b0-5ec1eef1643a,prca17,likert5,3,3,True,validated,1
7a0c7355-931f-4dfc-b6b0-5ec1eef1643a,prca18,likert5,1,1,True,validated,0
70be7eb8-46d9-4bbe-9a03-bdbc8bc86e01,prca01,likert5,5,5,True,validated,0
70be7eb8-46d9-4bbe-9a03-bdbc8bc86e01,prca02,likert5,2,4,True,validated,1
70be7eb8-46d9-4bbe-9a03-bdbc8bc86e01,prca03,likert5,4,4,True,validated,0
70be7eb8-46d9-4bbe-9a03-bdbc8bc86e01,prca04,likert5,4,2,True,validated,1
70be7eb8-46d9-4bbe-9a03-bdbc8bc86e01,prca05,likert5,4,4,True,validated,0
70be7eb8-46d9-4bbe-9a03-bdbc8bc86e01,prca06,likert5,2,4,True,validated,1
70be7eb8-46d9-4bbe-9a03-bdbc8bc86e01,prca13,likert5,4,4,True,validated,0
70be7eb8-46d9-4bbe-9a03-bdbc8bc86e01,prca14,likert5,2,4,True,validated,1
70be7eb8-46d9-4bbe-9a03-bdbc8bc86e01,prca15,likert5,4,4,True,validated,0
70be7eb8-46d9-4bbe-9a03-bdbc8bc86e01,prca16,likert5,5,1,True,validated,1
70be7eb8-46d9-4bbe-9a03-bdbc8bc86e01,prca17,likert5,5) strongly agree,1,True,recode,1
70be7eb8-46d9-4bbe-9a03-bdbc8bc86e01,prca18,likert5,5,5,True,validated,0
56be6a64-78a5-4638-b730-a539ce752b1b,prca01,likert5,2,2,True,validated,0
56be6a64-78a5-4638-b730-a539ce752b1b,prca02,likert5,2,4,True,validated,1
56be6a64-78a5-4638-b730-a539ce752b1b,prca03,likert5,3,3,True,validated,0
56be6a64-78a5-4638-b730-a539ce752b1b,prca04,likert5,3,3,True,validated,1
56be6a64-78a5-4638-b730-a539ce752b1b,prca05,likert5,2,2,True,validated,0
56be6a64-78a5-4638-b730-a539ce752b1b,prca06,likert5,4,2,True,validated,1
56be6a64-78a5-4638-b730-a539ce752b1b,prca13,likert5,5,5,True,validated,0
56be6a64-78a5-4638-b730-a539ce752b1b,prca14,likert5,4,2,True,validated,1
56be6a64-78a5-4638-b730-a539ce752b1b,prca15,likert5,5,5,True,validated,0
56be6a64-78a5-4638-b730-a539ce752b1b,prca16,likert5,1,5,True,validated,1
56be6a64-78a5-4638-b730-a539ce752b1b,prca17,likert5,5,1,True,validated,1
56be6a64-78a5-4638-b730-a539ce752b1b,prca18,likert5,2,2,True,validated,0
d2dc3192-fc92-4451-b949-a62da6a9161c,prca01,likert5,5,5,True,validated,0
d2dc3192-fc92-4451-b949-a62da6a9161c,prca02,likert5,5,1,True,validated,1
d2dc3192-fc92-4451-b949-a62da6a9161c,prca03,likert5,3,3,True,validated,0
d2dc3192-fc92-4451-b949-a62da6a9161c,prca04,likert5,4,2,True,validated,1
d2dc3192-fc92-4451-b949-a62da6a9161c,prca05,likert5,5,5,True,validated,0
d2dc3192-fc92-4451-b949-a62da6a9161c,prca06,likert5,5,1,True,validated,1
d2dc3192-fc92-4451-b949-a62da6a9161c,prca13,likert5,1,1,True,validated,0
d2dc3192-fc92-4451-b949-a62da6a9161c,prca14,likert5,1,5,True,validated,1
d2dc3192-fc92-4451-b949-a62da6a9161c,prca15,likert5,3,3,True,validated,0
d2dc3192-fc92-4451-b949-a62da6a9161c,prca16,likert5,3,3,True,validated,1
d2dc3192-fc92-4451-b949-a62da6a9161c,prca17,likert5,1,5,True,validated,1
d2dc3192-fc92-4451-b949-a62da6a9161c,prca18,likert5,4,4,True,validated,0
0e125def-f2a9-4468-a14e-20602fa6eb4f,prca01,likert5,4,4,True,validated,0
0e125def-f2a9-4468-a14e-20602fa6eb4f,prca02,likert5,3,3,True,validated,1
0e125def-f2a9-4468-a14e-20602fa6eb4f,prca03,likert5,4,4,True,validated,0
0e125def-f2a9-4468-a14e-20602fa6eb4f,prca04,likert5,1,5,True,validated,1
0e125def-f2a9-4468-a14e-20602fa6eb4f,prca05,likert5,3,3,True,validated,0
0e125def-f2a9-4468-a14e-20602fa6eb4f,prca06,likert5,4,2,True,validated,1
0e125def-f2a9-4468-a14e-20602fa6eb4f,prca13,likert5,2,2,True,validated,0
0e125def-f2a9-4468-a14e-20602fa6eb4f,prca14,likert5,4,2,True,validated,1
0e125def-f2a9-4468-a14e-20602fa6eb4f,prca15,likert5,4,4,True,validated,0
0e125def-f2a9-4468-a14e-20602fa6eb4f,prca16,likert5,5,1,True,validated,1
0e125def-f2a9-4468-a14e-20602fa6eb4f,prca17,likert5,2,4,True,validated,1
0e125def-f2a9-4468-a14e-20602fa6eb4f,prca18,likert5,4,4,True,validated,0
fc103fd7-21ef-4e6c-bd7c-83e6ef71b518,prca01,likert5,1,1,True,validated,0
fc103fd7-21ef-4e6c-bd7c-83e6ef71b518,prca02,likert5,5,1,True,validated,1
fc103fd7-21ef-4e6c-bd7c-83e6ef71b518,prca03,likert5,1,1,True,validated,0
fc103fd7-21ef-4e6c-bd7c-83e6ef71b518,prca04,likert5,3,3,True,validated,1
fc103fd7-21ef-4e6c-bd7c-83e6ef71b518,prca05,likert5,4,4,True,validated,0
fc103fd7-21ef-4e6c-bd7c-83e6ef71b518,prca06,likert5,5,1,True,validated,1
fc103fd7-21ef-4e6c-bd7c-83e6ef71b518,prca13,likert5,4,4,True,validated,0
fc103fd7-21ef-4e6c-bd7c-83e6ef71b518,prca14,likert5,1,5,True,validated,1
fc103fd7-21ef-4e6c-bd7c-83e6ef71b518,prca15,likert5,3,3,True,validated,0
fc103fd7-21ef-4e6c-bd7c-83e6ef71b518,prca16,likert5,4,2,True,validated,1
fc103fd7-21ef-4e6c-bd7c-83e6ef71b518,prca17,likert5,1,5,True,validated,1
fc103fd7-21ef-4e6c-bd7c-83e6ef71b518,prca18,likert5,4,4,True,validated,0
18431908-eb8c-41ea-ba7c-9ea61e3d0f67,prca01,likert5,1,1,True,validated,0
18431908-eb8c-41ea-ba7c-9ea61e3d0f67,prca02,likert5,5,1,True,validated,1
18431908-eb8c-41ea-ba7c-9ea61e3d0f67,prca03,likert5,2,2,True,validated,0
18431908-eb8c-41ea-ba7c-9ea61e3d0f67,prca04,likert5,4,2,True,validated,1
18431908-eb8c-41ea-ba7c-9ea61e3d0f67,prca05,likert5,2,2,True,validated,0
18431908-eb8c-41ea-ba7c-9ea61e3d0f67,prca06,likert5,5,1,True,validated,1
18431908-eb8c-41ea-ba7c-9ea61e3d0f67,prca13,likert5,4,4,True,validated,0
18431908-eb8c-41ea-ba7c-9ea61e3d0f67,prca14,likert5,1,5,True,validated,1
18431908-eb8c-41ea-ba7c-9ea61e3d0f67,prca15,likert5,5,5,True,validated,0
18431908-eb8c-41ea-ba7c-9ea61e3d0f67,prca16,likert5,2,4,True,validated,1
18431908-eb8c-41ea-ba7c-9ea61e3d0f67,prca17,likert5,3,3,True,validated,1
18431908-eb8c-41ea-ba7c-9ea61e3d0f67,prca18,likert5,5,5,True,validated,0
31660ff1-5011-43b4-9085-a4b486cb37ea,prca01,likert5,3,3,True,validated,0
31660ff1-5011-43b4-9085-a4b486cb37ea,prca02,likert5,2,4,True,validated,1
31660ff1-5011-43b4-9085-a4b486cb37ea,prca03,likert5,1,1,True,validated,0
31660ff1-5011-43b4-9085-a4b486cb37ea,prca04,likert5,5) strongly agree,1,True,recode,1
31660ff1-5011-43b4-9085-a4b486cb37ea,prca05,likert5,4,4,True,validated,0
31660ff1-5011-43b4-9085-a4b486cb37ea,prca06,likert5,4,2,True,validated,1
31660ff1-5011-43b4-9085-a4b486cb37ea,prca13,likert5,5,5,True,validated,0
31660ff1-5011-43b4-9085-a4b486cb37ea,prca14,likert5,3,3,True,validated,1
31660ff1-5011-43b4-9085-a4b486cb37ea,prca15,likert5,2,2,True,validated,0
31660ff1-5011-43b4-9085-a4b486cb37ea,prca16,likert5,5,1,True,validated,1
31660ff1-5011-43b4-9085-a4b486cb37ea,prca17,likert5,2,4,True,validated,1
31660ff1-5011-43b4-9085-a4b486cb37ea,prca18,likert5,4,4,True,validated,0
3ec858b3-c54c-4774-9f04-d3daa561d471,prca01,likert5,4,4,True,validated,0
3ec858b3-c54c-4774-9f04-d3daa561d471,prca02,likert5,3,3,True,validated,1
3ec858b3-c54c-4774-9f04-d3daa561d471,prca03,likert5,4,4,True,validated,0
3ec858b3-c54c-4774-9f04-d3daa561d471,prca04,likert5,5) strongly agree,1,True,recode,1
3ec858b3-c54c-4774-9f04-d3daa561d471,prca05,likert5,4,4,True,validated,0
3ec858b3-c54c-4774-9f04-d3daa561d471,prca06,likert5,5,1,True,validated,1
3ec858b3-c54c-4774-9f04-d3daa561d471,prca13,likert5,3,3,True,validated,0
3ec858b3-c54c-4774-9f04-d3daa561d471,prca14,likert5,1,5,True,validated,1
3ec858b3-c54c-4774-9f04-d3daa561d471,prca15,likert5,5,5,True,validated,0
3ec858b3-c54c-4774-9f04-d3daa561d471,prca16,likert5,1,5,True,validated,1
3ec858b3-c54c-4774-9f04-d3daa561d471,prca17,likert5,3,3,True,validated,1
3ec858b3-c54c-4774-9f04-d3daa561d471,prca18,likert5,3,3,True,validated,0
5de9cc60-adc4-46b8-83cb-9f660f79ed94,prca01,likert5,2,2,True,validated,0
5de9cc60-adc4-46b8-83cb-9f660f79ed94,prca02,likert5,5,1,True,validated,1
5de9cc60-adc4-46b8-83cb-9f660f79ed94,prca03,likert5,1,1,True,validated,0
5de9cc60-adc4-46b8-83cb-9f660f79ed94,prca04,likert5,2,4,True,validated,1
5de9cc60-adc4-46b8-83cb-9f660f79ed94,prca05,likert5,1,1,True,validated,0
5de9cc60-adc4-46b8-83cb-9f660f79ed94,prca06,likert5,3,3,True,validated,1
5de9cc60-adc4-46b8-83cb-9f660f79ed94,prca13,likert5,4,4,True,validated,0
5de9cc60-adc4-46b8-83cb-9f660f79ed94,prca14,likert5,3,3,True,validated,1
5de9cc60-adc4-46b8-83cb-9f660f79ed94,prca15,likert5,4,4,True,validated,0
5de9cc60-adc4-46b8-83cb-9f660f79ed94,prca16,likert5,3,3,True,validated,1
5de9cc60-adc4-46b8-83cb-9f660f79ed94,prca17,likert5,5,1,True,validated,1
5de9cc60-adc4-46b8-83cb-9f660f79ed94,prca18,likert5,3,3,True,validated,0
34dd897a-97d6-4a1b-a78e-27a74bebde3c,prca01,likert5,3,3,True,validated,0
34dd897a-97d6-4a1b-a78e-27a74bebde3c,prca02,likert5,2,4,True,validated,1
34dd897a-97d6-4a1b-a78e-27a74bebde3c,prca03,likert5,1,1,True,validated,0
34dd897a-97d6-4a1b-a78e-27a74bebde3c,prca04,likert5,2,4,True,validated,1
34dd897a-97d6-4a1b-a78e-27a74bebde3c,prca05,likert5,2,2,True,validated,0
34dd897a-97d6-4a1b-a78e-27a74bebde3c,prca06,likert5,4,2,True,validated,1
34dd897a-97d6-4a1b-a78e-27a74bebde3c,prca13,likert5,5,5,True,validated,0
34dd897a-97d6-4a1b-a78e-27a74bebde3c,prca14,likert5,2,4,True,validated,1
34dd897a-97d6-4a1b-a78e-27a74bebde3c,prca15,likert5,5,5,True,validated,0
34dd897a-97d6-4a1b-a78e-27a74bebde3c,prca16,likert5,4,2,True,validated,1
34dd897a-97d6-4a1b-a78e-27a74bebde3c,prca17,likert5,2,4,True,validated,1
34dd897a-97d6-4a1b-a78e-27a74bebde3c,prca18,likert5,3,3,True,validated,0
c5f4eb2a-fa68-49be-a51b-a6fa800b2fa9,prca01,likert5,2,2,True,validated,0
c5f4eb2a-fa68-49be-a51b-a6fa800b2fa9,prca02,likert5,2,4,True,validated,1
c5f4eb2a-fa68-49be-a51b-a6fa800b2fa9,prca03,likert5,3,3,True,validated,0
c5f4eb2a-fa68-49be-a51b-a6fa800b2fa9,prca04,likert5,2,4,True,validated,1
c5f4eb2a-fa68-49be-a51b-a6fa800b2fa9,prca05,likert5,5,5,True,validated,0
c5f4eb2a-fa68-49be-a51b-a6fa800b2fa9,prca06,likert5,2,4,True,validated,1
c5f4eb2a-fa68-49be-a51b-a6fa800b2fa9,prca13,likert5,4,4,True,validated,0
c5f4eb2a-fa68-49be-a51b-a6fa800b2fa9,prca14,likert5,5,1,True,validated,1
c5f4eb2a-fa68-49be-a51b-a6fa800b2fa9,prca15,likert5,5,5,True,validated,0
c5f4eb2a-fa68-49be-a51b-a6fa800b2fa9,prca16,likert5,1,5,True,validated,1
c5f4eb2a-fa68-49be-a51b-a6fa800b2fa9,prca17,likert5,5,1,True,validated,1
c5f4eb2a-fa68-49be-a51b-a6fa800b2fa9,prca18,likert5,2,2,True,validated,0
a9312012-ce91-460d-8ac3-764f44f625f8,prca01,likert5,1,1,True,validated,0
a9312012-ce91-460d-8ac3-764f44f625f8,prca02,likert5,5,1,True,validated,1
a9312012-ce91-460d-8ac3-764f44f625f8,prca03,likert5,4,4,True,validated,0
a9312012-ce91-460d-8ac3-764f44f625f8,prca04,likert5,5,1,True,validated,1
a9312012-ce91-460d-8ac3-764f44f625f8,prca05,likert5,5,5,True,validated,0
a9312012-ce91-460d-8ac3-764f44f625f8,prca06,likert5,2,4,True,validated,1
a9312012-ce91-460d-8ac3-764f44f625f8,prca13,likert5,4,4,True,validated,0
a9312012-ce91-460d-8ac3-764f44f625f8,prca14,likert5,5,1,True,validated,1
a9312012-ce91-460d-8ac3-764f44f625f8,prca15,likert5,5,5,True,validated,0
a9312012-ce91-460d-8ac3-764f44f625f8,prca16,likert5,2,4,True,validated,1
a9312012-ce91-460d-8ac3-764f44f625f8,prca17,likert5,4,2,True,validated,1
a9312012-ce91-460d-8ac3-764f44f625f8,prca18,likert5,3,3,True,validated,0
2ec731ba-16eb-49ab-9098-8d60cee298ff,prca01,likert5,4,4,True,validated,0
2ec731ba-16eb-49ab-9098-8d60cee298ff,prca02,likert5,3,3,True,validated,1
2ec731ba-16eb-49ab-9098-8d60cee298ff,prca03,likert5,3,3,True,validated,0
2ec731ba-16eb-49ab-9098-8d60cee298ff,prca04,likert5,2,4,True,validated,1
2ec731ba-16eb-49ab-9098-8d60cee298ff,prca05,likert5,2,2,True,validated,0
2ec731ba-16eb-49ab-9098-8d60cee298ff,prca06,likert5,4,2,True,validated,1
2ec731ba-16eb-49ab-9098-8d60cee298ff,prca13,likert5,1) strongly disagree,3,True,recode,0
2ec731ba-16eb-49ab-9098-8d60cee298ff,prca14,likert5,4,2,True,validated,1
2ec731ba-16eb-49ab-9098-8d60cee298ff,prca15,likert5,5,5,True,validated,0
2ec731ba-16eb-49ab-9098-8d60cee298ff,prca16,likert5,1,5,True,validated,1
2ec731ba-16eb-49ab-9098-8d60cee298ff,prca17,likert5,2,4,True,validated,1
2ec731ba-16eb-49ab-9098-8d60cee298ff,prca18,likert5,5,5,True,validated,0
cf8c6ae9-e78d-490e-a7df-6fba67fe0151,prca01,likert5,4,4,True,validated,0
cf8c6ae9-e78d-490e-a7df-6fba67fe0151,prca02,likert5,5,1,True,validated,1
cf8c6ae9-e78d-490e-a7df-6fba67fe0151,prca03,likert5,1,1,True,validated,0
cf8c6ae9-e78d-490e-a7df-6fba67fe0151,prca04,likert5,2,4,True,validated,1
cf8c6ae9-e78d-490e-a7df-6fba67fe0151,prca05,likert5,2,2,True,validated,0
cf8c6ae9-e78d-490e-a7df-6fba67fe0151,prca06,likert5,5,1,True,validated,1
cf8c6ae9-e78d-490e-a7df-6fba67fe0151,prca13,likert5,3,3,True,validated,0
cf8c6ae9-e78d-490e-a7df-6fba67fe0151,prca14,likert5,1,5,True,validated,1
cf8c6ae9-e78d-490e-a7df-6fba67fe0151,prca15,likert5,4,4,True,validated,0
cf8c6ae9-e78d-490e-a7df-6fba67fe0151,prca16,likert5,5) strongly agree,2,True,recode,1
cf8c6ae9-e78d-490e-a7df-6fba67fe0151,prca17,likert5,3,3,True,validated,1
cf8c6ae9-e78d-490e-a7df-6fba67fe0151,prca18,likert5,3,3,True,validated,0
a29e01a9-628d-435e-94cd-c53e2e90e658,prca01,likert5,4,4,True,validated,0
a29e01a9-628d-435e-94cd-c53e2e90e658,prca02,likert5,5,1,True,validated,1
a29e01a9-628d-435e-94cd-c53e2e90e658,prca03,likert5,2,2,True,validated,0
a29e01a9-628d-435e-94cd-c53e2e90e658,prca04,likert5,1,5,True,validated,1
a29e01a9-628d-435e-94cd-c53e2e90e658,prca05,likert5,3,3,True,validated,0
a29e01a9-628d-435e-94cd-c53e2e90e658,prca06,likert5,4,2,True,validated,1
a29e01a9-628d-435e-94cd-c53e2e90e658,prca13,likert5,5,5,True,validated,0
a29e01a9-628d-435e-94cd-c53e2e90e658,prca14,likert5,3,3,True,validated,1
a29e01a9-628d-435e-94cd-c53e2e90e658,prca15,likert5,5) strongly agree,5,True,recode,0
a29e01a9-628d-435e-94cd-c53e2e90e658,prca16,likert5,1,5,True,validated,1
a29e01a9-628d-435e-94cd-c53e2e90e658,prca17,likert5,3,3,True,validated,1
a29e01a9-628d-435e-94cd-c53e2e90e658,prca18,likert5,4,4,True,validated,0
b0f408db-97ec-40e7-ad8f-66b898856cea,prca01,likert5,4,4,True,validated,0
b0f408db-97ec-40e7-ad8f-66b898856cea,prca02,likert5,5,1,True,validated,1
b0f408db-97ec-40e7-ad8f-66b898856cea,prca03,likert5,3,3,True,validated,0
b0f408db-97ec-40e7-ad8f-66b898856cea,prca04,likert5,2,4,True,validated,1
b0f408db-97ec-40e7-ad8f-66b898856cea,prca05,likert5,5,5,True,validated,0
b0f408db-97ec-40e7-ad8f-66b898856cea,prca06,likert5,4,2,True,validated,1
b0f408db-97ec-40e7-ad8f-66b898856cea,prca13,likert5,5) strongly agree,4,True,recode,0
b0f408db-97ec-40e7-ad8f-66b898856cea,prca14,likert5,1,5,True,validated,1
b0f408db-97ec-40e7-ad8f-66b898856cea,prca15,likert5,3,3,True,validated,0
b0f408db-97ec-40e7-ad8f-66b898856cea,prca16,likert5,3,3,True,validated,1
b0f408db-97ec-40e7-ad8f-66b898856cea,prca17,likert5,5,1,True,validated,1
b0f408db-97ec-40e7-ad8f-66b898856cea,prca18,likert5,4,4,True,validated,0
968be7d3-710d-4be3-9f66-77ab6f4d9ed8,prca01,likert5,1,1,True,validated,0
968be7d3-710d-4be3-9f66-77ab6f4d9ed8,prca02,likert5,2,4,True,validated,1
968be7d3-710d-4be3-9f66-77ab6f4d9ed8,prca03,likert5,4,4,True,validated,0
968be7d3-710d-4be3-9f66-77ab6f4d9ed8,prca04,likert5,3,3,True,validated,1
968be7d3-710d-4be3-9f66-77ab6f4d9ed8,prca05,likert5,1,1,True,validated,0
968be7d3-710d-4be3-9f66-77ab6f4d9ed8,prca06,likert5,3,3,True,validated,1
968be7d3-710d-4be3-9f66-77ab6f4d9ed8,prca13,likert5,4,4,True,validated,0
968be7d3-710d-4be3-9f66-77ab6f4d9ed8,prca14,likert5,1,5,True,validated,1
968be7d3-710d-4be3-9f66-77ab6f4d9ed8,prca15,likert5,5,5,True,validated,0
968be7d3-710d-4be3-9f66-77ab6f4d9ed8,prca16,likert5,5,1,True,validated,1
968be7d3-710d-4be3-9f66-77ab6f4d9ed8,prca17,likert5,4,2,True,validated,1
968be7d3-710d-4be3-9f66-77ab6f4d9ed8,prca18,likert5,2,2,True,validated,0
6d082f9b-d39e-42f3-9e63-837e6256ed71,prca01,likert5,5,5,True,validated,0
6d082f9b-d39e-42f3-9e63-837e6256ed71,prca02,likert5,4,2,True,validated,1
6d082f9b-d39e-42f3-9e63-837e6256ed71,prca03,likert5,4,4,True,validated,0
6d082f9b-d39e-42f3-9e63-837e6256ed71,prca04,likert5,3,3,True,validated,1
6d082f9b-d39e-42f3-9e63-837e6256ed71,prca05,likert5,1,1,True,validated,0
6d082f9b-d39e-42f3-9e63-837e6256ed71,prca06,likert5,5,1,True,validated,1
6d082f9b-d39e-42f3-9e63-837e6256ed71,prca13,likert5,2,2,True,validated,0
6d082f9b-d39e-42f3-9e63-837e6256ed71,prca14,likert5,1,5,True,validated,1
6d082f9b-d39e-42f3-9e63-837e6256ed71,prca15,likert5,5,5,True,validated,0
6d082f9b-d39e-42f3-9e63-837e6256ed71,prca16,likert5,4,2,True,validated,1
6d082f9b-d39e-42f3-9e63-837e6256ed71,prca17,likert5,1,5,True,validated,1
6d082f9b-d39e-42f3-9e63-837e6256ed71,prca18,likert5,4,4,True,validated,0
d0461e37-9413-4bbb-96c4-982980714cfb,prca01,likert5,1,1,True,validated,0
d0461e37-9413-4bbb-96c4-982980714cfb,prca02,likert5,3,3,True,validated,1
d0461e37-9413-4bbb-96c4-982980714cfb,prca03,likert5,2,2,True,validated,0
d0461e37-9413-4bbb-96c4-982980714cfb,prca04,likert5,4,2,True,validated,1
d0461e37-9413-4bbb-96c4-982980714cfb,prca05,likert5,4,4,True,validated,0
d0461e37-9413-4bbb-96c4-982980714cfb,prca06,likert5,2,4,True,validated,1
d0461e37-9413-4bbb-96c4-982980714cfb,prca13,likert5,3,3,True,validated,0
d0461e37-9413-4bbb-96c4-982980714cfb,prca14,likert5,1,5,True,validated,1
d0461e37-9413-4bbb-96c4-982980714cfb,prca15,likert5,3,3,True,validated,0
d0461e37-9413-4bbb-96c4-982980714cfb,prca16,likert5,5,1,True,validated,1
d0461e37-9413-4bbb-96c4-982980714cfb,prca17,likert5,2,4,True,validated,1
d0461e37-9413-4bbb-96c4-982980714cfb,prca18,likert5,1,1,True,validated,0
cc607831-1c22-4683-b9d0-09a6b579bb7b,prca01,likert5,3,3,True,validated,0
cc607831-1c22-4683-b9d0-09a6b579bb7b,prca02,likert5,5,1,True,validated,1
cc607831-1c22-4683-b9d0-09a6b579bb7b,prca03,likert5,3,3,True,validated,0
cc607831-1c22-4683-b9d0-09a6b579bb7b,prca04,likert5,2,4,True,validated,1
cc607831-1c22-4683-b9d0-09a6b579bb7b,prca05,likert5,5) strongly agree,2,True,recode,0
cc607831-1c22-4683-b9d0-09a6b579bb7b,prca06,likert5,2,4,True,validated,1
cc607831-1c22-4683-b9d0-09a6b579bb7b,prca13,likert5,3,3,True,validated,0
cc607831-1c22-4683-b9d0-09a6b579bb7b,prca14,likert5,1,5,True,validated,1
cc607831-1c22-4683-b9d0-09a6b579bb7b,prca15,likert5,4,4,True,validated,0
cc607831-1c22-4683-b9d0-09a6b579bb7b,prca16,likert5,3,3,True,validated,1
cc607831-1c22-4683-b9d0-09a6b579bb7b,prca17,likert5,3,3,True,validated,1
cc607831-1c22-4683-b9d0-09a6b579bb7b,prca18,likert5,1,1,True,validated,0
d5b41ee4-431f-4a49-9d8b-df1e7ce3f84c,prca01,likert5,3,3,True,validated,0
d5b41ee4-431f-4a49-9d8b-df1e7ce3f84c,prca02,likert5,2,4,True,validated,1
d5b41ee4-431f-4a49-9d8b-df1e7ce3f84c,prca03,likert5,1,1,True,validated,0
d5b41ee4-431f-4a49-9d8b-df1e7ce3f84c,prca04,likert5,3,3,True,validated,1
d5b41ee4-431f-4a49-9d8b-df1e7ce3f84c,prca05,likert5,2,2,True,validated,0
d5b41ee4-431f-4a49-9d8b-df1e7ce3f84c,prca06,likert5,5,1,True,validated,1
d5b41ee4-431f-4a49-9d8b-df1e7ce3f84c,prca13,likert5,2,2,True,validated,0
d5b41ee4-431f-4a49-9d8b-df1e7ce3f84c,prca14,likert5,2,4,True,validated,1
d5b41ee4-431f-4a49-9d8b-df1e7ce3f84c,prca15,likert5,3,3,True,validated,0
d5b41ee4-431f-4a49-9d8b-df1e7ce3f84c,prca16,likert5,4,2,True,validated,1
d5b41ee4-431f-4a49-9d8b-df1e7ce3f84c,prca17,likert5,4,2,True,validated,1
d5b41ee4-431f-4a49-9d8b-df1e7ce3f84c,prca18,likert5,3,3,True,validated,0
d367c43c-26b7-4cff-afe7-61c07d42d946,prca01,likert5,3,3,True,validated,0
d367c43c-26b7-4cff-afe7-61c07d42d946,prca02,likert5,4,2,True,validated,1
d367c43c-26b7-4cff-afe7-61c07d42d946,prca03,likert5,4,4,True,validated,0
d367c43c-26b7-4cff-afe7-61c07d42d946,prca04,likert5,3,3,True,validated,1
d367c43c-26b7-4cff-afe7-61c07d42d946,prca05,likert5,4,4,True,validated,0
d367c43c-26b7-4cff-afe7-61c07d42d946,prca06,likert5,5,1,True,validated,1
d367c43c-26b7-4cff-afe7-61c07d42d946,prca13,likert5,1,1,True,validated,0
d367c43c-26b7-4cff-afe7-61c07d42d946,prca14,likert5,3,3,True,validated,1
d367c43c-26b7-4cff-afe7-61c07d42d946,prca15,likert5,2,2,True,validated,0
d367c43c-26b7-4cff-afe7-61c07d42d946,prca16,likert5,3,3,True,validated,1
d367c43c-26b7-4cff-afe7-61c07d42d946,prca17,likert5,5) strongly agree,2,True,recode,1
d367c43c-26b7-4cff-afe7-61c07d42d946,prca18,likert5,2,2,True,validated,0
4be0e5f9-b45a-4540-baa2-33e5ed6a16f3,prca01,likert5,1,1,True,validated,0
4be0e5f9-b45a-4540-baa2-33e5ed6a16f3,prca02,likert5,3,3,True,validated,1
4be0e5f9-b45a-4540-baa2-33e5ed6a16f3,prca03,likert5,2,2,True,validated,0
4be0e5f9-b45a-4540-baa2-33e5ed6a16f3,prca04,likert5,5,1,True,validated,1
4be0e5f9-b45a-4540-baa2-33e5ed6a16f3,prca05,likert5,1,1,True,validated,0
4be0e5f9-b45a-4540-baa2-33e5ed6a16f3,prca06,likert5,4,2,True,validated,1
4be0e5f9-b45a-4540-baa2-33e5ed6a16f3,prca13,likert5,2,2,True,validated,0
4be0e5f9-b45a-4540-baa2-33e5ed6a16f3,prca14,likert5,5,1,True,validated,1
4be0e5f9-b45a-4540-baa2-33e5ed6a16f3,prca15,likert5,5,5,True,validated,0
4be0e5f9-b45a-4540-baa2-33e5ed6a16f3,prca16,likert5,4,2,True,validated,1
4be0e5f9-b45a-4540-baa2-33e5ed6a16f3,prca17,likert5,3,3,True,validated,1
4be0e5f9-b45a-4540-baa2-33e5ed6a16f3,prca18,likert5,4,4,True,validated,0
b02db7de-abcb-42c7-a159-69f573515dd8,prca01,likert5,1,1,True,validated,0
b02db7de-abcb-42c7-a159-69f573515dd8,prca02,likert5,5,1,True,validated,1
b02db7de-abcb-42c7-a159-69f573515dd8,prca03,likert5,5,5,True,validated,0
b02db7de-abcb-42c7-a159-69f573515dd8,prca04,likert5,2,4,True,validated,1
b02db7de-abcb-42c7-a159-69f573515dd8,prca05,likert5,5,5,True,validated,0
b02db7de-abcb-42c7-a159-69f573515dd8,prca06,likert5,4,2,True,validated,1
b02db7de-abcb-42c7-a159-69f573515dd8,prca13,likert5,3,3,True,validated,0
b02db7de-abcb-42c7-a159-69f573515dd8,prca14,likert5,5,1,True,validated,1
b02db7de-abcb-42c7-a159-69f573515dd8,prca15,likert5,3,3,True,validated,0
b02db7de-abcb-42c7-a159-69f573515dd8,prca16,likert5,5,1,True,validated,1
b02db7de-abcb-42c7-a159-69f573515dd8,prca17,likert5,4,2,True,validated,1
b02db7de-abcb-42c7-a159-69f573515dd8,prca18,likert5,4,4,True,validated,0
bfe0437d-9016-4fbc-bb2b-c04d2fc2c980,prca01,likert5,4,4,True,validated,0
bfe0437d-9016-4fbc-bb2b-c04d2fc2c980,prca02,likert5,3,3,True,validated,1
bfe0437d-9016-4fbc-bb2b-c04d2fc2c980,prca03,likert5,5,5,True,validated,0
bfe0437d-9016-4fbc-bb2b-c04d2fc2c980,prca04,likert5,4,2,True,validated,1
bfe0437d-9016-4fbc-bb2b-c04d2fc2c980,prca05,likert5,3,3,True,validated,0
bfe0437d-9016-4fbc-bb2b-c04d2fc2c980,prca06,likert5,3,3,True,validated,1
bfe0437d-9016-4fbc-bb2b-c04d2fc2c980,prca13,likert5,5) strongly agree,5,True,recode,0
bfe0437d-9016-4fbc-bb2b-c04d2fc2c980,prca14,likert5,2,4,True,validated,1
bfe0437d-9016-4fbc-bb2b-c04d2fc2c980,prca15,likert5,5,5,True,validated,0
bfe0437d-9016-4fbc-bb2b-c04d2fc2c980,prca16,likert5,5,1,True,validated,1
bfe0437d-9016-4fbc-bb2b-c04d2fc2c980,prca17,likert5,3,3,True,validated,1
bfe0437d-9016-4fbc-bb2b-c04d2fc2c980,prca18,likert5,1,1,True,validated,0
33d634f7-bb12-4d98-89e8-4bf4f5bcd1b5,prca01,likert5,4,4,True,validated,0
33d634f7-bb12-4d98-89e8-4bf4f5bcd1b5,prca02,likert5,2,4,True,validated,1
33d634f7-bb12-4d98-89e8-4bf4f5bcd1b5,prca03,likert5,3,3,True,validated,0
33d634f7-bb12-4d98-89e8-4bf4f5bcd1b5,prca04,likert5,5,1,True,validated,1
33d634f7-bb12-4d98-89e8-4bf4f5bcd1b5,prca05,likert5,4,4,True,validated,0
33d634f7-bb12-4d98-89e8-4bf4f5bcd1b5,prca06,likert5,2,4,True,validated,1
33d634f7-bb12-4d98-89e8-4bf4f5bcd1b5,prca13,likert5,3,3,True,validated,0
33d634f7-bb12-4d98-89e8-4bf4f5bcd1b5,prca14,likert5,4,2,True,validated,1
33d634f7-bb12-4d98-89e8-4bf4f5bcd1b5,prca15,likert5,4,4,True,validated,0
33d634f7-bb12-4d98-89e8-4bf4f5bcd1b5,prca16,likert5,4,2,True,validated,1
33d634f7-bb12-4d98-89e8-4bf4f5bcd1b5,prca17,likert5,4,2,True,validated,1
33d634f7-bb12-4d98-89e8-4bf4f5bcd1b5,prca18,likert5,4,4,True,validated,0
43ad47fd-2fa9-4b94-8fd5-ef7471a25082,prca01,likert5,4,4,True,validated,0
43ad47fd-2fa9-4b94-8fd5-ef7471a25082,prca02,likert5,2,4,True,validated,1
43ad47fd-2fa9-4b94-8fd5-ef7471a25082,prca03,likert5,4,4,True,validated,0
43ad47fd-2fa9-4b94-8fd5-ef7471a25082,prca04,likert5,3,3,True,validated,1
43ad47fd-2fa9-4b94-8fd5-ef7471a25082,prca05,likert5,5,5,True,validated,0
43ad47fd-2fa9-4b94-8fd5-ef7471a25082,prca06,likert5,3,3,True,validated,1
43ad47fd-2fa9-4b94-8fd5-ef7471a25082,prca13,likert5,3,3,True,validated,0
43ad47fd-2fa9-4b94-8fd5-ef7471a25082,prca14,likert5,3,3,True,validated,1
43ad47fd-2fa9-4b94-8fd5-ef7471a25082,prca15,likert5,4,4,True,validated,0
43ad47fd-2fa9-4b94-8fd5-ef7471a25082,prca16,likert5,2,4,True,validated,1
43ad47fd-2fa9-4b94-8fd5-ef7471a25082,prca17,likert5,2,4,True,validated,1
43ad47fd-2fa9-4b94-8fd5-ef7471a25082,prca18,likert5,3,3,True,validated,0
9d258d34-3c46-4249-9aac-b309a5285d59,prca01,likert5,5,5,True,validated,0
9d258d34-3c46-4249-9aac-b309a5285d59,prca02,likert5,4,2,True,validated,1
9d258d34-3c46-4249-9aac-b309a5285d59,prca03,likert5,3,3,True,validated,0
9d258d34-3c46-4249-9aac-b309a5285d59,prca04,likert5,2,4,True,validated,1
9d258d34-3c46-4249-9aac-b309a5285d59,prca05,likert5,1,1,True,validated,0
9d258d34-3c46-4249-9aac-b309a5285d59,prca06,likert5,4,2,True,validated,1
9d258d34-3c46-4249-9aac-b309a5285d59,prca13,likert5,3,3,True,validated,0
9d258d34-3c46-4249-9aac-b309a5285d59,prca14,likert5,5,1,True,validated,1
9d258d34-3c46-4249-9aac-b309a5285d59,prca15,likert5,1,1,True,validated,0
9d258d34-3c46-4249-9aac-b309a5285d59,prca16,likert5,1,5,True,validated,1
9d258d34-3c46-4249-9aac-b309a5285d59,prca17,likert5,2,4,True,validated,1
9d258d34-3c46-4249-9aac-b309a5285d59,prca18,likert5,3,3,True,validated,0
392c781c-3b5b-42ff-8a63-b3e9081a2c45,prca01,likert5,4,4,True,validated,0
392c781c-3b5b-42ff-8a63-b3e9081a2c45,prca02,likert5,4,2,True,validated,1
392c781c-3b5b-42ff-8a63-b3e9081a2c45,prca03,likert5,2,2,True,validated,0
392c781c-3b5b-42ff-8a63-b3e9081a2c45,prca04,likert5,4,2,True,validated,1
392c781c-3b5b-42ff-8a63-b3e9081a2c45,prca05,likert5,3,3,True,validated,0
392c781c-3b5b-42ff-8a63-b3e9081a2c45,prca06,likert5,5,1,True,validated,1
392c781c-3b5b-42ff-8a63-b3e9081a2c45,prca13,likert5,3,3,True,validated,0
392c781c-3b5b-42ff-8a63-b3e9081a2c45,prca14,likert5,2,4,True,validated,1
392c781c-3b5b-42ff-8a63-b3e9081a2c45,prca15,likert5,1,1,True,validated,0
392c781c-3b5b-42ff-8a63-b3e9081a2c45,prca16,likert5,4,2,True,validated,1
392c781c-3b5b-42ff-8a63-b3e9081a2c45,prca17,likert5,1,5,True,validated,1
392c781c-3b5b-42ff-8a63-b3e9081a2c45,prca18,likert5,1,1,True,validated,0
1df3c75a-1842-4fdc-8625-a281a6837052,prca01,likert5,5,5,True,validated,0
1df3c75a-1842-4fdc-8625-a281a6837052,prca02,likert5,4,2,True,validated,1
1df3c75a-1842-4fdc-8625-a281a6837052,prca03,likert5,5,5,True,validated,0
1df3c75a-1842-4fdc-8625-a281a6837052,prca04,likert5,3,3,True,validated,1
1df3c75a-1842-4fdc-8625-a281a6837052,prca05,likert5,1,1,True,validated,0
1df3c75a-1842-4fdc-8625-a281a6837052,prca06,likert5,5,1,True,validated,1
1df3c75a-1842-4fdc-8625-a281a6837052,prca13,likert5,4,4,True,validated,0
1df3c75a-1842-4fdc-8625-a281a6837052,prca14,likert5,1,5,True,validated,1
1df3c75a-1842-4fdc-8625-a281a6837052,prca15,likert5,3,3,True,validated,0
1df3c75a-1842-4fdc-8625-a281a6837052,prca16,likert5,3,3,True,validated,1
1df3c75a-1842-4fdc-8625-a281a6837052,prca17,likert5,3,3,True,validated,1
1df3c75a-1842-4fdc-8625-a281a6837052,prca18,likert5,2,2,True,validated,0
64e34c72-0c10-461a-832a-b3d192ea2044,prca01,likert5,4,4,True,validated,0
64e34c72-0c10-461a-832a-b3d192ea2044,prca02,likert5,4,2,True,validated,1
64e34c72-0c10-461a-832a-b3d192ea2044,prca03,likert5,1,1,True,validated,0
64e34c72-0c10-461a-832a-b3d192ea2044,prca04,likert5,4,2,True,validated,1
64e34c72-0c10-461a-832a-b3d192ea2044,prca05,likert5,4,4,True,validated,0
64e34c72-0c10-461a-832a-b3d192ea2044,prca06,likert5,4,2,True,validated,1
64e34c72-0c10-461a-832a-b3d192ea2044,prca13,likert5,5,5,True,validated,0
64e34c72-0c10-461a-832a-b3d192ea2044,prca14,likert5,3,3,True,validated,1
64e34c72-0c10-461a-832a-b3d192ea2044,prca15,likert5,1,1,True,validated,0
64e34c72-0c10-461a-832a-b3d192ea2044,prca16,likert5,3,3,True,validated,1
64e34c72-0c10-461a-832a-b3d192ea2044,prca17,likert5,3,3,True,validated,1
64e34c72-0c10-461a-832a-b3d192ea2044,prca18,likert5,5,5,True,validated,0
93105fd8-5fe4-4725-b258-4c1657b7faf9,prca01,likert5,2,2,True,validated,0
93105fd8-5fe4-4725-b258-4c1657b7faf9,prca02,likert5,2,4,True,validated,1
93105fd8-5fe4-4725-b258-4c1657b7faf9,prca03,likert5,5,5,True,validated,0
93105fd8-5fe4-4725-b258-4c1657b7faf9,prca04,likert5,4,2,True,validated,1
93105fd8-5fe4-4725-b258-4c1657b7faf9,prca05,likert5,3,3,True,validated,0
93105fd8-5fe4-4725-b258-4c1657b7faf9,prca06,likert5,3,3,True,validated,1
93105fd8-5fe4-4725-b258-4c1657b7faf9,prca13,likert5,5,5,True,validated,0
93105fd8-5fe4-4725-b258-4c1657b7faf9,prca14,likert5,5) strongly agree,2,True,recode,1
93105fd8-5fe4-4725-b258-4c1657b7faf9,prca15,likert5,2,2,True,validated,0
93105fd8-5fe4-4725-b258-4c1657b7faf9,prca16,likert5,2,4,True,validated,1
93105fd8-5fe4-4725-b258-4c1657b7faf9,prca17,likert5,3,3,True,validated,1
93105fd8-5fe4-4725-b258-4c1657b7faf9,prca18,likert5,2,2,True,validated,0
04835d5d-6e24-4690-b63d-e1667c18e362,prca01,likert5,5,5,True,validated,0
04835d5d-6e24-4690-b63d-e1667c18e362,prca02,likert5,5,1,True,validated,1
04835d5d-6e24-4690-b63d-e1667c18e362,prca03,likert5,2,2,True,validated,0
04835d5d-6e24-4690-b63d-e1667c18e362,prca04,likert5,3,3,True,validated,1
04835d5d-6e24-4690-b63d-e1667c18e362,prca05,likert5,4,4,True,validated,0
04835d5d-6e24-4690-b63d-e1667c18e362,prca06,likert5,2,4,True,validated,1
04835d5d-6e24-4690-b63d-e1667c18e362,prca13,likert5,2,2,True,validated,0
04835d5d-6e24-4690-b63d-e1667c18e362,prca14,likert5,2,4,True,validated,1
04835d5d-6e24-4690-b63d-e1667c18e362,prca15,likert5,2,2,True,validated,0
04835d5d-6e24-4690-b63d-e1667c18e362,prca16,likert5,4,2,True,validated,1
04835d5d-6e24-4690-b63d-e1667c18e362,prca17,likert5,1,5,True,validated,1
04835d5d-6e24-4690-b63d-e1667c18e362,prca18,likert5,3,3,True,validated,0
e4533e70-cb24-4b86-a1d7-b6afae8a9a6b,prca01,likert5,1,1,True,validated,0
e4533e70-cb24-4b86-a1d7-b6afae8a9a6b,prca02,likert5,3,3,True,validated,1
e4533e70-cb24-4b86-a1d7-b6afae8a9a6b,prca03,likert5,2,2,True,validated,0
e4533e70-cb24-4b86-a1d7-b6afae8a9a6b,prca04,likert5,5) strongly agree,3,True,recode,1
e4533e70-cb24-4b86-a1d7-b6afae8a9a6b,prca05,likert5,5,5,True,validated,0
e4533e70-cb24-4b86-a1d7-b6afae8a9a6b,prca06,likert5,4,2,True,validated,1
e4533e70-cb24-4b86-a1d7-b6afae8a9a6b,prca13,likert5,2,2,True,validated,0
e4533e70-cb24-4b86-a1d7-b6afae8a9a6b,prca14,likert5,4,2,True,validated,1
e4533e70-cb24-4b86-a1d7-b6afae8a9a6b,prca15,likert5,2,2,True,validated,0
e4533e70-cb24-4b86-a1d7-b6afae8a9a6b,prca16,likert5,3,3,True,validated,1
e4533e70-cb24-4b86-a1d7-b6afae8a9a6b,prca17,likert5,1,5,True,validated,1
e4533e70-cb24-4b86-a1d7-b6afae8a9a6b,prca18,likert5,3,3,True,validated,0
3da2c77e-d3c4-45c8-8fe8-e3a19bd7e1c8,prca01,likert5,2,2,True,validated,0
3da2c77e-d3c4-45c8-8fe8-e3a19bd7e1c8,prca02,likert5,2,4,True,validated,1
3da2c77e-d3c4-45c8-8fe8-e3a19bd7e1c8,prca03,likert5,5,5,True,validated,0
3da2c77e-d3c4-45c8-8fe8-e3a19bd7e1c8,prca04,likert5,1,5,True,validated,1
3da2c77e-d3c4-45c8-8fe8-e3a19bd7e1c8,prca05,likert5,2,2,True,validated,0
3da2c77e-d3c4-45c8-8fe8-e3a19bd7e1c8,prca06,likert5,3,3,True,validated,1
3da2c77e-d3c4-45c8-8fe8-e3a19bd7e1c8,prca13,likert5,5,5,True,validated,0
3da2c77e-d3c4-45c8-8fe8-e3a19bd7e1c8,prca14,likert5,1,5,True,validated,1
3da2c77e-d3c4-45c8-8fe8-e3a19bd7e1c8,prca15,likert5,1,1,True,validated,0
3da2c77e-d3c4-45c8-8fe8-e3a19bd7e1c8,prca16,likert5,1,5,True,validated,1
3da2c77e-d3c4-45c8-8fe8-e3a19bd7e1c8,prca17,likert5,4,2,True,validated,1
3da2c77e-d3c4-45c8-8fe8-e3a19bd7e1c8,prca18,likert5,3,3,True,validated,0
f2eda207-4a56-478e-a0d8-5bd56393cd33,prca01,likert5,5) strongly agree,4,True,recode,0
f2eda207-4a56-478e-a0d8-5bd56393cd33,prca02,likert5,4,2,True,validated,1
f2eda207-4a56-478e-a0d8-5bd56393cd33,prca03,likert5,4,4,True,validated,0
f2eda207-4a56-478e-a0d8-5bd56393cd33,prca04,likert5,2,4,True,validated,1
f2eda207-4a56-478e-a0d8-5bd56393cd33,prca05,likert5,5,5,True,validated,0
f2eda207-4a56-478e-a0d8-5bd56393cd33,prca06,likert5,5,1,True,validated,1
f2eda207-4a56-478e-a0d8-5bd56393cd33,prca13,likert5,3,3,True,validated,0
f2eda207-4a56-478e-a0d8-5bd56393cd33,prca14,likert5,4,2,True,validated,1
f2eda207-4a56-478e-a0d8-5bd56393cd33,prca15,likert5,4,4,True,validated,0
f2eda207-4a56-478e-a0d8-5bd56393cd33,prca16,likert5,5,1,True,validated,1
f2eda207-4a56-478e-a0d8-5bd56393cd33,prca17,likert5,3,3,True,validated,1
f2eda207-4a56-478e-a0d8-5bd56393cd33,prca18,likert5,4,4,True,validated,0
102035ef-390b-4a9e-a84f-de43f18c82ea,prca01,likert5,5,5,True,validated,0
102035ef-390b-4a9e-a84f-de43f18c82ea,prca02,likert5,3,3,True,validated,1
102035ef-390b-4a9e-a84f-de43f18c82ea,prca03,likert5,5,5,True,validated,0
102035ef-390b-4a9e-a84f-de43f18c82ea,prca04,likert5,4,2,True,validated,1
102035ef-390b-4a9e-a84f-de43f18c82ea,prca05,likert5,2,2,True,validated,0
102035ef-390b-4a9e-a84f-de43f18c82ea,prca06,likert5,5,1,True,validated,1
102035ef-390b-4a9e-a84f-de43f18c82ea,prca13,likert5,5,5,True,validated,0
102035ef-390b-4a9e-a84f-de43f18c82ea,prca14,likert5,2,4,True,validated,1
102035ef-390b-4a9e-a84f-de43f18c82ea,prca15,likert5,4,4,True,validated,0
102035ef-390b-4a9e-a84f-de43f18c82ea,prca16,likert5,3,3,True,validated,1
102035ef-390b-4a9e-a84f-de43f18c82ea,prca17,likert5,3,3,True,validated,1
102035ef-390b-4a9e-a84f-de43f18c82ea,prca18,likert5,3,3,True,validated,0
ab3a9cd0-b155-49a4-b034-c8117737e1fb,prca01,likert5,2,2,True,validated,0
ab3a9cd0-b155-49a4-b034-c8117737e1fb,prca02,likert5,4,2,True,validated,1
ab3a9cd0-b155-49a4-b034-c8117737e1fb,prca03,likert5,2,2,True,validated,0
ab3a9cd0-b155-49a4-b034-c8117737e1fb,prca04,likert5,1,5,True,validated,1
ab3a9cd0-b155-49a4-b034-c8117737e1fb,prca05,likert5,1,1,True,validated,0
ab3a9cd0-b155-49a4-b034-c8117737e1fb,prca06,likert5,5,1,True,validated,1
ab3a9cd0-b155-49a4-b034-c8117737e1fb,prca13,likert5,2,2,True,validated,0
ab3a9cd0-b155-49a4-b034-c8117737e1fb,prca14,likert5,3,3,True,validated,1
ab3a9cd0-b155-49a4-b034-c8117737e1fb,prca15,likert5,1,1,True,validated,0
ab3a9cd0-b155-49a4-b034-c8117737e1fb,prca16,likert5,4,2,True,validated,1
ab3a9cd0-b155-49a4-b034-c8117737e1fb,prca17,likert5,4,2,True,validated,1
ab3a9cd0-b155-49a4-b034-c8117737e1fb,prca18,likert5,2,2,True,validated,0
e1a2fe34-e48c-4f24-adf4-3f23756e2c1b,prca01,likert5,2,2,True,validated,0
e1a2fe34-e48c-4f24-adf4-3f23756e2c1b,prca02,likert5,2,4,True,validated,1
e1a2fe34-e48c-4f24-adf4-3f23756e2c1b,prca03,likert5,1,1,True,validated,0
e1a2fe34-e48c-4f24-adf4-3f23756e2c1b,prca04,likert5,4,2,True,validated,1
e1a2fe34-e48c-4f24-adf4-3f23756e2c1b,prca05,likert5,2,2,True,validated,0
e1a2fe34-e48c-4f24-adf4-3f23756e2c1b,prca06,likert5,4,2,True,validated,1
e1a2fe34-e48c-4f24-adf4-3f23756e2c1b,prca13,likert5,3,3,True,validated,0
e1a2fe34-e48c-4f24-adf4-3f23756e2c1b,prca14,likert5,3,3,True,validated,1
e1a2fe34-e48c-4f24-adf4-3f23756e2c1b,prca15,likert5,5,5,True,validated,0
e1a2fe34-e48c-4f24-adf4-3f23756e2c1b,prca16,likert5,3,3,True,validated,1
e1a2fe34-e48c-4f24-adf4-3f23756e2c1b,prca17,likert5,3,3,True,validated,1
e1a2fe34-e48c-4f24-adf4-3f23756e2c1b,prca18,likert5,5,5,True,validated,0
36cde2e6-e588-4d64-9507-fb4c49d60efd,prca01,likert5,4,4,True,validated,0
36cde2e6-e588-4d64-9507-fb4c49d60efd,prca02,likert5,4,2,True,validated,1
36cde2e6-e588-4d64-9507-fb4c49d60efd,prca03,likert5,3,3,True,validated,0
36cde2e6-e588-4d64-9507-fb4c49d60efd,prca04,likert5,3,3,True,validated,1
36cde2e6-e588-4d64-9507-fb4c49d60efd,prca05,likert5,4,4,True,validated,0
36cde2e6-e588-4d64-9507-fb4c49d60efd,prca06,likert5,4,2,True,validated,1
36cde2e6-e588-4d64-9507-fb4c49d60efd,prca13,likert5,4,4,True,validated,0
36cde2e6-e588-4d64-9507-fb4c49d60efd,prca14,likert5,4,2,True,validated,1
36cde2e6-e588-4d64-9507-fb4c49d60efd,prca15,likert5,5) strongly agree,5,True,recode,0
36cde2e6-e588-4d64-9507-fb4c49d60efd,prca16,likert5,5) strongly agree,2,True,recode,1
36cde2e6-e588-4d64-9507-fb4c49d60efd,prca17,likert5,3,3,True,validated,1
36cde2e6-e588-4d64-9507-fb4c49d60efd,prca18,likert5,1,1,True,validated,0
396f8821-4fb9-4a1d-af73-3c4d13fe03d2,prca01,likert5,4,4,True,validated,0
396f8821-4fb9-4a1d-af73-3c4d13fe03d2,prca02,likert5,3,3,True,validated,1
396f8821-4fb9-4a1d-af73-3c4d13fe03d2,prca03,likert5,5,5,True,validated,0
396f8821-4fb9-4a1d-af73-3c4d13fe03d2,prca04,likert5,4,2,True,validated,1
396f8821-4fb9-4a1d-af73-3c4d13fe03d2,prca05,likert5,4,4,True,validated,0
396f8821-4fb9-4a1d-af73-3c4d13fe03d2,prca06,likert5,4,2,True,validated,1
396f8821-4fb9-4a1d-af73-3c4d13fe03d2,prca13,likert5,5,5,True,validated,0
396f8821-4fb9-4a1d-af73-3c4d13fe03d2,prca14,likert5,5,1,True,validated,1
396f8821-4fb9-4a1d-af73-3c4d13fe03d2,prca15,likert5,1,1,True,validated,0
396f8821-4fb9-4a1d-af73-3c4d13fe03d2,prca16,likert5,1,5,True,validated,1
396f8821-4fb9-4a1d-af73-3c4d13fe03d2,prca17,likert5,1,5,True,validated,1
396f8821-4fb9-4a1d-af73-3c4d13fe03d2,prca18,likert5,1,1,True,validated,0
82f96f41-89c0-461f-ad10-330af97cd1e2,prca01,likert5,1,1,True,validated,0
82f96f41-89c0-461f-ad10-330af97cd1e2,prca02,likert5,1,5,True,validated,1
82f96f41-89c0-461f-ad10-330af97cd1e2,prca03,likert5,4,4,True,validated,0
82f96f41-89c0-461f-ad10-330af97cd1e2,prca04,likert5,3,3,True,validated,1
82f96f41-89c0-461f-ad10-330af97cd1e2,prca05,likert5,1,1,True,validated,0
82f96f41-89c0-461f-ad10-330af97cd1e2,prca06,likert5,4,2,True,validated,1
82f96f41-89c0-461f-ad10-330af97cd1e2,prca13,likert5,1,1,True,validated,0
82f96f41-89c0-461f-ad10-330af97cd1e2,prca14,likert5,5,1,True,validated,1
82f96f41-89c0-461f-ad10-330af97cd1e2,prca15,likert5,1,1,True,validated,0
82f96f41-89c0-461f-ad10-330af97cd1e2,prca16,likert5,1,5,True,validated,1
82f96f41-89c0-461f-ad10-330af97cd1e2,prca17,likert5,4,2,True,validated,1
82f96f41-89c0-461f-ad10-330af97cd1e2,prca18,likert5,3,3,True,validated,0
291820b3-4524-464a-804f-90745507129e,prca01,likert5,1,1,True,validated,0
291820b3-4524-464a-804f-90745507129e,prca02,likert5,5,1,True,validated,1
291820b3-4524-464a-804f-90745507129e,prca03,likert5,3,3,True,validated,0
291820b3-4524-464a-804f-90745507129e,prca04,likert5,4,2,True,validated,1
291820b3-4524-464a-804f-90745507129e,prca05,likert5,4,4,True,validated,0
291820b3-4524-464a-804f-90745507129e,prca06,likert5,4,2,True,validated,1
291820b3-4524-464a-804f-90745507129e,prca13,likert5,3,3,True,validated,0
291820b3-4524-464a-804f-90745507129e,prca14,likert5,1,5,True,validated,1
291820b3-4524-464a-804f-90745507129e,prca15,likert5,4,4,True,validated,0
291820b3-4524-464a-804f-90745507129e,prca16,likert5,5,1,True,validated,1
291820b3-4524-464a-804f-90745507129e,prca17,likert5,5,1,True,validated,1
291820b3-4524-464a-804f-90745507129e,prca18,likert5,1,1,True,validated,0
2133b045-64da-4393-8f68-31bef0c6b778,prca01,likert5,2,2,True,validated,0
2133b045-64da-4393-8f68-31bef0c6b778,prca02,likert5,1,5,True,validated,1
2133b045-64da-4393-8f68-31bef0c6b778,prca03,likert5,3,3,True,validated,0
2133b045-64da-4393-8f68-31bef0c6b778,prca04,likert5,2,4,True,validated,1
2133b045-64da-4393-8f68-31bef0c6b778,prca05,likert5,4,4,True,validated,0
2133b045-64da-4393-8f68-31bef0c6b778,prca06,likert5,1,5,True,validated,1
2133b045-64da-4393-8f68-31bef0c6b778,prca13,likert5,3,3,True,validated,0
2133b045-64da-4393-8f68-31bef0c6b778,prca14,likert5,3,3,True,validated,1
2133b045-64da-4393-8f68-31bef0c6b778,prca15,likert5,5) strongly agree,5,True,recode,0
2133b045-64da-4393-8f68-31bef0c6b778,prca16,likert5,4,2,True,validated,1
2133b045-64da-4393-8f68-31bef0c6b778,prca17,likert5,1,5,True,validated,1
2133b045-64da-4393-8f68-31bef0c6b778,prca18,likert5,1,1,True,validated,0
38eda5d1-69f1-4656-976a-e3124845415c,prca01,likert5,3,3,True,validated,0
38eda5d1-69f1-4656-976a-e3124845415c,prca02,likert5,4,2,True,validated,1
38eda5d1-69f1-4656-976a-e3124845415c,prca03,likert5,2,2,True,validated,0
38eda5d1-69f1-4656-976a-e3124845415c,prca04,likert5,5,1,True,validated,1
38eda5d1-69f1-4656-976a-e3124845415c,prca05,likert5,1,1,True,validated,0
38eda5d1-69f1-4656-976a-e3124845415c,prca06,likert5,5,1,True,validated,1
38eda5d1-69f1-4656-976a-e3124845415c,prca13,likert5,3,3,True,validated,0
38eda5d1-69f1-4656-976a-e3124845415c,prca14,likert5,4,2,True,validated,1
38eda5d1-69f1-4656-976a-e3124845415c,prca15,likert5,1,1,True,validated,0
38eda5d1-69f1-4656-976a-e3124845415c,prca16,likert5,1,5,True,validated,1
38eda5d1-69f1-4656-976a-e3124845415c,prca17,likert5,2,4,True,validated,1
38eda5d1-69f1-4656-976a-e3124845415c,prca18,likert5,1,1,True,validated,0
a6114736-0426-4964-8fc5-fb0cbc7510af,prca01,likert5,4,4,True,validated,0
a6114736-0426-4964-8fc5-fb0cbc7510af,prca02,likert5,1,5,True,validated,1
a6114736-0426-4964-8fc5-fb0cbc7510af,prca03,likert5,4,4,True,validated,0
a6114736-0426-4964-8fc5-fb0cbc7510af,prca04,likert5,3,3,True,validated,1
a6114736-0426-4964-8fc5-fb0cbc7510af,prca05,likert5,1,1,True,validated,0
a6114736-0426-4964-8fc5-fb0cbc7510af,prca06,likert5,3,3,True,validated,1
a6114736-0426-4964-8fc5-fb0cbc7510af,prca13,likert5,5) strongly agree,5,True,recode,0
a6114736-0426-4964-8fc5-fb0cbc7510af,prca14,likert5,5) strongly agree,2,True,recode,1
a6114736-0426-4964-8fc5-fb0cbc7510af,prca15,likert5,3,3,True,validated,0
a6114736-0426-4964-8fc5-fb0cbc7510af,prca16,likert5,4,2,True,validated,1
a6114736-0426-4964-8fc5-fb0cbc7510af,prca17,likert5,1,5,True,validated,1
a6114736-0426-4964-8fc5-fb0cbc7510af,prca18,likert5,2,2,True,validated,0
27cfcb13-7ead-41b6-9778-46a76d20e8ea,prca01,likert5,1,1,True,validated,0
27cfcb13-7ead-41b6-9778-46a76d20e8ea,prca02,likert5,1,5,True,validated,1
27cfcb13-7ead-41b6-9778-46a76d20e8ea,prca03,likert5,5) strongly agree,4,True,recode,0
27cfcb13-7ead-41b6-9778-46a76d20e8ea,prca04,likert5,3,3,True,validated,1
27cfcb13-7ead-41b6-9778-46a76d20e8ea,prca05,likert5,2,2,True,validated,0
27cfcb13-7ead-41b6-9778-46a76d20e8ea,prca06,likert5,1,5,True,validated,1
27cfcb13-7ead-41b6-9778-46a76d20e8ea,prca13,likert5,5,5,True,validated,0
27cfcb13-7ead-41b6-9778-46a76d20e8ea,prca14,likert5,5) strongly agree,2,True,recode,1
27cfcb13-7ead-41b6-9778-46a76d20e8ea,prca15,likert5,1,1,True,validated,0
27cfcb13-7ead-41b6-9778-46a76d20e8ea,prca16,likert5,4,2,True,validated,1
27cfcb13-7ead-41b6-9778-46a76d20e8ea,prca17,likert5,4,2,True,validated,1
27cfcb13-7ead-41b6-9778-46a76d20e8ea,prca18,likert5,3,3,True,validated,0
bdf3989a-56c2-4b6e-bc51-3b5d34eca78e,prca01,likert5,4,4,True,validated,0
bdf3989a-56c2-4b6e-bc51-3b5d34eca78e,prca02,likert5,4,2,True,validated,1
bdf3989a-56c2-4b6e-bc51-3b5d34eca78e,prca03,likert5,2,2,True,validated,0
bdf3989a-56c2-4b6e-bc51-3b5d34eca78e,prca04,likert5,3,3,True,validated,1
bdf3989a-56c2-4b6e-bc51-3b5d34eca78e,prca05,likert5,2,2,True,validated,0
bdf3989a-56c2-4b6e-bc51-3b5d34eca78e,prca06,likert5,4,2,True,validated,1
bdf3989a-56c2-4b6e-bc51-3b5d34eca78e,prca13,likert5,1,1,True,validated,0
bdf3989a-56c2-4b6e-bc51-3b5d34eca78e,prca14,likert5,4,2,True,validated,1
bdf3989a-56c2-4b6e-bc51-3b5d34eca78e,prca15,likert5,4,4,True,validated,0
bdf3989a-56c2-4b6e-bc51-3b5d34eca78e,prca16,likert5,3,3,True,validated,1
bdf3989a-56c2-4b6e-bc51-3b5d34eca78e,prca17,likert5,1,5,True,validated,1
bdf3989a-56c2-4b6e-bc51-3b5d34eca78e,prca18,likert5,2,2,True,validated,0
bc6e3428-cd6a-4051-93c0-ea08907d55b8,prca01,likert5,3,3,True,validated,0
bc6e3428-cd6a-4051-93c0-ea08907d55b8,prca02,likert5,4,2,True,validated,1
bc6e3428-cd6a-4051-93c0-ea08907d55b8,prca03,likert5,3,3,True,validated,0
bc6e3428-cd6a-4051-93c0-ea08907d55b8,prca04,likert5,2,4,True,validated,1
bc6e3428-cd6a-4051-93c0-ea08907d55b8,prca05,likert5,5,5,True,validated,0
bc6e3428-cd6a-4051-93c0-ea08907d55b8,prca06,likert5,5,1,True,validated,1
bc6e3428-cd6a-4051-93c0-ea08907d55b8,prca13,likert5,4,4,True,validated,0
bc6e3428-cd6a-4051-93c0-ea08907d55b8,prca14,likert5,1,5,True,validated,1
bc6e3428-cd6a-4051-93c0-ea08907d55b8,prca15,likert5,3,3,True,validated,0
bc6e3428-cd6a-4051-93c0-ea08907d55b8,prca16,likert5,1,5,True,validated,1
bc6e3428-cd6a-4051-93c0-ea08907d55b8,prca17,likert5,4,2,True,validated,1
bc6e3428-cd6a-4051-93c0-ea08907d55b8,prca18,likert5,5) strongly agree,5,True,recode,0
081609aa-a54a-4fb7-9617-30a8ef764929,prca01,likert5,3,3,True,validated,0
081609aa-a54a-4fb7-9617-30a8ef764929,prca02,likert5,4,2,True,validated,1
081609aa-a54a-4fb7-9617-30a8ef764929,prca03,likert5,4,4,True,validated,0
081609aa-a54a-4fb7-9617-30a8ef764929,prca04,likert5,5) strongly agree,1,True,recode,1
081609aa-a54a-4fb7-9617-30a8ef764929,prca05,likert5,1,1,True,validated,0
081609aa-a54a-4fb7-9617-30a8ef764929,prca06,likert5,5,1,True,validated,1
081609aa-a54a-4fb7-9617-30a8ef764929,prca13,likert5,2,2,True,validated,0
081609aa-a54a-4fb7-9617-30a8ef764929,prca14,likert5,5,1,True,validated,1
081609aa-a54a-4fb7-9617-30a8ef764929,prca15,likert5,5,5,True,validated,0
081609aa-a54a-4fb7-9617-30a8ef764929,prca16,likert5,5,1,True,validated,1
081609aa-a54a-4fb7-9617-30a8ef764929,prca17,likert5,3,3,True,validated,1
081609aa-a54a-4fb7-9617-30a8ef764929,prca18,likert5,2,2,True,validated,0
da90389b-f116-42ec-9b26-bce727f227a1,prca01,likert5,1,1,True,validated,0
da90389b-f116-42ec-9b26-bce727f227a1,prca02,likert5,4,2,True,validated,1
da90389b-f116-42ec-9b26-bce727f227a1,prca03,likert5,4,4,True,validated,0
da90389b-f116-42ec-9b26-bce727f227a1,prca04,likert5,4,2,True,validated,1
da90389b-f116-42ec-9b26-bce727f227a1,prca05,likert5,1,1,True,validated,0
da90389b-f116-42ec-9b26-bce727f227a1,prca06,likert5,3,3,True,validated,1
da90389b-f116-42ec-9b26-bce727f227a1,prca13,likert5,3,3,True,validated,0
da90389b-f116-42ec-9b26-bce727f227a1,prca14,likert5,1,5,True,validated,1
da90389b-f116-42ec-9b26-bce727f227a1,prca15,likert5,4,4,True,validated,0
da90389b-f116-42ec-9b26-bce727f227a1,prca16,likert5,3,3,True,validated,1
da90389b-f116-42ec-9b26-bce727f227a1,prca17,likert5,3,3,True,validated,1
da90389b-f116-42ec-9b26-bce727f227a1,prca18,likert5,2,2,True,validated,0
a2d5b76e-435e-432a-9743-9251cae993ba,prca01,likert5,2,2,True,validated,0
a2d5b76e-435e-432a-9743-9251cae993ba,prca02,likert5,5,1,True,validated,1
a2d5b76e-435e-432a-9743-9251cae993ba,prca03,likert5,4,4,True,validated,0
a2d5b76e-435e-432a-9743-9251cae993ba,prca04,likert5,2,4,True,validated,1
a2d5b76e-435e-432a-9743-9251cae993ba,prca05,likert5,3,3,True,validated,0
a2d5b76e-435e-432a-9743-9251cae993ba,prca06,likert5,2,4,True,validated,1
a2d5b76e-435e-432a-9743-9251cae993ba,prca13,likert5,4,4,True,validated,0
a2d5b76e-435e-432a-9743-9251cae993ba,prca14,likert5,4,2,True,validated,1
a2d5b76e-435e-432a-9743-9251cae993ba,prca15,likert5,4,4,True,validated,0
a2d5b76e-435e-432a-9743-9251cae993ba,prca16,likert5,3,3,True,validated,1
a2d5b76e-435e-432a-9743-9251cae993ba,prca17,likert5,4,2,True,validated,1
a2d5b76e-435e-432a-9743-9251cae993ba,prca18,likert5,1,1,True,validated,0
c4b33099-9585-42cf-88c3-099d3b3376a9,prca01,likert5,2,2,True,validated,0
c4b33099-9585-42cf-88c3-099d3b3376a9,prca02,likert5,3,3,True,validated,1
c4b33099-9585-42cf-88c3-099d3b3376a9,prca03,likert5,2,2,True,validated,0
c4b33099-9585-42cf-88c3-099d3b3376a9,prca04,likert5,3,3,True,validated,1
c4b33099-9585-42cf-88c3-099d3b3376a9,prca05,likert5,5,5,True,validated,0
c4b33099-9585-42cf-88c3-099d3b3376a9,prca06,likert5,3,3,True,validated,1
c4b33099-9585-42cf-88c3-099d3b3376a9,prca13,likert5,5,5,True,validated,0
c4b33099-9585-42cf-88c3-099d3b3376a9,prca14,likert5,3,3,True,validated,1
c4b33099-9585-42cf-88c3-099d3b3376a9,prca15,likert5,4,4,True,validated,0
c4b33099-9585-42cf-88c3-099d3b3376a9,prca16,likert5,4,2,True,validated,1
c4b33099-9585-42cf-88c3-099d3b3376a9,prca17,likert5,1,5,True,validated,1
c4b33099-9585-42cf-88c3-099d3b3376a9,prca18,likert5,5,5,True,validated,0
134ff148-8045-4df9-89dc-491db31fb144,prca01,likert5,5,5,True,validated,0
134ff148-8045-4df9-89dc-491db31fb144,prca02,likert5,5,1,True,validated,1
134ff148-8045-4df9-89dc-491db31fb144,prca03,likert5,2,2,True,validated,0
134ff148-8045-4df9-89dc-491db31fb144,prca04,likert5,3,3,True,validated,1
134ff148-8045-4df9-89dc-491db31fb144,prca05,likert5,5,5,True,validated,0
134ff148-8045-4df9-89dc-491db31fb144,prca06,likert5,2,4,True,validated,1
134ff148-8045-4df9-89dc-491db31fb144,prca13,likert5,1,1,True,validated,0
134ff148-8045-4df9-89dc-491db31fb144,prca14,likert5,5,1,True,validated,1
134ff148-8045-4df9-89dc-491db31fb144,prca15,likert5,5,5,True,validated,0
134ff148-8045-4df9-89dc-491db31fb144,prca16,likert5,3,3,True,validated,1
134ff148-8045-4df9-89dc-491db31fb144,prca17,likert5,5,1,True,validated,1
134ff148-8045-4df9-89dc-491db31fb144,prca18,likert5,3,3,True,validated,0
94ce4337-b5f7-4812-8af0-dacb00bcbf4e,prca01,likert5,4,4,True,validated,0
94ce4337-b5f7-4812-8af0-dacb00bcbf4e,prca02,likert5,5,1,True,validated,1
94ce4337-b5f7-4812-8af0-dacb00bcbf4e,prca03,likert5,4,4,True,validated,0
94ce4337-b5f7-4812-8af0-dacb00bcbf4e,prca04,likert5,5,1,True,validated,1
94ce4337-b5f7-4812-8af0-dacb00bcbf4e,prca05,likert5,5,5,True,validated,0
94ce4337-b5f7-4812-8af0-dacb00bcbf4e,prca06,likert5,5) strongly agree,4,True,recode,1
94ce4337-b5f7-4812-8af0-dacb00bcbf4e,prca13,likert5,4,4,True,validated,0
94ce4337-b5f7-4812-8af0-dacb00bcbf4e,prca14,likert5,5) strongly agree,2,True,recode,1
94ce4337-b5f7-4812-8af0-dacb00bcbf4e,prca15,likert5,5,5,True,validated,0
94ce4337-b5f7-4812-8af0-dacb00bcbf4e,prca16,likert5,3,3,True,validated,1
94ce4337-b5f7-4812-8af0-dacb00bcbf4e,prca17,likert5,4,2,True,validated,1
94ce4337-b5f7-4812-8af0-dacb00bcbf4e,prca18,likert5,3,3,True,validated,0
8e60528a-9270-4a75-aaab-9ed04c1784bb,prca01,likert5,4,4,True,validated,0
8e60528a-9270-4a75-aaab-9ed04c1784bb,prca02,likert5,4,2,True,validated,1
8e60528a-9270-4a75-aaab-9ed04c1784bb,prca03,likert5,5,5,True,validated,0
8e60528a-9270-4a75-aaab-9ed04c1784bb,prca04,likert5,5,1,True,validated,1
8e60528a-9270-4a75-aaab-9ed04c1784bb,prca05,likert5,2,2,True,validated,0
8e60528a-9270-4a75-aaab-9ed04c1784bb,prca06,likert5,1,5,True,validated,1
8e60528a-9270-4a75-aaab-9ed04c1784bb,prca13,likert5,3,3,True,validated,0
8e60528a-9270-4a75-aaab-9ed04c1784bb,prca14,likert5,3,3,True,validated,1
8e60528a-9270-4a75-aaab-9ed04c1784bb,prca15,likert5,4,4,True,validated,0
8e60528a-9270-4a75-aaab-9ed04c1784bb,prca16,likert5,4,2,True,validated,1
8e60528a-9270-4a75-aaab-9ed04c1784bb,prca17,likert5,2,4,True,validated,1
8e60528a-9270-4a75-aaab-9ed04c1784bb,prca18,likert5,5,5,True,validated,0
3ca360a3-7036-4ef2-abd1-cc3cf8ff1a68,prca01,likert5,5,5,True,validated,0
3ca360a3-7036-4ef2-abd1-cc3cf8ff1a68,prca02,likert5,4,2,True,validated,1
3ca360a3-7036-4ef2-abd1-cc3cf8ff1a68,prca03,likert5,1,1,True,validated,0
3ca360a3-7036-4ef2-abd1-cc3cf8ff1a68,prca04,likert5,3,3,True,validated,1
3ca360a3-7036-4ef2-abd1-cc3cf8ff1a68,prca05,likert5,4,4,True,validated,0
3ca360a3-7036-4ef2-abd1-cc3cf8ff1a68,prca06,likert5,4,2,True,validated,1
3ca360a3-7036-4ef2-abd1-cc3cf8ff1a68,prca13,likert5,1,1,True,validated,0
3ca360a3-7036-4ef2-abd1-cc3cf8ff1a68,prca14,likert5,1,5,True,validated,1
3ca360a3-7036-4ef2-abd1-cc3cf8ff1a68,prca15,likert5,4,4,True,validated,0
3ca360a3-7036-4ef2-abd1-cc3cf8ff1a68,prca16,likert5,5,1,True,validated,1
3ca360a3-7036-4ef2-abd1-cc3cf8ff1a68,prca17,likert5,2,4,True,validated,1
3ca360a3-7036-4ef2-abd1-cc3cf8ff1a68,prca18,likert5,1,1,True,validated,0
13a3e4a6-7bd8-4797-a12f-2449e42b504b,prca01,likert5,3,3,True,validated,0
13a3e4a6-7bd8-4797-a12f-2449e42b504b,prca02,likert5,1,5,True,validated,1
13a3e4a6-7bd8-4797-a12f-2449e42b504b,prca03,likert5,1,1,True,validated,0
13a3e4a6-7bd8-4797-a12f-2449e42b504b,prca04,likert5,3,3,True,validated,1
13a3e4a6-7bd8-4797-a12f-2449e42b504b,prca05,likert5,2,2,True,validated,0
13a3e4a6-7bd8-4797-a12f-2449e42b504b,prca06,likert5,4,2,True,validated,1
13a3e4a6-7bd8-4797-a12f-2449e42b504b,prca13,likert5,3,3,True,validated,0
13a3e4a6-7bd8-4797-a12f-2449e42b504b,prca14,likert5,2,4,True,validated,1
13a3e4a6-7bd8-4797-a12f-2449e42b504b,prca15,likert5,3,3,True,validated,0
13a3e4a6-7bd8-4797-a12f-2449e42b504b,prca16,likert5,2,4,True,validated,1
13a3e4a6-7bd8-4797-a12f-2449e42b504b,prca17,likert5,3,3,True,validated,1
13a3e4a6-7bd8-4797-a12f-2449e42b504b,prca18,likert5,5) strongly agree,5,True,recode,0
d789de62-a2d7-4b46-8ebe-dd35602295a4,prca01,likert5,1,1,True,validated,0
d789de62-a2d7-4b46-8ebe-dd35602295a4,prca02,likert5,1,5,True,validated,1
d789de62-a2d7-4b46-8ebe-dd35602295a4,prca03,likert5,3,3,True,validated,0
d789de62-a2d7-4b46-8ebe-dd35602295a4,prca04,likert5,5) strongly agree,1,True,recode,1
d789de62-a2d7-4b46-8ebe-dd35602295a4,prca05,likert5,1,1,True,validated,0
d789de62-a2d7-4b46-8ebe-dd35602295a4,prca06,likert5,5,1,True,validated,1
d789de62-a2d7-4b46-8ebe-dd35602295a4,prca13,likert5,2,2,True,validated,0
d789de62-a2d7-4b46-8ebe-dd35602295a4,prca14,likert5,5,1,True,validated,1
d789de62-a2d7-4b46-8ebe-dd35602295a4,prca15,likert5,3,3,True,validated,0
d789de62-a2d7-4b46-8ebe-dd35602295a4,prca16,likert5,1,5,True,validated,1
d789de62-a2d7-4b46-8ebe-dd35602295a4,prca17,likert5,3,3,True,validated,1
d789de62-a2d7-4b46-8ebe-dd35602295a4,prca18,likert5,3,3,True,validated,0
fc68128c-6e61-4a54-8e81-b6991c0432f5,prca01,likert5,1,1,True,validated,0
fc68128c-6e61-4a54-8e81-b6991c0432f5,prca02,likert5,1,5,True,validated,1
fc68128c-6e61-4a54-8e81-b6991c0432f5,prca03,likert5,2,2,True,validated,0
fc68128c-6e61-4a54-8e81-b6991c0432f5,prca04,likert5,3,3,True,validated,1
fc68128c-6e61-4a54-8e81-b6991c0432f5,prca05,likert5,3,3,True,validated,0
fc68128c-6e61-4a54-8e81-b6991c0432f5,prca06,likert5,2,4,True,validated,1
fc68128c-6e61-4a54-8e81-b6991c0432f5,prca13,likert5,5,5,True,validated,0
fc68128c-6e61-4a54-8e81-b6991c0432f5,prca14,likert5,2,4,True,validated,1
fc68128c-6e61-4a54-8e81-b6991c0432f5,prca15,likert5,3,3,True,validated,0
fc68128c-6e61-4a54-8e81-b6991c0432f5,prca16,likert5,3,3,True,validated,1
fc68128c-6e61-4a54-8e81-b6991c0432f5,prca17,likert5,5) strongly agree,1,True,recode,1
fc68128c-6e61-4a54-8e81-b6991c0432f5,prca18,likert5,5,5,True,validated,0
79788d0d-5de8-4d1b-afe3-ef9bbeb83ca4,prca01,likert5,1,1,True,validated,0
79788d0d-5de8-4d1b-afe3-ef9bbeb83ca4,prca02,likert5,2,4,True,validated,1
79788d0d-5de8-4d1b-afe3-ef9bbeb83ca4,prca03,likert5,4,4,True,validated,0
79788d0d-5de8-4d1b-afe3-ef9bbeb83ca4,prca04,likert5,4,2,True,validated,1
79788d0d-5de8-4d1b-afe3-ef9bbeb83ca4,prca05,likert5,5,5,True,validated,0
79788d0d-5de8-4d1b-afe3-ef9bbeb83ca4,prca06,likert5,1,5,True,validated,1
79788d0d-5de8-4d1b-afe3-ef9bbeb83ca4,prca13,likert5,3,3,True,validated,0
79788d0d-5de8-4d1b-afe3-ef9bbeb83ca4,prca14,likert5,1,5,True,validated,1
79788d0d-5de8-4d1b-afe3-ef9bbeb83ca4,prca15,likert5,2,2,True,validated,0
79788d0d-5de8-4d1b-afe3-ef9bbeb83ca4,prca16,likert5,2,4,True,validated,1
79788d0d-5de8-4d1b-afe3-ef9bbeb83ca4,prca17,likert5,5,1,True,validated,1
79788d0d-5de8-4d1b-afe3-ef9bbeb83ca4,prca18,likert5,5,5,True,validated,0
9d73165b-40fa-4e5e-a6b8-8a60c1abc3cd,prca01,likert5,4,4,True,validated,0
9d73165b-40fa-4e5e-a6b8-8a60c1abc3cd,prca02,likert5,5,1,True,validated,1
9d73165b-40fa-4e5e-a6b8-8a60c1abc3cd,prca03,likert5,1,1,True,validated,0
9d73165b-40fa-4e5e-a6b8-8a60c1abc3cd,prca04,likert5,2,4,True,validated,1
9d73165b-40fa-4e5e-a6b8-8a60c1abc3cd,prca05,likert5,4,4,True,validated,0
9d73165b-40fa-4e5e-a6b8-8a60c1abc3cd,prca06,likert5,5) strongly agree,1,True,recode,1
9d73165b-40fa-4e5e-a6b8-8a60c1abc3cd,prca13,likert5,5) strongly agree,5,True,recode,0
9d73165b-40fa-4e5e-a6b8-8a60c1abc3cd,prca14,likert5,1,5,True,validated,1
9d73165b-40fa-4e5e-a6b8-8a60c1abc3cd,prca15,likert5,5,5,True,validated,0
9d73165b-40fa-4e5e-a6b8-8a60c1abc3cd,prca16,likert5,5,1,True,validated,1
9d73165b-40fa-4e5e-a6b8-8a60c1abc3cd,prca17,likert5,3,3,True,validated,1
9d73165b-40fa-4e5e-a6b8-8a60c1abc3cd,prca18,likert5,5,5,True,validated,0
09be7fb7-a824-4416-b817-64a5dbf962c7,prca01,likert5,5,5,True,validated,0
09be7fb7-a824-4416-b817-64a5dbf962c7,prca02,likert5,2,4,True,validated,1
09be7fb7-a824-4416-b817-64a5dbf962c7,prca03,likert5,4,4,True,validated,0
09be7fb7-a824-4416-b817-64a5dbf962c7,prca04,likert5,4,2,True,validated,1
09be7fb7-a824-4416-b817-64a5dbf962c7,prca05,likert5,5) strongly agree,4,True,recode,0
09be7fb7-a824-4416-b817-64a5dbf962c7,prca06,likert5,4,2,True,validated,1
09be7fb7-a824-4416-b817-64a5dbf962c7,prca13,likert5,3,3,True,validated,0
09be7fb7-a824-4416-b817-64a5dbf962c7,prca14,likert5,4,2,True,validated,1
09be7fb7-a824-4416-b817-64a5dbf962c7,prca15,likert5,4,4,True,validated,0
09be7fb7-a824-4416-b817-64a5dbf962c7,prca16,likert5,5,1,True,validated,1
09be7fb7-a824-4416-b817-64a5dbf962c7,prca17,likert5,1,5,True,validated,1
09be7fb7-a824-4416-b817-64a5dbf962c7,prca18,likert5,5,5,True,validated,0
21dbee2e-45ce-4506-93e7-a861dfa86794,prca01,likert5,1,1,True,validated,0
21dbee2e-45ce-4506-93e7-a861dfa86794,prca02,likert5,2,4,True,validated,1
21dbee2e-45ce-4506-93e7-a861dfa86794,prca03,likert5,2,2,True,validated,0
21dbee2e-45ce-4506-93e7-a861dfa86794,prca04,likert5,3,3,True,validated,1
21dbee2e-45ce-4506-93e7-a861dfa86794,prca05,likert5,2,2,True,validated,0
21dbee2e-45ce-4506-93e7-a861dfa86794,prca06,likert5,4,2,True,validated,1
21dbee2e-45ce-4506-93e7-a861dfa86794,prca13,likert5,4,4,True,validated,0
21dbee2e-45ce-4506-93e7-a861dfa86794,prca14,likert5,4,2,True,validated,1
21dbee2e-45ce-4506-93e7-a861dfa86794,prca15,likert5,4,4,True,validated,0
21dbee2e-45ce-4506-93e7-a861dfa86794,prca16,likert5,2,4,True,validated,1
21dbee2e-45ce-4506-93e7-a861dfa86794,prca17,likert5,5,1,True,validated,1
21dbee2e-45ce-4506-93e7-a861dfa86794,prca18,likert5,2,2,True,validated,0
0573db88-b8a9-4a50-882b-fa3699113781,prca01,likert5,4,4,True,validated,0
0573db88-b8a9-4a50-882b-fa3699113781,prca02,likert5,5,1,True,validated,1
0573db88-b8a9-4a50-882b-fa3699113781,prca03,likert5,1,1,True,validated,0
0573db88-b8a9-4a50-882b-fa3699113781,prca04,likert5,3,3,True,validated,1
0573db88-b8a9-4a50-882b-fa3699113781,prca05,likert5,4,4,True,validated,0
0573db88-b8a9-4a50-882b-fa3699113781,prca06,likert5,5,1,True,validated,1
0573db88-b8a9-4a50-882b-fa3699113781,prca13,likert5,2,2,True,validated,0
0573db88-b8a9-4a50-882b-fa3699113781,prca14,likert5,2,4,True,validated,1
0573db88-b8a9-4a50-882b-fa3699113781,prca15,likert5,3,3,True,validated,0
0573db88-b8a9-4a50-882b-fa3699113781,prca16,likert5,3,3,True,validated,1
0573db88-b8a9-4a50-882b-fa3699113781,prca17,likert5,3,3,True,validated,1
0573db88-b8a9-4a50-882b-fa3699113781,prca18,likert5,2,2,True,validated,0
4a767bd7-0f79-4fc2-9913-f4cb4cebd7be,prca01,likert5,4,4,True,validated,0
4a767bd7-0f79-4fc2-9913-f4cb4cebd7be,prca02,likert5,4,2,True,validated,1
4a767bd7-0f79-4fc2-9913-f4cb4cebd7be,prca03,likert5,5,5,True,validated,0
4a767bd7-0f79-4fc2-9913-f4cb4cebd7be,prca04,likert5,1,5,True,validated,1
4a767bd7-0f79-4fc2-9913-f4cb4cebd7be,prca05,likert5,1,1,True,validated,0
4a767bd7-0f79-4fc2-9913-f4cb4cebd7be,prca06,likert5,5,1,True,validated,1
4a767bd7-0f79-4fc2-9913-f4cb4cebd7be,prca13,likert5,5) strongly agree,3,True,recode,0
4a767bd7-0f79-4fc2-9913-f4cb4cebd7be,prca14,likert5,3,3,True,validated,1
4a767bd7-0f79-4fc2-9913-f4cb4cebd7be,prca15,likert5,5) strongly agree,5,True,recode,0
4a767bd7-0f79-4fc2-9913-f4cb4cebd7be,prca16,likert5,3,3,True,validated,1
4a767bd7-0f79-4fc2-9913-f4cb4cebd7be,prca17,likert5,2,4,True,validated,1
4a767bd7-0f79-4fc2-9913-f4cb4cebd7be,prca18,likert5,5) strongly agree,4,True,recode,0
11eb3d8c-9f65-4feb-bb8e-2e18a7909251,prca01,likert5,5,5,True,validated,0
11eb3d8c-9f65-4feb-bb8e-2e18a7909251,prca02,likert5,2,4,True,validated,1
11eb3d8c-9f65-4feb-bb8e-2e18a7909251,prca03,likert5,2,2,True,validated,0
11eb3d8c-9f65-4feb-bb8e-2e18a7909251,prca04,likert5,2,4,True,validated,1
11eb3d8c-9f65-4feb-bb8e-2e18a7909251,prca05,likert5,1,1,True,validated,0
11eb3d8c-9f65-4feb-bb8e-2e18a7909251,prca06,likert5,3,3,True,validated,1
11eb3d8c-9f65-4feb-bb8e-2e18a7909251,prca13,likert5,3,3,True,validated,0
11eb3d8c-9f65-4feb-bb8e-2e18a7909251,prca14,likert5,1,5,True,validated,1
11eb3d8c-9f65-4feb-bb8e-2e18a7909251,prca15,likert5,5,5,True,validated,0
11eb3d8c-9f65-4feb-bb8e-2e18a7909251,prca16,likert5,5,1,True,validated,1
11eb3d8c-9f65-4feb-bb8e-2e18a7909251,prca17,likert5,2,4,True,validated,1
11eb3d8c-9f65-4feb-bb8e-2e18a7909251,prca18,likert5,5,5,True,validated,0
4c8ffb43-61c5-491e-b3a6-da029c46ea0d,prca01,likert5,4,4,True,validated,0
4c8ffb43-61c5-491e-b3a6-da029c46ea0d,prca02,likert5,3,3,True,validated,1
4c8ffb43-61c5-491e-b3a6-da029c46ea0d,prca03,likert5,2,2,True,validated,0
4c8ffb43-61c5-491e-b3a6-da029c46ea0d,prca04,likert5,4,2,True,validated,1
4c8ffb43-61c5-491e-b3a6-da029c46ea0d,prca05,likert5,5,5,True,validated,0
4c8ffb43-61c5-491e-b3a6-da029c46ea0d,prca06,likert5,3,3,True,validated,1
4c8ffb43-61c5-491e-b3a6-da029c46ea0d,prca13,likert5,5,5,True,validated,0
4c8ffb43-61c5-491e-b3a6-da029c46ea0d,prca14,likert5,3,3,True,validated,1
4c8ffb43-61c5-491e-b3a6-da029c46ea0d,prca15,likert5,3,3,True,validated,0
4c8ffb43-61c5-491e-b3a6-da029c46ea0d,prca16,likert5,3,3,True,validated,1
4c8ffb43-61c5-491e-b3a6-da029c46ea0d,prca17,likert5,5,1,True,validated,1
4c8ffb43-61c5-491e-b3a6-da029c46ea0d,prca18,likert5,1,1,True,validated,0
d20411e2-ab45-429c-9042-f1021f10263d,prca01,likert5,5) strongly agree,4,True,recode,0
d20411e2-ab45-429c-9042-f1021f10263d,prca02,likert5,3,3,True,validated,1
d20411e2-ab45-429c-9042-f1021f10263d,prca03,likert5,3,3,True,validated,0
d20411e2-ab45-429c-9042-f1021f10263d,prca04,likert5,5,1,True,validated,1
d20411e2-ab45-429c-9042-f1021f10263d,prca05,likert5,5,5,True,validated,0
d20411e2-ab45-429c-9042-f1021f10263d,prca06,likert5,4,2,True,validated,1
d20411e2-ab45-429c-9042-f1021f10263d,prca13,likert5,3,3,True,validated,0
d20411e2-ab45-429c-9042-f1021f10263d,prca14,likert5,1,5,True,validated,1
d20411e2-ab45-429c-9042-f1021f10263d,prca15,likert5,4,4,True,validated,0
d20411e2-ab45-429c-9042-f1021f10263d,prca16,likert5,3,3,True,validated,1
d20411e2-ab45-429c-9042-f1021f10263d,prca17,likert5,1,5,True,validated,1
d20411e2-ab45-429c-9042-f1021f10263d,prca18,likert5,3,3,True,validated,0
be5d4f24-d600-463e-b63f-d3c98ca6c8ae,prca01,likert5,3,3,True,validated,0
be5d4f24-d600-463e-b63f-d3c98ca6c8ae,prca02,likert5,3,3,True,validated,1
be5d4f24-d600-463e-b63f-d3c98ca6c8ae,prca03,likert5,4,4,True,validated,0
be5d4f24-d600-463e-b63f-d3c98ca6c8ae,prca04,likert5,2,4,True,validated,1
be5d4f24-d600-463e-b63f-d3c98ca6c8ae,prca05,likert5,4,4,True,validated,0
be5d4f24-d600-463e-b63f-d3c98ca6c8ae,prca06,likert5,3,3,True,validated,1
be5d4f24-d600-463e-b63f-d3c98ca6c8ae,prca13,likert5,4,4,True,validated,0
be5d4f24-d600-463e-b63f-d3c98ca6c8ae,prca14,likert5,3,3,True,validated,1
be5d4f24-d600-463e-b63f-d3c98ca6c8ae,prca15,likert5,1,1,True,validated,0
be5d4f24-d600-463e-b63f-d3c98ca6c8ae,prca16,likert5,4,2,True,validated,1
be5d4f24-d600-463e-b63f-d3c98ca6c8ae,prca17,likert5,1,5,True,validated,1
be5d4f24-d600-463e-b63f-d3c98ca6c8ae,prca18,likert5,3,3,True,validated,0
55a2fe39-b9e9-4775-9c9c-3fe375011def,prca01,likert5,4,4,True,validated,0
55a2fe39-b9e9-4775-9c9c-3fe375011def,prca02,likert5,3,3,True,validated,1
55a2fe39-b9e9-4775-9c9c-3fe375011def,prca03,likert5,3,3,True,validated,0
55a2fe39-b9e9-4775-9c9c-3fe375011def,prca04,likert5,3,3,True,validated,1
55a2fe39-b9e9-4775-9c9c-3fe375011def,prca05,likert5,2,2,True,validated,0
55a2fe39-b9e9-4775-9c9c-3fe375011def,prca06,likert5,5,1,True,validated,1
55a2fe39-b9e9-4775-9c9c-3fe375011def,prca13,likert5,4,4,True,validated,0
55a2fe39-b9e9-4775-9c9c-3fe375011def,prca14,likert5,4,2,True,validated,1
55a2fe39-b9e9-4775-9c9c-3fe375011def,prca15,likert5,2,2,True,validated,0
55a2fe39-b9e9-4775-9c9c-3fe375011def,prca16,likert5,1,5,True,validated,1
55a2fe39-b9e9-4775-9c9c-3fe375011def,prca17,likert5,5,1,True,validated,1
55a2fe39-b9e9-4775-9c9c-3fe375011def,prca18,likert5,4,4,True,validated,0
14bedd9a-1d98-412b-b1b0-12b86ba9ee5f,prca01,likert5,4,4,True,validated,0
14bedd9a-1d98-412b-b1b0-12b86ba9ee5f,prca02,likert5,5,1,True,validated,1
14bedd9a-1d98-412b-b1b0-12b86ba9ee5f,prca03,likert5,5) strongly agree,5,True,recode,0
14bedd9a-1d98-412b-b1b0-12b86ba9ee5f,prca04,likert5,3,3,True,validated,1
14bedd9a-1d98-412b-b1b0-12b86ba9ee5f,prca05,likert5,4,4,True,validated,0
14bedd9a-1d98-412b-b1b0-12b86ba9ee5f,prca06,likert5,4,2,True,validated,1
14bedd9a-1d98-412b-b1b0-12b86ba9ee5f,prca13,likert5,2,2,True,validated,0
14bedd9a-1d98-412b-b1b0-12b86ba9ee5f,prca14,likert5,5,1,True,validated,1
14bedd9a-1d98-412b-b1b0-12b86ba9ee5f,prca15,likert5,3,3,True,validated,0
14bedd9a-1d98-412b-b1b0-12b86ba9ee5f,prca16,likert5,2,4,True,validated,1
14bedd9a-1d98-412b-b1b0-12b86ba9ee5f,prca17,likert5,3,3,True,validated,1
14bedd9a-1d98-412b-b1b0-12b86ba9ee5f,prca18,likert5,3,3,True,validated,0
fb9f7abf-27bd-448a-8976-827b8ce8cd50,prca01,likert5,5,5,True,validated,0
fb9f7abf-27bd-448a-8976-827b8ce8cd50,prca02,likert5,3,3,True,validated,1
fb9f7abf-27bd-448a-8976-827b8ce8cd50,prca03,likert5,3,3,True,validated,0
fb9f7abf-27bd-448a-8976-827b8ce8cd50,prca04,likert5,4,2,True,validated,1
fb9f7abf-27bd-448a-8976-827b8ce8cd50,prca05,likert5,2,2,True,validated,0
fb9f7abf-27bd-448a-8976-827b8ce8cd50,prca06,likert5,1,5,True,validated,1
fb9f7abf-27bd-448a-8976-827b8ce8cd50,prca13,likert5,5,5,True,validated,0
fb9f7abf-27bd-448a-8976-827b8ce8cd50,prca14,likert5,4,2,True,validated,1
fb9f7abf-27bd-448a-8976-827b8ce8cd50,prca15,likert5,5,5,True,validated,0
fb9f7abf-27bd-448a-8976-827b8ce8cd50,prca16,likert5,5,1,True,validated,1
fb9f7abf-27bd-448a-8976-827b8ce8cd50,prca17,likert5,5,1,True,validated,1
fb9f7abf-27bd-448a-8976-827b8ce8cd50,prca18,likert5,1,1,True,validated,0
e5617223-cbd4-46c9-a178-d19bb4e3d653,prca01,likert5,3,3,True,validated,0
e5617223-cbd4-46c9-a178-d19bb4e3d653,prca02,likert5,4,2,True,validated,1
e5617223-cbd4-46c9-a178-d19bb4e3d653,prca03,likert5,4,4,True,validated,0
e5617223-cbd4-46c9-a178-d19bb4e3d653,prca04,likert5,4,2,True,validated,1
e5617223-cbd4-46c9-a178-d19bb4e3d653,prca05,likert5,4,4,True,validated,0
e5617223-cbd4-46c9-a178-d19bb4e3d653,prca06,likert5,4,2,True,validated,1
e5617223-cbd4-46c9-a178-d19bb4e3d653,prca13,likert5,3,3,True,validated,0
e5617223-cbd4-46c9-a178-d19bb4e3d653,prca14,likert5,4,2,True,validated,1
e5617223-cbd4-46c9-a178-d19bb4e3d653,prca15,likert5,3,3,True,validated,0
e5617223-cbd4-46c9-a178-d19bb4e3d653,prca16,likert5,4,2,True,validated,1
e5617223-cbd4-46c9-a178-d19bb4e3d653,prca17,likert5,4,2,True,validated,1
e5617223-cbd4-46c9-a178-d19bb4e3d653,prca18,likert5,5,5,True,validated,0
bf268031-04a3-41c5-971f-348731236000,prca01,likert5,4,4,True,validated,0
bf268031-04a3-41c5-971f-348731236000,prca02,likert5,5,1,True,validated,1
bf268031-04a3-41c5-971f-348731236000,prca03,likert5,2,2,True,validated,0
bf268031-04a3-41c5-971f-348731236000,prca04,likert5,4,2,True,validated,1
bf268031-04a3-41c5-971f-348731236000,prca05,likert5,1,1,True,validated,0
bf268031-04a3-41c5-971f-348731236000,prca06,likert5,3,3,True,validated,1
bf268031-04a3-41c5-971f-348731236000,prca13,likert5,4,4,True,validated,0
bf268031-04a3-41c5-971f-348731236000,prca14,likert5,2,4,True,validated,1
bf268031-04a3-41c5-971f-348731236000,prca15,likert5,3,3,True,validated,0
bf268031-04a3-41c5-971f-348731236000,prca16,likert5,4,2,True,validated,1
bf268031-04a3-41c5-971f-348731236000,prca17,likert5,3,3,True,validated,1
bf268031-04a3-41c5-971f-348731236000,prca18,likert5,2,2,True,validated,0
97224fa4-3977-4621-9112-9ac532525f87,prca01,likert5,1,1,True,validated,0
97224fa4-3977-4621-9112-9ac532525f87,prca02,likert5,2,4,True,validated,1
97224fa4-3977-4621-9112-9ac532525f87,prca03,likert5,2,2,True,validated,0
97224fa4-3977-4621-9112-9ac532525f87,prca04,likert5,4,2,True,validated,1
97224fa4-3977-4621-9112-9ac532525f87,prca05,likert5,1,1,True,validated,0
97224fa4-3977-4621-9112-9ac532525f87,prca06,likert5,4,2,True,validated,1
97224fa4-3977-4621-9112-9ac532525f87,prca13,likert5,4,4,True,validated,0
97224fa4-3977-4621-9112-9ac532525f87,prca14,likert5,1,5,True,validated,1
97224fa4-3977-4621-9112-9ac532525f87,prca15,likert5,1,1,True,validated,0
97224fa4-3977-4621-9112-9ac532525f87,prca16,likert5,3,3,True,validated,1
97224fa4-3977-4621-9112-9ac532525f87,prca17,likert5,2,4,True,validated,1
97224fa4-3977-4621-9112-9ac532525f87,prca18,likert5,4,4,True,validated,0
dcb1fcbe-d738-4ae6-8adf-c849588ffd5b,prca01,likert5,4,4,True,validated,0
dcb1fcbe-d738-4ae6-8adf-c849588ffd5b,prca02,likert5,1,5,True,validated,1
dcb1fcbe-d738-4ae6-8adf-c849588ffd5b,prca03,likert5,3,3,True,validated,0
dcb1fcbe-d738-4ae6-8adf-c849588ffd5b,prca04,likert5,4,2,True,validated,1
dcb1fcbe-d738-4ae6-8adf-c849588ffd5b,prca05,likert5,4,4,True,validated,0
dcb1fcbe-d738-4ae6-8adf-c849588ffd5b,prca06,likert5,4,2,True,validated,1
dcb1fcbe-d738-4ae6-8adf-c849588ffd5b,prca13,likert5,3,3,True,validated,0
dcb1fcbe-d738-4ae6-8adf-c849588ffd5b,prca14,likert5,5) strongly agree,2,True,recode,1
dcb1fcbe-d738-4ae6-8adf-c849588ffd5b,prca15,likert5,3,3,True,validated,0
dcb1fcbe-d738-4ae6-8adf-c849588ffd5b,prca16,likert5,1,5,True,validated,1
dcb1fcbe-d738-4ae6-8adf-c849588ffd5b,prca17,likert5,2,4,True,validated,1
dcb1fcbe-d738-4ae6-8adf-c849588ffd5b,prca18,likert5,3,3,True,validated,0
24c709ee-c9f4-4004-ba2f-f2bcea4016ab,prca01,likert5,3,3,True,validated,0
24c709ee-c9f4-4004-ba2f-f2bcea4016ab,prca02,likert5,4,2,True,validated,1
24c709ee-c9f4-4004-ba2f-f2bcea4016ab,prca03,likert5,5,5,True,validated,0
24c709ee-c9f4-4004-ba2f-f2bcea4016ab,prca04,likert5,5) strongly agree,2,True,recode,1
24c709ee-c9f4-4004-ba2f-f2bcea4016ab,prca05,likert5,3,3,True,validated,0
24c709ee-c9f4-4004-ba2f-f2bcea4016ab,prca06,likert5,4,2,True,validated,1
24c709ee-c9f4-4004-ba2f-f2bcea4016ab,prca13,likert5,4,4,True,validated,0
24c709ee-c9f4-4004-ba2f-f2bcea4016ab,prca14,likert5,2,4,True,validated,1
24c709ee-c9f4-4004-ba2f-f2bcea4016ab,prca15,likert5,4,4,True,validated,0
24c709ee-c9f4-4004-ba2f-f2bcea4016ab,prca16,likert5,2,4,True,validated,1
24c709ee-c9f4-4004-ba2f-f2bcea4016ab,prca17,likert5,2,4,True,validated,1
24c709ee-c9f4-4004-ba2f-f2bcea4016ab,prca18,likert5,5,5,True,validated,0
ee07da08-3c38-4843-ba6e-cdea34b84b6e,prca01,likert5,4,4,True,validated,0
ee07da08-3c38-4843-ba6e-cdea34b84b6e,prca02,likert5,3,3,True,validated,1
ee07da08-3c38-4843-ba6e-cdea34b84b6e,prca03,likert5,3,3,True,validated,0
ee07da08-3c38-4843-ba6e-cdea34b84b6e,prca04,likert5,5,1,True,validated,1
ee07da08-3c38-4843-ba6e-cdea34b84b6e,prca05,likert5,4,4,True,validated,0
ee07da08-3c38-4843-ba6e-cdea34b84b6e,prca06,likert5,3,3,True,validated,1
ee07da08-3c38-4843-ba6e-cdea34b84b6e,prca13,likert5,1,1,True,validated,0
ee07da08-3c38-4843-ba6e-cdea34b84b6e,prca14,likert5,4,2,True,validated,1
ee07da08-3c38-4843-ba6e-cdea34b84b6e,prca15,likert5,1,1,True,validated,0
ee07da08-3c38-4843-ba6e-cdea34b84b6e,prca16,likert5,4,2,True,validated,1
ee07da08-3c38-4843-ba6e-cdea34b84b6e,prca17,likert5,3,3,True,validated,1
ee07da08-3c38-4843-ba6e-cdea34b84b6e,prca18,likert5,1,1,True,validated,0
22b86b2d-f72a-451c-ab41-b18fbb5f77e3,prca01,likert5,3,3,True,validated,0
22b86b2d-f72a-451c-ab41-b18fbb5f77e3,prca02,likert5,1,5,True,validated,1
22b86b2d-f72a-451c-ab41-b18fbb5f77e3,prca03,likert5,4,4,True,validated,0
22b86b2d-f72a-451c-ab41-b18fbb5f77e3,prca04,likert5,4,2,True,validated,1
22b86b2d-f72a-451c-ab41-b18fbb5f77e3,prca05,likert5,3,3,True,validated,0
22b86b2d-f72a-451c-ab41-b18fbb5f77e3,prca06,likert5,1,5,True,validated,1
22b86b2d-f72a-451c-ab41-b18fbb5f77e3,prca13,likert5,3,3,True,validated,0
22b86b2d-f72a-451c-ab41-b18fbb5f77e3,prca14,likert5,2,4,True,validated,1
22b86b2d-f72a-451c-ab41-b18fbb5f77e3,prca15,likert5,2,2,True,validated,0
22b86b2d-f72a-451c-ab41-b18fbb5f77e3,prca16,likert5,5,1,True,validated,1
22b86b2d-f72a-451c-ab41-b18fbb5f77e3,prca17,likert5,5,1,True,validated,1
22b86b2d-f72a-451c-ab41-b18fbb5f77e3,prca18,likert5,1,1,True,validated,0
b1c9a961-6c87-4ad8-826f-a912277baa16,prca01,likert5,1,1,True,validated,0
b1c9a961-6c87-4ad8-826f-a912277baa16,prca02,likert5,3,3,True,validated,1
b1c9a961-6c87-4ad8-826f-a912277baa16,prca03,likert5,4,4,True,validated,0
b1c9a961-6c87-4ad8-826f-a912277baa16,prca04,likert5,1,5,True,validated,1
b1c9a961-6c87-4ad8-826f-a912277baa16,prca05,likert5,4,4,True,validated,0
b1c9a961-6c87-4ad8-826f-a912277baa16,prca06,likert5,4,2,True,validated,1
b1c9a961-6c87-4ad8-826f-a912277baa16,prca13,likert5,4,4,True,validated,0
b1c9a961-6c87-4ad8-826f-a912277baa16,prca14,likert5,4,2,True,validated,1
b1c9a961-6c87-4ad8-826f-a912277baa16,prca15,likert5,4,4,True,validated,0
b1c9a961-6c87-4ad8-826f-a912277baa16,prca16,likert5,5,1,True,validated,1
b1c9a961-6c87-4ad8-826f-a912277baa16,prca17,likert5,4,2,True,validated,1
b1c9a961-6c87-4ad8-826f-a912277baa16,prca18,likert5,2,2,True,validated,0
8fe827ba-69f4-417e-8d44-be8353494ea2,prca01,likert5,4,4,True,validated,0
8fe827ba-69f4-417e-8d44-be8353494ea2,prca02,likert5,4,2,True,validated,1
8fe827ba-69f4-417e-8d44-be8353494ea2,prca03,likert5,2,2,True,validated,0
8fe827ba-69f4-417e-8d44-be8353494ea2,prca04,likert5,2,4,True,validated,1
8fe827ba-69f4-417e-8d44-be8353494ea2,prca05,likert5,3,3,True,validated,0
8fe827ba-69f4-417e-8d44-be8353494ea2,prca06,likert5,4,2,True,validated,1
8fe827ba-69f4-417e-8d44-be8353494ea2,prca13,likert5,4,4,True,validated,0
8fe827ba-69f4-417e-8d44-be8353494ea2,prca14,likert5,3,3,True,validated,1
8fe827ba-69f4-417e-8d44-be8353494ea2,prca15,likert5,2,2,True,validated,0
8fe827ba-69f4-417e-8d44-be8353494ea2,prca16,likert5,3,3,True,validated,1
8fe827ba-69f4-417e-8d44-be8353494ea2,prca17,likert5,3,3,True,validated,1
8fe827ba-69f4-417e-8d44-be8353494ea2,prca18,likert5,4,4,True,validated,0
2b566ea3-a4e9-472d-85b2-9cea6e34e929,prca01,likert5,2,2,True,validated,0
2b566ea3-a4e9-472d-85b2-9cea6e34e929,prca02,likert5,5,1,True,validated,1
2b566ea3-a4e9-472d-85b2-9cea6e34e929,prca03,likert5,2,2,True,validated,0
2b566ea3-a4e9-472d-85b2-9cea6e34e929,prca04,likert5,2,4,True,validated,1
2b566ea3-a4e9-472d-85b2-9cea6e34e929,prca05,likert5,3,3,True,validated,0
2b566ea3-a4e9-472d-85b2-9cea6e34e929,prca06,likert5,5,1,True,validated,1
2b566ea3-a4e9-472d-85b2-9cea6e34e929,prca13,likert5,1,1,True,validated,0
2b566ea3-a4e9-472d-85b2-9cea6e34e929,prca14,likert5,2,4,True,validated,1
2b566ea3-a4e9-472d-85b2-9cea6e34e929,prca15,likert5,4,4,True,validated,0
2b566ea3-a4e9-472d-85b2-9cea6e34e929,prca16,likert5,5,1,True,validated,1
2b566ea3-a4e9-472d-85b2-9cea6e34e929,prca17,likert5,5,1,True,validated,1
2b566ea3-a4e9-472d-85b2-9cea6e34e929,prca18,likert5,5,5,True,validated,0
e2f12a7f-ec0d-4b79-917a-a62fe02888e1,prca01,likert5,5,5,True,validated,0
e2f12a7f-ec0d-4b79-917a-a62fe02888e1,prca02,likert5,4,2,True,validated,1
e2f12a7f-ec0d-4b79-917a-a62fe02888e1,prca03,likert5,5) strongly agree,1,True,recode,0
e2f12a7f-ec0d-4b79-917a-a62fe02888e1,prca04,likert5,3,3,True,validated,1
e2f12a7f-ec0d-4b79-917a-a62fe02888e1,prca05,likert5,5,5,True,validated,0
e2f12a7f-ec0d-4b79-917a-a62fe02888e1,prca06,likert5,4,2,True,validated,1
e2f12a7f-ec0d-4b79-917a-a62fe02888e1,prca13,likert5,3,3,True,validated,0
e2f12a7f-ec0d-4b79-917a-a62fe02888e1,prca14,likert5,1,5,True,validated,1
e2f12a7f-ec0d-4b79-917a-a62fe02888e1,prca15,likert5,3,3,True,validated,0
e2f12a7f-ec0d-4b79-917a-a62fe02888e1,prca16,likert5,3,3,True,validated,1
e2f12a7f-ec0d-4b79-917a-a62fe02888e1,prca17,likert5,2,4,True,validated,1
e2f12a7f-ec0d-4b79-917a-a62fe02888e1,prca18,likert5,2,2,True,validated,0
94b0d52f-0020-4ad3-999a-d296a8f50149,prca01,likert5,5,5,True,validated,0
94b0d52f-0020-4ad3-999a-d296a8f50149,prca02,likert5,4,2,True,validated,1
94b0d52f-0020-4ad3-999a-d296a8f50149,prca03,likert5,4,4,True,validated,0
94b0d52f-0020-4ad3-999a-d296a8f50149,prca04,likert5,2,4,True,validated,1
94b0d52f-0020-4ad3-999a-d296a8f50149,prca05,likert5,3,3,True,validated,0
94b0d52f-0020-4ad3-999a-d296a8f50149,prca06,likert5,5,1,True,validated,1
94b0d52f-0020-4ad3-999a-d296a8f50149,prca13,likert5,4,4,True,validated,0
94b0d52f-0020-4ad3-999a-d296a8f50149,prca14,likert5,4,2,True,validated,1
94b0d52f-0020-4ad3-999a-d296a8f50149,prca15,likert5,3,3,True,validated,0
94b0d52f-0020-4ad3-999a-d296a8f50149,prca16,likert5,3,3,True,validated,1
94b0d52f-0020-4ad3-999a-d296a8f50149,prca17,likert5,2,4,True,validated,1
94b0d52f-0020-4ad3-999a-d296a8f50149,prca18,likert5,5,5,True,validated,0
b469c44c-1585-47fd-958c-93a419bb4e13,prca01,likert5,3,3,True,validated,0
b469c44c-1585-47fd-958c-93a419bb4e13,prca02,likert5,5,1,True,validated,1
b469c44c-1585-47fd-958c-93a419bb4e13,prca03,likert5,2,2,True,validated,0
b469c44c-1585-47fd-958c-93a419bb4e13,prca04,likert5,1,5,True,validated,1
b469c44c-1585-47fd-958c-93a419bb4e13,prca05,likert5,1,1,True,validated,0
b469c44c-1585-47fd-958c-93a419bb4e13,prca06,likert5,3,3,True,validated,1
b469c44c-1585-47fd-958c-93a419bb4e13,prca13,likert5,4,4,True,validated,0
b469c44c-1585-47fd-958c-93a419bb4e13,prca14,likert5,4,2,True,validated,1
b469c44c-1585-47fd-958c-93a419bb4e13,prca15,likert5,3,3,True,validated,0
b469c44c-1585-47fd-958c-93a419bb4e13,prca16,likert5,5,1,True,validated,1
b469c44c-1585-47fd-958c-93a419bb4e13,prca17,likert5,4,2,True,validated,1
b469c44c-1585-47fd-958c-93a419bb4e13,prca18,likert5,4,4,True,validated,0
b12d7052-4cb0-4903-82c7-c8eb72ccedba,prca01,likert5,5,5,True,validated,0
b12d7052-4cb0-4903-82c7-c8eb72ccedba,prca02,likert5,4,2,True,validated,1
b12d7052-4cb0-4903-82c7-c8eb72ccedba,prca03,likert5,5,5,True,validated,0
b12d7052-4cb0-4903-82c7-c8eb72ccedba,prca04,likert5,4,2,True,validated,1
b12d7052-4cb0-4903-82c7-c8eb72ccedba,prca05,likert5,5,5,True,validated,0
b12d7052-4cb0-4903-82c7-c8eb72ccedba,prca06,likert5,2,4,True,validated,1
b12d7052-4cb0-4903-82c7-c8eb72ccedba,prca13,likert5,3,3,True,validated,0
b12d7052-4cb0-4903-82c7-c8eb72ccedba,prca14,likert5,2,4,True,validated,1
b12d7052-4cb0-4903-82c7-c8eb72ccedba,prca15,likert5,3,3,True,validated,0
b12d7052-4cb0-4903-82c7-c8eb72ccedba,prca16,likert5,1,5,True,validated,1
b12d7052-4cb0-4903-82c7-c8eb72ccedba,prca17,likert5,5,1,True,validated,1
b12d7052-4cb0-4903-82c7-c8eb72ccedba,prca18,likert5,1,1,True,validated,0
e80f8381-1580-4e35-85ed-1087c8dd4ebf,prca01,likert5,3,3,True,validated,0
e80f8381-1580-4e35-85ed-1087c8dd4ebf,prca02,likert5,4,2,True,validated,1
e80f8381-1580-4e35-85ed-1087c8dd4ebf,prca03,likert5,4,4,True,validated,0
e80f8381-1580-4e35-85ed-1087c8dd4ebf,prca04,likert5,5,1,True,validated,1
e80f8381-1580-4e35-85ed-1087c8dd4ebf,prca05,likert5,3,3,True,validated,0
e80f8381-1580-4e35-85ed-1087c8dd4ebf,prca06,likert5,5,1,True,validated,1
e80f8381-1580-4e35-85ed-1087c8dd4ebf,prca13,likert5,3,3,True,validated,0
e80f8381-1580-4e35-85ed-1087c8dd4ebf,prca14,likert5,4,2,True,validated,1
e80f8381-1580-4e35-85ed-1087c8dd4ebf,prca15,likert5,1,1,True,validated,0
e80f8381-1580-4e35-85ed-1087c8dd4ebf,prca16,likert5,4,2,True,validated,1
e80f8381-1580-4e35-85ed-1087c8dd4ebf,prca17,likert5,3,3,True,validated,1
e80f8381-1580-4e35-85ed-1087c8dd4ebf,prca18,likert5,4,4,True,validated,0
a28cd14c-6a54-4b89-adcf-0e3de043309d,prca01,likert5,5,5,True,validated,0
a28cd14c-6a54-4b89-adcf-0e3de043309d,prca02,likert5,4,2,True,validated,1
a28cd14c-6a54-4b89-adcf-0e3de043309d,prca03,likert5,3,3,True,validated,0
a28cd14c-6a54-4b89-adcf-0e3de043309d,prca04,likert5,3,3,True,validated,1
a28cd14c-6a54-4b89-adcf-0e3de043309d,prca05,likert5,3,3,True,validated,0
a28cd14c-6a54-4b89-adcf-0e3de043309d,prca06,likert5,5,1,True,validated,1
a28cd14c-6a54-4b89-adcf-0e3de043309d,prca13,likert5,3,3,True,validated,0
a28cd14c-6a54-4b89-adcf-0e3de043309d,prca14,likert5,1,5,True,validated,1
a28cd14c-6a54-4b89-adcf-0e3de043309d,prca15,likert5,5,5,True,validated,0
a28cd14c-6a54-4b89-adcf-0e3de043309d,prca16,likert5,2,4,True,validated,1
a28cd14c-6a54-4b89-adcf-0e3de043309d,prca17,likert5,3,3,True,validated,1
a28cd14c-6a54-4b89-adcf-0e3de043309d,prca18,likert5,2,2,True,validated,0
21c9c096-28f8-41fa-971f-0cef9291e242,prca01,likert5,2,2,True,validated,0
21c9c096-28f8-41fa-971f-0cef9291e242,prca02,likert5,4,2,True,validated,1
21c9c096-28f8-41fa-971f-0cef9291e242,prca03,likert5,5) strongly agree,4,True,recode,0
21c9c096-28f8-41fa-971f-0cef9291e242,prca04,likert5,5,1,True,validated,1
21c9c096-28f8-41fa-971f-0cef9291e242,prca05,likert5,4,4,True,validated,0
21c9c096-28f8-41fa-971f-0cef9291e242,prca06,likert5,3,3,True,validated,1
21c9c096-28f8-41fa-971f-0cef9291e242,prca13,likert5,4,4,True,validated,0
21c9c096-28f8-41fa-971f-0cef9291e242,prca14,likert5,4,2,True,validated,1
21c9c096-28f8-41fa-971f-0cef9291e242,prca15,likert5,2,2,True,validated,0
21c9c096-28f8-41fa-971f-0cef9291e242,prca16,likert5,2,4,True,validated,1
21c9c096-28f8-41fa-971f-0cef9291e242,prca17,likert5,5,1,True,validated,1
21c9c096-28f8-41fa-971f-0cef9291e242,prca18,likert5,2,2,True,validated,0
36e3d0e8-e566-478c-af54-4e07100d0c5b,prca01,likert5,3,3,True,validated,0
36e3d0e8-e566-478c-af54-4e07100d0c5b,prca02,likert5,3,3,True,validated,1
36e3d0e8-e566-478c-af54-4e07100d0c5b,prca03,likert5,5,5,True,validated,0
36e3d0e8-e566-478c-af54-4e07100d0c5b,prca04,likert5,4,2,True,validated,1
36e3d0e8-e566-478c-af54-4e07100d0c5b,prca05,likert5,4,4,True,validated,0
36e3d0e8-e566-478c-af54-4e07100d0c5b,prca06,likert5,1,5,True,validated,1
36e3d0e8-e566-478c-af54-4e07100d0c5b,prca13,likert5,3,3,True,validated,0
36e3d0e8-e566-478c-af54-4e07100d0c5b,prca14,likert5,3,3,True,validated,1
36e3d0e8-e566-478c-af54-4e07100d0c5b,prca15,likert5,3,3,True,validated,0
36e3d0e8-e566-478c-af54-4e07100d0c5b,prca16,likert5,3,3,True,validated,1
36e3d0e8-e566-478c-af54-4e07100d0c5b,prca17,likert5,4,2,True,validated,1
36e3d0e8-e566-478c-af54-4e07100d0c5b,prca18,likert5,4,4,True,validated,0
e295bb33-8801-4b72-a431-60fa2a1a2036,prca01,likert5,4,4,True,validated,0
e295bb33-8801-4b72-a431-60fa2a1a2036,prca02,likert5,1,5,True,validated,1
e295bb33-8801-4b72-a431-60fa2a1a2036,prca03,likert5,2,2,True,validated,0
e295bb33-8801-4b72-a431-60fa2a1a2036,prca04,likert5,3,3,True,validated,1
e295bb33-8801-4b72-a431-60fa2a1a2036,prca05,likert5,2,2,True,validated,0
e295bb33-8801-4b72-a431-60fa2a1a2036,prca06,likert5,1,5,True,validated,1
e295bb33-8801-4b72-a431-60fa2a1a2036,prca13,likert5,3,3,True,validated,0
e295bb33-8801-4b72-a431-60fa2a1a2036,prca14,likert5,1,5,True,validated,1
e295bb33-8801-4b72-a431-60fa2a1a2036,prca15,likert5,5,5,True,validated,0
e295bb33-8801-4b72-a431-60fa2a1a2036,prca16,likert5,2,4,True,validated,1
e295bb33-8801-4b72-a431-60fa2a1a2036,prca17,likert5,3,3,True,validated,1
e295bb33-8801-4b72-a431-60fa2a1a2036,prca18,likert5,1,1,True,validated,0
0f2c09d8-dee7-46a2-8bc3-503bb2a5eddb,prca01,likert5,2,2,True,validated,0
0f2c09d8-dee7-46a2-8bc3-503bb2a5eddb,prca02,likert5,4,2,True,validated,1
0f2c09d8-dee7-46a2-8bc3-503bb2a5eddb,prca03,likert5,1,1,True,validated,0
0f2c09d8-dee7-46a2-8bc3-503bb2a5eddb,prca04,likert5,2,4,True,validated,1
0f2c09d8-dee7-46a2-8bc3-503bb2a5eddb,prca05,likert5,4,4,True,validated,0
0f2c09d8-dee7-46a2-8bc3-503bb2a5eddb,prca06,likert5,5,1,True,validated,1
0f2c09d8-dee7-46a2-8bc3-503bb2a5eddb,prca13,likert5,5,5,True,validated,0
0f2c09d8-dee7-46a2-8bc3-503bb2a5eddb,prca14,likert5,3,3,True,validated,1
0f2c09d8-dee7-46a2-8bc3-503bb2a5eddb,prca15,likert5,2,2,True,validated,0
0f2c09d8-dee7-46a2-8bc3-503bb2a5eddb,prca16,likert5,5,1,True,validated,1
0f2c09d8-dee7-46a2-8bc3-503bb2a5eddb,prca17,likert5,3,3,True,validated,1
0f2c09d8-dee7-46a2-8bc3-503bb2a5eddb,prca18,likert5,5,5,True,validated,0
9661a7f9-341f-4f3c-9845-4d1f59ad46af,prca01,likert5,3,3,True,validated,0
9661a7f9-341f-4f3c-9845-4d1f59ad46af,prca02,likert5,5,1,True,validated,1
9661a7f9-341f-4f3c-9845-4d1f59ad46af,prca03,likert5,2,2,True,validated,0
9661a7f9-341f-4f3c-9845-4d1f59ad46af,prca04,likert5,2,4,True,validated,1
9661a7f9-341f-4f3c-9845-4d1f59ad46af,prca05,likert5,4,4,True,validated,0
9661a7f9-341f-4f3c-9845-4d1f59ad46af,prca06,likert5,3,3,True,validated,1
9661a7f9-341f-4f3c-9845-4d1f59ad46af,prca13,likert5,3,3,True,validated,0
9661a7f9-341f-4f3c-9845-4d1f59ad46af,prca14,likert5,3,3,True,validated,1
9661a7f9-341f-4f3c-9845-4d1f59ad46af,prca15,likert5,2,2,True,validated,0
9661a7f9-341f-4f3c-9845-4d1f59ad46af,prca16,likert5,1,5,True,validated,1
9661a7f9-341f-4f3c-9845-4d1f59ad46af,prca17,likert5,5,1,True,validated,1
9661a7f9-341f-4f3c-9845-4d1f59ad46af,prca18,likert5,4,4,True,validated,0
34b8e81f-9c7d-4418-afa8-5bf2b6c6b8c3,prca01,likert5,3,3,True,validated,0
34b8e81f-9c7d-4418-afa8-5bf2b6c6b8c3,prca02,likert5,3,3,True,validated,1
34b8e81f-9c7d-4418-afa8-5bf2b6c6b8c3,prca03,likert5,5) strongly agree,3,True,recode,0
34b8e81f-9c7d-4418-afa8-5bf2b6c6b8c3,prca04,likert5,3,3,True,validated,1
34b8e81f-9c7d-4418-afa8-5bf2b6c6b8c3,prca05,likert5,2,2,True,validated,0
34b8e81f-9c7d-4418-afa8-5bf2b6c6b8c3,prca06,likert5,4,2,True,validated,1
34b8e81f-9c7d-4418-afa8-5bf2b6c6b8c3,prca13,likert5,4,4,True,validated,0
34b8e81f-9c7d-4418-afa8-5bf2b6c6b8c3,prca14,likert5,3,3,True,validated,1
34b8e81f-9c7d-4418-afa8-5bf2b6c6b8c3,prca15,likert5,1,1,True,validated,0
34b8e81f-9c7d-4418-afa8-5bf2b6c6b8c3,prca16,likert5,2,4,True,validated,1
34b8e81f-9c7d-4418-afa8-5bf2b6c6b8c3,prca17,likert5,2,4,True,validated,1
34b8e81f-9c7d-4418-afa8-5bf2b6c6b8c3,prca18,likert5,2,2,True,validated,0
b4d631ee-d28d-44cf-b2ae-4ba3aad3e393,prca01,likert5,4,4,True,validated,0
b4d631ee-d28d-44cf-b2ae-4ba3aad3e393,prca02,likert5,2,4,True,validated,1
b4d631ee-d28d-44cf-b2ae-4ba3aad3e393,prca03,likert5,4,4,True,validated,0
b4d631ee-d28d-44cf-b2ae-4ba3aad3e393,prca04,likert5,3,3,True,validated,1
b4d631ee-d28d-44cf-b2ae-4ba3aad3e393,prca05,likert5,4,4,True,validated,0
b4d631ee-d28d-44cf-b2ae-4ba3aad3e393,prca06,likert5,4,2,True,validated,1
b4d631ee-d28d-44cf-b2ae-4ba3aad3e393,prca13,likert5,5) strongly agree,4,True,recode,0
b4d631ee-d28d-44cf-b2ae-4ba3aad3e393,prca14,likert5,5,1,True,validated,1
b4d631ee-d28d-44cf-b2ae-4ba3aad3e393,prca15,likert5,3,3,True,validated,0
b4d631ee-d28d-44cf-b2ae-4ba3aad3e393,prca16,likert5,3,3,True,validated,1
b4d631ee-d28d-44cf-b2ae-4ba3aad3e393,prca17,likert5,1,5,True,validated,1
b4d631ee-d28d-44cf-b2ae-4ba3aad3e393,prca18,likert5,1,1,True,validated,0
3eb892ac-ff77-4e23-91d3-ddbe40a4ddd6,prca01,likert5,4,4,True,validated,0
3eb892ac-ff77-4e23-91d3-ddbe40a4ddd6,prca02,likert5,4,2,True,validated,1
3eb892ac-ff77-4e23-91d3-ddbe40a4ddd6,prca03,likert5,4,4,True,validated,0
3eb892ac-ff77-4e23-91d3-ddbe40a4ddd6,prca04,likert5,2,4,True,validated,1
3eb892ac-ff77-4e23-91d3-ddbe40a4ddd6,prca05,likert5,3,3,True,validated,0
3eb892ac-ff77-4e23-91d3-ddbe40a4ddd6,prca06,likert5,4,2,True,validated,1
3eb892ac-ff77-4e23-91d3-ddbe40a4ddd6,prca13,likert5,2,2,True,validated,0
3eb892ac-ff77-4e23-91d3-ddbe40a4ddd6,prca14,likert5,1,5,True,validated,1
3eb892ac-ff77-4e23-91d3-ddbe40a4ddd6,prca15,likert5,3,3,True,validated,0
3eb892ac-ff77-4e23-91d3-ddbe40a4ddd6,prca16,likert5,4,2,True,validated,1
3eb892ac-ff77-4e23-91d3-ddbe40a4ddd6,prca17,likert5,5,1,True,validated,1
3eb892ac-ff77-4e23-91d3-ddbe40a4ddd6,prca18,likert5,1,1,True,validated,0
4ab65bfd-0fef-48aa-bd56-159aeba5df44,prca01,likert5,5,5,True,validated,0
4ab65bfd-0fef-48aa-bd56-159aeba5df44,prca02,likert5,4,2,True,validated,1
4ab65bfd-0fef-48aa-bd56-159aeba5df44,prca03,likert5,2,2,True,validated,0
4ab65bfd-0fef-48aa-bd56-159aeba5df44,prca04,likert5,5,1,True,validated,1
4ab65bfd-0fef-48aa-bd56-159aeba5df44,prca05,likert5,3,3,True,validated,0
4ab65bfd-0fef-48aa-bd56-159aeba5df44,prca06,likert5,5,1,True,validated,1
4ab65bfd-0fef-48aa-bd56-159aeba5df44,prca13,likert5,5,5,True,validated,0
4ab65bfd-0fef-48aa-bd56-159aeba5df44,prca14,likert5,2,4,True,validated,1
4ab65bfd-0fef-48aa-bd56-159aeba5df44,prca15,likert5,5,5,True,validated,0
4ab65bfd-0fef-48aa-bd56-159aeba5df44,prca16,likert5,5,1,True,validated,1
4ab65bfd-0fef-48aa-bd56-159aeba5df44,prca17,likert5,1,5,True,validated,1
4ab65bfd-0fef-48aa-bd56-159aeba5df44,prca18,likert5,2,2,True,validated,0
deb14194-4430-48b6-9013-a0ca1250c180,prca01,likert5,5,5,True,validated,0
deb14194-4430-48b6-9013-a0ca1250c180,prca02,likert5,3,3,True,validated,1
deb14194-4430-48b6-9013-a0ca1250c180,prca03,likert5,3,3,True,validated,0
deb14194-4430-48b6-9013-a0ca1250c180,prca04,likert5,5) strongly agree,3,True,recode,1
deb14194-4430-48b6-9013-a0ca1250c180,prca05,likert5,4,4,True,validated,0
deb14194-4430-48b6-9013-a0ca1250c180,prca06,likert5,3,3,True,validated,1
deb14194-4430-48b6-9013-a0ca1250c180,prca13,likert5,5,5,True,validated,0
deb14194-4430-48b6-9013-a0ca1250c180,prca14,likert5,4,2,True,validated,1
deb14194-4430-48b6-9013-a0ca1250c180,prca15,likert5,2,2,True,validated,0
deb14194-4430-48b6-9013-a0ca1250c180,prca16,likert5,4,2,True,validated,1
deb14194-4430-48b6-9013-a0ca1250c180,prca17,likert5,3,3,True,validated,1
deb14194-4430-48b6-9013-a0ca1250c180,prca18,likert5,5,5,True,validated,0
79560cbf-235d-4bd2-8fc9-ce8d04f7ba62,prca01,likert5,2,2,True,validated,0
79560cbf-235d-4bd2-8fc9-ce8d04f7ba62,prca02,likert5,4,2,True,validated,1
79560cbf-235d-4bd2-8fc9-ce8d04f7ba62,prca03,likert5,3,3,True,validated,0
79560cbf-235d-4bd2-8fc9-ce8d04f7ba62,prca04,likert5,2,4,True,validated,1
79560cbf-235d-4bd2-8fc9-ce8d04f7ba62,prca05,likert5,3,3,True,validated,0
79560cbf-235d-4bd2-8fc9-ce8d04f7ba62,prca06,likert5,3,3,True,validated,1
79560cbf-235d-4bd2-8fc9-ce8d04f7ba62,prca13,likert5,3,3,True,validated,0
79560cbf-235d-4bd2-8fc9-ce8d04f7ba62,prca14,likert5,2,4,True,validated,1
79560cbf-235d-4bd2-8fc9-ce8d04f7ba62,prca15,likert5,1,1,True,validated,0
79560cbf-235d-4bd2-8fc9-ce8d04f7ba62,prca16,likert5,3,3,True,validated,1
79560cbf-235d-4bd2-8fc9-ce8d04f7ba62,prca17,likert5,3,3,True,validated,1
79560cbf-235d-4bd2-8fc9-ce8d04f7ba62,prca18,likert5,5) strongly agree,5,True,recode,0
da82996c-4dba-4d23-be6d-ba8b22e6ae62,prca01,likert5,4,4,True,validated,0
da82996c-4dba-4d23-be6d-ba8b22e6ae62,prca02,likert5,4,2,True,validated,1
da82996c-4dba-4d23-be6d-ba8b22e6ae62,prca03,likert5,5,5,True,validated,0
da82996c-4dba-4d23-be6d-ba8b22e6ae62,prca04,likert5,5,1,True,validated,1
da82996c-4dba-4d23-be6d-ba8b22e6ae62,prca05,likert5,4,4,True,validated,0
da82996c-4dba-4d23-be6d-ba8b22e6ae62,prca06,likert5,3,3,True,validated,1
da82996c-4dba-4d23-be6d-ba8b22e6ae62,prca13,likert5,4,4,True,validated,0
da82996c-4dba-4d23-be6d-ba8b22e6ae62,prca14,likert5,3,3,True,validated,1
da82996c-4dba-4d23-be6d-ba8b22e6ae62,prca15,likert5,4,4,True,validated,0
da82996c-4dba-4d23-be6d-ba8b22e6ae62,prca16,likert5,2,4,True,validated,1
da82996c-4dba-4d23-be6d-ba8b22e6ae62,prca17,likert5,3,3,True,validated,1
da82996c-4dba-4d23-be6d-ba8b22e6ae62,prca18,likert5,2,2,True,validated,0
669d05d0-d435-4588-8b0b-952b2ed45782,prca01,likert5,2,2,True,validated,0
669d05d0-d435-4588-8b0b-952b2ed45782,prca02,likert5,4,2,True,validated,1
669d05d0-d435-4588-8b0b-952b2ed45782,prca03,likert5,5,5,True,validated,0
669d05d0-d435-4588-8b0b-952b2ed45782,prca04,likert5,5,1,True,validated,1
669d05d0-d435-4588-8b0b-952b2ed45782,prca05,likert5,3,3,True,validated,0
669d05d0-d435-4588-8b0b-952b2ed45782,prca06,likert5,4,2,True,validated,1
669d05d0-d435-4588-8b0b-952b2ed45782,prca13,likert5,1,1,True,validated,0
669d05d0-d435-4588-8b0b-952b2ed45782,prca14,likert5,4,2,True,validated,1
669d05d0-d435-4588-8b0b-952b2ed45782,prca15,likert5,4,4,True,validated,0
669d05d0-d435-4588-8b0b-952b2ed45782,prca16,likert5,3,3,True,validated,1
669d05d0-d435-4588-8b0b-952b2ed45782,prca17,likert5,1,5,True,validated,1
669d05d0-d435-4588-8b0b-952b2ed45782,prca18,likert5,5,5,True,validated,0
14bbea12-1a28-4b45-a02e-641b2d0ed9d9,prca01,likert5,4,4,True,validated,0
14bbea12-1a28-4b45-a02e-641b2d0ed9d9,prca02,likert5,3,3,True,validated,1
14bbea12-1a28-4b45-a02e-641b2d0ed9d9,prca03,likert5,4,4,True,validated,0
14bbea12-1a28-4b45-a02e-641b2d0ed9d9,prca04,likert5,4,2,True,validated,1
14bbea12-1a28-4b45-a02e-641b2d0ed9d9,prca05,likert5,2,2,True,validated,0
14bbea12-1a28-4b45-a02e-641b2d0ed9d9,prca06,likert5,2,4,True,validated,1
14bbea12-1a28-4b45-a02e-641b2d0ed9d9,prca13,likert5,3,3,True,validated,0
14bbea12-1a28-4b45-a02e-641b2d0ed9d9,prca14,likert5,1,5,True,validated,1
14bbea12-1a28-4b45-a02e-641b2d0ed9d9,prca15,likert5,3,3,True,validated,0
14bbea12-1a28-4b45-a02e-641b2d0ed9d9,prca16,likert5,1,5,True,validated,1
14bbea12-1a28-4b45-a02e-641b2d0ed9d9,prca17,likert5,3,3,True,validated,1
14bbea12-1a28-4b45-a02e-641b2d0ed9d9,prca18,likert5,1,1,True,validated,0
da4c0368-739d-4cb5-8017-471abb1396d2,prca01,likert5,4,4,True,validated,0
da4c0368-739d-4cb5-8017-471abb1396d2,prca02,likert5,5,1,True,validated,1
da4c0368-739d-4cb5-8017-471abb1396d2,prca03,likert5,3,3,True,validated,0
da4c0368-739d-4cb5-8017-471abb1396d2,prca04,likert5,3,3,True,validated,1
da4c0368-739d-4cb5-8017-471abb1396d2,prca05,likert5,1,1,True,validated,0
da4c0368-739d-4cb5-8017-471abb1396d2,prca06,likert5,1,5,True,validated,1
da4c0368-739d-4cb5-8017-471abb1396d2,prca13,likert5,5,5,True,validated,0
da4c0368-739d-4cb5-8017-471abb1396d2,prca14,likert5,2,4,True,validated,1
da4c0368-739d-4cb5-8017-471abb1396d2,prca15,likert5,4,4,True,validated,0
da4c0368-739d-4cb5-8017-471abb1396d2,prca16,likert5,1,5,True,validated,1
da4c0368-739d-4cb5-8017-471abb1396d2,prca17,likert5,3,3,True,validated,1
da4c0368-739d-4cb5-8017-471abb1396d2,prca18,likert5,1,1,True,validated,0
48d26fec-8e41-4071-a890-62bdfa6e10f6,prca01,likert5,4,4,True,validated,0
48d26fec-8e41-4071-a890-62bdfa6e10f6,prca02,likert5,2,4,True,validated,1
48d26fec-8e41-4071-a890-62bdfa6e10f6,prca03,likert5,3,3,True,validated,0
48d26fec-8e41-4071-a890-62bdfa6e10f6,prca04,likert5,2,4,True,validated,1
48d26fec-8e41-4071-a890-62bdfa6e10f6,prca05,likert5,5,5,True,validated,0
48d26fec-8e41-4071-a890-62bdfa6e10f6,prca06,likert5,3,3,True,validated,1
48d26fec-8e41-4071-a890-62bdfa6e10f6,prca13,likert5,2,2,True,validated,0
48d26fec-8e41-4071-a890-62bdfa6e10f6,prca14,likert5,4,2,True,validated,1
48d26fec-8e41-4071-a890-62bdfa6e10f6,prca15,likert5,5) strongly agree,5,True,recode,0
48d26fec-8e41-4071-a890-62bdfa6e10f6,prca16,likert5,1,5,True,validated,1
48d26fec-8e41-4071-a890-62bdfa6e10f6,prca17,likert5,2,4,True,validated,1
48d26fec-8e41-4071-a890-62bdfa6e10f6,prca18,likert5,4,4,True,validated,0
ba5cb534-e89d-4677-a3ed-6c23db043e58,prca01,likert5,4,4,True,validated,0
ba5cb534-e89d-4677-a3ed-6c23db043e58,prca02,likert5,4,2,True,validated,1
ba5cb534-e89d-4677-a3ed-6c23db043e58,prca03,likert5,1,1,True,validated,0
ba5cb534-e89d-4677-a3ed-6c23db043e58,prca04,likert5,3,3,True,validated,1
ba5cb534-e89d-4677-a3ed-6c23db043e58,prca05,likert5,3,3,True,validated,0
ba5cb534-e89d-4677-a3ed-6c23db043e58,prca06,likert5,4,2,True,validated,1
ba5cb534-e89d-4677-a3ed-6c23db043e58,prca13,likert5,1,1,True,validated,0
ba5cb534-e89d-4677-a3ed-6c23db043e58,prca14,likert5,2,4,True,validated,1
ba5cb534-e89d-4677-a3ed-6c23db043e58,prca15,likert5,2,2,True,validated,0
ba5cb534-e89d-4677-a3ed-6c23db043e58,prca16,likert5,1,5,True,validated,1
ba5cb534-e89d-4677-a3ed-6c23db043e58,prca17,likert5,3,3,True,validated,1
ba5cb534-e89d-4677-a3ed-6c23db043e58,prca18,likert5,4,4,True,validated,0
612a0c5a-5356-4ddc-bdcb-6a7f9b10f996,prca01,likert5,2,2,True,validated,0
612a0c5a-5356-4ddc-bdcb-6a7f9b10f996,prca02,likert5,4,2,True,validated,1
612a0c5a-5356-4ddc-bdcb-6a7f9b10f996,prca03,likert5,5,5,True,validated,0
612a0c5a-5356-4ddc-bdcb-6a7f9b10f996,prca04,likert5,3,3,True,validated,1
612a0c5a-5356-4ddc-bdcb-6a7f9b10f996,prca05,likert5,2,2,True,validated,0
612a0c5a-5356-4ddc-bdcb-6a7f9b10f996,prca06,likert5,1,5,True,validated,1
612a0c5a-5356-4ddc-bdcb-6a7f9b10f996,prca13,likert5,3,3,True,validated,0
612a0c5a-5356-4ddc-bdcb-6a7f9b10f996,prca14,likert5,4,2,True,validated,1
612a0c5a-5356-4ddc-bdcb-6a7f9b10f996,prca15,likert5,4,4,True,validated,0
612a0c5a-5356-4ddc-bdcb-6a7f9b10f996,prca16,likert5,4,2,True,validated,1
612a0c5a-5356-4ddc-bdcb-6a7f9b10f996,prca17,likert5,3,3,True,validated,1
612a0c5a-5356-4ddc-bdcb-6a7f9b10f996,prca18,likert5,2,2,True,validated,0
0b303290-8c26-480e-aeb7-ea952a28ca53,prca01,likert5,3,3,True,validated,0
0b303290-8c26-480e-aeb7-ea952a28ca53,prca02,likert5,1,5,True,validated,1
0b303290-8c26-480e-aeb7-ea952a28ca53,prca03,likert5,4,4,True,validated,0
0b303290-8c26-480e-aeb7-ea952a28ca53,prca04,likert5,1,5,True,validated,1
0b303290-8c26-480e-aeb7-ea952a28ca53,prca05,likert5,4,4,True,validated,0
0b303290-8c26-480e-aeb7-ea952a28ca53,prca06,likert5,3,3,True,validated,1
0b303290-8c26-480e-aeb7-ea952a28ca53,prca13,likert5,1,1,True,validated,0
0b303290-8c26-480e-aeb7-ea952a28ca53,prca14,likert5,3,3,True,validated,1
0b303290-8c26-480e-aeb7-ea952a28ca53,prca15,likert5,2,2,True,validated,0
0b303290-8c26-480e-aeb7-ea952a28ca53,prca16,likert5,3,3,True,validated,1
0b303290-8c26-480e-aeb7-ea952a28ca53,prca17,likert5,3,3,True,validated,1
0b303290-8c26-480e-aeb7-ea952a28ca53,prca18,likert5,3,3,True,validated,0
fc16a788-502e-4d8d-a345-a9bea239a0d7,prca01,likert5,4,4,True,validated,0
fc16a788-502e-4d8d-a345-a9bea239a0d7,prca02,likert5,5,1,True,validated,1
fc16a788-502e-4d8d-a345-a9bea239a0d7,prca03,likert5,1,1,True,validated,0
fc16a788-502e-4d8d-a345-a9bea239a0d7,prca04,likert5,3,3,True,validated,1
fc16a788-502e-4d8d-a345-a9bea239a0d7,prca05,likert5,1,1,True,validated,0
fc16a788-502e-4d8d-a345-a9bea239a0d7,prca06,likert5,5) strongly agree,1,True,recode,1
fc16a788-502e-4d8d-a345-a9bea239a0d7,prca13,likert5,5,5,True,validated,0
fc16a788-502e-4d8d-a345-a9bea239a0d7,prca14,likert5,3,3,True,validated,1
fc16a788-502e-4d8d-a345-a9bea239a0d7,prca15,likert5,4,4,True,validated,0
fc16a788-502e-4d8d-a345-a9bea239a0d7,prca16,likert5,4,2,True,validated,1
fc16a788-502e-4d8d-a345-a9bea239a0d7,prca17,likert5,1,5,True,validated,1
fc16a788-502e-4d8d-a345-a9bea239a0d7,prca18,likert5,4,4,True,validated,0
9f499ccd-1b02-4346-afa6-559d8b71b9fa,prca01,likert5,4,4,True,validated,0
9f499ccd-1b02-4346-afa6-559d8b71b9fa,prca02,likert5,5,1,True,validated,1
9f499ccd-1b02-4346-afa6-559d8b71b9fa,prca03,likert5,4,4,True,validated,0
9f499ccd-1b02-4346-afa6-559d8b71b9fa,prca04,likert5,1,5,True,validated,1
9f499ccd-1b02-4346-afa6-559d8b71b9fa,prca05,likert5,5) strongly agree,5,True,recode,0
9f499ccd-1b02-4346-afa6-559d8b71b9fa,prca06,likert5,5,1,True,validated,1
9f499ccd-1b02-4346-afa6-559d8b71b9fa,prca13,likert5,1,1,True,validated,0
9f499ccd-1b02-4346-afa6-559d8b71b9fa,prca14,likert5,4,2,True,validated,1
9f499ccd-1b02-4346-afa6-559d8b71b9fa,prca15,likert5,4,4,True,validated,0
9f499ccd-1b02-4346-afa6-559d8b71b9fa,prca16,likert5,2,4,True,validated,1
9f499ccd-1b02-4346-afa6-559d8b71b9fa,prca17,likert5,4,2,True,validated,1
9f499ccd-1b02-4346-afa6-559d8b71b9fa,prca18,likert5,1,1,True,validated,0
d23239f2-7b41-4f38-b4e2-f1c987f43299,prca01,likert5,4,4,True,validated,0
d23239f2-7b41-4f38-b4e2-f1c987f43299,prca02,likert5,2,4,True,validated,1
d23239f2-7b41-4f38-b4e2-f1c987f43299,prca03,likert5,4,4,True,validated,0
d23239f2-7b41-4f38-b4e2-f1c987f43299,prca04,likert5,1,5,True,validated,1
d23239f2-7b41-4f38-b4e2-f1c987f43299,prca05,likert5,1,1,True,validated,0
d23239f2-7b41-4f38-b4e2-f1c987f43299,prca06,likert5,3,3,True,validated,1
d23239f2-7b41-4f38-b4e2-f1c987f43299,prca13,likert5,2,2,True,validated,0
d23239f2-7b41-4f38-b4e2-f1c987f43299,prca14,likert5,2,4,True,validated,1
d23239f2-7b41-4f38-b4e2-f1c987f43299,prca15,likert5,3,3,True,validated,0
d23239f2-7b41-4f38-b4e2-f1c987f43299,prca16,likert5,4,2,True,validated,1
d23239f2-7b41-4f38-b4e2-f1c987f43299,prca17,likert5,4,2,True,validated,1
d23239f2-7b41-4f38-b4e2-f1c987f43299,prca18,likert5,4,4,True,validated,0
30432a17-d225-445e-b0dd-fb9cb0214a4d,prca01,likert5,2,2,True,validated,0
30432a17-d225-445e-b0dd-fb9cb0214a4d,prca02,likert5,5,1,True,validated,1
30432a17-d225-445e-b0dd-fb9cb0214a4d,prca03,likert5,3,3,True,validated,0
30432a17-d225-445e-b0dd-fb9cb0214a4d,prca04,likert5,2,4,True,validated,1
30432a17-d225-445e-b0dd-fb9cb0214a4d,prca05,likert5,1,1,True,validated,0
30432a17-d225-445e-b0dd-fb9cb0214a4d,prca06,likert5,5) strongly agree,3,True,recode,1
30432a17-d225-445e-b0dd-fb9cb0214a4d,prca13,likert5,1,1,True,validated,0
30432a17-d225-445e-b0dd-fb9cb0214a4d,prca14,likert5,1,5,True,validated,1
30432a17-d225-445e-b0dd-fb9cb0214a4d,prca15,likert5,5) strongly agree,3,True,recode,0
30432a17-d225-445e-b0dd-fb9cb0214a4d,prca16,likert5,4,2,True,validated,1
30432a17-d225-445e-b0dd-fb9cb0214a4d,prca17,likert5,3,3,True,validated,1
30432a17-d225-445e-b0dd-fb9cb0214a4d,prca18,likert5,2,2,True,validated,0
51e80d4b-0c6f-47fb-8190-d054b1456d92,prca01,likert5,5) strongly agree,4,True,recode,0
51e80d4b-0c6f-47fb-8190-d054b1456d92,prca02,likert5,3,3,True,validated,1
51e80d4b-0c6f-47fb-8190-d054b1456d92,prca03,likert5,4,4,True,validated,0
51e80d4b-0c6f-47fb-8190-d054b1456d92,prca04,likert5,4,2,True,validated,1
51e80d4b-0c6f-47fb-8190-d054b1456d92,prca05,likert5,5,5,True,validated,0
51e80d4b-0c6f-47fb-8190-d054b1456d92,prca06,likert5,2,4,True,validated,1
51e80d4b-0c6f-47fb-8190-d054b1456d92,prca13,likert5,4,4,True,validated,0
51e80d4b-0c6f-47fb-8190-d054b1456d92,prca14,likert5,2,4,True,validated,1
51e80d4b-0c6f-47fb-8190-d054b1456d92,prca15,likert5,2,2,True,validated,0
51e80d4b-0c6f-47fb-8190-d054b1456d92,prca16,likert5,3,3,True,validated,1
51e80d4b-0c6f-47fb-8190-d054b1456d92,prca17,likert5,1,5,True,validated,1
51e80d4b-0c6f-47fb-8190-d054b1456d92,prca18,likert5,5,5,True,validated,0
942429a0-2339-4d36-ab95-d7bb7846cc6c,prca01,likert5,1,1,True,validated,0
942429a0-2339-4d36-ab95-d7bb7846cc6c,prca02,likert5,3,3,True,validated,1
942429a0-2339-4d36-ab95-d7bb7846cc6c,prca03,likert5,4,4,True,validated,0
942429a0-2339-4d36-ab95-d7bb7846cc6c,prca04,likert5,4,2,True,validated,1
942429a0-2339-4d36-ab95-d7bb7846cc6c,prca05,likert5,3,3,True,validated,0
942429a0-2339-4d36-ab95-d7bb7846cc6c,prca06,likert5,2,4,True,validated,1
942429a0-2339-4d36-ab95-d7bb7846cc6c,prca13,likert5,3,3,True,validated,0
942429a0-2339-4d36-ab95-d7bb7846cc6c,prca14,likert5,5) strongly agree,2,True,recode,1
942429a0-2339-4d36-ab95-d7bb7846cc6c,prca15,likert5,1,1,True,validated,0
942429a0-2339-4d36-ab95-d7bb7846cc6c,prca16,likert5,5,1,True,validated,1
942429a0-2339-4d36-ab95-d7bb7846cc6c,prca17,likert5,2,4,True,validated,1
942429a0-2339-4d36-ab95-d7bb7846cc6c,prca18,likert5,4,4,True,validated,0
9ee75afe-12db-4ac7-bf70-5cc4e87c77b8,prca01,likert5,5) strongly agree,4,True,recode,0
9ee75afe-12db-4ac7-bf70-5cc4e87c77b8,prca02,likert5,1,5,True,validated,1
9ee75afe-12db-4ac7-bf70-5cc4e87c77b8,prca03,likert5,3,3,True,validated,0
9ee75afe-12db-4ac7-bf70-5cc4e87c77b8,prca04,likert5,3,3,True,validated,1
9ee75afe-12db-4ac7-bf70-5cc4e87c77b8,prca05,likert5,1,1,True,validated,0
9ee75afe-12db-4ac7-bf70-5cc4e87c77b8,prca06,likert5,5,1,True,validated,1
9ee75afe-12db-4ac7-bf70-5cc4e87c77b8,prca13,likert5,1,1,True,validated,0
9ee75afe-12db-4ac7-bf70-5cc4e87c77b8,prca14,likert5,5,1,True,validated,1
9ee75afe-12db-4ac7-bf70-5cc4e87c77b8,prca15,likert5,1,1,True,validated,0
9ee75afe-12db-4ac7-bf70-5cc4e87c77b8,prca16,likert5,4,2,True,validated,1
9ee75afe-12db-4ac7-bf70-5cc4e87c77b8,prca17,likert5,4,2,True,validated,1
9ee75afe-12db-4ac7-bf70-5cc4e87c77b8,prca18,likert5,5,5,True,validated,0
6c05e205-1ac7-4bed-8a0b-af1570a3c4f1,prca01,likert5,3,3,True,validated,0
6c05e205-1ac7-4bed-8a0b-af1570a3c4f1,prca02,likert5,5,1,True,validated,1
6c05e205-1ac7-4bed-8a0b-af1570a3c4f1,prca03,likert5,4,4,True,validated,0
6c05e205-1ac7-4bed-8a0b-af1570a3c4f1,prca04,likert5,5,1,True,validated,1
6c05e205-1ac7-4bed-8a0b-af1570a3c4f1,prca05,likert5,3,3,True,validated,0
6c05e205-1ac7-4bed-8a0b-af1570a3c4f1,prca06,likert5,1,5,True,validated,1
6c05e205-1ac7-4bed-8a0b-af1570a3c4f1,prca13,likert5,4,4,True,validated,0
6c05e205-1ac7-4bed-8a0b-af1570a3c4f1,prca14,likert5,2,4,True,validated,1
6c05e205-1ac7-4bed-8a0b-af1570a3c4f1,prca15,likert5,3,3,True,validated,0
6c05e205-1ac7-4bed-8a0b-af1570a3c4f1,prca16,likert5,1,5,True,validated,1
6c05e205-1ac7-4bed-8a0b-af1570a3c4f1,prca17,likert5,5,1,True,validated,1
6c05e205-1ac7-4bed-8a0b-af1570a3c4f1,prca18,likert5,2,2,True,validated,0
134f91ed-1825-4d32-925d-555d69f3870f,prca01,likert5,3,3,True,validated,0
134f91ed-1825-4d32-925d-555d69f3870f,prca02,likert5,4,2,True,validated,1
134f91ed-1825-4d32-925d-555d69f3870f,prca03,likert5,1,1,True,validated,0
134f91ed-1825-4d32-925d-555d69f3870f,prca04,likert5,5) strongly agree,4,True,recode,1
134f91ed-1825-4d32-925d-555d69f3870f,prca05,likert5,2,2,True,validated,0
134f91ed-1825-4d32-925d-555d69f3870f,prca06,likert5,3,3,True,validated,1
134f91ed-1825-4d32-925d-555d69f3870f,prca13,likert5,5,5,True,validated,0
134f91ed-1825-4d32-925d-555d69f3870f,prca14,likert5,4,2,True,validated,1
134f91ed-1825-4d32-925d-555d69f3870f,prca15,likert5,4,4,True,validated,0
134f91ed-1825-4d32-925d-555d69f3870f,prca16,likert5,4,2,True,validated,1
134f91ed-1825-4d32-925d-555d69f3870f,prca17,likert5,3,3,True,validated,1
134f91ed-1825-4d32-925d-555d69f3870f,prca18,likert5,3,3,True,validated,0
cbe994c5-ace2-45c3-af9a-35094d43226c,prca01,likert5,3,3,True,validated,0
cbe994c5-ace2-45c3-af9a-35094d43226c,prca02,likert5,4,2,True,validated,1
cbe994c5-ace2-45c3-af9a-35094d43226c,prca03,likert5,3,3,True,validated,0
cbe994c5-ace2-45c3-af9a-35094d43226c,prca04,likert5,5,1,True,validated,1
cbe994c5-ace2-45c3-af9a-35094d43226c,prca05,likert5,4,4,True,validated,0
cbe994c5-ace2-45c3-af9a-35094d43226c,prca06,likert5,5,1,True,validated,1
cbe994c5-ace2-45c3-af9a-35094d43226c,prca13,likert5,2,2,True,validated,0
cbe994c5-ace2-45c3-af9a-35094d43226c,prca14,likert5,5) strongly agree,2,True,recode,1
cbe994c5-ace2-45c3-af9a-35094d43226c,prca15,likert5,2,2,True,validated,0
cbe994c5-ace2-45c3-af9a-35094d43226c,prca16,likert5,4,2,True,validated,1
cbe994c5-ace2-45c3-af9a-35094d43226c,prca17,likert5,4,2,True,validated,1
cbe994c5-ace2-45c3-af9a-35094d43226c,prca18,likert5,3,3,True,validated,0
17be5588-8d1c-4866-ae79-efc8f56aaaa5,prca01,likert5,4,4,True,validated,0
17be5588-8d1c-4866-ae79-efc8f56aaaa5,prca02,likert5,3,3,True,validated,1
17be5588-8d1c-4866-ae79-efc8f56aaaa5,prca03,likert5,1,1,True,validated,0
17be5588-8d1c-4866-ae79-efc8f56aaaa5,prca04,likert5,4,2,True,validated,1
17be5588-8d1c-4866-ae79-efc8f56aaaa5,prca05,likert5,2,2,True,validated,0
17be5588-8d1c-4866-ae79-efc8f56aaaa5,prca06,likert5,2,4,True,validated,1
17be5588-8d1c-4866-ae79-efc8f56aaaa5,prca13,likert5,5,5,True,validated,0
17be5588-8d1c-4866-ae79-efc8f56aaaa5,prca14,likert5,4,2,True,validated,1
17be5588-8d1c-4866-ae79-efc8f56aaaa5,prca15,likert5,4,4,True,validated,0
17be5588-8d1c-4866-ae79-efc8f56aaaa5,prca16,likert5,5,1,True,validated,1
17be5588-8d1c-4866-ae79-efc8f56aaaa5,prca17,likert5,4,2,True,validated,1
17be5588-8d1c-4866-ae79-efc8f56aaaa5,prca18,likert5,4,4,True,validated,0
cf471e85-11e7-4680-bfd4-276ca372b545,prca01,likert5,4,4,True,validated,0
cf471e85-11e7-4680-bfd4-276ca372b545,prca02,likert5,2,4,True,validated,1
cf471e85-11e7-4680-bfd4-276ca372b545,prca03,likert5,3,3,True,validated,0
cf471e85-11e7-4680-bfd4-276ca372b545,prca04,likert5,3,3,True,validated,1
cf471e85-11e7-4680-bfd4-276ca372b545,prca05,likert5,5,5,True,validated,0
cf471e85-11e7-4680-bfd4-276ca372b545,prca06,likert5,4,2,True,validated,1
cf471e85-11e7-4680-bfd4-276ca372b545,prca13,likert5,5,5,True,validated,0
cf471e85-11e7-4680-bfd4-276ca372b545,prca14,likert5,3,3,True,validated,1
cf471e85-11e7-4680-bfd4-276ca372b545,prca15,likert5,2,2,True,validated,0
cf471e85-11e7-4680-bfd4-276ca372b545,prca16,likert5,3,3,True,validated,1
cf471e85-11e7-4680-bfd4-276ca372b545,prca17,likert5,5) strongly agree,2,True,recode,1
cf471e85-11e7-4680-bfd4-276ca372b545,prca18,likert5,1,1,True,validated,0
a54bb2bf-f4e6-4224-b498-2d81e2686b3b,prca01,likert5,4,4,True,validated,0
a54bb2bf-f4e6-4224-b498-2d81e2686b3b,prca02,likert5,2,4,True,validated,1
a54bb2bf-f4e6-4224-b498-2d81e2686b3b,prca03,likert5,5,5,True,validated,0
a54bb2bf-f4e6-4224-b498-2d81e2686b3b,prca04,likert5,5,1,True,validated,1
a54bb2bf-f4e6-4224-b498-2d81e2686b3b,prca05,likert5,4,4,True,validated,0
a54bb2bf-f4e6-4224-b498-2d81e2686b3b,prca06,likert5,4,2,True,validated,1
a54bb2bf-f4e6-4224-b498-2d81e2686b3b,prca13,likert5,3,3,True,validated,0
a54bb2bf-f4e6-4224-b498-2d81e2686b3b,prca14,likert5,4,2,True,validated,1
a54bb2bf-f4e6-4224-b498-2d81e2686b3b,prca15,likert5,1,1,True,validated,0
a54bb2bf-f4e6-4224-b498-2d81e2686b3b,prca16,likert5,5,1,True,validated,1
a54bb2bf-f4e6-4224-b498-2d81e2686b3b,prca17,likert5,3,3,True,validated,1
a54bb2bf-f4e6-4224-b498-2d81e2686b3b,prca18,likert5,2,2,True,validated,0
6771327c-9b09-4a4f-a6c0-cb034303b181,prca01,likert5,5) strongly agree,5,True,recode,0
6771327c-9b09-4a4f-a6c0-cb034303b181,prca02,likert5,3,3,True,validated,1
6771327c-9b09-4a4f-a6c0-cb034303b181,prca03,likert5,5,5,True,validated,0
6771327c-9b09-4a4f-a6c0-cb034303b181,prca04,likert5,3,3,True,validated,1
6771327c-9b09-4a4f-a6c0-cb034303b181,prca05,likert5,3,3,True,validated,0
6771327c-9b09-4a4f-a6c0-cb034303b181,prca06,likert5,4,2,True,validated,1
6771327c-9b09-4a4f-a6c0-cb034303b181,prca13,likert5,5,5,True,validated,0
6771327c-9b09-4a4f-a6c0-cb034303b181,prca14,likert5,1,5,True,validated,1
6771327c-9b09-4a4f-a6c0-cb034303b181,prca15,likert5,2,2,True,validated,0
6771327c-9b09-4a4f-a6c0-cb034303b181,prca16,likert5,5,1,True,validated,1
6771327c-9b09-4a4f-a6c0-cb034303b181,prca17,likert5,1,5,True,validated,1
6771327c-9b09-4a4f-a6c0-cb034303b181,prca18,likert5,5,5,True,validated,0
e61fc116-2482-4672-8b0b-ecd2f7204d34,prca01,likert5,4,4,True,validated,0
e61fc116-2482-4672-8b0b-ecd2f7204d34,prca02,likert5,1,5,True,validated,1
e61fc116-2482-4672-8b0b-ecd2f7204d34,prca03,likert5,3,3,True,validated,0
e61fc116-2482-4672-8b0b-ecd2f7204d34,prca04,likert5,5) strongly agree,1,True,recode,1
e61fc116-2482-4672-8b0b-ecd2f7204d34,prca05,likert5,4,4,True,validated,0
e61fc116-2482-4672-8b0b-ecd2f7204d34,prca06,likert5,1,5,True,validated,1
e61fc116-2482-4672-8b0b-ecd2f7204d34,prca13,likert5,5,5,True,validated,0
e61fc116-2482-4672-8b0b-ecd2f7204d34,prca14,likert5,4,2,True,validated,1
e61fc116-2482-4672-8b0b-ecd2f7204d34,prca15,likert5,3,3,True,validated,0
e61fc116-2482-4672-8b0b-ecd2f7204d34,prca16,likert5,4,2,True,validated,1
e61fc116-2482-4672-8b0b-ecd2f7204d34,prca17,likert5,5,1,True,validated,1
e61fc116-2482-4672-8b0b-ecd2f7204d34,prca18,likert5,1) strongly disagree,3,True,recode,0
be5ca09e-bb67-4dd8-b7b3-7396ebbee422,prca01,likert5,4,4,True,validated,0
be5ca09e-bb67-4dd8-b7b3-7396ebbee422,prca02,likert5,3,3,True,validated,1
be5ca09e-bb67-4dd8-b7b3-7396ebbee422,prca03,likert5,5) strongly agree,5,True,recode,0
be5ca09e-bb67-4dd8-b7b3-7396ebbee422,prca04,likert5,4,2,True,validated,1
be5ca09e-bb67-4dd8-b7b3-7396ebbee422,prca05,likert5,4,4,True,validated,0
be5ca09e-bb67-4dd8-b7b3-7396ebbee422,prca06,likert5,4,2,True,validated,1
be5ca09e-bb67-4dd8-b7b3-7396ebbee422,prca13,likert5,4,4,True,validated,0
be5ca09e-bb67-4dd8-b7b3-7396ebbee422,prca14,likert5,3,3,True,validated,1
be5ca09e-bb67-4dd8-b7b3-7396ebbee422,prca15,likert5,3,3,True,validated,0
be5ca09e-bb67-4dd8-b7b3-7396ebbee422,prca16,likert5,3,3,True,validated,1
be5ca09e-bb67-4dd8-b7b3-7396ebbee422,prca17,likert5,5,1,True,validated,1
be5ca09e-bb67-4dd8-b7b3-7396ebbee422,prca18,likert5,1,1,True,validated,0
402d3eb5-4672-4910-9d78-eb1c5430509a,prca01,likert5,2,2,True,validated,0
402d3eb5-4672-4910-9d78-eb1c5430509a,prca02,likert5,5,1,True,validated,1
402d3eb5-4672-4910-9d78-eb1c5430509a,prca03,likert5,3,3,True,validated,0
402d3eb5-4672-4910-9d78-eb1c5430509a,prca04,likert5,1,5,True,validated,1
402d3eb5-4672-4910-9d78-eb1c5430509a,prca05,likert5,2,2,True,validated,0
402d3eb5-4672-4910-9d78-eb1c5430509a,prca06,likert5,3,3,True,validated,1
402d3eb5-4672-4910-9d78-eb1c5430509a,prca13,likert5,1,1,True,validated,0
402d3eb5-4672-4910-9d78-eb1c5430509a,prca14,likert5,5,1,True,validated,1
402d3eb5-4672-4910-9d78-eb1c5430509a,prca15,likert5,3,3,True,validated,0
402d3eb5-4672-4910-9d78-eb1c5430509a,prca16,likert5,3,3,True,validated,1
402d3eb5-4672-4910-9d78-eb1c5430509a,prca17,likert5,5,1,True,validated,1
402d3eb5-4672-4910-9d78-eb1c5430509a,prca18,likert5,3,3,True,validated,0
f292f1c7-51e3-4715-a3a4-cd0f334648bd,prca01,likert5,3,3,True,validated,0
f292f1c7-51e3-4715-a3a4-cd0f334648bd,prca02,likert5,3,3,True,validated,1
f292f1c7-51e3-4715-a3a4-cd0f334648bd,prca03,likert5,5,5,True,validated,0
f292f1c7-51e3-4715-a3a4-cd0f334648bd,prca04,likert5,2,4,True,validated,1
f292f1c7-51e3-4715-a3a4-cd0f334648bd,prca05,likert5,4,4,True,validated,0
f292f1c7-51e3-4715-a3a4-cd0f334648bd,prca06,likert5,3,3,True,validated,1
f292f1c7-51e3-4715-a3a4-cd0f334648bd,prca13,likert5,3,3,True,validated,0
f292f1c7-51e3-4715-a3a4-cd0f334648bd,prca14,likert5,3,3,True,validated,1
f292f1c7-51e3-4715-a3a4-cd0f334648bd,prca15,likert5,5,5,True,validated,0
f292f1c7-51e3-4715-a3a4-cd0f334648bd,prca16,likert5,3,3,True,validated,1
f292f1c7-51e3-4715-a3a4-cd0f334648bd,prca17,likert5,1,5,True,validated,1
f292f1c7-51e3-4715-a3a4-cd0f334648bd,prca18,likert5,3,3,True,validated,0
72f34597-2975-4ed1-abfe-89ba0fbcbc3a,prca01,likert5,3,3,True,validated,0
72f34597-2975-4ed1-abfe-89ba0fbcbc3a,prca02,likert5,2,4,True,validated,1
72f34597-2975-4ed1-abfe-89ba0fbcbc3a,prca03,likert5,5) strongly agree,4,True,recode,0
72f34597-2975-4ed1-abfe-89ba0fbcbc3a,prca04,likert5,2,4,True,validated,1
72f34597-2975-4ed1-abfe-89ba0fbcbc3a,prca05,likert5,3,3,True,validated,0
72f34597-2975-4ed1-abfe-89ba0fbcbc3a,prca06,likert5,4,2,True,validated,1
72f34597-2975-4ed1-abfe-89ba0fbcbc3a,prca13,likert5,1,1,True,validated,0
72f34597-2975-4ed1-abfe-89ba0fbcbc3a,prca14,likert5,4,2,True,validated,1
72f34597-2975-4ed1-abfe-89ba0fbcbc3a,prca15,likert5,5,5,True,validated,0
72f34597-2975-4ed1-abfe-89ba0fbcbc3a,prca16,likert5,3,3,True,validated,1
72f34597-2975-4ed1-abfe-89ba0fbcbc3a,prca17,likert5,2,4,True,validated,1
72f34597-2975-4ed1-abfe-89ba0fbcbc3a,prca18,likert5,4,4,True,validated,0
08d7cc35-6d82-40fa-9ffa-0324b15438a5,prca01,likert5,3,3,True,validated,0
08d7cc35-6d82-40fa-9ffa-0324b15438a5,prca02,likert5,4,2,True,validated,1
08d7cc35-6d82-40fa-9ffa-0324b15438a5,prca03,likert5,2,2,True,validated,0
08d7cc35-6d82-40fa-9ffa-0324b15438a5,prca04,likert5,5) strongly agree,2,True,recode,1
08d7cc35-6d82-40fa-9ffa-0324b15438a5,prca05,likert5,4,4,True,validated,0
08d7cc35-6d82-40fa-9ffa-0324b15438a5,prca06,likert5,3,3,True,validated,1
08d7cc35-6d82-40fa-9ffa-0324b15438a5,prca13,likert5,5,5,True,validated,0
08d7cc35-6d82-40fa-9ffa-0324b15438a5,prca14,likert5,3,3,True,validated,1
08d7cc35-6d82-40fa-9ffa-0324b15438a5,prca15,likert5,2,2,True,validated,0
08d7cc35-6d82-40fa-9ffa-0324b15438a5,prca16,likert5,2,4,True,validated,1
08d7cc35-6d82-40fa-9ffa-0324b15438a5,prca17,likert5,3,3,True,validated,1
08d7cc35-6d82-40fa-9ffa-0324b15438a5,prca18,likert5,5,5,True,validated,0
a914f67c-7c6f-4dd3-abdc-c929db61f1bf,prca01,likert5,2,2,True,validated,0
a914f67c-7c6f-4dd3-abdc-c929db61f1bf,prca02,likert5,1,5,True,validated,1
a914f67c-7c6f-4dd3-abdc-c929db61f1bf,prca03,likert5,4,4,True,validated,0
a914f67c-7c6f-4dd3-abdc-c929db61f1bf,prca04,likert5,3,3,True,validated,1
a914f67c-7c6f-4dd3-abdc-c929db61f1bf,prca05,likert5,2,2,True,validated,0
a914f67c-7c6f-4dd3-abdc-c929db61f1bf,prca06,likert5,1,5,True,validated,1
a914f67c-7c6f-4dd3-abdc-c929db61f1bf,prca13,likert5,1,1,True,validated,0
a914f67c-7c6f-4dd3-abdc-c929db61f1bf,prca14,likert5,4,2,True,validated,1
a914f67c-7c6f-4dd3-abdc-c929db61f1bf,prca15,likert5,4,4,True,validated,0
a914f67c-7c6f-4dd3-abdc-c929db61f1bf,prca16,likert5,2,4,True,validated,1
a914f67c-7c6f-4dd3-abdc-c929db61f1bf,prca17,likert5,3,3,True,validated,1
a914f67c-7c6f-4dd3-abdc-c929db61f1bf,prca18,likert5,4,4,True,validated,0
47eb289c-7d25-4bc8-b429-0f2e9e40c5ac,prca01,likert5,1,1,True,validated,0
47eb289c-7d25-4bc8-b429-0f2e9e40c5ac,prca02,likert5,2,4,True,validated,1
47eb289c-7d25-4bc8-b429-0f2e9e40c5ac,prca03,likert5,2,2,True,validated,0
47eb289c-7d25-4bc8-b429-0f2e9e40c5ac,prca04,likert5,3,3,True,validated,1
47eb289c-7d25-4bc8-b429-0f2e9e40c5ac,prca05,likert5,5,5,True,validated,0
47eb289c-7d25-4bc8-b429-0f2e9e40c5ac,prca06,likert5,2,4,True,validated,1
47eb289c-7d25-4bc8-b429-0f2e9e40c5ac,prca13,likert5,4,4,True,validated,0
47eb289c-7d25-4bc8-b429-0f2e9e40c5ac,prca14,likert5,4,2,True,validated,1
47eb289c-7d25-4bc8-b429-0f2e9e40c5ac,prca15,likert5,4,4,True,validated,0
47eb289c-7d25-4bc8-b429-0f2e9e40c5ac,prca16,likert5,4,2,True,validated,1
47eb289c-7d25-4bc8-b429-0f2e9e40c5ac,prca17,likert5,4,2,True,validated,1
47eb289c-7d25-4bc8-b429-0f2e9e40c5ac,prca18,likert5,5,5,True,validated,0
9c2ee114-10e8-40e0-871d-8facdfdd2eb2,prca01,likert5,4,4,True,validated,0
9c2ee114-10e8-40e0-871d-8facdfdd2eb2,prca02,likert5,1,5,True,validated,1
9c2ee114-10e8-40e0-871d-8facdfdd2eb2,prca03,likert5,4,4,True,validated,0
9c2ee114-10e8-40e0-871d-8facdfdd2eb2,prca04,likert5,4,2,True,validated,1
9c2ee114-10e8-40e0-871d-8facdfdd2eb2,prca05,likert5,2,2,True,validated,0
9c2ee114-10e8-40e0-871d-8facdfdd2eb2,prca06,likert5,5) strongly agree,2,True,recode,1
9c2ee114-10e8-40e0-871d-8facdfdd2eb2,prca13,likert5,1,1,True,validated,0
9c2ee114-10e8-40e0-871d-8facdfdd2eb2,prca14,likert5,2,4,True,validated,1
9c2ee114-10e8-40e0-871d-8facdfdd2eb2,prca15,likert5,2,2,True,validated,0
9c2ee114-10e8-40e0-871d-8facdfdd2eb2,prca16,likert5,3,3,True,validated,1
9c2ee114-10e8-40e0-871d-8facdfdd2eb2,prca17,likert5,3,3,True,validated,1
9c2ee114-10e8-40e0-871d-8facdfdd2eb2,prca18,likert5,1,1,True,validated,0
96bb899e-5f90-48fc-85c1-61a5e6f4f437,prca01,likert5,2,2,True,validated,0
96bb899e-5f90-48fc-85c1-61a5e6f4f437,prca02,likert5,2,4,True,validated,1
96bb899e-5f90-48fc-85c1-61a5e6f4f437,prca03,likert5,3,3,True,validated,0
96bb899e-5f90-48fc-85c1-61a5e6f4f437,prca04,likert5,5) strongly agree,3,True,recode,1
96bb899e-5f90-48fc-85c1-61a5e6f4f437,prca05,likert5,3,3,True,validated,0
96bb899e-5f90-48fc-85c1-61a5e6f4f437,prca06,likert5,1,5,True,validated,1
96bb899e-5f90-48fc-85c1-61a5e6f4f437,prca13,likert5,4,4,True,validated,0
96bb899e-5f90-48fc-85c1-61a5e6f4f437,prca14,likert5,3,3,True,validated,1
96bb899e-5f90-48fc-85c1-61a5e6f4f437,prca15,likert5,4,4,True,validated,0
96bb899e-5f90-48fc-85c1-61a5e6f4f437,prca16,likert5,3,3,True,validated,1
96bb899e-5f90-48fc-85c1-61a5e6f4f437,prca17,likert5,4,2,True,validated,1
96bb899e-5f90-48fc-85c1-61a5e6f4f437,prca18,likert5,4,4,True,validated,0
f84ed529-18c1-41a1-9cf1-3b4dfab8c924,prca01,likert5,4,4,True,validated,0
f84ed529-18c1-41a1-9cf1-3b4dfab8c924,prca02,likert5,3,3,True,validated,1
f84ed529-18c1-41a1-9cf1-3b4dfab8c924,prca03,likert5,3,3,True,validated,0
f84ed529-18c1-41a1-9cf1-3b4dfab8c924,prca04,likert5,3,3,True,validated,1
f84ed529-18c1-41a1-9cf1-3b4dfab8c924,prca05,likert5,3,3,True,validated,0
f84ed529-18c1-41a1-9cf1-3b4dfab8c924,prca06,likert5,1,5,True,validated,1
f84ed529-18c1-41a1-9cf1-3b4dfab8c924,prca13,likert5,4,4,True,validated,0
f84ed529-18c1-41a1-9cf1-3b4dfab8c924,prca14,likert5,5,1,True,validated,1
f84ed529-18c1-41a1-9cf1-3b4dfab8c924,prca15,likert5,2,2,True,validated,0
f84ed529-18c1-41a1-9cf1-3b4dfab8c924,prca16,likert5,5,1,True,validated,1
f84ed529-18c1-41a1-9cf1-3b4dfab8c924,prca17,likert5,3,3,True,validated,1
f84ed529-18c1-41a1-9cf1-3b4dfab8c924,prca18,likert5,3,3,True,validated,0
e1f19e16-1ecb-471e-b92b-a2ae9e9cbb46,prca01,likert5,3,3,True,validated,0
e1f19e16-1ecb-471e-b92b-a2ae9e9cbb46,prca02,likert5,3,3,True,validated,1
e1f19e16-1ecb-471e-b92b-a2ae9e9cbb46,prca03,likert5,2,2,True,validated,0
e1f19e16-1ecb-471e-b92b-a2ae9e9cbb46,prca04,likert5,4,2,True,validated,1
e1f19e16-1ecb-471e-b92b-a2ae9e9cbb46,prca05,likert5,1,1,True,validated,0
e1f19e16-1ecb-471e-b92b-a2ae9e9cbb46,prca06,likert5,5,1,True,validated,1
e1f19e16-1ecb-471e-b92b-a2ae9e9cbb46,prca13,likert5,4,4,True,validated,0
e1f19e16-1ecb-471e-b92b-a2ae9e9cbb46,prca14,likert5,5,1,True,validated,1
e1f19e16-1ecb-471e-b92b-a2ae9e9cbb46,prca15,likert5,5,5,True,validated,0
e1f19e16-1ecb-471e-b92b-a2ae9e9cbb46,prca16,likert5,5,1,True,validated,1
e1f19e16-1ecb-471e-b92b-a2ae9e9cbb46,prca17,likert5,4,2,True,validated,1
e1f19e16-1ecb-471e-b92b-a2ae9e9cbb46,prca18,likert5,5,5,True,validated,0
eac2f9f6-6099-411c-bf51-08cf5046ae28,prca01,likert5,3,3,True,validated,0
eac2f9f6-6099-411c-bf51-08cf5046ae28,prca02,likert5,4,2,True,validated,1
eac2f9f6-6099-411c-bf51-08cf5046ae28,prca03,likert5,5,5,True,validated,0
eac2f9f6-6099-411c-bf51-08cf5046ae28,prca04,likert5,2,4,True,validated,1
eac2f9f6-6099-411c-bf51-08cf5046ae28,prca05,likert5,1,1,True,validated,0
eac2f9f6-6099-411c-bf51-08cf5046ae28,prca06,likert5,4,2,True,validated,1
eac2f9f6-6099-411c-bf51-08cf5046ae28,prca13,likert5,1,1,True,validated,0
eac2f9f6-6099-411c-bf51-08cf5046ae28,prca14,likert5,4,2,True,validated,1
eac2f9f6-6099-411c-bf51-08cf5046ae28,prca15,likert5,5) strongly agree,5,True,recode,0
eac2f9f6-6099-411c-bf51-08cf5046ae28,prca16,likert5,5) strongly agree,2,True,recode,1
eac2f9f6-6099-411c-bf51-08cf5046ae28,prca17,likert5,1,5,True,validated,1
eac2f9f6-6099-411c-bf51-08cf5046ae28,prca18,likert5,1,1,True,validated,0
8c2f95df-5a38-494f-8cf5-6a0a5c11babb,prca01,likert5,3,3,True,validated,0
8c2f95df-5a38-494f-8cf5-6a0a5c11babb,prca02,likert5,5,1,True,validated,1
8c2f95df-5a38-494f-8cf5-6a0a5c11babb,prca03,likert5,5) strongly agree,5,True,recode,0
8c2f95df-5a38-494f-8cf5-6a0a5c11babb,prca04,likert5,5) strongly agree,2,True,recode,1
8c2f95df-5a38-494f-8cf5-6a0a5c11babb,prca05,likert5,3,3,True,validated,0
8c2f95df-5a38-494f-8cf5-6a0a5c11babb,prca06,likert5,4,2,True,validated,1
8c2f95df-5a38-494f-8cf5-6a0a5c11babb,prca13,likert5,1,1,True,validated,0
8c2f95df-5a38-494f-8cf5-6a0a5c11babb,prca14,likert5,4,2,True,validated,1
8c2f95df-5a38-494f-8cf5-6a0a5c11babb,prca15,likert5,2,2,True,validated,0
8c2f95df-5a38-494f-8cf5-6a0a5c11babb,prca16,likert5,3,3,True,validated,1
8c2f95df-5a38-494f-8cf5-6a0a5c11babb,prca17,likert5,1,5,True,validated,1
8c2f95df-5a38-494f-8cf5-6a0a5c11babb,prca18,likert5,2,2,True,validated,0
85f2dcb7-d0f4-475f-967f-16db31d1baa8,prca01,likert5,3,3,True,validated,0
85f2dcb7-d0f4-475f-967f-16db31d1baa8,prca02,likert5,4,2,True,validated,1
85f2dcb7-d0f4-475f-967f-16db31d1baa8,prca03,likert5,2,2,True,validated,0
85f2dcb7-d0f4-475f-967f-16db31d1baa8,prca04,likert5,5,1,True,validated,1
85f2dcb7-d0f4-475f-967f-16db31d1baa8,prca05,likert5,1,1,True,validated,0
85f2dcb7-d0f4-475f-967f-16db31d1baa8,prca06,likert5,3,3,True,validated,1
85f2dcb7-d0f4-475f-967f-16db31d1baa8,prca13,likert5,2,2,True,validated,0
85f2dcb7-d0f4-475f-967f-16db31d1baa8,prca14,likert5,2,4,True,validated,1
85f2dcb7-d0f4-475f-967f-16db31d1baa8,prca15,likert5,5,5,True,validated,0
85f2dcb7-d0f4-475f-967f-16db31d1baa8,prca16,likert5,2,4,True,validated,1
85f2dcb7-d0f4-475f-967f-16db31d1baa8,prca17,likert5,2,4,True,validated,1
85f2dcb7-d0f4-475f-967f-16db31d1baa8,prca18,likert5,5,5,True,validated,0
abf8f0cf-0739-4460-b10b-09f9ad4eccd4,prca01,likert5,3,3,True,validated,0
abf8f0cf-0739-4460-b10b-09f9ad4eccd4,prca02,likert5,4,2,True,validated,1
abf8f0cf-0739-4460-b10b-09f9ad4eccd4,prca03,likert5,3,3,True,validated,0
abf8f0cf-0739-4460-b10b-09f9ad4eccd4,prca04,likert5,3,3,True,validated,1
abf8f0cf-0739-4460-b10b-09f9ad4eccd4,prca05,likert5,5,5,True,validated,0
abf8f0cf-0739-4460-b10b-09f9ad4eccd4,prca06,likert5,4,2,True,validated,1
abf8f0cf-0739-4460-b10b-09f9ad4eccd4,prca13,likert5,2,2,True,validated,0
abf8f0cf-0739-4460-b10b-09f9ad4eccd4,prca14,likert5,5,1,True,validated,1
abf8f0cf-0739-4460-b10b-09f9ad4eccd4,prca15,likert5,4,4,True,validated,0
abf8f0cf-0739-4460-b10b-09f9ad4eccd4,prca16,likert5,4,2,True,validated,1
abf8f0cf-0739-4460-b10b-09f9ad4eccd4,prca17,likert5,1,5,True,validated,1
abf8f0cf-0739-4460-b10b-09f9ad4eccd4,prca18,likert5,3,3,True,validated,0
17f9def2-369c-4e61-a4bf-86746eca407d,prca01,likert5,4,4,True,validated,0
17f9def2-369c-4e61-a4bf-86746eca407d,prca02,likert5,3,3,True,validated,1
17f9def2-369c-4e61-a4bf-86746eca407d,prca03,likert5,5,5,True,validated,0
17f9def2-369c-4e61-a4bf-86746eca407d,prca04,likert5,1,5,True,validated,1
17f9def2-369c-4e61-a4bf-86746eca407d,prca05,likert5,2,2,True,validated,0
17f9def2-369c-4e61-a4bf-86746eca407d,prca06,likert5,4,2,True,validated,1
17f9def2-369c-4e61-a4bf-86746eca407d,prca13,likert5,5) strongly agree,5,True,recode,0
17f9def2-369c-4e61-a4bf-86746eca407d,prca14,likert5,1,5,True,validated,1
17f9def2-369c-4e61-a4bf-86746eca407d,prca15,likert5,3,3,True,validated,0
17f9def2-369c-4e61-a4bf-86746eca407d,prca16,likert5,2,4,True,validated,1
17f9def2-369c-4e61-a4bf-86746eca407d,prca17,likert5,5,1,True,validated,1
17f9def2-369c-4e61-a4bf-86746eca407d,prca18,likert5,1,1,True,validated,0
7db1e22e-7708-4702-9832-71a453c00d30,prca01,likert5,2,2,True,validated,0
7db1e22e-7708-4702-9832-71a453c00d30,prca02,likert5,4,2,True,validated,1
7db1e22e-7708-4702-9832-71a453c00d30,prca03,likert5,4,4,True,validated,0
7db1e22e-7708-4702-9832-71a453c00d30,prca04,likert5,3,3,True,validated,1
7db1e22e-7708-4702-9832-71a453c00d30,prca05,likert5,5,5,True,validated,0
7db1e22e-7708-4702-9832-71a453c00d30,prca06,likert5,4,2,True,validated,1
7db1e22e-7708-4702-9832-71a453c00d30,prca13,likert5,4,4,True,validated,0
7db1e22e-7708-4702-9832-71a453c00d30,prca14,likert5,1,5,True,validated,1
7db1e22e-7708-4702-9832-71a453c00d30,prca15,likert5,4,4,True,validated,0
7db1e22e-7708-4702-9832-71a453c00d30,prca16,likert5,5,1,True,validated,1
7db1e22e-7708-4702-9832-71a453c00d30,prca17,likert5,4,2,True,validated,1
7db1e22e-7708-4702-9832-71a453c00d30,prca18,likert5,5,5,True,validated,0
5ca2b0ac-ddbf-47ea-a155-7f633bc4ea8e,prca01,likert5,1,1,True,validated,0
5ca2b0ac-ddbf-47ea-a155-7f633bc4ea8e,prca02,likert5,3,3,True,validated,1
5ca2b0ac-ddbf-47ea-a155-7f633bc4ea8e,prca03,likert5,1,1,True,validated,0
5ca2b0ac-ddbf-47ea-a155-7f633bc4ea8e,prca04,likert5,1,5,True,validated,1
5ca2b0ac-ddbf-47ea-a155-7f633bc4ea8e,prca05,likert5,4,4,True,validated,0
5ca2b0ac-ddbf-47ea-a155-7f633bc4ea8e,prca06,likert5,1,5,True,validated,1
5ca2b0ac-ddbf-47ea-a155-7f633bc4ea8e,prca13,likert5,5) strongly agree,3,True,recode,0
5ca2b0ac-ddbf-47ea-a155-7f633bc4ea8e,prca14,likert5,4,2,True,validated,1
5ca2b0ac-ddbf-47ea-a155-7f633bc4ea8e,prca15,likert5,1,1,True,validated,0
5ca2b0ac-ddbf-47ea-a155-7f633bc4ea8e,prca16,likert5,4,2,True,validated,1
5ca2b0ac-ddbf-47ea-a155-7f633bc4ea8e,prca17,likert5,3,3,True,validated,1
5ca2b0ac-ddbf-47ea-a155-7f633bc4ea8e,prca18,likert5,5) strongly agree,5,True,recode,0
61ebfdcb-ad8b-439e-9990-0fe61b408084,prca01,likert5,4,4,True,validated,0
61ebfdcb-ad8b-439e-9990-0fe61b408084,prca02,likert5,4,2,True,validated,1
61ebfdcb-ad8b-439e-9990-0fe61b408084,prca03,likert5,2,2,True,validated,0
61ebfdcb-ad8b-439e-9990-0fe61b408084,prca04,likert5,3,3,True,validated,1
61ebfdcb-ad8b-439e-9990-0fe61b408084,prca05,likert5,3,3,True,validated,0
61ebfdcb-ad8b-439e-9990-0fe61b408084,prca06,likert5,2,4,True,validated,1
61ebfdcb-ad8b-439e-9990-0fe61b408084,prca13,likert5,5,5,True,validated,0
61ebfdcb-ad8b-439e-9990-0fe61b408084,prca14,likert5,2,4,True,validated,1
61ebfdcb-ad8b-439e-9990-0fe61b408084,prca15,likert5,3,3,True,validated,0
61ebfdcb-ad8b-439e-9990-0fe61b408084,prca16,likert5,1,5,True,validated,1
61ebfdcb-ad8b-439e-9990-0fe61b408084,prca17,likert5,2,4,True,validated,1
61ebfdcb-ad8b-439e-9990-0fe61b408084,prca18,likert5,5,5,True,validated,0
1bb015d3-362a-408c-afb6-b666d969afe5,prca01,likert5,3,3,True,validated,0
1bb015d3-362a-408c-afb6-b666d969afe5,prca02,likert5,5,1,True,validated,1
1bb015d3-362a-408c-afb6-b666d969afe5,prca03,likert5,5,5,True,validated,0
1bb015d3-362a-408c-afb6-b666d969afe5,prca04,likert5,5,1,True,validated,1
1bb015d3-362a-408c-afb6-b666d969afe5,prca05,likert5,5,5,True,validated,0
1bb015d3-362a-408c-afb6-b666d969afe5,prca06,likert5,5,1,True,validated,1
1bb015d3-362a-408c-afb6-b666d969afe5,prca13,likert5,2,2,True,validated,0
1bb015d3-362a-408c-afb6-b666d969afe5,prca14,likert5,3,3,True,validated,1
1bb015d3-362a-408c-afb6-b666d969afe5,prca15,likert5,1,1,True,validated,0
1bb015d3-362a-408c-afb6-b666d969afe5,prca16,likert5,4,2,True,validated,1
1bb015d3-362a-408c-afb6-b666d969afe5,prca17,likert5,1,5,True,validated,1
1bb015d3-362a-408c-afb6-b666d969afe5,prca18,likert5,3,3,True,validated,0
d9b94c73-83c3-49a7-859b-7eaf72d20dac,prca01,likert5,4,4,True,validated,0
d9b94c73-83c3-49a7-859b-7eaf72d20dac,prca02,likert5,3,3,True,validated,1
d9b94c73-83c3-49a7-859b-7eaf72d20dac,prca03,likert5,4,4,True,validated,0
d9b94c73-83c3-49a7-859b-7eaf72d20dac,prca04,likert5,3,3,True,validated,1
d9b94c73-83c3-49a7-859b-7eaf72d20dac,prca05,likert5,5,5,True,validated,0
d9b94c73-83c3-49a7-859b-7eaf72d20dac,prca06,likert5,3,3,True,validated,1
d9b94c73-83c3-49a7-859b-7eaf72d20dac,prca13,likert5,3,3,True,validated,0
d9b94c73-83c3-49a7-859b-7eaf72d20dac,prca14,likert5,2,4,True,validated,1
d9b94c73-83c3-49a7-859b-7eaf72d20dac,prca15,likert5,3,3,True,validated,0
d9b94c73-83c3-49a7-859b-7eaf72d20dac,prca16,likert5,4,2,True,validated,1
d9b94c73-83c3-49a7-859b-7eaf72d20dac,prca17,likert5,3,3,True,validated,1
d9b94c73-83c3-49a7-859b-7eaf72d20dac,prca18,likert5,3,3,True,validated,0
67fc3d50-1388-4c71-8269-165408e0e67e,prca01,likert5,3,3,True,validated,0
67fc3d50-1388-4c71-8269-165408e0e67e,prca02,likert5,1,5,True,validated,1
67fc3d50-1388-4c71-8269-165408e0e67e,prca03,likert5,4,4,True,validated,0
67fc3d50-1388-4c71-8269-165408e0e67e,prca04,likert5,2,4,True,validated,1
67fc3d50-1388-4c71-8269-165408e0e67e,prca05,likert5,2,2,True,validated,0
67fc3d50-1388-4c71-8269-165408e0e67e,prca06,likert5,4,2,True,validated,1
67fc3d50-1388-4c71-8269-165408e0e67e,prca13,likert5,3,3,True,validated,0
67fc3d50-1388-4c71-8269-165408e0e67e,prca14,likert5,3,3,True,validated,1
67fc3d50-1388-4c71-8269-165408e0e67e,prca15,likert5,3,3,True,validated,0
67fc3d50-1388-4c71-8269-165408e0e67e,prca16,likert5,3,3,True,validated,1
67fc3d50-1388-4c71-8269-165408e0e67e,prca17,likert5,3,3,True,validated,1
67fc3d50-1388-4c71-8269-165408e0e67e,prca18,likert5,1,1,True,validated,0
3582c154-dd83-4aa9-bd33-b4e79d202cfb,prca01,likert5,2,2,True,validated,0
3582c154-dd83-4aa9-bd33-b4e79d202cfb,prca02,likert5,4,2,True,validated,1
3582c154-dd83-4aa9-bd33-b4e79d202cfb,prca03,likert5,3,3,True,validated,0
3582c154-dd83-4aa9-bd33-b4e79d202cfb,prca04,likert5,5,1,True,validated,1
3582c154-dd83-4aa9-bd33-b4e79d202cfb,prca05,likert5,1,1,True,validated,0
3582c154-dd83-4aa9-bd33-b4e79d202cfb,prca06,likert5,4,2,True,validated,1
3582c154-dd83-4aa9-bd33-b4e79d202cfb,prca13,likert5,5,5,True,validated,0
3582c154-dd83-4aa9-bd33-b4e79d202cfb,prca14,likert5,4,2,True,validated,1
3582c154-dd83-4aa9-bd33-b4e79d202cfb,prca15,likert5,2,2,True,validated,0
3582c154-dd83-4aa9-bd33-b4e79d202cfb,prca16,likert5,4,2,True,validated,1
3582c154-dd83-4aa9-bd33-b4e79d202cfb,prca17,likert5,2,4,True,validated,1
3582c154-dd83-4aa9-bd33-b4e79d202cfb,prca18,likert5,4,4,True,validated,0
190ddd4b-1ead-4145-954f-873c164aef39,prca01,likert5,4,4,True,validated,0
190ddd4b-1ead-4145-954f-873c164aef39,prca02,likert5,3,3,True,validated,1
190ddd4b-1ead-4145-954f-873c164aef39,prca03,likert5,4,4,True,validated,0
190ddd4b-1ead-4145-954f-873c164aef39,prca04,likert5,3,3,True,validated,1
190ddd4b-1ead-4145-954f-873c164aef39,prca05,likert5,4,4,True,validated,0
190ddd4b-1ead-4145-954f-873c164aef39,prca06,likert5,4,2,True,validated,1
190ddd4b-1ead-4145-954f-873c164aef39,prca13,likert5,4,4,True,validated,0
190ddd4b-1ead-4145-954f-873c164aef39,prca14,likert5,3,3,True,validated,1
190ddd4b-1ead-4145-954f-873c164aef39,prca15,likert5,2,2,True,validated,0
190ddd4b-1ead-4145-954f-873c164aef39,prca16,likert5,2,4,True,validated,1
190ddd4b-1ead-4145-954f-873c164aef39,prca17,likert5,4,2,True,validated,1
190ddd4b-1ead-4145-954f-873c164aef39,prca18,likert5,5,5,True,validated,0
8dd449fa-4fea-4089-a659-e960399edf1c,prca01,likert5,3,3,True,validated,0
8dd449fa-4fea-4089-a659-e960399edf1c,prca02,likert5,4,2,True,validated,1
8dd449fa-4fea-4089-a659-e960399edf1c,prca03,likert5,3,3,True,validated,0
8dd449fa-4fea-4089-a659-e960399edf1c,prca04,likert5,4,2,True,validated,1
8dd449fa-4fea-4089-a659-e960399edf1c,prca05,likert5,4,4,True,validated,0
8dd449fa-4fea-4089-a659-e960399edf1c,prca06,likert5,3,3,True,validated,1
8dd449fa-4fea-4089-a659-e960399edf1c,prca13,likert5,4,4,True,validated,0
8dd449fa-4fea-4089-a659-e960399edf1c,prca14,likert5,4,2,True,validated,1
8dd449fa-4fea-4089-a659-e960399edf1c,prca15,likert5,3,3,True,validated,0
8dd449fa-4fea-4089-a659-e960399edf1c,prca16,likert5,3,3,True,validated,1
8dd449fa-4fea-4089-a659-e960399edf1c,prca17,likert5,2,4,True,validated,1
8dd449fa-4fea-4089-a659-e960399edf1c,prca18,likert5,4,4,True,validated,0
be449378-d2f7-41d6-a7e0-3f1c75cdb2c2,prca01,likert5,4,4,True,validated,0
be449378-d2f7-41d6-a7e0-3f1c75cdb2c2,prca02,likert5,4,2,True,validated,1
be449378-d2f7-41d6-a7e0-3f1c75cdb2c2,prca03,likert5,4,4,True,validated,0
be449378-d2f7-41d6-a7e0-3f1c75cdb2c2,prca04,likert5,1,5,True,validated,1
be449378-d2f7-41d6-a7e0-3f1c75cdb2c2,prca05,likert5,4,4,True,validated,0
be449378-d2f7-41d6-a7e0-3f1c75cdb2c2,prca06,likert5,1,5,True,validated,1
be449378-d2f7-41d6-a7e0-3f1c75cdb2c2,prca13,likert5,2,2,True,validated,0
be449378-d2f7-41d6-a7e0-3f1c75cdb2c2,prca14,likert5,3,3,True,validated,1
be449378-d2f7-41d6-a7e0-3f1c75cdb2c2,prca15,likert5,4,4,True,validated,0
be449378-d2f7-41d6-a7e0-3f1c75cdb2c2,prca16,likert5,2,4,True,validated,1
be449378-d2f7-41d6-a7e0-3f1c75cdb2c2,prca17,likert5,1,5,True,validated,1
be449378-d2f7-41d6-a7e0-3f1c75cdb2c2,prca18,likert5,2,2,True,validated,0
a636bb28-3c62-47cf-99c4-4cdb2f9a9cc2,prca01,likert5,4,4,True,validated,0
a636bb28-3c62-47cf-99c4-4cdb2f9a9cc2,prca02,likert5,2,4,True,validated,1
a636bb28-3c62-47cf-99c4-4cdb2f9a9cc2,prca03,likert5,3,3,True,validated,0
a636bb28-3c62-47cf-99c4-4cdb2f9a9cc2,prca04,likert5,4,2,True,validated,1
a636bb28-3c62-47cf-99c4-4cdb2f9a9cc2,prca05,likert5,4,4,True,validated,0
a636bb28-3c62-47cf-99c4-4cdb2f9a9cc2,prca06,likert5,4,2,True,validated,1
a636bb28-3c62-47cf-99c4-4cdb2f9a9cc2,prca13,likert5,2,2,True,validated,0
a636bb28-3c62-47cf-99c4-4cdb2f9a9cc2,prca14,likert5,4,2,True,validated,1
a636bb28-3c62-47cf-99c4-4cdb2f9a9cc2,prca15,likert5,4,4,True,validated,0
a636bb28-3c62-47cf-99c4-4cdb2f9a9cc2,prca16,likert5,1,5,True,validated,1
a636bb28-3c62-47cf-99c4-4cdb2f9a9cc2,prca17,likert5,3,3,True,validated,1
a636bb28-3c62-47cf-99c4-4cdb2f9a9cc2,prca18,likert5,3,3,True,validated,0
54ba841e-1eb1-48ca-acf3-5791cf0d6075,prca01,likert5,1,1,True,validated,0
54ba841e-1eb1-48ca-acf3-5791cf0d6075,prca02,likert5,3,3,True,validated,1
54ba841e-1eb1-48ca-acf3-5791cf0d6075,prca03,likert5,3,3,True,validated,0
54ba841e-1eb1-48ca-acf3-5791cf0d6075,prca04,likert5,2,4,True,validated,1
54ba841e-1eb1-48ca-acf3-5791cf0d6075,prca05,likert5,4,4,True,validated,0
54ba841e-1eb1-48ca-acf3-5791cf0d6075,prca06,likert5,2,4,True,validated,1
54ba841e-1eb1-48ca-acf3-5791cf0d6075,prca13,likert5,4,4,True,validated,0
54ba841e-1eb1-48ca-acf3-5791cf0d6075,prca14,likert5,3,3,True,validated,1
54ba841e-1eb1-48ca-acf3-5791cf0d6075,prca15,likert5,5,5,True,validated,0
54ba841e-1eb1-48ca-acf3-5791cf0d6075,prca16,likert5,2,4,True,validated,1
54ba841e-1eb1-48ca-acf3-5791cf0d6075,prca17,likert5,3,3,True,validated,1
54ba841e-1eb1-48ca-acf3-5791cf0d6075,prca18,likert5,1,1,True,validated,0
f7830e31-658f-4c23-81ac-8e59bfe8d143,prca01,likert5,5) strongly agree,5,True,recode,0
f7830e31-658f-4c23-81ac-8e59bfe8d143,prca02,likert5,1,5,True,validated,1
f7830e31-658f-4c23-81ac-8e59bfe8d143,prca03,likert5,5,5,True,validated,0
f7830e31-658f-4c23-81ac-8e59bfe8d143,prca04,likert5,3,3,True,validated,1
f7830e31-658f-4c23-81ac-8e59bfe8d143,prca05,likert5,5,5,True,validated,0
f7830e31-658f-4c23-81ac-8e59bfe8d143,prca06,likert5,4,2,True,validated,1
f7830e31-658f-4c23-81ac-8e59bfe8d143,prca13,likert5,4,4,True,validated,0
f7830e31-658f-4c23-81ac-8e59bfe8d143,prca14,likert5,4,2,True,validated,1
f7830e31-658f-4c23-81ac-8e59bfe8d143,prca15,likert5,3,3,True,validated,0
f7830e31-658f-4c23-81ac-8e59bfe8d143,prca16,likert5,2,4,True,validated,1
f7830e31-658f-4c23-81ac-8e59bfe8d143,prca17,likert5,5,1,True,validated,1
f7830e31-658f-4c23-81ac-8e59bfe8d143,prca18,likert5,4,4,True,validated,0
238407b7-7d8b-4d77-aa76-448e5d7a154a,prca01,likert5,5,5,True,validated,0
238407b7-7d8b-4d77-aa76-448e5d7a154a,prca02,likert5,5,1,True,validated,1
238407b7-7d8b-4d77-aa76-448e5d7a154a,prca03,likert5,3,3,True,validated,0
238407b7-7d8b-4d77-aa76-448e5d7a154a,prca04,likert5,3,3,True,validated,1
238407b7-7d8b-4d77-aa76-448e5d7a154a,prca05,likert5,4,4,True,validated,0
238407b7-7d8b-4d77-aa76-448e5d7a154a,prca06,likert5,3,3,True,validated,1
238407b7-7d8b-4d77-aa76-448e5d7a154a,prca13,likert5,5) strongly agree,4,True,recode,0
238407b7-7d8b-4d77-aa76-448e5d7a154a,prca14,likert5,2,4,True,validated,1
238407b7-7d8b-4d77-aa76-448e5d7a154a,prca15,likert5,1,1,True,validated,0
238407b7-7d8b-4d77-aa76-448e5d7a154a,prca16,likert5,1,5,True,validated,1
238407b7-7d8b-4d77-aa76-448e5d7a154a,prca17,likert5,2,4,True,validated,1
238407b7-7d8b-4d77-aa76-448e5d7a154a,prca18,likert5,1,1,True,validated,0
1f22e7e5-c320-4177-b362-745e56417997,prca01,likert5,1,1,True,validated,0
1f22e7e5-c320-4177-b362-745e56417997,prca02,likert5,4,2,True,validated,1
1f22e7e5-c320-4177-b362-745e56417997,prca03,likert5,2,2,True,validated,0
1f22e7e5-c320-4177-b362-745e56417997,prca04,likert5,3,3,True,validated,1
1f22e7e5-c320-4177-b362-745e56417997,prca05,likert5,4,4,True,validated,0
1f22e7e5-c320-4177-b362-745e56417997,prca06,likert5,5,1,True,validated,1
1f22e7e5-c320-4177-b362-745e56417997,prca13,likert5,2,2,True,validated,0
1f22e7e5-c320-4177-b362-745e56417997,prca14,likert5,4,2,True,validated,1
1f22e7e5-c320-4177-b362-745e56417997,prca15,likert5,1,1,True,validated,0
1f22e7e5-c320-4177-b362-745e56417997,prca16,likert5,2,4,True,validated,1
1f22e7e5-c320-4177-b362-745e56417997,prca17,likert5,1,5,True,validated,1
1f22e7e5-c320-4177-b362-745e56417997,prca18,likert5,1,1,True,validated,0
89ebc1e7-af2e-4d73-8b3b-2e1a41c3ac6e,prca01,likert5,2,2,True,validated,0
89ebc1e7-af2e-4d73-8b3b-2e1a41c3ac6e,prca02,likert5,4,2,True,validated,1
89ebc1e7-af2e-4d73-8b3b-2e1a41c3ac6e,prca03,likert5,4,4,True,validated,0
89ebc1e7-af2e-4d73-8b3b-2e1a41c3ac6e,prca04,likert5,4,2,True,validated,1
89ebc1e7-af2e-4d73-8b3b-2e1a41c3ac6e,prca05,likert5,1,1,True,validated,0
89ebc1e7-af2e-4d73-8b3b-2e1a41c3ac6e,prca06,likert5,2,4,True,validated,1
89ebc1e7-af2e-4d73-8b3b-2e1a41c3ac6e,prca13,likert5,4,4,True,validated,0
89ebc1e7-af2e-4d73-8b3b-2e1a41c3ac6e,prca14,likert5,2,4,True,validated,1
89ebc1e7-af2e-4d73-8b3b-2e1a41c3ac6e,prca15,likert5,3,3,True,validated,0
89ebc1e7-af2e-4d73-8b3b-2e1a41c3ac6e,prca16,likert5,1,5,True,validated,1
89ebc1e7-af2e-4d73-8b3b-2e1a41c3ac6e,prca17,likert5,5,1,True,validated,1
89ebc1e7-af2e-4d73-8b3b-2e1a41c3ac6e,prca18,likert5,2,2,True,validated,0
c3564fef-54c7-419a-ba0f-b1a3d35eb623,prca01,likert5,4,4,True,validated,0
c3564fef-54c7-419a-ba0f-b1a3d35eb623,prca02,likert5,1,5,True,validated,1
c3564fef-54c7-419a-ba0f-b1a3d35eb623,prca03,likert5,5) strongly agree,4,True,recode,0
c3564fef-54c7-419a-ba0f-b1a3d35eb623,prca04,likert5,5,1,True,validated,1
c3564fef-54c7-419a-ba0f-b1a3d35eb623,prca05,likert5,5,5,True,validated,0
c3564fef-54c7-419a-ba0f-b1a3d35eb623,prca06,likert5,1,5,True,validated,1
c3564fef-54c7-419a-ba0f-b1a3d35eb623,prca13,likert5,2,2,True,validated,0
c3564fef-54c7-419a-ba0f-b1a3d35eb623,prca14,likert5,5,1,True,validated,1
c3564fef-54c7-419a-ba0f-b1a3d35eb623,prca15,likert5,5,5,True,validated,0
c3564fef-54c7-419a-ba0f-b1a3d35eb623,prca16,likert5,1,5,True,validated,1
c3564fef-54c7-419a-ba0f-b1a3d35eb623,prca17,likert5,4,2,True,validated,1
c3564fef-54c7-419a-ba0f-b1a3d35eb623,prca18,likert5,2,2,True,validated,0
03db39a0-3de6-4f8d-9958-c71ffc91e1b6,prca01,likert5,5,5,True,validated,0
03db39a0-3de6-4f8d-9958-c71ffc91e1b6,prca02,likert5,5,1,True,validated,1
03db39a0-3de6-4f8d-9958-c71ffc91e1b6,prca03,likert5,4,4,True,validated,0
03db39a0-3de6-4f8d-9958-c71ffc91e1b6,prca04,likert5,2,4,True,validated,1
03db39a0-3de6-4f8d-9958-c71ffc91e1b6,prca05,likert5,4,4,True,validated,0
03db39a0-3de6-4f8d-9958-c71ffc91e1b6,prca06,likert5,5,1,True,validated,1
03db39a0-3de6-4f8d-9958-c71ffc91e1b6,prca13,likert5,4,4,True,validated,0
03db39a0-3de6-4f8d-9958-c71ffc91e1b6,prca14,likert5,3,3,True,validated,1
03db39a0-3de6-4f8d-9958-c71ffc91e1b6,prca15,likert5,3,3,True,validated,0
03db39a0-3de6-4f8d-9958-c71ffc91e1b6,prca16,likert5,4,2,True,validated,1
03db39a0-3de6-4f8d-9958-c71ffc91e1b6,prca17,likert5,5,1,True,validated,1
03db39a0-3de6-4f8d-9958-c71ffc91e1b6,prca18,likert5,4,4,True,validated,0
64967fc1-f75c-4de6-85b0-5a44249accca,prca01,likert5,1,1,True,validated,0
64967fc1-f75c-4de6-85b0-5a44249accca,prca02,likert5,1,5,True,validated,1
64967fc1-f75c-4de6-85b0-5a44249accca,prca03,likert5,1,1,True,validated,0
64967fc1-f75c-4de6-85b0-5a44249accca,prca04,likert5,4,2,True,validated,1
64967fc1-f75c-4de6-85b0-5a44249accca,prca05,likert5,3,3,True,validated,0
64967fc1-f75c-4de6-85b0-5a44249accca,prca06,likert5,4,2,True,validated,1
64967fc1-f75c-4de6-85b0-5a44249accca,prca13,likert5,4,4,True,validated,0
64967fc1-f75c-4de6-85b0-5a44249accca,prca14,likert5,1,5,True,validated,1
64967fc1-f75c-4de6-85b0-5a44249accca,prca15,likert5,2,2,True,validated,0
64967fc1-f75c-4de6-85b0-5a44249accca,prca16,likert5,3,3,True,validated,1
64967fc1-f75c-4de6-85b0-5a44249accca,prca17,likert5,2,4,True,validated,1
64967fc1-f75c-4de6-85b0-5a44249accca,prca18,likert5,5,5,True,validated,0
f1189281-3fc5-45c6-bc8f-8e4366d8c756,prca01,likert5,5,5,True,validated,0
f1189281-3fc5-45c6-bc8f-8e4366d8c756,prca02,likert5,1,5,True,validated,1
f1189281-3fc5-45c6-bc8f-8e4366d8c756,prca03,likert5,2,2,True,validated,0
f1189281-3fc5-45c6-bc8f-8e4366d8c756,prca04,likert5,2,4,True,validated,1
f1189281-3fc5-45c6-bc8f-8e4366d8c756,prca05,likert5,4,4,True,validated,0
f1189281-3fc5-45c6-bc8f-8e4366d8c756,prca06,likert5,3,3,True,validated,1
f1189281-3fc5-45c6-bc8f-8e4366d8c756,prca13,likert5,4,4,True,validated,0
f1189281-3fc5-45c6-bc8f-8e4366d8c756,prca14,likert5,1,5,True,validated,1
f1189281-3fc5-45c6-bc8f-8e4366d8c756,prca15,likert5,4,4,True,validated,0
f1189281-3fc5-45c6-bc8f-8e4366d8c756,prca16,likert5,3,3,True,validated,1
f1189281-3fc5-45c6-bc8f-8e4366d8c756,prca17,likert5,3,3,True,validated,1
f1189281-3fc5-45c6-bc8f-8e4366d8c756,prca18,likert5,1,1,True,validated,0
9e3b489f-a3e6-4992-8b7b-3bb53dc528c8,prca01,likert5,2,2,True,validated,0
9e3b489f-a3e6-4992-8b7b-3bb53dc528c8,prca02,likert5,1,5,True,validated,1
9e3b489f-a3e6-4992-8b7b-3bb53dc528c8,prca03,likert5,3,3,True,validated,0
9e3b489f-a3e6-4992-8b7b-3bb53dc528c8,prca04,likert5,3,3,True,validated,1
9e3b489f-a3e6-4992-8b7b-3bb53dc528c8,prca05,likert5,5,5,True,validated,0
9e3b489f-a3e6-4992-8b7b-3bb53dc528c8,prca06,likert5,4,2,True,validated,1
9e3b489f-a3e6-4992-8b7b-3bb53dc528c8,prca13,likert5,3,3,True,validated,0
9e3b489f-a3e6-4992-8b7b-3bb53dc528c8,prca14,likert5,4,2,True,validated,1
9e3b489f-a3e6-4992-8b7b-3bb53dc528c8,prca15,likert5,4,4,True,validated,0
9e3b489f-a3e6-4992-8b7b-3bb53dc528c8,prca16,likert5,3,3,True,validated,1
9e3b489f-a3e6-4992-8b7b-3bb53dc528c8,prca17,likert5,4,2,True,validated,1
9e3b489f-a3e6-4992-8b7b-3bb53dc528c8,prca18,likert5,3,3,True,validated,0
d1cea82f-69dc-45f8-9775-eca3980b5c7f,prca01,likert5,5,5,True,validated,0
d1cea82f-69dc-45f8-9775-eca3980b5c7f,prca02,likert5,5,1,True,validated,1
d1cea82f-69dc-45f8-9775-eca3980b5c7f,prca03,likert5,5,5,True,validated,0
d1cea82f-69dc-45f8-9775-eca3980b5c7f,prca04,likert5,4,2,True,validated,1
d1cea82f-69dc-45f8-9775-eca3980b5c7f,prca05,likert5,2,2,True,validated,0
d1cea82f-69dc-45f8-9775-eca3980b5c7f,prca06,likert5,2,4,True,validated,1
d1cea82f-69dc-45f8-9775-eca3980b5c7f,prca13,likert5,2,2,True,validated,0
d1cea82f-69dc-45f8-9775-eca3980b5c7f,prca14,likert5,4,2,True,validated,1
d1cea82f-69dc-45f8-9775-eca3980b5c7f,prca15,likert5,4,4,True,validated,0
d1cea82f-69dc-45f8-9775-eca3980b5c7f,prca16,likert5,2,4,True,validated,1
d1cea82f-69dc-45f8-9775-eca3980b5c7f,prca17,likert5,1,5,True,validated,1
d1cea82f-69dc-45f8-9775-eca3980b5c7f,prca18,likert5,4,4,True,validated,0
5d947265-3e96-4e0d-8cd4-1e1e8e495801,prca01,likert5,1,1,True,validated,0
5d947265-3e96-4e0d-8cd4-1e1e8e495801,prca02,likert5,3,3,True,validated,1
5d947265-3e96-4e0d-8cd4-1e1e8e495801,prca03,likert5,3,3,True,validated,0
5d947265-3e96-4e0d-8cd4-1e1e8e495801,prca04,likert5,4,2,True,validated,1
5d947265-3e96-4e0d-8cd4-1e1e8e495801,prca05,likert5,5,5,True,validated,0
5d947265-3e96-4e0d-8cd4-1e1e8e495801,prca06,likert5,5,1,True,validated,1
5d947265-3e96-4e0d-8cd4-1e1e8e495801,prca13,likert5,5,5,True,validated,0
5d947265-3e96-4e0d-8cd4-1e1e8e495801,prca14,likert5,4,2,True,validated,1
5d947265-3e96-4e0d-8cd4-1e1e8e495801,prca15,likert5,5,5,True,validated,0
5d947265-3e96-4e0d-8cd4-1e1e8e495801,prca16,likert5,5) strongly agree,2,True,recode,1
5d947265-3e96-4e0d-8cd4-1e1e8e495801,prca17,likert5,5,1,True,validated,1
5d947265-3e96-4e0d-8cd4-1e1e8e495801,prca18,likert5,5,5,True,validated,0
570522a9-feab-4520-8063-a4649da5bf89,prca01,likert5,3,3,True,validated,0
570522a9-feab-4520-8063-a4649da5bf89,prca02,likert5,3,3,True,validated,1
570522a9-feab-4520-8063-a4649da5bf89,prca03,likert5,5,5,True,validated,0
570522a9-feab-4520-8063-a4649da5bf89,prca04,likert5,4,2,True,validated,1
570522a9-feab-4520-8063-a4649da5bf89,prca05,likert5,4,4,True,validated,0
570522a9-feab-4520-8063-a4649da5bf89,prca06,likert5,4,2,True,validated,1
570522a9-feab-4520-8063-a4649da5bf89,prca13,likert5,4,4,True,validated,0
570522a9-feab-4520-8063-a4649da5bf89,prca14,likert5,5,1,True,validated,1
570522a9-feab-4520-8063-a4649da5bf89,prca15,likert5,3,3,True,validated,0
570522a9-feab-4520-8063-a4649da5bf89,prca16,likert5,5,1,True,validated,1
570522a9-feab-4520-8063-a4649da5bf89,prca17,likert5,5,1,True,validated,1
570522a9-feab-4520-8063-a4649da5bf89,prca18,likert5,3,3,True,validated,0
2aacf462-6f6e-4a16-9a5f-2486b0f2b8d9,prca01,likert5,2,2,True,validated,0
2aacf462-6f6e-4a16-9a5f-2486b0f2b8d9,prca02,likert5,3,3,True,validated,1
2aacf462-6f6e-4a16-9a5f-2486b0f2b8d9,prca03,likert5,5,5,True,validated,0
2aacf462-6f6e-4a16-9a5f-2486b0f2b8d9,prca04,likert5,5,1,True,validated,1
2aacf462-6f6e-4a16-9a5f-2486b0f2b8d9,prca05,likert5,3,3,True,validated,0
2aacf462-6f6e-4a16-9a5f-2486b0f2b8d9,prca06,likert5,3,3,True,validated,1
2aacf462-6f6e-4a16-9a5f-2486b0f2b8d9,prca13,likert5,4,4,True,validated,0
2aacf462-6f6e-4a16-9a5f-2486b0f2b8d9,prca14,likert5,2,4,True,validated,1
2aacf462-6f6e-4a16-9a5f-2486b0f2b8d9,prca15,likert5,2,2,True,validated,0
2aacf462-6f6e-4a16-9a5f-2486b0f2b8d9,prca16,likert5,5) strongly agree,2,True,recode,1
2aacf462-6f6e-4a16-9a5f-2486b0f2b8d9,prca17,likert5,3,3,True,validated,1
2aacf462-6f6e-4a16-9a5f-2486b0f2b8d9,prca18,likert5,2,2,True,validated,0
0f24b07c-d4ec-4a9d-8db8-3c6366b71f67,prca01,likert5,4,4,True,validated,0
0f24b07c-d4ec-4a9d-8db8-3c6366b71f67,prca02,likert5,2,4,True,validated,1
0f24b07c-d4ec-4a9d-8db8-3c6366b71f67,prca03,likert5,4,4,True,validated,0
0f24b07c-d4ec-4a9d-8db8-3c6366b71f67,prca04,likert5,4,2,True,validated,1
0f24b07c-d4ec-4a9d-8db8-3c6366b71f67,prca05,likert5,3,3,True,validated,0
0f24b07c-d4ec-4a9d-8db8-3c6366b71f67,prca06,likert5,4,2,True,validated,1
0f24b07c-d4ec-4a9d-8db8-3c6366b71f67,prca13,likert5,2,2,True,validated,0
0f24b07c-d4ec-4a9d-8db8-3c6366b71f67,prca14,likert5,2,4,True,validated,1
0f24b07c-d4ec-4a9d-8db8-3c6366b71f67,prca15,likert5,3,3,True,validated,0
0f24b07c-d4ec-4a9d-8db8-3c6366b71f67,prca16,likert5,1,5,True,validated,1
0f24b07c-d4ec-4a9d-8db8-3c6366b71f67,prca17,likert5,1,5,True,validated,1
0f24b07c-d4ec-4a9d-8db8-3c6366b71f67,prca18,likert5,2,2,True,validated,0
29a2aa66-a474-4cb8-a645-cba7ca08f7eb,prca01,likert5,2,2,True,validated,0
29a2aa66-a474-4cb8-a645-cba7ca08f7eb,prca02,likert5,4,2,True,validated,1
29a2aa66-a474-4cb8-a645-cba7ca08f7eb,prca03,likert5,5) strongly agree,5,True,recode,0
29a2aa66-a474-4cb8-a645-cba7ca08f7eb,prca04,likert5,4,2,True,validated,1
29a2aa66-a474-4cb8-a645-cba7ca08f7eb,prca05,likert5,2,2,True,validated,0
29a2aa66-a474-4cb8-a645-cba7ca08f7eb,prca06,likert5,3,3,True,validated,1
29a2aa66-a474-4cb8-a645-cba7ca08f7eb,prca13,likert5,1,1,True,validated,0
29a2aa66-a474-4cb8-a645-cba7ca08f7eb,prca14,likert5,4,2,True,validated,1
29a2aa66-a474-4cb8-a645-cba7ca08f7eb,prca15,likert5,2,2,True,validated,0
29a2aa66-a474-4cb8-a645-cba7ca08f7eb,prca16,likert5,2,4,True,validated,1
29a2aa66-a474-4cb8-a645-cba7ca08f7eb,prca17,likert5,4,2,True,validated,1
29a2aa66-a474-4cb8-a645-cba7ca08f7eb,prca18,likert5,1,1,True,validated,0
860ec324-9402-4176-941c-c08ff47598bd,prca01,likert5,2,2,True,validated,0
860ec324-9402-4176-941c-c08ff47598bd,prca02,likert5,1,5,True,validated,1
860ec324-9402-4176-941c-c08ff47598bd,prca03,likert5,4,4,True,validated,0
860ec324-9402-4176-941c-c08ff47598bd,prca04,likert5,1,5,True,validated,1
860ec324-9402-4176-941c-c08ff47598bd,prca05,likert5,1,1,True,validated,0
860ec324-9402-4176-941c-c08ff47598bd,prca06,likert5,4,2,True,validated,1
860ec324-9402-4176-941c-c08ff47598bd,prca13,likert5,2,2,True,validated,0
860ec324-9402-4176-941c-c08ff47598bd,prca14,likert5,5,1,True,validated,1
860ec324-9402-4176-941c-c08ff47598bd,prca15,likert5,1,1,True,validated,0
860ec324-9402-4176-941c-c08ff47598bd,prca16,likert5,3,3,True,validated,1
860ec324-9402-4176-941c-c08ff47598bd,prca17,likert5,1,5,True,validated,1
860ec324-9402-4176-941c-c08ff47598bd,prca18,likert5,2,2,True,validated,0
37a4a9c1-fe5e-4000-8f76-0faa662b1ed4,prca01,likert5,1,1,True,validated,0
37a4a9c1-fe5e-4000-8f76-0faa662b1ed4,prca02,likert5,5,1,True,validated,1
37a4a9c1-fe5e-4000-8f76-0faa662b1ed4,prca03,likert5,2,2,True,validated,0
37a4a9c1-fe5e-4000-8f76-0faa662b1ed4,prca04,likert5,3,3,True,validated,1
37a4a9c1-fe5e-4000-8f76-0faa662b1ed4,prca05,likert5,4,4,True,validated,0
37a4a9c1-fe5e-4000-8f76-0faa662b1ed4,prca06,likert5,4,2,True,validated,1
37a4a9c1-fe5e-4000-8f76-0faa662b1ed4,prca13,likert5,5,5,True,validated,0
37a4a9c1-fe5e-4000-8f76-0faa662b1ed4,prca14,likert5,4,2,True,validated,1
37a4a9c1-fe5e-4000-8f76-0faa662b1ed4,prca15,likert5,1,1,True,validated,0
37a4a9c1-fe5e-4000-8f76-0faa662b1ed4,prca16,likert5,2,4,True,validated,1
37a4a9c1-fe5e-4000-8f76-0faa662b1ed4,prca17,likert5,5,1,True,validated,1
37a4a9c1-fe5e-4000-8f76-0faa662b1ed4,prca18,likert5,2,2,True,validated,0
83b1295b-d92d-44d1-b9d2-9d7d4e72b8ae,prca01,likert5,4,4,True,validated,0
83b1295b-d92d-44d1-b9d2-9d7d4e72b8ae,prca02,likert5,2,4,True,validated,1
83b1295b-d92d-44d1-b9d2-9d7d4e72b8ae,prca03,likert5,3,3,True,validated,0
83b1295b-d92d-44d1-b9d2-9d7d4e72b8ae,prca04,likert5,5,1,True,validated,1
83b1295b-d92d-44d1-b9d2-9d7d4e72b8ae,prca05,likert5,4,4,True,validated,0
83b1295b-d92d-44d1-b9d2-9d7d4e72b8ae,prca06,likert5,4,2,True,validated,1
83b1295b-d92d-44d1-b9d2-9d7d4e72b8ae,prca13,likert5,4,4,True,validated,0
83b1295b-d92d-44d1-b9d2-9d7d4e72b8ae,prca14,likert5,2,4,True,validated,1
83b1295b-d92d-44d1-b9d2-9d7d4e72b8ae,prca15,likert5,5,5,True,validated,0
83b1295b-d92d-44d1-b9d2-9d7d4e72b8ae,prca16,likert5,3,3,True,validated,1
83b1295b-d92d-44d1-b9d2-9d7d4e72b8ae,prca17,likert5,1,5,True,validated,1
83b1295b-d92d-44d1-b9d2-9d7d4e72b8ae,prca18,likert5,3,3,True,validated,0
57b09ade-4fbb-436e-98dc-b8f5fcc0641f,prca01,likert5,5,5,True,validated,0
57b09ade-4fbb-436e-98dc-b8f5fcc0641f,prca02,likert5,3,3,True,validated,1
57b09ade-4fbb-436e-98dc-b8f5fcc0641f,prca03,likert5,4,4,True,validated,0
57b09ade-4fbb-436e-98dc-b8f5fcc0641f,prca04,likert5,3,3,True,validated,1
57b09ade-4fbb-436e-98dc-b8f5fcc0641f,prca05,likert5,4,4,True,validated,0
57b09ade-4fbb-436e-98dc-b8f5fcc0641f,prca06,likert5,3,3,True,validated,1
57b09ade-4fbb-436e-98dc-b8f5fcc0641f,prca13,likert5,2,2,True,validated,0
57b09ade-4fbb-436e-98dc-b8f5fcc0641f,prca14,likert5,3,3,True,validated,1
57b09ade-4fbb-436e-98dc-b8f5fcc0641f,prca15,likert5,1,1,True,validated,0
57b09ade-4fbb-436e-98dc-b8f5fcc0641f,prca16,likert5,4,2,True,validated,1
57b09ade-4fbb-436e-98dc-b8f5fcc0641f,prca17,likert5,2,4,True,validated,1
57b09ade-4fbb-436e-98dc-b8f5fcc0641f,prca18,likert5,1,1,True,validated,0
77062860-f8e6-4b1f-b202-33d0fdd5ebfa,prca01,likert5,2,2,True,validated,0
77062860-f8e6-4b1f-b202-33d0fdd5ebfa,prca02,likert5,3,3,True,validated,1
77062860-f8e6-4b1f-b202-33d0fdd5ebfa,prca03,likert5,2,2,True,validated,0
77062860-f8e6-4b1f-b202-33d0fdd5ebfa,prca04,likert5,3,3,True,validated,1
77062860-f8e6-4b1f-b202-33d0fdd5ebfa,prca05,likert5,1,1,True,validated,0
77062860-f8e6-4b1f-b202-33d0fdd5ebfa,prca06,likert5,3,3,True,validated,1
77062860-f8e6-4b1f-b202-33d0fdd5ebfa,prca13,likert5,4,4,True,validated,0
77062860-f8e6-4b1f-b202-33d0fdd5ebfa,prca14,likert5,4,2,True,validated,1
77062860-f8e6-4b1f-b202-33d0fdd5ebfa,prca15,likert5,3,3,True,validated,0
77062860-f8e6-4b1f-b202-33d0fdd5ebfa,prca16,likert5,3,3,True,validated,1
77062860-f8e6-4b1f-b202-33d0fdd5ebfa,prca17,likert5,4,2,True,validated,1
77062860-f8e6-4b1f-b202-33d0fdd5ebfa,prca18,likert5,3,3,True,validated,0
1579e43f-a5d3-4b2e-8b5c-c7f9b1bc1e36,prca01,likert5,4,4,True,validated,0
1579e43f-a5d3-4b2e-8b5c-c7f9b1bc1e36,prca02,likert5,5,1,True,validated,1
1579e43f-a5d3-4b2e-8b5c-c7f9b1bc1e36,prca03,likert5,3,3,True,validated,0
1579e43f-a5d3-4b2e-8b5c-c7f9b1bc1e36,prca04,likert5,5,1,True,validated,1
1579e43f-a5d3-4b2e-8b5c-c7f9b1bc1e36,prca05,likert5,5) strongly agree,4,True,recode,0
1579e43f-a5d3-4b2e-8b5c-c7f9b1bc1e36,prca06,likert5,3,3,True,validated,1
1579e43f-a5d3-4b2e-8b5c-c7f9b1bc1e36,prca13,likert5,5,5,True,validated,0
1579e43f-a5d3-4b2e-8b5c-c7f9b1bc1e36,prca14,likert5,4,2,True,validated,1
1579e43f-a5d3-4b2e-8b5c-c7f9b1bc1e36,prca15,likert5,3,3,True,validated,0
1579e43f-a5d3-4b2e-8b5c-c7f9b1bc1e36,prca16,likert5,2,4,True,validated,1
1579e43f-a5d3-4b2e-8b5c-c7f9b1bc1e36,prca17,likert5,3,3,True,validated,1
1579e43f-a5d3-4b2e-8b5c-c7f9b1bc1e36,prca18,likert5,4,4,True,validated,0
8ff0e5ae-61bc-4599-898f-59b0ccb9e41c,prca01,likert5,4,4,True,validated,0
8ff0e5ae-61bc-4599-898f-59b0ccb9e41c,prca02,likert5,2,4,True,validated,1
8ff0e5ae-61bc-4599-898f-59b0ccb9e41c,prca03,likert5,5,5,True,validated,0
8ff0e5ae-61bc-4599-898f-59b0ccb9e41c,prca04,likert5,5) strongly agree,3,True,recode,1
8ff0e5ae-61bc-4599-898f-59b0ccb9e41c,prca05,likert5,5,5,True,validated,0
8ff0e5ae-61bc-4599-898f-59b0ccb9e41c,prca06,likert5,5,1,True,validated,1
8ff0e5ae-61bc-4599-898f-59b0ccb9e41c,prca13,likert5,1,1,True,validated,0
8ff0e5ae-61bc-4599-898f-59b0ccb9e41c,prca14,likert5,2,4,True,validated,1
8ff0e5ae-61bc-4599-898f-59b0ccb9e41c,prca15,likert5,3,3,True,validated,0
8ff0e5ae-61bc-4599-898f-59b0ccb9e41c,prca16,likert5,4,2,True,validated,1
8ff0e5ae-61bc-4599-898f-59b0ccb9e41c,prca17,likert5,5,1,True,validated,1
8ff0e5ae-61bc-4599-898f-59b0ccb9e41c,prca18,likert5,4,4,True,validated,0
0ce0c09b-da76-46d8-95ed-3e70c713a30f,prca01,likert5,2,2,True,validated,0
0ce0c09b-da76-46d8-95ed-3e70c713a30f,prca02,likert5,3,3,True,validated,1
0ce0c09b-da76-46d8-95ed-3e70c713a30f,prca03,likert5,5,5,True,validated,0
0ce0c09b-da76-46d8-95ed-3e70c713a30f,prca04,likert5,4,2,True,validated,1
0ce0c09b-da76-46d8-95ed-3e70c713a30f,prca05,likert5,4,4,True,validated,0
0ce0c09b-da76-46d8-95ed-3e70c713a30f,prca06,likert5,4,2,True,validated,1
0ce0c09b-da76-46d8-95ed-3e70c713a30f,prca13,likert5,1,1,True,validated,0
0ce0c09b-da76-46d8-95ed-3e70c713a30f,prca14,likert5,3,3,True,validated,1
0ce0c09b-da76-46d8-95ed-3e70c713a30f,prca15,likert5,5,5,True,validated,0
0ce0c09b-da76-46d8-95ed-3e70c713a30f,prca16,likert5,5) strongly agree,2,True,recode,1
0ce0c09b-da76-46d8-95ed-3e70c713a30f,prca17,likert5,4,2,True,validated,1
0ce0c09b-da76-46d8-95ed-3e70c713a30f,prca18,likert5,1,1,True,validated,0
381ca554-97ac-4a43-a824-5e0fc7c248ca,prca01,likert5,3,3,True,validated,0
381ca554-97ac-4a43-a824-5e0fc7c248ca,prca02,likert5,3,3,True,validated,1
381ca554-97ac-4a43-a824-5e0fc7c248ca,prca03,likert5,4,4,True,validated,0
381ca554-97ac-4a43-a824-5e0fc7c248ca,prca04,likert5,4,2,True,validated,1
381ca554-97ac-4a43-a824-5e0fc7c248ca,prca05,likert5,1,1,True,validated,0
381ca554-97ac-4a43-a824-5e0fc7c248ca,prca06,likert5,1,5,True,validated,1
381ca554-97ac-4a43-a824-5e0fc7c248ca,prca13,likert5,3,3,True,validated,0
381ca554-97ac-4a43-a824-5e0fc7c248ca,prca14,likert5,4,2,True,validated,1
381ca554-97ac-4a43-a824-5e0fc7c248ca,prca15,likert5,1,1,True,validated,0
381ca554-97ac-4a43-a824-5e0fc7c248ca,prca16,likert5,2,4,True,validated,1
381ca554-97ac-4a43-a824-5e0fc7c248ca,prca17,likert5,1,5,True,validated,1
381ca554-97ac-4a43-a824-5e0fc7c248ca,prca18,likert5,1,1,True,validated,0
37fe62d9-fe0d-46ab-bdeb-3bc0a52d5edd,prca01,likert5,2,2,True,validated,0
37fe62d9-fe0d-46ab-bdeb-3bc0a52d5edd,prca02,likert5,1,5,True,validated,1
37fe62d9-fe0d-46ab-bdeb-3bc0a52d5edd,prca03,likert5,1,1,True,validated,0
37fe62d9-fe0d-46ab-bdeb-3bc0a52d5edd,prca04,likert5,3,3,True,validated,1
37fe62d9-fe0d-46ab-bdeb-3bc0a52d5edd,prca05,likert5,1,1,True,validated,0
37fe62d9-fe0d-46ab-bdeb-3bc0a52d5edd,prca06,likert5,5,1,True,validated,1
37fe62d9-fe0d-46ab-bdeb-3bc0a52d5edd,prca13,likert5,2,2,True,validated,0
37fe62d9-fe0d-46ab-bdeb-3bc0a52d5edd,prca14,likert5,2,4,True,validated,1
37fe62d9-fe0d-46ab-bdeb-3bc0a52d5edd,prca15,likert5,5,5,True,validated,0
37fe62d9-fe0d-46ab-bdeb-3bc0a52d5edd,prca16,likert5,2,4,True,validated,1
37fe62d9-fe0d-46ab-bdeb-3bc0a52d5edd,prca17,likert5,3,3,True,validated,1
37fe62d9-fe0d-46ab-bdeb-3bc0a52d5edd,prca18,likert5,4,4,True,validated,0
484e0a01-4df7-4ab4-9292-07861f54f07f,prca01,likert5,4,4,True,validated,0
484e0a01-4df7-4ab4-9292-07861f54f07f,prca02,likert5,5,1,True,validated,1
484e0a01-4df7-4ab4-9292-07861f54f07f,prca03,likert5,4,4,True,validated,0
484e0a01-4df7-4ab4-9292-07861f54f07f,prca04,likert5,3,3,True,validated,1
484e0a01-4df7-4ab4-9292-07861f54f07f,prca05,likert5,5,5,True,validated,0
484e0a01-4df7-4ab4-9292-07861f54f07f,prca06,likert5,2,4,True,validated,1
484e0a01-4df7-4ab4-9292-07861f54f07f,prca13,likert5,4,4,True,validated,0
484e0a01-4df7-4ab4-9292-07861f54f07f,prca14,likert5,3,3,True,validated,1
484e0a01-4df7-4ab4-9292-07861f54f07f,prca15,likert5,3,3,True,validated,0
484e0a01-4df7-4ab4-9292-07861f54f07f,prca16,likert5,3,3,True,validated,1
484e0a01-4df7-4ab4-9292-07861f54f07f,prca17,likert5,2,4,True,validated,1
484e0a01-4df7-4ab4-9292-07861f54f07f,prca18,likert5,3,3,True,validated,0
e9ad5ce1-7818-4011-aa2b-fa14f52ba911,prca01,likert5,1,1,True,validated,0
e9ad5ce1-7818-4011-aa2b-fa14f52ba911,prca02,likert5,2,4,True,validated,1
e9ad5ce1-7818-4011-aa2b-fa14f52ba911,prca03,likert5,4,4,True,validated,0
e9ad5ce1-7818-4011-aa2b-fa14f52ba911,prca04,likert5,5,1,True,validated,1
e9ad5ce1-7818-4011-aa2b-fa14f52ba911,prca05,likert5,4,4,True,validated,0
e9ad5ce1-7818-4011-aa2b-fa14f52ba911,prca06,likert5,4,2,True,validated,1
e9ad5ce1-7818-4011-aa2b-fa14f52ba911,prca13,likert5,5) strongly agree,4,True,recode,0
e9ad5ce1-7818-4011-aa2b-fa14f52ba911,prca14,likert5,4,2,True,validated,1
e9ad5ce1-7818-4011-aa2b-fa14f52ba911,prca15,likert5,1,1,True,validated,0
e9ad5ce1-7818-4011-aa2b-fa14f52ba911,prca16,likert5,2,4,True,validated,1
e9ad5ce1-7818-4011-aa2b-fa14f52ba911,prca17,likert5,1,5,True,validated,1
e9ad5ce1-7818-4011-aa2b-fa14f52ba911,prca18,likert5,4,4,True,validated,0
3ed68aee-2aa5-499f-81f2-271c6127d2ce,prca01,likert5,5,5,True,validated,0
3ed68aee-2aa5-499f-81f2-271c6127d2ce,prca02,likert5,2,4,True,validated,1
3ed68aee-2aa5-499f-81f2-271c6127d2ce,prca03,likert5,5,5,True,validated,0
3ed68aee-2aa5-499f-81f2-271c6127d2ce,prca04,likert5,4,2,True,validated,1
3ed68aee-2aa5-499f-81f2-271c6127d2ce,prca05,likert5,3,3,True,validated,0
3ed68aee-2aa5-499f-81f2-271c6127d2ce,prca06,likert5,1,5,True,validated,1
3ed68aee-2aa5-499f-81f2-271c6127d2ce,prca13,likert5,4,4,True,validated,0
3ed68aee-2aa5-499f-81f2-271c6127d2ce,prca14,likert5,3,3,True,validated,1
3ed68aee-2aa5-499f-81f2-271c6127d2ce,prca15,likert5,5) strongly agree,4,True,recode,0
3ed68aee-2aa5-499f-81f2-271c6127d2ce,prca16,likert5,1,5,True,validated,1
3ed68aee-2aa5-499f-81f2-271c6127d2ce,prca17,likert5,4,2,True,validated,1
3ed68aee-2aa5-499f-81f2-271c6127d2ce,prca18,likert5,5,5,True,validated,0
a75f5206-c03f-427e-85a1-0845067692e9,prca01,likert5,4,4,True,validated,0
a75f5206-c03f-427e-85a1-0845067692e9,prca02,likert5,3,3,True,validated,1
a75f5206-c03f-427e-85a1-0845067692e9,prca03,likert5,4,4,True,validated,0
a75f5206-c03f-427e-85a1-0845067692e9,prca04,likert5,4,2,True,validated,1
a75f5206-c03f-427e-85a1-0845067692e9,prca05,likert5,4,4,True,validated,0
a75f5206-c03f-427e-85a1-0845067692e9,prca06,likert5,3,3,True,validated,1
a75f5206-c03f-427e-85a1-0845067692e9,prca13,likert5,3,3,True,validated,0
a75f5206-c03f-427e-85a1-0845067692e9,prca14,likert5,5,1,True,validated,1
a75f5206-c03f-427e-85a1-0845067692e9,prca15,likert5,4,4,True,validated,0
a75f5206-c03f-427e-85a1-0845067692e9,prca16,likert5,5,1,True,validated,1
a75f5206-c03f-427e-85a1-0845067692e9,prca17,likert5,5,1,True,validated,1
a75f5206-c03f-427e-85a1-0845067692e9,prca18,likert5,1,1,True,validated,0
9cd2f74b-9888-4160-ad6b-de210cfef137,prca01,likert5,2,2,True,validated,0
9cd2f74b-9888-4160-ad6b-de210cfef137,prca02,likert5,4,2,True,validated,1
9cd2f74b-9888-4160-ad6b-de210cfef137,prca03,likert5,1,1,True,validated,0
9cd2f74b-9888-4160-ad6b-de210cfef137,prca04,likert5,5,1,True,validated,1
9cd2f74b-9888-4160-ad6b-de210cfef137,prca05,likert5,4,4,True,validated,0
9cd2f74b-9888-4160-ad6b-de210cfef137,prca06,likert5,1,5,True,validated,1
9cd2f74b-9888-4160-ad6b-de210cfef137,prca13,likert5,1,1,True,validated,0
9cd2f74b-9888-4160-ad6b-de210cfef137,prca14,likert5,3,3,True,validated,1
9cd2f74b-9888-4160-ad6b-de210cfef137,prca15,likert5,5,5,True,validated,0
9cd2f74b-9888-4160-ad6b-de210cfef137,prca16,likert5,4,2,True,validated,1
9cd2f74b-9888-4160-ad6b-de210cfef137,prca17,likert5,3,3,True,validated,1
9cd2f74b-9888-4160-ad6b-de210cfef137,prca18,likert5,1,1,True,validated,0
9fd5e37a-c3b7-49b8-8f97-90390d2c5f6f,prca01,likert5,2,2,True,validated,0
9fd5e37a-c3b7-49b8-8f97-90390d2c5f6f,prca02,likert5,1,5,True,validated,1
9fd5e37a-c3b7-49b8-8f97-90390d2c5f6f,prca03,likert5,2,2,True,validated,0
9fd5e37a-c3b7-49b8-8f97-90390d2c5f6f,prca04,likert5,5,1,True,validated,1
9fd5e37a-c3b7-49b8-8f97-90390d2c5f6f,prca05,likert5,4,4,True,validated,0
9fd5e37a-c3b7-49b8-8f97-90390d2c5f6f,prca06,likert5,5,1,True,validated,1
9fd5e37a-c3b7-49b8-8f97-90390d2c5f6f,prca13,likert5,3,3,True,validated,0
9fd5e37a-c3b7-49b8-8f97-90390d2c5f6f,prca14,likert5,4,2,True,validated,1
9fd5e37a-c3b7-49b8-8f97-90390d2c5f6f,prca15,likert5,5,5,True,validated,0
9fd5e37a-c3b7-49b8-8f97-90390d2c5f6f,prca16,likert5,4,2,True,validated,1
9fd5e37a-c3b7-49b8-8f97-90390d2c5f6f,prca17,likert5,3,3,True,validated,1
9fd5e37a-c3b7-49b8-8f97-90390d2c5f6f,prca18,likert5,1,1,True,validated,0
b157be69-5723-460e-afb0-d9ef5cd2abcc,prca01,likert5,2,2,True,validated,0
b157be69-5723-460e-afb0-d9ef5cd2abcc,prca02,likert5,5,1,True,validated,1
b157be69-5723-460e-afb0-d9ef5cd2abcc,prca03,likert5,2,2,True,validated,0
b157be69-5723-460e-afb0-d9ef5cd2abcc,prca04,likert5,2,4,True,validated,1
b157be69-5723-460e-afb0-d9ef5cd2abcc,prca05,likert5,1,1,True,validated,0
b157be69-5723-460e-afb0-d9ef5cd2abcc,prca06,likert5,4,2,True,validated,1
b157be69-5723-460e-afb0-d9ef5cd2abcc,prca13,likert5,5) strongly agree,4,True,recode,0
b157be69-5723-460e-afb0-d9ef5cd2abcc,prca14,likert5,3,3,True,validated,1
b157be69-5723-460e-afb0-d9ef5cd2abcc,prca15,likert5,4,4,True,validated,0
b157be69-5723-460e-afb0-d9ef5cd2abcc,prca16,likert5,5,1,True,validated,1
b157be69-5723-460e-afb0-d9ef5cd2abcc,prca17,likert5,1,5,True,validated,1
b157be69-5723-460e-afb0-d9ef5cd2abcc,prca18,likert5,5,5,True,validated,0
ab4a7cac-a5af-49ad-8332-81f51f412af9,prca01,likert5,5,5,True,validated,0
ab4a7cac-a5af-49ad-8332-81f51f412af9,prca02,likert5,5,1,True,validated,1
ab4a7cac-a5af-49ad-8332-81f51f412af9,prca03,likert5,2,2,True,validated,0
ab4a7cac-a5af-49ad-8332-81f51f412af9,prca04,likert5,4,2,True,validated,1
ab4a7cac-a5af-49ad-8332-81f51f412af9,prca05,likert5,1,1,True,validated,0
ab4a7cac-a5af-49ad-8332-81f51f412af9,prca06,likert5,5) strongly agree,3,True,recode,1
ab4a7cac-a5af-49ad-8332-81f51f412af9,prca13,likert5,4,4,True,validated,0
ab4a7cac-a5af-49ad-8332-81f51f412af9,prca14,likert5,4,2,True,validated,1
ab4a7cac-a5af-49ad-8332-81f51f412af9,prca15,likert5,4,4,True,validated,0
ab4a7cac-a5af-49ad-8332-81f51f412af9,prca16,likert5,4,2,True,validated,1
ab4a7cac-a5af-49ad-8332-81f51f412af9,prca17,likert5,3,3,True,validated,1
ab4a7cac-a5af-49ad-8332-81f51f412af9,prca18,likert5,5) strongly agree,5,True,recode,0
b4661b5a-21b4-4f59-91c0-5d5ab6f4a3e9,prca01,likert5,2,2,True,validated,0
b4661b5a-21b4-4f59-91c0-5d5ab6f4a3e9,prca02,likert5,2,4,True,validated,1
b4661b5a-21b4-4f59-91c0-5d5ab6f4a3e9,prca03,likert5,1,1,True,validated,0
b4661b5a-21b4-4f59-91c0-5d5ab6f4a3e9,prca04,likert5,1,5,True,validated,1
b4661b5a-21b4-4f59-91c0-5d5ab6f4a3e9,prca05,likert5,3,3,True,validated,0
b4661b5a-21b4-4f59-91c0-5d5ab6f4a3e9,prca06,likert5,1,5,True,validated,1
b4661b5a-21b4-4f59-91c0-5d5ab6f4a3e9,prca13,likert5,1,1,True,validated,0
b4661b5a-21b4-4f59-91c0-5d5ab6f4a3e9,prca14,likert5,4,2,True,validated,1
b4661b5a-21b4-4f59-91c0-5d5ab6f4a3e9,prca15,likert5,3,3,True,validated,0
b4661b5a-21b4-4f59-91c0-5d5ab6f4a3e9,prca16,likert5,4,2,True,validated,1
b4661b5a-21b4-4f59-91c0-5d5ab6f4a3e9,prca17,likert5,3,3,True,validated,1
b4661b5a-21b4-4f59-91c0-5d5ab6f4a3e9,prca18,likert5,4,4,True,validated,0
d7b0b2c6-c5d5-4822-a88a-526fda01b38f,prca01,likert5,4,4,True,validated,0
d7b0b2c6-c5d5-4822-a88a-526fda01b38f,prca02,likert5,3,3,True,validated,1
d7b0b2c6-c5d5-4822-a88a-526fda01b38f,prca03,likert5,4,4,True,validated,0
d7b0b2c6-c5d5-4822-a88a-526fda01b38f,prca04,likert5,2,4,True,validated,1
d7b0b2c6-c5d5-4822-a88a-526fda01b38f,prca05,likert5,4,4,True,validated,0
d7b0b2c6-c5d5-4822-a88a-526fda01b38f,prca06,likert5,1,5,True,validated,1
d7b0b2c6-c5d5-4822-a88a-526fda01b38f,prca13,likert5,4,4,True,validated,0
d7b0b2c6-c5d5-4822-a88a-526fda01b38f,prca14,likert5,5,1,True,validated,1
d7b0b2c6-c5d5-4822-a88a-526fda01b38f,prca15,likert5,2,2,True,validated,0
d7b0b2c6-c5d5-4822-a88a-526fda01b38f,prca16,likert5,4,2,True,validated,1
d7b0b2c6-c5d5-4822-a88a-526fda01b38f,prca17,likert5,4,2,True,validated,1
d7b0b2c6-c5d5-4822-a88a-526fda01b38f,prca18,likert5,3,3,True,validated,0
77eb268d-02bb-424a-858b-187bfa6b0ce8,prca01,likert5,4,4,True,validated,0
77eb268d-02bb-424a-858b-187bfa6b0ce8,prca02,likert5,1,5,True,validated,1
77eb268d-02bb-424a-858b-187bfa6b0ce8,prca03,likert5,5) strongly agree,3,True,recode,0
77eb268d-02bb-424a-858b-187bfa6b0ce8,prca04,likert5,3,3,True,validated,1
77eb268d-02bb-424a-858b-187bfa6b0ce8,prca05,likert5,1,1,True,validated,0
77eb268d-02bb-424a-858b-187bfa6b0ce8,prca06,likert5,1,5,True,validated,1
77eb268d-02bb-424a-858b-187bfa6b0ce8,prca13,likert5,4,4,True,validated,0
77eb268d-02bb-424a-858b-187bfa6b0ce8,prca14,likert5,5,1,True,validated,1
77eb268d-02bb-424a-858b-187bfa6b0ce8,prca15,likert5,4,4,True,validated,0
77eb268d-02bb-424a-858b-187bfa6b0ce8,prca16,likert5,4,2,True,validated,1
77eb268d-02bb-424a-858b-187bfa6b0ce8,prca17,likert5,2,4,True,validated,1
77eb268d-02bb-424a-858b-187bfa6b0ce8,prca18,likert5,4,4,True,validated,0
0ddeba33-cf69-4a6d-a590-72732fe02383,prca01,likert5,3,3,True,validated,0
0ddeba33-cf69-4a6d-a590-72732fe02383,prca02,likert5,1,5,True,validated,1
0ddeba33-cf69-4a6d-a590-72732fe02383,prca03,likert5,5,5,True,validated,0
0ddeba33-cf69-4a6d-a590-72732fe02383,prca04,likert5,3,3,True,validated,1
0ddeba33-cf69-4a6d-a590-72732fe02383,prca05,likert5,1,1,True,validated,0
0ddeba33-cf69-4a6d-a590-72732fe02383,prca06,likert5,4,2,True,validated,1
0ddeba33-cf69-4a6d-a590-72732fe02383,prca13,likert5,4,4,True,validated,0
0ddeba33-cf69-4a6d-a590-72732fe02383,prca14,likert5,4,2,True,validated,1
0ddeba33-cf69-4a6d-a590-72732fe02383,prca15,likert5,4,4,True,validated,0
0ddeba33-cf69-4a6d-a590-72732fe02383,prca16,likert5,4,2,True,validated,1
0ddeba33-cf69-4a6d-a590-72732fe02383,prca17,likert5,3,3,True,validated,1
0ddeba33-cf69-4a6d-a590-72732fe02383,prca18,likert5,2,2,True,validated,0
1709b463-836b-4449-bee4-0b6d2baaad1e,prca01,likert5,1,1,True,validated,0
1709b463-836b-4449-bee4-0b6d2baaad1e,prca02,likert5,2,4,True,validated,1
1709b463-836b-4449-bee4-0b6d2baaad1e,prca03,likert5,5) strongly agree,3,True,recode,0
1709b463-836b-4449-bee4-0b6d2baaad1e,prca04,likert5,4,2,True,validated,1
1709b463-836b-4449-bee4-0b6d2baaad1e,prca05,likert5,2,2,True,validated,0
1709b463-836b-4449-bee4-0b6d2baaad1e,prca06,likert5,3,3,True,validated,1
1709b463-836b-4449-bee4-0b6d2baaad1e,prca13,likert5,4,4,True,validated,0
1709b463-836b-4449-bee4-0b6d2baaad1e,prca14,likert5,1,5,True,validated,1
1709b463-836b-4449-bee4-0b6d2baaad1e,prca15,likert5,1,1,True,validated,0
1709b463-836b-4449-bee4-0b6d2baaad1e,prca16,likert5,3,3,True,validated,1
1709b463-836b-4449-bee4-0b6d2baaad1e,prca17,likert5,5,1,True,validated,1
1709b463-836b-4449-bee4-0b6d2baaad1e,prca18,likert5,4,4,True,validated,0
9a16c0b5-1e6e-4900-9e54-e5bcb9e02f64,prca01,likert5,5) strongly agree,2,True,recode,0
9a16c0b5-1e6e-4900-9e54-e5bcb9e02f64,prca02,likert5,2,4,True,validated,1
9a16c0b5-1e6e-4900-9e54-e5bcb9e02f64,prca03,likert5,4,4,True,validated,0
9a16c0b5-1e6e-4900-9e54-e5bcb9e02f64,prca04,likert5,3,3,True,validated,1
9a16c0b5-1e6e-4900-9e54-e5bcb9e02f64,prca05,likert5,3,3,True,validated,0
9a16c0b5-1e6e-4900-9e54-e5bcb9e02f64,prca06,likert5,3,3,True,validated,1
9a16c0b5-1e6e-4900-9e54-e5bcb9e02f64,prca13,likert5,1,1,True,validated,0
9a16c0b5-1e6e-4900-9e54-e5bcb9e02f64,prca14,likert5,3,3,True,validated,1
9a16c0b5-1e6e-4900-9e54-e5bcb9e02f64,prca15,likert5,5,5,True,validated,0
9a16c0b5-1e6e-4900-9e54-e5bcb9e02f64,prca16,likert5,5) strongly agree,2,True,recode,1
9a16c0b5-1e6e-4900-9e54-e5bcb9e02f64,prca17,likert5,4,2,True,validated,1
9a16c0b5-1e6e-4900-9e54-e5bcb9e02f64,prca18,likert5,3,3,True,validated,0
a6a55cfc-bd0f-4598-87b4-853e186d74b4,prca01,likert5,1,1,True,validated,0
a6a55cfc-bd0f-4598-87b4-853e186d74b4,prca02,likert5,4,2,True,validated,1
a6a55cfc-bd0f-4598-87b4-853e186d74b4,prca03,likert5,1,1,True,validated,0
a6a55cfc-bd0f-4598-87b4-853e186d74b4,prca04,likert5,4,2,True,validated,1
a6a55cfc-bd0f-4598-87b4-853e186d74b4,prca05,likert5,3,3,True,validated,0
a6a55cfc-bd0f-4598-87b4-853e186d74b4,prca06,likert5,3,3,True,validated,1
a6a55cfc-bd0f-4598-87b4-853e186d74b4,prca13,likert5,1,1,True,validated,0
a6a55cfc-bd0f-4598-87b4-853e186d74b4,prca14,likert5,2,4,True,validated,1
a6a55cfc-bd0f-4598-87b4-853e186d74b4,prca15,likert5,1,1,True,validated,0
a6a55cfc-bd0f-4598-87b4-853e186d74b4,prca16,likert5,3,3,True,validated,1
a6a55cfc-bd0f-4598-87b4-853e186d74b4,prca17,likert5,4,2,True,validated,1
a6a55cfc-bd0f-4598-87b4-853e186d74b4,prca18,likert5,5,5,True,validated,0
c719af93-93ee-411c-a895-cb5c617c9c99,prca01,likert5,4,4,True,validated,0
c719af93-93ee-411c-a895-cb5c617c9c99,prca02,likert5,4,2,True,validated,1
c719af93-93ee-411c-a895-cb5c617c9c99,prca03,likert5,3,3,True,validated,0
c719af93-93ee-411c-a895-cb5c617c9c99,prca04,likert5,3,3,True,validated,1
c719af93-93ee-411c-a895-cb5c617c9c99,prca05,likert5,1,1,True,validated,0
c719af93-93ee-411c-a895-cb5c617c9c99,prca06,likert5,1,5,True,validated,1
c719af93-93ee-411c-a895-cb5c617c9c99,prca13,likert5,1,1,True,validated,0
c719af93-93ee-411c-a895-cb5c617c9c99,prca14,likert5,4,2,True,validated,1
c719af93-93ee-411c-a895-cb5c617c9c99,prca15,likert5,5,5,True,validated,0
c719af93-93ee-411c-a895-cb5c617c9c99,prca16,likert5,4,2,True,validated,1
c719af93-93ee-411c-a895-cb5c617c9c99,prca17,likert5,3,3,True,validated,1
c719af93-93ee-411c-a895-cb5c617c9c99,prca18,likert5,2,2,True,validated,0
5419c901-59eb-4713-b967-cbf54be627a0,prca01,likert5,1,1,True,validated,0
5419c901-59eb-4713-b967-cbf54be627a0,prca02,likert5,3,3,True,validated,1
5419c901-59eb-4713-b967-cbf54be627a0,prca03,likert5,2,2,True,validated,0
5419c901-59eb-4713-b967-cbf54be627a0,prca04,likert5,3,3,True,validated,1
5419c901-59eb-4713-b967-cbf54be627a0,prca05,likert5,3,3,True,validated,0
5419c901-59eb-4713-b967-cbf54be627a0,prca06,likert5,1,5,True,validated,1
5419c901-59eb-4713-b967-cbf54be627a0,prca13,likert5,3,3,True,validated,0
5419c901-59eb-4713-b967-cbf54be627a0,prca14,likert5,3,3,True,validated,1
5419c901-59eb-4713-b967-cbf54be627a0,prca15,likert5,3,3,True,validated,0
5419c901-59eb-4713-b967-cbf54be627a0,prca16,likert5,4,2,True,validated,1
5419c901-59eb-4713-b967-cbf54be627a0,prca17,likert5,1,5,True,validated,1
5419c901-59eb-4713-b967-cbf54be627a0,prca18,likert5,1,1,True,validated,0
d5d1fbae-1aa0-4719-8305-97bbee4f2d53,prca01,likert5,1,1,True,validated,0
d5d1fbae-1aa0-4719-8305-97bbee4f2d53,prca02,likert5,5,1,True,validated,1
d5d1fbae-1aa0-4719-8305-97bbee4f2d53,prca03,likert5,5,5,True,validated,0
d5d1fbae-1aa0-4719-8305-97bbee4f2d53,prca04,likert5,2,4,True,validated,1
d5d1fbae-1aa0-4719-8305-97bbee4f2d53,prca05,likert5,4,4,True,validated,0
d5d1fbae-1aa0-4719-8305-97bbee4f2d53,prca06,likert5,1,5,True,validated,1
d5d1fbae-1aa0-4719-8305-97bbee4f2d53,prca13,likert5,3,3,True,validated,0
d5d1fbae-1aa0-4719-8305-97bbee4f2d53,prca14,likert5,3,3,True,validated,1
d5d1fbae-1aa0-4719-8305-97bbee4f2d53,prca15,likert5,4,4,True,validated,0
d5d1fbae-1aa0-4719-8305-97bbee4f2d53,prca16,likert5,3,3,True,validated,1
d5d1fbae-1aa0-4719-8305-97bbee4f2d53,prca17,likert5,5) strongly agree,2,True,recode,1
d5d1fbae-1aa0-4719-8305-97bbee4f2d53,prca18,likert5,1,1,True,validated,0
1a22b931-3e59-4264-83a7-16799e8ea7d5,prca01,likert5,1,1,True,validated,0
1a22b931-3e59-4264-83a7-16799e8ea7d5,prca02,likert5,5,1,True,validated,1
1a22b931-3e59-4264-83a7-16799e8ea7d5,prca03,likert5,5,5,True,validated,0
1a22b931-3e59-4264-83a7-16799e8ea7d5,prca04,likert5,4,2,True,validated,1
1a22b931-3e59-4264-83a7-16799e8ea7d5,prca05,likert5,3,3,True,validated,0
1a22b931-3e59-4264-83a7-16799e8ea7d5,prca06,likert5,3,3,True,validated,1
1a22b931-3e59-4264-83a7-16799e8ea7d5,prca13,likert5,1,1,True,validated,0
1a22b931-3e59-4264-83a7-16799e8ea7d5,prca14,likert5,5) strongly agree,1,True,recode,1
1a22b931-3e59-4264-83a7-16799e8ea7d5,prca15,likert5,5,5,True,validated,0
1a22b931-3e59-4264-83a7-16799e8ea7d5,prca16,likert5,3,3,True,validated,1
1a22b931-3e59-4264-83a7-16799e8ea7d5,prca17,likert5,1,5,True,validated,1
1a22b931-3e59-4264-83a7-16799e8ea7d5,prca18,likert5,3,3,True,validated,0
5db31535-3128-47d6-9fa5-6a5f5a82a96e,prca01,likert5,3,3,True,validated,0
5db31535-3128-47d6-9fa5-6a5f5a82a96e,prca02,likert5,2,4,True,validated,1
5db31535-3128-47d6-9fa5-6a5f5a82a96e,prca03,likert5,1,1,True,validated,0
5db31535-3128-47d6-9fa5-6a5f5a82a96e,prca04,likert5,1,5,True,validated,1
5db31535-3128-47d6-9fa5-6a5f5a82a96e,prca05,likert5,4,4,True,validated,0
5db31535-3128-47d6-9fa5-6a5f5a82a96e,prca06,likert5,5,1,True,validated,1
5db31535-3128-47d6-9fa5-6a5f5a82a96e,prca13,likert5,5,5,True,validated,0
5db31535-3128-47d6-9fa5-6a5f5a82a96e,prca14,likert5,5,1,True,validated,1
5db31535-3128-47d6-9fa5-6a5f5a82a96e,prca15,likert5,5) strongly agree,5,True,recode,0
5db31535-3128-47d6-9fa5-6a5f5a82a96e,prca16,likert5,4,2,True,validated,1
5db31535-3128-47d6-9fa5-6a5f5a82a96e,prca17,likert5,1,5,True,validated,1
5db31535-3128-47d6-9fa5-6a5f5a82a96e,prca18,likert5,1,1,True,validated,0
0d5bc5f0-7dfc-4111-8bc9-d38a5542595e,prca01,likert5,3,3,True,validated,0
0d5bc5f0-7dfc-4111-8bc9-d38a5542595e,prca02,likert5,5,1,True,validated,1
0d5bc5f0-7dfc-4111-8bc9-d38a5542595e,prca03,likert5,5,5,True,validated,0
0d5bc5f0-7dfc-4111-8bc9-d38a5542595e,prca04,likert5,3,3,True,validated,1
0d5bc5f0-7dfc-4111-8bc9-d38a5542595e,prca05,likert5,1,1,True,validated,0
0d5bc5f0-7dfc-4111-8bc9-d38a5542595e,prca06,likert5,2,4,True,validated,1
0d5bc5f0-7dfc-4111-8bc9-d38a5542595e,prca13,likert5,4,4,True,validated,0
0d5bc5f0-7dfc-4111-8bc9-d38a5542595e,prca14,likert5,1,5,True,validated,1
0d5bc5f0-7dfc-4111-8bc9-d38a5542595e,prca15,likert5,1,1,True,validated,0
0d5bc5f0-7dfc-4111-8bc9-d38a5542595e,prca16,likert5,4,2,True,validated,1
0d5bc5f0-7dfc-4111-8bc9-d38a5542595e,prca17,likert5,4,2,True,validated,1
0d5bc5f0-7dfc-4111-8bc9-d38a5542595e,prca18,likert5,3,3,True,validated,0
61825425-2edf-4f4e-b4fe-e960c02ad6dc,prca01,likert5,1,1,True,validated,0
61825425-2edf-4f4e-b4fe-e960c02ad6dc,prca02,likert5,2,4,True,validated,1
61825425-2edf-4f4e-b4fe-e960c02ad6dc,prca03,likert5,1,1,True,validated,0
61825425-2edf-4f4e-b4fe-e960c02ad6dc,prca04,likert5,4,2,True,validated,1
61825425-2edf-4f4e-b4fe-e960c02ad6dc,prca05,likert5,3,3,True,validated,0
61825425-2edf-4f4e-b4fe-e960c02ad6dc,prca06,likert5,2,4,True,validated,1
61825425-2edf-4f4e-b4fe-e960c02ad6dc,prca13,likert5,1,1,True,validated,0
61825425-2edf-4f4e-b4fe-e960c02ad6dc,prca14,likert5,2,4,True,validated,1
61825425-2edf-4f4e-b4fe-e960c02ad6dc,prca15,likert5,3,3,True,validated,0
61825425-2edf-4f4e-b4fe-e960c02ad6dc,prca16,likert5,4,2,True,validated,1
61825425-2edf-4f4e-b4fe-e960c02ad6dc,prca17,likert5,5,1,True,validated,1
61825425-2edf-4f4e-b4fe-e960c02ad6dc,prca18,likert5,5,5,True,validated,0
8b0b1b14-39f4-45ae-b863-9f2117277694,prca01,likert5,3,3,True,validated,0
8b0b1b14-39f4-45ae-b863-9f2117277694,prca02,likert5,2,4,True,validated,1
8b0b1b14-39f4-45ae-b863-9f2117277694,prca03,likert5,4,4,True,validated,0
8b0b1b14-39f4-45ae-b863-9f2117277694,prca04,likert5,5,1,True,validated,1
8b0b1b14-39f4-45ae-b863-9f2117277694,prca05,likert5,4,4,True,validated,0
8b0b1b14-39f4-45ae-b863-9f2117277694,prca06,likert5,3,3,True,validated,1
8b0b1b14-39f4-45ae-b863-9f2117277694,prca13,likert5,3,3,True,validated,0
8b0b1b14-39f4-45ae-b863-9f2117277694,prca14,likert5,4,2,True,validated,1
8b0b1b14-39f4-45ae-b863-9f2117277694,prca15,likert5,4,4,True,validated,0
8b0b1b14-39f4-45ae-b863-9f2117277694,prca16,likert5,4,2,True,validated,1
8b0b1b14-39f4-45ae-b863-9f2117277694,prca17,likert5,4,2,True,validated,1
8b0b1b14-39f4-45ae-b863-9f2117277694,prca18,likert5,2,2,True,validated,0
0c41c601-61c7-42e1-a4a2-d68865b65bcd,prca01,likert5,2,2,True,validated,0
0c41c601-61c7-42e1-a4a2-d68865b65bcd,prca02,likert5,2,4,True,validated,1
0c41c601-61c7-42e1-a4a2-d68865b65bcd,prca03,likert5,4,4,True,validated,0
0c41c601-61c7-42e1-a4a2-d68865b65bcd,prca04,likert5,4,2,True,validated,1
0c41c601-61c7-42e1-a4a2-d68865b65bcd,prca05,likert5,2,2,True,validated,0
0c41c601-61c7-42e1-a4a2-d68865b65bcd,prca06,likert5,3,3,True,validated,1
0c41c601-61c7-42e1-a4a2-d68865b65bcd,prca13,likert5,1,1,True,validated,0
0c41c601-61c7-42e1-a4a2-d68865b65bcd,prca14,likert5,3,3,True,validated,1
0c41c601-61c7-42e1-a4a2-d68865b65bcd,prca15,likert5,5,5,True,validated,0
0c41c601-61c7-42e1-a4a2-d68865b65bcd,prca16,likert5,4,2,True,validated,1
0c41c601-61c7-42e1-a4a2-d68865b65bcd,prca17,likert5,1,5,True,validated,1
0c41c601-61c7-42e1-a4a2-d68865b65bcd,prca18,likert5,2,2,True,validated,0
b015bebd-f11e-46fb-ba91-4eff3bf5b092,prca01,likert5,4,4,True,validated,0
b015bebd-f11e-46fb-ba91-4eff3bf5b092,prca02,likert5,4,2,True,validated,1
b015bebd-f11e-46fb-ba91-4eff3bf5b092,prca03,likert5,5,5,True,validated,0
b015bebd-f11e-46fb-ba91-4eff3bf5b092,prca04,likert5,5) strongly agree,3,True,recode,1
b015bebd-f11e-46fb-ba91-4eff3bf5b092,prca05,likert5,1,1,True,validated,0
b015bebd-f11e-46fb-ba91-4eff3bf5b092,prca06,likert5,4,2,True,validated,1
b015bebd-f11e-46fb-ba91-4eff3bf5b092,prca13,likert5,5,5,True,validated,0
b015bebd-f11e-46fb-ba91-4eff3bf5b092,prca14,likert5,1,5,True,validated,1
b015bebd-f11e-46fb-ba91-4eff3bf5b092,prca15,likert5,4,4,True,validated,0
b015bebd-f11e-46fb-ba91-4eff3bf5b092,prca16,likert5,3,3,True,validated,1
b015bebd-f11e-46fb-ba91-4eff3bf5b092,prca17,likert5,3,3,True,validated,1
b015bebd-f11e-46fb-ba91-4eff3bf5b092,prca18,likert5,4,4,True,validated,0
e31e2d32-b9a0-4d7d-9166-f4c9d4ff6e9e,prca01,likert5,5,5,True,validated,0
e31e2d32-b9a0-4d7d-9166-f4c9d4ff6e9e,prca02,likert5,2,4,True,validated,1
e31e2d32-b9a0-4d7d-9166-f4c9d4ff6e9e,prca03,likert5,2,2,True,validated,0
e31e2d32-b9a0-4d7d-9166-f4c9d4ff6e9e,prca04,likert5,5) strongly agree,1,True,recode,1
e31e2d32-b9a0-4d7d-9166-f4c9d4ff6e9e,prca05,likert5,5,5,True,validated,0
e31e2d32-b9a0-4d7d-9166-f4c9d4ff6e9e,prca06,likert5,5,1,True,validated,1
e31e2d32-b9a0-4d7d-9166-f4c9d4ff6e9e,prca13,likert5,3,3,True,validated,0
e31e2d32-b9a0-4d7d-9166-f4c9d4ff6e9e,prca14,likert5,5,1,True,validated,1
e31e2d32-b9a0-4d7d-9166-f4c9d4ff6e9e,prca15,likert5,3,3,True,validated,0
e31e2d32-b9a0-4d7d-9166-f4c9d4ff6e9e,prca16,likert5,5,1,True,validated,1
e31e2d32-b9a0-4d7d-9166-f4c9d4ff6e9e,prca17,likert5,5,1,True,validated,1
e31e2d32-b9a0-4d7d-9166-f4c9d4ff6e9e,prca18,likert5,2,2,True,validated,0
bba8d2c5-541c-4406-8cf3-5e9a461fac3e,prca01,likert5,3,3,True,validated,0
bba8d2c5-541c-4406-8cf3-5e9a461fac3e,prca02,likert5,2,4,True,validated,1
bba8d2c5-541c-4406-8cf3-5e9a461fac3e,prca03,likert5,4,4,True,validated,0
bba8d2c5-541c-4406-8cf3-5e9a461fac3e,prca04,likert5,1,5,True,validated,1
bba8d2c5-541c-4406-8cf3-5e9a461fac3e,prca05,likert5,4,4,True,validated,0
bba8d2c5-541c-4406-8cf3-5e9a461fac3e,prca06,likert5,5,1,True,validated,1
bba8d2c5-541c-4406-8cf3-5e9a461fac3e,prca13,likert5,1,1,True,validated,0
bba8d2c5-541c-4406-8cf3-5e9a461fac3e,prca14,likert5,3,3,True,validated,1
bba8d2c5-541c-4406-8cf3-5e9a461fac3e,prca15,likert5,5,5,True,validated,0
bba8d2c5-541c-4406-8cf3-5e9a461fac3e,prca16,likert5,5,1,True,validated,1
bba8d2c5-541c-4406-8cf3-5e9a461fac3e,prca17,likert5,1,5,True,validated,1
bba8d2c5-541c-4406-8cf3-5e9a461fac3e,prca18,likert5,4,4,True,validated,0
3072dbc7-c6c5-4aa3-81c2-745b5235f3bd,prca01,likert5,2,2,True,validated,0
3072dbc7-c6c5-4aa3-81c2-745b5235f3bd,prca02,likert5,1,5,True,validated,1
3072dbc7-c6c5-4aa3-81c2-745b5235f3bd,prca03,likert5,1,1,True,validated,0
3072dbc7-c6c5-4aa3-81c2-745b5235f3bd,prca04,likert5,1,5,True,validated,1
3072dbc7-c6c5-4aa3-81c2-745b5235f3bd,prca05,likert5,2,2,True,validated,0
3072dbc7-c6c5-4aa3-81c2-745b5235f3bd,prca06,likert5,1,5,True,validated,1
3072dbc7-c6c5-4aa3-81c2-745b5235f3bd,prca13,likert5,2,2,True,validated,0
3072dbc7-c6c5-4aa3-81c2-745b5235f3bd,prca14,likert5,4,2,True,validated,1
3072dbc7-c6c5-4aa3-81c2-745b5235f3bd,prca15,likert5,2,2,True,validated,0
3072dbc7-c6c5-4aa3-81c2-745b5235f3bd,prca16,likert5,3,3,True,validated,1
3072dbc7-c6c5-4aa3-81c2-745b5235f3bd,prca17,likert5,1,5,True,validated,1
3072dbc7-c6c5-4aa3-81c2-745b5235f3bd,prca18,likert5,3,3,True,validated,0
411ce706-fe4f-4aba-88ba-bbe140f6dddb,prca01,likert5,1,1,True,validated,0
411ce706-fe4f-4aba-88ba-bbe140f6dddb,prca02,likert5,3,3,True,validated,1
411ce706-fe4f-4aba-88ba-bbe140f6dddb,prca03,likert5,3,3,True,validated,0
411ce706-fe4f-4aba-88ba-bbe140f6dddb,prca04,likert5,5,1,True,validated,1
411ce706-fe4f-4aba-88ba-bbe140f6dddb,prca05,likert5,2,2,True,validated,0
411ce706-fe4f-4aba-88ba-bbe140f6dddb,prca06,likert5,5,1,True,validated,1
411ce706-fe4f-4aba-88ba-bbe140f6dddb,prca13,likert5,5,5,True,validated,0
411ce706-fe4f-4aba-88ba-bbe140f6dddb,prca14,likert5,5,1,True,validated,1
411ce706-fe4f-4aba-88ba-bbe140f6dddb,prca15,likert5,5,5,True,validated,0
411ce706-fe4f-4aba-88ba-bbe140f6dddb,prca16,likert5,5,1,True,validated,1
411ce706-fe4f-4aba-88ba-bbe140f6dddb,prca17,likert5,1,5,True,validated,1
411ce706-fe4f-4aba-88ba-bbe140f6dddb,prca18,likert5,2,2,True,validated,0
cbff2034-fe2d-403e-8f69-34c3abbba4b9,prca01,likert5,4,4,True,validated,0
cbff2034-fe2d-403e-8f69-34c3abbba4b9,prca02,likert5,5,1,True,validated,1
cbff2034-fe2d-403e-8f69-34c3abbba4b9,prca03,likert5,1,1,True,validated,0
cbff2034-fe2d-403e-8f69-34c3abbba4b9,prca04,likert5,1,5,True,validated,1
cbff2034-fe2d-403e-8f69-34c3abbba4b9,prca05,likert5,4,4,True,validated,0
cbff2034-fe2d-403e-8f69-34c3abbba4b9,prca06,likert5,3,3,True,validated,1
cbff2034-fe2d-403e-8f69-34c3abbba4b9,prca13,likert5,4,4,True,validated,0
cbff2034-fe2d-403e-8f69-34c3abbba4b9,prca14,likert5,4,2,True,validated,1
cbff2034-fe2d-403e-8f69-34c3abbba4b9,prca15,likert5,2,2,True,validated,0
cbff2034-fe2d-403e-8f69-34c3abbba4b9,prca16,likert5,4,2,True,validated,1
cbff2034-fe2d-403e-8f69-34c3abbba4b9,prca17,likert5,4,2,True,validated,1
cbff2034-fe2d-403e-8f69-34c3abbba4b9,prca18,likert5,4,4,True,validated,0
001e0abb-e1f8-4dd2-8938-c01af5292150,prca01,likert5,4,4,True,validated,0
001e0abb-e1f8-4dd2-8938-c01af5292150,prca02,likert5,3,3,True,validated,1
001e0abb-e1f8-4dd2-8938-c01af5292150,prca03,likert5,3,3,True,validated,0
001e0abb-e1f8-4dd2-8938-c01af5292150,prca04,likert5,2,4,True,validated,1
001e0abb-e1f8-4dd2-8938-c01af5292150,prca05,likert5,2,2,True,validated,0
001e0abb-e1f8-4dd2-8938-c01af5292150,prca06,likert5,3,3,True,validated,1
001e0abb-e1f8-4dd2-8938-c01af5292150,prca13,likert5,2,2,True,validated,0
001e0abb-e1f8-4dd2-8938-c01af5292150,prca14,likert5,2,4,True,validated,1
001e0abb-e1f8-4dd2-8938-c01af5292150,prca15,likert5,5) strongly agree,4,True,recode,0
001e0abb-e1f8-4dd2-8938-c01af5292150,prca16,likert5,3,3,True,validated,1
001e0abb-e1f8-4dd2-8938-c01af5292150,prca17,likert5,5) strongly agree,2,True,recode,1
001e0abb-e1f8-4dd2-8938-c01af5292150,prca18,likert5,5,5,True,validated,0
b51935ae-0caa-43f4-94f9-633bb65c1837,prca01,likert5,4,4,True,validated,0
b51935ae-0caa-43f4-94f9-633bb65c1837,prca02,likert5,1,5,True,validated,1
b51935ae-0caa-43f4-94f9-633bb65c1837,prca03,likert5,4,4,True,validated,0
b51935ae-0caa-43f4-94f9-633bb65c1837,prca04,likert5,4,2,True,validated,1
b51935ae-0caa-43f4-94f9-633bb65c1837,prca05,likert5,5,5,True,validated,0
b51935ae-0caa-43f4-94f9-633bb65c1837,prca06,likert5,3,3,True,validated,1
b51935ae-0caa-43f4-94f9-633bb65c1837,prca13,likert5,5,5,True,validated,0
b51935ae-0caa-43f4-94f9-633bb65c1837,prca14,likert5,2,4,True,validated,1
b51935ae-0caa-43f4-94f9-633bb65c1837,prca15,likert5,3,3,True,validated,0
b51935ae-0caa-43f4-94f9-633bb65c1837,prca16,likert5,5) strongly agree,1,True,recode,1
b51935ae-0caa-43f4-94f9-633bb65c1837,prca17,likert5,2,4,True,validated,1
b51935ae-0caa-43f4-94f9-633bb65c1837,prca18,likert5,3,3,True,validated,0
78911405-04b5-4705-b5fe-a14f452fb493,prca01,likert5,1,1,True,validated,0
78911405-04b5-4705-b5fe-a14f452fb493,prca02,likert5,4,2,True,validated,1
78911405-04b5-4705-b5fe-a14f452fb493,prca03,likert5,4,4,True,validated,0
78911405-04b5-4705-b5fe-a14f452fb493,prca04,likert5,4,2,True,validated,1
78911405-04b5-4705-b5fe-a14f452fb493,prca05,likert5,4,4,True,validated,0
78911405-04b5-4705-b5fe-a14f452fb493,prca06,likert5,2,4,True,validated,1
78911405-04b5-4705-b5fe-a14f452fb493,prca13,likert5,2,2,True,validated,0
78911405-04b5-4705-b5fe-a14f452fb493,prca14,likert5,5) strongly agree,3,True,recode,1
78911405-04b5-4705-b5fe-a14f452fb493,prca15,likert5,2,2,True,validated,0
78911405-04b5-4705-b5fe-a14f452fb493,prca16,likert5,4,2,True,validated,1
78911405-04b5-4705-b5fe-a14f452fb493,prca17,likert5,3,3,True,validated,1
78911405-04b5-4705-b5fe-a14f452fb493,prca18,likert5,3,3,True,validated,0
0d2302a4-0561-41a2-a668-76ad0617eecb,prca01,likert5,5,5,True,validated,0
0d2302a4-0561-41a2-a668-76ad0617eecb,prca02,likert5,3,3,True,validated,1
0d2302a4-0561-41a2-a668-76ad0617eecb,prca03,likert5,4,4,True,validated,0
0d2302a4-0561-41a2-a668-76ad0617eecb,prca04,likert5,1,5,True,validated,1
0d2302a4-0561-41a2-a668-76ad0617eecb,prca05,likert5,3,3,True,validated,0
0d2302a4-0561-41a2-a668-76ad0617eecb,prca06,likert5,4,2,True,validated,1
0d2302a4-0561-41a2-a668-76ad0617eecb,prca13,likert5,1,1,True,validated,0
0d2302a4-0561-41a2-a668-76ad0617eecb,prca14,likert5,3,3,True,validated,1
0d2302a4-0561-41a2-a668-76ad0617eecb,prca15,likert5,4,4,True,validated,0
0d2302a4-0561-41a2-a668-76ad0617eecb,prca16,likert5,4,2,True,validated,1
0d2302a4-0561-41a2-a668-76ad0617eecb,prca17,likert5,4,2,True,validated,1
0d2302a4-0561-41a2-a668-76ad0617eecb,prca18,likert5,3,3,True,validated,0
719b4872-31da-4709-8e9f-31a12bb76dad,prca01,likert5,2,2,True,validated,0
719b4872-31da-4709-8e9f-31a12bb76dad,prca02,likert5,4,2,True,validated,1
719b4872-31da-4709-8e9f-31a12bb76dad,prca03,likert5,3,3,True,validated,0
719b4872-31da-4709-8e9f-31a12bb76dad,prca04,likert5,4,2,True,validated,1
719b4872-31da-4709-8e9f-31a12bb76dad,prca05,likert5,1,1,True,validated,0
719b4872-31da-4709-8e9f-31a12bb76dad,prca06,likert5,1,5,True,validated,1
719b4872-31da-4709-8e9f-31a12bb76dad,prca13,likert5,3,3,True,validated,0
719b4872-31da-4709-8e9f-31a12bb76dad,prca14,likert5,5,1,True,validated,1
719b4872-31da-4709-8e9f-31a12bb76dad,prca15,likert5,1,1,True,validated,0
719b4872-31da-4709-8e9f-31a12bb76dad,prca16,likert5,3,3,True,validated,1
719b4872-31da-4709-8e9f-31a12bb76dad,prca17,likert5,3,3,True,validated,1
719b4872-31da-4709-8e9f-31a12bb76dad,prca18,likert5,5,5,True,validated,0
b780394d-7068-4326-bcc5-e517360044a6,prca01,likert5,1,1,True,validated,0
b780394d-7068-4326-bcc5-e517360044a6,prca02,likert5,4,2,True,validated,1
b780394d-7068-4326-bcc5-e517360044a6,prca03,likert5,3,3,True,validated,0
b780394d-7068-4326-bcc5-e517360044a6,prca04,likert5,2,4,True,validated,1
b780394d-7068-4326-bcc5-e517360044a6,prca05,likert5,5,5,True,validated,0
b780394d-7068-4326-bcc5-e517360044a6,prca06,likert5,3,3,True,validated,1
b780394d-7068-4326-bcc5-e517360044a6,prca13,likert5,1,1,True,validated,0
b780394d-7068-4326-bcc5-e517360044a6,prca14,likert5,1,5,True,validated,1
b780394d-7068-4326-bcc5-e517360044a6,prca15,likert5,5) strongly agree,4,True,recode,0
b780394d-7068-4326-bcc5-e517360044a6,prca16,likert5,5,1,True,validated,1
b780394d-7068-4326-bcc5-e517360044a6,prca17,likert5,4,2,True,validated,1
b780394d-7068-4326-bcc5-e517360044a6,prca18,likert5,3,3,True,validated,0
b01014a4-c4bf-415d-9d4c-056432318a53,prca01,likert5,3,3,True,validated,0
b01014a4-c4bf-415d-9d4c-056432318a53,prca02,likert5,5,1,True,validated,1
b01014a4-c4bf-415d-9d4c-056432318a53,prca03,likert5,2,2,True,validated,0
b01014a4-c4bf-415d-9d4c-056432318a53,prca04,likert5,4,2,True,validated,1
b01014a4-c4bf-415d-9d4c-056432318a53,prca05,likert5,5,5,True,validated,0
b01014a4-c4bf-415d-9d4c-056432318a53,prca06,likert5,5,1,True,validated,1
b01014a4-c4bf-415d-9d4c-056432318a53,prca13,likert5,1,1,True,validated,0
b01014a4-c4bf-415d-9d4c-056432318a53,prca14,likert5,4,2,True,validated,1
b01014a4-c4bf-415d-9d4c-056432318a53,prca15,likert5,4,4,True,validated,0
b01014a4-c4bf-415d-9d4c-056432318a53,prca16,likert5,4,2,True,validated,1
b01014a4-c4bf-415d-9d4c-056432318a53,prca17,likert5,1,5,True,validated,1
b01014a4-c4bf-415d-9d4c-056432318a53,prca18,likert5,3,3,True,validated,0
9e592c33-f394-48a8-82f5-a280f1c5af41,prca01,likert5,1,1,True,validated,0
9e592c33-f394-48a8-82f5-a280f1c5af41,prca02,likert5,3,3,True,validated,1
9e592c33-f394-48a8-82f5-a280f1c5af41,prca03,likert5,3,3,True,validated,0
9e592c33-f394-48a8-82f5-a280f1c5af41,prca04,likert5,5) strongly agree,3,True,recode,1
9e592c33-f394-48a8-82f5-a280f1c5af41,prca05,likert5,2,2,True,validated,0
9e592c33-f394-48a8-82f5-a280f1c5af41,prca06,likert5,2,4,True,validated,1
9e592c33-f394-48a8-82f5-a280f1c5af41,prca13,likert5,3,3,True,validated,0
9e592c33-f394-48a8-82f5-a280f1c5af41,prca14,likert5,1,5,True,validated,1
9e592c33-f394-48a8-82f5-a280f1c5af41,prca15,likert5,4,4,True,validated,0
9e592c33-f394-48a8-82f5-a280f1c5af41,prca16,likert5,3,3,True,validated,1
9e592c33-f394-48a8-82f5-a280f1c5af41,prca17,likert5,1,5,True,validated,1
9e592c33-f394-48a8-82f5-a280f1c5af41,prca18,likert5,5) strongly agree,5,True,recode,0
30858503-846e-4069-9912-c09b33586e5e,prca01,likert5,3,3,True,validated,0
30858503-846e-4069-9912-c09b33586e5e,prca02,likert5,5,1,True,validated,1
30858503-846e-4069-9912-c09b33586e5e,prca03,likert5,2,2,True,validated,0
30858503-846e-4069-9912-c09b33586e5e,prca04,likert5,4,2,True,validated,1
30858503-846e-4069-9912-c09b33586e5e,prca05,likert5,4,4,True,validated,0
30858503-846e-4069-9912-c09b33586e5e,prca06,likert5,3,3,True,validated,1
30858503-846e-4069-9912-c09b33586e5e,prca13,likert5,4,4,True,validated,0
30858503-846e-4069-9912-c09b33586e5e,prca14,likert5,4,2,True,validated,1
30858503-846e-4069-9912-c09b33586e5e,prca15,likert5,2,2,True,validated,0
30858503-846e-4069-9912-c09b33586e5e,prca16,likert5,1,5,True,validated,1
30858503-846e-4069-9912-c09b33586e5e,prca17,likert5,4,2,True,validated,1
30858503-846e-4069-9912-c09b33586e5e,prca18,likert5,4,4,True,validated,0
ee59316b-1a00-40fa-bc8d-e0de9ab47aa1,prca01,likert5,5) strongly agree,4,True,recode,0
ee59316b-1a00-40fa-bc8d-e0de9ab47aa1,prca02,likert5,4,2,True,validated,1
ee59316b-1a00-40fa-bc8d-e0de9ab47aa1,prca03,likert5,4,4,True,validated,0
ee59316b-1a00-40fa-bc8d-e0de9ab47aa1,prca04,likert5,4,2,True,validated,1
ee59316b-1a00-40fa-bc8d-e0de9ab47aa1,prca05,likert5,4,4,True,validated,0
ee59316b-1a00-40fa-bc8d-e0de9ab47aa1,prca06,likert5,3,3,True,validated,1
ee59316b-1a00-40fa-bc8d-e0de9ab47aa1,prca13,likert5,2,2,True,validated,0
ee59316b-1a00-40fa-bc8d-e0de9ab47aa1,prca14,likert5,4,2,True,validated,1
ee59316b-1a00-40fa-bc8d-e0de9ab47aa1,prca15,likert5,2,2,True,validated,0
ee59316b-1a00-40fa-bc8d-e0de9ab47aa1,prca16,likert5,2,4,True,validated,1
ee59316b-1a00-40fa-bc8d-e0de9ab47aa1,prca17,likert5,3,3,True,validated,1
ee59316b-1a00-40fa-bc8d-e0de9ab47aa1,prca18,likert5,4,4,True,validated,0
4e5123db-cc34-443c-a9be-6f751f80b52c,prca01,likert5,5,5,True,validated,0
4e5123db-cc34-443c-a9be-6f751f80b52c,prca02,likert5,5,1,True,validated,1
4e5123db-cc34-443c-a9be-6f751f80b52c,prca03,likert5,4,4,True,validated,0
4e5123db-cc34-443c-a9be-6f751f80b52c,prca04,likert5,4,2,True,validated,1
4e5123db-cc34-443c-a9be-6f751f80b52c,prca05,likert5,2,2,True,validated,0
4e5123db-cc34-443c-a9be-6f751f80b52c,prca06,likert5,4,2,True,validated,1
4e5123db-cc34-443c-a9be-6f751f80b52c,prca13,likert5,1,1,True,validated,0
4e5123db-cc34-443c-a9be-6f751f80b52c,prca14,likert5,5) strongly agree,4,True,recode,1
4e5123db-cc34-443c-a9be-6f751f80b52c,prca15,likert5,4,4,True,validated,0
4e5123db-cc34-443c-a9be-6f751f80b52c,prca16,likert5,5,1,True,validated,1
4e5123db-cc34-443c-a9be-6f751f80b52c,prca17,likert5,4,2,True,validated,1
4e5123db-cc34-443c-a9be-6f751f80b52c,prca18,likert5,3,3,True,validated,0
30d3f4c9-01ba-4ece-8380-ad5bb2b2f41d,prca01,likert5,1,1,True,validated,0
30d3f4c9-01ba-4ece-8380-ad5bb2b2f41d,prca02,likert5,2,4,True,validated,1
30d3f4c9-01ba-4ece-8380-ad5bb2b2f41d,prca03,likert5,2,2,True,validated,0
30d3f4c9-01ba-4ece-8380-ad5bb2b2f41d,prca04,likert5,3,3,True,validated,1
30d3f4c9-01ba-4ece-8380-ad5bb2b2f41d,prca05,likert5,2,2,True,validated,0
30d3f4c9-01ba-4ece-8380-ad5bb2b2f41d,prca06,likert5,3,3,True,validated,1
30d3f4c9-01ba-4ece-8380-ad5bb2b2f41d,prca13,likert5,2,2,True,validated,0
30d3f4c9-01ba-4ece-8380-ad5bb2b2f41d,prca14,likert5,4,2,True,validated,1
30d3f4c9-01ba-4ece-8380-ad5bb2b2f41d,prca15,likert5,4,4,True,validated,0
30d3f4c9-01ba-4ece-8380-ad5bb2b2f41d,prca16,likert5,3,3,True,validated,1
30d3f4c9-01ba-4ece-8380-ad5bb2b2f41d,prca17,likert5,4,2,True,validated,1
30d3f4c9-01ba-4ece-8380-ad5bb2b2f41d,prca18,likert5,4,4,True,validated,0
fbd198e3-00fa-42d5-b2ae-9394cddfbd5c,prca01,likert5,5) strongly agree,5,True,recode,0
fbd198e3-00fa-42d5-b2ae-9394cddfbd5c,prca02,likert5,3,3,True,validated,1
fbd198e3-00fa-42d5-b2ae-9394cddfbd5c,prca03,likert5,2,2,True,validated,0
fbd198e3-00fa-42d5-b2ae-9394cddfbd5c,prca04,likert5,3,3,True,validated,1
fbd198e3-00fa-42d5-b2ae-9394cddfbd5c,prca05,likert5,2,2,True,validated,0
fbd198e3-00fa-42d5-b2ae-9394cddfbd5c,prca06,likert5,2,4,True,validated,1
fbd198e3-00fa-42d5-b2ae-9394cddfbd5c,prca13,likert5,5,5,True,validated,0
fbd198e3-00fa-42d5-b2ae-9394cddfbd5c,prca14,likert5,4,2,True,validated,1
fbd198e3-00fa-42d5-b2ae-9394cddfbd5c,prca15,likert5,3,3,True,validated,0
fbd198e3-00fa-42d5-b2ae-9394cddfbd5c,prca16,likert5,2,4,True,validated,1
fbd198e3-00fa-42d5-b2ae-9394cddfbd5c,prca17,likert5,4,2,True,validated,1
fbd198e3-00fa-42d5-b2ae-9394cddfbd5c,prca18,likert5,3,3,True,validated,0
09feb7fb-c2e2-4274-b258-6e1eb61b1e47,prca01,likert5,1,1,True,validated,0
09feb7fb-c2e2-4274-b258-6e1eb61b1e47,prca02,likert5,4,2,True,validated,1
09feb7fb-c2e2-4274-b258-6e1eb61b1e47,prca03,likert5,2,2,True,validated,0
09feb7fb-c2e2-4274-b258-6e1eb61b1e47,prca04,likert5,1,5,True,validated,1
09feb7fb-c2e2-4274-b258-6e1eb61b1e47,prca05,likert5,2,2,True,validated,0
09feb7fb-c2e2-4274-b258-6e1eb61b1e47,prca06,likert5,3,3,True,validated,1
09feb7fb-c2e2-4274-b258-6e1eb61b1e47,prca13,likert5,1,1,True,validated,0
09feb7fb-c2e2-4274-b258-6e1eb61b1e47,prca14,likert5,4,2,True,validated,1
09feb7fb-c2e2-4274-b258-6e1eb61b1e47,prca15,likert5,1,1,True,validated,0
09feb7fb-c2e2-4274-b258-6e1eb61b1e47,prca16,likert5,4,2,True,validated,1
09feb7fb-c2e2-4274-b258-6e1eb61b1e47,prca17,likert5,5,1,True,validated,1
09feb7fb-c2e2-4274-b258-6e1eb61b1e47,prca18,likert5,5,5,True,validated,0
3d1170fe-15f8-4248-96ce-bd0f2ba86cca,prca01,likert5,4,4,True,validated,0
3d1170fe-15f8-4248-96ce-bd0f2ba86cca,prca02,likert5,4,2,True,validated,1
3d1170fe-15f8-4248-96ce-bd0f2ba86cca,prca03,likert5,1,1,True,validated,0
3d1170fe-15f8-4248-96ce-bd0f2ba86cca,prca04,likert5,5,1,True,validated,1
3d1170fe-15f8-4248-96ce-bd0f2ba86cca,prca05,likert5,5,5,True,validated,0
3d1170fe-15f8-4248-96ce-bd0f2ba86cca,prca06,likert5,2,4,True,validated,1
3d1170fe-15f8-4248-96ce-bd0f2ba86cca,prca13,likert5,5,5,True,validated,0
3d1170fe-15f8-4248-96ce-bd0f2ba86cca,prca14,likert5,5,1,True,validated,1
3d1170fe-15f8-4248-96ce-bd0f2ba86cca,prca15,likert5,3,3,True,validated,0
3d1170fe-15f8-4248-96ce-bd0f2ba86cca,prca16,likert5,4,2,True,validated,1
3d1170fe-15f8-4248-96ce-bd0f2ba86cca,prca17,likert5,4,2,True,validated,1
3d1170fe-15f8-4248-96ce-bd0f2ba86cca,prca18,likert5,2,2,True,validated,0
18e06813-bb9c-476e-aa8e-232b0debe467,prca01,likert5,4,4,True,validated,0
18e06813-bb9c-476e-aa8e-232b0debe467,prca02,likert5,4,2,True,validated,1
18e06813-bb9c-476e-aa8e-232b0debe467,prca03,likert5,5,5,True,validated,0
18e06813-bb9c-476e-aa8e-232b0debe467,prca04,likert5,2,4,True,validated,1
18e06813-bb9c-476e-aa8e-232b0debe467,prca05,likert5,2,2,True,validated,0
18e06813-bb9c-476e-aa8e-232b0debe467,prca06,likert5,1,5,True,validated,1
18e06813-bb9c-476e-aa8e-232b0debe467,prca13,likert5,3,3,True,validated,0
18e06813-bb9c-476e-aa8e-232b0debe467,prca14,likert5,2,4,True,validated,1
18e06813-bb9c-476e-aa8e-232b0debe467,prca15,likert5,4,4,True,validated,0
18e06813-bb9c-476e-aa8e-232b0debe467,prca16,likert5,3,3,True,validated,1
18e06813-bb9c-476e-aa8e-232b0debe467,prca17,likert5,3,3,True,validated,1
18e06813-bb9c-476e-aa8e-232b0debe467,prca18,likert5,4,4,True,validated,0
4c31b73d-dce6-4a47-b770-c21a02dec706,prca01,likert5,2,2,True,validated,0
4c31b73d-dce6-4a47-b770-c21a02dec706,prca02,likert5,4,2,True,validated,1
4c31b73d-dce6-4a47-b770-c21a02dec706,prca03,likert5,4,4,True,validated,0
4c31b73d-dce6-4a47-b770-c21a02dec706,prca04,likert5,1,5,True,validated,1
4c31b73d-dce6-4a47-b770-c21a02dec706,prca05,likert5,3,3,True,validated,0
4c31b73d-dce6-4a47-b770-c21a02dec706,prca06,likert5,5,1,True,validated,1
4c31b73d-dce6-4a47-b770-c21a02dec706,prca13,likert5,3,3,True,validated,0
4c31b73d-dce6-4a47-b770-c21a02dec706,prca14,likert5,3,3,True,validated,1
4c31b73d-dce6-4a47-b770-c21a02dec706,prca15,likert5,5) strongly agree,5,True,recode,0
4c31b73d-dce6-4a47-b770-c21a02dec706,prca16,likert5,3,3,True,validated,1
4c31b73d-dce6-4a47-b770-c21a02dec706,prca17,likert5,5,1,True,validated,1
4c31b73d-dce6-4a47-b770-c21a02dec706,prca18,likert5,2,2,True,validated,0
eecafadf-0a47-41ea-be29-78a49a189251,prca01,likert5,5,5,True,validated,0
eecafadf-0a47-41ea-be29-78a49a189251,prca02,likert5,3,3,True,validated,1
eecafadf-0a47-41ea-be29-78a49a189251,prca03,likert5,5,5,True,validated,0
eecafadf-0a47-41ea-be29-78a49a189251,prca04,likert5,3,3,True,validated,1
eecafadf-0a47-41ea-be29-78a49a189251,prca05,likert5,1,1,True,validated,0
eecafadf-0a47-41ea-be29-78a49a189251,prca06,likert5,1,5,True,validated,1
eecafadf-0a47-41ea-be29-78a49a189251,prca13,likert5,2,2,True,validated,0
eecafadf-0a47-41ea-be29-78a49a189251,prca14,likert5,4,2,True,validated,1
eecafadf-0a47-41ea-be29-78a49a189251,prca15,likert5,4,4,True,validated,0
eecafadf-0a47-41ea-be29-78a49a189251,prca16,likert5,3,3,True,validated,1
eecafadf-0a47-41ea-be29-78a49a189251,prca17,likert5,5,1,True,validated,1
eecafadf-0a47-41ea-be29-78a49a189251,prca18,likert5,4,4,True,validated,0
56548074-6709-4f50-ba93-940d3c083200,prca01,likert5,1,1,True,validated,0
56548074-6709-4f50-ba93-940d3c083200,prca02,likert5,2,4,True,validated,1
56548074-6709-4f50-ba93-940d3c083200,prca03,likert5,5,5,True,validated,0
56548074-6709-4f50-ba93-940d3c083200,prca04,likert5,2,4,True,validated,1
56548074-6709-4f50-ba93-940d3c083200,prca05,likert5,4,4,True,validated,0
56548074-6709-4f50-ba93-940d3c083200,prca06,likert5,3,3,True,validated,1
56548074-6709-4f50-ba93-940d3c083200,prca13,likert5,1,1,True,validated,0
56548074-6709-4f50-ba93-940d3c083200,prca14,likert5,2,4,True,validated,1
56548074-6709-4f50-ba93-940d3c083200,prca15,likert5,3,3,True,validated,0
56548074-6709-4f50-ba93-940d3c083200,prca16,likert5,5,1,True,validated,1
56548074-6709-4f50-ba93-940d3c083200,prca17,likert5,3,3,True,validated,1
56548074-6709-4f50-ba93-940d3c083200,prca18,likert5,3,3,True,validated,0
222706b8-5bf2-40f2-8cef-68f896e5cb74,prca01,likert5,4,4,True,validated,0
222706b8-5bf2-40f2-8cef-68f896e5cb74,prca02,likert5,1,5,True,validated,1
222706b8-5bf2-40f2-8cef-68f896e5cb74,prca03,likert5,5) strongly agree,4,True,recode,0
222706b8-5bf2-40f2-8cef-68f896e5cb74,prca04,likert5,2,4,True,validated,1
222706b8-5bf2-40f2-8cef-68f896e5cb74,prca05,likert5,4,4,True,validated,0
222706b8-5bf2-40f2-8cef-68f896e5cb74,prca06,likert5,5) strongly agree,2,True,recode,1
222706b8-5bf2-40f2-8cef-68f896e5cb74,prca13,likert5,1,1,True,validated,0
222706b8-5bf2-40f2-8cef-68f896e5cb74,prca14,likert5,5,1,True,validated,1
222706b8-5bf2-40f2-8cef-68f896e5cb74,prca15,likert5,4,4,True,validated,0
222706b8-5bf2-40f2-8cef-68f896e5cb74,prca16,likert5,5,1,True,validated,1
222706b8-5bf2-40f2-8cef-68f896e5cb74,prca17,likert5,4,2,True,validated,1
222706b8-5bf2-40f2-8cef-68f896e5cb74,prca18,likert5,4,4,True,validated,0
3d8f468e-cede-4d30-b606-7f27a6d5f8de,prca01,likert5,3,3,True,validated,0
3d8f468e-cede-4d30-b606-7f27a6d5f8de,prca02,likert5,1,5,True,validated,1
3d8f468e-cede-4d30-b606-7f27a6d5f8de,prca03,likert5,4,4,True,validated,0
3d8f468e-cede-4d30-b606-7f27a6d5f8de,prca04,likert5,1,5,True,validated,1
3d8f468e-cede-4d30-b606-7f27a6d5f8de,prca05,likert5,3,3,True,validated,0
3d8f468e-cede-4d30-b606-7f27a6d5f8de,prca06,likert5,3,3,True,validated,1
3d8f468e-cede-4d30-b606-7f27a6d5f8de,prca13,likert5,2,2,True,validated,0
3d8f468e-cede-4d30-b606-7f27a6d5f8de,prca14,likert5,2,4,True,validated,1
3d8f468e-cede-4d30-b606-7f27a6d5f8de,prca15,likert5,5,5,True,validated,0
3d8f468e-cede-4d30-b606-7f27a6d5f8de,prca16,likert5,3,3,True,validated,1
3d8f468e-cede-4d30-b606-7f27a6d5f8de,prca17,likert5,4,2,True,validated,1
3d8f468e-cede-4d30-b606-7f27a6d5f8de,prca18,likert5,5,5,True,validated,0
30fd395b-e217-48c2-8d20-0b26e0050676,prca01,likert5,5) strongly agree,4,True,recode,0
30fd395b-e217-48c2-8d20-0b26e0050676,prca02,likert5,4,2,True,validated,1
30fd395b-e217-48c2-8d20-0b26e0050676,prca03,likert5,5) strongly agree,5,True,recode,0
30fd395b-e217-48c2-8d20-0b26e0050676,prca04,likert5,5,1,True,validated,1
30fd395b-e217-48c2-8d20-0b26e0050676,prca05,likert5,5,5,True,validated,0
30fd395b-e217-48c2-8d20-0b26e0050676,prca06,likert5,2,4,True,validated,1
30fd395b-e217-48c2-8d20-0b26e0050676,prca13,likert5,1,1,True,validated,0
30fd395b-e217-48c2-8d20-0b26e0050676,prca14,likert5,1,5,True,validated,1
30fd395b-e217-48c2-8d20-0b26e0050676,prca15,likert5,2,2,True,validated,0
30fd395b-e217-48c2-8d20-0b26e0050676,prca16,likert5,4,2,True,validated,1
30fd395b-e217-48c2-8d20-0b26e0050676,prca17,likert5,3,3,True,validated,1
30fd395b-e217-48c2-8d20-0b26e0050676,prca18,likert5,5,5,True,validated,0
40eceb17-4891-4e9a-9687-799d4e69ad03,prca01,likert5,3,3,True,validated,0
40eceb17-4891-4e9a-9687-799d4e69ad03,prca02,likert5,5,1,True,validated,1
40eceb17-4891-4e9a-9687-799d4e69ad03,prca03,likert5,3,3,True,validated,0
40eceb17-4891-4e9a-9687-799d4e69ad03,prca04,likert5,2,4,True,validated,1
40eceb17-4891-4e9a-9687-799d4e69ad03,prca05,likert5,4,4,True,validated,0
40eceb17-4891-4e9a-9687-799d4e69ad03,prca06,likert5,4,2,True,validated,1
40eceb17-4891-4e9a-9687-799d4e69ad03,prca13,likert5,3,3,True,validated,0
40eceb17-4891-4e9a-9687-799d4e69ad03,prca14,likert5,5,1,True,validated,1
40eceb17-4891-4e9a-9687-799d4e69ad03,prca15,likert5,4,4,True,validated,0
40eceb17-4891-4e9a-9687-799d4e69ad03,prca16,likert5,2,4,True,validated,1
40eceb17-4891-4e9a-9687-799d4e69ad03,prca17,likert5,4,2,True,validated,1
40eceb17-4891-4e9a-9687-799d4e69ad03,prca18,likert5,4,4,True,validated,0
ead75b7d-a016-4fa6-b72e-5e999a62047d,prca01,likert5,3,3,True,validated,0
ead75b7d-a016-4fa6-b72e-5e999a62047d,prca02,likert5,2,4,True,validated,1
ead75b7d-a016-4fa6-b72e-5e999a62047d,prca03,likert5,5) strongly agree,3,True,recode,0
ead75b7d-a016-4fa6-b72e-5e999a62047d,prca04,likert5,3,3,True,validated,1
ead75b7d-a016-4fa6-b72e-5e999a62047d,prca05,likert5,4,4,True,validated,0
ead75b7d-a016-4fa6-b72e-5e999a62047d,prca06,likert5,5,1,True,validated,1
ead75b7d-a016-4fa6-b72e-5e999a62047d,prca13,likert5,4,4,True,validated,0
ead75b7d-a016-4fa6-b72e-5e999a62047d,prca14,likert5,2,4,True,validated,1
ead75b7d-a016-4fa6-b72e-5e999a62047d,prca15,likert5,4,4,True,validated,0
ead75b7d-a016-4fa6-b72e-5e999a62047d,prca16,likert5,5,1,True,validated,1
ead75b7d-a016-4fa6-b72e-5e999a62047d,prca17,likert5,4,2,True,validated,1
ead75b7d-a016-4fa6-b72e-5e999a62047d,prca18,likert5,5) strongly agree,5,True,recode,0
9c98fd59-5f5c-43bb-bd2b-86bd8e06c5be,prca01,likert5,3,3,True,validated,0
9c98fd59-5f5c-43bb-bd2b-86bd8e06c5be,prca02,likert5,2,4,True,validated,1
9c98fd59-5f5c-43bb-bd2b-86bd8e06c5be,prca03,likert5,4,4,True,validated,0
9c98fd59-5f5c-43bb-bd2b-86bd8e06c5be,prca04,likert5,4,2,True,validated,1
9c98fd59-5f5c-43bb-bd2b-86bd8e06c5be,prca05,likert5,3,3,True,validated,0
9c98fd59-5f5c-43bb-bd2b-86bd8e06c5be,prca06,likert5,5,1,True,validated,1
9c98fd59-5f5c-43bb-bd2b-86bd8e06c5be,prca13,likert5,5,5,True,validated,0
9c98fd59-5f5c-43bb-bd2b-86bd8e06c5be,prca14,likert5,4,2,True,validated,1
9c98fd59-5f5c-43bb-bd2b-86bd8e06c5be,prca15,likert5,5) strongly agree,4,True,recode,0
9c98fd59-5f5c-43bb-bd2b-86bd8e06c5be,prca16,likert5,1,5,True,validated,1
9c98fd59-5f5c-43bb-bd2b-86bd8e06c5be,prca17,likert5,4,2,True,validated,1
9c98fd59-5f5c-43bb-bd2b-86bd8e06c5be,prca18,likert5,2,2,True,validated,0
7bd6854b-92bf-4cba-b5be-3d062bd34d0d,prca01,likert5,3,3,True,validated,0
7bd6854b-92bf-4cba-b5be-3d062bd34d0d,prca02,likert5,1,5,True,validated,1
7bd6854b-92bf-4cba-b5be-3d062bd34d0d,prca03,likert5,2,2,True,validated,0
7bd6854b-92bf-4cba-b5be-3d062bd34d0d,prca04,likert5,1,5,True,validated,1
7bd6854b-92bf-4cba-b5be-3d062bd34d0d,prca05,likert5,4,4,True,validated,0
7bd6854b-92bf-4cba-b5be-3d062bd34d0d,prca06,likert5,2,4,True,validated,1
7bd6854b-92bf-4cba-b5be-3d062bd34d0d,prca13,likert5,2,2,True,validated,0
7bd6854b-92bf-4cba-b5be-3d062bd34d0d,prca14,likert5,4,2,True,validated,1
7bd6854b-92bf-4cba-b5be-3d062bd34d0d,prca15,likert5,4,4,True,validated,0
7bd6854b-92bf-4cba-b5be-3d062bd34d0d,prca16,likert5,3,3,True,validated,1
7bd6854b-92bf-4cba-b5be-3d062bd34d0d,prca17,likert5,4,2,True,validated,1
7bd6854b-92bf-4cba-b5be-3d062bd34d0d,prca18,likert5,4,4,True,validated,0
d6a62cff-0b3c-4899-84c2-adb0812ff817,prca01,likert5,1,1,True,validated,0
d6a62cff-0b3c-4899-84c2-adb0812ff817,prca02,likert5,1,5,True,validated,1
d6a62cff-0b3c-4899-84c2-adb0812ff817,prca03,likert5,1,1,True,validated,0
d6a62cff-0b3c-4899-84c2-adb0812ff817,prca04,likert5,5,1,True,validated,1
d6a62cff-0b3c-4899-84c2-adb0812ff817,prca05,likert5,5,5,True,validated,0
d6a62cff-0b3c-4899-84c2-adb0812ff817,prca06,likert5,4,2,True,validated,1
d6a62cff-0b3c-4899-84c2-adb0812ff817,prca13,likert5,1,1,True,validated,0
d6a62cff-0b3c-4899-84c2-adb0812ff817,prca14,likert5,2,4,True,validated,1
d6a62cff-0b3c-4899-84c2-adb0812ff817,prca15,likert5,5,5,True,validated,0
d6a62cff-0b3c-4899-84c2-adb0812ff817,prca16,likert5,2,4,True,validated,1
d6a62cff-0b3c-4899-84c2-adb0812ff817,prca17,likert5,5) strongly agree,1,True,recode,1
d6a62cff-0b3c-4899-84c2-adb0812ff817,prca18,likert5,5) strongly agree,5,True,recode,0
973bcc76-3bd9-4cc1-ac8f-5445ca4e9b33,prca01,likert5,1,1,True,validated,0
973bcc76-3bd9-4cc1-ac8f-5445ca4e9b33,prca02,likert5,2,4,True,validated,1
973bcc76-3bd9-4cc1-ac8f-5445ca4e9b33,prca03,likert5,2,2,True,validated,0
973bcc76-3bd9-4cc1-ac8f-5445ca4e9b33,prca04,likert5,4,2,True,validated,1
973bcc76-3bd9-4cc1-ac8f-5445ca4e9b33,prca05,likert5,4,4,True,validated,0
973bcc76-3bd9-4cc1-ac8f-5445ca4e9b33,prca06,likert5,4,2,True,validated,1
973bcc76-3bd9-4cc1-ac8f-5445ca4e9b33,prca13,likert5,2,2,True,validated,0
973bcc76-3bd9-4cc1-ac8f-5445ca4e9b33,prca14,likert5,4,2,True,validated,1
973bcc76-3bd9-4cc1-ac8f-5445ca4e9b33,prca15,likert5,3,3,True,validated,0
973bcc76-3bd9-4cc1-ac8f-5445ca4e9b33,prca16,likert5,5,1,True,validated,1
973bcc76-3bd9-4cc1-ac8f-5445ca4e9b33,prca17,likert5,4,2,True,validated,1
973bcc76-3bd9-4cc1-ac8f-5445ca4e9b33,prca18,likert5,4,4,True,validated,0
706d8397-29d3-41d0-aef8-82ac8daf0727,prca01,likert5,5,5,True,validated,0
706d8397-29d3-41d0-aef8-82ac8daf0727,prca02,likert5,4,2,True,validated,1
706d8397-29d3-41d0-aef8-82ac8daf0727,prca03,likert5,2,2,True,validated,0
706d8397-29d3-41d0-aef8-82ac8daf0727,prca04,likert5,2,4,True,validated,1
706d8397-29d3-41d0-aef8-82ac8daf0727,prca05,likert5,5,5,True,validated,0
706d8397-29d3-41d0-aef8-82ac8daf0727,prca06,likert5,4,2,True,validated,1
706d8397-29d3-41d0-aef8-82ac8daf0727,prca13,likert5,1,1,True,validated,0
706d8397-29d3-41d0-aef8-82ac8daf0727,prca14,likert5,5,1,True,validated,1
706d8397-29d3-41d0-aef8-82ac8daf0727,prca15,likert5,1,1,True,validated,0
706d8397-29d3-41d0-aef8-82ac8daf0727,prca16,likert5,4,2,True,validated,1
706d8397-29d3-41d0-aef8-82ac8daf0727,prca17,likert5,4,2,True,validated,1
706d8397-29d3-41d0-aef8-82ac8daf0727,prca18,likert5,4,4,True,validated,0
0bcb7718-133c-48ea-9a37-2fe89456a5dd,prca01,likert5,5,5,True,validated,0
0bcb7718-133c-48ea-9a37-2fe89456a5dd,prca02,likert5,5,1,True,validated,1
0bcb7718-133c-48ea-9a37-2fe89456a5dd,prca03,likert5,3,3,True,validated,0
0bcb7718-133c-48ea-9a37-2fe89456a5dd,prca04,likert5,1,5,True,validated,1
0bcb7718-133c-48ea-9a37-2fe89456a5dd,prca05,likert5,3,3,True,validated,0
0bcb7718-133c-48ea-9a37-2fe89456a5dd,prca06,likert5,2,4,True,validated,1
0bcb7718-133c-48ea-9a37-2fe89456a5dd,prca13,likert5,5,5,True,validated,0
0bcb7718-133c-48ea-9a37-2fe89456a5dd,prca14,likert5,2,4,True,validated,1
0bcb7718-133c-48ea-9a37-2fe89456a5dd,prca15,likert5,3,3,True,validated,0
0bcb7718-133c-48ea-9a37-2fe89456a5dd,prca16,likert5,1,5,True,validated,1
0bcb7718-133c-48ea-9a37-2fe89456a5dd,prca17,likert5,3,3,True,validated,1
0bcb7718-133c-48ea-9a37-2fe89456a5dd,prca18,likert5,3,3,True,validated,0
05c33a01-dee6-48db-986d-e5d055ad6371,prca01,likert5,4,4,True,validated,0
05c33a01-dee6-48db-986d-e5d055ad6371,prca02,likert5,1,5,True,validated,1
05c33a01-dee6-48db-986d-e5d055ad6371,prca03,likert5,5,5,True,validated,0
05c33a01-dee6-48db-986d-e5d055ad6371,prca04,likert5,5,1,True,validated,1
05c33a01-dee6-48db-986d-e5d055ad6371,prca05,likert5,3,3,True,validated,0
05c33a01-dee6-48db-986d-e5d055ad6371,prca06,likert5,2,4,True,validated,1
05c33a01-dee6-48db-986d-e5d055ad6371,prca13,likert5,1,1,True,validated,0
05c33a01-dee6-48db-986d-e5d055ad6371,prca14,likert5,3,3,True,validated,1
05c33a01-dee6-48db-986d-e5d055ad6371,prca15,likert5,1,1,True,validated,0
05c33a01-dee6-48db-986d-e5d055ad6371,prca16,likert5,5,1,True,validated,1
05c33a01-dee6-48db-986d-e5d055ad6371,prca17,likert5,5) strongly agree,2,True,recode,1
05c33a01-dee6-48db-986d-e5d055ad6371,prca18,likert5,5) strongly agree,5,True,recode,0
30586b3e-b75e-493a-927f-fc8c957cebf2,prca01,likert5,4,4,True,validated,0
30586b3e-b75e-493a-927f-fc8c957cebf2,prca02,likert5,4,2,True,validated,1
30586b3e-b75e-493a-927f-fc8c957cebf2,prca03,likert5,2,2,True,validated,0
30586b3e-b75e-493a-927f-fc8c957cebf2,prca04,likert5,3,3,True,validated,1
30586b3e-b75e-493a-927f-fc8c957cebf2,prca05,likert5,1,1,True,validated,0
30586b3e-b75e-493a-927f-fc8c957cebf2,prca06,likert5,3,3,True,validated,1
30586b3e-b75e-493a-927f-fc8c957cebf2,prca13,likert5,2,2,True,validated,0
30586b3e-b75e-493a-927f-fc8c957cebf2,prca14,likert5,5,1,True,validated,1
30586b3e-b75e-493a-927f-fc8c957cebf2,prca15,likert5,5,5,True,validated,0
30586b3e-b75e-493a-927f-fc8c957cebf2,prca16,likert5,5,1,True,validated,1
30586b3e-b75e-493a-927f-fc8c957cebf2,prca17,likert5,2,4,True,validated,1
30586b3e-b75e-493a-927f-fc8c957cebf2,prca18,likert5,3,3,True,validated,0
1087b205-01ca-469d-8778-76cfc6449330,prca01,likert5,5,5,True,validated,0
1087b205-01ca-469d-8778-76cfc6449330,prca02,likert5,2,4,True,validated,1
1087b205-01ca-469d-8778-76cfc6449330,prca03,likert5,2,2,True,validated,0
1087b205-01ca-469d-8778-76cfc6449330,prca04,likert5,5,1,True,validated,1
1087b205-01ca-469d-8778-76cfc6449330,prca05,likert5,5) strongly agree,4,True,recode,0
1087b205-01ca-469d-8778-76cfc6449330,prca06,likert5,3,3,True,validated,1
1087b205-01ca-469d-8778-76cfc6449330,prca13,likert5,1,1,True,validated,0
1087b205-01ca-469d-8778-76cfc6449330,prca14,likert5,1,5,True,validated,1
1087b205-01ca-469d-8778-76cfc6449330,prca15,likert5,4,4,True,validated,0
1087b205-01ca-469d-8778-76cfc6449330,prca16,likert5,5,1,True,validated,1
1087b205-01ca-469d-8778-76cfc6449330,prca17,likert5,3,3,True,validated,1
1087b205-01ca-469d-8778-76cfc6449330,prca18,likert5,3,3,True,validated,0
c9711a80-c216-4037-b760-07c1eb6611cd,prca01,likert5,1) strongly disagree,3,True,recode,0
c9711a80-c216-4037-b760-07c1eb6611cd,prca02,likert5,4,2,True,validated,1
c9711a80-c216-4037-b760-07c1eb6611cd,prca03,likert5,1,1,True,validated,0
c9711a80-c216-4037-b760-07c1eb6611cd,prca04,likert5,5,1,True,validated,1
c9711a80-c216-4037-b760-07c1eb6611cd,prca05,likert5,1,1,True,validated,0
c9711a80-c216-4037-b760-07c1eb6611cd,prca06,likert5,1,5,True,validated,1
c9711a80-c216-4037-b760-07c1eb6611cd,prca13,likert5,2,2,True,validated,0
c9711a80-c216-4037-b760-07c1eb6611cd,prca14,likert5,1,5,True,validated,1
c9711a80-c216-4037-b760-07c1eb6611cd,prca15,likert5,4,4,True,validated,0
c9711a80-c216-4037-b760-07c1eb6611cd,prca16,likert5,2,4,True,validated,1
c9711a80-c216-4037-b760-07c1eb6611cd,prca17,likert5,5) strongly agree,2,True,recode,1
c9711a80-c216-4037-b760-07c1eb6611cd,prca18,likert5,4,4,True,validated,0
5745e22a-b16f-4f54-b5b5-11371269f981,prca01,likert5,2,2,True,validated,0
5745e22a-b16f-4f54-b5b5-11371269f981,prca02,likert5,1,5,True,validated,1
5745e22a-b16f-4f54-b5b5-11371269f981,prca03,likert5,5,5,True,validated,0
5745e22a-b16f-4f54-b5b5-11371269f981,prca04,likert5,4,2,True,validated,1
5745e22a-b16f-4f54-b5b5-11371269f981,prca05,likert5,4,4,True,validated,0
5745e22a-b16f-4f54-b5b5-11371269f981,prca06,likert5,4,2,True,validated,1
5745e22a-b16f-4f54-b5b5-11371269f981,prca13,likert5,2,2,True,validated,0
5745e22a-b16f-4f54-b5b5-11371269f981,prca14,likert5,4,2,True,validated,1
5745e22a-b16f-4f54-b5b5-11371269f981,prca15,likert5,3,3,True,validated,0
5745e22a-b16f-4f54-b5b5-11371269f981,prca16,likert5,4,2,True,validated,1
5745e22a-b16f-4f54-b5b5-11371269f981,prca17,likert5,5,1,True,validated,1
5745e22a-b16f-4f54-b5b5-11371269f981,prca18,likert5,5,5,True,validated,0
90ea52d6-ee57-43cb-a706-39b4ce4e4c8a,prca01,likert5,3,3,True,validated,0
90ea52d6-ee57-43cb-a706-39b4ce4e4c8a,prca02,likert5,5,1,True,validated,1
90ea52d6-ee57-43cb-a706-39b4ce4e4c8a,prca03,likert5,1,1,True,validated,0
90ea52d6-ee57-43cb-a706-39b4ce4e4c8a,prca04,likert5,4,2,True,validated,1
90ea52d6-ee57-43cb-a706-39b4ce4e4c8a,prca05,likert5,5,5,True,validated,0
90ea52d6-ee57-43cb-a706-39b4ce4e4c8a,prca06,likert5,1,5,True,validated,1
90ea52d6-ee57-43cb-a706-39b4ce4e4c8a,prca13,likert5,2,2,True,validated,0
90ea52d6-ee57-43cb-a706-39b4ce4e4c8a,prca14,likert5,3,3,True,validated,1
90ea52d6-ee57-43cb-a706-39b4ce4e4c8a,prca15,likert5,3,3,True,validated,0
90ea52d6-ee57-43cb-a706-39b4ce4e4c8a,prca16,likert5,1,5,True,validated,1
90ea52d6-ee57-43cb-a706-39b4ce4e4c8a,prca17,likert5,5,1,True,validated,1
90ea52d6-ee57-43cb-a706-39b4ce4e4c8a,prca18,likert5,2,2,True,validated,0
f8b2ffcb-581d-471a-b465-93d2ea567bc3,prca01,likert5,2,2,True,validated,0
f8b2ffcb-581d-471a-b465-93d2ea567bc3,prca02,likert5,5,1,True,validated,1
f8b2ffcb-581d-471a-b465-93d2ea567bc3,prca03,likert5,2,2,True,validated,0
f8b2ffcb-581d-471a-b465-93d2ea567bc3,prca04,likert5,3,3,True,validated,1
f8b2ffcb-581d-471a-b465-93d2ea567bc3,prca05,likert5,5,5,True,validated,0
f8b2ffcb-581d-471a-b465-93d2ea567bc3,prca06,likert5,5,1,True,validated,1
f8b2ffcb-581d-471a-b465-93d2ea567bc3,prca13,likert5,2,2,True,validated,0
f8b2ffcb-581d-471a-b465-93d2ea567bc3,prca14,likert5,1,5,True,validated,1
f8b2ffcb-581d-471a-b465-93d2ea567bc3,prca15,likert5,3,3,True,validated,0
f8b2ffcb-581d-471a-b465-93d2ea567bc3,prca16,likert5,4,2,True,validated,1
f8b2ffcb-581d-471a-b465-93d2ea567bc3,prca17,likert5,4,2,True,validated,1
f8b2ffcb-581d-471a-b465-93d2ea567bc3,prca18,likert5,5,5,True,validated,0
e1f7075e-2794-41cc-b835-6161e106bd7b,prca01,likert5,4,4,True,validated,0
e1f7075e-2794-41cc-b835-6161e106bd7b,prca02,likert5,4,2,True,validated,1
e1f7075e-2794-41cc-b835-6161e106bd7b,prca03,likert5,5,5,True,validated,0
e1f7075e-2794-41cc-b835-6161e106bd7b,prca04,likert5,3,3,True,validated,1
e1f7075e-2794-41cc-b835-6161e106bd7b,prca05,likert5,1,1,True,validated,0
e1f7075e-2794-41cc-b835-6161e106bd7b,prca06,likert5,3,3,True,validated,1
e1f7075e-2794-41cc-b835-6161e106bd7b,prca13,likert5,5,5,True,validated,0
e1f7075e-2794-41cc-b835-6161e106bd7b,prca14,likert5,2,4,True,validated,1
e1f7075e-2794-41cc-b835-6161e106bd7b,prca15,likert5,2,2,True,validated,0
e1f7075e-2794-41cc-b835-6161e106bd7b,prca16,likert5,4,2,True,validated,1
e1f7075e-2794-41cc-b835-6161e106bd7b,prca17,likert5,5,1,True,validated,1
e1f7075e-2794-41cc-b835-6161e106bd7b,prca18,likert5,3,3,True,validated,0
45b919d6-63f8-43a3-81fb-6cf015a49585,prca01,likert5,2,2,True,validated,0
45b919d6-63f8-43a3-81fb-6cf015a49585,prca02,likert5,1,5,True,validated,1
45b919d6-63f8-43a3-81fb-6cf015a49585,prca03,likert5,3,3,True,validated,0
45b919d6-63f8-43a3-81fb-6cf015a49585,prca04,likert5,5,1,True,validated,1
45b919d6-63f8-43a3-81fb-6cf015a49585,prca05,likert5,5,5,True,validated,0
45b919d6-63f8-43a3-81fb-6cf015a49585,prca06,likert5,4,2,True,validated,1
45b919d6-63f8-43a3-81fb-6cf015a49585,prca13,likert5,3,3,True,validated,0
45b919d6-63f8-43a3-81fb-6cf015a49585,prca14,likert5,3,3,True,validated,1
45b919d6-63f8-43a3-81fb-6cf015a49585,prca15,likert5,2,2,True,validated,0
45b919d6-63f8-43a3-81fb-6cf015a49585,prca16,likert5,2,4,True,validated,1
45b919d6-63f8-43a3-81fb-6cf015a49585,prca17,likert5,4,2,True,validated,1
45b919d6-63f8-43a3-81fb-6cf015a49585,prca18,likert5,5) strongly agree,4,True,recode,0
e8464329-b513-412f-a68c-52449be6140a,prca01,likert5,3,3,True,validated,0
e8464329-b513-412f-a68c-52449be6140a,prca02,likert5,4,2,True,validated,1
e8464329-b513-412f-a68c-52449be6140a,prca03,likert5,3,3,True,validated,0
e8464329-b513-412f-a68c-52449be6140a,prca04,likert5,4,2,True,validated,1
e8464329-b513-412f-a68c-52449be6140a,prca05,likert5,2,2,True,validated,0
e8464329-b513-412f-a68c-52449be6140a,prca06,likert5,3,3,True,validated,1
e8464329-b513-412f-a68c-52449be6140a,prca13,likert5,3,3,True,validated,0
e8464329-b513-412f-a68c-52449be6140a,prca14,likert5,1,5,True,validated,1
e8464329-b513-412f-a68c-52449be6140a,prca15,likert5,4,4,True,validated,0
e8464329-b513-412f-a68c-52449be6140a,prca16,likert5,2,4,True,validated,1
e8464329-b513-412f-a68c-52449be6140a,prca17,likert5,5,1,True,validated,1
e8464329-b513-412f-a68c-52449be6140a,prca18,likert5,5,5,True,validated,0
fc27b9bb-3245-4e2c-b2ed-183662c44450,prca01,likert5,4,4,True,validated,0
fc27b9bb-3245-4e2c-b2ed-183662c44450,prca02,likert5,2,4,True,validated,1
fc27b9bb-3245-4e2c-b2ed-183662c44450,prca03,likert5,5,5,True,validated,0
fc27b9bb-3245-4e2c-b2ed-183662c44450,prca04,likert5,2,4,True,validated,1
fc27b9bb-3245-4e2c-b2ed-183662c44450,prca05,likert5,1,1,True,validated,0
fc27b9bb-3245-4e2c-b2ed-183662c44450,prca06,likert5,5,1,True,validated,1
fc27b9bb-3245-4e2c-b2ed-183662c44450,prca13,likert5,5,5,True,validated,0
fc27b9bb-3245-4e2c-b2ed-183662c44450,prca14,likert5,1,5,True,validated,1
fc27b9bb-3245-4e2c-b2ed-183662c44450,prca15,likert5,2,2,True,validated,0
fc27b9bb-3245-4e2c-b2ed-183662c44450,prca16,likert5,2,4,True,validated,1
fc27b9bb-3245-4e2c-b2ed-183662c44450,prca17,likert5,4,2,True,validated,1
fc27b9bb-3245-4e2c-b2ed-183662c44450,prca18,likert5,1,1,True,validated,0
e9ff3ebf-2d36-479c-b1af-7d13a1ee5607,prca01,likert5,4,4,True,validated,0
e9ff3ebf-2d36-479c-b1af-7d13a1ee5607,prca02,likert5,3,3,True,validated,1
e9ff3ebf-2d36-479c-b1af-7d13a1ee5607,prca03,likert5,2,2,True,validated,0
e9ff3ebf-2d36-479c-b1af-7d13a1ee5607,prca04,likert5,2,4,True,validated,1
e9ff3ebf-2d36-479c-b1af-7d13a1ee5607,prca05,likert5,2,2,True,validated,0
e9ff3ebf-2d36-479c-b1af-7d13a1ee5607,prca06,likert5,5,1,True,validated,1
e9ff3ebf-2d36-479c-b1af-7d13a1ee5607,prca13,likert5,2,2,True,validated,0
e9ff3ebf-2d36-479c-b1af-7d13a1ee5607,prca14,likert5,4,2,True,validated,1
e9ff3ebf-2d36-479c-b1af-7d13a1ee5607,prca15,likert5,4,4,True,validated,0
e9ff3ebf-2d36-479c-b1af-7d13a1ee5607,prca16,likert5,3,3,True,validated,1
e9ff3ebf-2d36-479c-b1af-7d13a1ee5607,prca17,likert5,1,5,True,validated,1
e9ff3ebf-2d36-479c-b1af-7d13a1ee5607,prca18,likert5,2,2,True,validated,0
cc8697c0-0ccc-4488-bf60-345f94cac6f2,prca01,likert5,5,5,True,validated,0
cc8697c0-0ccc-4488-bf60-345f94cac6f2,prca02,likert5,5,1,True,validated,1
cc8697c0-0ccc-4488-bf60-345f94cac6f2,prca03,likert5,1,1,True,validated,0
cc8697c0-0ccc-4488-bf60-345f94cac6f2,prca04,likert5,3,3,True,validated,1
cc8697c0-0ccc-4488-bf60-345f94cac6f2,prca05,likert5,5,5,True,validated,0
cc8697c0-0ccc-4488-bf60-345f94cac6f2,prca06,likert5,3,3,True,validated,1
cc8697c0-0ccc-4488-bf60-345f94cac6f2,prca13,likert5,1,1,True,validated,0
cc8697c0-0ccc-4488-bf60-345f94cac6f2,prca14,likert5,5,1,True,validated,1
cc8697c0-0ccc-4488-bf60-345f94cac6f2,prca15,likert5,2,2,True,validated,0
cc8697c0-0ccc-4488-bf60-345f94cac6f2,prca16,likert5,5,1,True,validated,1
cc8697c0-0ccc-4488-bf60-345f94cac6f2,prca17,likert5,5,1,True,validated,1
cc8697c0-0ccc-4488-bf60-345f94cac6f2,prca18,likert5,3,3,True,validated,0
f1c74e71-14c2-49db-9de8-b63dba1218c9,prca01,likert5,2,2,True,validated,0
f1c74e71-14c2-49db-9de8-b63dba1218c9,prca02,likert5,2,4,True,validated,1
f1c74e71-14c2-49db-9de8-b63dba1218c9,prca03,likert5,4,4,True,validated,0
f1c74e71-14c2-49db-9de8-b63dba1218c9,prca04,likert5,4,2,True,validated,1
f1c74e71-14c2-49db-9de8-b63dba1218c9,prca05,likert5,1,1,True,validated,0
f1c74e71-14c2-49db-9de8-b63dba1218c9,prca06,likert5,5,1,True,validated,1
f1c74e71-14c2-49db-9de8-b63dba1218c9,prca13,likert5,4,4,True,validated,0
f1c74e71-14c2-49db-9de8-b63dba1218c9,prca14,likert5,4,2,True,validated,1
f1c74e71-14c2-49db-9de8-b63dba1218c9,prca15,likert5,5,5,True,validated,0
f1c74e71-14c2-49db-9de8-b63dba1218c9,prca16,likert5,3,3,True,validated,1
f1c74e71-14c2-49db-9de8-b63dba1218c9,prca17,likert5,5,1,True,validated,1
f1c74e71-14c2-49db-9de8-b63dba1218c9,prca18,likert5,5,5,True,validated,0
aaf78a74-4b82-4498-952a-c0aabbc6143d,prca01,likert5,4,4,True,validated,0
aaf78a74-4b82-4498-952a-c0aabbc6143d,prca02,likert5,4,2,True,validated,1
aaf78a74-4b82-4498-952a-c0aabbc6143d,prca03,likert5,5,5,True,validated,0
aaf78a74-4b82-4498-952a-c0aabbc6143d,prca04,likert5,4,2,True,validated,1
aaf78a74-4b82-4498-952a-c0aabbc6143d,prca05,likert5,2,2,True,validated,0
aaf78a74-4b82-4498-952a-c0aabbc6143d,prca06,likert5,2,4,True,validated,1
aaf78a74-4b82-4498-952a-c0aabbc6143d,prca13,likert5,2,2,True,validated,0
aaf78a74-4b82-4498-952a-c0aabbc6143d,prca14,likert5,1,5,True,validated,1
aaf78a74-4b82-4498-952a-c0aabbc6143d,prca15,likert5,1,1,True,validated,0
aaf78a74-4b82-4498-952a-c0aabbc6143d,prca16,likert5,1,5,True,validated,1
aaf78a74-4b82-4498-952a-c0aabbc6143d,prca17,likert5,5,1,True,validated,1
aaf78a74-4b82-4498-952a-c0aabbc6143d,prca18,likert5,4,4,True,validated,0
6646ef97-c3de-4985-bc9c-b6df1636fd5a,prca01,likert5,1,1,True,validated,0
6646ef97-c3de-4985-bc9c-b6df1636fd5a,prca02,likert5,5,1,True,validated,1
6646ef97-c3de-4985-bc9c-b6df1636fd5a,prca03,likert5,4,4,True,validated,0
6646ef97-c3de-4985-bc9c-b6df1636fd5a,prca04,likert5,3,3,True,validated,1
6646ef97-c3de-4985-bc9c-b6df1636fd5a,prca05,likert5,5,5,True,validated,0
6646ef97-c3de-4985-bc9c-b6df1636fd5a,prca06,likert5,5,1,True,validated,1
6646ef97-c3de-4985-bc9c-b6df1636fd5a,prca13,likert5,3,3,True,validated,0
6646ef97-c3de-4985-bc9c-b6df1636fd5a,prca14,likert5,2,4,True,validated,1
6646ef97-c3de-4985-bc9c-b6df1636fd5a,prca15,likert5,1,1,True,validated,0
6646ef97-c3de-4985-bc9c-b6df1636fd5a,prca16,likert5,1,5,True,validated,1
6646ef97-c3de-4985-bc9c-b6df1636fd5a,prca17,likert5,5) strongly agree,1,True,recode,1
6646ef97-c3de-4985-bc9c-b6df1636fd5a,prca18,likert5,5,5,True,validated,0
10b45a3f-b51a-49c3-8b8d-4832ed2d2f69,prca01,likert5,5,5,True,validated,0
10b45a3f-b51a-49c3-8b8d-4832ed2d2f69,prca02,likert5,5,1,True,validated,1
10b45a3f-b51a-49c3-8b8d-4832ed2d2f69,prca03,likert5,2,2,True,validated,0
10b45a3f-b51a-49c3-8b8d-4832ed2d2f69,prca04,likert5,4,2,True,validated,1
10b45a3f-b51a-49c3-8b8d-4832ed2d2f69,prca05,likert5,3,3,True,validated,0
10b45a3f-b51a-49c3-8b8d-4832ed2d2f69,prca06,likert5,4,2,True,validated,1
10b45a3f-b51a-49c3-8b8d-4832ed2d2f69,prca13,likert5,4,4,True,validated,0
10b45a3f-b51a-49c3-8b8d-4832ed2d2f69,prca14,likert5,4,2,True,validated,1
10b45a3f-b51a-49c3-8b8d-4832ed2d2f69,prca15,likert5,1,1,True,validated,0
10b45a3f-b51a-49c3-8b8d-4832ed2d2f69,prca16,likert5,5,1,True,validated,1
10b45a3f-b51a-49c3-8b8d-4832ed2d2f69,prca17,likert5,2,4,True,validated,1
10b45a3f-b51a-49c3-8b8d-4832ed2d2f69,prca18,likert5,1,1,True,validated,0
3998f714-6e5a-4d66-bdbe-85d1fb78b34d,prca01,likert5,5,5,True,validated,0
3998f714-6e5a-4d66-bdbe-85d1fb78b34d,prca02,likert5,3,3,True,validated,1
3998f714-6e5a-4d66-bdbe-85d1fb78b34d,prca03,likert5,3,3,True,validated,0
3998f714-6e5a-4d66-bdbe-85d1fb78b34d,prca04,likert5,4,2,True,validated,1
3998f714-6e5a-4d66-bdbe-85d1fb78b34d,prca05,likert5,3,3,True,validated,0
3998f714-6e5a-4d66-bdbe-85d1fb78b34d,prca06,likert5,2,4,True,validated,1
3998f714-6e5a-4d66-bdbe-85d1fb78b34d,prca13,likert5,3,3,True,validated,0
3998f714-6e5a-4d66-bdbe-85d1fb78b34d,prca14,likert5,2,4,True,validated,1
3998f714-6e5a-4d66-bdbe-85d1fb78b34d,prca15,likert5,4,4,True,validated,0
3998f714-6e5a-4d66-bdbe-85d1fb78b34d,prca16,likert5,3,3,True,validated,1
3998f714-6e5a-4d66-bdbe-85d1fb78b34d,prca17,likert5,3,3,True,validated,1
3998f714-6e5a-4d66-bdbe-85d1fb78b34d,prca18,likert5,3,3,True,validated,0
7159ac29-822b-4146-8b97-f8b95c642979,prca01,likert5,2,2,True,validated,0
7159ac29-822b-4146-8b97-f8b95c642979,prca02,likert5,5,1,True,validated,1
7159ac29-822b-4146-8b97-f8b95c642979,prca03,likert5,5,5,True,validated,0
7159ac29-822b-4146-8b97-f8b95c642979,prca04,likert5,4,2,True,validated,1
7159ac29-822b-4146-8b97-f8b95c642979,prca05,likert5,1,1,True,validated,0
7159ac29-822b-4146-8b97-f8b95c642979,prca06,likert5,4,2,True,validated,1
7159ac29-822b-4146-8b97-f8b95c642979,prca13,likert5,2,2,True,validated,0
7159ac29-822b-4146-8b97-f8b95c642979,prca14,likert5,3,3,True,validated,1
7159ac29-822b-4146-8b97-f8b95c642979,prca15,likert5,2,2,True,validated,0
7159ac29-822b-4146-8b97-f8b95c642979,prca16,likert5,5,1,True,validated,1
7159ac29-822b-4146-8b97-f8b95c642979,prca17,likert5,4,2,True,validated,1
7159ac29-822b-4146-8b97-f8b95c642979,prca18,likert5,2,2,True,validated,0
49d1f8d5-0d1d-4360-bd4b-49d9e3630d14,prca01,likert5,3,3,True,validated,0
49d1f8d5-0d1d-4360-bd4b-49d9e3630d14,prca02,likert5,3,3,True,validated,1
49d1f8d5-0d1d-4360-bd4b-49d9e3630d14,prca03,likert5,3,3,True,validated,0
49d1f8d5-0d1d-4360-bd4b-49d9e3630d14,prca04,likert5,5,1,True,validated,1
49d1f8d5-0d1d-4360-bd4b-49d9e3630d14,prca05,likert5,3,3,True,validated,0
49d1f8d5-0d1d-4360-bd4b-49d9e3630d14,prca06,likert5,5,1,True,validated,1
49d1f8d5-0d1d-4360-bd4b-49d9e3630d14,prca13,likert5,4,4,True,validated,0
49d1f8d5-0d1d-4360-bd4b-49d9e3630d14,prca14,likert5,4,2,True,validated,1
49d1f8d5-0d1d-4360-bd4b-49d9e3630d14,prca15,likert5,2,2,True,validated,0
49d1f8d5-0d1d-4360-bd4b-49d9e3630d14,prca16,likert5,3,3,True,validated,1
49d1f8d5-0d1d-4360-bd4b-49d9e3630d14,prca17,likert5,2,4,True,validated,1
49d1f8d5-0d1d-4360-bd4b-49d9e3630d14,prca18,likert5,1,1,True,validated,0
eebe7506-a44f-4cb5-8266-7d9032120691,prca01,likert5,5,5,True,validated,0
eebe7506-a44f-4cb5-8266-7d9032120691,prca02,likert5,4,2,True,validated,1
eebe7506-a44f-4cb5-8266-7d9032120691,prca03,likert5,3,3,True,validated,0
eebe7506-a44f-4cb5-8266-7d9032120691,prca04,likert5,2,4,True,validated,1
eebe7506-a44f-4cb5-8266-7d9032120691,prca05,likert5,3,3,True,validated,0
eebe7506-a44f-4cb5-8266-7d9032120691,prca06,likert5,4,2,True,validated,1
eebe7506-a44f-4cb5-8266-7d9032120691,prca13,likert5,5,5,True,validated,0
eebe7506-a44f-4cb5-8266-7d9032120691,prca14,likert5,4,2,True,validated,1
eebe7506-a44f-4cb5-8266-7d9032120691,prca15,likert5,4,4,True,validated,0
eebe7506-a44f-4cb5-8266-7d9032120691,prca16,likert5,4,2,True,validated,1
eebe7506-a44f-4cb5-8266-7d9032120691,prca17,likert5,2,4,True,validated,1
eebe7506-a44f-4cb5-8266-7d9032120691,prca18,likert5,1,1,True,validated,0
8f28be8a-5047-4541-8298-32751c5e60f5,prca01,likert5,1,1,True,validated,0
8f28be8a-5047-4541-8298-32751c5e60f5,prca02,likert5,4,2,True,validated,1
8f28be8a-5047-4541-8298-32751c5e60f5,prca03,likert5,4,4,True,validated,0
8f28be8a-5047-4541-8298-32751c5e60f5,prca04,likert5,2,4,True,validated,1
8f28be8a-5047-4541-8298-32751c5e60f5,prca05,likert5,3,3,True,validated,0
8f28be8a-5047-4541-8298-32751c5e60f5,prca06,likert5,3,3,True,validated,1
8f28be8a-5047-4541-8298-32751c5e60f5,prca13,likert5,5,5,True,validated,0
8f28be8a-5047-4541-8298-32751c5e60f5,prca14,likert5,3,3,True,validated,1
8f28be8a-5047-4541-8298-32751c5e60f5,prca15,likert5,3,3,True,validated,0
8f28be8a-5047-4541-8298-32751c5e60f5,prca16,likert5,3,3,True,validated,1
8f28be8a-5047-4541-8298-32751c5e60f5,prca17,likert5,4,2,True,validated,1
8f28be8a-5047-4541-8298-32751c5e60f5,prca18,likert5,3,3,True,validated,0
4c30ca97-639d-4657-bad1-4bccd4d8498e,prca01,likert5,4,4,True,validated,0
4c30ca97-639d-4657-bad1-4bccd4d8498e,prca02,likert5,1,5,True,validated,1
4c30ca97-639d-4657-bad1-4bccd4d8498e,prca03,likert5,2,2,True,validated,0
4c30ca97-639d-4657-bad1-4bccd4d8498e,prca04,likert5,5,1,True,validated,1
4c30ca97-639d-4657-bad1-4bccd4d8498e,prca05,likert5,3,3,True,validated,0
4c30ca97-639d-4657-bad1-4bccd4d8498e,prca06,likert5,3,3,True,validated,1
4c30ca97-639d-4657-bad1-4bccd4d8498e,prca13,likert5,5) strongly agree,3,True,recode,0
4c30ca97-639d-4657-bad1-4bccd4d8498e,prca14,likert5,2,4,True,validated,1
4c30ca97-639d-4657-bad1-4bccd4d8498e,prca15,likert5,1,1,True,validated,0
4c30ca97-639d-4657-bad1-4bccd4d8498e,prca16,likert5,3,3,True,validated,1
4c30ca97-639d-4657-bad1-4bccd4d8498e,prca17,likert5,5,1,True,validated,1
4c30ca97-639d-4657-bad1-4bccd4d8498e,prca18,likert5,2,2,True,validated,0
02acfcd6-018a-45f1-8a4e-a20dcdac06a7,prca01,likert5,2,2,True,validated,0
02acfcd6-018a-45f1-8a4e-a20dcdac06a7,prca02,likert5,4,2,True,validated,1
02acfcd6-018a-45f1-8a4e-a20dcdac06a7,prca03,likert5,5,5,True,validated,0
02acfcd6-018a-45f1-8a4e-a20dcdac06a7,prca04,likert5,4,2,True,validated,1
02acfcd6-018a-45f1-8a4e-a20dcdac06a7,prca05,likert5,5,5,True,validated,0
02acfcd6-018a-45f1-8a4e-a20dcdac06a7,prca06,likert5,2,4,True,validated,1
02acfcd6-018a-45f1-8a4e-a20dcdac06a7,prca13,likert5,4,4,True,validated,0
02acfcd6-018a-45f1-8a4e-a20dcdac06a7,prca14,likert5,2,4,True,validated,1
02acfcd6-018a-45f1-8a4e-a20dcdac06a7,prca15,likert5,2,2,True,validated,0
02acfcd6-018a-45f1-8a4e-a20dcdac06a7,prca16,likert5,4,2,True,validated,1
02acfcd6-018a-45f1-8a4e-a20dcdac06a7,prca17,likert5,4,2,True,validated,1
02acfcd6-018a-45f1-8a4e-a20dcdac06a7,prca18,likert5,5) strongly agree,5,True,recode,0
ee6e930c-3b5c-40bd-b370-eb2d757fc831,prca01,likert5,2,2,True,validated,0
ee6e930c-3b5c-40bd-b370-eb2d757fc831,prca02,likert5,3,3,True,validated,1
ee6e930c-3b5c-40bd-b370-eb2d757fc831,prca03,likert5,2,2,True,validated,0
ee6e930c-3b5c-40bd-b370-eb2d757fc831,prca04,likert5,5,1,True,validated,1
ee6e930c-3b5c-40bd-b370-eb2d757fc831,prca05,likert5,3,3,True,validated,0
ee6e930c-3b5c-40bd-b370-eb2d757fc831,prca06,likert5,5) strongly agree,1,True,recode,1
ee6e930c-3b5c-40bd-b370-eb2d757fc831,prca13,likert5,2,2,True,validated,0
ee6e930c-3b5c-40bd-b370-eb2d757fc831,prca14,likert5,2,4,True,validated,1
ee6e930c-3b5c-40bd-b370-eb2d757fc831,prca15,likert5,3,3,True,validated,0
ee6e930c-3b5c-40bd-b370-eb2d757fc831,prca16,likert5,1,5,True,validated,1
ee6e930c-3b5c-40bd-b370-eb2d757fc831,prca17,likert5,4,2,True,validated,1
ee6e930c-3b5c-40bd-b370-eb2d757fc831,prca18,likert5,4,4,True,validated,0
6f271ec8-b65e-48ff-ae9d-ab7703b68762,prca01,likert5,2,2,True,validated,0
6f271ec8-b65e-48ff-ae9d-ab7703b68762,prca02,likert5,3,3,True,validated,1
6f271ec8-b65e-48ff-ae9d-ab7703b68762,prca03,likert5,3,3,True,validated,0
6f271ec8-b65e-48ff-ae9d-ab7703b68762,prca04,likert5,4,2,True,validated,1
6f271ec8-b65e-48ff-ae9d-ab7703b68762,prca05,likert5,5,5,True,validated,0
6f271ec8-b65e-48ff-ae9d-ab7703b68762,prca06,likert5,4,2,True,validated,1
6f271ec8-b65e-48ff-ae9d-ab7703b68762,prca13,likert5,5,5,True,validated,0
6f271ec8-b65e-48ff-ae9d-ab7703b68762,prca14,likert5,5,1,True,validated,1
6f271ec8-b65e-48ff-ae9d-ab7703b68762,prca15,likert5,3,3,True,validated,0
6f271ec8-b65e-48ff-ae9d-ab7703b68762,prca16,likert5,3,3,True,validated,1
6f271ec8-b65e-48ff-ae9d-ab7703b68762,prca17,likert5,4,2,True,validated,1
6f271ec8-b65e-48ff-ae9d-ab7703b68762,prca18,likert5,4,4,True,validated,0
d5b65520-300b-4265-9387-78a4e5808ff6,prca01,likert5,3,3,True,validated,0
d5b65520-300b-4265-9387-78a4e5808ff6,prca02,likert5,5,1,True,validated,1
d5b65520-300b-4265-9387-78a4e5808ff6,prca03,likert5,4,4,True,validated,0
d5b65520-300b-4265-9387-78a4e5808ff6,prca04,likert5,3,3,True,validated,1
d5b65520-300b-4265-9387-78a4e5808ff6,prca05,likert5,5,5,True,validated,0
d5b65520-300b-4265-9387-78a4e5808ff6,prca06,likert5,4,2,True,validated,1
d5b65520-300b-4265-9387-78a4e5808ff6,prca13,likert5,1,1,True,validated,0
d5b65520-300b-4265-9387-78a4e5808ff6,prca14,likert5,5) strongly agree,3,True,recode,1
d5b65520-300b-4265-9387-78a4e5808ff6,prca15,likert5,2,2,True,validated,0
d5b65520-300b-4265-9387-78a4e5808ff6,prca16,likert5,5) strongly agree,2,True,recode,1
d5b65520-300b-4265-9387-78a4e5808ff6,prca17,likert5,3,3,True,validated,1
d5b65520-300b-4265-9387-78a4e5808ff6,prca18,likert5,2,2,True,validated,0
d46b000f-83c0-4382-bd09-f416905e9d4a,prca01,likert5,5,5,True,validated,0
d46b000f-83c0-4382-bd09-f416905e9d4a,prca02,likert5,4,2,True,validated,1
d46b000f-83c0-4382-bd09-f416905e9d4a,prca03,likert5,2,2,True,validated,0
d46b000f-83c0-4382-bd09-f416905e9d4a,prca04,likert5,4,2,True,validated,1
d46b000f-83c0-4382-bd09-f416905e9d4a,prca05,likert5,2,2,True,validated,0
d46b000f-83c0-4382-bd09-f416905e9d4a,prca06,likert5,5) strongly agree,2,True,recode,1
d46b000f-83c0-4382-bd09-f416905e9d4a,prca13,likert5,1,1,True,validated,0
d46b000f-83c0-4382-bd09-f416905e9d4a,prca14,likert5,5,1,True,validated,1
d46b000f-83c0-4382-bd09-f416905e9d4a,prca15,likert5,5,5,True,validated,0
d46b000f-83c0-4382-bd09-f416905e9d4a,prca16,likert5,3,3,True,validated,1
d46b000f-83c0-4382-bd09-f416905e9d4a,prca17,likert5,3,3,True,validated,1
d46b000f-83c0-4382-bd09-f416905e9d4a,prca18,likert5,5,5,True,validated,0
74261564-a824-446b-bb00-0ca476bed337,prca01,likert5,3,3,True,validated,0
74261564-a824-446b-bb00-0ca476bed337,prca02,likert5,1,5,True,validated,1
74261564-a824-446b-bb00-0ca476bed337,prca03,likert5,2,2,True,validated,0
74261564-a824-446b-bb00-0ca476bed337,prca04,likert5,3,3,True,validated,1
74261564-a824-446b-bb00-0ca476bed337,prca05,likert5,3,3,True,validated,0
74261564-a824-446b-bb00-0ca476bed337,prca06,likert5,2,4,True,validated,1
74261564-a824-446b-bb00-0ca476bed337,prca13,likert5,5,5,True,validated,0
74261564-a824-446b-bb00-0ca476bed337,prca14,likert5,1,5,True,validated,1
74261564-a824-446b-bb00-0ca476bed337,prca15,likert5,5,5,True,validated,0
74261564-a824-446b-bb00-0ca476bed337,prca16,likert5,3,3,True,validated,1
74261564-a824-446b-bb00-0ca476bed337,prca17,likert5,4,2,True,validated,1
74261564-a824-446b-bb00-0ca476bed337,prca18,likert5,5,5,True,validated,0
fe35647b-e289-46d1-8f56-e293a9557c72,prca01,likert5,5,5,True,validated,0
fe35647b-e289-46d1-8f56-e293a9557c72,prca02,likert5,1,5,True,validated,1
fe35647b-e289-46d1-8f56-e293a9557c72,prca03,likert5,2,2,True,validated,0
fe35647b-e289-46d1-8f56-e293a9557c72,prca04,likert5,5,1,True,validated,1
fe35647b-e289-46d1-8f56-e293a9557c72,prca05,likert5,5,5,True,validated,0
fe35647b-e289-46d1-8f56-e293a9557c72,prca06,likert5,5) strongly agree,1,True,recode,1
fe35647b-e289-46d1-8f56-e293a9557c72,prca13,likert5,4,4,True,validated,0
fe35647b-e289-46d1-8f56-e293a9557c72,prca14,likert5,2,4,True,validated,1
fe35647b-e289-46d1-8f56-e293a9557c72,prca15,likert5,3,3,True,validated,0
fe35647b-e289-46d1-8f56-e293a9557c72,prca16,likert5,5,1,True,validated,1
fe35647b-e289-46d1-8f56-e293a9557c72,prca17,likert5,4,2,True,validated,1
fe35647b-e289-46d1-8f56-e293a9557c72,prca18,likert5,4,4,True,validated,0
8d731364-be98-459f-988b-268bd890c7d3,prca01,likert5,2,2,True,validated,0
8d731364-be98-459f-988b-268bd890c7d3,prca02,likert5,3,3,True,validated,1
8d731364-be98-459f-988b-268bd890c7d3,prca03,likert5,4,4,True,validated,0
8d731364-be98-459f-988b-268bd890c7d3,prca04,likert5,1,5,True,validated,1
8d731364-be98-459f-988b-268bd890c7d3,prca05,likert5,3,3,True,validated,0
8d731364-be98-459f-988b-268bd890c7d3,prca06,likert5,4,2,True,validated,1
8d731364-be98-459f-988b-268bd890c7d3,prca13,likert5,2,2,True,validated,0
8d731364-be98-459f-988b-268bd890c7d3,prca14,likert5,3,3,True,validated,1
8d731364-be98-459f-988b-268bd890c7d3,prca15,likert5,3,3,True,validated,0
8d731364-be98-459f-988b-268bd890c7d3,prca16,likert5,5) strongly agree,2,True,recode,1
8d731364-be98-459f-988b-268bd890c7d3,prca17,likert5,4,2,True,validated,1
8d731364-be98-459f-988b-268bd890c7d3,prca18,likert5,3,3,True,validated,0
3398c171-11de-4d0d-a42b-c37e1ac3ab7c,prca01,likert5,4,4,True,validated,0
3398c171-11de-4d0d-a42b-c37e1ac3ab7c,prca02,likert5,5,1,True,validated,1
3398c171-11de-4d0d-a42b-c37e1ac3ab7c,prca03,likert5,4,4,True,validated,0
3398c171-11de-4d0d-a42b-c37e1ac3ab7c,prca04,likert5,4,2,True,validated,1
3398c171-11de-4d0d-a42b-c37e1ac3ab7c,prca05,likert5,2,2,True,validated,0
3398c171-11de-4d0d-a42b-c37e1ac3ab7c,prca06,likert5,5,1,True,validated,1
3398c171-11de-4d0d-a42b-c37e1ac3ab7c,prca13,likert5,4,4,True,validated,0
3398c171-11de-4d0d-a42b-c37e1ac3ab7c,prca14,likert5,4,2,True,validated,1
3398c171-11de-4d0d-a42b-c37e1ac3ab7c,prca15,likert5,3,3,True,validated,0
3398c171-11de-4d0d-a42b-c37e1ac3ab7c,prca16,likert5,4,2,True,validated,1
3398c171-11de-4d0d-a42b-c37e1ac3ab7c,prca17,likert5,3,3,True,validated,1
3398c171-11de-4d0d-a42b-c37e1ac3ab7c,prca18,likert5,5,5,True,validated,0
8d3e03c2-3050-495e-899d-1c7ac2849bb4,prca01,likert5,3,3,True,validated,0
8d3e03c2-3050-495e-899d-1c7ac2849bb4,prca02,likert5,5) strongly agree,2,True,recode,1
8d3e03c2-3050-495e-899d-1c7ac2849bb4,prca03,likert5,1,1,True,validated,0
8d3e03c2-3050-495e-899d-1c7ac2849bb4,prca04,likert5,3,3,True,validated,1
8d3e03c2-3050-495e-899d-1c7ac2849bb4,prca05,likert5,3,3,True,validated,0
8d3e03c2-3050-495e-899d-1c7ac2849bb4,prca06,likert5,2,4,True,validated,1
8d3e03c2-3050-495e-899d-1c7ac2849bb4,prca13,likert5,5,5,True,validated,0
8d3e03c2-3050-495e-899d-1c7ac2849bb4,prca14,likert5,2,4,True,validated,1
8d3e03c2-3050-495e-899d-1c7ac2849bb4,prca15,likert5,4,4,True,validated,0
8d3e03c2-3050-495e-899d-1c7ac2849bb4,prca16,likert5,2,4,True,validated,1
8d3e03c2-3050-495e-899d-1c7ac2849bb4,prca17,likert5,4,2,True,validated,1
8d3e03c2-3050-495e-899d-1c7ac2849bb4,prca18,likert5,4,4,True,validated,0
621be7e1-754e-435e-87be-20e3683829e2,prca01,likert5,1,1,True,validated,0
621be7e1-754e-435e-87be-20e3683829e2,prca02,likert5,1,5,True,validated,1
621be7e1-754e-435e-87be-20e3683829e2,prca03,likert5,3,3,True,validated,0
621be7e1-754e-435e-87be-20e3683829e2,prca04,likert5,3,3,True,validated,1
621be7e1-754e-435e-87be-20e3683829e2,prca05,likert5,4,4,True,validated,0
621be7e1-754e-435e-87be-20e3683829e2,prca06,likert5,5,1,True,validated,1
621be7e1-754e-435e-87be-20e3683829e2,prca13,likert5,1,1,True,validated,0
621be7e1-754e-435e-87be-20e3683829e2,prca14,likert5,1,5,True,validated,1
621be7e1-754e-435e-87be-20e3683829e2,prca15,likert5,2,2,True,validated,0
621be7e1-754e-435e-87be-20e3683829e2,prca16,likert5,3,3,True,validated,1
621be7e1-754e-435e-87be-20e3683829e2,prca17,likert5,3,3,True,validated,1
621be7e1-754e-435e-87be-20e3683829e2,prca18,likert5,3,3,True,validated,0
abe1303c-6336-4d7c-8020-156de9fb1a69,prca01,likert5,1,1,True,validated,0
abe1303c-6336-4d7c-8020-156de9fb1a69,prca02,likert5,1,5,True,validated,1
abe1303c-6336-4d7c-8020-156de9fb1a69,prca03,likert5,3,3,True,validated,0
abe1303c-6336-4d7c-8020-156de9fb1a69,prca04,likert5,4,2,True,validated,1
abe1303c-6336-4d7c-8020-156de9fb1a69,prca05,likert5,1,1,True,validated,0
abe1303c-6336-4d7c-8020-156de9fb1a69,prca06,likert5,4,2,True,validated,1
abe1303c-6336-4d7c-8020-156de9fb1a69,prca13,likert5,4,4,True,validated,0
abe1303c-6336-4d7c-8020-156de9fb1a69,prca14,likert5,4,2,True,validated,1
abe1303c-6336-4d7c-8020-156de9fb1a69,prca15,likert5,5,5,True,validated,0
abe1303c-6336-4d7c-8020-156de9fb1a69,prca16,likert5,4,2,True,validated,1
abe1303c-6336-4d7c-8020-156de9fb1a69,prca17,likert5,1,5,True,validated,1
abe1303c-6336-4d7c-8020-156de9fb1a69,prca18,likert5,1,1,True,validated,0
45f5d619-9651-4e3d-a848-0b70e41ebd4a,prca01,likert5,4,4,True,validated,0
45f5d619-9651-4e3d-a848-0b70e41ebd4a,prca02,likert5,2,4,True,validated,1
45f5d619-9651-4e3d-a848-0b70e41ebd4a,prca03,likert5,3,3,True,validated,0
45f5d619-9651-4e3d-a848-0b70e41ebd4a,prca04,likert5,2,4,True,validated,1
45f5d619-9651-4e3d-a848-0b70e41ebd4a,prca05,likert5,4,4,True,validated,0
45f5d619-9651-4e3d-a848-0b70e41ebd4a,prca06,likert5,5,1,True,validated,1
45f5d619-9651-4e3d-a848-0b70e41ebd4a,prca13,likert5,5,5,True,validated,0
45f5d619-9651-4e3d-a848-0b70e41ebd4a,prca14,likert5,3,3,True,validated,1
45f5d619-9651-4e3d-a848-0b70e41ebd4a,prca15,likert5,4,4,True,validated,0
45f5d619-9651-4e3d-a848-0b70e41ebd4a,prca16,likert5,2,4,True,validated,1
45f5d619-9651-4e3d-a848-0b70e41ebd4a,prca17,likert5,2,4,True,validated,1
45f5d619-9651-4e3d-a848-0b70e41ebd4a,prca18,likert5,1,1,True,validated,0
c8e3a950-b9d8-4036-98c9-ccf5e4982574,prca01,likert5,3,3,True,validated,0
c8e3a950-b9d8-4036-98c9-ccf5e4982574,prca02,likert5,4,2,True,validated,1
c8e3a950-b9d8-4036-98c9-ccf5e4982574,prca03,likert5,5,5,True,validated,0
c8e3a950-b9d8-4036-98c9-ccf5e4982574,prca04,likert5,4,2,True,validated,1
c8e3a950-b9d8-4036-98c9-ccf5e4982574,prca05,likert5,5) strongly agree,5,True,recode,0
c8e3a950-b9d8-4036-98c9-ccf5e4982574,prca06,likert5,5,1,True,validated,1
c8e3a950-b9d8-4036-98c9-ccf5e4982574,prca13,likert5,4,4,True,validated,0
c8e3a950-b9d8-4036-98c9-ccf5e4982574,prca14,likert5,2,4,True,validated,1
c8e3a950-b9d8-4036-98c9-ccf5e4982574,prca15,likert5,1,1,True,validated,0
c8e3a950-b9d8-4036-98c9-ccf5e4982574,prca16,likert5,5) strongly agree,2,True,recode,1
c8e3a950-b9d8-4036-98c9-ccf5e4982574,prca17,likert5,5) strongly agree,2,True,recode,1
c8e3a950-b9d8-4036-98c9-ccf5e4982574,prca18,likert5,3,3,True,validated,0
33473ff0-69ae-44b5-b5d3-9040b9e2b86b,prca01,likert5,3,3,True,validated,0
33473ff0-69ae-44b5-b5d3-9040b9e2b86b,prca02,likert5,5,1,True,validated,1
33473ff0-69ae-44b5-b5d3-9040b9e2b86b,prca03,likert5,4,4,True,validated,0
33473ff0-69ae-44b5-b5d3-9040b9e2b86b,prca04,likert5,4,2,True,validated,1
33473ff0-69ae-44b5-b5d3-9040b9e2b86b,prca05,likert5,2,2,True,validated,0
33473ff0-69ae-44b5-b5d3-9040b9e2b86b,prca06,likert5,3,3,True,validated,1
33473ff0-69ae-44b5-b5d3-9040b9e2b86b,prca13,likert5,5) strongly agree,4,True,recode,0
33473ff0-69ae-44b5-b5d3-9040b9e2b86b,prca14,likert5,5,1,True,validated,1
33473ff0-69ae-44b5-b5d3-9040b9e2b86b,prca15,likert5,4,4,True,validated,0
33473ff0-69ae-44b5-b5d3-9040b9e2b86b,prca16,likert5,4,2,True,validated,1
33473ff0-69ae-44b5-b5d3-9040b9e2b86b,prca17,likert5,3,3,True,validated,1
33473ff0-69ae-44b5-b5d3-9040b9e2b86b,prca18,likert5,2,2,True,validated,0
9b6c9ab5-3ad4-47d5-a7f4-ce57e48c088c,prca01,likert5,3,3,True,validated,0
9b6c9ab5-3ad4-47d5-a7f4-ce57e48c088c,prca02,likert5,3,3,True,validated,1
9b6c9ab5-3ad4-47d5-a7f4-ce57e48c088c,prca03,likert5,1,1,True,validated,0
9b6c9ab5-3ad4-47d5-a7f4-ce57e48c088c,prca04,likert5,2,4,True,validated,1
9b6c9ab5-3ad4-47d5-a7f4-ce57e48c088c,prca05,likert5,2,2,True,validated,0
9b6c9ab5-3ad4-47d5-a7f4-ce57e48c088c,prca06,likert5,5,1,True,validated,1
9b6c9ab5-3ad4-47d5-a7f4-ce57e48c088c,prca13,likert5,4,4,True,validated,0
9b6c9ab5-3ad4-47d5-a7f4-ce57e48c088c,prca14,likert5,4,2,True,validated,1
9b6c9ab5-3ad4-47d5-a7f4-ce57e48c088c,prca15,likert5,3,3,True,validated,0
9b6c9ab5-3ad4-47d5-a7f4-ce57e48c088c,prca16,likert5,5,1,True,validated,1
9b6c9ab5-3ad4-47d5-a7f4-ce57e48c088c,prca17,likert5,3,3,True,validated,1
9b6c9ab5-3ad4-47d5-a7f4-ce57e48c088c,prca18,likert5,2,2,True,validated,0
2b290240-b788-4d9a-8390-c3e03c6aac8d,prca01,likert5,5,5,True,validated,0
2b290240-b788-4d9a-8390-c3e03c6aac8d,prca02,likert5,1,5,True,validated,1
2b290240-b788-4d9a-8390-c3e03c6aac8d,prca03,likert5,5,5,True,validated,0
2b290240-b788-4d9a-8390-c3e03c6aac8d,prca04,likert5,3,3,True,validated,1
2b290240-b788-4d9a-8390-c3e03c6aac8d,prca05,likert5,2,2,True,validated,0
2b290240-b788-4d9a-8390-c3e03c6aac8d,prca06,likert5,4,2,True,validated,1
2b290240-b788-4d9a-8390-c3e03c6aac8d,prca13,likert5,4,4,True,validated,0
2b290240-b788-4d9a-8390-c3e03c6aac8d,prca14,likert5,1,5,True,validated,1
2b290240-b788-4d9a-8390-c3e03c6aac8d,prca15,likert5,2,2,True,validated,0
2b290240-b788-4d9a-8390-c3e03c6aac8d,prca16,likert5,4,2,True,validated,1
2b290240-b788-4d9a-8390-c3e03c6aac8d,prca17,likert5,4,2,True,validated,1
2b290240-b788-4d9a-8390-c3e03c6aac8d,prca18,likert5,3,3,True,validated,0
5b4e4ee2-e580-47e2-bda1-005cd723f205,prca01,likert5,4,4,True,validated,0
5b4e4ee2-e580-47e2-bda1-005cd723f205,prca02,likert5,1,5,True,validated,1
5b4e4ee2-e580-47e2-bda1-005cd723f205,prca03,likert5,5) strongly agree,4,True,recode,0
5b4e4ee2-e580-47e2-bda1-005cd723f205,prca04,likert5,4,2,True,validated,1
5b4e4ee2-e580-47e2-bda1-005cd723f205,prca05,likert5,4,4,True,validated,0
5b4e4ee2-e580-47e2-bda1-005cd723f205,prca06,likert5,5,1,True,validated,1
5b4e4ee2-e580-47e2-bda1-005cd723f205,prca13,likert5,5) strongly agree,1,True,recode,0
5b4e4ee2-e580-47e2-bda1-005cd723f205,prca14,likert5,1,5,True,validated,1
5b4e4ee2-e580-47e2-bda1-005cd723f205,prca15,likert5,1,1,True,validated,0
5b4e4ee2-e580-47e2-bda1-005cd723f205,prca16,likert5,5,1,True,validated,1
5b4e4ee2-e580-47e2-bda1-005cd723f205,prca17,likert5,5,1,True,validated,1
5b4e4ee2-e580-47e2-bda1-005cd723f205,prca18,likert5,4,4,True,validated,0
8e970361-25a0-4437-b1b5-ea702c51108b,prca01,likert5,3,3,True,validated,0
8e970361-25a0-4437-b1b5-ea702c51108b,prca02,likert5,1,5,True,validated,1
8e970361-25a0-4437-b1b5-ea702c51108b,prca03,likert5,4,4,True,validated,0
8e970361-25a0-4437-b1b5-ea702c51108b,prca04,likert5,5) strongly agree,2,True,recode,1
8e970361-25a0-4437-b1b5-ea702c51108b,prca05,likert5,1,1,True,validated,0
8e970361-25a0-4437-b1b5-ea702c51108b,prca06,likert5,5) strongly agree,2,True,recode,1
8e970361-25a0-4437-b1b5-ea702c51108b,prca13,likert5,3,3,True,validated,0
8e970361-25a0-4437-b1b5-ea702c51108b,prca14,likert5,3,3,True,validated,1
8e970361-25a0-4437-b1b5-ea702c51108b,prca15,likert5,5) strongly agree,5,True,recode,0
8e970361-25a0-4437-b1b5-ea702c51108b,prca16,likert5,1,5,True,validated,1
8e970361-25a0-4437-b1b5-ea702c51108b,prca17,likert5,3,3,True,validated,1
8e970361-25a0-4437-b1b5-ea702c51108b,prca18,likert5,4,4,True,validated,0
bad18528-8ce8-4da3-ab12-16ba1bad6de1,prca01,likert5,3,3,True,validated,0
bad18528-8ce8-4da3-ab12-16ba1bad6de1,prca02,likert5,5,1,True,validated,1
bad18528-8ce8-4da3-ab12-16ba1bad6de1,prca03,likert5,1,1,True,validated,0
bad18528-8ce8-4da3-ab12-16ba1bad6de1,prca04,likert5,4,2,True,validated,1
bad18528-8ce8-4da3-ab12-16ba1bad6de1,prca05,likert5,1,1,True,validated,0
bad18528-8ce8-4da3-ab12-16ba1bad6de1,prca06,likert5,5,1,True,validated,1
bad18528-8ce8-4da3-ab12-16ba1bad6de1,prca13,likert5,5,5,True,validated,0
bad18528-8ce8-4da3-ab12-16ba1bad6de1,prca14,likert5,3,3,True,validated,1
bad18528-8ce8-4da3-ab12-16ba1bad6de1,prca15,likert5,5,5,True,validated,0
bad18528-8ce8-4da3-ab12-16ba1bad6de1,prca16,likert5,5) strongly agree,1,True,recode,1
bad18528-8ce8-4da3-ab12-16ba1bad6de1,prca17,likert5,4,2,True,validated,1
bad18528-8ce8-4da3-ab12-16ba1bad6de1,prca18,likert5,1,1,True,validated,0
b54b6cc3-3cdf-440b-a5ca-61925f42c00a,prca01,likert5,3,3,True,validated,0
b54b6cc3-3cdf-440b-a5ca-61925f42c00a,prca02,likert5,1,5,True,validated,1
b54b6cc3-3cdf-440b-a5ca-61925f42c00a,prca03,likert5,4,4,True,validated,0
b54b6cc3-3cdf-440b-a5ca-61925f42c00a,prca04,likert5,3,3,True,validated,1
b54b6cc3-3cdf-440b-a5ca-61925f42c00a,prca05,likert5,2,2,True,validated,0
b54b6cc3-3cdf-440b-a5ca-61925f42c00a,prca06,likert5,4,2,True,validated,1
b54b6cc3-3cdf-440b-a5ca-61925f42c00a,prca13,likert5,1,1,True,validated,0
b54b6cc3-3cdf-440b-a5ca-61925f42c00a,prca14,likert5,4,2,True,validated,1
b54b6cc3-3cdf-440b-a5ca-61925f42c00a,prca15,likert5,2,2,True,validated,0
b54b6cc3-3cdf-440b-a5ca-61925f42c00a,prca16,likert5,1,5,True,validated,1
b54b6cc3-3cdf-440b-a5ca-61925f42c00a,prca17,likert5,4,2,True,validated,1
b54b6cc3-3cdf-440b-a5ca-61925f42c00a,prca18,likert5,3,3,True,validated,0
e3bd6b52-ecc6-4557-b5bb-f8cde833ce88,prca01,likert5,1,1,True,validated,0
e3bd6b52-ecc6-4557-b5bb-f8cde833ce88,prca02,likert5,4,2,True,validated,1
e3bd6b52-ecc6-4557-b5bb-f8cde833ce88,prca03,likert5,3,3,True,validated,0
e3bd6b52-ecc6-4557-b5bb-f8cde833ce88,prca04,likert5,1,5,True,validated,1
e3bd6b52-ecc6-4557-b5bb-f8cde833ce88,prca05,likert5,2,2,True,validated,0
e3bd6b52-ecc6-4557-b5bb-f8cde833ce88,prca06,likert5,4,2,True,validated,1
e3bd6b52-ecc6-4557-b5bb-f8cde833ce88,prca13,likert5,2,2,True,validated,0
e3bd6b52-ecc6-4557-b5bb-f8cde833ce88,prca14,likert5,4,2,True,validated,1
e3bd6b52-ecc6-4557-b5bb-f8cde833ce88,prca15,likert5,3,3,True,validated,0
e3bd6b52-ecc6-4557-b5bb-f8cde833ce88,prca16,likert5,2,4,True,validated,1
e3bd6b52-ecc6-4557-b5bb-f8cde833ce88,prca17,likert5,4,2,True,validated,1
e3bd6b52-ecc6-4557-b5bb-f8cde833ce88,prca18,likert5,4,4,True,validated,0
a8fb24c9-ae0b-4a86-9c15-e21084a00517,prca01,likert5,5,5,True,validated,0
a8fb24c9-ae0b-4a86-9c15-e21084a00517,prca02,likert5,3,3,True,validated,1
a8fb24c9-ae0b-4a86-9c15-e21084a00517,prca03,likert5,3,3,True,validated,0
a8fb24c9-ae0b-4a86-9c15-e21084a00517,prca04,likert5,4,2,True,validated,1
a8fb24c9-ae0b-4a86-9c15-e21084a00517,prca05,likert5,4,4,True,validated,0
a8fb24c9-ae0b-4a86-9c15-e21084a00517,prca06,likert5,4,2,True,validated,1
a8fb24c9-ae0b-4a86-9c15-e21084a00517,prca13,likert5,1,1,True,validated,0
a8fb24c9-ae0b-4a86-9c15-e21084a00517,prca14,likert5,3,3,True,validated,1
a8fb24c9-ae0b-4a86-9c15-e21084a00517,prca15,likert5,5,5,True,validated,0
a8fb24c9-ae0b-4a86-9c15-e21084a00517,prca16,likert5,3,3,True,validated,1
a8fb24c9-ae0b-4a86-9c15-e21084a00517,prca17,likert5,3,3,True,validated,1
a8fb24c9-ae0b-4a86-9c15-e21084a00517,prca18,likert5,5,5,True,validated,0
e2609de6-7e32-4d50-aab2-8922abbea246,prca01,likert5,1,1,True,validated,0
e2609de6-7e32-4d50-aab2-8922abbea246,prca02,likert5,2,4,True,validated,1
e2609de6-7e32-4d50-aab2-8922abbea246,prca03,likert5,3,3,True,validated,0
e2609de6-7e32-4d50-aab2-8922abbea246,prca04,likert5,4,2,True,validated,1
e2609de6-7e32-4d50-aab2-8922abbea246,prca05,likert5,5,5,True,validated,0
e2609de6-7e32-4d50-aab2-8922abbea246,prca06,likert5,1,5,True,validated,1
e2609de6-7e32-4d50-aab2-8922abbea246,prca13,likert5,5) strongly agree,5,True,recode,0
e2609de6-7e32-4d50-aab2-8922abbea246,prca14,likert5,1,5,True,validated,1
e2609de6-7e32-4d50-aab2-8922abbea246,prca15,likert5,3,3,True,validated,0
e2609de6-7e32-4d50-aab2-8922abbea246,prca16,likert5,1,5,True,validated,1
e2609de6-7e32-4d50-aab2-8922abbea246,prca17,likert5,5,1,True,validated,1
e2609de6-7e32-4d50-aab2-8922abbea246,prca18,likert5,5,5,True,validated,0
0135e195-14ba-496d-ad8e-8783a362fc42,prca01,likert5,1,1,True,validated,0
0135e195-14ba-496d-ad8e-8783a362fc42,prca02,likert5,5,1,True,validated,1
0135e195-14ba-496d-ad8e-8783a362fc42,prca03,likert5,2,2,True,validated,0
0135e195-14ba-496d-ad8e-8783a362fc42,prca04,likert5,4,2,True,validated,1
0135e195-14ba-496d-ad8e-8783a362fc42,prca05,likert5,2,2,True,validated,0
0135e195-14ba-496d-ad8e-8783a362fc42,prca06,likert5,2,4,True,validated,1
0135e195-14ba-496d-ad8e-8783a362fc42,prca13,likert5,4,4,True,validated,0
0135e195-14ba-496d-ad8e-8783a362fc42,prca14,likert5,2,4,True,validated,1
0135e195-14ba-496d-ad8e-8783a362fc42,prca15,likert5,2,2,True,validated,0
0135e195-14ba-496d-ad8e-8783a362fc42,prca16,likert5,5,1,True,validated,1
0135e195-14ba-496d-ad8e-8783a362fc42,prca17,likert5,5,1,True,validated,1
0135e195-14ba-496d-ad8e-8783a362fc42,prca18,likert5,4,4,True,validated,0
2411886a-72f8-4213-9851-326550bc36d1,prca01,likert5,1,1,True,validated,0
2411886a-72f8-4213-9851-326550bc36d1,prca02,likert5,5,1,True,validated,1
2411886a-72f8-4213-9851-326550bc36d1,prca03,likert5,1,1,True,validated,0
2411886a-72f8-4213-9851-326550bc36d1,prca04,likert5,3,3,True,validated,1
2411886a-72f8-4213-9851-326550bc36d1,prca05,likert5,2,2,True,validated,0
2411886a-72f8-4213-9851-326550bc36d1,prca06,likert5,5,1,True,validated,1
2411886a-72f8-4213-9851-326550bc36d1,prca13,likert5,2,2,True,validated,0
2411886a-72f8-4213-9851-326550bc36d1,prca14,likert5,5,1,True,validated,1
2411886a-72f8-4213-9851-326550bc36d1,prca15,likert5,4,4,True,validated,0
2411886a-72f8-4213-9851-326550bc36d1,prca16,likert5,3,3,True,validated,1
2411886a-72f8-4213-9851-326550bc36d1,prca17,likert5,3,3,True,validated,1
2411886a-72f8-4213-9851-326550bc36d1,prca18,likert5,3,3,True,validated,0
2fc03272-f07b-4a8b-bc6f-d5c334098316,prca01,likert5,1,1,True,validated,0
2fc03272-f07b-4a8b-bc6f-d5c334098316,prca02,likert5,2,4,True,validated,1
2fc03272-f07b-4a8b-bc6f-d5c334098316,prca03,likert5,3,3,True,validated,0
2fc03272-f07b-4a8b-bc6f-d5c334098316,prca04,likert5,4,2,True,validated,1
2fc03272-f07b-4a8b-bc6f-d5c334098316,prca05,likert5,4,4,True,validated,0
2fc03272-f07b-4a8b-bc6f-d5c334098316,prca06,likert5,2,4,True,validated,1
2fc03272-f07b-4a8b-bc6f-d5c334098316,prca13,likert5,3,3,True,validated,0
2fc03272-f07b-4a8b-bc6f-d5c334098316,prca14,likert5,3,3,True,validated,1
2fc03272-f07b-4a8b-bc6f-d5c334098316,prca15,likert5,4,4,True,validated,0
2fc03272-f07b-4a8b-bc6f-d5c334098316,prca16,likert5,5) strongly agree,2,True,recode,1
2fc03272-f07b-4a8b-bc6f-d5c334098316,prca17,likert5,2,4,True,validated,1
2fc03272-f07b-4a8b-bc6f-d5c334098316,prca18,likert5,3,3,True,validated,0
e22f6be4-63d6-44ea-8fb4-d3c9ef327f02,prca01,likert5,3,3,True,validated,0
e22f6be4-63d6-44ea-8fb4-d3c9ef327f02,prca02,likert5,5,1,True,validated,1
e22f6be4-63d6-44ea-8fb4-d3c9ef327f02,prca03,likert5,4,4,True,validated,0
e22f6be4-63d6-44ea-8fb4-d3c9ef327f02,prca04,likert5,3,3,True,validated,1
e22f6be4-63d6-44ea-8fb4-d3c9ef327f02,prca05,likert5,3,3,True,validated,0
e22f6be4-63d6-44ea-8fb4-d3c9ef327f02,prca06,likert5,2,4,True,validated,1
e22f6be4-63d6-44ea-8fb4-d3c9ef327f02,prca13,likert5,5,5,True,validated,0
e22f6be4-63d6-44ea-8fb4-d3c9ef327f02,prca14,likert5,3,3,True,validated,1
e22f6be4-63d6-44ea-8fb4-d3c9ef327f02,prca15,likert5,5,5,True,validated,0
e22f6be4-63d6-44ea-8fb4-d3c9ef327f02,prca16,likert5,2,4,True,validated,1
e22f6be4-63d6-44ea-8fb4-d3c9ef327f02,prca17,likert5,2,4,True,validated,1
e22f6be4-63d6-44ea-8fb4-d3c9ef327f02,prca18,likert5,5,5,True,validated,0
bc36451f-885d-4a6d-8da4-b79d6d983787,prca01,likert5,2,2,True,validated,0
bc36451f-885d-4a6d-8da4-b79d6d983787,prca02,likert5,5,1,True,validated,1
bc36451f-885d-4a6d-8da4-b79d6d983787,prca03,likert5,4,4,True,validated,0
bc36451f-885d-4a6d-8da4-b79d6d983787,prca04,likert5,1,5,True,validated,1
bc36451f-885d-4a6d-8da4-b79d6d983787,prca05,likert5,1,1,True,validated,0
bc36451f-885d-4a6d-8da4-b79d6d983787,prca06,likert5,5,1,True,validated,1
bc36451f-885d-4a6d-8da4-b79d6d983787,prca13,likert5,1,1,True,validated,0
bc36451f-885d-4a6d-8da4-b79d6d983787,prca14,likert5,3,3,True,validated,1
bc36451f-885d-4a6d-8da4-b79d6d983787,prca15,likert5,1,1,True,validated,0
bc36451f-885d-4a6d-8da4-b79d6d983787,prca16,likert5,4,2,True,validated,1
bc36451f-885d-4a6d-8da4-b79d6d983787,prca17,likert5,5,1,True,validated,1
bc36451f-885d-4a6d-8da4-b79d6d983787,prca18,likert5,4,4,True,validated,0
